location,reference_date,horizon,target_end_date,target,output_type,output_type_id,value
01,2026-10-03,0,2026-10-03,wk inc covid hosp,quantile,0.01,59.66876116599578
02,2026-10-03,0,2026-10-03,wk inc covid hosp,quantile,0.01,0.0
04,2026-10-03,0,2026-10-03,wk inc covid hosp,quantile,0.01,29.32028300547827
05,2026-10-03,0,2026-10-03,wk inc covid hosp,quantile,0.01,4.8127314591551995
06,2026-10-03,0,2026-10-03,wk inc covid hosp,quantile,0.01,790.4545596856937
08,2026-10-03,0,2026-10-03,wk inc covid hosp,quantile,0.01,11.853619943973019
09,2026-10-03,0,2026-10-03,wk inc covid hosp,quantile,0.01,7.267759194623314
10,2026-10-03,0,2026-10-03,wk inc covid hosp,quantile,0.01,3.1198214861573925
11,2026-10-03,0,2026-10-03,wk inc covid hosp,quantile,0.01,1.0878902539858004
12,2026-10-03,0,2026-10-03,wk inc covid hosp,quantile,0.01,282.49809147211494
13,2026-10-03,0,2026-10-03,wk inc covid hosp,quantile,0.01,42.684708372728934
15,2026-10-03,0,2026-10-03,wk inc covid hosp,quantile,0.01,23.778254311971548
16,2026-10-03,0,2026-10-03,wk inc covid hosp,quantile,0.01,4.738739955440246
17,2026-10-03,0,2026-10-03,wk inc covid hosp,quantile,0.01,28.857628444310603
18,2026-10-03,0,2026-10-03,wk inc covid hosp,quantile,0.01,3.1466867016036266
19,2026-10-03,0,2026-10-03,wk inc covid hosp,quantile,0.01,2.093586922126642
20,2026-10-03,0,2026-10-03,wk inc covid hosp,quantile,0.01,0.0
21,2026-10-03,0,2026-10-03,wk inc covid hosp,quantile,0.01,0.0
22,2026-10-03,0,2026-10-03,wk inc covid hosp,quantile,0.01,43.396366813901366
23,2026-10-03,0,2026-10-03,wk inc covid hosp,quantile,0.01,0.0
24,2026-10-03,0,2026-10-03,wk inc covid hosp,quantile,0.01,17.741054265322703
25,2026-10-03,0,2026-10-03,wk inc covid hosp,quantile,0.01,21.18205790993514
26,2026-10-03,0,2026-10-03,wk inc covid hosp,quantile,0.01,2.021641296644377
27,2026-10-03,0,2026-10-03,wk inc covid hosp,quantile,0.01,10.25174576286105
28,2026-10-03,0,2026-10-03,wk inc covid hosp,quantile,0.01,4.958140376974592
29,2026-10-03,0,2026-10-03,wk inc covid hosp,quantile,0.01,17.56636559890787
30,2026-10-03,0,2026-10-03,wk inc covid hosp,quantile,0.01,0.0
31,2026-10-03,0,2026-10-03,wk inc covid hosp,quantile,0.01,0.0
32,2026-10-03,0,2026-10-03,wk inc covid hosp,quantile,0.01,12.12117921838413
33,2026-10-03,0,2026-10-03,wk inc covid hosp,quantile,0.01,4.350310506435923
34,2026-10-03,0,2026-10-03,wk inc covid hosp,quantile,0.01,68.49240558654112
35,2026-10-03,0,2026-10-03,wk inc covid hosp,quantile,0.01,0.0
36,2026-10-03,0,2026-10-03,wk inc covid hosp,quantile,0.01,188.40615271923912
37,2026-10-03,0,2026-10-03,wk inc covid hosp,quantile,0.01,112.70718956199332
38,2026-10-03,0,2026-10-03,wk inc covid hosp,quantile,0.01,0.0
39,2026-10-03,0,2026-10-03,wk inc covid hosp,quantile,0.01,19.85533277054999
40,2026-10-03,0,2026-10-03,wk inc covid hosp,quantile,0.01,0.5432393261636852
41,2026-10-03,0,2026-10-03,wk inc covid hosp,quantile,0.01,25.30682262327535
42,2026-10-03,0,2026-10-03,wk inc covid hosp,quantile,0.01,82.68790515107627
44,2026-10-03,0,2026-10-03,wk inc covid hosp,quantile,0.01,0.08545909864565401
45,2026-10-03,0,2026-10-03,wk inc covid hosp,quantile,0.01,32.33794164820225
46,2026-10-03,0,2026-10-03,wk inc covid hosp,quantile,0.01,0.0
47,2026-10-03,0,2026-10-03,wk inc covid hosp,quantile,0.01,18.16596752136327
48,2026-10-03,0,2026-10-03,wk inc covid hosp,quantile,0.01,226.46191507653356
49,2026-10-03,0,2026-10-03,wk inc covid hosp,quantile,0.01,6.855024203700408
50,2026-10-03,0,2026-10-03,wk inc covid hosp,quantile,0.01,0.8944402645375434
51,2026-10-03,0,2026-10-03,wk inc covid hosp,quantile,0.01,18.328191064405086
53,2026-10-03,0,2026-10-03,wk inc covid hosp,quantile,0.01,136.14154829544776
54,2026-10-03,0,2026-10-03,wk inc covid hosp,quantile,0.01,9.210703848107824
55,2026-10-03,0,2026-10-03,wk inc covid hosp,quantile,0.01,7.499362500255187
56,2026-10-03,0,2026-10-03,wk inc covid hosp,quantile,0.01,0.0
72,2026-10-03,0,2026-10-03,wk inc covid hosp,quantile,0.01,32.296139870405334
US,2026-10-03,0,2026-10-03,wk inc covid hosp,quantile,0.01,3099.4080913347475
01,2026-10-03,1,2026-10-10,wk inc covid hosp,quantile,0.01,49.5173261155506
02,2026-10-03,1,2026-10-10,wk inc covid hosp,quantile,0.01,0.0
04,2026-10-03,1,2026-10-10,wk inc covid hosp,quantile,0.01,19.370848692133688
05,2026-10-03,1,2026-10-10,wk inc covid hosp,quantile,0.01,1.0728770413792204
06,2026-10-03,1,2026-10-10,wk inc covid hosp,quantile,0.01,695.5226392136359
08,2026-10-03,1,2026-10-10,wk inc covid hosp,quantile,0.01,6.044606529365641
09,2026-10-03,1,2026-10-10,wk inc covid hosp,quantile,0.01,3.3586585870171337
10,2026-10-03,1,2026-10-10,wk inc covid hosp,quantile,0.01,1.3911957591228905
11,2026-10-03,1,2026-10-10,wk inc covid hosp,quantile,0.01,0.0
12,2026-10-03,1,2026-10-10,wk inc covid hosp,quantile,0.01,191.50784748996935
13,2026-10-03,1,2026-10-10,wk inc covid hosp,quantile,0.01,27.194045037743408
15,2026-10-03,1,2026-10-10,wk inc covid hosp,quantile,0.01,18.856769307646637
16,2026-10-03,1,2026-10-10,wk inc covid hosp,quantile,0.01,2.2243967854596405
17,2026-10-03,1,2026-10-10,wk inc covid hosp,quantile,0.01,18.849019238013906
18,2026-10-03,1,2026-10-10,wk inc covid hosp,quantile,0.01,0.0
19,2026-10-03,1,2026-10-10,wk inc covid hosp,quantile,0.01,0.1400402599676512
20,2026-10-03,1,2026-10-10,wk inc covid hosp,quantile,0.01,0.0
21,2026-10-03,1,2026-10-10,wk inc covid hosp,quantile,0.01,0.0
22,2026-10-03,1,2026-10-10,wk inc covid hosp,quantile,0.01,31.014702422037356
23,2026-10-03,1,2026-10-10,wk inc covid hosp,quantile,0.01,0.0
24,2026-10-03,1,2026-10-10,wk inc covid hosp,quantile,0.01,10.502689827712794
25,2026-10-03,1,2026-10-10,wk inc covid hosp,quantile,0.01,16.055121177492744
26,2026-10-03,1,2026-10-10,wk inc covid hosp,quantile,0.01,0.0
27,2026-10-03,1,2026-10-10,wk inc covid hosp,quantile,0.01,7.018701373049835
28,2026-10-03,1,2026-10-10,wk inc covid hosp,quantile,0.01,0.5471580900188467
29,2026-10-03,1,2026-10-10,wk inc covid hosp,quantile,0.01,10.506355311695504
30,2026-10-03,1,2026-10-10,wk inc covid hosp,quantile,0.01,0.0
31,2026-10-03,1,2026-10-10,wk inc covid hosp,quantile,0.01,0.0
32,2026-10-03,1,2026-10-10,wk inc covid hosp,quantile,0.01,8.811175739519836
33,2026-10-03,1,2026-10-10,wk inc covid hosp,quantile,0.01,2.3527501119179335
34,2026-10-03,1,2026-10-10,wk inc covid hosp,quantile,0.01,52.31695115528002
35,2026-10-03,1,2026-10-10,wk inc covid hosp,quantile,0.01,0.0
36,2026-10-03,1,2026-10-10,wk inc covid hosp,quantile,0.01,166.1628406075414
37,2026-10-03,1,2026-10-10,wk inc covid hosp,quantile,0.01,89.84786269293564
38,2026-10-03,1,2026-10-10,wk inc covid hosp,quantile,0.01,0.0
39,2026-10-03,1,2026-10-10,wk inc covid hosp,quantile,0.01,6.426087764870889
40,2026-10-03,1,2026-10-10,wk inc covid hosp,quantile,0.01,0.0
41,2026-10-03,1,2026-10-10,wk inc covid hosp,quantile,0.01,17.84947669051847
42,2026-10-03,1,2026-10-10,wk inc covid hosp,quantile,0.01,61.208527550580754
44,2026-10-03,1,2026-10-10,wk inc covid hosp,quantile,0.01,0.0
45,2026-10-03,1,2026-10-10,wk inc covid hosp,quantile,0.01,22.467805703701693
46,2026-10-03,1,2026-10-10,wk inc covid hosp,quantile,0.01,0.0
47,2026-10-03,1,2026-10-10,wk inc covid hosp,quantile,0.01,6.887137001213061
48,2026-10-03,1,2026-10-10,wk inc covid hosp,quantile,0.01,142.02682619005728
49,2026-10-03,1,2026-10-10,wk inc covid hosp,quantile,0.01,3.020222187171171
50,2026-10-03,1,2026-10-10,wk inc covid hosp,quantile,0.01,0.0
51,2026-10-03,1,2026-10-10,wk inc covid hosp,quantile,0.01,10.386992986833812
53,2026-10-03,1,2026-10-10,wk inc covid hosp,quantile,0.01,125.72838312257576
54,2026-10-03,1,2026-10-10,wk inc covid hosp,quantile,0.01,7.612956947433859
55,2026-10-03,1,2026-10-10,wk inc covid hosp,quantile,0.01,2.2469569814832164
56,2026-10-03,1,2026-10-10,wk inc covid hosp,quantile,0.01,0.0
72,2026-10-03,1,2026-10-10,wk inc covid hosp,quantile,0.01,17.772999654119065
US,2026-10-03,1,2026-10-10,wk inc covid hosp,quantile,0.01,2779.301539396691
01,2026-10-03,2,2026-10-17,wk inc covid hosp,quantile,0.01,38.41134344688963
02,2026-10-03,2,2026-10-17,wk inc covid hosp,quantile,0.01,0.0
04,2026-10-03,2,2026-10-17,wk inc covid hosp,quantile,0.01,8.736846743085232
05,2026-10-03,2,2026-10-17,wk inc covid hosp,quantile,0.01,0.0
06,2026-10-03,2,2026-10-17,wk inc covid hosp,quantile,0.01,631.3548621058251
08,2026-10-03,2,2026-10-17,wk inc covid hosp,quantile,0.01,4.3439248682279565
09,2026-10-03,2,2026-10-17,wk inc covid hosp,quantile,0.01,0.0
10,2026-10-03,2,2026-10-17,wk inc covid hosp,quantile,0.01,0.1914451303821975
11,2026-10-03,2,2026-10-17,wk inc covid hosp,quantile,0.01,0.0
12,2026-10-03,2,2026-10-17,wk inc covid hosp,quantile,0.01,103.40342560732618
13,2026-10-03,2,2026-10-17,wk inc covid hosp,quantile,0.01,15.526325194325109
15,2026-10-03,2,2026-10-17,wk inc covid hosp,quantile,0.01,12.764227556357637
16,2026-10-03,2,2026-10-17,wk inc covid hosp,quantile,0.01,0.2584442188675408
17,2026-10-03,2,2026-10-17,wk inc covid hosp,quantile,0.01,11.839776102977277
18,2026-10-03,2,2026-10-17,wk inc covid hosp,quantile,0.01,0.0
19,2026-10-03,2,2026-10-17,wk inc covid hosp,quantile,0.01,0.0
20,2026-10-03,2,2026-10-17,wk inc covid hosp,quantile,0.01,0.0
21,2026-10-03,2,2026-10-17,wk inc covid hosp,quantile,0.01,0.0
22,2026-10-03,2,2026-10-17,wk inc covid hosp,quantile,0.01,23.370924460213036
23,2026-10-03,2,2026-10-17,wk inc covid hosp,quantile,0.01,0.0
24,2026-10-03,2,2026-10-17,wk inc covid hosp,quantile,0.01,6.4581741974339835
25,2026-10-03,2,2026-10-17,wk inc covid hosp,quantile,0.01,10.952494484766023
26,2026-10-03,2,2026-10-17,wk inc covid hosp,quantile,0.01,0.0
27,2026-10-03,2,2026-10-17,wk inc covid hosp,quantile,0.01,3.377713638491559
28,2026-10-03,2,2026-10-17,wk inc covid hosp,quantile,0.01,0.0
29,2026-10-03,2,2026-10-17,wk inc covid hosp,quantile,0.01,8.165794844304665
30,2026-10-03,2,2026-10-17,wk inc covid hosp,quantile,0.01,0.0
31,2026-10-03,2,2026-10-17,wk inc covid hosp,quantile,0.01,0.0
32,2026-10-03,2,2026-10-17,wk inc covid hosp,quantile,0.01,4.7666171810809566
33,2026-10-03,2,2026-10-17,wk inc covid hosp,quantile,0.01,1.3452113641904093
34,2026-10-03,2,2026-10-17,wk inc covid hosp,quantile,0.01,30.866191552321855
35,2026-10-03,2,2026-10-17,wk inc covid hosp,quantile,0.01,0.0
36,2026-10-03,2,2026-10-17,wk inc covid hosp,quantile,0.01,139.80963218712392
37,2026-10-03,2,2026-10-17,wk inc covid hosp,quantile,0.01,70.62501558156859
38,2026-10-03,2,2026-10-17,wk inc covid hosp,quantile,0.01,0.0
39,2026-10-03,2,2026-10-17,wk inc covid hosp,quantile,0.01,2.487666943006697
40,2026-10-03,2,2026-10-17,wk inc covid hosp,quantile,0.01,0.0
41,2026-10-03,2,2026-10-17,wk inc covid hosp,quantile,0.01,15.556422786994819
42,2026-10-03,2,2026-10-17,wk inc covid hosp,quantile,0.01,47.13612559373205
44,2026-10-03,2,2026-10-17,wk inc covid hosp,quantile,0.01,0.0
45,2026-10-03,2,2026-10-17,wk inc covid hosp,quantile,0.01,16.928115886104518
46,2026-10-03,2,2026-10-17,wk inc covid hosp,quantile,0.01,0.0
47,2026-10-03,2,2026-10-17,wk inc covid hosp,quantile,0.01,0.0
48,2026-10-03,2,2026-10-17,wk inc covid hosp,quantile,0.01,84.2170127249061
49,2026-10-03,2,2026-10-17,wk inc covid hosp,quantile,0.01,0.0
50,2026-10-03,2,2026-10-17,wk inc covid hosp,quantile,0.01,0.0
51,2026-10-03,2,2026-10-17,wk inc covid hosp,quantile,0.01,5.858684318729693
53,2026-10-03,2,2026-10-17,wk inc covid hosp,quantile,0.01,112.95466936886875
54,2026-10-03,2,2026-10-17,wk inc covid hosp,quantile,0.01,4.066172181419876
55,2026-10-03,2,2026-10-17,wk inc covid hosp,quantile,0.01,0.30755347587245285
56,2026-10-03,2,2026-10-17,wk inc covid hosp,quantile,0.01,0.0
72,2026-10-03,2,2026-10-17,wk inc covid hosp,quantile,0.01,8.178506014917117
US,2026-10-03,2,2026-10-17,wk inc covid hosp,quantile,0.01,2539.3396539942
01,2026-10-03,3,2026-10-24,wk inc covid hosp,quantile,0.01,30.282079166312414
02,2026-10-03,3,2026-10-24,wk inc covid hosp,quantile,0.01,0.0
04,2026-10-03,3,2026-10-24,wk inc covid hosp,quantile,0.01,2.654286655558326
05,2026-10-03,3,2026-10-24,wk inc covid hosp,quantile,0.01,0.0
06,2026-10-03,3,2026-10-24,wk inc covid hosp,quantile,0.01,554.2071349212576
08,2026-10-03,3,2026-10-24,wk inc covid hosp,quantile,0.01,0.534439815431112
09,2026-10-03,3,2026-10-24,wk inc covid hosp,quantile,0.01,0.0
10,2026-10-03,3,2026-10-24,wk inc covid hosp,quantile,0.01,0.0
11,2026-10-03,3,2026-10-24,wk inc covid hosp,quantile,0.01,0.0
12,2026-10-03,3,2026-10-24,wk inc covid hosp,quantile,0.01,85.22212730896874
13,2026-10-03,3,2026-10-24,wk inc covid hosp,quantile,0.01,6.62157849008429
15,2026-10-03,3,2026-10-24,wk inc covid hosp,quantile,0.01,10.097153807609997
16,2026-10-03,3,2026-10-24,wk inc covid hosp,quantile,0.01,0.0
17,2026-10-03,3,2026-10-24,wk inc covid hosp,quantile,0.01,4.516092622725208
18,2026-10-03,3,2026-10-24,wk inc covid hosp,quantile,0.01,0.0
19,2026-10-03,3,2026-10-24,wk inc covid hosp,quantile,0.01,0.0
20,2026-10-03,3,2026-10-24,wk inc covid hosp,quantile,0.01,0.0
21,2026-10-03,3,2026-10-24,wk inc covid hosp,quantile,0.01,0.0
22,2026-10-03,3,2026-10-24,wk inc covid hosp,quantile,0.01,16.547727055418356
23,2026-10-03,3,2026-10-24,wk inc covid hosp,quantile,0.01,0.0
24,2026-10-03,3,2026-10-24,wk inc covid hosp,quantile,0.01,2.5772555471867804
25,2026-10-03,3,2026-10-24,wk inc covid hosp,quantile,0.01,7.2535457703030195
26,2026-10-03,3,2026-10-24,wk inc covid hosp,quantile,0.01,0.0
27,2026-10-03,3,2026-10-24,wk inc covid hosp,quantile,0.01,1.0401304383085899
28,2026-10-03,3,2026-10-24,wk inc covid hosp,quantile,0.01,0.0
29,2026-10-03,3,2026-10-24,wk inc covid hosp,quantile,0.01,3.122485999986507
30,2026-10-03,3,2026-10-24,wk inc covid hosp,quantile,0.01,0.0
31,2026-10-03,3,2026-10-24,wk inc covid hosp,quantile,0.01,0.0
32,2026-10-03,3,2026-10-24,wk inc covid hosp,quantile,0.01,2.518098261185298
33,2026-10-03,3,2026-10-24,wk inc covid hosp,quantile,0.01,0.0
34,2026-10-03,3,2026-10-24,wk inc covid hosp,quantile,0.01,23.63977731212378
35,2026-10-03,3,2026-10-24,wk inc covid hosp,quantile,0.01,0.0
36,2026-10-03,3,2026-10-24,wk inc covid hosp,quantile,0.01,129.22313371931727
37,2026-10-03,3,2026-10-24,wk inc covid hosp,quantile,0.01,55.25400141691598
38,2026-10-03,3,2026-10-24,wk inc covid hosp,quantile,0.01,0.0
39,2026-10-03,3,2026-10-24,wk inc covid hosp,quantile,0.01,0.0
40,2026-10-03,3,2026-10-24,wk inc covid hosp,quantile,0.01,0.0
41,2026-10-03,3,2026-10-24,wk inc covid hosp,quantile,0.01,12.08349643093485
42,2026-10-03,3,2026-10-24,wk inc covid hosp,quantile,0.01,34.03940512767864
44,2026-10-03,3,2026-10-24,wk inc covid hosp,quantile,0.01,0.0
45,2026-10-03,3,2026-10-24,wk inc covid hosp,quantile,0.01,10.244887060676096
46,2026-10-03,3,2026-10-24,wk inc covid hosp,quantile,0.01,0.0
47,2026-10-03,3,2026-10-24,wk inc covid hosp,quantile,0.01,0.0
48,2026-10-03,3,2026-10-24,wk inc covid hosp,quantile,0.01,56.524754882104496
49,2026-10-03,3,2026-10-24,wk inc covid hosp,quantile,0.01,0.0
50,2026-10-03,3,2026-10-24,wk inc covid hosp,quantile,0.01,0.0
51,2026-10-03,3,2026-10-24,wk inc covid hosp,quantile,0.01,0.0
53,2026-10-03,3,2026-10-24,wk inc covid hosp,quantile,0.01,96.818433197186
54,2026-10-03,3,2026-10-24,wk inc covid hosp,quantile,0.01,2.8773444179338044
55,2026-10-03,3,2026-10-24,wk inc covid hosp,quantile,0.01,0.0
56,2026-10-03,3,2026-10-24,wk inc covid hosp,quantile,0.01,0.0
72,2026-10-03,3,2026-10-24,wk inc covid hosp,quantile,0.01,0.8745687869819097
US,2026-10-03,3,2026-10-24,wk inc covid hosp,quantile,0.01,2378.8206365209116
01,2026-10-03,0,2026-10-03,wk inc covid hosp,quantile,0.025,66.10132400787056
02,2026-10-03,0,2026-10-03,wk inc covid hosp,quantile,0.025,0.0
04,2026-10-03,0,2026-10-03,wk inc covid hosp,quantile,0.025,34.697482519407465
05,2026-10-03,0,2026-10-03,wk inc covid hosp,quantile,0.025,6.69415220545815
06,2026-10-03,0,2026-10-03,wk inc covid hosp,quantile,0.025,828.9365620514858
08,2026-10-03,0,2026-10-03,wk inc covid hosp,quantile,0.025,15.3947883314293
09,2026-10-03,0,2026-10-03,wk inc covid hosp,quantile,0.025,11.302587017281736
10,2026-10-03,0,2026-10-03,wk inc covid hosp,quantile,0.025,4.499165559062167
11,2026-10-03,0,2026-10-03,wk inc covid hosp,quantile,0.025,1.9094812014096407
12,2026-10-03,0,2026-10-03,wk inc covid hosp,quantile,0.025,312.35699005156187
13,2026-10-03,0,2026-10-03,wk inc covid hosp,quantile,0.025,47.01755394867665
15,2026-10-03,0,2026-10-03,wk inc covid hosp,quantile,0.025,26.64585656319461
16,2026-10-03,0,2026-10-03,wk inc covid hosp,quantile,0.025,6.445248668326991
17,2026-10-03,0,2026-10-03,wk inc covid hosp,quantile,0.025,34.14928148478196
18,2026-10-03,0,2026-10-03,wk inc covid hosp,quantile,0.025,5.1745746005534725
19,2026-10-03,0,2026-10-03,wk inc covid hosp,quantile,0.025,4.029230971201155
20,2026-10-03,0,2026-10-03,wk inc covid hosp,quantile,0.025,0.0
21,2026-10-03,0,2026-10-03,wk inc covid hosp,quantile,0.025,1.1480011970459048
22,2026-10-03,0,2026-10-03,wk inc covid hosp,quantile,0.025,50.146644264688135
23,2026-10-03,0,2026-10-03,wk inc covid hosp,quantile,0.025,0.4032305500499839
24,2026-10-03,0,2026-10-03,wk inc covid hosp,quantile,0.025,21.129714411445576
25,2026-10-03,0,2026-10-03,wk inc covid hosp,quantile,0.025,24.493953174298493
26,2026-10-03,0,2026-10-03,wk inc covid hosp,quantile,0.025,7.659066922121454
27,2026-10-03,0,2026-10-03,wk inc covid hosp,quantile,0.025,12.848743674104997
28,2026-10-03,0,2026-10-03,wk inc covid hosp,quantile,0.025,7.564104367193405
29,2026-10-03,0,2026-10-03,wk inc covid hosp,quantile,0.025,20.8899516914787
30,2026-10-03,0,2026-10-03,wk inc covid hosp,quantile,0.025,0.0
31,2026-10-03,0,2026-10-03,wk inc covid hosp,quantile,0.025,0.0
32,2026-10-03,0,2026-10-03,wk inc covid hosp,quantile,0.025,14.764177346143054
33,2026-10-03,0,2026-10-03,wk inc covid hosp,quantile,0.025,5.6223611071801045
34,2026-10-03,0,2026-10-03,wk inc covid hosp,quantile,0.025,76.76031138184442
35,2026-10-03,0,2026-10-03,wk inc covid hosp,quantile,0.025,0.0
36,2026-10-03,0,2026-10-03,wk inc covid hosp,quantile,0.025,202.67409929268445
37,2026-10-03,0,2026-10-03,wk inc covid hosp,quantile,0.025,123.24566378840352
38,2026-10-03,0,2026-10-03,wk inc covid hosp,quantile,0.025,0.0
39,2026-10-03,0,2026-10-03,wk inc covid hosp,quantile,0.025,23.906034516463208
40,2026-10-03,0,2026-10-03,wk inc covid hosp,quantile,0.025,2.342900791248452
41,2026-10-03,0,2026-10-03,wk inc covid hosp,quantile,0.025,29.51715003205622
42,2026-10-03,0,2026-10-03,wk inc covid hosp,quantile,0.025,96.48496544925206
44,2026-10-03,0,2026-10-03,wk inc covid hosp,quantile,0.025,0.8651794079956319
45,2026-10-03,0,2026-10-03,wk inc covid hosp,quantile,0.025,38.87742602677868
46,2026-10-03,0,2026-10-03,wk inc covid hosp,quantile,0.025,0.0
47,2026-10-03,0,2026-10-03,wk inc covid hosp,quantile,0.025,22.650053557981405
48,2026-10-03,0,2026-10-03,wk inc covid hosp,quantile,0.025,250.02336437575792
49,2026-10-03,0,2026-10-03,wk inc covid hosp,quantile,0.025,9.344539705346172
50,2026-10-03,0,2026-10-03,wk inc covid hosp,quantile,0.025,1.598780320497108
51,2026-10-03,0,2026-10-03,wk inc covid hosp,quantile,0.025,21.852378209745595
53,2026-10-03,0,2026-10-03,wk inc covid hosp,quantile,0.025,143.75721792119683
54,2026-10-03,0,2026-10-03,wk inc covid hosp,quantile,0.025,11.085828781061748
55,2026-10-03,0,2026-10-03,wk inc covid hosp,quantile,0.025,11.06452202778716
56,2026-10-03,0,2026-10-03,wk inc covid hosp,quantile,0.025,0.0
72,2026-10-03,0,2026-10-03,wk inc covid hosp,quantile,0.025,38.906568719236034
US,2026-10-03,0,2026-10-03,wk inc covid hosp,quantile,0.025,3335.007872997356
01,2026-10-03,1,2026-10-10,wk inc covid hosp,quantile,0.025,57.067550718683194
02,2026-10-03,1,2026-10-10,wk inc covid hosp,quantile,0.025,0.0
04,2026-10-03,1,2026-10-10,wk inc covid hosp,quantile,0.025,25.40470255178481
05,2026-10-03,1,2026-10-10,wk inc covid hosp,quantile,0.025,3.8064781016337683
06,2026-10-03,1,2026-10-10,wk inc covid hosp,quantile,0.025,751.2084509377677
08,2026-10-03,1,2026-10-10,wk inc covid hosp,quantile,0.025,10.995944429227645
09,2026-10-03,1,2026-10-10,wk inc covid hosp,quantile,0.025,6.183374925080262
10,2026-10-03,1,2026-10-10,wk inc covid hosp,quantile,0.025,2.547771386122969
11,2026-10-03,1,2026-10-10,wk inc covid hosp,quantile,0.025,0.5913146912414624
12,2026-10-03,1,2026-10-10,wk inc covid hosp,quantile,0.025,232.38253267341838
13,2026-10-03,1,2026-10-10,wk inc covid hosp,quantile,0.025,35.10718741932906
15,2026-10-03,1,2026-10-10,wk inc covid hosp,quantile,0.025,22.23690580878022
16,2026-10-03,1,2026-10-10,wk inc covid hosp,quantile,0.025,4.283375670977708
17,2026-10-03,1,2026-10-10,wk inc covid hosp,quantile,0.025,26.60318191999748
18,2026-10-03,1,2026-10-10,wk inc covid hosp,quantile,0.025,1.2241516035097255
19,2026-10-03,1,2026-10-10,wk inc covid hosp,quantile,0.025,1.8715785850668059
20,2026-10-03,1,2026-10-10,wk inc covid hosp,quantile,0.025,0.0
21,2026-10-03,1,2026-10-10,wk inc covid hosp,quantile,0.025,0.0
22,2026-10-03,1,2026-10-10,wk inc covid hosp,quantile,0.025,37.0484755398957
23,2026-10-03,1,2026-10-10,wk inc covid hosp,quantile,0.025,0.0
24,2026-10-03,1,2026-10-10,wk inc covid hosp,quantile,0.025,15.15043368273115
25,2026-10-03,1,2026-10-10,wk inc covid hosp,quantile,0.025,20.98425541231207
26,2026-10-03,1,2026-10-10,wk inc covid hosp,quantile,0.025,0.0
27,2026-10-03,1,2026-10-10,wk inc covid hosp,quantile,0.025,9.962674154896712
28,2026-10-03,1,2026-10-10,wk inc covid hosp,quantile,0.025,3.117852616168895
29,2026-10-03,1,2026-10-10,wk inc covid hosp,quantile,0.025,14.956035737281013
30,2026-10-03,1,2026-10-10,wk inc covid hosp,quantile,0.025,0.0
31,2026-10-03,1,2026-10-10,wk inc covid hosp,quantile,0.025,0.0
32,2026-10-03,1,2026-10-10,wk inc covid hosp,quantile,0.025,11.32015239989623
33,2026-10-03,1,2026-10-10,wk inc covid hosp,quantile,0.025,4.068018106100383
34,2026-10-03,1,2026-10-10,wk inc covid hosp,quantile,0.025,60.605131024500096
35,2026-10-03,1,2026-10-10,wk inc covid hosp,quantile,0.025,0.0
36,2026-10-03,1,2026-10-10,wk inc covid hosp,quantile,0.025,188.72266107984365
37,2026-10-03,1,2026-10-10,wk inc covid hosp,quantile,0.025,106.12771492212728
38,2026-10-03,1,2026-10-10,wk inc covid hosp,quantile,0.025,0.0
39,2026-10-03,1,2026-10-10,wk inc covid hosp,quantile,0.025,15.96714858322696
40,2026-10-03,1,2026-10-10,wk inc covid hosp,quantile,0.025,0.0
41,2026-10-03,1,2026-10-10,wk inc covid hosp,quantile,0.025,24.084952013454615
42,2026-10-03,1,2026-10-10,wk inc covid hosp,quantile,0.025,82.53058580928783
44,2026-10-03,1,2026-10-10,wk inc covid hosp,quantile,0.025,0.0
45,2026-10-03,1,2026-10-10,wk inc covid hosp,quantile,0.025,29.165220929236845
46,2026-10-03,1,2026-10-10,wk inc covid hosp,quantile,0.025,0.0
47,2026-10-03,1,2026-10-10,wk inc covid hosp,quantile,0.025,13.520641254805568
48,2026-10-03,1,2026-10-10,wk inc covid hosp,quantile,0.025,182.30356516308493
49,2026-10-03,1,2026-10-10,wk inc covid hosp,quantile,0.025,5.367036631415442
50,2026-10-03,1,2026-10-10,wk inc covid hosp,quantile,0.025,0.5196858151571945
51,2026-10-03,1,2026-10-10,wk inc covid hosp,quantile,0.025,16.869548767760598
53,2026-10-03,1,2026-10-10,wk inc covid hosp,quantile,0.025,137.9197394487386
54,2026-10-03,1,2026-10-10,wk inc covid hosp,quantile,0.025,9.863655452235502
55,2026-10-03,1,2026-10-10,wk inc covid hosp,quantile,0.025,6.481637498939736
56,2026-10-03,1,2026-10-10,wk inc covid hosp,quantile,0.025,0.0
72,2026-10-03,1,2026-10-10,wk inc covid hosp,quantile,0.025,22.17158222874422
US,2026-10-03,1,2026-10-10,wk inc covid hosp,quantile,0.025,3089.7073520163353
01,2026-10-03,2,2026-10-17,wk inc covid hosp,quantile,0.025,46.18116331045924
02,2026-10-03,2,2026-10-17,wk inc covid hosp,quantile,0.025,0.0
04,2026-10-03,2,2026-10-17,wk inc covid hosp,quantile,0.025,17.468667741899424
05,2026-10-03,2,2026-10-17,wk inc covid hosp,quantile,0.025,1.1598397749217844
06,2026-10-03,2,2026-10-17,wk inc covid hosp,quantile,0.025,689.2296632517059
08,2026-10-03,2,2026-10-17,wk inc covid hosp,quantile,0.025,7.304322059525476
09,2026-10-03,2,2026-10-17,wk inc covid hosp,quantile,0.025,3.623465617093215
10,2026-10-03,2,2026-10-17,wk inc covid hosp,quantile,0.025,1.534347165120804
11,2026-10-03,2,2026-10-17,wk inc covid hosp,quantile,0.025,0.0
12,2026-10-03,2,2026-10-17,wk inc covid hosp,quantile,0.025,173.3148367270818
13,2026-10-03,2,2026-10-17,wk inc covid hosp,quantile,0.025,24.139750487311492
15,2026-10-03,2,2026-10-17,wk inc covid hosp,quantile,0.025,17.451206657114437
16,2026-10-03,2,2026-10-17,wk inc covid hosp,quantile,0.025,2.2309670409619797
17,2026-10-03,2,2026-10-17,wk inc covid hosp,quantile,0.025,21.948479819256505
18,2026-10-03,2,2026-10-17,wk inc covid hosp,quantile,0.025,0.0
19,2026-10-03,2,2026-10-17,wk inc covid hosp,quantile,0.025,0.0
20,2026-10-03,2,2026-10-17,wk inc covid hosp,quantile,0.025,0.0
21,2026-10-03,2,2026-10-17,wk inc covid hosp,quantile,0.025,0.0
22,2026-10-03,2,2026-10-17,wk inc covid hosp,quantile,0.025,29.54630386663723
23,2026-10-03,2,2026-10-17,wk inc covid hosp,quantile,0.025,0.0
24,2026-10-03,2,2026-10-17,wk inc covid hosp,quantile,0.025,11.39353772208459
25,2026-10-03,2,2026-10-17,wk inc covid hosp,quantile,0.025,16.13168395137621
26,2026-10-03,2,2026-10-17,wk inc covid hosp,quantile,0.025,0.0
27,2026-10-03,2,2026-10-17,wk inc covid hosp,quantile,0.025,6.995760501766679
28,2026-10-03,2,2026-10-17,wk inc covid hosp,quantile,0.025,0.7911325390545333
29,2026-10-03,2,2026-10-17,wk inc covid hosp,quantile,0.025,13.414536748369223
30,2026-10-03,2,2026-10-17,wk inc covid hosp,quantile,0.025,0.0
31,2026-10-03,2,2026-10-17,wk inc covid hosp,quantile,0.025,0.0
32,2026-10-03,2,2026-10-17,wk inc covid hosp,quantile,0.025,7.001668738681877
33,2026-10-03,2,2026-10-17,wk inc covid hosp,quantile,0.025,2.8669226584305094
34,2026-10-03,2,2026-10-17,wk inc covid hosp,quantile,0.025,47.492346428245995
35,2026-10-03,2,2026-10-17,wk inc covid hosp,quantile,0.025,0.0
36,2026-10-03,2,2026-10-17,wk inc covid hosp,quantile,0.025,175.57688564852103
37,2026-10-03,2,2026-10-17,wk inc covid hosp,quantile,0.025,84.90740058324307
38,2026-10-03,2,2026-10-17,wk inc covid hosp,quantile,0.025,0.0
39,2026-10-03,2,2026-10-17,wk inc covid hosp,quantile,0.025,10.256141101854935
40,2026-10-03,2,2026-10-17,wk inc covid hosp,quantile,0.025,0.0
41,2026-10-03,2,2026-10-17,wk inc covid hosp,quantile,0.025,21.04998641517183
42,2026-10-03,2,2026-10-17,wk inc covid hosp,quantile,0.025,65.80160719723688
44,2026-10-03,2,2026-10-17,wk inc covid hosp,quantile,0.025,0.0
45,2026-10-03,2,2026-10-17,wk inc covid hosp,quantile,0.025,21.71352826528172
46,2026-10-03,2,2026-10-17,wk inc covid hosp,quantile,0.025,0.0
47,2026-10-03,2,2026-10-17,wk inc covid hosp,quantile,0.025,5.965377067821342
48,2026-10-03,2,2026-10-17,wk inc covid hosp,quantile,0.025,130.7406525078703
49,2026-10-03,2,2026-10-17,wk inc covid hosp,quantile,0.025,3.023352766580074
50,2026-10-03,2,2026-10-17,wk inc covid hosp,quantile,0.025,0.0
51,2026-10-03,2,2026-10-17,wk inc covid hosp,quantile,0.025,10.832262048865685
53,2026-10-03,2,2026-10-17,wk inc covid hosp,quantile,0.025,128.00170423084495
54,2026-10-03,2,2026-10-17,wk inc covid hosp,quantile,0.025,6.4169498287809885
55,2026-10-03,2,2026-10-17,wk inc covid hosp,quantile,0.025,3.4519347651441534
56,2026-10-03,2,2026-10-17,wk inc covid hosp,quantile,0.025,0.0
72,2026-10-03,2,2026-10-17,wk inc covid hosp,quantile,0.025,16.022422122369765
US,2026-10-03,2,2026-10-17,wk inc covid hosp,quantile,0.025,2933.645437581677
01,2026-10-03,3,2026-10-24,wk inc covid hosp,quantile,0.025,39.578899082685126
02,2026-10-03,3,2026-10-24,wk inc covid hosp,quantile,0.025,0.0
04,2026-10-03,3,2026-10-24,wk inc covid hosp,quantile,0.025,12.58565240287734
05,2026-10-03,3,2026-10-24,wk inc covid hosp,quantile,0.025,0.0
06,2026-10-03,3,2026-10-24,wk inc covid hosp,quantile,0.025,623.4899689467612
08,2026-10-03,3,2026-10-24,wk inc covid hosp,quantile,0.025,5.231775981041723
09,2026-10-03,3,2026-10-24,wk inc covid hosp,quantile,0.025,0.5576631419371165
10,2026-10-03,3,2026-10-24,wk inc covid hosp,quantile,0.025,0.4955124726146981
11,2026-10-03,3,2026-10-24,wk inc covid hosp,quantile,0.025,0.0
12,2026-10-03,3,2026-10-24,wk inc covid hosp,quantile,0.025,125.57743884533826
13,2026-10-03,3,2026-10-24,wk inc covid hosp,quantile,0.025,17.63637339053118
15,2026-10-03,3,2026-10-24,wk inc covid hosp,quantile,0.025,13.180656694188624
16,2026-10-03,3,2026-10-24,wk inc covid hosp,quantile,0.025,1.1683463278283286
17,2026-10-03,3,2026-10-24,wk inc covid hosp,quantile,0.025,16.804626466576853
18,2026-10-03,3,2026-10-24,wk inc covid hosp,quantile,0.025,0.0
19,2026-10-03,3,2026-10-24,wk inc covid hosp,quantile,0.025,0.0
20,2026-10-03,3,2026-10-24,wk inc covid hosp,quantile,0.025,0.0
21,2026-10-03,3,2026-10-24,wk inc covid hosp,quantile,0.025,0.0
22,2026-10-03,3,2026-10-24,wk inc covid hosp,quantile,0.025,23.065199859941966
23,2026-10-03,3,2026-10-24,wk inc covid hosp,quantile,0.025,0.0
24,2026-10-03,3,2026-10-24,wk inc covid hosp,quantile,0.025,9.0229234460219
25,2026-10-03,3,2026-10-24,wk inc covid hosp,quantile,0.025,15.387751340747762
26,2026-10-03,3,2026-10-24,wk inc covid hosp,quantile,0.025,0.0
27,2026-10-03,3,2026-10-24,wk inc covid hosp,quantile,0.025,4.563944992879935
28,2026-10-03,3,2026-10-24,wk inc covid hosp,quantile,0.025,0.0
29,2026-10-03,3,2026-10-24,wk inc covid hosp,quantile,0.025,9.092740138559432
30,2026-10-03,3,2026-10-24,wk inc covid hosp,quantile,0.025,0.0
31,2026-10-03,3,2026-10-24,wk inc covid hosp,quantile,0.025,0.0
32,2026-10-03,3,2026-10-24,wk inc covid hosp,quantile,0.025,4.787532241816494
33,2026-10-03,3,2026-10-24,wk inc covid hosp,quantile,0.025,1.5808373066490848
34,2026-10-03,3,2026-10-24,wk inc covid hosp,quantile,0.025,41.734956560464525
35,2026-10-03,3,2026-10-24,wk inc covid hosp,quantile,0.025,0.0
36,2026-10-03,3,2026-10-24,wk inc covid hosp,quantile,0.025,159.702859694658
37,2026-10-03,3,2026-10-24,wk inc covid hosp,quantile,0.025,75.39233081888585
38,2026-10-03,3,2026-10-24,wk inc covid hosp,quantile,0.025,0.0
39,2026-10-03,3,2026-10-24,wk inc covid hosp,quantile,0.025,7.709312507465415
40,2026-10-03,3,2026-10-24,wk inc covid hosp,quantile,0.025,0.0
41,2026-10-03,3,2026-10-24,wk inc covid hosp,quantile,0.025,17.359051913241885
42,2026-10-03,3,2026-10-24,wk inc covid hosp,quantile,0.025,53.4188766627497
44,2026-10-03,3,2026-10-24,wk inc covid hosp,quantile,0.025,0.0
45,2026-10-03,3,2026-10-24,wk inc covid hosp,quantile,0.025,16.16648548069659
46,2026-10-03,3,2026-10-24,wk inc covid hosp,quantile,0.025,0.0
47,2026-10-03,3,2026-10-24,wk inc covid hosp,quantile,0.025,0.48804245207440994
48,2026-10-03,3,2026-10-24,wk inc covid hosp,quantile,0.025,105.47704146566838
49,2026-10-03,3,2026-10-24,wk inc covid hosp,quantile,0.025,0.5806730723571819
50,2026-10-03,3,2026-10-24,wk inc covid hosp,quantile,0.025,0.0
51,2026-10-03,3,2026-10-24,wk inc covid hosp,quantile,0.025,6.286335902347989
53,2026-10-03,3,2026-10-24,wk inc covid hosp,quantile,0.025,116.38291919718255
54,2026-10-03,3,2026-10-24,wk inc covid hosp,quantile,0.025,5.895263219074107
55,2026-10-03,3,2026-10-24,wk inc covid hosp,quantile,0.025,2.2290567237857895
56,2026-10-03,3,2026-10-24,wk inc covid hosp,quantile,0.025,0.0
72,2026-10-03,3,2026-10-24,wk inc covid hosp,quantile,0.025,7.668935741509406
US,2026-10-03,3,2026-10-24,wk inc covid hosp,quantile,0.025,2705.0215505564893
01,2026-10-03,0,2026-10-03,wk inc covid hosp,quantile,0.05,71.31785875650077
02,2026-10-03,0,2026-10-03,wk inc covid hosp,quantile,0.05,0.0
04,2026-10-03,0,2026-10-03,wk inc covid hosp,quantile,0.05,38.63004918299718
05,2026-10-03,0,2026-10-03,wk inc covid hosp,quantile,0.05,8.7876604290161
06,2026-10-03,0,2026-10-03,wk inc covid hosp,quantile,0.05,863.6911897699839
08,2026-10-03,0,2026-10-03,wk inc covid hosp,quantile,0.05,18.19559357636099
09,2026-10-03,0,2026-10-03,wk inc covid hosp,quantile,0.05,14.679671596314458
10,2026-10-03,0,2026-10-03,wk inc covid hosp,quantile,0.05,5.503263043938573
11,2026-10-03,0,2026-10-03,wk inc covid hosp,quantile,0.05,2.791997273401416
12,2026-10-03,0,2026-10-03,wk inc covid hosp,quantile,0.05,345.2420128520353
13,2026-10-03,0,2026-10-03,wk inc covid hosp,quantile,0.05,52.839507995717305
15,2026-10-03,0,2026-10-03,wk inc covid hosp,quantile,0.05,29.753884485050705
16,2026-10-03,0,2026-10-03,wk inc covid hosp,quantile,0.05,7.709665026110671
17,2026-10-03,0,2026-10-03,wk inc covid hosp,quantile,0.05,40.545407135114594
18,2026-10-03,0,2026-10-03,wk inc covid hosp,quantile,0.05,8.223537196906905
19,2026-10-03,0,2026-10-03,wk inc covid hosp,quantile,0.05,5.536746280291999
20,2026-10-03,0,2026-10-03,wk inc covid hosp,quantile,0.05,0.0
21,2026-10-03,0,2026-10-03,wk inc covid hosp,quantile,0.05,3.3930248049609713
22,2026-10-03,0,2026-10-03,wk inc covid hosp,quantile,0.05,55.09114729986874
23,2026-10-03,0,2026-10-03,wk inc covid hosp,quantile,0.05,1.1500288756502925
24,2026-10-03,0,2026-10-03,wk inc covid hosp,quantile,0.05,23.768460815039607
25,2026-10-03,0,2026-10-03,wk inc covid hosp,quantile,0.05,28.999761525660926
26,2026-10-03,0,2026-10-03,wk inc covid hosp,quantile,0.05,11.483537141810292
27,2026-10-03,0,2026-10-03,wk inc covid hosp,quantile,0.05,15.657753680255642
28,2026-10-03,0,2026-10-03,wk inc covid hosp,quantile,0.05,9.49986123516127
29,2026-10-03,0,2026-10-03,wk inc covid hosp,quantile,0.05,24.76539384873169
30,2026-10-03,0,2026-10-03,wk inc covid hosp,quantile,0.05,0.08761767351249036
31,2026-10-03,0,2026-10-03,wk inc covid hosp,quantile,0.05,0.2770679920850881
32,2026-10-03,0,2026-10-03,wk inc covid hosp,quantile,0.05,17.368970714332754
33,2026-10-03,0,2026-10-03,wk inc covid hosp,quantile,0.05,6.816283943083857
34,2026-10-03,0,2026-10-03,wk inc covid hosp,quantile,0.05,87.28603648729123
35,2026-10-03,0,2026-10-03,wk inc covid hosp,quantile,0.05,0.0
36,2026-10-03,0,2026-10-03,wk inc covid hosp,quantile,0.05,218.59862012836027
37,2026-10-03,0,2026-10-03,wk inc covid hosp,quantile,0.05,132.31963382181158
38,2026-10-03,0,2026-10-03,wk inc covid hosp,quantile,0.05,0.010691190987914101
39,2026-10-03,0,2026-10-03,wk inc covid hosp,quantile,0.05,29.578594413296614
40,2026-10-03,0,2026-10-03,wk inc covid hosp,quantile,0.05,4.294655457666491
41,2026-10-03,0,2026-10-03,wk inc covid hosp,quantile,0.05,33.42115576255146
42,2026-10-03,0,2026-10-03,wk inc covid hosp,quantile,0.05,112.95724058132764
44,2026-10-03,0,2026-10-03,wk inc covid hosp,quantile,0.05,1.7847529288659911
45,2026-10-03,0,2026-10-03,wk inc covid hosp,quantile,0.05,44.70363039113898
46,2026-10-03,0,2026-10-03,wk inc covid hosp,quantile,0.05,0.0
47,2026-10-03,0,2026-10-03,wk inc covid hosp,quantile,0.05,27.753401301433254
48,2026-10-03,0,2026-10-03,wk inc covid hosp,quantile,0.05,274.6821008413159
49,2026-10-03,0,2026-10-03,wk inc covid hosp,quantile,0.05,10.898838026781263
50,2026-10-03,0,2026-10-03,wk inc covid hosp,quantile,0.05,2.2602999410085887
51,2026-10-03,0,2026-10-03,wk inc covid hosp,quantile,0.05,26.184295974341914
53,2026-10-03,0,2026-10-03,wk inc covid hosp,quantile,0.05,155.41936047722191
54,2026-10-03,0,2026-10-03,wk inc covid hosp,quantile,0.05,13.002235684843265
55,2026-10-03,0,2026-10-03,wk inc covid hosp,quantile,0.05,14.600999051350174
56,2026-10-03,0,2026-10-03,wk inc covid hosp,quantile,0.05,0.26150974654154796
72,2026-10-03,0,2026-10-03,wk inc covid hosp,quantile,0.05,44.9068589401379
US,2026-10-03,0,2026-10-03,wk inc covid hosp,quantile,0.05,3524.7064108433074
01,2026-10-03,1,2026-10-10,wk inc covid hosp,quantile,0.05,64.59605443703742
02,2026-10-03,1,2026-10-10,wk inc covid hosp,quantile,0.05,0.0
04,2026-10-03,1,2026-10-10,wk inc covid hosp,quantile,0.05,30.562794094694755
05,2026-10-03,1,2026-10-10,wk inc covid hosp,quantile,0.05,5.79090983643486
06,2026-10-03,1,2026-10-10,wk inc covid hosp,quantile,0.05,798.5474207091485
08,2026-10-03,1,2026-10-10,wk inc covid hosp,quantile,0.05,14.552719881622723
09,2026-10-03,1,2026-10-10,wk inc covid hosp,quantile,0.05,10.789926343644714
10,2026-10-03,1,2026-10-10,wk inc covid hosp,quantile,0.05,3.7087703128675145
11,2026-10-03,1,2026-10-10,wk inc covid hosp,quantile,0.05,1.243465444680288
12,2026-10-03,1,2026-10-10,wk inc covid hosp,quantile,0.05,278.513281276881
13,2026-10-03,1,2026-10-10,wk inc covid hosp,quantile,0.05,41.72282028023132
15,2026-10-03,1,2026-10-10,wk inc covid hosp,quantile,0.05,25.197613314750445
16,2026-10-03,1,2026-10-10,wk inc covid hosp,quantile,0.05,6.075274472394657
17,2026-10-03,1,2026-10-10,wk inc covid hosp,quantile,0.05,35.3175159328697
18,2026-10-03,1,2026-10-10,wk inc covid hosp,quantile,0.05,4.524845301552606
19,2026-10-03,1,2026-10-10,wk inc covid hosp,quantile,0.05,3.871745240790652
20,2026-10-03,1,2026-10-10,wk inc covid hosp,quantile,0.05,0.0
21,2026-10-03,1,2026-10-10,wk inc covid hosp,quantile,0.05,0.0
22,2026-10-03,1,2026-10-10,wk inc covid hosp,quantile,0.05,43.548863856509755
23,2026-10-03,1,2026-10-10,wk inc covid hosp,quantile,0.05,0.3937616995742532
24,2026-10-03,1,2026-10-10,wk inc covid hosp,quantile,0.05,19.986004156451536
25,2026-10-03,1,2026-10-10,wk inc covid hosp,quantile,0.05,27.492304243072695
26,2026-10-03,1,2026-10-10,wk inc covid hosp,quantile,0.05,5.758706678775471
27,2026-10-03,1,2026-10-10,wk inc covid hosp,quantile,0.05,13.089552639926774
28,2026-10-03,1,2026-10-10,wk inc covid hosp,quantile,0.05,5.5423120096381355
29,2026-10-03,1,2026-10-10,wk inc covid hosp,quantile,0.05,19.634204058818195
30,2026-10-03,1,2026-10-10,wk inc covid hosp,quantile,0.05,0.0
31,2026-10-03,1,2026-10-10,wk inc covid hosp,quantile,0.05,0.0
32,2026-10-03,1,2026-10-10,wk inc covid hosp,quantile,0.05,13.5039269443925
33,2026-10-03,1,2026-10-10,wk inc covid hosp,quantile,0.05,5.675642187099519
34,2026-10-03,1,2026-10-10,wk inc covid hosp,quantile,0.05,72.62579656113249
35,2026-10-03,1,2026-10-10,wk inc covid hosp,quantile,0.05,0.0
36,2026-10-03,1,2026-10-10,wk inc covid hosp,quantile,0.05,206.8059825833344
37,2026-10-03,1,2026-10-10,wk inc covid hosp,quantile,0.05,116.53490248295641
38,2026-10-03,1,2026-10-10,wk inc covid hosp,quantile,0.05,0.0
39,2026-10-03,1,2026-10-10,wk inc covid hosp,quantile,0.05,21.608603176469003
40,2026-10-03,1,2026-10-10,wk inc covid hosp,quantile,0.05,1.2664166015968457
41,2026-10-03,1,2026-10-10,wk inc covid hosp,quantile,0.05,29.26918696286506
42,2026-10-03,1,2026-10-10,wk inc covid hosp,quantile,0.05,100.58034867617232
44,2026-10-03,1,2026-10-10,wk inc covid hosp,quantile,0.05,0.3162812450348135
45,2026-10-03,1,2026-10-10,wk inc covid hosp,quantile,0.05,35.86184655583572
46,2026-10-03,1,2026-10-10,wk inc covid hosp,quantile,0.05,0.0
47,2026-10-03,1,2026-10-10,wk inc covid hosp,quantile,0.05,17.710181680574
48,2026-10-03,1,2026-10-10,wk inc covid hosp,quantile,0.05,218.30235748131895
49,2026-10-03,1,2026-10-10,wk inc covid hosp,quantile,0.05,7.880863735761825
50,2026-10-03,1,2026-10-10,wk inc covid hosp,quantile,0.05,1.4428824483595553
51,2026-10-03,1,2026-10-10,wk inc covid hosp,quantile,0.05,21.1081296837106
53,2026-10-03,1,2026-10-10,wk inc covid hosp,quantile,0.05,148.89381316916428
54,2026-10-03,1,2026-10-10,wk inc covid hosp,quantile,0.05,11.782648159325898
55,2026-10-03,1,2026-10-10,wk inc covid hosp,quantile,0.05,10.956747467135129
56,2026-10-03,1,2026-10-10,wk inc covid hosp,quantile,0.05,0.0
72,2026-10-03,1,2026-10-10,wk inc covid hosp,quantile,0.05,30.168763443168352
US,2026-10-03,1,2026-10-10,wk inc covid hosp,quantile,0.05,3384.6930756904612
01,2026-10-03,2,2026-10-17,wk inc covid hosp,quantile,0.05,54.239089415218224
02,2026-10-03,2,2026-10-17,wk inc covid hosp,quantile,0.05,0.0
04,2026-10-03,2,2026-10-17,wk inc covid hosp,quantile,0.05,25.741104296085936
05,2026-10-03,2,2026-10-17,wk inc covid hosp,quantile,0.05,3.6493252858576217
06,2026-10-03,2,2026-10-17,wk inc covid hosp,quantile,0.05,756.1309136575985
08,2026-10-03,2,2026-10-17,wk inc covid hosp,quantile,0.05,11.805854434572248
09,2026-10-03,2,2026-10-17,wk inc covid hosp,quantile,0.05,8.565227914085431
10,2026-10-03,2,2026-10-17,wk inc covid hosp,quantile,0.05,2.766588623476365
11,2026-10-03,2,2026-10-17,wk inc covid hosp,quantile,0.05,0.42736321749999684
12,2026-10-03,2,2026-10-17,wk inc covid hosp,quantile,0.05,218.45801295966405
13,2026-10-03,2,2026-10-17,wk inc covid hosp,quantile,0.05,34.68210490201475
15,2026-10-03,2,2026-10-17,wk inc covid hosp,quantile,0.05,20.59851848686153
16,2026-10-03,2,2026-10-17,wk inc covid hosp,quantile,0.05,4.387694706387618
17,2026-10-03,2,2026-10-17,wk inc covid hosp,quantile,0.05,32.22578494028159
18,2026-10-03,2,2026-10-17,wk inc covid hosp,quantile,0.05,2.0718302077234094
19,2026-10-03,2,2026-10-17,wk inc covid hosp,quantile,0.05,1.9100410543769897
20,2026-10-03,2,2026-10-17,wk inc covid hosp,quantile,0.05,0.0
21,2026-10-03,2,2026-10-17,wk inc covid hosp,quantile,0.05,0.0
22,2026-10-03,2,2026-10-17,wk inc covid hosp,quantile,0.05,35.42530389524316
23,2026-10-03,2,2026-10-17,wk inc covid hosp,quantile,0.05,0.0
24,2026-10-03,2,2026-10-17,wk inc covid hosp,quantile,0.05,17.154062935375567
25,2026-10-03,2,2026-10-17,wk inc covid hosp,quantile,0.05,24.266793317757127
26,2026-10-03,2,2026-10-17,wk inc covid hosp,quantile,0.05,0.648627838575245
27,2026-10-03,2,2026-10-17,wk inc covid hosp,quantile,0.05,10.892608735653972
28,2026-10-03,2,2026-10-17,wk inc covid hosp,quantile,0.05,2.8000595469152145
29,2026-10-03,2,2026-10-17,wk inc covid hosp,quantile,0.05,18.573375842797972
30,2026-10-03,2,2026-10-17,wk inc covid hosp,quantile,0.05,0.0
31,2026-10-03,2,2026-10-17,wk inc covid hosp,quantile,0.05,0.0
32,2026-10-03,2,2026-10-17,wk inc covid hosp,quantile,0.05,10.303407505410492
33,2026-10-03,2,2026-10-17,wk inc covid hosp,quantile,0.05,5.104748092465856
34,2026-10-03,2,2026-10-17,wk inc covid hosp,quantile,0.05,65.43719190982806
35,2026-10-03,2,2026-10-17,wk inc covid hosp,quantile,0.05,0.0
36,2026-10-03,2,2026-10-17,wk inc covid hosp,quantile,0.05,197.94121310296447
37,2026-10-03,2,2026-10-17,wk inc covid hosp,quantile,0.05,100.09245649136953
38,2026-10-03,2,2026-10-17,wk inc covid hosp,quantile,0.05,0.0
39,2026-10-03,2,2026-10-17,wk inc covid hosp,quantile,0.05,18.889968801147024
40,2026-10-03,2,2026-10-17,wk inc covid hosp,quantile,0.05,0.0
41,2026-10-03,2,2026-10-17,wk inc covid hosp,quantile,0.05,26.2814239072424
42,2026-10-03,2,2026-10-17,wk inc covid hosp,quantile,0.05,88.74747040929802
44,2026-10-03,2,2026-10-17,wk inc covid hosp,quantile,0.05,0.0
45,2026-10-03,2,2026-10-17,wk inc covid hosp,quantile,0.05,28.563755546147398
46,2026-10-03,2,2026-10-17,wk inc covid hosp,quantile,0.05,0.0
47,2026-10-03,2,2026-10-17,wk inc covid hosp,quantile,0.05,12.163082551821107
48,2026-10-03,2,2026-10-17,wk inc covid hosp,quantile,0.05,169.3529366914102
49,2026-10-03,2,2026-10-17,wk inc covid hosp,quantile,0.05,6.050765820118462
50,2026-10-03,2,2026-10-17,wk inc covid hosp,quantile,0.05,0.5086381038800502
51,2026-10-03,2,2026-10-17,wk inc covid hosp,quantile,0.05,16.653766412787686
53,2026-10-03,2,2026-10-17,wk inc covid hosp,quantile,0.05,139.5451735710038
54,2026-10-03,2,2026-10-17,wk inc covid hosp,quantile,0.05,9.483643461904082
55,2026-10-03,2,2026-10-17,wk inc covid hosp,quantile,0.05,7.847708994952029
56,2026-10-03,2,2026-10-17,wk inc covid hosp,quantile,0.05,0.0
72,2026-10-03,2,2026-10-17,wk inc covid hosp,quantile,0.05,23.78489083311328
US,2026-10-03,2,2026-10-17,wk inc covid hosp,quantile,0.05,3245.674234994926
01,2026-10-03,3,2026-10-24,wk inc covid hosp,quantile,0.05,48.5106913560887
02,2026-10-03,3,2026-10-24,wk inc covid hosp,quantile,0.05,0.0
04,2026-10-03,3,2026-10-24,wk inc covid hosp,quantile,0.05,20.269746614105678
05,2026-10-03,3,2026-10-24,wk inc covid hosp,quantile,0.05,2.913328734843188
06,2026-10-03,3,2026-10-24,wk inc covid hosp,quantile,0.05,694.8128188439811
08,2026-10-03,3,2026-10-24,wk inc covid hosp,quantile,0.05,10.044916359683667
09,2026-10-03,3,2026-10-24,wk inc covid hosp,quantile,0.05,5.648023893930344
10,2026-10-03,3,2026-10-24,wk inc covid hosp,quantile,0.05,1.5381139465212637
11,2026-10-03,3,2026-10-24,wk inc covid hosp,quantile,0.05,0.0
12,2026-10-03,3,2026-10-24,wk inc covid hosp,quantile,0.05,170.1272310628824
13,2026-10-03,3,2026-10-24,wk inc covid hosp,quantile,0.05,28.23718439843656
15,2026-10-03,3,2026-10-24,wk inc covid hosp,quantile,0.05,17.19392664947451
16,2026-10-03,3,2026-10-24,wk inc covid hosp,quantile,0.05,3.210155400854226
17,2026-10-03,3,2026-10-24,wk inc covid hosp,quantile,0.05,28.38456791377519
18,2026-10-03,3,2026-10-24,wk inc covid hosp,quantile,0.05,0.0
19,2026-10-03,3,2026-10-24,wk inc covid hosp,quantile,0.05,0.5286521122701995
20,2026-10-03,3,2026-10-24,wk inc covid hosp,quantile,0.05,0.0
21,2026-10-03,3,2026-10-24,wk inc covid hosp,quantile,0.05,0.0
22,2026-10-03,3,2026-10-24,wk inc covid hosp,quantile,0.05,30.537023303198936
23,2026-10-03,3,2026-10-24,wk inc covid hosp,quantile,0.05,0.0
24,2026-10-03,3,2026-10-24,wk inc covid hosp,quantile,0.05,15.649534197661374
25,2026-10-03,3,2026-10-24,wk inc covid hosp,quantile,0.05,22.251975443043484
26,2026-10-03,3,2026-10-24,wk inc covid hosp,quantile,0.05,0.0
27,2026-10-03,3,2026-10-24,wk inc covid hosp,quantile,0.05,9.23528718033326
28,2026-10-03,3,2026-10-24,wk inc covid hosp,quantile,0.05,0.7927150819422947
29,2026-10-03,3,2026-10-24,wk inc covid hosp,quantile,0.05,15.173536949696395
30,2026-10-03,3,2026-10-24,wk inc covid hosp,quantile,0.05,0.0
31,2026-10-03,3,2026-10-24,wk inc covid hosp,quantile,0.05,0.0
32,2026-10-03,3,2026-10-24,wk inc covid hosp,quantile,0.05,8.090508162469032
33,2026-10-03,3,2026-10-24,wk inc covid hosp,quantile,0.05,3.757281948618856
34,2026-10-03,3,2026-10-24,wk inc covid hosp,quantile,0.05,55.01955943614383
35,2026-10-03,3,2026-10-24,wk inc covid hosp,quantile,0.05,0.0
36,2026-10-03,3,2026-10-24,wk inc covid hosp,quantile,0.05,187.88354885627595
37,2026-10-03,3,2026-10-24,wk inc covid hosp,quantile,0.05,90.09903071346208
38,2026-10-03,3,2026-10-24,wk inc covid hosp,quantile,0.05,0.0
39,2026-10-03,3,2026-10-24,wk inc covid hosp,quantile,0.05,15.935449835135376
40,2026-10-03,3,2026-10-24,wk inc covid hosp,quantile,0.05,0.0
41,2026-10-03,3,2026-10-24,wk inc covid hosp,quantile,0.05,24.08409842901877
42,2026-10-03,3,2026-10-24,wk inc covid hosp,quantile,0.05,77.15435956689
44,2026-10-03,3,2026-10-24,wk inc covid hosp,quantile,0.05,0.0
45,2026-10-03,3,2026-10-24,wk inc covid hosp,quantile,0.05,22.109787954780554
46,2026-10-03,3,2026-10-24,wk inc covid hosp,quantile,0.05,0.0
47,2026-10-03,3,2026-10-24,wk inc covid hosp,quantile,0.05,7.579013517129851
48,2026-10-03,3,2026-10-24,wk inc covid hosp,quantile,0.05,140.54024583727607
49,2026-10-03,3,2026-10-24,wk inc covid hosp,quantile,0.05,4.620427913619455
50,2026-10-03,3,2026-10-24,wk inc covid hosp,quantile,0.05,0.0
51,2026-10-03,3,2026-10-24,wk inc covid hosp,quantile,0.05,13.445688285503065
53,2026-10-03,3,2026-10-24,wk inc covid hosp,quantile,0.05,129.1517803465724
54,2026-10-03,3,2026-10-24,wk inc covid hosp,quantile,0.05,8.709755395715748
55,2026-10-03,3,2026-10-24,wk inc covid hosp,quantile,0.05,6.524176264551322
56,2026-10-03,3,2026-10-24,wk inc covid hosp,quantile,0.05,0.0
72,2026-10-03,3,2026-10-24,wk inc covid hosp,quantile,0.05,15.846492316380719
US,2026-10-03,3,2026-10-24,wk inc covid hosp,quantile,0.05,3051.592178450846
01,2026-10-03,0,2026-10-03,wk inc covid hosp,quantile,0.1,78.58330502702462
02,2026-10-03,0,2026-10-03,wk inc covid hosp,quantile,0.1,0.0
04,2026-10-03,0,2026-10-03,wk inc covid hosp,quantile,0.1,45.4151271501482
05,2026-10-03,0,2026-10-03,wk inc covid hosp,quantile,0.1,11.148117245542398
06,2026-10-03,0,2026-10-03,wk inc covid hosp,quantile,0.1,908.0202344789814
08,2026-10-03,0,2026-10-03,wk inc covid hosp,quantile,0.1,21.999078780265787
09,2026-10-03,0,2026-10-03,wk inc covid hosp,quantile,0.1,18.63004880769132
10,2026-10-03,0,2026-10-03,wk inc covid hosp,quantile,0.1,6.853795006965641
11,2026-10-03,0,2026-10-03,wk inc covid hosp,quantile,0.1,3.851070978452536
12,2026-10-03,0,2026-10-03,wk inc covid hosp,quantile,0.1,390.10302278628586
13,2026-10-03,0,2026-10-03,wk inc covid hosp,quantile,0.1,60.06853239923128
15,2026-10-03,0,2026-10-03,wk inc covid hosp,quantile,0.1,33.224898026640055
16,2026-10-03,0,2026-10-03,wk inc covid hosp,quantile,0.1,9.439041174773624
17,2026-10-03,0,2026-10-03,wk inc covid hosp,quantile,0.1,46.92149956890774
18,2026-10-03,0,2026-10-03,wk inc covid hosp,quantile,0.1,11.70426663452616
19,2026-10-03,0,2026-10-03,wk inc covid hosp,quantile,0.1,7.58560687422139
20,2026-10-03,0,2026-10-03,wk inc covid hosp,quantile,0.1,0.0
21,2026-10-03,0,2026-10-03,wk inc covid hosp,quantile,0.1,5.958930048275134
22,2026-10-03,0,2026-10-03,wk inc covid hosp,quantile,0.1,60.49443796271961
23,2026-10-03,0,2026-10-03,wk inc covid hosp,quantile,0.1,2.245721266779933
24,2026-10-03,0,2026-10-03,wk inc covid hosp,quantile,0.1,27.88173474424276
25,2026-10-03,0,2026-10-03,wk inc covid hosp,quantile,0.1,34.40075450558993
26,2026-10-03,0,2026-10-03,wk inc covid hosp,quantile,0.1,17.38573791847601
27,2026-10-03,0,2026-10-03,wk inc covid hosp,quantile,0.1,18.758928711811024
28,2026-10-03,0,2026-10-03,wk inc covid hosp,quantile,0.1,11.936731360586991
29,2026-10-03,0,2026-10-03,wk inc covid hosp,quantile,0.1,28.42414970734877
30,2026-10-03,0,2026-10-03,wk inc covid hosp,quantile,0.1,0.9027062242843593
31,2026-10-03,0,2026-10-03,wk inc covid hosp,quantile,0.1,1.5572912679442958
32,2026-10-03,0,2026-10-03,wk inc covid hosp,quantile,0.1,20.0033589626978
33,2026-10-03,0,2026-10-03,wk inc covid hosp,quantile,0.1,8.508293289637603
34,2026-10-03,0,2026-10-03,wk inc covid hosp,quantile,0.1,99.01559525864899
35,2026-10-03,0,2026-10-03,wk inc covid hosp,quantile,0.1,1.0164707076294446
36,2026-10-03,0,2026-10-03,wk inc covid hosp,quantile,0.1,238.16443089367735
37,2026-10-03,0,2026-10-03,wk inc covid hosp,quantile,0.1,144.71990590259674
38,2026-10-03,0,2026-10-03,wk inc covid hosp,quantile,0.1,0.653066963703309
39,2026-10-03,0,2026-10-03,wk inc covid hosp,quantile,0.1,37.88822847703518
40,2026-10-03,0,2026-10-03,wk inc covid hosp,quantile,0.1,6.467250468928599
41,2026-10-03,0,2026-10-03,wk inc covid hosp,quantile,0.1,37.04232256912218
42,2026-10-03,0,2026-10-03,wk inc covid hosp,quantile,0.1,128.30440877508664
44,2026-10-03,0,2026-10-03,wk inc covid hosp,quantile,0.1,2.8421776629272553
45,2026-10-03,0,2026-10-03,wk inc covid hosp,quantile,0.1,49.82219330734813
46,2026-10-03,0,2026-10-03,wk inc covid hosp,quantile,0.1,0.0
47,2026-10-03,0,2026-10-03,wk inc covid hosp,quantile,0.1,33.29404793662605
48,2026-10-03,0,2026-10-03,wk inc covid hosp,quantile,0.1,309.89930389790857
49,2026-10-03,0,2026-10-03,wk inc covid hosp,quantile,0.1,13.362148267808335
50,2026-10-03,0,2026-10-03,wk inc covid hosp,quantile,0.1,3.292885238164419
51,2026-10-03,0,2026-10-03,wk inc covid hosp,quantile,0.1,31.346396635027883
53,2026-10-03,0,2026-10-03,wk inc covid hosp,quantile,0.1,165.7900363445721
54,2026-10-03,0,2026-10-03,wk inc covid hosp,quantile,0.1,15.336741412967038
55,2026-10-03,0,2026-10-03,wk inc covid hosp,quantile,0.1,18.68804849070792
56,2026-10-03,0,2026-10-03,wk inc covid hosp,quantile,0.1,0.9956137060720407
72,2026-10-03,0,2026-10-03,wk inc covid hosp,quantile,0.1,52.52218893859773
US,2026-10-03,0,2026-10-03,wk inc covid hosp,quantile,0.1,3836.7562968479747
01,2026-10-03,1,2026-10-10,wk inc covid hosp,quantile,0.1,72.21693623996374
02,2026-10-03,1,2026-10-10,wk inc covid hosp,quantile,0.1,0.0
04,2026-10-03,1,2026-10-10,wk inc covid hosp,quantile,0.1,39.5558040456204
05,2026-10-03,1,2026-10-10,wk inc covid hosp,quantile,0.1,8.907174062172514
06,2026-10-03,1,2026-10-10,wk inc covid hosp,quantile,0.1,860.7096470518482
08,2026-10-03,1,2026-10-10,wk inc covid hosp,quantile,0.1,19.25337231237485
09,2026-10-03,1,2026-10-10,wk inc covid hosp,quantile,0.1,16.006419061428463
10,2026-10-03,1,2026-10-10,wk inc covid hosp,quantile,0.1,5.455945588734116
11,2026-10-03,1,2026-10-10,wk inc covid hosp,quantile,0.1,2.3733404320560383
12,2026-10-03,1,2026-10-10,wk inc covid hosp,quantile,0.1,331.4911791743148
13,2026-10-03,1,2026-10-10,wk inc covid hosp,quantile,0.1,50.98661677041455
15,2026-10-03,1,2026-10-10,wk inc covid hosp,quantile,0.1,28.923038276061135
16,2026-10-03,1,2026-10-10,wk inc covid hosp,quantile,0.1,8.264750519803522
17,2026-10-03,1,2026-10-10,wk inc covid hosp,quantile,0.1,46.72511250698831
18,2026-10-03,1,2026-10-10,wk inc covid hosp,quantile,0.1,10.127973939942624
19,2026-10-03,1,2026-10-10,wk inc covid hosp,quantile,0.1,6.4403392842064
20,2026-10-03,1,2026-10-10,wk inc covid hosp,quantile,0.1,0.0
21,2026-10-03,1,2026-10-10,wk inc covid hosp,quantile,0.1,3.524388841005947
22,2026-10-03,1,2026-10-10,wk inc covid hosp,quantile,0.1,52.22084856726125
23,2026-10-03,1,2026-10-10,wk inc covid hosp,quantile,0.1,1.8711461623028192
24,2026-10-03,1,2026-10-10,wk inc covid hosp,quantile,0.1,26.23008206110864
25,2026-10-03,1,2026-10-10,wk inc covid hosp,quantile,0.1,33.62147630802154
26,2026-10-03,1,2026-10-10,wk inc covid hosp,quantile,0.1,13.844057302724298
27,2026-10-03,1,2026-10-10,wk inc covid hosp,quantile,0.1,17.475450006683985
28,2026-10-03,1,2026-10-10,wk inc covid hosp,quantile,0.1,8.456049235529377
29,2026-10-03,1,2026-10-10,wk inc covid hosp,quantile,0.1,25.703002653611442
30,2026-10-03,1,2026-10-10,wk inc covid hosp,quantile,0.1,0.0
31,2026-10-03,1,2026-10-10,wk inc covid hosp,quantile,0.1,0.4296049733394707
32,2026-10-03,1,2026-10-10,wk inc covid hosp,quantile,0.1,16.827152744245158
33,2026-10-03,1,2026-10-10,wk inc covid hosp,quantile,0.1,8.208669089461502
34,2026-10-03,1,2026-10-10,wk inc covid hosp,quantile,0.1,89.56543545168698
35,2026-10-03,1,2026-10-10,wk inc covid hosp,quantile,0.1,0.0
36,2026-10-03,1,2026-10-10,wk inc covid hosp,quantile,0.1,232.3357177417099
37,2026-10-03,1,2026-10-10,wk inc covid hosp,quantile,0.1,131.80061379761824
38,2026-10-03,1,2026-10-10,wk inc covid hosp,quantile,0.1,0.3317880750124985
39,2026-10-03,1,2026-10-10,wk inc covid hosp,quantile,0.1,32.81681733125814
40,2026-10-03,1,2026-10-10,wk inc covid hosp,quantile,0.1,4.270396603004784
41,2026-10-03,1,2026-10-10,wk inc covid hosp,quantile,0.1,35.18584588187252
42,2026-10-03,1,2026-10-10,wk inc covid hosp,quantile,0.1,120.77649910476703
44,2026-10-03,1,2026-10-10,wk inc covid hosp,quantile,0.1,1.3835917321478406
45,2026-10-03,1,2026-10-10,wk inc covid hosp,quantile,0.1,43.146602564870314
46,2026-10-03,1,2026-10-10,wk inc covid hosp,quantile,0.1,0.0
47,2026-10-03,1,2026-10-10,wk inc covid hosp,quantile,0.1,24.077106529939897
48,2026-10-03,1,2026-10-10,wk inc covid hosp,quantile,0.1,262.02537876605925
49,2026-10-03,1,2026-10-10,wk inc covid hosp,quantile,0.1,11.633623221610346
50,2026-10-03,1,2026-10-10,wk inc covid hosp,quantile,0.1,2.6621994106400995
51,2026-10-03,1,2026-10-10,wk inc covid hosp,quantile,0.1,27.40914632854849
53,2026-10-03,1,2026-10-10,wk inc covid hosp,quantile,0.1,163.43350712235198
54,2026-10-03,1,2026-10-10,wk inc covid hosp,quantile,0.1,14.67649850729329
55,2026-10-03,1,2026-10-10,wk inc covid hosp,quantile,0.1,15.5066305274158
56,2026-10-03,1,2026-10-10,wk inc covid hosp,quantile,0.1,0.4538026981670108
72,2026-10-03,1,2026-10-10,wk inc covid hosp,quantile,0.1,39.51220072868812
US,2026-10-03,1,2026-10-10,wk inc covid hosp,quantile,0.1,3716.775108797196
01,2026-10-03,2,2026-10-17,wk inc covid hosp,quantile,0.1,65.63734114789457
02,2026-10-03,2,2026-10-17,wk inc covid hosp,quantile,0.1,0.0
04,2026-10-03,2,2026-10-17,wk inc covid hosp,quantile,0.1,34.43375409415137
05,2026-10-03,2,2026-10-17,wk inc covid hosp,quantile,0.1,7.512112486961012
06,2026-10-03,2,2026-10-17,wk inc covid hosp,quantile,0.1,827.0804940998329
08,2026-10-03,2,2026-10-17,wk inc covid hosp,quantile,0.1,17.81382569987698
09,2026-10-03,2,2026-10-17,wk inc covid hosp,quantile,0.1,14.425087587174284
10,2026-10-03,2,2026-10-17,wk inc covid hosp,quantile,0.1,4.6994984408397515
11,2026-10-03,2,2026-10-17,wk inc covid hosp,quantile,0.1,1.688259406488637
12,2026-10-03,2,2026-10-17,wk inc covid hosp,quantile,0.1,283.87872799432597
13,2026-10-03,2,2026-10-17,wk inc covid hosp,quantile,0.1,44.674901968253494
15,2026-10-03,2,2026-10-17,wk inc covid hosp,quantile,0.1,25.29882211290265
16,2026-10-03,2,2026-10-17,wk inc covid hosp,quantile,0.1,6.890711135982981
17,2026-10-03,2,2026-10-17,wk inc covid hosp,quantile,0.1,43.10196617562431
18,2026-10-03,2,2026-10-17,wk inc covid hosp,quantile,0.1,6.856357775243352
19,2026-10-03,2,2026-10-17,wk inc covid hosp,quantile,0.1,4.877308071052607
20,2026-10-03,2,2026-10-17,wk inc covid hosp,quantile,0.1,0.0
21,2026-10-03,2,2026-10-17,wk inc covid hosp,quantile,0.1,2.074669348919398
22,2026-10-03,2,2026-10-17,wk inc covid hosp,quantile,0.1,46.12650329409994
23,2026-10-03,2,2026-10-17,wk inc covid hosp,quantile,0.1,1.4918542558489243
24,2026-10-03,2,2026-10-17,wk inc covid hosp,quantile,0.1,24.63750383587883
25,2026-10-03,2,2026-10-17,wk inc covid hosp,quantile,0.1,32.03978150223221
26,2026-10-03,2,2026-10-17,wk inc covid hosp,quantile,0.1,10.334017869511184
27,2026-10-03,2,2026-10-17,wk inc covid hosp,quantile,0.1,16.39081493503339
28,2026-10-03,2,2026-10-17,wk inc covid hosp,quantile,0.1,5.969584740090485
29,2026-10-03,2,2026-10-17,wk inc covid hosp,quantile,0.1,25.125225702246926
30,2026-10-03,2,2026-10-17,wk inc covid hosp,quantile,0.1,0.0
31,2026-10-03,2,2026-10-17,wk inc covid hosp,quantile,0.1,0.0777063531551716
32,2026-10-03,2,2026-10-17,wk inc covid hosp,quantile,0.1,13.9883884446547
33,2026-10-03,2,2026-10-17,wk inc covid hosp,quantile,0.1,7.697294505743444
34,2026-10-03,2,2026-10-17,wk inc covid hosp,quantile,0.1,83.80794771232303
35,2026-10-03,2,2026-10-17,wk inc covid hosp,quantile,0.1,0.0
36,2026-10-03,2,2026-10-17,wk inc covid hosp,quantile,0.1,226.5548265584017
37,2026-10-03,2,2026-10-17,wk inc covid hosp,quantile,0.1,120.81043655852335
38,2026-10-03,2,2026-10-17,wk inc covid hosp,quantile,0.1,0.15415441625425347
39,2026-10-03,2,2026-10-17,wk inc covid hosp,quantile,0.1,30.49305276433025
40,2026-10-03,2,2026-10-17,wk inc covid hosp,quantile,0.1,2.7363353804069135
41,2026-10-03,2,2026-10-17,wk inc covid hosp,quantile,0.1,32.10926626669019
42,2026-10-03,2,2026-10-17,wk inc covid hosp,quantile,0.1,116.27877547417549
44,2026-10-03,2,2026-10-17,wk inc covid hosp,quantile,0.1,0.5191722529931981
45,2026-10-03,2,2026-10-17,wk inc covid hosp,quantile,0.1,37.05846736319882
46,2026-10-03,2,2026-10-17,wk inc covid hosp,quantile,0.1,0.0
47,2026-10-03,2,2026-10-17,wk inc covid hosp,quantile,0.1,19.620621155769584
48,2026-10-03,2,2026-10-17,wk inc covid hosp,quantile,0.1,225.85006948500637
49,2026-10-03,2,2026-10-17,wk inc covid hosp,quantile,0.1,10.904876219034714
50,2026-10-03,2,2026-10-17,wk inc covid hosp,quantile,0.1,1.9722002169246853
51,2026-10-03,2,2026-10-17,wk inc covid hosp,quantile,0.1,24.13830297650139
53,2026-10-03,2,2026-10-17,wk inc covid hosp,quantile,0.1,156.952117328004
54,2026-10-03,2,2026-10-17,wk inc covid hosp,quantile,0.1,13.29143576916464
55,2026-10-03,2,2026-10-17,wk inc covid hosp,quantile,0.1,14.068693351784928
56,2026-10-03,2,2026-10-17,wk inc covid hosp,quantile,0.1,0.08330771216079434
72,2026-10-03,2,2026-10-17,wk inc covid hosp,quantile,0.1,32.39452968704949
US,2026-10-03,2,2026-10-17,wk inc covid hosp,quantile,0.1,3641.29621219975
01,2026-10-03,3,2026-10-24,wk inc covid hosp,quantile,0.1,60.29555408074659
02,2026-10-03,3,2026-10-24,wk inc covid hosp,quantile,0.1,0.0
04,2026-10-03,3,2026-10-24,wk inc covid hosp,quantile,0.1,29.54472346861508
05,2026-10-03,3,2026-10-24,wk inc covid hosp,quantile,0.1,6.850414628431023
06,2026-10-03,3,2026-10-24,wk inc covid hosp,quantile,0.1,779.9351916206535
08,2026-10-03,3,2026-10-24,wk inc covid hosp,quantile,0.1,17.07459588720364
09,2026-10-03,3,2026-10-24,wk inc covid hosp,quantile,0.1,11.561370935796202
10,2026-10-03,3,2026-10-24,wk inc covid hosp,quantile,0.1,3.737232201665376
11,2026-10-03,3,2026-10-24,wk inc covid hosp,quantile,0.1,1.0519445423730251
12,2026-10-03,3,2026-10-24,wk inc covid hosp,quantile,0.1,238.2105012214243
13,2026-10-03,3,2026-10-24,wk inc covid hosp,quantile,0.1,40.16303102178449
15,2026-10-03,3,2026-10-24,wk inc covid hosp,quantile,0.1,22.601295007223825
16,2026-10-03,3,2026-10-24,wk inc covid hosp,quantile,0.1,6.2263209749196715
17,2026-10-03,3,2026-10-24,wk inc covid hosp,quantile,0.1,43.81137754742858
18,2026-10-03,3,2026-10-24,wk inc covid hosp,quantile,0.1,5.925435994827635
19,2026-10-03,3,2026-10-24,wk inc covid hosp,quantile,0.1,4.479193814907768
20,2026-10-03,3,2026-10-24,wk inc covid hosp,quantile,0.1,0.0
21,2026-10-03,3,2026-10-24,wk inc covid hosp,quantile,0.1,0.5013904010987404
22,2026-10-03,3,2026-10-24,wk inc covid hosp,quantile,0.1,41.56684059979942
23,2026-10-03,3,2026-10-24,wk inc covid hosp,quantile,0.1,0.971245753152452
24,2026-10-03,3,2026-10-24,wk inc covid hosp,quantile,0.1,23.18198640786675
25,2026-10-03,3,2026-10-24,wk inc covid hosp,quantile,0.1,32.48818148040096
26,2026-10-03,3,2026-10-24,wk inc covid hosp,quantile,0.1,8.896636626327322
27,2026-10-03,3,2026-10-24,wk inc covid hosp,quantile,0.1,15.250296677759488
28,2026-10-03,3,2026-10-24,wk inc covid hosp,quantile,0.1,4.011316344486087
29,2026-10-03,3,2026-10-24,wk inc covid hosp,quantile,0.1,23.84457905428812
30,2026-10-03,3,2026-10-24,wk inc covid hosp,quantile,0.1,0.0
31,2026-10-03,3,2026-10-24,wk inc covid hosp,quantile,0.1,0.0
32,2026-10-03,3,2026-10-24,wk inc covid hosp,quantile,0.1,12.316102676206905
33,2026-10-03,3,2026-10-24,wk inc covid hosp,quantile,0.1,6.37881007814868
34,2026-10-03,3,2026-10-24,wk inc covid hosp,quantile,0.1,73.56790693025269
35,2026-10-03,3,2026-10-24,wk inc covid hosp,quantile,0.1,0.0
36,2026-10-03,3,2026-10-24,wk inc covid hosp,quantile,0.1,225.21943764814034
37,2026-10-03,3,2026-10-24,wk inc covid hosp,quantile,0.1,111.73948827206408
38,2026-10-03,3,2026-10-24,wk inc covid hosp,quantile,0.1,0.0
39,2026-10-03,3,2026-10-24,wk inc covid hosp,quantile,0.1,29.49006778056967
40,2026-10-03,3,2026-10-24,wk inc covid hosp,quantile,0.1,2.079471288596113
41,2026-10-03,3,2026-10-24,wk inc covid hosp,quantile,0.1,31.72944928777413
42,2026-10-03,3,2026-10-24,wk inc covid hosp,quantile,0.1,108.23490767351593
44,2026-10-03,3,2026-10-24,wk inc covid hosp,quantile,0.1,0.09326858832352208
45,2026-10-03,3,2026-10-24,wk inc covid hosp,quantile,0.1,33.002697265036765
46,2026-10-03,3,2026-10-24,wk inc covid hosp,quantile,0.1,0.0
47,2026-10-03,3,2026-10-24,wk inc covid hosp,quantile,0.1,16.08689066588044
48,2026-10-03,3,2026-10-24,wk inc covid hosp,quantile,0.1,193.59034191115944
49,2026-10-03,3,2026-10-24,wk inc covid hosp,quantile,0.1,9.08753845826016
50,2026-10-03,3,2026-10-24,wk inc covid hosp,quantile,0.1,1.386999388221746
51,2026-10-03,3,2026-10-24,wk inc covid hosp,quantile,0.1,22.62419888375478
53,2026-10-03,3,2026-10-24,wk inc covid hosp,quantile,0.1,148.00262875065613
54,2026-10-03,3,2026-10-24,wk inc covid hosp,quantile,0.1,13.408972979882506
55,2026-10-03,3,2026-10-24,wk inc covid hosp,quantile,0.1,13.702314951766216
56,2026-10-03,3,2026-10-24,wk inc covid hosp,quantile,0.1,0.0
72,2026-10-03,3,2026-10-24,wk inc covid hosp,quantile,0.1,26.286459288650143
US,2026-10-03,3,2026-10-24,wk inc covid hosp,quantile,0.1,3512.4325192366223
01,2026-10-03,0,2026-10-03,wk inc covid hosp,quantile,0.15,84.01302650506457
02,2026-10-03,0,2026-10-03,wk inc covid hosp,quantile,0.15,0.0
04,2026-10-03,0,2026-10-03,wk inc covid hosp,quantile,0.15,51.11357865262165
05,2026-10-03,0,2026-10-03,wk inc covid hosp,quantile,0.15,12.543187494900941
06,2026-10-03,0,2026-10-03,wk inc covid hosp,quantile,0.15,935.1620089482175
08,2026-10-03,0,2026-10-03,wk inc covid hosp,quantile,0.15,24.275267498897374
09,2026-10-03,0,2026-10-03,wk inc covid hosp,quantile,0.15,21.87904871812348
10,2026-10-03,0,2026-10-03,wk inc covid hosp,quantile,0.15,7.694479740676544
11,2026-10-03,0,2026-10-03,wk inc covid hosp,quantile,0.15,4.6101881547467
12,2026-10-03,0,2026-10-03,wk inc covid hosp,quantile,0.15,422.54471968132765
13,2026-10-03,0,2026-10-03,wk inc covid hosp,quantile,0.15,64.50667606262313
15,2026-10-03,0,2026-10-03,wk inc covid hosp,quantile,0.15,35.56816727424476
16,2026-10-03,0,2026-10-03,wk inc covid hosp,quantile,0.15,11.00492479758985
17,2026-10-03,0,2026-10-03,wk inc covid hosp,quantile,0.15,52.7808963108908
18,2026-10-03,0,2026-10-03,wk inc covid hosp,quantile,0.15,14.470613591510066
19,2026-10-03,0,2026-10-03,wk inc covid hosp,quantile,0.15,9.341848958283467
20,2026-10-03,0,2026-10-03,wk inc covid hosp,quantile,0.15,0.40311772398612544
21,2026-10-03,0,2026-10-03,wk inc covid hosp,quantile,0.15,7.898672728548365
22,2026-10-03,0,2026-10-03,wk inc covid hosp,quantile,0.15,65.13562145512013
23,2026-10-03,0,2026-10-03,wk inc covid hosp,quantile,0.15,2.9371089486548483
24,2026-10-03,0,2026-10-03,wk inc covid hosp,quantile,0.15,30.842983450509305
25,2026-10-03,0,2026-10-03,wk inc covid hosp,quantile,0.15,37.702149483636866
26,2026-10-03,0,2026-10-03,wk inc covid hosp,quantile,0.15,22.37231902493279
27,2026-10-03,0,2026-10-03,wk inc covid hosp,quantile,0.15,21.640676477879943
28,2026-10-03,0,2026-10-03,wk inc covid hosp,quantile,0.15,13.964325557170252
29,2026-10-03,0,2026-10-03,wk inc covid hosp,quantile,0.15,32.08198588005409
30,2026-10-03,0,2026-10-03,wk inc covid hosp,quantile,0.15,1.6049812293956878
31,2026-10-03,0,2026-10-03,wk inc covid hosp,quantile,0.15,2.5015677616654886
32,2026-10-03,0,2026-10-03,wk inc covid hosp,quantile,0.15,21.76990290411955
33,2026-10-03,0,2026-10-03,wk inc covid hosp,quantile,0.15,9.811844282232853
34,2026-10-03,0,2026-10-03,wk inc covid hosp,quantile,0.15,107.14877303067388
35,2026-10-03,0,2026-10-03,wk inc covid hosp,quantile,0.15,1.8395437938206536
36,2026-10-03,0,2026-10-03,wk inc covid hosp,quantile,0.15,250.41006921940348
37,2026-10-03,0,2026-10-03,wk inc covid hosp,quantile,0.15,152.82913153812095
38,2026-10-03,0,2026-10-03,wk inc covid hosp,quantile,0.15,1.091560042899229
39,2026-10-03,0,2026-10-03,wk inc covid hosp,quantile,0.15,42.29636951911034
40,2026-10-03,0,2026-10-03,wk inc covid hosp,quantile,0.15,8.128143416092337
41,2026-10-03,0,2026-10-03,wk inc covid hosp,quantile,0.15,39.695824178151625
42,2026-10-03,0,2026-10-03,wk inc covid hosp,quantile,0.15,141.87513436167276
44,2026-10-03,0,2026-10-03,wk inc covid hosp,quantile,0.15,3.5665382522435563
45,2026-10-03,0,2026-10-03,wk inc covid hosp,quantile,0.15,53.74438499971461
46,2026-10-03,0,2026-10-03,wk inc covid hosp,quantile,0.15,0.10826645459449306
47,2026-10-03,0,2026-10-03,wk inc covid hosp,quantile,0.15,36.73278888827497
48,2026-10-03,0,2026-10-03,wk inc covid hosp,quantile,0.15,331.049429033341
49,2026-10-03,0,2026-10-03,wk inc covid hosp,quantile,0.15,15.338859132338397
50,2026-10-03,0,2026-10-03,wk inc covid hosp,quantile,0.15,4.251519871845492
51,2026-10-03,0,2026-10-03,wk inc covid hosp,quantile,0.15,34.7454834507716
53,2026-10-03,0,2026-10-03,wk inc covid hosp,quantile,0.15,172.3620564539848
54,2026-10-03,0,2026-10-03,wk inc covid hosp,quantile,0.15,16.738485467233215
55,2026-10-03,0,2026-10-03,wk inc covid hosp,quantile,0.15,21.15283291195037
56,2026-10-03,0,2026-10-03,wk inc covid hosp,quantile,0.15,1.5746777290821128
72,2026-10-03,0,2026-10-03,wk inc covid hosp,quantile,0.15,57.910360647472594
US,2026-10-03,0,2026-10-03,wk inc covid hosp,quantile,0.15,4005.4050741699953
01,2026-10-03,1,2026-10-10,wk inc covid hosp,quantile,0.15,78.21379635270574
02,2026-10-03,1,2026-10-10,wk inc covid hosp,quantile,0.15,0.0
04,2026-10-03,1,2026-10-10,wk inc covid hosp,quantile,0.15,46.258520078243514
05,2026-10-03,1,2026-10-10,wk inc covid hosp,quantile,0.15,11.127171939415696
06,2026-10-03,1,2026-10-10,wk inc covid hosp,quantile,0.15,904.7309163661298
08,2026-10-03,1,2026-10-10,wk inc covid hosp,quantile,0.15,22.926900639058132
09,2026-10-03,1,2026-10-10,wk inc covid hosp,quantile,0.15,19.79339413638439
10,2026-10-03,1,2026-10-10,wk inc covid hosp,quantile,0.15,6.831284826665715
11,2026-10-03,1,2026-10-10,wk inc covid hosp,quantile,0.15,3.2758116890540707
12,2026-10-03,1,2026-10-10,wk inc covid hosp,quantile,0.15,370.49763513618825
13,2026-10-03,1,2026-10-10,wk inc covid hosp,quantile,0.15,57.50083574470276
15,2026-10-03,1,2026-10-10,wk inc covid hosp,quantile,0.15,33.0420045920954
16,2026-10-03,1,2026-10-10,wk inc covid hosp,quantile,0.15,9.956787302028152
17,2026-10-03,1,2026-10-10,wk inc covid hosp,quantile,0.15,52.58692679275307
18,2026-10-03,1,2026-10-10,wk inc covid hosp,quantile,0.15,13.22072273331715
19,2026-10-03,1,2026-10-10,wk inc covid hosp,quantile,0.15,8.542645098838667
20,2026-10-03,1,2026-10-10,wk inc covid hosp,quantile,0.15,0.0
21,2026-10-03,1,2026-10-10,wk inc covid hosp,quantile,0.15,6.063045428883137
22,2026-10-03,1,2026-10-10,wk inc covid hosp,quantile,0.15,58.63139743743417
23,2026-10-03,1,2026-10-10,wk inc covid hosp,quantile,0.15,2.963703233520878
24,2026-10-03,1,2026-10-10,wk inc covid hosp,quantile,0.15,30.92729470303153
25,2026-10-03,1,2026-10-10,wk inc covid hosp,quantile,0.15,37.68906261940912
26,2026-10-03,1,2026-10-10,wk inc covid hosp,quantile,0.15,20.763581432952446
27,2026-10-03,1,2026-10-10,wk inc covid hosp,quantile,0.15,20.62820909204852
28,2026-10-03,1,2026-10-10,wk inc covid hosp,quantile,0.15,10.737868430845635
29,2026-10-03,1,2026-10-10,wk inc covid hosp,quantile,0.15,30.46685403403021
30,2026-10-03,1,2026-10-10,wk inc covid hosp,quantile,0.15,0.46388091507381185
31,2026-10-03,1,2026-10-10,wk inc covid hosp,quantile,0.15,1.5219657554980688
32,2026-10-03,1,2026-10-10,wk inc covid hosp,quantile,0.15,19.457485052107387
33,2026-10-03,1,2026-10-10,wk inc covid hosp,quantile,0.15,9.91195202156186
34,2026-10-03,1,2026-10-10,wk inc covid hosp,quantile,0.15,102.70744560469956
35,2026-10-03,1,2026-10-10,wk inc covid hosp,quantile,0.15,0.9009891531254587
36,2026-10-03,1,2026-10-10,wk inc covid hosp,quantile,0.15,247.77461458840833
37,2026-10-03,1,2026-10-10,wk inc covid hosp,quantile,0.15,141.80318284603942
38,2026-10-03,1,2026-10-10,wk inc covid hosp,quantile,0.15,0.9448880879355623
39,2026-10-03,1,2026-10-10,wk inc covid hosp,quantile,0.15,40.22908488815122
40,2026-10-03,1,2026-10-10,wk inc covid hosp,quantile,0.15,6.274051414515974
41,2026-10-03,1,2026-10-10,wk inc covid hosp,quantile,0.15,39.080130018516805
42,2026-10-03,1,2026-10-10,wk inc covid hosp,quantile,0.15,135.91676902992526
44,2026-10-03,1,2026-10-10,wk inc covid hosp,quantile,0.15,2.2815811977434834
45,2026-10-03,1,2026-10-10,wk inc covid hosp,quantile,0.15,48.373771320611155
46,2026-10-03,1,2026-10-10,wk inc covid hosp,quantile,0.15,0.0
47,2026-10-03,1,2026-10-10,wk inc covid hosp,quantile,0.15,29.348577741146418
48,2026-10-03,1,2026-10-10,wk inc covid hosp,quantile,0.15,290.2175845026818
49,2026-10-03,1,2026-10-10,wk inc covid hosp,quantile,0.15,14.094324309294239
50,2026-10-03,1,2026-10-10,wk inc covid hosp,quantile,0.15,3.7283534536396292
51,2026-10-03,1,2026-10-10,wk inc covid hosp,quantile,0.15,32.678654420294876
53,2026-10-03,1,2026-10-10,wk inc covid hosp,quantile,0.15,173.5126573986841
54,2026-10-03,1,2026-10-10,wk inc covid hosp,quantile,0.15,16.78273685000442
55,2026-10-03,1,2026-10-10,wk inc covid hosp,quantile,0.15,19.668373705446626
56,2026-10-03,1,2026-10-10,wk inc covid hosp,quantile,0.15,1.22849667230965
72,2026-10-03,1,2026-10-10,wk inc covid hosp,quantile,0.15,45.994669405794724
US,2026-10-03,1,2026-10-10,wk inc covid hosp,quantile,0.15,3910.44524308323
01,2026-10-03,2,2026-10-17,wk inc covid hosp,quantile,0.15,73.09284287889105
02,2026-10-03,2,2026-10-17,wk inc covid hosp,quantile,0.15,0.0
04,2026-10-03,2,2026-10-17,wk inc covid hosp,quantile,0.15,41.280981833359725
05,2026-10-03,2,2026-10-17,wk inc covid hosp,quantile,0.15,10.324855239058595
06,2026-10-03,2,2026-10-17,wk inc covid hosp,quantile,0.15,880.1986965478582
08,2026-10-03,2,2026-10-17,wk inc covid hosp,quantile,0.15,22.136726321908252
09,2026-10-03,2,2026-10-17,wk inc covid hosp,quantile,0.15,18.562774834530778
10,2026-10-03,2,2026-10-17,wk inc covid hosp,quantile,0.15,6.106356504598044
11,2026-10-03,2,2026-10-17,wk inc covid hosp,quantile,0.15,2.746355797548484
12,2026-10-03,2,2026-10-17,wk inc covid hosp,quantile,0.15,328.1650693545096
13,2026-10-03,2,2026-10-17,wk inc covid hosp,quantile,0.15,51.65498461070305
15,2026-10-03,2,2026-10-17,wk inc covid hosp,quantile,0.15,29.917292114006564
16,2026-10-03,2,2026-10-17,wk inc covid hosp,quantile,0.15,8.85511099331858
17,2026-10-03,2,2026-10-17,wk inc covid hosp,quantile,0.15,53.373891502174736
18,2026-10-03,2,2026-10-17,wk inc covid hosp,quantile,0.15,11.31522772782666
19,2026-10-03,2,2026-10-17,wk inc covid hosp,quantile,0.15,7.399950179269212
20,2026-10-03,2,2026-10-17,wk inc covid hosp,quantile,0.15,0.0
21,2026-10-03,2,2026-10-17,wk inc covid hosp,quantile,0.15,4.9540321866602595
22,2026-10-03,2,2026-10-17,wk inc covid hosp,quantile,0.15,53.365146673658955
23,2026-10-03,2,2026-10-17,wk inc covid hosp,quantile,0.15,2.7837405491528364
24,2026-10-03,2,2026-10-17,wk inc covid hosp,quantile,0.15,29.495124035502812
25,2026-10-03,2,2026-10-17,wk inc covid hosp,quantile,0.15,37.88449559543154
26,2026-10-03,2,2026-10-17,wk inc covid hosp,quantile,0.15,18.901021798286646
27,2026-10-03,2,2026-10-17,wk inc covid hosp,quantile,0.15,19.9342905588963
28,2026-10-03,2,2026-10-17,wk inc covid hosp,quantile,0.15,8.706965513861807
29,2026-10-03,2,2026-10-17,wk inc covid hosp,quantile,0.15,30.12077430829193
30,2026-10-03,2,2026-10-17,wk inc covid hosp,quantile,0.15,0.0
31,2026-10-03,2,2026-10-17,wk inc covid hosp,quantile,0.15,1.2450092117994551
32,2026-10-03,2,2026-10-17,wk inc covid hosp,quantile,0.15,17.229361606136145
33,2026-10-03,2,2026-10-17,wk inc covid hosp,quantile,0.15,9.729734971912615
34,2026-10-03,2,2026-10-17,wk inc covid hosp,quantile,0.15,95.63451354808971
35,2026-10-03,2,2026-10-17,wk inc covid hosp,quantile,0.15,0.0
36,2026-10-03,2,2026-10-17,wk inc covid hosp,quantile,0.15,251.5971128742114
37,2026-10-03,2,2026-10-17,wk inc covid hosp,quantile,0.15,135.67433576336464
38,2026-10-03,2,2026-10-17,wk inc covid hosp,quantile,0.15,0.7461315218134047
39,2026-10-03,2,2026-10-17,wk inc covid hosp,quantile,0.15,39.17197786127725
40,2026-10-03,2,2026-10-17,wk inc covid hosp,quantile,0.15,5.065205430045093
41,2026-10-03,2,2026-10-17,wk inc covid hosp,quantile,0.15,36.875973292136266
42,2026-10-03,2,2026-10-17,wk inc covid hosp,quantile,0.15,137.8594560759134
44,2026-10-03,2,2026-10-17,wk inc covid hosp,quantile,0.15,1.5559431252955966
45,2026-10-03,2,2026-10-17,wk inc covid hosp,quantile,0.15,43.25937608359075
46,2026-10-03,2,2026-10-17,wk inc covid hosp,quantile,0.15,0.0
47,2026-10-03,2,2026-10-17,wk inc covid hosp,quantile,0.15,25.516912871721523
48,2026-10-03,2,2026-10-17,wk inc covid hosp,quantile,0.15,259.34122653762455
49,2026-10-03,2,2026-10-17,wk inc covid hosp,quantile,0.15,13.61743139437318
50,2026-10-03,2,2026-10-17,wk inc covid hosp,quantile,0.15,3.1785556846707315
51,2026-10-03,2,2026-10-17,wk inc covid hosp,quantile,0.15,30.288246416112663
53,2026-10-03,2,2026-10-17,wk inc covid hosp,quantile,0.15,169.86820144987942
54,2026-10-03,2,2026-10-17,wk inc covid hosp,quantile,0.15,16.152711370251684
55,2026-10-03,2,2026-10-17,wk inc covid hosp,quantile,0.15,19.844545431377583
56,2026-10-03,2,2026-10-17,wk inc covid hosp,quantile,0.15,0.8160402040140228
72,2026-10-03,2,2026-10-17,wk inc covid hosp,quantile,0.15,40.37071612723589
US,2026-10-03,2,2026-10-17,wk inc covid hosp,quantile,0.15,3910.264797683959
01,2026-10-03,3,2026-10-24,wk inc covid hosp,quantile,0.15,69.55285031540983
02,2026-10-03,3,2026-10-24,wk inc covid hosp,quantile,0.15,0.0
04,2026-10-03,3,2026-10-24,wk inc covid hosp,quantile,0.15,37.846984873261285
05,2026-10-03,3,2026-10-24,wk inc covid hosp,quantile,0.15,9.496124014080282
06,2026-10-03,3,2026-10-24,wk inc covid hosp,quantile,0.15,850.5132335802328
08,2026-10-03,3,2026-10-24,wk inc covid hosp,quantile,0.15,21.741166061951656
09,2026-10-03,3,2026-10-24,wk inc covid hosp,quantile,0.15,17.038432675710144
10,2026-10-03,3,2026-10-24,wk inc covid hosp,quantile,0.15,5.2927222231834286
11,2026-10-03,3,2026-10-24,wk inc covid hosp,quantile,0.15,2.19999549458723
12,2026-10-03,3,2026-10-24,wk inc covid hosp,quantile,0.15,286.3601096573806
13,2026-10-03,3,2026-10-24,wk inc covid hosp,quantile,0.15,48.15057435011748
15,2026-10-03,3,2026-10-24,wk inc covid hosp,quantile,0.15,26.961883141774877
16,2026-10-03,3,2026-10-24,wk inc covid hosp,quantile,0.15,8.445752698048826
17,2026-10-03,3,2026-10-24,wk inc covid hosp,quantile,0.15,54.2422569795038
18,2026-10-03,3,2026-10-24,wk inc covid hosp,quantile,0.15,11.268643037133964
19,2026-10-03,3,2026-10-24,wk inc covid hosp,quantile,0.15,7.467775345022289
20,2026-10-03,3,2026-10-24,wk inc covid hosp,quantile,0.15,0.0
21,2026-10-03,3,2026-10-24,wk inc covid hosp,quantile,0.15,3.7353837753088457
22,2026-10-03,3,2026-10-24,wk inc covid hosp,quantile,0.15,49.75406644165182
23,2026-10-03,3,2026-10-24,wk inc covid hosp,quantile,0.15,2.4375577810596325
24,2026-10-03,3,2026-10-24,wk inc covid hosp,quantile,0.15,30.245433541496542
25,2026-10-03,3,2026-10-24,wk inc covid hosp,quantile,0.15,38.47272788159255
26,2026-10-03,3,2026-10-24,wk inc covid hosp,quantile,0.15,18.66308752559494
27,2026-10-03,3,2026-10-24,wk inc covid hosp,quantile,0.15,19.508760578781498
28,2026-10-03,3,2026-10-24,wk inc covid hosp,quantile,0.15,6.808643224454843
29,2026-10-03,3,2026-10-24,wk inc covid hosp,quantile,0.15,29.46160966406744
30,2026-10-03,3,2026-10-24,wk inc covid hosp,quantile,0.15,0.0
31,2026-10-03,3,2026-10-24,wk inc covid hosp,quantile,0.15,1.243040322499748
32,2026-10-03,3,2026-10-24,wk inc covid hosp,quantile,0.15,15.810521680501505
33,2026-10-03,3,2026-10-24,wk inc covid hosp,quantile,0.15,8.904174328042494
34,2026-10-03,3,2026-10-24,wk inc covid hosp,quantile,0.15,91.61160441049248
35,2026-10-03,3,2026-10-24,wk inc covid hosp,quantile,0.15,0.0
36,2026-10-03,3,2026-10-24,wk inc covid hosp,quantile,0.15,249.9082663912565
37,2026-10-03,3,2026-10-24,wk inc covid hosp,quantile,0.15,128.90383055309343
38,2026-10-03,3,2026-10-24,wk inc covid hosp,quantile,0.15,0.5163323837335967
39,2026-10-03,3,2026-10-24,wk inc covid hosp,quantile,0.15,39.10228004803754
40,2026-10-03,3,2026-10-24,wk inc covid hosp,quantile,0.15,4.552210465127266
41,2026-10-03,3,2026-10-24,wk inc covid hosp,quantile,0.15,36.89136371863116
42,2026-10-03,3,2026-10-24,wk inc covid hosp,quantile,0.15,134.26020029611067
44,2026-10-03,3,2026-10-24,wk inc covid hosp,quantile,0.15,1.222209852538342
45,2026-10-03,3,2026-10-24,wk inc covid hosp,quantile,0.15,40.60121732597181
46,2026-10-03,3,2026-10-24,wk inc covid hosp,quantile,0.15,0.0
47,2026-10-03,3,2026-10-24,wk inc covid hosp,quantile,0.15,23.12055205342808
48,2026-10-03,3,2026-10-24,wk inc covid hosp,quantile,0.15,239.71781114995397
49,2026-10-03,3,2026-10-24,wk inc covid hosp,quantile,0.15,12.118391157949322
50,2026-10-03,3,2026-10-24,wk inc covid hosp,quantile,0.15,2.5896248743013643
51,2026-10-03,3,2026-10-24,wk inc covid hosp,quantile,0.15,28.85536055824485
53,2026-10-03,3,2026-10-24,wk inc covid hosp,quantile,0.15,163.78975729325188
54,2026-10-03,3,2026-10-24,wk inc covid hosp,quantile,0.15,16.73350547443662
55,2026-10-03,3,2026-10-24,wk inc covid hosp,quantile,0.15,19.32513857481897
56,2026-10-03,3,2026-10-24,wk inc covid hosp,quantile,0.15,0.47797450563445093
72,2026-10-03,3,2026-10-24,wk inc covid hosp,quantile,0.15,34.52263743551415
US,2026-10-03,3,2026-10-24,wk inc covid hosp,quantile,0.15,3881.2599717168546
01,2026-10-03,0,2026-10-03,wk inc covid hosp,quantile,0.2,87.22066082847164
02,2026-10-03,0,2026-10-03,wk inc covid hosp,quantile,0.2,0.0
04,2026-10-03,0,2026-10-03,wk inc covid hosp,quantile,0.2,55.69139014434393
05,2026-10-03,0,2026-10-03,wk inc covid hosp,quantile,0.2,14.058174385214906
06,2026-10-03,0,2026-10-03,wk inc covid hosp,quantile,0.2,963.4538323900726
08,2026-10-03,0,2026-10-03,wk inc covid hosp,quantile,0.2,26.406375111684813
09,2026-10-03,0,2026-10-03,wk inc covid hosp,quantile,0.2,24.59377279145483
10,2026-10-03,0,2026-10-03,wk inc covid hosp,quantile,0.2,8.619724589918167
11,2026-10-03,0,2026-10-03,wk inc covid hosp,quantile,0.2,5.2831701085413085
12,2026-10-03,0,2026-10-03,wk inc covid hosp,quantile,0.2,445.7510082822935
13,2026-10-03,0,2026-10-03,wk inc covid hosp,quantile,0.2,68.49052868903932
15,2026-10-03,0,2026-10-03,wk inc covid hosp,quantile,0.2,37.64502901331969
16,2026-10-03,0,2026-10-03,wk inc covid hosp,quantile,0.2,12.009522353763554
17,2026-10-03,0,2026-10-03,wk inc covid hosp,quantile,0.2,56.700356100892236
18,2026-10-03,0,2026-10-03,wk inc covid hosp,quantile,0.2,16.429987431062226
19,2026-10-03,0,2026-10-03,wk inc covid hosp,quantile,0.2,10.548813060491627
20,2026-10-03,0,2026-10-03,wk inc covid hosp,quantile,0.2,1.1720834646782738
21,2026-10-03,0,2026-10-03,wk inc covid hosp,quantile,0.2,9.656455478492015
22,2026-10-03,0,2026-10-03,wk inc covid hosp,quantile,0.2,68.69105594733132
23,2026-10-03,0,2026-10-03,wk inc covid hosp,quantile,0.2,3.588935368413527
24,2026-10-03,0,2026-10-03,wk inc covid hosp,quantile,0.2,33.3210970064885
25,2026-10-03,0,2026-10-03,wk inc covid hosp,quantile,0.2,41.004430964955
26,2026-10-03,0,2026-10-03,wk inc covid hosp,quantile,0.2,26.267153741235575
27,2026-10-03,0,2026-10-03,wk inc covid hosp,quantile,0.2,23.684061617754875
28,2026-10-03,0,2026-10-03,wk inc covid hosp,quantile,0.2,15.617743429053768
29,2026-10-03,0,2026-10-03,wk inc covid hosp,quantile,0.2,34.725955447371696
30,2026-10-03,0,2026-10-03,wk inc covid hosp,quantile,0.2,2.1697748070331775
31,2026-10-03,0,2026-10-03,wk inc covid hosp,quantile,0.2,3.105303700533893
32,2026-10-03,0,2026-10-03,wk inc covid hosp,quantile,0.2,23.26807147569847
33,2026-10-03,0,2026-10-03,wk inc covid hosp,quantile,0.2,10.983258470625444
34,2026-10-03,0,2026-10-03,wk inc covid hosp,quantile,0.2,115.15224889408456
35,2026-10-03,0,2026-10-03,wk inc covid hosp,quantile,0.2,2.6490130444648083
36,2026-10-03,0,2026-10-03,wk inc covid hosp,quantile,0.2,259.10247723796516
37,2026-10-03,0,2026-10-03,wk inc covid hosp,quantile,0.2,159.34620697531372
38,2026-10-03,0,2026-10-03,wk inc covid hosp,quantile,0.2,1.4731018542968881
39,2026-10-03,0,2026-10-03,wk inc covid hosp,quantile,0.2,46.63032858788257
40,2026-10-03,0,2026-10-03,wk inc covid hosp,quantile,0.2,9.181859835460758
41,2026-10-03,0,2026-10-03,wk inc covid hosp,quantile,0.2,41.888311608471795
42,2026-10-03,0,2026-10-03,wk inc covid hosp,quantile,0.2,150.3549488541009
44,2026-10-03,0,2026-10-03,wk inc covid hosp,quantile,0.2,4.217994641316007
45,2026-10-03,0,2026-10-03,wk inc covid hosp,quantile,0.2,56.92962280343457
46,2026-10-03,0,2026-10-03,wk inc covid hosp,quantile,0.2,0.5354032286531545
47,2026-10-03,0,2026-10-03,wk inc covid hosp,quantile,0.2,39.82693568749434
48,2026-10-03,0,2026-10-03,wk inc covid hosp,quantile,0.2,353.71099766592846
49,2026-10-03,0,2026-10-03,wk inc covid hosp,quantile,0.2,16.706813073382605
50,2026-10-03,0,2026-10-03,wk inc covid hosp,quantile,0.2,4.981288665847202
51,2026-10-03,0,2026-10-03,wk inc covid hosp,quantile,0.2,37.3546177687926
53,2026-10-03,0,2026-10-03,wk inc covid hosp,quantile,0.2,177.55563922342535
54,2026-10-03,0,2026-10-03,wk inc covid hosp,quantile,0.2,17.99811978705086
55,2026-10-03,0,2026-10-03,wk inc covid hosp,quantile,0.2,23.548466322326963
56,2026-10-03,0,2026-10-03,wk inc covid hosp,quantile,0.2,2.2209061319886376
72,2026-10-03,0,2026-10-03,wk inc covid hosp,quantile,0.2,62.664902423681475
US,2026-10-03,0,2026-10-03,wk inc covid hosp,quantile,0.2,4117.694715907775
01,2026-10-03,1,2026-10-10,wk inc covid hosp,quantile,0.2,83.51160158876502
02,2026-10-03,1,2026-10-10,wk inc covid hosp,quantile,0.2,0.0
04,2026-10-03,1,2026-10-10,wk inc covid hosp,quantile,0.2,51.85512932778131
05,2026-10-03,1,2026-10-10,wk inc covid hosp,quantile,0.2,12.832921283109847
06,2026-10-03,1,2026-10-10,wk inc covid hosp,quantile,0.2,938.8684864662719
08,2026-10-03,1,2026-10-10,wk inc covid hosp,quantile,0.2,25.82022645560749
09,2026-10-03,1,2026-10-10,wk inc covid hosp,quantile,0.2,23.099189588071006
10,2026-10-03,1,2026-10-10,wk inc covid hosp,quantile,0.2,7.959662298343722
11,2026-10-03,1,2026-10-10,wk inc covid hosp,quantile,0.2,4.253199238915742
12,2026-10-03,1,2026-10-10,wk inc covid hosp,quantile,0.2,405.6945296198377
13,2026-10-03,1,2026-10-10,wk inc covid hosp,quantile,0.2,62.94939830979662
15,2026-10-03,1,2026-10-10,wk inc covid hosp,quantile,0.2,35.56623948183833
16,2026-10-03,1,2026-10-10,wk inc covid hosp,quantile,0.2,11.422881772131447
17,2026-10-03,1,2026-10-10,wk inc covid hosp,quantile,0.2,58.13198663231693
18,2026-10-03,1,2026-10-10,wk inc covid hosp,quantile,0.2,16.292718860930965
19,2026-10-03,1,2026-10-10,wk inc covid hosp,quantile,0.2,10.381947447213632
20,2026-10-03,1,2026-10-10,wk inc covid hosp,quantile,0.2,0.36994959253917187
21,2026-10-03,1,2026-10-10,wk inc covid hosp,quantile,0.2,7.98393469198095
22,2026-10-03,1,2026-10-10,wk inc covid hosp,quantile,0.2,64.99683045743554
23,2026-10-03,1,2026-10-10,wk inc covid hosp,quantile,0.2,3.8111206307880177
24,2026-10-03,1,2026-10-10,wk inc covid hosp,quantile,0.2,34.03864035986435
25,2026-10-03,1,2026-10-10,wk inc covid hosp,quantile,0.2,41.602872284859515
26,2026-10-03,1,2026-10-10,wk inc covid hosp,quantile,0.2,26.158842402240666
27,2026-10-03,1,2026-10-10,wk inc covid hosp,quantile,0.2,23.48393059481615
28,2026-10-03,1,2026-10-10,wk inc covid hosp,quantile,0.2,12.758549824826973
29,2026-10-03,1,2026-10-10,wk inc covid hosp,quantile,0.2,33.670852212932736
30,2026-10-03,1,2026-10-10,wk inc covid hosp,quantile,0.2,1.339257284941651
31,2026-10-03,1,2026-10-10,wk inc covid hosp,quantile,0.2,2.525656342219506
32,2026-10-03,1,2026-10-10,wk inc covid hosp,quantile,0.2,21.498321679111804
33,2026-10-03,1,2026-10-10,wk inc covid hosp,quantile,0.2,11.484007531124648
34,2026-10-03,1,2026-10-10,wk inc covid hosp,quantile,0.2,111.56663973680449
35,2026-10-03,1,2026-10-10,wk inc covid hosp,quantile,0.2,1.6504578224176978
36,2026-10-03,1,2026-10-10,wk inc covid hosp,quantile,0.2,261.5797031264739
37,2026-10-03,1,2026-10-10,wk inc covid hosp,quantile,0.2,151.52939898560894
38,2026-10-03,1,2026-10-10,wk inc covid hosp,quantile,0.2,1.5378948382806694
39,2026-10-03,1,2026-10-10,wk inc covid hosp,quantile,0.2,45.260606863172626
40,2026-10-03,1,2026-10-10,wk inc covid hosp,quantile,0.2,7.6964524746200915
41,2026-10-03,1,2026-10-10,wk inc covid hosp,quantile,0.2,42.28509035225079
42,2026-10-03,1,2026-10-10,wk inc covid hosp,quantile,0.2,150.32567424087713
44,2026-10-03,1,2026-10-10,wk inc covid hosp,quantile,0.2,3.26210059364425
45,2026-10-03,1,2026-10-10,wk inc covid hosp,quantile,0.2,53.68551799348673
46,2026-10-03,1,2026-10-10,wk inc covid hosp,quantile,0.2,0.0
47,2026-10-03,1,2026-10-10,wk inc covid hosp,quantile,0.2,33.773138957167255
48,2026-10-03,1,2026-10-10,wk inc covid hosp,quantile,0.2,315.82745525497927
49,2026-10-03,1,2026-10-10,wk inc covid hosp,quantile,0.2,16.11672351067967
50,2026-10-03,1,2026-10-10,wk inc covid hosp,quantile,0.2,4.529951972230014
51,2026-10-03,1,2026-10-10,wk inc covid hosp,quantile,0.2,36.02488631116881
53,2026-10-03,1,2026-10-10,wk inc covid hosp,quantile,0.2,181.91675649341877
54,2026-10-03,1,2026-10-10,wk inc covid hosp,quantile,0.2,18.898097113812526
55,2026-10-03,1,2026-10-10,wk inc covid hosp,quantile,0.2,23.182773215809963
56,2026-10-03,1,2026-10-10,wk inc covid hosp,quantile,0.2,1.87845682847097
72,2026-10-03,1,2026-10-10,wk inc covid hosp,quantile,0.2,51.42327037373335
US,2026-10-03,1,2026-10-10,wk inc covid hosp,quantile,0.2,4092.64926587885
01,2026-10-03,2,2026-10-17,wk inc covid hosp,quantile,0.2,79.437621408876
02,2026-10-03,2,2026-10-17,wk inc covid hosp,quantile,0.2,0.0
04,2026-10-03,2,2026-10-17,wk inc covid hosp,quantile,0.2,46.92985569568355
05,2026-10-03,2,2026-10-17,wk inc covid hosp,quantile,0.2,12.868567316577577
06,2026-10-03,2,2026-10-17,wk inc covid hosp,quantile,0.2,924.0178898598024
08,2026-10-03,2,2026-10-17,wk inc covid hosp,quantile,0.2,26.473393086535605
09,2026-10-03,2,2026-10-17,wk inc covid hosp,quantile,0.2,22.73785627177635
10,2026-10-03,2,2026-10-17,wk inc covid hosp,quantile,0.2,7.490559943996397
11,2026-10-03,2,2026-10-17,wk inc covid hosp,quantile,0.2,3.785649090593108
12,2026-10-03,2,2026-10-17,wk inc covid hosp,quantile,0.2,368.0071938673122
13,2026-10-03,2,2026-10-17,wk inc covid hosp,quantile,0.2,58.45295034169042
15,2026-10-03,2,2026-10-17,wk inc covid hosp,quantile,0.2,33.116485083232234
16,2026-10-03,2,2026-10-17,wk inc covid hosp,quantile,0.2,10.764252082461852
17,2026-10-03,2,2026-10-17,wk inc covid hosp,quantile,0.2,60.67522010275905
18,2026-10-03,2,2026-10-17,wk inc covid hosp,quantile,0.2,15.436294732982034
19,2026-10-03,2,2026-10-17,wk inc covid hosp,quantile,0.2,9.4256993192102
20,2026-10-03,2,2026-10-17,wk inc covid hosp,quantile,0.2,0.0
21,2026-10-03,2,2026-10-17,wk inc covid hosp,quantile,0.2,7.513912477936096
22,2026-10-03,2,2026-10-17,wk inc covid hosp,quantile,0.2,59.13303496316169
23,2026-10-03,2,2026-10-17,wk inc covid hosp,quantile,0.2,4.023014004193636
24,2026-10-03,2,2026-10-17,wk inc covid hosp,quantile,0.2,33.9639256627575
25,2026-10-03,2,2026-10-17,wk inc covid hosp,quantile,0.2,43.4990194152989
26,2026-10-03,2,2026-10-17,wk inc covid hosp,quantile,0.2,27.090706182364098
27,2026-10-03,2,2026-10-17,wk inc covid hosp,quantile,0.2,23.497219985363706
28,2026-10-03,2,2026-10-17,wk inc covid hosp,quantile,0.2,10.833426755046116
29,2026-10-03,2,2026-10-17,wk inc covid hosp,quantile,0.2,35.17114188409503
30,2026-10-03,2,2026-10-17,wk inc covid hosp,quantile,0.2,0.7869439221341751
31,2026-10-03,2,2026-10-17,wk inc covid hosp,quantile,0.2,2.4487434349004693
32,2026-10-03,2,2026-10-17,wk inc covid hosp,quantile,0.2,20.05960902369777
33,2026-10-03,2,2026-10-17,wk inc covid hosp,quantile,0.2,11.503481658940402
34,2026-10-03,2,2026-10-17,wk inc covid hosp,quantile,0.2,107.68398899009419
35,2026-10-03,2,2026-10-17,wk inc covid hosp,quantile,0.2,0.7129211408374239
36,2026-10-03,2,2026-10-17,wk inc covid hosp,quantile,0.2,266.90448326660993
37,2026-10-03,2,2026-10-17,wk inc covid hosp,quantile,0.2,146.38777892658499
38,2026-10-03,2,2026-10-17,wk inc covid hosp,quantile,0.2,1.3982612017856546
39,2026-10-03,2,2026-10-17,wk inc covid hosp,quantile,0.2,44.43124959563869
40,2026-10-03,2,2026-10-17,wk inc covid hosp,quantile,0.2,7.469598145360242
41,2026-10-03,2,2026-10-17,wk inc covid hosp,quantile,0.2,41.88181262906603
42,2026-10-03,2,2026-10-17,wk inc covid hosp,quantile,0.2,152.8621619595726
44,2026-10-03,2,2026-10-17,wk inc covid hosp,quantile,0.2,2.4338028330466024
45,2026-10-03,2,2026-10-17,wk inc covid hosp,quantile,0.2,48.55437171213634
46,2026-10-03,2,2026-10-17,wk inc covid hosp,quantile,0.2,0.0
47,2026-10-03,2,2026-10-17,wk inc covid hosp,quantile,0.2,30.81520768297667
48,2026-10-03,2,2026-10-17,wk inc covid hosp,quantile,0.2,290.4813193731359
49,2026-10-03,2,2026-10-17,wk inc covid hosp,quantile,0.2,15.947228944432506
50,2026-10-03,2,2026-10-17,wk inc covid hosp,quantile,0.2,4.17500863788633
51,2026-10-03,2,2026-10-17,wk inc covid hosp,quantile,0.2,35.33189195449973
53,2026-10-03,2,2026-10-17,wk inc covid hosp,quantile,0.2,179.77107287390723
54,2026-10-03,2,2026-10-17,wk inc covid hosp,quantile,0.2,18.86497735182005
55,2026-10-03,2,2026-10-17,wk inc covid hosp,quantile,0.2,24.406491063756086
56,2026-10-03,2,2026-10-17,wk inc covid hosp,quantile,0.2,1.654998595224247
72,2026-10-03,2,2026-10-17,wk inc covid hosp,quantile,0.2,46.117820974123596
US,2026-10-03,2,2026-10-17,wk inc covid hosp,quantile,0.2,4123.238324061265
01,2026-10-03,3,2026-10-24,wk inc covid hosp,quantile,0.2,76.66620816980524
02,2026-10-03,3,2026-10-24,wk inc covid hosp,quantile,0.2,0.0
04,2026-10-03,3,2026-10-24,wk inc covid hosp,quantile,0.2,45.0297100518237
05,2026-10-03,3,2026-10-24,wk inc covid hosp,quantile,0.2,12.492378176912489
06,2026-10-03,3,2026-10-24,wk inc covid hosp,quantile,0.2,894.7876978390362
08,2026-10-03,3,2026-10-24,wk inc covid hosp,quantile,0.2,26.2746459275247
09,2026-10-03,3,2026-10-24,wk inc covid hosp,quantile,0.2,23.16535921845169
10,2026-10-03,3,2026-10-24,wk inc covid hosp,quantile,0.2,6.6839880528939375
11,2026-10-03,3,2026-10-24,wk inc covid hosp,quantile,0.2,3.2106642921032833
12,2026-10-03,3,2026-10-24,wk inc covid hosp,quantile,0.2,339.39774126040174
13,2026-10-03,3,2026-10-24,wk inc covid hosp,quantile,0.2,56.646053868158944
15,2026-10-03,3,2026-10-24,wk inc covid hosp,quantile,0.2,30.45048885405628
16,2026-10-03,3,2026-10-24,wk inc covid hosp,quantile,0.2,10.483023906050425
17,2026-10-03,3,2026-10-24,wk inc covid hosp,quantile,0.2,63.589095860679635
18,2026-10-03,3,2026-10-24,wk inc covid hosp,quantile,0.2,15.59777931659624
19,2026-10-03,3,2026-10-24,wk inc covid hosp,quantile,0.2,9.936591000308931
20,2026-10-03,3,2026-10-24,wk inc covid hosp,quantile,0.2,0.0463901739706719
21,2026-10-03,3,2026-10-24,wk inc covid hosp,quantile,0.2,6.783137780976009
22,2026-10-03,3,2026-10-24,wk inc covid hosp,quantile,0.2,56.780213376282155
23,2026-10-03,3,2026-10-24,wk inc covid hosp,quantile,0.2,3.7642384533886584
24,2026-10-03,3,2026-10-24,wk inc covid hosp,quantile,0.2,34.85493509645859
25,2026-10-03,3,2026-10-24,wk inc covid hosp,quantile,0.2,46.08022308679264
26,2026-10-03,3,2026-10-24,wk inc covid hosp,quantile,0.2,26.55967211884007
27,2026-10-03,3,2026-10-24,wk inc covid hosp,quantile,0.2,24.414898367902733
28,2026-10-03,3,2026-10-24,wk inc covid hosp,quantile,0.2,8.944366001080114
29,2026-10-03,3,2026-10-24,wk inc covid hosp,quantile,0.2,34.56972173499507
30,2026-10-03,3,2026-10-24,wk inc covid hosp,quantile,0.2,0.4923928853445415
31,2026-10-03,3,2026-10-24,wk inc covid hosp,quantile,0.2,2.426355707573269
32,2026-10-03,3,2026-10-24,wk inc covid hosp,quantile,0.2,18.16720067390377
33,2026-10-03,3,2026-10-24,wk inc covid hosp,quantile,0.2,11.271783529735593
34,2026-10-03,3,2026-10-24,wk inc covid hosp,quantile,0.2,105.97107564905392
35,2026-10-03,3,2026-10-24,wk inc covid hosp,quantile,0.2,0.29340493061733514
36,2026-10-03,3,2026-10-24,wk inc covid hosp,quantile,0.2,270.7840439663896
37,2026-10-03,3,2026-10-24,wk inc covid hosp,quantile,0.2,141.2191380416106
38,2026-10-03,3,2026-10-24,wk inc covid hosp,quantile,0.2,1.2549176598779743
39,2026-10-03,3,2026-10-24,wk inc covid hosp,quantile,0.2,46.64234122133243
40,2026-10-03,3,2026-10-24,wk inc covid hosp,quantile,0.2,7.0314786072369335
41,2026-10-03,3,2026-10-24,wk inc covid hosp,quantile,0.2,41.129050054017675
42,2026-10-03,3,2026-10-24,wk inc covid hosp,quantile,0.2,153.97113484941954
44,2026-10-03,3,2026-10-24,wk inc covid hosp,quantile,0.2,2.160661534208983
45,2026-10-03,3,2026-10-24,wk inc covid hosp,quantile,0.2,46.20982311027092
46,2026-10-03,3,2026-10-24,wk inc covid hosp,quantile,0.2,0.0
47,2026-10-03,3,2026-10-24,wk inc covid hosp,quantile,0.2,28.461986802627905
48,2026-10-03,3,2026-10-24,wk inc covid hosp,quantile,0.2,272.8141691498669
49,2026-10-03,3,2026-10-24,wk inc covid hosp,quantile,0.2,14.790854282878666
50,2026-10-03,3,2026-10-24,wk inc covid hosp,quantile,0.2,3.82126532245352
51,2026-10-03,3,2026-10-24,wk inc covid hosp,quantile,0.2,34.604593773392764
53,2026-10-03,3,2026-10-24,wk inc covid hosp,quantile,0.2,176.2856744142124
54,2026-10-03,3,2026-10-24,wk inc covid hosp,quantile,0.2,19.37921688318565
55,2026-10-03,3,2026-10-24,wk inc covid hosp,quantile,0.2,24.865094624797354
56,2026-10-03,3,2026-10-24,wk inc covid hosp,quantile,0.2,1.381068526181915
72,2026-10-03,3,2026-10-24,wk inc covid hosp,quantile,0.2,40.96651488555597
US,2026-10-03,3,2026-10-24,wk inc covid hosp,quantile,0.2,4137.85070094078
01,2026-10-03,0,2026-10-03,wk inc covid hosp,quantile,0.25,90.68713775709587
02,2026-10-03,0,2026-10-03,wk inc covid hosp,quantile,0.25,0.0
04,2026-10-03,0,2026-10-03,wk inc covid hosp,quantile,0.25,58.66715325133651
05,2026-10-03,0,2026-10-03,wk inc covid hosp,quantile,0.25,15.227080780143037
06,2026-10-03,0,2026-10-03,wk inc covid hosp,quantile,0.25,982.7136594906555
08,2026-10-03,0,2026-10-03,wk inc covid hosp,quantile,0.25,28.810432661686022
09,2026-10-03,0,2026-10-03,wk inc covid hosp,quantile,0.25,27.027749741659356
10,2026-10-03,0,2026-10-03,wk inc covid hosp,quantile,0.25,9.389838327256253
11,2026-10-03,0,2026-10-03,wk inc covid hosp,quantile,0.25,5.902033067620992
12,2026-10-03,0,2026-10-03,wk inc covid hosp,quantile,0.25,471.3206331182569
13,2026-10-03,0,2026-10-03,wk inc covid hosp,quantile,0.25,71.74760946889937
15,2026-10-03,0,2026-10-03,wk inc covid hosp,quantile,0.25,39.363521403096236
16,2026-10-03,0,2026-10-03,wk inc covid hosp,quantile,0.25,12.79922394904427
17,2026-10-03,0,2026-10-03,wk inc covid hosp,quantile,0.25,60.28288536108823
18,2026-10-03,0,2026-10-03,wk inc covid hosp,quantile,0.25,18.354089075108455
19,2026-10-03,0,2026-10-03,wk inc covid hosp,quantile,0.25,11.869107923472729
20,2026-10-03,0,2026-10-03,wk inc covid hosp,quantile,0.25,2.018622513866894
21,2026-10-03,0,2026-10-03,wk inc covid hosp,quantile,0.25,10.889368563276394
22,2026-10-03,0,2026-10-03,wk inc covid hosp,quantile,0.25,72.04148110571994
23,2026-10-03,0,2026-10-03,wk inc covid hosp,quantile,0.25,4.230906377051165
24,2026-10-03,0,2026-10-03,wk inc covid hosp,quantile,0.25,35.559812136015864
25,2026-10-03,0,2026-10-03,wk inc covid hosp,quantile,0.25,43.751707412145706
26,2026-10-03,0,2026-10-03,wk inc covid hosp,quantile,0.25,30.257404069868425
27,2026-10-03,0,2026-10-03,wk inc covid hosp,quantile,0.25,25.35010950182897
28,2026-10-03,0,2026-10-03,wk inc covid hosp,quantile,0.25,16.90746981628997
29,2026-10-03,0,2026-10-03,wk inc covid hosp,quantile,0.25,36.92722374329515
30,2026-10-03,0,2026-10-03,wk inc covid hosp,quantile,0.25,2.7437011151173722
31,2026-10-03,0,2026-10-03,wk inc covid hosp,quantile,0.25,3.7408406328455523
32,2026-10-03,0,2026-10-03,wk inc covid hosp,quantile,0.25,24.78556090650597
33,2026-10-03,0,2026-10-03,wk inc covid hosp,quantile,0.25,11.942386395081474
34,2026-10-03,0,2026-10-03,wk inc covid hosp,quantile,0.25,121.64715896120828
35,2026-10-03,0,2026-10-03,wk inc covid hosp,quantile,0.25,3.2265116713238293
36,2026-10-03,0,2026-10-03,wk inc covid hosp,quantile,0.25,268.5579272972491
37,2026-10-03,0,2026-10-03,wk inc covid hosp,quantile,0.25,165.61737152373414
38,2026-10-03,0,2026-10-03,wk inc covid hosp,quantile,0.25,1.8785801329656573
39,2026-10-03,0,2026-10-03,wk inc covid hosp,quantile,0.25,50.555262116745546
40,2026-10-03,0,2026-10-03,wk inc covid hosp,quantile,0.25,10.331646502664503
41,2026-10-03,0,2026-10-03,wk inc covid hosp,quantile,0.25,43.98984539412645
42,2026-10-03,0,2026-10-03,wk inc covid hosp,quantile,0.25,160.55534021421659
44,2026-10-03,0,2026-10-03,wk inc covid hosp,quantile,0.25,4.844059721789837
45,2026-10-03,0,2026-10-03,wk inc covid hosp,quantile,0.25,59.79779109519476
46,2026-10-03,0,2026-10-03,wk inc covid hosp,quantile,0.25,0.8958870972924564
47,2026-10-03,0,2026-10-03,wk inc covid hosp,quantile,0.25,42.43681008732211
48,2026-10-03,0,2026-10-03,wk inc covid hosp,quantile,0.25,371.55999754525425
49,2026-10-03,0,2026-10-03,wk inc covid hosp,quantile,0.25,18.03347761161229
50,2026-10-03,0,2026-10-03,wk inc covid hosp,quantile,0.25,5.610630302636678
51,2026-10-03,0,2026-10-03,wk inc covid hosp,quantile,0.25,39.792540752093934
53,2026-10-03,0,2026-10-03,wk inc covid hosp,quantile,0.25,183.06132320715378
54,2026-10-03,0,2026-10-03,wk inc covid hosp,quantile,0.25,19.32201983132304
55,2026-10-03,0,2026-10-03,wk inc covid hosp,quantile,0.25,25.73891275019742
56,2026-10-03,0,2026-10-03,wk inc covid hosp,quantile,0.25,2.7427721659424082
72,2026-10-03,0,2026-10-03,wk inc covid hosp,quantile,0.25,66.38503225594006
US,2026-10-03,0,2026-10-03,wk inc covid hosp,quantile,0.25,4221.128613347586
01,2026-10-03,1,2026-10-10,wk inc covid hosp,quantile,0.25,87.88745333682446
02,2026-10-03,1,2026-10-10,wk inc covid hosp,quantile,0.25,0.0
04,2026-10-03,1,2026-10-10,wk inc covid hosp,quantile,0.25,56.2804948063651
05,2026-10-03,1,2026-10-10,wk inc covid hosp,quantile,0.25,14.952290724902616
06,2026-10-03,1,2026-10-10,wk inc covid hosp,quantile,0.25,966.1246908307472
08,2026-10-03,1,2026-10-10,wk inc covid hosp,quantile,0.25,28.86215334428531
09,2026-10-03,1,2026-10-10,wk inc covid hosp,quantile,0.25,26.18864415301273
10,2026-10-03,1,2026-10-10,wk inc covid hosp,quantile,0.25,9.042761698991628
11,2026-10-03,1,2026-10-10,wk inc covid hosp,quantile,0.25,5.091818024378642
12,2026-10-03,1,2026-10-10,wk inc covid hosp,quantile,0.25,435.1135590659786
13,2026-10-03,1,2026-10-10,wk inc covid hosp,quantile,0.25,67.42832912988754
15,2026-10-03,1,2026-10-10,wk inc covid hosp,quantile,0.25,37.49821646262588
16,2026-10-03,1,2026-10-10,wk inc covid hosp,quantile,0.25,12.777616040338296
17,2026-10-03,1,2026-10-10,wk inc covid hosp,quantile,0.25,63.69100166136187
18,2026-10-03,1,2026-10-10,wk inc covid hosp,quantile,0.25,18.998765282331608
19,2026-10-03,1,2026-10-10,wk inc covid hosp,quantile,0.25,11.952796791847566
20,2026-10-03,1,2026-10-10,wk inc covid hosp,quantile,0.25,1.5131397154633195
21,2026-10-03,1,2026-10-10,wk inc covid hosp,quantile,0.25,9.674193536842044
22,2026-10-03,1,2026-10-10,wk inc covid hosp,quantile,0.25,69.07428130859145
23,2026-10-03,1,2026-10-10,wk inc covid hosp,quantile,0.25,4.705013855047189
24,2026-10-03,1,2026-10-10,wk inc covid hosp,quantile,0.25,37.17151523127437
25,2026-10-03,1,2026-10-10,wk inc covid hosp,quantile,0.25,46.66184055764563
26,2026-10-03,1,2026-10-10,wk inc covid hosp,quantile,0.25,31.057598602662278
27,2026-10-03,1,2026-10-10,wk inc covid hosp,quantile,0.25,26.402203703323067
28,2026-10-03,1,2026-10-10,wk inc covid hosp,quantile,0.25,14.300323787271846
29,2026-10-03,1,2026-10-10,wk inc covid hosp,quantile,0.25,36.95024740641763
30,2026-10-03,1,2026-10-10,wk inc covid hosp,quantile,0.25,2.016588219282292
31,2026-10-03,1,2026-10-10,wk inc covid hosp,quantile,0.25,3.669980918745103
32,2026-10-03,1,2026-10-10,wk inc covid hosp,quantile,0.25,23.11742717030708
33,2026-10-03,1,2026-10-10,wk inc covid hosp,quantile,0.25,12.853649688302418
34,2026-10-03,1,2026-10-10,wk inc covid hosp,quantile,0.25,118.07264292233374
35,2026-10-03,1,2026-10-10,wk inc covid hosp,quantile,0.25,2.509983209736765
36,2026-10-03,1,2026-10-10,wk inc covid hosp,quantile,0.25,272.5768270662309
37,2026-10-03,1,2026-10-10,wk inc covid hosp,quantile,0.25,159.6022872904455
38,2026-10-03,1,2026-10-10,wk inc covid hosp,quantile,0.25,2.0518600210291296
39,2026-10-03,1,2026-10-10,wk inc covid hosp,quantile,0.25,50.368462424380006
40,2026-10-03,1,2026-10-10,wk inc covid hosp,quantile,0.25,9.37022634489885
41,2026-10-03,1,2026-10-10,wk inc covid hosp,quantile,0.25,45.268457177749035
42,2026-10-03,1,2026-10-10,wk inc covid hosp,quantile,0.25,163.72337347720705
44,2026-10-03,1,2026-10-10,wk inc covid hosp,quantile,0.25,4.23833516484263
45,2026-10-03,1,2026-10-10,wk inc covid hosp,quantile,0.25,57.98499130841107
46,2026-10-03,1,2026-10-10,wk inc covid hosp,quantile,0.25,0.45938458811016114
47,2026-10-03,1,2026-10-10,wk inc covid hosp,quantile,0.25,37.76791638989497
48,2026-10-03,1,2026-10-10,wk inc covid hosp,quantile,0.25,340.37880219080165
49,2026-10-03,1,2026-10-10,wk inc covid hosp,quantile,0.25,17.811933851093755
50,2026-10-03,1,2026-10-10,wk inc covid hosp,quantile,0.25,5.3375304799253955
51,2026-10-03,1,2026-10-10,wk inc covid hosp,quantile,0.25,39.47284493475545
53,2026-10-03,1,2026-10-10,wk inc covid hosp,quantile,0.25,189.05843492603614
54,2026-10-03,1,2026-10-10,wk inc covid hosp,quantile,0.25,20.751341474826614
55,2026-10-03,1,2026-10-10,wk inc covid hosp,quantile,0.25,26.43802114982587
56,2026-10-03,1,2026-10-10,wk inc covid hosp,quantile,0.25,2.570407376740829
72,2026-10-03,1,2026-10-10,wk inc covid hosp,quantile,0.25,56.71317994191015
US,2026-10-03,1,2026-10-10,wk inc covid hosp,quantile,0.25,4254.723905656113
01,2026-10-03,2,2026-10-17,wk inc covid hosp,quantile,0.25,84.48151963737227
02,2026-10-03,2,2026-10-17,wk inc covid hosp,quantile,0.25,0.0
04,2026-10-03,2,2026-10-17,wk inc covid hosp,quantile,0.25,53.275930811251335
05,2026-10-03,2,2026-10-17,wk inc covid hosp,quantile,0.25,14.75210218802438
06,2026-10-03,2,2026-10-17,wk inc covid hosp,quantile,0.25,957.4938351207683
08,2026-10-03,2,2026-10-17,wk inc covid hosp,quantile,0.25,29.654055127367897
09,2026-10-03,2,2026-10-17,wk inc covid hosp,quantile,0.25,26.725640482028275
10,2026-10-03,2,2026-10-17,wk inc covid hosp,quantile,0.25,8.593763269439654
11,2026-10-03,2,2026-10-17,wk inc covid hosp,quantile,0.25,4.541118384466634
12,2026-10-03,2,2026-10-17,wk inc covid hosp,quantile,0.25,406.00203994332037
13,2026-10-03,2,2026-10-17,wk inc covid hosp,quantile,0.25,63.86448918602208
15,2026-10-03,2,2026-10-17,wk inc covid hosp,quantile,0.25,36.16418332879466
16,2026-10-03,2,2026-10-17,wk inc covid hosp,quantile,0.25,12.194766658557347
17,2026-10-03,2,2026-10-17,wk inc covid hosp,quantile,0.25,67.3286116037325
18,2026-10-03,2,2026-10-17,wk inc covid hosp,quantile,0.25,18.872149499496963
19,2026-10-03,2,2026-10-17,wk inc covid hosp,quantile,0.25,11.607676198747527
20,2026-10-03,2,2026-10-17,wk inc covid hosp,quantile,0.25,1.2014591494084823
21,2026-10-03,2,2026-10-17,wk inc covid hosp,quantile,0.25,9.725068534242768
22,2026-10-03,2,2026-10-17,wk inc covid hosp,quantile,0.25,63.86523089970691
23,2026-10-03,2,2026-10-17,wk inc covid hosp,quantile,0.25,4.9997609465600075
24,2026-10-03,2,2026-10-17,wk inc covid hosp,quantile,0.25,38.60412464550122
25,2026-10-03,2,2026-10-17,wk inc covid hosp,quantile,0.25,48.24617126297678
26,2026-10-03,2,2026-10-17,wk inc covid hosp,quantile,0.25,33.2423679484313
27,2026-10-03,2,2026-10-17,wk inc covid hosp,quantile,0.25,26.83818287013626
28,2026-10-03,2,2026-10-17,wk inc covid hosp,quantile,0.25,12.864232492550668
29,2026-10-03,2,2026-10-17,wk inc covid hosp,quantile,0.25,38.96299894107649
30,2026-10-03,2,2026-10-17,wk inc covid hosp,quantile,0.25,1.5217665629951955
31,2026-10-03,2,2026-10-17,wk inc covid hosp,quantile,0.25,3.5977146949296968
32,2026-10-03,2,2026-10-17,wk inc covid hosp,quantile,0.25,22.522927380701006
33,2026-10-03,2,2026-10-17,wk inc covid hosp,quantile,0.25,13.456165988732833
34,2026-10-03,2,2026-10-17,wk inc covid hosp,quantile,0.25,118.73714417276975
35,2026-10-03,2,2026-10-17,wk inc covid hosp,quantile,0.25,1.792493277715033
36,2026-10-03,2,2026-10-17,wk inc covid hosp,quantile,0.25,284.75015991501203
37,2026-10-03,2,2026-10-17,wk inc covid hosp,quantile,0.25,155.3688698539727
38,2026-10-03,2,2026-10-17,wk inc covid hosp,quantile,0.25,1.999709502987804
39,2026-10-03,2,2026-10-17,wk inc covid hosp,quantile,0.25,51.542780600189026
40,2026-10-03,2,2026-10-17,wk inc covid hosp,quantile,0.25,9.37678672559386
41,2026-10-03,2,2026-10-17,wk inc covid hosp,quantile,0.25,45.075450641155925
42,2026-10-03,2,2026-10-17,wk inc covid hosp,quantile,0.25,170.2545819539298
44,2026-10-03,2,2026-10-17,wk inc covid hosp,quantile,0.25,3.369597587011316
45,2026-10-03,2,2026-10-17,wk inc covid hosp,quantile,0.25,54.72274087164828
46,2026-10-03,2,2026-10-17,wk inc covid hosp,quantile,0.25,0.20019797727130365
47,2026-10-03,2,2026-10-17,wk inc covid hosp,quantile,0.25,35.30698794919022
48,2026-10-03,2,2026-10-17,wk inc covid hosp,quantile,0.25,316.74354953178715
49,2026-10-03,2,2026-10-17,wk inc covid hosp,quantile,0.25,18.311224842898582
50,2026-10-03,2,2026-10-17,wk inc covid hosp,quantile,0.25,5.131831726858103
51,2026-10-03,2,2026-10-17,wk inc covid hosp,quantile,0.25,39.65249017369913
53,2026-10-03,2,2026-10-17,wk inc covid hosp,quantile,0.25,188.83003391541067
54,2026-10-03,2,2026-10-17,wk inc covid hosp,quantile,0.25,21.41960459053461
55,2026-10-03,2,2026-10-17,wk inc covid hosp,quantile,0.25,27.749751815588652
56,2026-10-03,2,2026-10-17,wk inc covid hosp,quantile,0.25,2.4972759197183882
72,2026-10-03,2,2026-10-17,wk inc covid hosp,quantile,0.25,51.67033734880858
US,2026-10-03,2,2026-10-17,wk inc covid hosp,quantile,0.25,4325.237710837339
01,2026-10-03,3,2026-10-24,wk inc covid hosp,quantile,0.25,83.63892844704407
02,2026-10-03,3,2026-10-24,wk inc covid hosp,quantile,0.25,0.0
04,2026-10-03,3,2026-10-24,wk inc covid hosp,quantile,0.25,52.216990557856114
05,2026-10-03,3,2026-10-24,wk inc covid hosp,quantile,0.25,14.939831987176312
06,2026-10-03,3,2026-10-24,wk inc covid hosp,quantile,0.25,936.7048903742932
08,2026-10-03,3,2026-10-24,wk inc covid hosp,quantile,0.25,30.321763767652822
09,2026-10-03,3,2026-10-24,wk inc covid hosp,quantile,0.25,28.10091077538853
10,2026-10-03,3,2026-10-24,wk inc covid hosp,quantile,0.25,8.231891106810686
11,2026-10-03,3,2026-10-24,wk inc covid hosp,quantile,0.25,4.259046196542748
12,2026-10-03,3,2026-10-24,wk inc covid hosp,quantile,0.25,377.1493746401244
13,2026-10-03,3,2026-10-24,wk inc covid hosp,quantile,0.25,62.957015872148254
15,2026-10-03,3,2026-10-24,wk inc covid hosp,quantile,0.25,34.13280441387676
16,2026-10-03,3,2026-10-24,wk inc covid hosp,quantile,0.25,12.257188177539897
17,2026-10-03,3,2026-10-24,wk inc covid hosp,quantile,0.25,71.7659909048319
18,2026-10-03,3,2026-10-24,wk inc covid hosp,quantile,0.25,19.101038521948237
19,2026-10-03,3,2026-10-24,wk inc covid hosp,quantile,0.25,12.609795433941846
20,2026-10-03,3,2026-10-24,wk inc covid hosp,quantile,0.25,1.3304503321792387
21,2026-10-03,3,2026-10-24,wk inc covid hosp,quantile,0.25,9.637354577509807
22,2026-10-03,3,2026-10-24,wk inc covid hosp,quantile,0.25,63.2294577669014
23,2026-10-03,3,2026-10-24,wk inc covid hosp,quantile,0.25,5.262622616873549
24,2026-10-03,3,2026-10-24,wk inc covid hosp,quantile,0.25,39.988619456554424
25,2026-10-03,3,2026-10-24,wk inc covid hosp,quantile,0.25,51.81678733099003
26,2026-10-03,3,2026-10-24,wk inc covid hosp,quantile,0.25,34.42663686119205
27,2026-10-03,3,2026-10-24,wk inc covid hosp,quantile,0.25,28.455637247497222
28,2026-10-03,3,2026-10-24,wk inc covid hosp,quantile,0.25,11.34176876540912
29,2026-10-03,3,2026-10-24,wk inc covid hosp,quantile,0.25,39.77030771242401
30,2026-10-03,3,2026-10-24,wk inc covid hosp,quantile,0.25,1.4257258435112543
31,2026-10-03,3,2026-10-24,wk inc covid hosp,quantile,0.25,3.89419526275294
32,2026-10-03,3,2026-10-24,wk inc covid hosp,quantile,0.25,20.330056460503396
33,2026-10-03,3,2026-10-24,wk inc covid hosp,quantile,0.25,13.731957473950246
34,2026-10-03,3,2026-10-24,wk inc covid hosp,quantile,0.25,119.18192650982554
35,2026-10-03,3,2026-10-24,wk inc covid hosp,quantile,0.25,1.5233369049406624
36,2026-10-03,3,2026-10-24,wk inc covid hosp,quantile,0.25,291.25549322341385
37,2026-10-03,3,2026-10-24,wk inc covid hosp,quantile,0.25,150.92785362634243
38,2026-10-03,3,2026-10-24,wk inc covid hosp,quantile,0.25,2.0677911889046197
39,2026-10-03,3,2026-10-24,wk inc covid hosp,quantile,0.25,53.778286605423574
40,2026-10-03,3,2026-10-24,wk inc covid hosp,quantile,0.25,9.180736383438166
41,2026-10-03,3,2026-10-24,wk inc covid hosp,quantile,0.25,45.37079707175206
42,2026-10-03,3,2026-10-24,wk inc covid hosp,quantile,0.25,172.3185146437367
44,2026-10-03,3,2026-10-24,wk inc covid hosp,quantile,0.25,3.2315226829094317
45,2026-10-03,3,2026-10-24,wk inc covid hosp,quantile,0.25,51.2866727877222
46,2026-10-03,3,2026-10-24,wk inc covid hosp,quantile,0.25,0.0
47,2026-10-03,3,2026-10-24,wk inc covid hosp,quantile,0.25,34.30904933076657
48,2026-10-03,3,2026-10-24,wk inc covid hosp,quantile,0.25,306.1170696813572
49,2026-10-03,3,2026-10-24,wk inc covid hosp,quantile,0.25,17.585885133822405
50,2026-10-03,3,2026-10-24,wk inc covid hosp,quantile,0.25,4.7330520919515
51,2026-10-03,3,2026-10-24,wk inc covid hosp,quantile,0.25,40.283379369229955
53,2026-10-03,3,2026-10-24,wk inc covid hosp,quantile,0.25,188.5095389985571
54,2026-10-03,3,2026-10-24,wk inc covid hosp,quantile,0.25,22.43513279426521
55,2026-10-03,3,2026-10-24,wk inc covid hosp,quantile,0.25,30.288928924813764
56,2026-10-03,3,2026-10-24,wk inc covid hosp,quantile,0.25,2.2205917188214532
72,2026-10-03,3,2026-10-24,wk inc covid hosp,quantile,0.25,47.177522410626366
US,2026-10-03,3,2026-10-24,wk inc covid hosp,quantile,0.25,4454.2944207827995
01,2026-10-03,0,2026-10-03,wk inc covid hosp,quantile,0.3,93.38060276715036
02,2026-10-03,0,2026-10-03,wk inc covid hosp,quantile,0.3,0.17022550641914896
04,2026-10-03,0,2026-10-03,wk inc covid hosp,quantile,0.3,61.69410952050671
05,2026-10-03,0,2026-10-03,wk inc covid hosp,quantile,0.3,16.593410025588202
06,2026-10-03,0,2026-10-03,wk inc covid hosp,quantile,0.3,1001.4333507278354
08,2026-10-03,0,2026-10-03,wk inc covid hosp,quantile,0.3,30.61067574265454
09,2026-10-03,0,2026-10-03,wk inc covid hosp,quantile,0.3,28.643149955295936
10,2026-10-03,0,2026-10-03,wk inc covid hosp,quantile,0.3,10.09064289615137
11,2026-10-03,0,2026-10-03,wk inc covid hosp,quantile,0.3,6.433155255858362
12,2026-10-03,0,2026-10-03,wk inc covid hosp,quantile,0.3,492.6509976256499
13,2026-10-03,0,2026-10-03,wk inc covid hosp,quantile,0.3,75.30017746697304
15,2026-10-03,0,2026-10-03,wk inc covid hosp,quantile,0.3,40.944672604061395
16,2026-10-03,0,2026-10-03,wk inc covid hosp,quantile,0.3,13.676286132964615
17,2026-10-03,0,2026-10-03,wk inc covid hosp,quantile,0.3,63.89193678205773
18,2026-10-03,0,2026-10-03,wk inc covid hosp,quantile,0.3,20.173505551115028
19,2026-10-03,0,2026-10-03,wk inc covid hosp,quantile,0.3,12.786172537791604
20,2026-10-03,0,2026-10-03,wk inc covid hosp,quantile,0.3,2.6575392127257627
21,2026-10-03,0,2026-10-03,wk inc covid hosp,quantile,0.3,12.364369777178299
22,2026-10-03,0,2026-10-03,wk inc covid hosp,quantile,0.3,75.34520702848975
23,2026-10-03,0,2026-10-03,wk inc covid hosp,quantile,0.3,4.791710174484808
24,2026-10-03,0,2026-10-03,wk inc covid hosp,quantile,0.3,37.73433857926903
25,2026-10-03,0,2026-10-03,wk inc covid hosp,quantile,0.3,46.13731521681866
26,2026-10-03,0,2026-10-03,wk inc covid hosp,quantile,0.3,34.06773038657022
27,2026-10-03,0,2026-10-03,wk inc covid hosp,quantile,0.3,27.08005456180146
28,2026-10-03,0,2026-10-03,wk inc covid hosp,quantile,0.3,18.374809806832822
29,2026-10-03,0,2026-10-03,wk inc covid hosp,quantile,0.3,38.84351581967797
30,2026-10-03,0,2026-10-03,wk inc covid hosp,quantile,0.3,3.3380419486983754
31,2026-10-03,0,2026-10-03,wk inc covid hosp,quantile,0.3,4.37729208938053
32,2026-10-03,0,2026-10-03,wk inc covid hosp,quantile,0.3,26.17064712119339
33,2026-10-03,0,2026-10-03,wk inc covid hosp,quantile,0.3,12.950003052061803
34,2026-10-03,0,2026-10-03,wk inc covid hosp,quantile,0.3,127.28449943608456
35,2026-10-03,0,2026-10-03,wk inc covid hosp,quantile,0.3,3.863188591529739
36,2026-10-03,0,2026-10-03,wk inc covid hosp,quantile,0.3,275.49880430792933
37,2026-10-03,0,2026-10-03,wk inc covid hosp,quantile,0.3,171.64069708386893
38,2026-10-03,0,2026-10-03,wk inc covid hosp,quantile,0.3,2.269133982855292
39,2026-10-03,0,2026-10-03,wk inc covid hosp,quantile,0.3,53.88909157437398
40,2026-10-03,0,2026-10-03,wk inc covid hosp,quantile,0.3,11.57393829657943
41,2026-10-03,0,2026-10-03,wk inc covid hosp,quantile,0.3,46.00987123840076
42,2026-10-03,0,2026-10-03,wk inc covid hosp,quantile,0.3,168.16461688898488
44,2026-10-03,0,2026-10-03,wk inc covid hosp,quantile,0.3,5.448811861504289
45,2026-10-03,0,2026-10-03,wk inc covid hosp,quantile,0.3,62.34642665396375
46,2026-10-03,0,2026-10-03,wk inc covid hosp,quantile,0.3,1.2115356319546309
47,2026-10-03,0,2026-10-03,wk inc covid hosp,quantile,0.3,44.93347560662404
48,2026-10-03,0,2026-10-03,wk inc covid hosp,quantile,0.3,385.1105974628815
49,2026-10-03,0,2026-10-03,wk inc covid hosp,quantile,0.3,19.25129502072683
50,2026-10-03,0,2026-10-03,wk inc covid hosp,quantile,0.3,6.137515648581189
51,2026-10-03,0,2026-10-03,wk inc covid hosp,quantile,0.3,42.80950638877918
53,2026-10-03,0,2026-10-03,wk inc covid hosp,quantile,0.3,188.33966677572045
54,2026-10-03,0,2026-10-03,wk inc covid hosp,quantile,0.3,20.422430486493035
55,2026-10-03,0,2026-10-03,wk inc covid hosp,quantile,0.3,27.898899833462146
56,2026-10-03,0,2026-10-03,wk inc covid hosp,quantile,0.3,3.1533112968991546
72,2026-10-03,0,2026-10-03,wk inc covid hosp,quantile,0.3,69.63080232850513
US,2026-10-03,0,2026-10-03,wk inc covid hosp,quantile,0.3,4325.9679259322975
01,2026-10-03,1,2026-10-10,wk inc covid hosp,quantile,0.3,92.27485847799929
02,2026-10-03,1,2026-10-10,wk inc covid hosp,quantile,0.3,0.0
04,2026-10-03,1,2026-10-10,wk inc covid hosp,quantile,0.3,60.923585703960995
05,2026-10-03,1,2026-10-10,wk inc covid hosp,quantile,0.3,16.826294562520946
06,2026-10-03,1,2026-10-10,wk inc covid hosp,quantile,0.3,991.4260603333818
08,2026-10-03,1,2026-10-10,wk inc covid hosp,quantile,0.3,31.684095080518603
09,2026-10-03,1,2026-10-10,wk inc covid hosp,quantile,0.3,28.91905721493375
10,2026-10-03,1,2026-10-10,wk inc covid hosp,quantile,0.3,10.067044421828047
11,2026-10-03,1,2026-10-10,wk inc covid hosp,quantile,0.3,5.7653324964909185
12,2026-10-03,1,2026-10-10,wk inc covid hosp,quantile,0.3,466.2779515274617
13,2026-10-03,1,2026-10-10,wk inc covid hosp,quantile,0.3,71.67915883752504
15,2026-10-03,1,2026-10-10,wk inc covid hosp,quantile,0.3,39.938075036245024
16,2026-10-03,1,2026-10-10,wk inc covid hosp,quantile,0.3,13.944374618478939
17,2026-10-03,1,2026-10-10,wk inc covid hosp,quantile,0.3,68.70919437941959
18,2026-10-03,1,2026-10-10,wk inc covid hosp,quantile,0.3,21.446463873647392
19,2026-10-03,1,2026-10-10,wk inc covid hosp,quantile,0.3,13.400993721105696
20,2026-10-03,1,2026-10-10,wk inc covid hosp,quantile,0.3,2.5686176506476386
21,2026-10-03,1,2026-10-10,wk inc covid hosp,quantile,0.3,11.229168103897987
22,2026-10-03,1,2026-10-10,wk inc covid hosp,quantile,0.3,73.1578663606736
23,2026-10-03,1,2026-10-10,wk inc covid hosp,quantile,0.3,5.462308100263517
24,2026-10-03,1,2026-10-10,wk inc covid hosp,quantile,0.3,40.205097726855676
25,2026-10-03,1,2026-10-10,wk inc covid hosp,quantile,0.3,50.02189976996724
26,2026-10-03,1,2026-10-10,wk inc covid hosp,quantile,0.3,35.889316241356
27,2026-10-03,1,2026-10-10,wk inc covid hosp,quantile,0.3,28.681811630884866
28,2026-10-03,1,2026-10-10,wk inc covid hosp,quantile,0.3,15.996571280646478
29,2026-10-03,1,2026-10-10,wk inc covid hosp,quantile,0.3,40.01344025137411
30,2026-10-03,1,2026-10-10,wk inc covid hosp,quantile,0.3,2.6928397621366336
31,2026-10-03,1,2026-10-10,wk inc covid hosp,quantile,0.3,4.574336303955765
32,2026-10-03,1,2026-10-10,wk inc covid hosp,quantile,0.3,25.09812691068131
33,2026-10-03,1,2026-10-10,wk inc covid hosp,quantile,0.3,14.11060917948033
34,2026-10-03,1,2026-10-10,wk inc covid hosp,quantile,0.3,125.96791626581228
35,2026-10-03,1,2026-10-10,wk inc covid hosp,quantile,0.3,3.2804026725686803
36,2026-10-03,1,2026-10-10,wk inc covid hosp,quantile,0.3,284.8696202935172
37,2026-10-03,1,2026-10-10,wk inc covid hosp,quantile,0.3,166.030769465982
38,2026-10-03,1,2026-10-10,wk inc covid hosp,quantile,0.3,2.6062504415382275
39,2026-10-03,1,2026-10-10,wk inc covid hosp,quantile,0.3,55.46151046252552
40,2026-10-03,1,2026-10-10,wk inc covid hosp,quantile,0.3,10.934431398868243
41,2026-10-03,1,2026-10-10,wk inc covid hosp,quantile,0.3,47.93423930449624
42,2026-10-03,1,2026-10-10,wk inc covid hosp,quantile,0.3,177.7520969408622
44,2026-10-03,1,2026-10-10,wk inc covid hosp,quantile,0.3,5.008797825477521
45,2026-10-03,1,2026-10-10,wk inc covid hosp,quantile,0.3,60.89141351081407
46,2026-10-03,1,2026-10-10,wk inc covid hosp,quantile,0.3,0.9139945477241521
47,2026-10-03,1,2026-10-10,wk inc covid hosp,quantile,0.3,41.619118321578746
48,2026-10-03,1,2026-10-10,wk inc covid hosp,quantile,0.3,362.58578686356583
49,2026-10-03,1,2026-10-10,wk inc covid hosp,quantile,0.3,19.554989383704424
50,2026-10-03,1,2026-10-10,wk inc covid hosp,quantile,0.3,6.202807665970167
51,2026-10-03,1,2026-10-10,wk inc covid hosp,quantile,0.3,42.563089046668686
53,2026-10-03,1,2026-10-10,wk inc covid hosp,quantile,0.3,196.33882325870945
54,2026-10-03,1,2026-10-10,wk inc covid hosp,quantile,0.3,22.497061404916792
55,2026-10-03,1,2026-10-10,wk inc covid hosp,quantile,0.3,29.194461747694593
56,2026-10-03,1,2026-10-10,wk inc covid hosp,quantile,0.3,3.258140721693463
72,2026-10-03,1,2026-10-10,wk inc covid hosp,quantile,0.3,61.30326663383472
US,2026-10-03,1,2026-10-10,wk inc covid hosp,quantile,0.3,4413.098717220314
01,2026-10-03,2,2026-10-17,wk inc covid hosp,quantile,0.3,90.49151965332938
02,2026-10-03,2,2026-10-17,wk inc covid hosp,quantile,0.3,0.0
04,2026-10-03,2,2026-10-17,wk inc covid hosp,quantile,0.3,58.798913947769776
05,2026-10-03,2,2026-10-17,wk inc covid hosp,quantile,0.3,16.869896303858162
06,2026-10-03,2,2026-10-17,wk inc covid hosp,quantile,0.3,987.6035579919304
08,2026-10-03,2,2026-10-17,wk inc covid hosp,quantile,0.3,32.69672289578039
09,2026-10-03,2,2026-10-17,wk inc covid hosp,quantile,0.3,30.48469074856366
10,2026-10-03,2,2026-10-17,wk inc covid hosp,quantile,0.3,9.918532132925295
11,2026-10-03,2,2026-10-17,wk inc covid hosp,quantile,0.3,5.335610209017411
12,2026-10-03,2,2026-10-17,wk inc covid hosp,quantile,0.3,440.48137087799745
13,2026-10-03,2,2026-10-17,wk inc covid hosp,quantile,0.3,69.30911384188882
15,2026-10-03,2,2026-10-17,wk inc covid hosp,quantile,0.3,39.178130469280966
16,2026-10-03,2,2026-10-17,wk inc covid hosp,quantile,0.3,13.938642455410573
17,2026-10-03,2,2026-10-17,wk inc covid hosp,quantile,0.3,74.24988131955666
18,2026-10-03,2,2026-10-17,wk inc covid hosp,quantile,0.3,22.211396366353018
19,2026-10-03,2,2026-10-17,wk inc covid hosp,quantile,0.3,13.438833875247282
20,2026-10-03,2,2026-10-17,wk inc covid hosp,quantile,0.3,2.679940659597058
21,2026-10-03,2,2026-10-17,wk inc covid hosp,quantile,0.3,11.54973163606577
22,2026-10-03,2,2026-10-17,wk inc covid hosp,quantile,0.3,69.46040414543613
23,2026-10-03,2,2026-10-17,wk inc covid hosp,quantile,0.3,6.002089900064164
24,2026-10-03,2,2026-10-17,wk inc covid hosp,quantile,0.3,42.02580935056476
25,2026-10-03,2,2026-10-17,wk inc covid hosp,quantile,0.3,53.867803830371564
26,2026-10-03,2,2026-10-17,wk inc covid hosp,quantile,0.3,39.129677407280944
27,2026-10-03,2,2026-10-17,wk inc covid hosp,quantile,0.3,30.58828899868373
28,2026-10-03,2,2026-10-17,wk inc covid hosp,quantile,0.3,14.88531577819182
29,2026-10-03,2,2026-10-17,wk inc covid hosp,quantile,0.3,42.86103034973416
30,2026-10-03,2,2026-10-17,wk inc covid hosp,quantile,0.3,2.410669261648894
31,2026-10-03,2,2026-10-17,wk inc covid hosp,quantile,0.3,4.557515650886357
32,2026-10-03,2,2026-10-17,wk inc covid hosp,quantile,0.3,24.413173838543553
33,2026-10-03,2,2026-10-17,wk inc covid hosp,quantile,0.3,15.25445118452423
34,2026-10-03,2,2026-10-17,wk inc covid hosp,quantile,0.3,128.35481567992633
35,2026-10-03,2,2026-10-17,wk inc covid hosp,quantile,0.3,2.795282638933577
36,2026-10-03,2,2026-10-17,wk inc covid hosp,quantile,0.3,299.592723124695
37,2026-10-03,2,2026-10-17,wk inc covid hosp,quantile,0.3,164.8239989206034
38,2026-10-03,2,2026-10-17,wk inc covid hosp,quantile,0.3,2.655242559694815
39,2026-10-03,2,2026-10-17,wk inc covid hosp,quantile,0.3,57.99438601582485
40,2026-10-03,2,2026-10-17,wk inc covid hosp,quantile,0.3,11.196175487419625
41,2026-10-03,2,2026-10-17,wk inc covid hosp,quantile,0.3,48.74970143517036
42,2026-10-03,2,2026-10-17,wk inc covid hosp,quantile,0.3,184.6586282582873
44,2026-10-03,2,2026-10-17,wk inc covid hosp,quantile,0.3,4.429843750811733
45,2026-10-03,2,2026-10-17,wk inc covid hosp,quantile,0.3,59.48064646396497
46,2026-10-03,2,2026-10-17,wk inc covid hosp,quantile,0.3,0.681878864264161
47,2026-10-03,2,2026-10-17,wk inc covid hosp,quantile,0.3,40.34978282729681
48,2026-10-03,2,2026-10-17,wk inc covid hosp,quantile,0.3,343.65116510145185
49,2026-10-03,2,2026-10-17,wk inc covid hosp,quantile,0.3,20.111915271002836
50,2026-10-03,2,2026-10-17,wk inc covid hosp,quantile,0.3,5.995460490180615
51,2026-10-03,2,2026-10-17,wk inc covid hosp,quantile,0.3,43.57674661106904
53,2026-10-03,2,2026-10-17,wk inc covid hosp,quantile,0.3,198.34427626757343
54,2026-10-03,2,2026-10-17,wk inc covid hosp,quantile,0.3,23.675320570720046
55,2026-10-03,2,2026-10-17,wk inc covid hosp,quantile,0.3,31.691530239654547
56,2026-10-03,2,2026-10-17,wk inc covid hosp,quantile,0.3,3.353509048734633
72,2026-10-03,2,2026-10-17,wk inc covid hosp,quantile,0.3,57.596976339561415
US,2026-10-03,2,2026-10-17,wk inc covid hosp,quantile,0.3,4501.319090165174
01,2026-10-03,3,2026-10-24,wk inc covid hosp,quantile,0.3,89.81665667178328
02,2026-10-03,3,2026-10-24,wk inc covid hosp,quantile,0.3,0.0
04,2026-10-03,3,2026-10-24,wk inc covid hosp,quantile,0.3,58.641790759573624
05,2026-10-03,3,2026-10-24,wk inc covid hosp,quantile,0.3,17.23351833608337
06,2026-10-03,3,2026-10-24,wk inc covid hosp,quantile,0.3,976.430584424395
08,2026-10-03,3,2026-10-24,wk inc covid hosp,quantile,0.3,34.33964948246214
09,2026-10-03,3,2026-10-24,wk inc covid hosp,quantile,0.3,32.7908902769609
10,2026-10-03,3,2026-10-24,wk inc covid hosp,quantile,0.3,9.488970377943001
11,2026-10-03,3,2026-10-24,wk inc covid hosp,quantile,0.3,5.274738602524555
12,2026-10-03,3,2026-10-24,wk inc covid hosp,quantile,0.3,422.16805922605994
13,2026-10-03,3,2026-10-24,wk inc covid hosp,quantile,0.3,69.39823987189632
15,2026-10-03,3,2026-10-24,wk inc covid hosp,quantile,0.3,37.0332931293827
16,2026-10-03,3,2026-10-24,wk inc covid hosp,quantile,0.3,14.32386441216527
17,2026-10-03,3,2026-10-24,wk inc covid hosp,quantile,0.3,81.08109455923736
18,2026-10-03,3,2026-10-24,wk inc covid hosp,quantile,0.3,23.74902381004979
19,2026-10-03,3,2026-10-24,wk inc covid hosp,quantile,0.3,14.74562049319912
20,2026-10-03,3,2026-10-24,wk inc covid hosp,quantile,0.3,2.4722536637839028
21,2026-10-03,3,2026-10-24,wk inc covid hosp,quantile,0.3,12.19190143927674
22,2026-10-03,3,2026-10-24,wk inc covid hosp,quantile,0.3,69.15406425004475
23,2026-10-03,3,2026-10-24,wk inc covid hosp,quantile,0.3,6.670367057688115
24,2026-10-03,3,2026-10-24,wk inc covid hosp,quantile,0.3,45.86115884337421
25,2026-10-03,3,2026-10-24,wk inc covid hosp,quantile,0.3,57.35164413781769
26,2026-10-03,3,2026-10-24,wk inc covid hosp,quantile,0.3,42.79602480646126
27,2026-10-03,3,2026-10-24,wk inc covid hosp,quantile,0.3,32.55593945732719
28,2026-10-03,3,2026-10-24,wk inc covid hosp,quantile,0.3,13.593962633314403
29,2026-10-03,3,2026-10-24,wk inc covid hosp,quantile,0.3,44.01546896275336
30,2026-10-03,3,2026-10-24,wk inc covid hosp,quantile,0.3,2.2868260610887643
31,2026-10-03,3,2026-10-24,wk inc covid hosp,quantile,0.3,4.976968553843441
32,2026-10-03,3,2026-10-24,wk inc covid hosp,quantile,0.3,22.742555426896637
33,2026-10-03,3,2026-10-24,wk inc covid hosp,quantile,0.3,16.08395753245492
34,2026-10-03,3,2026-10-24,wk inc covid hosp,quantile,0.3,131.8867295049991
35,2026-10-03,3,2026-10-24,wk inc covid hosp,quantile,0.3,2.586082882966945
36,2026-10-03,3,2026-10-24,wk inc covid hosp,quantile,0.3,309.9970330539774
37,2026-10-03,3,2026-10-24,wk inc covid hosp,quantile,0.3,162.44382954109707
38,2026-10-03,3,2026-10-24,wk inc covid hosp,quantile,0.3,2.6635204542958406
39,2026-10-03,3,2026-10-24,wk inc covid hosp,quantile,0.3,61.010618537191654
40,2026-10-03,3,2026-10-24,wk inc covid hosp,quantile,0.3,11.105065499390387
41,2026-10-03,3,2026-10-24,wk inc covid hosp,quantile,0.3,49.803169388020926
42,2026-10-03,3,2026-10-24,wk inc covid hosp,quantile,0.3,188.31614285599778
44,2026-10-03,3,2026-10-24,wk inc covid hosp,quantile,0.3,4.47904181603355
45,2026-10-03,3,2026-10-24,wk inc covid hosp,quantile,0.3,57.86057459391619
46,2026-10-03,3,2026-10-24,wk inc covid hosp,quantile,0.3,0.5702191839962356
47,2026-10-03,3,2026-10-24,wk inc covid hosp,quantile,0.3,39.36181632798775
48,2026-10-03,3,2026-10-24,wk inc covid hosp,quantile,0.3,339.8481950648494
49,2026-10-03,3,2026-10-24,wk inc covid hosp,quantile,0.3,20.095909219062385
50,2026-10-03,3,2026-10-24,wk inc covid hosp,quantile,0.3,5.675280347873023
51,2026-10-03,3,2026-10-24,wk inc covid hosp,quantile,0.3,45.27079959157411
53,2026-10-03,3,2026-10-24,wk inc covid hosp,quantile,0.3,199.65645913229602
54,2026-10-03,3,2026-10-24,wk inc covid hosp,quantile,0.3,24.954188826150798
55,2026-10-03,3,2026-10-24,wk inc covid hosp,quantile,0.3,34.89661232453157
56,2026-10-03,3,2026-10-24,wk inc covid hosp,quantile,0.3,3.024455344037895
72,2026-10-03,3,2026-10-24,wk inc covid hosp,quantile,0.3,53.39048431618241
US,2026-10-03,3,2026-10-24,wk inc covid hosp,quantile,0.3,4694.221047422248
01,2026-10-03,0,2026-10-03,wk inc covid hosp,quantile,0.35,96.02548644110149
02,2026-10-03,0,2026-10-03,wk inc covid hosp,quantile,0.35,0.36922126889601364
04,2026-10-03,0,2026-10-03,wk inc covid hosp,quantile,0.35,64.83506465243615
05,2026-10-03,0,2026-10-03,wk inc covid hosp,quantile,0.35,17.74063057497388
06,2026-10-03,0,2026-10-03,wk inc covid hosp,quantile,0.35,1018.0905299228631
08,2026-10-03,0,2026-10-03,wk inc covid hosp,quantile,0.35,32.172006918210315
09,2026-10-03,0,2026-10-03,wk inc covid hosp,quantile,0.35,30.873448461682912
10,2026-10-03,0,2026-10-03,wk inc covid hosp,quantile,0.35,10.773613246521654
11,2026-10-03,0,2026-10-03,wk inc covid hosp,quantile,0.35,6.942935954072569
12,2026-10-03,0,2026-10-03,wk inc covid hosp,quantile,0.35,513.5788629082381
13,2026-10-03,0,2026-10-03,wk inc covid hosp,quantile,0.35,78.78941094900388
15,2026-10-03,0,2026-10-03,wk inc covid hosp,quantile,0.35,42.57899655165392
16,2026-10-03,0,2026-10-03,wk inc covid hosp,quantile,0.35,14.449773707697561
17,2026-10-03,0,2026-10-03,wk inc covid hosp,quantile,0.35,67.07145861886369
18,2026-10-03,0,2026-10-03,wk inc covid hosp,quantile,0.35,21.807941982037264
19,2026-10-03,0,2026-10-03,wk inc covid hosp,quantile,0.35,14.003924966377253
20,2026-10-03,0,2026-10-03,wk inc covid hosp,quantile,0.35,3.3788073565062864
21,2026-10-03,0,2026-10-03,wk inc covid hosp,quantile,0.35,13.51319372749629
22,2026-10-03,0,2026-10-03,wk inc covid hosp,quantile,0.35,78.41324712067498
23,2026-10-03,0,2026-10-03,wk inc covid hosp,quantile,0.35,5.2348588819127295
24,2026-10-03,0,2026-10-03,wk inc covid hosp,quantile,0.35,39.882258441253384
25,2026-10-03,0,2026-10-03,wk inc covid hosp,quantile,0.35,48.26081201682455
26,2026-10-03,0,2026-10-03,wk inc covid hosp,quantile,0.35,37.33375030397253
27,2026-10-03,0,2026-10-03,wk inc covid hosp,quantile,0.35,28.530963474906258
28,2026-10-03,0,2026-10-03,wk inc covid hosp,quantile,0.35,19.512031389863214
29,2026-10-03,0,2026-10-03,wk inc covid hosp,quantile,0.35,40.9932533598329
30,2026-10-03,0,2026-10-03,wk inc covid hosp,quantile,0.35,3.7863597766401345
31,2026-10-03,0,2026-10-03,wk inc covid hosp,quantile,0.35,5.037114439079518
32,2026-10-03,0,2026-10-03,wk inc covid hosp,quantile,0.35,27.255807046249906
33,2026-10-03,0,2026-10-03,wk inc covid hosp,quantile,0.35,13.978251794993211
34,2026-10-03,0,2026-10-03,wk inc covid hosp,quantile,0.35,133.26661150188693
35,2026-10-03,0,2026-10-03,wk inc covid hosp,quantile,0.35,4.414740595587489
36,2026-10-03,0,2026-10-03,wk inc covid hosp,quantile,0.35,283.1239513800741
37,2026-10-03,0,2026-10-03,wk inc covid hosp,quantile,0.35,176.50523866081804
38,2026-10-03,0,2026-10-03,wk inc covid hosp,quantile,0.35,2.6230374607493876
39,2026-10-03,0,2026-10-03,wk inc covid hosp,quantile,0.35,57.681923315678844
40,2026-10-03,0,2026-10-03,wk inc covid hosp,quantile,0.35,12.758951213703028
41,2026-10-03,0,2026-10-03,wk inc covid hosp,quantile,0.35,47.751056818438954
42,2026-10-03,0,2026-10-03,wk inc covid hosp,quantile,0.35,176.57338913012322
44,2026-10-03,0,2026-10-03,wk inc covid hosp,quantile,0.35,5.98580689188454
45,2026-10-03,0,2026-10-03,wk inc covid hosp,quantile,0.35,64.82478508182027
46,2026-10-03,0,2026-10-03,wk inc covid hosp,quantile,0.35,1.57882172924499
47,2026-10-03,0,2026-10-03,wk inc covid hosp,quantile,0.35,47.503692447634975
48,2026-10-03,0,2026-10-03,wk inc covid hosp,quantile,0.35,400.7837320990576
49,2026-10-03,0,2026-10-03,wk inc covid hosp,quantile,0.35,20.492158065785553
50,2026-10-03,0,2026-10-03,wk inc covid hosp,quantile,0.35,6.6886322411066494
51,2026-10-03,0,2026-10-03,wk inc covid hosp,quantile,0.35,45.4194619126559
53,2026-10-03,0,2026-10-03,wk inc covid hosp,quantile,0.35,192.35546378763917
54,2026-10-03,0,2026-10-03,wk inc covid hosp,quantile,0.35,21.459754303350294
55,2026-10-03,0,2026-10-03,wk inc covid hosp,quantile,0.35,29.905093252808665
56,2026-10-03,0,2026-10-03,wk inc covid hosp,quantile,0.35,3.6725821207322924
72,2026-10-03,0,2026-10-03,wk inc covid hosp,quantile,0.35,73.01033256240288
US,2026-10-03,0,2026-10-03,wk inc covid hosp,quantile,0.35,4433.593660669088
01,2026-10-03,1,2026-10-10,wk inc covid hosp,quantile,0.35,96.99154460764369
02,2026-10-03,1,2026-10-10,wk inc covid hosp,quantile,0.35,0.04301849246068948
04,2026-10-03,1,2026-10-10,wk inc covid hosp,quantile,0.35,64.54399765687435
05,2026-10-03,1,2026-10-10,wk inc covid hosp,quantile,0.35,18.445814085229383
06,2026-10-03,1,2026-10-10,wk inc covid hosp,quantile,0.35,1016.8197144626266
08,2026-10-03,1,2026-10-10,wk inc covid hosp,quantile,0.35,33.776913022190605
09,2026-10-03,1,2026-10-10,wk inc covid hosp,quantile,0.35,32.156795904966174
10,2026-10-03,1,2026-10-10,wk inc covid hosp,quantile,0.35,10.950391908047697
11,2026-10-03,1,2026-10-10,wk inc covid hosp,quantile,0.35,6.470926959891581
12,2026-10-03,1,2026-10-10,wk inc covid hosp,quantile,0.35,497.42875217024533
13,2026-10-03,1,2026-10-10,wk inc covid hosp,quantile,0.35,75.81410404519508
15,2026-10-03,1,2026-10-10,wk inc covid hosp,quantile,0.35,42.1704053311237
16,2026-10-03,1,2026-10-10,wk inc covid hosp,quantile,0.35,15.16235042939267
17,2026-10-03,1,2026-10-10,wk inc covid hosp,quantile,0.35,73.17950561416
18,2026-10-03,1,2026-10-10,wk inc covid hosp,quantile,0.35,23.87772435787669
19,2026-10-03,1,2026-10-10,wk inc covid hosp,quantile,0.35,14.951150720444208
20,2026-10-03,1,2026-10-10,wk inc covid hosp,quantile,0.35,3.466926684663399
21,2026-10-03,1,2026-10-10,wk inc covid hosp,quantile,0.35,12.795743414909719
22,2026-10-03,1,2026-10-10,wk inc covid hosp,quantile,0.35,76.60582212266092
23,2026-10-03,1,2026-10-10,wk inc covid hosp,quantile,0.35,6.050018504409473
24,2026-10-03,1,2026-10-10,wk inc covid hosp,quantile,0.35,42.896375352093976
25,2026-10-03,1,2026-10-10,wk inc covid hosp,quantile,0.35,53.01520104156924
26,2026-10-03,1,2026-10-10,wk inc covid hosp,quantile,0.35,40.81462846973264
27,2026-10-03,1,2026-10-10,wk inc covid hosp,quantile,0.35,30.88073989229471
28,2026-10-03,1,2026-10-10,wk inc covid hosp,quantile,0.35,17.907504652890978
29,2026-10-03,1,2026-10-10,wk inc covid hosp,quantile,0.35,42.756996815392206
30,2026-10-03,1,2026-10-10,wk inc covid hosp,quantile,0.35,3.41186684976664
31,2026-10-03,1,2026-10-10,wk inc covid hosp,quantile,0.35,5.501024443439674
32,2026-10-03,1,2026-10-10,wk inc covid hosp,quantile,0.35,26.965883935767575
33,2026-10-03,1,2026-10-10,wk inc covid hosp,quantile,0.35,15.428399686125085
34,2026-10-03,1,2026-10-10,wk inc covid hosp,quantile,0.35,133.3837164855632
35,2026-10-03,1,2026-10-10,wk inc covid hosp,quantile,0.35,4.110894347023671
36,2026-10-03,1,2026-10-10,wk inc covid hosp,quantile,0.35,296.94411322333724
37,2026-10-03,1,2026-10-10,wk inc covid hosp,quantile,0.35,174.162644280331
38,2026-10-03,1,2026-10-10,wk inc covid hosp,quantile,0.35,3.0695857179046793
39,2026-10-03,1,2026-10-10,wk inc covid hosp,quantile,0.35,59.95859769479683
40,2026-10-03,1,2026-10-10,wk inc covid hosp,quantile,0.35,12.293429273003575
41,2026-10-03,1,2026-10-10,wk inc covid hosp,quantile,0.35,50.91541184462635
42,2026-10-03,1,2026-10-10,wk inc covid hosp,quantile,0.35,189.28959284780584
44,2026-10-03,1,2026-10-10,wk inc covid hosp,quantile,0.35,5.755018318147029
45,2026-10-03,1,2026-10-10,wk inc covid hosp,quantile,0.35,63.95393345077945
46,2026-10-03,1,2026-10-10,wk inc covid hosp,quantile,0.35,1.401704507558051
47,2026-10-03,1,2026-10-10,wk inc covid hosp,quantile,0.35,44.837171313940914
48,2026-10-03,1,2026-10-10,wk inc covid hosp,quantile,0.35,380.99287519392885
49,2026-10-03,1,2026-10-10,wk inc covid hosp,quantile,0.35,21.63036783536966
50,2026-10-03,1,2026-10-10,wk inc covid hosp,quantile,0.35,7.088179251374667
51,2026-10-03,1,2026-10-10,wk inc covid hosp,quantile,0.35,46.28827094513946
53,2026-10-03,1,2026-10-10,wk inc covid hosp,quantile,0.35,202.73071518882827
54,2026-10-03,1,2026-10-10,wk inc covid hosp,quantile,0.35,24.184910031919042
55,2026-10-03,1,2026-10-10,wk inc covid hosp,quantile,0.35,32.05956129842
56,2026-10-03,1,2026-10-10,wk inc covid hosp,quantile,0.35,3.8439396609890504
72,2026-10-03,1,2026-10-10,wk inc covid hosp,quantile,0.35,65.68186373838681
US,2026-10-03,1,2026-10-10,wk inc covid hosp,quantile,0.35,4555.015098569376
01,2026-10-03,2,2026-10-17,wk inc covid hosp,quantile,0.35,94.51981683030598
02,2026-10-03,2,2026-10-17,wk inc covid hosp,quantile,0.35,0.0
04,2026-10-03,2,2026-10-17,wk inc covid hosp,quantile,0.35,64.16723757786845
05,2026-10-03,2,2026-10-17,wk inc covid hosp,quantile,0.35,18.911103023067295
06,2026-10-03,2,2026-10-17,wk inc covid hosp,quantile,0.35,1019.9229400571609
08,2026-10-03,2,2026-10-17,wk inc covid hosp,quantile,0.35,35.675357988640364
09,2026-10-03,2,2026-10-17,wk inc covid hosp,quantile,0.35,34.53377744560433
10,2026-10-03,2,2026-10-17,wk inc covid hosp,quantile,0.35,11.081022690222722
11,2026-10-03,2,2026-10-17,wk inc covid hosp,quantile,0.35,6.478607545442658
12,2026-10-03,2,2026-10-17,wk inc covid hosp,quantile,0.35,476.76988129053905
13,2026-10-03,2,2026-10-17,wk inc covid hosp,quantile,0.35,74.4465209564452
15,2026-10-03,2,2026-10-17,wk inc covid hosp,quantile,0.35,41.78043740228411
16,2026-10-03,2,2026-10-17,wk inc covid hosp,quantile,0.35,15.55658860855249
17,2026-10-03,2,2026-10-17,wk inc covid hosp,quantile,0.35,81.08256551058213
18,2026-10-03,2,2026-10-17,wk inc covid hosp,quantile,0.35,25.369923665170326
19,2026-10-03,2,2026-10-17,wk inc covid hosp,quantile,0.35,15.310587397833842
20,2026-10-03,2,2026-10-17,wk inc covid hosp,quantile,0.35,3.9848855149345956
21,2026-10-03,2,2026-10-17,wk inc covid hosp,quantile,0.35,13.97251482305342
22,2026-10-03,2,2026-10-17,wk inc covid hosp,quantile,0.35,75.2057041981156
23,2026-10-03,2,2026-10-17,wk inc covid hosp,quantile,0.35,7.209285229350088
24,2026-10-03,2,2026-10-17,wk inc covid hosp,quantile,0.35,45.472428336316646
25,2026-10-03,2,2026-10-17,wk inc covid hosp,quantile,0.35,57.7156124069525
26,2026-10-03,2,2026-10-17,wk inc covid hosp,quantile,0.35,45.36729620535303
27,2026-10-03,2,2026-10-17,wk inc covid hosp,quantile,0.35,33.27466242439916
28,2026-10-03,2,2026-10-17,wk inc covid hosp,quantile,0.35,16.83108578515854
29,2026-10-03,2,2026-10-17,wk inc covid hosp,quantile,0.35,46.68164835834996
30,2026-10-03,2,2026-10-17,wk inc covid hosp,quantile,0.35,3.2290755058144143
31,2026-10-03,2,2026-10-17,wk inc covid hosp,quantile,0.35,5.668744665945647
32,2026-10-03,2,2026-10-17,wk inc covid hosp,quantile,0.35,26.742604943551243
33,2026-10-03,2,2026-10-17,wk inc covid hosp,quantile,0.35,17.173963781261566
34,2026-10-03,2,2026-10-17,wk inc covid hosp,quantile,0.35,137.85344577437087
35,2026-10-03,2,2026-10-17,wk inc covid hosp,quantile,0.35,3.701979807336351
36,2026-10-03,2,2026-10-17,wk inc covid hosp,quantile,0.35,312.46372010407896
37,2026-10-03,2,2026-10-17,wk inc covid hosp,quantile,0.35,174.19620210108027
38,2026-10-03,2,2026-10-17,wk inc covid hosp,quantile,0.35,3.3405835596549687
39,2026-10-03,2,2026-10-17,wk inc covid hosp,quantile,0.35,63.83218737639766
40,2026-10-03,2,2026-10-17,wk inc covid hosp,quantile,0.35,12.894950825914536
41,2026-10-03,2,2026-10-17,wk inc covid hosp,quantile,0.35,51.99219841623175
42,2026-10-03,2,2026-10-17,wk inc covid hosp,quantile,0.35,201.6390915367822
44,2026-10-03,2,2026-10-17,wk inc covid hosp,quantile,0.35,5.408188946898678
45,2026-10-03,2,2026-10-17,wk inc covid hosp,quantile,0.35,63.74603907816741
46,2026-10-03,2,2026-10-17,wk inc covid hosp,quantile,0.35,1.2138368799762145
47,2026-10-03,2,2026-10-17,wk inc covid hosp,quantile,0.35,44.903514070779636
48,2026-10-03,2,2026-10-17,wk inc covid hosp,quantile,0.35,369.74891678038614
49,2026-10-03,2,2026-10-17,wk inc covid hosp,quantile,0.35,21.956682111859983
50,2026-10-03,2,2026-10-17,wk inc covid hosp,quantile,0.35,6.8591451447048986
51,2026-10-03,2,2026-10-17,wk inc covid hosp,quantile,0.35,47.7145838438489
53,2026-10-03,2,2026-10-17,wk inc covid hosp,quantile,0.35,207.4835498651278
54,2026-10-03,2,2026-10-17,wk inc covid hosp,quantile,0.35,25.92960678472126
55,2026-10-03,2,2026-10-17,wk inc covid hosp,quantile,0.35,35.13260948150715
56,2026-10-03,2,2026-10-17,wk inc covid hosp,quantile,0.35,4.2575133699771035
72,2026-10-03,2,2026-10-17,wk inc covid hosp,quantile,0.35,64.10618164134604
US,2026-10-03,2,2026-10-17,wk inc covid hosp,quantile,0.35,4683.196380945677
01,2026-10-03,3,2026-10-24,wk inc covid hosp,quantile,0.35,96.52440902321047
02,2026-10-03,3,2026-10-24,wk inc covid hosp,quantile,0.35,0.0
04,2026-10-03,3,2026-10-24,wk inc covid hosp,quantile,0.35,64.62268293026403
05,2026-10-03,3,2026-10-24,wk inc covid hosp,quantile,0.35,19.70991684342667
06,2026-10-03,3,2026-10-24,wk inc covid hosp,quantile,0.35,1014.3394149139104
08,2026-10-03,3,2026-10-24,wk inc covid hosp,quantile,0.35,37.967476213914175
09,2026-10-03,3,2026-10-24,wk inc covid hosp,quantile,0.35,37.204229121546305
10,2026-10-03,3,2026-10-24,wk inc covid hosp,quantile,0.35,10.888058196500651
11,2026-10-03,3,2026-10-24,wk inc covid hosp,quantile,0.35,6.469403376813125
12,2026-10-03,3,2026-10-24,wk inc covid hosp,quantile,0.35,454.6188833610558
13,2026-10-03,3,2026-10-24,wk inc covid hosp,quantile,0.35,75.57692347639264
15,2026-10-03,3,2026-10-24,wk inc covid hosp,quantile,0.35,40.79178492046164
16,2026-10-03,3,2026-10-24,wk inc covid hosp,quantile,0.35,15.976999552891964
17,2026-10-03,3,2026-10-24,wk inc covid hosp,quantile,0.35,89.24572106864088
18,2026-10-03,3,2026-10-24,wk inc covid hosp,quantile,0.35,27.782472768719156
19,2026-10-03,3,2026-10-24,wk inc covid hosp,quantile,0.35,16.56174271622149
20,2026-10-03,3,2026-10-24,wk inc covid hosp,quantile,0.35,4.209874920664703
21,2026-10-03,3,2026-10-24,wk inc covid hosp,quantile,0.35,15.037670175318974
22,2026-10-03,3,2026-10-24,wk inc covid hosp,quantile,0.35,74.18371278405768
23,2026-10-03,3,2026-10-24,wk inc covid hosp,quantile,0.35,7.987154799753374
24,2026-10-03,3,2026-10-24,wk inc covid hosp,quantile,0.35,49.96437520071108
25,2026-10-03,3,2026-10-24,wk inc covid hosp,quantile,0.35,63.58708453836584
26,2026-10-03,3,2026-10-24,wk inc covid hosp,quantile,0.35,51.67335208620642
27,2026-10-03,3,2026-10-24,wk inc covid hosp,quantile,0.35,36.1761291808662
28,2026-10-03,3,2026-10-24,wk inc covid hosp,quantile,0.35,15.94212070360223
29,2026-10-03,3,2026-10-24,wk inc covid hosp,quantile,0.35,49.01083263854378
30,2026-10-03,3,2026-10-24,wk inc covid hosp,quantile,0.35,3.209186359848299
31,2026-10-03,3,2026-10-24,wk inc covid hosp,quantile,0.35,6.238295510542953
32,2026-10-03,3,2026-10-24,wk inc covid hosp,quantile,0.35,25.611080915334846
33,2026-10-03,3,2026-10-24,wk inc covid hosp,quantile,0.35,17.799486332386625
34,2026-10-03,3,2026-10-24,wk inc covid hosp,quantile,0.35,143.37831764462024
35,2026-10-03,3,2026-10-24,wk inc covid hosp,quantile,0.35,3.8313848060216507
36,2026-10-03,3,2026-10-24,wk inc covid hosp,quantile,0.35,325.61549869201514
37,2026-10-03,3,2026-10-24,wk inc covid hosp,quantile,0.35,172.69170093717898
38,2026-10-03,3,2026-10-24,wk inc covid hosp,quantile,0.35,3.489307657796714
39,2026-10-03,3,2026-10-24,wk inc covid hosp,quantile,0.35,69.635612649479
40,2026-10-03,3,2026-10-24,wk inc covid hosp,quantile,0.35,13.35194537553933
41,2026-10-03,3,2026-10-24,wk inc covid hosp,quantile,0.35,54.34888404134795
42,2026-10-03,3,2026-10-24,wk inc covid hosp,quantile,0.35,205.48356101858877
44,2026-10-03,3,2026-10-24,wk inc covid hosp,quantile,0.35,5.688050220046664
45,2026-10-03,3,2026-10-24,wk inc covid hosp,quantile,0.35,62.415945172893444
46,2026-10-03,3,2026-10-24,wk inc covid hosp,quantile,0.35,1.2716248102690146
47,2026-10-03,3,2026-10-24,wk inc covid hosp,quantile,0.35,44.323669824590766
48,2026-10-03,3,2026-10-24,wk inc covid hosp,quantile,0.35,367.71245362515685
49,2026-10-03,3,2026-10-24,wk inc covid hosp,quantile,0.35,22.80568126310643
50,2026-10-03,3,2026-10-24,wk inc covid hosp,quantile,0.35,7.130188931439763
51,2026-10-03,3,2026-10-24,wk inc covid hosp,quantile,0.35,50.76684633127669
53,2026-10-03,3,2026-10-24,wk inc covid hosp,quantile,0.35,209.29841091202985
54,2026-10-03,3,2026-10-24,wk inc covid hosp,quantile,0.35,28.16367155421843
55,2026-10-03,3,2026-10-24,wk inc covid hosp,quantile,0.35,40.10288814381592
56,2026-10-03,3,2026-10-24,wk inc covid hosp,quantile,0.35,4.0172698083131895
72,2026-10-03,3,2026-10-24,wk inc covid hosp,quantile,0.35,59.95828079824168
US,2026-10-03,3,2026-10-24,wk inc covid hosp,quantile,0.35,4885.190439509967
01,2026-10-03,0,2026-10-03,wk inc covid hosp,quantile,0.4,99.0034753815709
02,2026-10-03,0,2026-10-03,wk inc covid hosp,quantile,0.4,0.5893044819405137
04,2026-10-03,0,2026-10-03,wk inc covid hosp,quantile,0.4,67.53868660732078
05,2026-10-03,0,2026-10-03,wk inc covid hosp,quantile,0.4,18.806900295325597
06,2026-10-03,0,2026-10-03,wk inc covid hosp,quantile,0.4,1034.6215335544025
08,2026-10-03,0,2026-10-03,wk inc covid hosp,quantile,0.4,33.50937154629172
09,2026-10-03,0,2026-10-03,wk inc covid hosp,quantile,0.4,32.75392129519099
10,2026-10-03,0,2026-10-03,wk inc covid hosp,quantile,0.4,11.364742243712397
11,2026-10-03,0,2026-10-03,wk inc covid hosp,quantile,0.4,7.508487449911967
12,2026-10-03,0,2026-10-03,wk inc covid hosp,quantile,0.4,535.8396059641377
13,2026-10-03,0,2026-10-03,wk inc covid hosp,quantile,0.4,81.63082122620061
15,2026-10-03,0,2026-10-03,wk inc covid hosp,quantile,0.4,44.116660231761934
16,2026-10-03,0,2026-10-03,wk inc covid hosp,quantile,0.4,15.422685988842044
17,2026-10-03,0,2026-10-03,wk inc covid hosp,quantile,0.4,70.23463871121332
18,2026-10-03,0,2026-10-03,wk inc covid hosp,quantile,0.4,23.376710388935333
19,2026-10-03,0,2026-10-03,wk inc covid hosp,quantile,0.4,14.914609396292883
20,2026-10-03,0,2026-10-03,wk inc covid hosp,quantile,0.4,3.9784045325576987
21,2026-10-03,0,2026-10-03,wk inc covid hosp,quantile,0.4,14.706530895883283
22,2026-10-03,0,2026-10-03,wk inc covid hosp,quantile,0.4,81.51426213621494
23,2026-10-03,0,2026-10-03,wk inc covid hosp,quantile,0.4,5.71616807284924
24,2026-10-03,0,2026-10-03,wk inc covid hosp,quantile,0.4,41.88043983076363
25,2026-10-03,0,2026-10-03,wk inc covid hosp,quantile,0.4,50.63541686740382
26,2026-10-03,0,2026-10-03,wk inc covid hosp,quantile,0.4,40.746408485372086
27,2026-10-03,0,2026-10-03,wk inc covid hosp,quantile,0.4,30.032592150578537
28,2026-10-03,0,2026-10-03,wk inc covid hosp,quantile,0.4,20.776958343067406
29,2026-10-03,0,2026-10-03,wk inc covid hosp,quantile,0.4,43.47594271835283
30,2026-10-03,0,2026-10-03,wk inc covid hosp,quantile,0.4,4.3165402735630565
31,2026-10-03,0,2026-10-03,wk inc covid hosp,quantile,0.4,5.761140500083408
32,2026-10-03,0,2026-10-03,wk inc covid hosp,quantile,0.4,28.55186003978651
33,2026-10-03,0,2026-10-03,wk inc covid hosp,quantile,0.4,14.965030084306465
34,2026-10-03,0,2026-10-03,wk inc covid hosp,quantile,0.4,138.63218035224583
35,2026-10-03,0,2026-10-03,wk inc covid hosp,quantile,0.4,4.953661657543432
36,2026-10-03,0,2026-10-03,wk inc covid hosp,quantile,0.4,291.4246978879585
37,2026-10-03,0,2026-10-03,wk inc covid hosp,quantile,0.4,181.34371261704385
38,2026-10-03,0,2026-10-03,wk inc covid hosp,quantile,0.4,2.9133161242066383
39,2026-10-03,0,2026-10-03,wk inc covid hosp,quantile,0.4,61.32696060562567
40,2026-10-03,0,2026-10-03,wk inc covid hosp,quantile,0.4,13.69950735019595
41,2026-10-03,0,2026-10-03,wk inc covid hosp,quantile,0.4,49.206957318321194
42,2026-10-03,0,2026-10-03,wk inc covid hosp,quantile,0.4,184.76235950836812
44,2026-10-03,0,2026-10-03,wk inc covid hosp,quantile,0.4,6.643768744558556
45,2026-10-03,0,2026-10-03,wk inc covid hosp,quantile,0.4,67.52867288683008
46,2026-10-03,0,2026-10-03,wk inc covid hosp,quantile,0.4,1.941100028438192
47,2026-10-03,0,2026-10-03,wk inc covid hosp,quantile,0.4,49.81842181049879
48,2026-10-03,0,2026-10-03,wk inc covid hosp,quantile,0.4,414.86482955639025
49,2026-10-03,0,2026-10-03,wk inc covid hosp,quantile,0.4,21.77341203780079
50,2026-10-03,0,2026-10-03,wk inc covid hosp,quantile,0.4,7.2596886458512815
51,2026-10-03,0,2026-10-03,wk inc covid hosp,quantile,0.4,47.67376169139985
53,2026-10-03,0,2026-10-03,wk inc covid hosp,quantile,0.4,196.24175664860888
54,2026-10-03,0,2026-10-03,wk inc covid hosp,quantile,0.4,22.509233527614096
55,2026-10-03,0,2026-10-03,wk inc covid hosp,quantile,0.4,31.66903745676989
56,2026-10-03,0,2026-10-03,wk inc covid hosp,quantile,0.4,4.149160336542308
72,2026-10-03,0,2026-10-03,wk inc covid hosp,quantile,0.4,76.04488942647795
US,2026-10-03,0,2026-10-03,wk inc covid hosp,quantile,0.4,4525.914566571475
01,2026-10-03,1,2026-10-10,wk inc covid hosp,quantile,0.4,101.18267124453928
02,2026-10-03,1,2026-10-10,wk inc covid hosp,quantile,0.4,0.29545490844408023
04,2026-10-03,1,2026-10-10,wk inc covid hosp,quantile,0.4,68.22473263591432
05,2026-10-03,1,2026-10-10,wk inc covid hosp,quantile,0.4,20.042277061836213
06,2026-10-03,1,2026-10-10,wk inc covid hosp,quantile,0.4,1041.8672389316991
08,2026-10-03,1,2026-10-10,wk inc covid hosp,quantile,0.4,36.83981620347904
09,2026-10-03,1,2026-10-10,wk inc covid hosp,quantile,0.4,34.939416534585675
10,2026-10-03,1,2026-10-10,wk inc covid hosp,quantile,0.4,11.87284065784276
11,2026-10-03,1,2026-10-10,wk inc covid hosp,quantile,0.4,7.21063348562313
12,2026-10-03,1,2026-10-10,wk inc covid hosp,quantile,0.4,522.951574864585
13,2026-10-03,1,2026-10-10,wk inc covid hosp,quantile,0.4,79.97706515235066
15,2026-10-03,1,2026-10-10,wk inc covid hosp,quantile,0.4,44.46008848343651
16,2026-10-03,1,2026-10-10,wk inc covid hosp,quantile,0.4,16.445270391549055
17,2026-10-03,1,2026-10-10,wk inc covid hosp,quantile,0.4,77.56607332301495
18,2026-10-03,1,2026-10-10,wk inc covid hosp,quantile,0.4,26.1794373005339
19,2026-10-03,1,2026-10-10,wk inc covid hosp,quantile,0.4,16.31017731191936
20,2026-10-03,1,2026-10-10,wk inc covid hosp,quantile,0.4,4.371886306778078
21,2026-10-03,1,2026-10-10,wk inc covid hosp,quantile,0.4,14.6688320448645
22,2026-10-03,1,2026-10-10,wk inc covid hosp,quantile,0.4,80.54388960997244
23,2026-10-03,1,2026-10-10,wk inc covid hosp,quantile,0.4,6.850274816776039
24,2026-10-03,1,2026-10-10,wk inc covid hosp,quantile,0.4,45.90771617219377
25,2026-10-03,1,2026-10-10,wk inc covid hosp,quantile,0.4,56.74375428581496
26,2026-10-03,1,2026-10-10,wk inc covid hosp,quantile,0.4,45.015128095289974
27,2026-10-03,1,2026-10-10,wk inc covid hosp,quantile,0.4,33.13119440270039
28,2026-10-03,1,2026-10-10,wk inc covid hosp,quantile,0.4,19.573529649349314
29,2026-10-03,1,2026-10-10,wk inc covid hosp,quantile,0.4,45.51337504622601
30,2026-10-03,1,2026-10-10,wk inc covid hosp,quantile,0.4,4.080530018938459
31,2026-10-03,1,2026-10-10,wk inc covid hosp,quantile,0.4,6.373045097421129
32,2026-10-03,1,2026-10-10,wk inc covid hosp,quantile,0.4,28.76210589917479
33,2026-10-03,1,2026-10-10,wk inc covid hosp,quantile,0.4,16.842209205340914
34,2026-10-03,1,2026-10-10,wk inc covid hosp,quantile,0.4,140.5482588168716
35,2026-10-03,1,2026-10-10,wk inc covid hosp,quantile,0.4,4.755811467813217
36,2026-10-03,1,2026-10-10,wk inc covid hosp,quantile,0.4,306.7993518833131
37,2026-10-03,1,2026-10-10,wk inc covid hosp,quantile,0.4,180.92821293873925
38,2026-10-03,1,2026-10-10,wk inc covid hosp,quantile,0.4,3.5096668084049867
39,2026-10-03,1,2026-10-10,wk inc covid hosp,quantile,0.4,64.71855872615924
40,2026-10-03,1,2026-10-10,wk inc covid hosp,quantile,0.4,13.86489003750839
41,2026-10-03,1,2026-10-10,wk inc covid hosp,quantile,0.4,53.2517866593609
42,2026-10-03,1,2026-10-10,wk inc covid hosp,quantile,0.4,199.74502963085342
44,2026-10-03,1,2026-10-10,wk inc covid hosp,quantile,0.4,6.484749802332411
45,2026-10-03,1,2026-10-10,wk inc covid hosp,quantile,0.4,67.14487813540747
46,2026-10-03,1,2026-10-10,wk inc covid hosp,quantile,0.4,1.8742633613143858
47,2026-10-03,1,2026-10-10,wk inc covid hosp,quantile,0.4,47.881544814184366
48,2026-10-03,1,2026-10-10,wk inc covid hosp,quantile,0.4,402.72741579373456
49,2026-10-03,1,2026-10-10,wk inc covid hosp,quantile,0.4,23.343620518117483
50,2026-10-03,1,2026-10-10,wk inc covid hosp,quantile,0.4,7.945232358636054
51,2026-10-03,1,2026-10-10,wk inc covid hosp,quantile,0.4,49.43490190956799
53,2026-10-03,1,2026-10-10,wk inc covid hosp,quantile,0.4,208.5669589264745
54,2026-10-03,1,2026-10-10,wk inc covid hosp,quantile,0.4,26.086517463633147
55,2026-10-03,1,2026-10-10,wk inc covid hosp,quantile,0.4,35.43159777997845
56,2026-10-03,1,2026-10-10,wk inc covid hosp,quantile,0.4,4.564075187051486
72,2026-10-03,1,2026-10-10,wk inc covid hosp,quantile,0.4,69.64654896537566
US,2026-10-03,1,2026-10-10,wk inc covid hosp,quantile,0.4,4689.2839312914775
01,2026-10-03,2,2026-10-17,wk inc covid hosp,quantile,0.4,98.98055784853909
02,2026-10-03,2,2026-10-17,wk inc covid hosp,quantile,0.4,0.20707763240844096
04,2026-10-03,2,2026-10-17,wk inc covid hosp,quantile,0.4,69.45382412040283
05,2026-10-03,2,2026-10-17,wk inc covid hosp,quantile,0.4,21.05380260630576
06,2026-10-03,2,2026-10-17,wk inc covid hosp,quantile,0.4,1048.802267875921
08,2026-10-03,2,2026-10-17,wk inc covid hosp,quantile,0.4,38.88772676237472
09,2026-10-03,2,2026-10-17,wk inc covid hosp,quantile,0.4,38.22398790401472
10,2026-10-03,2,2026-10-17,wk inc covid hosp,quantile,0.4,12.429165866860284
11,2026-10-03,2,2026-10-17,wk inc covid hosp,quantile,0.4,7.402827782420735
12,2026-10-03,2,2026-10-17,wk inc covid hosp,quantile,0.4,511.20871058945283
13,2026-10-03,2,2026-10-17,wk inc covid hosp,quantile,0.4,79.48383363576788
15,2026-10-03,2,2026-10-17,wk inc covid hosp,quantile,0.4,44.10707900637959
16,2026-10-03,2,2026-10-17,wk inc covid hosp,quantile,0.4,17.24680423883267
17,2026-10-03,2,2026-10-17,wk inc covid hosp,quantile,0.4,88.61483524713779
18,2026-10-03,2,2026-10-17,wk inc covid hosp,quantile,0.4,28.791441680863375
19,2026-10-03,2,2026-10-17,wk inc covid hosp,quantile,0.4,17.14907945825905
20,2026-10-03,2,2026-10-17,wk inc covid hosp,quantile,0.4,5.121041856019444
21,2026-10-03,2,2026-10-17,wk inc covid hosp,quantile,0.4,16.188401724010756
22,2026-10-03,2,2026-10-17,wk inc covid hosp,quantile,0.4,80.93710102353486
23,2026-10-03,2,2026-10-17,wk inc covid hosp,quantile,0.4,8.232270387158373
24,2026-10-03,2,2026-10-17,wk inc covid hosp,quantile,0.4,48.94606156776636
25,2026-10-03,2,2026-10-17,wk inc covid hosp,quantile,0.4,62.20359436516663
26,2026-10-03,2,2026-10-17,wk inc covid hosp,quantile,0.4,51.81237638443126
27,2026-10-03,2,2026-10-17,wk inc covid hosp,quantile,0.4,36.253059799417585
28,2026-10-03,2,2026-10-17,wk inc covid hosp,quantile,0.4,19.058664278610937
29,2026-10-03,2,2026-10-17,wk inc covid hosp,quantile,0.4,50.080679430528775
30,2026-10-03,2,2026-10-17,wk inc covid hosp,quantile,0.4,3.962996903032644
31,2026-10-03,2,2026-10-17,wk inc covid hosp,quantile,0.4,6.880668419036466
32,2026-10-03,2,2026-10-17,wk inc covid hosp,quantile,0.4,28.782966235991758
33,2026-10-03,2,2026-10-17,wk inc covid hosp,quantile,0.4,18.955774274079413
34,2026-10-03,2,2026-10-17,wk inc covid hosp,quantile,0.4,147.66064658173065
35,2026-10-03,2,2026-10-17,wk inc covid hosp,quantile,0.4,4.669554160943232
36,2026-10-03,2,2026-10-17,wk inc covid hosp,quantile,0.4,325.9402517485288
37,2026-10-03,2,2026-10-17,wk inc covid hosp,quantile,0.4,181.87124676224772
38,2026-10-03,2,2026-10-17,wk inc covid hosp,quantile,0.4,4.028865911169776
39,2026-10-03,2,2026-10-17,wk inc covid hosp,quantile,0.4,69.26657962869442
40,2026-10-03,2,2026-10-17,wk inc covid hosp,quantile,0.4,14.738466728211009
41,2026-10-03,2,2026-10-17,wk inc covid hosp,quantile,0.4,55.48541048952638
42,2026-10-03,2,2026-10-17,wk inc covid hosp,quantile,0.4,217.8114345097527
44,2026-10-03,2,2026-10-17,wk inc covid hosp,quantile,0.4,6.431088306784588
45,2026-10-03,2,2026-10-17,wk inc covid hosp,quantile,0.4,68.2373425365764
46,2026-10-03,2,2026-10-17,wk inc covid hosp,quantile,0.4,1.7907047615959344
47,2026-10-03,2,2026-10-17,wk inc covid hosp,quantile,0.4,48.85299027625338
48,2026-10-03,2,2026-10-17,wk inc covid hosp,quantile,0.4,394.4136395658054
49,2026-10-03,2,2026-10-17,wk inc covid hosp,quantile,0.4,23.93063178563174
50,2026-10-03,2,2026-10-17,wk inc covid hosp,quantile,0.4,7.9490766483836515
51,2026-10-03,2,2026-10-17,wk inc covid hosp,quantile,0.4,52.07729613155234
53,2026-10-03,2,2026-10-17,wk inc covid hosp,quantile,0.4,216.08832686470657
54,2026-10-03,2,2026-10-17,wk inc covid hosp,quantile,0.4,28.077601730373953
55,2026-10-03,2,2026-10-17,wk inc covid hosp,quantile,0.4,38.659019808141274
56,2026-10-03,2,2026-10-17,wk inc covid hosp,quantile,0.4,5.102683613556682
72,2026-10-03,2,2026-10-17,wk inc covid hosp,quantile,0.4,68.80641931694375
US,2026-10-03,2,2026-10-17,wk inc covid hosp,quantile,0.4,4877.848022007085
01,2026-10-03,3,2026-10-24,wk inc covid hosp,quantile,0.4,102.11573869986823
02,2026-10-03,3,2026-10-24,wk inc covid hosp,quantile,0.4,0.21087446543759597
04,2026-10-03,3,2026-10-24,wk inc covid hosp,quantile,0.4,71.26544399552395
05,2026-10-03,3,2026-10-24,wk inc covid hosp,quantile,0.4,22.591331777788085
06,2026-10-03,3,2026-10-24,wk inc covid hosp,quantile,0.4,1045.9770735111629
08,2026-10-03,3,2026-10-24,wk inc covid hosp,quantile,0.4,42.14646831784131
09,2026-10-03,3,2026-10-24,wk inc covid hosp,quantile,0.4,41.142601452204346
10,2026-10-03,3,2026-10-24,wk inc covid hosp,quantile,0.4,12.431355875091741
11,2026-10-03,3,2026-10-24,wk inc covid hosp,quantile,0.4,7.6699752243625126
12,2026-10-03,3,2026-10-24,wk inc covid hosp,quantile,0.4,492.5211549704496
13,2026-10-03,3,2026-10-24,wk inc covid hosp,quantile,0.4,82.24444067468599
15,2026-10-03,3,2026-10-24,wk inc covid hosp,quantile,0.4,44.23086256902245
16,2026-10-03,3,2026-10-24,wk inc covid hosp,quantile,0.4,17.64258996873586
17,2026-10-03,3,2026-10-24,wk inc covid hosp,quantile,0.4,96.92252162966616
18,2026-10-03,3,2026-10-24,wk inc covid hosp,quantile,0.4,31.990685579382433
19,2026-10-03,3,2026-10-24,wk inc covid hosp,quantile,0.4,18.662597278683165
20,2026-10-03,3,2026-10-24,wk inc covid hosp,quantile,0.4,5.685941725007651
21,2026-10-03,3,2026-10-24,wk inc covid hosp,quantile,0.4,17.972389555206934
22,2026-10-03,3,2026-10-24,wk inc covid hosp,quantile,0.4,81.77474469115211
23,2026-10-03,3,2026-10-24,wk inc covid hosp,quantile,0.4,9.24435877771956
24,2026-10-03,3,2026-10-24,wk inc covid hosp,quantile,0.4,54.47099508235416
25,2026-10-03,3,2026-10-24,wk inc covid hosp,quantile,0.4,68.96521647417723
26,2026-10-03,3,2026-10-24,wk inc covid hosp,quantile,0.4,59.29493354654043
27,2026-10-03,3,2026-10-24,wk inc covid hosp,quantile,0.4,40.02917704053738
28,2026-10-03,3,2026-10-24,wk inc covid hosp,quantile,0.4,17.926389881922038
29,2026-10-03,3,2026-10-24,wk inc covid hosp,quantile,0.4,54.22477864584421
30,2026-10-03,3,2026-10-24,wk inc covid hosp,quantile,0.4,4.284258535095046
31,2026-10-03,3,2026-10-24,wk inc covid hosp,quantile,0.4,7.573993388411411
32,2026-10-03,3,2026-10-24,wk inc covid hosp,quantile,0.4,28.117991115167122
33,2026-10-03,3,2026-10-24,wk inc covid hosp,quantile,0.4,20.074644745958043
34,2026-10-03,3,2026-10-24,wk inc covid hosp,quantile,0.4,157.0106838370394
35,2026-10-03,3,2026-10-24,wk inc covid hosp,quantile,0.4,4.964085659297861
36,2026-10-03,3,2026-10-24,wk inc covid hosp,quantile,0.4,339.6635516395373
37,2026-10-03,3,2026-10-24,wk inc covid hosp,quantile,0.4,183.70079872146096
38,2026-10-03,3,2026-10-24,wk inc covid hosp,quantile,0.4,4.41578511726712
39,2026-10-03,3,2026-10-24,wk inc covid hosp,quantile,0.4,76.74706220397506
40,2026-10-03,3,2026-10-24,wk inc covid hosp,quantile,0.4,15.579259918701968
41,2026-10-03,3,2026-10-24,wk inc covid hosp,quantile,0.4,58.55619850534563
42,2026-10-03,3,2026-10-24,wk inc covid hosp,quantile,0.4,226.08937533808088
44,2026-10-03,3,2026-10-24,wk inc covid hosp,quantile,0.4,6.867716661408919
45,2026-10-03,3,2026-10-24,wk inc covid hosp,quantile,0.4,67.62288438335919
46,2026-10-03,3,2026-10-24,wk inc covid hosp,quantile,0.4,1.886384743406221
47,2026-10-03,3,2026-10-24,wk inc covid hosp,quantile,0.4,49.15277738150781
48,2026-10-03,3,2026-10-24,wk inc covid hosp,quantile,0.4,393.302543579167
49,2026-10-03,3,2026-10-24,wk inc covid hosp,quantile,0.4,25.591591681036657
50,2026-10-03,3,2026-10-24,wk inc covid hosp,quantile,0.4,8.497312018229877
51,2026-10-03,3,2026-10-24,wk inc covid hosp,quantile,0.4,56.513501218904835
53,2026-10-03,3,2026-10-24,wk inc covid hosp,quantile,0.4,218.69086480182946
54,2026-10-03,3,2026-10-24,wk inc covid hosp,quantile,0.4,31.43988547249349
55,2026-10-03,3,2026-10-24,wk inc covid hosp,quantile,0.4,44.11825205779795
56,2026-10-03,3,2026-10-24,wk inc covid hosp,quantile,0.4,5.043359425544087
72,2026-10-03,3,2026-10-24,wk inc covid hosp,quantile,0.4,66.28917407558764
US,2026-10-03,3,2026-10-24,wk inc covid hosp,quantile,0.4,5077.459172030839
01,2026-10-03,0,2026-10-03,wk inc covid hosp,quantile,0.45,101.85858116036562
02,2026-10-03,0,2026-10-03,wk inc covid hosp,quantile,0.45,0.7898507057955474
04,2026-10-03,0,2026-10-03,wk inc covid hosp,quantile,0.45,70.5894360795532
05,2026-10-03,0,2026-10-03,wk inc covid hosp,quantile,0.45,19.99263946873419
06,2026-10-03,0,2026-10-03,wk inc covid hosp,quantile,0.45,1050.1526257386256
08,2026-10-03,0,2026-10-03,wk inc covid hosp,quantile,0.45,35.06111808499239
09,2026-10-03,0,2026-10-03,wk inc covid hosp,quantile,0.45,34.697356750018095
10,2026-10-03,0,2026-10-03,wk inc covid hosp,quantile,0.45,12.1204230165263
11,2026-10-03,0,2026-10-03,wk inc covid hosp,quantile,0.45,8.124944721017938
12,2026-10-03,0,2026-10-03,wk inc covid hosp,quantile,0.45,555.5849245154789
13,2026-10-03,0,2026-10-03,wk inc covid hosp,quantile,0.45,85.06694790846933
15,2026-10-03,0,2026-10-03,wk inc covid hosp,quantile,0.45,45.45913459329006
16,2026-10-03,0,2026-10-03,wk inc covid hosp,quantile,0.45,16.256125117733916
17,2026-10-03,0,2026-10-03,wk inc covid hosp,quantile,0.45,73.002921043745
18,2026-10-03,0,2026-10-03,wk inc covid hosp,quantile,0.45,25.026643251785814
19,2026-10-03,0,2026-10-03,wk inc covid hosp,quantile,0.45,15.93564295605465
20,2026-10-03,0,2026-10-03,wk inc covid hosp,quantile,0.45,4.746497256986941
21,2026-10-03,0,2026-10-03,wk inc covid hosp,quantile,0.45,15.885350676288992
22,2026-10-03,0,2026-10-03,wk inc covid hosp,quantile,0.45,84.29351422628541
23,2026-10-03,0,2026-10-03,wk inc covid hosp,quantile,0.45,6.1904814603410925
24,2026-10-03,0,2026-10-03,wk inc covid hosp,quantile,0.45,43.77633242967191
25,2026-10-03,0,2026-10-03,wk inc covid hosp,quantile,0.45,52.901596767934514
26,2026-10-03,0,2026-10-03,wk inc covid hosp,quantile,0.45,43.96521539650118
27,2026-10-03,0,2026-10-03,wk inc covid hosp,quantile,0.45,31.575398859904105
28,2026-10-03,0,2026-10-03,wk inc covid hosp,quantile,0.45,22.040938683924203
29,2026-10-03,0,2026-10-03,wk inc covid hosp,quantile,0.45,45.10021684111966
30,2026-10-03,0,2026-10-03,wk inc covid hosp,quantile,0.45,4.854265612559706
31,2026-10-03,0,2026-10-03,wk inc covid hosp,quantile,0.45,6.278912525517019
32,2026-10-03,0,2026-10-03,wk inc covid hosp,quantile,0.45,29.731667259087295
33,2026-10-03,0,2026-10-03,wk inc covid hosp,quantile,0.45,15.805413273564271
34,2026-10-03,0,2026-10-03,wk inc covid hosp,quantile,0.45,145.01130227054574
35,2026-10-03,0,2026-10-03,wk inc covid hosp,quantile,0.45,5.557350706863503
36,2026-10-03,0,2026-10-03,wk inc covid hosp,quantile,0.45,298.5551751965598
37,2026-10-03,0,2026-10-03,wk inc covid hosp,quantile,0.45,186.34725573623223
38,2026-10-03,0,2026-10-03,wk inc covid hosp,quantile,0.45,3.2580311268456223
39,2026-10-03,0,2026-10-03,wk inc covid hosp,quantile,0.45,64.23487958430907
40,2026-10-03,0,2026-10-03,wk inc covid hosp,quantile,0.45,14.518104172358633
41,2026-10-03,0,2026-10-03,wk inc covid hosp,quantile,0.45,51.19326955994307
42,2026-10-03,0,2026-10-03,wk inc covid hosp,quantile,0.45,192.1378707295201
44,2026-10-03,0,2026-10-03,wk inc covid hosp,quantile,0.45,7.16318994088475
45,2026-10-03,0,2026-10-03,wk inc covid hosp,quantile,0.45,69.84813063252432
46,2026-10-03,0,2026-10-03,wk inc covid hosp,quantile,0.45,2.3268848742641866
47,2026-10-03,0,2026-10-03,wk inc covid hosp,quantile,0.45,52.42517198331682
48,2026-10-03,0,2026-10-03,wk inc covid hosp,quantile,0.45,433.5502234538947
49,2026-10-03,0,2026-10-03,wk inc covid hosp,quantile,0.45,22.93765648224641
50,2026-10-03,0,2026-10-03,wk inc covid hosp,quantile,0.45,7.83669710281759
51,2026-10-03,0,2026-10-03,wk inc covid hosp,quantile,0.45,49.48163295342843
53,2026-10-03,0,2026-10-03,wk inc covid hosp,quantile,0.45,200.32189953881334
54,2026-10-03,0,2026-10-03,wk inc covid hosp,quantile,0.45,23.524628898830834
55,2026-10-03,0,2026-10-03,wk inc covid hosp,quantile,0.45,33.73243516299741
56,2026-10-03,0,2026-10-03,wk inc covid hosp,quantile,0.45,4.62073698597438
72,2026-10-03,0,2026-10-03,wk inc covid hosp,quantile,0.45,79.30531520324006
US,2026-10-03,0,2026-10-03,wk inc covid hosp,quantile,0.45,4616.18572534326
01,2026-10-03,1,2026-10-10,wk inc covid hosp,quantile,0.45,104.77457352760635
02,2026-10-03,1,2026-10-10,wk inc covid hosp,quantile,0.45,0.6690874804527656
04,2026-10-03,1,2026-10-10,wk inc covid hosp,quantile,0.45,72.3716906828531
05,2026-10-03,1,2026-10-10,wk inc covid hosp,quantile,0.45,21.502502552070915
06,2026-10-03,1,2026-10-10,wk inc covid hosp,quantile,0.45,1066.987975718036
08,2026-10-03,1,2026-10-10,wk inc covid hosp,quantile,0.45,39.48054688720343
09,2026-10-03,1,2026-10-10,wk inc covid hosp,quantile,0.45,38.059427932448315
10,2026-10-03,1,2026-10-10,wk inc covid hosp,quantile,0.45,12.927087835960627
11,2026-10-03,1,2026-10-10,wk inc covid hosp,quantile,0.45,7.97153400716545
12,2026-10-03,1,2026-10-10,wk inc covid hosp,quantile,0.45,554.4595076447632
13,2026-10-03,1,2026-10-10,wk inc covid hosp,quantile,0.45,84.3012687068307
15,2026-10-03,1,2026-10-10,wk inc covid hosp,quantile,0.45,46.08208761861181
16,2026-10-03,1,2026-10-10,wk inc covid hosp,quantile,0.45,17.75070515410855
17,2026-10-03,1,2026-10-10,wk inc covid hosp,quantile,0.45,81.97587365016959
18,2026-10-03,1,2026-10-10,wk inc covid hosp,quantile,0.45,28.60597344692349
19,2026-10-03,1,2026-10-10,wk inc covid hosp,quantile,0.45,17.716499677738977
20,2026-10-03,1,2026-10-10,wk inc covid hosp,quantile,0.45,5.1549061187234315
21,2026-10-03,1,2026-10-10,wk inc covid hosp,quantile,0.45,16.491961987486267
22,2026-10-03,1,2026-10-10,wk inc covid hosp,quantile,0.45,84.19793286188829
23,2026-10-03,1,2026-10-10,wk inc covid hosp,quantile,0.45,7.653833318739345
24,2026-10-03,1,2026-10-10,wk inc covid hosp,quantile,0.45,48.97098632314151
25,2026-10-03,1,2026-10-10,wk inc covid hosp,quantile,0.45,59.70571903355984
26,2026-10-03,1,2026-10-10,wk inc covid hosp,quantile,0.45,50.60721906726515
27,2026-10-03,1,2026-10-10,wk inc covid hosp,quantile,0.45,35.71647648248186
28,2026-10-03,1,2026-10-10,wk inc covid hosp,quantile,0.45,21.425126861946943
29,2026-10-03,1,2026-10-10,wk inc covid hosp,quantile,0.45,48.24637664086808
30,2026-10-03,1,2026-10-10,wk inc covid hosp,quantile,0.45,4.7320158996068535
31,2026-10-03,1,2026-10-10,wk inc covid hosp,quantile,0.45,7.290502799248653
32,2026-10-03,1,2026-10-10,wk inc covid hosp,quantile,0.45,30.45746540076883
33,2026-10-03,1,2026-10-10,wk inc covid hosp,quantile,0.45,18.143535961002627
34,2026-10-03,1,2026-10-10,wk inc covid hosp,quantile,0.45,148.36154909339294
35,2026-10-03,1,2026-10-10,wk inc covid hosp,quantile,0.45,5.510636949556534
36,2026-10-03,1,2026-10-10,wk inc covid hosp,quantile,0.45,316.76702628587185
37,2026-10-03,1,2026-10-10,wk inc covid hosp,quantile,0.45,187.5398393779181
38,2026-10-03,1,2026-10-10,wk inc covid hosp,quantile,0.45,4.031131651827609
39,2026-10-03,1,2026-10-10,wk inc covid hosp,quantile,0.45,69.31630108269826
40,2026-10-03,1,2026-10-10,wk inc covid hosp,quantile,0.45,15.568106541622617
41,2026-10-03,1,2026-10-10,wk inc covid hosp,quantile,0.45,55.91160201665433
42,2026-10-03,1,2026-10-10,wk inc covid hosp,quantile,0.45,212.45867286207996
44,2026-10-03,1,2026-10-10,wk inc covid hosp,quantile,0.45,7.383082145099545
45,2026-10-03,1,2026-10-10,wk inc covid hosp,quantile,0.45,71.48849985274249
46,2026-10-03,1,2026-10-10,wk inc covid hosp,quantile,0.45,2.3318210777016337
47,2026-10-03,1,2026-10-10,wk inc covid hosp,quantile,0.45,51.53607880057829
48,2026-10-03,1,2026-10-10,wk inc covid hosp,quantile,0.45,421.71000722592987
49,2026-10-03,1,2026-10-10,wk inc covid hosp,quantile,0.45,25.04401373188121
50,2026-10-03,1,2026-10-10,wk inc covid hosp,quantile,0.45,8.76957653084607
51,2026-10-03,1,2026-10-10,wk inc covid hosp,quantile,0.45,52.64011344317931
53,2026-10-03,1,2026-10-10,wk inc covid hosp,quantile,0.45,215.43759942167893
54,2026-10-03,1,2026-10-10,wk inc covid hosp,quantile,0.45,28.013652762445513
55,2026-10-03,1,2026-10-10,wk inc covid hosp,quantile,0.45,37.87917482205672
56,2026-10-03,1,2026-10-10,wk inc covid hosp,quantile,0.45,5.279915721967868
72,2026-10-03,1,2026-10-10,wk inc covid hosp,quantile,0.45,74.03753235224526
US,2026-10-03,1,2026-10-10,wk inc covid hosp,quantile,0.45,4834.958057435678
01,2026-10-03,2,2026-10-17,wk inc covid hosp,quantile,0.45,104.50678102333278
02,2026-10-03,2,2026-10-17,wk inc covid hosp,quantile,0.45,0.5818101238856866
04,2026-10-03,2,2026-10-17,wk inc covid hosp,quantile,0.45,75.0010631687727
05,2026-10-03,2,2026-10-17,wk inc covid hosp,quantile,0.45,23.62259131846022
06,2026-10-03,2,2026-10-17,wk inc covid hosp,quantile,0.45,1081.4429315566827
08,2026-10-03,2,2026-10-17,wk inc covid hosp,quantile,0.45,42.68955780838726
09,2026-10-03,2,2026-10-17,wk inc covid hosp,quantile,0.45,42.0425038186011
10,2026-10-03,2,2026-10-17,wk inc covid hosp,quantile,0.45,13.690258918721717
11,2026-10-03,2,2026-10-17,wk inc covid hosp,quantile,0.45,8.526284904280052
12,2026-10-03,2,2026-10-17,wk inc covid hosp,quantile,0.45,541.7385326511874
13,2026-10-03,2,2026-10-17,wk inc covid hosp,quantile,0.45,85.26018536578172
15,2026-10-03,2,2026-10-17,wk inc covid hosp,quantile,0.45,47.065891296642945
16,2026-10-03,2,2026-10-17,wk inc covid hosp,quantile,0.45,18.657511490330258
17,2026-10-03,2,2026-10-17,wk inc covid hosp,quantile,0.45,94.58688033940724
18,2026-10-03,2,2026-10-17,wk inc covid hosp,quantile,0.45,32.36961569765489
19,2026-10-03,2,2026-10-17,wk inc covid hosp,quantile,0.45,19.35490766487787
20,2026-10-03,2,2026-10-17,wk inc covid hosp,quantile,0.45,6.237427086645754
21,2026-10-03,2,2026-10-17,wk inc covid hosp,quantile,0.45,18.051172063289084
22,2026-10-03,2,2026-10-17,wk inc covid hosp,quantile,0.45,85.37200283361734
23,2026-10-03,2,2026-10-17,wk inc covid hosp,quantile,0.45,9.26609524685015
24,2026-10-03,2,2026-10-17,wk inc covid hosp,quantile,0.45,52.91699895907435
25,2026-10-03,2,2026-10-17,wk inc covid hosp,quantile,0.45,67.30036087041495
26,2026-10-03,2,2026-10-17,wk inc covid hosp,quantile,0.45,58.87315096029909
27,2026-10-03,2,2026-10-17,wk inc covid hosp,quantile,0.45,39.504170727688816
28,2026-10-03,2,2026-10-17,wk inc covid hosp,quantile,0.45,20.804476124990217
29,2026-10-03,2,2026-10-17,wk inc covid hosp,quantile,0.45,54.21845071155348
30,2026-10-03,2,2026-10-17,wk inc covid hosp,quantile,0.45,4.897844167756332
31,2026-10-03,2,2026-10-17,wk inc covid hosp,quantile,0.45,7.994765562282119
32,2026-10-03,2,2026-10-17,wk inc covid hosp,quantile,0.45,31.13817095340467
33,2026-10-03,2,2026-10-17,wk inc covid hosp,quantile,0.45,20.93331875554949
34,2026-10-03,2,2026-10-17,wk inc covid hosp,quantile,0.45,158.0395974827892
35,2026-10-03,2,2026-10-17,wk inc covid hosp,quantile,0.45,5.559271548211996
36,2026-10-03,2,2026-10-17,wk inc covid hosp,quantile,0.45,336.9582988718481
37,2026-10-03,2,2026-10-17,wk inc covid hosp,quantile,0.45,191.07647905652254
38,2026-10-03,2,2026-10-17,wk inc covid hosp,quantile,0.45,4.846987730570637
39,2026-10-03,2,2026-10-17,wk inc covid hosp,quantile,0.45,75.77764660485389
40,2026-10-03,2,2026-10-17,wk inc covid hosp,quantile,0.45,16.33363683624324
41,2026-10-03,2,2026-10-17,wk inc covid hosp,quantile,0.45,58.7836146886064
42,2026-10-03,2,2026-10-17,wk inc covid hosp,quantile,0.45,231.9342796749866
44,2026-10-03,2,2026-10-17,wk inc covid hosp,quantile,0.45,7.495067754990775
45,2026-10-03,2,2026-10-17,wk inc covid hosp,quantile,0.45,73.52129436414432
46,2026-10-03,2,2026-10-17,wk inc covid hosp,quantile,0.45,2.4455468027411382
47,2026-10-03,2,2026-10-17,wk inc covid hosp,quantile,0.45,52.76339550005585
48,2026-10-03,2,2026-10-17,wk inc covid hosp,quantile,0.45,420.1113520481707
49,2026-10-03,2,2026-10-17,wk inc covid hosp,quantile,0.45,25.980869236782194
50,2026-10-03,2,2026-10-17,wk inc covid hosp,quantile,0.45,9.317627060687585
51,2026-10-03,2,2026-10-17,wk inc covid hosp,quantile,0.45,56.66104742126131
53,2026-10-03,2,2026-10-17,wk inc covid hosp,quantile,0.45,222.35045691279117
54,2026-10-03,2,2026-10-17,wk inc covid hosp,quantile,0.45,30.40230101719118
55,2026-10-03,2,2026-10-17,wk inc covid hosp,quantile,0.45,42.38247081734139
56,2026-10-03,2,2026-10-17,wk inc covid hosp,quantile,0.45,6.052849882954345
72,2026-10-03,2,2026-10-17,wk inc covid hosp,quantile,0.45,74.20276642782476
US,2026-10-03,2,2026-10-17,wk inc covid hosp,quantile,0.45,5076.580232463865
01,2026-10-03,3,2026-10-24,wk inc covid hosp,quantile,0.45,108.73944215797313
02,2026-10-03,3,2026-10-24,wk inc covid hosp,quantile,0.45,0.6717705779886899
04,2026-10-03,3,2026-10-24,wk inc covid hosp,quantile,0.45,77.82223586894393
05,2026-10-03,3,2026-10-24,wk inc covid hosp,quantile,0.45,25.064409858157518
06,2026-10-03,3,2026-10-24,wk inc covid hosp,quantile,0.45,1084.0609011815156
08,2026-10-03,3,2026-10-24,wk inc covid hosp,quantile,0.45,45.78734898318081
09,2026-10-03,3,2026-10-24,wk inc covid hosp,quantile,0.45,46.08705892530125
10,2026-10-03,3,2026-10-24,wk inc covid hosp,quantile,0.45,14.158735122825982
11,2026-10-03,3,2026-10-24,wk inc covid hosp,quantile,0.45,8.781356269009363
12,2026-10-03,3,2026-10-24,wk inc covid hosp,quantile,0.45,532.9813693329601
13,2026-10-03,3,2026-10-24,wk inc covid hosp,quantile,0.45,87.9074606709831
15,2026-10-03,3,2026-10-24,wk inc covid hosp,quantile,0.45,47.786138341541594
16,2026-10-03,3,2026-10-24,wk inc covid hosp,quantile,0.45,19.381327324642427
17,2026-10-03,3,2026-10-24,wk inc covid hosp,quantile,0.45,103.86620260625426
18,2026-10-03,3,2026-10-24,wk inc covid hosp,quantile,0.45,36.067884367414614
19,2026-10-03,3,2026-10-24,wk inc covid hosp,quantile,0.45,20.77531853507435
20,2026-10-03,3,2026-10-24,wk inc covid hosp,quantile,0.45,7.066049518240978
21,2026-10-03,3,2026-10-24,wk inc covid hosp,quantile,0.45,20.90757640547154
22,2026-10-03,3,2026-10-24,wk inc covid hosp,quantile,0.45,88.0951257652095
23,2026-10-03,3,2026-10-24,wk inc covid hosp,quantile,0.45,10.603082847143805
24,2026-10-03,3,2026-10-24,wk inc covid hosp,quantile,0.45,59.129713490336655
25,2026-10-03,3,2026-10-24,wk inc covid hosp,quantile,0.45,75.08183560700004
26,2026-10-03,3,2026-10-24,wk inc covid hosp,quantile,0.45,67.97462354595753
27,2026-10-03,3,2026-10-24,wk inc covid hosp,quantile,0.45,44.38905193897786
28,2026-10-03,3,2026-10-24,wk inc covid hosp,quantile,0.45,20.895114299215972
29,2026-10-03,3,2026-10-24,wk inc covid hosp,quantile,0.45,59.12286876090705
30,2026-10-03,3,2026-10-24,wk inc covid hosp,quantile,0.45,5.495590784195374
31,2026-10-03,3,2026-10-24,wk inc covid hosp,quantile,0.45,8.944030180302622
32,2026-10-03,3,2026-10-24,wk inc covid hosp,quantile,0.45,31.321784322522692
33,2026-10-03,3,2026-10-24,wk inc covid hosp,quantile,0.45,22.365721431565984
34,2026-10-03,3,2026-10-24,wk inc covid hosp,quantile,0.45,169.00694372594484
35,2026-10-03,3,2026-10-24,wk inc covid hosp,quantile,0.45,6.143639794063891
36,2026-10-03,3,2026-10-24,wk inc covid hosp,quantile,0.45,354.5272847709241
37,2026-10-03,3,2026-10-24,wk inc covid hosp,quantile,0.45,193.3911113833466
38,2026-10-03,3,2026-10-24,wk inc covid hosp,quantile,0.45,5.418111050772545
39,2026-10-03,3,2026-10-24,wk inc covid hosp,quantile,0.45,83.32883956617673
40,2026-10-03,3,2026-10-24,wk inc covid hosp,quantile,0.45,17.569271490028946
41,2026-10-03,3,2026-10-24,wk inc covid hosp,quantile,0.45,62.38084191058669
42,2026-10-03,3,2026-10-24,wk inc covid hosp,quantile,0.45,243.4936545294007
44,2026-10-03,3,2026-10-24,wk inc covid hosp,quantile,0.45,7.957509735915001
45,2026-10-03,3,2026-10-24,wk inc covid hosp,quantile,0.45,72.92291056788154
46,2026-10-03,3,2026-10-24,wk inc covid hosp,quantile,0.45,2.710810878226479
47,2026-10-03,3,2026-10-24,wk inc covid hosp,quantile,0.45,54.72619070525164
48,2026-10-03,3,2026-10-24,wk inc covid hosp,quantile,0.45,423.68309703973756
49,2026-10-03,3,2026-10-24,wk inc covid hosp,quantile,0.45,28.58751665896413
50,2026-10-03,3,2026-10-24,wk inc covid hosp,quantile,0.45,9.848704413820643
51,2026-10-03,3,2026-10-24,wk inc covid hosp,quantile,0.45,62.331821767921866
53,2026-10-03,3,2026-10-24,wk inc covid hosp,quantile,0.45,229.39046655822932
54,2026-10-03,3,2026-10-24,wk inc covid hosp,quantile,0.45,34.28854774049291
55,2026-10-03,3,2026-10-24,wk inc covid hosp,quantile,0.45,48.96556248436815
56,2026-10-03,3,2026-10-24,wk inc covid hosp,quantile,0.45,6.222716273791491
72,2026-10-03,3,2026-10-24,wk inc covid hosp,quantile,0.45,74.11837742230199
US,2026-10-03,3,2026-10-24,wk inc covid hosp,quantile,0.45,5277.643892073282
01,2026-10-03,0,2026-10-03,wk inc covid hosp,quantile,0.5,104.49734077311463
02,2026-10-03,0,2026-10-03,wk inc covid hosp,quantile,0.5,1.0090052013211799
04,2026-10-03,0,2026-10-03,wk inc covid hosp,quantile,0.5,73.898034194956
05,2026-10-03,0,2026-10-03,wk inc covid hosp,quantile,0.5,21.139145418612348
06,2026-10-03,0,2026-10-03,wk inc covid hosp,quantile,0.5,1067.3056703076861
08,2026-10-03,0,2026-10-03,wk inc covid hosp,quantile,0.5,36.490585665577726
09,2026-10-03,0,2026-10-03,wk inc covid hosp,quantile,0.5,36.61201410388289
10,2026-10-03,0,2026-10-03,wk inc covid hosp,quantile,0.5,12.886511780682701
11,2026-10-03,0,2026-10-03,wk inc covid hosp,quantile,0.5,8.754926812214766
12,2026-10-03,0,2026-10-03,wk inc covid hosp,quantile,0.5,578.2671028248867
13,2026-10-03,0,2026-10-03,wk inc covid hosp,quantile,0.5,87.94568833981474
15,2026-10-03,0,2026-10-03,wk inc covid hosp,quantile,0.5,46.82955850744503
16,2026-10-03,0,2026-10-03,wk inc covid hosp,quantile,0.5,17.062294346736483
17,2026-10-03,0,2026-10-03,wk inc covid hosp,quantile,0.5,76.68295753581688
18,2026-10-03,0,2026-10-03,wk inc covid hosp,quantile,0.5,26.7114152263927
19,2026-10-03,0,2026-10-03,wk inc covid hosp,quantile,0.5,16.82533477724461
20,2026-10-03,0,2026-10-03,wk inc covid hosp,quantile,0.5,5.555349251764051
21,2026-10-03,0,2026-10-03,wk inc covid hosp,quantile,0.5,17.122005707143423
22,2026-10-03,0,2026-10-03,wk inc covid hosp,quantile,0.5,87.52933085123605
23,2026-10-03,0,2026-10-03,wk inc covid hosp,quantile,0.5,6.69784584325951
24,2026-10-03,0,2026-10-03,wk inc covid hosp,quantile,0.5,45.90241720100793
25,2026-10-03,0,2026-10-03,wk inc covid hosp,quantile,0.5,54.85137702227463
26,2026-10-03,0,2026-10-03,wk inc covid hosp,quantile,0.5,48.13782328652352
27,2026-10-03,0,2026-10-03,wk inc covid hosp,quantile,0.5,33.245636550601716
28,2026-10-03,0,2026-10-03,wk inc covid hosp,quantile,0.5,23.292454621555795
29,2026-10-03,0,2026-10-03,wk inc covid hosp,quantile,0.5,46.94992805436599
30,2026-10-03,0,2026-10-03,wk inc covid hosp,quantile,0.5,5.352885697754789
31,2026-10-03,0,2026-10-03,wk inc covid hosp,quantile,0.5,6.949054623909597
32,2026-10-03,0,2026-10-03,wk inc covid hosp,quantile,0.5,30.772382248016278
33,2026-10-03,0,2026-10-03,wk inc covid hosp,quantile,0.5,16.6116437746875
34,2026-10-03,0,2026-10-03,wk inc covid hosp,quantile,0.5,150.37029144764355
35,2026-10-03,0,2026-10-03,wk inc covid hosp,quantile,0.5,6.15199339831522
36,2026-10-03,0,2026-10-03,wk inc covid hosp,quantile,0.5,305.3794264184866
37,2026-10-03,0,2026-10-03,wk inc covid hosp,quantile,0.5,191.32995341461395
38,2026-10-03,0,2026-10-03,wk inc covid hosp,quantile,0.5,3.5604294503230434
39,2026-10-03,0,2026-10-03,wk inc covid hosp,quantile,0.5,67.75715464049085
40,2026-10-03,0,2026-10-03,wk inc covid hosp,quantile,0.5,15.572853771710141
41,2026-10-03,0,2026-10-03,wk inc covid hosp,quantile,0.5,52.96233376026957
42,2026-10-03,0,2026-10-03,wk inc covid hosp,quantile,0.5,200.01003581208937
44,2026-10-03,0,2026-10-03,wk inc covid hosp,quantile,0.5,7.751277370660936
45,2026-10-03,0,2026-10-03,wk inc covid hosp,quantile,0.5,72.18996715776962
46,2026-10-03,0,2026-10-03,wk inc covid hosp,quantile,0.5,2.6662792673832283
47,2026-10-03,0,2026-10-03,wk inc covid hosp,quantile,0.5,55.16115248142435
48,2026-10-03,0,2026-10-03,wk inc covid hosp,quantile,0.5,447.8173999813226
49,2026-10-03,0,2026-10-03,wk inc covid hosp,quantile,0.5,24.201150911775063
50,2026-10-03,0,2026-10-03,wk inc covid hosp,quantile,0.5,8.366314393310036
51,2026-10-03,0,2026-10-03,wk inc covid hosp,quantile,0.5,51.94713552527593
53,2026-10-03,0,2026-10-03,wk inc covid hosp,quantile,0.5,204.40653399823807
54,2026-10-03,0,2026-10-03,wk inc covid hosp,quantile,0.5,24.52739834103497
55,2026-10-03,0,2026-10-03,wk inc covid hosp,quantile,0.5,35.80595062849159
56,2026-10-03,0,2026-10-03,wk inc covid hosp,quantile,0.5,5.117688040396952
72,2026-10-03,0,2026-10-03,wk inc covid hosp,quantile,0.5,82.43777992607602
US,2026-10-03,0,2026-10-03,wk inc covid hosp,quantile,0.5,4731.521270135267
01,2026-10-03,1,2026-10-10,wk inc covid hosp,quantile,0.5,108.42266500386413
02,2026-10-03,1,2026-10-10,wk inc covid hosp,quantile,0.5,0.9761030506447615
04,2026-10-03,1,2026-10-10,wk inc covid hosp,quantile,0.5,76.59299055118441
05,2026-10-03,1,2026-10-10,wk inc covid hosp,quantile,0.5,23.187015300733947
06,2026-10-03,1,2026-10-10,wk inc covid hosp,quantile,0.5,1090.5487180550392
08,2026-10-03,1,2026-10-10,wk inc covid hosp,quantile,0.5,41.678664912759665
09,2026-10-03,1,2026-10-10,wk inc covid hosp,quantile,0.5,41.12142131408528
10,2026-10-03,1,2026-10-10,wk inc covid hosp,quantile,0.5,13.958846203162198
11,2026-10-03,1,2026-10-10,wk inc covid hosp,quantile,0.5,8.816552309531996
12,2026-10-03,1,2026-10-10,wk inc covid hosp,quantile,0.5,577.5630411388719
13,2026-10-03,1,2026-10-10,wk inc covid hosp,quantile,0.5,88.41234009340592
15,2026-10-03,1,2026-10-10,wk inc covid hosp,quantile,0.5,48.2197618374941
16,2026-10-03,1,2026-10-10,wk inc covid hosp,quantile,0.5,18.89855203868563
17,2026-10-03,1,2026-10-10,wk inc covid hosp,quantile,0.5,87.67681010966037
18,2026-10-03,1,2026-10-10,wk inc covid hosp,quantile,0.5,31.12026087547348
19,2026-10-03,1,2026-10-10,wk inc covid hosp,quantile,0.5,18.998527954756614
20,2026-10-03,1,2026-10-10,wk inc covid hosp,quantile,0.5,6.114819257969956
21,2026-10-03,1,2026-10-10,wk inc covid hosp,quantile,0.5,18.075014155489438
22,2026-10-03,1,2026-10-10,wk inc covid hosp,quantile,0.5,87.96024223439939
23,2026-10-03,1,2026-10-10,wk inc covid hosp,quantile,0.5,8.41705972821264
24,2026-10-03,1,2026-10-10,wk inc covid hosp,quantile,0.5,51.95719550059946
25,2026-10-03,1,2026-10-10,wk inc covid hosp,quantile,0.5,62.39387569369573
26,2026-10-03,1,2026-10-10,wk inc covid hosp,quantile,0.5,55.66625274137598
27,2026-10-03,1,2026-10-10,wk inc covid hosp,quantile,0.5,37.686440600614354
28,2026-10-03,1,2026-10-10,wk inc covid hosp,quantile,0.5,23.00465448097758
29,2026-10-03,1,2026-10-10,wk inc covid hosp,quantile,0.5,51.06454037578887
30,2026-10-03,1,2026-10-10,wk inc covid hosp,quantile,0.5,5.539279779002651
31,2026-10-03,1,2026-10-10,wk inc covid hosp,quantile,0.5,8.168961730251807
32,2026-10-03,1,2026-10-10,wk inc covid hosp,quantile,0.5,32.3492319620651
33,2026-10-03,1,2026-10-10,wk inc covid hosp,quantile,0.5,19.616223724004126
34,2026-10-03,1,2026-10-10,wk inc covid hosp,quantile,0.5,156.2998254945507
35,2026-10-03,1,2026-10-10,wk inc covid hosp,quantile,0.5,6.3144066379039545
36,2026-10-03,1,2026-10-10,wk inc covid hosp,quantile,0.5,325.9545256834667
37,2026-10-03,1,2026-10-10,wk inc covid hosp,quantile,0.5,193.69981388300562
38,2026-10-03,1,2026-10-10,wk inc covid hosp,quantile,0.5,4.661419154189899
39,2026-10-03,1,2026-10-10,wk inc covid hosp,quantile,0.5,74.37049952020804
40,2026-10-03,1,2026-10-10,wk inc covid hosp,quantile,0.5,17.14274587880826
41,2026-10-03,1,2026-10-10,wk inc covid hosp,quantile,0.5,58.14493176290664
42,2026-10-03,1,2026-10-10,wk inc covid hosp,quantile,0.5,224.2451613456321
44,2026-10-03,1,2026-10-10,wk inc covid hosp,quantile,0.5,8.14069101768503
45,2026-10-03,1,2026-10-10,wk inc covid hosp,quantile,0.5,74.85507314499539
46,2026-10-03,1,2026-10-10,wk inc covid hosp,quantile,0.5,3.0239562782325695
47,2026-10-03,1,2026-10-10,wk inc covid hosp,quantile,0.5,55.07125770734004
48,2026-10-03,1,2026-10-10,wk inc covid hosp,quantile,0.5,440.24356193709104
49,2026-10-03,1,2026-10-10,wk inc covid hosp,quantile,0.5,26.55868392733372
50,2026-10-03,1,2026-10-10,wk inc covid hosp,quantile,0.5,9.655022819288114
51,2026-10-03,1,2026-10-10,wk inc covid hosp,quantile,0.5,56.26157821809329
53,2026-10-03,1,2026-10-10,wk inc covid hosp,quantile,0.5,221.70351287443273
54,2026-10-03,1,2026-10-10,wk inc covid hosp,quantile,0.5,29.707833989325135
55,2026-10-03,1,2026-10-10,wk inc covid hosp,quantile,0.5,40.25029107835122
56,2026-10-03,1,2026-10-10,wk inc covid hosp,quantile,0.5,6.016418323584699
72,2026-10-03,1,2026-10-10,wk inc covid hosp,quantile,0.5,78.00520676009023
US,2026-10-03,1,2026-10-10,wk inc covid hosp,quantile,0.5,4968.083747515403
01,2026-10-03,2,2026-10-17,wk inc covid hosp,quantile,0.5,109.81131878569425
02,2026-10-03,2,2026-10-17,wk inc covid hosp,quantile,0.5,0.9815836813200648
04,2026-10-03,2,2026-10-17,wk inc covid hosp,quantile,0.5,80.1697962464103
05,2026-10-03,2,2026-10-17,wk inc covid hosp,quantile,0.5,25.774618705179865
06,2026-10-03,2,2026-10-17,wk inc covid hosp,quantile,0.5,1111.8736255749182
08,2026-10-03,2,2026-10-17,wk inc covid hosp,quantile,0.5,46.234396634679
09,2026-10-03,2,2026-10-17,wk inc covid hosp,quantile,0.5,46.43860427225897
10,2026-10-03,2,2026-10-17,wk inc covid hosp,quantile,0.5,15.018281915987279
11,2026-10-03,2,2026-10-17,wk inc covid hosp,quantile,0.5,9.556203734840533
12,2026-10-03,2,2026-10-17,wk inc covid hosp,quantile,0.5,576.4334660160474
13,2026-10-03,2,2026-10-17,wk inc covid hosp,quantile,0.5,90.53151337456346
15,2026-10-03,2,2026-10-17,wk inc covid hosp,quantile,0.5,50.34867051062947
16,2026-10-03,2,2026-10-17,wk inc covid hosp,quantile,0.5,20.29191309406123
17,2026-10-03,2,2026-10-17,wk inc covid hosp,quantile,0.5,100.43116029544223
18,2026-10-03,2,2026-10-17,wk inc covid hosp,quantile,0.5,35.478868119478896
19,2026-10-03,2,2026-10-17,wk inc covid hosp,quantile,0.5,21.373488763727607
20,2026-10-03,2,2026-10-17,wk inc covid hosp,quantile,0.5,7.447779187118555
21,2026-10-03,2,2026-10-17,wk inc covid hosp,quantile,0.5,20.03202107199064
22,2026-10-03,2,2026-10-17,wk inc covid hosp,quantile,0.5,90.36507799678012
23,2026-10-03,2,2026-10-17,wk inc covid hosp,quantile,0.5,10.429241954392287
24,2026-10-03,2,2026-10-17,wk inc covid hosp,quantile,0.5,56.32177789617371
25,2026-10-03,2,2026-10-17,wk inc covid hosp,quantile,0.5,72.48294141157005
26,2026-10-03,2,2026-10-17,wk inc covid hosp,quantile,0.5,65.24375061116623
27,2026-10-03,2,2026-10-17,wk inc covid hosp,quantile,0.5,42.59957435720288
28,2026-10-03,2,2026-10-17,wk inc covid hosp,quantile,0.5,22.64488197222251
29,2026-10-03,2,2026-10-17,wk inc covid hosp,quantile,0.5,57.893270946046805
30,2026-10-03,2,2026-10-17,wk inc covid hosp,quantile,0.5,5.91779963227449
31,2026-10-03,2,2026-10-17,wk inc covid hosp,quantile,0.5,9.029150360263664
32,2026-10-03,2,2026-10-17,wk inc covid hosp,quantile,0.5,33.4406222399718
33,2026-10-03,2,2026-10-17,wk inc covid hosp,quantile,0.5,23.134526136662444
34,2026-10-03,2,2026-10-17,wk inc covid hosp,quantile,0.5,168.78912496155914
35,2026-10-03,2,2026-10-17,wk inc covid hosp,quantile,0.5,6.562403269151453
36,2026-10-03,2,2026-10-17,wk inc covid hosp,quantile,0.5,349.08714291040496
37,2026-10-03,2,2026-10-17,wk inc covid hosp,quantile,0.5,198.35848040402516
38,2026-10-03,2,2026-10-17,wk inc covid hosp,quantile,0.5,5.417899091080265
39,2026-10-03,2,2026-10-17,wk inc covid hosp,quantile,0.5,81.6185170091224
40,2026-10-03,2,2026-10-17,wk inc covid hosp,quantile,0.5,17.96239031317245
41,2026-10-03,2,2026-10-17,wk inc covid hosp,quantile,0.5,62.311893339017274
42,2026-10-03,2,2026-10-17,wk inc covid hosp,quantile,0.5,244.24016559345483
44,2026-10-03,2,2026-10-17,wk inc covid hosp,quantile,0.5,8.657403734804483
45,2026-10-03,2,2026-10-17,wk inc covid hosp,quantile,0.5,77.62466735939573
46,2026-10-03,2,2026-10-17,wk inc covid hosp,quantile,0.5,3.055464305553629
47,2026-10-03,2,2026-10-17,wk inc covid hosp,quantile,0.5,56.698433557867354
48,2026-10-03,2,2026-10-17,wk inc covid hosp,quantile,0.5,440.86098247030077
49,2026-10-03,2,2026-10-17,wk inc covid hosp,quantile,0.5,28.411054586783575
50,2026-10-03,2,2026-10-17,wk inc covid hosp,quantile,0.5,10.490187449388127
51,2026-10-03,2,2026-10-17,wk inc covid hosp,quantile,0.5,60.92058202489955
53,2026-10-03,2,2026-10-17,wk inc covid hosp,quantile,0.5,231.06313245869498
54,2026-10-03,2,2026-10-17,wk inc covid hosp,quantile,0.5,32.352101014134334
55,2026-10-03,2,2026-10-17,wk inc covid hosp,quantile,0.5,46.40520452877851
56,2026-10-03,2,2026-10-17,wk inc covid hosp,quantile,0.5,7.131658006911472
72,2026-10-03,2,2026-10-17,wk inc covid hosp,quantile,0.5,79.84664039160144
US,2026-10-03,2,2026-10-17,wk inc covid hosp,quantile,0.5,5219.3986869111295
01,2026-10-03,3,2026-10-24,wk inc covid hosp,quantile,0.5,114.42254459689164
02,2026-10-03,3,2026-10-24,wk inc covid hosp,quantile,0.5,1.0820723409552468
04,2026-10-03,3,2026-10-24,wk inc covid hosp,quantile,0.5,84.39718434975866
05,2026-10-03,3,2026-10-24,wk inc covid hosp,quantile,0.5,28.096994567088526
06,2026-10-03,3,2026-10-24,wk inc covid hosp,quantile,0.5,1111.05304783567
08,2026-10-03,3,2026-10-24,wk inc covid hosp,quantile,0.5,50.6978622850204
09,2026-10-03,3,2026-10-24,wk inc covid hosp,quantile,0.5,51.421780066373415
10,2026-10-03,3,2026-10-24,wk inc covid hosp,quantile,0.5,15.852130071744842
11,2026-10-03,3,2026-10-24,wk inc covid hosp,quantile,0.5,9.988320682223112
12,2026-10-03,3,2026-10-24,wk inc covid hosp,quantile,0.5,577.0522767900394
13,2026-10-03,3,2026-10-24,wk inc covid hosp,quantile,0.5,94.65697644124715
15,2026-10-03,3,2026-10-24,wk inc covid hosp,quantile,0.5,51.33903748629058
16,2026-10-03,3,2026-10-24,wk inc covid hosp,quantile,0.5,21.591411838860903
17,2026-10-03,3,2026-10-24,wk inc covid hosp,quantile,0.5,112.69627045893743
18,2026-10-03,3,2026-10-24,wk inc covid hosp,quantile,0.5,40.52238663078414
19,2026-10-03,3,2026-10-24,wk inc covid hosp,quantile,0.5,23.562413906372463
20,2026-10-03,3,2026-10-24,wk inc covid hosp,quantile,0.5,9.030354506317
21,2026-10-03,3,2026-10-24,wk inc covid hosp,quantile,0.5,23.500319033109317
22,2026-10-03,3,2026-10-24,wk inc covid hosp,quantile,0.5,95.80045761060231
23,2026-10-03,3,2026-10-24,wk inc covid hosp,quantile,0.5,11.777791026103806
24,2026-10-03,3,2026-10-24,wk inc covid hosp,quantile,0.5,64.17703626526344
25,2026-10-03,3,2026-10-24,wk inc covid hosp,quantile,0.5,80.76726742953507
26,2026-10-03,3,2026-10-24,wk inc covid hosp,quantile,0.5,78.51618444775022
27,2026-10-03,3,2026-10-24,wk inc covid hosp,quantile,0.5,47.98267315608537
28,2026-10-03,3,2026-10-24,wk inc covid hosp,quantile,0.5,23.805115617772238
29,2026-10-03,3,2026-10-24,wk inc covid hosp,quantile,0.5,63.39938551405824
30,2026-10-03,3,2026-10-24,wk inc covid hosp,quantile,0.5,6.8939718449165115
31,2026-10-03,3,2026-10-24,wk inc covid hosp,quantile,0.5,10.509410045585668
32,2026-10-03,3,2026-10-24,wk inc covid hosp,quantile,0.5,33.98309267511935
33,2026-10-03,3,2026-10-24,wk inc covid hosp,quantile,0.5,24.880395173452943
34,2026-10-03,3,2026-10-24,wk inc covid hosp,quantile,0.5,180.53580796178522
35,2026-10-03,3,2026-10-24,wk inc covid hosp,quantile,0.5,7.458234828863682
36,2026-10-03,3,2026-10-24,wk inc covid hosp,quantile,0.5,369.7615043387342
37,2026-10-03,3,2026-10-24,wk inc covid hosp,quantile,0.5,203.66756636615852
38,2026-10-03,3,2026-10-24,wk inc covid hosp,quantile,0.5,6.452512489282863
39,2026-10-03,3,2026-10-24,wk inc covid hosp,quantile,0.5,91.45853141346022
40,2026-10-03,3,2026-10-24,wk inc covid hosp,quantile,0.5,20.207024243716383
41,2026-10-03,3,2026-10-24,wk inc covid hosp,quantile,0.5,65.64664055245626
42,2026-10-03,3,2026-10-24,wk inc covid hosp,quantile,0.5,265.19773772621784
44,2026-10-03,3,2026-10-24,wk inc covid hosp,quantile,0.5,9.438546418742643
45,2026-10-03,3,2026-10-24,wk inc covid hosp,quantile,0.5,78.77939837756708
46,2026-10-03,3,2026-10-24,wk inc covid hosp,quantile,0.5,3.608851863908614
47,2026-10-03,3,2026-10-24,wk inc covid hosp,quantile,0.5,58.61475142132446
48,2026-10-03,3,2026-10-24,wk inc covid hosp,quantile,0.5,447.64216341406353
49,2026-10-03,3,2026-10-24,wk inc covid hosp,quantile,0.5,31.174772407243122
50,2026-10-03,3,2026-10-24,wk inc covid hosp,quantile,0.5,11.191163733533491
51,2026-10-03,3,2026-10-24,wk inc covid hosp,quantile,0.5,68.94347475596103
53,2026-10-03,3,2026-10-24,wk inc covid hosp,quantile,0.5,238.4381442048917
54,2026-10-03,3,2026-10-24,wk inc covid hosp,quantile,0.5,36.88275002998564
55,2026-10-03,3,2026-10-24,wk inc covid hosp,quantile,0.5,53.59352094383217
56,2026-10-03,3,2026-10-24,wk inc covid hosp,quantile,0.5,7.723215212857954
72,2026-10-03,3,2026-10-24,wk inc covid hosp,quantile,0.5,81.38906436994021
US,2026-10-03,3,2026-10-24,wk inc covid hosp,quantile,0.5,5462.749883786316
01,2026-10-03,0,2026-10-03,wk inc covid hosp,quantile,0.55,107.48498836756917
02,2026-10-03,0,2026-10-03,wk inc covid hosp,quantile,0.55,1.2478725202947192
04,2026-10-03,0,2026-10-03,wk inc covid hosp,quantile,0.55,76.48159716128632
05,2026-10-03,0,2026-10-03,wk inc covid hosp,quantile,0.55,22.311780737710098
06,2026-10-03,0,2026-10-03,wk inc covid hosp,quantile,0.55,1083.847338559481
08,2026-10-03,0,2026-10-03,wk inc covid hosp,quantile,0.55,38.181645262003975
09,2026-10-03,0,2026-10-03,wk inc covid hosp,quantile,0.55,38.667243029720424
10,2026-10-03,0,2026-10-03,wk inc covid hosp,quantile,0.55,13.559625602354688
11,2026-10-03,0,2026-10-03,wk inc covid hosp,quantile,0.55,9.362601249292068
12,2026-10-03,0,2026-10-03,wk inc covid hosp,quantile,0.55,599.9622335610946
13,2026-10-03,0,2026-10-03,wk inc covid hosp,quantile,0.55,90.80524492792566
15,2026-10-03,0,2026-10-03,wk inc covid hosp,quantile,0.55,48.24625988138235
16,2026-10-03,0,2026-10-03,wk inc covid hosp,quantile,0.55,17.997323064452893
17,2026-10-03,0,2026-10-03,wk inc covid hosp,quantile,0.55,80.21984830907452
18,2026-10-03,0,2026-10-03,wk inc covid hosp,quantile,0.55,28.273670377641483
19,2026-10-03,0,2026-10-03,wk inc covid hosp,quantile,0.55,18.00595747471381
20,2026-10-03,0,2026-10-03,wk inc covid hosp,quantile,0.55,6.286107071711876
21,2026-10-03,0,2026-10-03,wk inc covid hosp,quantile,0.55,18.32030573296769
22,2026-10-03,0,2026-10-03,wk inc covid hosp,quantile,0.55,90.08631326204453
23,2026-10-03,0,2026-10-03,wk inc covid hosp,quantile,0.55,7.186504342372835
24,2026-10-03,0,2026-10-03,wk inc covid hosp,quantile,0.55,47.730934011426804
25,2026-10-03,0,2026-10-03,wk inc covid hosp,quantile,0.55,57.1009805117162
26,2026-10-03,0,2026-10-03,wk inc covid hosp,quantile,0.55,51.80740099388592
27,2026-10-03,0,2026-10-03,wk inc covid hosp,quantile,0.55,34.901406831912276
28,2026-10-03,0,2026-10-03,wk inc covid hosp,quantile,0.55,24.472836494283193
29,2026-10-03,0,2026-10-03,wk inc covid hosp,quantile,0.55,48.95569264456229
30,2026-10-03,0,2026-10-03,wk inc covid hosp,quantile,0.55,5.821488410994721
31,2026-10-03,0,2026-10-03,wk inc covid hosp,quantile,0.55,7.5966272207241134
32,2026-10-03,0,2026-10-03,wk inc covid hosp,quantile,0.55,32.09771547036368
33,2026-10-03,0,2026-10-03,wk inc covid hosp,quantile,0.55,17.546783863570198
34,2026-10-03,0,2026-10-03,wk inc covid hosp,quantile,0.55,156.48382265058623
35,2026-10-03,0,2026-10-03,wk inc covid hosp,quantile,0.55,6.813518661138861
36,2026-10-03,0,2026-10-03,wk inc covid hosp,quantile,0.55,312.7232903510482
37,2026-10-03,0,2026-10-03,wk inc covid hosp,quantile,0.55,196.18241984441224
38,2026-10-03,0,2026-10-03,wk inc covid hosp,quantile,0.55,3.8280219327523315
39,2026-10-03,0,2026-10-03,wk inc covid hosp,quantile,0.55,70.74880122774138
40,2026-10-03,0,2026-10-03,wk inc covid hosp,quantile,0.55,16.575476631224678
41,2026-10-03,0,2026-10-03,wk inc covid hosp,quantile,0.55,54.62161903865428
42,2026-10-03,0,2026-10-03,wk inc covid hosp,quantile,0.55,207.9009963609146
44,2026-10-03,0,2026-10-03,wk inc covid hosp,quantile,0.55,8.368443103282672
45,2026-10-03,0,2026-10-03,wk inc covid hosp,quantile,0.55,74.67753765750135
46,2026-10-03,0,2026-10-03,wk inc covid hosp,quantile,0.55,3.0138164238498373
47,2026-10-03,0,2026-10-03,wk inc covid hosp,quantile,0.55,57.6295198895755
48,2026-10-03,0,2026-10-03,wk inc covid hosp,quantile,0.55,460.4072231682624
49,2026-10-03,0,2026-10-03,wk inc covid hosp,quantile,0.55,25.443283312890543
50,2026-10-03,0,2026-10-03,wk inc covid hosp,quantile,0.55,8.918737057045425
51,2026-10-03,0,2026-10-03,wk inc covid hosp,quantile,0.55,54.37443867769963
53,2026-10-03,0,2026-10-03,wk inc covid hosp,quantile,0.55,208.68351305374645
54,2026-10-03,0,2026-10-03,wk inc covid hosp,quantile,0.55,25.761912409321837
55,2026-10-03,0,2026-10-03,wk inc covid hosp,quantile,0.55,37.50867310163301
56,2026-10-03,0,2026-10-03,wk inc covid hosp,quantile,0.55,5.578075742177755
72,2026-10-03,0,2026-10-03,wk inc covid hosp,quantile,0.55,85.91202634336
US,2026-10-03,0,2026-10-03,wk inc covid hosp,quantile,0.55,4821.148972029234
01,2026-10-03,1,2026-10-10,wk inc covid hosp,quantile,0.55,112.4124708806709
02,2026-10-03,1,2026-10-10,wk inc covid hosp,quantile,0.55,1.2558511267655497
04,2026-10-03,1,2026-10-10,wk inc covid hosp,quantile,0.55,80.38396852809775
05,2026-10-03,1,2026-10-10,wk inc covid hosp,quantile,0.55,24.855261870355275
06,2026-10-03,1,2026-10-10,wk inc covid hosp,quantile,0.55,1111.373080025744
08,2026-10-03,1,2026-10-10,wk inc covid hosp,quantile,0.55,43.74003270797282
09,2026-10-03,1,2026-10-10,wk inc covid hosp,quantile,0.55,44.58804750112328
10,2026-10-03,1,2026-10-10,wk inc covid hosp,quantile,0.55,15.111111915868902
11,2026-10-03,1,2026-10-10,wk inc covid hosp,quantile,0.55,9.717553321474485
12,2026-10-03,1,2026-10-10,wk inc covid hosp,quantile,0.55,608.6881289379919
13,2026-10-03,1,2026-10-10,wk inc covid hosp,quantile,0.55,93.56607198956709
15,2026-10-03,1,2026-10-10,wk inc covid hosp,quantile,0.55,50.39425717661301
16,2026-10-03,1,2026-10-10,wk inc covid hosp,quantile,0.55,20.26017892153721
17,2026-10-03,1,2026-10-10,wk inc covid hosp,quantile,0.55,92.44614544955412
18,2026-10-03,1,2026-10-10,wk inc covid hosp,quantile,0.55,33.340516574125324
19,2026-10-03,1,2026-10-10,wk inc covid hosp,quantile,0.55,20.35334621792283
20,2026-10-03,1,2026-10-10,wk inc covid hosp,quantile,0.55,7.1176150863310195
21,2026-10-03,1,2026-10-10,wk inc covid hosp,quantile,0.55,19.88626527796407
22,2026-10-03,1,2026-10-10,wk inc covid hosp,quantile,0.55,92.14191412588308
23,2026-10-03,1,2026-10-10,wk inc covid hosp,quantile,0.55,9.187083603985005
24,2026-10-03,1,2026-10-10,wk inc covid hosp,quantile,0.55,54.72638611398775
25,2026-10-03,1,2026-10-10,wk inc covid hosp,quantile,0.55,65.78120791283786
26,2026-10-03,1,2026-10-10,wk inc covid hosp,quantile,0.55,61.056745208228406
27,2026-10-03,1,2026-10-10,wk inc covid hosp,quantile,0.55,40.56270262407755
28,2026-10-03,1,2026-10-10,wk inc covid hosp,quantile,0.55,24.629473388146845
29,2026-10-03,1,2026-10-10,wk inc covid hosp,quantile,0.55,53.879463236597225
30,2026-10-03,1,2026-10-10,wk inc covid hosp,quantile,0.55,6.374151759019747
31,2026-10-03,1,2026-10-10,wk inc covid hosp,quantile,0.55,9.145006754212357
32,2026-10-03,1,2026-10-10,wk inc covid hosp,quantile,0.55,33.99943614088813
33,2026-10-03,1,2026-10-10,wk inc covid hosp,quantile,0.55,21.042033872603252
34,2026-10-03,1,2026-10-10,wk inc covid hosp,quantile,0.55,165.13539845197275
35,2026-10-03,1,2026-10-10,wk inc covid hosp,quantile,0.55,7.1115066322619445
36,2026-10-03,1,2026-10-10,wk inc covid hosp,quantile,0.55,339.66417624026303
37,2026-10-03,1,2026-10-10,wk inc covid hosp,quantile,0.55,201.35002203919228
38,2026-10-03,1,2026-10-10,wk inc covid hosp,quantile,0.55,5.208626594474892
39,2026-10-03,1,2026-10-10,wk inc covid hosp,quantile,0.55,79.27862967365557
40,2026-10-03,1,2026-10-10,wk inc covid hosp,quantile,0.55,18.800813301180042
41,2026-10-03,1,2026-10-10,wk inc covid hosp,quantile,0.55,60.48367075999463
42,2026-10-03,1,2026-10-10,wk inc covid hosp,quantile,0.55,235.54603835056398
44,2026-10-03,1,2026-10-10,wk inc covid hosp,quantile,0.55,9.079060774769742
45,2026-10-03,1,2026-10-10,wk inc covid hosp,quantile,0.55,78.25641741286802
46,2026-10-03,1,2026-10-10,wk inc covid hosp,quantile,0.55,3.4856152871692365
47,2026-10-03,1,2026-10-10,wk inc covid hosp,quantile,0.55,59.03661755857789
48,2026-10-03,1,2026-10-10,wk inc covid hosp,quantile,0.55,462.32422266907497
49,2026-10-03,1,2026-10-10,wk inc covid hosp,quantile,0.55,28.19331260912239
50,2026-10-03,1,2026-10-10,wk inc covid hosp,quantile,0.55,10.63436001191955
51,2026-10-03,1,2026-10-10,wk inc covid hosp,quantile,0.55,59.82683888629953
53,2026-10-03,1,2026-10-10,wk inc covid hosp,quantile,0.55,227.89807912375974
54,2026-10-03,1,2026-10-10,wk inc covid hosp,quantile,0.55,31.323450127667954
55,2026-10-03,1,2026-10-10,wk inc covid hosp,quantile,0.55,43.37954505780287
56,2026-10-03,1,2026-10-10,wk inc covid hosp,quantile,0.55,6.723671642714067
72,2026-10-03,1,2026-10-10,wk inc covid hosp,quantile,0.55,82.72917437659044
US,2026-10-03,1,2026-10-10,wk inc covid hosp,quantile,0.55,5078.949881158756
01,2026-10-03,2,2026-10-17,wk inc covid hosp,quantile,0.55,115.33198639589405
02,2026-10-03,2,2026-10-17,wk inc covid hosp,quantile,0.55,1.337986263739497
04,2026-10-03,2,2026-10-17,wk inc covid hosp,quantile,0.55,85.89337911808286
05,2026-10-03,2,2026-10-17,wk inc covid hosp,quantile,0.55,27.966307604503424
06,2026-10-03,2,2026-10-17,wk inc covid hosp,quantile,0.55,1138.3184393387728
08,2026-10-03,2,2026-10-17,wk inc covid hosp,quantile,0.55,49.11902860536576
09,2026-10-03,2,2026-10-17,wk inc covid hosp,quantile,0.55,50.63128379525941
10,2026-10-03,2,2026-10-17,wk inc covid hosp,quantile,0.55,16.435489386787054
11,2026-10-03,2,2026-10-17,wk inc covid hosp,quantile,0.55,10.828610070012948
12,2026-10-03,2,2026-10-17,wk inc covid hosp,quantile,0.55,607.7517413492184
13,2026-10-03,2,2026-10-17,wk inc covid hosp,quantile,0.55,95.6983251175715
15,2026-10-03,2,2026-10-17,wk inc covid hosp,quantile,0.55,52.56115826083518
16,2026-10-03,2,2026-10-17,wk inc covid hosp,quantile,0.55,21.817562441441154
17,2026-10-03,2,2026-10-17,wk inc covid hosp,quantile,0.55,106.62196989453786
18,2026-10-03,2,2026-10-17,wk inc covid hosp,quantile,0.55,38.710119957283375
19,2026-10-03,2,2026-10-17,wk inc covid hosp,quantile,0.55,23.614332658728443
20,2026-10-03,2,2026-10-17,wk inc covid hosp,quantile,0.55,8.888105575773054
21,2026-10-03,2,2026-10-17,wk inc covid hosp,quantile,0.55,22.47254371890902
22,2026-10-03,2,2026-10-17,wk inc covid hosp,quantile,0.55,95.98845335998986
23,2026-10-03,2,2026-10-17,wk inc covid hosp,quantile,0.55,11.530297619531702
24,2026-10-03,2,2026-10-17,wk inc covid hosp,quantile,0.55,59.67032904444179
25,2026-10-03,2,2026-10-17,wk inc covid hosp,quantile,0.55,76.84152059941736
26,2026-10-03,2,2026-10-17,wk inc covid hosp,quantile,0.55,72.32981504861041
27,2026-10-03,2,2026-10-17,wk inc covid hosp,quantile,0.55,45.917854526732405
28,2026-10-03,2,2026-10-17,wk inc covid hosp,quantile,0.55,24.92680492023536
29,2026-10-03,2,2026-10-17,wk inc covid hosp,quantile,0.55,61.971332967144605
30,2026-10-03,2,2026-10-17,wk inc covid hosp,quantile,0.55,6.778060189951931
31,2026-10-03,2,2026-10-17,wk inc covid hosp,quantile,0.55,10.186955154308693
32,2026-10-03,2,2026-10-17,wk inc covid hosp,quantile,0.55,35.776893233142324
33,2026-10-03,2,2026-10-17,wk inc covid hosp,quantile,0.55,25.453989386014413
34,2026-10-03,2,2026-10-17,wk inc covid hosp,quantile,0.55,178.7099835290008
35,2026-10-03,2,2026-10-17,wk inc covid hosp,quantile,0.55,7.623017889138105
36,2026-10-03,2,2026-10-17,wk inc covid hosp,quantile,0.55,362.1585675414867
37,2026-10-03,2,2026-10-17,wk inc covid hosp,quantile,0.55,207.1685925507506
38,2026-10-03,2,2026-10-17,wk inc covid hosp,quantile,0.55,6.047615865553138
39,2026-10-03,2,2026-10-17,wk inc covid hosp,quantile,0.55,89.14478752342683
40,2026-10-03,2,2026-10-17,wk inc covid hosp,quantile,0.55,19.695344911299028
41,2026-10-03,2,2026-10-17,wk inc covid hosp,quantile,0.55,65.34279263677516
42,2026-10-03,2,2026-10-17,wk inc covid hosp,quantile,0.55,262.44653174087466
44,2026-10-03,2,2026-10-17,wk inc covid hosp,quantile,0.55,9.794431024416742
45,2026-10-03,2,2026-10-17,wk inc covid hosp,quantile,0.55,82.35679887475702
46,2026-10-03,2,2026-10-17,wk inc covid hosp,quantile,0.55,3.895115139132378
47,2026-10-03,2,2026-10-17,wk inc covid hosp,quantile,0.55,60.9755793592963
48,2026-10-03,2,2026-10-17,wk inc covid hosp,quantile,0.55,470.1182924875122
49,2026-10-03,2,2026-10-17,wk inc covid hosp,quantile,0.55,30.80535866044894
50,2026-10-03,2,2026-10-17,wk inc covid hosp,quantile,0.55,11.662063301296469
51,2026-10-03,2,2026-10-17,wk inc covid hosp,quantile,0.55,65.87614563219185
53,2026-10-03,2,2026-10-17,wk inc covid hosp,quantile,0.55,239.99053145602292
54,2026-10-03,2,2026-10-17,wk inc covid hosp,quantile,0.55,34.82258545990827
55,2026-10-03,2,2026-10-17,wk inc covid hosp,quantile,0.55,50.332857573182054
56,2026-10-03,2,2026-10-17,wk inc covid hosp,quantile,0.55,8.255671221735899
72,2026-10-03,2,2026-10-17,wk inc covid hosp,quantile,0.55,86.34364879081772
US,2026-10-03,2,2026-10-17,wk inc covid hosp,quantile,0.55,5395.4527608042645
01,2026-10-03,3,2026-10-24,wk inc covid hosp,quantile,0.55,120.18220043854369
02,2026-10-03,3,2026-10-24,wk inc covid hosp,quantile,0.55,1.5391537785281177
04,2026-10-03,3,2026-10-24,wk inc covid hosp,quantile,0.55,91.70988134499362
05,2026-10-03,3,2026-10-24,wk inc covid hosp,quantile,0.55,31.441950084543805
06,2026-10-03,3,2026-10-24,wk inc covid hosp,quantile,0.55,1145.8846124502081
08,2026-10-03,3,2026-10-24,wk inc covid hosp,quantile,0.55,55.202856732164044
09,2026-10-03,3,2026-10-24,wk inc covid hosp,quantile,0.55,57.79810307911019
10,2026-10-03,3,2026-10-24,wk inc covid hosp,quantile,0.55,17.701145223017
11,2026-10-03,3,2026-10-24,wk inc covid hosp,quantile,0.55,11.590500919724773
12,2026-10-03,3,2026-10-24,wk inc covid hosp,quantile,0.55,628.2131118251273
13,2026-10-03,3,2026-10-24,wk inc covid hosp,quantile,0.55,100.52510247686489
15,2026-10-03,3,2026-10-24,wk inc covid hosp,quantile,0.55,54.26152171929247
16,2026-10-03,3,2026-10-24,wk inc covid hosp,quantile,0.55,23.529693131335605
17,2026-10-03,3,2026-10-24,wk inc covid hosp,quantile,0.55,120.91714204165882
18,2026-10-03,3,2026-10-24,wk inc covid hosp,quantile,0.55,45.01477370241243
19,2026-10-03,3,2026-10-24,wk inc covid hosp,quantile,0.55,26.418817740421545
20,2026-10-03,3,2026-10-24,wk inc covid hosp,quantile,0.55,11.014266007673797
21,2026-10-03,3,2026-10-24,wk inc covid hosp,quantile,0.55,26.259852082592573
22,2026-10-03,3,2026-10-24,wk inc covid hosp,quantile,0.55,101.75645583844262
23,2026-10-03,3,2026-10-24,wk inc covid hosp,quantile,0.55,13.352638005462694
24,2026-10-03,3,2026-10-24,wk inc covid hosp,quantile,0.55,68.60123206412582
25,2026-10-03,3,2026-10-24,wk inc covid hosp,quantile,0.55,86.89428881307258
26,2026-10-03,3,2026-10-24,wk inc covid hosp,quantile,0.55,88.33650730768883
27,2026-10-03,3,2026-10-24,wk inc covid hosp,quantile,0.55,51.990991114639854
28,2026-10-03,3,2026-10-24,wk inc covid hosp,quantile,0.55,26.424673570642653
29,2026-10-03,3,2026-10-24,wk inc covid hosp,quantile,0.55,68.15918220762842
30,2026-10-03,3,2026-10-24,wk inc covid hosp,quantile,0.55,8.01331811614072
31,2026-10-03,3,2026-10-24,wk inc covid hosp,quantile,0.55,12.168873248342488
32,2026-10-03,3,2026-10-24,wk inc covid hosp,quantile,0.55,36.83351998276994
33,2026-10-03,3,2026-10-24,wk inc covid hosp,quantile,0.55,27.76729366690902
34,2026-10-03,3,2026-10-24,wk inc covid hosp,quantile,0.55,193.43156422301465
35,2026-10-03,3,2026-10-24,wk inc covid hosp,quantile,0.55,8.804596249591782
36,2026-10-03,3,2026-10-24,wk inc covid hosp,quantile,0.55,387.0376498594323
37,2026-10-03,3,2026-10-24,wk inc covid hosp,quantile,0.55,218.3070109852857
38,2026-10-03,3,2026-10-24,wk inc covid hosp,quantile,0.55,7.250708749375723
39,2026-10-03,3,2026-10-24,wk inc covid hosp,quantile,0.55,99.25435384491585
40,2026-10-03,3,2026-10-24,wk inc covid hosp,quantile,0.55,22.386288154906893
41,2026-10-03,3,2026-10-24,wk inc covid hosp,quantile,0.55,69.57488496418055
42,2026-10-03,3,2026-10-24,wk inc covid hosp,quantile,0.55,285.62568807893336
44,2026-10-03,3,2026-10-24,wk inc covid hosp,quantile,0.55,11.013194712548058
45,2026-10-03,3,2026-10-24,wk inc covid hosp,quantile,0.55,84.35401581107894
46,2026-10-03,3,2026-10-24,wk inc covid hosp,quantile,0.55,4.743377738581413
47,2026-10-03,3,2026-10-24,wk inc covid hosp,quantile,0.55,65.40525717031932
48,2026-10-03,3,2026-10-24,wk inc covid hosp,quantile,0.55,480.60022971752124
49,2026-10-03,3,2026-10-24,wk inc covid hosp,quantile,0.55,33.95630522328762
50,2026-10-03,3,2026-10-24,wk inc covid hosp,quantile,0.55,12.59040809194727
51,2026-10-03,3,2026-10-24,wk inc covid hosp,quantile,0.55,74.31646554013689
53,2026-10-03,3,2026-10-24,wk inc covid hosp,quantile,0.55,249.77353727271446
54,2026-10-03,3,2026-10-24,wk inc covid hosp,quantile,0.55,39.88371716927055
55,2026-10-03,3,2026-10-24,wk inc covid hosp,quantile,0.55,58.79211275629169
56,2026-10-03,3,2026-10-24,wk inc covid hosp,quantile,0.55,9.340158981423224
72,2026-10-03,3,2026-10-24,wk inc covid hosp,quantile,0.55,88.0494936672552
US,2026-10-03,3,2026-10-24,wk inc covid hosp,quantile,0.55,5700.468010032253
01,2026-10-03,0,2026-10-03,wk inc covid hosp,quantile,0.6,110.72097693794954
02,2026-10-03,0,2026-10-03,wk inc covid hosp,quantile,0.6,1.5165201337628726
04,2026-10-03,0,2026-10-03,wk inc covid hosp,quantile,0.6,80.16216143159852
05,2026-10-03,0,2026-10-03,wk inc covid hosp,quantile,0.6,23.610978917439557
06,2026-10-03,0,2026-10-03,wk inc covid hosp,quantile,0.6,1103.2011066044809
08,2026-10-03,0,2026-10-03,wk inc covid hosp,quantile,0.6,39.69070023217871
09,2026-10-03,0,2026-10-03,wk inc covid hosp,quantile,0.6,41.00190398860141
10,2026-10-03,0,2026-10-03,wk inc covid hosp,quantile,0.6,14.25532641539272
11,2026-10-03,0,2026-10-03,wk inc covid hosp,quantile,0.6,10.018376484650528
12,2026-10-03,0,2026-10-03,wk inc covid hosp,quantile,0.6,619.3335417992886
13,2026-10-03,0,2026-10-03,wk inc covid hosp,quantile,0.6,93.69761329992173
15,2026-10-03,0,2026-10-03,wk inc covid hosp,quantile,0.6,49.864724045682884
16,2026-10-03,0,2026-10-03,wk inc covid hosp,quantile,0.6,18.769200891927863
17,2026-10-03,0,2026-10-03,wk inc covid hosp,quantile,0.6,83.21245254002345
18,2026-10-03,0,2026-10-03,wk inc covid hosp,quantile,0.6,30.426352010168582
19,2026-10-03,0,2026-10-03,wk inc covid hosp,quantile,0.6,19.22608116459151
20,2026-10-03,0,2026-10-03,wk inc covid hosp,quantile,0.6,6.99260659963047
21,2026-10-03,0,2026-10-03,wk inc covid hosp,quantile,0.6,19.55628232459602
22,2026-10-03,0,2026-10-03,wk inc covid hosp,quantile,0.6,92.6625494537039
23,2026-10-03,0,2026-10-03,wk inc covid hosp,quantile,0.6,7.75137495220587
24,2026-10-03,0,2026-10-03,wk inc covid hosp,quantile,0.6,49.38463299304074
25,2026-10-03,0,2026-10-03,wk inc covid hosp,quantile,0.6,59.28356243881567
26,2026-10-03,0,2026-10-03,wk inc covid hosp,quantile,0.6,55.168688429747085
27,2026-10-03,0,2026-10-03,wk inc covid hosp,quantile,0.6,36.53491387784766
28,2026-10-03,0,2026-10-03,wk inc covid hosp,quantile,0.6,25.704405677711936
29,2026-10-03,0,2026-10-03,wk inc covid hosp,quantile,0.6,50.873200258233084
30,2026-10-03,0,2026-10-03,wk inc covid hosp,quantile,0.6,6.380838774963293
31,2026-10-03,0,2026-10-03,wk inc covid hosp,quantile,0.6,8.271000001785024
32,2026-10-03,0,2026-10-03,wk inc covid hosp,quantile,0.6,33.295403203199285
33,2026-10-03,0,2026-10-03,wk inc covid hosp,quantile,0.6,18.63469411099256
34,2026-10-03,0,2026-10-03,wk inc covid hosp,quantile,0.6,163.00171649436314
35,2026-10-03,0,2026-10-03,wk inc covid hosp,quantile,0.6,7.412621545774365
36,2026-10-03,0,2026-10-03,wk inc covid hosp,quantile,0.6,319.8609232583008
37,2026-10-03,0,2026-10-03,wk inc covid hosp,quantile,0.6,201.0205467938621
38,2026-10-03,0,2026-10-03,wk inc covid hosp,quantile,0.6,4.199112083738236
39,2026-10-03,0,2026-10-03,wk inc covid hosp,quantile,0.6,74.50641216699633
40,2026-10-03,0,2026-10-03,wk inc covid hosp,quantile,0.6,17.58453537561456
41,2026-10-03,0,2026-10-03,wk inc covid hosp,quantile,0.6,56.02315566343075
42,2026-10-03,0,2026-10-03,wk inc covid hosp,quantile,0.6,215.72990432438448
44,2026-10-03,0,2026-10-03,wk inc covid hosp,quantile,0.6,9.030200971490743
45,2026-10-03,0,2026-10-03,wk inc covid hosp,quantile,0.6,77.32686986913873
46,2026-10-03,0,2026-10-03,wk inc covid hosp,quantile,0.6,3.445009345326571
47,2026-10-03,0,2026-10-03,wk inc covid hosp,quantile,0.6,60.2489952387146
48,2026-10-03,0,2026-10-03,wk inc covid hosp,quantile,0.6,476.1482090602759
49,2026-10-03,0,2026-10-03,wk inc covid hosp,quantile,0.6,26.709361393560847
50,2026-10-03,0,2026-10-03,wk inc covid hosp,quantile,0.6,9.559380785415932
51,2026-10-03,0,2026-10-03,wk inc covid hosp,quantile,0.6,56.75646652500882
53,2026-10-03,0,2026-10-03,wk inc covid hosp,quantile,0.6,212.81893720027335
54,2026-10-03,0,2026-10-03,wk inc covid hosp,quantile,0.6,26.938978523121463
55,2026-10-03,0,2026-10-03,wk inc covid hosp,quantile,0.6,39.768793410108636
56,2026-10-03,0,2026-10-03,wk inc covid hosp,quantile,0.6,6.217929355379686
72,2026-10-03,0,2026-10-03,wk inc covid hosp,quantile,0.6,89.56408018439271
US,2026-10-03,0,2026-10-03,wk inc covid hosp,quantile,0.6,4930.810660020258
01,2026-10-03,1,2026-10-10,wk inc covid hosp,quantile,0.6,116.30587043486807
02,2026-10-03,1,2026-10-10,wk inc covid hosp,quantile,0.6,1.638445889194608
04,2026-10-03,1,2026-10-10,wk inc covid hosp,quantile,0.6,85.05791320218498
05,2026-10-03,1,2026-10-10,wk inc covid hosp,quantile,0.6,26.592780882566124
06,2026-10-03,1,2026-10-10,wk inc covid hosp,quantile,0.6,1139.3065875744883
08,2026-10-03,1,2026-10-10,wk inc covid hosp,quantile,0.6,46.11787534580806
09,2026-10-03,1,2026-10-10,wk inc covid hosp,quantile,0.6,47.7352874594689
10,2026-10-03,1,2026-10-10,wk inc covid hosp,quantile,0.6,16.276774921057864
11,2026-10-03,1,2026-10-10,wk inc covid hosp,quantile,0.6,10.57461707187463
12,2026-10-03,1,2026-10-10,wk inc covid hosp,quantile,0.6,644.3878955380184
13,2026-10-03,1,2026-10-10,wk inc covid hosp,quantile,0.6,97.60760809486432
15,2026-10-03,1,2026-10-10,wk inc covid hosp,quantile,0.6,52.323275296388886
16,2026-10-03,1,2026-10-10,wk inc covid hosp,quantile,0.6,21.243034699513586
17,2026-10-03,1,2026-10-10,wk inc covid hosp,quantile,0.6,97.93997037698267
18,2026-10-03,1,2026-10-10,wk inc covid hosp,quantile,0.6,36.499329347991996
19,2026-10-03,1,2026-10-10,wk inc covid hosp,quantile,0.6,22.228353095876557
20,2026-10-03,1,2026-10-10,wk inc covid hosp,quantile,0.6,8.125667347433623
21,2026-10-03,1,2026-10-10,wk inc covid hosp,quantile,0.6,22.246048757753627
22,2026-10-03,1,2026-10-10,wk inc covid hosp,quantile,0.6,96.637854803981
23,2026-10-03,1,2026-10-10,wk inc covid hosp,quantile,0.6,10.118207182270787
24,2026-10-03,1,2026-10-10,wk inc covid hosp,quantile,0.6,58.461436548434385
25,2026-10-03,1,2026-10-10,wk inc covid hosp,quantile,0.6,69.8124602366438
26,2026-10-03,1,2026-10-10,wk inc covid hosp,quantile,0.6,67.63775993619316
27,2026-10-03,1,2026-10-10,wk inc covid hosp,quantile,0.6,42.991392198218286
28,2026-10-03,1,2026-10-10,wk inc covid hosp,quantile,0.6,26.300706713847458
29,2026-10-03,1,2026-10-10,wk inc covid hosp,quantile,0.6,56.98669722654706
30,2026-10-03,1,2026-10-10,wk inc covid hosp,quantile,0.6,7.240502261770693
31,2026-10-03,1,2026-10-10,wk inc covid hosp,quantile,0.6,9.987118345924147
32,2026-10-03,1,2026-10-10,wk inc covid hosp,quantile,0.6,35.82352858629624
33,2026-10-03,1,2026-10-10,wk inc covid hosp,quantile,0.6,22.892139389502834
34,2026-10-03,1,2026-10-10,wk inc covid hosp,quantile,0.6,176.49548084768983
35,2026-10-03,1,2026-10-10,wk inc covid hosp,quantile,0.6,8.087823404338154
36,2026-10-03,1,2026-10-10,wk inc covid hosp,quantile,0.6,351.24309356703617
37,2026-10-03,1,2026-10-10,wk inc covid hosp,quantile,0.6,208.59911284884984
38,2026-10-03,1,2026-10-10,wk inc covid hosp,quantile,0.6,5.740576309577156
39,2026-10-03,1,2026-10-10,wk inc covid hosp,quantile,0.6,84.30035657610537
40,2026-10-03,1,2026-10-10,wk inc covid hosp,quantile,0.6,20.09137296777618
41,2026-10-03,1,2026-10-10,wk inc covid hosp,quantile,0.6,63.04796064440245
42,2026-10-03,1,2026-10-10,wk inc covid hosp,quantile,0.6,246.61314954664283
44,2026-10-03,1,2026-10-10,wk inc covid hosp,quantile,0.6,9.973232185640017
45,2026-10-03,1,2026-10-10,wk inc covid hosp,quantile,0.6,81.6190735032739
46,2026-10-03,1,2026-10-10,wk inc covid hosp,quantile,0.6,4.111393072224619
47,2026-10-03,1,2026-10-10,wk inc covid hosp,quantile,0.6,61.901207010460865
48,2026-10-03,1,2026-10-10,wk inc covid hosp,quantile,0.6,483.6788413498314
49,2026-10-03,1,2026-10-10,wk inc covid hosp,quantile,0.6,29.738300244391436
50,2026-10-03,1,2026-10-10,wk inc covid hosp,quantile,0.6,11.68088389605057
51,2026-10-03,1,2026-10-10,wk inc covid hosp,quantile,0.6,63.10698264363585
53,2026-10-03,1,2026-10-10,wk inc covid hosp,quantile,0.6,234.50016360718314
54,2026-10-03,1,2026-10-10,wk inc covid hosp,quantile,0.6,33.2771237518844
55,2026-10-03,1,2026-10-10,wk inc covid hosp,quantile,0.6,46.31774565750817
56,2026-10-03,1,2026-10-10,wk inc covid hosp,quantile,0.6,7.881268231711504
72,2026-10-03,1,2026-10-10,wk inc covid hosp,quantile,0.6,87.94719228257645
US,2026-10-03,1,2026-10-10,wk inc covid hosp,quantile,0.6,5206.464684950939
01,2026-10-03,2,2026-10-17,wk inc covid hosp,quantile,0.6,120.8403649454338
02,2026-10-03,2,2026-10-17,wk inc covid hosp,quantile,0.6,1.9279997489116958
04,2026-10-03,2,2026-10-17,wk inc covid hosp,quantile,0.6,92.83151062466024
05,2026-10-03,2,2026-10-17,wk inc covid hosp,quantile,0.6,30.56946068949495
06,2026-10-03,2,2026-10-17,wk inc covid hosp,quantile,0.6,1172.1203142722075
08,2026-10-03,2,2026-10-17,wk inc covid hosp,quantile,0.6,52.5620205665622
09,2026-10-03,2,2026-10-17,wk inc covid hosp,quantile,0.6,55.32221080076889
10,2026-10-03,2,2026-10-17,wk inc covid hosp,quantile,0.6,17.99296178132936
11,2026-10-03,2,2026-10-17,wk inc covid hosp,quantile,0.6,12.122775041637835
12,2026-10-03,2,2026-10-17,wk inc covid hosp,quantile,0.6,654.8210686753786
13,2026-10-03,2,2026-10-17,wk inc covid hosp,quantile,0.6,101.35813320430974
15,2026-10-03,2,2026-10-17,wk inc covid hosp,quantile,0.6,55.24161301369589
16,2026-10-03,2,2026-10-17,wk inc covid hosp,quantile,0.6,23.78675555053976
17,2026-10-03,2,2026-10-17,wk inc covid hosp,quantile,0.6,113.47877282104209
18,2026-10-03,2,2026-10-17,wk inc covid hosp,quantile,0.6,42.00545502957206
19,2026-10-03,2,2026-10-17,wk inc covid hosp,quantile,0.6,25.755777577935067
20,2026-10-03,2,2026-10-17,wk inc covid hosp,quantile,0.6,10.279097412771753
21,2026-10-03,2,2026-10-17,wk inc covid hosp,quantile,0.6,25.34671390255402
22,2026-10-03,2,2026-10-17,wk inc covid hosp,quantile,0.6,101.57682831421191
23,2026-10-03,2,2026-10-17,wk inc covid hosp,quantile,0.6,13.039696970637557
24,2026-10-03,2,2026-10-17,wk inc covid hosp,quantile,0.6,63.91045657496029
25,2026-10-03,2,2026-10-17,wk inc covid hosp,quantile,0.6,81.47729091122237
26,2026-10-03,2,2026-10-17,wk inc covid hosp,quantile,0.6,79.95215630591663
27,2026-10-03,2,2026-10-17,wk inc covid hosp,quantile,0.6,49.46464046771415
28,2026-10-03,2,2026-10-17,wk inc covid hosp,quantile,0.6,27.45596096810706
29,2026-10-03,2,2026-10-17,wk inc covid hosp,quantile,0.6,65.84481200485351
30,2026-10-03,2,2026-10-17,wk inc covid hosp,quantile,0.6,8.072686674783553
31,2026-10-03,2,2026-10-17,wk inc covid hosp,quantile,0.6,11.706012314512872
32,2026-10-03,2,2026-10-17,wk inc covid hosp,quantile,0.6,38.08054723164292
33,2026-10-03,2,2026-10-17,wk inc covid hosp,quantile,0.6,27.601496649906966
34,2026-10-03,2,2026-10-17,wk inc covid hosp,quantile,0.6,190.43245103744437
35,2026-10-03,2,2026-10-17,wk inc covid hosp,quantile,0.6,9.087386898553461
36,2026-10-03,2,2026-10-17,wk inc covid hosp,quantile,0.6,375.60285341440107
37,2026-10-03,2,2026-10-17,wk inc covid hosp,quantile,0.6,217.46806843801363
38,2026-10-03,2,2026-10-17,wk inc covid hosp,quantile,0.6,6.883957748730581
39,2026-10-03,2,2026-10-17,wk inc covid hosp,quantile,0.6,96.72073355572682
40,2026-10-03,2,2026-10-17,wk inc covid hosp,quantile,0.6,21.917522046434087
41,2026-10-03,2,2026-10-17,wk inc covid hosp,quantile,0.6,68.80771916986613
42,2026-10-03,2,2026-10-17,wk inc covid hosp,quantile,0.6,281.22471522762675
44,2026-10-03,2,2026-10-17,wk inc covid hosp,quantile,0.6,10.88536032094128
45,2026-10-03,2,2026-10-17,wk inc covid hosp,quantile,0.6,87.36256937208724
46,2026-10-03,2,2026-10-17,wk inc covid hosp,quantile,0.6,4.843618398116315
47,2026-10-03,2,2026-10-17,wk inc covid hosp,quantile,0.6,65.6681400681671
48,2026-10-03,2,2026-10-17,wk inc covid hosp,quantile,0.6,496.7043790146028
49,2026-10-03,2,2026-10-17,wk inc covid hosp,quantile,0.6,32.95011301446975
50,2026-10-03,2,2026-10-17,wk inc covid hosp,quantile,0.6,12.740538549957389
51,2026-10-03,2,2026-10-17,wk inc covid hosp,quantile,0.6,70.9086217375729
53,2026-10-03,2,2026-10-17,wk inc covid hosp,quantile,0.6,248.88310700953932
54,2026-10-03,2,2026-10-17,wk inc covid hosp,quantile,0.6,37.25643191905896
55,2026-10-03,2,2026-10-17,wk inc covid hosp,quantile,0.6,54.754920855553856
56,2026-10-03,2,2026-10-17,wk inc covid hosp,quantile,0.6,9.659255989690859
72,2026-10-03,2,2026-10-17,wk inc covid hosp,quantile,0.6,93.65940689525101
US,2026-10-03,2,2026-10-17,wk inc covid hosp,quantile,0.6,5550.969520326279
01,2026-10-03,3,2026-10-24,wk inc covid hosp,quantile,0.6,127.08092419933025
02,2026-10-03,3,2026-10-24,wk inc covid hosp,quantile,0.6,2.1242981127789706
04,2026-10-03,3,2026-10-24,wk inc covid hosp,quantile,0.6,97.2856759692975
05,2026-10-03,3,2026-10-24,wk inc covid hosp,quantile,0.6,34.44614287369396
06,2026-10-03,3,2026-10-24,wk inc covid hosp,quantile,0.6,1185.1339880811734
08,2026-10-03,3,2026-10-24,wk inc covid hosp,quantile,0.6,59.342589983009006
09,2026-10-03,3,2026-10-24,wk inc covid hosp,quantile,0.6,63.734637829091426
10,2026-10-03,3,2026-10-24,wk inc covid hosp,quantile,0.6,19.541230377281977
11,2026-10-03,3,2026-10-24,wk inc covid hosp,quantile,0.6,13.005852539124634
12,2026-10-03,3,2026-10-24,wk inc covid hosp,quantile,0.6,675.4670993678322
13,2026-10-03,3,2026-10-24,wk inc covid hosp,quantile,0.6,108.11183936694314
15,2026-10-03,3,2026-10-24,wk inc covid hosp,quantile,0.6,58.178242775830014
16,2026-10-03,3,2026-10-24,wk inc covid hosp,quantile,0.6,26.217089303823876
17,2026-10-03,3,2026-10-24,wk inc covid hosp,quantile,0.6,131.47584275218637
18,2026-10-03,3,2026-10-24,wk inc covid hosp,quantile,0.6,49.46487425636354
19,2026-10-03,3,2026-10-24,wk inc covid hosp,quantile,0.6,29.568105772469355
20,2026-10-03,3,2026-10-24,wk inc covid hosp,quantile,0.6,12.829532867911176
21,2026-10-03,3,2026-10-24,wk inc covid hosp,quantile,0.6,30.030877748618913
22,2026-10-03,3,2026-10-24,wk inc covid hosp,quantile,0.6,108.05751799528295
23,2026-10-03,3,2026-10-24,wk inc covid hosp,quantile,0.6,14.860798740620115
24,2026-10-03,3,2026-10-24,wk inc covid hosp,quantile,0.6,73.68088204018541
25,2026-10-03,3,2026-10-24,wk inc covid hosp,quantile,0.6,92.79121224588536
26,2026-10-03,3,2026-10-24,wk inc covid hosp,quantile,0.6,97.39768221479552
27,2026-10-03,3,2026-10-24,wk inc covid hosp,quantile,0.6,56.71597608504307
28,2026-10-03,3,2026-10-24,wk inc covid hosp,quantile,0.6,29.529284277292536
29,2026-10-03,3,2026-10-24,wk inc covid hosp,quantile,0.6,73.55840726874314
30,2026-10-03,3,2026-10-24,wk inc covid hosp,quantile,0.6,9.633905225959465
31,2026-10-03,3,2026-10-24,wk inc covid hosp,quantile,0.6,14.116791346685902
32,2026-10-03,3,2026-10-24,wk inc covid hosp,quantile,0.6,40.042492449394736
33,2026-10-03,3,2026-10-24,wk inc covid hosp,quantile,0.6,30.61796971036547
34,2026-10-03,3,2026-10-24,wk inc covid hosp,quantile,0.6,207.93117577110675
35,2026-10-03,3,2026-10-24,wk inc covid hosp,quantile,0.6,10.227401549604263
36,2026-10-03,3,2026-10-24,wk inc covid hosp,quantile,0.6,404.3358365623081
37,2026-10-03,3,2026-10-24,wk inc covid hosp,quantile,0.6,229.67309404011942
38,2026-10-03,3,2026-10-24,wk inc covid hosp,quantile,0.6,8.513838516843954
39,2026-10-03,3,2026-10-24,wk inc covid hosp,quantile,0.6,109.4674568123408
40,2026-10-03,3,2026-10-24,wk inc covid hosp,quantile,0.6,25.064083719878955
41,2026-10-03,3,2026-10-24,wk inc covid hosp,quantile,0.6,73.9118759756137
42,2026-10-03,3,2026-10-24,wk inc covid hosp,quantile,0.6,310.0011775442334
44,2026-10-03,3,2026-10-24,wk inc covid hosp,quantile,0.6,12.442399222571568
45,2026-10-03,3,2026-10-24,wk inc covid hosp,quantile,0.6,90.48639152184569
46,2026-10-03,3,2026-10-24,wk inc covid hosp,quantile,0.6,5.769001368898801
47,2026-10-03,3,2026-10-24,wk inc covid hosp,quantile,0.6,71.64246383938622
48,2026-10-03,3,2026-10-24,wk inc covid hosp,quantile,0.6,510.23201057525665
49,2026-10-03,3,2026-10-24,wk inc covid hosp,quantile,0.6,37.18717536647859
50,2026-10-03,3,2026-10-24,wk inc covid hosp,quantile,0.6,14.717465210762734
51,2026-10-03,3,2026-10-24,wk inc covid hosp,quantile,0.6,79.37280618008496
53,2026-10-03,3,2026-10-24,wk inc covid hosp,quantile,0.6,261.02386940274386
54,2026-10-03,3,2026-10-24,wk inc covid hosp,quantile,0.6,42.82858959623793
55,2026-10-03,3,2026-10-24,wk inc covid hosp,quantile,0.6,64.15646863742883
56,2026-10-03,3,2026-10-24,wk inc covid hosp,quantile,0.6,11.396411889754797
72,2026-10-03,3,2026-10-24,wk inc covid hosp,quantile,0.6,95.6014470105233
US,2026-10-03,3,2026-10-24,wk inc covid hosp,quantile,0.6,5921.663871065815
01,2026-10-03,0,2026-10-03,wk inc covid hosp,quantile,0.65,113.37122455684178
02,2026-10-03,0,2026-10-03,wk inc covid hosp,quantile,0.65,1.794979170623802
04,2026-10-03,0,2026-10-03,wk inc covid hosp,quantile,0.65,83.70800918833241
05,2026-10-03,0,2026-10-03,wk inc covid hosp,quantile,0.65,24.999371748555344
06,2026-10-03,0,2026-10-03,wk inc covid hosp,quantile,0.65,1123.1820636983173
08,2026-10-03,0,2026-10-03,wk inc covid hosp,quantile,0.65,41.79461524945272
09,2026-10-03,0,2026-10-03,wk inc covid hosp,quantile,0.65,43.89405169381649
10,2026-10-03,0,2026-10-03,wk inc covid hosp,quantile,0.65,15.076215244427036
11,2026-10-03,0,2026-10-03,wk inc covid hosp,quantile,0.65,10.702896848161858
12,2026-10-03,0,2026-10-03,wk inc covid hosp,quantile,0.65,644.9870026451692
13,2026-10-03,0,2026-10-03,wk inc covid hosp,quantile,0.65,96.15566497149217
15,2026-10-03,0,2026-10-03,wk inc covid hosp,quantile,0.65,51.47234047360256
16,2026-10-03,0,2026-10-03,wk inc covid hosp,quantile,0.65,19.664558335085097
17,2026-10-03,0,2026-10-03,wk inc covid hosp,quantile,0.65,86.69558374909005
18,2026-10-03,0,2026-10-03,wk inc covid hosp,quantile,0.65,32.37474959154753
19,2026-10-03,0,2026-10-03,wk inc covid hosp,quantile,0.65,20.54330515995701
20,2026-10-03,0,2026-10-03,wk inc covid hosp,quantile,0.65,7.688388673733353
21,2026-10-03,0,2026-10-03,wk inc covid hosp,quantile,0.65,20.944009476068977
22,2026-10-03,0,2026-10-03,wk inc covid hosp,quantile,0.65,95.55373898921637
23,2026-10-03,0,2026-10-03,wk inc covid hosp,quantile,0.65,8.319252438300047
24,2026-10-03,0,2026-10-03,wk inc covid hosp,quantile,0.65,51.7565089072218
25,2026-10-03,0,2026-10-03,wk inc covid hosp,quantile,0.65,62.11150784444028
26,2026-10-03,0,2026-10-03,wk inc covid hosp,quantile,0.65,58.904856388717796
27,2026-10-03,0,2026-10-03,wk inc covid hosp,quantile,0.65,38.198276677917626
28,2026-10-03,0,2026-10-03,wk inc covid hosp,quantile,0.65,27.12886529497481
29,2026-10-03,0,2026-10-03,wk inc covid hosp,quantile,0.65,53.19333243802627
30,2026-10-03,0,2026-10-03,wk inc covid hosp,quantile,0.65,7.036413395285688
31,2026-10-03,0,2026-10-03,wk inc covid hosp,quantile,0.65,9.103056176451608
32,2026-10-03,0,2026-10-03,wk inc covid hosp,quantile,0.65,34.68882598851659
33,2026-10-03,0,2026-10-03,wk inc covid hosp,quantile,0.65,19.632296704702018
34,2026-10-03,0,2026-10-03,wk inc covid hosp,quantile,0.65,168.1894254034422
35,2026-10-03,0,2026-10-03,wk inc covid hosp,quantile,0.65,8.102349861881777
36,2026-10-03,0,2026-10-03,wk inc covid hosp,quantile,0.65,329.14963176280196
37,2026-10-03,0,2026-10-03,wk inc covid hosp,quantile,0.65,206.2337718081086
38,2026-10-03,0,2026-10-03,wk inc covid hosp,quantile,0.65,4.537734267905444
39,2026-10-03,0,2026-10-03,wk inc covid hosp,quantile,0.65,78.15514006858342
40,2026-10-03,0,2026-10-03,wk inc covid hosp,quantile,0.65,18.719801762224343
41,2026-10-03,0,2026-10-03,wk inc covid hosp,quantile,0.65,58.27066267802855
42,2026-10-03,0,2026-10-03,wk inc covid hosp,quantile,0.65,225.99303854082126
44,2026-10-03,0,2026-10-03,wk inc covid hosp,quantile,0.65,9.776194188941162
45,2026-10-03,0,2026-10-03,wk inc covid hosp,quantile,0.65,79.79632374766445
46,2026-10-03,0,2026-10-03,wk inc covid hosp,quantile,0.65,3.937112466772999
47,2026-10-03,0,2026-10-03,wk inc covid hosp,quantile,0.65,62.85415171040357
48,2026-10-03,0,2026-10-03,wk inc covid hosp,quantile,0.65,493.21985325853115
49,2026-10-03,0,2026-10-03,wk inc covid hosp,quantile,0.65,28.09322920301352
50,2026-10-03,0,2026-10-03,wk inc covid hosp,quantile,0.65,10.313224650165179
51,2026-10-03,0,2026-10-03,wk inc covid hosp,quantile,0.65,59.160785030647126
53,2026-10-03,0,2026-10-03,wk inc covid hosp,quantile,0.65,217.27731668295448
54,2026-10-03,0,2026-10-03,wk inc covid hosp,quantile,0.65,28.125796599039973
55,2026-10-03,0,2026-10-03,wk inc covid hosp,quantile,0.65,42.05867809438286
56,2026-10-03,0,2026-10-03,wk inc covid hosp,quantile,0.65,6.89337815858274
72,2026-10-03,0,2026-10-03,wk inc covid hosp,quantile,0.65,93.89729036385685
US,2026-10-03,0,2026-10-03,wk inc covid hosp,quantile,0.65,5022.172128199146
01,2026-10-03,1,2026-10-10,wk inc covid hosp,quantile,0.65,120.95529388113796
02,2026-10-03,1,2026-10-10,wk inc covid hosp,quantile,0.65,2.027791306175905
04,2026-10-03,1,2026-10-10,wk inc covid hosp,quantile,0.65,90.70097073616657
05,2026-10-03,1,2026-10-10,wk inc covid hosp,quantile,0.65,28.356376464389037
06,2026-10-03,1,2026-10-10,wk inc covid hosp,quantile,0.65,1161.1936503962634
08,2026-10-03,1,2026-10-10,wk inc covid hosp,quantile,0.65,48.6188383422115
09,2026-10-03,1,2026-10-10,wk inc covid hosp,quantile,0.65,51.597825888451794
10,2026-10-03,1,2026-10-10,wk inc covid hosp,quantile,0.65,17.42507914059218
11,2026-10-03,1,2026-10-10,wk inc covid hosp,quantile,0.65,11.434567345453617
12,2026-10-03,1,2026-10-10,wk inc covid hosp,quantile,0.65,671.497197529621
13,2026-10-03,1,2026-10-10,wk inc covid hosp,quantile,0.65,102.68371497242151
15,2026-10-03,1,2026-10-10,wk inc covid hosp,quantile,0.65,54.750237896873045
16,2026-10-03,1,2026-10-10,wk inc covid hosp,quantile,0.65,22.846022267298583
17,2026-10-03,1,2026-10-10,wk inc covid hosp,quantile,0.65,103.51350875340957
18,2026-10-03,1,2026-10-10,wk inc covid hosp,quantile,0.65,39.787135771811855
19,2026-10-03,1,2026-10-10,wk inc covid hosp,quantile,0.65,24.02770447920716
20,2026-10-03,1,2026-10-10,wk inc covid hosp,quantile,0.65,9.168337135075557
21,2026-10-03,1,2026-10-10,wk inc covid hosp,quantile,0.65,24.0118832011285
22,2026-10-03,1,2026-10-10,wk inc covid hosp,quantile,0.65,101.75267121492175
23,2026-10-03,1,2026-10-10,wk inc covid hosp,quantile,0.65,11.109517166827683
24,2026-10-03,1,2026-10-10,wk inc covid hosp,quantile,0.65,61.63755974557064
25,2026-10-03,1,2026-10-10,wk inc covid hosp,quantile,0.65,73.76964549426162
26,2026-10-03,1,2026-10-10,wk inc covid hosp,quantile,0.65,73.25740127559769
27,2026-10-03,1,2026-10-10,wk inc covid hosp,quantile,0.65,45.90404725329249
28,2026-10-03,1,2026-10-10,wk inc covid hosp,quantile,0.65,28.160345852278024
29,2026-10-03,1,2026-10-10,wk inc covid hosp,quantile,0.65,59.60627144993729
30,2026-10-03,1,2026-10-10,wk inc covid hosp,quantile,0.65,8.190887834081586
31,2026-10-03,1,2026-10-10,wk inc covid hosp,quantile,0.65,11.005347256540048
32,2026-10-03,1,2026-10-10,wk inc covid hosp,quantile,0.65,38.037382614670115
33,2026-10-03,1,2026-10-10,wk inc covid hosp,quantile,0.65,24.804661580835685
34,2026-10-03,1,2026-10-10,wk inc covid hosp,quantile,0.65,184.47207212523378
35,2026-10-03,1,2026-10-10,wk inc covid hosp,quantile,0.65,9.020172660843206
36,2026-10-03,1,2026-10-10,wk inc covid hosp,quantile,0.65,361.3505750317182
37,2026-10-03,1,2026-10-10,wk inc covid hosp,quantile,0.65,217.0214856116307
38,2026-10-03,1,2026-10-10,wk inc covid hosp,quantile,0.65,6.474051361317169
39,2026-10-03,1,2026-10-10,wk inc covid hosp,quantile,0.65,90.6779722694612
40,2026-10-03,1,2026-10-10,wk inc covid hosp,quantile,0.65,21.762764928951942
41,2026-10-03,1,2026-10-10,wk inc covid hosp,quantile,0.65,66.20966291136695
42,2026-10-03,1,2026-10-10,wk inc covid hosp,quantile,0.65,260.6215721739328
44,2026-10-03,1,2026-10-10,wk inc covid hosp,quantile,0.65,10.989543611108717
45,2026-10-03,1,2026-10-10,wk inc covid hosp,quantile,0.65,85.72509910089138
46,2026-10-03,1,2026-10-10,wk inc covid hosp,quantile,0.65,4.813118126370621
47,2026-10-03,1,2026-10-10,wk inc covid hosp,quantile,0.65,65.54956019098637
48,2026-10-03,1,2026-10-10,wk inc covid hosp,quantile,0.65,508.3932314290517
49,2026-10-03,1,2026-10-10,wk inc covid hosp,quantile,0.65,31.723086053240806
50,2026-10-03,1,2026-10-10,wk inc covid hosp,quantile,0.65,12.753100298682984
51,2026-10-03,1,2026-10-10,wk inc covid hosp,quantile,0.65,66.42945359404871
53,2026-10-03,1,2026-10-10,wk inc covid hosp,quantile,0.65,240.94014414570816
54,2026-10-03,1,2026-10-10,wk inc covid hosp,quantile,0.65,35.108027475346766
55,2026-10-03,1,2026-10-10,wk inc covid hosp,quantile,0.65,49.584494407465506
56,2026-10-03,1,2026-10-10,wk inc covid hosp,quantile,0.65,8.937158545495711
72,2026-10-03,1,2026-10-10,wk inc covid hosp,quantile,0.65,94.40746232782817
US,2026-10-03,1,2026-10-10,wk inc covid hosp,quantile,0.65,5360.315873063491
01,2026-10-03,2,2026-10-17,wk inc covid hosp,quantile,0.65,126.91713535583403
02,2026-10-03,2,2026-10-17,wk inc covid hosp,quantile,0.65,2.4696232528288515
04,2026-10-03,2,2026-10-17,wk inc covid hosp,quantile,0.65,98.85927697630619
05,2026-10-03,2,2026-10-17,wk inc covid hosp,quantile,0.65,33.095664132243705
06,2026-10-03,2,2026-10-17,wk inc covid hosp,quantile,0.65,1211.0251350392457
08,2026-10-03,2,2026-10-17,wk inc covid hosp,quantile,0.65,55.76153325253943
09,2026-10-03,2,2026-10-17,wk inc covid hosp,quantile,0.65,60.57734007523212
10,2026-10-03,2,2026-10-17,wk inc covid hosp,quantile,0.65,19.664956640214275
11,2026-10-03,2,2026-10-17,wk inc covid hosp,quantile,0.65,13.581235464361765
12,2026-10-03,2,2026-10-17,wk inc covid hosp,quantile,0.65,697.226064798167
13,2026-10-03,2,2026-10-17,wk inc covid hosp,quantile,0.65,107.16522366972154
15,2026-10-03,2,2026-10-17,wk inc covid hosp,quantile,0.65,58.30103364763394
16,2026-10-03,2,2026-10-17,wk inc covid hosp,quantile,0.65,25.26473974110107
17,2026-10-03,2,2026-10-17,wk inc covid hosp,quantile,0.65,121.23101688588459
18,2026-10-03,2,2026-10-17,wk inc covid hosp,quantile,0.65,45.93074727127801
19,2026-10-03,2,2026-10-17,wk inc covid hosp,quantile,0.65,28.475980535715927
20,2026-10-03,2,2026-10-17,wk inc covid hosp,quantile,0.65,11.809390254110872
21,2026-10-03,2,2026-10-17,wk inc covid hosp,quantile,0.65,28.199183410772633
22,2026-10-03,2,2026-10-17,wk inc covid hosp,quantile,0.65,106.22931461271858
23,2026-10-03,2,2026-10-17,wk inc covid hosp,quantile,0.65,14.469119164187726
24,2026-10-03,2,2026-10-17,wk inc covid hosp,quantile,0.65,68.73777815122708
25,2026-10-03,2,2026-10-17,wk inc covid hosp,quantile,0.65,86.03757385083699
26,2026-10-03,2,2026-10-17,wk inc covid hosp,quantile,0.65,88.26696170877125
27,2026-10-03,2,2026-10-17,wk inc covid hosp,quantile,0.65,53.38020189918788
28,2026-10-03,2,2026-10-17,wk inc covid hosp,quantile,0.65,29.878306615611148
29,2026-10-03,2,2026-10-17,wk inc covid hosp,quantile,0.65,70.9025838428664
30,2026-10-03,2,2026-10-17,wk inc covid hosp,quantile,0.65,9.501420881714443
31,2026-10-03,2,2026-10-17,wk inc covid hosp,quantile,0.65,13.147770112397662
32,2026-10-03,2,2026-10-17,wk inc covid hosp,quantile,0.65,41.027480008333434
33,2026-10-03,2,2026-10-17,wk inc covid hosp,quantile,0.65,29.710583888387564
34,2026-10-03,2,2026-10-17,wk inc covid hosp,quantile,0.65,202.85349645282864
35,2026-10-03,2,2026-10-17,wk inc covid hosp,quantile,0.65,10.33998409381581
36,2026-10-03,2,2026-10-17,wk inc covid hosp,quantile,0.65,391.1861084907268
37,2026-10-03,2,2026-10-17,wk inc covid hosp,quantile,0.65,226.33323861970445
38,2026-10-03,2,2026-10-17,wk inc covid hosp,quantile,0.65,7.862737077097101
39,2026-10-03,2,2026-10-17,wk inc covid hosp,quantile,0.65,104.90805065681526
40,2026-10-03,2,2026-10-17,wk inc covid hosp,quantile,0.65,24.092601071012346
41,2026-10-03,2,2026-10-17,wk inc covid hosp,quantile,0.65,72.4966778953712
42,2026-10-03,2,2026-10-17,wk inc covid hosp,quantile,0.65,296.7586990514268
44,2026-10-03,2,2026-10-17,wk inc covid hosp,quantile,0.65,12.191715869248677
45,2026-10-03,2,2026-10-17,wk inc covid hosp,quantile,0.65,92.71484008026314
46,2026-10-03,2,2026-10-17,wk inc covid hosp,quantile,0.65,5.882321993985359
47,2026-10-03,2,2026-10-17,wk inc covid hosp,quantile,0.65,71.32919481860854
48,2026-10-03,2,2026-10-17,wk inc covid hosp,quantile,0.65,528.866280687883
49,2026-10-03,2,2026-10-17,wk inc covid hosp,quantile,0.65,35.95051911785964
50,2026-10-03,2,2026-10-17,wk inc covid hosp,quantile,0.65,14.42477339042258
51,2026-10-03,2,2026-10-17,wk inc covid hosp,quantile,0.65,75.13431557520973
53,2026-10-03,2,2026-10-17,wk inc covid hosp,quantile,0.65,258.2034540542091
54,2026-10-03,2,2026-10-17,wk inc covid hosp,quantile,0.65,39.89132578899947
55,2026-10-03,2,2026-10-17,wk inc covid hosp,quantile,0.65,59.344191962351374
56,2026-10-03,2,2026-10-17,wk inc covid hosp,quantile,0.65,11.029952848188683
72,2026-10-03,2,2026-10-17,wk inc covid hosp,quantile,0.65,100.65315334351098
US,2026-10-03,2,2026-10-17,wk inc covid hosp,quantile,0.65,5714.733645352092
01,2026-10-03,3,2026-10-24,wk inc covid hosp,quantile,0.65,133.71024209983003
02,2026-10-03,3,2026-10-24,wk inc covid hosp,quantile,0.65,2.7950710055704118
04,2026-10-03,3,2026-10-24,wk inc covid hosp,quantile,0.65,105.43234087188348
05,2026-10-03,3,2026-10-24,wk inc covid hosp,quantile,0.65,37.605839645273704
06,2026-10-03,3,2026-10-24,wk inc covid hosp,quantile,0.65,1230.036634064918
08,2026-10-03,3,2026-10-24,wk inc covid hosp,quantile,0.65,64.72923249860692
09,2026-10-03,3,2026-10-24,wk inc covid hosp,quantile,0.65,70.13137928492576
10,2026-10-03,3,2026-10-24,wk inc covid hosp,quantile,0.65,21.58920398690594
11,2026-10-03,3,2026-10-24,wk inc covid hosp,quantile,0.65,14.757252390448777
12,2026-10-03,3,2026-10-24,wk inc covid hosp,quantile,0.65,729.7200800137293
13,2026-10-03,3,2026-10-24,wk inc covid hosp,quantile,0.65,115.3550666845315
15,2026-10-03,3,2026-10-24,wk inc covid hosp,quantile,0.65,61.56303509330208
16,2026-10-03,3,2026-10-24,wk inc covid hosp,quantile,0.65,28.548610024374444
17,2026-10-03,3,2026-10-24,wk inc covid hosp,quantile,0.65,140.55989849167315
18,2026-10-03,3,2026-10-24,wk inc covid hosp,quantile,0.65,53.824732154056456
19,2026-10-03,3,2026-10-24,wk inc covid hosp,quantile,0.65,32.956798351991694
20,2026-10-03,3,2026-10-24,wk inc covid hosp,quantile,0.65,15.022104446415456
21,2026-10-03,3,2026-10-24,wk inc covid hosp,quantile,0.65,33.148950574315286
22,2026-10-03,3,2026-10-24,wk inc covid hosp,quantile,0.65,114.57899714435939
23,2026-10-03,3,2026-10-24,wk inc covid hosp,quantile,0.65,16.677828267348414
24,2026-10-03,3,2026-10-24,wk inc covid hosp,quantile,0.65,78.88577976935643
25,2026-10-03,3,2026-10-24,wk inc covid hosp,quantile,0.65,101.16399479973873
26,2026-10-03,3,2026-10-24,wk inc covid hosp,quantile,0.65,108.26182657379782
27,2026-10-03,3,2026-10-24,wk inc covid hosp,quantile,0.65,62.056938866293365
28,2026-10-03,3,2026-10-24,wk inc covid hosp,quantile,0.65,32.507440152519166
29,2026-10-03,3,2026-10-24,wk inc covid hosp,quantile,0.65,78.98315111408986
30,2026-10-03,3,2026-10-24,wk inc covid hosp,quantile,0.65,11.222492914076176
31,2026-10-03,3,2026-10-24,wk inc covid hosp,quantile,0.65,15.849060237521265
32,2026-10-03,3,2026-10-24,wk inc covid hosp,quantile,0.65,43.51990681047134
33,2026-10-03,3,2026-10-24,wk inc covid hosp,quantile,0.65,33.621154569413996
34,2026-10-03,3,2026-10-24,wk inc covid hosp,quantile,0.65,224.11854055356693
35,2026-10-03,3,2026-10-24,wk inc covid hosp,quantile,0.65,11.72389214718806
36,2026-10-03,3,2026-10-24,wk inc covid hosp,quantile,0.65,424.98091012108654
37,2026-10-03,3,2026-10-24,wk inc covid hosp,quantile,0.65,242.98164188503102
38,2026-10-03,3,2026-10-24,wk inc covid hosp,quantile,0.65,9.688531085237509
39,2026-10-03,3,2026-10-24,wk inc covid hosp,quantile,0.65,120.39871442257908
40,2026-10-03,3,2026-10-24,wk inc covid hosp,quantile,0.65,27.631742585615278
41,2026-10-03,3,2026-10-24,wk inc covid hosp,quantile,0.65,78.40027917738418
42,2026-10-03,3,2026-10-24,wk inc covid hosp,quantile,0.65,331.5283192063272
44,2026-10-03,3,2026-10-24,wk inc covid hosp,quantile,0.65,14.145330825657105
45,2026-10-03,3,2026-10-24,wk inc covid hosp,quantile,0.65,97.64982707913967
46,2026-10-03,3,2026-10-24,wk inc covid hosp,quantile,0.65,6.836675697372383
47,2026-10-03,3,2026-10-24,wk inc covid hosp,quantile,0.65,77.68353765787384
48,2026-10-03,3,2026-10-24,wk inc covid hosp,quantile,0.65,548.582143043796
49,2026-10-03,3,2026-10-24,wk inc covid hosp,quantile,0.65,40.15475296176305
50,2026-10-03,3,2026-10-24,wk inc covid hosp,quantile,0.65,16.551235765737452
51,2026-10-03,3,2026-10-24,wk inc covid hosp,quantile,0.65,85.70034116829493
53,2026-10-03,3,2026-10-24,wk inc covid hosp,quantile,0.65,271.70424254676783
54,2026-10-03,3,2026-10-24,wk inc covid hosp,quantile,0.65,46.64153097823242
55,2026-10-03,3,2026-10-24,wk inc covid hosp,quantile,0.65,69.24312273208307
56,2026-10-03,3,2026-10-24,wk inc covid hosp,quantile,0.65,13.2998286950626
72,2026-10-03,3,2026-10-24,wk inc covid hosp,quantile,0.65,104.84162556003135
US,2026-10-03,3,2026-10-24,wk inc covid hosp,quantile,0.65,6128.460499342803
01,2026-10-03,0,2026-10-03,wk inc covid hosp,quantile,0.7,116.58558520362172
02,2026-10-03,0,2026-10-03,wk inc covid hosp,quantile,0.7,2.0618203605814713
04,2026-10-03,0,2026-10-03,wk inc covid hosp,quantile,0.7,87.68707783743469
05,2026-10-03,0,2026-10-03,wk inc covid hosp,quantile,0.7,26.19632275698907
06,2026-10-03,0,2026-10-03,wk inc covid hosp,quantile,0.7,1141.926852750305
08,2026-10-03,0,2026-10-03,wk inc covid hosp,quantile,0.7,43.98675226569685
09,2026-10-03,0,2026-10-03,wk inc covid hosp,quantile,0.7,46.43264610015613
10,2026-10-03,0,2026-10-03,wk inc covid hosp,quantile,0.7,15.751490820359425
11,2026-10-03,0,2026-10-03,wk inc covid hosp,quantile,0.7,11.431078803674541
12,2026-10-03,0,2026-10-03,wk inc covid hosp,quantile,0.7,669.5440814598047
13,2026-10-03,0,2026-10-03,wk inc covid hosp,quantile,0.7,99.52199393809393
15,2026-10-03,0,2026-10-03,wk inc covid hosp,quantile,0.7,53.02482069937706
16,2026-10-03,0,2026-10-03,wk inc covid hosp,quantile,0.7,20.793150023927154
17,2026-10-03,0,2026-10-03,wk inc covid hosp,quantile,0.7,90.78357790432477
18,2026-10-03,0,2026-10-03,wk inc covid hosp,quantile,0.7,34.350558307672536
19,2026-10-03,0,2026-10-03,wk inc covid hosp,quantile,0.7,21.769249061373227
20,2026-10-03,0,2026-10-03,wk inc covid hosp,quantile,0.7,8.481135938254175
21,2026-10-03,0,2026-10-03,wk inc covid hosp,quantile,0.7,22.538558297959565
22,2026-10-03,0,2026-10-03,wk inc covid hosp,quantile,0.7,99.12885812256148
23,2026-10-03,0,2026-10-03,wk inc covid hosp,quantile,0.7,8.974316959856854
24,2026-10-03,0,2026-10-03,wk inc covid hosp,quantile,0.7,53.725212936205196
25,2026-10-03,0,2026-10-03,wk inc covid hosp,quantile,0.7,64.63042709321225
26,2026-10-03,0,2026-10-03,wk inc covid hosp,quantile,0.7,62.306085455876726
27,2026-10-03,0,2026-10-03,wk inc covid hosp,quantile,0.7,40.219808483017076
28,2026-10-03,0,2026-10-03,wk inc covid hosp,quantile,0.7,28.431679765749784
29,2026-10-03,0,2026-10-03,wk inc covid hosp,quantile,0.7,55.43734637734309
30,2026-10-03,0,2026-10-03,wk inc covid hosp,quantile,0.7,7.841303398832525
31,2026-10-03,0,2026-10-03,wk inc covid hosp,quantile,0.7,9.910288531286048
32,2026-10-03,0,2026-10-03,wk inc covid hosp,quantile,0.7,36.023165289696806
33,2026-10-03,0,2026-10-03,wk inc covid hosp,quantile,0.7,20.716935278511716
34,2026-10-03,0,2026-10-03,wk inc covid hosp,quantile,0.7,174.98807350511967
35,2026-10-03,0,2026-10-03,wk inc covid hosp,quantile,0.7,8.83065309798673
36,2026-10-03,0,2026-10-03,wk inc covid hosp,quantile,0.7,337.78135491530384
37,2026-10-03,0,2026-10-03,wk inc covid hosp,quantile,0.7,211.7408878148689
38,2026-10-03,0,2026-10-03,wk inc covid hosp,quantile,0.7,4.967030473356516
39,2026-10-03,0,2026-10-03,wk inc covid hosp,quantile,0.7,82.07687957203213
40,2026-10-03,0,2026-10-03,wk inc covid hosp,quantile,0.7,20.057964369026063
41,2026-10-03,0,2026-10-03,wk inc covid hosp,quantile,0.7,60.443401827069806
42,2026-10-03,0,2026-10-03,wk inc covid hosp,quantile,0.7,234.5517566646352
44,2026-10-03,0,2026-10-03,wk inc covid hosp,quantile,0.7,10.569693574642809
45,2026-10-03,0,2026-10-03,wk inc covid hosp,quantile,0.7,82.64220594412036
46,2026-10-03,0,2026-10-03,wk inc covid hosp,quantile,0.7,4.486345794020334
47,2026-10-03,0,2026-10-03,wk inc covid hosp,quantile,0.7,66.08657330067177
48,2026-10-03,0,2026-10-03,wk inc covid hosp,quantile,0.7,510.76919107516335
49,2026-10-03,0,2026-10-03,wk inc covid hosp,quantile,0.7,29.259309264074936
50,2026-10-03,0,2026-10-03,wk inc covid hosp,quantile,0.7,11.028590165168131
51,2026-10-03,0,2026-10-03,wk inc covid hosp,quantile,0.7,61.322682656214006
53,2026-10-03,0,2026-10-03,wk inc covid hosp,quantile,0.7,221.86974950440853
54,2026-10-03,0,2026-10-03,wk inc covid hosp,quantile,0.7,29.626594389138493
55,2026-10-03,0,2026-10-03,wk inc covid hosp,quantile,0.7,44.734047400923416
56,2026-10-03,0,2026-10-03,wk inc covid hosp,quantile,0.7,7.550249514397411
72,2026-10-03,0,2026-10-03,wk inc covid hosp,quantile,0.7,97.76116871365629
US,2026-10-03,0,2026-10-03,wk inc covid hosp,quantile,0.7,5111.414796524037
01,2026-10-03,1,2026-10-10,wk inc covid hosp,quantile,0.7,126.48347438636141
02,2026-10-03,1,2026-10-10,wk inc covid hosp,quantile,0.7,2.4492623338592074
04,2026-10-03,1,2026-10-10,wk inc covid hosp,quantile,0.7,95.68067013040913
05,2026-10-03,1,2026-10-10,wk inc covid hosp,quantile,0.7,30.497124849990122
06,2026-10-03,1,2026-10-10,wk inc covid hosp,quantile,0.7,1191.587507823171
08,2026-10-03,1,2026-10-10,wk inc covid hosp,quantile,0.7,52.0353158250028
09,2026-10-03,1,2026-10-10,wk inc covid hosp,quantile,0.7,56.11574266718633
10,2026-10-03,1,2026-10-10,wk inc covid hosp,quantile,0.7,18.646409540441145
11,2026-10-03,1,2026-10-10,wk inc covid hosp,quantile,0.7,12.659354180197125
12,2026-10-03,1,2026-10-10,wk inc covid hosp,quantile,0.7,706.6785799641812
13,2026-10-03,1,2026-10-10,wk inc covid hosp,quantile,0.7,107.67206433933697
15,2026-10-03,1,2026-10-10,wk inc covid hosp,quantile,0.7,57.320215460058904
16,2026-10-03,1,2026-10-10,wk inc covid hosp,quantile,0.7,24.362181813160017
17,2026-10-03,1,2026-10-10,wk inc covid hosp,quantile,0.7,108.64008751116596
18,2026-10-03,1,2026-10-10,wk inc covid hosp,quantile,0.7,42.89593496846022
19,2026-10-03,1,2026-10-10,wk inc covid hosp,quantile,0.7,25.961692496767423
20,2026-10-03,1,2026-10-10,wk inc covid hosp,quantile,0.7,10.467676299342775
21,2026-10-03,1,2026-10-10,wk inc covid hosp,quantile,0.7,26.04476221745255
22,2026-10-03,1,2026-10-10,wk inc covid hosp,quantile,0.7,107.03905472108335
23,2026-10-03,1,2026-10-10,wk inc covid hosp,quantile,0.7,12.301766294889303
24,2026-10-03,1,2026-10-10,wk inc covid hosp,quantile,0.7,64.89680764532604
25,2026-10-03,1,2026-10-10,wk inc covid hosp,quantile,0.7,77.80535428289886
26,2026-10-03,1,2026-10-10,wk inc covid hosp,quantile,0.7,79.12039137853648
27,2026-10-03,1,2026-10-10,wk inc covid hosp,quantile,0.7,48.75997814157893
28,2026-10-03,1,2026-10-10,wk inc covid hosp,quantile,0.7,30.10902511289401
29,2026-10-03,1,2026-10-10,wk inc covid hosp,quantile,0.7,63.15655881329108
30,2026-10-03,1,2026-10-10,wk inc covid hosp,quantile,0.7,9.416939265035168
31,2026-10-03,1,2026-10-10,wk inc covid hosp,quantile,0.7,11.976915157078624
32,2026-10-03,1,2026-10-10,wk inc covid hosp,quantile,0.7,40.04121869314714
33,2026-10-03,1,2026-10-10,wk inc covid hosp,quantile,0.7,26.369892229242446
34,2026-10-03,1,2026-10-10,wk inc covid hosp,quantile,0.7,194.98365434419878
35,2026-10-03,1,2026-10-10,wk inc covid hosp,quantile,0.7,10.327787951574352
36,2026-10-03,1,2026-10-10,wk inc covid hosp,quantile,0.7,371.27782021597574
37,2026-10-03,1,2026-10-10,wk inc covid hosp,quantile,0.7,226.30082041054234
38,2026-10-03,1,2026-10-10,wk inc covid hosp,quantile,0.7,7.240727228616547
39,2026-10-03,1,2026-10-10,wk inc covid hosp,quantile,0.7,97.2728708705374
40,2026-10-03,1,2026-10-10,wk inc covid hosp,quantile,0.7,23.611968623712283
41,2026-10-03,1,2026-10-10,wk inc covid hosp,quantile,0.7,68.9521753238029
42,2026-10-03,1,2026-10-10,wk inc covid hosp,quantile,0.7,276.52805587125687
44,2026-10-03,1,2026-10-10,wk inc covid hosp,quantile,0.7,12.1831939543958
45,2026-10-03,1,2026-10-10,wk inc covid hosp,quantile,0.7,90.23711315459435
46,2026-10-03,1,2026-10-10,wk inc covid hosp,quantile,0.7,5.646320900016685
47,2026-10-03,1,2026-10-10,wk inc covid hosp,quantile,0.7,69.69302977840694
48,2026-10-03,1,2026-10-10,wk inc covid hosp,quantile,0.7,532.554751193462
49,2026-10-03,1,2026-10-10,wk inc covid hosp,quantile,0.7,34.04923362343373
50,2026-10-03,1,2026-10-10,wk inc covid hosp,quantile,0.7,13.991362636155477
51,2026-10-03,1,2026-10-10,wk inc covid hosp,quantile,0.7,70.92425438834405
53,2026-10-03,1,2026-10-10,wk inc covid hosp,quantile,0.7,247.6742582983846
54,2026-10-03,1,2026-10-10,wk inc covid hosp,quantile,0.7,37.262617025074135
55,2026-10-03,1,2026-10-10,wk inc covid hosp,quantile,0.7,53.577400877826705
56,2026-10-03,1,2026-10-10,wk inc covid hosp,quantile,0.7,10.232987834826519
72,2026-10-03,1,2026-10-10,wk inc covid hosp,quantile,0.7,100.36590913476188
US,2026-10-03,1,2026-10-10,wk inc covid hosp,quantile,0.7,5515.266369196849
01,2026-10-03,2,2026-10-17,wk inc covid hosp,quantile,0.7,134.20749934675928
02,2026-10-03,2,2026-10-17,wk inc covid hosp,quantile,0.7,3.0215804499458017
04,2026-10-03,2,2026-10-17,wk inc covid hosp,quantile,0.7,106.16194189481409
05,2026-10-03,2,2026-10-17,wk inc covid hosp,quantile,0.7,35.7139558663724
06,2026-10-03,2,2026-10-17,wk inc covid hosp,quantile,0.7,1246.9441475768879
08,2026-10-03,2,2026-10-17,wk inc covid hosp,quantile,0.7,60.490886664369384
09,2026-10-03,2,2026-10-17,wk inc covid hosp,quantile,0.7,66.1503411759648
10,2026-10-03,2,2026-10-17,wk inc covid hosp,quantile,0.7,21.538580872395514
11,2026-10-03,2,2026-10-17,wk inc covid hosp,quantile,0.7,15.383440176937135
12,2026-10-03,2,2026-10-17,wk inc covid hosp,quantile,0.7,741.9096221594062
13,2026-10-03,2,2026-10-17,wk inc covid hosp,quantile,0.7,113.69610223878826
15,2026-10-03,2,2026-10-17,wk inc covid hosp,quantile,0.7,62.25407189378018
16,2026-10-03,2,2026-10-17,wk inc covid hosp,quantile,0.7,27.73581616264413
17,2026-10-03,2,2026-10-17,wk inc covid hosp,quantile,0.7,128.2648305450784
18,2026-10-03,2,2026-10-17,wk inc covid hosp,quantile,0.7,49.93938940391083
19,2026-10-03,2,2026-10-17,wk inc covid hosp,quantile,0.7,31.46933689987472
20,2026-10-03,2,2026-10-17,wk inc covid hosp,quantile,0.7,13.780463085709398
21,2026-10-03,2,2026-10-17,wk inc covid hosp,quantile,0.7,30.717153566987058
22,2026-10-03,2,2026-10-17,wk inc covid hosp,quantile,0.7,112.35326798919046
23,2026-10-03,2,2026-10-17,wk inc covid hosp,quantile,0.7,16.028365621024022
24,2026-10-03,2,2026-10-17,wk inc covid hosp,quantile,0.7,73.39744864213587
25,2026-10-03,2,2026-10-17,wk inc covid hosp,quantile,0.7,92.04549093393646
26,2026-10-03,2,2026-10-17,wk inc covid hosp,quantile,0.7,98.13014552574124
27,2026-10-03,2,2026-10-17,wk inc covid hosp,quantile,0.7,58.268949043975184
28,2026-10-03,2,2026-10-17,wk inc covid hosp,quantile,0.7,33.154782360915306
29,2026-10-03,2,2026-10-17,wk inc covid hosp,quantile,0.7,75.50169886205232
30,2026-10-03,2,2026-10-17,wk inc covid hosp,quantile,0.7,11.16294875476457
31,2026-10-03,2,2026-10-17,wk inc covid hosp,quantile,0.7,14.661584256375953
32,2026-10-03,2,2026-10-17,wk inc covid hosp,quantile,0.7,43.54566709648351
33,2026-10-03,2,2026-10-17,wk inc covid hosp,quantile,0.7,32.12706435718828
34,2026-10-03,2,2026-10-17,wk inc covid hosp,quantile,0.7,217.10626734577178
35,2026-10-03,2,2026-10-17,wk inc covid hosp,quantile,0.7,11.660279337837975
36,2026-10-03,2,2026-10-17,wk inc covid hosp,quantile,0.7,407.56948370501755
37,2026-10-03,2,2026-10-17,wk inc covid hosp,quantile,0.7,240.59960018173686
38,2026-10-03,2,2026-10-17,wk inc covid hosp,quantile,0.7,8.845849319895677
39,2026-10-03,2,2026-10-17,wk inc covid hosp,quantile,0.7,112.37805918607296
40,2026-10-03,2,2026-10-17,wk inc covid hosp,quantile,0.7,26.760879896024353
41,2026-10-03,2,2026-10-17,wk inc covid hosp,quantile,0.7,76.55355049622634
42,2026-10-03,2,2026-10-17,wk inc covid hosp,quantile,0.7,314.11062568118126
44,2026-10-03,2,2026-10-17,wk inc covid hosp,quantile,0.7,13.804141508042774
45,2026-10-03,2,2026-10-17,wk inc covid hosp,quantile,0.7,99.47794843301253
46,2026-10-03,2,2026-10-17,wk inc covid hosp,quantile,0.7,7.012230528209474
47,2026-10-03,2,2026-10-17,wk inc covid hosp,quantile,0.7,76.08326815419487
48,2026-10-03,2,2026-10-17,wk inc covid hosp,quantile,0.7,558.402913210425
49,2026-10-03,2,2026-10-17,wk inc covid hosp,quantile,0.7,38.49546655466196
50,2026-10-03,2,2026-10-17,wk inc covid hosp,quantile,0.7,16.335655078614256
51,2026-10-03,2,2026-10-17,wk inc covid hosp,quantile,0.7,80.36399375416558
53,2026-10-03,2,2026-10-17,wk inc covid hosp,quantile,0.7,265.9253322132009
54,2026-10-03,2,2026-10-17,wk inc covid hosp,quantile,0.7,43.30011257536617
55,2026-10-03,2,2026-10-17,wk inc covid hosp,quantile,0.7,64.2516157755699
56,2026-10-03,2,2026-10-17,wk inc covid hosp,quantile,0.7,12.876861247115201
72,2026-10-03,2,2026-10-17,wk inc covid hosp,quantile,0.7,108.287640950072
US,2026-10-03,2,2026-10-17,wk inc covid hosp,quantile,0.7,5912.697490897578
01,2026-10-03,3,2026-10-24,wk inc covid hosp,quantile,0.7,141.06635798075573
02,2026-10-03,3,2026-10-24,wk inc covid hosp,quantile,0.7,3.531389365998877
04,2026-10-03,3,2026-10-24,wk inc covid hosp,quantile,0.7,114.18519895092966
05,2026-10-03,3,2026-10-24,wk inc covid hosp,quantile,0.7,42.148491505010824
06,2026-10-03,3,2026-10-24,wk inc covid hosp,quantile,0.7,1276.1046634807394
08,2026-10-03,3,2026-10-24,wk inc covid hosp,quantile,0.7,70.38487882440374
09,2026-10-03,3,2026-10-24,wk inc covid hosp,quantile,0.7,78.25299393543226
10,2026-10-03,3,2026-10-24,wk inc covid hosp,quantile,0.7,24.133950586868817
11,2026-10-03,3,2026-10-24,wk inc covid hosp,quantile,0.7,16.892845565478833
12,2026-10-03,3,2026-10-24,wk inc covid hosp,quantile,0.7,790.7467670400256
13,2026-10-03,3,2026-10-24,wk inc covid hosp,quantile,0.7,123.96627307814869
15,2026-10-03,3,2026-10-24,wk inc covid hosp,quantile,0.7,66.16477201243498
16,2026-10-03,3,2026-10-24,wk inc covid hosp,quantile,0.7,31.49784600041082
17,2026-10-03,3,2026-10-24,wk inc covid hosp,quantile,0.7,149.65765639029632
18,2026-10-03,3,2026-10-24,wk inc covid hosp,quantile,0.7,60.07367515004107
19,2026-10-03,3,2026-10-24,wk inc covid hosp,quantile,0.7,36.48782168797427
20,2026-10-03,3,2026-10-24,wk inc covid hosp,quantile,0.7,17.00166620909707
21,2026-10-03,3,2026-10-24,wk inc covid hosp,quantile,0.7,36.86343381838943
22,2026-10-03,3,2026-10-24,wk inc covid hosp,quantile,0.7,121.76213248793542
23,2026-10-03,3,2026-10-24,wk inc covid hosp,quantile,0.7,18.880501921932293
24,2026-10-03,3,2026-10-24,wk inc covid hosp,quantile,0.7,84.12256475595287
25,2026-10-03,3,2026-10-24,wk inc covid hosp,quantile,0.7,109.28661677317271
26,2026-10-03,3,2026-10-24,wk inc covid hosp,quantile,0.7,121.08014863835672
27,2026-10-03,3,2026-10-24,wk inc covid hosp,quantile,0.7,66.91331205122827
28,2026-10-03,3,2026-10-24,wk inc covid hosp,quantile,0.7,36.01912791047695
29,2026-10-03,3,2026-10-24,wk inc covid hosp,quantile,0.7,84.39444165476061
30,2026-10-03,3,2026-10-24,wk inc covid hosp,quantile,0.7,13.101025641400055
31,2026-10-03,3,2026-10-24,wk inc covid hosp,quantile,0.7,17.908410747476804
32,2026-10-03,3,2026-10-24,wk inc covid hosp,quantile,0.7,47.1791869229964
33,2026-10-03,3,2026-10-24,wk inc covid hosp,quantile,0.7,37.529623375898844
34,2026-10-03,3,2026-10-24,wk inc covid hosp,quantile,0.7,240.56892301796395
35,2026-10-03,3,2026-10-24,wk inc covid hosp,quantile,0.7,13.471964654048406
36,2026-10-03,3,2026-10-24,wk inc covid hosp,quantile,0.7,447.92555028255464
37,2026-10-03,3,2026-10-24,wk inc covid hosp,quantile,0.7,257.38981293068474
38,2026-10-03,3,2026-10-24,wk inc covid hosp,quantile,0.7,11.3342424133923
39,2026-10-03,3,2026-10-24,wk inc covid hosp,quantile,0.7,129.72816594845852
40,2026-10-03,3,2026-10-24,wk inc covid hosp,quantile,0.7,30.98076495384616
41,2026-10-03,3,2026-10-24,wk inc covid hosp,quantile,0.7,83.73026513459943
42,2026-10-03,3,2026-10-24,wk inc covid hosp,quantile,0.7,360.90105508729346
44,2026-10-03,3,2026-10-24,wk inc covid hosp,quantile,0.7,15.988337855989414
45,2026-10-03,3,2026-10-24,wk inc covid hosp,quantile,0.7,104.97913049832002
46,2026-10-03,3,2026-10-24,wk inc covid hosp,quantile,0.7,8.298909032381795
47,2026-10-03,3,2026-10-24,wk inc covid hosp,quantile,0.7,84.74231140620263
48,2026-10-03,3,2026-10-24,wk inc covid hosp,quantile,0.7,587.8363454601918
49,2026-10-03,3,2026-10-24,wk inc covid hosp,quantile,0.7,43.94775030842566
50,2026-10-03,3,2026-10-24,wk inc covid hosp,quantile,0.7,18.818951279718668
51,2026-10-03,3,2026-10-24,wk inc covid hosp,quantile,0.7,91.3778446439888
53,2026-10-03,3,2026-10-24,wk inc covid hosp,quantile,0.7,282.43351109206117
54,2026-10-03,3,2026-10-24,wk inc covid hosp,quantile,0.7,51.099946874043475
55,2026-10-03,3,2026-10-24,wk inc covid hosp,quantile,0.7,75.11037440407257
56,2026-10-03,3,2026-10-24,wk inc covid hosp,quantile,0.7,15.857396573308206
72,2026-10-03,3,2026-10-24,wk inc covid hosp,quantile,0.7,114.14551749934338
US,2026-10-03,3,2026-10-24,wk inc covid hosp,quantile,0.7,6384.4839728387
01,2026-10-03,0,2026-10-03,wk inc covid hosp,quantile,0.75,120.68585620629665
02,2026-10-03,0,2026-10-03,wk inc covid hosp,quantile,0.75,2.435610916397225
04,2026-10-03,0,2026-10-03,wk inc covid hosp,quantile,0.75,90.85982780854313
05,2026-10-03,0,2026-10-03,wk inc covid hosp,quantile,0.75,27.744626540525452
06,2026-10-03,0,2026-10-03,wk inc covid hosp,quantile,0.75,1162.0037484228656
08,2026-10-03,0,2026-10-03,wk inc covid hosp,quantile,0.75,45.85152406411515
09,2026-10-03,0,2026-10-03,wk inc covid hosp,quantile,0.75,49.28727306992732
10,2026-10-03,0,2026-10-03,wk inc covid hosp,quantile,0.75,16.699459117407027
11,2026-10-03,0,2026-10-03,wk inc covid hosp,quantile,0.75,12.294906670495044
12,2026-10-03,0,2026-10-03,wk inc covid hosp,quantile,0.75,697.8400740092922
13,2026-10-03,0,2026-10-03,wk inc covid hosp,quantile,0.75,103.40961858674433
15,2026-10-03,0,2026-10-03,wk inc covid hosp,quantile,0.75,54.7973891877237
16,2026-10-03,0,2026-10-03,wk inc covid hosp,quantile,0.75,21.80069146700093
17,2026-10-03,0,2026-10-03,wk inc covid hosp,quantile,0.75,94.61819120365368
18,2026-10-03,0,2026-10-03,wk inc covid hosp,quantile,0.75,36.80820100309179
19,2026-10-03,0,2026-10-03,wk inc covid hosp,quantile,0.75,23.13289675492955
20,2026-10-03,0,2026-10-03,wk inc covid hosp,quantile,0.75,9.384818915052294
21,2026-10-03,0,2026-10-03,wk inc covid hosp,quantile,0.75,24.141592195589404
22,2026-10-03,0,2026-10-03,wk inc covid hosp,quantile,0.75,102.53931448485477
23,2026-10-03,0,2026-10-03,wk inc covid hosp,quantile,0.75,9.71342146627425
24,2026-10-03,0,2026-10-03,wk inc covid hosp,quantile,0.75,56.43837428045899
25,2026-10-03,0,2026-10-03,wk inc covid hosp,quantile,0.75,68.41347761214695
26,2026-10-03,0,2026-10-03,wk inc covid hosp,quantile,0.75,68.11906792868265
27,2026-10-03,0,2026-10-03,wk inc covid hosp,quantile,0.75,42.38510925678065
28,2026-10-03,0,2026-10-03,wk inc covid hosp,quantile,0.75,29.831781868788745
29,2026-10-03,0,2026-10-03,wk inc covid hosp,quantile,0.75,58.14924111624321
30,2026-10-03,0,2026-10-03,wk inc covid hosp,quantile,0.75,8.823265466449445
31,2026-10-03,0,2026-10-03,wk inc covid hosp,quantile,0.75,10.791136953396716
32,2026-10-03,0,2026-10-03,wk inc covid hosp,quantile,0.75,37.55641440832787
33,2026-10-03,0,2026-10-03,wk inc covid hosp,quantile,0.75,22.19653938098698
34,2026-10-03,0,2026-10-03,wk inc covid hosp,quantile,0.75,181.69627927538298
35,2026-10-03,0,2026-10-03,wk inc covid hosp,quantile,0.75,9.61675684655802
36,2026-10-03,0,2026-10-03,wk inc covid hosp,quantile,0.75,347.9195630087684
37,2026-10-03,0,2026-10-03,wk inc covid hosp,quantile,0.75,217.69987203421752
38,2026-10-03,0,2026-10-03,wk inc covid hosp,quantile,0.75,5.522278083647518
39,2026-10-03,0,2026-10-03,wk inc covid hosp,quantile,0.75,85.73255783643806
40,2026-10-03,0,2026-10-03,wk inc covid hosp,quantile,0.75,21.432344633040483
41,2026-10-03,0,2026-10-03,wk inc covid hosp,quantile,0.75,62.90030155555985
42,2026-10-03,0,2026-10-03,wk inc covid hosp,quantile,0.75,244.4468735488604
44,2026-10-03,0,2026-10-03,wk inc covid hosp,quantile,0.75,11.456358505185475
45,2026-10-03,0,2026-10-03,wk inc covid hosp,quantile,0.75,85.61684590017853
46,2026-10-03,0,2026-10-03,wk inc covid hosp,quantile,0.75,5.020499151330623
47,2026-10-03,0,2026-10-03,wk inc covid hosp,quantile,0.75,69.1300013600966
48,2026-10-03,0,2026-10-03,wk inc covid hosp,quantile,0.75,530.2857462391956
49,2026-10-03,0,2026-10-03,wk inc covid hosp,quantile,0.75,30.92942761432047
50,2026-10-03,0,2026-10-03,wk inc covid hosp,quantile,0.75,11.78110580027995
51,2026-10-03,0,2026-10-03,wk inc covid hosp,quantile,0.75,64.16605531687931
53,2026-10-03,0,2026-10-03,wk inc covid hosp,quantile,0.75,227.28436153174198
54,2026-10-03,0,2026-10-03,wk inc covid hosp,quantile,0.75,31.354989428304187
55,2026-10-03,0,2026-10-03,wk inc covid hosp,quantile,0.75,47.191600305362314
56,2026-10-03,0,2026-10-03,wk inc covid hosp,quantile,0.75,8.30964243785698
72,2026-10-03,0,2026-10-03,wk inc covid hosp,quantile,0.75,101.9288729271818
US,2026-10-03,0,2026-10-03,wk inc covid hosp,quantile,0.75,5225.04647108471
01,2026-10-03,1,2026-10-10,wk inc covid hosp,quantile,0.75,131.9947199231612
02,2026-10-03,1,2026-10-10,wk inc covid hosp,quantile,0.75,2.9594210211933967
04,2026-10-03,1,2026-10-10,wk inc covid hosp,quantile,0.75,100.76861518667147
05,2026-10-03,1,2026-10-10,wk inc covid hosp,quantile,0.75,32.909245103724885
06,2026-10-03,1,2026-10-10,wk inc covid hosp,quantile,0.75,1225.0431323102025
08,2026-10-03,1,2026-10-10,wk inc covid hosp,quantile,0.75,55.14511276658748
09,2026-10-03,1,2026-10-10,wk inc covid hosp,quantile,0.75,60.516429855845516
10,2026-10-03,1,2026-10-10,wk inc covid hosp,quantile,0.75,20.248154529720054
11,2026-10-03,1,2026-10-10,wk inc covid hosp,quantile,0.75,13.859228643298215
12,2026-10-03,1,2026-10-10,wk inc covid hosp,quantile,0.75,744.1883026942265
13,2026-10-03,1,2026-10-10,wk inc covid hosp,quantile,0.75,112.84424465274179
15,2026-10-03,1,2026-10-10,wk inc covid hosp,quantile,0.75,60.43363598703892
16,2026-10-03,1,2026-10-10,wk inc covid hosp,quantile,0.75,26.223054276570686
17,2026-10-03,1,2026-10-10,wk inc covid hosp,quantile,0.75,114.12888386027291
18,2026-10-03,1,2026-10-10,wk inc covid hosp,quantile,0.75,46.05970211079679
19,2026-10-03,1,2026-10-10,wk inc covid hosp,quantile,0.75,28.581623924949383
20,2026-10-03,1,2026-10-10,wk inc covid hosp,quantile,0.75,11.850491353347921
21,2026-10-03,1,2026-10-10,wk inc covid hosp,quantile,0.75,28.91774127211144
22,2026-10-03,1,2026-10-10,wk inc covid hosp,quantile,0.75,112.6254886677608
23,2026-10-03,1,2026-10-10,wk inc covid hosp,quantile,0.75,13.487139427271673
24,2026-10-03,1,2026-10-10,wk inc covid hosp,quantile,0.75,68.2555789096061
25,2026-10-03,1,2026-10-10,wk inc covid hosp,quantile,0.75,82.7519593087773
26,2026-10-03,1,2026-10-10,wk inc covid hosp,quantile,0.75,85.86167318417225
27,2026-10-03,1,2026-10-10,wk inc covid hosp,quantile,0.75,52.451929422436535
28,2026-10-03,1,2026-10-10,wk inc covid hosp,quantile,0.75,32.52408359183817
29,2026-10-03,1,2026-10-10,wk inc covid hosp,quantile,0.75,67.14264045490106
30,2026-10-03,1,2026-10-10,wk inc covid hosp,quantile,0.75,10.568223087201902
31,2026-10-03,1,2026-10-10,wk inc covid hosp,quantile,0.75,13.134366748785965
32,2026-10-03,1,2026-10-10,wk inc covid hosp,quantile,0.75,42.27154742848145
33,2026-10-03,1,2026-10-10,wk inc covid hosp,quantile,0.75,28.67380908819799
34,2026-10-03,1,2026-10-10,wk inc covid hosp,quantile,0.75,205.69429468708367
35,2026-10-03,1,2026-10-10,wk inc covid hosp,quantile,0.75,11.89334791582005
36,2026-10-03,1,2026-10-10,wk inc covid hosp,quantile,0.75,386.31770125907406
37,2026-10-03,1,2026-10-10,wk inc covid hosp,quantile,0.75,234.7733225299981
38,2026-10-03,1,2026-10-10,wk inc covid hosp,quantile,0.75,8.013761332262881
39,2026-10-03,1,2026-10-10,wk inc covid hosp,quantile,0.75,104.67410364581583
40,2026-10-03,1,2026-10-10,wk inc covid hosp,quantile,0.75,25.35112045485316
41,2026-10-03,1,2026-10-10,wk inc covid hosp,quantile,0.75,71.58905037236126
42,2026-10-03,1,2026-10-10,wk inc covid hosp,quantile,0.75,293.2613900842309
44,2026-10-03,1,2026-10-10,wk inc covid hosp,quantile,0.75,13.586460675728834
45,2026-10-03,1,2026-10-10,wk inc covid hosp,quantile,0.75,93.85078013751885
46,2026-10-03,1,2026-10-10,wk inc covid hosp,quantile,0.75,6.620556771744824
47,2026-10-03,1,2026-10-10,wk inc covid hosp,quantile,0.75,73.73007071504968
48,2026-10-03,1,2026-10-10,wk inc covid hosp,quantile,0.75,559.6365829084536
49,2026-10-03,1,2026-10-10,wk inc covid hosp,quantile,0.75,36.66534197679953
50,2026-10-03,1,2026-10-10,wk inc covid hosp,quantile,0.75,15.28803607903165
51,2026-10-03,1,2026-10-10,wk inc covid hosp,quantile,0.75,75.72621022833117
53,2026-10-03,1,2026-10-10,wk inc covid hosp,quantile,0.75,256.62907014552997
54,2026-10-03,1,2026-10-10,wk inc covid hosp,quantile,0.75,39.627093873156014
55,2026-10-03,1,2026-10-10,wk inc covid hosp,quantile,0.75,57.202067098428515
56,2026-10-03,1,2026-10-10,wk inc covid hosp,quantile,0.75,11.58008071217661
72,2026-10-03,1,2026-10-10,wk inc covid hosp,quantile,0.75,107.07629650081981
US,2026-10-03,1,2026-10-10,wk inc covid hosp,quantile,0.75,5673.008396429817
01,2026-10-03,2,2026-10-17,wk inc covid hosp,quantile,0.75,141.44605328495797
02,2026-10-03,2,2026-10-17,wk inc covid hosp,quantile,0.75,3.7459954736943626
04,2026-10-03,2,2026-10-17,wk inc covid hosp,quantile,0.75,113.95576786659474
05,2026-10-03,2,2026-10-17,wk inc covid hosp,quantile,0.75,38.559076551108404
06,2026-10-03,2,2026-10-17,wk inc covid hosp,quantile,0.75,1289.2787802556445
08,2026-10-03,2,2026-10-17,wk inc covid hosp,quantile,0.75,65.24855187305478
09,2026-10-03,2,2026-10-17,wk inc covid hosp,quantile,0.75,73.41930424219817
10,2026-10-03,2,2026-10-17,wk inc covid hosp,quantile,0.75,23.561691643745323
11,2026-10-03,2,2026-10-17,wk inc covid hosp,quantile,0.75,17.160080010031322
12,2026-10-03,2,2026-10-17,wk inc covid hosp,quantile,0.75,798.1633091716209
13,2026-10-03,2,2026-10-17,wk inc covid hosp,quantile,0.75,121.39294147526722
15,2026-10-03,2,2026-10-17,wk inc covid hosp,quantile,0.75,66.78120583110599
16,2026-10-03,2,2026-10-17,wk inc covid hosp,quantile,0.75,30.108535643659014
17,2026-10-03,2,2026-10-17,wk inc covid hosp,quantile,0.75,138.1624759841363
18,2026-10-03,2,2026-10-17,wk inc covid hosp,quantile,0.75,56.45336871009699
19,2026-10-03,2,2026-10-17,wk inc covid hosp,quantile,0.75,34.68393293033796
20,2026-10-03,2,2026-10-17,wk inc covid hosp,quantile,0.75,15.965025009329068
21,2026-10-03,2,2026-10-17,wk inc covid hosp,quantile,0.75,34.3406348406443
22,2026-10-03,2,2026-10-17,wk inc covid hosp,quantile,0.75,119.9269464083074
23,2026-10-03,2,2026-10-17,wk inc covid hosp,quantile,0.75,17.66993091867407
24,2026-10-03,2,2026-10-17,wk inc covid hosp,quantile,0.75,79.57005247742593
25,2026-10-03,2,2026-10-17,wk inc covid hosp,quantile,0.75,98.73973087232835
26,2026-10-03,2,2026-10-17,wk inc covid hosp,quantile,0.75,110.04259328568857
27,2026-10-03,2,2026-10-17,wk inc covid hosp,quantile,0.75,62.16492799852402
28,2026-10-03,2,2026-10-17,wk inc covid hosp,quantile,0.75,36.743244539045136
29,2026-10-03,2,2026-10-17,wk inc covid hosp,quantile,0.75,80.591164772804
30,2026-10-03,2,2026-10-17,wk inc covid hosp,quantile,0.75,12.860385453593839
31,2026-10-03,2,2026-10-17,wk inc covid hosp,quantile,0.75,16.696683751791944
32,2026-10-03,2,2026-10-17,wk inc covid hosp,quantile,0.75,46.302225610644605
33,2026-10-03,2,2026-10-17,wk inc covid hosp,quantile,0.75,35.51023211718678
34,2026-10-03,2,2026-10-17,wk inc covid hosp,quantile,0.75,234.06270629935372
35,2026-10-03,2,2026-10-17,wk inc covid hosp,quantile,0.75,13.513171671438318
36,2026-10-03,2,2026-10-17,wk inc covid hosp,quantile,0.75,427.66473878928014
37,2026-10-03,2,2026-10-17,wk inc covid hosp,quantile,0.75,253.59056988291252
38,2026-10-03,2,2026-10-17,wk inc covid hosp,quantile,0.75,10.290072554098908
39,2026-10-03,2,2026-10-17,wk inc covid hosp,quantile,0.75,122.88053139732007
40,2026-10-03,2,2026-10-17,wk inc covid hosp,quantile,0.75,29.702217497558376
41,2026-10-03,2,2026-10-17,wk inc covid hosp,quantile,0.75,80.84075505160573
42,2026-10-03,2,2026-10-17,wk inc covid hosp,quantile,0.75,342.4236646904843
44,2026-10-03,2,2026-10-17,wk inc covid hosp,quantile,0.75,15.474828134196146
45,2026-10-03,2,2026-10-17,wk inc covid hosp,quantile,0.75,105.31384937131841
46,2026-10-03,2,2026-10-17,wk inc covid hosp,quantile,0.75,8.394719364983262
47,2026-10-03,2,2026-10-17,wk inc covid hosp,quantile,0.75,83.0229130172482
48,2026-10-03,2,2026-10-17,wk inc covid hosp,quantile,0.75,588.1036113424748
49,2026-10-03,2,2026-10-17,wk inc covid hosp,quantile,0.75,42.090851438593695
50,2026-10-03,2,2026-10-17,wk inc covid hosp,quantile,0.75,18.455899029267897
51,2026-10-03,2,2026-10-17,wk inc covid hosp,quantile,0.75,87.84187534789726
53,2026-10-03,2,2026-10-17,wk inc covid hosp,quantile,0.75,275.96138223014367
54,2026-10-03,2,2026-10-17,wk inc covid hosp,quantile,0.75,46.418309947881
55,2026-10-03,2,2026-10-17,wk inc covid hosp,quantile,0.75,70.86890846759732
56,2026-10-03,2,2026-10-17,wk inc covid hosp,quantile,0.75,15.10103840450174
72,2026-10-03,2,2026-10-17,wk inc covid hosp,quantile,0.75,117.47874240185742
US,2026-10-03,2,2026-10-17,wk inc covid hosp,quantile,0.75,6128.62432133233
01,2026-10-03,3,2026-10-24,wk inc covid hosp,quantile,0.75,148.71769487805847
02,2026-10-03,3,2026-10-24,wk inc covid hosp,quantile,0.75,4.55704490280929
04,2026-10-03,3,2026-10-24,wk inc covid hosp,quantile,0.75,124.42516884462792
05,2026-10-03,3,2026-10-24,wk inc covid hosp,quantile,0.75,46.320582993270264
06,2026-10-03,3,2026-10-24,wk inc covid hosp,quantile,0.75,1326.0400559055809
08,2026-10-03,3,2026-10-24,wk inc covid hosp,quantile,0.75,75.44247817580597
09,2026-10-03,3,2026-10-24,wk inc covid hosp,quantile,0.75,87.77327865815656
10,2026-10-03,3,2026-10-24,wk inc covid hosp,quantile,0.75,26.86344521980017
11,2026-10-03,3,2026-10-24,wk inc covid hosp,quantile,0.75,19.265514385238745
12,2026-10-03,3,2026-10-24,wk inc covid hosp,quantile,0.75,856.1200419300885
13,2026-10-03,3,2026-10-24,wk inc covid hosp,quantile,0.75,132.50620855377085
15,2026-10-03,3,2026-10-24,wk inc covid hosp,quantile,0.75,71.37397575799615
16,2026-10-03,3,2026-10-24,wk inc covid hosp,quantile,0.75,34.722185330315085
17,2026-10-03,3,2026-10-24,wk inc covid hosp,quantile,0.75,161.83726269022085
18,2026-10-03,3,2026-10-24,wk inc covid hosp,quantile,0.75,66.27222068368881
19,2026-10-03,3,2026-10-24,wk inc covid hosp,quantile,0.75,40.66251667677576
20,2026-10-03,3,2026-10-24,wk inc covid hosp,quantile,0.75,19.487109747201433
21,2026-10-03,3,2026-10-24,wk inc covid hosp,quantile,0.75,42.082664340838
22,2026-10-03,3,2026-10-24,wk inc covid hosp,quantile,0.75,130.06986551809896
23,2026-10-03,3,2026-10-24,wk inc covid hosp,quantile,0.75,21.028819738415844
24,2026-10-03,3,2026-10-24,wk inc covid hosp,quantile,0.75,90.95080546588754
25,2026-10-03,3,2026-10-24,wk inc covid hosp,quantile,0.75,116.95697126696528
26,2026-10-03,3,2026-10-24,wk inc covid hosp,quantile,0.75,137.37506865926477
27,2026-10-03,3,2026-10-24,wk inc covid hosp,quantile,0.75,73.26820600774583
28,2026-10-03,3,2026-10-24,wk inc covid hosp,quantile,0.75,40.33045204409324
29,2026-10-03,3,2026-10-24,wk inc covid hosp,quantile,0.75,91.74443273385437
30,2026-10-03,3,2026-10-24,wk inc covid hosp,quantile,0.75,15.177372850715553
31,2026-10-03,3,2026-10-24,wk inc covid hosp,quantile,0.75,20.908214628744304
32,2026-10-03,3,2026-10-24,wk inc covid hosp,quantile,0.75,51.851777227022275
33,2026-10-03,3,2026-10-24,wk inc covid hosp,quantile,0.75,42.07834368884364
34,2026-10-03,3,2026-10-24,wk inc covid hosp,quantile,0.75,256.61937012037356
35,2026-10-03,3,2026-10-24,wk inc covid hosp,quantile,0.75,15.595179611655471
36,2026-10-03,3,2026-10-24,wk inc covid hosp,quantile,0.75,475.28947561461456
37,2026-10-03,3,2026-10-24,wk inc covid hosp,quantile,0.75,271.8751728427065
38,2026-10-03,3,2026-10-24,wk inc covid hosp,quantile,0.75,13.091648790533657
39,2026-10-03,3,2026-10-24,wk inc covid hosp,quantile,0.75,144.47458540441875
40,2026-10-03,3,2026-10-24,wk inc covid hosp,quantile,0.75,34.76455872019895
41,2026-10-03,3,2026-10-24,wk inc covid hosp,quantile,0.75,88.82336489893362
42,2026-10-03,3,2026-10-24,wk inc covid hosp,quantile,0.75,390.12001704431077
44,2026-10-03,3,2026-10-24,wk inc covid hosp,quantile,0.75,18.176038803451817
45,2026-10-03,3,2026-10-24,wk inc covid hosp,quantile,0.75,113.62477132484419
46,2026-10-03,3,2026-10-24,wk inc covid hosp,quantile,0.75,9.861366988605118
47,2026-10-03,3,2026-10-24,wk inc covid hosp,quantile,0.75,90.71423581596365
48,2026-10-03,3,2026-10-24,wk inc covid hosp,quantile,0.75,633.8619580782253
49,2026-10-03,3,2026-10-24,wk inc covid hosp,quantile,0.75,47.711220662331826
50,2026-10-03,3,2026-10-24,wk inc covid hosp,quantile,0.75,21.312806274055145
51,2026-10-03,3,2026-10-24,wk inc covid hosp,quantile,0.75,99.05102099224685
53,2026-10-03,3,2026-10-24,wk inc covid hosp,quantile,0.75,294.24929718921845
54,2026-10-03,3,2026-10-24,wk inc covid hosp,quantile,0.75,54.97570922427394
55,2026-10-03,3,2026-10-24,wk inc covid hosp,quantile,0.75,83.28627226765256
56,2026-10-03,3,2026-10-24,wk inc covid hosp,quantile,0.75,18.357518811836616
72,2026-10-03,3,2026-10-24,wk inc covid hosp,quantile,0.75,125.6595340311991
US,2026-10-03,3,2026-10-24,wk inc covid hosp,quantile,0.75,6659.276621653297
01,2026-10-03,0,2026-10-03,wk inc covid hosp,quantile,0.8,125.11948834184788
02,2026-10-03,0,2026-10-03,wk inc covid hosp,quantile,0.8,2.8386330102799815
04,2026-10-03,0,2026-10-03,wk inc covid hosp,quantile,0.8,95.3668972170696
05,2026-10-03,0,2026-10-03,wk inc covid hosp,quantile,0.8,29.648780931626575
06,2026-10-03,0,2026-10-03,wk inc covid hosp,quantile,0.8,1187.856507109642
08,2026-10-03,0,2026-10-03,wk inc covid hosp,quantile,0.8,48.17443533088972
09,2026-10-03,0,2026-10-03,wk inc covid hosp,quantile,0.8,52.13528759794971
10,2026-10-03,0,2026-10-03,wk inc covid hosp,quantile,0.8,17.9017100477988
11,2026-10-03,0,2026-10-03,wk inc covid hosp,quantile,0.8,13.171984993311936
12,2026-10-03,0,2026-10-03,wk inc covid hosp,quantile,0.8,726.365996114324
13,2026-10-03,0,2026-10-03,wk inc covid hosp,quantile,0.8,108.04885781998964
15,2026-10-03,0,2026-10-03,wk inc covid hosp,quantile,0.8,57.1251582539237
16,2026-10-03,0,2026-10-03,wk inc covid hosp,quantile,0.8,23.05327640586861
17,2026-10-03,0,2026-10-03,wk inc covid hosp,quantile,0.8,98.77645250305589
18,2026-10-03,0,2026-10-03,wk inc covid hosp,quantile,0.8,39.614638489173736
19,2026-10-03,0,2026-10-03,wk inc covid hosp,quantile,0.8,24.86656158314443
20,2026-10-03,0,2026-10-03,wk inc covid hosp,quantile,0.8,10.33549628672721
21,2026-10-03,0,2026-10-03,wk inc covid hosp,quantile,0.8,26.08110804574118
22,2026-10-03,0,2026-10-03,wk inc covid hosp,quantile,0.8,107.36088495652301
23,2026-10-03,0,2026-10-03,wk inc covid hosp,quantile,0.8,10.527043951803316
24,2026-10-03,0,2026-10-03,wk inc covid hosp,quantile,0.8,59.080039075025994
25,2026-10-03,0,2026-10-03,wk inc covid hosp,quantile,0.8,71.87316980289225
26,2026-10-03,0,2026-10-03,wk inc covid hosp,quantile,0.8,73.24262116004594
27,2026-10-03,0,2026-10-03,wk inc covid hosp,quantile,0.8,44.733868265151756
28,2026-10-03,0,2026-10-03,wk inc covid hosp,quantile,0.8,31.71872846426939
29,2026-10-03,0,2026-10-03,wk inc covid hosp,quantile,0.8,61.4755037513704
30,2026-10-03,0,2026-10-03,wk inc covid hosp,quantile,0.8,9.661669255562959
31,2026-10-03,0,2026-10-03,wk inc covid hosp,quantile,0.8,11.635073718892807
32,2026-10-03,0,2026-10-03,wk inc covid hosp,quantile,0.8,39.33169645316535
33,2026-10-03,0,2026-10-03,wk inc covid hosp,quantile,0.8,23.587495497537812
34,2026-10-03,0,2026-10-03,wk inc covid hosp,quantile,0.8,190.35608193412097
35,2026-10-03,0,2026-10-03,wk inc covid hosp,quantile,0.8,10.629232236077625
36,2026-10-03,0,2026-10-03,wk inc covid hosp,quantile,0.8,359.55999139326224
37,2026-10-03,0,2026-10-03,wk inc covid hosp,quantile,0.8,225.75895639844686
38,2026-10-03,0,2026-10-03,wk inc covid hosp,quantile,0.8,6.116878043206601
39,2026-10-03,0,2026-10-03,wk inc covid hosp,quantile,0.8,91.38856933519695
40,2026-10-03,0,2026-10-03,wk inc covid hosp,quantile,0.8,23.17118298642538
41,2026-10-03,0,2026-10-03,wk inc covid hosp,quantile,0.8,65.35825132233906
42,2026-10-03,0,2026-10-03,wk inc covid hosp,quantile,0.8,255.7634282249909
44,2026-10-03,0,2026-10-03,wk inc covid hosp,quantile,0.8,12.541579838141157
45,2026-10-03,0,2026-10-03,wk inc covid hosp,quantile,0.8,88.78415440724572
46,2026-10-03,0,2026-10-03,wk inc covid hosp,quantile,0.8,5.677057443845426
47,2026-10-03,0,2026-10-03,wk inc covid hosp,quantile,0.8,73.06987489096356
48,2026-10-03,0,2026-10-03,wk inc covid hosp,quantile,0.8,552.5789007413367
49,2026-10-03,0,2026-10-03,wk inc covid hosp,quantile,0.8,32.82942238293289
50,2026-10-03,0,2026-10-03,wk inc covid hosp,quantile,0.8,12.915923555353348
51,2026-10-03,0,2026-10-03,wk inc covid hosp,quantile,0.8,66.95511014597801
53,2026-10-03,0,2026-10-03,wk inc covid hosp,quantile,0.8,232.93235483172472
54,2026-10-03,0,2026-10-03,wk inc covid hosp,quantile,0.8,33.44770456188074
55,2026-10-03,0,2026-10-03,wk inc covid hosp,quantile,0.8,50.274881430182184
56,2026-10-03,0,2026-10-03,wk inc covid hosp,quantile,0.8,9.173497191165838
72,2026-10-03,0,2026-10-03,wk inc covid hosp,quantile,0.8,107.63293207776924
US,2026-10-03,0,2026-10-03,wk inc covid hosp,quantile,0.8,5360.238350836421
01,2026-10-03,1,2026-10-10,wk inc covid hosp,quantile,0.8,138.29197721040453
02,2026-10-03,1,2026-10-10,wk inc covid hosp,quantile,0.8,3.5429210917141614
04,2026-10-03,1,2026-10-10,wk inc covid hosp,quantile,0.8,107.01160878053459
05,2026-10-03,1,2026-10-10,wk inc covid hosp,quantile,0.8,35.720171805986645
06,2026-10-03,1,2026-10-10,wk inc covid hosp,quantile,0.8,1260.815519111683
08,2026-10-03,1,2026-10-10,wk inc covid hosp,quantile,0.8,58.94316803596113
09,2026-10-03,1,2026-10-10,wk inc covid hosp,quantile,0.8,66.30081944220643
10,2026-10-03,1,2026-10-10,wk inc covid hosp,quantile,0.8,21.91904677408548
11,2026-10-03,1,2026-10-10,wk inc covid hosp,quantile,0.8,15.513274035514248
12,2026-10-03,1,2026-10-10,wk inc covid hosp,quantile,0.8,796.3878297947656
13,2026-10-03,1,2026-10-10,wk inc covid hosp,quantile,0.8,118.65815392643334
15,2026-10-03,1,2026-10-10,wk inc covid hosp,quantile,0.8,64.11581563782559
16,2026-10-03,1,2026-10-10,wk inc covid hosp,quantile,0.8,28.38189712597855
17,2026-10-03,1,2026-10-10,wk inc covid hosp,quantile,0.8,122.49819987248743
18,2026-10-03,1,2026-10-10,wk inc covid hosp,quantile,0.8,50.26140655109541
19,2026-10-03,1,2026-10-10,wk inc covid hosp,quantile,0.8,31.164474574058346
20,2026-10-03,1,2026-10-10,wk inc covid hosp,quantile,0.8,13.829004722523498
21,2026-10-03,1,2026-10-10,wk inc covid hosp,quantile,0.8,31.79051107407165
22,2026-10-03,1,2026-10-10,wk inc covid hosp,quantile,0.8,118.38940104758
23,2026-10-03,1,2026-10-10,wk inc covid hosp,quantile,0.8,14.858794640277955
24,2026-10-03,1,2026-10-10,wk inc covid hosp,quantile,0.8,72.63891491133454
25,2026-10-03,1,2026-10-10,wk inc covid hosp,quantile,0.8,88.65531218866208
26,2026-10-03,1,2026-10-10,wk inc covid hosp,quantile,0.8,95.05643435695386
27,2026-10-03,1,2026-10-10,wk inc covid hosp,quantile,0.8,56.64303196801388
28,2026-10-03,1,2026-10-10,wk inc covid hosp,quantile,0.8,35.37818138641664
29,2026-10-03,1,2026-10-10,wk inc covid hosp,quantile,0.8,72.2166056992732
30,2026-10-03,1,2026-10-10,wk inc covid hosp,quantile,0.8,12.044764632752612
31,2026-10-03,1,2026-10-10,wk inc covid hosp,quantile,0.8,14.627453664207586
32,2026-10-03,1,2026-10-10,wk inc covid hosp,quantile,0.8,45.141070573433915
33,2026-10-03,1,2026-10-10,wk inc covid hosp,quantile,0.8,31.849433329554532
34,2026-10-03,1,2026-10-10,wk inc covid hosp,quantile,0.8,218.51876269953354
35,2026-10-03,1,2026-10-10,wk inc covid hosp,quantile,0.8,13.358854038148582
36,2026-10-03,1,2026-10-10,wk inc covid hosp,quantile,0.8,406.3451168074078
37,2026-10-03,1,2026-10-10,wk inc covid hosp,quantile,0.8,247.07131666480973
38,2026-10-03,1,2026-10-10,wk inc covid hosp,quantile,0.8,9.123308023635966
39,2026-10-03,1,2026-10-10,wk inc covid hosp,quantile,0.8,113.56532532693709
40,2026-10-03,1,2026-10-10,wk inc covid hosp,quantile,0.8,27.461888329548202
41,2026-10-03,1,2026-10-10,wk inc covid hosp,quantile,0.8,75.019036728778
42,2026-10-03,1,2026-10-10,wk inc covid hosp,quantile,0.8,312.6203562718691
44,2026-10-03,1,2026-10-10,wk inc covid hosp,quantile,0.8,15.12506345006214
45,2026-10-03,1,2026-10-10,wk inc covid hosp,quantile,0.8,99.16795826866087
46,2026-10-03,1,2026-10-10,wk inc covid hosp,quantile,0.8,7.5652518004563785
47,2026-10-03,1,2026-10-10,wk inc covid hosp,quantile,0.8,79.14995636702812
48,2026-10-03,1,2026-10-10,wk inc covid hosp,quantile,0.8,593.6787740475476
49,2026-10-03,1,2026-10-10,wk inc covid hosp,quantile,0.8,39.08309782027434
50,2026-10-03,1,2026-10-10,wk inc covid hosp,quantile,0.8,16.894117793162003
51,2026-10-03,1,2026-10-10,wk inc covid hosp,quantile,0.8,80.59845929211635
53,2026-10-03,1,2026-10-10,wk inc covid hosp,quantile,0.8,264.1560371295235
54,2026-10-03,1,2026-10-10,wk inc covid hosp,quantile,0.8,42.20446835804653
55,2026-10-03,1,2026-10-10,wk inc covid hosp,quantile,0.8,62.78562375344352
56,2026-10-03,1,2026-10-10,wk inc covid hosp,quantile,0.8,13.013487286059386
72,2026-10-03,1,2026-10-10,wk inc covid hosp,quantile,0.8,114.5187323472559
US,2026-10-03,1,2026-10-10,wk inc covid hosp,quantile,0.8,5857.039857614033
01,2026-10-03,2,2026-10-17,wk inc covid hosp,quantile,0.8,149.88410321929206
02,2026-10-03,2,2026-10-17,wk inc covid hosp,quantile,0.8,4.77849560568736
04,2026-10-03,2,2026-10-17,wk inc covid hosp,quantile,0.8,122.87614909448797
05,2026-10-03,2,2026-10-17,wk inc covid hosp,quantile,0.8,42.62334828688126
06,2026-10-03,2,2026-10-17,wk inc covid hosp,quantile,0.8,1336.6882839049567
08,2026-10-03,2,2026-10-17,wk inc covid hosp,quantile,0.8,70.68523431619461
09,2026-10-03,2,2026-10-17,wk inc covid hosp,quantile,0.8,81.23661596229577
10,2026-10-03,2,2026-10-17,wk inc covid hosp,quantile,0.8,25.969972645747447
11,2026-10-03,2,2026-10-17,wk inc covid hosp,quantile,0.8,19.3340905560567
12,2026-10-03,2,2026-10-17,wk inc covid hosp,quantile,0.8,857.9636868861807
13,2026-10-03,2,2026-10-17,wk inc covid hosp,quantile,0.8,130.50647271545304
15,2026-10-03,2,2026-10-17,wk inc covid hosp,quantile,0.8,70.8800941774842
16,2026-10-03,2,2026-10-17,wk inc covid hosp,quantile,0.8,32.80657405133182
17,2026-10-03,2,2026-10-17,wk inc covid hosp,quantile,0.8,149.23914302266945
18,2026-10-03,2,2026-10-17,wk inc covid hosp,quantile,0.8,61.967066872090406
19,2026-10-03,2,2026-10-17,wk inc covid hosp,quantile,0.8,37.86768984818797
20,2026-10-03,2,2026-10-17,wk inc covid hosp,quantile,0.8,18.509807683332784
21,2026-10-03,2,2026-10-17,wk inc covid hosp,quantile,0.8,38.35925989792214
22,2026-10-03,2,2026-10-17,wk inc covid hosp,quantile,0.8,127.49409529948434
23,2026-10-03,2,2026-10-17,wk inc covid hosp,quantile,0.8,19.504314253835435
24,2026-10-03,2,2026-10-17,wk inc covid hosp,quantile,0.8,86.53529976456765
25,2026-10-03,2,2026-10-17,wk inc covid hosp,quantile,0.8,106.47265050824693
26,2026-10-03,2,2026-10-17,wk inc covid hosp,quantile,0.8,123.77078423718844
27,2026-10-03,2,2026-10-17,wk inc covid hosp,quantile,0.8,67.1975635452464
28,2026-10-03,2,2026-10-17,wk inc covid hosp,quantile,0.8,40.61426052316411
29,2026-10-03,2,2026-10-17,wk inc covid hosp,quantile,0.8,87.62466946559533
30,2026-10-03,2,2026-10-17,wk inc covid hosp,quantile,0.8,14.970062247474257
31,2026-10-03,2,2026-10-17,wk inc covid hosp,quantile,0.8,19.075018667118663
32,2026-10-03,2,2026-10-17,wk inc covid hosp,quantile,0.8,50.30667226533418
33,2026-10-03,2,2026-10-17,wk inc covid hosp,quantile,0.8,39.51118678306682
34,2026-10-03,2,2026-10-17,wk inc covid hosp,quantile,0.8,252.2669713525578
35,2026-10-03,2,2026-10-17,wk inc covid hosp,quantile,0.8,15.407219844040656
36,2026-10-03,2,2026-10-17,wk inc covid hosp,quantile,0.8,452.0437061171254
37,2026-10-03,2,2026-10-17,wk inc covid hosp,quantile,0.8,269.28975637266683
38,2026-10-03,2,2026-10-17,wk inc covid hosp,quantile,0.8,11.922146802589245
39,2026-10-03,2,2026-10-17,wk inc covid hosp,quantile,0.8,134.6894726042765
40,2026-10-03,2,2026-10-17,wk inc covid hosp,quantile,0.8,33.10618268036377
41,2026-10-03,2,2026-10-17,wk inc covid hosp,quantile,0.8,85.18112836663757
42,2026-10-03,2,2026-10-17,wk inc covid hosp,quantile,0.8,371.391536370549
44,2026-10-03,2,2026-10-17,wk inc covid hosp,quantile,0.8,17.509809675231303
45,2026-10-03,2,2026-10-17,wk inc covid hosp,quantile,0.8,113.06564439258328
46,2026-10-03,2,2026-10-17,wk inc covid hosp,quantile,0.8,9.73655094022813
47,2026-10-03,2,2026-10-17,wk inc covid hosp,quantile,0.8,89.781977693859
48,2026-10-03,2,2026-10-17,wk inc covid hosp,quantile,0.8,638.1074649392967
49,2026-10-03,2,2026-10-17,wk inc covid hosp,quantile,0.8,45.50909851460878
50,2026-10-03,2,2026-10-17,wk inc covid hosp,quantile,0.8,20.938910198589415
51,2026-10-03,2,2026-10-17,wk inc covid hosp,quantile,0.8,95.73632978595467
53,2026-10-03,2,2026-10-17,wk inc covid hosp,quantile,0.8,289.0662208480362
54,2026-10-03,2,2026-10-17,wk inc covid hosp,quantile,0.8,50.822351556632604
55,2026-10-03,2,2026-10-17,wk inc covid hosp,quantile,0.8,78.53929072446157
56,2026-10-03,2,2026-10-17,wk inc covid hosp,quantile,0.8,17.323598028160376
72,2026-10-03,2,2026-10-17,wk inc covid hosp,quantile,0.8,128.38774648682767
US,2026-10-03,2,2026-10-17,wk inc covid hosp,quantile,0.8,6394.283141431565
01,2026-10-03,3,2026-10-24,wk inc covid hosp,quantile,0.8,160.63593459617545
02,2026-10-03,3,2026-10-24,wk inc covid hosp,quantile,0.8,5.753984075231292
04,2026-10-03,3,2026-10-24,wk inc covid hosp,quantile,0.8,136.48529429544243
05,2026-10-03,3,2026-10-24,wk inc covid hosp,quantile,0.8,51.2196017938119
06,2026-10-03,3,2026-10-24,wk inc covid hosp,quantile,0.8,1375.8945605649963
08,2026-10-03,3,2026-10-24,wk inc covid hosp,quantile,0.8,81.24295124659308
09,2026-10-03,3,2026-10-24,wk inc covid hosp,quantile,0.8,98.16268495324653
10,2026-10-03,3,2026-10-24,wk inc covid hosp,quantile,0.8,29.52580406790818
11,2026-10-03,3,2026-10-24,wk inc covid hosp,quantile,0.8,22.67391913445937
12,2026-10-03,3,2026-10-24,wk inc covid hosp,quantile,0.8,926.0374835701804
13,2026-10-03,3,2026-10-24,wk inc covid hosp,quantile,0.8,144.23888453506981
15,2026-10-03,3,2026-10-24,wk inc covid hosp,quantile,0.8,76.36694512545644
16,2026-10-03,3,2026-10-24,wk inc covid hosp,quantile,0.8,38.51498974643101
17,2026-10-03,3,2026-10-24,wk inc covid hosp,quantile,0.8,176.44380896134433
18,2026-10-03,3,2026-10-24,wk inc covid hosp,quantile,0.8,73.96359592017254
19,2026-10-03,3,2026-10-24,wk inc covid hosp,quantile,0.8,45.42370250228559
20,2026-10-03,3,2026-10-24,wk inc covid hosp,quantile,0.8,22.66512176552889
21,2026-10-03,3,2026-10-24,wk inc covid hosp,quantile,0.8,46.90385633983721
22,2026-10-03,3,2026-10-24,wk inc covid hosp,quantile,0.8,140.00481215905955
23,2026-10-03,3,2026-10-24,wk inc covid hosp,quantile,0.8,23.78069258125541
24,2026-10-03,3,2026-10-24,wk inc covid hosp,quantile,0.8,98.91413650720665
25,2026-10-03,3,2026-10-24,wk inc covid hosp,quantile,0.8,127.74378325665035
26,2026-10-03,3,2026-10-24,wk inc covid hosp,quantile,0.8,155.6354814234618
27,2026-10-03,3,2026-10-24,wk inc covid hosp,quantile,0.8,80.42774009240269
28,2026-10-03,3,2026-10-24,wk inc covid hosp,quantile,0.8,45.002933760703634
29,2026-10-03,3,2026-10-24,wk inc covid hosp,quantile,0.8,100.01044974625567
30,2026-10-03,3,2026-10-24,wk inc covid hosp,quantile,0.8,18.150158132620554
31,2026-10-03,3,2026-10-24,wk inc covid hosp,quantile,0.8,24.15858291550038
32,2026-10-03,3,2026-10-24,wk inc covid hosp,quantile,0.8,56.6186542552391
33,2026-10-03,3,2026-10-24,wk inc covid hosp,quantile,0.8,47.22070319689775
34,2026-10-03,3,2026-10-24,wk inc covid hosp,quantile,0.8,279.1049406762275
35,2026-10-03,3,2026-10-24,wk inc covid hosp,quantile,0.8,17.886184605274966
36,2026-10-03,3,2026-10-24,wk inc covid hosp,quantile,0.8,498.76420056851924
37,2026-10-03,3,2026-10-24,wk inc covid hosp,quantile,0.8,287.05646171388196
38,2026-10-03,3,2026-10-24,wk inc covid hosp,quantile,0.8,15.137590935630174
39,2026-10-03,3,2026-10-24,wk inc covid hosp,quantile,0.8,159.76172920802952
40,2026-10-03,3,2026-10-24,wk inc covid hosp,quantile,0.8,38.95378275509249
41,2026-10-03,3,2026-10-24,wk inc covid hosp,quantile,0.8,96.40728357291582
42,2026-10-03,3,2026-10-24,wk inc covid hosp,quantile,0.8,422.30022992187776
44,2026-10-03,3,2026-10-24,wk inc covid hosp,quantile,0.8,21.517153551073395
45,2026-10-03,3,2026-10-24,wk inc covid hosp,quantile,0.8,123.05127333804428
46,2026-10-03,3,2026-10-24,wk inc covid hosp,quantile,0.8,12.056262525855088
47,2026-10-03,3,2026-10-24,wk inc covid hosp,quantile,0.8,99.62347743071884
48,2026-10-03,3,2026-10-24,wk inc covid hosp,quantile,0.8,683.2720040886455
49,2026-10-03,3,2026-10-24,wk inc covid hosp,quantile,0.8,52.55237531647741
50,2026-10-03,3,2026-10-24,wk inc covid hosp,quantile,0.8,24.258687265879423
51,2026-10-03,3,2026-10-24,wk inc covid hosp,quantile,0.8,109.21546721831052
53,2026-10-03,3,2026-10-24,wk inc covid hosp,quantile,0.8,308.7111488480234
54,2026-10-03,3,2026-10-24,wk inc covid hosp,quantile,0.8,61.342415827626624
55,2026-10-03,3,2026-10-24,wk inc covid hosp,quantile,0.8,92.29676504374522
56,2026-10-03,3,2026-10-24,wk inc covid hosp,quantile,0.8,21.858028195754233
72,2026-10-03,3,2026-10-24,wk inc covid hosp,quantile,0.8,138.4771264901943
US,2026-10-03,3,2026-10-24,wk inc covid hosp,quantile,0.8,6967.502238328326
01,2026-10-03,0,2026-10-03,wk inc covid hosp,quantile,0.85,130.1053942592971
02,2026-10-03,0,2026-10-03,wk inc covid hosp,quantile,0.85,3.2422621015845907
04,2026-10-03,0,2026-10-03,wk inc covid hosp,quantile,0.85,100.74547573576439
05,2026-10-03,0,2026-10-03,wk inc covid hosp,quantile,0.85,31.934219438832752
06,2026-10-03,0,2026-10-03,wk inc covid hosp,quantile,0.85,1216.4696648544316
08,2026-10-03,0,2026-10-03,wk inc covid hosp,quantile,0.85,51.100446449623426
09,2026-10-03,0,2026-10-03,wk inc covid hosp,quantile,0.85,55.93217128796819
10,2026-10-03,0,2026-10-03,wk inc covid hosp,quantile,0.85,19.12152539599056
11,2026-10-03,0,2026-10-03,wk inc covid hosp,quantile,0.85,14.446602985440238
12,2026-10-03,0,2026-10-03,wk inc covid hosp,quantile,0.85,766.1062396963206
13,2026-10-03,0,2026-10-03,wk inc covid hosp,quantile,0.85,113.9294568196037
15,2026-10-03,0,2026-10-03,wk inc covid hosp,quantile,0.85,59.632454830741835
16,2026-10-03,0,2026-10-03,wk inc covid hosp,quantile,0.85,24.630976639340297
17,2026-10-03,0,2026-10-03,wk inc covid hosp,quantile,0.85,104.69462112658739
18,2026-10-03,0,2026-10-03,wk inc covid hosp,quantile,0.85,42.667860147338615
19,2026-10-03,0,2026-10-03,wk inc covid hosp,quantile,0.85,26.70522508692056
20,2026-10-03,0,2026-10-03,wk inc covid hosp,quantile,0.85,11.644170265927604
21,2026-10-03,0,2026-10-03,wk inc covid hosp,quantile,0.85,28.161655704623048
22,2026-10-03,0,2026-10-03,wk inc covid hosp,quantile,0.85,112.56838268120052
23,2026-10-03,0,2026-10-03,wk inc covid hosp,quantile,0.85,11.661410588144253
24,2026-10-03,0,2026-10-03,wk inc covid hosp,quantile,0.85,62.33842868590393
25,2026-10-03,0,2026-10-03,wk inc covid hosp,quantile,0.85,75.73760189558854
26,2026-10-03,0,2026-10-03,wk inc covid hosp,quantile,0.85,79.53793186687341
27,2026-10-03,0,2026-10-03,wk inc covid hosp,quantile,0.85,47.45027372535086
28,2026-10-03,0,2026-10-03,wk inc covid hosp,quantile,0.85,34.248483755554304
29,2026-10-03,0,2026-10-03,wk inc covid hosp,quantile,0.85,65.19491495811884
30,2026-10-03,0,2026-10-03,wk inc covid hosp,quantile,0.85,10.844326400638296
31,2026-10-03,0,2026-10-03,wk inc covid hosp,quantile,0.85,12.670093695718453
32,2026-10-03,0,2026-10-03,wk inc covid hosp,quantile,0.85,41.58750372163059
33,2026-10-03,0,2026-10-03,wk inc covid hosp,quantile,0.85,25.473369457751534
34,2026-10-03,0,2026-10-03,wk inc covid hosp,quantile,0.85,198.23491149239652
35,2026-10-03,0,2026-10-03,wk inc covid hosp,quantile,0.85,11.908040373791133
36,2026-10-03,0,2026-10-03,wk inc covid hosp,quantile,0.85,372.789086581726
37,2026-10-03,0,2026-10-03,wk inc covid hosp,quantile,0.85,234.41281570321553
38,2026-10-03,0,2026-10-03,wk inc covid hosp,quantile,0.85,6.941817620188498
39,2026-10-03,0,2026-10-03,wk inc covid hosp,quantile,0.85,97.86548821224957
40,2026-10-03,0,2026-10-03,wk inc covid hosp,quantile,0.85,25.014119757407354
41,2026-10-03,0,2026-10-03,wk inc covid hosp,quantile,0.85,68.54892233598949
42,2026-10-03,0,2026-10-03,wk inc covid hosp,quantile,0.85,271.08882330486244
44,2026-10-03,0,2026-10-03,wk inc covid hosp,quantile,0.85,13.726053714711696
45,2026-10-03,0,2026-10-03,wk inc covid hosp,quantile,0.85,92.94908624139002
46,2026-10-03,0,2026-10-03,wk inc covid hosp,quantile,0.85,6.491776886096351
47,2026-10-03,0,2026-10-03,wk inc covid hosp,quantile,0.85,77.37476688900533
48,2026-10-03,0,2026-10-03,wk inc covid hosp,quantile,0.85,576.915812326103
49,2026-10-03,0,2026-10-03,wk inc covid hosp,quantile,0.85,35.04151747477729
50,2026-10-03,0,2026-10-03,wk inc covid hosp,quantile,0.85,14.00532186184383
51,2026-10-03,0,2026-10-03,wk inc covid hosp,quantile,0.85,71.08886231735458
53,2026-10-03,0,2026-10-03,wk inc covid hosp,quantile,0.85,239.90088197212145
54,2026-10-03,0,2026-10-03,wk inc covid hosp,quantile,0.85,35.8003290528388
55,2026-10-03,0,2026-10-03,wk inc covid hosp,quantile,0.85,53.43617335612989
56,2026-10-03,0,2026-10-03,wk inc covid hosp,quantile,0.85,10.528895043110719
72,2026-10-03,0,2026-10-03,wk inc covid hosp,quantile,0.85,114.47272602883183
US,2026-10-03,0,2026-10-03,wk inc covid hosp,quantile,0.85,5511.637603069867
01,2026-10-03,1,2026-10-10,wk inc covid hosp,quantile,0.85,145.6139476486164
02,2026-10-03,1,2026-10-10,wk inc covid hosp,quantile,0.85,4.375383574850546
04,2026-10-03,1,2026-10-10,wk inc covid hosp,quantile,0.85,115.03756396279456
05,2026-10-03,1,2026-10-10,wk inc covid hosp,quantile,0.85,39.29050336586945
06,2026-10-03,1,2026-10-10,wk inc covid hosp,quantile,0.85,1304.5237383149647
08,2026-10-03,1,2026-10-10,wk inc covid hosp,quantile,0.85,63.485049552726394
09,2026-10-03,1,2026-10-10,wk inc covid hosp,quantile,0.85,72.74416581232747
10,2026-10-03,1,2026-10-10,wk inc covid hosp,quantile,0.85,23.71048195273724
11,2026-10-03,1,2026-10-10,wk inc covid hosp,quantile,0.85,17.46006990757385
12,2026-10-03,1,2026-10-10,wk inc covid hosp,quantile,0.85,850.7213455212521
13,2026-10-03,1,2026-10-10,wk inc covid hosp,quantile,0.85,125.86455167120374
15,2026-10-03,1,2026-10-10,wk inc covid hosp,quantile,0.85,67.81898378316609
16,2026-10-03,1,2026-10-10,wk inc covid hosp,quantile,0.85,31.22360671694439
17,2026-10-03,1,2026-10-10,wk inc covid hosp,quantile,0.85,130.58098362873437
18,2026-10-03,1,2026-10-10,wk inc covid hosp,quantile,0.85,55.40335690973104
19,2026-10-03,1,2026-10-10,wk inc covid hosp,quantile,0.85,34.640759576915045
20,2026-10-03,1,2026-10-10,wk inc covid hosp,quantile,0.85,16.34602863746431
21,2026-10-03,1,2026-10-10,wk inc covid hosp,quantile,0.85,35.626481887005845
22,2026-10-03,1,2026-10-10,wk inc covid hosp,quantile,0.85,125.1381546946918
23,2026-10-03,1,2026-10-10,wk inc covid hosp,quantile,0.85,16.26758009177816
24,2026-10-03,1,2026-10-10,wk inc covid hosp,quantile,0.85,78.38519773831703
25,2026-10-03,1,2026-10-10,wk inc covid hosp,quantile,0.85,96.26593281511512
26,2026-10-03,1,2026-10-10,wk inc covid hosp,quantile,0.85,109.70701602865071
27,2026-10-03,1,2026-10-10,wk inc covid hosp,quantile,0.85,61.33242711283029
28,2026-10-03,1,2026-10-10,wk inc covid hosp,quantile,0.85,39.14266221586654
29,2026-10-03,1,2026-10-10,wk inc covid hosp,quantile,0.85,79.11641581716077
30,2026-10-03,1,2026-10-10,wk inc covid hosp,quantile,0.85,13.873774367843078
31,2026-10-03,1,2026-10-10,wk inc covid hosp,quantile,0.85,16.990949035377373
32,2026-10-03,1,2026-10-10,wk inc covid hosp,quantile,0.85,48.87524722172754
33,2026-10-03,1,2026-10-10,wk inc covid hosp,quantile,0.85,35.50785778167078
34,2026-10-03,1,2026-10-10,wk inc covid hosp,quantile,0.85,236.746418329458
35,2026-10-03,1,2026-10-10,wk inc covid hosp,quantile,0.85,14.917204464669025
36,2026-10-03,1,2026-10-10,wk inc covid hosp,quantile,0.85,425.61153721691517
37,2026-10-03,1,2026-10-10,wk inc covid hosp,quantile,0.85,259.27228032781403
38,2026-10-03,1,2026-10-10,wk inc covid hosp,quantile,0.85,10.366445253111488
39,2026-10-03,1,2026-10-10,wk inc covid hosp,quantile,0.85,123.44281598170457
40,2026-10-03,1,2026-10-10,wk inc covid hosp,quantile,0.85,30.336372239727954
41,2026-10-03,1,2026-10-10,wk inc covid hosp,quantile,0.85,79.39709941174684
42,2026-10-03,1,2026-10-10,wk inc covid hosp,quantile,0.85,337.66729822206537
44,2026-10-03,1,2026-10-10,wk inc covid hosp,quantile,0.85,16.885087086816615
45,2026-10-03,1,2026-10-10,wk inc covid hosp,quantile,0.85,105.42375866798645
46,2026-10-03,1,2026-10-10,wk inc covid hosp,quantile,0.85,8.759928996133661
47,2026-10-03,1,2026-10-10,wk inc covid hosp,quantile,0.85,85.49396060971452
48,2026-10-03,1,2026-10-10,wk inc covid hosp,quantile,0.85,628.8411540072555
49,2026-10-03,1,2026-10-10,wk inc covid hosp,quantile,0.85,42.80447920260446
50,2026-10-03,1,2026-10-10,wk inc covid hosp,quantile,0.85,19.06038546798764
51,2026-10-03,1,2026-10-10,wk inc covid hosp,quantile,0.85,87.64721689351589
53,2026-10-03,1,2026-10-10,wk inc covid hosp,quantile,0.85,274.77169154284076
54,2026-10-03,1,2026-10-10,wk inc covid hosp,quantile,0.85,45.57962570927854
55,2026-10-03,1,2026-10-10,wk inc covid hosp,quantile,0.85,68.25930932207349
56,2026-10-03,1,2026-10-10,wk inc covid hosp,quantile,0.85,15.58218819268241
72,2026-10-03,1,2026-10-10,wk inc covid hosp,quantile,0.85,124.90825100443857
US,2026-10-03,1,2026-10-10,wk inc covid hosp,quantile,0.85,6059.897571522348
01,2026-10-03,2,2026-10-17,wk inc covid hosp,quantile,0.85,159.69286021536774
02,2026-10-03,2,2026-10-17,wk inc covid hosp,quantile,0.85,5.921752385751641
04,2026-10-03,2,2026-10-17,wk inc covid hosp,quantile,0.85,134.12661426810283
05,2026-10-03,2,2026-10-17,wk inc covid hosp,quantile,0.85,48.204050042835085
06,2026-10-03,2,2026-10-17,wk inc covid hosp,quantile,0.85,1386.0841158121573
08,2026-10-03,2,2026-10-17,wk inc covid hosp,quantile,0.85,76.18821500722149
09,2026-10-03,2,2026-10-17,wk inc covid hosp,quantile,0.85,92.52250954542689
10,2026-10-03,2,2026-10-17,wk inc covid hosp,quantile,0.85,29.29024341469223
11,2026-10-03,2,2026-10-17,wk inc covid hosp,quantile,0.85,22.23832867840374
12,2026-10-03,2,2026-10-17,wk inc covid hosp,quantile,0.85,944.8312353635606
13,2026-10-03,2,2026-10-17,wk inc covid hosp,quantile,0.85,140.34348641725634
15,2026-10-03,2,2026-10-17,wk inc covid hosp,quantile,0.85,76.61952331011777
16,2026-10-03,2,2026-10-17,wk inc covid hosp,quantile,0.85,36.888852126983906
17,2026-10-03,2,2026-10-17,wk inc covid hosp,quantile,0.85,161.7312099065971
18,2026-10-03,2,2026-10-17,wk inc covid hosp,quantile,0.85,68.28182961512904
19,2026-10-03,2,2026-10-17,wk inc covid hosp,quantile,0.85,42.29788196699695
20,2026-10-03,2,2026-10-17,wk inc covid hosp,quantile,0.85,21.61594343705036
21,2026-10-03,2,2026-10-17,wk inc covid hosp,quantile,0.85,44.30478220894326
22,2026-10-03,2,2026-10-17,wk inc covid hosp,quantile,0.85,136.73183781956587
23,2026-10-03,2,2026-10-17,wk inc covid hosp,quantile,0.85,21.89061258812761
24,2026-10-03,2,2026-10-17,wk inc covid hosp,quantile,0.85,94.5704021091298
25,2026-10-03,2,2026-10-17,wk inc covid hosp,quantile,0.85,117.19554915530176
26,2026-10-03,2,2026-10-17,wk inc covid hosp,quantile,0.85,138.19283483694394
27,2026-10-03,2,2026-10-17,wk inc covid hosp,quantile,0.85,72.78325656191035
28,2026-10-03,2,2026-10-17,wk inc covid hosp,quantile,0.85,44.99148137371976
29,2026-10-03,2,2026-10-17,wk inc covid hosp,quantile,0.85,94.55928402680411
30,2026-10-03,2,2026-10-17,wk inc covid hosp,quantile,0.85,17.422243951333282
31,2026-10-03,2,2026-10-17,wk inc covid hosp,quantile,0.85,22.236189029274602
32,2026-10-03,2,2026-10-17,wk inc covid hosp,quantile,0.85,54.63664557803241
33,2026-10-03,2,2026-10-17,wk inc covid hosp,quantile,0.85,44.24823378762175
34,2026-10-03,2,2026-10-17,wk inc covid hosp,quantile,0.85,276.60686147304347
35,2026-10-03,2,2026-10-17,wk inc covid hosp,quantile,0.85,17.589223869742376
36,2026-10-03,2,2026-10-17,wk inc covid hosp,quantile,0.85,481.80202392621703
37,2026-10-03,2,2026-10-17,wk inc covid hosp,quantile,0.85,289.7030539904455
38,2026-10-03,2,2026-10-17,wk inc covid hosp,quantile,0.85,13.638629395039038
39,2026-10-03,2,2026-10-17,wk inc covid hosp,quantile,0.85,151.37271827932582
40,2026-10-03,2,2026-10-17,wk inc covid hosp,quantile,0.85,36.8196237549572
41,2026-10-03,2,2026-10-17,wk inc covid hosp,quantile,0.85,92.77210819156458
42,2026-10-03,2,2026-10-17,wk inc covid hosp,quantile,0.85,402.5093641686007
44,2026-10-03,2,2026-10-17,wk inc covid hosp,quantile,0.85,20.196866900597183
45,2026-10-03,2,2026-10-17,wk inc covid hosp,quantile,0.85,122.07469056870984
46,2026-10-03,2,2026-10-17,wk inc covid hosp,quantile,0.85,11.683782777648066
47,2026-10-03,2,2026-10-17,wk inc covid hosp,quantile,0.85,99.40931356354267
48,2026-10-03,2,2026-10-17,wk inc covid hosp,quantile,0.85,684.8448988777338
49,2026-10-03,2,2026-10-17,wk inc covid hosp,quantile,0.85,50.870363446619976
50,2026-10-03,2,2026-10-17,wk inc covid hosp,quantile,0.85,23.910325685384922
51,2026-10-03,2,2026-10-17,wk inc covid hosp,quantile,0.85,103.73626600627429
53,2026-10-03,2,2026-10-17,wk inc covid hosp,quantile,0.85,303.6024346745115
54,2026-10-03,2,2026-10-17,wk inc covid hosp,quantile,0.85,56.3974934062857
55,2026-10-03,2,2026-10-17,wk inc covid hosp,quantile,0.85,85.41270447287876
56,2026-10-03,2,2026-10-17,wk inc covid hosp,quantile,0.85,20.535076845882603
72,2026-10-03,2,2026-10-17,wk inc covid hosp,quantile,0.85,142.48335371208574
US,2026-10-03,2,2026-10-17,wk inc covid hosp,quantile,0.85,6677.906517511027
01,2026-10-03,3,2026-10-24,wk inc covid hosp,quantile,0.85,172.80525246324572
02,2026-10-03,3,2026-10-24,wk inc covid hosp,quantile,0.85,7.183175008461317
04,2026-10-03,3,2026-10-24,wk inc covid hosp,quantile,0.85,150.01792547998164
05,2026-10-03,3,2026-10-24,wk inc covid hosp,quantile,0.85,57.45579535419188
06,2026-10-03,3,2026-10-24,wk inc covid hosp,quantile,0.85,1453.954630496838
08,2026-10-03,3,2026-10-24,wk inc covid hosp,quantile,0.85,89.5766801519395
09,2026-10-03,3,2026-10-24,wk inc covid hosp,quantile,0.85,110.19690086417828
10,2026-10-03,3,2026-10-24,wk inc covid hosp,quantile,0.85,33.5068740095601
11,2026-10-03,3,2026-10-24,wk inc covid hosp,quantile,0.85,26.831624749707657
12,2026-10-03,3,2026-10-24,wk inc covid hosp,quantile,0.85,1038.0832904010006
13,2026-10-03,3,2026-10-24,wk inc covid hosp,quantile,0.85,155.56226383213732
15,2026-10-03,3,2026-10-24,wk inc covid hosp,quantile,0.85,82.92881456527928
16,2026-10-03,3,2026-10-24,wk inc covid hosp,quantile,0.85,43.81668412412474
17,2026-10-03,3,2026-10-24,wk inc covid hosp,quantile,0.85,191.04397089591288
18,2026-10-03,3,2026-10-24,wk inc covid hosp,quantile,0.85,83.0825544588521
19,2026-10-03,3,2026-10-24,wk inc covid hosp,quantile,0.85,50.64535647804869
20,2026-10-03,3,2026-10-24,wk inc covid hosp,quantile,0.85,27.587102958323207
21,2026-10-03,3,2026-10-24,wk inc covid hosp,quantile,0.85,53.973983730059814
22,2026-10-03,3,2026-10-24,wk inc covid hosp,quantile,0.85,155.40012264013117
23,2026-10-03,3,2026-10-24,wk inc covid hosp,quantile,0.85,27.491235733948564
24,2026-10-03,3,2026-10-24,wk inc covid hosp,quantile,0.85,107.52192320903346
25,2026-10-03,3,2026-10-24,wk inc covid hosp,quantile,0.85,140.96138348125774
26,2026-10-03,3,2026-10-24,wk inc covid hosp,quantile,0.85,174.3733269683336
27,2026-10-03,3,2026-10-24,wk inc covid hosp,quantile,0.85,89.01094652163201
28,2026-10-03,3,2026-10-24,wk inc covid hosp,quantile,0.85,51.87408516370362
29,2026-10-03,3,2026-10-24,wk inc covid hosp,quantile,0.85,109.69570818759482
30,2026-10-03,3,2026-10-24,wk inc covid hosp,quantile,0.85,21.773992059018735
31,2026-10-03,3,2026-10-24,wk inc covid hosp,quantile,0.85,29.091732904286786
32,2026-10-03,3,2026-10-24,wk inc covid hosp,quantile,0.85,61.52715823916615
33,2026-10-03,3,2026-10-24,wk inc covid hosp,quantile,0.85,53.71351204433473
34,2026-10-03,3,2026-10-24,wk inc covid hosp,quantile,0.85,310.6697025869069
35,2026-10-03,3,2026-10-24,wk inc covid hosp,quantile,0.85,21.523068042376764
36,2026-10-03,3,2026-10-24,wk inc covid hosp,quantile,0.85,535.566737283474
37,2026-10-03,3,2026-10-24,wk inc covid hosp,quantile,0.85,310.2419007077801
38,2026-10-03,3,2026-10-24,wk inc covid hosp,quantile,0.85,17.48908869302845
39,2026-10-03,3,2026-10-24,wk inc covid hosp,quantile,0.85,175.69675877674635
40,2026-10-03,3,2026-10-24,wk inc covid hosp,quantile,0.85,44.83062121383752
41,2026-10-03,3,2026-10-24,wk inc covid hosp,quantile,0.85,105.58022659320463
42,2026-10-03,3,2026-10-24,wk inc covid hosp,quantile,0.85,467.1956399424149
44,2026-10-03,3,2026-10-24,wk inc covid hosp,quantile,0.85,25.646106659561042
45,2026-10-03,3,2026-10-24,wk inc covid hosp,quantile,0.85,135.7608052234309
46,2026-10-03,3,2026-10-24,wk inc covid hosp,quantile,0.85,14.449736998391554
47,2026-10-03,3,2026-10-24,wk inc covid hosp,quantile,0.85,111.88829849868267
48,2026-10-03,3,2026-10-24,wk inc covid hosp,quantile,0.85,743.8071124862344
49,2026-10-03,3,2026-10-24,wk inc covid hosp,quantile,0.85,58.85351652825691
50,2026-10-03,3,2026-10-24,wk inc covid hosp,quantile,0.85,28.91203688540732
51,2026-10-03,3,2026-10-24,wk inc covid hosp,quantile,0.85,118.37841750919651
53,2026-10-03,3,2026-10-24,wk inc covid hosp,quantile,0.85,325.14613784729727
54,2026-10-03,3,2026-10-24,wk inc covid hosp,quantile,0.85,68.59450109329278
55,2026-10-03,3,2026-10-24,wk inc covid hosp,quantile,0.85,104.85841360481358
56,2026-10-03,3,2026-10-24,wk inc covid hosp,quantile,0.85,25.524573459509174
72,2026-10-03,3,2026-10-24,wk inc covid hosp,quantile,0.85,156.48866827737345
US,2026-10-03,3,2026-10-24,wk inc covid hosp,quantile,0.85,7315.742399002305
01,2026-10-03,0,2026-10-03,wk inc covid hosp,quantile,0.9,137.04630757341508
02,2026-10-03,0,2026-10-03,wk inc covid hosp,quantile,0.9,3.843171603986498
04,2026-10-03,0,2026-10-03,wk inc covid hosp,quantile,0.9,108.23801519664991
05,2026-10-03,0,2026-10-03,wk inc covid hosp,quantile,0.9,34.25625099842851
06,2026-10-03,0,2026-10-03,wk inc covid hosp,quantile,0.9,1257.4544777853657
08,2026-10-03,0,2026-10-03,wk inc covid hosp,quantile,0.9,54.85969109736662
09,2026-10-03,0,2026-10-03,wk inc covid hosp,quantile,0.9,61.379753983984806
10,2026-10-03,0,2026-10-03,wk inc covid hosp,quantile,0.9,20.75213890546701
11,2026-10-03,0,2026-10-03,wk inc covid hosp,quantile,0.9,16.023495722985956
12,2026-10-03,0,2026-10-03,wk inc covid hosp,quantile,0.9,817.9434283120178
13,2026-10-03,0,2026-10-03,wk inc covid hosp,quantile,0.9,120.4020687807877
15,2026-10-03,0,2026-10-03,wk inc covid hosp,quantile,0.9,63.39288795015473
16,2026-10-03,0,2026-10-03,wk inc covid hosp,quantile,0.9,26.984695643168514
17,2026-10-03,0,2026-10-03,wk inc covid hosp,quantile,0.9,111.6162824972411
18,2026-10-03,0,2026-10-03,wk inc covid hosp,quantile,0.9,46.52826522559265
19,2026-10-03,0,2026-10-03,wk inc covid hosp,quantile,0.9,29.34513101552572
20,2026-10-03,0,2026-10-03,wk inc covid hosp,quantile,0.9,13.301848764238423
21,2026-10-03,0,2026-10-03,wk inc covid hosp,quantile,0.9,31.413787602828513
22,2026-10-03,0,2026-10-03,wk inc covid hosp,quantile,0.9,119.59517409531661
23,2026-10-03,0,2026-10-03,wk inc covid hosp,quantile,0.9,13.055048543982105
24,2026-10-03,0,2026-10-03,wk inc covid hosp,quantile,0.9,66.17015298762328
25,2026-10-03,0,2026-10-03,wk inc covid hosp,quantile,0.9,80.74593818429622
26,2026-10-03,0,2026-10-03,wk inc covid hosp,quantile,0.9,87.10418135956401
27,2026-10-03,0,2026-10-03,wk inc covid hosp,quantile,0.9,50.581740733590465
28,2026-10-03,0,2026-10-03,wk inc covid hosp,quantile,0.9,37.052505489018614
29,2026-10-03,0,2026-10-03,wk inc covid hosp,quantile,0.9,69.71845313931036
30,2026-10-03,0,2026-10-03,wk inc covid hosp,quantile,0.9,12.628571857094363
31,2026-10-03,0,2026-10-03,wk inc covid hosp,quantile,0.9,13.973189507849526
32,2026-10-03,0,2026-10-03,wk inc covid hosp,quantile,0.9,44.66346776962943
33,2026-10-03,0,2026-10-03,wk inc covid hosp,quantile,0.9,28.640244839378973
34,2026-10-03,0,2026-10-03,wk inc covid hosp,quantile,0.9,213.57918932364743
35,2026-10-03,0,2026-10-03,wk inc covid hosp,quantile,0.9,13.506416100497178
36,2026-10-03,0,2026-10-03,wk inc covid hosp,quantile,0.9,389.8327003481652
37,2026-10-03,0,2026-10-03,wk inc covid hosp,quantile,0.9,246.70709773183927
38,2026-10-03,0,2026-10-03,wk inc covid hosp,quantile,0.9,8.026396662883682
39,2026-10-03,0,2026-10-03,wk inc covid hosp,quantile,0.9,106.85607225649002
40,2026-10-03,0,2026-10-03,wk inc covid hosp,quantile,0.9,27.797258439111364
41,2026-10-03,0,2026-10-03,wk inc covid hosp,quantile,0.9,72.78601239468499
42,2026-10-03,0,2026-10-03,wk inc covid hosp,quantile,0.9,292.1322634173982
44,2026-10-03,0,2026-10-03,wk inc covid hosp,quantile,0.9,15.105834105046256
45,2026-10-03,0,2026-10-03,wk inc covid hosp,quantile,0.9,98.49052711033305
46,2026-10-03,0,2026-10-03,wk inc covid hosp,quantile,0.9,7.687303600640689
47,2026-10-03,0,2026-10-03,wk inc covid hosp,quantile,0.9,83.66079385222667
48,2026-10-03,0,2026-10-03,wk inc covid hosp,quantile,0.9,607.8325695655342
49,2026-10-03,0,2026-10-03,wk inc covid hosp,quantile,0.9,38.13796952588428
50,2026-10-03,0,2026-10-03,wk inc covid hosp,quantile,0.9,15.608485159414334
51,2026-10-03,0,2026-10-03,wk inc covid hosp,quantile,0.9,76.27967694091174
53,2026-10-03,0,2026-10-03,wk inc covid hosp,quantile,0.9,250.46329217297722
54,2026-10-03,0,2026-10-03,wk inc covid hosp,quantile,0.9,38.78285088779017
55,2026-10-03,0,2026-10-03,wk inc covid hosp,quantile,0.9,58.74982584454626
56,2026-10-03,0,2026-10-03,wk inc covid hosp,quantile,0.9,12.534653750564372
72,2026-10-03,0,2026-10-03,wk inc covid hosp,quantile,0.9,122.30410994635584
US,2026-10-03,0,2026-10-03,wk inc covid hosp,quantile,0.9,5701.783139169864
01,2026-10-03,1,2026-10-10,wk inc covid hosp,quantile,0.9,154.888775685462
02,2026-10-03,1,2026-10-10,wk inc covid hosp,quantile,0.9,5.6203622455736575
04,2026-10-03,1,2026-10-10,wk inc covid hosp,quantile,0.9,127.74214562888429
05,2026-10-03,1,2026-10-10,wk inc covid hosp,quantile,0.9,43.473153539759394
06,2026-10-03,1,2026-10-10,wk inc covid hosp,quantile,0.9,1358.056166567476
08,2026-10-03,1,2026-10-10,wk inc covid hosp,quantile,0.9,69.31363273422087
09,2026-10-03,1,2026-10-10,wk inc covid hosp,quantile,0.9,82.06561134073797
10,2026-10-03,1,2026-10-10,wk inc covid hosp,quantile,0.9,26.13094785619208
11,2026-10-03,1,2026-10-10,wk inc covid hosp,quantile,0.9,19.80214875300571
12,2026-10-03,1,2026-10-10,wk inc covid hosp,quantile,0.9,944.2967897354737
13,2026-10-03,1,2026-10-10,wk inc covid hosp,quantile,0.9,138.15548736026875
15,2026-10-03,1,2026-10-10,wk inc covid hosp,quantile,0.9,73.63608884209758
16,2026-10-03,1,2026-10-10,wk inc covid hosp,quantile,0.9,34.15530596903442
17,2026-10-03,1,2026-10-10,wk inc covid hosp,quantile,0.9,142.2464158530981
18,2026-10-03,1,2026-10-10,wk inc covid hosp,quantile,0.9,62.58440232760745
19,2026-10-03,1,2026-10-10,wk inc covid hosp,quantile,0.9,39.51316241510245
20,2026-10-03,1,2026-10-10,wk inc covid hosp,quantile,0.9,18.944383908254494
21,2026-10-03,1,2026-10-10,wk inc covid hosp,quantile,0.9,40.639533349804466
22,2026-10-03,1,2026-10-10,wk inc covid hosp,quantile,0.9,135.87861090168266
23,2026-10-03,1,2026-10-10,wk inc covid hosp,quantile,0.9,18.510845247516468
24,2026-10-03,1,2026-10-10,wk inc covid hosp,quantile,0.9,85.95458952677248
25,2026-10-03,1,2026-10-10,wk inc covid hosp,quantile,0.9,105.44196898636665
26,2026-10-03,1,2026-10-10,wk inc covid hosp,quantile,0.9,122.20994763777135
27,2026-10-03,1,2026-10-10,wk inc covid hosp,quantile,0.9,66.88724183898384
28,2026-10-03,1,2026-10-10,wk inc covid hosp,quantile,0.9,43.02278902137986
29,2026-10-03,1,2026-10-10,wk inc covid hosp,quantile,0.9,87.07532680364586
30,2026-10-03,1,2026-10-10,wk inc covid hosp,quantile,0.9,16.458501352734192
31,2026-10-03,1,2026-10-10,wk inc covid hosp,quantile,0.9,19.62118906257246
32,2026-10-03,1,2026-10-10,wk inc covid hosp,quantile,0.9,53.12418576350624
33,2026-10-03,1,2026-10-10,wk inc covid hosp,quantile,0.9,39.67239167559322
34,2026-10-03,1,2026-10-10,wk inc covid hosp,quantile,0.9,258.19180537680387
35,2026-10-03,1,2026-10-10,wk inc covid hosp,quantile,0.9,17.229427874367847
36,2026-10-03,1,2026-10-10,wk inc covid hosp,quantile,0.9,457.1517548675545
37,2026-10-03,1,2026-10-10,wk inc covid hosp,quantile,0.9,282.0444194300518
38,2026-10-03,1,2026-10-10,wk inc covid hosp,quantile,0.9,12.075389395979627
39,2026-10-03,1,2026-10-10,wk inc covid hosp,quantile,0.9,135.6778249006262
40,2026-10-03,1,2026-10-10,wk inc covid hosp,quantile,0.9,34.59208175094537
41,2026-10-03,1,2026-10-10,wk inc covid hosp,quantile,0.9,85.23860861965998
42,2026-10-03,1,2026-10-10,wk inc covid hosp,quantile,0.9,372.47243771225743
44,2026-10-03,1,2026-10-10,wk inc covid hosp,quantile,0.9,19.505965835494703
45,2026-10-03,1,2026-10-10,wk inc covid hosp,quantile,0.9,114.06380193459168
46,2026-10-03,1,2026-10-10,wk inc covid hosp,quantile,0.9,11.065370469316449
47,2026-10-03,1,2026-10-10,wk inc covid hosp,quantile,0.9,92.93980718394243
48,2026-10-03,1,2026-10-10,wk inc covid hosp,quantile,0.9,683.2053212528032
49,2026-10-03,1,2026-10-10,wk inc covid hosp,quantile,0.9,47.3777912399627
50,2026-10-03,1,2026-10-10,wk inc covid hosp,quantile,0.9,21.513925339865946
51,2026-10-03,1,2026-10-10,wk inc covid hosp,quantile,0.9,94.87069804583501
53,2026-10-03,1,2026-10-10,wk inc covid hosp,quantile,0.9,287.61784333171477
54,2026-10-03,1,2026-10-10,wk inc covid hosp,quantile,0.9,51.37326724119023
55,2026-10-03,1,2026-10-10,wk inc covid hosp,quantile,0.9,75.9693110858066
56,2026-10-03,1,2026-10-10,wk inc covid hosp,quantile,0.9,18.417950459556913
72,2026-10-03,1,2026-10-10,wk inc covid hosp,quantile,0.9,137.35885949237908
US,2026-10-03,1,2026-10-10,wk inc covid hosp,quantile,0.9,6374.017084390151
01,2026-10-03,2,2026-10-17,wk inc covid hosp,quantile,0.9,172.64389835849312
02,2026-10-03,2,2026-10-17,wk inc covid hosp,quantile,0.9,7.439105494137986
04,2026-10-03,2,2026-10-17,wk inc covid hosp,quantile,0.9,148.07200450711258
05,2026-10-03,2,2026-10-17,wk inc covid hosp,quantile,0.9,55.46755983423837
06,2026-10-03,2,2026-10-17,wk inc covid hosp,quantile,0.9,1452.7892970817513
08,2026-10-03,2,2026-10-17,wk inc covid hosp,quantile,0.9,83.91427152489769
09,2026-10-03,2,2026-10-17,wk inc covid hosp,quantile,0.9,105.15470411119894
10,2026-10-03,2,2026-10-17,wk inc covid hosp,quantile,0.9,32.9671512667525
11,2026-10-03,2,2026-10-17,wk inc covid hosp,quantile,0.9,25.967033805011265
12,2026-10-03,2,2026-10-17,wk inc covid hosp,quantile,0.9,1049.6430990927379
13,2026-10-03,2,2026-10-17,wk inc covid hosp,quantile,0.9,153.58648856773232
15,2026-10-03,2,2026-10-17,wk inc covid hosp,quantile,0.9,83.56725523999336
16,2026-10-03,2,2026-10-17,wk inc covid hosp,quantile,0.9,41.990694716254964
17,2026-10-03,2,2026-10-17,wk inc covid hosp,quantile,0.9,176.59443661592059
18,2026-10-03,2,2026-10-17,wk inc covid hosp,quantile,0.9,76.73473574702217
19,2026-10-03,2,2026-10-17,wk inc covid hosp,quantile,0.9,47.95685013762812
20,2026-10-03,2,2026-10-17,wk inc covid hosp,quantile,0.9,25.536372878344363
21,2026-10-03,2,2026-10-17,wk inc covid hosp,quantile,0.9,51.898130141646455
22,2026-10-03,2,2026-10-17,wk inc covid hosp,quantile,0.9,151.12707907657287
23,2026-10-03,2,2026-10-17,wk inc covid hosp,quantile,0.9,25.870525763640426
24,2026-10-03,2,2026-10-17,wk inc covid hosp,quantile,0.9,103.98395276233008
25,2026-10-03,2,2026-10-17,wk inc covid hosp,quantile,0.9,128.09096929854587
26,2026-10-03,2,2026-10-17,wk inc covid hosp,quantile,0.9,160.38734637730903
27,2026-10-03,2,2026-10-17,wk inc covid hosp,quantile,0.9,80.92322340682026
28,2026-10-03,2,2026-10-17,wk inc covid hosp,quantile,0.9,51.82928393247759
29,2026-10-03,2,2026-10-17,wk inc covid hosp,quantile,0.9,103.90183121347614
30,2026-10-03,2,2026-10-17,wk inc covid hosp,quantile,0.9,21.136348018244103
31,2026-10-03,2,2026-10-17,wk inc covid hosp,quantile,0.9,26.849651595314256
32,2026-10-03,2,2026-10-17,wk inc covid hosp,quantile,0.9,60.928808474496364
33,2026-10-03,2,2026-10-17,wk inc covid hosp,quantile,0.9,50.767871175653916
34,2026-10-03,2,2026-10-17,wk inc covid hosp,quantile,0.9,307.08025694036127
35,2026-10-03,2,2026-10-17,wk inc covid hosp,quantile,0.9,21.451029779121917
36,2026-10-03,2,2026-10-17,wk inc covid hosp,quantile,0.9,519.0829973460267
37,2026-10-03,2,2026-10-17,wk inc covid hosp,quantile,0.9,313.6500786772359
38,2026-10-03,2,2026-10-17,wk inc covid hosp,quantile,0.9,16.31722055470347
39,2026-10-03,2,2026-10-17,wk inc covid hosp,quantile,0.9,169.8855595646996
40,2026-10-03,2,2026-10-17,wk inc covid hosp,quantile,0.9,43.434972962062936
41,2026-10-03,2,2026-10-17,wk inc covid hosp,quantile,0.9,100.66485091947293
42,2026-10-03,2,2026-10-17,wk inc covid hosp,quantile,0.9,446.4230235679371
44,2026-10-03,2,2026-10-17,wk inc covid hosp,quantile,0.9,24.418528752815128
45,2026-10-03,2,2026-10-17,wk inc covid hosp,quantile,0.9,134.15599561841486
46,2026-10-03,2,2026-10-17,wk inc covid hosp,quantile,0.9,14.828872960299913
47,2026-10-03,2,2026-10-17,wk inc covid hosp,quantile,0.9,113.03682849580362
48,2026-10-03,2,2026-10-17,wk inc covid hosp,quantile,0.9,742.7322180367115
49,2026-10-03,2,2026-10-17,wk inc covid hosp,quantile,0.9,57.880807024769204
50,2026-10-03,2,2026-10-17,wk inc covid hosp,quantile,0.9,28.21137938691384
51,2026-10-03,2,2026-10-17,wk inc covid hosp,quantile,0.9,114.32109884601722
53,2026-10-03,2,2026-10-17,wk inc covid hosp,quantile,0.9,322.13583206181744
54,2026-10-03,2,2026-10-17,wk inc covid hosp,quantile,0.9,64.30983489676647
55,2026-10-03,2,2026-10-17,wk inc covid hosp,quantile,0.9,97.02534668416052
56,2026-10-03,2,2026-10-17,wk inc covid hosp,quantile,0.9,24.535760251698537
72,2026-10-03,2,2026-10-17,wk inc covid hosp,quantile,0.9,159.08615380730427
US,2026-10-03,2,2026-10-17,wk inc covid hosp,quantile,0.9,7083.264257368426
01,2026-10-03,3,2026-10-24,wk inc covid hosp,quantile,0.9,189.20496520475817
02,2026-10-03,3,2026-10-24,wk inc covid hosp,quantile,0.9,9.556254851247735
04,2026-10-03,3,2026-10-24,wk inc covid hosp,quantile,0.9,168.4304952098218
05,2026-10-03,3,2026-10-24,wk inc covid hosp,quantile,0.9,66.29102901218165
06,2026-10-03,3,2026-10-24,wk inc covid hosp,quantile,0.9,1527.9255197625407
08,2026-10-03,3,2026-10-24,wk inc covid hosp,quantile,0.9,102.35384136909042
09,2026-10-03,3,2026-10-24,wk inc covid hosp,quantile,0.9,127.73879368954383
10,2026-10-03,3,2026-10-24,wk inc covid hosp,quantile,0.9,38.51924548086551
11,2026-10-03,3,2026-10-24,wk inc covid hosp,quantile,0.9,31.973005083391875
12,2026-10-03,3,2026-10-24,wk inc covid hosp,quantile,0.9,1171.4947451630514
13,2026-10-03,3,2026-10-24,wk inc covid hosp,quantile,0.9,172.45892887147565
15,2026-10-03,3,2026-10-24,wk inc covid hosp,quantile,0.9,92.94978897858998
16,2026-10-03,3,2026-10-24,wk inc covid hosp,quantile,0.9,50.43275722277425
17,2026-10-03,3,2026-10-24,wk inc covid hosp,quantile,0.9,209.46051708858542
18,2026-10-03,3,2026-10-24,wk inc covid hosp,quantile,0.9,93.65803587149361
19,2026-10-03,3,2026-10-24,wk inc covid hosp,quantile,0.9,58.044970237224724
20,2026-10-03,3,2026-10-24,wk inc covid hosp,quantile,0.9,33.93005443157902
21,2026-10-03,3,2026-10-24,wk inc covid hosp,quantile,0.9,65.82746476404041
22,2026-10-03,3,2026-10-24,wk inc covid hosp,quantile,0.9,175.1212502086319
23,2026-10-03,3,2026-10-24,wk inc covid hosp,quantile,0.9,32.28911551764012
24,2026-10-03,3,2026-10-24,wk inc covid hosp,quantile,0.9,121.78152425448512
25,2026-10-03,3,2026-10-24,wk inc covid hosp,quantile,0.9,158.53452467026912
26,2026-10-03,3,2026-10-24,wk inc covid hosp,quantile,0.9,204.03388972224894
27,2026-10-03,3,2026-10-24,wk inc covid hosp,quantile,0.9,99.75065857772462
28,2026-10-03,3,2026-10-24,wk inc covid hosp,quantile,0.9,60.22158110117104
29,2026-10-03,3,2026-10-24,wk inc covid hosp,quantile,0.9,122.16455350216229
30,2026-10-03,3,2026-10-24,wk inc covid hosp,quantile,0.9,27.284366854508775
31,2026-10-03,3,2026-10-24,wk inc covid hosp,quantile,0.9,34.85680509614203
32,2026-10-03,3,2026-10-24,wk inc covid hosp,quantile,0.9,68.52258872839748
33,2026-10-03,3,2026-10-24,wk inc covid hosp,quantile,0.9,61.802560693372136
34,2026-10-03,3,2026-10-24,wk inc covid hosp,quantile,0.9,353.6050678502851
35,2026-10-03,3,2026-10-24,wk inc covid hosp,quantile,0.9,26.188603997581623
36,2026-10-03,3,2026-10-24,wk inc covid hosp,quantile,0.9,583.7566577528054
37,2026-10-03,3,2026-10-24,wk inc covid hosp,quantile,0.9,345.8741016748206
38,2026-10-03,3,2026-10-24,wk inc covid hosp,quantile,0.9,20.963223783408903
39,2026-10-03,3,2026-10-24,wk inc covid hosp,quantile,0.9,203.14475493504506
40,2026-10-03,3,2026-10-24,wk inc covid hosp,quantile,0.9,53.18885623697287
41,2026-10-03,3,2026-10-24,wk inc covid hosp,quantile,0.9,116.860520496154
42,2026-10-03,3,2026-10-24,wk inc covid hosp,quantile,0.9,531.6004655756662
44,2026-10-03,3,2026-10-24,wk inc covid hosp,quantile,0.9,31.806041691619654
45,2026-10-03,3,2026-10-24,wk inc covid hosp,quantile,0.9,152.44140667106132
46,2026-10-03,3,2026-10-24,wk inc covid hosp,quantile,0.9,19.561055042773162
47,2026-10-03,3,2026-10-24,wk inc covid hosp,quantile,0.9,126.6786410480497
48,2026-10-03,3,2026-10-24,wk inc covid hosp,quantile,0.9,828.22335941282
49,2026-10-03,3,2026-10-24,wk inc covid hosp,quantile,0.9,68.43708660951859
50,2026-10-03,3,2026-10-24,wk inc covid hosp,quantile,0.9,35.22063484963174
51,2026-10-03,3,2026-10-24,wk inc covid hosp,quantile,0.9,133.54043693083128
53,2026-10-03,3,2026-10-24,wk inc covid hosp,quantile,0.9,351.1518061620181
54,2026-10-03,3,2026-10-24,wk inc covid hosp,quantile,0.9,77.02807680581829
55,2026-10-03,3,2026-10-24,wk inc covid hosp,quantile,0.9,119.83515278357557
56,2026-10-03,3,2026-10-24,wk inc covid hosp,quantile,0.9,32.608239075667775
72,2026-10-03,3,2026-10-24,wk inc covid hosp,quantile,0.9,177.87409683421473
US,2026-10-03,3,2026-10-24,wk inc covid hosp,quantile,0.9,7819.7542189982105
01,2026-10-03,0,2026-10-03,wk inc covid hosp,quantile,0.95,146.85120026495395
02,2026-10-03,0,2026-10-03,wk inc covid hosp,quantile,0.95,5.004637459015663
04,2026-10-03,0,2026-10-03,wk inc covid hosp,quantile,0.95,119.10290940879592
05,2026-10-03,0,2026-10-03,wk inc covid hosp,quantile,0.95,39.122378471842794
06,2026-10-03,0,2026-10-03,wk inc covid hosp,quantile,0.95,1312.150442986633
08,2026-10-03,0,2026-10-03,wk inc covid hosp,quantile,0.95,60.79872953849976
09,2026-10-03,0,2026-10-03,wk inc covid hosp,quantile,0.95,70.60270093598425
10,2026-10-03,0,2026-10-03,wk inc covid hosp,quantile,0.95,23.93555416759657
11,2026-10-03,0,2026-10-03,wk inc covid hosp,quantile,0.95,18.78918798266767
12,2026-10-03,0,2026-10-03,wk inc covid hosp,quantile,0.95,886.844563824237
13,2026-10-03,0,2026-10-03,wk inc covid hosp,quantile,0.95,132.48636296402796
15,2026-10-03,0,2026-10-03,wk inc covid hosp,quantile,0.95,68.26932216614176
16,2026-10-03,0,2026-10-03,wk inc covid hosp,quantile,0.95,30.530736021180577
17,2026-10-03,0,2026-10-03,wk inc covid hosp,quantile,0.95,122.03712449225502
18,2026-10-03,0,2026-10-03,wk inc covid hosp,quantile,0.95,53.233826951445636
19,2026-10-03,0,2026-10-03,wk inc covid hosp,quantile,0.95,33.550620558604564
20,2026-10-03,0,2026-10-03,wk inc covid hosp,quantile,0.95,16.569097810470538
21,2026-10-03,0,2026-10-03,wk inc covid hosp,quantile,0.95,36.773926350868635
22,2026-10-03,0,2026-10-03,wk inc covid hosp,quantile,0.95,128.89972012944324
23,2026-10-03,0,2026-10-03,wk inc covid hosp,quantile,0.95,15.78448896139591
24,2026-10-03,0,2026-10-03,wk inc covid hosp,quantile,0.95,74.65951723103495
25,2026-10-03,0,2026-10-03,wk inc covid hosp,quantile,0.95,88.20625699254227
26,2026-10-03,0,2026-10-03,wk inc covid hosp,quantile,0.95,102.61098225725236
27,2026-10-03,0,2026-10-03,wk inc covid hosp,quantile,0.95,56.64272532843972
28,2026-10-03,0,2026-10-03,wk inc covid hosp,quantile,0.95,42.55357833394743
29,2026-10-03,0,2026-10-03,wk inc covid hosp,quantile,0.95,76.29965908713375
30,2026-10-03,0,2026-10-03,wk inc covid hosp,quantile,0.95,15.140099045214148
31,2026-10-03,0,2026-10-03,wk inc covid hosp,quantile,0.95,16.57869803080618
32,2026-10-03,0,2026-10-03,wk inc covid hosp,quantile,0.95,49.81608513229094
33,2026-10-03,0,2026-10-03,wk inc covid hosp,quantile,0.95,32.521743804707775
34,2026-10-03,0,2026-10-03,wk inc covid hosp,quantile,0.95,238.83090583738718
35,2026-10-03,0,2026-10-03,wk inc covid hosp,quantile,0.95,16.017289114957563
36,2026-10-03,0,2026-10-03,wk inc covid hosp,quantile,0.95,413.5095851499511
37,2026-10-03,0,2026-10-03,wk inc covid hosp,quantile,0.95,265.07329624028114
38,2026-10-03,0,2026-10-03,wk inc covid hosp,quantile,0.95,9.684799999067408
39,2026-10-03,0,2026-10-03,wk inc covid hosp,quantile,0.95,117.67522077849874
40,2026-10-03,0,2026-10-03,wk inc covid hosp,quantile,0.95,31.037689383644707
41,2026-10-03,0,2026-10-03,wk inc covid hosp,quantile,0.95,78.25512352452928
42,2026-10-03,0,2026-10-03,wk inc covid hosp,quantile,0.95,322.9514516437786
44,2026-10-03,0,2026-10-03,wk inc covid hosp,quantile,0.95,17.88501610868145
45,2026-10-03,0,2026-10-03,wk inc covid hosp,quantile,0.95,108.12193224254474
46,2026-10-03,0,2026-10-03,wk inc covid hosp,quantile,0.95,9.558560417945873
47,2026-10-03,0,2026-10-03,wk inc covid hosp,quantile,0.95,92.7589898587515
48,2026-10-03,0,2026-10-03,wk inc covid hosp,quantile,0.95,661.7607529659768
49,2026-10-03,0,2026-10-03,wk inc covid hosp,quantile,0.95,42.04070456201715
50,2026-10-03,0,2026-10-03,wk inc covid hosp,quantile,0.95,18.59137454236787
51,2026-10-03,0,2026-10-03,wk inc covid hosp,quantile,0.95,84.80880622030078
53,2026-10-03,0,2026-10-03,wk inc covid hosp,quantile,0.95,264.51301154675355
54,2026-10-03,0,2026-10-03,wk inc covid hosp,quantile,0.95,43.53369732212121
55,2026-10-03,0,2026-10-03,wk inc covid hosp,quantile,0.95,66.57844805246326
56,2026-10-03,0,2026-10-03,wk inc covid hosp,quantile,0.95,15.264335990396695
72,2026-10-03,0,2026-10-03,wk inc covid hosp,quantile,0.95,136.82114827117712
US,2026-10-03,0,2026-10-03,wk inc covid hosp,quantile,0.95,5994.353514292276
01,2026-10-03,1,2026-10-10,wk inc covid hosp,quantile,0.95,171.79408179959702
02,2026-10-03,1,2026-10-10,wk inc covid hosp,quantile,0.95,7.348220809593442
04,2026-10-03,1,2026-10-10,wk inc covid hosp,quantile,0.95,142.90381301932177
05,2026-10-03,1,2026-10-10,wk inc covid hosp,quantile,0.95,51.212076949190006
06,2026-10-03,1,2026-10-10,wk inc covid hosp,quantile,0.95,1442.7594339547568
08,2026-10-03,1,2026-10-10,wk inc covid hosp,quantile,0.95,76.99441336780593
09,2026-10-03,1,2026-10-10,wk inc covid hosp,quantile,0.95,94.69428166376127
10,2026-10-03,1,2026-10-10,wk inc covid hosp,quantile,0.95,30.80207048783907
11,2026-10-03,1,2026-10-10,wk inc covid hosp,quantile,0.95,24.991474043247347
12,2026-10-03,1,2026-10-10,wk inc covid hosp,quantile,0.95,1052.758696535927
13,2026-10-03,1,2026-10-10,wk inc covid hosp,quantile,0.95,156.00495077362257
15,2026-10-03,1,2026-10-10,wk inc covid hosp,quantile,0.95,80.79969796975472
16,2026-10-03,1,2026-10-10,wk inc covid hosp,quantile,0.95,40.14337686245356
17,2026-10-03,1,2026-10-10,wk inc covid hosp,quantile,0.95,158.9742498853532
18,2026-10-03,1,2026-10-10,wk inc covid hosp,quantile,0.95,72.213566030236
19,2026-10-03,1,2026-10-10,wk inc covid hosp,quantile,0.95,46.17638030779229
20,2026-10-03,1,2026-10-10,wk inc covid hosp,quantile,0.95,22.96940188083831
21,2026-10-03,1,2026-10-10,wk inc covid hosp,quantile,0.95,47.95696749727482
22,2026-10-03,1,2026-10-10,wk inc covid hosp,quantile,0.95,153.42079828818774
23,2026-10-03,1,2026-10-10,wk inc covid hosp,quantile,0.95,23.03478332960876
24,2026-10-03,1,2026-10-10,wk inc covid hosp,quantile,0.95,96.11222738949327
25,2026-10-03,1,2026-10-10,wk inc covid hosp,quantile,0.95,118.72842489957004
26,2026-10-03,1,2026-10-10,wk inc covid hosp,quantile,0.95,142.64283945550116
27,2026-10-03,1,2026-10-10,wk inc covid hosp,quantile,0.95,75.75735956221179
28,2026-10-03,1,2026-10-10,wk inc covid hosp,quantile,0.95,50.24498431389453
29,2026-10-03,1,2026-10-10,wk inc covid hosp,quantile,0.95,97.3842115336226
30,2026-10-03,1,2026-10-10,wk inc covid hosp,quantile,0.95,20.561532240493822
31,2026-10-03,1,2026-10-10,wk inc covid hosp,quantile,0.95,24.83222345607194
32,2026-10-03,1,2026-10-10,wk inc covid hosp,quantile,0.95,60.558666767127605
33,2026-10-03,1,2026-10-10,wk inc covid hosp,quantile,0.95,46.380487682740835
34,2026-10-03,1,2026-10-10,wk inc covid hosp,quantile,0.95,292.6794476652091
35,2026-10-03,1,2026-10-10,wk inc covid hosp,quantile,0.95,20.96446963748656
36,2026-10-03,1,2026-10-10,wk inc covid hosp,quantile,0.95,499.7554672348091
37,2026-10-03,1,2026-10-10,wk inc covid hosp,quantile,0.95,310.0989603167121
38,2026-10-03,1,2026-10-10,wk inc covid hosp,quantile,0.95,15.101878803383975
39,2026-10-03,1,2026-10-10,wk inc covid hosp,quantile,0.95,157.0485265862993
40,2026-10-03,1,2026-10-10,wk inc covid hosp,quantile,0.95,41.46533534704446
41,2026-10-03,1,2026-10-10,wk inc covid hosp,quantile,0.95,94.15720731343623
42,2026-10-03,1,2026-10-10,wk inc covid hosp,quantile,0.95,420.60860514975434
44,2026-10-03,1,2026-10-10,wk inc covid hosp,quantile,0.95,24.058761972412427
45,2026-10-03,1,2026-10-10,wk inc covid hosp,quantile,0.95,130.1466681404698
46,2026-10-03,1,2026-10-10,wk inc covid hosp,quantile,0.95,13.825464324989756
47,2026-10-03,1,2026-10-10,wk inc covid hosp,quantile,0.95,106.12172733258369
48,2026-10-03,1,2026-10-10,wk inc covid hosp,quantile,0.95,764.3089000458842
49,2026-10-03,1,2026-10-10,wk inc covid hosp,quantile,0.95,53.896917216451534
50,2026-10-03,1,2026-10-10,wk inc covid hosp,quantile,0.95,27.345553510695087
51,2026-10-03,1,2026-10-10,wk inc covid hosp,quantile,0.95,109.10532255144706
53,2026-10-03,1,2026-10-10,wk inc covid hosp,quantile,0.95,311.1009529505548
54,2026-10-03,1,2026-10-10,wk inc covid hosp,quantile,0.95,60.1779804909767
55,2026-10-03,1,2026-10-10,wk inc covid hosp,quantile,0.95,89.34545680882886
56,2026-10-03,1,2026-10-10,wk inc covid hosp,quantile,0.95,23.401245831470437
72,2026-10-03,1,2026-10-10,wk inc covid hosp,quantile,0.95,157.9428304596805
US,2026-10-03,1,2026-10-10,wk inc covid hosp,quantile,0.95,6763.24730285102
01,2026-10-03,2,2026-10-17,wk inc covid hosp,quantile,0.95,195.0482837698895
02,2026-10-03,2,2026-10-17,wk inc covid hosp,quantile,0.95,9.951664419286098
04,2026-10-03,2,2026-10-17,wk inc covid hosp,quantile,0.95,170.38390188911256
05,2026-10-03,2,2026-10-17,wk inc covid hosp,quantile,0.95,66.64468756806922
06,2026-10-03,2,2026-10-17,wk inc covid hosp,quantile,0.95,1556.2703779674766
08,2026-10-03,2,2026-10-17,wk inc covid hosp,quantile,0.95,98.50445321129067
09,2026-10-03,2,2026-10-17,wk inc covid hosp,quantile,0.95,125.92522266990014
10,2026-10-03,2,2026-10-17,wk inc covid hosp,quantile,0.95,39.0295428205358
11,2026-10-03,2,2026-10-17,wk inc covid hosp,quantile,0.95,31.791616219469955
12,2026-10-03,2,2026-10-17,wk inc covid hosp,quantile,0.95,1218.9643674813474
13,2026-10-03,2,2026-10-17,wk inc covid hosp,quantile,0.95,180.04688390506573
15,2026-10-03,2,2026-10-17,wk inc covid hosp,quantile,0.95,96.09289802123064
16,2026-10-03,2,2026-10-17,wk inc covid hosp,quantile,0.95,50.65434968721653
17,2026-10-03,2,2026-10-17,wk inc covid hosp,quantile,0.95,201.0532730003337
18,2026-10-03,2,2026-10-17,wk inc covid hosp,quantile,0.95,91.2666360240289
19,2026-10-03,2,2026-10-17,wk inc covid hosp,quantile,0.95,57.832170522086535
20,2026-10-03,2,2026-10-17,wk inc covid hosp,quantile,0.95,33.48107713190653
21,2026-10-03,2,2026-10-17,wk inc covid hosp,quantile,0.95,62.587518521165606
22,2026-10-03,2,2026-10-17,wk inc covid hosp,quantile,0.95,174.02597028840552
23,2026-10-03,2,2026-10-17,wk inc covid hosp,quantile,0.95,32.34429831571232
24,2026-10-03,2,2026-10-17,wk inc covid hosp,quantile,0.95,121.23717368750467
25,2026-10-03,2,2026-10-17,wk inc covid hosp,quantile,0.95,145.7300028158855
26,2026-10-03,2,2026-10-17,wk inc covid hosp,quantile,0.95,194.90685479358214
27,2026-10-03,2,2026-10-17,wk inc covid hosp,quantile,0.95,95.05376552511493
28,2026-10-03,2,2026-10-17,wk inc covid hosp,quantile,0.95,63.05782190835783
29,2026-10-03,2,2026-10-17,wk inc covid hosp,quantile,0.95,121.80007217433345
30,2026-10-03,2,2026-10-17,wk inc covid hosp,quantile,0.95,28.508789810516216
31,2026-10-03,2,2026-10-17,wk inc covid hosp,quantile,0.95,33.907165513194364
32,2026-10-03,2,2026-10-17,wk inc covid hosp,quantile,0.95,70.90379629550728
33,2026-10-03,2,2026-10-17,wk inc covid hosp,quantile,0.95,62.11148320019854
34,2026-10-03,2,2026-10-17,wk inc covid hosp,quantile,0.95,356.2163823595953
35,2026-10-03,2,2026-10-17,wk inc covid hosp,quantile,0.95,27.591379463863653
36,2026-10-03,2,2026-10-17,wk inc covid hosp,quantile,0.95,579.3672852005651
37,2026-10-03,2,2026-10-17,wk inc covid hosp,quantile,0.95,346.3941166357496
38,2026-10-03,2,2026-10-17,wk inc covid hosp,quantile,0.95,20.295599065498678
39,2026-10-03,2,2026-10-17,wk inc covid hosp,quantile,0.95,202.73345271281212
40,2026-10-03,2,2026-10-17,wk inc covid hosp,quantile,0.95,52.083386488663685
41,2026-10-03,2,2026-10-17,wk inc covid hosp,quantile,0.95,114.00560243912645
42,2026-10-03,2,2026-10-17,wk inc covid hosp,quantile,0.95,526.8855526543808
44,2026-10-03,2,2026-10-17,wk inc covid hosp,quantile,0.95,31.227676007498392
45,2026-10-03,2,2026-10-17,wk inc covid hosp,quantile,0.95,152.38161069753994
46,2026-10-03,2,2026-10-17,wk inc covid hosp,quantile,0.95,20.26326009904134
47,2026-10-03,2,2026-10-17,wk inc covid hosp,quantile,0.95,131.0462204796508
48,2026-10-03,2,2026-10-17,wk inc covid hosp,quantile,0.95,853.3644219101702
49,2026-10-03,2,2026-10-17,wk inc covid hosp,quantile,0.95,67.75790919876349
50,2026-10-03,2,2026-10-17,wk inc covid hosp,quantile,0.95,35.68070259244218
51,2026-10-03,2,2026-10-17,wk inc covid hosp,quantile,0.95,132.24494292840058
53,2026-10-03,2,2026-10-17,wk inc covid hosp,quantile,0.95,355.48437069603165
54,2026-10-03,2,2026-10-17,wk inc covid hosp,quantile,0.95,75.18589263953176
55,2026-10-03,2,2026-10-17,wk inc covid hosp,quantile,0.95,116.47842483900428
56,2026-10-03,2,2026-10-17,wk inc covid hosp,quantile,0.95,32.967738592515744
72,2026-10-03,2,2026-10-17,wk inc covid hosp,quantile,0.95,182.29925044999482
US,2026-10-03,2,2026-10-17,wk inc covid hosp,quantile,0.95,7689.567011325718
01,2026-10-03,3,2026-10-24,wk inc covid hosp,quantile,0.95,216.90796236729312
02,2026-10-03,3,2026-10-24,wk inc covid hosp,quantile,0.95,13.116103939653811
04,2026-10-03,3,2026-10-24,wk inc covid hosp,quantile,0.95,197.0596203692049
05,2026-10-03,3,2026-10-24,wk inc covid hosp,quantile,0.95,82.54815226956416
06,2026-10-03,3,2026-10-24,wk inc covid hosp,quantile,0.95,1667.8061600116027
08,2026-10-03,3,2026-10-24,wk inc covid hosp,quantile,0.95,122.04395387592024
09,2026-10-03,3,2026-10-24,wk inc covid hosp,quantile,0.95,157.88425097685146
10,2026-10-03,3,2026-10-24,wk inc covid hosp,quantile,0.95,47.15834062743878
11,2026-10-03,3,2026-10-24,wk inc covid hosp,quantile,0.95,39.82710218173097
12,2026-10-03,3,2026-10-24,wk inc covid hosp,quantile,0.95,1412.8433417104995
13,2026-10-03,3,2026-10-24,wk inc covid hosp,quantile,0.95,200.89205515216466
15,2026-10-03,3,2026-10-24,wk inc covid hosp,quantile,0.95,109.24906603638611
16,2026-10-03,3,2026-10-24,wk inc covid hosp,quantile,0.95,60.53608176387729
17,2026-10-03,3,2026-10-24,wk inc covid hosp,quantile,0.95,249.32967297498277
18,2026-10-03,3,2026-10-24,wk inc covid hosp,quantile,0.95,119.16961590756377
19,2026-10-03,3,2026-10-24,wk inc covid hosp,quantile,0.95,73.09719334343148
20,2026-10-03,3,2026-10-24,wk inc covid hosp,quantile,0.95,43.97228535173785
21,2026-10-03,3,2026-10-24,wk inc covid hosp,quantile,0.95,80.29636512400809
22,2026-10-03,3,2026-10-24,wk inc covid hosp,quantile,0.95,203.20521065339528
23,2026-10-03,3,2026-10-24,wk inc covid hosp,quantile,0.95,39.851501137545576
24,2026-10-03,3,2026-10-24,wk inc covid hosp,quantile,0.95,142.6855647458624
25,2026-10-03,3,2026-10-24,wk inc covid hosp,quantile,0.95,183.84691519163206
26,2026-10-03,3,2026-10-24,wk inc covid hosp,quantile,0.95,249.51226699866135
27,2026-10-03,3,2026-10-24,wk inc covid hosp,quantile,0.95,116.65483728599366
28,2026-10-03,3,2026-10-24,wk inc covid hosp,quantile,0.95,72.78817560346225
29,2026-10-03,3,2026-10-24,wk inc covid hosp,quantile,0.95,145.97586311720832
30,2026-10-03,3,2026-10-24,wk inc covid hosp,quantile,0.95,35.52550061032142
31,2026-10-03,3,2026-10-24,wk inc covid hosp,quantile,0.95,44.6772033613698
32,2026-10-03,3,2026-10-24,wk inc covid hosp,quantile,0.95,81.94407427592921
33,2026-10-03,3,2026-10-24,wk inc covid hosp,quantile,0.95,75.8360982434539
34,2026-10-03,3,2026-10-24,wk inc covid hosp,quantile,0.95,418.8472457429032
35,2026-10-03,3,2026-10-24,wk inc covid hosp,quantile,0.95,36.35699461282191
36,2026-10-03,3,2026-10-24,wk inc covid hosp,quantile,0.95,664.3400951624059
37,2026-10-03,3,2026-10-24,wk inc covid hosp,quantile,0.95,393.1239466273198
38,2026-10-03,3,2026-10-24,wk inc covid hosp,quantile,0.95,26.179489511567834
39,2026-10-03,3,2026-10-24,wk inc covid hosp,quantile,0.95,245.62195736897704
40,2026-10-03,3,2026-10-24,wk inc covid hosp,quantile,0.95,64.76601029676647
41,2026-10-03,3,2026-10-24,wk inc covid hosp,quantile,0.95,134.53501462612738
42,2026-10-03,3,2026-10-24,wk inc covid hosp,quantile,0.95,614.3555636268874
44,2026-10-03,3,2026-10-24,wk inc covid hosp,quantile,0.95,42.98501822483261
45,2026-10-03,3,2026-10-24,wk inc covid hosp,quantile,0.95,179.78996731925386
46,2026-10-03,3,2026-10-24,wk inc covid hosp,quantile,0.95,28.722349939350334
47,2026-10-03,3,2026-10-24,wk inc covid hosp,quantile,0.95,151.94170637703496
48,2026-10-03,3,2026-10-24,wk inc covid hosp,quantile,0.95,951.0411404255959
49,2026-10-03,3,2026-10-24,wk inc covid hosp,quantile,0.95,82.98966040192252
50,2026-10-03,3,2026-10-24,wk inc covid hosp,quantile,0.95,45.019183444059294
51,2026-10-03,3,2026-10-24,wk inc covid hosp,quantile,0.95,158.02451630422613
53,2026-10-03,3,2026-10-24,wk inc covid hosp,quantile,0.95,390.8552077810084
54,2026-10-03,3,2026-10-24,wk inc covid hosp,quantile,0.95,93.40678423961256
55,2026-10-03,3,2026-10-24,wk inc covid hosp,quantile,0.95,144.87308204435573
56,2026-10-03,3,2026-10-24,wk inc covid hosp,quantile,0.95,42.23180682872913
72,2026-10-03,3,2026-10-24,wk inc covid hosp,quantile,0.95,217.15458033600916
US,2026-10-03,3,2026-10-24,wk inc covid hosp,quantile,0.95,8549.417273630277
01,2026-10-03,0,2026-10-03,wk inc covid hosp,quantile,0.975,156.11816889307914
02,2026-10-03,0,2026-10-03,wk inc covid hosp,quantile,0.975,5.92760013806098
04,2026-10-03,0,2026-10-03,wk inc covid hosp,quantile,0.975,129.13593171472584
05,2026-10-03,0,2026-10-03,wk inc covid hosp,quantile,0.975,43.23312923135148
06,2026-10-03,0,2026-10-03,wk inc covid hosp,quantile,0.975,1361.0332636177363
08,2026-10-03,0,2026-10-03,wk inc covid hosp,quantile,0.975,67.11619488353672
09,2026-10-03,0,2026-10-03,wk inc covid hosp,quantile,0.975,78.46140648307588
10,2026-10-03,0,2026-10-03,wk inc covid hosp,quantile,0.975,26.282150705028023
11,2026-10-03,0,2026-10-03,wk inc covid hosp,quantile,0.975,21.734044489223823
12,2026-10-03,0,2026-10-03,wk inc covid hosp,quantile,0.975,966.8235661340997
13,2026-10-03,0,2026-10-03,wk inc covid hosp,quantile,0.975,143.58646066230034
15,2026-10-03,0,2026-10-03,wk inc covid hosp,quantile,0.975,73.72138287121021
16,2026-10-03,0,2026-10-03,wk inc covid hosp,quantile,0.975,34.38782473657141
17,2026-10-03,0,2026-10-03,wk inc covid hosp,quantile,0.975,131.52224641130735
18,2026-10-03,0,2026-10-03,wk inc covid hosp,quantile,0.975,57.50538481573381
19,2026-10-03,0,2026-10-03,wk inc covid hosp,quantile,0.975,37.94732004303663
20,2026-10-03,0,2026-10-03,wk inc covid hosp,quantile,0.975,19.108600437552436
21,2026-10-03,0,2026-10-03,wk inc covid hosp,quantile,0.975,41.3132103892283
22,2026-10-03,0,2026-10-03,wk inc covid hosp,quantile,0.975,136.8621435061861
23,2026-10-03,0,2026-10-03,wk inc covid hosp,quantile,0.975,17.78107603960227
24,2026-10-03,0,2026-10-03,wk inc covid hosp,quantile,0.975,79.45076298743518
25,2026-10-03,0,2026-10-03,wk inc covid hosp,quantile,0.975,96.97349695280012
26,2026-10-03,0,2026-10-03,wk inc covid hosp,quantile,0.975,113.58731429989098
27,2026-10-03,0,2026-10-03,wk inc covid hosp,quantile,0.975,63.10081249298822
28,2026-10-03,0,2026-10-03,wk inc covid hosp,quantile,0.975,46.431989882219646
29,2026-10-03,0,2026-10-03,wk inc covid hosp,quantile,0.975,83.54353081085777
30,2026-10-03,0,2026-10-03,wk inc covid hosp,quantile,0.975,17.227843469555708
31,2026-10-03,0,2026-10-03,wk inc covid hosp,quantile,0.975,18.943728398925916
32,2026-10-03,0,2026-10-03,wk inc covid hosp,quantile,0.975,53.59831243140586
33,2026-10-03,0,2026-10-03,wk inc covid hosp,quantile,0.975,35.24095850157422
34,2026-10-03,0,2026-10-03,wk inc covid hosp,quantile,0.975,257.74951482983465
35,2026-10-03,0,2026-10-03,wk inc covid hosp,quantile,0.975,17.985121007711577
36,2026-10-03,0,2026-10-03,wk inc covid hosp,quantile,0.975,436.5917169478365
37,2026-10-03,0,2026-10-03,wk inc covid hosp,quantile,0.975,280.8388420130967
38,2026-10-03,0,2026-10-03,wk inc covid hosp,quantile,0.975,11.061015140748582
39,2026-10-03,0,2026-10-03,wk inc covid hosp,quantile,0.975,129.4215112252948
40,2026-10-03,0,2026-10-03,wk inc covid hosp,quantile,0.975,34.9555317888133
41,2026-10-03,0,2026-10-03,wk inc covid hosp,quantile,0.975,83.01605656243247
42,2026-10-03,0,2026-10-03,wk inc covid hosp,quantile,0.975,361.030670725879
44,2026-10-03,0,2026-10-03,wk inc covid hosp,quantile,0.975,20.028956059879743
45,2026-10-03,0,2026-10-03,wk inc covid hosp,quantile,0.975,116.78010698229467
46,2026-10-03,0,2026-10-03,wk inc covid hosp,quantile,0.975,11.580942561595062
47,2026-10-03,0,2026-10-03,wk inc covid hosp,quantile,0.975,101.95519725007378
48,2026-10-03,0,2026-10-03,wk inc covid hosp,quantile,0.975,707.4684033215881
49,2026-10-03,0,2026-10-03,wk inc covid hosp,quantile,0.975,46.07421487579652
50,2026-10-03,0,2026-10-03,wk inc covid hosp,quantile,0.975,21.469469629385518
51,2026-10-03,0,2026-10-03,wk inc covid hosp,quantile,0.975,90.83392126633694
53,2026-10-03,0,2026-10-03,wk inc covid hosp,quantile,0.975,275.5119596354324
54,2026-10-03,0,2026-10-03,wk inc covid hosp,quantile,0.975,48.04536749513093
55,2026-10-03,0,2026-10-03,wk inc covid hosp,quantile,0.975,73.16749177445476
56,2026-10-03,0,2026-10-03,wk inc covid hosp,quantile,0.975,18.62998180183599
72,2026-10-03,0,2026-10-03,wk inc covid hosp,quantile,0.975,148.80852915731066
US,2026-10-03,0,2026-10-03,wk inc covid hosp,quantile,0.975,6288.848879129444
01,2026-10-03,1,2026-10-10,wk inc covid hosp,quantile,0.975,184.75071703215778
02,2026-10-03,1,2026-10-10,wk inc covid hosp,quantile,0.975,9.553340157169234
04,2026-10-03,1,2026-10-10,wk inc covid hosp,quantile,0.975,158.7810928008916
05,2026-10-03,1,2026-10-10,wk inc covid hosp,quantile,0.975,57.310803789665634
06,2026-10-03,1,2026-10-10,wk inc covid hosp,quantile,0.975,1506.5871982147487
08,2026-10-03,1,2026-10-10,wk inc covid hosp,quantile,0.975,84.24886671866454
09,2026-10-03,1,2026-10-10,wk inc covid hosp,quantile,0.975,109.5191499421703
10,2026-10-03,1,2026-10-10,wk inc covid hosp,quantile,0.975,36.04254657472456
11,2026-10-03,1,2026-10-10,wk inc covid hosp,quantile,0.975,29.33760002420549
12,2026-10-03,1,2026-10-10,wk inc covid hosp,quantile,0.975,1190.9983569923247
13,2026-10-03,1,2026-10-10,wk inc covid hosp,quantile,0.975,171.72763840244357
15,2026-10-03,1,2026-10-10,wk inc covid hosp,quantile,0.975,87.72545615432121
16,2026-10-03,1,2026-10-10,wk inc covid hosp,quantile,0.975,46.375699130620916
17,2026-10-03,1,2026-10-10,wk inc covid hosp,quantile,0.975,180.0296417771583
18,2026-10-03,1,2026-10-10,wk inc covid hosp,quantile,0.975,81.21828018523638
19,2026-10-03,1,2026-10-10,wk inc covid hosp,quantile,0.975,52.01670860618655
20,2026-10-03,1,2026-10-10,wk inc covid hosp,quantile,0.975,27.52215772069572
21,2026-10-03,1,2026-10-10,wk inc covid hosp,quantile,0.975,56.988479771597845
22,2026-10-03,1,2026-10-10,wk inc covid hosp,quantile,0.975,168.39215721036553
23,2026-10-03,1,2026-10-10,wk inc covid hosp,quantile,0.975,26.2978150759912
24,2026-10-03,1,2026-10-10,wk inc covid hosp,quantile,0.975,107.53796030589407
25,2026-10-03,1,2026-10-10,wk inc covid hosp,quantile,0.975,132.52646267188848
26,2026-10-03,1,2026-10-10,wk inc covid hosp,quantile,0.975,164.38809997189634
27,2026-10-03,1,2026-10-10,wk inc covid hosp,quantile,0.975,82.96605662050534
28,2026-10-03,1,2026-10-10,wk inc covid hosp,quantile,0.975,58.547185800074026
29,2026-10-03,1,2026-10-10,wk inc covid hosp,quantile,0.975,106.89061296059874
30,2026-10-03,1,2026-10-10,wk inc covid hosp,quantile,0.975,24.922646374958386
31,2026-10-03,1,2026-10-10,wk inc covid hosp,quantile,0.975,29.13650094022782
32,2026-10-03,1,2026-10-10,wk inc covid hosp,quantile,0.975,70.0783126044612
33,2026-10-03,1,2026-10-10,wk inc covid hosp,quantile,0.975,53.70181827514492
34,2026-10-03,1,2026-10-10,wk inc covid hosp,quantile,0.975,322.39640734978144
35,2026-10-03,1,2026-10-10,wk inc covid hosp,quantile,0.975,24.306792537186713
36,2026-10-03,1,2026-10-10,wk inc covid hosp,quantile,0.975,527.9092552058258
37,2026-10-03,1,2026-10-10,wk inc covid hosp,quantile,0.975,334.558045039965
38,2026-10-03,1,2026-10-10,wk inc covid hosp,quantile,0.975,17.227360954116897
39,2026-10-03,1,2026-10-10,wk inc covid hosp,quantile,0.975,172.60337487208267
40,2026-10-03,1,2026-10-10,wk inc covid hosp,quantile,0.975,47.50397418228294
41,2026-10-03,1,2026-10-10,wk inc covid hosp,quantile,0.975,103.67417954243666
42,2026-10-03,1,2026-10-10,wk inc covid hosp,quantile,0.975,475.87355796624047
44,2026-10-03,1,2026-10-10,wk inc covid hosp,quantile,0.975,28.199196288632596
45,2026-10-03,1,2026-10-10,wk inc covid hosp,quantile,0.975,143.72436542404893
46,2026-10-03,1,2026-10-10,wk inc covid hosp,quantile,0.975,17.391454354049987
47,2026-10-03,1,2026-10-10,wk inc covid hosp,quantile,0.975,123.1767629284819
48,2026-10-03,1,2026-10-10,wk inc covid hosp,quantile,0.975,829.4067872708503
49,2026-10-03,1,2026-10-10,wk inc covid hosp,quantile,0.975,61.2227177202899
50,2026-10-03,1,2026-10-10,wk inc covid hosp,quantile,0.975,31.246419038167517
51,2026-10-03,1,2026-10-10,wk inc covid hosp,quantile,0.975,119.7087104277989
53,2026-10-03,1,2026-10-10,wk inc covid hosp,quantile,0.975,330.67196036803637
54,2026-10-03,1,2026-10-10,wk inc covid hosp,quantile,0.975,65.78254974518504
55,2026-10-03,1,2026-10-10,wk inc covid hosp,quantile,0.975,96.54781680977335
56,2026-10-03,1,2026-10-10,wk inc covid hosp,quantile,0.975,29.53154515978747
72,2026-10-03,1,2026-10-10,wk inc covid hosp,quantile,0.975,178.10132591605802
US,2026-10-03,1,2026-10-10,wk inc covid hosp,quantile,0.975,7114.004132860313
01,2026-10-03,2,2026-10-17,wk inc covid hosp,quantile,0.975,213.23055827410903
02,2026-10-03,2,2026-10-17,wk inc covid hosp,quantile,0.975,12.706086836262019
04,2026-10-03,2,2026-10-17,wk inc covid hosp,quantile,0.975,194.01031745925758
05,2026-10-03,2,2026-10-17,wk inc covid hosp,quantile,0.975,75.92742041757059
06,2026-10-03,2,2026-10-17,wk inc covid hosp,quantile,0.975,1667.3325458473905
08,2026-10-03,2,2026-10-17,wk inc covid hosp,quantile,0.975,112.83349441908581
09,2026-10-03,2,2026-10-17,wk inc covid hosp,quantile,0.975,145.70890697710416
10,2026-10-03,2,2026-10-17,wk inc covid hosp,quantile,0.975,46.46282785412122
11,2026-10-03,2,2026-10-17,wk inc covid hosp,quantile,0.975,38.16851475490496
12,2026-10-03,2,2026-10-17,wk inc covid hosp,quantile,0.975,1415.1872779831508
13,2026-10-03,2,2026-10-17,wk inc covid hosp,quantile,0.975,198.33799833109694
15,2026-10-03,2,2026-10-17,wk inc covid hosp,quantile,0.975,105.41982927921096
16,2026-10-03,2,2026-10-17,wk inc covid hosp,quantile,0.975,59.51293387801546
17,2026-10-03,2,2026-10-17,wk inc covid hosp,quantile,0.975,236.24227949786402
18,2026-10-03,2,2026-10-17,wk inc covid hosp,quantile,0.975,109.44425092469676
19,2026-10-03,2,2026-10-17,wk inc covid hosp,quantile,0.975,67.15560513577637
20,2026-10-03,2,2026-10-17,wk inc covid hosp,quantile,0.975,39.460228007250485
21,2026-10-03,2,2026-10-17,wk inc covid hosp,quantile,0.975,77.11830997053278
22,2026-10-03,2,2026-10-17,wk inc covid hosp,quantile,0.975,198.9797435913435
23,2026-10-03,2,2026-10-17,wk inc covid hosp,quantile,0.975,38.68369023150329
24,2026-10-03,2,2026-10-17,wk inc covid hosp,quantile,0.975,132.9170588873812
25,2026-10-03,2,2026-10-17,wk inc covid hosp,quantile,0.975,170.44934788244777
26,2026-10-03,2,2026-10-17,wk inc covid hosp,quantile,0.975,229.23894078306614
27,2026-10-03,2,2026-10-17,wk inc covid hosp,quantile,0.975,107.45444358256134
28,2026-10-03,2,2026-10-17,wk inc covid hosp,quantile,0.975,72.64285463845967
29,2026-10-03,2,2026-10-17,wk inc covid hosp,quantile,0.975,138.84978062903716
30,2026-10-03,2,2026-10-17,wk inc covid hosp,quantile,0.975,34.728383258855715
31,2026-10-03,2,2026-10-17,wk inc covid hosp,quantile,0.975,41.54448377154966
32,2026-10-03,2,2026-10-17,wk inc covid hosp,quantile,0.975,81.25581584123366
33,2026-10-03,2,2026-10-17,wk inc covid hosp,quantile,0.975,72.50634676111217
34,2026-10-03,2,2026-10-17,wk inc covid hosp,quantile,0.975,396.9568503245023
35,2026-10-03,2,2026-10-17,wk inc covid hosp,quantile,0.975,33.136448594869584
36,2026-10-03,2,2026-10-17,wk inc covid hosp,quantile,0.975,624.2923074765539
37,2026-10-03,2,2026-10-17,wk inc covid hosp,quantile,0.975,380.5359377890747
38,2026-10-03,2,2026-10-17,wk inc covid hosp,quantile,0.975,24.399653613987585
39,2026-10-03,2,2026-10-17,wk inc covid hosp,quantile,0.975,229.43817170416165
40,2026-10-03,2,2026-10-17,wk inc covid hosp,quantile,0.975,63.97477081666043
41,2026-10-03,2,2026-10-17,wk inc covid hosp,quantile,0.975,124.32414641980685
42,2026-10-03,2,2026-10-17,wk inc covid hosp,quantile,0.975,598.6381119856486
44,2026-10-03,2,2026-10-17,wk inc covid hosp,quantile,0.975,39.19291675799207
45,2026-10-03,2,2026-10-17,wk inc covid hosp,quantile,0.975,177.86374840307474
46,2026-10-03,2,2026-10-17,wk inc covid hosp,quantile,0.975,25.531294250580153
47,2026-10-03,2,2026-10-17,wk inc covid hosp,quantile,0.975,151.07599574452553
48,2026-10-03,2,2026-10-17,wk inc covid hosp,quantile,0.975,939.5646685172711
49,2026-10-03,2,2026-10-17,wk inc covid hosp,quantile,0.975,80.23913913453298
50,2026-10-03,2,2026-10-17,wk inc covid hosp,quantile,0.975,43.340933466724465
51,2026-10-03,2,2026-10-17,wk inc covid hosp,quantile,0.975,147.0359886552868
53,2026-10-03,2,2026-10-17,wk inc covid hosp,quantile,0.975,386.73245360617244
54,2026-10-03,2,2026-10-17,wk inc covid hosp,quantile,0.975,86.92459397176695
55,2026-10-03,2,2026-10-17,wk inc covid hosp,quantile,0.975,135.9480295778335
56,2026-10-03,2,2026-10-17,wk inc covid hosp,quantile,0.975,40.81640584847836
72,2026-10-03,2,2026-10-17,wk inc covid hosp,quantile,0.975,216.0826151206598
US,2026-10-03,2,2026-10-17,wk inc covid hosp,quantile,0.975,8188.4219944772
01,2026-10-03,3,2026-10-24,wk inc covid hosp,quantile,0.975,241.85405961415313
02,2026-10-03,3,2026-10-24,wk inc covid hosp,quantile,0.975,19.141723360802573
04,2026-10-03,3,2026-10-24,wk inc covid hosp,quantile,0.975,231.63264321434326
05,2026-10-03,3,2026-10-24,wk inc covid hosp,quantile,0.975,98.46796821004492
06,2026-10-03,3,2026-10-24,wk inc covid hosp,quantile,0.975,1792.6245558112967
08,2026-10-03,3,2026-10-24,wk inc covid hosp,quantile,0.975,135.55698675597517
09,2026-10-03,3,2026-10-24,wk inc covid hosp,quantile,0.975,188.0287836443719
10,2026-10-03,3,2026-10-24,wk inc covid hosp,quantile,0.975,55.787614054087314
11,2026-10-03,3,2026-10-24,wk inc covid hosp,quantile,0.975,48.23350438457792
12,2026-10-03,3,2026-10-24,wk inc covid hosp,quantile,0.975,1652.656095554438
13,2026-10-03,3,2026-10-24,wk inc covid hosp,quantile,0.975,230.52726066738958
15,2026-10-03,3,2026-10-24,wk inc covid hosp,quantile,0.975,126.96462166725593
16,2026-10-03,3,2026-10-24,wk inc covid hosp,quantile,0.975,70.35917904735977
17,2026-10-03,3,2026-10-24,wk inc covid hosp,quantile,0.975,284.2790294407466
18,2026-10-03,3,2026-10-24,wk inc covid hosp,quantile,0.975,137.90048522469922
19,2026-10-03,3,2026-10-24,wk inc covid hosp,quantile,0.975,86.33851361871896
20,2026-10-03,3,2026-10-24,wk inc covid hosp,quantile,0.975,55.194077923482425
21,2026-10-03,3,2026-10-24,wk inc covid hosp,quantile,0.975,93.69005418634599
22,2026-10-03,3,2026-10-24,wk inc covid hosp,quantile,0.975,235.9620638646542
23,2026-10-03,3,2026-10-24,wk inc covid hosp,quantile,0.975,49.18734620834878
24,2026-10-03,3,2026-10-24,wk inc covid hosp,quantile,0.975,167.0606640008246
25,2026-10-03,3,2026-10-24,wk inc covid hosp,quantile,0.975,211.48638930074193
26,2026-10-03,3,2026-10-24,wk inc covid hosp,quantile,0.975,291.2586844510565
27,2026-10-03,3,2026-10-24,wk inc covid hosp,quantile,0.975,133.76816999565852
28,2026-10-03,3,2026-10-24,wk inc covid hosp,quantile,0.975,87.23237753472124
29,2026-10-03,3,2026-10-24,wk inc covid hosp,quantile,0.975,166.26378090208905
30,2026-10-03,3,2026-10-24,wk inc covid hosp,quantile,0.975,44.439103060974375
31,2026-10-03,3,2026-10-24,wk inc covid hosp,quantile,0.975,55.350426961817156
32,2026-10-03,3,2026-10-24,wk inc covid hosp,quantile,0.975,98.41963990027318
33,2026-10-03,3,2026-10-24,wk inc covid hosp,quantile,0.975,92.66375692671625
34,2026-10-03,3,2026-10-24,wk inc covid hosp,quantile,0.975,485.2757933519072
35,2026-10-03,3,2026-10-24,wk inc covid hosp,quantile,0.975,44.870451356073005
36,2026-10-03,3,2026-10-24,wk inc covid hosp,quantile,0.975,725.7958090379057
37,2026-10-03,3,2026-10-24,wk inc covid hosp,quantile,0.975,433.57525280735337
38,2026-10-03,3,2026-10-24,wk inc covid hosp,quantile,0.975,32.406313437453385
39,2026-10-03,3,2026-10-24,wk inc covid hosp,quantile,0.975,287.5028466119834
40,2026-10-03,3,2026-10-24,wk inc covid hosp,quantile,0.975,76.9998104805308
41,2026-10-03,3,2026-10-24,wk inc covid hosp,quantile,0.975,151.48319923231554
42,2026-10-03,3,2026-10-24,wk inc covid hosp,quantile,0.975,715.184357410104
44,2026-10-03,3,2026-10-24,wk inc covid hosp,quantile,0.975,52.55468341854859
45,2026-10-03,3,2026-10-24,wk inc covid hosp,quantile,0.975,203.97621296839935
46,2026-10-03,3,2026-10-24,wk inc covid hosp,quantile,0.975,38.563904149999885
47,2026-10-03,3,2026-10-24,wk inc covid hosp,quantile,0.975,178.28079005679265
48,2026-10-03,3,2026-10-24,wk inc covid hosp,quantile,0.975,1072.8334674888165
49,2026-10-03,3,2026-10-24,wk inc covid hosp,quantile,0.975,99.5155930163195
50,2026-10-03,3,2026-10-24,wk inc covid hosp,quantile,0.975,57.660515091861974
51,2026-10-03,3,2026-10-24,wk inc covid hosp,quantile,0.975,181.44743628864296
53,2026-10-03,3,2026-10-24,wk inc covid hosp,quantile,0.975,429.75227334406236
54,2026-10-03,3,2026-10-24,wk inc covid hosp,quantile,0.975,109.3006426644365
55,2026-10-03,3,2026-10-24,wk inc covid hosp,quantile,0.975,167.7008101880409
56,2026-10-03,3,2026-10-24,wk inc covid hosp,quantile,0.975,53.956749556698824
72,2026-10-03,3,2026-10-24,wk inc covid hosp,quantile,0.975,253.04782716433633
US,2026-10-03,3,2026-10-24,wk inc covid hosp,quantile,0.975,9368.406714612907
01,2026-10-03,0,2026-10-03,wk inc covid hosp,quantile,0.99,169.31232717333592
02,2026-10-03,0,2026-10-03,wk inc covid hosp,quantile,0.99,6.969080571787207
04,2026-10-03,0,2026-10-03,wk inc covid hosp,quantile,0.99,140.82234023175633
05,2026-10-03,0,2026-10-03,wk inc covid hosp,quantile,0.99,49.321657391353085
06,2026-10-03,0,2026-10-03,wk inc covid hosp,quantile,0.99,1413.1861814481374
08,2026-10-03,0,2026-10-03,wk inc covid hosp,quantile,0.99,76.24640782159042
09,2026-10-03,0,2026-10-03,wk inc covid hosp,quantile,0.99,87.68380124786444
10,2026-10-03,0,2026-10-03,wk inc covid hosp,quantile,0.99,30.7267225364216
11,2026-10-03,0,2026-10-03,wk inc covid hosp,quantile,0.99,25.460683765978033
12,2026-10-03,0,2026-10-03,wk inc covid hosp,quantile,0.99,1034.8170674436983
13,2026-10-03,0,2026-10-03,wk inc covid hosp,quantile,0.99,156.2388411321631
15,2026-10-03,0,2026-10-03,wk inc covid hosp,quantile,0.99,79.14350152368063
16,2026-10-03,0,2026-10-03,wk inc covid hosp,quantile,0.99,40.18673939420028
17,2026-10-03,0,2026-10-03,wk inc covid hosp,quantile,0.99,142.68098475789046
18,2026-10-03,0,2026-10-03,wk inc covid hosp,quantile,0.99,65.52195696116303
19,2026-10-03,0,2026-10-03,wk inc covid hosp,quantile,0.99,41.74692055141534
20,2026-10-03,0,2026-10-03,wk inc covid hosp,quantile,0.99,21.682692359272973
21,2026-10-03,0,2026-10-03,wk inc covid hosp,quantile,0.99,47.853930239977075
22,2026-10-03,0,2026-10-03,wk inc covid hosp,quantile,0.99,150.20695052041418
23,2026-10-03,0,2026-10-03,wk inc covid hosp,quantile,0.99,19.748158777902276
24,2026-10-03,0,2026-10-03,wk inc covid hosp,quantile,0.99,84.75760740895969
25,2026-10-03,0,2026-10-03,wk inc covid hosp,quantile,0.99,106.24035900338347
26,2026-10-03,0,2026-10-03,wk inc covid hosp,quantile,0.99,132.49491582650373
27,2026-10-03,0,2026-10-03,wk inc covid hosp,quantile,0.99,69.99133028339045
28,2026-10-03,0,2026-10-03,wk inc covid hosp,quantile,0.99,51.96035510835464
29,2026-10-03,0,2026-10-03,wk inc covid hosp,quantile,0.99,91.90392273895759
30,2026-10-03,0,2026-10-03,wk inc covid hosp,quantile,0.99,21.134097036318014
31,2026-10-03,0,2026-10-03,wk inc covid hosp,quantile,0.99,22.192353645223346
32,2026-10-03,0,2026-10-03,wk inc covid hosp,quantile,0.99,60.33085715494895
33,2026-10-03,0,2026-10-03,wk inc covid hosp,quantile,0.99,40.37754253054797
34,2026-10-03,0,2026-10-03,wk inc covid hosp,quantile,0.99,275.78575761182356
35,2026-10-03,0,2026-10-03,wk inc covid hosp,quantile,0.99,19.829892464382443
36,2026-10-03,0,2026-10-03,wk inc covid hosp,quantile,0.99,462.32389015881836
37,2026-10-03,0,2026-10-03,wk inc covid hosp,quantile,0.99,297.7026869196982
38,2026-10-03,0,2026-10-03,wk inc covid hosp,quantile,0.99,13.277916689827864
39,2026-10-03,0,2026-10-03,wk inc covid hosp,quantile,0.99,146.7912668653549
40,2026-10-03,0,2026-10-03,wk inc covid hosp,quantile,0.99,38.22138252940297
41,2026-10-03,0,2026-10-03,wk inc covid hosp,quantile,0.99,93.00161549648635
42,2026-10-03,0,2026-10-03,wk inc covid hosp,quantile,0.99,401.40577870464375
44,2026-10-03,0,2026-10-03,wk inc covid hosp,quantile,0.99,22.434535595122608
45,2026-10-03,0,2026-10-03,wk inc covid hosp,quantile,0.99,126.5824653051049
46,2026-10-03,0,2026-10-03,wk inc covid hosp,quantile,0.99,13.851373612571466
47,2026-10-03,0,2026-10-03,wk inc covid hosp,quantile,0.99,110.66001885950817
48,2026-10-03,0,2026-10-03,wk inc covid hosp,quantile,0.99,767.2053699730376
49,2026-10-03,0,2026-10-03,wk inc covid hosp,quantile,0.99,52.6336898372534
50,2026-10-03,0,2026-10-03,wk inc covid hosp,quantile,0.99,24.91234843270117
51,2026-10-03,0,2026-10-03,wk inc covid hosp,quantile,0.99,100.45801140370504
53,2026-10-03,0,2026-10-03,wk inc covid hosp,quantile,0.99,285.81656027439124
54,2026-10-03,0,2026-10-03,wk inc covid hosp,quantile,0.99,53.55782794736475
55,2026-10-03,0,2026-10-03,wk inc covid hosp,quantile,0.99,80.11808728340824
56,2026-10-03,0,2026-10-03,wk inc covid hosp,quantile,0.99,23.035662485582822
72,2026-10-03,0,2026-10-03,wk inc covid hosp,quantile,0.99,163.59264392188652
US,2026-10-03,0,2026-10-03,wk inc covid hosp,quantile,0.99,6592.907605763141
01,2026-10-03,1,2026-10-10,wk inc covid hosp,quantile,0.99,199.87671397982652
02,2026-10-03,1,2026-10-10,wk inc covid hosp,quantile,0.99,11.53132426024094
04,2026-10-03,1,2026-10-10,wk inc covid hosp,quantile,0.99,180.08465065369793
05,2026-10-03,1,2026-10-10,wk inc covid hosp,quantile,0.99,66.30062732404947
06,2026-10-03,1,2026-10-10,wk inc covid hosp,quantile,0.99,1573.7372760734609
08,2026-10-03,1,2026-10-10,wk inc covid hosp,quantile,0.99,93.76979742095804
09,2026-10-03,1,2026-10-10,wk inc covid hosp,quantile,0.99,130.1421179560384
10,2026-10-03,1,2026-10-10,wk inc covid hosp,quantile,0.99,44.81508797722812
11,2026-10-03,1,2026-10-10,wk inc covid hosp,quantile,0.99,37.59500284294452
12,2026-10-03,1,2026-10-10,wk inc covid hosp,quantile,0.99,1347.8754974516908
13,2026-10-03,1,2026-10-10,wk inc covid hosp,quantile,0.99,186.8391881177194
15,2026-10-03,1,2026-10-10,wk inc covid hosp,quantile,0.99,99.07112739642993
16,2026-10-03,1,2026-10-10,wk inc covid hosp,quantile,0.99,52.789384127092454
17,2026-10-03,1,2026-10-10,wk inc covid hosp,quantile,0.99,201.06926902026746
18,2026-10-03,1,2026-10-10,wk inc covid hosp,quantile,0.99,90.93822052739353
19,2026-10-03,1,2026-10-10,wk inc covid hosp,quantile,0.99,59.22472304114277
20,2026-10-03,1,2026-10-10,wk inc covid hosp,quantile,0.99,34.76149717525948
21,2026-10-03,1,2026-10-10,wk inc covid hosp,quantile,0.99,67.86787623945818
22,2026-10-03,1,2026-10-10,wk inc covid hosp,quantile,0.99,187.45688897144024
23,2026-10-03,1,2026-10-10,wk inc covid hosp,quantile,0.99,32.215383906166004
24,2026-10-03,1,2026-10-10,wk inc covid hosp,quantile,0.99,116.75646266685611
25,2026-10-03,1,2026-10-10,wk inc covid hosp,quantile,0.99,144.77717860227594
26,2026-10-03,1,2026-10-10,wk inc covid hosp,quantile,0.99,196.93638256482882
27,2026-10-03,1,2026-10-10,wk inc covid hosp,quantile,0.99,94.06686782721314
28,2026-10-03,1,2026-10-10,wk inc covid hosp,quantile,0.99,66.04078960295993
29,2026-10-03,1,2026-10-10,wk inc covid hosp,quantile,0.99,116.75404059148018
30,2026-10-03,1,2026-10-10,wk inc covid hosp,quantile,0.99,30.873964303147815
31,2026-10-03,1,2026-10-10,wk inc covid hosp,quantile,0.99,34.04664045114215
32,2026-10-03,1,2026-10-10,wk inc covid hosp,quantile,0.99,80.17452126241577
33,2026-10-03,1,2026-10-10,wk inc covid hosp,quantile,0.99,61.43325684945181
34,2026-10-03,1,2026-10-10,wk inc covid hosp,quantile,0.99,350.0773589103409
35,2026-10-03,1,2026-10-10,wk inc covid hosp,quantile,0.99,29.6160315156499
36,2026-10-03,1,2026-10-10,wk inc covid hosp,quantile,0.99,577.6556217961768
37,2026-10-03,1,2026-10-10,wk inc covid hosp,quantile,0.99,363.00713511370884
38,2026-10-03,1,2026-10-10,wk inc covid hosp,quantile,0.99,20.678655648674034
39,2026-10-03,1,2026-10-10,wk inc covid hosp,quantile,0.99,205.40919615607766
40,2026-10-03,1,2026-10-10,wk inc covid hosp,quantile,0.99,54.47115013896793
41,2026-10-03,1,2026-10-10,wk inc covid hosp,quantile,0.99,116.86811499731947
42,2026-10-03,1,2026-10-10,wk inc covid hosp,quantile,0.99,544.6066680278402
44,2026-10-03,1,2026-10-10,wk inc covid hosp,quantile,0.99,33.579917301539595
45,2026-10-03,1,2026-10-10,wk inc covid hosp,quantile,0.99,160.86318638199944
46,2026-10-03,1,2026-10-10,wk inc covid hosp,quantile,0.99,21.116457890697905
47,2026-10-03,1,2026-10-10,wk inc covid hosp,quantile,0.99,139.42643923531048
48,2026-10-03,1,2026-10-10,wk inc covid hosp,quantile,0.99,919.1349327434951
49,2026-10-03,1,2026-10-10,wk inc covid hosp,quantile,0.99,70.56881633519885
50,2026-10-03,1,2026-10-10,wk inc covid hosp,quantile,0.99,39.44067882628853
51,2026-10-03,1,2026-10-10,wk inc covid hosp,quantile,0.99,142.29152598635662
53,2026-10-03,1,2026-10-10,wk inc covid hosp,quantile,0.99,355.4326550619323
54,2026-10-03,1,2026-10-10,wk inc covid hosp,quantile,0.99,74.8373857415913
55,2026-10-03,1,2026-10-10,wk inc covid hosp,quantile,0.99,112.70750011598382
56,2026-10-03,1,2026-10-10,wk inc covid hosp,quantile,0.99,37.597393260565276
72,2026-10-03,1,2026-10-10,wk inc covid hosp,quantile,0.99,203.76553271018184
US,2026-10-03,1,2026-10-10,wk inc covid hosp,quantile,0.99,7601.070207217524
01,2026-10-03,2,2026-10-17,wk inc covid hosp,quantile,0.99,232.60595764734947
02,2026-10-03,2,2026-10-17,wk inc covid hosp,quantile,0.99,18.542354935543873
04,2026-10-03,2,2026-10-17,wk inc covid hosp,quantile,0.99,221.0658897053262
05,2026-10-03,2,2026-10-17,wk inc covid hosp,quantile,0.99,86.53995092890275
06,2026-10-03,2,2026-10-17,wk inc covid hosp,quantile,0.99,1830.2055599734872
08,2026-10-03,2,2026-10-17,wk inc covid hosp,quantile,0.99,123.9768454398744
09,2026-10-03,2,2026-10-17,wk inc covid hosp,quantile,0.99,168.29222395589943
10,2026-10-03,2,2026-10-17,wk inc covid hosp,quantile,0.99,52.858719463417636
11,2026-10-03,2,2026-10-17,wk inc covid hosp,quantile,0.99,46.14097519373813
12,2026-10-03,2,2026-10-17,wk inc covid hosp,quantile,0.99,1602.7739867620455
13,2026-10-03,2,2026-10-17,wk inc covid hosp,quantile,0.99,219.0402381485925
15,2026-10-03,2,2026-10-17,wk inc covid hosp,quantile,0.99,121.57898242903939
16,2026-10-03,2,2026-10-17,wk inc covid hosp,quantile,0.99,71.04228979529913
17,2026-10-03,2,2026-10-17,wk inc covid hosp,quantile,0.99,270.9901299473887
18,2026-10-03,2,2026-10-17,wk inc covid hosp,quantile,0.99,127.79847412028388
19,2026-10-03,2,2026-10-17,wk inc covid hosp,quantile,0.99,78.89220653446944
20,2026-10-03,2,2026-10-17,wk inc covid hosp,quantile,0.99,46.16901944865956
21,2026-10-03,2,2026-10-17,wk inc covid hosp,quantile,0.99,90.20068218434159
22,2026-10-03,2,2026-10-17,wk inc covid hosp,quantile,0.99,228.46793702450688
23,2026-10-03,2,2026-10-17,wk inc covid hosp,quantile,0.99,45.45972561477378
24,2026-10-03,2,2026-10-17,wk inc covid hosp,quantile,0.99,149.86695657498245
25,2026-10-03,2,2026-10-17,wk inc covid hosp,quantile,0.99,183.34554972631682
26,2026-10-03,2,2026-10-17,wk inc covid hosp,quantile,0.99,264.35365074660444
27,2026-10-03,2,2026-10-17,wk inc covid hosp,quantile,0.99,123.47186726088493
28,2026-10-03,2,2026-10-17,wk inc covid hosp,quantile,0.99,84.78480440034801
29,2026-10-03,2,2026-10-17,wk inc covid hosp,quantile,0.99,155.38159533540957
30,2026-10-03,2,2026-10-17,wk inc covid hosp,quantile,0.99,43.36019757590584
31,2026-10-03,2,2026-10-17,wk inc covid hosp,quantile,0.99,49.59017037704817
32,2026-10-03,2,2026-10-17,wk inc covid hosp,quantile,0.99,94.34493705384452
33,2026-10-03,2,2026-10-17,wk inc covid hosp,quantile,0.99,87.95892895067657
34,2026-10-03,2,2026-10-17,wk inc covid hosp,quantile,0.99,459.3267568609915
35,2026-10-03,2,2026-10-17,wk inc covid hosp,quantile,0.99,41.19621148729214
36,2026-10-03,2,2026-10-17,wk inc covid hosp,quantile,0.99,694.5952512342959
37,2026-10-03,2,2026-10-17,wk inc covid hosp,quantile,0.99,418.80857574586446
38,2026-10-03,2,2026-10-17,wk inc covid hosp,quantile,0.99,31.998249594102024
39,2026-10-03,2,2026-10-17,wk inc covid hosp,quantile,0.99,265.6870493543964
40,2026-10-03,2,2026-10-17,wk inc covid hosp,quantile,0.99,74.24526668183562
41,2026-10-03,2,2026-10-17,wk inc covid hosp,quantile,0.99,142.49478246206172
42,2026-10-03,2,2026-10-17,wk inc covid hosp,quantile,0.99,655.1357391180529
44,2026-10-03,2,2026-10-17,wk inc covid hosp,quantile,0.99,45.54126297364828
45,2026-10-03,2,2026-10-17,wk inc covid hosp,quantile,0.99,205.73387636189636
46,2026-10-03,2,2026-10-17,wk inc covid hosp,quantile,0.99,34.09613132461496
47,2026-10-03,2,2026-10-17,wk inc covid hosp,quantile,0.99,172.62361838351893
48,2026-10-03,2,2026-10-17,wk inc covid hosp,quantile,0.99,1049.2557964658572
49,2026-10-03,2,2026-10-17,wk inc covid hosp,quantile,0.99,89.88886447747315
50,2026-10-03,2,2026-10-17,wk inc covid hosp,quantile,0.99,57.862381938822494
51,2026-10-03,2,2026-10-17,wk inc covid hosp,quantile,0.99,176.938322072557
53,2026-10-03,2,2026-10-17,wk inc covid hosp,quantile,0.99,423.1100432021299
54,2026-10-03,2,2026-10-17,wk inc covid hosp,quantile,0.99,99.11554565801951
55,2026-10-03,2,2026-10-17,wk inc covid hosp,quantile,0.99,154.1532015015355
56,2026-10-03,2,2026-10-17,wk inc covid hosp,quantile,0.99,57.78759221195897
72,2026-10-03,2,2026-10-17,wk inc covid hosp,quantile,0.99,249.27800293019558
US,2026-10-03,2,2026-10-17,wk inc covid hosp,quantile,0.99,8957.090628688662
01,2026-10-03,3,2026-10-24,wk inc covid hosp,quantile,0.99,276.5678672476987
02,2026-10-03,3,2026-10-24,wk inc covid hosp,quantile,0.99,25.01050863892415
04,2026-10-03,3,2026-10-24,wk inc covid hosp,quantile,0.99,272.69880725410087
05,2026-10-03,3,2026-10-24,wk inc covid hosp,quantile,0.99,114.38300075085044
06,2026-10-03,3,2026-10-24,wk inc covid hosp,quantile,0.99,2021.5622603138095
08,2026-10-03,3,2026-10-24,wk inc covid hosp,quantile,0.99,156.11372819414723
09,2026-10-03,3,2026-10-24,wk inc covid hosp,quantile,0.99,226.8282005231694
10,2026-10-03,3,2026-10-24,wk inc covid hosp,quantile,0.99,68.80399014153257
11,2026-10-03,3,2026-10-24,wk inc covid hosp,quantile,0.99,62.59977718223663
12,2026-10-03,3,2026-10-24,wk inc covid hosp,quantile,0.99,1884.2824786967265
13,2026-10-03,3,2026-10-24,wk inc covid hosp,quantile,0.99,260.61248173671737
15,2026-10-03,3,2026-10-24,wk inc covid hosp,quantile,0.99,152.66446807816928
16,2026-10-03,3,2026-10-24,wk inc covid hosp,quantile,0.99,84.07654140264816
17,2026-10-03,3,2026-10-24,wk inc covid hosp,quantile,0.99,331.59072868532223
18,2026-10-03,3,2026-10-24,wk inc covid hosp,quantile,0.99,169.21279972124924
19,2026-10-03,3,2026-10-24,wk inc covid hosp,quantile,0.99,105.20972136129801
20,2026-10-03,3,2026-10-24,wk inc covid hosp,quantile,0.99,70.12982235660049
21,2026-10-03,3,2026-10-24,wk inc covid hosp,quantile,0.99,117.21104663403338
22,2026-10-03,3,2026-10-24,wk inc covid hosp,quantile,0.99,270.0362436721069
23,2026-10-03,3,2026-10-24,wk inc covid hosp,quantile,0.99,60.254624433663345
24,2026-10-03,3,2026-10-24,wk inc covid hosp,quantile,0.99,192.79334860000628
25,2026-10-03,3,2026-10-24,wk inc covid hosp,quantile,0.99,248.88526162502217
26,2026-10-03,3,2026-10-24,wk inc covid hosp,quantile,0.99,351.6835698429572
27,2026-10-03,3,2026-10-24,wk inc covid hosp,quantile,0.99,161.3264349588459
28,2026-10-03,3,2026-10-24,wk inc covid hosp,quantile,0.99,100.04960442739872
29,2026-10-03,3,2026-10-24,wk inc covid hosp,quantile,0.99,189.45661823993026
30,2026-10-03,3,2026-10-24,wk inc covid hosp,quantile,0.99,60.621912155622525
31,2026-10-03,3,2026-10-24,wk inc covid hosp,quantile,0.99,67.20813023689495
32,2026-10-03,3,2026-10-24,wk inc covid hosp,quantile,0.99,113.28841019233637
33,2026-10-03,3,2026-10-24,wk inc covid hosp,quantile,0.99,111.94515835674694
34,2026-10-03,3,2026-10-24,wk inc covid hosp,quantile,0.99,556.8976686477241
35,2026-10-03,3,2026-10-24,wk inc covid hosp,quantile,0.99,56.892583861856906
36,2026-10-03,3,2026-10-24,wk inc covid hosp,quantile,0.99,781.7144190383561
37,2026-10-03,3,2026-10-24,wk inc covid hosp,quantile,0.99,483.9455559241439
38,2026-10-03,3,2026-10-24,wk inc covid hosp,quantile,0.99,41.458266116936926
39,2026-10-03,3,2026-10-24,wk inc covid hosp,quantile,0.99,333.9407811800521
40,2026-10-03,3,2026-10-24,wk inc covid hosp,quantile,0.99,94.83662316285044
41,2026-10-03,3,2026-10-24,wk inc covid hosp,quantile,0.99,169.50481210600498
42,2026-10-03,3,2026-10-24,wk inc covid hosp,quantile,0.99,864.651452885695
44,2026-10-03,3,2026-10-24,wk inc covid hosp,quantile,0.99,64.32145611199026
45,2026-10-03,3,2026-10-24,wk inc covid hosp,quantile,0.99,230.88940372628983
46,2026-10-03,3,2026-10-24,wk inc covid hosp,quantile,0.99,51.50668077631652
47,2026-10-03,3,2026-10-24,wk inc covid hosp,quantile,0.99,220.45032312724751
48,2026-10-03,3,2026-10-24,wk inc covid hosp,quantile,0.99,1223.0711548629797
49,2026-10-03,3,2026-10-24,wk inc covid hosp,quantile,0.99,119.53154232026246
50,2026-10-03,3,2026-10-24,wk inc covid hosp,quantile,0.99,80.51202549187487
51,2026-10-03,3,2026-10-24,wk inc covid hosp,quantile,0.99,219.57677775825846
53,2026-10-03,3,2026-10-24,wk inc covid hosp,quantile,0.99,464.308501076078
54,2026-10-03,3,2026-10-24,wk inc covid hosp,quantile,0.99,126.30991179042948
55,2026-10-03,3,2026-10-24,wk inc covid hosp,quantile,0.99,189.00655384423695
56,2026-10-03,3,2026-10-24,wk inc covid hosp,quantile,0.99,73.41080695300148
72,2026-10-03,3,2026-10-24,wk inc covid hosp,quantile,0.99,294.8263548129277
US,2026-10-03,3,2026-10-24,wk inc covid hosp,quantile,0.99,10081.819754931306
