location,reference_date,horizon,target_end_date,target,output_type,output_type_id,value
01,2026-08-08,0,2026-08-08,wk inc covid hosp,quantile,0.01,24.021866005022336
02,2026-08-08,0,2026-08-08,wk inc covid hosp,quantile,0.01,0.0
04,2026-08-08,0,2026-08-08,wk inc covid hosp,quantile,0.01,2.3116776038043123
05,2026-08-08,0,2026-08-08,wk inc covid hosp,quantile,0.01,0.0
06,2026-08-08,0,2026-08-08,wk inc covid hosp,quantile,0.01,215.99300608481926
08,2026-08-08,0,2026-08-08,wk inc covid hosp,quantile,0.01,0.0
09,2026-08-08,0,2026-08-08,wk inc covid hosp,quantile,0.01,0.0
10,2026-08-08,0,2026-08-08,wk inc covid hosp,quantile,0.01,0.0
11,2026-08-08,0,2026-08-08,wk inc covid hosp,quantile,0.01,0.0
12,2026-08-08,0,2026-08-08,wk inc covid hosp,quantile,0.01,117.85353962355721
13,2026-08-08,0,2026-08-08,wk inc covid hosp,quantile,0.01,25.847625923205356
15,2026-08-08,0,2026-08-08,wk inc covid hosp,quantile,0.01,3.1917895368837472
16,2026-08-08,0,2026-08-08,wk inc covid hosp,quantile,0.01,0.0
17,2026-08-08,0,2026-08-08,wk inc covid hosp,quantile,0.01,0.49176617318385746
18,2026-08-08,0,2026-08-08,wk inc covid hosp,quantile,0.01,0.0
19,2026-08-08,0,2026-08-08,wk inc covid hosp,quantile,0.01,0.0
20,2026-08-08,0,2026-08-08,wk inc covid hosp,quantile,0.01,0.0
21,2026-08-08,0,2026-08-08,wk inc covid hosp,quantile,0.01,0.0
22,2026-08-08,0,2026-08-08,wk inc covid hosp,quantile,0.01,21.946585432030364
23,2026-08-08,0,2026-08-08,wk inc covid hosp,quantile,0.01,0.0
24,2026-08-08,0,2026-08-08,wk inc covid hosp,quantile,0.01,0.0
25,2026-08-08,0,2026-08-08,wk inc covid hosp,quantile,0.01,0.0
26,2026-08-08,0,2026-08-08,wk inc covid hosp,quantile,0.01,0.0
27,2026-08-08,0,2026-08-08,wk inc covid hosp,quantile,0.01,1.0487895872510562
28,2026-08-08,0,2026-08-08,wk inc covid hosp,quantile,0.01,7.844039833483376
29,2026-08-08,0,2026-08-08,wk inc covid hosp,quantile,0.01,0.0
30,2026-08-08,0,2026-08-08,wk inc covid hosp,quantile,0.01,0.0
31,2026-08-08,0,2026-08-08,wk inc covid hosp,quantile,0.01,0.0
32,2026-08-08,0,2026-08-08,wk inc covid hosp,quantile,0.01,5.274967446059059
33,2026-08-08,0,2026-08-08,wk inc covid hosp,quantile,0.01,0.0
34,2026-08-08,0,2026-08-08,wk inc covid hosp,quantile,0.01,3.118664693835847
35,2026-08-08,0,2026-08-08,wk inc covid hosp,quantile,0.01,0.0
36,2026-08-08,0,2026-08-08,wk inc covid hosp,quantile,0.01,41.406761578291956
37,2026-08-08,0,2026-08-08,wk inc covid hosp,quantile,0.01,37.116265939402844
38,2026-08-08,0,2026-08-08,wk inc covid hosp,quantile,0.01,0.0
39,2026-08-08,0,2026-08-08,wk inc covid hosp,quantile,0.01,3.0224509245232034
40,2026-08-08,0,2026-08-08,wk inc covid hosp,quantile,0.01,0.0
41,2026-08-08,0,2026-08-08,wk inc covid hosp,quantile,0.01,0.0
42,2026-08-08,0,2026-08-08,wk inc covid hosp,quantile,0.01,0.0
44,2026-08-08,0,2026-08-08,wk inc covid hosp,quantile,0.01,0.0
45,2026-08-08,0,2026-08-08,wk inc covid hosp,quantile,0.01,1.0852118237750177
46,2026-08-08,0,2026-08-08,wk inc covid hosp,quantile,0.01,0.0
47,2026-08-08,0,2026-08-08,wk inc covid hosp,quantile,0.01,7.659552071346067
48,2026-08-08,0,2026-08-08,wk inc covid hosp,quantile,0.01,129.7619898222403
49,2026-08-08,0,2026-08-08,wk inc covid hosp,quantile,0.01,0.0
50,2026-08-08,0,2026-08-08,wk inc covid hosp,quantile,0.01,0.0
51,2026-08-08,0,2026-08-08,wk inc covid hosp,quantile,0.01,0.0
53,2026-08-08,0,2026-08-08,wk inc covid hosp,quantile,0.01,0.6415723372658384
54,2026-08-08,0,2026-08-08,wk inc covid hosp,quantile,0.01,0.0
55,2026-08-08,0,2026-08-08,wk inc covid hosp,quantile,0.01,0.07804031811060569
56,2026-08-08,0,2026-08-08,wk inc covid hosp,quantile,0.01,0.0
72,2026-08-08,0,2026-08-08,wk inc covid hosp,quantile,0.01,5.919643780538923
US,2026-08-08,0,2026-08-08,wk inc covid hosp,quantile,0.01,1018.8124430924405
01,2026-08-08,1,2026-08-15,wk inc covid hosp,quantile,0.01,19.755628171513674
02,2026-08-08,1,2026-08-15,wk inc covid hosp,quantile,0.01,0.0
04,2026-08-08,1,2026-08-15,wk inc covid hosp,quantile,0.01,0.0
05,2026-08-08,1,2026-08-15,wk inc covid hosp,quantile,0.01,0.0
06,2026-08-08,1,2026-08-15,wk inc covid hosp,quantile,0.01,193.57552534554407
08,2026-08-08,1,2026-08-15,wk inc covid hosp,quantile,0.01,0.0
09,2026-08-08,1,2026-08-15,wk inc covid hosp,quantile,0.01,0.0
10,2026-08-08,1,2026-08-15,wk inc covid hosp,quantile,0.01,0.0
11,2026-08-08,1,2026-08-15,wk inc covid hosp,quantile,0.01,0.0
12,2026-08-08,1,2026-08-15,wk inc covid hosp,quantile,0.01,71.71373503444752
13,2026-08-08,1,2026-08-15,wk inc covid hosp,quantile,0.01,18.20099389845227
15,2026-08-08,1,2026-08-15,wk inc covid hosp,quantile,0.01,1.8012458951395227
16,2026-08-08,1,2026-08-15,wk inc covid hosp,quantile,0.01,0.0
17,2026-08-08,1,2026-08-15,wk inc covid hosp,quantile,0.01,0.0
18,2026-08-08,1,2026-08-15,wk inc covid hosp,quantile,0.01,0.0
19,2026-08-08,1,2026-08-15,wk inc covid hosp,quantile,0.01,0.0
20,2026-08-08,1,2026-08-15,wk inc covid hosp,quantile,0.01,0.0
21,2026-08-08,1,2026-08-15,wk inc covid hosp,quantile,0.01,0.0
22,2026-08-08,1,2026-08-15,wk inc covid hosp,quantile,0.01,13.383562472646673
23,2026-08-08,1,2026-08-15,wk inc covid hosp,quantile,0.01,0.0
24,2026-08-08,1,2026-08-15,wk inc covid hosp,quantile,0.01,0.0
25,2026-08-08,1,2026-08-15,wk inc covid hosp,quantile,0.01,0.0
26,2026-08-08,1,2026-08-15,wk inc covid hosp,quantile,0.01,0.0
27,2026-08-08,1,2026-08-15,wk inc covid hosp,quantile,0.01,0.0
28,2026-08-08,1,2026-08-15,wk inc covid hosp,quantile,0.01,3.9650028144692997
29,2026-08-08,1,2026-08-15,wk inc covid hosp,quantile,0.01,0.0
30,2026-08-08,1,2026-08-15,wk inc covid hosp,quantile,0.01,0.0
31,2026-08-08,1,2026-08-15,wk inc covid hosp,quantile,0.01,0.0
32,2026-08-08,1,2026-08-15,wk inc covid hosp,quantile,0.01,3.090035129013533
33,2026-08-08,1,2026-08-15,wk inc covid hosp,quantile,0.01,0.0
34,2026-08-08,1,2026-08-15,wk inc covid hosp,quantile,0.01,0.0
35,2026-08-08,1,2026-08-15,wk inc covid hosp,quantile,0.01,0.0
36,2026-08-08,1,2026-08-15,wk inc covid hosp,quantile,0.01,33.11954211082708
37,2026-08-08,1,2026-08-15,wk inc covid hosp,quantile,0.01,29.63810696418904
38,2026-08-08,1,2026-08-15,wk inc covid hosp,quantile,0.01,0.0
39,2026-08-08,1,2026-08-15,wk inc covid hosp,quantile,0.01,0.0
40,2026-08-08,1,2026-08-15,wk inc covid hosp,quantile,0.01,0.0
41,2026-08-08,1,2026-08-15,wk inc covid hosp,quantile,0.01,0.0
42,2026-08-08,1,2026-08-15,wk inc covid hosp,quantile,0.01,0.0
44,2026-08-08,1,2026-08-15,wk inc covid hosp,quantile,0.01,0.0
45,2026-08-08,1,2026-08-15,wk inc covid hosp,quantile,0.01,0.0
46,2026-08-08,1,2026-08-15,wk inc covid hosp,quantile,0.01,0.0
47,2026-08-08,1,2026-08-15,wk inc covid hosp,quantile,0.01,1.2581901833234785
48,2026-08-08,1,2026-08-15,wk inc covid hosp,quantile,0.01,83.10034126317437
49,2026-08-08,1,2026-08-15,wk inc covid hosp,quantile,0.01,0.0
50,2026-08-08,1,2026-08-15,wk inc covid hosp,quantile,0.01,0.0
51,2026-08-08,1,2026-08-15,wk inc covid hosp,quantile,0.01,0.0
53,2026-08-08,1,2026-08-15,wk inc covid hosp,quantile,0.01,0.0
54,2026-08-08,1,2026-08-15,wk inc covid hosp,quantile,0.01,0.0
55,2026-08-08,1,2026-08-15,wk inc covid hosp,quantile,0.01,0.0
56,2026-08-08,1,2026-08-15,wk inc covid hosp,quantile,0.01,0.0
72,2026-08-08,1,2026-08-15,wk inc covid hosp,quantile,0.01,0.607950605711709
US,2026-08-08,1,2026-08-15,wk inc covid hosp,quantile,0.01,915.9633372886032
01,2026-08-08,2,2026-08-22,wk inc covid hosp,quantile,0.01,13.97910289020078
02,2026-08-08,2,2026-08-22,wk inc covid hosp,quantile,0.01,0.0
04,2026-08-08,2,2026-08-22,wk inc covid hosp,quantile,0.01,0.0
05,2026-08-08,2,2026-08-22,wk inc covid hosp,quantile,0.01,0.0
06,2026-08-08,2,2026-08-22,wk inc covid hosp,quantile,0.01,182.87872708719183
08,2026-08-08,2,2026-08-22,wk inc covid hosp,quantile,0.01,0.0
09,2026-08-08,2,2026-08-22,wk inc covid hosp,quantile,0.01,0.0
10,2026-08-08,2,2026-08-22,wk inc covid hosp,quantile,0.01,0.0
11,2026-08-08,2,2026-08-22,wk inc covid hosp,quantile,0.01,0.0
12,2026-08-08,2,2026-08-22,wk inc covid hosp,quantile,0.01,25.073969689075536
13,2026-08-08,2,2026-08-22,wk inc covid hosp,quantile,0.01,11.956353119602644
15,2026-08-08,2,2026-08-22,wk inc covid hosp,quantile,0.01,0.0
16,2026-08-08,2,2026-08-22,wk inc covid hosp,quantile,0.01,0.0
17,2026-08-08,2,2026-08-22,wk inc covid hosp,quantile,0.01,0.0
18,2026-08-08,2,2026-08-22,wk inc covid hosp,quantile,0.01,0.0
19,2026-08-08,2,2026-08-22,wk inc covid hosp,quantile,0.01,0.0
20,2026-08-08,2,2026-08-22,wk inc covid hosp,quantile,0.01,0.0
21,2026-08-08,2,2026-08-22,wk inc covid hosp,quantile,0.01,0.0
22,2026-08-08,2,2026-08-22,wk inc covid hosp,quantile,0.01,8.073296361062829
23,2026-08-08,2,2026-08-22,wk inc covid hosp,quantile,0.01,0.0
24,2026-08-08,2,2026-08-22,wk inc covid hosp,quantile,0.01,0.0
25,2026-08-08,2,2026-08-22,wk inc covid hosp,quantile,0.01,0.0
26,2026-08-08,2,2026-08-22,wk inc covid hosp,quantile,0.01,0.0
27,2026-08-08,2,2026-08-22,wk inc covid hosp,quantile,0.01,0.0
28,2026-08-08,2,2026-08-22,wk inc covid hosp,quantile,0.01,1.0409275935457287
29,2026-08-08,2,2026-08-22,wk inc covid hosp,quantile,0.01,0.0
30,2026-08-08,2,2026-08-22,wk inc covid hosp,quantile,0.01,0.0
31,2026-08-08,2,2026-08-22,wk inc covid hosp,quantile,0.01,0.0
32,2026-08-08,2,2026-08-22,wk inc covid hosp,quantile,0.01,0.6578907221127581
33,2026-08-08,2,2026-08-22,wk inc covid hosp,quantile,0.01,0.0
34,2026-08-08,2,2026-08-22,wk inc covid hosp,quantile,0.01,0.0
35,2026-08-08,2,2026-08-22,wk inc covid hosp,quantile,0.01,0.0
36,2026-08-08,2,2026-08-22,wk inc covid hosp,quantile,0.01,24.062272373064662
37,2026-08-08,2,2026-08-22,wk inc covid hosp,quantile,0.01,21.81225412844363
38,2026-08-08,2,2026-08-22,wk inc covid hosp,quantile,0.01,0.0
39,2026-08-08,2,2026-08-22,wk inc covid hosp,quantile,0.01,0.0
40,2026-08-08,2,2026-08-22,wk inc covid hosp,quantile,0.01,0.0
41,2026-08-08,2,2026-08-22,wk inc covid hosp,quantile,0.01,0.0
42,2026-08-08,2,2026-08-22,wk inc covid hosp,quantile,0.01,0.0
44,2026-08-08,2,2026-08-22,wk inc covid hosp,quantile,0.01,0.0
45,2026-08-08,2,2026-08-22,wk inc covid hosp,quantile,0.01,0.0
46,2026-08-08,2,2026-08-22,wk inc covid hosp,quantile,0.01,0.0
47,2026-08-08,2,2026-08-22,wk inc covid hosp,quantile,0.01,0.0
48,2026-08-08,2,2026-08-22,wk inc covid hosp,quantile,0.01,53.39273060644063
49,2026-08-08,2,2026-08-22,wk inc covid hosp,quantile,0.01,0.0
50,2026-08-08,2,2026-08-22,wk inc covid hosp,quantile,0.01,0.0
51,2026-08-08,2,2026-08-22,wk inc covid hosp,quantile,0.01,0.0
53,2026-08-08,2,2026-08-22,wk inc covid hosp,quantile,0.01,0.0
54,2026-08-08,2,2026-08-22,wk inc covid hosp,quantile,0.01,0.0
55,2026-08-08,2,2026-08-22,wk inc covid hosp,quantile,0.01,0.0
56,2026-08-08,2,2026-08-22,wk inc covid hosp,quantile,0.01,0.0
72,2026-08-08,2,2026-08-22,wk inc covid hosp,quantile,0.01,0.0
US,2026-08-08,2,2026-08-22,wk inc covid hosp,quantile,0.01,901.6829990531331
01,2026-08-08,3,2026-08-29,wk inc covid hosp,quantile,0.01,9.565184839938883
02,2026-08-08,3,2026-08-29,wk inc covid hosp,quantile,0.01,0.0
04,2026-08-08,3,2026-08-29,wk inc covid hosp,quantile,0.01,0.0
05,2026-08-08,3,2026-08-29,wk inc covid hosp,quantile,0.01,0.0
06,2026-08-08,3,2026-08-29,wk inc covid hosp,quantile,0.01,160.07727653906204
08,2026-08-08,3,2026-08-29,wk inc covid hosp,quantile,0.01,0.0
09,2026-08-08,3,2026-08-29,wk inc covid hosp,quantile,0.01,0.0
10,2026-08-08,3,2026-08-29,wk inc covid hosp,quantile,0.01,0.0
11,2026-08-08,3,2026-08-29,wk inc covid hosp,quantile,0.01,0.0
12,2026-08-08,3,2026-08-29,wk inc covid hosp,quantile,0.01,11.678475550031639
13,2026-08-08,3,2026-08-29,wk inc covid hosp,quantile,0.01,5.413522036218981
15,2026-08-08,3,2026-08-29,wk inc covid hosp,quantile,0.01,0.0
16,2026-08-08,3,2026-08-29,wk inc covid hosp,quantile,0.01,0.0
17,2026-08-08,3,2026-08-29,wk inc covid hosp,quantile,0.01,0.0
18,2026-08-08,3,2026-08-29,wk inc covid hosp,quantile,0.01,0.0
19,2026-08-08,3,2026-08-29,wk inc covid hosp,quantile,0.01,0.0
20,2026-08-08,3,2026-08-29,wk inc covid hosp,quantile,0.01,0.0
21,2026-08-08,3,2026-08-29,wk inc covid hosp,quantile,0.01,0.0
22,2026-08-08,3,2026-08-29,wk inc covid hosp,quantile,0.01,5.111467908540673
23,2026-08-08,3,2026-08-29,wk inc covid hosp,quantile,0.01,0.0
24,2026-08-08,3,2026-08-29,wk inc covid hosp,quantile,0.01,0.0
25,2026-08-08,3,2026-08-29,wk inc covid hosp,quantile,0.01,0.0
26,2026-08-08,3,2026-08-29,wk inc covid hosp,quantile,0.01,0.0
27,2026-08-08,3,2026-08-29,wk inc covid hosp,quantile,0.01,0.0
28,2026-08-08,3,2026-08-29,wk inc covid hosp,quantile,0.01,0.0
29,2026-08-08,3,2026-08-29,wk inc covid hosp,quantile,0.01,0.0
30,2026-08-08,3,2026-08-29,wk inc covid hosp,quantile,0.01,0.0
31,2026-08-08,3,2026-08-29,wk inc covid hosp,quantile,0.01,0.0
32,2026-08-08,3,2026-08-29,wk inc covid hosp,quantile,0.01,0.0
33,2026-08-08,3,2026-08-29,wk inc covid hosp,quantile,0.01,0.0
34,2026-08-08,3,2026-08-29,wk inc covid hosp,quantile,0.01,0.0
35,2026-08-08,3,2026-08-29,wk inc covid hosp,quantile,0.01,0.0
36,2026-08-08,3,2026-08-29,wk inc covid hosp,quantile,0.01,17.9603155080616
37,2026-08-08,3,2026-08-29,wk inc covid hosp,quantile,0.01,15.043284796381029
38,2026-08-08,3,2026-08-29,wk inc covid hosp,quantile,0.01,0.0
39,2026-08-08,3,2026-08-29,wk inc covid hosp,quantile,0.01,0.0
40,2026-08-08,3,2026-08-29,wk inc covid hosp,quantile,0.01,0.0
41,2026-08-08,3,2026-08-29,wk inc covid hosp,quantile,0.01,0.0
42,2026-08-08,3,2026-08-29,wk inc covid hosp,quantile,0.01,0.0
44,2026-08-08,3,2026-08-29,wk inc covid hosp,quantile,0.01,0.0
45,2026-08-08,3,2026-08-29,wk inc covid hosp,quantile,0.01,0.0
46,2026-08-08,3,2026-08-29,wk inc covid hosp,quantile,0.01,0.0
47,2026-08-08,3,2026-08-29,wk inc covid hosp,quantile,0.01,0.0
48,2026-08-08,3,2026-08-29,wk inc covid hosp,quantile,0.01,28.89874593268039
49,2026-08-08,3,2026-08-29,wk inc covid hosp,quantile,0.01,0.0
50,2026-08-08,3,2026-08-29,wk inc covid hosp,quantile,0.01,0.0
51,2026-08-08,3,2026-08-29,wk inc covid hosp,quantile,0.01,0.0
53,2026-08-08,3,2026-08-29,wk inc covid hosp,quantile,0.01,0.0
54,2026-08-08,3,2026-08-29,wk inc covid hosp,quantile,0.01,0.0
55,2026-08-08,3,2026-08-29,wk inc covid hosp,quantile,0.01,0.0
56,2026-08-08,3,2026-08-29,wk inc covid hosp,quantile,0.01,0.0
72,2026-08-08,3,2026-08-29,wk inc covid hosp,quantile,0.01,0.0
US,2026-08-08,3,2026-08-29,wk inc covid hosp,quantile,0.01,836.5722302911679
01,2026-08-08,0,2026-08-08,wk inc covid hosp,quantile,0.025,28.440592123834033
02,2026-08-08,0,2026-08-08,wk inc covid hosp,quantile,0.025,0.0
04,2026-08-08,0,2026-08-08,wk inc covid hosp,quantile,0.025,5.047902877415741
05,2026-08-08,0,2026-08-08,wk inc covid hosp,quantile,0.025,0.0
06,2026-08-08,0,2026-08-08,wk inc covid hosp,quantile,0.025,235.61788831855773
08,2026-08-08,0,2026-08-08,wk inc covid hosp,quantile,0.025,0.0
09,2026-08-08,0,2026-08-08,wk inc covid hosp,quantile,0.025,0.0
10,2026-08-08,0,2026-08-08,wk inc covid hosp,quantile,0.025,0.0
11,2026-08-08,0,2026-08-08,wk inc covid hosp,quantile,0.025,0.0
12,2026-08-08,0,2026-08-08,wk inc covid hosp,quantile,0.025,137.1306453287206
13,2026-08-08,0,2026-08-08,wk inc covid hosp,quantile,0.025,29.701809873553273
15,2026-08-08,0,2026-08-08,wk inc covid hosp,quantile,0.025,4.315395378833556
16,2026-08-08,0,2026-08-08,wk inc covid hosp,quantile,0.025,0.0
17,2026-08-08,0,2026-08-08,wk inc covid hosp,quantile,0.025,4.21753383373266
18,2026-08-08,0,2026-08-08,wk inc covid hosp,quantile,0.025,0.7267033033355639
19,2026-08-08,0,2026-08-08,wk inc covid hosp,quantile,0.025,0.0
20,2026-08-08,0,2026-08-08,wk inc covid hosp,quantile,0.025,0.0
21,2026-08-08,0,2026-08-08,wk inc covid hosp,quantile,0.025,0.0
22,2026-08-08,0,2026-08-08,wk inc covid hosp,quantile,0.025,26.63375445134009
23,2026-08-08,0,2026-08-08,wk inc covid hosp,quantile,0.025,0.0
24,2026-08-08,0,2026-08-08,wk inc covid hosp,quantile,0.025,0.0
25,2026-08-08,0,2026-08-08,wk inc covid hosp,quantile,0.025,2.26247028643834
26,2026-08-08,0,2026-08-08,wk inc covid hosp,quantile,0.025,0.0
27,2026-08-08,0,2026-08-08,wk inc covid hosp,quantile,0.025,2.9582931408503583
28,2026-08-08,0,2026-08-08,wk inc covid hosp,quantile,0.025,10.41187813162179
29,2026-08-08,0,2026-08-08,wk inc covid hosp,quantile,0.025,0.0
30,2026-08-08,0,2026-08-08,wk inc covid hosp,quantile,0.025,0.6785345601694842
31,2026-08-08,0,2026-08-08,wk inc covid hosp,quantile,0.025,0.0
32,2026-08-08,0,2026-08-08,wk inc covid hosp,quantile,0.025,7.564125263837386
33,2026-08-08,0,2026-08-08,wk inc covid hosp,quantile,0.025,0.0
34,2026-08-08,0,2026-08-08,wk inc covid hosp,quantile,0.025,6.475629344287893
35,2026-08-08,0,2026-08-08,wk inc covid hosp,quantile,0.025,0.0
36,2026-08-08,0,2026-08-08,wk inc covid hosp,quantile,0.025,47.43415869056669
37,2026-08-08,0,2026-08-08,wk inc covid hosp,quantile,0.025,42.99638690212106
38,2026-08-08,0,2026-08-08,wk inc covid hosp,quantile,0.025,0.0
39,2026-08-08,0,2026-08-08,wk inc covid hosp,quantile,0.025,6.611800770483877
40,2026-08-08,0,2026-08-08,wk inc covid hosp,quantile,0.025,1.8431373539090028
41,2026-08-08,0,2026-08-08,wk inc covid hosp,quantile,0.025,0.0
42,2026-08-08,0,2026-08-08,wk inc covid hosp,quantile,0.025,0.939071428978989
44,2026-08-08,0,2026-08-08,wk inc covid hosp,quantile,0.025,0.0
45,2026-08-08,0,2026-08-08,wk inc covid hosp,quantile,0.025,4.002922351773128
46,2026-08-08,0,2026-08-08,wk inc covid hosp,quantile,0.025,0.0
47,2026-08-08,0,2026-08-08,wk inc covid hosp,quantile,0.025,10.957894347662915
48,2026-08-08,0,2026-08-08,wk inc covid hosp,quantile,0.025,147.8327384470639
49,2026-08-08,0,2026-08-08,wk inc covid hosp,quantile,0.025,0.0
50,2026-08-08,0,2026-08-08,wk inc covid hosp,quantile,0.025,0.0
51,2026-08-08,0,2026-08-08,wk inc covid hosp,quantile,0.025,0.12037333321854665
53,2026-08-08,0,2026-08-08,wk inc covid hosp,quantile,0.025,2.8729148136760143
54,2026-08-08,0,2026-08-08,wk inc covid hosp,quantile,0.025,0.0
55,2026-08-08,0,2026-08-08,wk inc covid hosp,quantile,0.025,2.5389245370259306
56,2026-08-08,0,2026-08-08,wk inc covid hosp,quantile,0.025,0.0
72,2026-08-08,0,2026-08-08,wk inc covid hosp,quantile,0.025,9.42658487077112
US,2026-08-08,0,2026-08-08,wk inc covid hosp,quantile,0.025,1170.607871472939
01,2026-08-08,1,2026-08-15,wk inc covid hosp,quantile,0.025,24.552668925829543
02,2026-08-08,1,2026-08-15,wk inc covid hosp,quantile,0.025,0.0
04,2026-08-08,1,2026-08-15,wk inc covid hosp,quantile,0.025,1.4398923308360412
05,2026-08-08,1,2026-08-15,wk inc covid hosp,quantile,0.025,0.0
06,2026-08-08,1,2026-08-15,wk inc covid hosp,quantile,0.025,224.24795872714748
08,2026-08-08,1,2026-08-15,wk inc covid hosp,quantile,0.025,0.0
09,2026-08-08,1,2026-08-15,wk inc covid hosp,quantile,0.025,0.0
10,2026-08-08,1,2026-08-15,wk inc covid hosp,quantile,0.025,0.0
11,2026-08-08,1,2026-08-15,wk inc covid hosp,quantile,0.025,0.0
12,2026-08-08,1,2026-08-15,wk inc covid hosp,quantile,0.025,96.76296460442744
13,2026-08-08,1,2026-08-15,wk inc covid hosp,quantile,0.025,24.773749300360898
15,2026-08-08,1,2026-08-15,wk inc covid hosp,quantile,0.025,3.086512172259201
16,2026-08-08,1,2026-08-15,wk inc covid hosp,quantile,0.025,0.0
17,2026-08-08,1,2026-08-15,wk inc covid hosp,quantile,0.025,0.0
18,2026-08-08,1,2026-08-15,wk inc covid hosp,quantile,0.025,0.0
19,2026-08-08,1,2026-08-15,wk inc covid hosp,quantile,0.025,0.0
20,2026-08-08,1,2026-08-15,wk inc covid hosp,quantile,0.025,0.0
21,2026-08-08,1,2026-08-15,wk inc covid hosp,quantile,0.025,0.0
22,2026-08-08,1,2026-08-15,wk inc covid hosp,quantile,0.025,18.117305886833652
23,2026-08-08,1,2026-08-15,wk inc covid hosp,quantile,0.025,0.0
24,2026-08-08,1,2026-08-15,wk inc covid hosp,quantile,0.025,0.0
25,2026-08-08,1,2026-08-15,wk inc covid hosp,quantile,0.025,0.5549093482505734
26,2026-08-08,1,2026-08-15,wk inc covid hosp,quantile,0.025,0.0
27,2026-08-08,1,2026-08-15,wk inc covid hosp,quantile,0.025,1.3224770515946966
28,2026-08-08,1,2026-08-15,wk inc covid hosp,quantile,0.025,6.726072823501228
29,2026-08-08,1,2026-08-15,wk inc covid hosp,quantile,0.025,0.0
30,2026-08-08,1,2026-08-15,wk inc covid hosp,quantile,0.025,0.0
31,2026-08-08,1,2026-08-15,wk inc covid hosp,quantile,0.025,0.0
32,2026-08-08,1,2026-08-15,wk inc covid hosp,quantile,0.025,5.1573520670241795
33,2026-08-08,1,2026-08-15,wk inc covid hosp,quantile,0.025,0.0
34,2026-08-08,1,2026-08-15,wk inc covid hosp,quantile,0.025,0.0
35,2026-08-08,1,2026-08-15,wk inc covid hosp,quantile,0.025,0.0
36,2026-08-08,1,2026-08-15,wk inc covid hosp,quantile,0.025,42.78027675624853
37,2026-08-08,1,2026-08-15,wk inc covid hosp,quantile,0.025,37.98193885694242
38,2026-08-08,1,2026-08-15,wk inc covid hosp,quantile,0.025,0.0
39,2026-08-08,1,2026-08-15,wk inc covid hosp,quantile,0.025,2.279742235042346
40,2026-08-08,1,2026-08-15,wk inc covid hosp,quantile,0.025,0.2042057455792723
41,2026-08-08,1,2026-08-15,wk inc covid hosp,quantile,0.025,0.0
42,2026-08-08,1,2026-08-15,wk inc covid hosp,quantile,0.025,0.0
44,2026-08-08,1,2026-08-15,wk inc covid hosp,quantile,0.025,0.0
45,2026-08-08,1,2026-08-15,wk inc covid hosp,quantile,0.025,0.5963267312257058
46,2026-08-08,1,2026-08-15,wk inc covid hosp,quantile,0.025,0.0
47,2026-08-08,1,2026-08-15,wk inc covid hosp,quantile,0.025,6.176444819166395
48,2026-08-08,1,2026-08-15,wk inc covid hosp,quantile,0.025,116.09441954077447
49,2026-08-08,1,2026-08-15,wk inc covid hosp,quantile,0.025,0.0
50,2026-08-08,1,2026-08-15,wk inc covid hosp,quantile,0.025,0.0
51,2026-08-08,1,2026-08-15,wk inc covid hosp,quantile,0.025,0.0
53,2026-08-08,1,2026-08-15,wk inc covid hosp,quantile,0.025,0.0
54,2026-08-08,1,2026-08-15,wk inc covid hosp,quantile,0.025,0.0
55,2026-08-08,1,2026-08-15,wk inc covid hosp,quantile,0.025,0.7286584794268312
56,2026-08-08,1,2026-08-15,wk inc covid hosp,quantile,0.025,0.0
72,2026-08-08,1,2026-08-15,wk inc covid hosp,quantile,0.025,3.2492504931908024
US,2026-08-08,1,2026-08-15,wk inc covid hosp,quantile,0.025,1124.4434258865538
01,2026-08-08,2,2026-08-22,wk inc covid hosp,quantile,0.025,19.7648173009831
02,2026-08-08,2,2026-08-22,wk inc covid hosp,quantile,0.025,0.0
04,2026-08-08,2,2026-08-22,wk inc covid hosp,quantile,0.025,0.0
05,2026-08-08,2,2026-08-22,wk inc covid hosp,quantile,0.025,0.0
06,2026-08-08,2,2026-08-22,wk inc covid hosp,quantile,0.025,215.50592004717626
08,2026-08-08,2,2026-08-22,wk inc covid hosp,quantile,0.025,0.0
09,2026-08-08,2,2026-08-22,wk inc covid hosp,quantile,0.025,0.0
10,2026-08-08,2,2026-08-22,wk inc covid hosp,quantile,0.025,0.0
11,2026-08-08,2,2026-08-22,wk inc covid hosp,quantile,0.025,0.0
12,2026-08-08,2,2026-08-22,wk inc covid hosp,quantile,0.025,65.58994875196413
13,2026-08-08,2,2026-08-22,wk inc covid hosp,quantile,0.025,19.85116606754271
15,2026-08-08,2,2026-08-22,wk inc covid hosp,quantile,0.025,1.3122737636087705
16,2026-08-08,2,2026-08-22,wk inc covid hosp,quantile,0.025,0.0
17,2026-08-08,2,2026-08-22,wk inc covid hosp,quantile,0.025,0.0
18,2026-08-08,2,2026-08-22,wk inc covid hosp,quantile,0.025,0.0
19,2026-08-08,2,2026-08-22,wk inc covid hosp,quantile,0.025,0.0
20,2026-08-08,2,2026-08-22,wk inc covid hosp,quantile,0.025,0.0
21,2026-08-08,2,2026-08-22,wk inc covid hosp,quantile,0.025,0.0
22,2026-08-08,2,2026-08-22,wk inc covid hosp,quantile,0.025,12.38604396857437
23,2026-08-08,2,2026-08-22,wk inc covid hosp,quantile,0.025,0.0
24,2026-08-08,2,2026-08-22,wk inc covid hosp,quantile,0.025,0.0
25,2026-08-08,2,2026-08-22,wk inc covid hosp,quantile,0.025,0.0
26,2026-08-08,2,2026-08-22,wk inc covid hosp,quantile,0.025,0.0
27,2026-08-08,2,2026-08-22,wk inc covid hosp,quantile,0.025,0.1623171757348786
28,2026-08-08,2,2026-08-22,wk inc covid hosp,quantile,0.025,5.167159908971226
29,2026-08-08,2,2026-08-22,wk inc covid hosp,quantile,0.025,0.0
30,2026-08-08,2,2026-08-22,wk inc covid hosp,quantile,0.025,0.0
31,2026-08-08,2,2026-08-22,wk inc covid hosp,quantile,0.025,0.0
32,2026-08-08,2,2026-08-22,wk inc covid hosp,quantile,0.025,2.9342145813440204
33,2026-08-08,2,2026-08-22,wk inc covid hosp,quantile,0.025,0.0
34,2026-08-08,2,2026-08-22,wk inc covid hosp,quantile,0.025,0.0
35,2026-08-08,2,2026-08-22,wk inc covid hosp,quantile,0.025,0.0
36,2026-08-08,2,2026-08-22,wk inc covid hosp,quantile,0.025,40.2459826144681
37,2026-08-08,2,2026-08-22,wk inc covid hosp,quantile,0.025,31.500086974497805
38,2026-08-08,2,2026-08-22,wk inc covid hosp,quantile,0.025,0.0
39,2026-08-08,2,2026-08-22,wk inc covid hosp,quantile,0.025,0.0
40,2026-08-08,2,2026-08-22,wk inc covid hosp,quantile,0.025,0.0
41,2026-08-08,2,2026-08-22,wk inc covid hosp,quantile,0.025,0.0
42,2026-08-08,2,2026-08-22,wk inc covid hosp,quantile,0.025,0.0
44,2026-08-08,2,2026-08-22,wk inc covid hosp,quantile,0.025,0.0
45,2026-08-08,2,2026-08-22,wk inc covid hosp,quantile,0.025,0.0
46,2026-08-08,2,2026-08-22,wk inc covid hosp,quantile,0.025,0.0
47,2026-08-08,2,2026-08-22,wk inc covid hosp,quantile,0.025,1.9130025837193596
48,2026-08-08,2,2026-08-22,wk inc covid hosp,quantile,0.025,89.1852234979293
49,2026-08-08,2,2026-08-22,wk inc covid hosp,quantile,0.025,0.0
50,2026-08-08,2,2026-08-22,wk inc covid hosp,quantile,0.025,0.0
51,2026-08-08,2,2026-08-22,wk inc covid hosp,quantile,0.025,0.0
53,2026-08-08,2,2026-08-22,wk inc covid hosp,quantile,0.025,0.0
54,2026-08-08,2,2026-08-22,wk inc covid hosp,quantile,0.025,0.0
55,2026-08-08,2,2026-08-22,wk inc covid hosp,quantile,0.025,0.0
56,2026-08-08,2,2026-08-22,wk inc covid hosp,quantile,0.025,0.0
72,2026-08-08,2,2026-08-22,wk inc covid hosp,quantile,0.025,0.465758929501934
US,2026-08-08,2,2026-08-22,wk inc covid hosp,quantile,0.025,1118.2442464926546
01,2026-08-08,3,2026-08-29,wk inc covid hosp,quantile,0.025,16.087691890321125
02,2026-08-08,3,2026-08-29,wk inc covid hosp,quantile,0.025,0.0
04,2026-08-08,3,2026-08-29,wk inc covid hosp,quantile,0.025,0.0
05,2026-08-08,3,2026-08-29,wk inc covid hosp,quantile,0.025,0.0
06,2026-08-08,3,2026-08-29,wk inc covid hosp,quantile,0.025,201.63529643409177
08,2026-08-08,3,2026-08-29,wk inc covid hosp,quantile,0.025,0.0
09,2026-08-08,3,2026-08-29,wk inc covid hosp,quantile,0.025,0.0
10,2026-08-08,3,2026-08-29,wk inc covid hosp,quantile,0.025,0.0
11,2026-08-08,3,2026-08-29,wk inc covid hosp,quantile,0.025,0.0
12,2026-08-08,3,2026-08-29,wk inc covid hosp,quantile,0.025,38.498277381081266
13,2026-08-08,3,2026-08-29,wk inc covid hosp,quantile,0.025,15.203075065492715
15,2026-08-08,3,2026-08-29,wk inc covid hosp,quantile,0.025,0.19768855990383408
16,2026-08-08,3,2026-08-29,wk inc covid hosp,quantile,0.025,0.0
17,2026-08-08,3,2026-08-29,wk inc covid hosp,quantile,0.025,0.0
18,2026-08-08,3,2026-08-29,wk inc covid hosp,quantile,0.025,0.0
19,2026-08-08,3,2026-08-29,wk inc covid hosp,quantile,0.025,0.0
20,2026-08-08,3,2026-08-29,wk inc covid hosp,quantile,0.025,0.0
21,2026-08-08,3,2026-08-29,wk inc covid hosp,quantile,0.025,0.0
22,2026-08-08,3,2026-08-29,wk inc covid hosp,quantile,0.025,8.933509494013908
23,2026-08-08,3,2026-08-29,wk inc covid hosp,quantile,0.025,0.0
24,2026-08-08,3,2026-08-29,wk inc covid hosp,quantile,0.025,0.0
25,2026-08-08,3,2026-08-29,wk inc covid hosp,quantile,0.025,0.0
26,2026-08-08,3,2026-08-29,wk inc covid hosp,quantile,0.025,0.0
27,2026-08-08,3,2026-08-29,wk inc covid hosp,quantile,0.025,0.0
28,2026-08-08,3,2026-08-29,wk inc covid hosp,quantile,0.025,2.58778849328522
29,2026-08-08,3,2026-08-29,wk inc covid hosp,quantile,0.025,0.0
30,2026-08-08,3,2026-08-29,wk inc covid hosp,quantile,0.025,0.0
31,2026-08-08,3,2026-08-29,wk inc covid hosp,quantile,0.025,0.0
32,2026-08-08,3,2026-08-29,wk inc covid hosp,quantile,0.025,1.4868722811218924
33,2026-08-08,3,2026-08-29,wk inc covid hosp,quantile,0.025,0.0
34,2026-08-08,3,2026-08-29,wk inc covid hosp,quantile,0.025,0.0
35,2026-08-08,3,2026-08-29,wk inc covid hosp,quantile,0.025,0.0
36,2026-08-08,3,2026-08-29,wk inc covid hosp,quantile,0.025,35.17241431986978
37,2026-08-08,3,2026-08-29,wk inc covid hosp,quantile,0.025,27.465577999957073
38,2026-08-08,3,2026-08-29,wk inc covid hosp,quantile,0.025,0.0
39,2026-08-08,3,2026-08-29,wk inc covid hosp,quantile,0.025,0.0
40,2026-08-08,3,2026-08-29,wk inc covid hosp,quantile,0.025,0.0
41,2026-08-08,3,2026-08-29,wk inc covid hosp,quantile,0.025,0.0
42,2026-08-08,3,2026-08-29,wk inc covid hosp,quantile,0.025,0.0
44,2026-08-08,3,2026-08-29,wk inc covid hosp,quantile,0.025,0.0
45,2026-08-08,3,2026-08-29,wk inc covid hosp,quantile,0.025,0.0
46,2026-08-08,3,2026-08-29,wk inc covid hosp,quantile,0.025,0.0
47,2026-08-08,3,2026-08-29,wk inc covid hosp,quantile,0.025,0.0
48,2026-08-08,3,2026-08-29,wk inc covid hosp,quantile,0.025,78.08207867592131
49,2026-08-08,3,2026-08-29,wk inc covid hosp,quantile,0.025,0.0
50,2026-08-08,3,2026-08-29,wk inc covid hosp,quantile,0.025,0.0
51,2026-08-08,3,2026-08-29,wk inc covid hosp,quantile,0.025,0.0
53,2026-08-08,3,2026-08-29,wk inc covid hosp,quantile,0.025,0.0
54,2026-08-08,3,2026-08-29,wk inc covid hosp,quantile,0.025,0.0
55,2026-08-08,3,2026-08-29,wk inc covid hosp,quantile,0.025,0.0
56,2026-08-08,3,2026-08-29,wk inc covid hosp,quantile,0.025,0.0
72,2026-08-08,3,2026-08-29,wk inc covid hosp,quantile,0.025,0.0
US,2026-08-08,3,2026-08-29,wk inc covid hosp,quantile,0.025,1079.4538694356238
01,2026-08-08,0,2026-08-08,wk inc covid hosp,quantile,0.05,31.667664685889793
02,2026-08-08,0,2026-08-08,wk inc covid hosp,quantile,0.05,0.09420679387307052
04,2026-08-08,0,2026-08-08,wk inc covid hosp,quantile,0.05,7.422152948374195
05,2026-08-08,0,2026-08-08,wk inc covid hosp,quantile,0.05,0.0
06,2026-08-08,0,2026-08-08,wk inc covid hosp,quantile,0.05,254.5057967227546
08,2026-08-08,0,2026-08-08,wk inc covid hosp,quantile,0.05,0.4853812853019104
09,2026-08-08,0,2026-08-08,wk inc covid hosp,quantile,0.05,0.0
10,2026-08-08,0,2026-08-08,wk inc covid hosp,quantile,0.05,0.0
11,2026-08-08,0,2026-08-08,wk inc covid hosp,quantile,0.05,0.0
12,2026-08-08,0,2026-08-08,wk inc covid hosp,quantile,0.05,157.1768562382807
13,2026-08-08,0,2026-08-08,wk inc covid hosp,quantile,0.05,34.678893949467025
15,2026-08-08,0,2026-08-08,wk inc covid hosp,quantile,0.05,5.663915112725671
16,2026-08-08,0,2026-08-08,wk inc covid hosp,quantile,0.05,0.0
17,2026-08-08,0,2026-08-08,wk inc covid hosp,quantile,0.05,8.701615791949338
18,2026-08-08,0,2026-08-08,wk inc covid hosp,quantile,0.05,3.555887408487613
19,2026-08-08,0,2026-08-08,wk inc covid hosp,quantile,0.05,0.0
20,2026-08-08,0,2026-08-08,wk inc covid hosp,quantile,0.05,0.4018539416837798
21,2026-08-08,0,2026-08-08,wk inc covid hosp,quantile,0.05,0.0
22,2026-08-08,0,2026-08-08,wk inc covid hosp,quantile,0.05,30.511852318090522
23,2026-08-08,0,2026-08-08,wk inc covid hosp,quantile,0.05,0.0
24,2026-08-08,0,2026-08-08,wk inc covid hosp,quantile,0.05,0.0
25,2026-08-08,0,2026-08-08,wk inc covid hosp,quantile,0.05,4.947539953142845
26,2026-08-08,0,2026-08-08,wk inc covid hosp,quantile,0.05,0.0
27,2026-08-08,0,2026-08-08,wk inc covid hosp,quantile,0.05,5.1517720502469855
28,2026-08-08,0,2026-08-08,wk inc covid hosp,quantile,0.05,12.491558072665875
29,2026-08-08,0,2026-08-08,wk inc covid hosp,quantile,0.05,1.7254009058439193
30,2026-08-08,0,2026-08-08,wk inc covid hosp,quantile,0.05,1.3531712575459152
31,2026-08-08,0,2026-08-08,wk inc covid hosp,quantile,0.05,0.0
32,2026-08-08,0,2026-08-08,wk inc covid hosp,quantile,0.05,9.31987851166074
33,2026-08-08,0,2026-08-08,wk inc covid hosp,quantile,0.05,0.0
34,2026-08-08,0,2026-08-08,wk inc covid hosp,quantile,0.05,11.098256837448604
35,2026-08-08,0,2026-08-08,wk inc covid hosp,quantile,0.05,0.8068509882347261
36,2026-08-08,0,2026-08-08,wk inc covid hosp,quantile,0.05,57.341496840133935
37,2026-08-08,0,2026-08-08,wk inc covid hosp,quantile,0.05,49.03174237722701
38,2026-08-08,0,2026-08-08,wk inc covid hosp,quantile,0.05,0.0
39,2026-08-08,0,2026-08-08,wk inc covid hosp,quantile,0.05,10.631186412441997
40,2026-08-08,0,2026-08-08,wk inc covid hosp,quantile,0.05,3.529108319719086
41,2026-08-08,0,2026-08-08,wk inc covid hosp,quantile,0.05,1.165214040770901
42,2026-08-08,0,2026-08-08,wk inc covid hosp,quantile,0.05,6.570189384652689
44,2026-08-08,0,2026-08-08,wk inc covid hosp,quantile,0.05,0.0
45,2026-08-08,0,2026-08-08,wk inc covid hosp,quantile,0.05,6.921801329532398
46,2026-08-08,0,2026-08-08,wk inc covid hosp,quantile,0.05,0.0
47,2026-08-08,0,2026-08-08,wk inc covid hosp,quantile,0.05,15.039324987209648
48,2026-08-08,0,2026-08-08,wk inc covid hosp,quantile,0.05,169.35727664455925
49,2026-08-08,0,2026-08-08,wk inc covid hosp,quantile,0.05,0.0
50,2026-08-08,0,2026-08-08,wk inc covid hosp,quantile,0.05,0.0
51,2026-08-08,0,2026-08-08,wk inc covid hosp,quantile,0.05,2.855326814502388
53,2026-08-08,0,2026-08-08,wk inc covid hosp,quantile,0.05,5.65337922087631
54,2026-08-08,0,2026-08-08,wk inc covid hosp,quantile,0.05,0.0
55,2026-08-08,0,2026-08-08,wk inc covid hosp,quantile,0.05,5.432119758142568
56,2026-08-08,0,2026-08-08,wk inc covid hosp,quantile,0.05,0.0
72,2026-08-08,0,2026-08-08,wk inc covid hosp,quantile,0.05,12.080912213273287
US,2026-08-08,0,2026-08-08,wk inc covid hosp,quantile,0.05,1272.9911995951268
01,2026-08-08,1,2026-08-15,wk inc covid hosp,quantile,0.05,29.257258720343053
02,2026-08-08,1,2026-08-15,wk inc covid hosp,quantile,0.05,0.0
04,2026-08-08,1,2026-08-15,wk inc covid hosp,quantile,0.05,5.01188747189393
05,2026-08-08,1,2026-08-15,wk inc covid hosp,quantile,0.05,0.0
06,2026-08-08,1,2026-08-15,wk inc covid hosp,quantile,0.05,250.05705760841985
08,2026-08-08,1,2026-08-15,wk inc covid hosp,quantile,0.05,0.0
09,2026-08-08,1,2026-08-15,wk inc covid hosp,quantile,0.05,0.0
10,2026-08-08,1,2026-08-15,wk inc covid hosp,quantile,0.05,0.0
11,2026-08-08,1,2026-08-15,wk inc covid hosp,quantile,0.05,0.0
12,2026-08-08,1,2026-08-15,wk inc covid hosp,quantile,0.05,125.38273604979797
13,2026-08-08,1,2026-08-15,wk inc covid hosp,quantile,0.05,30.830555057942007
15,2026-08-08,1,2026-08-15,wk inc covid hosp,quantile,0.05,4.279632023837372
16,2026-08-08,1,2026-08-15,wk inc covid hosp,quantile,0.05,0.0
17,2026-08-08,1,2026-08-15,wk inc covid hosp,quantile,0.05,5.192568946148183
18,2026-08-08,1,2026-08-15,wk inc covid hosp,quantile,0.05,1.4805867771614258
19,2026-08-08,1,2026-08-15,wk inc covid hosp,quantile,0.05,0.0
20,2026-08-08,1,2026-08-15,wk inc covid hosp,quantile,0.05,0.0
21,2026-08-08,1,2026-08-15,wk inc covid hosp,quantile,0.05,0.0
22,2026-08-08,1,2026-08-15,wk inc covid hosp,quantile,0.05,22.387477934003467
23,2026-08-08,1,2026-08-15,wk inc covid hosp,quantile,0.05,0.0
24,2026-08-08,1,2026-08-15,wk inc covid hosp,quantile,0.05,0.0
25,2026-08-08,1,2026-08-15,wk inc covid hosp,quantile,0.05,4.443346739171586
26,2026-08-08,1,2026-08-15,wk inc covid hosp,quantile,0.05,0.0
27,2026-08-08,1,2026-08-15,wk inc covid hosp,quantile,0.05,4.007144089083985
28,2026-08-08,1,2026-08-15,wk inc covid hosp,quantile,0.05,9.615467027175379
29,2026-08-08,1,2026-08-15,wk inc covid hosp,quantile,0.05,0.0
30,2026-08-08,1,2026-08-15,wk inc covid hosp,quantile,0.05,0.723410140665964
31,2026-08-08,1,2026-08-15,wk inc covid hosp,quantile,0.05,0.0
32,2026-08-08,1,2026-08-15,wk inc covid hosp,quantile,0.05,7.006701238827895
33,2026-08-08,1,2026-08-15,wk inc covid hosp,quantile,0.05,0.0
34,2026-08-08,1,2026-08-15,wk inc covid hosp,quantile,0.05,4.700102873809297
35,2026-08-08,1,2026-08-15,wk inc covid hosp,quantile,0.05,0.0
36,2026-08-08,1,2026-08-15,wk inc covid hosp,quantile,0.05,54.25713031401731
37,2026-08-08,1,2026-08-15,wk inc covid hosp,quantile,0.05,45.179588704011096
38,2026-08-08,1,2026-08-15,wk inc covid hosp,quantile,0.05,0.0
39,2026-08-08,1,2026-08-15,wk inc covid hosp,quantile,0.05,7.7156842588260215
40,2026-08-08,1,2026-08-15,wk inc covid hosp,quantile,0.05,2.1236815868172623
41,2026-08-08,1,2026-08-15,wk inc covid hosp,quantile,0.05,0.0
42,2026-08-08,1,2026-08-15,wk inc covid hosp,quantile,0.05,0.6320160576420358
44,2026-08-08,1,2026-08-15,wk inc covid hosp,quantile,0.05,0.0
45,2026-08-08,1,2026-08-15,wk inc covid hosp,quantile,0.05,3.894621282254002
46,2026-08-08,1,2026-08-15,wk inc covid hosp,quantile,0.05,0.0
47,2026-08-08,1,2026-08-15,wk inc covid hosp,quantile,0.05,11.057700674946682
48,2026-08-08,1,2026-08-15,wk inc covid hosp,quantile,0.05,148.76870884980363
49,2026-08-08,1,2026-08-15,wk inc covid hosp,quantile,0.05,0.0
50,2026-08-08,1,2026-08-15,wk inc covid hosp,quantile,0.05,0.0
51,2026-08-08,1,2026-08-15,wk inc covid hosp,quantile,0.05,1.0629022811362423
53,2026-08-08,1,2026-08-15,wk inc covid hosp,quantile,0.05,2.7260478606378227
54,2026-08-08,1,2026-08-15,wk inc covid hosp,quantile,0.05,0.0
55,2026-08-08,1,2026-08-15,wk inc covid hosp,quantile,0.05,4.242669267553978
56,2026-08-08,1,2026-08-15,wk inc covid hosp,quantile,0.05,0.0
72,2026-08-08,1,2026-08-15,wk inc covid hosp,quantile,0.05,7.481712956780669
US,2026-08-08,1,2026-08-15,wk inc covid hosp,quantile,0.05,1294.0324665149324
01,2026-08-08,2,2026-08-22,wk inc covid hosp,quantile,0.05,24.756116567018864
02,2026-08-08,2,2026-08-22,wk inc covid hosp,quantile,0.05,0.0
04,2026-08-08,2,2026-08-22,wk inc covid hosp,quantile,0.05,3.4878634191206332
05,2026-08-08,2,2026-08-22,wk inc covid hosp,quantile,0.05,0.0
06,2026-08-08,2,2026-08-22,wk inc covid hosp,quantile,0.05,250.01745295026717
08,2026-08-08,2,2026-08-22,wk inc covid hosp,quantile,0.05,0.0
09,2026-08-08,2,2026-08-22,wk inc covid hosp,quantile,0.05,0.0
10,2026-08-08,2,2026-08-22,wk inc covid hosp,quantile,0.05,0.0
11,2026-08-08,2,2026-08-22,wk inc covid hosp,quantile,0.05,0.0
12,2026-08-08,2,2026-08-22,wk inc covid hosp,quantile,0.05,96.68566155135973
13,2026-08-08,2,2026-08-22,wk inc covid hosp,quantile,0.05,28.456665600906916
15,2026-08-08,2,2026-08-22,wk inc covid hosp,quantile,0.05,2.73074816202794
16,2026-08-08,2,2026-08-22,wk inc covid hosp,quantile,0.05,0.0
17,2026-08-08,2,2026-08-22,wk inc covid hosp,quantile,0.05,2.9797206392441136
18,2026-08-08,2,2026-08-22,wk inc covid hosp,quantile,0.05,0.1550891579312419
19,2026-08-08,2,2026-08-22,wk inc covid hosp,quantile,0.05,0.0
20,2026-08-08,2,2026-08-22,wk inc covid hosp,quantile,0.05,0.0
21,2026-08-08,2,2026-08-22,wk inc covid hosp,quantile,0.05,0.0
22,2026-08-08,2,2026-08-22,wk inc covid hosp,quantile,0.05,16.509438260796284
23,2026-08-08,2,2026-08-22,wk inc covid hosp,quantile,0.05,0.0
24,2026-08-08,2,2026-08-22,wk inc covid hosp,quantile,0.05,0.0
25,2026-08-08,2,2026-08-22,wk inc covid hosp,quantile,0.05,3.131235434985933
26,2026-08-08,2,2026-08-22,wk inc covid hosp,quantile,0.05,0.0
27,2026-08-08,2,2026-08-22,wk inc covid hosp,quantile,0.05,3.3716892822417717
28,2026-08-08,2,2026-08-22,wk inc covid hosp,quantile,0.05,7.724576385422066
29,2026-08-08,2,2026-08-22,wk inc covid hosp,quantile,0.05,0.0
30,2026-08-08,2,2026-08-22,wk inc covid hosp,quantile,0.05,0.0
31,2026-08-08,2,2026-08-22,wk inc covid hosp,quantile,0.05,0.0
32,2026-08-08,2,2026-08-22,wk inc covid hosp,quantile,0.05,5.201402674089416
33,2026-08-08,2,2026-08-22,wk inc covid hosp,quantile,0.05,0.0
34,2026-08-08,2,2026-08-22,wk inc covid hosp,quantile,0.05,2.216764593466004
35,2026-08-08,2,2026-08-22,wk inc covid hosp,quantile,0.05,0.0
36,2026-08-08,2,2026-08-22,wk inc covid hosp,quantile,0.05,53.386193798181964
37,2026-08-08,2,2026-08-22,wk inc covid hosp,quantile,0.05,40.85014814562497
38,2026-08-08,2,2026-08-22,wk inc covid hosp,quantile,0.05,0.0
39,2026-08-08,2,2026-08-22,wk inc covid hosp,quantile,0.05,7.112822732452364
40,2026-08-08,2,2026-08-22,wk inc covid hosp,quantile,0.05,0.9245071051347572
41,2026-08-08,2,2026-08-22,wk inc covid hosp,quantile,0.05,0.0
42,2026-08-08,2,2026-08-22,wk inc covid hosp,quantile,0.05,0.0
44,2026-08-08,2,2026-08-22,wk inc covid hosp,quantile,0.05,0.0
45,2026-08-08,2,2026-08-22,wk inc covid hosp,quantile,0.05,1.5361828490590008
46,2026-08-08,2,2026-08-22,wk inc covid hosp,quantile,0.05,0.0
47,2026-08-08,2,2026-08-22,wk inc covid hosp,quantile,0.05,7.846759688100749
48,2026-08-08,2,2026-08-22,wk inc covid hosp,quantile,0.05,125.58298227253718
49,2026-08-08,2,2026-08-22,wk inc covid hosp,quantile,0.05,0.0
50,2026-08-08,2,2026-08-22,wk inc covid hosp,quantile,0.05,0.0
51,2026-08-08,2,2026-08-22,wk inc covid hosp,quantile,0.05,0.0
53,2026-08-08,2,2026-08-22,wk inc covid hosp,quantile,0.05,0.4478861135648514
54,2026-08-08,2,2026-08-22,wk inc covid hosp,quantile,0.05,0.0
55,2026-08-08,2,2026-08-22,wk inc covid hosp,quantile,0.05,3.1433988675418467
56,2026-08-08,2,2026-08-22,wk inc covid hosp,quantile,0.05,0.0
72,2026-08-08,2,2026-08-22,wk inc covid hosp,quantile,0.05,4.320764901675751
US,2026-08-08,2,2026-08-22,wk inc covid hosp,quantile,0.05,1300.3936393014649
01,2026-08-08,3,2026-08-29,wk inc covid hosp,quantile,0.05,22.157032641433553
02,2026-08-08,3,2026-08-29,wk inc covid hosp,quantile,0.05,0.0
04,2026-08-08,3,2026-08-29,wk inc covid hosp,quantile,0.05,0.8416063451780127
05,2026-08-08,3,2026-08-29,wk inc covid hosp,quantile,0.05,0.0
06,2026-08-08,3,2026-08-29,wk inc covid hosp,quantile,0.05,237.96887957268
08,2026-08-08,3,2026-08-29,wk inc covid hosp,quantile,0.05,0.0
09,2026-08-08,3,2026-08-29,wk inc covid hosp,quantile,0.05,0.0
10,2026-08-08,3,2026-08-29,wk inc covid hosp,quantile,0.05,0.0
11,2026-08-08,3,2026-08-29,wk inc covid hosp,quantile,0.05,0.0
12,2026-08-08,3,2026-08-29,wk inc covid hosp,quantile,0.05,71.91482979930561
13,2026-08-08,3,2026-08-29,wk inc covid hosp,quantile,0.05,26.387493157874374
15,2026-08-08,3,2026-08-29,wk inc covid hosp,quantile,0.05,1.8513228237845716
16,2026-08-08,3,2026-08-29,wk inc covid hosp,quantile,0.05,0.0
17,2026-08-08,3,2026-08-29,wk inc covid hosp,quantile,0.05,1.051456509970474
18,2026-08-08,3,2026-08-29,wk inc covid hosp,quantile,0.05,0.0
19,2026-08-08,3,2026-08-29,wk inc covid hosp,quantile,0.05,0.0
20,2026-08-08,3,2026-08-29,wk inc covid hosp,quantile,0.05,0.0
21,2026-08-08,3,2026-08-29,wk inc covid hosp,quantile,0.05,0.0
22,2026-08-08,3,2026-08-29,wk inc covid hosp,quantile,0.05,14.889059660882083
23,2026-08-08,3,2026-08-29,wk inc covid hosp,quantile,0.05,0.0
24,2026-08-08,3,2026-08-29,wk inc covid hosp,quantile,0.05,0.0
25,2026-08-08,3,2026-08-29,wk inc covid hosp,quantile,0.05,2.316636113163922
26,2026-08-08,3,2026-08-29,wk inc covid hosp,quantile,0.05,0.0
27,2026-08-08,3,2026-08-29,wk inc covid hosp,quantile,0.05,2.247176398692358
28,2026-08-08,3,2026-08-29,wk inc covid hosp,quantile,0.05,5.937622075242834
29,2026-08-08,3,2026-08-29,wk inc covid hosp,quantile,0.05,0.0
30,2026-08-08,3,2026-08-29,wk inc covid hosp,quantile,0.05,0.0
31,2026-08-08,3,2026-08-29,wk inc covid hosp,quantile,0.05,0.0
32,2026-08-08,3,2026-08-29,wk inc covid hosp,quantile,0.05,4.017792704259949
33,2026-08-08,3,2026-08-29,wk inc covid hosp,quantile,0.05,0.0
34,2026-08-08,3,2026-08-29,wk inc covid hosp,quantile,0.05,0.0
35,2026-08-08,3,2026-08-29,wk inc covid hosp,quantile,0.05,0.0
36,2026-08-08,3,2026-08-29,wk inc covid hosp,quantile,0.05,53.655886596077366
37,2026-08-08,3,2026-08-29,wk inc covid hosp,quantile,0.05,38.27307630427607
38,2026-08-08,3,2026-08-29,wk inc covid hosp,quantile,0.05,0.0
39,2026-08-08,3,2026-08-29,wk inc covid hosp,quantile,0.05,6.406803347576931
40,2026-08-08,3,2026-08-29,wk inc covid hosp,quantile,0.05,0.19245448580801527
41,2026-08-08,3,2026-08-29,wk inc covid hosp,quantile,0.05,0.0
42,2026-08-08,3,2026-08-29,wk inc covid hosp,quantile,0.05,0.0
44,2026-08-08,3,2026-08-29,wk inc covid hosp,quantile,0.05,0.0
45,2026-08-08,3,2026-08-29,wk inc covid hosp,quantile,0.05,0.0
46,2026-08-08,3,2026-08-29,wk inc covid hosp,quantile,0.05,0.0
47,2026-08-08,3,2026-08-29,wk inc covid hosp,quantile,0.05,5.491662092180757
48,2026-08-08,3,2026-08-29,wk inc covid hosp,quantile,0.05,111.96416188105583
49,2026-08-08,3,2026-08-29,wk inc covid hosp,quantile,0.05,0.0
50,2026-08-08,3,2026-08-29,wk inc covid hosp,quantile,0.05,0.0
51,2026-08-08,3,2026-08-29,wk inc covid hosp,quantile,0.05,0.0
53,2026-08-08,3,2026-08-29,wk inc covid hosp,quantile,0.05,0.0
54,2026-08-08,3,2026-08-29,wk inc covid hosp,quantile,0.05,0.0
55,2026-08-08,3,2026-08-29,wk inc covid hosp,quantile,0.05,2.5877972295593334
56,2026-08-08,3,2026-08-29,wk inc covid hosp,quantile,0.05,0.0
72,2026-08-08,3,2026-08-29,wk inc covid hosp,quantile,0.05,0.8531422092216302
US,2026-08-08,3,2026-08-29,wk inc covid hosp,quantile,0.05,1301.8514496897176
01,2026-08-08,0,2026-08-08,wk inc covid hosp,quantile,0.1,36.32435061141913
02,2026-08-08,0,2026-08-08,wk inc covid hosp,quantile,0.1,0.8137786135152154
04,2026-08-08,0,2026-08-08,wk inc covid hosp,quantile,0.1,11.799713675151366
05,2026-08-08,0,2026-08-08,wk inc covid hosp,quantile,0.1,0.27688226857105286
06,2026-08-08,0,2026-08-08,wk inc covid hosp,quantile,0.1,275.3352047563953
08,2026-08-08,0,2026-08-08,wk inc covid hosp,quantile,0.1,2.800697279586282
09,2026-08-08,0,2026-08-08,wk inc covid hosp,quantile,0.1,1.7532120279817345
10,2026-08-08,0,2026-08-08,wk inc covid hosp,quantile,0.1,0.08312479528165617
11,2026-08-08,0,2026-08-08,wk inc covid hosp,quantile,0.1,0.0
12,2026-08-08,0,2026-08-08,wk inc covid hosp,quantile,0.1,189.01678709207252
13,2026-08-08,0,2026-08-08,wk inc covid hosp,quantile,0.1,40.776683198489096
15,2026-08-08,0,2026-08-08,wk inc covid hosp,quantile,0.1,7.076094136062695
16,2026-08-08,0,2026-08-08,wk inc covid hosp,quantile,0.1,0.0
17,2026-08-08,0,2026-08-08,wk inc covid hosp,quantile,0.1,13.283717634547658
18,2026-08-08,0,2026-08-08,wk inc covid hosp,quantile,0.1,6.7292416326542615
19,2026-08-08,0,2026-08-08,wk inc covid hosp,quantile,0.1,0.7662625938933537
20,2026-08-08,0,2026-08-08,wk inc covid hosp,quantile,0.1,2.0229801352811583
21,2026-08-08,0,2026-08-08,wk inc covid hosp,quantile,0.1,1.7855135832330535
22,2026-08-08,0,2026-08-08,wk inc covid hosp,quantile,0.1,34.48510978015243
23,2026-08-08,0,2026-08-08,wk inc covid hosp,quantile,0.1,0.0
24,2026-08-08,0,2026-08-08,wk inc covid hosp,quantile,0.1,0.0
25,2026-08-08,0,2026-08-08,wk inc covid hosp,quantile,0.1,8.564800855900291
26,2026-08-08,0,2026-08-08,wk inc covid hosp,quantile,0.1,0.0
27,2026-08-08,0,2026-08-08,wk inc covid hosp,quantile,0.1,7.625310311754911
28,2026-08-08,0,2026-08-08,wk inc covid hosp,quantile,0.1,15.514421827293173
29,2026-08-08,0,2026-08-08,wk inc covid hosp,quantile,0.1,4.127307843835685
30,2026-08-08,0,2026-08-08,wk inc covid hosp,quantile,0.1,2.4100469985308153
31,2026-08-08,0,2026-08-08,wk inc covid hosp,quantile,0.1,0.0
32,2026-08-08,0,2026-08-08,wk inc covid hosp,quantile,0.1,11.467137126193196
33,2026-08-08,0,2026-08-08,wk inc covid hosp,quantile,0.1,0.0
34,2026-08-08,0,2026-08-08,wk inc covid hosp,quantile,0.1,16.647297214568685
35,2026-08-08,0,2026-08-08,wk inc covid hosp,quantile,0.1,2.061190979078776
36,2026-08-08,0,2026-08-08,wk inc covid hosp,quantile,0.1,67.14066232512499
37,2026-08-08,0,2026-08-08,wk inc covid hosp,quantile,0.1,56.63560279461854
38,2026-08-08,0,2026-08-08,wk inc covid hosp,quantile,0.1,0.0
39,2026-08-08,0,2026-08-08,wk inc covid hosp,quantile,0.1,17.55239911306093
40,2026-08-08,0,2026-08-08,wk inc covid hosp,quantile,0.1,5.837328029484067
41,2026-08-08,0,2026-08-08,wk inc covid hosp,quantile,0.1,2.8475974248395737
42,2026-08-08,0,2026-08-08,wk inc covid hosp,quantile,0.1,13.62688518772715
44,2026-08-08,0,2026-08-08,wk inc covid hosp,quantile,0.1,0.35305627017981134
45,2026-08-08,0,2026-08-08,wk inc covid hosp,quantile,0.1,9.647117233937445
46,2026-08-08,0,2026-08-08,wk inc covid hosp,quantile,0.1,0.0
47,2026-08-08,0,2026-08-08,wk inc covid hosp,quantile,0.1,19.459298231712015
48,2026-08-08,0,2026-08-08,wk inc covid hosp,quantile,0.1,196.6068746875342
49,2026-08-08,0,2026-08-08,wk inc covid hosp,quantile,0.1,0.0
50,2026-08-08,0,2026-08-08,wk inc covid hosp,quantile,0.1,0.0
51,2026-08-08,0,2026-08-08,wk inc covid hosp,quantile,0.1,6.151572724277094
53,2026-08-08,0,2026-08-08,wk inc covid hosp,quantile,0.1,8.692255324979987
54,2026-08-08,0,2026-08-08,wk inc covid hosp,quantile,0.1,0.0
55,2026-08-08,0,2026-08-08,wk inc covid hosp,quantile,0.1,8.764009125648599
56,2026-08-08,0,2026-08-08,wk inc covid hosp,quantile,0.1,0.0
72,2026-08-08,0,2026-08-08,wk inc covid hosp,quantile,0.1,15.962558461213364
US,2026-08-08,0,2026-08-08,wk inc covid hosp,quantile,0.1,1462.6457060673647
01,2026-08-08,1,2026-08-15,wk inc covid hosp,quantile,0.1,34.18920906617974
02,2026-08-08,1,2026-08-15,wk inc covid hosp,quantile,0.1,0.2353950881031269
04,2026-08-08,1,2026-08-15,wk inc covid hosp,quantile,0.1,10.497898226840434
05,2026-08-08,1,2026-08-15,wk inc covid hosp,quantile,0.1,0.0
06,2026-08-08,1,2026-08-15,wk inc covid hosp,quantile,0.1,280.3971207792255
08,2026-08-08,1,2026-08-15,wk inc covid hosp,quantile,0.1,1.5214962833163348
09,2026-08-08,1,2026-08-15,wk inc covid hosp,quantile,0.1,0.0
10,2026-08-08,1,2026-08-15,wk inc covid hosp,quantile,0.1,0.0
11,2026-08-08,1,2026-08-15,wk inc covid hosp,quantile,0.1,0.0
12,2026-08-08,1,2026-08-15,wk inc covid hosp,quantile,0.1,162.86805399615454
13,2026-08-08,1,2026-08-15,wk inc covid hosp,quantile,0.1,39.23210210838995
15,2026-08-08,1,2026-08-15,wk inc covid hosp,quantile,0.1,5.773674519509284
16,2026-08-08,1,2026-08-15,wk inc covid hosp,quantile,0.1,0.0
17,2026-08-08,1,2026-08-15,wk inc covid hosp,quantile,0.1,13.270855212027701
18,2026-08-08,1,2026-08-15,wk inc covid hosp,quantile,0.1,6.571940237882292
19,2026-08-08,1,2026-08-15,wk inc covid hosp,quantile,0.1,0.052251371368689035
20,2026-08-08,1,2026-08-15,wk inc covid hosp,quantile,0.1,1.0706346365516637
21,2026-08-08,1,2026-08-15,wk inc covid hosp,quantile,0.1,0.5811603982836409
22,2026-08-08,1,2026-08-15,wk inc covid hosp,quantile,0.1,28.84332826477535
23,2026-08-08,1,2026-08-15,wk inc covid hosp,quantile,0.1,0.0
24,2026-08-08,1,2026-08-15,wk inc covid hosp,quantile,0.1,0.0
25,2026-08-08,1,2026-08-15,wk inc covid hosp,quantile,0.1,8.885461273334565
26,2026-08-08,1,2026-08-15,wk inc covid hosp,quantile,0.1,0.0
27,2026-08-08,1,2026-08-15,wk inc covid hosp,quantile,0.1,7.482186262591819
28,2026-08-08,1,2026-08-15,wk inc covid hosp,quantile,0.1,13.171869674442338
29,2026-08-08,1,2026-08-15,wk inc covid hosp,quantile,0.1,3.545455115912784
30,2026-08-08,1,2026-08-15,wk inc covid hosp,quantile,0.1,1.7944015230159351
31,2026-08-08,1,2026-08-15,wk inc covid hosp,quantile,0.1,0.0
32,2026-08-08,1,2026-08-15,wk inc covid hosp,quantile,0.1,9.505441625164133
33,2026-08-08,1,2026-08-15,wk inc covid hosp,quantile,0.1,0.0
34,2026-08-08,1,2026-08-15,wk inc covid hosp,quantile,0.1,12.397164514545018
35,2026-08-08,1,2026-08-15,wk inc covid hosp,quantile,0.1,1.4785160851973436
36,2026-08-08,1,2026-08-15,wk inc covid hosp,quantile,0.1,66.88677756494982
37,2026-08-08,1,2026-08-15,wk inc covid hosp,quantile,0.1,55.05178567899652
38,2026-08-08,1,2026-08-15,wk inc covid hosp,quantile,0.1,0.0
39,2026-08-08,1,2026-08-15,wk inc covid hosp,quantile,0.1,16.052359621043458
40,2026-08-08,1,2026-08-15,wk inc covid hosp,quantile,0.1,5.057335630600906
41,2026-08-08,1,2026-08-15,wk inc covid hosp,quantile,0.1,1.922716088351061
42,2026-08-08,1,2026-08-15,wk inc covid hosp,quantile,0.1,9.728180255499709
44,2026-08-08,1,2026-08-15,wk inc covid hosp,quantile,0.1,0.0
45,2026-08-08,1,2026-08-15,wk inc covid hosp,quantile,0.1,7.713860154674691
46,2026-08-08,1,2026-08-15,wk inc covid hosp,quantile,0.1,0.0
47,2026-08-08,1,2026-08-15,wk inc covid hosp,quantile,0.1,16.298421848781423
48,2026-08-08,1,2026-08-15,wk inc covid hosp,quantile,0.1,184.48047707809948
49,2026-08-08,1,2026-08-15,wk inc covid hosp,quantile,0.1,0.0
50,2026-08-08,1,2026-08-15,wk inc covid hosp,quantile,0.1,0.0
51,2026-08-08,1,2026-08-15,wk inc covid hosp,quantile,0.1,4.796878324784689
53,2026-08-08,1,2026-08-15,wk inc covid hosp,quantile,0.1,6.444186864793783
54,2026-08-08,1,2026-08-15,wk inc covid hosp,quantile,0.1,0.0
55,2026-08-08,1,2026-08-15,wk inc covid hosp,quantile,0.1,8.260031760634268
56,2026-08-08,1,2026-08-15,wk inc covid hosp,quantile,0.1,0.0
72,2026-08-08,1,2026-08-15,wk inc covid hosp,quantile,0.1,12.912095722588669
US,2026-08-08,1,2026-08-15,wk inc covid hosp,quantile,0.1,1501.4569683389643
01,2026-08-08,2,2026-08-22,wk inc covid hosp,quantile,0.1,32.650540136263274
02,2026-08-08,2,2026-08-22,wk inc covid hosp,quantile,0.1,0.0
04,2026-08-08,2,2026-08-22,wk inc covid hosp,quantile,0.1,8.544007358848019
05,2026-08-08,2,2026-08-22,wk inc covid hosp,quantile,0.1,0.0
06,2026-08-08,2,2026-08-22,wk inc covid hosp,quantile,0.1,287.3730305836278
08,2026-08-08,2,2026-08-22,wk inc covid hosp,quantile,0.1,0.22713997578539658
09,2026-08-08,2,2026-08-22,wk inc covid hosp,quantile,0.1,0.0
10,2026-08-08,2,2026-08-22,wk inc covid hosp,quantile,0.1,0.0
11,2026-08-08,2,2026-08-22,wk inc covid hosp,quantile,0.1,0.0
12,2026-08-08,2,2026-08-22,wk inc covid hosp,quantile,0.1,142.07092241132133
13,2026-08-08,2,2026-08-22,wk inc covid hosp,quantile,0.1,39.10708840938273
15,2026-08-08,2,2026-08-22,wk inc covid hosp,quantile,0.1,4.6843287430743406
16,2026-08-08,2,2026-08-22,wk inc covid hosp,quantile,0.1,0.0
17,2026-08-08,2,2026-08-22,wk inc covid hosp,quantile,0.1,11.113858178600736
18,2026-08-08,2,2026-08-22,wk inc covid hosp,quantile,0.1,4.616787955007118
19,2026-08-08,2,2026-08-22,wk inc covid hosp,quantile,0.1,0.0
20,2026-08-08,2,2026-08-22,wk inc covid hosp,quantile,0.1,0.3061255906073773
21,2026-08-08,2,2026-08-22,wk inc covid hosp,quantile,0.1,0.0
22,2026-08-08,2,2026-08-22,wk inc covid hosp,quantile,0.1,24.858028582027167
23,2026-08-08,2,2026-08-22,wk inc covid hosp,quantile,0.1,0.0
24,2026-08-08,2,2026-08-22,wk inc covid hosp,quantile,0.1,0.0
25,2026-08-08,2,2026-08-22,wk inc covid hosp,quantile,0.1,8.780240885014837
26,2026-08-08,2,2026-08-22,wk inc covid hosp,quantile,0.1,0.0
27,2026-08-08,2,2026-08-22,wk inc covid hosp,quantile,0.1,7.889539580215761
28,2026-08-08,2,2026-08-22,wk inc covid hosp,quantile,0.1,11.533369903405001
29,2026-08-08,2,2026-08-22,wk inc covid hosp,quantile,0.1,3.5444823764967044
30,2026-08-08,2,2026-08-22,wk inc covid hosp,quantile,0.1,1.6817408265041112
31,2026-08-08,2,2026-08-22,wk inc covid hosp,quantile,0.1,0.0
32,2026-08-08,2,2026-08-22,wk inc covid hosp,quantile,0.1,8.314550139751715
33,2026-08-08,2,2026-08-22,wk inc covid hosp,quantile,0.1,0.0
34,2026-08-08,2,2026-08-22,wk inc covid hosp,quantile,0.1,11.393388341478582
35,2026-08-08,2,2026-08-22,wk inc covid hosp,quantile,0.1,0.6742294945601056
36,2026-08-08,2,2026-08-22,wk inc covid hosp,quantile,0.1,69.8516801968791
37,2026-08-08,2,2026-08-22,wk inc covid hosp,quantile,0.1,54.32927888588069
38,2026-08-08,2,2026-08-22,wk inc covid hosp,quantile,0.1,0.0
39,2026-08-08,2,2026-08-22,wk inc covid hosp,quantile,0.1,16.78672194912599
40,2026-08-08,2,2026-08-22,wk inc covid hosp,quantile,0.1,5.009473528357512
41,2026-08-08,2,2026-08-22,wk inc covid hosp,quantile,0.1,0.7756250740898064
42,2026-08-08,2,2026-08-22,wk inc covid hosp,quantile,0.1,8.751464354590226
44,2026-08-08,2,2026-08-22,wk inc covid hosp,quantile,0.1,0.0
45,2026-08-08,2,2026-08-22,wk inc covid hosp,quantile,0.1,5.763007716330542
46,2026-08-08,2,2026-08-22,wk inc covid hosp,quantile,0.1,0.0
47,2026-08-08,2,2026-08-22,wk inc covid hosp,quantile,0.1,14.043038521488086
48,2026-08-08,2,2026-08-22,wk inc covid hosp,quantile,0.1,174.11812418460934
49,2026-08-08,2,2026-08-22,wk inc covid hosp,quantile,0.1,0.0
50,2026-08-08,2,2026-08-22,wk inc covid hosp,quantile,0.1,0.0
51,2026-08-08,2,2026-08-22,wk inc covid hosp,quantile,0.1,4.062499415122293
53,2026-08-08,2,2026-08-22,wk inc covid hosp,quantile,0.1,5.10756127065316
54,2026-08-08,2,2026-08-22,wk inc covid hosp,quantile,0.1,0.0
55,2026-08-08,2,2026-08-22,wk inc covid hosp,quantile,0.1,8.169364074339844
56,2026-08-08,2,2026-08-22,wk inc covid hosp,quantile,0.1,0.0
72,2026-08-08,2,2026-08-22,wk inc covid hosp,quantile,0.1,9.226481791127584
US,2026-08-08,2,2026-08-22,wk inc covid hosp,quantile,0.1,1576.1877904681617
01,2026-08-08,3,2026-08-29,wk inc covid hosp,quantile,0.1,30.854687342583457
02,2026-08-08,3,2026-08-29,wk inc covid hosp,quantile,0.1,0.0
04,2026-08-08,3,2026-08-29,wk inc covid hosp,quantile,0.1,7.184254206040216
05,2026-08-08,3,2026-08-29,wk inc covid hosp,quantile,0.1,0.0
06,2026-08-08,3,2026-08-29,wk inc covid hosp,quantile,0.1,286.83730838933093
08,2026-08-08,3,2026-08-29,wk inc covid hosp,quantile,0.1,0.4080094167655188
09,2026-08-08,3,2026-08-29,wk inc covid hosp,quantile,0.1,0.0
10,2026-08-08,3,2026-08-29,wk inc covid hosp,quantile,0.1,0.0
11,2026-08-08,3,2026-08-29,wk inc covid hosp,quantile,0.1,0.0
12,2026-08-08,3,2026-08-29,wk inc covid hosp,quantile,0.1,119.28239920829012
13,2026-08-08,3,2026-08-29,wk inc covid hosp,quantile,0.1,38.03589085973789
15,2026-08-08,3,2026-08-29,wk inc covid hosp,quantile,0.1,4.177667034433267
16,2026-08-08,3,2026-08-29,wk inc covid hosp,quantile,0.1,0.0
17,2026-08-08,3,2026-08-29,wk inc covid hosp,quantile,0.1,12.03803551563872
18,2026-08-08,3,2026-08-29,wk inc covid hosp,quantile,0.1,4.874557504669918
19,2026-08-08,3,2026-08-29,wk inc covid hosp,quantile,0.1,0.0
20,2026-08-08,3,2026-08-29,wk inc covid hosp,quantile,0.1,0.0
21,2026-08-08,3,2026-08-29,wk inc covid hosp,quantile,0.1,0.0
22,2026-08-08,3,2026-08-29,wk inc covid hosp,quantile,0.1,22.723998545724534
23,2026-08-08,3,2026-08-29,wk inc covid hosp,quantile,0.1,0.0
24,2026-08-08,3,2026-08-29,wk inc covid hosp,quantile,0.1,0.0
25,2026-08-08,3,2026-08-29,wk inc covid hosp,quantile,0.1,9.02666389367646
26,2026-08-08,3,2026-08-29,wk inc covid hosp,quantile,0.1,0.0
27,2026-08-08,3,2026-08-29,wk inc covid hosp,quantile,0.1,7.570689768847748
28,2026-08-08,3,2026-08-29,wk inc covid hosp,quantile,0.1,10.324050722138399
29,2026-08-08,3,2026-08-29,wk inc covid hosp,quantile,0.1,4.1601442475690655
30,2026-08-08,3,2026-08-29,wk inc covid hosp,quantile,0.1,1.176353347329914
31,2026-08-08,3,2026-08-29,wk inc covid hosp,quantile,0.1,0.0
32,2026-08-08,3,2026-08-29,wk inc covid hosp,quantile,0.1,7.72621631704645
33,2026-08-08,3,2026-08-29,wk inc covid hosp,quantile,0.1,0.0
34,2026-08-08,3,2026-08-29,wk inc covid hosp,quantile,0.1,8.319397276634579
35,2026-08-08,3,2026-08-29,wk inc covid hosp,quantile,0.1,0.05734238436878556
36,2026-08-08,3,2026-08-29,wk inc covid hosp,quantile,0.1,73.7520969743262
37,2026-08-08,3,2026-08-29,wk inc covid hosp,quantile,0.1,54.3215623319205
38,2026-08-08,3,2026-08-29,wk inc covid hosp,quantile,0.1,0.0
39,2026-08-08,3,2026-08-29,wk inc covid hosp,quantile,0.1,18.532952772811473
40,2026-08-08,3,2026-08-29,wk inc covid hosp,quantile,0.1,4.966204494147866
41,2026-08-08,3,2026-08-29,wk inc covid hosp,quantile,0.1,1.0498022288937656
42,2026-08-08,3,2026-08-29,wk inc covid hosp,quantile,0.1,7.5696952758143174
44,2026-08-08,3,2026-08-29,wk inc covid hosp,quantile,0.1,0.0
45,2026-08-08,3,2026-08-29,wk inc covid hosp,quantile,0.1,5.179948013273672
46,2026-08-08,3,2026-08-29,wk inc covid hosp,quantile,0.1,0.0
47,2026-08-08,3,2026-08-29,wk inc covid hosp,quantile,0.1,13.022103401693427
48,2026-08-08,3,2026-08-29,wk inc covid hosp,quantile,0.1,158.1754123689735
49,2026-08-08,3,2026-08-29,wk inc covid hosp,quantile,0.1,0.0
50,2026-08-08,3,2026-08-29,wk inc covid hosp,quantile,0.1,0.0
51,2026-08-08,3,2026-08-29,wk inc covid hosp,quantile,0.1,3.7908511029958953
53,2026-08-08,3,2026-08-29,wk inc covid hosp,quantile,0.1,3.9923631237765766
54,2026-08-08,3,2026-08-29,wk inc covid hosp,quantile,0.1,0.0
55,2026-08-08,3,2026-08-29,wk inc covid hosp,quantile,0.1,8.741399211727234
56,2026-08-08,3,2026-08-29,wk inc covid hosp,quantile,0.1,0.0
72,2026-08-08,3,2026-08-29,wk inc covid hosp,quantile,0.1,6.750872232419794
US,2026-08-08,3,2026-08-29,wk inc covid hosp,quantile,0.1,1604.0886211403715
01,2026-08-08,0,2026-08-08,wk inc covid hosp,quantile,0.15,39.913710906618746
02,2026-08-08,0,2026-08-08,wk inc covid hosp,quantile,0.15,1.2736442848495328
04,2026-08-08,0,2026-08-08,wk inc covid hosp,quantile,0.15,15.207809972635388
05,2026-08-08,0,2026-08-08,wk inc covid hosp,quantile,0.15,1.2107493410219083
06,2026-08-08,0,2026-08-08,wk inc covid hosp,quantile,0.15,288.9683550622327
08,2026-08-08,0,2026-08-08,wk inc covid hosp,quantile,0.15,4.393445149142709
09,2026-08-08,0,2026-08-08,wk inc covid hosp,quantile,0.15,3.4320604674856074
10,2026-08-08,0,2026-08-08,wk inc covid hosp,quantile,0.15,0.48131527061484064
11,2026-08-08,0,2026-08-08,wk inc covid hosp,quantile,0.15,0.0
12,2026-08-08,0,2026-08-08,wk inc covid hosp,quantile,0.15,208.84847706107445
13,2026-08-08,0,2026-08-08,wk inc covid hosp,quantile,0.15,44.26118784215521
15,2026-08-08,0,2026-08-08,wk inc covid hosp,quantile,0.15,8.130790728813366
16,2026-08-08,0,2026-08-08,wk inc covid hosp,quantile,0.15,0.0
17,2026-08-08,0,2026-08-08,wk inc covid hosp,quantile,0.15,16.72681788026383
18,2026-08-08,0,2026-08-08,wk inc covid hosp,quantile,0.15,9.14334189314648
19,2026-08-08,0,2026-08-08,wk inc covid hosp,quantile,0.15,1.930198139554548
20,2026-08-08,0,2026-08-08,wk inc covid hosp,quantile,0.15,3.3681915580712136
21,2026-08-08,0,2026-08-08,wk inc covid hosp,quantile,0.15,3.285615342010837
22,2026-08-08,0,2026-08-08,wk inc covid hosp,quantile,0.15,37.930714437441104
23,2026-08-08,0,2026-08-08,wk inc covid hosp,quantile,0.15,0.0
24,2026-08-08,0,2026-08-08,wk inc covid hosp,quantile,0.15,0.19576447199401645
25,2026-08-08,0,2026-08-08,wk inc covid hosp,quantile,0.15,10.75386185582083
26,2026-08-08,0,2026-08-08,wk inc covid hosp,quantile,0.15,0.0
27,2026-08-08,0,2026-08-08,wk inc covid hosp,quantile,0.15,9.665618536427196
28,2026-08-08,0,2026-08-08,wk inc covid hosp,quantile,0.15,17.55968065166119
29,2026-08-08,0,2026-08-08,wk inc covid hosp,quantile,0.15,6.120340202357237
30,2026-08-08,0,2026-08-08,wk inc covid hosp,quantile,0.15,3.2962200035148905
31,2026-08-08,0,2026-08-08,wk inc covid hosp,quantile,0.15,0.0
32,2026-08-08,0,2026-08-08,wk inc covid hosp,quantile,0.15,12.805749259503438
33,2026-08-08,0,2026-08-08,wk inc covid hosp,quantile,0.15,0.4567703496531444
34,2026-08-08,0,2026-08-08,wk inc covid hosp,quantile,0.15,20.41403431036204
35,2026-08-08,0,2026-08-08,wk inc covid hosp,quantile,0.15,2.9744403188746396
36,2026-08-08,0,2026-08-08,wk inc covid hosp,quantile,0.15,74.40155217743884
37,2026-08-08,0,2026-08-08,wk inc covid hosp,quantile,0.15,61.3707691029316
38,2026-08-08,0,2026-08-08,wk inc covid hosp,quantile,0.15,0.0
39,2026-08-08,0,2026-08-08,wk inc covid hosp,quantile,0.15,21.045223415031693
40,2026-08-08,0,2026-08-08,wk inc covid hosp,quantile,0.15,7.358898859553985
41,2026-08-08,0,2026-08-08,wk inc covid hosp,quantile,0.15,3.871665060234123
42,2026-08-08,0,2026-08-08,wk inc covid hosp,quantile,0.15,19.606407859299924
44,2026-08-08,0,2026-08-08,wk inc covid hosp,quantile,0.15,0.8248559055367667
45,2026-08-08,0,2026-08-08,wk inc covid hosp,quantile,0.15,11.51842123964323
46,2026-08-08,0,2026-08-08,wk inc covid hosp,quantile,0.15,0.0
47,2026-08-08,0,2026-08-08,wk inc covid hosp,quantile,0.15,22.168484841756044
48,2026-08-08,0,2026-08-08,wk inc covid hosp,quantile,0.15,213.6538022709116
49,2026-08-08,0,2026-08-08,wk inc covid hosp,quantile,0.15,0.0
50,2026-08-08,0,2026-08-08,wk inc covid hosp,quantile,0.15,0.0
51,2026-08-08,0,2026-08-08,wk inc covid hosp,quantile,0.15,8.62865800099131
53,2026-08-08,0,2026-08-08,wk inc covid hosp,quantile,0.15,10.384380680545679
54,2026-08-08,0,2026-08-08,wk inc covid hosp,quantile,0.15,0.0
55,2026-08-08,0,2026-08-08,wk inc covid hosp,quantile,0.15,10.762169108848134
56,2026-08-08,0,2026-08-08,wk inc covid hosp,quantile,0.15,0.0
72,2026-08-08,0,2026-08-08,wk inc covid hosp,quantile,0.15,18.79770340044337
US,2026-08-08,0,2026-08-08,wk inc covid hosp,quantile,0.15,1565.892406566878
01,2026-08-08,1,2026-08-15,wk inc covid hosp,quantile,0.15,38.417263901688074
02,2026-08-08,1,2026-08-15,wk inc covid hosp,quantile,0.15,0.9405240998607596
04,2026-08-08,1,2026-08-15,wk inc covid hosp,quantile,0.15,14.850611614716549
05,2026-08-08,1,2026-08-15,wk inc covid hosp,quantile,0.15,0.5266000480926671
06,2026-08-08,1,2026-08-15,wk inc covid hosp,quantile,0.15,301.41110547025414
08,2026-08-08,1,2026-08-15,wk inc covid hosp,quantile,0.15,3.7310966552539804
09,2026-08-08,1,2026-08-15,wk inc covid hosp,quantile,0.15,1.9241352176601647
10,2026-08-08,1,2026-08-15,wk inc covid hosp,quantile,0.15,0.13230636169278204
11,2026-08-08,1,2026-08-15,wk inc covid hosp,quantile,0.15,0.0
12,2026-08-08,1,2026-08-15,wk inc covid hosp,quantile,0.15,188.31976685980777
13,2026-08-08,1,2026-08-15,wk inc covid hosp,quantile,0.15,44.93314191454261
15,2026-08-08,1,2026-08-15,wk inc covid hosp,quantile,0.15,7.535369811829247
16,2026-08-08,1,2026-08-15,wk inc covid hosp,quantile,0.15,0.0
17,2026-08-08,1,2026-08-15,wk inc covid hosp,quantile,0.15,17.641683373277484
18,2026-08-08,1,2026-08-15,wk inc covid hosp,quantile,0.15,9.480192194457047
19,2026-08-08,1,2026-08-15,wk inc covid hosp,quantile,0.15,1.6809346967550123
20,2026-08-08,1,2026-08-15,wk inc covid hosp,quantile,0.15,2.791298685361594
21,2026-08-08,1,2026-08-15,wk inc covid hosp,quantile,0.15,2.8395386956855013
22,2026-08-08,1,2026-08-15,wk inc covid hosp,quantile,0.15,33.43507114793113
23,2026-08-08,1,2026-08-15,wk inc covid hosp,quantile,0.15,0.0
24,2026-08-08,1,2026-08-15,wk inc covid hosp,quantile,0.15,0.0
25,2026-08-08,1,2026-08-15,wk inc covid hosp,quantile,0.15,11.599265833310522
26,2026-08-08,1,2026-08-15,wk inc covid hosp,quantile,0.15,0.0
27,2026-08-08,1,2026-08-15,wk inc covid hosp,quantile,0.15,10.078858450523201
28,2026-08-08,1,2026-08-15,wk inc covid hosp,quantile,0.15,15.964693803025943
29,2026-08-08,1,2026-08-15,wk inc covid hosp,quantile,0.15,6.384827883096601
30,2026-08-08,1,2026-08-15,wk inc covid hosp,quantile,0.15,2.8723779985650726
31,2026-08-08,1,2026-08-15,wk inc covid hosp,quantile,0.15,0.0
32,2026-08-08,1,2026-08-15,wk inc covid hosp,quantile,0.15,11.486993378858632
33,2026-08-08,1,2026-08-15,wk inc covid hosp,quantile,0.15,0.01992130092829782
34,2026-08-08,1,2026-08-15,wk inc covid hosp,quantile,0.15,18.3292810758612
35,2026-08-08,1,2026-08-15,wk inc covid hosp,quantile,0.15,2.6617150223352266
36,2026-08-08,1,2026-08-15,wk inc covid hosp,quantile,0.15,76.86119084020116
37,2026-08-08,1,2026-08-15,wk inc covid hosp,quantile,0.15,61.75615850652664
38,2026-08-08,1,2026-08-15,wk inc covid hosp,quantile,0.15,0.0
39,2026-08-08,1,2026-08-15,wk inc covid hosp,quantile,0.15,22.351055994110727
40,2026-08-08,1,2026-08-15,wk inc covid hosp,quantile,0.15,7.153177407119789
41,2026-08-08,1,2026-08-15,wk inc covid hosp,quantile,0.15,3.5940890951054527
42,2026-08-08,1,2026-08-15,wk inc covid hosp,quantile,0.15,16.544678546234447
44,2026-08-08,1,2026-08-15,wk inc covid hosp,quantile,0.15,0.1887121445635614
45,2026-08-08,1,2026-08-15,wk inc covid hosp,quantile,0.15,10.729056014468592
46,2026-08-08,1,2026-08-15,wk inc covid hosp,quantile,0.15,0.0
47,2026-08-08,1,2026-08-15,wk inc covid hosp,quantile,0.15,20.88775809025346
48,2026-08-08,1,2026-08-15,wk inc covid hosp,quantile,0.15,207.13235979050137
49,2026-08-08,1,2026-08-15,wk inc covid hosp,quantile,0.15,0.0
50,2026-08-08,1,2026-08-15,wk inc covid hosp,quantile,0.15,0.0
51,2026-08-08,1,2026-08-15,wk inc covid hosp,quantile,0.15,8.661939812039074
53,2026-08-08,1,2026-08-15,wk inc covid hosp,quantile,0.15,9.200097860703421
54,2026-08-08,1,2026-08-15,wk inc covid hosp,quantile,0.15,0.0
55,2026-08-08,1,2026-08-15,wk inc covid hosp,quantile,0.15,11.545313942923261
56,2026-08-08,1,2026-08-15,wk inc covid hosp,quantile,0.15,0.0
72,2026-08-08,1,2026-08-15,wk inc covid hosp,quantile,0.15,16.214082842550866
US,2026-08-08,1,2026-08-15,wk inc covid hosp,quantile,0.15,1633.4303841012377
01,2026-08-08,2,2026-08-22,wk inc covid hosp,quantile,0.15,37.7935992326838
02,2026-08-08,2,2026-08-22,wk inc covid hosp,quantile,0.15,0.49577111223126025
04,2026-08-08,2,2026-08-22,wk inc covid hosp,quantile,0.15,13.199686737003557
05,2026-08-08,2,2026-08-22,wk inc covid hosp,quantile,0.15,0.2519271263545557
06,2026-08-08,2,2026-08-22,wk inc covid hosp,quantile,0.15,315.3298703846009
08,2026-08-08,2,2026-08-22,wk inc covid hosp,quantile,0.15,3.059946250029478
09,2026-08-08,2,2026-08-22,wk inc covid hosp,quantile,0.15,1.2839619027071145
10,2026-08-08,2,2026-08-22,wk inc covid hosp,quantile,0.15,0.09578700416407511
11,2026-08-08,2,2026-08-22,wk inc covid hosp,quantile,0.15,0.0
12,2026-08-08,2,2026-08-22,wk inc covid hosp,quantile,0.15,171.36885175227076
13,2026-08-08,2,2026-08-22,wk inc covid hosp,quantile,0.15,46.05788364756501
15,2026-08-08,2,2026-08-22,wk inc covid hosp,quantile,0.15,6.615442799235875
16,2026-08-08,2,2026-08-22,wk inc covid hosp,quantile,0.15,0.0
17,2026-08-08,2,2026-08-22,wk inc covid hosp,quantile,0.15,18.7137366460848
18,2026-08-08,2,2026-08-22,wk inc covid hosp,quantile,0.15,8.618941426481321
19,2026-08-08,2,2026-08-22,wk inc covid hosp,quantile,0.15,1.1640277122546323
20,2026-08-08,2,2026-08-22,wk inc covid hosp,quantile,0.15,2.0484969541603983
21,2026-08-08,2,2026-08-22,wk inc covid hosp,quantile,0.15,2.471349286143844
22,2026-08-08,2,2026-08-22,wk inc covid hosp,quantile,0.15,29.65867942357524
23,2026-08-08,2,2026-08-22,wk inc covid hosp,quantile,0.15,0.0
24,2026-08-08,2,2026-08-22,wk inc covid hosp,quantile,0.15,0.0
25,2026-08-08,2,2026-08-22,wk inc covid hosp,quantile,0.15,12.97882598760847
26,2026-08-08,2,2026-08-22,wk inc covid hosp,quantile,0.15,0.0
27,2026-08-08,2,2026-08-22,wk inc covid hosp,quantile,0.15,10.986970022645975
28,2026-08-08,2,2026-08-22,wk inc covid hosp,quantile,0.15,15.301075168590266
29,2026-08-08,2,2026-08-22,wk inc covid hosp,quantile,0.15,6.802981666279512
30,2026-08-08,2,2026-08-22,wk inc covid hosp,quantile,0.15,2.9645648305857693
31,2026-08-08,2,2026-08-22,wk inc covid hosp,quantile,0.15,0.0
32,2026-08-08,2,2026-08-22,wk inc covid hosp,quantile,0.15,10.996287795274661
33,2026-08-08,2,2026-08-22,wk inc covid hosp,quantile,0.15,0.0
34,2026-08-08,2,2026-08-22,wk inc covid hosp,quantile,0.15,16.9246164914249
35,2026-08-08,2,2026-08-22,wk inc covid hosp,quantile,0.15,2.045486259904491
36,2026-08-08,2,2026-08-22,wk inc covid hosp,quantile,0.15,82.76218371423724
37,2026-08-08,2,2026-08-22,wk inc covid hosp,quantile,0.15,64.93108661222345
38,2026-08-08,2,2026-08-22,wk inc covid hosp,quantile,0.15,0.0
39,2026-08-08,2,2026-08-22,wk inc covid hosp,quantile,0.15,24.644184069549027
40,2026-08-08,2,2026-08-22,wk inc covid hosp,quantile,0.15,7.41923746599204
41,2026-08-08,2,2026-08-22,wk inc covid hosp,quantile,0.15,2.7953837297364306
42,2026-08-08,2,2026-08-22,wk inc covid hosp,quantile,0.15,17.50993922424589
44,2026-08-08,2,2026-08-22,wk inc covid hosp,quantile,0.15,0.1078910514585538
45,2026-08-08,2,2026-08-22,wk inc covid hosp,quantile,0.15,9.245991744058982
46,2026-08-08,2,2026-08-22,wk inc covid hosp,quantile,0.15,0.0
47,2026-08-08,2,2026-08-22,wk inc covid hosp,quantile,0.15,19.412163327052095
48,2026-08-08,2,2026-08-22,wk inc covid hosp,quantile,0.15,201.72178920117884
49,2026-08-08,2,2026-08-22,wk inc covid hosp,quantile,0.15,0.0
50,2026-08-08,2,2026-08-22,wk inc covid hosp,quantile,0.15,0.0
51,2026-08-08,2,2026-08-22,wk inc covid hosp,quantile,0.15,8.459772210993755
53,2026-08-08,2,2026-08-22,wk inc covid hosp,quantile,0.15,8.4015744560386
54,2026-08-08,2,2026-08-22,wk inc covid hosp,quantile,0.15,0.0
55,2026-08-08,2,2026-08-22,wk inc covid hosp,quantile,0.15,13.344538886803333
56,2026-08-08,2,2026-08-22,wk inc covid hosp,quantile,0.15,0.0
72,2026-08-08,2,2026-08-22,wk inc covid hosp,quantile,0.15,13.488979185989399
US,2026-08-08,2,2026-08-22,wk inc covid hosp,quantile,0.15,1753.9355178323729
01,2026-08-08,3,2026-08-29,wk inc covid hosp,quantile,0.15,37.088973192418514
02,2026-08-08,3,2026-08-29,wk inc covid hosp,quantile,0.15,0.20360040151993006
04,2026-08-08,3,2026-08-29,wk inc covid hosp,quantile,0.15,13.043913002791447
05,2026-08-08,3,2026-08-29,wk inc covid hosp,quantile,0.15,0.0
06,2026-08-08,3,2026-08-29,wk inc covid hosp,quantile,0.15,327.3316983045009
08,2026-08-08,3,2026-08-29,wk inc covid hosp,quantile,0.15,3.388424460716573
09,2026-08-08,3,2026-08-29,wk inc covid hosp,quantile,0.15,0.5203141542827248
10,2026-08-08,3,2026-08-29,wk inc covid hosp,quantile,0.15,0.0
11,2026-08-08,3,2026-08-29,wk inc covid hosp,quantile,0.15,0.0
12,2026-08-08,3,2026-08-29,wk inc covid hosp,quantile,0.15,154.24356694709002
13,2026-08-08,3,2026-08-29,wk inc covid hosp,quantile,0.15,46.00802944024899
15,2026-08-08,3,2026-08-29,wk inc covid hosp,quantile,0.15,6.171758810180279
16,2026-08-08,3,2026-08-29,wk inc covid hosp,quantile,0.15,0.0
17,2026-08-08,3,2026-08-29,wk inc covid hosp,quantile,0.15,20.4533744793981
18,2026-08-08,3,2026-08-29,wk inc covid hosp,quantile,0.15,9.767167442983972
19,2026-08-08,3,2026-08-29,wk inc covid hosp,quantile,0.15,1.4642568155501945
20,2026-08-08,3,2026-08-29,wk inc covid hosp,quantile,0.15,1.9609211262440094
21,2026-08-08,3,2026-08-29,wk inc covid hosp,quantile,0.15,2.0763485665046355
22,2026-08-08,3,2026-08-29,wk inc covid hosp,quantile,0.15,28.626059493966146
23,2026-08-08,3,2026-08-29,wk inc covid hosp,quantile,0.15,0.0
24,2026-08-08,3,2026-08-29,wk inc covid hosp,quantile,0.15,0.0
25,2026-08-08,3,2026-08-29,wk inc covid hosp,quantile,0.15,13.504984046056935
26,2026-08-08,3,2026-08-29,wk inc covid hosp,quantile,0.15,0.0
27,2026-08-08,3,2026-08-29,wk inc covid hosp,quantile,0.15,11.162452487390647
28,2026-08-08,3,2026-08-29,wk inc covid hosp,quantile,0.15,13.922881500826444
29,2026-08-08,3,2026-08-29,wk inc covid hosp,quantile,0.15,8.09083920885579
30,2026-08-08,3,2026-08-29,wk inc covid hosp,quantile,0.15,2.7357570660221193
31,2026-08-08,3,2026-08-29,wk inc covid hosp,quantile,0.15,0.0
32,2026-08-08,3,2026-08-29,wk inc covid hosp,quantile,0.15,10.582144499836994
33,2026-08-08,3,2026-08-29,wk inc covid hosp,quantile,0.15,0.0
34,2026-08-08,3,2026-08-29,wk inc covid hosp,quantile,0.15,16.57677098401559
35,2026-08-08,3,2026-08-29,wk inc covid hosp,quantile,0.15,1.8918303532761684
36,2026-08-08,3,2026-08-29,wk inc covid hosp,quantile,0.15,88.97269251528581
37,2026-08-08,3,2026-08-29,wk inc covid hosp,quantile,0.15,65.38640018232954
38,2026-08-08,3,2026-08-29,wk inc covid hosp,quantile,0.15,0.0
39,2026-08-08,3,2026-08-29,wk inc covid hosp,quantile,0.15,26.824272546891052
40,2026-08-08,3,2026-08-29,wk inc covid hosp,quantile,0.15,8.021457869823253
41,2026-08-08,3,2026-08-29,wk inc covid hosp,quantile,0.15,3.3100901249502126
42,2026-08-08,3,2026-08-29,wk inc covid hosp,quantile,0.15,19.00855513790914
44,2026-08-08,3,2026-08-29,wk inc covid hosp,quantile,0.15,0.0
45,2026-08-08,3,2026-08-29,wk inc covid hosp,quantile,0.15,9.088388676682353
46,2026-08-08,3,2026-08-29,wk inc covid hosp,quantile,0.15,0.0
47,2026-08-08,3,2026-08-29,wk inc covid hosp,quantile,0.15,20.49403805929762
48,2026-08-08,3,2026-08-29,wk inc covid hosp,quantile,0.15,200.79060610721123
49,2026-08-08,3,2026-08-29,wk inc covid hosp,quantile,0.15,0.0
50,2026-08-08,3,2026-08-29,wk inc covid hosp,quantile,0.15,0.0
51,2026-08-08,3,2026-08-29,wk inc covid hosp,quantile,0.15,8.201429844757515
53,2026-08-08,3,2026-08-29,wk inc covid hosp,quantile,0.15,7.73048924897265
54,2026-08-08,3,2026-08-29,wk inc covid hosp,quantile,0.15,0.0
55,2026-08-08,3,2026-08-29,wk inc covid hosp,quantile,0.15,13.517863512078518
56,2026-08-08,3,2026-08-29,wk inc covid hosp,quantile,0.15,0.0
72,2026-08-08,3,2026-08-29,wk inc covid hosp,quantile,0.15,11.24172301784524
US,2026-08-08,3,2026-08-29,wk inc covid hosp,quantile,0.15,1859.076924411574
01,2026-08-08,0,2026-08-08,wk inc covid hosp,quantile,0.2,42.2248713546725
02,2026-08-08,0,2026-08-08,wk inc covid hosp,quantile,0.2,1.6610211917035353
04,2026-08-08,0,2026-08-08,wk inc covid hosp,quantile,0.2,17.861935985643406
05,2026-08-08,0,2026-08-08,wk inc covid hosp,quantile,0.2,2.00734590996709
06,2026-08-08,0,2026-08-08,wk inc covid hosp,quantile,0.2,301.41526197649614
08,2026-08-08,0,2026-08-08,wk inc covid hosp,quantile,0.2,5.771564481492041
09,2026-08-08,0,2026-08-08,wk inc covid hosp,quantile,0.2,5.056497444557965
10,2026-08-08,0,2026-08-08,wk inc covid hosp,quantile,0.2,0.8479019145324505
11,2026-08-08,0,2026-08-08,wk inc covid hosp,quantile,0.2,0.0
12,2026-08-08,0,2026-08-08,wk inc covid hosp,quantile,0.2,227.2984162589739
13,2026-08-08,0,2026-08-08,wk inc covid hosp,quantile,0.2,47.6722176541889
15,2026-08-08,0,2026-08-08,wk inc covid hosp,quantile,0.2,9.092617831955183
16,2026-08-08,0,2026-08-08,wk inc covid hosp,quantile,0.2,0.0
17,2026-08-08,0,2026-08-08,wk inc covid hosp,quantile,0.2,19.64711162861446
18,2026-08-08,0,2026-08-08,wk inc covid hosp,quantile,0.2,10.962705483090284
19,2026-08-08,0,2026-08-08,wk inc covid hosp,quantile,0.2,2.8954222082587395
20,2026-08-08,0,2026-08-08,wk inc covid hosp,quantile,0.2,4.292283888596448
21,2026-08-08,0,2026-08-08,wk inc covid hosp,quantile,0.2,4.8659695840284405
22,2026-08-08,0,2026-08-08,wk inc covid hosp,quantile,0.2,40.77019274361167
23,2026-08-08,0,2026-08-08,wk inc covid hosp,quantile,0.2,0.31308297365051835
24,2026-08-08,0,2026-08-08,wk inc covid hosp,quantile,0.2,1.3991655870782511
25,2026-08-08,0,2026-08-08,wk inc covid hosp,quantile,0.2,12.928672295238007
26,2026-08-08,0,2026-08-08,wk inc covid hosp,quantile,0.2,0.0
27,2026-08-08,0,2026-08-08,wk inc covid hosp,quantile,0.2,11.406142429452448
28,2026-08-08,0,2026-08-08,wk inc covid hosp,quantile,0.2,19.477566712520645
29,2026-08-08,0,2026-08-08,wk inc covid hosp,quantile,0.2,7.642135904362506
30,2026-08-08,0,2026-08-08,wk inc covid hosp,quantile,0.2,3.971863143731286
31,2026-08-08,0,2026-08-08,wk inc covid hosp,quantile,0.2,0.0
32,2026-08-08,0,2026-08-08,wk inc covid hosp,quantile,0.2,13.909215528191256
33,2026-08-08,0,2026-08-08,wk inc covid hosp,quantile,0.2,0.9453334243215252
34,2026-08-08,0,2026-08-08,wk inc covid hosp,quantile,0.2,24.34061799705519
35,2026-08-08,0,2026-08-08,wk inc covid hosp,quantile,0.2,3.855983579006619
36,2026-08-08,0,2026-08-08,wk inc covid hosp,quantile,0.2,78.83578309019546
37,2026-08-08,0,2026-08-08,wk inc covid hosp,quantile,0.2,65.27884979256405
38,2026-08-08,0,2026-08-08,wk inc covid hosp,quantile,0.2,0.0
39,2026-08-08,0,2026-08-08,wk inc covid hosp,quantile,0.2,24.601600823503052
40,2026-08-08,0,2026-08-08,wk inc covid hosp,quantile,0.2,8.471750894915099
41,2026-08-08,0,2026-08-08,wk inc covid hosp,quantile,0.2,4.9046755763511065
42,2026-08-08,0,2026-08-08,wk inc covid hosp,quantile,0.2,24.08711558049923
44,2026-08-08,0,2026-08-08,wk inc covid hosp,quantile,0.2,1.274258854877611
45,2026-08-08,0,2026-08-08,wk inc covid hosp,quantile,0.2,13.106865264348075
46,2026-08-08,0,2026-08-08,wk inc covid hosp,quantile,0.2,0.0
47,2026-08-08,0,2026-08-08,wk inc covid hosp,quantile,0.2,24.874612369544668
48,2026-08-08,0,2026-08-08,wk inc covid hosp,quantile,0.2,231.44225775328994
49,2026-08-08,0,2026-08-08,wk inc covid hosp,quantile,0.2,0.689316078657019
50,2026-08-08,0,2026-08-08,wk inc covid hosp,quantile,0.2,0.0
51,2026-08-08,0,2026-08-08,wk inc covid hosp,quantile,0.2,10.323398095261435
53,2026-08-08,0,2026-08-08,wk inc covid hosp,quantile,0.2,11.876744672763062
54,2026-08-08,0,2026-08-08,wk inc covid hosp,quantile,0.2,0.0
55,2026-08-08,0,2026-08-08,wk inc covid hosp,quantile,0.2,12.611388353849994
56,2026-08-08,0,2026-08-08,wk inc covid hosp,quantile,0.2,0.0
72,2026-08-08,0,2026-08-08,wk inc covid hosp,quantile,0.2,21.02337355990164
US,2026-08-08,0,2026-08-08,wk inc covid hosp,quantile,0.2,1636.2697696242801
01,2026-08-08,1,2026-08-15,wk inc covid hosp,quantile,0.2,42.1287756894035
02,2026-08-08,1,2026-08-15,wk inc covid hosp,quantile,0.2,1.4554376149777992
04,2026-08-08,1,2026-08-15,wk inc covid hosp,quantile,0.2,18.431816069089514
05,2026-08-08,1,2026-08-15,wk inc covid hosp,quantile,0.2,1.679582323334425
06,2026-08-08,1,2026-08-15,wk inc covid hosp,quantile,0.2,318.8014291630123
08,2026-08-08,1,2026-08-15,wk inc covid hosp,quantile,0.2,5.613857537973776
09,2026-08-08,1,2026-08-15,wk inc covid hosp,quantile,0.2,3.813434777025409
10,2026-08-08,1,2026-08-15,wk inc covid hosp,quantile,0.2,0.6705160635212017
11,2026-08-08,1,2026-08-15,wk inc covid hosp,quantile,0.2,0.0
12,2026-08-08,1,2026-08-15,wk inc covid hosp,quantile,0.2,212.9129262263991
13,2026-08-08,1,2026-08-15,wk inc covid hosp,quantile,0.2,49.952085710842155
15,2026-08-08,1,2026-08-15,wk inc covid hosp,quantile,0.2,8.669776578295496
16,2026-08-08,1,2026-08-15,wk inc covid hosp,quantile,0.2,0.0
17,2026-08-08,1,2026-08-15,wk inc covid hosp,quantile,0.2,21.354983271449804
18,2026-08-08,1,2026-08-15,wk inc covid hosp,quantile,0.2,12.24089687858809
19,2026-08-08,1,2026-08-15,wk inc covid hosp,quantile,0.2,2.927221522061809
20,2026-08-08,1,2026-08-15,wk inc covid hosp,quantile,0.2,4.164055391163044
21,2026-08-08,1,2026-08-15,wk inc covid hosp,quantile,0.2,4.5067474488166175
22,2026-08-08,1,2026-08-15,wk inc covid hosp,quantile,0.2,38.23945071170796
23,2026-08-08,1,2026-08-15,wk inc covid hosp,quantile,0.2,0.3113244716845484
24,2026-08-08,1,2026-08-15,wk inc covid hosp,quantile,0.2,0.9448301564925236
25,2026-08-08,1,2026-08-15,wk inc covid hosp,quantile,0.2,14.196653143732888
26,2026-08-08,1,2026-08-15,wk inc covid hosp,quantile,0.2,0.0
27,2026-08-08,1,2026-08-15,wk inc covid hosp,quantile,0.2,12.5041405826013
28,2026-08-08,1,2026-08-15,wk inc covid hosp,quantile,0.2,18.25908954235641
29,2026-08-08,1,2026-08-15,wk inc covid hosp,quantile,0.2,8.618015833832656
30,2026-08-08,1,2026-08-15,wk inc covid hosp,quantile,0.2,4.1151773127175035
31,2026-08-08,1,2026-08-15,wk inc covid hosp,quantile,0.2,0.0
32,2026-08-08,1,2026-08-15,wk inc covid hosp,quantile,0.2,13.115029061427022
33,2026-08-08,1,2026-08-15,wk inc covid hosp,quantile,0.2,0.7220251907542136
34,2026-08-08,1,2026-08-15,wk inc covid hosp,quantile,0.2,22.727973434258093
35,2026-08-08,1,2026-08-15,wk inc covid hosp,quantile,0.2,3.527584303732292
36,2026-08-08,1,2026-08-15,wk inc covid hosp,quantile,0.2,83.32855817559
37,2026-08-08,1,2026-08-15,wk inc covid hosp,quantile,0.2,67.67762131651415
38,2026-08-08,1,2026-08-15,wk inc covid hosp,quantile,0.2,0.0
39,2026-08-08,1,2026-08-15,wk inc covid hosp,quantile,0.2,26.649701000736346
40,2026-08-08,1,2026-08-15,wk inc covid hosp,quantile,0.2,8.738563890184123
41,2026-08-08,1,2026-08-15,wk inc covid hosp,quantile,0.2,5.118536833632502
42,2026-08-08,1,2026-08-15,wk inc covid hosp,quantile,0.2,22.59515848921637
44,2026-08-08,1,2026-08-15,wk inc covid hosp,quantile,0.2,0.8957817477106477
45,2026-08-08,1,2026-08-15,wk inc covid hosp,quantile,0.2,13.21533737176436
46,2026-08-08,1,2026-08-15,wk inc covid hosp,quantile,0.2,0.0
47,2026-08-08,1,2026-08-15,wk inc covid hosp,quantile,0.2,24.535461537117328
48,2026-08-08,1,2026-08-15,wk inc covid hosp,quantile,0.2,229.5789488089662
49,2026-08-08,1,2026-08-15,wk inc covid hosp,quantile,0.2,0.19428591548015728
50,2026-08-08,1,2026-08-15,wk inc covid hosp,quantile,0.2,0.0
51,2026-08-08,1,2026-08-15,wk inc covid hosp,quantile,0.2,10.913542633940931
53,2026-08-08,1,2026-08-15,wk inc covid hosp,quantile,0.2,11.475879724357252
54,2026-08-08,1,2026-08-15,wk inc covid hosp,quantile,0.2,0.0
55,2026-08-08,1,2026-08-15,wk inc covid hosp,quantile,0.2,14.623048831769216
56,2026-08-08,1,2026-08-15,wk inc covid hosp,quantile,0.2,0.0
72,2026-08-08,1,2026-08-15,wk inc covid hosp,quantile,0.2,18.892996208747807
US,2026-08-08,1,2026-08-15,wk inc covid hosp,quantile,0.2,1747.7280141514793
01,2026-08-08,2,2026-08-22,wk inc covid hosp,quantile,0.2,42.57393767237694
02,2026-08-08,2,2026-08-22,wk inc covid hosp,quantile,0.2,1.1385899765334437
04,2026-08-08,2,2026-08-22,wk inc covid hosp,quantile,0.2,17.563900719655862
05,2026-08-08,2,2026-08-22,wk inc covid hosp,quantile,0.2,1.788435966762624
06,2026-08-08,2,2026-08-22,wk inc covid hosp,quantile,0.2,339.0797293830274
08,2026-08-08,2,2026-08-22,wk inc covid hosp,quantile,0.2,5.61709277941436
09,2026-08-08,2,2026-08-22,wk inc covid hosp,quantile,0.2,3.736460216489726
10,2026-08-08,2,2026-08-22,wk inc covid hosp,quantile,0.2,0.6230007599645663
11,2026-08-08,2,2026-08-22,wk inc covid hosp,quantile,0.2,0.0
12,2026-08-08,2,2026-08-22,wk inc covid hosp,quantile,0.2,201.03655871912855
13,2026-08-08,2,2026-08-22,wk inc covid hosp,quantile,0.2,52.46650596760569
15,2026-08-08,2,2026-08-22,wk inc covid hosp,quantile,0.2,8.038860955289872
16,2026-08-08,2,2026-08-22,wk inc covid hosp,quantile,0.2,0.0
17,2026-08-08,2,2026-08-22,wk inc covid hosp,quantile,0.2,23.985385698265716
18,2026-08-08,2,2026-08-22,wk inc covid hosp,quantile,0.2,12.543119678256502
19,2026-08-08,2,2026-08-22,wk inc covid hosp,quantile,0.2,2.8545046542820014
20,2026-08-08,2,2026-08-22,wk inc covid hosp,quantile,0.2,3.7492034283448605
21,2026-08-08,2,2026-08-22,wk inc covid hosp,quantile,0.2,4.782074596894068
22,2026-08-08,2,2026-08-22,wk inc covid hosp,quantile,0.2,33.722346770167626
23,2026-08-08,2,2026-08-22,wk inc covid hosp,quantile,0.2,0.30034553761921945
24,2026-08-08,2,2026-08-22,wk inc covid hosp,quantile,0.2,1.0159047956692266
25,2026-08-08,2,2026-08-22,wk inc covid hosp,quantile,0.2,16.119583258665333
26,2026-08-08,2,2026-08-22,wk inc covid hosp,quantile,0.2,0.0
27,2026-08-08,2,2026-08-22,wk inc covid hosp,quantile,0.2,13.866971056308723
28,2026-08-08,2,2026-08-22,wk inc covid hosp,quantile,0.2,17.978264613086054
29,2026-08-08,2,2026-08-22,wk inc covid hosp,quantile,0.2,9.578305871727908
30,2026-08-08,2,2026-08-22,wk inc covid hosp,quantile,0.2,4.305274823318558
31,2026-08-08,2,2026-08-22,wk inc covid hosp,quantile,0.2,0.0
32,2026-08-08,2,2026-08-22,wk inc covid hosp,quantile,0.2,13.34034391452851
33,2026-08-08,2,2026-08-22,wk inc covid hosp,quantile,0.2,0.546780586770232
34,2026-08-08,2,2026-08-22,wk inc covid hosp,quantile,0.2,22.882233007066475
35,2026-08-08,2,2026-08-22,wk inc covid hosp,quantile,0.2,3.4190013354333235
36,2026-08-08,2,2026-08-22,wk inc covid hosp,quantile,0.2,92.01124473189839
37,2026-08-08,2,2026-08-22,wk inc covid hosp,quantile,0.2,71.9599026351892
38,2026-08-08,2,2026-08-22,wk inc covid hosp,quantile,0.2,0.0
39,2026-08-08,2,2026-08-22,wk inc covid hosp,quantile,0.2,29.75393251959666
40,2026-08-08,2,2026-08-22,wk inc covid hosp,quantile,0.2,9.977215714103458
41,2026-08-08,2,2026-08-22,wk inc covid hosp,quantile,0.2,5.058096956959869
42,2026-08-08,2,2026-08-22,wk inc covid hosp,quantile,0.2,25.984503023756275
44,2026-08-08,2,2026-08-22,wk inc covid hosp,quantile,0.2,0.8192810105794194
45,2026-08-08,2,2026-08-22,wk inc covid hosp,quantile,0.2,12.358432552625965
46,2026-08-08,2,2026-08-22,wk inc covid hosp,quantile,0.2,0.0
47,2026-08-08,2,2026-08-22,wk inc covid hosp,quantile,0.2,24.65568483232731
48,2026-08-08,2,2026-08-22,wk inc covid hosp,quantile,0.2,229.85635980566704
49,2026-08-08,2,2026-08-22,wk inc covid hosp,quantile,0.2,0.011394029668283855
50,2026-08-08,2,2026-08-22,wk inc covid hosp,quantile,0.2,0.0
51,2026-08-08,2,2026-08-22,wk inc covid hosp,quantile,0.2,12.097904623651207
53,2026-08-08,2,2026-08-22,wk inc covid hosp,quantile,0.2,11.432057272131917
54,2026-08-08,2,2026-08-22,wk inc covid hosp,quantile,0.2,0.0
55,2026-08-08,2,2026-08-22,wk inc covid hosp,quantile,0.2,16.911704928365793
56,2026-08-08,2,2026-08-22,wk inc covid hosp,quantile,0.2,0.0
72,2026-08-08,2,2026-08-22,wk inc covid hosp,quantile,0.2,16.359382943094747
US,2026-08-08,2,2026-08-22,wk inc covid hosp,quantile,0.2,1895.7292819896225
01,2026-08-08,3,2026-08-29,wk inc covid hosp,quantile,0.2,42.25340358374596
02,2026-08-08,3,2026-08-29,wk inc covid hosp,quantile,0.2,0.8666158769285066
04,2026-08-08,3,2026-08-29,wk inc covid hosp,quantile,0.2,18.11609359555221
05,2026-08-08,3,2026-08-29,wk inc covid hosp,quantile,0.2,1.8596720666581823
06,2026-08-08,3,2026-08-29,wk inc covid hosp,quantile,0.2,352.0214799088623
08,2026-08-08,3,2026-08-29,wk inc covid hosp,quantile,0.2,6.761748703464622
09,2026-08-08,3,2026-08-29,wk inc covid hosp,quantile,0.2,3.8690821172519394
10,2026-08-08,3,2026-08-29,wk inc covid hosp,quantile,0.2,0.6692759319845626
11,2026-08-08,3,2026-08-29,wk inc covid hosp,quantile,0.2,0.0
12,2026-08-08,3,2026-08-29,wk inc covid hosp,quantile,0.2,191.9761226605775
13,2026-08-08,3,2026-08-29,wk inc covid hosp,quantile,0.2,55.05554614846062
15,2026-08-08,3,2026-08-29,wk inc covid hosp,quantile,0.2,7.638339603606961
16,2026-08-08,3,2026-08-29,wk inc covid hosp,quantile,0.2,0.0
17,2026-08-08,3,2026-08-29,wk inc covid hosp,quantile,0.2,26.310831710925143
18,2026-08-08,3,2026-08-29,wk inc covid hosp,quantile,0.2,13.90511172727934
19,2026-08-08,3,2026-08-29,wk inc covid hosp,quantile,0.2,3.7849687672369816
20,2026-08-08,3,2026-08-29,wk inc covid hosp,quantile,0.2,4.1374184982988425
21,2026-08-08,3,2026-08-29,wk inc covid hosp,quantile,0.2,4.786981046288178
22,2026-08-08,3,2026-08-29,wk inc covid hosp,quantile,0.2,34.32775390379127
23,2026-08-08,3,2026-08-29,wk inc covid hosp,quantile,0.2,0.25453746352693046
24,2026-08-08,3,2026-08-29,wk inc covid hosp,quantile,0.2,1.7680852520440684
25,2026-08-08,3,2026-08-29,wk inc covid hosp,quantile,0.2,18.339339577549367
26,2026-08-08,3,2026-08-29,wk inc covid hosp,quantile,0.2,0.0
27,2026-08-08,3,2026-08-29,wk inc covid hosp,quantile,0.2,15.094793075371395
28,2026-08-08,3,2026-08-29,wk inc covid hosp,quantile,0.2,16.908416316435897
29,2026-08-08,3,2026-08-29,wk inc covid hosp,quantile,0.2,11.387137205576146
30,2026-08-08,3,2026-08-29,wk inc covid hosp,quantile,0.2,4.1198482191379036
31,2026-08-08,3,2026-08-29,wk inc covid hosp,quantile,0.2,0.0
32,2026-08-08,3,2026-08-29,wk inc covid hosp,quantile,0.2,12.609577822321292
33,2026-08-08,3,2026-08-29,wk inc covid hosp,quantile,0.2,0.4956766937464572
34,2026-08-08,3,2026-08-29,wk inc covid hosp,quantile,0.2,24.0663493765546
35,2026-08-08,3,2026-08-29,wk inc covid hosp,quantile,0.2,3.3272351933608
36,2026-08-08,3,2026-08-29,wk inc covid hosp,quantile,0.2,102.19917833275902
37,2026-08-08,3,2026-08-29,wk inc covid hosp,quantile,0.2,73.31270508697509
38,2026-08-08,3,2026-08-29,wk inc covid hosp,quantile,0.2,0.0
39,2026-08-08,3,2026-08-29,wk inc covid hosp,quantile,0.2,33.4000313806445
40,2026-08-08,3,2026-08-29,wk inc covid hosp,quantile,0.2,10.919678489358887
41,2026-08-08,3,2026-08-29,wk inc covid hosp,quantile,0.2,5.27075604349048
42,2026-08-08,3,2026-08-29,wk inc covid hosp,quantile,0.2,28.569748044122072
44,2026-08-08,3,2026-08-29,wk inc covid hosp,quantile,0.2,0.5993323873611491
45,2026-08-08,3,2026-08-29,wk inc covid hosp,quantile,0.2,12.724996933689553
46,2026-08-08,3,2026-08-29,wk inc covid hosp,quantile,0.2,0.0
47,2026-08-08,3,2026-08-29,wk inc covid hosp,quantile,0.2,26.206312510589967
48,2026-08-08,3,2026-08-29,wk inc covid hosp,quantile,0.2,231.54810770071234
49,2026-08-08,3,2026-08-29,wk inc covid hosp,quantile,0.2,0.0
50,2026-08-08,3,2026-08-29,wk inc covid hosp,quantile,0.2,0.0
51,2026-08-08,3,2026-08-29,wk inc covid hosp,quantile,0.2,12.88023808112423
53,2026-08-08,3,2026-08-29,wk inc covid hosp,quantile,0.2,11.461489268528677
54,2026-08-08,3,2026-08-29,wk inc covid hosp,quantile,0.2,0.0
55,2026-08-08,3,2026-08-29,wk inc covid hosp,quantile,0.2,18.088868448303664
56,2026-08-08,3,2026-08-29,wk inc covid hosp,quantile,0.2,0.0
72,2026-08-08,3,2026-08-29,wk inc covid hosp,quantile,0.2,15.246426684277106
US,2026-08-08,3,2026-08-29,wk inc covid hosp,quantile,0.2,2037.8930214800414
01,2026-08-08,0,2026-08-08,wk inc covid hosp,quantile,0.25,44.367250480021276
02,2026-08-08,0,2026-08-08,wk inc covid hosp,quantile,0.25,2.0183394924168256
04,2026-08-08,0,2026-08-08,wk inc covid hosp,quantile,0.25,19.894625394375126
05,2026-08-08,0,2026-08-08,wk inc covid hosp,quantile,0.25,2.8458650152732288
06,2026-08-08,0,2026-08-08,wk inc covid hosp,quantile,0.25,311.1946327836981
08,2026-08-08,0,2026-08-08,wk inc covid hosp,quantile,0.25,7.233948507748811
09,2026-08-08,0,2026-08-08,wk inc covid hosp,quantile,0.25,6.43613752506961
10,2026-08-08,0,2026-08-08,wk inc covid hosp,quantile,0.25,1.1922382497624069
11,2026-08-08,0,2026-08-08,wk inc covid hosp,quantile,0.25,0.15480451703738726
12,2026-08-08,0,2026-08-08,wk inc covid hosp,quantile,0.25,242.91600964450456
13,2026-08-08,0,2026-08-08,wk inc covid hosp,quantile,0.25,50.62340766690217
15,2026-08-08,0,2026-08-08,wk inc covid hosp,quantile,0.25,9.76598670327264
16,2026-08-08,0,2026-08-08,wk inc covid hosp,quantile,0.25,0.0
17,2026-08-08,0,2026-08-08,wk inc covid hosp,quantile,0.25,22.34899392149057
18,2026-08-08,0,2026-08-08,wk inc covid hosp,quantile,0.25,12.498568418337893
19,2026-08-08,0,2026-08-08,wk inc covid hosp,quantile,0.25,3.825683695654858
20,2026-08-08,0,2026-08-08,wk inc covid hosp,quantile,0.25,5.25835021153317
21,2026-08-08,0,2026-08-08,wk inc covid hosp,quantile,0.25,5.8932725179945455
22,2026-08-08,0,2026-08-08,wk inc covid hosp,quantile,0.25,43.12387380887787
23,2026-08-08,0,2026-08-08,wk inc covid hosp,quantile,0.25,0.7746849630523818
24,2026-08-08,0,2026-08-08,wk inc covid hosp,quantile,0.25,2.6298575907653774
25,2026-08-08,0,2026-08-08,wk inc covid hosp,quantile,0.25,14.743759430483191
26,2026-08-08,0,2026-08-08,wk inc covid hosp,quantile,0.25,0.0
27,2026-08-08,0,2026-08-08,wk inc covid hosp,quantile,0.25,12.694436637658761
28,2026-08-08,0,2026-08-08,wk inc covid hosp,quantile,0.25,20.92736172397095
29,2026-08-08,0,2026-08-08,wk inc covid hosp,quantile,0.25,9.009852835294566
30,2026-08-08,0,2026-08-08,wk inc covid hosp,quantile,0.25,4.688385862776566
31,2026-08-08,0,2026-08-08,wk inc covid hosp,quantile,0.25,0.0
32,2026-08-08,0,2026-08-08,wk inc covid hosp,quantile,0.25,15.096214764182514
33,2026-08-08,0,2026-08-08,wk inc covid hosp,quantile,0.25,1.4138650792767107
34,2026-08-08,0,2026-08-08,wk inc covid hosp,quantile,0.25,27.59054962499506
35,2026-08-08,0,2026-08-08,wk inc covid hosp,quantile,0.25,4.475196892608194
36,2026-08-08,0,2026-08-08,wk inc covid hosp,quantile,0.25,84.19452105824183
37,2026-08-08,0,2026-08-08,wk inc covid hosp,quantile,0.25,69.2588783264477
38,2026-08-08,0,2026-08-08,wk inc covid hosp,quantile,0.25,0.21232117939887213
39,2026-08-08,0,2026-08-08,wk inc covid hosp,quantile,0.25,27.549112652602066
40,2026-08-08,0,2026-08-08,wk inc covid hosp,quantile,0.25,9.514704012404064
41,2026-08-08,0,2026-08-08,wk inc covid hosp,quantile,0.25,5.848521214969958
42,2026-08-08,0,2026-08-08,wk inc covid hosp,quantile,0.25,28.420181408264195
44,2026-08-08,0,2026-08-08,wk inc covid hosp,quantile,0.25,1.7482769670341265
45,2026-08-08,0,2026-08-08,wk inc covid hosp,quantile,0.25,14.53141437295823
46,2026-08-08,0,2026-08-08,wk inc covid hosp,quantile,0.25,0.0
47,2026-08-08,0,2026-08-08,wk inc covid hosp,quantile,0.25,27.163691338945974
48,2026-08-08,0,2026-08-08,wk inc covid hosp,quantile,0.25,245.0056717987039
49,2026-08-08,0,2026-08-08,wk inc covid hosp,quantile,0.25,1.4070864942145018
50,2026-08-08,0,2026-08-08,wk inc covid hosp,quantile,0.25,0.0
51,2026-08-08,0,2026-08-08,wk inc covid hosp,quantile,0.25,12.058641864966294
53,2026-08-08,0,2026-08-08,wk inc covid hosp,quantile,0.25,13.395270646825475
54,2026-08-08,0,2026-08-08,wk inc covid hosp,quantile,0.25,0.0
55,2026-08-08,0,2026-08-08,wk inc covid hosp,quantile,0.25,14.331635763869489
56,2026-08-08,0,2026-08-08,wk inc covid hosp,quantile,0.25,0.0
72,2026-08-08,0,2026-08-08,wk inc covid hosp,quantile,0.25,23.03379421000578
US,2026-08-08,0,2026-08-08,wk inc covid hosp,quantile,0.25,1701.8886447236391
01,2026-08-08,1,2026-08-15,wk inc covid hosp,quantile,0.25,44.91015398098034
02,2026-08-08,1,2026-08-15,wk inc covid hosp,quantile,0.25,1.877136334898911
04,2026-08-08,1,2026-08-15,wk inc covid hosp,quantile,0.25,21.5018290787743
05,2026-08-08,1,2026-08-15,wk inc covid hosp,quantile,0.25,2.890379157080297
06,2026-08-08,1,2026-08-15,wk inc covid hosp,quantile,0.25,333.6507439709822
08,2026-08-08,1,2026-08-15,wk inc covid hosp,quantile,0.25,7.480254810131168
09,2026-08-08,1,2026-08-15,wk inc covid hosp,quantile,0.25,5.596915512357952
10,2026-08-08,1,2026-08-15,wk inc covid hosp,quantile,0.25,1.121059221077341
11,2026-08-08,1,2026-08-15,wk inc covid hosp,quantile,0.25,0.106092909856333
12,2026-08-08,1,2026-08-15,wk inc covid hosp,quantile,0.25,233.11713381394244
13,2026-08-08,1,2026-08-15,wk inc covid hosp,quantile,0.25,54.10181267927454
15,2026-08-08,1,2026-08-15,wk inc covid hosp,quantile,0.25,9.600108104304354
16,2026-08-08,1,2026-08-15,wk inc covid hosp,quantile,0.25,0.0
17,2026-08-08,1,2026-08-15,wk inc covid hosp,quantile,0.25,25.30542307040383
18,2026-08-08,1,2026-08-15,wk inc covid hosp,quantile,0.25,14.746007542659141
19,2026-08-08,1,2026-08-15,wk inc covid hosp,quantile,0.25,4.129777953452923
20,2026-08-08,1,2026-08-15,wk inc covid hosp,quantile,0.25,5.619248559218089
21,2026-08-08,1,2026-08-15,wk inc covid hosp,quantile,0.25,5.972128368026355
22,2026-08-08,1,2026-08-15,wk inc covid hosp,quantile,0.25,41.24672851200311
23,2026-08-08,1,2026-08-15,wk inc covid hosp,quantile,0.25,0.9836130619220511
24,2026-08-08,1,2026-08-15,wk inc covid hosp,quantile,0.25,2.3243830419723097
25,2026-08-08,1,2026-08-15,wk inc covid hosp,quantile,0.25,17.258541782436733
26,2026-08-08,1,2026-08-15,wk inc covid hosp,quantile,0.25,0.21459066989227013
27,2026-08-08,1,2026-08-15,wk inc covid hosp,quantile,0.25,14.674549397530845
28,2026-08-08,1,2026-08-15,wk inc covid hosp,quantile,0.25,20.067026775319846
29,2026-08-08,1,2026-08-15,wk inc covid hosp,quantile,0.25,10.306625997279216
30,2026-08-08,1,2026-08-15,wk inc covid hosp,quantile,0.25,5.026566954143369
31,2026-08-08,1,2026-08-15,wk inc covid hosp,quantile,0.25,0.0
32,2026-08-08,1,2026-08-15,wk inc covid hosp,quantile,0.25,14.442250384913448
33,2026-08-08,1,2026-08-15,wk inc covid hosp,quantile,0.25,1.314601902381747
34,2026-08-08,1,2026-08-15,wk inc covid hosp,quantile,0.25,25.8912641084727
35,2026-08-08,1,2026-08-15,wk inc covid hosp,quantile,0.25,4.515742348956451
36,2026-08-08,1,2026-08-15,wk inc covid hosp,quantile,0.25,89.41878035759443
37,2026-08-08,1,2026-08-15,wk inc covid hosp,quantile,0.25,72.87121413029948
38,2026-08-08,1,2026-08-15,wk inc covid hosp,quantile,0.25,0.15343262009451586
39,2026-08-08,1,2026-08-15,wk inc covid hosp,quantile,0.25,30.854130600625
40,2026-08-08,1,2026-08-15,wk inc covid hosp,quantile,0.25,10.292626561017245
41,2026-08-08,1,2026-08-15,wk inc covid hosp,quantile,0.25,6.333023271852317
42,2026-08-08,1,2026-08-15,wk inc covid hosp,quantile,0.25,28.7792723462925
44,2026-08-08,1,2026-08-15,wk inc covid hosp,quantile,0.25,1.577328448660047
45,2026-08-08,1,2026-08-15,wk inc covid hosp,quantile,0.25,15.493103787597233
46,2026-08-08,1,2026-08-15,wk inc covid hosp,quantile,0.25,0.0
47,2026-08-08,1,2026-08-15,wk inc covid hosp,quantile,0.25,28.24160868545902
48,2026-08-08,1,2026-08-15,wk inc covid hosp,quantile,0.25,250.44725662286308
49,2026-08-08,1,2026-08-15,wk inc covid hosp,quantile,0.25,1.0818485544151177
50,2026-08-08,1,2026-08-15,wk inc covid hosp,quantile,0.25,0.0
51,2026-08-08,1,2026-08-15,wk inc covid hosp,quantile,0.25,13.306211467856237
53,2026-08-08,1,2026-08-15,wk inc covid hosp,quantile,0.25,13.401185912981513
54,2026-08-08,1,2026-08-15,wk inc covid hosp,quantile,0.25,0.0
55,2026-08-08,1,2026-08-15,wk inc covid hosp,quantile,0.25,17.500109765079014
56,2026-08-08,1,2026-08-15,wk inc covid hosp,quantile,0.25,0.0
72,2026-08-08,1,2026-08-15,wk inc covid hosp,quantile,0.25,21.949555200155793
US,2026-08-08,1,2026-08-15,wk inc covid hosp,quantile,0.25,1855.0401704200688
01,2026-08-08,2,2026-08-22,wk inc covid hosp,quantile,0.25,46.286668828832816
02,2026-08-08,2,2026-08-22,wk inc covid hosp,quantile,0.25,1.693259860388131
04,2026-08-08,2,2026-08-22,wk inc covid hosp,quantile,0.25,21.294795719082654
05,2026-08-08,2,2026-08-22,wk inc covid hosp,quantile,0.25,3.1058576661267727
06,2026-08-08,2,2026-08-22,wk inc covid hosp,quantile,0.25,358.59225433226294
08,2026-08-08,2,2026-08-22,wk inc covid hosp,quantile,0.25,8.007198517546744
09,2026-08-08,2,2026-08-22,wk inc covid hosp,quantile,0.25,5.932651792702653
10,2026-08-08,2,2026-08-22,wk inc covid hosp,quantile,0.25,1.1824145353854767
11,2026-08-08,2,2026-08-22,wk inc covid hosp,quantile,0.25,0.0
12,2026-08-08,2,2026-08-22,wk inc covid hosp,quantile,0.25,229.16047468527273
13,2026-08-08,2,2026-08-22,wk inc covid hosp,quantile,0.25,57.821938343733066
15,2026-08-08,2,2026-08-22,wk inc covid hosp,quantile,0.25,9.46280116766457
16,2026-08-08,2,2026-08-22,wk inc covid hosp,quantile,0.25,0.0
17,2026-08-08,2,2026-08-22,wk inc covid hosp,quantile,0.25,28.44369868579668
18,2026-08-08,2,2026-08-22,wk inc covid hosp,quantile,0.25,15.932885589482497
19,2026-08-08,2,2026-08-22,wk inc covid hosp,quantile,0.25,4.371167254725176
20,2026-08-08,2,2026-08-22,wk inc covid hosp,quantile,0.25,5.611682732556517
21,2026-08-08,2,2026-08-22,wk inc covid hosp,quantile,0.25,6.617159926213072
22,2026-08-08,2,2026-08-22,wk inc covid hosp,quantile,0.25,37.57215176635953
23,2026-08-08,2,2026-08-22,wk inc covid hosp,quantile,0.25,0.972744934921578
24,2026-08-08,2,2026-08-22,wk inc covid hosp,quantile,0.25,3.4414316945346095
25,2026-08-08,2,2026-08-22,wk inc covid hosp,quantile,0.25,19.893832507370767
26,2026-08-08,2,2026-08-22,wk inc covid hosp,quantile,0.25,1.383045863544467
27,2026-08-08,2,2026-08-22,wk inc covid hosp,quantile,0.25,16.78456384988401
28,2026-08-08,2,2026-08-22,wk inc covid hosp,quantile,0.25,20.541711564827374
29,2026-08-08,2,2026-08-22,wk inc covid hosp,quantile,0.25,12.046796444778371
30,2026-08-08,2,2026-08-22,wk inc covid hosp,quantile,0.25,5.396074251713665
31,2026-08-08,2,2026-08-22,wk inc covid hosp,quantile,0.25,0.0
32,2026-08-08,2,2026-08-22,wk inc covid hosp,quantile,0.25,15.405597760799502
33,2026-08-08,2,2026-08-22,wk inc covid hosp,quantile,0.25,1.316982438153631
34,2026-08-08,2,2026-08-22,wk inc covid hosp,quantile,0.25,28.550143290758466
35,2026-08-08,2,2026-08-22,wk inc covid hosp,quantile,0.25,4.705695280287677
36,2026-08-08,2,2026-08-22,wk inc covid hosp,quantile,0.25,102.57798848356899
37,2026-08-08,2,2026-08-22,wk inc covid hosp,quantile,0.25,78.4811024737853
38,2026-08-08,2,2026-08-22,wk inc covid hosp,quantile,0.25,0.009866388463193466
39,2026-08-08,2,2026-08-22,wk inc covid hosp,quantile,0.25,34.870186911782255
40,2026-08-08,2,2026-08-22,wk inc covid hosp,quantile,0.25,12.328437019530904
41,2026-08-08,2,2026-08-22,wk inc covid hosp,quantile,0.25,6.61640616952046
42,2026-08-08,2,2026-08-22,wk inc covid hosp,quantile,0.25,33.10427958935371
44,2026-08-08,2,2026-08-22,wk inc covid hosp,quantile,0.25,1.5146248465282095
45,2026-08-08,2,2026-08-22,wk inc covid hosp,quantile,0.25,15.355954941798934
46,2026-08-08,2,2026-08-22,wk inc covid hosp,quantile,0.25,0.0
47,2026-08-08,2,2026-08-22,wk inc covid hosp,quantile,0.25,29.194782602568576
48,2026-08-08,2,2026-08-22,wk inc covid hosp,quantile,0.25,254.95283426052058
49,2026-08-08,2,2026-08-22,wk inc covid hosp,quantile,0.25,1.38315072867135
50,2026-08-08,2,2026-08-22,wk inc covid hosp,quantile,0.25,0.0
51,2026-08-08,2,2026-08-22,wk inc covid hosp,quantile,0.25,15.008223272248525
53,2026-08-08,2,2026-08-22,wk inc covid hosp,quantile,0.25,13.974283794995815
54,2026-08-08,2,2026-08-22,wk inc covid hosp,quantile,0.25,0.18035539712399357
55,2026-08-08,2,2026-08-22,wk inc covid hosp,quantile,0.25,20.14432814127041
56,2026-08-08,2,2026-08-22,wk inc covid hosp,quantile,0.25,0.0
72,2026-08-08,2,2026-08-22,wk inc covid hosp,quantile,0.25,19.709501615040775
US,2026-08-08,2,2026-08-22,wk inc covid hosp,quantile,0.25,2039.9056169412834
01,2026-08-08,3,2026-08-29,wk inc covid hosp,quantile,0.25,47.35671690865174
02,2026-08-08,3,2026-08-29,wk inc covid hosp,quantile,0.25,1.51738649414853
04,2026-08-08,3,2026-08-29,wk inc covid hosp,quantile,0.25,22.74263061033686
05,2026-08-08,3,2026-08-29,wk inc covid hosp,quantile,0.25,3.3800569071123143
06,2026-08-08,3,2026-08-29,wk inc covid hosp,quantile,0.25,373.4364923073414
08,2026-08-08,3,2026-08-29,wk inc covid hosp,quantile,0.25,9.045947719983866
09,2026-08-08,3,2026-08-29,wk inc covid hosp,quantile,0.25,6.562244770183119
10,2026-08-08,3,2026-08-29,wk inc covid hosp,quantile,0.25,1.4009103707105244
11,2026-08-08,3,2026-08-29,wk inc covid hosp,quantile,0.25,0.0
12,2026-08-08,3,2026-08-29,wk inc covid hosp,quantile,0.25,221.27657905861187
13,2026-08-08,3,2026-08-29,wk inc covid hosp,quantile,0.25,60.835507413742306
15,2026-08-08,3,2026-08-29,wk inc covid hosp,quantile,0.25,9.525146735522183
16,2026-08-08,3,2026-08-29,wk inc covid hosp,quantile,0.25,0.0
17,2026-08-08,3,2026-08-29,wk inc covid hosp,quantile,0.25,33.34786720817694
18,2026-08-08,3,2026-08-29,wk inc covid hosp,quantile,0.25,18.193187163189677
19,2026-08-08,3,2026-08-29,wk inc covid hosp,quantile,0.25,5.6764766274163305
20,2026-08-08,3,2026-08-29,wk inc covid hosp,quantile,0.25,5.911375517930305
21,2026-08-08,3,2026-08-29,wk inc covid hosp,quantile,0.25,7.358347124555005
22,2026-08-08,3,2026-08-29,wk inc covid hosp,quantile,0.25,39.07594284090334
23,2026-08-08,3,2026-08-29,wk inc covid hosp,quantile,0.25,1.1637076256344236
24,2026-08-08,3,2026-08-29,wk inc covid hosp,quantile,0.25,4.543337628944955
25,2026-08-08,3,2026-08-29,wk inc covid hosp,quantile,0.25,22.719738901482533
26,2026-08-08,3,2026-08-29,wk inc covid hosp,quantile,0.25,3.2102516678371957
27,2026-08-08,3,2026-08-29,wk inc covid hosp,quantile,0.25,19.030656612975267
28,2026-08-08,3,2026-08-29,wk inc covid hosp,quantile,0.25,20.05573071424913
29,2026-08-08,3,2026-08-29,wk inc covid hosp,quantile,0.25,14.771532666173782
30,2026-08-08,3,2026-08-29,wk inc covid hosp,quantile,0.25,5.524030502170565
31,2026-08-08,3,2026-08-29,wk inc covid hosp,quantile,0.25,0.0
32,2026-08-08,3,2026-08-29,wk inc covid hosp,quantile,0.25,14.264821084544211
33,2026-08-08,3,2026-08-29,wk inc covid hosp,quantile,0.25,1.5842969255187325
34,2026-08-08,3,2026-08-29,wk inc covid hosp,quantile,0.25,30.26873633865503
35,2026-08-08,3,2026-08-29,wk inc covid hosp,quantile,0.25,5.0360493444243
36,2026-08-08,3,2026-08-29,wk inc covid hosp,quantile,0.25,112.47173858246299
37,2026-08-08,3,2026-08-29,wk inc covid hosp,quantile,0.25,81.17361878448921
38,2026-08-08,3,2026-08-29,wk inc covid hosp,quantile,0.25,0.0
39,2026-08-08,3,2026-08-29,wk inc covid hosp,quantile,0.25,40.42918581568
40,2026-08-08,3,2026-08-29,wk inc covid hosp,quantile,0.25,13.26077168775209
41,2026-08-08,3,2026-08-29,wk inc covid hosp,quantile,0.25,7.168518867122767
42,2026-08-08,3,2026-08-29,wk inc covid hosp,quantile,0.25,37.09399157796776
44,2026-08-08,3,2026-08-29,wk inc covid hosp,quantile,0.25,1.5384522543014743
45,2026-08-08,3,2026-08-29,wk inc covid hosp,quantile,0.25,15.595767464111177
46,2026-08-08,3,2026-08-29,wk inc covid hosp,quantile,0.25,0.0
47,2026-08-08,3,2026-08-29,wk inc covid hosp,quantile,0.25,31.281846415671176
48,2026-08-08,3,2026-08-29,wk inc covid hosp,quantile,0.25,265.13608940874786
49,2026-08-08,3,2026-08-29,wk inc covid hosp,quantile,0.25,0.7602590705800142
50,2026-08-08,3,2026-08-29,wk inc covid hosp,quantile,0.25,0.0
51,2026-08-08,3,2026-08-29,wk inc covid hosp,quantile,0.25,17.013886853409804
53,2026-08-08,3,2026-08-29,wk inc covid hosp,quantile,0.25,14.594250883130686
54,2026-08-08,3,2026-08-29,wk inc covid hosp,quantile,0.25,0.39641952278669074
55,2026-08-08,3,2026-08-29,wk inc covid hosp,quantile,0.25,22.871731042364207
56,2026-08-08,3,2026-08-29,wk inc covid hosp,quantile,0.25,0.0
72,2026-08-08,3,2026-08-29,wk inc covid hosp,quantile,0.25,18.421990859371178
US,2026-08-08,3,2026-08-29,wk inc covid hosp,quantile,0.25,2249.801343819315
01,2026-08-08,0,2026-08-08,wk inc covid hosp,quantile,0.3,46.141744472918845
02,2026-08-08,0,2026-08-08,wk inc covid hosp,quantile,0.3,2.344234440527141
04,2026-08-08,0,2026-08-08,wk inc covid hosp,quantile,0.3,21.895074632675104
05,2026-08-08,0,2026-08-08,wk inc covid hosp,quantile,0.3,3.637995944140355
06,2026-08-08,0,2026-08-08,wk inc covid hosp,quantile,0.3,321.7429738392657
08,2026-08-08,0,2026-08-08,wk inc covid hosp,quantile,0.3,8.428890934284734
09,2026-08-08,0,2026-08-08,wk inc covid hosp,quantile,0.3,7.497390565607972
10,2026-08-08,0,2026-08-08,wk inc covid hosp,quantile,0.3,1.5188107404498712
11,2026-08-08,0,2026-08-08,wk inc covid hosp,quantile,0.3,0.3729007072460158
12,2026-08-08,0,2026-08-08,wk inc covid hosp,quantile,0.3,257.56887949594835
13,2026-08-08,0,2026-08-08,wk inc covid hosp,quantile,0.3,53.79854732057271
15,2026-08-08,0,2026-08-08,wk inc covid hosp,quantile,0.3,10.433528077293111
16,2026-08-08,0,2026-08-08,wk inc covid hosp,quantile,0.3,0.0
17,2026-08-08,0,2026-08-08,wk inc covid hosp,quantile,0.3,24.97951731537119
18,2026-08-08,0,2026-08-08,wk inc covid hosp,quantile,0.3,14.175977689410994
19,2026-08-08,0,2026-08-08,wk inc covid hosp,quantile,0.3,4.525920750981453
20,2026-08-08,0,2026-08-08,wk inc covid hosp,quantile,0.3,6.064247931408924
21,2026-08-08,0,2026-08-08,wk inc covid hosp,quantile,0.3,7.139562580823582
22,2026-08-08,0,2026-08-08,wk inc covid hosp,quantile,0.3,45.63718550018665
23,2026-08-08,0,2026-08-08,wk inc covid hosp,quantile,0.3,1.137776989966318
24,2026-08-08,0,2026-08-08,wk inc covid hosp,quantile,0.3,3.793327573923202
25,2026-08-08,0,2026-08-08,wk inc covid hosp,quantile,0.3,16.3718983705614
26,2026-08-08,0,2026-08-08,wk inc covid hosp,quantile,0.3,2.2939168453588543
27,2026-08-08,0,2026-08-08,wk inc covid hosp,quantile,0.3,14.071174606619914
28,2026-08-08,0,2026-08-08,wk inc covid hosp,quantile,0.3,22.52797311023443
29,2026-08-08,0,2026-08-08,wk inc covid hosp,quantile,0.3,10.249058428393026
30,2026-08-08,0,2026-08-08,wk inc covid hosp,quantile,0.3,5.446995035765247
31,2026-08-08,0,2026-08-08,wk inc covid hosp,quantile,0.3,0.0
32,2026-08-08,0,2026-08-08,wk inc covid hosp,quantile,0.3,16.27287150440107
33,2026-08-08,0,2026-08-08,wk inc covid hosp,quantile,0.3,1.9419031438106154
34,2026-08-08,0,2026-08-08,wk inc covid hosp,quantile,0.3,30.452095303929216
35,2026-08-08,0,2026-08-08,wk inc covid hosp,quantile,0.3,5.1527536020155305
36,2026-08-08,0,2026-08-08,wk inc covid hosp,quantile,0.3,87.91245123029454
37,2026-08-08,0,2026-08-08,wk inc covid hosp,quantile,0.3,73.07043517775601
38,2026-08-08,0,2026-08-08,wk inc covid hosp,quantile,0.3,0.4996068241057087
39,2026-08-08,0,2026-08-08,wk inc covid hosp,quantile,0.3,30.191397964411674
40,2026-08-08,0,2026-08-08,wk inc covid hosp,quantile,0.3,10.655024242428443
41,2026-08-08,0,2026-08-08,wk inc covid hosp,quantile,0.3,6.760149111315069
42,2026-08-08,0,2026-08-08,wk inc covid hosp,quantile,0.3,32.060390595630956
44,2026-08-08,0,2026-08-08,wk inc covid hosp,quantile,0.3,2.157974864845974
45,2026-08-08,0,2026-08-08,wk inc covid hosp,quantile,0.3,15.871800199793224
46,2026-08-08,0,2026-08-08,wk inc covid hosp,quantile,0.3,0.0
47,2026-08-08,0,2026-08-08,wk inc covid hosp,quantile,0.3,28.953757368046478
48,2026-08-08,0,2026-08-08,wk inc covid hosp,quantile,0.3,256.273086942777
49,2026-08-08,0,2026-08-08,wk inc covid hosp,quantile,0.3,2.1159103623130022
50,2026-08-08,0,2026-08-08,wk inc covid hosp,quantile,0.3,0.0
51,2026-08-08,0,2026-08-08,wk inc covid hosp,quantile,0.3,14.128126600764046
53,2026-08-08,0,2026-08-08,wk inc covid hosp,quantile,0.3,14.894495712407627
54,2026-08-08,0,2026-08-08,wk inc covid hosp,quantile,0.3,0.36359644691836984
55,2026-08-08,0,2026-08-08,wk inc covid hosp,quantile,0.3,16.180272494498627
56,2026-08-08,0,2026-08-08,wk inc covid hosp,quantile,0.3,0.0
72,2026-08-08,0,2026-08-08,wk inc covid hosp,quantile,0.3,24.718272920188728
US,2026-08-08,0,2026-08-08,wk inc covid hosp,quantile,0.3,1769.003932339946
01,2026-08-08,1,2026-08-15,wk inc covid hosp,quantile,0.3,47.83729327622668
02,2026-08-08,1,2026-08-15,wk inc covid hosp,quantile,0.3,2.3585118590093783
04,2026-08-08,1,2026-08-15,wk inc covid hosp,quantile,0.3,24.340089890423627
05,2026-08-08,1,2026-08-15,wk inc covid hosp,quantile,0.3,4.035628742007931
06,2026-08-08,1,2026-08-15,wk inc covid hosp,quantile,0.3,347.8848307333372
08,2026-08-08,1,2026-08-15,wk inc covid hosp,quantile,0.3,9.475865152689627
09,2026-08-08,1,2026-08-15,wk inc covid hosp,quantile,0.3,7.066163804660284
10,2026-08-08,1,2026-08-15,wk inc covid hosp,quantile,0.3,1.6218141565444129
11,2026-08-08,1,2026-08-15,wk inc covid hosp,quantile,0.3,0.4429502758223305
12,2026-08-08,1,2026-08-15,wk inc covid hosp,quantile,0.3,256.12083718905706
13,2026-08-08,1,2026-08-15,wk inc covid hosp,quantile,0.3,58.45680852161032
15,2026-08-08,1,2026-08-15,wk inc covid hosp,quantile,0.3,10.512888650927431
16,2026-08-08,1,2026-08-15,wk inc covid hosp,quantile,0.3,0.0
17,2026-08-08,1,2026-08-15,wk inc covid hosp,quantile,0.3,28.9021922289995
18,2026-08-08,1,2026-08-15,wk inc covid hosp,quantile,0.3,16.792279708360667
19,2026-08-08,1,2026-08-15,wk inc covid hosp,quantile,0.3,5.1987186659276965
20,2026-08-08,1,2026-08-15,wk inc covid hosp,quantile,0.3,6.956822076843205
21,2026-08-08,1,2026-08-15,wk inc covid hosp,quantile,0.3,7.452963633021411
22,2026-08-08,1,2026-08-15,wk inc covid hosp,quantile,0.3,44.22297255282793
23,2026-08-08,1,2026-08-15,wk inc covid hosp,quantile,0.3,1.4357262605321297
24,2026-08-08,1,2026-08-15,wk inc covid hosp,quantile,0.3,4.03593571151778
25,2026-08-08,1,2026-08-15,wk inc covid hosp,quantile,0.3,20.167639671506002
26,2026-08-08,1,2026-08-15,wk inc covid hosp,quantile,0.3,3.0027153136187086
27,2026-08-08,1,2026-08-15,wk inc covid hosp,quantile,0.3,16.692426587483364
28,2026-08-08,1,2026-08-15,wk inc covid hosp,quantile,0.3,22.053380168635506
29,2026-08-08,1,2026-08-15,wk inc covid hosp,quantile,0.3,12.364666731050866
30,2026-08-08,1,2026-08-15,wk inc covid hosp,quantile,0.3,5.986676844728995
31,2026-08-08,1,2026-08-15,wk inc covid hosp,quantile,0.3,0.0
32,2026-08-08,1,2026-08-15,wk inc covid hosp,quantile,0.3,15.917115719861519
33,2026-08-08,1,2026-08-15,wk inc covid hosp,quantile,0.3,1.9337324900886514
34,2026-08-08,1,2026-08-15,wk inc covid hosp,quantile,0.3,29.603925237074247
35,2026-08-08,1,2026-08-15,wk inc covid hosp,quantile,0.3,5.4392132239474416
36,2026-08-08,1,2026-08-15,wk inc covid hosp,quantile,0.3,97.11546429056743
37,2026-08-08,1,2026-08-15,wk inc covid hosp,quantile,0.3,77.29559266252384
38,2026-08-08,1,2026-08-15,wk inc covid hosp,quantile,0.3,0.4910777209572584
39,2026-08-08,1,2026-08-15,wk inc covid hosp,quantile,0.3,35.20499599174002
40,2026-08-08,1,2026-08-15,wk inc covid hosp,quantile,0.3,11.941169365167289
41,2026-08-08,1,2026-08-15,wk inc covid hosp,quantile,0.3,7.599974631246234
42,2026-08-08,1,2026-08-15,wk inc covid hosp,quantile,0.3,35.429063557329435
44,2026-08-08,1,2026-08-15,wk inc covid hosp,quantile,0.3,2.142676146127247
45,2026-08-08,1,2026-08-15,wk inc covid hosp,quantile,0.3,17.251149683155933
46,2026-08-08,1,2026-08-15,wk inc covid hosp,quantile,0.3,0.0
47,2026-08-08,1,2026-08-15,wk inc covid hosp,quantile,0.3,31.702470261337744
48,2026-08-08,1,2026-08-15,wk inc covid hosp,quantile,0.3,269.47627954347587
49,2026-08-08,1,2026-08-15,wk inc covid hosp,quantile,0.3,1.9356184444014315
50,2026-08-08,1,2026-08-15,wk inc covid hosp,quantile,0.3,0.0
51,2026-08-08,1,2026-08-15,wk inc covid hosp,quantile,0.3,15.662698316102139
53,2026-08-08,1,2026-08-15,wk inc covid hosp,quantile,0.3,15.439586268440214
54,2026-08-08,1,2026-08-15,wk inc covid hosp,quantile,0.3,0.5508709734547602
55,2026-08-08,1,2026-08-15,wk inc covid hosp,quantile,0.3,19.863123667311175
56,2026-08-08,1,2026-08-15,wk inc covid hosp,quantile,0.3,0.0
72,2026-08-08,1,2026-08-15,wk inc covid hosp,quantile,0.3,25.11541853384083
US,2026-08-08,1,2026-08-15,wk inc covid hosp,quantile,0.3,1955.43240358145
01,2026-08-08,2,2026-08-22,wk inc covid hosp,quantile,0.3,50.09016234183669
02,2026-08-08,2,2026-08-22,wk inc covid hosp,quantile,0.3,2.281625805584083
04,2026-08-08,2,2026-08-22,wk inc covid hosp,quantile,0.3,25.160144867877825
05,2026-08-08,2,2026-08-22,wk inc covid hosp,quantile,0.3,4.329692236909673
06,2026-08-08,2,2026-08-22,wk inc covid hosp,quantile,0.3,374.44028505103506
08,2026-08-08,2,2026-08-22,wk inc covid hosp,quantile,0.3,10.013186552572801
09,2026-08-08,2,2026-08-22,wk inc covid hosp,quantile,0.3,8.189276512394862
10,2026-08-08,2,2026-08-22,wk inc covid hosp,quantile,0.3,1.8076772156993488
11,2026-08-08,2,2026-08-22,wk inc covid hosp,quantile,0.3,0.32229358469952724
12,2026-08-08,2,2026-08-22,wk inc covid hosp,quantile,0.3,253.20831214559757
13,2026-08-08,2,2026-08-22,wk inc covid hosp,quantile,0.3,63.26536387132323
15,2026-08-08,2,2026-08-22,wk inc covid hosp,quantile,0.3,10.704136119429108
16,2026-08-08,2,2026-08-22,wk inc covid hosp,quantile,0.3,0.0
17,2026-08-08,2,2026-08-22,wk inc covid hosp,quantile,0.3,34.40615747433116
18,2026-08-08,2,2026-08-22,wk inc covid hosp,quantile,0.3,18.91256795548734
19,2026-08-08,2,2026-08-22,wk inc covid hosp,quantile,0.3,5.800449487269804
20,2026-08-08,2,2026-08-22,wk inc covid hosp,quantile,0.3,7.4176821880424475
21,2026-08-08,2,2026-08-22,wk inc covid hosp,quantile,0.3,8.443442045566947
22,2026-08-08,2,2026-08-22,wk inc covid hosp,quantile,0.3,41.69951318707771
23,2026-08-08,2,2026-08-22,wk inc covid hosp,quantile,0.3,1.6209672788024387
24,2026-08-08,2,2026-08-22,wk inc covid hosp,quantile,0.3,5.150803656601893
25,2026-08-08,2,2026-08-22,wk inc covid hosp,quantile,0.3,23.569650460591195
26,2026-08-08,2,2026-08-22,wk inc covid hosp,quantile,0.3,4.9570781594425695
27,2026-08-08,2,2026-08-22,wk inc covid hosp,quantile,0.3,19.705798383867755
28,2026-08-08,2,2026-08-22,wk inc covid hosp,quantile,0.3,23.107051010314734
29,2026-08-08,2,2026-08-22,wk inc covid hosp,quantile,0.3,14.617021272131906
30,2026-08-08,2,2026-08-22,wk inc covid hosp,quantile,0.3,6.805988571540254
31,2026-08-08,2,2026-08-22,wk inc covid hosp,quantile,0.3,0.0
32,2026-08-08,2,2026-08-22,wk inc covid hosp,quantile,0.3,16.93425513594605
33,2026-08-08,2,2026-08-22,wk inc covid hosp,quantile,0.3,2.268928763504935
34,2026-08-08,2,2026-08-22,wk inc covid hosp,quantile,0.3,33.36224565002358
35,2026-08-08,2,2026-08-22,wk inc covid hosp,quantile,0.3,5.991644713930878
36,2026-08-08,2,2026-08-22,wk inc covid hosp,quantile,0.3,110.40527491955724
37,2026-08-08,2,2026-08-22,wk inc covid hosp,quantile,0.3,85.23490788112784
38,2026-08-08,2,2026-08-22,wk inc covid hosp,quantile,0.3,0.4411264949881441
39,2026-08-08,2,2026-08-22,wk inc covid hosp,quantile,0.3,40.57017067556411
40,2026-08-08,2,2026-08-22,wk inc covid hosp,quantile,0.3,13.913540796771228
41,2026-08-08,2,2026-08-22,wk inc covid hosp,quantile,0.3,8.24176961276788
42,2026-08-08,2,2026-08-22,wk inc covid hosp,quantile,0.3,40.047804221201375
44,2026-08-08,2,2026-08-22,wk inc covid hosp,quantile,0.3,2.3588816283167495
45,2026-08-08,2,2026-08-22,wk inc covid hosp,quantile,0.3,18.226047861786665
46,2026-08-08,2,2026-08-22,wk inc covid hosp,quantile,0.3,0.0
47,2026-08-08,2,2026-08-22,wk inc covid hosp,quantile,0.3,33.94596670108467
48,2026-08-08,2,2026-08-22,wk inc covid hosp,quantile,0.3,279.2897388430608
49,2026-08-08,2,2026-08-22,wk inc covid hosp,quantile,0.3,2.318245327707879
50,2026-08-08,2,2026-08-22,wk inc covid hosp,quantile,0.3,0.0
51,2026-08-08,2,2026-08-22,wk inc covid hosp,quantile,0.3,18.309985793255038
53,2026-08-08,2,2026-08-22,wk inc covid hosp,quantile,0.3,16.510850238695845
54,2026-08-08,2,2026-08-22,wk inc covid hosp,quantile,0.3,0.9309130005833016
55,2026-08-08,2,2026-08-22,wk inc covid hosp,quantile,0.3,23.48051422439857
56,2026-08-08,2,2026-08-22,wk inc covid hosp,quantile,0.3,0.0
72,2026-08-08,2,2026-08-22,wk inc covid hosp,quantile,0.3,23.059033425217212
US,2026-08-08,2,2026-08-22,wk inc covid hosp,quantile,0.3,2151.383667975238
01,2026-08-08,3,2026-08-29,wk inc covid hosp,quantile,0.3,51.88242437722975
02,2026-08-08,3,2026-08-29,wk inc covid hosp,quantile,0.3,2.269378367707039
04,2026-08-08,3,2026-08-29,wk inc covid hosp,quantile,0.3,27.424248792776282
05,2026-08-08,3,2026-08-29,wk inc covid hosp,quantile,0.3,4.936973901890515
06,2026-08-08,3,2026-08-29,wk inc covid hosp,quantile,0.3,397.1428884706476
08,2026-08-08,3,2026-08-29,wk inc covid hosp,quantile,0.3,12.240784040319804
09,2026-08-08,3,2026-08-29,wk inc covid hosp,quantile,0.3,9.389023879727587
10,2026-08-08,3,2026-08-29,wk inc covid hosp,quantile,0.3,2.077520324520741
11,2026-08-08,3,2026-08-29,wk inc covid hosp,quantile,0.3,0.46230601325711607
12,2026-08-08,3,2026-08-29,wk inc covid hosp,quantile,0.3,253.3780411038618
13,2026-08-08,3,2026-08-29,wk inc covid hosp,quantile,0.3,67.39185608799406
15,2026-08-08,3,2026-08-29,wk inc covid hosp,quantile,0.3,10.84853321000143
16,2026-08-08,3,2026-08-29,wk inc covid hosp,quantile,0.3,0.0
17,2026-08-08,3,2026-08-29,wk inc covid hosp,quantile,0.3,39.15365560288229
18,2026-08-08,3,2026-08-29,wk inc covid hosp,quantile,0.3,21.821007608422384
19,2026-08-08,3,2026-08-29,wk inc covid hosp,quantile,0.3,7.427670501990263
20,2026-08-08,3,2026-08-29,wk inc covid hosp,quantile,0.3,7.529416869715653
21,2026-08-08,3,2026-08-29,wk inc covid hosp,quantile,0.3,10.062097457162134
22,2026-08-08,3,2026-08-29,wk inc covid hosp,quantile,0.3,43.491551992247814
23,2026-08-08,3,2026-08-29,wk inc covid hosp,quantile,0.3,2.201356631388888
24,2026-08-08,3,2026-08-29,wk inc covid hosp,quantile,0.3,7.3014002001540215
25,2026-08-08,3,2026-08-29,wk inc covid hosp,quantile,0.3,26.75224299566767
26,2026-08-08,3,2026-08-29,wk inc covid hosp,quantile,0.3,8.210864714021193
27,2026-08-08,3,2026-08-29,wk inc covid hosp,quantile,0.3,22.456802636718994
28,2026-08-08,3,2026-08-29,wk inc covid hosp,quantile,0.3,23.174442397467736
29,2026-08-08,3,2026-08-29,wk inc covid hosp,quantile,0.3,17.739138341621643
30,2026-08-08,3,2026-08-29,wk inc covid hosp,quantile,0.3,6.876916623749525
31,2026-08-08,3,2026-08-29,wk inc covid hosp,quantile,0.3,0.0
32,2026-08-08,3,2026-08-29,wk inc covid hosp,quantile,0.3,16.43394540211565
33,2026-08-08,3,2026-08-29,wk inc covid hosp,quantile,0.3,2.7162083890791378
34,2026-08-08,3,2026-08-29,wk inc covid hosp,quantile,0.3,37.054804191328174
35,2026-08-08,3,2026-08-29,wk inc covid hosp,quantile,0.3,6.449144722754662
36,2026-08-08,3,2026-08-29,wk inc covid hosp,quantile,0.3,123.80159015584445
37,2026-08-08,3,2026-08-29,wk inc covid hosp,quantile,0.3,88.74108182504484
38,2026-08-08,3,2026-08-29,wk inc covid hosp,quantile,0.3,0.396261375422812
39,2026-08-08,3,2026-08-29,wk inc covid hosp,quantile,0.3,46.63246755684367
40,2026-08-08,3,2026-08-29,wk inc covid hosp,quantile,0.3,15.410534088252419
41,2026-08-08,3,2026-08-29,wk inc covid hosp,quantile,0.3,9.576122472522204
42,2026-08-08,3,2026-08-29,wk inc covid hosp,quantile,0.3,45.09050247323124
44,2026-08-08,3,2026-08-29,wk inc covid hosp,quantile,0.3,2.3748466364872534
45,2026-08-08,3,2026-08-29,wk inc covid hosp,quantile,0.3,19.248498680495267
46,2026-08-08,3,2026-08-29,wk inc covid hosp,quantile,0.3,0.0
47,2026-08-08,3,2026-08-29,wk inc covid hosp,quantile,0.3,36.19236256727847
48,2026-08-08,3,2026-08-29,wk inc covid hosp,quantile,0.3,294.2623308500144
49,2026-08-08,3,2026-08-29,wk inc covid hosp,quantile,0.3,2.077605326618786
50,2026-08-08,3,2026-08-29,wk inc covid hosp,quantile,0.3,0.0
51,2026-08-08,3,2026-08-29,wk inc covid hosp,quantile,0.3,20.757122715215516
53,2026-08-08,3,2026-08-29,wk inc covid hosp,quantile,0.3,17.710154818300122
54,2026-08-08,3,2026-08-29,wk inc covid hosp,quantile,0.3,1.369706956347895
55,2026-08-08,3,2026-08-29,wk inc covid hosp,quantile,0.3,27.355050405210367
56,2026-08-08,3,2026-08-29,wk inc covid hosp,quantile,0.3,0.0
72,2026-08-08,3,2026-08-29,wk inc covid hosp,quantile,0.3,22.3042641353028
US,2026-08-08,3,2026-08-29,wk inc covid hosp,quantile,0.3,2421.4621730859117
01,2026-08-08,0,2026-08-08,wk inc covid hosp,quantile,0.35,47.8787272080671
02,2026-08-08,0,2026-08-08,wk inc covid hosp,quantile,0.35,2.666841157011705
04,2026-08-08,0,2026-08-08,wk inc covid hosp,quantile,0.35,23.800748321801702
05,2026-08-08,0,2026-08-08,wk inc covid hosp,quantile,0.35,4.366623304577524
06,2026-08-08,0,2026-08-08,wk inc covid hosp,quantile,0.35,329.9969528676371
08,2026-08-08,0,2026-08-08,wk inc covid hosp,quantile,0.35,9.410895741696292
09,2026-08-08,0,2026-08-08,wk inc covid hosp,quantile,0.35,8.788486572319217
10,2026-08-08,0,2026-08-08,wk inc covid hosp,quantile,0.35,1.8550672376086397
11,2026-08-08,0,2026-08-08,wk inc covid hosp,quantile,0.35,0.5966229185644064
12,2026-08-08,0,2026-08-08,wk inc covid hosp,quantile,0.35,271.55091727338436
13,2026-08-08,0,2026-08-08,wk inc covid hosp,quantile,0.35,56.55955087114733
15,2026-08-08,0,2026-08-08,wk inc covid hosp,quantile,0.35,11.115743301616552
16,2026-08-08,0,2026-08-08,wk inc covid hosp,quantile,0.35,0.026666370543049614
17,2026-08-08,0,2026-08-08,wk inc covid hosp,quantile,0.35,27.393252046335196
18,2026-08-08,0,2026-08-08,wk inc covid hosp,quantile,0.35,15.78677224395615
19,2026-08-08,0,2026-08-08,wk inc covid hosp,quantile,0.35,5.384454869727957
20,2026-08-08,0,2026-08-08,wk inc covid hosp,quantile,0.35,6.871050010376376
21,2026-08-08,0,2026-08-08,wk inc covid hosp,quantile,0.35,8.22050701609425
22,2026-08-08,0,2026-08-08,wk inc covid hosp,quantile,0.35,48.13610158870048
23,2026-08-08,0,2026-08-08,wk inc covid hosp,quantile,0.35,1.4806798231954523
24,2026-08-08,0,2026-08-08,wk inc covid hosp,quantile,0.35,4.8036958930313975
25,2026-08-08,0,2026-08-08,wk inc covid hosp,quantile,0.35,17.912407607624115
26,2026-08-08,0,2026-08-08,wk inc covid hosp,quantile,0.35,4.387070069736593
27,2026-08-08,0,2026-08-08,wk inc covid hosp,quantile,0.35,15.152772763800876
28,2026-08-08,0,2026-08-08,wk inc covid hosp,quantile,0.35,23.915333775701313
29,2026-08-08,0,2026-08-08,wk inc covid hosp,quantile,0.35,11.396959795738518
30,2026-08-08,0,2026-08-08,wk inc covid hosp,quantile,0.35,5.967880919205444
31,2026-08-08,0,2026-08-08,wk inc covid hosp,quantile,0.35,0.0
32,2026-08-08,0,2026-08-08,wk inc covid hosp,quantile,0.35,17.100490780055768
33,2026-08-08,0,2026-08-08,wk inc covid hosp,quantile,0.35,2.4130687519007417
34,2026-08-08,0,2026-08-08,wk inc covid hosp,quantile,0.35,33.41339864941893
35,2026-08-08,0,2026-08-08,wk inc covid hosp,quantile,0.35,5.772819777676255
36,2026-08-08,0,2026-08-08,wk inc covid hosp,quantile,0.35,92.23669325164082
37,2026-08-08,0,2026-08-08,wk inc covid hosp,quantile,0.35,75.89858425008332
38,2026-08-08,0,2026-08-08,wk inc covid hosp,quantile,0.35,0.7274848798833172
39,2026-08-08,0,2026-08-08,wk inc covid hosp,quantile,0.35,33.47692152838619
40,2026-08-08,0,2026-08-08,wk inc covid hosp,quantile,0.35,11.838623298602226
41,2026-08-08,0,2026-08-08,wk inc covid hosp,quantile,0.35,7.560858633660792
42,2026-08-08,0,2026-08-08,wk inc covid hosp,quantile,0.35,35.89938413712105
44,2026-08-08,0,2026-08-08,wk inc covid hosp,quantile,0.35,2.542303535182843
45,2026-08-08,0,2026-08-08,wk inc covid hosp,quantile,0.35,17.160235921945336
46,2026-08-08,0,2026-08-08,wk inc covid hosp,quantile,0.35,0.0
47,2026-08-08,0,2026-08-08,wk inc covid hosp,quantile,0.35,31.02305762216583
48,2026-08-08,0,2026-08-08,wk inc covid hosp,quantile,0.35,268.6609514022016
49,2026-08-08,0,2026-08-08,wk inc covid hosp,quantile,0.35,2.7831913784361233
50,2026-08-08,0,2026-08-08,wk inc covid hosp,quantile,0.35,0.0
51,2026-08-08,0,2026-08-08,wk inc covid hosp,quantile,0.35,15.754365172192903
53,2026-08-08,0,2026-08-08,wk inc covid hosp,quantile,0.35,16.065265997122953
54,2026-08-08,0,2026-08-08,wk inc covid hosp,quantile,0.35,0.6903158172626611
55,2026-08-08,0,2026-08-08,wk inc covid hosp,quantile,0.35,17.839751197224594
56,2026-08-08,0,2026-08-08,wk inc covid hosp,quantile,0.35,0.0
72,2026-08-08,0,2026-08-08,wk inc covid hosp,quantile,0.35,26.415176252423702
US,2026-08-08,0,2026-08-08,wk inc covid hosp,quantile,0.35,1830.929201678306
01,2026-08-08,1,2026-08-15,wk inc covid hosp,quantile,0.35,51.038394755166905
02,2026-08-08,1,2026-08-15,wk inc covid hosp,quantile,0.35,2.782398162526512
04,2026-08-08,1,2026-08-15,wk inc covid hosp,quantile,0.35,27.048314950834964
05,2026-08-08,1,2026-08-15,wk inc covid hosp,quantile,0.35,5.053454327582122
06,2026-08-08,1,2026-08-15,wk inc covid hosp,quantile,0.35,360.5588950299873
08,2026-08-08,1,2026-08-15,wk inc covid hosp,quantile,0.35,10.978687310795495
09,2026-08-08,1,2026-08-15,wk inc covid hosp,quantile,0.35,9.035303176668535
10,2026-08-08,1,2026-08-15,wk inc covid hosp,quantile,0.35,2.0257652878258043
11,2026-08-08,1,2026-08-15,wk inc covid hosp,quantile,0.35,0.7160555328576489
12,2026-08-08,1,2026-08-15,wk inc covid hosp,quantile,0.35,278.74002393325253
13,2026-08-08,1,2026-08-15,wk inc covid hosp,quantile,0.35,61.65183147540018
15,2026-08-08,1,2026-08-15,wk inc covid hosp,quantile,0.35,11.617174222473313
16,2026-08-08,1,2026-08-15,wk inc covid hosp,quantile,0.35,0.11798209835526074
17,2026-08-08,1,2026-08-15,wk inc covid hosp,quantile,0.35,32.102099604170576
18,2026-08-08,1,2026-08-15,wk inc covid hosp,quantile,0.35,19.138552053980614
19,2026-08-08,1,2026-08-15,wk inc covid hosp,quantile,0.35,6.3293673221141775
20,2026-08-08,1,2026-08-15,wk inc covid hosp,quantile,0.35,8.098288927524298
21,2026-08-08,1,2026-08-15,wk inc covid hosp,quantile,0.35,8.896359999745439
22,2026-08-08,1,2026-08-15,wk inc covid hosp,quantile,0.35,46.893899238136655
23,2026-08-08,1,2026-08-15,wk inc covid hosp,quantile,0.35,1.9664725714827411
24,2026-08-08,1,2026-08-15,wk inc covid hosp,quantile,0.35,5.462769004298167
25,2026-08-08,1,2026-08-15,wk inc covid hosp,quantile,0.35,22.152122260913597
26,2026-08-08,1,2026-08-15,wk inc covid hosp,quantile,0.35,5.7544077496917945
27,2026-08-08,1,2026-08-15,wk inc covid hosp,quantile,0.35,18.419572799844886
28,2026-08-08,1,2026-08-15,wk inc covid hosp,quantile,0.35,24.27937392262698
29,2026-08-08,1,2026-08-15,wk inc covid hosp,quantile,0.35,14.088858428115193
30,2026-08-08,1,2026-08-15,wk inc covid hosp,quantile,0.35,6.971720606232601
31,2026-08-08,1,2026-08-15,wk inc covid hosp,quantile,0.35,0.0
32,2026-08-08,1,2026-08-15,wk inc covid hosp,quantile,0.35,17.4434418710996
33,2026-08-08,1,2026-08-15,wk inc covid hosp,quantile,0.35,2.5370340710796286
34,2026-08-08,1,2026-08-15,wk inc covid hosp,quantile,0.35,33.33146915592708
35,2026-08-08,1,2026-08-15,wk inc covid hosp,quantile,0.35,6.353940940309711
36,2026-08-08,1,2026-08-15,wk inc covid hosp,quantile,0.35,103.39842476686354
37,2026-08-08,1,2026-08-15,wk inc covid hosp,quantile,0.35,82.64721803829664
38,2026-08-08,1,2026-08-15,wk inc covid hosp,quantile,0.35,0.8375090030106652
39,2026-08-08,1,2026-08-15,wk inc covid hosp,quantile,0.35,39.33150183660352
40,2026-08-08,1,2026-08-15,wk inc covid hosp,quantile,0.35,13.30493854261592
41,2026-08-08,1,2026-08-15,wk inc covid hosp,quantile,0.35,8.992775161256858
42,2026-08-08,1,2026-08-15,wk inc covid hosp,quantile,0.35,41.16627134676073
44,2026-08-08,1,2026-08-15,wk inc covid hosp,quantile,0.35,2.661049625081198
45,2026-08-08,1,2026-08-15,wk inc covid hosp,quantile,0.35,18.81907501351362
46,2026-08-08,1,2026-08-15,wk inc covid hosp,quantile,0.35,0.0
47,2026-08-08,1,2026-08-15,wk inc covid hosp,quantile,0.35,34.40646484477319
48,2026-08-08,1,2026-08-15,wk inc covid hosp,quantile,0.35,286.56484584639276
49,2026-08-08,1,2026-08-15,wk inc covid hosp,quantile,0.35,3.1435435391459814
50,2026-08-08,1,2026-08-15,wk inc covid hosp,quantile,0.35,0.0
51,2026-08-08,1,2026-08-15,wk inc covid hosp,quantile,0.35,18.124079085025027
53,2026-08-08,1,2026-08-15,wk inc covid hosp,quantile,0.35,17.281867042872086
54,2026-08-08,1,2026-08-15,wk inc covid hosp,quantile,0.35,1.156800642686032
55,2026-08-08,1,2026-08-15,wk inc covid hosp,quantile,0.35,22.14875677050417
56,2026-08-08,1,2026-08-15,wk inc covid hosp,quantile,0.35,0.0
72,2026-08-08,1,2026-08-15,wk inc covid hosp,quantile,0.35,27.353857363077694
US,2026-08-08,1,2026-08-15,wk inc covid hosp,quantile,0.35,2045.9085938435944
01,2026-08-08,2,2026-08-22,wk inc covid hosp,quantile,0.35,53.29900398753692
02,2026-08-08,2,2026-08-22,wk inc covid hosp,quantile,0.35,2.867081067759685
04,2026-08-08,2,2026-08-22,wk inc covid hosp,quantile,0.35,28.798625337279198
05,2026-08-08,2,2026-08-22,wk inc covid hosp,quantile,0.35,5.657502850794819
06,2026-08-08,2,2026-08-22,wk inc covid hosp,quantile,0.35,393.2910313957215
08,2026-08-08,2,2026-08-22,wk inc covid hosp,quantile,0.35,11.865146822962236
09,2026-08-08,2,2026-08-22,wk inc covid hosp,quantile,0.35,10.489948172117074
10,2026-08-08,2,2026-08-22,wk inc covid hosp,quantile,0.35,2.4347296824250346
11,2026-08-08,2,2026-08-22,wk inc covid hosp,quantile,0.35,0.7949859083368919
12,2026-08-08,2,2026-08-22,wk inc covid hosp,quantile,0.35,279.3142545640994
13,2026-08-08,2,2026-08-22,wk inc covid hosp,quantile,0.35,68.64552092755416
15,2026-08-08,2,2026-08-22,wk inc covid hosp,quantile,0.35,11.95768396623479
16,2026-08-08,2,2026-08-22,wk inc covid hosp,quantile,0.35,0.3672836797658962
17,2026-08-08,2,2026-08-22,wk inc covid hosp,quantile,0.35,38.93579840786236
18,2026-08-08,2,2026-08-22,wk inc covid hosp,quantile,0.35,21.851148756287042
19,2026-08-08,2,2026-08-22,wk inc covid hosp,quantile,0.35,7.186841119691888
20,2026-08-08,2,2026-08-22,wk inc covid hosp,quantile,0.35,9.127494098578348
21,2026-08-08,2,2026-08-22,wk inc covid hosp,quantile,0.35,10.695306108222045
22,2026-08-08,2,2026-08-22,wk inc covid hosp,quantile,0.35,46.07468698415299
23,2026-08-08,2,2026-08-22,wk inc covid hosp,quantile,0.35,2.4557613120746864
24,2026-08-08,2,2026-08-22,wk inc covid hosp,quantile,0.35,6.7995938608155555
25,2026-08-08,2,2026-08-22,wk inc covid hosp,quantile,0.35,26.788786202318757
26,2026-08-08,2,2026-08-22,wk inc covid hosp,quantile,0.35,8.499679934600424
27,2026-08-08,2,2026-08-22,wk inc covid hosp,quantile,0.35,21.96139784478881
28,2026-08-08,2,2026-08-22,wk inc covid hosp,quantile,0.35,25.569807640602257
29,2026-08-08,2,2026-08-22,wk inc covid hosp,quantile,0.35,17.142491468849528
30,2026-08-08,2,2026-08-22,wk inc covid hosp,quantile,0.35,7.940459624273021
31,2026-08-08,2,2026-08-22,wk inc covid hosp,quantile,0.35,0.0
32,2026-08-08,2,2026-08-22,wk inc covid hosp,quantile,0.35,18.741239024492273
33,2026-08-08,2,2026-08-22,wk inc covid hosp,quantile,0.35,3.1340479086248543
34,2026-08-08,2,2026-08-22,wk inc covid hosp,quantile,0.35,38.07512954496493
35,2026-08-08,2,2026-08-22,wk inc covid hosp,quantile,0.35,7.2384670045007775
36,2026-08-08,2,2026-08-22,wk inc covid hosp,quantile,0.35,118.68720166023273
37,2026-08-08,2,2026-08-22,wk inc covid hosp,quantile,0.35,91.30453633797165
38,2026-08-08,2,2026-08-22,wk inc covid hosp,quantile,0.35,0.8838521240896479
39,2026-08-08,2,2026-08-22,wk inc covid hosp,quantile,0.35,46.253596341647366
40,2026-08-08,2,2026-08-22,wk inc covid hosp,quantile,0.35,15.976491029721032
41,2026-08-08,2,2026-08-22,wk inc covid hosp,quantile,0.35,9.892740096551123
42,2026-08-08,2,2026-08-22,wk inc covid hosp,quantile,0.35,48.25837908053697
44,2026-08-08,2,2026-08-22,wk inc covid hosp,quantile,0.35,3.1534355646302297
45,2026-08-08,2,2026-08-22,wk inc covid hosp,quantile,0.35,20.73095816973405
46,2026-08-08,2,2026-08-22,wk inc covid hosp,quantile,0.35,0.0
47,2026-08-08,2,2026-08-22,wk inc covid hosp,quantile,0.35,37.945257769753205
48,2026-08-08,2,2026-08-22,wk inc covid hosp,quantile,0.35,302.2960157991926
49,2026-08-08,2,2026-08-22,wk inc covid hosp,quantile,0.35,3.349192496819678
50,2026-08-08,2,2026-08-22,wk inc covid hosp,quantile,0.35,0.0
51,2026-08-08,2,2026-08-22,wk inc covid hosp,quantile,0.35,21.291371328482903
53,2026-08-08,2,2026-08-22,wk inc covid hosp,quantile,0.35,19.114872862481448
54,2026-08-08,2,2026-08-22,wk inc covid hosp,quantile,0.35,1.6475368622702602
55,2026-08-08,2,2026-08-22,wk inc covid hosp,quantile,0.35,26.832411664960617
56,2026-08-08,2,2026-08-22,wk inc covid hosp,quantile,0.35,0.0
72,2026-08-08,2,2026-08-22,wk inc covid hosp,quantile,0.35,26.545033290906375
US,2026-08-08,2,2026-08-22,wk inc covid hosp,quantile,0.35,2290.388717152445
01,2026-08-08,3,2026-08-29,wk inc covid hosp,quantile,0.35,56.917748393706994
02,2026-08-08,3,2026-08-29,wk inc covid hosp,quantile,0.35,3.111872191699422
04,2026-08-08,3,2026-08-29,wk inc covid hosp,quantile,0.35,31.796557762918574
05,2026-08-08,3,2026-08-29,wk inc covid hosp,quantile,0.35,6.633603982595239
06,2026-08-08,3,2026-08-29,wk inc covid hosp,quantile,0.35,418.3774811119173
08,2026-08-08,3,2026-08-29,wk inc covid hosp,quantile,0.35,14.726623171016824
09,2026-08-08,3,2026-08-29,wk inc covid hosp,quantile,0.35,11.629345720469505
10,2026-08-08,3,2026-08-29,wk inc covid hosp,quantile,0.35,2.7736831686052548
11,2026-08-08,3,2026-08-29,wk inc covid hosp,quantile,0.35,0.9686359620036121
12,2026-08-08,3,2026-08-29,wk inc covid hosp,quantile,0.35,278.61074083434926
13,2026-08-08,3,2026-08-29,wk inc covid hosp,quantile,0.35,73.29229519730518
15,2026-08-08,3,2026-08-29,wk inc covid hosp,quantile,0.35,12.670903877780557
16,2026-08-08,3,2026-08-29,wk inc covid hosp,quantile,0.35,0.44144669739715486
17,2026-08-08,3,2026-08-29,wk inc covid hosp,quantile,0.35,45.52267464469946
18,2026-08-08,3,2026-08-29,wk inc covid hosp,quantile,0.35,26.156981054308947
19,2026-08-08,3,2026-08-29,wk inc covid hosp,quantile,0.35,8.813778123158158
20,2026-08-08,3,2026-08-29,wk inc covid hosp,quantile,0.35,9.589096266261215
21,2026-08-08,3,2026-08-29,wk inc covid hosp,quantile,0.35,12.610449690570894
22,2026-08-08,3,2026-08-29,wk inc covid hosp,quantile,0.35,47.37483888644461
23,2026-08-08,3,2026-08-29,wk inc covid hosp,quantile,0.35,3.025748414371529
24,2026-08-08,3,2026-08-29,wk inc covid hosp,quantile,0.35,9.688532901546132
25,2026-08-08,3,2026-08-29,wk inc covid hosp,quantile,0.35,31.60364103786815
26,2026-08-08,3,2026-08-29,wk inc covid hosp,quantile,0.35,13.663265453016958
27,2026-08-08,3,2026-08-29,wk inc covid hosp,quantile,0.35,25.399657044752924
28,2026-08-08,3,2026-08-29,wk inc covid hosp,quantile,0.35,26.216975470510754
29,2026-08-08,3,2026-08-29,wk inc covid hosp,quantile,0.35,21.008235001115153
30,2026-08-08,3,2026-08-29,wk inc covid hosp,quantile,0.35,8.419162731736819
31,2026-08-08,3,2026-08-29,wk inc covid hosp,quantile,0.35,0.2627670299657184
32,2026-08-08,3,2026-08-29,wk inc covid hosp,quantile,0.35,18.77478136855305
33,2026-08-08,3,2026-08-29,wk inc covid hosp,quantile,0.35,3.464561582871867
34,2026-08-08,3,2026-08-29,wk inc covid hosp,quantile,0.35,43.544051717325395
35,2026-08-08,3,2026-08-29,wk inc covid hosp,quantile,0.35,8.109747267673265
36,2026-08-08,3,2026-08-29,wk inc covid hosp,quantile,0.35,133.99200307307171
37,2026-08-08,3,2026-08-29,wk inc covid hosp,quantile,0.35,96.97587321354378
38,2026-08-08,3,2026-08-29,wk inc covid hosp,quantile,0.35,0.9477635604851278
39,2026-08-08,3,2026-08-29,wk inc covid hosp,quantile,0.35,54.15009248498396
40,2026-08-08,3,2026-08-29,wk inc covid hosp,quantile,0.35,17.92183210623
41,2026-08-08,3,2026-08-29,wk inc covid hosp,quantile,0.35,11.617560344984845
42,2026-08-08,3,2026-08-29,wk inc covid hosp,quantile,0.35,54.57269367326935
44,2026-08-08,3,2026-08-29,wk inc covid hosp,quantile,0.35,3.30586251362921
45,2026-08-08,3,2026-08-29,wk inc covid hosp,quantile,0.35,21.966178877907065
46,2026-08-08,3,2026-08-29,wk inc covid hosp,quantile,0.35,0.05752160272231448
47,2026-08-08,3,2026-08-29,wk inc covid hosp,quantile,0.35,41.23444184407565
48,2026-08-08,3,2026-08-29,wk inc covid hosp,quantile,0.35,322.24393855706086
49,2026-08-08,3,2026-08-29,wk inc covid hosp,quantile,0.35,3.60007701871796
50,2026-08-08,3,2026-08-29,wk inc covid hosp,quantile,0.35,0.0
51,2026-08-08,3,2026-08-29,wk inc covid hosp,quantile,0.35,24.759170903817985
53,2026-08-08,3,2026-08-29,wk inc covid hosp,quantile,0.35,20.725890498391276
54,2026-08-08,3,2026-08-29,wk inc covid hosp,quantile,0.35,2.3669327817815127
55,2026-08-08,3,2026-08-29,wk inc covid hosp,quantile,0.35,32.04363746681995
56,2026-08-08,3,2026-08-29,wk inc covid hosp,quantile,0.35,0.0
72,2026-08-08,3,2026-08-29,wk inc covid hosp,quantile,0.35,26.04852197945887
US,2026-08-08,3,2026-08-29,wk inc covid hosp,quantile,0.35,2559.1970776601524
01,2026-08-08,0,2026-08-08,wk inc covid hosp,quantile,0.4,49.89037808335708
02,2026-08-08,0,2026-08-08,wk inc covid hosp,quantile,0.4,2.989062625238883
04,2026-08-08,0,2026-08-08,wk inc covid hosp,quantile,0.4,25.41975909290742
05,2026-08-08,0,2026-08-08,wk inc covid hosp,quantile,0.4,4.973256252188499
06,2026-08-08,0,2026-08-08,wk inc covid hosp,quantile,0.4,337.5108504556604
08,2026-08-08,0,2026-08-08,wk inc covid hosp,quantile,0.4,10.39530093493023
09,2026-08-08,0,2026-08-08,wk inc covid hosp,quantile,0.4,9.864869222967688
10,2026-08-08,0,2026-08-08,wk inc covid hosp,quantile,0.4,2.1409812548010714
11,2026-08-08,0,2026-08-08,wk inc covid hosp,quantile,0.4,0.8162720348675669
12,2026-08-08,0,2026-08-08,wk inc covid hosp,quantile,0.4,286.93496375765903
13,2026-08-08,0,2026-08-08,wk inc covid hosp,quantile,0.4,59.052768676815994
15,2026-08-08,0,2026-08-08,wk inc covid hosp,quantile,0.4,11.86009111307256
16,2026-08-08,0,2026-08-08,wk inc covid hosp,quantile,0.4,0.42882931089315446
17,2026-08-08,0,2026-08-08,wk inc covid hosp,quantile,0.4,29.588424367231145
18,2026-08-08,0,2026-08-08,wk inc covid hosp,quantile,0.4,17.14315497508195
19,2026-08-08,0,2026-08-08,wk inc covid hosp,quantile,0.4,6.088257784756806
20,2026-08-08,0,2026-08-08,wk inc covid hosp,quantile,0.4,7.663298880328514
21,2026-08-08,0,2026-08-08,wk inc covid hosp,quantile,0.4,9.290966602060818
22,2026-08-08,0,2026-08-08,wk inc covid hosp,quantile,0.4,50.41017449328374
23,2026-08-08,0,2026-08-08,wk inc covid hosp,quantile,0.4,1.8083198027884846
24,2026-08-08,0,2026-08-08,wk inc covid hosp,quantile,0.4,5.938620690301036
25,2026-08-08,0,2026-08-08,wk inc covid hosp,quantile,0.4,19.551446019974904
26,2026-08-08,0,2026-08-08,wk inc covid hosp,quantile,0.4,6.44801583672188
27,2026-08-08,0,2026-08-08,wk inc covid hosp,quantile,0.4,16.5201701898142
28,2026-08-08,0,2026-08-08,wk inc covid hosp,quantile,0.4,25.3343360679193
29,2026-08-08,0,2026-08-08,wk inc covid hosp,quantile,0.4,12.882370956341537
30,2026-08-08,0,2026-08-08,wk inc covid hosp,quantile,0.4,6.557146231285288
31,2026-08-08,0,2026-08-08,wk inc covid hosp,quantile,0.4,0.21639385222109664
32,2026-08-08,0,2026-08-08,wk inc covid hosp,quantile,0.4,18.16994542663818
33,2026-08-08,0,2026-08-08,wk inc covid hosp,quantile,0.4,2.8723229103029153
34,2026-08-08,0,2026-08-08,wk inc covid hosp,quantile,0.4,36.285718054388994
35,2026-08-08,0,2026-08-08,wk inc covid hosp,quantile,0.4,6.328017442084856
36,2026-08-08,0,2026-08-08,wk inc covid hosp,quantile,0.4,96.5537656329746
37,2026-08-08,0,2026-08-08,wk inc covid hosp,quantile,0.4,79.09279182086631
38,2026-08-08,0,2026-08-08,wk inc covid hosp,quantile,0.4,0.9516560517907006
39,2026-08-08,0,2026-08-08,wk inc covid hosp,quantile,0.4,36.260759299183405
40,2026-08-08,0,2026-08-08,wk inc covid hosp,quantile,0.4,12.725474224022944
41,2026-08-08,0,2026-08-08,wk inc covid hosp,quantile,0.4,8.223549125811127
42,2026-08-08,0,2026-08-08,wk inc covid hosp,quantile,0.4,39.694812572359815
44,2026-08-08,0,2026-08-08,wk inc covid hosp,quantile,0.4,2.9779532640792272
45,2026-08-08,0,2026-08-08,wk inc covid hosp,quantile,0.4,18.512579825655248
46,2026-08-08,0,2026-08-08,wk inc covid hosp,quantile,0.4,0.0
47,2026-08-08,0,2026-08-08,wk inc covid hosp,quantile,0.4,33.040652014891364
48,2026-08-08,0,2026-08-08,wk inc covid hosp,quantile,0.4,280.44320660063056
49,2026-08-08,0,2026-08-08,wk inc covid hosp,quantile,0.4,3.459334645192503
50,2026-08-08,0,2026-08-08,wk inc covid hosp,quantile,0.4,0.0
51,2026-08-08,0,2026-08-08,wk inc covid hosp,quantile,0.4,17.35841678630373
53,2026-08-08,0,2026-08-08,wk inc covid hosp,quantile,0.4,17.197466480901614
54,2026-08-08,0,2026-08-08,wk inc covid hosp,quantile,0.4,1.0520461884545433
55,2026-08-08,0,2026-08-08,wk inc covid hosp,quantile,0.4,19.21491074983447
56,2026-08-08,0,2026-08-08,wk inc covid hosp,quantile,0.4,0.0
72,2026-08-08,0,2026-08-08,wk inc covid hosp,quantile,0.4,28.208440050499313
US,2026-08-08,0,2026-08-08,wk inc covid hosp,quantile,0.4,1893.5514599577298
01,2026-08-08,1,2026-08-15,wk inc covid hosp,quantile,0.4,54.00099373489696
02,2026-08-08,1,2026-08-15,wk inc covid hosp,quantile,0.4,3.2737541706928632
04,2026-08-08,1,2026-08-15,wk inc covid hosp,quantile,0.4,29.50420991969497
05,2026-08-08,1,2026-08-15,wk inc covid hosp,quantile,0.4,6.1470056060062195
06,2026-08-08,1,2026-08-15,wk inc covid hosp,quantile,0.4,374.7880218862042
08,2026-08-08,1,2026-08-15,wk inc covid hosp,quantile,0.4,12.887019820082495
09,2026-08-08,1,2026-08-15,wk inc covid hosp,quantile,0.4,10.629458854846751
10,2026-08-08,1,2026-08-15,wk inc covid hosp,quantile,0.4,2.5097229044785894
11,2026-08-08,1,2026-08-15,wk inc covid hosp,quantile,0.4,1.0373022976491277
12,2026-08-08,1,2026-08-15,wk inc covid hosp,quantile,0.4,295.85383096481576
13,2026-08-08,1,2026-08-15,wk inc covid hosp,quantile,0.4,65.78131805780374
15,2026-08-08,1,2026-08-15,wk inc covid hosp,quantile,0.4,12.610851957891072
16,2026-08-08,1,2026-08-15,wk inc covid hosp,quantile,0.4,0.6385247764464984
17,2026-08-08,1,2026-08-15,wk inc covid hosp,quantile,0.4,35.51581218665228
18,2026-08-08,1,2026-08-15,wk inc covid hosp,quantile,0.4,21.325936471615
19,2026-08-08,1,2026-08-15,wk inc covid hosp,quantile,0.4,7.373591013492425
20,2026-08-08,1,2026-08-15,wk inc covid hosp,quantile,0.4,9.221834033739828
21,2026-08-08,1,2026-08-15,wk inc covid hosp,quantile,0.4,10.518488906334785
22,2026-08-08,1,2026-08-15,wk inc covid hosp,quantile,0.4,49.860015956264036
23,2026-08-08,1,2026-08-15,wk inc covid hosp,quantile,0.4,2.4318568513768786
24,2026-08-08,1,2026-08-15,wk inc covid hosp,quantile,0.4,6.943926479128711
25,2026-08-08,1,2026-08-15,wk inc covid hosp,quantile,0.4,24.681343646515945
26,2026-08-08,1,2026-08-15,wk inc covid hosp,quantile,0.4,8.502855921622853
27,2026-08-08,1,2026-08-15,wk inc covid hosp,quantile,0.4,20.41047841007853
28,2026-08-08,1,2026-08-15,wk inc covid hosp,quantile,0.4,26.341192017650563
29,2026-08-08,1,2026-08-15,wk inc covid hosp,quantile,0.4,15.937449867174275
30,2026-08-08,1,2026-08-15,wk inc covid hosp,quantile,0.4,7.770291892219011
31,2026-08-08,1,2026-08-15,wk inc covid hosp,quantile,0.4,0.26217654648689714
32,2026-08-08,1,2026-08-15,wk inc covid hosp,quantile,0.4,18.834048529527966
33,2026-08-08,1,2026-08-15,wk inc covid hosp,quantile,0.4,3.13317702380609
34,2026-08-08,1,2026-08-15,wk inc covid hosp,quantile,0.4,36.81498855997433
35,2026-08-08,1,2026-08-15,wk inc covid hosp,quantile,0.4,7.251195661298775
36,2026-08-08,1,2026-08-15,wk inc covid hosp,quantile,0.4,109.54533581729535
37,2026-08-08,1,2026-08-15,wk inc covid hosp,quantile,0.4,87.43780180270663
38,2026-08-08,1,2026-08-15,wk inc covid hosp,quantile,0.4,1.179729497131848
39,2026-08-08,1,2026-08-15,wk inc covid hosp,quantile,0.4,42.87773650840606
40,2026-08-08,1,2026-08-15,wk inc covid hosp,quantile,0.4,15.060536948071626
41,2026-08-08,1,2026-08-15,wk inc covid hosp,quantile,0.4,10.09201265995884
42,2026-08-08,1,2026-08-15,wk inc covid hosp,quantile,0.4,45.63203578196167
44,2026-08-08,1,2026-08-15,wk inc covid hosp,quantile,0.4,3.2883839198602414
45,2026-08-08,1,2026-08-15,wk inc covid hosp,quantile,0.4,20.611448437735675
46,2026-08-08,1,2026-08-15,wk inc covid hosp,quantile,0.4,0.1499128955394348
47,2026-08-08,1,2026-08-15,wk inc covid hosp,quantile,0.4,37.148557589486266
48,2026-08-08,1,2026-08-15,wk inc covid hosp,quantile,0.4,303.8462429225134
49,2026-08-08,1,2026-08-15,wk inc covid hosp,quantile,0.4,4.022652311811229
50,2026-08-08,1,2026-08-15,wk inc covid hosp,quantile,0.4,0.0
51,2026-08-08,1,2026-08-15,wk inc covid hosp,quantile,0.4,20.46213461764505
53,2026-08-08,1,2026-08-15,wk inc covid hosp,quantile,0.4,19.07181639419046
54,2026-08-08,1,2026-08-15,wk inc covid hosp,quantile,0.4,1.8295403956124652
55,2026-08-08,1,2026-08-15,wk inc covid hosp,quantile,0.4,24.956359738594777
56,2026-08-08,1,2026-08-15,wk inc covid hosp,quantile,0.4,0.0
72,2026-08-08,1,2026-08-15,wk inc covid hosp,quantile,0.4,29.437733510597077
US,2026-08-08,1,2026-08-15,wk inc covid hosp,quantile,0.4,2149.55558544262
01,2026-08-08,2,2026-08-22,wk inc covid hosp,quantile,0.4,56.48988877438092
02,2026-08-08,2,2026-08-22,wk inc covid hosp,quantile,0.4,3.4416920565476623
04,2026-08-08,2,2026-08-22,wk inc covid hosp,quantile,0.4,32.431271948056725
05,2026-08-08,2,2026-08-22,wk inc covid hosp,quantile,0.4,7.144955140130176
06,2026-08-08,2,2026-08-22,wk inc covid hosp,quantile,0.4,410.2173175236551
08,2026-08-08,2,2026-08-22,wk inc covid hosp,quantile,0.4,14.197063730692491
09,2026-08-08,2,2026-08-22,wk inc covid hosp,quantile,0.4,12.467694913253132
10,2026-08-08,2,2026-08-22,wk inc covid hosp,quantile,0.4,3.1014591496663018
11,2026-08-08,2,2026-08-22,wk inc covid hosp,quantile,0.4,1.2211326571142223
12,2026-08-08,2,2026-08-22,wk inc covid hosp,quantile,0.4,304.8802884763133
13,2026-08-08,2,2026-08-22,wk inc covid hosp,quantile,0.4,72.87835169355296
15,2026-08-08,2,2026-08-22,wk inc covid hosp,quantile,0.4,13.10786913666157
16,2026-08-08,2,2026-08-22,wk inc covid hosp,quantile,0.4,1.019168829514999
17,2026-08-08,2,2026-08-22,wk inc covid hosp,quantile,0.4,43.740316403595806
18,2026-08-08,2,2026-08-22,wk inc covid hosp,quantile,0.4,25.276581153319736
19,2026-08-08,2,2026-08-22,wk inc covid hosp,quantile,0.4,8.674630276757233
20,2026-08-08,2,2026-08-22,wk inc covid hosp,quantile,0.4,10.568502314044704
21,2026-08-08,2,2026-08-22,wk inc covid hosp,quantile,0.4,12.70865618197218
22,2026-08-08,2,2026-08-22,wk inc covid hosp,quantile,0.4,49.954044407343964
23,2026-08-08,2,2026-08-22,wk inc covid hosp,quantile,0.4,3.176549506833522
24,2026-08-08,2,2026-08-22,wk inc covid hosp,quantile,0.4,8.814981034421683
25,2026-08-08,2,2026-08-22,wk inc covid hosp,quantile,0.4,30.193426572848054
26,2026-08-08,2,2026-08-22,wk inc covid hosp,quantile,0.4,12.582722944817757
27,2026-08-08,2,2026-08-22,wk inc covid hosp,quantile,0.4,24.8492570176679
28,2026-08-08,2,2026-08-22,wk inc covid hosp,quantile,0.4,28.375296668274792
29,2026-08-08,2,2026-08-22,wk inc covid hosp,quantile,0.4,19.450857087690405
30,2026-08-08,2,2026-08-22,wk inc covid hosp,quantile,0.4,9.00462321442877
31,2026-08-08,2,2026-08-22,wk inc covid hosp,quantile,0.4,0.6506358287383681
32,2026-08-08,2,2026-08-22,wk inc covid hosp,quantile,0.4,20.555748568168436
33,2026-08-08,2,2026-08-22,wk inc covid hosp,quantile,0.4,3.8553334055405553
34,2026-08-08,2,2026-08-22,wk inc covid hosp,quantile,0.4,43.46745268686377
35,2026-08-08,2,2026-08-22,wk inc covid hosp,quantile,0.4,8.288334924186733
36,2026-08-08,2,2026-08-22,wk inc covid hosp,quantile,0.4,126.07721513260059
37,2026-08-08,2,2026-08-22,wk inc covid hosp,quantile,0.4,96.90178902393092
38,2026-08-08,2,2026-08-22,wk inc covid hosp,quantile,0.4,1.3826832803215436
39,2026-08-08,2,2026-08-22,wk inc covid hosp,quantile,0.4,51.03019647706921
40,2026-08-08,2,2026-08-22,wk inc covid hosp,quantile,0.4,17.864299916313147
41,2026-08-08,2,2026-08-22,wk inc covid hosp,quantile,0.4,11.50305499694058
42,2026-08-08,2,2026-08-22,wk inc covid hosp,quantile,0.4,55.79927003492066
44,2026-08-08,2,2026-08-22,wk inc covid hosp,quantile,0.4,3.9264274833315467
45,2026-08-08,2,2026-08-22,wk inc covid hosp,quantile,0.4,23.075629609507693
46,2026-08-08,2,2026-08-22,wk inc covid hosp,quantile,0.4,0.26865251316938005
47,2026-08-08,2,2026-08-22,wk inc covid hosp,quantile,0.4,41.59713646830515
48,2026-08-08,2,2026-08-22,wk inc covid hosp,quantile,0.4,325.64234302275867
49,2026-08-08,2,2026-08-22,wk inc covid hosp,quantile,0.4,4.413099575417623
50,2026-08-08,2,2026-08-22,wk inc covid hosp,quantile,0.4,0.0
51,2026-08-08,2,2026-08-22,wk inc covid hosp,quantile,0.4,24.720972113683317
53,2026-08-08,2,2026-08-22,wk inc covid hosp,quantile,0.4,21.772875382763758
54,2026-08-08,2,2026-08-22,wk inc covid hosp,quantile,0.4,2.37022828395661
55,2026-08-08,2,2026-08-22,wk inc covid hosp,quantile,0.4,29.903184474306954
56,2026-08-08,2,2026-08-22,wk inc covid hosp,quantile,0.4,0.0
72,2026-08-08,2,2026-08-22,wk inc covid hosp,quantile,0.4,29.489790660520708
US,2026-08-08,2,2026-08-22,wk inc covid hosp,quantile,0.4,2417.5997614026483
01,2026-08-08,3,2026-08-29,wk inc covid hosp,quantile,0.4,61.00448984947096
02,2026-08-08,3,2026-08-29,wk inc covid hosp,quantile,0.4,4.024964585467439
04,2026-08-08,3,2026-08-29,wk inc covid hosp,quantile,0.4,36.71306094805554
05,2026-08-08,3,2026-08-29,wk inc covid hosp,quantile,0.4,8.32669549689323
06,2026-08-08,3,2026-08-29,wk inc covid hosp,quantile,0.4,437.98215446937365
08,2026-08-08,3,2026-08-29,wk inc covid hosp,quantile,0.4,17.36768371063245
09,2026-08-08,3,2026-08-29,wk inc covid hosp,quantile,0.4,14.47497723012065
10,2026-08-08,3,2026-08-29,wk inc covid hosp,quantile,0.4,3.56050160698416
11,2026-08-08,3,2026-08-29,wk inc covid hosp,quantile,0.4,1.5745948630488265
12,2026-08-08,3,2026-08-29,wk inc covid hosp,quantile,0.4,306.3972174156472
13,2026-08-08,3,2026-08-29,wk inc covid hosp,quantile,0.4,80.07951089644013
15,2026-08-08,3,2026-08-29,wk inc covid hosp,quantile,0.4,14.423180882524054
16,2026-08-08,3,2026-08-29,wk inc covid hosp,quantile,0.4,1.1212571495012138
17,2026-08-08,3,2026-08-29,wk inc covid hosp,quantile,0.4,51.72004018533165
18,2026-08-08,3,2026-08-29,wk inc covid hosp,quantile,0.4,30.48627613908704
19,2026-08-08,3,2026-08-29,wk inc covid hosp,quantile,0.4,10.533228366333793
20,2026-08-08,3,2026-08-29,wk inc covid hosp,quantile,0.4,11.627923673482686
21,2026-08-08,3,2026-08-29,wk inc covid hosp,quantile,0.4,15.578372321780778
22,2026-08-08,3,2026-08-29,wk inc covid hosp,quantile,0.4,53.2849242264867
23,2026-08-08,3,2026-08-29,wk inc covid hosp,quantile,0.4,3.914889488505098
24,2026-08-08,3,2026-08-29,wk inc covid hosp,quantile,0.4,12.311216649441878
25,2026-08-08,3,2026-08-29,wk inc covid hosp,quantile,0.4,35.80417393531384
26,2026-08-08,3,2026-08-29,wk inc covid hosp,quantile,0.4,18.520561474286776
27,2026-08-08,3,2026-08-29,wk inc covid hosp,quantile,0.4,28.625322109858967
28,2026-08-08,3,2026-08-29,wk inc covid hosp,quantile,0.4,29.055424085458448
29,2026-08-08,3,2026-08-29,wk inc covid hosp,quantile,0.4,24.300466984940904
30,2026-08-08,3,2026-08-29,wk inc covid hosp,quantile,0.4,9.854922947860063
31,2026-08-08,3,2026-08-29,wk inc covid hosp,quantile,0.4,1.026879480900745
32,2026-08-08,3,2026-08-29,wk inc covid hosp,quantile,0.4,20.974549748364325
33,2026-08-08,3,2026-08-29,wk inc covid hosp,quantile,0.4,4.5538286108254065
34,2026-08-08,3,2026-08-29,wk inc covid hosp,quantile,0.4,50.779295968598966
35,2026-08-08,3,2026-08-29,wk inc covid hosp,quantile,0.4,9.50834836809649
36,2026-08-08,3,2026-08-29,wk inc covid hosp,quantile,0.4,142.3961942206901
37,2026-08-08,3,2026-08-29,wk inc covid hosp,quantile,0.4,104.83081842498312
38,2026-08-08,3,2026-08-29,wk inc covid hosp,quantile,0.4,1.5783611205972634
39,2026-08-08,3,2026-08-29,wk inc covid hosp,quantile,0.4,60.11606675136138
40,2026-08-08,3,2026-08-29,wk inc covid hosp,quantile,0.4,20.494877641949472
41,2026-08-08,3,2026-08-29,wk inc covid hosp,quantile,0.4,13.622350145615185
42,2026-08-08,3,2026-08-29,wk inc covid hosp,quantile,0.4,64.00158849553074
44,2026-08-08,3,2026-08-29,wk inc covid hosp,quantile,0.4,4.273351226801527
45,2026-08-08,3,2026-08-29,wk inc covid hosp,quantile,0.4,25.05568751311933
46,2026-08-08,3,2026-08-29,wk inc covid hosp,quantile,0.4,0.5623773304739359
47,2026-08-08,3,2026-08-29,wk inc covid hosp,quantile,0.4,45.82765139701093
48,2026-08-08,3,2026-08-29,wk inc covid hosp,quantile,0.4,349.3505173477561
49,2026-08-08,3,2026-08-29,wk inc covid hosp,quantile,0.4,5.275411957538515
50,2026-08-08,3,2026-08-29,wk inc covid hosp,quantile,0.4,0.0
51,2026-08-08,3,2026-08-29,wk inc covid hosp,quantile,0.4,29.12590909295482
53,2026-08-08,3,2026-08-29,wk inc covid hosp,quantile,0.4,23.694121520512414
54,2026-08-08,3,2026-08-29,wk inc covid hosp,quantile,0.4,3.5881548708928355
55,2026-08-08,3,2026-08-29,wk inc covid hosp,quantile,0.4,35.84816164254386
56,2026-08-08,3,2026-08-29,wk inc covid hosp,quantile,0.4,0.0
72,2026-08-08,3,2026-08-29,wk inc covid hosp,quantile,0.4,30.27422414353088
US,2026-08-08,3,2026-08-29,wk inc covid hosp,quantile,0.4,2691.4514293582647
01,2026-08-08,0,2026-08-08,wk inc covid hosp,quantile,0.45,51.876558889996836
02,2026-08-08,0,2026-08-08,wk inc covid hosp,quantile,0.45,3.300619994127002
04,2026-08-08,0,2026-08-08,wk inc covid hosp,quantile,0.45,27.374621532688188
05,2026-08-08,0,2026-08-08,wk inc covid hosp,quantile,0.45,5.757567784071227
06,2026-08-08,0,2026-08-08,wk inc covid hosp,quantile,0.45,345.78058115354224
08,2026-08-08,0,2026-08-08,wk inc covid hosp,quantile,0.45,11.37521306856541
09,2026-08-08,0,2026-08-08,wk inc covid hosp,quantile,0.45,10.980121899292687
10,2026-08-08,0,2026-08-08,wk inc covid hosp,quantile,0.45,2.4836517462246412
11,2026-08-08,0,2026-08-08,wk inc covid hosp,quantile,0.45,1.059270899839015
12,2026-08-08,0,2026-08-08,wk inc covid hosp,quantile,0.45,300.2488114333052
13,2026-08-08,0,2026-08-08,wk inc covid hosp,quantile,0.45,62.06890770671834
15,2026-08-08,0,2026-08-08,wk inc covid hosp,quantile,0.45,12.45798067632885
16,2026-08-08,0,2026-08-08,wk inc covid hosp,quantile,0.45,0.7740400603155078
17,2026-08-08,0,2026-08-08,wk inc covid hosp,quantile,0.45,31.591452680154994
18,2026-08-08,0,2026-08-08,wk inc covid hosp,quantile,0.45,18.55137991587382
19,2026-08-08,0,2026-08-08,wk inc covid hosp,quantile,0.45,6.788920726340453
20,2026-08-08,0,2026-08-08,wk inc covid hosp,quantile,0.45,8.560954484280852
21,2026-08-08,0,2026-08-08,wk inc covid hosp,quantile,0.45,10.183594340404888
22,2026-08-08,0,2026-08-08,wk inc covid hosp,quantile,0.45,52.501276610991454
23,2026-08-08,0,2026-08-08,wk inc covid hosp,quantile,0.45,2.1568517347374683
24,2026-08-08,0,2026-08-08,wk inc covid hosp,quantile,0.45,6.897656235805742
25,2026-08-08,0,2026-08-08,wk inc covid hosp,quantile,0.45,20.938744583970387
26,2026-08-08,0,2026-08-08,wk inc covid hosp,quantile,0.45,8.446508836526109
27,2026-08-08,0,2026-08-08,wk inc covid hosp,quantile,0.45,17.61661581916458
28,2026-08-08,0,2026-08-08,wk inc covid hosp,quantile,0.45,26.579065763700836
29,2026-08-08,0,2026-08-08,wk inc covid hosp,quantile,0.45,14.007678720740476
30,2026-08-08,0,2026-08-08,wk inc covid hosp,quantile,0.45,7.216237805332204
31,2026-08-08,0,2026-08-08,wk inc covid hosp,quantile,0.45,0.5439335028217935
32,2026-08-08,0,2026-08-08,wk inc covid hosp,quantile,0.45,19.016676114187824
33,2026-08-08,0,2026-08-08,wk inc covid hosp,quantile,0.45,3.262682104102913
34,2026-08-08,0,2026-08-08,wk inc covid hosp,quantile,0.45,39.40573971978943
35,2026-08-08,0,2026-08-08,wk inc covid hosp,quantile,0.45,6.957128033250619
36,2026-08-08,0,2026-08-08,wk inc covid hosp,quantile,0.45,100.44140668385666
37,2026-08-08,0,2026-08-08,wk inc covid hosp,quantile,0.45,82.25298008431675
38,2026-08-08,0,2026-08-08,wk inc covid hosp,quantile,0.45,1.2155318080083923
39,2026-08-08,0,2026-08-08,wk inc covid hosp,quantile,0.45,38.80481103010749
40,2026-08-08,0,2026-08-08,wk inc covid hosp,quantile,0.45,13.61796434469228
41,2026-08-08,0,2026-08-08,wk inc covid hosp,quantile,0.45,9.095784015274004
42,2026-08-08,0,2026-08-08,wk inc covid hosp,quantile,0.45,43.333018952817405
44,2026-08-08,0,2026-08-08,wk inc covid hosp,quantile,0.45,3.400626644366393
45,2026-08-08,0,2026-08-08,wk inc covid hosp,quantile,0.45,19.714834027146004
46,2026-08-08,0,2026-08-08,wk inc covid hosp,quantile,0.45,0.18427153864128987
47,2026-08-08,0,2026-08-08,wk inc covid hosp,quantile,0.45,35.28841388414573
48,2026-08-08,0,2026-08-08,wk inc covid hosp,quantile,0.45,294.98729124343464
49,2026-08-08,0,2026-08-08,wk inc covid hosp,quantile,0.45,4.101658080051529
50,2026-08-08,0,2026-08-08,wk inc covid hosp,quantile,0.45,0.0
51,2026-08-08,0,2026-08-08,wk inc covid hosp,quantile,0.45,18.569308834201355
53,2026-08-08,0,2026-08-08,wk inc covid hosp,quantile,0.45,18.494369987199825
54,2026-08-08,0,2026-08-08,wk inc covid hosp,quantile,0.45,1.4448799601814823
55,2026-08-08,0,2026-08-08,wk inc covid hosp,quantile,0.45,20.96407698454761
56,2026-08-08,0,2026-08-08,wk inc covid hosp,quantile,0.45,0.0
72,2026-08-08,0,2026-08-08,wk inc covid hosp,quantile,0.45,29.831108915480232
US,2026-08-08,0,2026-08-08,wk inc covid hosp,quantile,0.45,1949.7933405924332
01,2026-08-08,1,2026-08-15,wk inc covid hosp,quantile,0.45,56.344004158552906
02,2026-08-08,1,2026-08-15,wk inc covid hosp,quantile,0.45,3.920690397298974
04,2026-08-08,1,2026-08-15,wk inc covid hosp,quantile,0.45,32.49531896766472
05,2026-08-08,1,2026-08-15,wk inc covid hosp,quantile,0.45,6.961306428493158
06,2026-08-08,1,2026-08-15,wk inc covid hosp,quantile,0.45,388.54544616805384
08,2026-08-08,1,2026-08-15,wk inc covid hosp,quantile,0.45,14.694095950051873
09,2026-08-08,1,2026-08-15,wk inc covid hosp,quantile,0.45,12.33871314389074
10,2026-08-08,1,2026-08-15,wk inc covid hosp,quantile,0.45,3.0019559745151922
11,2026-08-08,1,2026-08-15,wk inc covid hosp,quantile,0.45,1.4105647824961207
12,2026-08-08,1,2026-08-15,wk inc covid hosp,quantile,0.45,318.6344562096109
13,2026-08-08,1,2026-08-15,wk inc covid hosp,quantile,0.45,69.71084091571167
15,2026-08-08,1,2026-08-15,wk inc covid hosp,quantile,0.45,13.448064719996903
16,2026-08-08,1,2026-08-15,wk inc covid hosp,quantile,0.45,1.2019265478191694
17,2026-08-08,1,2026-08-15,wk inc covid hosp,quantile,0.45,39.24767177613317
18,2026-08-08,1,2026-08-15,wk inc covid hosp,quantile,0.45,23.698773659318924
19,2026-08-08,1,2026-08-15,wk inc covid hosp,quantile,0.45,8.400708065842688
20,2026-08-08,1,2026-08-15,wk inc covid hosp,quantile,0.45,10.321082685093927
21,2026-08-08,1,2026-08-15,wk inc covid hosp,quantile,0.45,12.101714881337939
22,2026-08-08,1,2026-08-15,wk inc covid hosp,quantile,0.45,52.691835122535956
23,2026-08-08,1,2026-08-15,wk inc covid hosp,quantile,0.45,3.0500681465960056
24,2026-08-08,1,2026-08-15,wk inc covid hosp,quantile,0.45,8.474873881850694
25,2026-08-08,1,2026-08-15,wk inc covid hosp,quantile,0.45,26.667021765115088
26,2026-08-08,1,2026-08-15,wk inc covid hosp,quantile,0.45,11.99817267963887
27,2026-08-08,1,2026-08-15,wk inc covid hosp,quantile,0.45,22.293928610219975
28,2026-08-08,1,2026-08-15,wk inc covid hosp,quantile,0.45,28.478191704481098
29,2026-08-08,1,2026-08-15,wk inc covid hosp,quantile,0.45,17.476221739484306
30,2026-08-08,1,2026-08-15,wk inc covid hosp,quantile,0.45,8.668149349821864
31,2026-08-08,1,2026-08-15,wk inc covid hosp,quantile,0.45,0.8351439936673155
32,2026-08-08,1,2026-08-15,wk inc covid hosp,quantile,0.45,20.295458420555523
33,2026-08-08,1,2026-08-15,wk inc covid hosp,quantile,0.45,3.836412737733306
34,2026-08-08,1,2026-08-15,wk inc covid hosp,quantile,0.45,41.02659585967682
35,2026-08-08,1,2026-08-15,wk inc covid hosp,quantile,0.45,8.054462512494014
36,2026-08-08,1,2026-08-15,wk inc covid hosp,quantile,0.45,115.12846320371354
37,2026-08-08,1,2026-08-15,wk inc covid hosp,quantile,0.45,91.53858918989319
38,2026-08-08,1,2026-08-15,wk inc covid hosp,quantile,0.45,1.542399589417959
39,2026-08-08,1,2026-08-15,wk inc covid hosp,quantile,0.45,46.89011276363373
40,2026-08-08,1,2026-08-15,wk inc covid hosp,quantile,0.45,16.786677500255973
41,2026-08-08,1,2026-08-15,wk inc covid hosp,quantile,0.45,11.332666107450551
42,2026-08-08,1,2026-08-15,wk inc covid hosp,quantile,0.45,51.670606032311966
44,2026-08-08,1,2026-08-15,wk inc covid hosp,quantile,0.45,3.857601637977729
45,2026-08-08,1,2026-08-15,wk inc covid hosp,quantile,0.45,22.833300244101697
46,2026-08-08,1,2026-08-15,wk inc covid hosp,quantile,0.45,0.4944845133689694
47,2026-08-08,1,2026-08-15,wk inc covid hosp,quantile,0.45,40.42793093954408
48,2026-08-08,1,2026-08-15,wk inc covid hosp,quantile,0.45,321.14816384244443
49,2026-08-08,1,2026-08-15,wk inc covid hosp,quantile,0.45,4.999393880742648
50,2026-08-08,1,2026-08-15,wk inc covid hosp,quantile,0.45,0.0
51,2026-08-08,1,2026-08-15,wk inc covid hosp,quantile,0.45,22.95317343409538
53,2026-08-08,1,2026-08-15,wk inc covid hosp,quantile,0.45,20.78834565067222
54,2026-08-08,1,2026-08-15,wk inc covid hosp,quantile,0.45,2.4091767950544547
55,2026-08-08,1,2026-08-15,wk inc covid hosp,quantile,0.45,27.24072407371126
56,2026-08-08,1,2026-08-15,wk inc covid hosp,quantile,0.45,0.0
72,2026-08-08,1,2026-08-15,wk inc covid hosp,quantile,0.45,31.891279157061884
US,2026-08-08,1,2026-08-15,wk inc covid hosp,quantile,0.45,2239.2352572592176
01,2026-08-08,2,2026-08-22,wk inc covid hosp,quantile,0.45,60.23922145756316
02,2026-08-08,2,2026-08-22,wk inc covid hosp,quantile,0.45,4.126465129838895
04,2026-08-08,2,2026-08-22,wk inc covid hosp,quantile,0.45,36.44573075112592
05,2026-08-08,2,2026-08-22,wk inc covid hosp,quantile,0.45,8.692932684439242
06,2026-08-08,2,2026-08-22,wk inc covid hosp,quantile,0.45,427.8448794705771
08,2026-08-08,2,2026-08-22,wk inc covid hosp,quantile,0.45,16.583227027703703
09,2026-08-08,2,2026-08-22,wk inc covid hosp,quantile,0.45,15.01415751719409
10,2026-08-08,2,2026-08-22,wk inc covid hosp,quantile,0.45,3.688955631634599
11,2026-08-08,2,2026-08-22,wk inc covid hosp,quantile,0.45,1.716353029684413
12,2026-08-08,2,2026-08-22,wk inc covid hosp,quantile,0.45,327.58909613970883
13,2026-08-08,2,2026-08-22,wk inc covid hosp,quantile,0.45,78.4443777672756
15,2026-08-08,2,2026-08-22,wk inc covid hosp,quantile,0.45,14.58420694044946
16,2026-08-08,2,2026-08-22,wk inc covid hosp,quantile,0.45,1.654612455247768
17,2026-08-08,2,2026-08-22,wk inc covid hosp,quantile,0.45,48.92258830397042
18,2026-08-08,2,2026-08-22,wk inc covid hosp,quantile,0.45,28.374152542715194
19,2026-08-08,2,2026-08-22,wk inc covid hosp,quantile,0.45,10.36594920641353
20,2026-08-08,2,2026-08-22,wk inc covid hosp,quantile,0.45,11.98015120945413
21,2026-08-08,2,2026-08-22,wk inc covid hosp,quantile,0.45,14.442100088659192
22,2026-08-08,2,2026-08-22,wk inc covid hosp,quantile,0.45,53.65422159874644
23,2026-08-08,2,2026-08-22,wk inc covid hosp,quantile,0.45,3.9052226909595342
24,2026-08-08,2,2026-08-22,wk inc covid hosp,quantile,0.45,10.721076803331046
25,2026-08-08,2,2026-08-22,wk inc covid hosp,quantile,0.45,33.65151916426079
26,2026-08-08,2,2026-08-22,wk inc covid hosp,quantile,0.45,17.11743769775946
27,2026-08-08,2,2026-08-22,wk inc covid hosp,quantile,0.45,27.292910893357842
28,2026-08-08,2,2026-08-22,wk inc covid hosp,quantile,0.45,30.316436823409855
29,2026-08-08,2,2026-08-22,wk inc covid hosp,quantile,0.45,22.025553998952905
30,2026-08-08,2,2026-08-22,wk inc covid hosp,quantile,0.45,10.452352828130383
31,2026-08-08,2,2026-08-22,wk inc covid hosp,quantile,0.45,1.3828860181260094
32,2026-08-08,2,2026-08-22,wk inc covid hosp,quantile,0.45,22.459940533298003
33,2026-08-08,2,2026-08-22,wk inc covid hosp,quantile,0.45,4.946311316344885
34,2026-08-08,2,2026-08-22,wk inc covid hosp,quantile,0.45,49.14095414455947
35,2026-08-08,2,2026-08-22,wk inc covid hosp,quantile,0.45,9.509630884839892
36,2026-08-08,2,2026-08-22,wk inc covid hosp,quantile,0.45,133.2914268838735
37,2026-08-08,2,2026-08-22,wk inc covid hosp,quantile,0.45,103.1580989922933
38,2026-08-08,2,2026-08-22,wk inc covid hosp,quantile,0.45,1.9120536321344008
39,2026-08-08,2,2026-08-22,wk inc covid hosp,quantile,0.45,56.13420086632275
40,2026-08-08,2,2026-08-22,wk inc covid hosp,quantile,0.45,19.648726288692895
41,2026-08-08,2,2026-08-22,wk inc covid hosp,quantile,0.45,13.105990658905037
42,2026-08-08,2,2026-08-22,wk inc covid hosp,quantile,0.45,62.68436797503848
44,2026-08-08,2,2026-08-22,wk inc covid hosp,quantile,0.45,4.830912852531584
45,2026-08-08,2,2026-08-22,wk inc covid hosp,quantile,0.45,26.139364038947598
46,2026-08-08,2,2026-08-22,wk inc covid hosp,quantile,0.45,0.8049143036117777
47,2026-08-08,2,2026-08-22,wk inc covid hosp,quantile,0.45,45.32289105340184
48,2026-08-08,2,2026-08-22,wk inc covid hosp,quantile,0.45,347.8895495603733
49,2026-08-08,2,2026-08-22,wk inc covid hosp,quantile,0.45,5.543662008777874
50,2026-08-08,2,2026-08-22,wk inc covid hosp,quantile,0.45,0.08254955058351326
51,2026-08-08,2,2026-08-22,wk inc covid hosp,quantile,0.45,28.09624728234731
53,2026-08-08,2,2026-08-22,wk inc covid hosp,quantile,0.45,23.813131057634997
54,2026-08-08,2,2026-08-22,wk inc covid hosp,quantile,0.45,3.2393937162383266
55,2026-08-08,2,2026-08-22,wk inc covid hosp,quantile,0.45,33.0357985937033
56,2026-08-08,2,2026-08-22,wk inc covid hosp,quantile,0.45,0.034235542024204986
72,2026-08-08,2,2026-08-22,wk inc covid hosp,quantile,0.45,32.706735494867274
US,2026-08-08,2,2026-08-22,wk inc covid hosp,quantile,0.45,2531.985005068664
01,2026-08-08,3,2026-08-29,wk inc covid hosp,quantile,0.45,65.71898776026369
02,2026-08-08,3,2026-08-29,wk inc covid hosp,quantile,0.45,4.858540439837085
04,2026-08-08,3,2026-08-29,wk inc covid hosp,quantile,0.45,41.69266409717586
05,2026-08-08,3,2026-08-29,wk inc covid hosp,quantile,0.45,9.963436116929467
06,2026-08-08,3,2026-08-29,wk inc covid hosp,quantile,0.45,458.15275670066313
08,2026-08-08,3,2026-08-29,wk inc covid hosp,quantile,0.45,20.011142778179966
09,2026-08-08,3,2026-08-29,wk inc covid hosp,quantile,0.45,17.46770418906374
10,2026-08-08,3,2026-08-29,wk inc covid hosp,quantile,0.45,4.552824220795432
11,2026-08-08,3,2026-08-29,wk inc covid hosp,quantile,0.45,2.117790807422427
12,2026-08-08,3,2026-08-29,wk inc covid hosp,quantile,0.45,337.63516397580565
13,2026-08-08,3,2026-08-29,wk inc covid hosp,quantile,0.45,86.32316718631638
15,2026-08-08,3,2026-08-29,wk inc covid hosp,quantile,0.45,16.174762523523412
16,2026-08-08,3,2026-08-29,wk inc covid hosp,quantile,0.45,1.893551197752551
17,2026-08-08,3,2026-08-29,wk inc covid hosp,quantile,0.45,57.575131685551405
18,2026-08-08,3,2026-08-29,wk inc covid hosp,quantile,0.45,34.4906020943162
19,2026-08-08,3,2026-08-29,wk inc covid hosp,quantile,0.45,12.01943731233079
20,2026-08-08,3,2026-08-29,wk inc covid hosp,quantile,0.45,13.457887052731904
21,2026-08-08,3,2026-08-29,wk inc covid hosp,quantile,0.45,17.91105938573824
22,2026-08-08,3,2026-08-29,wk inc covid hosp,quantile,0.45,57.92229447651788
23,2026-08-08,3,2026-08-29,wk inc covid hosp,quantile,0.45,4.845561360091535
24,2026-08-08,3,2026-08-29,wk inc covid hosp,quantile,0.45,14.655290279675496
25,2026-08-08,3,2026-08-29,wk inc covid hosp,quantile,0.45,40.096315242662065
26,2026-08-08,3,2026-08-29,wk inc covid hosp,quantile,0.45,23.92285182529747
27,2026-08-08,3,2026-08-29,wk inc covid hosp,quantile,0.45,32.59651970302378
28,2026-08-08,3,2026-08-29,wk inc covid hosp,quantile,0.45,32.595108350559265
29,2026-08-08,3,2026-08-29,wk inc covid hosp,quantile,0.45,28.006440025254697
30,2026-08-08,3,2026-08-29,wk inc covid hosp,quantile,0.45,11.72764030248259
31,2026-08-08,3,2026-08-29,wk inc covid hosp,quantile,0.45,1.9216920494436112
32,2026-08-08,3,2026-08-29,wk inc covid hosp,quantile,0.45,23.639427328973902
33,2026-08-08,3,2026-08-29,wk inc covid hosp,quantile,0.45,5.6640500680186445
34,2026-08-08,3,2026-08-29,wk inc covid hosp,quantile,0.45,57.38559834593231
35,2026-08-08,3,2026-08-29,wk inc covid hosp,quantile,0.45,11.11941073585338
36,2026-08-08,3,2026-08-29,wk inc covid hosp,quantile,0.45,151.69315579391582
37,2026-08-08,3,2026-08-29,wk inc covid hosp,quantile,0.45,112.32379771035019
38,2026-08-08,3,2026-08-29,wk inc covid hosp,quantile,0.45,2.307497904727739
39,2026-08-08,3,2026-08-29,wk inc covid hosp,quantile,0.45,67.23781794701316
40,2026-08-08,3,2026-08-29,wk inc covid hosp,quantile,0.45,22.78681006729136
41,2026-08-08,3,2026-08-29,wk inc covid hosp,quantile,0.45,15.42714984517889
42,2026-08-08,3,2026-08-29,wk inc covid hosp,quantile,0.45,72.69633472259937
44,2026-08-08,3,2026-08-29,wk inc covid hosp,quantile,0.45,5.274611453303711
45,2026-08-08,3,2026-08-29,wk inc covid hosp,quantile,0.45,28.1305333114331
46,2026-08-08,3,2026-08-29,wk inc covid hosp,quantile,0.45,1.1990020460153827
47,2026-08-08,3,2026-08-29,wk inc covid hosp,quantile,0.45,51.506203410483614
48,2026-08-08,3,2026-08-29,wk inc covid hosp,quantile,0.45,375.4525819969563
49,2026-08-08,3,2026-08-29,wk inc covid hosp,quantile,0.45,6.67536581830328
50,2026-08-08,3,2026-08-29,wk inc covid hosp,quantile,0.45,0.19932822206577283
51,2026-08-08,3,2026-08-29,wk inc covid hosp,quantile,0.45,33.476717160680664
53,2026-08-08,3,2026-08-29,wk inc covid hosp,quantile,0.45,26.692310216195175
54,2026-08-08,3,2026-08-29,wk inc covid hosp,quantile,0.45,4.660786434401171
55,2026-08-08,3,2026-08-29,wk inc covid hosp,quantile,0.45,40.214950462998495
56,2026-08-08,3,2026-08-29,wk inc covid hosp,quantile,0.45,0.09382442510560556
72,2026-08-08,3,2026-08-29,wk inc covid hosp,quantile,0.45,34.825812467429934
US,2026-08-08,3,2026-08-29,wk inc covid hosp,quantile,0.45,2821.216651185513
01,2026-08-08,0,2026-08-08,wk inc covid hosp,quantile,0.5,53.607461939784635
02,2026-08-08,0,2026-08-08,wk inc covid hosp,quantile,0.5,3.6708709350466244
04,2026-08-08,0,2026-08-08,wk inc covid hosp,quantile,0.5,29.458590407722834
05,2026-08-08,0,2026-08-08,wk inc covid hosp,quantile,0.5,6.440774556681018
06,2026-08-08,0,2026-08-08,wk inc covid hosp,quantile,0.5,354.2602569405295
08,2026-08-08,0,2026-08-08,wk inc covid hosp,quantile,0.5,12.33965413359537
09,2026-08-08,0,2026-08-08,wk inc covid hosp,quantile,0.5,12.048569437950798
10,2026-08-08,0,2026-08-08,wk inc covid hosp,quantile,0.5,2.8086829897123344
11,2026-08-08,0,2026-08-08,wk inc covid hosp,quantile,0.5,1.3279034970174817
12,2026-08-08,0,2026-08-08,wk inc covid hosp,quantile,0.5,315.82481014183196
13,2026-08-08,0,2026-08-08,wk inc covid hosp,quantile,0.5,64.46675663931138
15,2026-08-08,0,2026-08-08,wk inc covid hosp,quantile,0.5,13.110620994597056
16,2026-08-08,0,2026-08-08,wk inc covid hosp,quantile,0.5,1.1441666667301988
17,2026-08-08,0,2026-08-08,wk inc covid hosp,quantile,0.5,34.177575479967615
18,2026-08-08,0,2026-08-08,wk inc covid hosp,quantile,0.5,20.096914073424475
19,2026-08-08,0,2026-08-08,wk inc covid hosp,quantile,0.5,7.4711075782619965
20,2026-08-08,0,2026-08-08,wk inc covid hosp,quantile,0.5,9.575679895291806
21,2026-08-08,0,2026-08-08,wk inc covid hosp,quantile,0.5,11.28291974553643
22,2026-08-08,0,2026-08-08,wk inc covid hosp,quantile,0.5,54.50954740402893
23,2026-08-08,0,2026-08-08,wk inc covid hosp,quantile,0.5,2.5299261349587603
24,2026-08-08,0,2026-08-08,wk inc covid hosp,quantile,0.5,8.003277180284178
25,2026-08-08,0,2026-08-08,wk inc covid hosp,quantile,0.5,22.363004681225974
26,2026-08-08,0,2026-08-08,wk inc covid hosp,quantile,0.5,11.033313824288891
27,2026-08-08,0,2026-08-08,wk inc covid hosp,quantile,0.5,18.913382061507185
28,2026-08-08,0,2026-08-08,wk inc covid hosp,quantile,0.5,28.02940672018223
29,2026-08-08,0,2026-08-08,wk inc covid hosp,quantile,0.5,15.092169401775505
30,2026-08-08,0,2026-08-08,wk inc covid hosp,quantile,0.5,7.866815623296844
31,2026-08-08,0,2026-08-08,wk inc covid hosp,quantile,0.5,0.9987379581720333
32,2026-08-08,0,2026-08-08,wk inc covid hosp,quantile,0.5,19.888346519044482
33,2026-08-08,0,2026-08-08,wk inc covid hosp,quantile,0.5,3.7090766485477475
34,2026-08-08,0,2026-08-08,wk inc covid hosp,quantile,0.5,42.02543470446329
35,2026-08-08,0,2026-08-08,wk inc covid hosp,quantile,0.5,7.656689782278319
36,2026-08-08,0,2026-08-08,wk inc covid hosp,quantile,0.5,104.80050517386192
37,2026-08-08,0,2026-08-08,wk inc covid hosp,quantile,0.5,85.37222242884681
38,2026-08-08,0,2026-08-08,wk inc covid hosp,quantile,0.5,1.4467930884957225
39,2026-08-08,0,2026-08-08,wk inc covid hosp,quantile,0.5,41.66271121901054
40,2026-08-08,0,2026-08-08,wk inc covid hosp,quantile,0.5,14.718115130942666
41,2026-08-08,0,2026-08-08,wk inc covid hosp,quantile,0.5,9.982096816738348
42,2026-08-08,0,2026-08-08,wk inc covid hosp,quantile,0.5,47.23349726333351
44,2026-08-08,0,2026-08-08,wk inc covid hosp,quantile,0.5,3.779032907439537
45,2026-08-08,0,2026-08-08,wk inc covid hosp,quantile,0.5,20.90603398443017
46,2026-08-08,0,2026-08-08,wk inc covid hosp,quantile,0.5,0.41677297239343164
47,2026-08-08,0,2026-08-08,wk inc covid hosp,quantile,0.5,37.2601443236326
48,2026-08-08,0,2026-08-08,wk inc covid hosp,quantile,0.5,306.5147058581987
49,2026-08-08,0,2026-08-08,wk inc covid hosp,quantile,0.5,4.76753235470093
50,2026-08-08,0,2026-08-08,wk inc covid hosp,quantile,0.5,0.08924900395609721
51,2026-08-08,0,2026-08-08,wk inc covid hosp,quantile,0.5,20.329569516880394
53,2026-08-08,0,2026-08-08,wk inc covid hosp,quantile,0.5,19.618584433094252
54,2026-08-08,0,2026-08-08,wk inc covid hosp,quantile,0.5,1.7996616607326574
55,2026-08-08,0,2026-08-08,wk inc covid hosp,quantile,0.5,22.58078348395205
56,2026-08-08,0,2026-08-08,wk inc covid hosp,quantile,0.5,0.16824942057039666
72,2026-08-08,0,2026-08-08,wk inc covid hosp,quantile,0.5,31.64125931024116
US,2026-08-08,0,2026-08-08,wk inc covid hosp,quantile,0.5,2018.9940506600442
01,2026-08-08,1,2026-08-15,wk inc covid hosp,quantile,0.5,59.269427662868594
02,2026-08-08,1,2026-08-15,wk inc covid hosp,quantile,0.5,4.430685255761232
04,2026-08-08,1,2026-08-15,wk inc covid hosp,quantile,0.5,35.07694096121516
05,2026-08-08,1,2026-08-15,wk inc covid hosp,quantile,0.5,8.164839871817136
06,2026-08-08,1,2026-08-15,wk inc covid hosp,quantile,0.5,400.43581688116586
08,2026-08-08,1,2026-08-15,wk inc covid hosp,quantile,0.5,16.31959770903121
09,2026-08-08,1,2026-08-15,wk inc covid hosp,quantile,0.5,14.416778552597835
10,2026-08-08,1,2026-08-15,wk inc covid hosp,quantile,0.5,3.4761082088796735
11,2026-08-08,1,2026-08-15,wk inc covid hosp,quantile,0.5,1.7858500020374588
12,2026-08-08,1,2026-08-15,wk inc covid hosp,quantile,0.5,334.4745032082153
13,2026-08-08,1,2026-08-15,wk inc covid hosp,quantile,0.5,73.21261810109863
15,2026-08-08,1,2026-08-15,wk inc covid hosp,quantile,0.5,14.460269235522189
16,2026-08-08,1,2026-08-15,wk inc covid hosp,quantile,0.5,1.7421657323983262
17,2026-08-08,1,2026-08-15,wk inc covid hosp,quantile,0.5,43.007646292432995
18,2026-08-08,1,2026-08-15,wk inc covid hosp,quantile,0.5,25.724632099031275
19,2026-08-08,1,2026-08-15,wk inc covid hosp,quantile,0.5,9.417617818508788
20,2026-08-08,1,2026-08-15,wk inc covid hosp,quantile,0.5,11.495340114913015
21,2026-08-08,1,2026-08-15,wk inc covid hosp,quantile,0.5,13.638885021749411
22,2026-08-08,1,2026-08-15,wk inc covid hosp,quantile,0.5,55.41655263453246
23,2026-08-08,1,2026-08-15,wk inc covid hosp,quantile,0.5,3.544382020320465
24,2026-08-08,1,2026-08-15,wk inc covid hosp,quantile,0.5,10.141289481320038
25,2026-08-08,1,2026-08-15,wk inc covid hosp,quantile,0.5,28.69699744662839
26,2026-08-08,1,2026-08-15,wk inc covid hosp,quantile,0.5,14.944512566250015
27,2026-08-08,1,2026-08-15,wk inc covid hosp,quantile,0.5,24.03666875299049
28,2026-08-08,1,2026-08-15,wk inc covid hosp,quantile,0.5,30.362619071393986
29,2026-08-08,1,2026-08-15,wk inc covid hosp,quantile,0.5,19.30817231325056
30,2026-08-08,1,2026-08-15,wk inc covid hosp,quantile,0.5,9.739255002829974
31,2026-08-08,1,2026-08-15,wk inc covid hosp,quantile,0.5,1.4242392275526712
32,2026-08-08,1,2026-08-15,wk inc covid hosp,quantile,0.5,21.764756311440937
33,2026-08-08,1,2026-08-15,wk inc covid hosp,quantile,0.5,4.49045563028904
34,2026-08-08,1,2026-08-15,wk inc covid hosp,quantile,0.5,44.97468779447202
35,2026-08-08,1,2026-08-15,wk inc covid hosp,quantile,0.5,8.937831929828867
36,2026-08-08,1,2026-08-15,wk inc covid hosp,quantile,0.5,120.75771830185795
37,2026-08-08,1,2026-08-15,wk inc covid hosp,quantile,0.5,96.04498477497545
38,2026-08-08,1,2026-08-15,wk inc covid hosp,quantile,0.5,1.9802108816311668
39,2026-08-08,1,2026-08-15,wk inc covid hosp,quantile,0.5,51.28553139113574
40,2026-08-08,1,2026-08-15,wk inc covid hosp,quantile,0.5,18.448334623473333
41,2026-08-08,1,2026-08-15,wk inc covid hosp,quantile,0.5,12.413366003440432
42,2026-08-08,1,2026-08-15,wk inc covid hosp,quantile,0.5,57.904347581157296
44,2026-08-08,1,2026-08-15,wk inc covid hosp,quantile,0.5,4.494418317690218
45,2026-08-08,1,2026-08-15,wk inc covid hosp,quantile,0.5,24.599667156063365
46,2026-08-08,1,2026-08-15,wk inc covid hosp,quantile,0.5,0.9803839252564528
47,2026-08-08,1,2026-08-15,wk inc covid hosp,quantile,0.5,43.391708156849255
48,2026-08-08,1,2026-08-15,wk inc covid hosp,quantile,0.5,336.9994535205795
49,2026-08-08,1,2026-08-15,wk inc covid hosp,quantile,0.5,5.835186197327118
50,2026-08-08,1,2026-08-15,wk inc covid hosp,quantile,0.5,0.23250737592735976
51,2026-08-08,1,2026-08-15,wk inc covid hosp,quantile,0.5,25.273050642123643
53,2026-08-08,1,2026-08-15,wk inc covid hosp,quantile,0.5,22.784034469535335
54,2026-08-08,1,2026-08-15,wk inc covid hosp,quantile,0.5,3.0190848110317474
55,2026-08-08,1,2026-08-15,wk inc covid hosp,quantile,0.5,29.2744452827111
56,2026-08-08,1,2026-08-15,wk inc covid hosp,quantile,0.5,0.22520518857053562
72,2026-08-08,1,2026-08-15,wk inc covid hosp,quantile,0.5,34.385620948059724
US,2026-08-08,1,2026-08-15,wk inc covid hosp,quantile,0.5,2318.866186835163
01,2026-08-08,2,2026-08-22,wk inc covid hosp,quantile,0.5,64.17656980336521
02,2026-08-08,2,2026-08-22,wk inc covid hosp,quantile,0.5,4.824171406349951
04,2026-08-08,2,2026-08-22,wk inc covid hosp,quantile,0.5,39.96512780391065
05,2026-08-08,2,2026-08-22,wk inc covid hosp,quantile,0.5,10.140005451716112
06,2026-08-08,2,2026-08-22,wk inc covid hosp,quantile,0.5,443.97199327012436
08,2026-08-08,2,2026-08-22,wk inc covid hosp,quantile,0.5,19.07087546402204
09,2026-08-08,2,2026-08-22,wk inc covid hosp,quantile,0.5,17.575178186839615
10,2026-08-08,2,2026-08-22,wk inc covid hosp,quantile,0.5,4.41950646619277
11,2026-08-08,2,2026-08-22,wk inc covid hosp,quantile,0.5,2.240598052114843
12,2026-08-08,2,2026-08-22,wk inc covid hosp,quantile,0.5,353.6460176585839
13,2026-08-08,2,2026-08-22,wk inc covid hosp,quantile,0.5,83.3733760962198
15,2026-08-08,2,2026-08-22,wk inc covid hosp,quantile,0.5,16.112720402894226
16,2026-08-08,2,2026-08-22,wk inc covid hosp,quantile,0.5,2.356267467048427
17,2026-08-08,2,2026-08-22,wk inc covid hosp,quantile,0.5,53.07095017495617
18,2026-08-08,2,2026-08-22,wk inc covid hosp,quantile,0.5,31.736836683389907
19,2026-08-08,2,2026-08-22,wk inc covid hosp,quantile,0.5,11.982400881703752
20,2026-08-08,2,2026-08-22,wk inc covid hosp,quantile,0.5,13.602861625549458
21,2026-08-08,2,2026-08-22,wk inc covid hosp,quantile,0.5,16.376264629651043
22,2026-08-08,2,2026-08-22,wk inc covid hosp,quantile,0.5,57.350786468453876
23,2026-08-08,2,2026-08-22,wk inc covid hosp,quantile,0.5,4.635278221927197
24,2026-08-08,2,2026-08-22,wk inc covid hosp,quantile,0.5,12.8010056680813
25,2026-08-08,2,2026-08-22,wk inc covid hosp,quantile,0.5,37.154794802750295
26,2026-08-08,2,2026-08-22,wk inc covid hosp,quantile,0.5,21.15280891846178
27,2026-08-08,2,2026-08-22,wk inc covid hosp,quantile,0.5,30.349955794973138
28,2026-08-08,2,2026-08-22,wk inc covid hosp,quantile,0.5,32.69940333930681
29,2026-08-08,2,2026-08-22,wk inc covid hosp,quantile,0.5,24.36317812081027
30,2026-08-08,2,2026-08-22,wk inc covid hosp,quantile,0.5,11.818825427128958
31,2026-08-08,2,2026-08-22,wk inc covid hosp,quantile,0.5,2.054272281778073
32,2026-08-08,2,2026-08-22,wk inc covid hosp,quantile,0.5,24.238840091453895
33,2026-08-08,2,2026-08-22,wk inc covid hosp,quantile,0.5,5.90074792596731
34,2026-08-08,2,2026-08-22,wk inc covid hosp,quantile,0.5,54.806182979303685
35,2026-08-08,2,2026-08-22,wk inc covid hosp,quantile,0.5,10.639121159036602
36,2026-08-08,2,2026-08-22,wk inc covid hosp,quantile,0.5,141.22101987542456
37,2026-08-08,2,2026-08-22,wk inc covid hosp,quantile,0.5,109.02201565698913
38,2026-08-08,2,2026-08-22,wk inc covid hosp,quantile,0.5,2.3567321134589663
39,2026-08-08,2,2026-08-22,wk inc covid hosp,quantile,0.5,61.87436418325003
40,2026-08-08,2,2026-08-22,wk inc covid hosp,quantile,0.5,21.378878006547648
41,2026-08-08,2,2026-08-22,wk inc covid hosp,quantile,0.5,14.79785226127132
42,2026-08-08,2,2026-08-22,wk inc covid hosp,quantile,0.5,69.99310105749552
44,2026-08-08,2,2026-08-22,wk inc covid hosp,quantile,0.5,5.819462809949205
45,2026-08-08,2,2026-08-22,wk inc covid hosp,quantile,0.5,28.310695315891913
46,2026-08-08,2,2026-08-22,wk inc covid hosp,quantile,0.5,1.2998974538551733
47,2026-08-08,2,2026-08-22,wk inc covid hosp,quantile,0.5,49.398401721895986
48,2026-08-08,2,2026-08-22,wk inc covid hosp,quantile,0.5,367.252283937246
49,2026-08-08,2,2026-08-22,wk inc covid hosp,quantile,0.5,7.0161894257335415
50,2026-08-08,2,2026-08-22,wk inc covid hosp,quantile,0.5,0.434461851048893
51,2026-08-08,2,2026-08-22,wk inc covid hosp,quantile,0.5,30.881135237219556
53,2026-08-08,2,2026-08-22,wk inc covid hosp,quantile,0.5,26.342232313768328
54,2026-08-08,2,2026-08-22,wk inc covid hosp,quantile,0.5,3.9923271280500927
55,2026-08-08,2,2026-08-22,wk inc covid hosp,quantile,0.5,36.79140514452576
56,2026-08-08,2,2026-08-22,wk inc covid hosp,quantile,0.5,0.4183069166299241
72,2026-08-08,2,2026-08-22,wk inc covid hosp,quantile,0.5,36.008230718470905
US,2026-08-08,2,2026-08-22,wk inc covid hosp,quantile,0.5,2641.9839046270654
01,2026-08-08,3,2026-08-29,wk inc covid hosp,quantile,0.5,70.11542223061083
02,2026-08-08,3,2026-08-29,wk inc covid hosp,quantile,0.5,5.714392954377547
04,2026-08-08,3,2026-08-29,wk inc covid hosp,quantile,0.5,46.264063330831966
05,2026-08-08,3,2026-08-29,wk inc covid hosp,quantile,0.5,11.965951663875096
06,2026-08-08,3,2026-08-29,wk inc covid hosp,quantile,0.5,475.97909528650797
08,2026-08-08,3,2026-08-29,wk inc covid hosp,quantile,0.5,23.44666225734597
09,2026-08-08,3,2026-08-29,wk inc covid hosp,quantile,0.5,20.425543950245867
10,2026-08-08,3,2026-08-29,wk inc covid hosp,quantile,0.5,5.452026155333934
11,2026-08-08,3,2026-08-29,wk inc covid hosp,quantile,0.5,2.734399099243805
12,2026-08-08,3,2026-08-29,wk inc covid hosp,quantile,0.5,371.07882977050593
13,2026-08-08,3,2026-08-29,wk inc covid hosp,quantile,0.5,92.72441669952154
15,2026-08-08,3,2026-08-29,wk inc covid hosp,quantile,0.5,17.879057782815487
16,2026-08-08,3,2026-08-29,wk inc covid hosp,quantile,0.5,2.868651907417086
17,2026-08-08,3,2026-08-29,wk inc covid hosp,quantile,0.5,63.40336004820584
18,2026-08-08,3,2026-08-29,wk inc covid hosp,quantile,0.5,38.76078313673364
19,2026-08-08,3,2026-08-29,wk inc covid hosp,quantile,0.5,14.188095399389919
20,2026-08-08,3,2026-08-29,wk inc covid hosp,quantile,0.5,16.014904412959122
21,2026-08-08,3,2026-08-29,wk inc covid hosp,quantile,0.5,20.682583853344365
22,2026-08-08,3,2026-08-29,wk inc covid hosp,quantile,0.5,63.78501128133064
23,2026-08-08,3,2026-08-29,wk inc covid hosp,quantile,0.5,5.838316278493962
24,2026-08-08,3,2026-08-29,wk inc covid hosp,quantile,0.5,17.327771839657775
25,2026-08-08,3,2026-08-29,wk inc covid hosp,quantile,0.5,44.01930508500141
26,2026-08-08,3,2026-08-29,wk inc covid hosp,quantile,0.5,30.750321983453688
27,2026-08-08,3,2026-08-29,wk inc covid hosp,quantile,0.5,35.95509644557493
28,2026-08-08,3,2026-08-29,wk inc covid hosp,quantile,0.5,36.216417549411624
29,2026-08-08,3,2026-08-29,wk inc covid hosp,quantile,0.5,30.890870868817075
30,2026-08-08,3,2026-08-29,wk inc covid hosp,quantile,0.5,13.824587082393162
31,2026-08-08,3,2026-08-29,wk inc covid hosp,quantile,0.5,2.879006636214298
32,2026-08-08,3,2026-08-29,wk inc covid hosp,quantile,0.5,26.06621466127384
33,2026-08-08,3,2026-08-29,wk inc covid hosp,quantile,0.5,6.9031019154559266
34,2026-08-08,3,2026-08-29,wk inc covid hosp,quantile,0.5,63.84189375607037
35,2026-08-08,3,2026-08-29,wk inc covid hosp,quantile,0.5,12.662966449258583
36,2026-08-08,3,2026-08-29,wk inc covid hosp,quantile,0.5,162.11880573574103
37,2026-08-08,3,2026-08-29,wk inc covid hosp,quantile,0.5,120.07754773592083
38,2026-08-08,3,2026-08-29,wk inc covid hosp,quantile,0.5,2.984117421653049
39,2026-08-08,3,2026-08-29,wk inc covid hosp,quantile,0.5,74.65164827435652
40,2026-08-08,3,2026-08-29,wk inc covid hosp,quantile,0.5,25.859373327949104
41,2026-08-08,3,2026-08-29,wk inc covid hosp,quantile,0.5,17.352468256481128
42,2026-08-08,3,2026-08-29,wk inc covid hosp,quantile,0.5,83.17768402108007
44,2026-08-08,3,2026-08-29,wk inc covid hosp,quantile,0.5,6.333124508482567
45,2026-08-08,3,2026-08-29,wk inc covid hosp,quantile,0.5,31.73297782769726
46,2026-08-08,3,2026-08-29,wk inc covid hosp,quantile,0.5,1.9590028718858914
47,2026-08-08,3,2026-08-29,wk inc covid hosp,quantile,0.5,55.66375366442517
48,2026-08-08,3,2026-08-29,wk inc covid hosp,quantile,0.5,398.5860822314913
49,2026-08-08,3,2026-08-29,wk inc covid hosp,quantile,0.5,8.295639039269629
50,2026-08-08,3,2026-08-29,wk inc covid hosp,quantile,0.5,0.6130181277250655
51,2026-08-08,3,2026-08-29,wk inc covid hosp,quantile,0.5,38.455367163891694
53,2026-08-08,3,2026-08-29,wk inc covid hosp,quantile,0.5,30.09349405377035
54,2026-08-08,3,2026-08-29,wk inc covid hosp,quantile,0.5,5.692502201236648
55,2026-08-08,3,2026-08-29,wk inc covid hosp,quantile,0.5,44.30499082762652
56,2026-08-08,3,2026-08-29,wk inc covid hosp,quantile,0.5,0.6435509345943976
72,2026-08-08,3,2026-08-29,wk inc covid hosp,quantile,0.5,39.21308457717371
US,2026-08-08,3,2026-08-29,wk inc covid hosp,quantile,0.5,2953.2986028689193
01,2026-08-08,0,2026-08-08,wk inc covid hosp,quantile,0.55,55.57556336526706
02,2026-08-08,0,2026-08-08,wk inc covid hosp,quantile,0.55,4.059398319602535
04,2026-08-08,0,2026-08-08,wk inc covid hosp,quantile,0.55,31.2488539628651
05,2026-08-08,0,2026-08-08,wk inc covid hosp,quantile,0.55,7.1991613626528865
06,2026-08-08,0,2026-08-08,wk inc covid hosp,quantile,0.55,363.32792587317095
08,2026-08-08,0,2026-08-08,wk inc covid hosp,quantile,0.55,13.393641894317557
09,2026-08-08,0,2026-08-08,wk inc covid hosp,quantile,0.55,13.319796048802848
10,2026-08-08,0,2026-08-08,wk inc covid hosp,quantile,0.55,3.1508515550455147
11,2026-08-08,0,2026-08-08,wk inc covid hosp,quantile,0.55,1.581867160570904
12,2026-08-08,0,2026-08-08,wk inc covid hosp,quantile,0.55,330.7950646291892
13,2026-08-08,0,2026-08-08,wk inc covid hosp,quantile,0.55,66.90456716291709
15,2026-08-08,0,2026-08-08,wk inc covid hosp,quantile,0.55,13.742955713173226
16,2026-08-08,0,2026-08-08,wk inc covid hosp,quantile,0.55,1.515951349406699
17,2026-08-08,0,2026-08-08,wk inc covid hosp,quantile,0.55,36.57417357887502
18,2026-08-08,0,2026-08-08,wk inc covid hosp,quantile,0.55,21.5931347900646
19,2026-08-08,0,2026-08-08,wk inc covid hosp,quantile,0.55,8.331856458251245
20,2026-08-08,0,2026-08-08,wk inc covid hosp,quantile,0.55,10.415022620098876
21,2026-08-08,0,2026-08-08,wk inc covid hosp,quantile,0.55,12.297114091084055
22,2026-08-08,0,2026-08-08,wk inc covid hosp,quantile,0.55,56.66958586204616
23,2026-08-08,0,2026-08-08,wk inc covid hosp,quantile,0.55,2.8591038835426192
24,2026-08-08,0,2026-08-08,wk inc covid hosp,quantile,0.55,8.978518743646458
25,2026-08-08,0,2026-08-08,wk inc covid hosp,quantile,0.55,23.78285537277719
26,2026-08-08,0,2026-08-08,wk inc covid hosp,quantile,0.55,13.305943456607062
27,2026-08-08,0,2026-08-08,wk inc covid hosp,quantile,0.55,20.168428457044385
28,2026-08-08,0,2026-08-08,wk inc covid hosp,quantile,0.55,29.396339576612576
29,2026-08-08,0,2026-08-08,wk inc covid hosp,quantile,0.55,16.299674349771315
30,2026-08-08,0,2026-08-08,wk inc covid hosp,quantile,0.55,8.434778773697776
31,2026-08-08,0,2026-08-08,wk inc covid hosp,quantile,0.55,1.3594518093134058
32,2026-08-08,0,2026-08-08,wk inc covid hosp,quantile,0.55,20.886159925642946
33,2026-08-08,0,2026-08-08,wk inc covid hosp,quantile,0.55,4.172850865141975
34,2026-08-08,0,2026-08-08,wk inc covid hosp,quantile,0.55,45.274748283205014
35,2026-08-08,0,2026-08-08,wk inc covid hosp,quantile,0.55,8.376513824382469
36,2026-08-08,0,2026-08-08,wk inc covid hosp,quantile,0.55,108.79976000604121
37,2026-08-08,0,2026-08-08,wk inc covid hosp,quantile,0.55,88.42454690862806
38,2026-08-08,0,2026-08-08,wk inc covid hosp,quantile,0.55,1.6302565011049104
39,2026-08-08,0,2026-08-08,wk inc covid hosp,quantile,0.55,44.212283453528805
40,2026-08-08,0,2026-08-08,wk inc covid hosp,quantile,0.55,15.635204709675428
41,2026-08-08,0,2026-08-08,wk inc covid hosp,quantile,0.55,10.702705603424118
42,2026-08-08,0,2026-08-08,wk inc covid hosp,quantile,0.55,50.80739007967015
44,2026-08-08,0,2026-08-08,wk inc covid hosp,quantile,0.55,4.224317432754853
45,2026-08-08,0,2026-08-08,wk inc covid hosp,quantile,0.55,22.2539227109366
46,2026-08-08,0,2026-08-08,wk inc covid hosp,quantile,0.55,0.6553921914946289
47,2026-08-08,0,2026-08-08,wk inc covid hosp,quantile,0.55,39.4517279279349
48,2026-08-08,0,2026-08-08,wk inc covid hosp,quantile,0.55,317.4995380329892
49,2026-08-08,0,2026-08-08,wk inc covid hosp,quantile,0.55,5.469380762448098
50,2026-08-08,0,2026-08-08,wk inc covid hosp,quantile,0.55,0.253610402927532
51,2026-08-08,0,2026-08-08,wk inc covid hosp,quantile,0.55,22.036512941576227
53,2026-08-08,0,2026-08-08,wk inc covid hosp,quantile,0.55,20.869291137017548
54,2026-08-08,0,2026-08-08,wk inc covid hosp,quantile,0.55,2.237516348326439
55,2026-08-08,0,2026-08-08,wk inc covid hosp,quantile,0.55,23.95569135072349
56,2026-08-08,0,2026-08-08,wk inc covid hosp,quantile,0.55,0.37805431939661416
72,2026-08-08,0,2026-08-08,wk inc covid hosp,quantile,0.55,33.343186475220946
US,2026-08-08,0,2026-08-08,wk inc covid hosp,quantile,0.55,2080.316087938166
01,2026-08-08,1,2026-08-15,wk inc covid hosp,quantile,0.55,61.87537865736696
02,2026-08-08,1,2026-08-15,wk inc covid hosp,quantile,0.55,4.941135406314534
04,2026-08-08,1,2026-08-15,wk inc covid hosp,quantile,0.55,37.82067011650322
05,2026-08-08,1,2026-08-15,wk inc covid hosp,quantile,0.55,9.247203528337705
06,2026-08-08,1,2026-08-15,wk inc covid hosp,quantile,0.55,411.46074834472313
08,2026-08-08,1,2026-08-15,wk inc covid hosp,quantile,0.55,17.72299563858917
09,2026-08-08,1,2026-08-15,wk inc covid hosp,quantile,0.55,16.190347642353984
10,2026-08-08,1,2026-08-15,wk inc covid hosp,quantile,0.55,4.075750494702126
11,2026-08-08,1,2026-08-15,wk inc covid hosp,quantile,0.55,2.203634180037324
12,2026-08-08,1,2026-08-15,wk inc covid hosp,quantile,0.55,358.2823968093443
13,2026-08-08,1,2026-08-15,wk inc covid hosp,quantile,0.55,77.85145903814812
15,2026-08-08,1,2026-08-15,wk inc covid hosp,quantile,0.55,15.42990541969889
16,2026-08-08,1,2026-08-15,wk inc covid hosp,quantile,0.55,2.2557580883352846
17,2026-08-08,1,2026-08-15,wk inc covid hosp,quantile,0.55,46.68474324796541
18,2026-08-08,1,2026-08-15,wk inc covid hosp,quantile,0.55,27.881084504898276
19,2026-08-08,1,2026-08-15,wk inc covid hosp,quantile,0.55,10.471065529675322
20,2026-08-08,1,2026-08-15,wk inc covid hosp,quantile,0.55,12.68026501623309
21,2026-08-08,1,2026-08-15,wk inc covid hosp,quantile,0.55,15.333115275934633
22,2026-08-08,1,2026-08-15,wk inc covid hosp,quantile,0.55,58.69984227619443
23,2026-08-08,1,2026-08-15,wk inc covid hosp,quantile,0.55,4.110425414625685
24,2026-08-08,1,2026-08-15,wk inc covid hosp,quantile,0.55,11.71092163465506
25,2026-08-08,1,2026-08-15,wk inc covid hosp,quantile,0.55,31.220633133130995
26,2026-08-08,1,2026-08-15,wk inc covid hosp,quantile,0.55,18.770745732376074
27,2026-08-08,1,2026-08-15,wk inc covid hosp,quantile,0.55,26.32897854332135
28,2026-08-08,1,2026-08-15,wk inc covid hosp,quantile,0.55,32.202581074835685
29,2026-08-08,1,2026-08-15,wk inc covid hosp,quantile,0.55,21.2777960945435
30,2026-08-08,1,2026-08-15,wk inc covid hosp,quantile,0.55,10.921281189754518
31,2026-08-08,1,2026-08-15,wk inc covid hosp,quantile,0.55,1.9965094996258805
32,2026-08-08,1,2026-08-15,wk inc covid hosp,quantile,0.55,23.036599763531303
33,2026-08-08,1,2026-08-15,wk inc covid hosp,quantile,0.55,5.2339613637439255
34,2026-08-08,1,2026-08-15,wk inc covid hosp,quantile,0.55,49.89701446873683
35,2026-08-08,1,2026-08-15,wk inc covid hosp,quantile,0.55,9.900056947424305
36,2026-08-08,1,2026-08-15,wk inc covid hosp,quantile,0.55,128.00954819808726
37,2026-08-08,1,2026-08-15,wk inc covid hosp,quantile,0.55,101.0228090027296
38,2026-08-08,1,2026-08-15,wk inc covid hosp,quantile,0.55,2.39904071041148
39,2026-08-08,1,2026-08-15,wk inc covid hosp,quantile,0.55,55.523650257234515
40,2026-08-08,1,2026-08-15,wk inc covid hosp,quantile,0.55,20.01020564182768
41,2026-08-08,1,2026-08-15,wk inc covid hosp,quantile,0.55,13.587444881515918
42,2026-08-08,1,2026-08-15,wk inc covid hosp,quantile,0.55,63.123684072339096
44,2026-08-08,1,2026-08-15,wk inc covid hosp,quantile,0.55,5.150520375015908
45,2026-08-08,1,2026-08-15,wk inc covid hosp,quantile,0.55,26.797868892685592
46,2026-08-08,1,2026-08-15,wk inc covid hosp,quantile,0.55,1.3974500212928858
47,2026-08-08,1,2026-08-15,wk inc covid hosp,quantile,0.55,46.750267631762775
48,2026-08-08,1,2026-08-15,wk inc covid hosp,quantile,0.55,356.1635284473087
49,2026-08-08,1,2026-08-15,wk inc covid hosp,quantile,0.55,6.733106863168485
50,2026-08-08,1,2026-08-15,wk inc covid hosp,quantile,0.55,0.5138993553619365
51,2026-08-08,1,2026-08-15,wk inc covid hosp,quantile,0.55,27.843202412727866
53,2026-08-08,1,2026-08-15,wk inc covid hosp,quantile,0.55,24.750688102699577
54,2026-08-08,1,2026-08-15,wk inc covid hosp,quantile,0.55,3.6853568835622594
55,2026-08-08,1,2026-08-15,wk inc covid hosp,quantile,0.55,31.89881017917356
56,2026-08-08,1,2026-08-15,wk inc covid hosp,quantile,0.55,0.5138408888315226
72,2026-08-08,1,2026-08-15,wk inc covid hosp,quantile,0.55,37.33076906009807
US,2026-08-08,1,2026-08-15,wk inc covid hosp,quantile,0.55,2404.120832060496
01,2026-08-08,2,2026-08-22,wk inc covid hosp,quantile,0.55,68.24855538490579
02,2026-08-08,2,2026-08-22,wk inc covid hosp,quantile,0.55,5.477609147110182
04,2026-08-08,2,2026-08-22,wk inc covid hosp,quantile,0.55,43.894549144194265
05,2026-08-08,2,2026-08-22,wk inc covid hosp,quantile,0.55,11.807659066736568
06,2026-08-08,2,2026-08-22,wk inc covid hosp,quantile,0.55,462.0624575251114
08,2026-08-08,2,2026-08-22,wk inc covid hosp,quantile,0.55,21.078209137435824
09,2026-08-08,2,2026-08-22,wk inc covid hosp,quantile,0.55,20.08796885180131
10,2026-08-08,2,2026-08-22,wk inc covid hosp,quantile,0.55,5.137450200338714
11,2026-08-08,2,2026-08-22,wk inc covid hosp,quantile,0.55,2.8693893237128942
12,2026-08-08,2,2026-08-22,wk inc covid hosp,quantile,0.55,375.6022445436453
13,2026-08-08,2,2026-08-22,wk inc covid hosp,quantile,0.55,89.01668842269814
15,2026-08-08,2,2026-08-22,wk inc covid hosp,quantile,0.55,17.222291987185276
16,2026-08-08,2,2026-08-22,wk inc covid hosp,quantile,0.55,3.061142802268346
17,2026-08-08,2,2026-08-22,wk inc covid hosp,quantile,0.55,58.18536529587775
18,2026-08-08,2,2026-08-22,wk inc covid hosp,quantile,0.55,34.809196629450994
19,2026-08-08,2,2026-08-22,wk inc covid hosp,quantile,0.55,13.723162701191471
20,2026-08-08,2,2026-08-22,wk inc covid hosp,quantile,0.55,15.441806669681036
21,2026-08-08,2,2026-08-22,wk inc covid hosp,quantile,0.55,18.569235557094938
22,2026-08-08,2,2026-08-22,wk inc covid hosp,quantile,0.55,61.71405320315472
23,2026-08-08,2,2026-08-22,wk inc covid hosp,quantile,0.55,5.438960366597032
24,2026-08-08,2,2026-08-22,wk inc covid hosp,quantile,0.55,14.587039678095186
25,2026-08-08,2,2026-08-22,wk inc covid hosp,quantile,0.55,40.461365873008795
26,2026-08-08,2,2026-08-22,wk inc covid hosp,quantile,0.55,25.248059422928822
27,2026-08-08,2,2026-08-22,wk inc covid hosp,quantile,0.55,33.033701829997156
28,2026-08-08,2,2026-08-22,wk inc covid hosp,quantile,0.55,35.604821620149146
29,2026-08-08,2,2026-08-22,wk inc covid hosp,quantile,0.55,27.13055904974126
30,2026-08-08,2,2026-08-22,wk inc covid hosp,quantile,0.55,13.385755219037
31,2026-08-08,2,2026-08-22,wk inc covid hosp,quantile,0.55,2.751485343514273
32,2026-08-08,2,2026-08-22,wk inc covid hosp,quantile,0.55,26.347491646860792
33,2026-08-08,2,2026-08-22,wk inc covid hosp,quantile,0.55,7.048184316464047
34,2026-08-08,2,2026-08-22,wk inc covid hosp,quantile,0.55,59.7290304337974
35,2026-08-08,2,2026-08-22,wk inc covid hosp,quantile,0.55,12.00276696082798
36,2026-08-08,2,2026-08-22,wk inc covid hosp,quantile,0.55,148.46857326020486
37,2026-08-08,2,2026-08-22,wk inc covid hosp,quantile,0.55,115.41493788068576
38,2026-08-08,2,2026-08-22,wk inc covid hosp,quantile,0.55,2.8042635012498884
39,2026-08-08,2,2026-08-22,wk inc covid hosp,quantile,0.55,67.94982717257156
40,2026-08-08,2,2026-08-22,wk inc covid hosp,quantile,0.55,23.309329730634214
41,2026-08-08,2,2026-08-22,wk inc covid hosp,quantile,0.55,16.16172261191926
42,2026-08-08,2,2026-08-22,wk inc covid hosp,quantile,0.55,77.81933448995454
44,2026-08-08,2,2026-08-22,wk inc covid hosp,quantile,0.55,6.611911391167396
45,2026-08-08,2,2026-08-22,wk inc covid hosp,quantile,0.55,31.490840844040253
46,2026-08-08,2,2026-08-22,wk inc covid hosp,quantile,0.55,1.9409150997941882
47,2026-08-08,2,2026-08-22,wk inc covid hosp,quantile,0.55,52.861214201140896
48,2026-08-08,2,2026-08-22,wk inc covid hosp,quantile,0.55,393.16037432741604
49,2026-08-08,2,2026-08-22,wk inc covid hosp,quantile,0.55,8.332628257632322
50,2026-08-08,2,2026-08-22,wk inc covid hosp,quantile,0.55,0.804560312930291
51,2026-08-08,2,2026-08-22,wk inc covid hosp,quantile,0.55,34.799431592780444
53,2026-08-08,2,2026-08-22,wk inc covid hosp,quantile,0.55,28.768056373419626
54,2026-08-08,2,2026-08-22,wk inc covid hosp,quantile,0.55,4.905425086919084
55,2026-08-08,2,2026-08-22,wk inc covid hosp,quantile,0.55,40.33482466428954
56,2026-08-08,2,2026-08-22,wk inc covid hosp,quantile,0.55,0.8057544477590923
72,2026-08-08,2,2026-08-22,wk inc covid hosp,quantile,0.55,39.77459125958425
US,2026-08-08,2,2026-08-22,wk inc covid hosp,quantile,0.55,2749.6436344358867
01,2026-08-08,3,2026-08-29,wk inc covid hosp,quantile,0.55,74.37770771089517
02,2026-08-08,3,2026-08-29,wk inc covid hosp,quantile,0.55,6.6049923832903
04,2026-08-08,3,2026-08-29,wk inc covid hosp,quantile,0.55,51.30041574828677
05,2026-08-08,3,2026-08-29,wk inc covid hosp,quantile,0.55,14.347595310134691
06,2026-08-08,3,2026-08-29,wk inc covid hosp,quantile,0.55,496.2773321246626
08,2026-08-08,3,2026-08-29,wk inc covid hosp,quantile,0.55,26.43626323156267
09,2026-08-08,3,2026-08-29,wk inc covid hosp,quantile,0.55,24.175487830217374
10,2026-08-08,3,2026-08-29,wk inc covid hosp,quantile,0.55,6.519954022390684
11,2026-08-08,3,2026-08-29,wk inc covid hosp,quantile,0.55,3.5295389582837697
12,2026-08-08,3,2026-08-29,wk inc covid hosp,quantile,0.55,408.63685789390485
13,2026-08-08,3,2026-08-29,wk inc covid hosp,quantile,0.55,98.90327902465911
15,2026-08-08,3,2026-08-29,wk inc covid hosp,quantile,0.55,19.482683205598203
16,2026-08-08,3,2026-08-29,wk inc covid hosp,quantile,0.55,3.756879386513146
17,2026-08-08,3,2026-08-29,wk inc covid hosp,quantile,0.55,69.664216176571
18,2026-08-08,3,2026-08-29,wk inc covid hosp,quantile,0.55,43.54377857487914
19,2026-08-08,3,2026-08-29,wk inc covid hosp,quantile,0.55,16.735099595596
20,2026-08-08,3,2026-08-29,wk inc covid hosp,quantile,0.55,18.638136005807283
21,2026-08-08,3,2026-08-29,wk inc covid hosp,quantile,0.55,23.652725294642785
22,2026-08-08,3,2026-08-29,wk inc covid hosp,quantile,0.55,68.60747375635708
23,2026-08-08,3,2026-08-29,wk inc covid hosp,quantile,0.55,6.898909395819051
24,2026-08-08,3,2026-08-29,wk inc covid hosp,quantile,0.55,19.912474532537836
25,2026-08-08,3,2026-08-29,wk inc covid hosp,quantile,0.55,48.894981015112045
26,2026-08-08,3,2026-08-29,wk inc covid hosp,quantile,0.55,36.71964995039423
27,2026-08-08,3,2026-08-29,wk inc covid hosp,quantile,0.55,39.334251494096506
28,2026-08-08,3,2026-08-29,wk inc covid hosp,quantile,0.55,39.68865169472464
29,2026-08-08,3,2026-08-29,wk inc covid hosp,quantile,0.55,34.068513420494085
30,2026-08-08,3,2026-08-29,wk inc covid hosp,quantile,0.55,15.714860751514646
31,2026-08-08,3,2026-08-29,wk inc covid hosp,quantile,0.55,4.136109097886474
32,2026-08-08,3,2026-08-29,wk inc covid hosp,quantile,0.55,28.517604064467335
33,2026-08-08,3,2026-08-29,wk inc covid hosp,quantile,0.55,8.291372819081012
34,2026-08-08,3,2026-08-29,wk inc covid hosp,quantile,0.55,70.84015016456974
35,2026-08-08,3,2026-08-29,wk inc covid hosp,quantile,0.55,14.408995954993582
36,2026-08-08,3,2026-08-29,wk inc covid hosp,quantile,0.55,172.4043986329636
37,2026-08-08,3,2026-08-29,wk inc covid hosp,quantile,0.55,129.7743721953694
38,2026-08-08,3,2026-08-29,wk inc covid hosp,quantile,0.55,3.644597080389604
39,2026-08-08,3,2026-08-29,wk inc covid hosp,quantile,0.55,81.3527006236614
40,2026-08-08,3,2026-08-29,wk inc covid hosp,quantile,0.55,28.094513444079986
41,2026-08-08,3,2026-08-29,wk inc covid hosp,quantile,0.55,19.16623275451144
42,2026-08-08,3,2026-08-29,wk inc covid hosp,quantile,0.55,95.20209857597507
44,2026-08-08,3,2026-08-29,wk inc covid hosp,quantile,0.55,7.676716310817207
45,2026-08-08,3,2026-08-29,wk inc covid hosp,quantile,0.55,35.1594656699866
46,2026-08-08,3,2026-08-29,wk inc covid hosp,quantile,0.55,2.8810651742418805
47,2026-08-08,3,2026-08-29,wk inc covid hosp,quantile,0.55,61.652540877517396
48,2026-08-08,3,2026-08-29,wk inc covid hosp,quantile,0.55,428.7340823665837
49,2026-08-08,3,2026-08-29,wk inc covid hosp,quantile,0.55,9.631710529948188
50,2026-08-08,3,2026-08-29,wk inc covid hosp,quantile,0.55,1.0257190644748284
51,2026-08-08,3,2026-08-29,wk inc covid hosp,quantile,0.55,42.675662861164476
53,2026-08-08,3,2026-08-29,wk inc covid hosp,quantile,0.55,33.35131794939818
54,2026-08-08,3,2026-08-29,wk inc covid hosp,quantile,0.55,6.7381383762979405
55,2026-08-08,3,2026-08-29,wk inc covid hosp,quantile,0.55,49.239816738040254
56,2026-08-08,3,2026-08-29,wk inc covid hosp,quantile,0.55,1.3099107959500027
72,2026-08-08,3,2026-08-29,wk inc covid hosp,quantile,0.55,43.504824279948586
US,2026-08-08,3,2026-08-29,wk inc covid hosp,quantile,0.55,3155.1973659860782
01,2026-08-08,0,2026-08-08,wk inc covid hosp,quantile,0.6,57.695250392606276
02,2026-08-08,0,2026-08-08,wk inc covid hosp,quantile,0.6,4.431911091662709
04,2026-08-08,0,2026-08-08,wk inc covid hosp,quantile,0.6,33.55423196217417
05,2026-08-08,0,2026-08-08,wk inc covid hosp,quantile,0.6,7.968571220056494
06,2026-08-08,0,2026-08-08,wk inc covid hosp,quantile,0.6,372.9215451367425
08,2026-08-08,0,2026-08-08,wk inc covid hosp,quantile,0.6,14.432995081514283
09,2026-08-08,0,2026-08-08,wk inc covid hosp,quantile,0.6,14.863794476116611
10,2026-08-08,0,2026-08-08,wk inc covid hosp,quantile,0.6,3.4966587618538427
11,2026-08-08,0,2026-08-08,wk inc covid hosp,quantile,0.6,1.885020358931931
12,2026-08-08,0,2026-08-08,wk inc covid hosp,quantile,0.6,345.51498583927423
13,2026-08-08,0,2026-08-08,wk inc covid hosp,quantile,0.6,69.22678794786866
15,2026-08-08,0,2026-08-08,wk inc covid hosp,quantile,0.6,14.490794350230416
16,2026-08-08,0,2026-08-08,wk inc covid hosp,quantile,0.6,1.8724954577006003
17,2026-08-08,0,2026-08-08,wk inc covid hosp,quantile,0.6,39.163950879223954
18,2026-08-08,0,2026-08-08,wk inc covid hosp,quantile,0.6,23.519003555884
19,2026-08-08,0,2026-08-08,wk inc covid hosp,quantile,0.6,9.22121271757835
20,2026-08-08,0,2026-08-08,wk inc covid hosp,quantile,0.6,11.281706562149008
21,2026-08-08,0,2026-08-08,wk inc covid hosp,quantile,0.6,13.333965112128602
22,2026-08-08,0,2026-08-08,wk inc covid hosp,quantile,0.6,58.74614642506176
23,2026-08-08,0,2026-08-08,wk inc covid hosp,quantile,0.6,3.262895275100263
24,2026-08-08,0,2026-08-08,wk inc covid hosp,quantile,0.6,9.895188597332503
25,2026-08-08,0,2026-08-08,wk inc covid hosp,quantile,0.6,25.557887840639186
26,2026-08-08,0,2026-08-08,wk inc covid hosp,quantile,0.6,15.499372960574906
27,2026-08-08,0,2026-08-08,wk inc covid hosp,quantile,0.6,21.577852608930645
28,2026-08-08,0,2026-08-08,wk inc covid hosp,quantile,0.6,30.752561670131364
29,2026-08-08,0,2026-08-08,wk inc covid hosp,quantile,0.6,17.7020379786451
30,2026-08-08,0,2026-08-08,wk inc covid hosp,quantile,0.6,9.14252739015707
31,2026-08-08,0,2026-08-08,wk inc covid hosp,quantile,0.6,1.8546996457119769
32,2026-08-08,0,2026-08-08,wk inc covid hosp,quantile,0.6,21.83323778588802
33,2026-08-08,0,2026-08-08,wk inc covid hosp,quantile,0.6,4.6831510902164775
34,2026-08-08,0,2026-08-08,wk inc covid hosp,quantile,0.6,48.63930343405504
35,2026-08-08,0,2026-08-08,wk inc covid hosp,quantile,0.6,9.042603485989146
36,2026-08-08,0,2026-08-08,wk inc covid hosp,quantile,0.6,112.71237104002029
37,2026-08-08,0,2026-08-08,wk inc covid hosp,quantile,0.6,91.9592834877584
38,2026-08-08,0,2026-08-08,wk inc covid hosp,quantile,0.6,1.8913940987305087
39,2026-08-08,0,2026-08-08,wk inc covid hosp,quantile,0.6,47.133662073275765
40,2026-08-08,0,2026-08-08,wk inc covid hosp,quantile,0.6,16.587545396912777
41,2026-08-08,0,2026-08-08,wk inc covid hosp,quantile,0.6,11.409316655599733
42,2026-08-08,0,2026-08-08,wk inc covid hosp,quantile,0.6,54.772296975109086
44,2026-08-08,0,2026-08-08,wk inc covid hosp,quantile,0.6,4.7333753582036175
45,2026-08-08,0,2026-08-08,wk inc covid hosp,quantile,0.6,23.691944228683653
46,2026-08-08,0,2026-08-08,wk inc covid hosp,quantile,0.6,0.9559875613312686
47,2026-08-08,0,2026-08-08,wk inc covid hosp,quantile,0.6,41.67299499194808
48,2026-08-08,0,2026-08-08,wk inc covid hosp,quantile,0.6,329.7280740834126
49,2026-08-08,0,2026-08-08,wk inc covid hosp,quantile,0.6,6.213561932211008
50,2026-08-08,0,2026-08-08,wk inc covid hosp,quantile,0.6,0.44736902156444963
51,2026-08-08,0,2026-08-08,wk inc covid hosp,quantile,0.6,23.592024460335416
53,2026-08-08,0,2026-08-08,wk inc covid hosp,quantile,0.6,22.153781382678115
54,2026-08-08,0,2026-08-08,wk inc covid hosp,quantile,0.6,2.6375247555579677
55,2026-08-08,0,2026-08-08,wk inc covid hosp,quantile,0.6,25.79343247187812
56,2026-08-08,0,2026-08-08,wk inc covid hosp,quantile,0.6,0.6384713715608074
72,2026-08-08,0,2026-08-08,wk inc covid hosp,quantile,0.6,35.39051019307118
US,2026-08-08,0,2026-08-08,wk inc covid hosp,quantile,0.6,2148.6636055947974
01,2026-08-08,1,2026-08-15,wk inc covid hosp,quantile,0.6,64.60353849869925
02,2026-08-08,1,2026-08-15,wk inc covid hosp,quantile,0.6,5.496266391272361
04,2026-08-08,1,2026-08-15,wk inc covid hosp,quantile,0.6,41.299347383094236
05,2026-08-08,1,2026-08-15,wk inc covid hosp,quantile,0.6,10.273508158079542
06,2026-08-08,1,2026-08-15,wk inc covid hosp,quantile,0.6,424.2903037085913
08,2026-08-08,1,2026-08-15,wk inc covid hosp,quantile,0.6,19.098714252036814
09,2026-08-08,1,2026-08-15,wk inc covid hosp,quantile,0.6,18.25497779277119
10,2026-08-08,1,2026-08-15,wk inc covid hosp,quantile,0.6,4.639011578917003
11,2026-08-08,1,2026-08-15,wk inc covid hosp,quantile,0.6,2.6051870022551262
12,2026-08-08,1,2026-08-15,wk inc covid hosp,quantile,0.6,382.6619975246954
13,2026-08-08,1,2026-08-15,wk inc covid hosp,quantile,0.6,82.04162439830029
15,2026-08-08,1,2026-08-15,wk inc covid hosp,quantile,0.6,16.48725886313044
16,2026-08-08,1,2026-08-15,wk inc covid hosp,quantile,0.6,2.787253281663455
17,2026-08-08,1,2026-08-15,wk inc covid hosp,quantile,0.6,50.57602870377004
18,2026-08-08,1,2026-08-15,wk inc covid hosp,quantile,0.6,30.91613424031138
19,2026-08-08,1,2026-08-15,wk inc covid hosp,quantile,0.6,11.900683312457895
20,2026-08-08,1,2026-08-15,wk inc covid hosp,quantile,0.6,13.897134161644452
21,2026-08-08,1,2026-08-15,wk inc covid hosp,quantile,0.6,17.379980357258635
22,2026-08-08,1,2026-08-15,wk inc covid hosp,quantile,0.6,62.01386866985098
23,2026-08-08,1,2026-08-15,wk inc covid hosp,quantile,0.6,4.782772896969823
24,2026-08-08,1,2026-08-15,wk inc covid hosp,quantile,0.6,13.638948618170136
25,2026-08-08,1,2026-08-15,wk inc covid hosp,quantile,0.6,34.01601443589398
26,2026-08-08,1,2026-08-15,wk inc covid hosp,quantile,0.6,22.58438474173492
27,2026-08-08,1,2026-08-15,wk inc covid hosp,quantile,0.6,28.531043671620196
28,2026-08-08,1,2026-08-15,wk inc covid hosp,quantile,0.6,34.11569338614931
29,2026-08-08,1,2026-08-15,wk inc covid hosp,quantile,0.6,23.243932192247012
30,2026-08-08,1,2026-08-15,wk inc covid hosp,quantile,0.6,12.03357146057629
31,2026-08-08,1,2026-08-15,wk inc covid hosp,quantile,0.6,2.584686731018193
32,2026-08-08,1,2026-08-15,wk inc covid hosp,quantile,0.6,24.426772250611723
33,2026-08-08,1,2026-08-15,wk inc covid hosp,quantile,0.6,6.096827096124532
34,2026-08-08,1,2026-08-15,wk inc covid hosp,quantile,0.6,55.41271318525099
35,2026-08-08,1,2026-08-15,wk inc covid hosp,quantile,0.6,11.0186022029101
36,2026-08-08,1,2026-08-15,wk inc covid hosp,quantile,0.6,135.55497001848477
37,2026-08-08,1,2026-08-15,wk inc covid hosp,quantile,0.6,105.95277323156263
38,2026-08-08,1,2026-08-15,wk inc covid hosp,quantile,0.6,2.799928059064372
39,2026-08-08,1,2026-08-15,wk inc covid hosp,quantile,0.6,59.29400569333296
40,2026-08-08,1,2026-08-15,wk inc covid hosp,quantile,0.6,21.311983518567263
41,2026-08-08,1,2026-08-15,wk inc covid hosp,quantile,0.6,14.83780426101044
42,2026-08-08,1,2026-08-15,wk inc covid hosp,quantile,0.6,68.41455975158468
44,2026-08-08,1,2026-08-15,wk inc covid hosp,quantile,0.6,5.852741506721457
45,2026-08-08,1,2026-08-15,wk inc covid hosp,quantile,0.6,28.632501766266667
46,2026-08-08,1,2026-08-15,wk inc covid hosp,quantile,0.6,1.8624129066609172
47,2026-08-08,1,2026-08-15,wk inc covid hosp,quantile,0.6,49.81561478393808
48,2026-08-08,1,2026-08-15,wk inc covid hosp,quantile,0.6,373.4409719853621
49,2026-08-08,1,2026-08-15,wk inc covid hosp,quantile,0.6,7.690579686306542
50,2026-08-08,1,2026-08-15,wk inc covid hosp,quantile,0.6,0.835226925981161
51,2026-08-08,1,2026-08-15,wk inc covid hosp,quantile,0.6,30.330175280615165
53,2026-08-08,1,2026-08-15,wk inc covid hosp,quantile,0.6,26.590280745359518
54,2026-08-08,1,2026-08-15,wk inc covid hosp,quantile,0.6,4.3558255310830285
55,2026-08-08,1,2026-08-15,wk inc covid hosp,quantile,0.6,34.3430484116717
56,2026-08-08,1,2026-08-15,wk inc covid hosp,quantile,0.6,0.9416210151817804
72,2026-08-08,1,2026-08-15,wk inc covid hosp,quantile,0.6,40.218994083821066
US,2026-08-08,1,2026-08-15,wk inc covid hosp,quantile,0.6,2490.7033660707307
01,2026-08-08,2,2026-08-22,wk inc covid hosp,quantile,0.6,72.49798735176559
02,2026-08-08,2,2026-08-22,wk inc covid hosp,quantile,0.6,6.491049730385901
04,2026-08-08,2,2026-08-22,wk inc covid hosp,quantile,0.6,49.08776149206618
05,2026-08-08,2,2026-08-22,wk inc covid hosp,quantile,0.6,13.35398630496972
06,2026-08-08,2,2026-08-22,wk inc covid hosp,quantile,0.6,478.0599136852327
08,2026-08-08,2,2026-08-22,wk inc covid hosp,quantile,0.6,23.246751857310258
09,2026-08-08,2,2026-08-22,wk inc covid hosp,quantile,0.6,22.821134146362702
10,2026-08-08,2,2026-08-22,wk inc covid hosp,quantile,0.6,5.975098544428526
11,2026-08-08,2,2026-08-22,wk inc covid hosp,quantile,0.6,3.473178129124552
12,2026-08-08,2,2026-08-22,wk inc covid hosp,quantile,0.6,411.9882929677448
13,2026-08-08,2,2026-08-22,wk inc covid hosp,quantile,0.6,94.19057253941061
15,2026-08-08,2,2026-08-22,wk inc covid hosp,quantile,0.6,18.671124770814433
16,2026-08-08,2,2026-08-22,wk inc covid hosp,quantile,0.6,3.920304715895932
17,2026-08-08,2,2026-08-22,wk inc covid hosp,quantile,0.6,63.388300074996586
18,2026-08-08,2,2026-08-22,wk inc covid hosp,quantile,0.6,38.07406078117566
19,2026-08-08,2,2026-08-22,wk inc covid hosp,quantile,0.6,15.412247422910891
20,2026-08-08,2,2026-08-22,wk inc covid hosp,quantile,0.6,17.16563364786226
21,2026-08-08,2,2026-08-22,wk inc covid hosp,quantile,0.6,21.10288764448251
22,2026-08-08,2,2026-08-22,wk inc covid hosp,quantile,0.6,65.75216345117798
23,2026-08-08,2,2026-08-22,wk inc covid hosp,quantile,0.6,6.562056180067704
24,2026-08-08,2,2026-08-22,wk inc covid hosp,quantile,0.6,16.90944499199967
25,2026-08-08,2,2026-08-22,wk inc covid hosp,quantile,0.6,43.91176939147573
26,2026-08-08,2,2026-08-22,wk inc covid hosp,quantile,0.6,30.538404701277962
27,2026-08-08,2,2026-08-22,wk inc covid hosp,quantile,0.6,35.98494415380697
28,2026-08-08,2,2026-08-22,wk inc covid hosp,quantile,0.6,38.68114662811731
29,2026-08-08,2,2026-08-22,wk inc covid hosp,quantile,0.6,29.8173828208589
30,2026-08-08,2,2026-08-22,wk inc covid hosp,quantile,0.6,15.161987387210852
31,2026-08-08,2,2026-08-22,wk inc covid hosp,quantile,0.6,3.8022371521395764
32,2026-08-08,2,2026-08-22,wk inc covid hosp,quantile,0.6,28.47614666869033
33,2026-08-08,2,2026-08-22,wk inc covid hosp,quantile,0.6,8.127426527554212
34,2026-08-08,2,2026-08-22,wk inc covid hosp,quantile,0.6,66.8211791119041
35,2026-08-08,2,2026-08-22,wk inc covid hosp,quantile,0.6,13.809130327173936
36,2026-08-08,2,2026-08-22,wk inc covid hosp,quantile,0.6,157.29533131255738
37,2026-08-08,2,2026-08-22,wk inc covid hosp,quantile,0.6,122.24900482098548
38,2026-08-08,2,2026-08-22,wk inc covid hosp,quantile,0.6,3.403243315761763
39,2026-08-08,2,2026-08-22,wk inc covid hosp,quantile,0.6,74.84800412609705
40,2026-08-08,2,2026-08-22,wk inc covid hosp,quantile,0.6,25.739277710661693
41,2026-08-08,2,2026-08-22,wk inc covid hosp,quantile,0.6,18.02887031553064
42,2026-08-08,2,2026-08-22,wk inc covid hosp,quantile,0.6,88.48886835315105
44,2026-08-08,2,2026-08-22,wk inc covid hosp,quantile,0.6,7.571045621657016
45,2026-08-08,2,2026-08-22,wk inc covid hosp,quantile,0.6,34.34249755272979
46,2026-08-08,2,2026-08-22,wk inc covid hosp,quantile,0.6,2.7169641833126934
47,2026-08-08,2,2026-08-22,wk inc covid hosp,quantile,0.6,57.43975255834037
48,2026-08-08,2,2026-08-22,wk inc covid hosp,quantile,0.6,416.4052430032571
49,2026-08-08,2,2026-08-22,wk inc covid hosp,quantile,0.6,9.444358463542764
50,2026-08-08,2,2026-08-22,wk inc covid hosp,quantile,0.6,1.1675105225999436
51,2026-08-08,2,2026-08-22,wk inc covid hosp,quantile,0.6,38.33012433079499
53,2026-08-08,2,2026-08-22,wk inc covid hosp,quantile,0.6,31.383188407011783
54,2026-08-08,2,2026-08-22,wk inc covid hosp,quantile,0.6,5.784148217336567
55,2026-08-08,2,2026-08-22,wk inc covid hosp,quantile,0.6,44.32413000687137
56,2026-08-08,2,2026-08-22,wk inc covid hosp,quantile,0.6,1.3595164855149773
72,2026-08-08,2,2026-08-22,wk inc covid hosp,quantile,0.6,44.11835152817832
US,2026-08-08,2,2026-08-22,wk inc covid hosp,quantile,0.6,2877.4265292986674
01,2026-08-08,3,2026-08-29,wk inc covid hosp,quantile,0.6,79.77644514038955
02,2026-08-08,3,2026-08-29,wk inc covid hosp,quantile,0.6,7.626737987433656
04,2026-08-08,3,2026-08-29,wk inc covid hosp,quantile,0.6,55.82297683323796
05,2026-08-08,3,2026-08-29,wk inc covid hosp,quantile,0.6,16.47880933018154
06,2026-08-08,3,2026-08-29,wk inc covid hosp,quantile,0.6,519.7513679697128
08,2026-08-08,3,2026-08-29,wk inc covid hosp,quantile,0.6,29.688604840256687
09,2026-08-08,3,2026-08-29,wk inc covid hosp,quantile,0.6,27.861238380754944
10,2026-08-08,3,2026-08-29,wk inc covid hosp,quantile,0.6,7.630096832849533
11,2026-08-08,3,2026-08-29,wk inc covid hosp,quantile,0.6,4.332843903222321
12,2026-08-08,3,2026-08-29,wk inc covid hosp,quantile,0.6,446.5604701425336
13,2026-08-08,3,2026-08-29,wk inc covid hosp,quantile,0.6,106.06045123786807
15,2026-08-08,3,2026-08-29,wk inc covid hosp,quantile,0.6,21.527535291671924
16,2026-08-08,3,2026-08-29,wk inc covid hosp,quantile,0.6,4.979189168880657
17,2026-08-08,3,2026-08-29,wk inc covid hosp,quantile,0.6,77.32061431203923
18,2026-08-08,3,2026-08-29,wk inc covid hosp,quantile,0.6,47.563546560308396
19,2026-08-08,3,2026-08-29,wk inc covid hosp,quantile,0.6,19.29807768662147
20,2026-08-08,3,2026-08-29,wk inc covid hosp,quantile,0.6,20.7323228665455
21,2026-08-08,3,2026-08-29,wk inc covid hosp,quantile,0.6,26.813428508168528
22,2026-08-08,3,2026-08-29,wk inc covid hosp,quantile,0.6,74.01745540709261
23,2026-08-08,3,2026-08-29,wk inc covid hosp,quantile,0.6,7.962162331573289
24,2026-08-08,3,2026-08-29,wk inc covid hosp,quantile,0.6,22.679585709831937
25,2026-08-08,3,2026-08-29,wk inc covid hosp,quantile,0.6,53.53372405891637
26,2026-08-08,3,2026-08-29,wk inc covid hosp,quantile,0.6,43.702863437184654
27,2026-08-08,3,2026-08-29,wk inc covid hosp,quantile,0.6,43.38920915880221
28,2026-08-08,3,2026-08-29,wk inc covid hosp,quantile,0.6,43.866387201944896
29,2026-08-08,3,2026-08-29,wk inc covid hosp,quantile,0.6,37.9323783219907
30,2026-08-08,3,2026-08-29,wk inc covid hosp,quantile,0.6,17.954172448990402
31,2026-08-08,3,2026-08-29,wk inc covid hosp,quantile,0.6,5.346880233530209
32,2026-08-08,3,2026-08-29,wk inc covid hosp,quantile,0.6,31.07290627710717
33,2026-08-08,3,2026-08-29,wk inc covid hosp,quantile,0.6,9.56956591322107
34,2026-08-08,3,2026-08-29,wk inc covid hosp,quantile,0.6,78.72183031636212
35,2026-08-08,3,2026-08-29,wk inc covid hosp,quantile,0.6,16.19373428837623
36,2026-08-08,3,2026-08-29,wk inc covid hosp,quantile,0.6,183.18255022656373
37,2026-08-08,3,2026-08-29,wk inc covid hosp,quantile,0.6,139.26571749519246
38,2026-08-08,3,2026-08-29,wk inc covid hosp,quantile,0.6,4.513230677787446
39,2026-08-08,3,2026-08-29,wk inc covid hosp,quantile,0.6,91.27432122432444
40,2026-08-08,3,2026-08-29,wk inc covid hosp,quantile,0.6,31.21491705056054
41,2026-08-08,3,2026-08-29,wk inc covid hosp,quantile,0.6,21.313580229516976
42,2026-08-08,3,2026-08-29,wk inc covid hosp,quantile,0.6,107.65765422198741
44,2026-08-08,3,2026-08-29,wk inc covid hosp,quantile,0.6,8.896385713398356
45,2026-08-08,3,2026-08-29,wk inc covid hosp,quantile,0.6,38.83789576144166
46,2026-08-08,3,2026-08-29,wk inc covid hosp,quantile,0.6,3.7868078312001785
47,2026-08-08,3,2026-08-29,wk inc covid hosp,quantile,0.6,67.6360224787894
48,2026-08-08,3,2026-08-29,wk inc covid hosp,quantile,0.6,458.2809309178693
49,2026-08-08,3,2026-08-29,wk inc covid hosp,quantile,0.6,11.627149783012529
50,2026-08-08,3,2026-08-29,wk inc covid hosp,quantile,0.6,1.7080352330156043
51,2026-08-08,3,2026-08-29,wk inc covid hosp,quantile,0.6,46.809124229744825
53,2026-08-08,3,2026-08-29,wk inc covid hosp,quantile,0.6,36.94943643862835
54,2026-08-08,3,2026-08-29,wk inc covid hosp,quantile,0.6,7.888783556319909
55,2026-08-08,3,2026-08-29,wk inc covid hosp,quantile,0.6,53.55213988656989
56,2026-08-08,3,2026-08-29,wk inc covid hosp,quantile,0.6,2.076250018508672
72,2026-08-08,3,2026-08-29,wk inc covid hosp,quantile,0.6,47.644682178106194
US,2026-08-08,3,2026-08-29,wk inc covid hosp,quantile,0.6,3321.0706273644055
01,2026-08-08,0,2026-08-08,wk inc covid hosp,quantile,0.65,59.632124763496954
02,2026-08-08,0,2026-08-08,wk inc covid hosp,quantile,0.65,4.875133044606563
04,2026-08-08,0,2026-08-08,wk inc covid hosp,quantile,0.65,35.68254314508344
05,2026-08-08,0,2026-08-08,wk inc covid hosp,quantile,0.65,8.836652631212422
06,2026-08-08,0,2026-08-08,wk inc covid hosp,quantile,0.65,383.20095386325977
08,2026-08-08,0,2026-08-08,wk inc covid hosp,quantile,0.65,15.856435497643984
09,2026-08-08,0,2026-08-08,wk inc covid hosp,quantile,0.65,16.448673520979163
10,2026-08-08,0,2026-08-08,wk inc covid hosp,quantile,0.65,3.9433064793682258
11,2026-08-08,0,2026-08-08,wk inc covid hosp,quantile,0.65,2.179407456992904
12,2026-08-08,0,2026-08-08,wk inc covid hosp,quantile,0.65,362.50740991780987
13,2026-08-08,0,2026-08-08,wk inc covid hosp,quantile,0.65,71.71263314797876
15,2026-08-08,0,2026-08-08,wk inc covid hosp,quantile,0.65,15.161919871822409
16,2026-08-08,0,2026-08-08,wk inc covid hosp,quantile,0.65,2.3109063280747897
17,2026-08-08,0,2026-08-08,wk inc covid hosp,quantile,0.65,41.70895745675798
18,2026-08-08,0,2026-08-08,wk inc covid hosp,quantile,0.65,25.032815454496298
19,2026-08-08,0,2026-08-08,wk inc covid hosp,quantile,0.65,10.242970172059659
20,2026-08-08,0,2026-08-08,wk inc covid hosp,quantile,0.65,12.115460532573655
21,2026-08-08,0,2026-08-08,wk inc covid hosp,quantile,0.65,14.685400426672876
22,2026-08-08,0,2026-08-08,wk inc covid hosp,quantile,0.65,61.10186924950853
23,2026-08-08,0,2026-08-08,wk inc covid hosp,quantile,0.65,3.6633010573987517
24,2026-08-08,0,2026-08-08,wk inc covid hosp,quantile,0.65,11.151102021957419
25,2026-08-08,0,2026-08-08,wk inc covid hosp,quantile,0.65,27.44614581406714
26,2026-08-08,0,2026-08-08,wk inc covid hosp,quantile,0.65,17.67867387437782
27,2026-08-08,0,2026-08-08,wk inc covid hosp,quantile,0.65,22.889380640449446
28,2026-08-08,0,2026-08-08,wk inc covid hosp,quantile,0.65,32.303602196440764
29,2026-08-08,0,2026-08-08,wk inc covid hosp,quantile,0.65,19.00982495499143
30,2026-08-08,0,2026-08-08,wk inc covid hosp,quantile,0.65,9.878080301627772
31,2026-08-08,0,2026-08-08,wk inc covid hosp,quantile,0.65,2.409599622002348
32,2026-08-08,0,2026-08-08,wk inc covid hosp,quantile,0.65,22.880587429843462
33,2026-08-08,0,2026-08-08,wk inc covid hosp,quantile,0.65,5.212466189858598
34,2026-08-08,0,2026-08-08,wk inc covid hosp,quantile,0.65,51.26387292451577
35,2026-08-08,0,2026-08-08,wk inc covid hosp,quantile,0.65,9.787916053634993
36,2026-08-08,0,2026-08-08,wk inc covid hosp,quantile,0.65,117.73161556155706
37,2026-08-08,0,2026-08-08,wk inc covid hosp,quantile,0.65,95.26481108885663
38,2026-08-08,0,2026-08-08,wk inc covid hosp,quantile,0.65,2.1568288387959735
39,2026-08-08,0,2026-08-08,wk inc covid hosp,quantile,0.65,50.12051423186137
40,2026-08-08,0,2026-08-08,wk inc covid hosp,quantile,0.65,17.683138251233796
41,2026-08-08,0,2026-08-08,wk inc covid hosp,quantile,0.65,12.432475734155298
42,2026-08-08,0,2026-08-08,wk inc covid hosp,quantile,0.65,59.730031235331424
44,2026-08-08,0,2026-08-08,wk inc covid hosp,quantile,0.65,5.264370925766226
45,2026-08-08,0,2026-08-08,wk inc covid hosp,quantile,0.65,25.13315925486502
46,2026-08-08,0,2026-08-08,wk inc covid hosp,quantile,0.65,1.3195578882985624
47,2026-08-08,0,2026-08-08,wk inc covid hosp,quantile,0.65,43.89051541132982
48,2026-08-08,0,2026-08-08,wk inc covid hosp,quantile,0.65,343.3986483044076
49,2026-08-08,0,2026-08-08,wk inc covid hosp,quantile,0.65,6.958730889300742
50,2026-08-08,0,2026-08-08,wk inc covid hosp,quantile,0.65,0.7007664991771229
51,2026-08-08,0,2026-08-08,wk inc covid hosp,quantile,0.65,25.230239169465538
53,2026-08-08,0,2026-08-08,wk inc covid hosp,quantile,0.65,23.494187229483387
54,2026-08-08,0,2026-08-08,wk inc covid hosp,quantile,0.65,3.1296069520486998
55,2026-08-08,0,2026-08-08,wk inc covid hosp,quantile,0.65,27.70745160851746
56,2026-08-08,0,2026-08-08,wk inc covid hosp,quantile,0.65,0.8907724656772453
72,2026-08-08,0,2026-08-08,wk inc covid hosp,quantile,0.65,37.50953138792172
US,2026-08-08,0,2026-08-08,wk inc covid hosp,quantile,0.65,2207.079165704017
01,2026-08-08,1,2026-08-15,wk inc covid hosp,quantile,0.65,67.82768383308131
02,2026-08-08,1,2026-08-15,wk inc covid hosp,quantile,0.65,6.195392895308121
04,2026-08-08,1,2026-08-15,wk inc covid hosp,quantile,0.65,44.789193302396576
05,2026-08-08,1,2026-08-15,wk inc covid hosp,quantile,0.65,11.57094599567551
06,2026-08-08,1,2026-08-15,wk inc covid hosp,quantile,0.65,438.4075221016563
08,2026-08-08,1,2026-08-15,wk inc covid hosp,quantile,0.65,20.953653726382125
09,2026-08-08,1,2026-08-15,wk inc covid hosp,quantile,0.65,20.619296444145558
10,2026-08-08,1,2026-08-15,wk inc covid hosp,quantile,0.65,5.182053547362614
11,2026-08-08,1,2026-08-15,wk inc covid hosp,quantile,0.65,3.03439977428361
12,2026-08-08,1,2026-08-15,wk inc covid hosp,quantile,0.65,402.2110686491705
13,2026-08-08,1,2026-08-15,wk inc covid hosp,quantile,0.65,86.79396261525586
15,2026-08-08,1,2026-08-15,wk inc covid hosp,quantile,0.65,17.583142178839346
16,2026-08-08,1,2026-08-15,wk inc covid hosp,quantile,0.65,3.4118162296199013
17,2026-08-08,1,2026-08-15,wk inc covid hosp,quantile,0.65,54.601430742535
18,2026-08-08,1,2026-08-15,wk inc covid hosp,quantile,0.65,34.03635532209985
19,2026-08-08,1,2026-08-15,wk inc covid hosp,quantile,0.65,13.274284636544767
20,2026-08-08,1,2026-08-15,wk inc covid hosp,quantile,0.65,15.372744970197514
21,2026-08-08,1,2026-08-15,wk inc covid hosp,quantile,0.65,19.152907012520267
22,2026-08-08,1,2026-08-15,wk inc covid hosp,quantile,0.65,65.86493622887153
23,2026-08-08,1,2026-08-15,wk inc covid hosp,quantile,0.65,5.492184875377811
24,2026-08-08,1,2026-08-15,wk inc covid hosp,quantile,0.65,15.185734951848685
25,2026-08-08,1,2026-08-15,wk inc covid hosp,quantile,0.65,36.862137234781066
26,2026-08-08,1,2026-08-15,wk inc covid hosp,quantile,0.65,26.4892558073024
27,2026-08-08,1,2026-08-15,wk inc covid hosp,quantile,0.65,30.813933475804223
28,2026-08-08,1,2026-08-15,wk inc covid hosp,quantile,0.65,36.21133350199038
29,2026-08-08,1,2026-08-15,wk inc covid hosp,quantile,0.65,24.944399265962844
30,2026-08-08,1,2026-08-15,wk inc covid hosp,quantile,0.65,13.34970320467867
31,2026-08-08,1,2026-08-15,wk inc covid hosp,quantile,0.65,3.22089771138565
32,2026-08-08,1,2026-08-15,wk inc covid hosp,quantile,0.65,26.301502668187656
33,2026-08-08,1,2026-08-15,wk inc covid hosp,quantile,0.65,7.04008320297688
34,2026-08-08,1,2026-08-15,wk inc covid hosp,quantile,0.65,59.937986639256735
35,2026-08-08,1,2026-08-15,wk inc covid hosp,quantile,0.65,12.231130809105878
36,2026-08-08,1,2026-08-15,wk inc covid hosp,quantile,0.65,141.5616715682601
37,2026-08-08,1,2026-08-15,wk inc covid hosp,quantile,0.65,111.52615548145957
38,2026-08-08,1,2026-08-15,wk inc covid hosp,quantile,0.65,3.324277592996468
39,2026-08-08,1,2026-08-15,wk inc covid hosp,quantile,0.65,65.70795489691632
40,2026-08-08,1,2026-08-15,wk inc covid hosp,quantile,0.65,23.13839227102129
41,2026-08-08,1,2026-08-15,wk inc covid hosp,quantile,0.65,16.25229685061411
42,2026-08-08,1,2026-08-15,wk inc covid hosp,quantile,0.65,75.25740531123846
44,2026-08-08,1,2026-08-15,wk inc covid hosp,quantile,0.65,6.602098649379976
45,2026-08-08,1,2026-08-15,wk inc covid hosp,quantile,0.65,30.870727388957064
46,2026-08-08,1,2026-08-15,wk inc covid hosp,quantile,0.65,2.358386503117593
47,2026-08-08,1,2026-08-15,wk inc covid hosp,quantile,0.65,53.01050447646915
48,2026-08-08,1,2026-08-15,wk inc covid hosp,quantile,0.65,395.46308673408396
49,2026-08-08,1,2026-08-15,wk inc covid hosp,quantile,0.65,8.846087273933415
50,2026-08-08,1,2026-08-15,wk inc covid hosp,quantile,0.65,1.1895393390287816
51,2026-08-08,1,2026-08-15,wk inc covid hosp,quantile,0.65,32.947033170176944
53,2026-08-08,1,2026-08-15,wk inc covid hosp,quantile,0.65,28.661455753546562
54,2026-08-08,1,2026-08-15,wk inc covid hosp,quantile,0.65,4.98846348153678
55,2026-08-08,1,2026-08-15,wk inc covid hosp,quantile,0.65,37.34359993860435
56,2026-08-08,1,2026-08-15,wk inc covid hosp,quantile,0.65,1.3961391750461032
72,2026-08-08,1,2026-08-15,wk inc covid hosp,quantile,0.65,43.6739903649268
US,2026-08-08,1,2026-08-15,wk inc covid hosp,quantile,0.65,2589.182092977014
01,2026-08-08,2,2026-08-22,wk inc covid hosp,quantile,0.65,76.80391402722377
02,2026-08-08,2,2026-08-22,wk inc covid hosp,quantile,0.65,7.46333125510168
04,2026-08-08,2,2026-08-22,wk inc covid hosp,quantile,0.65,53.2987958261736
05,2026-08-08,2,2026-08-22,wk inc covid hosp,quantile,0.65,15.178867621603414
06,2026-08-08,2,2026-08-22,wk inc covid hosp,quantile,0.65,501.7609095023099
08,2026-08-08,2,2026-08-22,wk inc covid hosp,quantile,0.65,25.83261594910404
09,2026-08-08,2,2026-08-22,wk inc covid hosp,quantile,0.65,26.457982370946787
10,2026-08-08,2,2026-08-22,wk inc covid hosp,quantile,0.65,6.844170794129718
11,2026-08-08,2,2026-08-22,wk inc covid hosp,quantile,0.65,4.199018383213645
12,2026-08-08,2,2026-08-22,wk inc covid hosp,quantile,0.65,445.00417262973735
13,2026-08-08,2,2026-08-22,wk inc covid hosp,quantile,0.65,99.75690571554975
15,2026-08-08,2,2026-08-22,wk inc covid hosp,quantile,0.65,20.032991284850315
16,2026-08-08,2,2026-08-22,wk inc covid hosp,quantile,0.65,4.616461837933811
17,2026-08-08,2,2026-08-22,wk inc covid hosp,quantile,0.65,69.05052940510066
18,2026-08-08,2,2026-08-22,wk inc covid hosp,quantile,0.65,41.3532693390827
19,2026-08-08,2,2026-08-22,wk inc covid hosp,quantile,0.65,17.4679878366282
20,2026-08-08,2,2026-08-22,wk inc covid hosp,quantile,0.65,18.954198286833716
21,2026-08-08,2,2026-08-22,wk inc covid hosp,quantile,0.65,23.813578718731794
22,2026-08-08,2,2026-08-22,wk inc covid hosp,quantile,0.65,69.384622122747
23,2026-08-08,2,2026-08-22,wk inc covid hosp,quantile,0.65,7.5941663906016945
24,2026-08-08,2,2026-08-22,wk inc covid hosp,quantile,0.65,19.38041726098821
25,2026-08-08,2,2026-08-22,wk inc covid hosp,quantile,0.65,47.541811964421235
26,2026-08-08,2,2026-08-22,wk inc covid hosp,quantile,0.65,36.427746620111975
27,2026-08-08,2,2026-08-22,wk inc covid hosp,quantile,0.65,39.330715436485434
28,2026-08-08,2,2026-08-22,wk inc covid hosp,quantile,0.65,41.81153944395076
29,2026-08-08,2,2026-08-22,wk inc covid hosp,quantile,0.65,33.07512041161118
30,2026-08-08,2,2026-08-22,wk inc covid hosp,quantile,0.65,17.142877936048933
31,2026-08-08,2,2026-08-22,wk inc covid hosp,quantile,0.65,4.717553750654226
32,2026-08-08,2,2026-08-22,wk inc covid hosp,quantile,0.65,30.752798226384193
33,2026-08-08,2,2026-08-22,wk inc covid hosp,quantile,0.65,9.130185482711163
34,2026-08-08,2,2026-08-22,wk inc covid hosp,quantile,0.65,73.75606273837728
35,2026-08-08,2,2026-08-22,wk inc covid hosp,quantile,0.65,15.09850403132636
36,2026-08-08,2,2026-08-22,wk inc covid hosp,quantile,0.65,166.365645147072
37,2026-08-08,2,2026-08-22,wk inc covid hosp,quantile,0.65,129.17168990140073
38,2026-08-08,2,2026-08-22,wk inc covid hosp,quantile,0.65,4.057077877090319
39,2026-08-08,2,2026-08-22,wk inc covid hosp,quantile,0.65,82.76626351079142
40,2026-08-08,2,2026-08-22,wk inc covid hosp,quantile,0.65,28.077064984685247
41,2026-08-08,2,2026-08-22,wk inc covid hosp,quantile,0.65,19.835190201542677
42,2026-08-08,2,2026-08-22,wk inc covid hosp,quantile,0.65,96.81062192725751
44,2026-08-08,2,2026-08-22,wk inc covid hosp,quantile,0.65,8.671274542840607
45,2026-08-08,2,2026-08-22,wk inc covid hosp,quantile,0.65,37.37601018417522
46,2026-08-08,2,2026-08-22,wk inc covid hosp,quantile,0.65,3.5527893310701284
47,2026-08-08,2,2026-08-22,wk inc covid hosp,quantile,0.65,63.017519146952154
48,2026-08-08,2,2026-08-22,wk inc covid hosp,quantile,0.65,446.22763726297336
49,2026-08-08,2,2026-08-22,wk inc covid hosp,quantile,0.65,11.24724389539802
50,2026-08-08,2,2026-08-22,wk inc covid hosp,quantile,0.65,1.6861835838841963
51,2026-08-08,2,2026-08-22,wk inc covid hosp,quantile,0.65,41.74496745319084
53,2026-08-08,2,2026-08-22,wk inc covid hosp,quantile,0.65,34.67250519412047
54,2026-08-08,2,2026-08-22,wk inc covid hosp,quantile,0.65,6.830450916790703
55,2026-08-08,2,2026-08-22,wk inc covid hosp,quantile,0.65,48.36944531340563
56,2026-08-08,2,2026-08-22,wk inc covid hosp,quantile,0.65,1.8825219801618802
72,2026-08-08,2,2026-08-22,wk inc covid hosp,quantile,0.65,48.09503805360499
US,2026-08-08,2,2026-08-22,wk inc covid hosp,quantile,0.65,2996.297391322152
01,2026-08-08,3,2026-08-29,wk inc covid hosp,quantile,0.65,84.37120910213751
02,2026-08-08,3,2026-08-29,wk inc covid hosp,quantile,0.65,8.842545271322988
04,2026-08-08,3,2026-08-29,wk inc covid hosp,quantile,0.65,61.900058473851765
05,2026-08-08,3,2026-08-29,wk inc covid hosp,quantile,0.65,18.934338422094214
06,2026-08-08,3,2026-08-29,wk inc covid hosp,quantile,0.65,548.034513144018
08,2026-08-08,3,2026-08-29,wk inc covid hosp,quantile,0.65,33.40153858983034
09,2026-08-08,3,2026-08-29,wk inc covid hosp,quantile,0.65,32.23730992415809
10,2026-08-08,3,2026-08-29,wk inc covid hosp,quantile,0.65,8.676335720661333
11,2026-08-08,3,2026-08-29,wk inc covid hosp,quantile,0.65,5.211446784811499
12,2026-08-08,3,2026-08-29,wk inc covid hosp,quantile,0.65,486.9468182419458
13,2026-08-08,3,2026-08-29,wk inc covid hosp,quantile,0.65,113.29946312314036
15,2026-08-08,3,2026-08-29,wk inc covid hosp,quantile,0.65,23.302701907435175
16,2026-08-08,3,2026-08-29,wk inc covid hosp,quantile,0.65,5.995890782101153
17,2026-08-08,3,2026-08-29,wk inc covid hosp,quantile,0.65,83.85542351843738
18,2026-08-08,3,2026-08-29,wk inc covid hosp,quantile,0.65,52.24327844285659
19,2026-08-08,3,2026-08-29,wk inc covid hosp,quantile,0.65,22.113724809403696
20,2026-08-08,3,2026-08-29,wk inc covid hosp,quantile,0.65,23.63021829680083
21,2026-08-08,3,2026-08-29,wk inc covid hosp,quantile,0.65,29.876031160140506
22,2026-08-08,3,2026-08-29,wk inc covid hosp,quantile,0.65,79.53648091647342
23,2026-08-08,3,2026-08-29,wk inc covid hosp,quantile,0.65,9.315241035307903
24,2026-08-08,3,2026-08-29,wk inc covid hosp,quantile,0.65,25.787401493892226
25,2026-08-08,3,2026-08-29,wk inc covid hosp,quantile,0.65,59.159718314171194
26,2026-08-08,3,2026-08-29,wk inc covid hosp,quantile,0.65,50.426120952544444
27,2026-08-08,3,2026-08-29,wk inc covid hosp,quantile,0.65,48.09516798797161
28,2026-08-08,3,2026-08-29,wk inc covid hosp,quantile,0.65,47.332531031794865
29,2026-08-08,3,2026-08-29,wk inc covid hosp,quantile,0.65,41.75544367385459
30,2026-08-08,3,2026-08-29,wk inc covid hosp,quantile,0.65,20.1466448706716
31,2026-08-08,3,2026-08-29,wk inc covid hosp,quantile,0.65,6.517426713685218
32,2026-08-08,3,2026-08-29,wk inc covid hosp,quantile,0.65,34.407782233955
33,2026-08-08,3,2026-08-29,wk inc covid hosp,quantile,0.65,11.305843531994805
34,2026-08-08,3,2026-08-29,wk inc covid hosp,quantile,0.65,87.15970012240413
35,2026-08-08,3,2026-08-29,wk inc covid hosp,quantile,0.65,18.208372168489625
36,2026-08-08,3,2026-08-29,wk inc covid hosp,quantile,0.65,196.40058408353363
37,2026-08-08,3,2026-08-29,wk inc covid hosp,quantile,0.65,148.5627450152709
38,2026-08-08,3,2026-08-29,wk inc covid hosp,quantile,0.65,5.402689979434371
39,2026-08-08,3,2026-08-29,wk inc covid hosp,quantile,0.65,99.15899896631066
40,2026-08-08,3,2026-08-29,wk inc covid hosp,quantile,0.65,33.96311210082913
41,2026-08-08,3,2026-08-29,wk inc covid hosp,quantile,0.65,23.79618777084439
42,2026-08-08,3,2026-08-29,wk inc covid hosp,quantile,0.65,120.14625207865956
44,2026-08-08,3,2026-08-29,wk inc covid hosp,quantile,0.65,10.297516581818469
45,2026-08-08,3,2026-08-29,wk inc covid hosp,quantile,0.65,43.39025760375857
46,2026-08-08,3,2026-08-29,wk inc covid hosp,quantile,0.65,4.724345740011432
47,2026-08-08,3,2026-08-29,wk inc covid hosp,quantile,0.65,73.85201931329814
48,2026-08-08,3,2026-08-29,wk inc covid hosp,quantile,0.65,494.2953938616393
49,2026-08-08,3,2026-08-29,wk inc covid hosp,quantile,0.65,13.440660237105677
50,2026-08-08,3,2026-08-29,wk inc covid hosp,quantile,0.65,2.3003046302871524
51,2026-08-08,3,2026-08-29,wk inc covid hosp,quantile,0.65,51.36815229740909
53,2026-08-08,3,2026-08-29,wk inc covid hosp,quantile,0.65,40.49495795897939
54,2026-08-08,3,2026-08-29,wk inc covid hosp,quantile,0.65,9.402443851342023
55,2026-08-08,3,2026-08-29,wk inc covid hosp,quantile,0.65,58.510841545222654
56,2026-08-08,3,2026-08-29,wk inc covid hosp,quantile,0.65,2.907209053789264
72,2026-08-08,3,2026-08-29,wk inc covid hosp,quantile,0.65,53.649185979655726
US,2026-08-08,3,2026-08-29,wk inc covid hosp,quantile,0.65,3459.963188371003
01,2026-08-08,0,2026-08-08,wk inc covid hosp,quantile,0.7,61.82290389635179
02,2026-08-08,0,2026-08-08,wk inc covid hosp,quantile,0.7,5.303535934852209
04,2026-08-08,0,2026-08-08,wk inc covid hosp,quantile,0.7,38.19370099964456
05,2026-08-08,0,2026-08-08,wk inc covid hosp,quantile,0.7,9.674554720932038
06,2026-08-08,0,2026-08-08,wk inc covid hosp,quantile,0.7,392.60595878949783
08,2026-08-08,0,2026-08-08,wk inc covid hosp,quantile,0.7,17.364519708830105
09,2026-08-08,0,2026-08-08,wk inc covid hosp,quantile,0.7,18.08788359669526
10,2026-08-08,0,2026-08-08,wk inc covid hosp,quantile,0.7,4.256276999722996
11,2026-08-08,0,2026-08-08,wk inc covid hosp,quantile,0.7,2.506030515090562
12,2026-08-08,0,2026-08-08,wk inc covid hosp,quantile,0.7,380.27328595965065
13,2026-08-08,0,2026-08-08,wk inc covid hosp,quantile,0.7,74.40672158574662
15,2026-08-08,0,2026-08-08,wk inc covid hosp,quantile,0.7,15.941238724486096
16,2026-08-08,0,2026-08-08,wk inc covid hosp,quantile,0.7,2.771403993541766
17,2026-08-08,0,2026-08-08,wk inc covid hosp,quantile,0.7,44.60406197991738
18,2026-08-08,0,2026-08-08,wk inc covid hosp,quantile,0.7,26.870131126739057
19,2026-08-08,0,2026-08-08,wk inc covid hosp,quantile,0.7,11.11010678205125
20,2026-08-08,0,2026-08-08,wk inc covid hosp,quantile,0.7,13.019135311949956
21,2026-08-08,0,2026-08-08,wk inc covid hosp,quantile,0.7,16.047833977686764
22,2026-08-08,0,2026-08-08,wk inc covid hosp,quantile,0.7,63.49844684794105
23,2026-08-08,0,2026-08-08,wk inc covid hosp,quantile,0.7,4.160064149556577
24,2026-08-08,0,2026-08-08,wk inc covid hosp,quantile,0.7,12.13910182376325
25,2026-08-08,0,2026-08-08,wk inc covid hosp,quantile,0.7,29.19380756759171
26,2026-08-08,0,2026-08-08,wk inc covid hosp,quantile,0.7,20.2766058400386
27,2026-08-08,0,2026-08-08,wk inc covid hosp,quantile,0.7,24.575119205104695
28,2026-08-08,0,2026-08-08,wk inc covid hosp,quantile,0.7,33.73005004016822
29,2026-08-08,0,2026-08-08,wk inc covid hosp,quantile,0.7,20.313117036504806
30,2026-08-08,0,2026-08-08,wk inc covid hosp,quantile,0.7,10.86190913592418
31,2026-08-08,0,2026-08-08,wk inc covid hosp,quantile,0.7,2.8912195199312563
32,2026-08-08,0,2026-08-08,wk inc covid hosp,quantile,0.7,24.028087542346594
33,2026-08-08,0,2026-08-08,wk inc covid hosp,quantile,0.7,5.7966619922986675
34,2026-08-08,0,2026-08-08,wk inc covid hosp,quantile,0.7,54.95117060711854
35,2026-08-08,0,2026-08-08,wk inc covid hosp,quantile,0.7,10.57059779665068
36,2026-08-08,0,2026-08-08,wk inc covid hosp,quantile,0.7,123.0773030600505
37,2026-08-08,0,2026-08-08,wk inc covid hosp,quantile,0.7,98.52946641869286
38,2026-08-08,0,2026-08-08,wk inc covid hosp,quantile,0.7,2.461542565006578
39,2026-08-08,0,2026-08-08,wk inc covid hosp,quantile,0.7,53.1115788836381
40,2026-08-08,0,2026-08-08,wk inc covid hosp,quantile,0.7,18.94602715291833
41,2026-08-08,0,2026-08-08,wk inc covid hosp,quantile,0.7,13.510190490436642
42,2026-08-08,0,2026-08-08,wk inc covid hosp,quantile,0.7,64.09623426032621
44,2026-08-08,0,2026-08-08,wk inc covid hosp,quantile,0.7,5.86968186057733
45,2026-08-08,0,2026-08-08,wk inc covid hosp,quantile,0.7,26.613532024534894
46,2026-08-08,0,2026-08-08,wk inc covid hosp,quantile,0.7,1.7123667889963279
47,2026-08-08,0,2026-08-08,wk inc covid hosp,quantile,0.7,46.568351962591585
48,2026-08-08,0,2026-08-08,wk inc covid hosp,quantile,0.7,356.6935438587862
49,2026-08-08,0,2026-08-08,wk inc covid hosp,quantile,0.7,7.666179279000127
50,2026-08-08,0,2026-08-08,wk inc covid hosp,quantile,0.7,0.9359394256989463
51,2026-08-08,0,2026-08-08,wk inc covid hosp,quantile,0.7,26.859926952469944
53,2026-08-08,0,2026-08-08,wk inc covid hosp,quantile,0.7,24.835085888150655
54,2026-08-08,0,2026-08-08,wk inc covid hosp,quantile,0.7,3.671991403473095
55,2026-08-08,0,2026-08-08,wk inc covid hosp,quantile,0.7,29.87565828124218
56,2026-08-08,0,2026-08-08,wk inc covid hosp,quantile,0.7,1.1694301340458022
72,2026-08-08,0,2026-08-08,wk inc covid hosp,quantile,0.7,39.69787761856743
US,2026-08-08,0,2026-08-08,wk inc covid hosp,quantile,0.7,2271.8189251569506
01,2026-08-08,1,2026-08-15,wk inc covid hosp,quantile,0.7,71.93741859808682
02,2026-08-08,1,2026-08-15,wk inc covid hosp,quantile,0.7,6.884045411614689
04,2026-08-08,1,2026-08-15,wk inc covid hosp,quantile,0.7,48.06382649291458
05,2026-08-08,1,2026-08-15,wk inc covid hosp,quantile,0.7,13.014842667854063
06,2026-08-08,1,2026-08-15,wk inc covid hosp,quantile,0.7,453.7654886586131
08,2026-08-08,1,2026-08-15,wk inc covid hosp,quantile,0.7,23.304747033403636
09,2026-08-08,1,2026-08-15,wk inc covid hosp,quantile,0.7,23.471499363613574
10,2026-08-08,1,2026-08-15,wk inc covid hosp,quantile,0.7,5.8460695992106935
11,2026-08-08,1,2026-08-15,wk inc covid hosp,quantile,0.7,3.608229547377005
12,2026-08-08,1,2026-08-15,wk inc covid hosp,quantile,0.7,429.1783823406146
13,2026-08-08,1,2026-08-15,wk inc covid hosp,quantile,0.7,90.73841992043931
15,2026-08-08,1,2026-08-15,wk inc covid hosp,quantile,0.7,18.771760460393423
16,2026-08-08,1,2026-08-15,wk inc covid hosp,quantile,0.7,4.1445605746063965
17,2026-08-08,1,2026-08-15,wk inc covid hosp,quantile,0.7,58.424746479175944
18,2026-08-08,1,2026-08-15,wk inc covid hosp,quantile,0.7,36.71359005037068
19,2026-08-08,1,2026-08-15,wk inc covid hosp,quantile,0.7,14.709532816377573
20,2026-08-08,1,2026-08-15,wk inc covid hosp,quantile,0.7,17.04552319986805
21,2026-08-08,1,2026-08-15,wk inc covid hosp,quantile,0.7,20.93484713670558
22,2026-08-08,1,2026-08-15,wk inc covid hosp,quantile,0.7,70.17151179411158
23,2026-08-08,1,2026-08-15,wk inc covid hosp,quantile,0.7,6.333492819776555
24,2026-08-08,1,2026-08-15,wk inc covid hosp,quantile,0.7,17.09753395241838
25,2026-08-08,1,2026-08-15,wk inc covid hosp,quantile,0.7,39.62100362278839
26,2026-08-08,1,2026-08-15,wk inc covid hosp,quantile,0.7,30.284942840345053
27,2026-08-08,1,2026-08-15,wk inc covid hosp,quantile,0.7,33.06811004677956
28,2026-08-08,1,2026-08-15,wk inc covid hosp,quantile,0.7,38.42937933774832
29,2026-08-08,1,2026-08-15,wk inc covid hosp,quantile,0.7,27.095217432683086
30,2026-08-08,1,2026-08-15,wk inc covid hosp,quantile,0.7,14.94125020235983
31,2026-08-08,1,2026-08-15,wk inc covid hosp,quantile,0.7,3.8937615160053176
32,2026-08-08,1,2026-08-15,wk inc covid hosp,quantile,0.7,27.873350671418812
33,2026-08-08,1,2026-08-15,wk inc covid hosp,quantile,0.7,7.825993604314701
34,2026-08-08,1,2026-08-15,wk inc covid hosp,quantile,0.7,65.59026279154894
35,2026-08-08,1,2026-08-15,wk inc covid hosp,quantile,0.7,13.7274860082017
36,2026-08-08,1,2026-08-15,wk inc covid hosp,quantile,0.7,147.57232680217723
37,2026-08-08,1,2026-08-15,wk inc covid hosp,quantile,0.7,117.71860540818982
38,2026-08-08,1,2026-08-15,wk inc covid hosp,quantile,0.7,3.840333792722722
39,2026-08-08,1,2026-08-15,wk inc covid hosp,quantile,0.7,70.85569090300433
40,2026-08-08,1,2026-08-15,wk inc covid hosp,quantile,0.7,24.9670338800764
41,2026-08-08,1,2026-08-15,wk inc covid hosp,quantile,0.7,17.614078833372357
42,2026-08-08,1,2026-08-15,wk inc covid hosp,quantile,0.7,83.55138775611586
44,2026-08-08,1,2026-08-15,wk inc covid hosp,quantile,0.7,7.478742894292457
45,2026-08-08,1,2026-08-15,wk inc covid hosp,quantile,0.7,33.510682394997346
46,2026-08-08,1,2026-08-15,wk inc covid hosp,quantile,0.7,3.047662003346018
47,2026-08-08,1,2026-08-15,wk inc covid hosp,quantile,0.7,56.456609289602966
48,2026-08-08,1,2026-08-15,wk inc covid hosp,quantile,0.7,417.0654980430619
49,2026-08-08,1,2026-08-15,wk inc covid hosp,quantile,0.7,10.045836787997274
50,2026-08-08,1,2026-08-15,wk inc covid hosp,quantile,0.7,1.6054031241123157
51,2026-08-08,1,2026-08-15,wk inc covid hosp,quantile,0.7,35.95970144333524
53,2026-08-08,1,2026-08-15,wk inc covid hosp,quantile,0.7,30.780505523570106
54,2026-08-08,1,2026-08-15,wk inc covid hosp,quantile,0.7,5.869570841718944
55,2026-08-08,1,2026-08-15,wk inc covid hosp,quantile,0.7,40.481643696246685
56,2026-08-08,1,2026-08-15,wk inc covid hosp,quantile,0.7,1.946191393334563
72,2026-08-08,1,2026-08-15,wk inc covid hosp,quantile,0.7,47.44439476704165
US,2026-08-08,1,2026-08-15,wk inc covid hosp,quantile,0.7,2671.859596906338
01,2026-08-08,2,2026-08-22,wk inc covid hosp,quantile,0.7,81.80329956162556
02,2026-08-08,2,2026-08-22,wk inc covid hosp,quantile,0.7,8.421288787938455
04,2026-08-08,2,2026-08-22,wk inc covid hosp,quantile,0.7,58.64017391216049
05,2026-08-08,2,2026-08-22,wk inc covid hosp,quantile,0.7,16.93524295996572
06,2026-08-08,2,2026-08-22,wk inc covid hosp,quantile,0.7,519.4845536665753
08,2026-08-08,2,2026-08-22,wk inc covid hosp,quantile,0.7,28.49154453240849
09,2026-08-08,2,2026-08-22,wk inc covid hosp,quantile,0.7,29.61220505951087
10,2026-08-08,2,2026-08-22,wk inc covid hosp,quantile,0.7,7.87687004760237
11,2026-08-08,2,2026-08-22,wk inc covid hosp,quantile,0.7,5.166788660948588
12,2026-08-08,2,2026-08-22,wk inc covid hosp,quantile,0.7,479.15553193281005
13,2026-08-08,2,2026-08-22,wk inc covid hosp,quantile,0.7,106.23675732129134
15,2026-08-08,2,2026-08-22,wk inc covid hosp,quantile,0.7,22.03778566280462
16,2026-08-08,2,2026-08-22,wk inc covid hosp,quantile,0.7,5.6972850779643585
17,2026-08-08,2,2026-08-22,wk inc covid hosp,quantile,0.7,74.42733500786503
18,2026-08-08,2,2026-08-22,wk inc covid hosp,quantile,0.7,45.94187524305746
19,2026-08-08,2,2026-08-22,wk inc covid hosp,quantile,0.7,19.862296884052714
20,2026-08-08,2,2026-08-22,wk inc covid hosp,quantile,0.7,21.610749653631924
21,2026-08-08,2,2026-08-22,wk inc covid hosp,quantile,0.7,26.23561906842371
22,2026-08-08,2,2026-08-22,wk inc covid hosp,quantile,0.7,74.06462016090002
23,2026-08-08,2,2026-08-22,wk inc covid hosp,quantile,0.7,8.693302706267518
24,2026-08-08,2,2026-08-22,wk inc covid hosp,quantile,0.7,21.954695976155246
25,2026-08-08,2,2026-08-22,wk inc covid hosp,quantile,0.7,51.794142059647115
26,2026-08-08,2,2026-08-22,wk inc covid hosp,quantile,0.7,42.92108208361044
27,2026-08-08,2,2026-08-22,wk inc covid hosp,quantile,0.7,43.47977698148458
28,2026-08-08,2,2026-08-22,wk inc covid hosp,quantile,0.7,46.12443784788549
29,2026-08-08,2,2026-08-22,wk inc covid hosp,quantile,0.7,36.04374277596764
30,2026-08-08,2,2026-08-22,wk inc covid hosp,quantile,0.7,19.350368169473054
31,2026-08-08,2,2026-08-22,wk inc covid hosp,quantile,0.7,5.832497631113605
32,2026-08-08,2,2026-08-22,wk inc covid hosp,quantile,0.7,32.93088891979317
33,2026-08-08,2,2026-08-22,wk inc covid hosp,quantile,0.7,10.476971486283288
34,2026-08-08,2,2026-08-22,wk inc covid hosp,quantile,0.7,81.25195072737891
35,2026-08-08,2,2026-08-22,wk inc covid hosp,quantile,0.7,16.98765782789513
36,2026-08-08,2,2026-08-22,wk inc covid hosp,quantile,0.7,177.01227439213048
37,2026-08-08,2,2026-08-22,wk inc covid hosp,quantile,0.7,139.0092987585584
38,2026-08-08,2,2026-08-22,wk inc covid hosp,quantile,0.7,4.777186281272808
39,2026-08-08,2,2026-08-22,wk inc covid hosp,quantile,0.7,89.33288325764941
40,2026-08-08,2,2026-08-22,wk inc covid hosp,quantile,0.7,30.98226355804733
41,2026-08-08,2,2026-08-22,wk inc covid hosp,quantile,0.7,21.94007164144843
42,2026-08-08,2,2026-08-22,wk inc covid hosp,quantile,0.7,106.4335645130416
44,2026-08-08,2,2026-08-22,wk inc covid hosp,quantile,0.7,9.95245731406466
45,2026-08-08,2,2026-08-22,wk inc covid hosp,quantile,0.7,41.49259933489347
46,2026-08-08,2,2026-08-22,wk inc covid hosp,quantile,0.7,4.4100071359566595
47,2026-08-08,2,2026-08-22,wk inc covid hosp,quantile,0.7,67.28240202867093
48,2026-08-08,2,2026-08-22,wk inc covid hosp,quantile,0.7,475.0560067419246
49,2026-08-08,2,2026-08-22,wk inc covid hosp,quantile,0.7,12.678228650857273
50,2026-08-08,2,2026-08-22,wk inc covid hosp,quantile,0.7,2.3336601312021714
51,2026-08-08,2,2026-08-22,wk inc covid hosp,quantile,0.7,46.13089087085042
53,2026-08-08,2,2026-08-22,wk inc covid hosp,quantile,0.7,36.99973466205244
54,2026-08-08,2,2026-08-22,wk inc covid hosp,quantile,0.7,8.018488925282398
55,2026-08-08,2,2026-08-22,wk inc covid hosp,quantile,0.7,52.32772115435129
56,2026-08-08,2,2026-08-22,wk inc covid hosp,quantile,0.7,2.6623069438462994
72,2026-08-08,2,2026-08-22,wk inc covid hosp,quantile,0.7,52.742757496641346
US,2026-08-08,2,2026-08-22,wk inc covid hosp,quantile,0.7,3127.7881324376094
01,2026-08-08,3,2026-08-29,wk inc covid hosp,quantile,0.7,89.9123235030297
02,2026-08-08,3,2026-08-29,wk inc covid hosp,quantile,0.7,10.134264262779277
04,2026-08-08,3,2026-08-29,wk inc covid hosp,quantile,0.7,68.57840445050692
05,2026-08-08,3,2026-08-29,wk inc covid hosp,quantile,0.7,21.723389394252127
06,2026-08-08,3,2026-08-29,wk inc covid hosp,quantile,0.7,575.873237137508
08,2026-08-08,3,2026-08-29,wk inc covid hosp,quantile,0.7,37.48134291563362
09,2026-08-08,3,2026-08-29,wk inc covid hosp,quantile,0.7,37.85895132030596
10,2026-08-08,3,2026-08-29,wk inc covid hosp,quantile,0.7,10.254378918754842
11,2026-08-08,3,2026-08-29,wk inc covid hosp,quantile,0.7,6.351195114630482
12,2026-08-08,3,2026-08-29,wk inc covid hosp,quantile,0.7,536.9981698421122
13,2026-08-08,3,2026-08-29,wk inc covid hosp,quantile,0.7,121.85895890883576
15,2026-08-08,3,2026-08-29,wk inc covid hosp,quantile,0.7,25.749713843375957
16,2026-08-08,3,2026-08-29,wk inc covid hosp,quantile,0.7,7.502406410977073
17,2026-08-08,3,2026-08-29,wk inc covid hosp,quantile,0.7,92.55569494090771
18,2026-08-08,3,2026-08-29,wk inc covid hosp,quantile,0.7,58.014177523802196
19,2026-08-08,3,2026-08-29,wk inc covid hosp,quantile,0.7,24.983222653417386
20,2026-08-08,3,2026-08-29,wk inc covid hosp,quantile,0.7,26.237934671475788
21,2026-08-08,3,2026-08-29,wk inc covid hosp,quantile,0.7,33.75570192532245
22,2026-08-08,3,2026-08-29,wk inc covid hosp,quantile,0.7,84.51635316154587
23,2026-08-08,3,2026-08-29,wk inc covid hosp,quantile,0.7,10.887503677783005
24,2026-08-08,3,2026-08-29,wk inc covid hosp,quantile,0.7,28.80782190977442
25,2026-08-08,3,2026-08-29,wk inc covid hosp,quantile,0.7,65.60418825146209
26,2026-08-08,3,2026-08-29,wk inc covid hosp,quantile,0.7,59.301658220322466
27,2026-08-08,3,2026-08-29,wk inc covid hosp,quantile,0.7,52.591859084167254
28,2026-08-08,3,2026-08-29,wk inc covid hosp,quantile,0.7,51.73092062710143
29,2026-08-08,3,2026-08-29,wk inc covid hosp,quantile,0.7,45.602974791714836
30,2026-08-08,3,2026-08-29,wk inc covid hosp,quantile,0.7,22.779053521985638
31,2026-08-08,3,2026-08-29,wk inc covid hosp,quantile,0.7,8.020097022316886
32,2026-08-08,3,2026-08-29,wk inc covid hosp,quantile,0.7,37.371081684907665
33,2026-08-08,3,2026-08-29,wk inc covid hosp,quantile,0.7,13.427196513861341
34,2026-08-08,3,2026-08-29,wk inc covid hosp,quantile,0.7,97.74960475939012
35,2026-08-08,3,2026-08-29,wk inc covid hosp,quantile,0.7,20.29493786195612
36,2026-08-08,3,2026-08-29,wk inc covid hosp,quantile,0.7,208.85219929793365
37,2026-08-08,3,2026-08-29,wk inc covid hosp,quantile,0.7,159.2951272498482
38,2026-08-08,3,2026-08-29,wk inc covid hosp,quantile,0.7,6.614287434188268
39,2026-08-08,3,2026-08-29,wk inc covid hosp,quantile,0.7,108.28695856848726
40,2026-08-08,3,2026-08-29,wk inc covid hosp,quantile,0.7,37.858340861354094
41,2026-08-08,3,2026-08-29,wk inc covid hosp,quantile,0.7,26.456711919944944
42,2026-08-08,3,2026-08-29,wk inc covid hosp,quantile,0.7,136.48019238041675
44,2026-08-08,3,2026-08-29,wk inc covid hosp,quantile,0.7,11.859870753362149
45,2026-08-08,3,2026-08-29,wk inc covid hosp,quantile,0.7,47.77164148407229
46,2026-08-08,3,2026-08-29,wk inc covid hosp,quantile,0.7,5.8989857670100605
47,2026-08-08,3,2026-08-29,wk inc covid hosp,quantile,0.7,80.25602947597208
48,2026-08-08,3,2026-08-29,wk inc covid hosp,quantile,0.7,532.640108993008
49,2026-08-08,3,2026-08-29,wk inc covid hosp,quantile,0.7,15.696705024813314
50,2026-08-08,3,2026-08-29,wk inc covid hosp,quantile,0.7,3.1096769851561485
51,2026-08-08,3,2026-08-29,wk inc covid hosp,quantile,0.7,56.20813724891333
53,2026-08-08,3,2026-08-29,wk inc covid hosp,quantile,0.7,44.02097032180997
54,2026-08-08,3,2026-08-29,wk inc covid hosp,quantile,0.7,10.994056351290922
55,2026-08-08,3,2026-08-29,wk inc covid hosp,quantile,0.7,65.09642546915968
56,2026-08-08,3,2026-08-29,wk inc covid hosp,quantile,0.7,3.9942517633773202
72,2026-08-08,3,2026-08-29,wk inc covid hosp,quantile,0.7,59.64715571909186
US,2026-08-08,3,2026-08-29,wk inc covid hosp,quantile,0.7,3633.861126349384
01,2026-08-08,0,2026-08-08,wk inc covid hosp,quantile,0.75,64.66846946342991
02,2026-08-08,0,2026-08-08,wk inc covid hosp,quantile,0.75,5.864012422661188
04,2026-08-08,0,2026-08-08,wk inc covid hosp,quantile,0.75,40.31627511275832
05,2026-08-08,0,2026-08-08,wk inc covid hosp,quantile,0.75,10.656128535653998
06,2026-08-08,0,2026-08-08,wk inc covid hosp,quantile,0.75,402.9794521245479
08,2026-08-08,0,2026-08-08,wk inc covid hosp,quantile,0.75,18.570310909234383
09,2026-08-08,0,2026-08-08,wk inc covid hosp,quantile,0.75,19.9746918943985
10,2026-08-08,0,2026-08-08,wk inc covid hosp,quantile,0.75,4.692122203457922
11,2026-08-08,0,2026-08-08,wk inc covid hosp,quantile,0.75,2.8874440995227797
12,2026-08-08,0,2026-08-08,wk inc covid hosp,quantile,0.75,399.9850119132904
13,2026-08-08,0,2026-08-08,wk inc covid hosp,quantile,0.75,77.89471268732265
15,2026-08-08,0,2026-08-08,wk inc covid hosp,quantile,0.75,16.778462013218306
16,2026-08-08,0,2026-08-08,wk inc covid hosp,quantile,0.75,3.2421935897274903
17,2026-08-08,0,2026-08-08,wk inc covid hosp,quantile,0.75,47.42457551341988
18,2026-08-08,0,2026-08-08,wk inc covid hosp,quantile,0.75,29.24452727873488
19,2026-08-08,0,2026-08-08,wk inc covid hosp,quantile,0.75,12.245555471480882
20,2026-08-08,0,2026-08-08,wk inc covid hosp,quantile,0.75,14.162820374110376
21,2026-08-08,0,2026-08-08,wk inc covid hosp,quantile,0.75,17.37642679278181
22,2026-08-08,0,2026-08-08,wk inc covid hosp,quantile,0.75,66.15574284015
23,2026-08-08,0,2026-08-08,wk inc covid hosp,quantile,0.75,4.678062652102096
24,2026-08-08,0,2026-08-08,wk inc covid hosp,quantile,0.75,13.74118384884759
25,2026-08-08,0,2026-08-08,wk inc covid hosp,quantile,0.75,31.79790065013814
26,2026-08-08,0,2026-08-08,wk inc covid hosp,quantile,0.75,23.722675481728338
27,2026-08-08,0,2026-08-08,wk inc covid hosp,quantile,0.75,26.253711712404534
28,2026-08-08,0,2026-08-08,wk inc covid hosp,quantile,0.75,35.30452056801589
29,2026-08-08,0,2026-08-08,wk inc covid hosp,quantile,0.75,22.001959810926387
30,2026-08-08,0,2026-08-08,wk inc covid hosp,quantile,0.75,11.990264004187246
31,2026-08-08,0,2026-08-08,wk inc covid hosp,quantile,0.75,3.4844369208330246
32,2026-08-08,0,2026-08-08,wk inc covid hosp,quantile,0.75,25.284808874436134
33,2026-08-08,0,2026-08-08,wk inc covid hosp,quantile,0.75,6.4503237188984155
34,2026-08-08,0,2026-08-08,wk inc covid hosp,quantile,0.75,58.29139995064515
35,2026-08-08,0,2026-08-08,wk inc covid hosp,quantile,0.75,11.429635760201077
36,2026-08-08,0,2026-08-08,wk inc covid hosp,quantile,0.75,128.46613322970015
37,2026-08-08,0,2026-08-08,wk inc covid hosp,quantile,0.75,102.81810389000515
38,2026-08-08,0,2026-08-08,wk inc covid hosp,quantile,0.75,2.8912994055060444
39,2026-08-08,0,2026-08-08,wk inc covid hosp,quantile,0.75,56.79696789636949
40,2026-08-08,0,2026-08-08,wk inc covid hosp,quantile,0.75,20.44277678212253
41,2026-08-08,0,2026-08-08,wk inc covid hosp,quantile,0.75,14.664053955466787
42,2026-08-08,0,2026-08-08,wk inc covid hosp,quantile,0.75,69.02250418295773
44,2026-08-08,0,2026-08-08,wk inc covid hosp,quantile,0.75,6.516773270391765
45,2026-08-08,0,2026-08-08,wk inc covid hosp,quantile,0.75,28.12256688309963
46,2026-08-08,0,2026-08-08,wk inc covid hosp,quantile,0.75,2.0844704658335456
47,2026-08-08,0,2026-08-08,wk inc covid hosp,quantile,0.75,49.295030871833816
48,2026-08-08,0,2026-08-08,wk inc covid hosp,quantile,0.75,373.60421783946305
49,2026-08-08,0,2026-08-08,wk inc covid hosp,quantile,0.75,8.55422552177224
50,2026-08-08,0,2026-08-08,wk inc covid hosp,quantile,0.75,1.1905868497639465
51,2026-08-08,0,2026-08-08,wk inc covid hosp,quantile,0.75,28.853508921153328
53,2026-08-08,0,2026-08-08,wk inc covid hosp,quantile,0.75,26.558941595045802
54,2026-08-08,0,2026-08-08,wk inc covid hosp,quantile,0.75,4.253873592196934
55,2026-08-08,0,2026-08-08,wk inc covid hosp,quantile,0.75,31.834848162071196
56,2026-08-08,0,2026-08-08,wk inc covid hosp,quantile,0.75,1.5194186757336805
72,2026-08-08,0,2026-08-08,wk inc covid hosp,quantile,0.75,42.22475517773943
US,2026-08-08,0,2026-08-08,wk inc covid hosp,quantile,0.75,2341.458931530184
01,2026-08-08,1,2026-08-15,wk inc covid hosp,quantile,0.75,75.81085924724114
02,2026-08-08,1,2026-08-15,wk inc covid hosp,quantile,0.75,7.801743335912124
04,2026-08-08,1,2026-08-15,wk inc covid hosp,quantile,0.75,51.35489091328407
05,2026-08-08,1,2026-08-15,wk inc covid hosp,quantile,0.75,14.569222137959601
06,2026-08-08,1,2026-08-15,wk inc covid hosp,quantile,0.75,473.5798265161256
08,2026-08-08,1,2026-08-15,wk inc covid hosp,quantile,0.75,25.326099107534446
09,2026-08-08,1,2026-08-15,wk inc covid hosp,quantile,0.75,26.314287089050612
10,2026-08-08,1,2026-08-15,wk inc covid hosp,quantile,0.75,6.682414021507291
11,2026-08-08,1,2026-08-15,wk inc covid hosp,quantile,0.75,4.2182303857574714
12,2026-08-08,1,2026-08-15,wk inc covid hosp,quantile,0.75,456.6539386952692
13,2026-08-08,1,2026-08-15,wk inc covid hosp,quantile,0.75,95.98820726307494
15,2026-08-08,1,2026-08-15,wk inc covid hosp,quantile,0.75,20.322516395046346
16,2026-08-08,1,2026-08-15,wk inc covid hosp,quantile,0.75,4.953512975590976
17,2026-08-08,1,2026-08-15,wk inc covid hosp,quantile,0.75,62.96917916603025
18,2026-08-08,1,2026-08-15,wk inc covid hosp,quantile,0.75,40.00958419206555
19,2026-08-08,1,2026-08-15,wk inc covid hosp,quantile,0.75,16.777031337343363
20,2026-08-08,1,2026-08-15,wk inc covid hosp,quantile,0.75,18.675341993708113
21,2026-08-08,1,2026-08-15,wk inc covid hosp,quantile,0.75,23.427712132345505
22,2026-08-08,1,2026-08-15,wk inc covid hosp,quantile,0.75,74.15670713855748
23,2026-08-08,1,2026-08-15,wk inc covid hosp,quantile,0.75,7.234606723319096
24,2026-08-08,1,2026-08-15,wk inc covid hosp,quantile,0.75,18.93415392986961
25,2026-08-08,1,2026-08-15,wk inc covid hosp,quantile,0.75,43.434830889588085
26,2026-08-08,1,2026-08-15,wk inc covid hosp,quantile,0.75,34.5523911670416
27,2026-08-08,1,2026-08-15,wk inc covid hosp,quantile,0.75,36.25898091437013
28,2026-08-08,1,2026-08-15,wk inc covid hosp,quantile,0.75,41.464169152062944
29,2026-08-08,1,2026-08-15,wk inc covid hosp,quantile,0.75,29.69279656483318
30,2026-08-08,1,2026-08-15,wk inc covid hosp,quantile,0.75,16.390116460085647
31,2026-08-08,1,2026-08-15,wk inc covid hosp,quantile,0.75,4.607832020182422
32,2026-08-08,1,2026-08-15,wk inc covid hosp,quantile,0.75,29.798615039666537
33,2026-08-08,1,2026-08-15,wk inc covid hosp,quantile,0.75,8.916608091107642
34,2026-08-08,1,2026-08-15,wk inc covid hosp,quantile,0.75,71.4917166843611
35,2026-08-08,1,2026-08-15,wk inc covid hosp,quantile,0.75,15.287426522320708
36,2026-08-08,1,2026-08-15,wk inc covid hosp,quantile,0.75,156.72555600231448
37,2026-08-08,1,2026-08-15,wk inc covid hosp,quantile,0.75,123.96945323601363
38,2026-08-08,1,2026-08-15,wk inc covid hosp,quantile,0.75,4.490423084561521
39,2026-08-08,1,2026-08-15,wk inc covid hosp,quantile,0.75,77.3301856505515
40,2026-08-08,1,2026-08-15,wk inc covid hosp,quantile,0.75,26.756912738112927
41,2026-08-08,1,2026-08-15,wk inc covid hosp,quantile,0.75,18.98917969470907
42,2026-08-08,1,2026-08-15,wk inc covid hosp,quantile,0.75,92.6955213211434
44,2026-08-08,1,2026-08-15,wk inc covid hosp,quantile,0.75,8.677785191256568
45,2026-08-08,1,2026-08-15,wk inc covid hosp,quantile,0.75,35.71395647410527
46,2026-08-08,1,2026-08-15,wk inc covid hosp,quantile,0.75,3.770279461142416
47,2026-08-08,1,2026-08-15,wk inc covid hosp,quantile,0.75,60.202172231478954
48,2026-08-08,1,2026-08-15,wk inc covid hosp,quantile,0.75,439.92148737125524
49,2026-08-08,1,2026-08-15,wk inc covid hosp,quantile,0.75,11.53039130536901
50,2026-08-08,1,2026-08-15,wk inc covid hosp,quantile,0.75,2.0536626719059505
51,2026-08-08,1,2026-08-15,wk inc covid hosp,quantile,0.75,39.449738620514346
53,2026-08-08,1,2026-08-15,wk inc covid hosp,quantile,0.75,33.16640423295512
54,2026-08-08,1,2026-08-15,wk inc covid hosp,quantile,0.75,6.7845650221981355
55,2026-08-08,1,2026-08-15,wk inc covid hosp,quantile,0.75,43.99580655703873
56,2026-08-08,1,2026-08-15,wk inc covid hosp,quantile,0.75,2.4935133799425793
72,2026-08-08,1,2026-08-15,wk inc covid hosp,quantile,0.75,51.65832541682738
US,2026-08-08,1,2026-08-15,wk inc covid hosp,quantile,0.75,2790.3481424034226
01,2026-08-08,2,2026-08-22,wk inc covid hosp,quantile,0.75,87.7989866712969
02,2026-08-08,2,2026-08-22,wk inc covid hosp,quantile,0.75,9.661183607700476
04,2026-08-08,2,2026-08-22,wk inc covid hosp,quantile,0.75,63.802895432542975
05,2026-08-08,2,2026-08-22,wk inc covid hosp,quantile,0.75,18.89422825724138
06,2026-08-08,2,2026-08-22,wk inc covid hosp,quantile,0.75,547.1679427414085
08,2026-08-08,2,2026-08-22,wk inc covid hosp,quantile,0.75,32.053703578041436
09,2026-08-08,2,2026-08-22,wk inc covid hosp,quantile,0.75,34.68523830408272
10,2026-08-08,2,2026-08-22,wk inc covid hosp,quantile,0.75,8.967112097332611
11,2026-08-08,2,2026-08-22,wk inc covid hosp,quantile,0.75,6.046353507608979
12,2026-08-08,2,2026-08-22,wk inc covid hosp,quantile,0.75,520.0198262756622
13,2026-08-08,2,2026-08-22,wk inc covid hosp,quantile,0.75,113.5122541569098
15,2026-08-08,2,2026-08-22,wk inc covid hosp,quantile,0.75,24.444430622764113
16,2026-08-08,2,2026-08-22,wk inc covid hosp,quantile,0.75,6.9508258201535895
17,2026-08-08,2,2026-08-22,wk inc covid hosp,quantile,0.75,82.19842724169268
18,2026-08-08,2,2026-08-22,wk inc covid hosp,quantile,0.75,51.0303307826321
19,2026-08-08,2,2026-08-22,wk inc covid hosp,quantile,0.75,22.37751119141621
20,2026-08-08,2,2026-08-22,wk inc covid hosp,quantile,0.75,24.153104599820715
21,2026-08-08,2,2026-08-22,wk inc covid hosp,quantile,0.75,29.598362243569543
22,2026-08-08,2,2026-08-22,wk inc covid hosp,quantile,0.75,79.90508541747138
23,2026-08-08,2,2026-08-22,wk inc covid hosp,quantile,0.75,9.931756040177882
24,2026-08-08,2,2026-08-22,wk inc covid hosp,quantile,0.75,25.347855660723038
25,2026-08-08,2,2026-08-22,wk inc covid hosp,quantile,0.75,56.82226375576557
26,2026-08-08,2,2026-08-22,wk inc covid hosp,quantile,0.75,50.48058748631489
27,2026-08-08,2,2026-08-22,wk inc covid hosp,quantile,0.75,46.884433712106215
28,2026-08-08,2,2026-08-22,wk inc covid hosp,quantile,0.75,50.11659128510409
29,2026-08-08,2,2026-08-22,wk inc covid hosp,quantile,0.75,39.36769607865403
30,2026-08-08,2,2026-08-22,wk inc covid hosp,quantile,0.75,21.787949010522492
31,2026-08-08,2,2026-08-22,wk inc covid hosp,quantile,0.75,7.168145021085773
32,2026-08-08,2,2026-08-22,wk inc covid hosp,quantile,0.75,35.29298013506695
33,2026-08-08,2,2026-08-22,wk inc covid hosp,quantile,0.75,12.05485082504928
34,2026-08-08,2,2026-08-22,wk inc covid hosp,quantile,0.75,90.86325257744781
35,2026-08-08,2,2026-08-22,wk inc covid hosp,quantile,0.75,19.003300684337017
36,2026-08-08,2,2026-08-22,wk inc covid hosp,quantile,0.75,188.25745152703973
37,2026-08-08,2,2026-08-22,wk inc covid hosp,quantile,0.75,148.2638262888872
38,2026-08-08,2,2026-08-22,wk inc covid hosp,quantile,0.75,5.784722618790723
39,2026-08-08,2,2026-08-22,wk inc covid hosp,quantile,0.75,97.96409646696178
40,2026-08-08,2,2026-08-22,wk inc covid hosp,quantile,0.75,34.151551908308726
41,2026-08-08,2,2026-08-22,wk inc covid hosp,quantile,0.75,24.13135962060749
42,2026-08-08,2,2026-08-22,wk inc covid hosp,quantile,0.75,120.1232012268196
44,2026-08-08,2,2026-08-22,wk inc covid hosp,quantile,0.75,11.426039014580946
45,2026-08-08,2,2026-08-22,wk inc covid hosp,quantile,0.75,45.022853948686716
46,2026-08-08,2,2026-08-22,wk inc covid hosp,quantile,0.75,5.597567827677773
47,2026-08-08,2,2026-08-22,wk inc covid hosp,quantile,0.75,73.41516292719433
48,2026-08-08,2,2026-08-22,wk inc covid hosp,quantile,0.75,503.2978051675387
49,2026-08-08,2,2026-08-22,wk inc covid hosp,quantile,0.75,14.844081081104623
50,2026-08-08,2,2026-08-22,wk inc covid hosp,quantile,0.75,3.019919109509756
51,2026-08-08,2,2026-08-22,wk inc covid hosp,quantile,0.75,51.38615761691433
53,2026-08-08,2,2026-08-22,wk inc covid hosp,quantile,0.75,40.507758515484724
54,2026-08-08,2,2026-08-22,wk inc covid hosp,quantile,0.75,9.377554577640431
55,2026-08-08,2,2026-08-22,wk inc covid hosp,quantile,0.75,58.197312615643156
56,2026-08-08,2,2026-08-22,wk inc covid hosp,quantile,0.75,3.521015799431157
72,2026-08-08,2,2026-08-22,wk inc covid hosp,quantile,0.75,59.160230943269404
US,2026-08-08,2,2026-08-22,wk inc covid hosp,quantile,0.75,3275.998798661962
01,2026-08-08,3,2026-08-29,wk inc covid hosp,quantile,0.75,95.97630598726316
02,2026-08-08,3,2026-08-29,wk inc covid hosp,quantile,0.75,11.887262067401487
04,2026-08-08,3,2026-08-29,wk inc covid hosp,quantile,0.75,75.67896467844712
05,2026-08-08,3,2026-08-29,wk inc covid hosp,quantile,0.75,24.93792815438432
06,2026-08-08,3,2026-08-29,wk inc covid hosp,quantile,0.75,604.9221561859655
08,2026-08-08,3,2026-08-29,wk inc covid hosp,quantile,0.75,41.04569849708791
09,2026-08-08,3,2026-08-29,wk inc covid hosp,quantile,0.75,43.354302885090064
10,2026-08-08,3,2026-08-29,wk inc covid hosp,quantile,0.75,11.714021321255549
11,2026-08-08,3,2026-08-29,wk inc covid hosp,quantile,0.75,7.6822654284069785
12,2026-08-08,3,2026-08-29,wk inc covid hosp,quantile,0.75,588.8895797023521
13,2026-08-08,3,2026-08-29,wk inc covid hosp,quantile,0.75,131.64169768550738
15,2026-08-08,3,2026-08-29,wk inc covid hosp,quantile,0.75,28.529941113605247
16,2026-08-08,3,2026-08-29,wk inc covid hosp,quantile,0.75,8.94773618536925
17,2026-08-08,3,2026-08-29,wk inc covid hosp,quantile,0.75,101.87074798101645
18,2026-08-08,3,2026-08-29,wk inc covid hosp,quantile,0.75,64.44689722858404
19,2026-08-08,3,2026-08-29,wk inc covid hosp,quantile,0.75,28.05470164291884
20,2026-08-08,3,2026-08-29,wk inc covid hosp,quantile,0.75,29.330362934134733
21,2026-08-08,3,2026-08-29,wk inc covid hosp,quantile,0.75,38.3635595788092
22,2026-08-08,3,2026-08-29,wk inc covid hosp,quantile,0.75,91.02845220644959
23,2026-08-08,3,2026-08-29,wk inc covid hosp,quantile,0.75,12.777906662609055
24,2026-08-08,3,2026-08-29,wk inc covid hosp,quantile,0.75,33.012061619881244
25,2026-08-08,3,2026-08-29,wk inc covid hosp,quantile,0.75,71.91830076540211
26,2026-08-08,3,2026-08-29,wk inc covid hosp,quantile,0.75,70.85959238916948
27,2026-08-08,3,2026-08-29,wk inc covid hosp,quantile,0.75,57.6836826300454
28,2026-08-08,3,2026-08-29,wk inc covid hosp,quantile,0.75,56.99876381587023
29,2026-08-08,3,2026-08-29,wk inc covid hosp,quantile,0.75,50.50376237281872
30,2026-08-08,3,2026-08-29,wk inc covid hosp,quantile,0.75,25.81110672388002
31,2026-08-08,3,2026-08-29,wk inc covid hosp,quantile,0.75,9.993018480376655
32,2026-08-08,3,2026-08-29,wk inc covid hosp,quantile,0.75,41.424962851851525
33,2026-08-08,3,2026-08-29,wk inc covid hosp,quantile,0.75,15.657286521703162
34,2026-08-08,3,2026-08-29,wk inc covid hosp,quantile,0.75,107.22996739167253
35,2026-08-08,3,2026-08-29,wk inc covid hosp,quantile,0.75,23.04757228373169
36,2026-08-08,3,2026-08-29,wk inc covid hosp,quantile,0.75,226.97503082677122
37,2026-08-08,3,2026-08-29,wk inc covid hosp,quantile,0.75,170.82421778589892
38,2026-08-08,3,2026-08-29,wk inc covid hosp,quantile,0.75,7.9117128392785325
39,2026-08-08,3,2026-08-29,wk inc covid hosp,quantile,0.75,122.3518466535014
40,2026-08-08,3,2026-08-29,wk inc covid hosp,quantile,0.75,42.381863383312
41,2026-08-08,3,2026-08-29,wk inc covid hosp,quantile,0.75,29.36944726494955
42,2026-08-08,3,2026-08-29,wk inc covid hosp,quantile,0.75,152.88331445483294
44,2026-08-08,3,2026-08-29,wk inc covid hosp,quantile,0.75,13.608882552603532
45,2026-08-08,3,2026-08-29,wk inc covid hosp,quantile,0.75,53.891528127165834
46,2026-08-08,3,2026-08-29,wk inc covid hosp,quantile,0.75,7.328756343319397
47,2026-08-08,3,2026-08-29,wk inc covid hosp,quantile,0.75,86.8477051376714
48,2026-08-08,3,2026-08-29,wk inc covid hosp,quantile,0.75,572.3491004218978
49,2026-08-08,3,2026-08-29,wk inc covid hosp,quantile,0.75,17.913198927888118
50,2026-08-08,3,2026-08-29,wk inc covid hosp,quantile,0.75,3.986305282332074
51,2026-08-08,3,2026-08-29,wk inc covid hosp,quantile,0.75,62.45714665377723
53,2026-08-08,3,2026-08-29,wk inc covid hosp,quantile,0.75,48.11720590840035
54,2026-08-08,3,2026-08-29,wk inc covid hosp,quantile,0.75,12.852158993206977
55,2026-08-08,3,2026-08-29,wk inc covid hosp,quantile,0.75,71.60349693918194
56,2026-08-08,3,2026-08-29,wk inc covid hosp,quantile,0.75,5.078087208976889
72,2026-08-08,3,2026-08-29,wk inc covid hosp,quantile,0.75,66.9329387714576
US,2026-08-08,3,2026-08-29,wk inc covid hosp,quantile,0.75,3821.128169772076
01,2026-08-08,0,2026-08-08,wk inc covid hosp,quantile,0.8,67.5050626810232
02,2026-08-08,0,2026-08-08,wk inc covid hosp,quantile,0.8,6.435136002967216
04,2026-08-08,0,2026-08-08,wk inc covid hosp,quantile,0.8,43.49939194443568
05,2026-08-08,0,2026-08-08,wk inc covid hosp,quantile,0.8,12.001682743125336
06,2026-08-08,0,2026-08-08,wk inc covid hosp,quantile,0.8,417.09180226324946
08,2026-08-08,0,2026-08-08,wk inc covid hosp,quantile,0.8,20.185824547925662
09,2026-08-08,0,2026-08-08,wk inc covid hosp,quantile,0.8,21.617703135104207
10,2026-08-08,0,2026-08-08,wk inc covid hosp,quantile,0.8,5.304307870504489
11,2026-08-08,0,2026-08-08,wk inc covid hosp,quantile,0.8,3.342875080399383
12,2026-08-08,0,2026-08-08,wk inc covid hosp,quantile,0.8,419.96602862252774
13,2026-08-08,0,2026-08-08,wk inc covid hosp,quantile,0.8,82.12991984231662
15,2026-08-08,0,2026-08-08,wk inc covid hosp,quantile,0.8,17.844500262822947
16,2026-08-08,0,2026-08-08,wk inc covid hosp,quantile,0.8,3.7647222641115206
17,2026-08-08,0,2026-08-08,wk inc covid hosp,quantile,0.8,50.839457863146386
18,2026-08-08,0,2026-08-08,wk inc covid hosp,quantile,0.8,31.680664572703
19,2026-08-08,0,2026-08-08,wk inc covid hosp,quantile,0.8,13.601416033346961
20,2026-08-08,0,2026-08-08,wk inc covid hosp,quantile,0.8,15.202252905764247
21,2026-08-08,0,2026-08-08,wk inc covid hosp,quantile,0.8,19.125495898929575
22,2026-08-08,0,2026-08-08,wk inc covid hosp,quantile,0.8,69.86979238038705
23,2026-08-08,0,2026-08-08,wk inc covid hosp,quantile,0.8,5.237837065183774
24,2026-08-08,0,2026-08-08,wk inc covid hosp,quantile,0.8,15.249523219793712
25,2026-08-08,0,2026-08-08,wk inc covid hosp,quantile,0.8,34.30435582493217
26,2026-08-08,0,2026-08-08,wk inc covid hosp,quantile,0.8,27.289936579693133
27,2026-08-08,0,2026-08-08,wk inc covid hosp,quantile,0.8,28.262705675718024
28,2026-08-08,0,2026-08-08,wk inc covid hosp,quantile,0.8,37.428886710193844
29,2026-08-08,0,2026-08-08,wk inc covid hosp,quantile,0.8,24.109168939369372
30,2026-08-08,0,2026-08-08,wk inc covid hosp,quantile,0.8,13.030561602075771
31,2026-08-08,0,2026-08-08,wk inc covid hosp,quantile,0.8,4.154616051277571
32,2026-08-08,0,2026-08-08,wk inc covid hosp,quantile,0.8,26.626280961081694
33,2026-08-08,0,2026-08-08,wk inc covid hosp,quantile,0.8,7.211366668597544
34,2026-08-08,0,2026-08-08,wk inc covid hosp,quantile,0.8,62.86961694075702
35,2026-08-08,0,2026-08-08,wk inc covid hosp,quantile,0.8,12.473387216224816
36,2026-08-08,0,2026-08-08,wk inc covid hosp,quantile,0.8,134.79942661681847
37,2026-08-08,0,2026-08-08,wk inc covid hosp,quantile,0.8,107.59662685005173
38,2026-08-08,0,2026-08-08,wk inc covid hosp,quantile,0.8,3.3225096287118756
39,2026-08-08,0,2026-08-08,wk inc covid hosp,quantile,0.8,61.041062555899956
40,2026-08-08,0,2026-08-08,wk inc covid hosp,quantile,0.8,22.069371131065513
41,2026-08-08,0,2026-08-08,wk inc covid hosp,quantile,0.8,15.874420137843614
42,2026-08-08,0,2026-08-08,wk inc covid hosp,quantile,0.8,74.7893752957669
44,2026-08-08,0,2026-08-08,wk inc covid hosp,quantile,0.8,7.261311578155437
45,2026-08-08,0,2026-08-08,wk inc covid hosp,quantile,0.8,29.958590299165902
46,2026-08-08,0,2026-08-08,wk inc covid hosp,quantile,0.8,2.5458241724416566
47,2026-08-08,0,2026-08-08,wk inc covid hosp,quantile,0.8,52.33937658714642
48,2026-08-08,0,2026-08-08,wk inc covid hosp,quantile,0.8,391.487553025219
49,2026-08-08,0,2026-08-08,wk inc covid hosp,quantile,0.8,9.666810156465734
50,2026-08-08,0,2026-08-08,wk inc covid hosp,quantile,0.8,1.5870433143058413
51,2026-08-08,0,2026-08-08,wk inc covid hosp,quantile,0.8,30.764767526305878
53,2026-08-08,0,2026-08-08,wk inc covid hosp,quantile,0.8,28.256902626356176
54,2026-08-08,0,2026-08-08,wk inc covid hosp,quantile,0.8,5.113998022828318
55,2026-08-08,0,2026-08-08,wk inc covid hosp,quantile,0.8,34.317311534654635
56,2026-08-08,0,2026-08-08,wk inc covid hosp,quantile,0.8,1.9365974958487626
72,2026-08-08,0,2026-08-08,wk inc covid hosp,quantile,0.8,45.37208756704421
US,2026-08-08,0,2026-08-08,wk inc covid hosp,quantile,0.8,2429.3043915981566
01,2026-08-08,1,2026-08-15,wk inc covid hosp,quantile,0.8,80.14159742281605
02,2026-08-08,1,2026-08-15,wk inc covid hosp,quantile,0.8,8.72801765454794
04,2026-08-08,1,2026-08-15,wk inc covid hosp,quantile,0.8,56.13449785006637
05,2026-08-08,1,2026-08-15,wk inc covid hosp,quantile,0.8,16.346924072192763
06,2026-08-08,1,2026-08-15,wk inc covid hosp,quantile,0.8,492.5258020665092
08,2026-08-08,1,2026-08-15,wk inc covid hosp,quantile,0.8,28.260281898738818
09,2026-08-08,1,2026-08-15,wk inc covid hosp,quantile,0.8,29.474383614018066
10,2026-08-08,1,2026-08-15,wk inc covid hosp,quantile,0.8,7.519116111069973
11,2026-08-08,1,2026-08-15,wk inc covid hosp,quantile,0.8,5.001621647780236
12,2026-08-08,1,2026-08-15,wk inc covid hosp,quantile,0.8,495.5389893557735
13,2026-08-08,1,2026-08-15,wk inc covid hosp,quantile,0.8,101.10151967788596
15,2026-08-08,1,2026-08-15,wk inc covid hosp,quantile,0.8,22.102075866834863
16,2026-08-08,1,2026-08-15,wk inc covid hosp,quantile,0.8,5.981385034050971
17,2026-08-08,1,2026-08-15,wk inc covid hosp,quantile,0.8,69.10194637142453
18,2026-08-08,1,2026-08-15,wk inc covid hosp,quantile,0.8,43.75434151678712
19,2026-08-08,1,2026-08-15,wk inc covid hosp,quantile,0.8,18.85325183534371
20,2026-08-08,1,2026-08-15,wk inc covid hosp,quantile,0.8,21.20240988842276
21,2026-08-08,1,2026-08-15,wk inc covid hosp,quantile,0.8,26.228250078579414
22,2026-08-08,1,2026-08-15,wk inc covid hosp,quantile,0.8,78.73550778632207
23,2026-08-08,1,2026-08-15,wk inc covid hosp,quantile,0.8,8.190466023112519
24,2026-08-08,1,2026-08-15,wk inc covid hosp,quantile,0.8,21.43084072090724
25,2026-08-08,1,2026-08-15,wk inc covid hosp,quantile,0.8,47.75152286837315
26,2026-08-08,1,2026-08-15,wk inc covid hosp,quantile,0.8,40.563417332748934
27,2026-08-08,1,2026-08-15,wk inc covid hosp,quantile,0.8,39.788930850659035
28,2026-08-08,1,2026-08-15,wk inc covid hosp,quantile,0.8,44.68371264368377
29,2026-08-08,1,2026-08-15,wk inc covid hosp,quantile,0.8,33.36125440842475
30,2026-08-08,1,2026-08-15,wk inc covid hosp,quantile,0.8,18.230503512237213
31,2026-08-08,1,2026-08-15,wk inc covid hosp,quantile,0.8,5.707291498014967
32,2026-08-08,1,2026-08-15,wk inc covid hosp,quantile,0.8,32.031700430939814
33,2026-08-08,1,2026-08-15,wk inc covid hosp,quantile,0.8,10.715516942190487
34,2026-08-08,1,2026-08-15,wk inc covid hosp,quantile,0.8,78.20730272061792
35,2026-08-08,1,2026-08-15,wk inc covid hosp,quantile,0.8,17.00952718639811
36,2026-08-08,1,2026-08-15,wk inc covid hosp,quantile,0.8,168.23239090755854
37,2026-08-08,1,2026-08-15,wk inc covid hosp,quantile,0.8,132.48870618608558
38,2026-08-08,1,2026-08-15,wk inc covid hosp,quantile,0.8,5.2429735149729355
39,2026-08-08,1,2026-08-15,wk inc covid hosp,quantile,0.8,85.69858430369408
40,2026-08-08,1,2026-08-15,wk inc covid hosp,quantile,0.8,29.009528024209306
41,2026-08-08,1,2026-08-15,wk inc covid hosp,quantile,0.8,20.67243696318989
42,2026-08-08,1,2026-08-15,wk inc covid hosp,quantile,0.8,102.36151952382536
44,2026-08-08,1,2026-08-15,wk inc covid hosp,quantile,0.8,9.764836593368463
45,2026-08-08,1,2026-08-15,wk inc covid hosp,quantile,0.8,38.91891292540171
46,2026-08-08,1,2026-08-15,wk inc covid hosp,quantile,0.8,4.559217829013985
47,2026-08-08,1,2026-08-15,wk inc covid hosp,quantile,0.8,65.32746069449124
48,2026-08-08,1,2026-08-15,wk inc covid hosp,quantile,0.8,468.8329051499273
49,2026-08-08,1,2026-08-15,wk inc covid hosp,quantile,0.8,12.965621292537243
50,2026-08-08,1,2026-08-15,wk inc covid hosp,quantile,0.8,2.632036504344502
51,2026-08-08,1,2026-08-15,wk inc covid hosp,quantile,0.8,43.13528100848019
53,2026-08-08,1,2026-08-15,wk inc covid hosp,quantile,0.8,35.81673930166699
54,2026-08-08,1,2026-08-15,wk inc covid hosp,quantile,0.8,7.703322151584851
55,2026-08-08,1,2026-08-15,wk inc covid hosp,quantile,0.8,48.79201512148703
56,2026-08-08,1,2026-08-15,wk inc covid hosp,quantile,0.8,3.1130637234460052
72,2026-08-08,1,2026-08-15,wk inc covid hosp,quantile,0.8,55.6313830970733
US,2026-08-08,1,2026-08-15,wk inc covid hosp,quantile,0.8,2918.6681292845665
01,2026-08-08,2,2026-08-22,wk inc covid hosp,quantile,0.8,93.8904958425397
02,2026-08-08,2,2026-08-22,wk inc covid hosp,quantile,0.8,11.281732892740084
04,2026-08-08,2,2026-08-22,wk inc covid hosp,quantile,0.8,70.7288340785427
05,2026-08-08,2,2026-08-22,wk inc covid hosp,quantile,0.8,21.796551605747904
06,2026-08-08,2,2026-08-22,wk inc covid hosp,quantile,0.8,572.07844562446
08,2026-08-08,2,2026-08-22,wk inc covid hosp,quantile,0.8,36.106444265101736
09,2026-08-08,2,2026-08-22,wk inc covid hosp,quantile,0.8,39.30490291276134
10,2026-08-08,2,2026-08-22,wk inc covid hosp,quantile,0.8,10.20350705317304
11,2026-08-08,2,2026-08-22,wk inc covid hosp,quantile,0.8,7.359080411272722
12,2026-08-08,2,2026-08-22,wk inc covid hosp,quantile,0.8,569.7198784550847
13,2026-08-08,2,2026-08-22,wk inc covid hosp,quantile,0.8,122.24906721238632
15,2026-08-08,2,2026-08-22,wk inc covid hosp,quantile,0.8,26.554785225023636
16,2026-08-08,2,2026-08-22,wk inc covid hosp,quantile,0.8,8.299521350537523
17,2026-08-08,2,2026-08-22,wk inc covid hosp,quantile,0.8,90.51132137112646
18,2026-08-08,2,2026-08-22,wk inc covid hosp,quantile,0.8,57.14005797997284
19,2026-08-08,2,2026-08-22,wk inc covid hosp,quantile,0.8,25.15491281232387
20,2026-08-08,2,2026-08-22,wk inc covid hosp,quantile,0.8,27.429116537567246
21,2026-08-08,2,2026-08-22,wk inc covid hosp,quantile,0.8,33.76287258920579
22,2026-08-08,2,2026-08-22,wk inc covid hosp,quantile,0.8,86.00851634286657
23,2026-08-08,2,2026-08-22,wk inc covid hosp,quantile,0.8,11.210732230817792
24,2026-08-08,2,2026-08-22,wk inc covid hosp,quantile,0.8,29.24800797007985
25,2026-08-08,2,2026-08-22,wk inc covid hosp,quantile,0.8,62.68910712622393
26,2026-08-08,2,2026-08-22,wk inc covid hosp,quantile,0.8,59.11827230271202
27,2026-08-08,2,2026-08-22,wk inc covid hosp,quantile,0.8,51.37272174124807
28,2026-08-08,2,2026-08-22,wk inc covid hosp,quantile,0.8,54.57561173425656
29,2026-08-08,2,2026-08-22,wk inc covid hosp,quantile,0.8,44.05315590053611
30,2026-08-08,2,2026-08-22,wk inc covid hosp,quantile,0.8,24.816393470669887
31,2026-08-08,2,2026-08-22,wk inc covid hosp,quantile,0.8,8.81952540030269
32,2026-08-08,2,2026-08-22,wk inc covid hosp,quantile,0.8,38.64482136120551
33,2026-08-08,2,2026-08-22,wk inc covid hosp,quantile,0.8,14.329521320665432
34,2026-08-08,2,2026-08-22,wk inc covid hosp,quantile,0.8,100.66876406656282
35,2026-08-08,2,2026-08-22,wk inc covid hosp,quantile,0.8,21.423383428815395
36,2026-08-08,2,2026-08-22,wk inc covid hosp,quantile,0.8,202.76819663216426
37,2026-08-08,2,2026-08-22,wk inc covid hosp,quantile,0.8,159.9304607063278
38,2026-08-08,2,2026-08-22,wk inc covid hosp,quantile,0.8,7.040749820125496
39,2026-08-08,2,2026-08-22,wk inc covid hosp,quantile,0.8,108.68773451153156
40,2026-08-08,2,2026-08-22,wk inc covid hosp,quantile,0.8,37.7669841516628
41,2026-08-08,2,2026-08-22,wk inc covid hosp,quantile,0.8,26.250496852454873
42,2026-08-08,2,2026-08-22,wk inc covid hosp,quantile,0.8,135.9297171902357
44,2026-08-08,2,2026-08-22,wk inc covid hosp,quantile,0.8,12.906008265772076
45,2026-08-08,2,2026-08-22,wk inc covid hosp,quantile,0.8,49.735896911566805
46,2026-08-08,2,2026-08-22,wk inc covid hosp,quantile,0.8,6.697980079010517
47,2026-08-08,2,2026-08-22,wk inc covid hosp,quantile,0.8,80.35833023053452
48,2026-08-08,2,2026-08-22,wk inc covid hosp,quantile,0.8,545.4944446767784
49,2026-08-08,2,2026-08-22,wk inc covid hosp,quantile,0.8,17.018665489554454
50,2026-08-08,2,2026-08-22,wk inc covid hosp,quantile,0.8,3.923371393342044
51,2026-08-08,2,2026-08-22,wk inc covid hosp,quantile,0.8,57.258058800936006
53,2026-08-08,2,2026-08-22,wk inc covid hosp,quantile,0.8,44.10867095571819
54,2026-08-08,2,2026-08-22,wk inc covid hosp,quantile,0.8,11.11678233351268
55,2026-08-08,2,2026-08-22,wk inc covid hosp,quantile,0.8,65.05268117779703
56,2026-08-08,2,2026-08-22,wk inc covid hosp,quantile,0.8,4.59622906273823
72,2026-08-08,2,2026-08-22,wk inc covid hosp,quantile,0.8,65.12864739708047
US,2026-08-08,2,2026-08-22,wk inc covid hosp,quantile,0.8,3457.3768909325777
01,2026-08-08,3,2026-08-29,wk inc covid hosp,quantile,0.8,104.76104793751846
02,2026-08-08,3,2026-08-29,wk inc covid hosp,quantile,0.8,14.025842303019656
04,2026-08-08,3,2026-08-29,wk inc covid hosp,quantile,0.8,84.66822332284549
05,2026-08-08,3,2026-08-29,wk inc covid hosp,quantile,0.8,28.261150118706183
06,2026-08-08,3,2026-08-29,wk inc covid hosp,quantile,0.8,633.3267412121315
08,2026-08-08,3,2026-08-29,wk inc covid hosp,quantile,0.8,45.3159748435914
09,2026-08-08,3,2026-08-29,wk inc covid hosp,quantile,0.8,49.948617506134056
10,2026-08-08,3,2026-08-29,wk inc covid hosp,quantile,0.8,13.457173688690434
11,2026-08-08,3,2026-08-29,wk inc covid hosp,quantile,0.8,9.62584250128371
12,2026-08-08,3,2026-08-29,wk inc covid hosp,quantile,0.8,648.3470008500353
13,2026-08-08,3,2026-08-29,wk inc covid hosp,quantile,0.8,143.06793528224205
15,2026-08-08,3,2026-08-29,wk inc covid hosp,quantile,0.8,31.352062243367218
16,2026-08-08,3,2026-08-29,wk inc covid hosp,quantile,0.8,10.722001509790262
17,2026-08-08,3,2026-08-29,wk inc covid hosp,quantile,0.8,111.57245997822845
18,2026-08-08,3,2026-08-29,wk inc covid hosp,quantile,0.8,71.55592650800514
19,2026-08-08,3,2026-08-29,wk inc covid hosp,quantile,0.8,32.26261835108775
20,2026-08-08,3,2026-08-29,wk inc covid hosp,quantile,0.8,33.21110262744678
21,2026-08-08,3,2026-08-29,wk inc covid hosp,quantile,0.8,43.35967499883162
22,2026-08-08,3,2026-08-29,wk inc covid hosp,quantile,0.8,98.7730088313367
23,2026-08-08,3,2026-08-29,wk inc covid hosp,quantile,0.8,14.771380625464671
24,2026-08-08,3,2026-08-29,wk inc covid hosp,quantile,0.8,37.14776983634806
25,2026-08-08,3,2026-08-29,wk inc covid hosp,quantile,0.8,80.94720495523329
26,2026-08-08,3,2026-08-29,wk inc covid hosp,quantile,0.8,83.23427902132988
27,2026-08-08,3,2026-08-29,wk inc covid hosp,quantile,0.8,64.47846201648278
28,2026-08-08,3,2026-08-29,wk inc covid hosp,quantile,0.8,63.08839754535381
29,2026-08-08,3,2026-08-29,wk inc covid hosp,quantile,0.8,56.84785539978611
30,2026-08-08,3,2026-08-29,wk inc covid hosp,quantile,0.8,29.80904991506
31,2026-08-08,3,2026-08-29,wk inc covid hosp,quantile,0.8,12.37361661452055
32,2026-08-08,3,2026-08-29,wk inc covid hosp,quantile,0.8,45.424156440681536
33,2026-08-08,3,2026-08-29,wk inc covid hosp,quantile,0.8,18.70179372252655
34,2026-08-08,3,2026-08-29,wk inc covid hosp,quantile,0.8,121.47085799345061
35,2026-08-08,3,2026-08-29,wk inc covid hosp,quantile,0.8,25.813005185913656
36,2026-08-08,3,2026-08-29,wk inc covid hosp,quantile,0.8,243.55092630014408
37,2026-08-08,3,2026-08-29,wk inc covid hosp,quantile,0.8,181.29487421804606
38,2026-08-08,3,2026-08-29,wk inc covid hosp,quantile,0.8,9.313573717150046
39,2026-08-08,3,2026-08-29,wk inc covid hosp,quantile,0.8,136.6634082638786
40,2026-08-08,3,2026-08-29,wk inc covid hosp,quantile,0.8,46.62961891819403
41,2026-08-08,3,2026-08-29,wk inc covid hosp,quantile,0.8,32.931513285206066
42,2026-08-08,3,2026-08-29,wk inc covid hosp,quantile,0.8,169.51792750282846
44,2026-08-08,3,2026-08-29,wk inc covid hosp,quantile,0.8,16.436734991771626
45,2026-08-08,3,2026-08-29,wk inc covid hosp,quantile,0.8,59.747959109102496
46,2026-08-08,3,2026-08-29,wk inc covid hosp,quantile,0.8,9.037009693623295
47,2026-08-08,3,2026-08-29,wk inc covid hosp,quantile,0.8,95.10996627340216
48,2026-08-08,3,2026-08-29,wk inc covid hosp,quantile,0.8,619.5521617055538
49,2026-08-08,3,2026-08-29,wk inc covid hosp,quantile,0.8,20.921421009534654
50,2026-08-08,3,2026-08-29,wk inc covid hosp,quantile,0.8,5.171849330056837
51,2026-08-08,3,2026-08-29,wk inc covid hosp,quantile,0.8,70.0273263832031
53,2026-08-08,3,2026-08-29,wk inc covid hosp,quantile,0.8,52.31425715450459
54,2026-08-08,3,2026-08-29,wk inc covid hosp,quantile,0.8,15.430471059050594
55,2026-08-08,3,2026-08-29,wk inc covid hosp,quantile,0.8,80.18580785026339
56,2026-08-08,3,2026-08-29,wk inc covid hosp,quantile,0.8,6.8360376024182115
72,2026-08-08,3,2026-08-29,wk inc covid hosp,quantile,0.8,75.5044118933258
US,2026-08-08,3,2026-08-29,wk inc covid hosp,quantile,0.8,4061.1178131024303
01,2026-08-08,0,2026-08-08,wk inc covid hosp,quantile,0.85,71.08088995230271
02,2026-08-08,0,2026-08-08,wk inc covid hosp,quantile,0.85,7.099596386231067
04,2026-08-08,0,2026-08-08,wk inc covid hosp,quantile,0.85,47.02847841091685
05,2026-08-08,0,2026-08-08,wk inc covid hosp,quantile,0.85,13.44877402741
06,2026-08-08,0,2026-08-08,wk inc covid hosp,quantile,0.85,431.9550031923334
08,2026-08-08,0,2026-08-08,wk inc covid hosp,quantile,0.85,22.18148569577551
09,2026-08-08,0,2026-08-08,wk inc covid hosp,quantile,0.85,23.87955978801487
10,2026-08-08,0,2026-08-08,wk inc covid hosp,quantile,0.85,5.937651241726529
11,2026-08-08,0,2026-08-08,wk inc covid hosp,quantile,0.85,3.8590184152606324
12,2026-08-08,0,2026-08-08,wk inc covid hosp,quantile,0.85,449.83738067553264
13,2026-08-08,0,2026-08-08,wk inc covid hosp,quantile,0.85,86.80320695874538
15,2026-08-08,0,2026-08-08,wk inc covid hosp,quantile,0.85,19.136572726898848
16,2026-08-08,0,2026-08-08,wk inc covid hosp,quantile,0.85,4.573761078419157
17,2026-08-08,0,2026-08-08,wk inc covid hosp,quantile,0.85,55.21714016195308
18,2026-08-08,0,2026-08-08,wk inc covid hosp,quantile,0.85,34.4352109739631
19,2026-08-08,0,2026-08-08,wk inc covid hosp,quantile,0.85,14.913043358041902
20,2026-08-08,0,2026-08-08,wk inc covid hosp,quantile,0.85,16.841228345279827
21,2026-08-08,0,2026-08-08,wk inc covid hosp,quantile,0.85,20.937240113400726
22,2026-08-08,0,2026-08-08,wk inc covid hosp,quantile,0.85,74.04462610004447
23,2026-08-08,0,2026-08-08,wk inc covid hosp,quantile,0.85,6.129759982691504
24,2026-08-08,0,2026-08-08,wk inc covid hosp,quantile,0.85,16.95356376253514
25,2026-08-08,0,2026-08-08,wk inc covid hosp,quantile,0.85,36.989791736007085
26,2026-08-08,0,2026-08-08,wk inc covid hosp,quantile,0.85,31.099222891886928
27,2026-08-08,0,2026-08-08,wk inc covid hosp,quantile,0.85,30.28555722519137
28,2026-08-08,0,2026-08-08,wk inc covid hosp,quantile,0.85,40.05476538905806
29,2026-08-08,0,2026-08-08,wk inc covid hosp,quantile,0.85,26.397596236579098
30,2026-08-08,0,2026-08-08,wk inc covid hosp,quantile,0.85,14.406447251699877
31,2026-08-08,0,2026-08-08,wk inc covid hosp,quantile,0.85,4.804291424391316
32,2026-08-08,0,2026-08-08,wk inc covid hosp,quantile,0.85,28.4420212802964
33,2026-08-08,0,2026-08-08,wk inc covid hosp,quantile,0.85,8.28133027104545
34,2026-08-08,0,2026-08-08,wk inc covid hosp,quantile,0.85,67.39910382283136
35,2026-08-08,0,2026-08-08,wk inc covid hosp,quantile,0.85,13.908933288817325
36,2026-08-08,0,2026-08-08,wk inc covid hosp,quantile,0.85,142.90064047706485
37,2026-08-08,0,2026-08-08,wk inc covid hosp,quantile,0.85,113.86466253834939
38,2026-08-08,0,2026-08-08,wk inc covid hosp,quantile,0.85,3.9666811510917848
39,2026-08-08,0,2026-08-08,wk inc covid hosp,quantile,0.85,66.2117175821161
40,2026-08-08,0,2026-08-08,wk inc covid hosp,quantile,0.85,23.769551760030613
41,2026-08-08,0,2026-08-08,wk inc covid hosp,quantile,0.85,17.34000610492846
42,2026-08-08,0,2026-08-08,wk inc covid hosp,quantile,0.85,82.72258215285622
44,2026-08-08,0,2026-08-08,wk inc covid hosp,quantile,0.85,8.109546102839973
45,2026-08-08,0,2026-08-08,wk inc covid hosp,quantile,0.85,32.26907498086028
46,2026-08-08,0,2026-08-08,wk inc covid hosp,quantile,0.85,3.130548108341224
47,2026-08-08,0,2026-08-08,wk inc covid hosp,quantile,0.85,56.44003418147372
48,2026-08-08,0,2026-08-08,wk inc covid hosp,quantile,0.85,410.925066812069
49,2026-08-08,0,2026-08-08,wk inc covid hosp,quantile,0.85,10.898507337979025
50,2026-08-08,0,2026-08-08,wk inc covid hosp,quantile,0.85,1.9856230406165265
51,2026-08-08,0,2026-08-08,wk inc covid hosp,quantile,0.85,33.955825334072316
53,2026-08-08,0,2026-08-08,wk inc covid hosp,quantile,0.85,30.321957956122727
54,2026-08-08,0,2026-08-08,wk inc covid hosp,quantile,0.85,6.008509353619687
55,2026-08-08,0,2026-08-08,wk inc covid hosp,quantile,0.85,37.10399105765209
56,2026-08-08,0,2026-08-08,wk inc covid hosp,quantile,0.85,2.5486141492238694
72,2026-08-08,0,2026-08-08,wk inc covid hosp,quantile,0.85,49.09663433843244
US,2026-08-08,0,2026-08-08,wk inc covid hosp,quantile,0.85,2528.5028375700754
01,2026-08-08,1,2026-08-15,wk inc covid hosp,quantile,0.85,85.4237908897205
02,2026-08-08,1,2026-08-15,wk inc covid hosp,quantile,0.85,10.013179599077564
04,2026-08-08,1,2026-08-15,wk inc covid hosp,quantile,0.85,61.27301871922223
05,2026-08-08,1,2026-08-15,wk inc covid hosp,quantile,0.85,18.823996624591416
06,2026-08-08,1,2026-08-15,wk inc covid hosp,quantile,0.85,516.3693542455133
08,2026-08-08,1,2026-08-15,wk inc covid hosp,quantile,0.85,31.208637983794485
09,2026-08-08,1,2026-08-15,wk inc covid hosp,quantile,0.85,33.90729291739195
10,2026-08-08,1,2026-08-15,wk inc covid hosp,quantile,0.85,8.438746867639058
11,2026-08-08,1,2026-08-15,wk inc covid hosp,quantile,0.85,6.081972235862506
12,2026-08-08,1,2026-08-15,wk inc covid hosp,quantile,0.85,533.9128621031398
13,2026-08-08,1,2026-08-15,wk inc covid hosp,quantile,0.85,108.40348305180488
15,2026-08-08,1,2026-08-15,wk inc covid hosp,quantile,0.85,24.065773954353627
16,2026-08-08,1,2026-08-15,wk inc covid hosp,quantile,0.85,7.228098175034076
17,2026-08-08,1,2026-08-15,wk inc covid hosp,quantile,0.85,75.45941540770384
18,2026-08-08,1,2026-08-15,wk inc covid hosp,quantile,0.85,48.665676488816885
19,2026-08-08,1,2026-08-15,wk inc covid hosp,quantile,0.85,21.475659886961033
20,2026-08-08,1,2026-08-15,wk inc covid hosp,quantile,0.85,24.36409359557693
21,2026-08-08,1,2026-08-15,wk inc covid hosp,quantile,0.85,29.519509133138243
22,2026-08-08,1,2026-08-15,wk inc covid hosp,quantile,0.85,83.84120508666184
23,2026-08-08,1,2026-08-15,wk inc covid hosp,quantile,0.85,9.301505030807006
24,2026-08-08,1,2026-08-15,wk inc covid hosp,quantile,0.85,24.493486417028205
25,2026-08-08,1,2026-08-15,wk inc covid hosp,quantile,0.85,53.14501182025817
26,2026-08-08,1,2026-08-15,wk inc covid hosp,quantile,0.85,49.22420583792418
27,2026-08-08,1,2026-08-15,wk inc covid hosp,quantile,0.85,44.03715435363766
28,2026-08-08,1,2026-08-15,wk inc covid hosp,quantile,0.85,49.036294488424126
29,2026-08-08,1,2026-08-15,wk inc covid hosp,quantile,0.85,37.728493488014585
30,2026-08-08,1,2026-08-15,wk inc covid hosp,quantile,0.85,20.754693147427613
31,2026-08-08,1,2026-08-15,wk inc covid hosp,quantile,0.85,7.157536841647174
32,2026-08-08,1,2026-08-15,wk inc covid hosp,quantile,0.85,35.11262704284556
33,2026-08-08,1,2026-08-15,wk inc covid hosp,quantile,0.85,12.393848344290646
34,2026-08-08,1,2026-08-15,wk inc covid hosp,quantile,0.85,88.19011707891602
35,2026-08-08,1,2026-08-15,wk inc covid hosp,quantile,0.85,18.826562479160476
36,2026-08-08,1,2026-08-15,wk inc covid hosp,quantile,0.85,179.5099583449417
37,2026-08-08,1,2026-08-15,wk inc covid hosp,quantile,0.85,140.64327666625456
38,2026-08-08,1,2026-08-15,wk inc covid hosp,quantile,0.85,6.213283743855279
39,2026-08-08,1,2026-08-15,wk inc covid hosp,quantile,0.85,93.33745888142403
40,2026-08-08,1,2026-08-15,wk inc covid hosp,quantile,0.85,31.975226856946893
41,2026-08-08,1,2026-08-15,wk inc covid hosp,quantile,0.85,23.077859940660698
42,2026-08-08,1,2026-08-15,wk inc covid hosp,quantile,0.85,116.3363860954482
44,2026-08-08,1,2026-08-15,wk inc covid hosp,quantile,0.85,10.986592611699635
45,2026-08-08,1,2026-08-15,wk inc covid hosp,quantile,0.85,42.371874952053986
46,2026-08-08,1,2026-08-15,wk inc covid hosp,quantile,0.85,5.524674052896213
47,2026-08-08,1,2026-08-15,wk inc covid hosp,quantile,0.85,71.14363468809826
48,2026-08-08,1,2026-08-15,wk inc covid hosp,quantile,0.85,501.2237955115881
49,2026-08-08,1,2026-08-15,wk inc covid hosp,quantile,0.85,15.276411256558816
50,2026-08-08,1,2026-08-15,wk inc covid hosp,quantile,0.85,3.364855757974855
51,2026-08-08,1,2026-08-15,wk inc covid hosp,quantile,0.85,48.10132918810194
53,2026-08-08,1,2026-08-15,wk inc covid hosp,quantile,0.85,39.055064504223466
54,2026-08-08,1,2026-08-15,wk inc covid hosp,quantile,0.85,9.206357293979256
55,2026-08-08,1,2026-08-15,wk inc covid hosp,quantile,0.85,53.53620740521265
56,2026-08-08,1,2026-08-15,wk inc covid hosp,quantile,0.85,4.264615693000008
72,2026-08-08,1,2026-08-15,wk inc covid hosp,quantile,0.85,61.78955714404866
US,2026-08-08,1,2026-08-15,wk inc covid hosp,quantile,0.85,3050.0783128456155
01,2026-08-08,2,2026-08-22,wk inc covid hosp,quantile,0.85,100.76012573703169
02,2026-08-08,2,2026-08-22,wk inc covid hosp,quantile,0.85,13.19008591451422
04,2026-08-08,2,2026-08-22,wk inc covid hosp,quantile,0.85,79.02564901272096
05,2026-08-08,2,2026-08-22,wk inc covid hosp,quantile,0.85,25.851508678570404
06,2026-08-08,2,2026-08-22,wk inc covid hosp,quantile,0.85,600.2051569958077
08,2026-08-08,2,2026-08-22,wk inc covid hosp,quantile,0.85,39.954821977028104
09,2026-08-08,2,2026-08-22,wk inc covid hosp,quantile,0.85,47.1314146851055
10,2026-08-08,2,2026-08-22,wk inc covid hosp,quantile,0.85,12.10432338924844
11,2026-08-08,2,2026-08-22,wk inc covid hosp,quantile,0.85,8.824763438952406
12,2026-08-08,2,2026-08-22,wk inc covid hosp,quantile,0.85,635.8850680194375
13,2026-08-08,2,2026-08-22,wk inc covid hosp,quantile,0.85,131.9411524892105
15,2026-08-08,2,2026-08-22,wk inc covid hosp,quantile,0.85,29.339824190983936
16,2026-08-08,2,2026-08-22,wk inc covid hosp,quantile,0.85,10.224551145715877
17,2026-08-08,2,2026-08-22,wk inc covid hosp,quantile,0.85,99.22826629665455
18,2026-08-08,2,2026-08-22,wk inc covid hosp,quantile,0.85,63.2169045326223
19,2026-08-08,2,2026-08-22,wk inc covid hosp,quantile,0.85,28.754623790563986
20,2026-08-08,2,2026-08-22,wk inc covid hosp,quantile,0.85,31.64307505153692
21,2026-08-08,2,2026-08-22,wk inc covid hosp,quantile,0.85,38.99021401520992
22,2026-08-08,2,2026-08-22,wk inc covid hosp,quantile,0.85,93.79204102816189
23,2026-08-08,2,2026-08-22,wk inc covid hosp,quantile,0.85,13.042608191882254
24,2026-08-08,2,2026-08-22,wk inc covid hosp,quantile,0.85,34.12442073314826
25,2026-08-08,2,2026-08-22,wk inc covid hosp,quantile,0.85,71.43627660777507
26,2026-08-08,2,2026-08-22,wk inc covid hosp,quantile,0.85,70.01322644552354
27,2026-08-08,2,2026-08-22,wk inc covid hosp,quantile,0.85,57.27735018937991
28,2026-08-08,2,2026-08-22,wk inc covid hosp,quantile,0.85,59.55933907143158
29,2026-08-08,2,2026-08-22,wk inc covid hosp,quantile,0.85,49.20149326856249
30,2026-08-08,2,2026-08-22,wk inc covid hosp,quantile,0.85,27.90255378841121
31,2026-08-08,2,2026-08-22,wk inc covid hosp,quantile,0.85,10.947354609415415
32,2026-08-08,2,2026-08-22,wk inc covid hosp,quantile,0.85,42.53607891555377
33,2026-08-08,2,2026-08-22,wk inc covid hosp,quantile,0.85,16.94839251889336
34,2026-08-08,2,2026-08-22,wk inc covid hosp,quantile,0.85,113.69839785442508
35,2026-08-08,2,2026-08-22,wk inc covid hosp,quantile,0.85,24.002318049989032
36,2026-08-08,2,2026-08-22,wk inc covid hosp,quantile,0.85,221.66390442929745
37,2026-08-08,2,2026-08-22,wk inc covid hosp,quantile,0.85,175.05778958381978
38,2026-08-08,2,2026-08-22,wk inc covid hosp,quantile,0.85,8.293229378657013
39,2026-08-08,2,2026-08-22,wk inc covid hosp,quantile,0.85,123.54970144575343
40,2026-08-08,2,2026-08-22,wk inc covid hosp,quantile,0.85,42.30397407441279
41,2026-08-08,2,2026-08-22,wk inc covid hosp,quantile,0.85,30.175811181307598
42,2026-08-08,2,2026-08-22,wk inc covid hosp,quantile,0.85,153.5092578388091
44,2026-08-08,2,2026-08-22,wk inc covid hosp,quantile,0.85,15.336572264086731
45,2026-08-08,2,2026-08-22,wk inc covid hosp,quantile,0.85,55.56634008766561
46,2026-08-08,2,2026-08-22,wk inc covid hosp,quantile,0.85,8.29632186149755
47,2026-08-08,2,2026-08-22,wk inc covid hosp,quantile,0.85,89.95076122987189
48,2026-08-08,2,2026-08-22,wk inc covid hosp,quantile,0.85,590.9212467898494
49,2026-08-08,2,2026-08-22,wk inc covid hosp,quantile,0.85,20.209798692966782
50,2026-08-08,2,2026-08-22,wk inc covid hosp,quantile,0.85,5.108176644885002
51,2026-08-08,2,2026-08-22,wk inc covid hosp,quantile,0.85,62.8496733183015
53,2026-08-08,2,2026-08-22,wk inc covid hosp,quantile,0.85,49.453834674099454
54,2026-08-08,2,2026-08-22,wk inc covid hosp,quantile,0.85,13.28359570274219
55,2026-08-08,2,2026-08-22,wk inc covid hosp,quantile,0.85,72.28914800573808
56,2026-08-08,2,2026-08-22,wk inc covid hosp,quantile,0.85,6.025659889546681
72,2026-08-08,2,2026-08-22,wk inc covid hosp,quantile,0.85,73.44697569499557
US,2026-08-08,2,2026-08-22,wk inc covid hosp,quantile,0.85,3677.1344086082568
01,2026-08-08,3,2026-08-29,wk inc covid hosp,quantile,0.85,114.55578166340696
02,2026-08-08,3,2026-08-29,wk inc covid hosp,quantile,0.85,16.557459384412194
04,2026-08-08,3,2026-08-29,wk inc covid hosp,quantile,0.85,95.401896537598
05,2026-08-08,3,2026-08-29,wk inc covid hosp,quantile,0.85,32.98614461645178
06,2026-08-08,3,2026-08-29,wk inc covid hosp,quantile,0.85,677.2763810690975
08,2026-08-08,3,2026-08-29,wk inc covid hosp,quantile,0.85,51.07869271857448
09,2026-08-08,3,2026-08-29,wk inc covid hosp,quantile,0.85,58.907543308972215
10,2026-08-08,3,2026-08-29,wk inc covid hosp,quantile,0.85,15.774968190196704
11,2026-08-08,3,2026-08-29,wk inc covid hosp,quantile,0.85,12.051461079026309
12,2026-08-08,3,2026-08-29,wk inc covid hosp,quantile,0.85,733.4750149312092
13,2026-08-08,3,2026-08-29,wk inc covid hosp,quantile,0.85,154.34293133738106
15,2026-08-08,3,2026-08-29,wk inc covid hosp,quantile,0.85,34.97411130363676
16,2026-08-08,3,2026-08-29,wk inc covid hosp,quantile,0.85,13.336348010125503
17,2026-08-08,3,2026-08-29,wk inc covid hosp,quantile,0.85,125.3156825487169
18,2026-08-08,3,2026-08-29,wk inc covid hosp,quantile,0.85,80.75184626035795
19,2026-08-08,3,2026-08-29,wk inc covid hosp,quantile,0.85,37.05973480473615
20,2026-08-08,3,2026-08-29,wk inc covid hosp,quantile,0.85,40.354741168520384
21,2026-08-08,3,2026-08-29,wk inc covid hosp,quantile,0.85,50.710580562933394
22,2026-08-08,3,2026-08-29,wk inc covid hosp,quantile,0.85,111.67023470103021
23,2026-08-08,3,2026-08-29,wk inc covid hosp,quantile,0.85,17.457581114086803
24,2026-08-08,3,2026-08-29,wk inc covid hosp,quantile,0.85,43.12153703771806
25,2026-08-08,3,2026-08-29,wk inc covid hosp,quantile,0.85,90.77544627303006
26,2026-08-08,3,2026-08-29,wk inc covid hosp,quantile,0.85,96.35776206974435
27,2026-08-08,3,2026-08-29,wk inc covid hosp,quantile,0.85,72.17553512269582
28,2026-08-08,3,2026-08-29,wk inc covid hosp,quantile,0.85,71.1150766508927
29,2026-08-08,3,2026-08-29,wk inc covid hosp,quantile,0.85,64.16761538122479
30,2026-08-08,3,2026-08-29,wk inc covid hosp,quantile,0.85,35.584738665546624
31,2026-08-08,3,2026-08-29,wk inc covid hosp,quantile,0.85,15.53374174166958
32,2026-08-08,3,2026-08-29,wk inc covid hosp,quantile,0.85,50.565652105148935
33,2026-08-08,3,2026-08-29,wk inc covid hosp,quantile,0.85,21.888504755542623
34,2026-08-08,3,2026-08-29,wk inc covid hosp,quantile,0.85,140.14491827062287
35,2026-08-08,3,2026-08-29,wk inc covid hosp,quantile,0.85,30.140730082314334
36,2026-08-08,3,2026-08-29,wk inc covid hosp,quantile,0.85,268.6641769629703
37,2026-08-08,3,2026-08-29,wk inc covid hosp,quantile,0.85,200.9079382792496
38,2026-08-08,3,2026-08-29,wk inc covid hosp,quantile,0.85,11.243795972948819
39,2026-08-08,3,2026-08-29,wk inc covid hosp,quantile,0.85,151.17562987354341
40,2026-08-08,3,2026-08-29,wk inc covid hosp,quantile,0.85,52.92603511285261
41,2026-08-08,3,2026-08-29,wk inc covid hosp,quantile,0.85,37.97379384769966
42,2026-08-08,3,2026-08-29,wk inc covid hosp,quantile,0.85,196.636795952122
44,2026-08-08,3,2026-08-29,wk inc covid hosp,quantile,0.85,19.873522031109466
45,2026-08-08,3,2026-08-29,wk inc covid hosp,quantile,0.85,67.34231573586226
46,2026-08-08,3,2026-08-29,wk inc covid hosp,quantile,0.85,11.236477148098862
47,2026-08-08,3,2026-08-29,wk inc covid hosp,quantile,0.85,107.2113368394705
48,2026-08-08,3,2026-08-29,wk inc covid hosp,quantile,0.85,679.0725818962446
49,2026-08-08,3,2026-08-29,wk inc covid hosp,quantile,0.85,24.975037189699734
50,2026-08-08,3,2026-08-29,wk inc covid hosp,quantile,0.85,7.000009305395968
51,2026-08-08,3,2026-08-29,wk inc covid hosp,quantile,0.85,76.91993910032247
53,2026-08-08,3,2026-08-29,wk inc covid hosp,quantile,0.85,59.05048449633217
54,2026-08-08,3,2026-08-29,wk inc covid hosp,quantile,0.85,18.323348512366078
55,2026-08-08,3,2026-08-29,wk inc covid hosp,quantile,0.85,91.28838598672665
56,2026-08-08,3,2026-08-29,wk inc covid hosp,quantile,0.85,8.688741476615473
72,2026-08-08,3,2026-08-29,wk inc covid hosp,quantile,0.85,86.7384130465431
US,2026-08-08,3,2026-08-29,wk inc covid hosp,quantile,0.85,4307.233501433057
01,2026-08-08,0,2026-08-08,wk inc covid hosp,quantile,0.9,76.42275692327667
02,2026-08-08,0,2026-08-08,wk inc covid hosp,quantile,0.9,7.926280032860686
04,2026-08-08,0,2026-08-08,wk inc covid hosp,quantile,0.9,51.343821697758926
05,2026-08-08,0,2026-08-08,wk inc covid hosp,quantile,0.9,15.045188981563973
06,2026-08-08,0,2026-08-08,wk inc covid hosp,quantile,0.9,452.3777080062121
08,2026-08-08,0,2026-08-08,wk inc covid hosp,quantile,0.9,24.709547062440052
09,2026-08-08,0,2026-08-08,wk inc covid hosp,quantile,0.9,27.305412627513352
10,2026-08-08,0,2026-08-08,wk inc covid hosp,quantile,0.9,6.755186537989582
11,2026-08-08,0,2026-08-08,wk inc covid hosp,quantile,0.9,4.56924632970596
12,2026-08-08,0,2026-08-08,wk inc covid hosp,quantile,0.9,483.83841197779896
13,2026-08-08,0,2026-08-08,wk inc covid hosp,quantile,0.9,93.05802909937924
15,2026-08-08,0,2026-08-08,wk inc covid hosp,quantile,0.9,20.836554871231606
16,2026-08-08,0,2026-08-08,wk inc covid hosp,quantile,0.9,5.629795432271515
17,2026-08-08,0,2026-08-08,wk inc covid hosp,quantile,0.9,60.07280834632896
18,2026-08-08,0,2026-08-08,wk inc covid hosp,quantile,0.9,37.70308312897129
19,2026-08-08,0,2026-08-08,wk inc covid hosp,quantile,0.9,16.886002784528266
20,2026-08-08,0,2026-08-08,wk inc covid hosp,quantile,0.9,18.77445333794082
21,2026-08-08,0,2026-08-08,wk inc covid hosp,quantile,0.9,23.628414218489468
22,2026-08-08,0,2026-08-08,wk inc covid hosp,quantile,0.9,78.73286574779121
23,2026-08-08,0,2026-08-08,wk inc covid hosp,quantile,0.9,7.139473625796578
24,2026-08-08,0,2026-08-08,wk inc covid hosp,quantile,0.9,19.387547028653977
25,2026-08-08,0,2026-08-08,wk inc covid hosp,quantile,0.9,40.47034710637086
26,2026-08-08,0,2026-08-08,wk inc covid hosp,quantile,0.9,36.10758090397355
27,2026-08-08,0,2026-08-08,wk inc covid hosp,quantile,0.9,32.92041630707637
28,2026-08-08,0,2026-08-08,wk inc covid hosp,quantile,0.9,43.34145181309835
29,2026-08-08,0,2026-08-08,wk inc covid hosp,quantile,0.9,29.611629868976493
30,2026-08-08,0,2026-08-08,wk inc covid hosp,quantile,0.9,16.373581569380782
31,2026-08-08,0,2026-08-08,wk inc covid hosp,quantile,0.9,5.680358941090647
32,2026-08-08,0,2026-08-08,wk inc covid hosp,quantile,0.9,30.78538951978242
33,2026-08-08,0,2026-08-08,wk inc covid hosp,quantile,0.9,9.992824095490079
34,2026-08-08,0,2026-08-08,wk inc covid hosp,quantile,0.9,75.52264796691756
35,2026-08-08,0,2026-08-08,wk inc covid hosp,quantile,0.9,15.608027308877455
36,2026-08-08,0,2026-08-08,wk inc covid hosp,quantile,0.9,153.59633735013801
37,2026-08-08,0,2026-08-08,wk inc covid hosp,quantile,0.9,121.58317182641798
38,2026-08-08,0,2026-08-08,wk inc covid hosp,quantile,0.9,4.820443794873029
39,2026-08-08,0,2026-08-08,wk inc covid hosp,quantile,0.9,73.55561379443944
40,2026-08-08,0,2026-08-08,wk inc covid hosp,quantile,0.9,26.39787155783497
41,2026-08-08,0,2026-08-08,wk inc covid hosp,quantile,0.9,19.504508686368187
42,2026-08-08,0,2026-08-08,wk inc covid hosp,quantile,0.9,92.97530607001359
44,2026-08-08,0,2026-08-08,wk inc covid hosp,quantile,0.9,9.181155826821698
45,2026-08-08,0,2026-08-08,wk inc covid hosp,quantile,0.9,35.51137846449493
46,2026-08-08,0,2026-08-08,wk inc covid hosp,quantile,0.9,4.042151237976965
47,2026-08-08,0,2026-08-08,wk inc covid hosp,quantile,0.9,61.33376654237051
48,2026-08-08,0,2026-08-08,wk inc covid hosp,quantile,0.9,438.2778092823883
49,2026-08-08,0,2026-08-08,wk inc covid hosp,quantile,0.9,12.685865624523624
50,2026-08-08,0,2026-08-08,wk inc covid hosp,quantile,0.9,2.569227995077204
51,2026-08-08,0,2026-08-08,wk inc covid hosp,quantile,0.9,37.485506644565255
53,2026-08-08,0,2026-08-08,wk inc covid hosp,quantile,0.9,33.62745679095492
54,2026-08-08,0,2026-08-08,wk inc covid hosp,quantile,0.9,7.293560085190428
55,2026-08-08,0,2026-08-08,wk inc covid hosp,quantile,0.9,41.18364557767459
56,2026-08-08,0,2026-08-08,wk inc covid hosp,quantile,0.9,3.4667963741894834
72,2026-08-08,0,2026-08-08,wk inc covid hosp,quantile,0.9,53.6056193703808
US,2026-08-08,0,2026-08-08,wk inc covid hosp,quantile,0.9,2650.7266853383226
01,2026-08-08,1,2026-08-15,wk inc covid hosp,quantile,0.9,91.67066837175105
02,2026-08-08,1,2026-08-15,wk inc covid hosp,quantile,0.9,11.972180543979851
04,2026-08-08,1,2026-08-15,wk inc covid hosp,quantile,0.9,69.94273359296763
05,2026-08-08,1,2026-08-15,wk inc covid hosp,quantile,0.9,21.652977041178044
06,2026-08-08,1,2026-08-15,wk inc covid hosp,quantile,0.9,547.8277171430741
08,2026-08-08,1,2026-08-15,wk inc covid hosp,quantile,0.9,35.03421750975833
09,2026-08-08,1,2026-08-15,wk inc covid hosp,quantile,0.9,39.876250316707115
10,2026-08-08,1,2026-08-15,wk inc covid hosp,quantile,0.9,9.709234543238951
11,2026-08-08,1,2026-08-15,wk inc covid hosp,quantile,0.9,7.295013097223806
12,2026-08-08,1,2026-08-15,wk inc covid hosp,quantile,0.9,603.3418156693266
13,2026-08-08,1,2026-08-15,wk inc covid hosp,quantile,0.9,119.68246828965746
15,2026-08-08,1,2026-08-15,wk inc covid hosp,quantile,0.9,26.98029177298161
16,2026-08-08,1,2026-08-15,wk inc covid hosp,quantile,0.9,8.777102925363252
17,2026-08-08,1,2026-08-15,wk inc covid hosp,quantile,0.9,84.17233938164338
18,2026-08-08,1,2026-08-15,wk inc covid hosp,quantile,0.9,54.998562800111536
19,2026-08-08,1,2026-08-15,wk inc covid hosp,quantile,0.9,25.314359406806798
20,2026-08-08,1,2026-08-15,wk inc covid hosp,quantile,0.9,27.595732236472223
21,2026-08-08,1,2026-08-15,wk inc covid hosp,quantile,0.9,34.170356596335246
22,2026-08-08,1,2026-08-15,wk inc covid hosp,quantile,0.9,91.79395370951929
23,2026-08-08,1,2026-08-15,wk inc covid hosp,quantile,0.9,11.105013087305581
24,2026-08-08,1,2026-08-15,wk inc covid hosp,quantile,0.9,28.79810707190436
25,2026-08-08,1,2026-08-15,wk inc covid hosp,quantile,0.9,60.276084086163436
26,2026-08-08,1,2026-08-15,wk inc covid hosp,quantile,0.9,58.00704485577289
27,2026-08-08,1,2026-08-15,wk inc covid hosp,quantile,0.9,48.20219231026668
28,2026-08-08,1,2026-08-15,wk inc covid hosp,quantile,0.9,53.42413359135618
29,2026-08-08,1,2026-08-15,wk inc covid hosp,quantile,0.9,43.23162823155653
30,2026-08-08,1,2026-08-15,wk inc covid hosp,quantile,0.9,23.838052826251033
31,2026-08-08,1,2026-08-15,wk inc covid hosp,quantile,0.9,9.060367745828128
32,2026-08-08,1,2026-08-15,wk inc covid hosp,quantile,0.9,38.52652067581727
33,2026-08-08,1,2026-08-15,wk inc covid hosp,quantile,0.9,14.839193418153078
34,2026-08-08,1,2026-08-15,wk inc covid hosp,quantile,0.9,100.19603622040422
35,2026-08-08,1,2026-08-15,wk inc covid hosp,quantile,0.9,21.378446339097394
36,2026-08-08,1,2026-08-15,wk inc covid hosp,quantile,0.9,198.56234661666966
37,2026-08-08,1,2026-08-15,wk inc covid hosp,quantile,0.9,156.14892198722123
38,2026-08-08,1,2026-08-15,wk inc covid hosp,quantile,0.9,7.51469749948865
39,2026-08-08,1,2026-08-15,wk inc covid hosp,quantile,0.9,103.95905204091193
40,2026-08-08,1,2026-08-15,wk inc covid hosp,quantile,0.9,36.54362131014131
41,2026-08-08,1,2026-08-15,wk inc covid hosp,quantile,0.9,25.82655964446667
42,2026-08-08,1,2026-08-15,wk inc covid hosp,quantile,0.9,133.97580672051055
44,2026-08-08,1,2026-08-15,wk inc covid hosp,quantile,0.9,13.057610946235451
45,2026-08-08,1,2026-08-15,wk inc covid hosp,quantile,0.9,47.53826815046514
46,2026-08-08,1,2026-08-15,wk inc covid hosp,quantile,0.9,7.279600544110184
47,2026-08-08,1,2026-08-15,wk inc covid hosp,quantile,0.9,77.83031861621096
48,2026-08-08,1,2026-08-15,wk inc covid hosp,quantile,0.9,549.7560047880278
49,2026-08-08,1,2026-08-15,wk inc covid hosp,quantile,0.9,17.82295271010095
50,2026-08-08,1,2026-08-15,wk inc covid hosp,quantile,0.9,4.2605566923856175
51,2026-08-08,1,2026-08-15,wk inc covid hosp,quantile,0.9,53.811629417256995
53,2026-08-08,1,2026-08-15,wk inc covid hosp,quantile,0.9,43.352740957603295
54,2026-08-08,1,2026-08-15,wk inc covid hosp,quantile,0.9,11.30596734644116
55,2026-08-08,1,2026-08-15,wk inc covid hosp,quantile,0.9,60.86682117549756
56,2026-08-08,1,2026-08-15,wk inc covid hosp,quantile,0.9,5.558518189783864
72,2026-08-08,1,2026-08-15,wk inc covid hosp,quantile,0.9,70.02203156523787
US,2026-08-08,1,2026-08-15,wk inc covid hosp,quantile,0.9,3277.134336506827
01,2026-08-08,2,2026-08-22,wk inc covid hosp,quantile,0.9,110.97371334260502
02,2026-08-08,2,2026-08-22,wk inc covid hosp,quantile,0.9,15.556045017567106
04,2026-08-08,2,2026-08-22,wk inc covid hosp,quantile,0.9,88.87239333992439
05,2026-08-08,2,2026-08-22,wk inc covid hosp,quantile,0.9,30.87315096165531
06,2026-08-08,2,2026-08-22,wk inc covid hosp,quantile,0.9,640.361656304394
08,2026-08-08,2,2026-08-22,wk inc covid hosp,quantile,0.9,45.52134583106933
09,2026-08-08,2,2026-08-22,wk inc covid hosp,quantile,0.9,54.85501592022117
10,2026-08-08,2,2026-08-22,wk inc covid hosp,quantile,0.9,14.22877753875375
11,2026-08-08,2,2026-08-22,wk inc covid hosp,quantile,0.9,10.799548543963462
12,2026-08-08,2,2026-08-22,wk inc covid hosp,quantile,0.9,717.0120535930085
13,2026-08-08,2,2026-08-22,wk inc covid hosp,quantile,0.9,145.88599067846945
15,2026-08-08,2,2026-08-22,wk inc covid hosp,quantile,0.9,33.34891668292543
16,2026-08-08,2,2026-08-22,wk inc covid hosp,quantile,0.9,12.805174464953023
17,2026-08-08,2,2026-08-22,wk inc covid hosp,quantile,0.9,111.68415769827064
18,2026-08-08,2,2026-08-22,wk inc covid hosp,quantile,0.9,70.81134926538603
19,2026-08-08,2,2026-08-22,wk inc covid hosp,quantile,0.9,33.34777407489839
20,2026-08-08,2,2026-08-22,wk inc covid hosp,quantile,0.9,36.53475373371953
21,2026-08-08,2,2026-08-22,wk inc covid hosp,quantile,0.9,46.0451014540838
22,2026-08-08,2,2026-08-22,wk inc covid hosp,quantile,0.9,104.44039678017832
23,2026-08-08,2,2026-08-22,wk inc covid hosp,quantile,0.9,16.09821265047865
24,2026-08-08,2,2026-08-22,wk inc covid hosp,quantile,0.9,39.50687751237079
25,2026-08-08,2,2026-08-22,wk inc covid hosp,quantile,0.9,79.27336943414403
26,2026-08-08,2,2026-08-22,wk inc covid hosp,quantile,0.9,84.22533912496091
27,2026-08-08,2,2026-08-22,wk inc covid hosp,quantile,0.9,63.92320715749891
28,2026-08-08,2,2026-08-22,wk inc covid hosp,quantile,0.9,68.18797926175954
29,2026-08-08,2,2026-08-22,wk inc covid hosp,quantile,0.9,55.74570026693352
30,2026-08-08,2,2026-08-22,wk inc covid hosp,quantile,0.9,33.067835474504285
31,2026-08-08,2,2026-08-22,wk inc covid hosp,quantile,0.9,14.275828604910409
32,2026-08-08,2,2026-08-22,wk inc covid hosp,quantile,0.9,47.767714818035095
33,2026-08-08,2,2026-08-22,wk inc covid hosp,quantile,0.9,20.056375178783473
34,2026-08-08,2,2026-08-22,wk inc covid hosp,quantile,0.9,132.22196039956822
35,2026-08-08,2,2026-08-22,wk inc covid hosp,quantile,0.9,28.6993392521998
36,2026-08-08,2,2026-08-22,wk inc covid hosp,quantile,0.9,247.14814769557782
37,2026-08-08,2,2026-08-22,wk inc covid hosp,quantile,0.9,192.42312227345602
38,2026-08-08,2,2026-08-22,wk inc covid hosp,quantile,0.9,10.426603466533246
39,2026-08-08,2,2026-08-22,wk inc covid hosp,quantile,0.9,139.63137601550127
40,2026-08-08,2,2026-08-22,wk inc covid hosp,quantile,0.9,49.16077651062938
41,2026-08-08,2,2026-08-22,wk inc covid hosp,quantile,0.9,34.539880241239786
42,2026-08-08,2,2026-08-22,wk inc covid hosp,quantile,0.9,178.36831480947643
44,2026-08-08,2,2026-08-22,wk inc covid hosp,quantile,0.9,18.80676592428708
45,2026-08-08,2,2026-08-22,wk inc covid hosp,quantile,0.9,62.568692987863024
46,2026-08-08,2,2026-08-22,wk inc covid hosp,quantile,0.9,11.005805526188842
47,2026-08-08,2,2026-08-22,wk inc covid hosp,quantile,0.9,101.78475083897129
48,2026-08-08,2,2026-08-22,wk inc covid hosp,quantile,0.9,643.9621930968517
49,2026-08-08,2,2026-08-22,wk inc covid hosp,quantile,0.9,24.672241788920463
50,2026-08-08,2,2026-08-22,wk inc covid hosp,quantile,0.9,6.719660245404732
51,2026-08-08,2,2026-08-22,wk inc covid hosp,quantile,0.9,71.60477186616087
53,2026-08-08,2,2026-08-22,wk inc covid hosp,quantile,0.9,55.17335760930396
54,2026-08-08,2,2026-08-22,wk inc covid hosp,quantile,0.9,16.697773743146634
55,2026-08-08,2,2026-08-22,wk inc covid hosp,quantile,0.9,81.27607368042621
56,2026-08-08,2,2026-08-22,wk inc covid hosp,quantile,0.9,7.95436511171921
72,2026-08-08,2,2026-08-22,wk inc covid hosp,quantile,0.9,84.46165416371502
US,2026-08-08,2,2026-08-22,wk inc covid hosp,quantile,0.9,3951.291574840411
01,2026-08-08,3,2026-08-29,wk inc covid hosp,quantile,0.9,127.5047860422067
02,2026-08-08,3,2026-08-29,wk inc covid hosp,quantile,0.9,20.324819676379132
04,2026-08-08,3,2026-08-29,wk inc covid hosp,quantile,0.9,109.3912964278344
05,2026-08-08,3,2026-08-29,wk inc covid hosp,quantile,0.9,39.32651959056081
06,2026-08-08,3,2026-08-29,wk inc covid hosp,quantile,0.9,728.4733965571617
08,2026-08-08,3,2026-08-29,wk inc covid hosp,quantile,0.9,61.50336440239585
09,2026-08-08,3,2026-08-29,wk inc covid hosp,quantile,0.9,70.406751053506
10,2026-08-08,3,2026-08-29,wk inc covid hosp,quantile,0.9,18.70117968363332
11,2026-08-08,3,2026-08-29,wk inc covid hosp,quantile,0.9,14.852033626431911
12,2026-08-08,3,2026-08-29,wk inc covid hosp,quantile,0.9,850.526684628789
13,2026-08-08,3,2026-08-29,wk inc covid hosp,quantile,0.9,172.50417744609157
15,2026-08-08,3,2026-08-29,wk inc covid hosp,quantile,0.9,40.36321135558302
16,2026-08-08,3,2026-08-29,wk inc covid hosp,quantile,0.9,16.99859529482902
17,2026-08-08,3,2026-08-29,wk inc covid hosp,quantile,0.9,139.188457725936
18,2026-08-08,3,2026-08-29,wk inc covid hosp,quantile,0.9,91.00160403822646
19,2026-08-08,3,2026-08-29,wk inc covid hosp,quantile,0.9,43.47399201071962
20,2026-08-08,3,2026-08-29,wk inc covid hosp,quantile,0.9,47.246795431761555
21,2026-08-08,3,2026-08-29,wk inc covid hosp,quantile,0.9,60.9867613408114
22,2026-08-08,3,2026-08-29,wk inc covid hosp,quantile,0.9,128.83242426082884
23,2026-08-08,3,2026-08-29,wk inc covid hosp,quantile,0.9,21.258307250365977
24,2026-08-08,3,2026-08-29,wk inc covid hosp,quantile,0.9,50.99497024738736
25,2026-08-08,3,2026-08-29,wk inc covid hosp,quantile,0.9,104.40032139270606
26,2026-08-08,3,2026-08-29,wk inc covid hosp,quantile,0.9,117.07969040861472
27,2026-08-08,3,2026-08-29,wk inc covid hosp,quantile,0.9,82.30048961497751
28,2026-08-08,3,2026-08-29,wk inc covid hosp,quantile,0.9,82.29061260877334
29,2026-08-08,3,2026-08-29,wk inc covid hosp,quantile,0.9,72.64168357138806
30,2026-08-08,3,2026-08-29,wk inc covid hosp,quantile,0.9,42.318922071444774
31,2026-08-08,3,2026-08-29,wk inc covid hosp,quantile,0.9,20.30130664138221
32,2026-08-08,3,2026-08-29,wk inc covid hosp,quantile,0.9,57.04810926568806
33,2026-08-08,3,2026-08-29,wk inc covid hosp,quantile,0.9,26.577721403750527
34,2026-08-08,3,2026-08-29,wk inc covid hosp,quantile,0.9,164.30994025277172
35,2026-08-08,3,2026-08-29,wk inc covid hosp,quantile,0.9,35.81326840108746
36,2026-08-08,3,2026-08-29,wk inc covid hosp,quantile,0.9,299.12943243538075
37,2026-08-08,3,2026-08-29,wk inc covid hosp,quantile,0.9,230.71689802490172
38,2026-08-08,3,2026-08-29,wk inc covid hosp,quantile,0.9,13.823646065134392
39,2026-08-08,3,2026-08-29,wk inc covid hosp,quantile,0.9,177.53460047376387
40,2026-08-08,3,2026-08-29,wk inc covid hosp,quantile,0.9,62.58443252062412
41,2026-08-08,3,2026-08-29,wk inc covid hosp,quantile,0.9,44.50152742565134
42,2026-08-08,3,2026-08-29,wk inc covid hosp,quantile,0.9,234.01785518384165
44,2026-08-08,3,2026-08-29,wk inc covid hosp,quantile,0.9,24.63881837033168
45,2026-08-08,3,2026-08-29,wk inc covid hosp,quantile,0.9,78.74588336509666
46,2026-08-08,3,2026-08-29,wk inc covid hosp,quantile,0.9,15.429777694524775
47,2026-08-08,3,2026-08-29,wk inc covid hosp,quantile,0.9,123.16567442952666
48,2026-08-08,3,2026-08-29,wk inc covid hosp,quantile,0.9,765.5789387105364
49,2026-08-08,3,2026-08-29,wk inc covid hosp,quantile,0.9,30.432850194163695
50,2026-08-08,3,2026-08-29,wk inc covid hosp,quantile,0.9,9.522762080654125
51,2026-08-08,3,2026-08-29,wk inc covid hosp,quantile,0.9,89.72338495988784
53,2026-08-08,3,2026-08-29,wk inc covid hosp,quantile,0.9,66.61080518060491
54,2026-08-08,3,2026-08-29,wk inc covid hosp,quantile,0.9,22.572588975903322
55,2026-08-08,3,2026-08-29,wk inc covid hosp,quantile,0.9,105.29271603295065
56,2026-08-08,3,2026-08-29,wk inc covid hosp,quantile,0.9,11.87905138674916
72,2026-08-08,3,2026-08-29,wk inc covid hosp,quantile,0.9,102.41092223080406
US,2026-08-08,3,2026-08-29,wk inc covid hosp,quantile,0.9,4662.630511796778
01,2026-08-08,0,2026-08-08,wk inc covid hosp,quantile,0.95,83.07053391071119
02,2026-08-08,0,2026-08-08,wk inc covid hosp,quantile,0.95,9.679390956915997
04,2026-08-08,0,2026-08-08,wk inc covid hosp,quantile,0.95,58.98913815708868
05,2026-08-08,0,2026-08-08,wk inc covid hosp,quantile,0.95,18.445596352033206
06,2026-08-08,0,2026-08-08,wk inc covid hosp,quantile,0.95,478.92149366173265
08,2026-08-08,0,2026-08-08,wk inc covid hosp,quantile,0.95,28.90650861026727
09,2026-08-08,0,2026-08-08,wk inc covid hosp,quantile,0.95,33.13819894586932
10,2026-08-08,0,2026-08-08,wk inc covid hosp,quantile,0.95,8.291835983675673
11,2026-08-08,0,2026-08-08,wk inc covid hosp,quantile,0.95,6.022283674405721
12,2026-08-08,0,2026-08-08,wk inc covid hosp,quantile,0.95,535.6871013829088
13,2026-08-08,0,2026-08-08,wk inc covid hosp,quantile,0.95,103.5358365235258
15,2026-08-08,0,2026-08-08,wk inc covid hosp,quantile,0.95,23.2985321365583
16,2026-08-08,0,2026-08-08,wk inc covid hosp,quantile,0.95,7.32689421222674
17,2026-08-08,0,2026-08-08,wk inc covid hosp,quantile,0.95,68.15359148130106
18,2026-08-08,0,2026-08-08,wk inc covid hosp,quantile,0.95,44.12195454027536
19,2026-08-08,0,2026-08-08,wk inc covid hosp,quantile,0.95,20.398938459661185
20,2026-08-08,0,2026-08-08,wk inc covid hosp,quantile,0.95,22.622163649367174
21,2026-08-08,0,2026-08-08,wk inc covid hosp,quantile,0.95,28.406611222990133
22,2026-08-08,0,2026-08-08,wk inc covid hosp,quantile,0.95,86.30087391007044
23,2026-08-08,0,2026-08-08,wk inc covid hosp,quantile,0.95,9.144400465753659
24,2026-08-08,0,2026-08-08,wk inc covid hosp,quantile,0.95,23.846257019474827
25,2026-08-08,0,2026-08-08,wk inc covid hosp,quantile,0.95,46.393239596662006
26,2026-08-08,0,2026-08-08,wk inc covid hosp,quantile,0.95,45.53480706772983
27,2026-08-08,0,2026-08-08,wk inc covid hosp,quantile,0.95,37.66472824339318
28,2026-08-08,0,2026-08-08,wk inc covid hosp,quantile,0.95,48.6252694023237
29,2026-08-08,0,2026-08-08,wk inc covid hosp,quantile,0.95,33.56916852937533
30,2026-08-08,0,2026-08-08,wk inc covid hosp,quantile,0.95,19.413684206036592
31,2026-08-08,0,2026-08-08,wk inc covid hosp,quantile,0.95,7.511454099417753
32,2026-08-08,0,2026-08-08,wk inc covid hosp,quantile,0.95,35.022025063317905
33,2026-08-08,0,2026-08-08,wk inc covid hosp,quantile,0.95,12.03520702944736
34,2026-08-08,0,2026-08-08,wk inc covid hosp,quantile,0.95,89.42644952937239
35,2026-08-08,0,2026-08-08,wk inc covid hosp,quantile,0.95,18.25899210434995
36,2026-08-08,0,2026-08-08,wk inc covid hosp,quantile,0.95,167.27072094136523
37,2026-08-08,0,2026-08-08,wk inc covid hosp,quantile,0.95,133.25914618607084
38,2026-08-08,0,2026-08-08,wk inc covid hosp,quantile,0.95,6.142208311247987
39,2026-08-08,0,2026-08-08,wk inc covid hosp,quantile,0.95,82.98915986411924
40,2026-08-08,0,2026-08-08,wk inc covid hosp,quantile,0.95,29.905581421632796
41,2026-08-08,0,2026-08-08,wk inc covid hosp,quantile,0.95,22.14789851900811
42,2026-08-08,0,2026-08-08,wk inc covid hosp,quantile,0.95,109.51314097642675
44,2026-08-08,0,2026-08-08,wk inc covid hosp,quantile,0.95,11.20734286968881
45,2026-08-08,0,2026-08-08,wk inc covid hosp,quantile,0.95,40.37938279251156
46,2026-08-08,0,2026-08-08,wk inc covid hosp,quantile,0.95,5.442502968363294
47,2026-08-08,0,2026-08-08,wk inc covid hosp,quantile,0.95,69.59010567150699
48,2026-08-08,0,2026-08-08,wk inc covid hosp,quantile,0.95,481.24145549220896
49,2026-08-08,0,2026-08-08,wk inc covid hosp,quantile,0.95,15.277367994437732
50,2026-08-08,0,2026-08-08,wk inc covid hosp,quantile,0.95,3.6658540415613454
51,2026-08-08,0,2026-08-08,wk inc covid hosp,quantile,0.95,43.3406025627166
53,2026-08-08,0,2026-08-08,wk inc covid hosp,quantile,0.95,38.248761434354165
54,2026-08-08,0,2026-08-08,wk inc covid hosp,quantile,0.95,9.04668187287631
55,2026-08-08,0,2026-08-08,wk inc covid hosp,quantile,0.95,47.276540926675956
56,2026-08-08,0,2026-08-08,wk inc covid hosp,quantile,0.95,4.982352149569198
72,2026-08-08,0,2026-08-08,wk inc covid hosp,quantile,0.95,61.65254368111891
US,2026-08-08,0,2026-08-08,wk inc covid hosp,quantile,0.95,2847.34491494944
01,2026-08-08,1,2026-08-15,wk inc covid hosp,quantile,0.95,104.10148417493572
02,2026-08-08,1,2026-08-15,wk inc covid hosp,quantile,0.95,14.757734455329297
04,2026-08-08,1,2026-08-15,wk inc covid hosp,quantile,0.95,81.48694584169999
05,2026-08-08,1,2026-08-15,wk inc covid hosp,quantile,0.95,26.931146231199065
06,2026-08-08,1,2026-08-15,wk inc covid hosp,quantile,0.95,596.1703569200229
08,2026-08-08,1,2026-08-15,wk inc covid hosp,quantile,0.95,41.56794716233555
09,2026-08-08,1,2026-08-15,wk inc covid hosp,quantile,0.95,48.6454069922141
10,2026-08-08,1,2026-08-15,wk inc covid hosp,quantile,0.95,12.191004274054407
11,2026-08-08,1,2026-08-15,wk inc covid hosp,quantile,0.95,9.88722464418918
12,2026-08-08,1,2026-08-15,wk inc covid hosp,quantile,0.95,687.9919559788582
13,2026-08-08,1,2026-08-15,wk inc covid hosp,quantile,0.95,136.5597033798383
15,2026-08-08,1,2026-08-15,wk inc covid hosp,quantile,0.95,30.833965356593033
16,2026-08-08,1,2026-08-15,wk inc covid hosp,quantile,0.95,11.596550275543596
17,2026-08-08,1,2026-08-15,wk inc covid hosp,quantile,0.95,96.76626096909774
18,2026-08-08,1,2026-08-15,wk inc covid hosp,quantile,0.95,65.08658603071274
19,2026-08-08,1,2026-08-15,wk inc covid hosp,quantile,0.95,30.71226068229947
20,2026-08-08,1,2026-08-15,wk inc covid hosp,quantile,0.95,32.12265884510263
21,2026-08-08,1,2026-08-15,wk inc covid hosp,quantile,0.95,40.96289573299915
22,2026-08-08,1,2026-08-15,wk inc covid hosp,quantile,0.95,105.6782480499178
23,2026-08-08,1,2026-08-15,wk inc covid hosp,quantile,0.95,14.255192882460058
24,2026-08-08,1,2026-08-15,wk inc covid hosp,quantile,0.95,35.447097594546044
25,2026-08-08,1,2026-08-15,wk inc covid hosp,quantile,0.95,70.53215560612739
26,2026-08-08,1,2026-08-15,wk inc covid hosp,quantile,0.95,72.49572007885541
27,2026-08-08,1,2026-08-15,wk inc covid hosp,quantile,0.95,55.92524103531086
28,2026-08-08,1,2026-08-15,wk inc covid hosp,quantile,0.95,61.85319335172439
29,2026-08-08,1,2026-08-15,wk inc covid hosp,quantile,0.95,50.0701242838343
30,2026-08-08,1,2026-08-15,wk inc covid hosp,quantile,0.95,28.791789755028045
31,2026-08-08,1,2026-08-15,wk inc covid hosp,quantile,0.95,12.766945715046345
32,2026-08-08,1,2026-08-15,wk inc covid hosp,quantile,0.95,44.64351371950055
33,2026-08-08,1,2026-08-15,wk inc covid hosp,quantile,0.95,18.745003756891325
34,2026-08-08,1,2026-08-15,wk inc covid hosp,quantile,0.95,118.76054768437574
35,2026-08-08,1,2026-08-15,wk inc covid hosp,quantile,0.95,25.86706088139535
36,2026-08-08,1,2026-08-15,wk inc covid hosp,quantile,0.95,223.1956424418941
37,2026-08-08,1,2026-08-15,wk inc covid hosp,quantile,0.95,176.78052870216862
38,2026-08-08,1,2026-08-15,wk inc covid hosp,quantile,0.95,9.770821710361714
39,2026-08-08,1,2026-08-15,wk inc covid hosp,quantile,0.95,122.30432691794148
40,2026-08-08,1,2026-08-15,wk inc covid hosp,quantile,0.95,43.426276266845335
41,2026-08-08,1,2026-08-15,wk inc covid hosp,quantile,0.95,30.465281629371386
42,2026-08-08,1,2026-08-15,wk inc covid hosp,quantile,0.95,160.9266775016333
44,2026-08-08,1,2026-08-15,wk inc covid hosp,quantile,0.95,16.765663484821705
45,2026-08-08,1,2026-08-15,wk inc covid hosp,quantile,0.95,56.97098806453513
46,2026-08-08,1,2026-08-15,wk inc covid hosp,quantile,0.95,9.711530512060909
47,2026-08-08,1,2026-08-15,wk inc covid hosp,quantile,0.95,91.14027289445345
48,2026-08-08,1,2026-08-15,wk inc covid hosp,quantile,0.95,618.473825417668
49,2026-08-08,1,2026-08-15,wk inc covid hosp,quantile,0.95,21.856067215006114
50,2026-08-08,1,2026-08-15,wk inc covid hosp,quantile,0.95,6.566733240012905
51,2026-08-08,1,2026-08-15,wk inc covid hosp,quantile,0.95,64.6398942695199
53,2026-08-08,1,2026-08-15,wk inc covid hosp,quantile,0.95,50.94784376516372
54,2026-08-08,1,2026-08-15,wk inc covid hosp,quantile,0.95,14.85936981534799
55,2026-08-08,1,2026-08-15,wk inc covid hosp,quantile,0.95,71.23446368700218
56,2026-08-08,1,2026-08-15,wk inc covid hosp,quantile,0.95,8.282474400112594
72,2026-08-08,1,2026-08-15,wk inc covid hosp,quantile,0.95,82.67299316297769
US,2026-08-08,1,2026-08-15,wk inc covid hosp,quantile,0.95,3533.205828038439
01,2026-08-08,2,2026-08-22,wk inc covid hosp,quantile,0.95,128.74769592415367
02,2026-08-08,2,2026-08-22,wk inc covid hosp,quantile,0.95,19.84271703199688
04,2026-08-08,2,2026-08-22,wk inc covid hosp,quantile,0.95,104.32957182418609
05,2026-08-08,2,2026-08-22,wk inc covid hosp,quantile,0.95,39.049961642637335
06,2026-08-08,2,2026-08-22,wk inc covid hosp,quantile,0.95,708.902779515019
08,2026-08-08,2,2026-08-22,wk inc covid hosp,quantile,0.95,55.39622730489826
09,2026-08-08,2,2026-08-22,wk inc covid hosp,quantile,0.95,69.61419726522287
10,2026-08-08,2,2026-08-22,wk inc covid hosp,quantile,0.95,17.697541226543624
11,2026-08-08,2,2026-08-22,wk inc covid hosp,quantile,0.95,14.24350629673454
12,2026-08-08,2,2026-08-22,wk inc covid hosp,quantile,0.95,845.1496099763979
13,2026-08-08,2,2026-08-22,wk inc covid hosp,quantile,0.95,169.1184856922061
15,2026-08-08,2,2026-08-22,wk inc covid hosp,quantile,0.95,39.804935751145926
16,2026-08-08,2,2026-08-22,wk inc covid hosp,quantile,0.95,17.655582795679017
17,2026-08-08,2,2026-08-22,wk inc covid hosp,quantile,0.95,131.12650685865452
18,2026-08-08,2,2026-08-22,wk inc covid hosp,quantile,0.95,85.3185628475713
19,2026-08-08,2,2026-08-22,wk inc covid hosp,quantile,0.95,41.11356098139429
20,2026-08-08,2,2026-08-22,wk inc covid hosp,quantile,0.95,45.55305102967286
21,2026-08-08,2,2026-08-22,wk inc covid hosp,quantile,0.95,56.42654713966399
22,2026-08-08,2,2026-08-22,wk inc covid hosp,quantile,0.95,124.4141754082402
23,2026-08-08,2,2026-08-22,wk inc covid hosp,quantile,0.95,21.04571981327874
24,2026-08-08,2,2026-08-22,wk inc covid hosp,quantile,0.95,50.02393700222512
25,2026-08-08,2,2026-08-22,wk inc covid hosp,quantile,0.95,94.14412351498632
26,2026-08-08,2,2026-08-22,wk inc covid hosp,quantile,0.95,106.76524486918937
27,2026-08-08,2,2026-08-22,wk inc covid hosp,quantile,0.95,76.4429357901904
28,2026-08-08,2,2026-08-22,wk inc covid hosp,quantile,0.95,82.33212966838917
29,2026-08-08,2,2026-08-22,wk inc covid hosp,quantile,0.95,67.46267203013191
30,2026-08-08,2,2026-08-22,wk inc covid hosp,quantile,0.95,42.46445123715859
31,2026-08-08,2,2026-08-22,wk inc covid hosp,quantile,0.95,19.9032429159585
32,2026-08-08,2,2026-08-22,wk inc covid hosp,quantile,0.95,56.51111378452043
33,2026-08-08,2,2026-08-22,wk inc covid hosp,quantile,0.95,26.399882125592605
34,2026-08-08,2,2026-08-22,wk inc covid hosp,quantile,0.95,165.18175510195638
35,2026-08-08,2,2026-08-22,wk inc covid hosp,quantile,0.95,35.83950030329221
36,2026-08-08,2,2026-08-22,wk inc covid hosp,quantile,0.95,283.35896550010364
37,2026-08-08,2,2026-08-22,wk inc covid hosp,quantile,0.95,217.76696520001335
38,2026-08-08,2,2026-08-22,wk inc covid hosp,quantile,0.95,13.517217800366874
39,2026-08-08,2,2026-08-22,wk inc covid hosp,quantile,0.95,171.09658448565386
40,2026-08-08,2,2026-08-22,wk inc covid hosp,quantile,0.95,57.62725616715358
41,2026-08-08,2,2026-08-22,wk inc covid hosp,quantile,0.95,41.5674689063645
42,2026-08-08,2,2026-08-22,wk inc covid hosp,quantile,0.95,226.42589052799244
44,2026-08-08,2,2026-08-22,wk inc covid hosp,quantile,0.95,24.29740270092003
45,2026-08-08,2,2026-08-22,wk inc covid hosp,quantile,0.95,74.32398401196922
46,2026-08-08,2,2026-08-22,wk inc covid hosp,quantile,0.95,15.387065042543185
47,2026-08-08,2,2026-08-22,wk inc covid hosp,quantile,0.95,120.4326235208051
48,2026-08-08,2,2026-08-22,wk inc covid hosp,quantile,0.95,752.6211445990649
49,2026-08-08,2,2026-08-22,wk inc covid hosp,quantile,0.95,31.158903853924958
50,2026-08-08,2,2026-08-22,wk inc covid hosp,quantile,0.95,9.991861836650196
51,2026-08-08,2,2026-08-22,wk inc covid hosp,quantile,0.95,85.86334108240669
53,2026-08-08,2,2026-08-22,wk inc covid hosp,quantile,0.95,66.89810721059875
54,2026-08-08,2,2026-08-22,wk inc covid hosp,quantile,0.95,21.787382804842814
55,2026-08-08,2,2026-08-22,wk inc covid hosp,quantile,0.95,101.74312341083325
56,2026-08-08,2,2026-08-22,wk inc covid hosp,quantile,0.95,12.111078907968649
72,2026-08-08,2,2026-08-22,wk inc covid hosp,quantile,0.95,100.63048602424193
US,2026-08-08,2,2026-08-22,wk inc covid hosp,quantile,0.95,4368.920543552674
01,2026-08-08,3,2026-08-29,wk inc covid hosp,quantile,0.95,148.61522332631012
02,2026-08-08,3,2026-08-29,wk inc covid hosp,quantile,0.95,26.995342007056568
04,2026-08-08,3,2026-08-29,wk inc covid hosp,quantile,0.95,129.61880286220068
05,2026-08-08,3,2026-08-29,wk inc covid hosp,quantile,0.95,50.74661724779198
06,2026-08-08,3,2026-08-29,wk inc covid hosp,quantile,0.95,812.6942266411993
08,2026-08-08,3,2026-08-29,wk inc covid hosp,quantile,0.95,74.8444228326446
09,2026-08-08,3,2026-08-29,wk inc covid hosp,quantile,0.95,91.53721398403668
10,2026-08-08,3,2026-08-29,wk inc covid hosp,quantile,0.95,24.30775632644619
11,2026-08-08,3,2026-08-29,wk inc covid hosp,quantile,0.95,19.723382934616076
12,2026-08-08,3,2026-08-29,wk inc covid hosp,quantile,0.95,1047.4700298587195
13,2026-08-08,3,2026-08-29,wk inc covid hosp,quantile,0.95,198.05198666482366
15,2026-08-08,3,2026-08-29,wk inc covid hosp,quantile,0.95,49.91702636568781
16,2026-08-08,3,2026-08-29,wk inc covid hosp,quantile,0.95,22.81545585757366
17,2026-08-08,3,2026-08-29,wk inc covid hosp,quantile,0.95,172.35362166349634
18,2026-08-08,3,2026-08-29,wk inc covid hosp,quantile,0.95,114.77586853757994
19,2026-08-08,3,2026-08-29,wk inc covid hosp,quantile,0.95,55.61256039906544
20,2026-08-08,3,2026-08-29,wk inc covid hosp,quantile,0.95,60.96738270450218
21,2026-08-08,3,2026-08-29,wk inc covid hosp,quantile,0.95,75.47314854547355
22,2026-08-08,3,2026-08-29,wk inc covid hosp,quantile,0.95,147.829568088701
23,2026-08-08,3,2026-08-29,wk inc covid hosp,quantile,0.95,27.359972901238446
24,2026-08-08,3,2026-08-29,wk inc covid hosp,quantile,0.95,63.50002768397929
25,2026-08-08,3,2026-08-29,wk inc covid hosp,quantile,0.95,124.38786833417932
26,2026-08-08,3,2026-08-29,wk inc covid hosp,quantile,0.95,148.88143420418328
27,2026-08-08,3,2026-08-29,wk inc covid hosp,quantile,0.95,98.37736590077635
28,2026-08-08,3,2026-08-29,wk inc covid hosp,quantile,0.95,97.78712703651979
29,2026-08-08,3,2026-08-29,wk inc covid hosp,quantile,0.95,89.040919138378
30,2026-08-08,3,2026-08-29,wk inc covid hosp,quantile,0.95,53.32096619565825
31,2026-08-08,3,2026-08-29,wk inc covid hosp,quantile,0.95,27.359715562316683
32,2026-08-08,3,2026-08-29,wk inc covid hosp,quantile,0.95,68.70190077160261
33,2026-08-08,3,2026-08-29,wk inc covid hosp,quantile,0.95,35.711510615955866
34,2026-08-08,3,2026-08-29,wk inc covid hosp,quantile,0.95,208.36924637883445
35,2026-08-08,3,2026-08-29,wk inc covid hosp,quantile,0.95,47.99755700315368
36,2026-08-08,3,2026-08-29,wk inc covid hosp,quantile,0.95,350.18844801545686
37,2026-08-08,3,2026-08-29,wk inc covid hosp,quantile,0.95,267.1060999809373
38,2026-08-08,3,2026-08-29,wk inc covid hosp,quantile,0.95,18.16084811829269
39,2026-08-08,3,2026-08-29,wk inc covid hosp,quantile,0.95,214.74683689358528
40,2026-08-08,3,2026-08-29,wk inc covid hosp,quantile,0.95,75.04524244210401
41,2026-08-08,3,2026-08-29,wk inc covid hosp,quantile,0.95,54.44709628240767
42,2026-08-08,3,2026-08-29,wk inc covid hosp,quantile,0.95,282.48649009025314
44,2026-08-08,3,2026-08-29,wk inc covid hosp,quantile,0.95,33.98221988837563
45,2026-08-08,3,2026-08-29,wk inc covid hosp,quantile,0.95,94.34735289460836
46,2026-08-08,3,2026-08-29,wk inc covid hosp,quantile,0.95,23.633928297210083
47,2026-08-08,3,2026-08-29,wk inc covid hosp,quantile,0.95,146.99076660804533
48,2026-08-08,3,2026-08-29,wk inc covid hosp,quantile,0.95,874.4936568185966
49,2026-08-08,3,2026-08-29,wk inc covid hosp,quantile,0.95,39.39424895791722
50,2026-08-08,3,2026-08-29,wk inc covid hosp,quantile,0.95,13.812710506176096
51,2026-08-08,3,2026-08-29,wk inc covid hosp,quantile,0.95,109.94822244318675
53,2026-08-08,3,2026-08-29,wk inc covid hosp,quantile,0.95,81.62413147651782
54,2026-08-08,3,2026-08-29,wk inc covid hosp,quantile,0.95,30.51503526771444
55,2026-08-08,3,2026-08-29,wk inc covid hosp,quantile,0.95,129.63310353440988
56,2026-08-08,3,2026-08-29,wk inc covid hosp,quantile,0.95,16.541174356500694
72,2026-08-08,3,2026-08-29,wk inc covid hosp,quantile,0.95,125.80033963857983
US,2026-08-08,3,2026-08-29,wk inc covid hosp,quantile,0.95,5261.244369523609
01,2026-08-08,0,2026-08-08,wk inc covid hosp,quantile,0.975,89.40908368756904
02,2026-08-08,0,2026-08-08,wk inc covid hosp,quantile,0.975,10.879610622208077
04,2026-08-08,0,2026-08-08,wk inc covid hosp,quantile,0.975,66.07799144774687
05,2026-08-08,0,2026-08-08,wk inc covid hosp,quantile,0.975,21.106936988705332
06,2026-08-08,0,2026-08-08,wk inc covid hosp,quantile,0.975,508.69880863973685
08,2026-08-08,0,2026-08-08,wk inc covid hosp,quantile,0.975,33.40455723799919
09,2026-08-08,0,2026-08-08,wk inc covid hosp,quantile,0.975,38.737230523666746
10,2026-08-08,0,2026-08-08,wk inc covid hosp,quantile,0.975,9.52475887640568
11,2026-08-08,0,2026-08-08,wk inc covid hosp,quantile,0.975,7.4121106114737785
12,2026-08-08,0,2026-08-08,wk inc covid hosp,quantile,0.975,598.0291182340478
13,2026-08-08,0,2026-08-08,wk inc covid hosp,quantile,0.975,111.98947433456384
15,2026-08-08,0,2026-08-08,wk inc covid hosp,quantile,0.975,25.704997111236175
16,2026-08-08,0,2026-08-08,wk inc covid hosp,quantile,0.975,9.112155539402593
17,2026-08-08,0,2026-08-08,wk inc covid hosp,quantile,0.975,74.94557309046786
18,2026-08-08,0,2026-08-08,wk inc covid hosp,quantile,0.975,47.96010529732415
19,2026-08-08,0,2026-08-08,wk inc covid hosp,quantile,0.975,23.379076375166612
20,2026-08-08,0,2026-08-08,wk inc covid hosp,quantile,0.975,25.629153031050926
21,2026-08-08,0,2026-08-08,wk inc covid hosp,quantile,0.975,32.83339262545773
22,2026-08-08,0,2026-08-08,wk inc covid hosp,quantile,0.975,93.39397962070814
23,2026-08-08,0,2026-08-08,wk inc covid hosp,quantile,0.975,10.665954732928183
24,2026-08-08,0,2026-08-08,wk inc covid hosp,quantile,0.975,26.90961494836234
25,2026-08-08,0,2026-08-08,wk inc covid hosp,quantile,0.975,51.95735067693839
26,2026-08-08,0,2026-08-08,wk inc covid hosp,quantile,0.975,53.751030163977106
27,2026-08-08,0,2026-08-08,wk inc covid hosp,quantile,0.975,43.075624323302286
28,2026-08-08,0,2026-08-08,wk inc covid hosp,quantile,0.975,53.379299406122364
29,2026-08-08,0,2026-08-08,wk inc covid hosp,quantile,0.975,38.57695154312902
30,2026-08-08,0,2026-08-08,wk inc covid hosp,quantile,0.975,21.664202449906945
31,2026-08-08,0,2026-08-08,wk inc covid hosp,quantile,0.975,9.08273918173062
32,2026-08-08,0,2026-08-08,wk inc covid hosp,quantile,0.975,38.36194879172966
33,2026-08-08,0,2026-08-08,wk inc covid hosp,quantile,0.975,13.519210769805719
34,2026-08-08,0,2026-08-08,wk inc covid hosp,quantile,0.975,98.19516234992203
35,2026-08-08,0,2026-08-08,wk inc covid hosp,quantile,0.975,20.400092900602697
36,2026-08-08,0,2026-08-08,wk inc covid hosp,quantile,0.975,179.96223552611326
37,2026-08-08,0,2026-08-08,wk inc covid hosp,quantile,0.975,143.70884467168722
38,2026-08-08,0,2026-08-08,wk inc covid hosp,quantile,0.975,7.115751637342563
39,2026-08-08,0,2026-08-08,wk inc covid hosp,quantile,0.975,92.92568958755201
40,2026-08-08,0,2026-08-08,wk inc covid hosp,quantile,0.975,33.757072365124
41,2026-08-08,0,2026-08-08,wk inc covid hosp,quantile,0.975,24.76640605724071
42,2026-08-08,0,2026-08-08,wk inc covid hosp,quantile,0.975,129.04798037903421
44,2026-08-08,0,2026-08-08,wk inc covid hosp,quantile,0.975,12.938559533139756
45,2026-08-08,0,2026-08-08,wk inc covid hosp,quantile,0.975,45.41894505462241
46,2026-08-08,0,2026-08-08,wk inc covid hosp,quantile,0.975,6.890159079339697
47,2026-08-08,0,2026-08-08,wk inc covid hosp,quantile,0.975,76.35177228496357
48,2026-08-08,0,2026-08-08,wk inc covid hosp,quantile,0.975,520.2632236135363
49,2026-08-08,0,2026-08-08,wk inc covid hosp,quantile,0.975,17.505989994688626
50,2026-08-08,0,2026-08-08,wk inc covid hosp,quantile,0.975,4.794224908238604
51,2026-08-08,0,2026-08-08,wk inc covid hosp,quantile,0.975,48.34921546611666
53,2026-08-08,0,2026-08-08,wk inc covid hosp,quantile,0.975,42.04130593298503
54,2026-08-08,0,2026-08-08,wk inc covid hosp,quantile,0.975,11.247743743040754
55,2026-08-08,0,2026-08-08,wk inc covid hosp,quantile,0.975,53.930019061125975
56,2026-08-08,0,2026-08-08,wk inc covid hosp,quantile,0.975,6.472143959433935
72,2026-08-08,0,2026-08-08,wk inc covid hosp,quantile,0.975,68.77711044886486
US,2026-08-08,0,2026-08-08,wk inc covid hosp,quantile,0.975,3014.7964694995703
01,2026-08-08,1,2026-08-15,wk inc covid hosp,quantile,0.975,113.75275221036306
02,2026-08-08,1,2026-08-15,wk inc covid hosp,quantile,0.975,17.75894149633689
04,2026-08-08,1,2026-08-15,wk inc covid hosp,quantile,0.975,92.70552427273518
05,2026-08-08,1,2026-08-15,wk inc covid hosp,quantile,0.975,32.419231589820825
06,2026-08-08,1,2026-08-15,wk inc covid hosp,quantile,0.975,633.7577443432237
08,2026-08-08,1,2026-08-15,wk inc covid hosp,quantile,0.975,46.20005806879303
09,2026-08-08,1,2026-08-15,wk inc covid hosp,quantile,0.975,58.18480140305447
10,2026-08-08,1,2026-08-15,wk inc covid hosp,quantile,0.975,15.365344453216528
11,2026-08-08,1,2026-08-15,wk inc covid hosp,quantile,0.975,12.385108075171733
12,2026-08-08,1,2026-08-15,wk inc covid hosp,quantile,0.975,804.6611577867535
13,2026-08-08,1,2026-08-15,wk inc covid hosp,quantile,0.975,150.1940509853584
15,2026-08-08,1,2026-08-15,wk inc covid hosp,quantile,0.975,34.015787241702235
16,2026-08-08,1,2026-08-15,wk inc covid hosp,quantile,0.975,14.896886254179304
17,2026-08-08,1,2026-08-15,wk inc covid hosp,quantile,0.975,112.41607242514733
18,2026-08-08,1,2026-08-15,wk inc covid hosp,quantile,0.975,72.56413420858522
19,2026-08-08,1,2026-08-15,wk inc covid hosp,quantile,0.975,35.083747769089875
20,2026-08-08,1,2026-08-15,wk inc covid hosp,quantile,0.975,38.34413294978232
21,2026-08-08,1,2026-08-15,wk inc covid hosp,quantile,0.975,48.61436947695169
22,2026-08-08,1,2026-08-15,wk inc covid hosp,quantile,0.975,117.44818382171856
23,2026-08-08,1,2026-08-15,wk inc covid hosp,quantile,0.975,16.816715785775312
24,2026-08-08,1,2026-08-15,wk inc covid hosp,quantile,0.975,41.169444356183185
25,2026-08-08,1,2026-08-15,wk inc covid hosp,quantile,0.975,80.5262640888389
26,2026-08-08,1,2026-08-15,wk inc covid hosp,quantile,0.975,86.19157233043379
27,2026-08-08,1,2026-08-15,wk inc covid hosp,quantile,0.975,62.24616450726253
28,2026-08-08,1,2026-08-15,wk inc covid hosp,quantile,0.975,70.2585318855958
29,2026-08-08,1,2026-08-15,wk inc covid hosp,quantile,0.975,56.74705828579163
30,2026-08-08,1,2026-08-15,wk inc covid hosp,quantile,0.975,34.406629889910356
31,2026-08-08,1,2026-08-15,wk inc covid hosp,quantile,0.975,15.970409373629353
32,2026-08-08,1,2026-08-15,wk inc covid hosp,quantile,0.975,52.75745721018356
33,2026-08-08,1,2026-08-15,wk inc covid hosp,quantile,0.975,22.625011613044805
34,2026-08-08,1,2026-08-15,wk inc covid hosp,quantile,0.975,137.1188359722946
35,2026-08-08,1,2026-08-15,wk inc covid hosp,quantile,0.975,29.365238032577317
36,2026-08-08,1,2026-08-15,wk inc covid hosp,quantile,0.975,248.06261765096332
37,2026-08-08,1,2026-08-15,wk inc covid hosp,quantile,0.975,193.45055676565826
38,2026-08-08,1,2026-08-15,wk inc covid hosp,quantile,0.975,11.37978986183336
39,2026-08-08,1,2026-08-15,wk inc covid hosp,quantile,0.975,135.3349220832197
40,2026-08-08,1,2026-08-15,wk inc covid hosp,quantile,0.975,49.864982903780465
41,2026-08-08,1,2026-08-15,wk inc covid hosp,quantile,0.975,35.827141951274925
42,2026-08-08,1,2026-08-15,wk inc covid hosp,quantile,0.975,191.97962925774272
44,2026-08-08,1,2026-08-15,wk inc covid hosp,quantile,0.975,19.71044379278065
45,2026-08-08,1,2026-08-15,wk inc covid hosp,quantile,0.975,65.57884591271633
46,2026-08-08,1,2026-08-15,wk inc covid hosp,quantile,0.975,12.62922598722327
47,2026-08-08,1,2026-08-15,wk inc covid hosp,quantile,0.975,106.88107235711891
48,2026-08-08,1,2026-08-15,wk inc covid hosp,quantile,0.975,679.3610696127129
49,2026-08-08,1,2026-08-15,wk inc covid hosp,quantile,0.975,26.475970093285664
50,2026-08-08,1,2026-08-15,wk inc covid hosp,quantile,0.975,8.257122025277852
51,2026-08-08,1,2026-08-15,wk inc covid hosp,quantile,0.975,73.05040639692548
53,2026-08-08,1,2026-08-15,wk inc covid hosp,quantile,0.975,57.84298706119535
54,2026-08-08,1,2026-08-15,wk inc covid hosp,quantile,0.975,17.879692229310894
55,2026-08-08,1,2026-08-15,wk inc covid hosp,quantile,0.975,79.90170434864889
56,2026-08-08,1,2026-08-15,wk inc covid hosp,quantile,0.975,11.34801245102182
72,2026-08-08,1,2026-08-15,wk inc covid hosp,quantile,0.975,96.00913118980209
US,2026-08-08,1,2026-08-15,wk inc covid hosp,quantile,0.975,3797.9776708429927
01,2026-08-08,2,2026-08-22,wk inc covid hosp,quantile,0.975,141.796603088857
02,2026-08-08,2,2026-08-22,wk inc covid hosp,quantile,0.975,23.425427614225946
04,2026-08-08,2,2026-08-22,wk inc covid hosp,quantile,0.975,122.21739530033301
05,2026-08-08,2,2026-08-22,wk inc covid hosp,quantile,0.975,44.782767744516164
06,2026-08-08,2,2026-08-22,wk inc covid hosp,quantile,0.975,775.3143284720854
08,2026-08-08,2,2026-08-22,wk inc covid hosp,quantile,0.975,64.7120124433701
09,2026-08-08,2,2026-08-22,wk inc covid hosp,quantile,0.975,82.69730713599003
10,2026-08-08,2,2026-08-22,wk inc covid hosp,quantile,0.975,22.012782337754047
11,2026-08-08,2,2026-08-22,wk inc covid hosp,quantile,0.975,17.79371567998524
12,2026-08-08,2,2026-08-22,wk inc covid hosp,quantile,0.975,1009.3185921938343
13,2026-08-08,2,2026-08-22,wk inc covid hosp,quantile,0.975,189.02317271419332
15,2026-08-08,2,2026-08-22,wk inc covid hosp,quantile,0.975,46.24909643523657
16,2026-08-08,2,2026-08-22,wk inc covid hosp,quantile,0.975,22.035083591131155
17,2026-08-08,2,2026-08-22,wk inc covid hosp,quantile,0.975,159.57909513996304
18,2026-08-08,2,2026-08-22,wk inc covid hosp,quantile,0.975,101.91123072552156
19,2026-08-08,2,2026-08-22,wk inc covid hosp,quantile,0.975,48.69929244939384
20,2026-08-08,2,2026-08-22,wk inc covid hosp,quantile,0.975,53.714770793419426
21,2026-08-08,2,2026-08-22,wk inc covid hosp,quantile,0.975,68.99575720870567
22,2026-08-08,2,2026-08-22,wk inc covid hosp,quantile,0.975,142.84713882311468
23,2026-08-08,2,2026-08-22,wk inc covid hosp,quantile,0.975,26.587330005786942
24,2026-08-08,2,2026-08-22,wk inc covid hosp,quantile,0.975,57.64213339703684
25,2026-08-08,2,2026-08-22,wk inc covid hosp,quantile,0.975,111.75943839713864
26,2026-08-08,2,2026-08-22,wk inc covid hosp,quantile,0.975,129.71659893449973
27,2026-08-08,2,2026-08-22,wk inc covid hosp,quantile,0.975,86.89550192267738
28,2026-08-08,2,2026-08-22,wk inc covid hosp,quantile,0.975,93.4995245962919
29,2026-08-08,2,2026-08-22,wk inc covid hosp,quantile,0.975,79.15286729523359
30,2026-08-08,2,2026-08-22,wk inc covid hosp,quantile,0.975,52.58128927093387
31,2026-08-08,2,2026-08-22,wk inc covid hosp,quantile,0.975,24.953134003998827
32,2026-08-08,2,2026-08-22,wk inc covid hosp,quantile,0.975,65.62311519362521
33,2026-08-08,2,2026-08-22,wk inc covid hosp,quantile,0.975,33.29689047335775
34,2026-08-08,2,2026-08-22,wk inc covid hosp,quantile,0.975,188.2148732192125
35,2026-08-08,2,2026-08-22,wk inc covid hosp,quantile,0.975,41.27881029189377
36,2026-08-08,2,2026-08-22,wk inc covid hosp,quantile,0.975,313.1273215007282
37,2026-08-08,2,2026-08-22,wk inc covid hosp,quantile,0.975,243.99007636955287
38,2026-08-08,2,2026-08-22,wk inc covid hosp,quantile,0.975,16.573918366748607
39,2026-08-08,2,2026-08-22,wk inc covid hosp,quantile,0.975,196.27454624690094
40,2026-08-08,2,2026-08-22,wk inc covid hosp,quantile,0.975,69.80994452760756
41,2026-08-08,2,2026-08-22,wk inc covid hosp,quantile,0.975,47.475390621772284
42,2026-08-08,2,2026-08-22,wk inc covid hosp,quantile,0.975,263.4182422697962
44,2026-08-08,2,2026-08-22,wk inc covid hosp,quantile,0.975,30.496182880006245
45,2026-08-08,2,2026-08-22,wk inc covid hosp,quantile,0.975,89.80831020600951
46,2026-08-08,2,2026-08-22,wk inc covid hosp,quantile,0.975,19.893738903218097
47,2026-08-08,2,2026-08-22,wk inc covid hosp,quantile,0.975,136.82953218113136
48,2026-08-08,2,2026-08-22,wk inc covid hosp,quantile,0.975,832.6049076658949
49,2026-08-08,2,2026-08-22,wk inc covid hosp,quantile,0.975,38.79619741452469
50,2026-08-08,2,2026-08-22,wk inc covid hosp,quantile,0.975,13.217310987395043
51,2026-08-08,2,2026-08-22,wk inc covid hosp,quantile,0.975,99.05901707380512
53,2026-08-08,2,2026-08-22,wk inc covid hosp,quantile,0.975,78.42151537604241
54,2026-08-08,2,2026-08-22,wk inc covid hosp,quantile,0.975,27.414363629908184
55,2026-08-08,2,2026-08-22,wk inc covid hosp,quantile,0.975,117.55550515864368
56,2026-08-08,2,2026-08-22,wk inc covid hosp,quantile,0.975,16.0870293181044
72,2026-08-08,2,2026-08-22,wk inc covid hosp,quantile,0.975,122.26662526197512
US,2026-08-08,2,2026-08-22,wk inc covid hosp,quantile,0.975,4729.4304493735035
01,2026-08-08,3,2026-08-29,wk inc covid hosp,quantile,0.975,166.95228549604542
02,2026-08-08,3,2026-08-29,wk inc covid hosp,quantile,0.975,35.17031046662977
04,2026-08-08,3,2026-08-29,wk inc covid hosp,quantile,0.975,157.255603926821
05,2026-08-08,3,2026-08-29,wk inc covid hosp,quantile,0.975,65.25044151668924
06,2026-08-08,3,2026-08-29,wk inc covid hosp,quantile,0.975,898.4014442717673
08,2026-08-08,3,2026-08-29,wk inc covid hosp,quantile,0.975,86.3111569425932
09,2026-08-08,3,2026-08-29,wk inc covid hosp,quantile,0.975,111.13341810501059
10,2026-08-08,3,2026-08-29,wk inc covid hosp,quantile,0.975,29.640561787535386
11,2026-08-08,3,2026-08-29,wk inc covid hosp,quantile,0.975,25.197383331134844
12,2026-08-08,3,2026-08-29,wk inc covid hosp,quantile,0.975,1242.6871829210836
13,2026-08-08,3,2026-08-29,wk inc covid hosp,quantile,0.975,230.3596047200359
15,2026-08-08,3,2026-08-29,wk inc covid hosp,quantile,0.975,59.58602664192604
16,2026-08-08,3,2026-08-29,wk inc covid hosp,quantile,0.975,27.63029429380699
17,2026-08-08,3,2026-08-29,wk inc covid hosp,quantile,0.975,203.01614996195548
18,2026-08-08,3,2026-08-29,wk inc covid hosp,quantile,0.975,136.14669097256262
19,2026-08-08,3,2026-08-29,wk inc covid hosp,quantile,0.975,66.40604866819983
20,2026-08-08,3,2026-08-29,wk inc covid hosp,quantile,0.975,74.33146159998586
21,2026-08-08,3,2026-08-29,wk inc covid hosp,quantile,0.975,89.80343499472633
22,2026-08-08,3,2026-08-29,wk inc covid hosp,quantile,0.975,175.95265366990148
23,2026-08-08,3,2026-08-29,wk inc covid hosp,quantile,0.975,34.35146768956703
24,2026-08-08,3,2026-08-29,wk inc covid hosp,quantile,0.975,81.47609168968992
25,2026-08-08,3,2026-08-29,wk inc covid hosp,quantile,0.975,143.77673114656875
26,2026-08-08,3,2026-08-29,wk inc covid hosp,quantile,0.975,181.95034807301073
27,2026-08-08,3,2026-08-29,wk inc covid hosp,quantile,0.975,115.73222222259339
28,2026-08-08,3,2026-08-29,wk inc covid hosp,quantile,0.975,114.04374908015775
29,2026-08-08,3,2026-08-29,wk inc covid hosp,quantile,0.975,105.45846884656045
30,2026-08-08,3,2026-08-29,wk inc covid hosp,quantile,0.975,65.26828495076047
31,2026-08-08,3,2026-08-29,wk inc covid hosp,quantile,0.975,35.83953669215326
32,2026-08-08,3,2026-08-29,wk inc covid hosp,quantile,0.975,81.15959949643161
33,2026-08-08,3,2026-08-29,wk inc covid hosp,quantile,0.975,44.5450897768194
34,2026-08-08,3,2026-08-29,wk inc covid hosp,quantile,0.975,249.18491731041559
35,2026-08-08,3,2026-08-29,wk inc covid hosp,quantile,0.975,57.42198860113658
36,2026-08-08,3,2026-08-29,wk inc covid hosp,quantile,0.975,392.6045912687356
37,2026-08-08,3,2026-08-29,wk inc covid hosp,quantile,0.975,299.6651628333352
38,2026-08-08,3,2026-08-29,wk inc covid hosp,quantile,0.975,23.478624954911663
39,2026-08-08,3,2026-08-29,wk inc covid hosp,quantile,0.975,253.9940017153789
40,2026-08-08,3,2026-08-29,wk inc covid hosp,quantile,0.975,88.52493222804092
41,2026-08-08,3,2026-08-29,wk inc covid hosp,quantile,0.975,62.26119425367063
42,2026-08-08,3,2026-08-29,wk inc covid hosp,quantile,0.975,344.75257693101673
44,2026-08-08,3,2026-08-29,wk inc covid hosp,quantile,0.975,42.3342115876655
45,2026-08-08,3,2026-08-29,wk inc covid hosp,quantile,0.975,113.54260201020762
46,2026-08-08,3,2026-08-29,wk inc covid hosp,quantile,0.975,32.92828572629853
47,2026-08-08,3,2026-08-29,wk inc covid hosp,quantile,0.975,172.45064658303835
48,2026-08-08,3,2026-08-29,wk inc covid hosp,quantile,0.975,990.9570515866255
49,2026-08-08,3,2026-08-29,wk inc covid hosp,quantile,0.975,50.45028531963797
50,2026-08-08,3,2026-08-29,wk inc covid hosp,quantile,0.975,19.45023246451987
51,2026-08-08,3,2026-08-29,wk inc covid hosp,quantile,0.975,128.76523110567416
53,2026-08-08,3,2026-08-29,wk inc covid hosp,quantile,0.975,95.48344085778551
54,2026-08-08,3,2026-08-29,wk inc covid hosp,quantile,0.975,37.17566959164063
55,2026-08-08,3,2026-08-29,wk inc covid hosp,quantile,0.975,153.07855033335642
56,2026-08-08,3,2026-08-29,wk inc covid hosp,quantile,0.975,23.754243190501388
72,2026-08-08,3,2026-08-29,wk inc covid hosp,quantile,0.975,148.5382035024778
US,2026-08-08,3,2026-08-29,wk inc covid hosp,quantile,0.975,5797.55065008726
01,2026-08-08,0,2026-08-08,wk inc covid hosp,quantile,0.99,97.00439724666947
02,2026-08-08,0,2026-08-08,wk inc covid hosp,quantile,0.99,12.541304192085226
04,2026-08-08,0,2026-08-08,wk inc covid hosp,quantile,0.99,72.97914946722808
05,2026-08-08,0,2026-08-08,wk inc covid hosp,quantile,0.99,24.95324572124769
06,2026-08-08,0,2026-08-08,wk inc covid hosp,quantile,0.99,535.6133901995985
08,2026-08-08,0,2026-08-08,wk inc covid hosp,quantile,0.99,38.489083591438735
09,2026-08-08,0,2026-08-08,wk inc covid hosp,quantile,0.99,45.064276869982855
10,2026-08-08,0,2026-08-08,wk inc covid hosp,quantile,0.99,11.855301485509065
11,2026-08-08,0,2026-08-08,wk inc covid hosp,quantile,0.99,9.463920599248217
12,2026-08-08,0,2026-08-08,wk inc covid hosp,quantile,0.99,644.7284319794366
13,2026-08-08,0,2026-08-08,wk inc covid hosp,quantile,0.99,124.15155919723648
15,2026-08-08,0,2026-08-08,wk inc covid hosp,quantile,0.99,28.350937943975445
16,2026-08-08,0,2026-08-08,wk inc covid hosp,quantile,0.99,12.044026995004245
17,2026-08-08,0,2026-08-08,wk inc covid hosp,quantile,0.99,82.30046449231361
18,2026-08-08,0,2026-08-08,wk inc covid hosp,quantile,0.99,54.68553744180716
19,2026-08-08,0,2026-08-08,wk inc covid hosp,quantile,0.99,26.768019459646222
20,2026-08-08,0,2026-08-08,wk inc covid hosp,quantile,0.99,29.260296192129804
21,2026-08-08,0,2026-08-08,wk inc covid hosp,quantile,0.99,38.26547940783242
22,2026-08-08,0,2026-08-08,wk inc covid hosp,quantile,0.99,104.85914775277408
23,2026-08-08,0,2026-08-08,wk inc covid hosp,quantile,0.99,12.46207806759631
24,2026-08-08,0,2026-08-08,wk inc covid hosp,quantile,0.99,29.751378813872343
25,2026-08-08,0,2026-08-08,wk inc covid hosp,quantile,0.99,59.13646896795883
26,2026-08-08,0,2026-08-08,wk inc covid hosp,quantile,0.99,66.27884888382921
27,2026-08-08,0,2026-08-08,wk inc covid hosp,quantile,0.99,49.143601529486475
28,2026-08-08,0,2026-08-08,wk inc covid hosp,quantile,0.99,59.337041757083355
29,2026-08-08,0,2026-08-08,wk inc covid hosp,quantile,0.99,43.91485130672689
30,2026-08-08,0,2026-08-08,wk inc covid hosp,quantile,0.99,26.89640286245116
31,2026-08-08,0,2026-08-08,wk inc covid hosp,quantile,0.99,11.465439374212162
32,2026-08-08,0,2026-08-08,wk inc covid hosp,quantile,0.99,43.67779751438879
33,2026-08-08,0,2026-08-08,wk inc covid hosp,quantile,0.99,16.79845057857858
34,2026-08-08,0,2026-08-08,wk inc covid hosp,quantile,0.99,110.26018443462212
35,2026-08-08,0,2026-08-08,wk inc covid hosp,quantile,0.99,22.329195164519657
36,2026-08-08,0,2026-08-08,wk inc covid hosp,quantile,0.99,193.26865623642016
37,2026-08-08,0,2026-08-08,wk inc covid hosp,quantile,0.99,155.16365134474086
38,2026-08-08,0,2026-08-08,wk inc covid hosp,quantile,0.99,8.547353056839464
39,2026-08-08,0,2026-08-08,wk inc covid hosp,quantile,0.99,106.0700049429808
40,2026-08-08,0,2026-08-08,wk inc covid hosp,quantile,0.99,36.67405827742021
41,2026-08-08,0,2026-08-08,wk inc covid hosp,quantile,0.99,29.2526912716153
42,2026-08-08,0,2026-08-08,wk inc covid hosp,quantile,0.99,149.30669073817748
44,2026-08-08,0,2026-08-08,wk inc covid hosp,quantile,0.99,14.531070753355944
45,2026-08-08,0,2026-08-08,wk inc covid hosp,quantile,0.99,50.36065236210841
46,2026-08-08,0,2026-08-08,wk inc covid hosp,quantile,0.99,8.961808074707612
47,2026-08-08,0,2026-08-08,wk inc covid hosp,quantile,0.99,84.60495342724616
48,2026-08-08,0,2026-08-08,wk inc covid hosp,quantile,0.99,573.1988187946467
49,2026-08-08,0,2026-08-08,wk inc covid hosp,quantile,0.99,21.27153656841835
50,2026-08-08,0,2026-08-08,wk inc covid hosp,quantile,0.99,6.304194604133748
51,2026-08-08,0,2026-08-08,wk inc covid hosp,quantile,0.99,55.554039051849415
53,2026-08-08,0,2026-08-08,wk inc covid hosp,quantile,0.99,45.445198935020706
54,2026-08-08,0,2026-08-08,wk inc covid hosp,quantile,0.99,13.259113038358048
55,2026-08-08,0,2026-08-08,wk inc covid hosp,quantile,0.99,60.38222779049435
56,2026-08-08,0,2026-08-08,wk inc covid hosp,quantile,0.99,8.95026459542319
72,2026-08-08,0,2026-08-08,wk inc covid hosp,quantile,0.99,77.52453217228171
US,2026-08-08,0,2026-08-08,wk inc covid hosp,quantile,0.99,3223.1957097153777
01,2026-08-08,1,2026-08-15,wk inc covid hosp,quantile,0.99,126.15008992800658
02,2026-08-08,1,2026-08-15,wk inc covid hosp,quantile,0.99,21.288054267195204
04,2026-08-08,1,2026-08-15,wk inc covid hosp,quantile,0.99,106.26476226150105
05,2026-08-08,1,2026-08-15,wk inc covid hosp,quantile,0.99,38.8476072464567
06,2026-08-08,1,2026-08-15,wk inc covid hosp,quantile,0.99,674.2347392876369
08,2026-08-08,1,2026-08-15,wk inc covid hosp,quantile,0.99,53.44150923509056
09,2026-08-08,1,2026-08-15,wk inc covid hosp,quantile,0.99,72.03697618079725
10,2026-08-08,1,2026-08-15,wk inc covid hosp,quantile,0.99,20.45609358211092
11,2026-08-08,1,2026-08-15,wk inc covid hosp,quantile,0.99,16.758646854295364
12,2026-08-08,1,2026-08-15,wk inc covid hosp,quantile,0.99,914.9831515669762
13,2026-08-08,1,2026-08-15,wk inc covid hosp,quantile,0.99,164.18176564769217
15,2026-08-08,1,2026-08-15,wk inc covid hosp,quantile,0.99,40.294177788088305
16,2026-08-08,1,2026-08-15,wk inc covid hosp,quantile,0.99,18.114190961520656
17,2026-08-08,1,2026-08-15,wk inc covid hosp,quantile,0.99,128.65049613786616
18,2026-08-08,1,2026-08-15,wk inc covid hosp,quantile,0.99,85.40230564305456
19,2026-08-08,1,2026-08-15,wk inc covid hosp,quantile,0.99,41.336752581489954
20,2026-08-08,1,2026-08-15,wk inc covid hosp,quantile,0.99,47.28286800952302
21,2026-08-08,1,2026-08-15,wk inc covid hosp,quantile,0.99,59.17771067773144
22,2026-08-08,1,2026-08-15,wk inc covid hosp,quantile,0.99,134.45735917042649
23,2026-08-08,1,2026-08-15,wk inc covid hosp,quantile,0.99,21.14549851884161
24,2026-08-08,1,2026-08-15,wk inc covid hosp,quantile,0.99,46.892351481749046
25,2026-08-08,1,2026-08-15,wk inc covid hosp,quantile,0.99,89.12900194472493
26,2026-08-08,1,2026-08-15,wk inc covid hosp,quantile,0.99,108.3009794003891
27,2026-08-08,1,2026-08-15,wk inc covid hosp,quantile,0.99,73.53350690275676
28,2026-08-08,1,2026-08-15,wk inc covid hosp,quantile,0.99,78.66293833442418
29,2026-08-08,1,2026-08-15,wk inc covid hosp,quantile,0.99,63.14741816489113
30,2026-08-08,1,2026-08-15,wk inc covid hosp,quantile,0.99,41.93368665404568
31,2026-08-08,1,2026-08-15,wk inc covid hosp,quantile,0.99,19.39319435371579
32,2026-08-08,1,2026-08-15,wk inc covid hosp,quantile,0.99,60.99737569294769
33,2026-08-08,1,2026-08-15,wk inc covid hosp,quantile,0.99,27.615613983578402
34,2026-08-08,1,2026-08-15,wk inc covid hosp,quantile,0.99,155.72949279947088
35,2026-08-08,1,2026-08-15,wk inc covid hosp,quantile,0.99,34.18629168943293
36,2026-08-08,1,2026-08-15,wk inc covid hosp,quantile,0.99,272.2992128381264
37,2026-08-08,1,2026-08-15,wk inc covid hosp,quantile,0.99,215.7488640510896
38,2026-08-08,1,2026-08-15,wk inc covid hosp,quantile,0.99,14.394451245943618
39,2026-08-08,1,2026-08-15,wk inc covid hosp,quantile,0.99,160.33109352466087
40,2026-08-08,1,2026-08-15,wk inc covid hosp,quantile,0.99,57.71564590791905
41,2026-08-08,1,2026-08-15,wk inc covid hosp,quantile,0.99,41.86804555999862
42,2026-08-08,1,2026-08-15,wk inc covid hosp,quantile,0.99,230.42364388689197
44,2026-08-08,1,2026-08-15,wk inc covid hosp,quantile,0.99,23.918989054932297
45,2026-08-08,1,2026-08-15,wk inc covid hosp,quantile,0.99,76.91662609754506
46,2026-08-08,1,2026-08-15,wk inc covid hosp,quantile,0.99,15.663862928395265
47,2026-08-08,1,2026-08-15,wk inc covid hosp,quantile,0.99,121.30281466410192
48,2026-08-08,1,2026-08-15,wk inc covid hosp,quantile,0.99,756.1908843137088
49,2026-08-08,1,2026-08-15,wk inc covid hosp,quantile,0.99,30.774318248979267
50,2026-08-08,1,2026-08-15,wk inc covid hosp,quantile,0.99,11.270473990168444
51,2026-08-08,1,2026-08-15,wk inc covid hosp,quantile,0.99,90.03323483442753
53,2026-08-08,1,2026-08-15,wk inc covid hosp,quantile,0.99,66.2133769549889
54,2026-08-08,1,2026-08-15,wk inc covid hosp,quantile,0.99,21.521371535296222
55,2026-08-08,1,2026-08-15,wk inc covid hosp,quantile,0.99,91.84803837925263
56,2026-08-08,1,2026-08-15,wk inc covid hosp,quantile,0.99,15.132563142732165
72,2026-08-08,1,2026-08-15,wk inc covid hosp,quantile,0.99,113.06136508617803
US,2026-08-08,1,2026-08-15,wk inc covid hosp,quantile,0.99,4092.5800426677656
01,2026-08-08,2,2026-08-22,wk inc covid hosp,quantile,0.99,161.9603895314832
02,2026-08-08,2,2026-08-22,wk inc covid hosp,quantile,0.99,31.981462609203575
04,2026-08-08,2,2026-08-22,wk inc covid hosp,quantile,0.99,142.92390478289533
05,2026-08-08,2,2026-08-22,wk inc covid hosp,quantile,0.99,54.27235880826876
06,2026-08-08,2,2026-08-22,wk inc covid hosp,quantile,0.99,866.6390444425439
08,2026-08-08,2,2026-08-22,wk inc covid hosp,quantile,0.99,73.19328284861434
09,2026-08-08,2,2026-08-22,wk inc covid hosp,quantile,0.99,98.49609748555964
10,2026-08-08,2,2026-08-22,wk inc covid hosp,quantile,0.99,26.01700575861336
11,2026-08-08,2,2026-08-22,wk inc covid hosp,quantile,0.99,22.753303555065212
12,2026-08-08,2,2026-08-22,wk inc covid hosp,quantile,0.99,1202.2109056898094
13,2026-08-08,2,2026-08-22,wk inc covid hosp,quantile,0.99,209.8841690508006
15,2026-08-08,2,2026-08-22,wk inc covid hosp,quantile,0.99,53.61812684169671
16,2026-08-08,2,2026-08-22,wk inc covid hosp,quantile,0.99,28.082407813509324
17,2026-08-08,2,2026-08-22,wk inc covid hosp,quantile,0.99,185.20480433375812
18,2026-08-08,2,2026-08-22,wk inc covid hosp,quantile,0.99,120.48097425412392
19,2026-08-08,2,2026-08-22,wk inc covid hosp,quantile,0.99,59.42770595600632
20,2026-08-08,2,2026-08-22,wk inc covid hosp,quantile,0.99,60.72168176621984
21,2026-08-08,2,2026-08-22,wk inc covid hosp,quantile,0.99,85.14120042102117
22,2026-08-08,2,2026-08-22,wk inc covid hosp,quantile,0.99,166.23645133821677
23,2026-08-08,2,2026-08-22,wk inc covid hosp,quantile,0.99,32.766731271498124
24,2026-08-08,2,2026-08-22,wk inc covid hosp,quantile,0.99,68.71511865986542
25,2026-08-08,2,2026-08-22,wk inc covid hosp,quantile,0.99,122.515714805294
26,2026-08-08,2,2026-08-22,wk inc covid hosp,quantile,0.99,157.59004949735154
27,2026-08-08,2,2026-08-22,wk inc covid hosp,quantile,0.99,104.15696049409874
28,2026-08-08,2,2026-08-22,wk inc covid hosp,quantile,0.99,106.77274518732602
29,2026-08-08,2,2026-08-22,wk inc covid hosp,quantile,0.99,92.5913047575882
30,2026-08-08,2,2026-08-22,wk inc covid hosp,quantile,0.99,64.77769813190345
31,2026-08-08,2,2026-08-22,wk inc covid hosp,quantile,0.99,31.361557631184567
32,2026-08-08,2,2026-08-22,wk inc covid hosp,quantile,0.99,76.45895735091003
33,2026-08-08,2,2026-08-22,wk inc covid hosp,quantile,0.99,41.000715669991884
34,2026-08-08,2,2026-08-22,wk inc covid hosp,quantile,0.99,225.76718326912558
35,2026-08-08,2,2026-08-22,wk inc covid hosp,quantile,0.99,51.14566083679641
36,2026-08-08,2,2026-08-22,wk inc covid hosp,quantile,0.99,356.391592391527
37,2026-08-08,2,2026-08-22,wk inc covid hosp,quantile,0.99,276.20474214622226
38,2026-08-08,2,2026-08-22,wk inc covid hosp,quantile,0.99,22.437756270337417
39,2026-08-08,2,2026-08-22,wk inc covid hosp,quantile,0.99,221.33413099970625
40,2026-08-08,2,2026-08-22,wk inc covid hosp,quantile,0.99,83.7718307126547
41,2026-08-08,2,2026-08-22,wk inc covid hosp,quantile,0.99,57.76062396804227
42,2026-08-08,2,2026-08-22,wk inc covid hosp,quantile,0.99,298.46208882835316
44,2026-08-08,2,2026-08-22,wk inc covid hosp,quantile,0.99,36.157672296699836
45,2026-08-08,2,2026-08-22,wk inc covid hosp,quantile,0.99,108.88723372342072
46,2026-08-08,2,2026-08-22,wk inc covid hosp,quantile,0.99,27.00783819281482
47,2026-08-08,2,2026-08-22,wk inc covid hosp,quantile,0.99,160.20174263343927
48,2026-08-08,2,2026-08-22,wk inc covid hosp,quantile,0.99,934.2547818488384
49,2026-08-08,2,2026-08-22,wk inc covid hosp,quantile,0.99,44.795412770835625
50,2026-08-08,2,2026-08-22,wk inc covid hosp,quantile,0.99,19.55396430560072
51,2026-08-08,2,2026-08-22,wk inc covid hosp,quantile,0.99,118.78218953055963
53,2026-08-08,2,2026-08-22,wk inc covid hosp,quantile,0.99,91.60509206425488
54,2026-08-08,2,2026-08-22,wk inc covid hosp,quantile,0.99,33.09432166564723
55,2026-08-08,2,2026-08-22,wk inc covid hosp,quantile,0.99,135.0125942643392
56,2026-08-08,2,2026-08-22,wk inc covid hosp,quantile,0.99,24.64669245421566
72,2026-08-08,2,2026-08-22,wk inc covid hosp,quantile,0.99,143.48019034917195
US,2026-08-08,2,2026-08-22,wk inc covid hosp,quantile,0.99,5237.5828989204465
01,2026-08-08,3,2026-08-29,wk inc covid hosp,quantile,0.99,197.0530288456846
02,2026-08-08,3,2026-08-29,wk inc covid hosp,quantile,0.99,44.02213314658152
04,2026-08-08,3,2026-08-29,wk inc covid hosp,quantile,0.99,187.18557067783829
05,2026-08-08,3,2026-08-29,wk inc covid hosp,quantile,0.99,75.4912049669108
06,2026-08-08,3,2026-08-29,wk inc covid hosp,quantile,0.99,1025.7298401459961
08,2026-08-08,3,2026-08-29,wk inc covid hosp,quantile,0.99,104.38700622235837
09,2026-08-08,3,2026-08-29,wk inc covid hosp,quantile,0.99,140.32550184972135
10,2026-08-08,3,2026-08-29,wk inc covid hosp,quantile,0.99,38.047943725697856
11,2026-08-08,3,2026-08-29,wk inc covid hosp,quantile,0.99,33.95161049189607
12,2026-08-08,3,2026-08-29,wk inc covid hosp,quantile,0.99,1443.1454096926166
13,2026-08-08,3,2026-08-29,wk inc covid hosp,quantile,0.99,255.90734833225426
15,2026-08-08,3,2026-08-29,wk inc covid hosp,quantile,0.99,75.1915182003642
16,2026-08-08,3,2026-08-29,wk inc covid hosp,quantile,0.99,36.638517238118794
17,2026-08-08,3,2026-08-29,wk inc covid hosp,quantile,0.99,236.77024016633018
18,2026-08-08,3,2026-08-29,wk inc covid hosp,quantile,0.99,162.72981025016708
19,2026-08-08,3,2026-08-29,wk inc covid hosp,quantile,0.99,84.43881191836607
20,2026-08-08,3,2026-08-29,wk inc covid hosp,quantile,0.99,94.3381245639366
21,2026-08-08,3,2026-08-29,wk inc covid hosp,quantile,0.99,109.23433354365922
22,2026-08-08,3,2026-08-29,wk inc covid hosp,quantile,0.99,209.2167845740439
23,2026-08-08,3,2026-08-29,wk inc covid hosp,quantile,0.99,42.50635741138867
24,2026-08-08,3,2026-08-29,wk inc covid hosp,quantile,0.99,97.46636824501518
25,2026-08-08,3,2026-08-29,wk inc covid hosp,quantile,0.99,178.64291627738993
26,2026-08-08,3,2026-08-29,wk inc covid hosp,quantile,0.99,225.7973010791515
27,2026-08-08,3,2026-08-29,wk inc covid hosp,quantile,0.99,140.22203336657697
28,2026-08-08,3,2026-08-29,wk inc covid hosp,quantile,0.99,132.9898105476965
29,2026-08-08,3,2026-08-29,wk inc covid hosp,quantile,0.99,124.07431915484028
30,2026-08-08,3,2026-08-29,wk inc covid hosp,quantile,0.99,82.80221089756265
31,2026-08-08,3,2026-08-29,wk inc covid hosp,quantile,0.99,43.959521940631454
32,2026-08-08,3,2026-08-29,wk inc covid hosp,quantile,0.99,98.33479844426161
33,2026-08-08,3,2026-08-29,wk inc covid hosp,quantile,0.99,57.33061675962976
34,2026-08-08,3,2026-08-29,wk inc covid hosp,quantile,0.99,288.3451593101661
35,2026-08-08,3,2026-08-29,wk inc covid hosp,quantile,0.99,71.79101285006833
36,2026-08-08,3,2026-08-29,wk inc covid hosp,quantile,0.99,445.9133227528201
37,2026-08-08,3,2026-08-29,wk inc covid hosp,quantile,0.99,335.3691461380927
38,2026-08-08,3,2026-08-29,wk inc covid hosp,quantile,0.99,30.330934859847613
39,2026-08-08,3,2026-08-29,wk inc covid hosp,quantile,0.99,301.76256620481035
40,2026-08-08,3,2026-08-29,wk inc covid hosp,quantile,0.99,106.6663070053803
41,2026-08-08,3,2026-08-29,wk inc covid hosp,quantile,0.99,76.64716685772267
42,2026-08-08,3,2026-08-29,wk inc covid hosp,quantile,0.99,435.4445422455479
44,2026-08-08,3,2026-08-29,wk inc covid hosp,quantile,0.99,52.45386024180241
45,2026-08-08,3,2026-08-29,wk inc covid hosp,quantile,0.99,130.98269761696062
46,2026-08-08,3,2026-08-29,wk inc covid hosp,quantile,0.99,45.40230369128188
47,2026-08-08,3,2026-08-29,wk inc covid hosp,quantile,0.99,213.31674211233712
48,2026-08-08,3,2026-08-29,wk inc covid hosp,quantile,0.99,1136.6334631786972
49,2026-08-08,3,2026-08-29,wk inc covid hosp,quantile,0.99,65.44690414217587
50,2026-08-08,3,2026-08-29,wk inc covid hosp,quantile,0.99,30.06357070187042
51,2026-08-08,3,2026-08-29,wk inc covid hosp,quantile,0.99,157.48989571741765
53,2026-08-08,3,2026-08-29,wk inc covid hosp,quantile,0.99,110.72067471256159
54,2026-08-08,3,2026-08-29,wk inc covid hosp,quantile,0.99,46.06889609567726
55,2026-08-08,3,2026-08-29,wk inc covid hosp,quantile,0.99,172.77399781852685
56,2026-08-08,3,2026-08-29,wk inc covid hosp,quantile,0.99,32.28665788092223
72,2026-08-08,3,2026-08-29,wk inc covid hosp,quantile,0.99,179.21771468769902
US,2026-08-08,3,2026-08-29,wk inc covid hosp,quantile,0.99,6426.387101381145
