location,reference_date,horizon,target_end_date,target,output_type,output_type_id,value
01,2026-09-26,0,2026-09-26,wk inc covid hosp,quantile,0.01,57.55251252594307
02,2026-09-26,0,2026-09-26,wk inc covid hosp,quantile,0.01,0.0
04,2026-09-26,0,2026-09-26,wk inc covid hosp,quantile,0.01,34.30340084426309
05,2026-09-26,0,2026-09-26,wk inc covid hosp,quantile,0.01,1.423652413999863
06,2026-09-26,0,2026-09-26,wk inc covid hosp,quantile,0.01,790.7492449808071
08,2026-09-26,0,2026-09-26,wk inc covid hosp,quantile,0.01,9.992770474924896
09,2026-09-26,0,2026-09-26,wk inc covid hosp,quantile,0.01,8.908149166691283
10,2026-09-26,0,2026-09-26,wk inc covid hosp,quantile,0.01,0.021557491679011383
11,2026-09-26,0,2026-09-26,wk inc covid hosp,quantile,0.01,0.0
12,2026-09-26,0,2026-09-26,wk inc covid hosp,quantile,0.01,315.70561651450544
13,2026-09-26,0,2026-09-26,wk inc covid hosp,quantile,0.01,59.4933907936743
15,2026-09-26,0,2026-09-26,wk inc covid hosp,quantile,0.01,20.914077491980688
16,2026-09-26,0,2026-09-26,wk inc covid hosp,quantile,0.01,2.1728083898904353
17,2026-09-26,0,2026-09-26,wk inc covid hosp,quantile,0.01,24.92619012901391
18,2026-09-26,0,2026-09-26,wk inc covid hosp,quantile,0.01,4.126106531477462
19,2026-09-26,0,2026-09-26,wk inc covid hosp,quantile,0.01,1.5569233566105043
20,2026-09-26,0,2026-09-26,wk inc covid hosp,quantile,0.01,0.0
21,2026-09-26,0,2026-09-26,wk inc covid hosp,quantile,0.01,1.7871773775673145
22,2026-09-26,0,2026-09-26,wk inc covid hosp,quantile,0.01,45.956551458109914
23,2026-09-26,0,2026-09-26,wk inc covid hosp,quantile,0.01,0.0
24,2026-09-26,0,2026-09-26,wk inc covid hosp,quantile,0.01,12.431314817001383
25,2026-09-26,0,2026-09-26,wk inc covid hosp,quantile,0.01,12.915199498681083
26,2026-09-26,0,2026-09-26,wk inc covid hosp,quantile,0.01,4.622081425991311
27,2026-09-26,0,2026-09-26,wk inc covid hosp,quantile,0.01,7.937072686294906
28,2026-09-26,0,2026-09-26,wk inc covid hosp,quantile,0.01,11.022324222884992
29,2026-09-26,0,2026-09-26,wk inc covid hosp,quantile,0.01,13.975851447688415
30,2026-09-26,0,2026-09-26,wk inc covid hosp,quantile,0.01,2.154909883608207
31,2026-09-26,0,2026-09-26,wk inc covid hosp,quantile,0.01,0.0
32,2026-09-26,0,2026-09-26,wk inc covid hosp,quantile,0.01,16.849620502339828
33,2026-09-26,0,2026-09-26,wk inc covid hosp,quantile,0.01,0.0
34,2026-09-26,0,2026-09-26,wk inc covid hosp,quantile,0.01,60.06530099541285
35,2026-09-26,0,2026-09-26,wk inc covid hosp,quantile,0.01,0.0
36,2026-09-26,0,2026-09-26,wk inc covid hosp,quantile,0.01,172.39245616225026
37,2026-09-26,0,2026-09-26,wk inc covid hosp,quantile,0.01,136.97062984705528
38,2026-09-26,0,2026-09-26,wk inc covid hosp,quantile,0.01,0.0
39,2026-09-26,0,2026-09-26,wk inc covid hosp,quantile,0.01,20.00330162781641
40,2026-09-26,0,2026-09-26,wk inc covid hosp,quantile,0.01,4.216434891682972
41,2026-09-26,0,2026-09-26,wk inc covid hosp,quantile,0.01,18.98630769999922
42,2026-09-26,0,2026-09-26,wk inc covid hosp,quantile,0.01,63.68233150352549
44,2026-09-26,0,2026-09-26,wk inc covid hosp,quantile,0.01,3.7170883432291157
45,2026-09-26,0,2026-09-26,wk inc covid hosp,quantile,0.01,26.641025140871317
46,2026-09-26,0,2026-09-26,wk inc covid hosp,quantile,0.01,0.0
47,2026-09-26,0,2026-09-26,wk inc covid hosp,quantile,0.01,36.3753804756289
48,2026-09-26,0,2026-09-26,wk inc covid hosp,quantile,0.01,247.15529281324424
49,2026-09-26,0,2026-09-26,wk inc covid hosp,quantile,0.01,8.260294474794659
50,2026-09-26,0,2026-09-26,wk inc covid hosp,quantile,0.01,0.0
51,2026-09-26,0,2026-09-26,wk inc covid hosp,quantile,0.01,21.031682941787587
53,2026-09-26,0,2026-09-26,wk inc covid hosp,quantile,0.01,93.35866995340044
54,2026-09-26,0,2026-09-26,wk inc covid hosp,quantile,0.01,5.686263843241049
55,2026-09-26,0,2026-09-26,wk inc covid hosp,quantile,0.01,1.6424660644083944
56,2026-09-26,0,2026-09-26,wk inc covid hosp,quantile,0.01,0.0
72,2026-09-26,0,2026-09-26,wk inc covid hosp,quantile,0.01,47.63841084759405
US,2026-09-26,0,2026-09-26,wk inc covid hosp,quantile,0.01,3156.8668695499828
01,2026-09-26,1,2026-10-03,wk inc covid hosp,quantile,0.01,48.35644284454766
02,2026-09-26,1,2026-10-03,wk inc covid hosp,quantile,0.01,0.0
04,2026-09-26,1,2026-10-03,wk inc covid hosp,quantile,0.01,23.698620223702633
05,2026-09-26,1,2026-10-03,wk inc covid hosp,quantile,0.01,0.0
06,2026-09-26,1,2026-10-03,wk inc covid hosp,quantile,0.01,716.56707338708
08,2026-09-26,1,2026-10-03,wk inc covid hosp,quantile,0.01,5.033995463011744
09,2026-09-26,1,2026-10-03,wk inc covid hosp,quantile,0.01,4.5047406375493555
10,2026-09-26,1,2026-10-03,wk inc covid hosp,quantile,0.01,0.0
11,2026-09-26,1,2026-10-03,wk inc covid hosp,quantile,0.01,0.0
12,2026-09-26,1,2026-10-03,wk inc covid hosp,quantile,0.01,227.0945678037251
13,2026-09-26,1,2026-10-03,wk inc covid hosp,quantile,0.01,42.75942428273011
15,2026-09-26,1,2026-10-03,wk inc covid hosp,quantile,0.01,17.32558335048238
16,2026-09-26,1,2026-10-03,wk inc covid hosp,quantile,0.01,0.0
17,2026-09-26,1,2026-10-03,wk inc covid hosp,quantile,0.01,16.048756497521246
18,2026-09-26,1,2026-10-03,wk inc covid hosp,quantile,0.01,0.0
19,2026-09-26,1,2026-10-03,wk inc covid hosp,quantile,0.01,0.0
20,2026-09-26,1,2026-10-03,wk inc covid hosp,quantile,0.01,0.0
21,2026-09-26,1,2026-10-03,wk inc covid hosp,quantile,0.01,0.0
22,2026-09-26,1,2026-10-03,wk inc covid hosp,quantile,0.01,34.527943626530636
23,2026-09-26,1,2026-10-03,wk inc covid hosp,quantile,0.01,0.0
24,2026-09-26,1,2026-10-03,wk inc covid hosp,quantile,0.01,6.422360236211904
25,2026-09-26,1,2026-10-03,wk inc covid hosp,quantile,0.01,8.653450255979328
26,2026-09-26,1,2026-10-03,wk inc covid hosp,quantile,0.01,0.0
27,2026-09-26,1,2026-10-03,wk inc covid hosp,quantile,0.01,4.6446225172496804
28,2026-09-26,1,2026-10-03,wk inc covid hosp,quantile,0.01,5.617926245923635
29,2026-09-26,1,2026-10-03,wk inc covid hosp,quantile,0.01,7.611359621228783
30,2026-09-26,1,2026-10-03,wk inc covid hosp,quantile,0.01,0.940910196564246
31,2026-09-26,1,2026-10-03,wk inc covid hosp,quantile,0.01,0.0
32,2026-09-26,1,2026-10-03,wk inc covid hosp,quantile,0.01,12.216875285978631
33,2026-09-26,1,2026-10-03,wk inc covid hosp,quantile,0.01,0.0
34,2026-09-26,1,2026-10-03,wk inc covid hosp,quantile,0.01,43.269576428538784
35,2026-09-26,1,2026-10-03,wk inc covid hosp,quantile,0.01,0.0
36,2026-09-26,1,2026-10-03,wk inc covid hosp,quantile,0.01,156.20813781691163
37,2026-09-26,1,2026-10-03,wk inc covid hosp,quantile,0.01,117.19021121001299
38,2026-09-26,1,2026-10-03,wk inc covid hosp,quantile,0.01,0.0
39,2026-09-26,1,2026-10-03,wk inc covid hosp,quantile,0.01,8.13898201581591
40,2026-09-26,1,2026-10-03,wk inc covid hosp,quantile,0.01,0.0
41,2026-09-26,1,2026-10-03,wk inc covid hosp,quantile,0.01,12.701283192349058
42,2026-09-26,1,2026-10-03,wk inc covid hosp,quantile,0.01,46.15875491054141
44,2026-09-26,1,2026-10-03,wk inc covid hosp,quantile,0.01,2.0184949518999153
45,2026-09-26,1,2026-10-03,wk inc covid hosp,quantile,0.01,17.208444542910424
46,2026-09-26,1,2026-10-03,wk inc covid hosp,quantile,0.01,0.0
47,2026-09-26,1,2026-10-03,wk inc covid hosp,quantile,0.01,24.326552213528156
48,2026-09-26,1,2026-10-03,wk inc covid hosp,quantile,0.01,161.51168226467757
49,2026-09-26,1,2026-10-03,wk inc covid hosp,quantile,0.01,4.890206786005958
50,2026-09-26,1,2026-10-03,wk inc covid hosp,quantile,0.01,0.0
51,2026-09-26,1,2026-10-03,wk inc covid hosp,quantile,0.01,13.428547429893426
53,2026-09-26,1,2026-10-03,wk inc covid hosp,quantile,0.01,83.58885678350316
54,2026-09-26,1,2026-10-03,wk inc covid hosp,quantile,0.01,4.578546551648813
55,2026-09-26,1,2026-10-03,wk inc covid hosp,quantile,0.01,0.0
56,2026-09-26,1,2026-10-03,wk inc covid hosp,quantile,0.01,0.0
72,2026-09-26,1,2026-10-03,wk inc covid hosp,quantile,0.01,31.040651288354777
US,2026-09-26,1,2026-10-03,wk inc covid hosp,quantile,0.01,2867.9390527564674
01,2026-09-26,2,2026-10-10,wk inc covid hosp,quantile,0.01,37.86546351412604
02,2026-09-26,2,2026-10-10,wk inc covid hosp,quantile,0.01,0.0
04,2026-09-26,2,2026-10-10,wk inc covid hosp,quantile,0.01,12.411536730518911
05,2026-09-26,2,2026-10-10,wk inc covid hosp,quantile,0.01,0.0
06,2026-09-26,2,2026-10-10,wk inc covid hosp,quantile,0.01,655.6645555375253
08,2026-09-26,2,2026-10-10,wk inc covid hosp,quantile,0.01,2.675301139606397
09,2026-09-26,2,2026-10-10,wk inc covid hosp,quantile,0.01,0.6570434985973577
10,2026-09-26,2,2026-10-10,wk inc covid hosp,quantile,0.01,0.0
11,2026-09-26,2,2026-10-10,wk inc covid hosp,quantile,0.01,0.0
12,2026-09-26,2,2026-10-10,wk inc covid hosp,quantile,0.01,135.22803194313136
13,2026-09-26,2,2026-10-10,wk inc covid hosp,quantile,0.01,29.761169085417308
15,2026-09-26,2,2026-10-10,wk inc covid hosp,quantile,0.01,11.32955212624104
16,2026-09-26,2,2026-10-10,wk inc covid hosp,quantile,0.01,0.0
17,2026-09-26,2,2026-10-10,wk inc covid hosp,quantile,0.01,8.969013173910982
18,2026-09-26,2,2026-10-10,wk inc covid hosp,quantile,0.01,0.0
19,2026-09-26,2,2026-10-10,wk inc covid hosp,quantile,0.01,0.0
20,2026-09-26,2,2026-10-10,wk inc covid hosp,quantile,0.01,0.0
21,2026-09-26,2,2026-10-10,wk inc covid hosp,quantile,0.01,0.0
22,2026-09-26,2,2026-10-10,wk inc covid hosp,quantile,0.01,26.930018832565043
23,2026-09-26,2,2026-10-10,wk inc covid hosp,quantile,0.01,0.0
24,2026-09-26,2,2026-10-10,wk inc covid hosp,quantile,0.01,2.6516550001756016
25,2026-09-26,2,2026-10-10,wk inc covid hosp,quantile,0.01,4.256774200401714
26,2026-09-26,2,2026-10-10,wk inc covid hosp,quantile,0.01,0.0
27,2026-09-26,2,2026-10-10,wk inc covid hosp,quantile,0.01,0.4438739692979386
28,2026-09-26,2,2026-10-10,wk inc covid hosp,quantile,0.01,1.87251708662228
29,2026-09-26,2,2026-10-10,wk inc covid hosp,quantile,0.01,5.736538204839065
30,2026-09-26,2,2026-10-10,wk inc covid hosp,quantile,0.01,0.0
31,2026-09-26,2,2026-10-10,wk inc covid hosp,quantile,0.01,0.0
32,2026-09-26,2,2026-10-10,wk inc covid hosp,quantile,0.01,8.735703967477995
33,2026-09-26,2,2026-10-10,wk inc covid hosp,quantile,0.01,0.0
34,2026-09-26,2,2026-10-10,wk inc covid hosp,quantile,0.01,25.70219968811309
35,2026-09-26,2,2026-10-10,wk inc covid hosp,quantile,0.01,0.0
36,2026-09-26,2,2026-10-10,wk inc covid hosp,quantile,0.01,134.94858600884086
37,2026-09-26,2,2026-10-10,wk inc covid hosp,quantile,0.01,97.28425656001437
38,2026-09-26,2,2026-10-10,wk inc covid hosp,quantile,0.01,0.0
39,2026-09-26,2,2026-10-10,wk inc covid hosp,quantile,0.01,3.244038660215053
40,2026-09-26,2,2026-10-10,wk inc covid hosp,quantile,0.01,0.0
41,2026-09-26,2,2026-10-10,wk inc covid hosp,quantile,0.01,11.408687292501165
42,2026-09-26,2,2026-10-10,wk inc covid hosp,quantile,0.01,33.33796072188071
44,2026-09-26,2,2026-10-10,wk inc covid hosp,quantile,0.01,0.7784842363932711
45,2026-09-26,2,2026-10-10,wk inc covid hosp,quantile,0.01,11.512522906214425
46,2026-09-26,2,2026-10-10,wk inc covid hosp,quantile,0.01,0.0
47,2026-09-26,2,2026-10-10,wk inc covid hosp,quantile,0.01,14.63673785330892
48,2026-09-26,2,2026-10-10,wk inc covid hosp,quantile,0.01,102.57257091111754
49,2026-09-26,2,2026-10-10,wk inc covid hosp,quantile,0.01,1.3326407906543813
50,2026-09-26,2,2026-10-10,wk inc covid hosp,quantile,0.01,0.0
51,2026-09-26,2,2026-10-10,wk inc covid hosp,quantile,0.01,9.121034301572672
53,2026-09-26,2,2026-10-10,wk inc covid hosp,quantile,0.01,76.4810906049836
54,2026-09-26,2,2026-10-10,wk inc covid hosp,quantile,0.01,1.8388661240005437
55,2026-09-26,2,2026-10-10,wk inc covid hosp,quantile,0.01,0.0
56,2026-09-26,2,2026-10-10,wk inc covid hosp,quantile,0.01,0.0
72,2026-09-26,2,2026-10-10,wk inc covid hosp,quantile,0.01,18.77899082262799
US,2026-09-26,2,2026-10-10,wk inc covid hosp,quantile,0.01,2684.2779465865992
01,2026-09-26,3,2026-10-17,wk inc covid hosp,quantile,0.01,30.232412134414602
02,2026-09-26,3,2026-10-17,wk inc covid hosp,quantile,0.01,0.0
04,2026-09-26,3,2026-10-17,wk inc covid hosp,quantile,0.01,7.01819601490046
05,2026-09-26,3,2026-10-17,wk inc covid hosp,quantile,0.01,0.0
06,2026-09-26,3,2026-10-17,wk inc covid hosp,quantile,0.01,584.3774097087673
08,2026-09-26,3,2026-10-17,wk inc covid hosp,quantile,0.01,0.0
09,2026-09-26,3,2026-10-17,wk inc covid hosp,quantile,0.01,0.0
10,2026-09-26,3,2026-10-17,wk inc covid hosp,quantile,0.01,0.0
11,2026-09-26,3,2026-10-17,wk inc covid hosp,quantile,0.01,0.0
12,2026-09-26,3,2026-10-17,wk inc covid hosp,quantile,0.01,111.24138346679388
13,2026-09-26,3,2026-10-17,wk inc covid hosp,quantile,0.01,18.71937364350124
15,2026-09-26,3,2026-10-17,wk inc covid hosp,quantile,0.01,8.853667075276947
16,2026-09-26,3,2026-10-17,wk inc covid hosp,quantile,0.01,0.0
17,2026-09-26,3,2026-10-17,wk inc covid hosp,quantile,0.01,3.868319906775599
18,2026-09-26,3,2026-10-17,wk inc covid hosp,quantile,0.01,0.0
19,2026-09-26,3,2026-10-17,wk inc covid hosp,quantile,0.01,0.0
20,2026-09-26,3,2026-10-17,wk inc covid hosp,quantile,0.01,0.0
21,2026-09-26,3,2026-10-17,wk inc covid hosp,quantile,0.01,0.0
22,2026-09-26,3,2026-10-17,wk inc covid hosp,quantile,0.01,19.61316688388142
23,2026-09-26,3,2026-10-17,wk inc covid hosp,quantile,0.01,0.0
24,2026-09-26,3,2026-10-17,wk inc covid hosp,quantile,0.01,0.0
25,2026-09-26,3,2026-10-17,wk inc covid hosp,quantile,0.01,0.8738387607211288
26,2026-09-26,3,2026-10-17,wk inc covid hosp,quantile,0.01,0.0
27,2026-09-26,3,2026-10-17,wk inc covid hosp,quantile,0.01,0.0
28,2026-09-26,3,2026-10-17,wk inc covid hosp,quantile,0.01,0.0
29,2026-09-26,3,2026-10-17,wk inc covid hosp,quantile,0.01,1.7077062143379238
30,2026-09-26,3,2026-10-17,wk inc covid hosp,quantile,0.01,0.0
31,2026-09-26,3,2026-10-17,wk inc covid hosp,quantile,0.01,0.0
32,2026-09-26,3,2026-10-17,wk inc covid hosp,quantile,0.01,6.514106231514565
33,2026-09-26,3,2026-10-17,wk inc covid hosp,quantile,0.01,0.0
34,2026-09-26,3,2026-10-17,wk inc covid hosp,quantile,0.01,18.68086750364243
35,2026-09-26,3,2026-10-17,wk inc covid hosp,quantile,0.01,0.0
36,2026-09-26,3,2026-10-17,wk inc covid hosp,quantile,0.01,119.87942319810654
37,2026-09-26,3,2026-10-17,wk inc covid hosp,quantile,0.01,80.26023474342016
38,2026-09-26,3,2026-10-17,wk inc covid hosp,quantile,0.01,0.0
39,2026-09-26,3,2026-10-17,wk inc covid hosp,quantile,0.01,0.0
40,2026-09-26,3,2026-10-17,wk inc covid hosp,quantile,0.01,0.0
41,2026-09-26,3,2026-10-17,wk inc covid hosp,quantile,0.01,8.518846833139369
42,2026-09-26,3,2026-10-17,wk inc covid hosp,quantile,0.01,20.020850574666273
44,2026-09-26,3,2026-10-17,wk inc covid hosp,quantile,0.01,0.0
45,2026-09-26,3,2026-10-17,wk inc covid hosp,quantile,0.01,6.444834039893366
46,2026-09-26,3,2026-10-17,wk inc covid hosp,quantile,0.01,0.0
47,2026-09-26,3,2026-10-17,wk inc covid hosp,quantile,0.01,8.950187575154162
48,2026-09-26,3,2026-10-17,wk inc covid hosp,quantile,0.01,67.4064439139392
49,2026-09-26,3,2026-10-17,wk inc covid hosp,quantile,0.01,0.0
50,2026-09-26,3,2026-10-17,wk inc covid hosp,quantile,0.01,0.0
51,2026-09-26,3,2026-10-17,wk inc covid hosp,quantile,0.01,3.506248626403346
53,2026-09-26,3,2026-10-17,wk inc covid hosp,quantile,0.01,63.73509936729197
54,2026-09-26,3,2026-10-17,wk inc covid hosp,quantile,0.01,1.042054099709399
55,2026-09-26,3,2026-10-17,wk inc covid hosp,quantile,0.01,0.0
56,2026-09-26,3,2026-10-17,wk inc covid hosp,quantile,0.01,0.0
72,2026-09-26,3,2026-10-17,wk inc covid hosp,quantile,0.01,10.413341028702172
US,2026-09-26,3,2026-10-17,wk inc covid hosp,quantile,0.01,2483.1883042978143
01,2026-09-26,0,2026-09-26,wk inc covid hosp,quantile,0.025,64.21328610894786
02,2026-09-26,0,2026-09-26,wk inc covid hosp,quantile,0.025,0.0
04,2026-09-26,0,2026-09-26,wk inc covid hosp,quantile,0.025,39.52269726064473
05,2026-09-26,0,2026-09-26,wk inc covid hosp,quantile,0.025,3.2117588713027123
06,2026-09-26,0,2026-09-26,wk inc covid hosp,quantile,0.025,835.3656313585209
08,2026-09-26,0,2026-09-26,wk inc covid hosp,quantile,0.025,13.278665425524924
09,2026-09-26,0,2026-09-26,wk inc covid hosp,quantile,0.025,12.608159719414553
10,2026-09-26,0,2026-09-26,wk inc covid hosp,quantile,0.025,0.8178640660659354
11,2026-09-26,0,2026-09-26,wk inc covid hosp,quantile,0.025,0.6134906686060876
12,2026-09-26,0,2026-09-26,wk inc covid hosp,quantile,0.025,348.8442503193973
13,2026-09-26,0,2026-09-26,wk inc covid hosp,quantile,0.025,64.03000961462114
15,2026-09-26,0,2026-09-26,wk inc covid hosp,quantile,0.025,23.49315945084727
16,2026-09-26,0,2026-09-26,wk inc covid hosp,quantile,0.025,3.1991588556519304
17,2026-09-26,0,2026-09-26,wk inc covid hosp,quantile,0.025,29.90719656439872
18,2026-09-26,0,2026-09-26,wk inc covid hosp,quantile,0.025,6.391685147248021
19,2026-09-26,0,2026-09-26,wk inc covid hosp,quantile,0.025,3.5463356338241585
20,2026-09-26,0,2026-09-26,wk inc covid hosp,quantile,0.025,0.0
21,2026-09-26,0,2026-09-26,wk inc covid hosp,quantile,0.025,4.879305358372606
22,2026-09-26,0,2026-09-26,wk inc covid hosp,quantile,0.025,52.40131451233773
23,2026-09-26,0,2026-09-26,wk inc covid hosp,quantile,0.025,0.0
24,2026-09-26,0,2026-09-26,wk inc covid hosp,quantile,0.025,15.35236441539004
25,2026-09-26,0,2026-09-26,wk inc covid hosp,quantile,0.025,15.887071741339605
26,2026-09-26,0,2026-09-26,wk inc covid hosp,quantile,0.025,10.540228230532648
27,2026-09-26,0,2026-09-26,wk inc covid hosp,quantile,0.025,9.961664657119885
28,2026-09-26,0,2026-09-26,wk inc covid hosp,quantile,0.025,14.075883865404602
29,2026-09-26,0,2026-09-26,wk inc covid hosp,quantile,0.025,17.9883848545343
30,2026-09-26,0,2026-09-26,wk inc covid hosp,quantile,0.025,3.588561439555018
31,2026-09-26,0,2026-09-26,wk inc covid hosp,quantile,0.025,0.0
32,2026-09-26,0,2026-09-26,wk inc covid hosp,quantile,0.025,20.248685002173758
33,2026-09-26,0,2026-09-26,wk inc covid hosp,quantile,0.025,0.0
34,2026-09-26,0,2026-09-26,wk inc covid hosp,quantile,0.025,67.6483646322537
35,2026-09-26,0,2026-09-26,wk inc covid hosp,quantile,0.025,1.0375959700597515
36,2026-09-26,0,2026-09-26,wk inc covid hosp,quantile,0.025,184.05531715170943
37,2026-09-26,0,2026-09-26,wk inc covid hosp,quantile,0.025,149.1382578868559
38,2026-09-26,0,2026-09-26,wk inc covid hosp,quantile,0.025,0.0
39,2026-09-26,0,2026-09-26,wk inc covid hosp,quantile,0.025,24.71751642891467
40,2026-09-26,0,2026-09-26,wk inc covid hosp,quantile,0.025,6.223945668531585
41,2026-09-26,0,2026-09-26,wk inc covid hosp,quantile,0.025,22.367046179038006
42,2026-09-26,0,2026-09-26,wk inc covid hosp,quantile,0.025,76.11017637821469
44,2026-09-26,0,2026-09-26,wk inc covid hosp,quantile,0.025,5.253163031525973
45,2026-09-26,0,2026-09-26,wk inc covid hosp,quantile,0.025,32.0726830239229
46,2026-09-26,0,2026-09-26,wk inc covid hosp,quantile,0.025,0.0
47,2026-09-26,0,2026-09-26,wk inc covid hosp,quantile,0.025,41.58331862179437
48,2026-09-26,0,2026-09-26,wk inc covid hosp,quantile,0.025,271.35413855764443
49,2026-09-26,0,2026-09-26,wk inc covid hosp,quantile,0.025,11.045169546635348
50,2026-09-26,0,2026-09-26,wk inc covid hosp,quantile,0.025,0.0
51,2026-09-26,0,2026-09-26,wk inc covid hosp,quantile,0.025,25.627705201159905
53,2026-09-26,0,2026-09-26,wk inc covid hosp,quantile,0.025,99.75189273105944
54,2026-09-26,0,2026-09-26,wk inc covid hosp,quantile,0.025,7.332982764576059
55,2026-09-26,0,2026-09-26,wk inc covid hosp,quantile,0.025,4.14042425941487
56,2026-09-26,0,2026-09-26,wk inc covid hosp,quantile,0.025,0.0
72,2026-09-26,0,2026-09-26,wk inc covid hosp,quantile,0.025,57.29038494353956
US,2026-09-26,0,2026-09-26,wk inc covid hosp,quantile,0.025,3388.67286523763
01,2026-09-26,1,2026-10-03,wk inc covid hosp,quantile,0.025,55.49153391846031
02,2026-09-26,1,2026-10-03,wk inc covid hosp,quantile,0.025,0.0
04,2026-09-26,1,2026-10-03,wk inc covid hosp,quantile,0.025,30.31739221411619
05,2026-09-26,1,2026-10-03,wk inc covid hosp,quantile,0.025,0.5133804999167753
06,2026-09-26,1,2026-10-03,wk inc covid hosp,quantile,0.025,784.0982888594439
08,2026-09-26,1,2026-10-03,wk inc covid hosp,quantile,0.025,9.179050834805306
09,2026-09-26,1,2026-10-03,wk inc covid hosp,quantile,0.025,8.924785109196824
10,2026-09-26,1,2026-10-03,wk inc covid hosp,quantile,0.025,0.0
11,2026-09-26,1,2026-10-03,wk inc covid hosp,quantile,0.025,0.0
12,2026-09-26,1,2026-10-03,wk inc covid hosp,quantile,0.025,268.62496774065147
13,2026-09-26,1,2026-10-03,wk inc covid hosp,quantile,0.025,52.391208202537385
15,2026-09-26,1,2026-10-03,wk inc covid hosp,quantile,0.025,20.717988173087093
16,2026-09-26,1,2026-10-03,wk inc covid hosp,quantile,0.025,1.4026680564744358
17,2026-09-26,1,2026-10-03,wk inc covid hosp,quantile,0.025,22.527849741626074
18,2026-09-26,1,2026-10-03,wk inc covid hosp,quantile,0.025,1.936605711934455
19,2026-09-26,1,2026-10-03,wk inc covid hosp,quantile,0.025,1.571722224737103
20,2026-09-26,1,2026-10-03,wk inc covid hosp,quantile,0.025,0.0
21,2026-09-26,1,2026-10-03,wk inc covid hosp,quantile,0.025,1.0495527736140804
22,2026-09-26,1,2026-10-03,wk inc covid hosp,quantile,0.025,41.05433933176585
23,2026-09-26,1,2026-10-03,wk inc covid hosp,quantile,0.025,0.0
24,2026-09-26,1,2026-10-03,wk inc covid hosp,quantile,0.025,10.606191440428312
25,2026-09-26,1,2026-10-03,wk inc covid hosp,quantile,0.025,12.41496817492069
26,2026-09-26,1,2026-10-03,wk inc covid hosp,quantile,0.025,1.0609366478330626
27,2026-09-26,1,2026-10-03,wk inc covid hosp,quantile,0.025,6.797724344358145
28,2026-09-26,1,2026-10-03,wk inc covid hosp,quantile,0.025,8.570579103492403
29,2026-09-26,1,2026-10-03,wk inc covid hosp,quantile,0.025,13.392923671296533
30,2026-09-26,1,2026-10-03,wk inc covid hosp,quantile,0.025,2.1875256549999005
31,2026-09-26,1,2026-10-03,wk inc covid hosp,quantile,0.025,0.0
32,2026-09-26,1,2026-10-03,wk inc covid hosp,quantile,0.025,15.981694653601117
33,2026-09-26,1,2026-10-03,wk inc covid hosp,quantile,0.025,0.0
34,2026-09-26,1,2026-10-03,wk inc covid hosp,quantile,0.025,52.9297643341833
35,2026-09-26,1,2026-10-03,wk inc covid hosp,quantile,0.025,0.0
36,2026-09-26,1,2026-10-03,wk inc covid hosp,quantile,0.025,174.711730138409
37,2026-09-26,1,2026-10-03,wk inc covid hosp,quantile,0.025,134.2870504119082
38,2026-09-26,1,2026-10-03,wk inc covid hosp,quantile,0.025,0.0
39,2026-09-26,1,2026-10-03,wk inc covid hosp,quantile,0.025,17.207630996348545
40,2026-09-26,1,2026-10-03,wk inc covid hosp,quantile,0.025,3.0539034180486233
41,2026-09-26,1,2026-10-03,wk inc covid hosp,quantile,0.025,17.861645727566668
42,2026-09-26,1,2026-10-03,wk inc covid hosp,quantile,0.025,64.7775856761945
44,2026-09-26,1,2026-10-03,wk inc covid hosp,quantile,0.025,3.2043093753394105
45,2026-09-26,1,2026-10-03,wk inc covid hosp,quantile,0.025,23.412816719486678
46,2026-09-26,1,2026-10-03,wk inc covid hosp,quantile,0.025,0.0
47,2026-09-26,1,2026-10-03,wk inc covid hosp,quantile,0.025,32.24959566429805
48,2026-09-26,1,2026-10-03,wk inc covid hosp,quantile,0.025,205.1455015994893
49,2026-09-26,1,2026-10-03,wk inc covid hosp,quantile,0.025,7.4231363638365
50,2026-09-26,1,2026-10-03,wk inc covid hosp,quantile,0.025,0.0
51,2026-09-26,1,2026-10-03,wk inc covid hosp,quantile,0.025,20.66487633429772
53,2026-09-26,1,2026-10-03,wk inc covid hosp,quantile,0.025,93.49317075856202
54,2026-09-26,1,2026-10-03,wk inc covid hosp,quantile,0.025,6.46270912666936
55,2026-09-26,1,2026-10-03,wk inc covid hosp,quantile,0.025,1.0050151391100395
56,2026-09-26,1,2026-10-03,wk inc covid hosp,quantile,0.025,0.0
72,2026-09-26,1,2026-10-03,wk inc covid hosp,quantile,0.025,39.37272386967527
US,2026-09-26,1,2026-10-03,wk inc covid hosp,quantile,0.025,3197.34671206443
01,2026-09-26,2,2026-10-10,wk inc covid hosp,quantile,0.025,45.68008115524658
02,2026-09-26,2,2026-10-10,wk inc covid hosp,quantile,0.025,0.0
04,2026-09-26,2,2026-10-10,wk inc covid hosp,quantile,0.025,21.99117706365734
05,2026-09-26,2,2026-10-10,wk inc covid hosp,quantile,0.025,0.0
06,2026-09-26,2,2026-10-10,wk inc covid hosp,quantile,0.025,726.8447837865624
08,2026-09-26,2,2026-10-10,wk inc covid hosp,quantile,0.025,5.739135278752179
09,2026-09-26,2,2026-10-10,wk inc covid hosp,quantile,0.025,6.203622489841473
10,2026-09-26,2,2026-10-10,wk inc covid hosp,quantile,0.025,0.0
11,2026-09-26,2,2026-10-10,wk inc covid hosp,quantile,0.025,0.0
12,2026-09-26,2,2026-10-10,wk inc covid hosp,quantile,0.025,211.0292301271582
13,2026-09-26,2,2026-10-10,wk inc covid hosp,quantile,0.025,40.122642581318736
15,2026-09-26,2,2026-10-10,wk inc covid hosp,quantile,0.025,16.074359376736854
16,2026-09-26,2,2026-10-10,wk inc covid hosp,quantile,0.025,0.0
17,2026-09-26,2,2026-10-10,wk inc covid hosp,quantile,0.025,18.078337312818366
18,2026-09-26,2,2026-10-10,wk inc covid hosp,quantile,0.025,0.0
19,2026-09-26,2,2026-10-10,wk inc covid hosp,quantile,0.025,0.0
20,2026-09-26,2,2026-10-10,wk inc covid hosp,quantile,0.025,0.0
21,2026-09-26,2,2026-10-10,wk inc covid hosp,quantile,0.025,0.0
22,2026-09-26,2,2026-10-10,wk inc covid hosp,quantile,0.025,33.30101552002463
23,2026-09-26,2,2026-10-10,wk inc covid hosp,quantile,0.025,0.0
24,2026-09-26,2,2026-10-10,wk inc covid hosp,quantile,0.025,7.673434285961856
25,2026-09-26,2,2026-10-10,wk inc covid hosp,quantile,0.025,9.099600085814687
26,2026-09-26,2,2026-10-10,wk inc covid hosp,quantile,0.025,0.0
27,2026-09-26,2,2026-10-10,wk inc covid hosp,quantile,0.025,4.906717838926672
28,2026-09-26,2,2026-10-10,wk inc covid hosp,quantile,0.025,5.906223576257501
29,2026-09-26,2,2026-10-10,wk inc covid hosp,quantile,0.025,10.803000307655028
30,2026-09-26,2,2026-10-10,wk inc covid hosp,quantile,0.025,0.5778734566871621
31,2026-09-26,2,2026-10-10,wk inc covid hosp,quantile,0.025,0.0
32,2026-09-26,2,2026-10-10,wk inc covid hosp,quantile,0.025,12.158243275701615
33,2026-09-26,2,2026-10-10,wk inc covid hosp,quantile,0.025,0.0
34,2026-09-26,2,2026-10-10,wk inc covid hosp,quantile,0.025,42.33184034302152
35,2026-09-26,2,2026-10-10,wk inc covid hosp,quantile,0.025,0.0
36,2026-09-26,2,2026-10-10,wk inc covid hosp,quantile,0.025,166.10812520332794
37,2026-09-26,2,2026-10-10,wk inc covid hosp,quantile,0.025,113.97213864887357
38,2026-09-26,2,2026-10-10,wk inc covid hosp,quantile,0.025,0.0
39,2026-09-26,2,2026-10-10,wk inc covid hosp,quantile,0.025,11.646890499664638
40,2026-09-26,2,2026-10-10,wk inc covid hosp,quantile,0.025,0.0
41,2026-09-26,2,2026-10-10,wk inc covid hosp,quantile,0.025,15.554476283599993
42,2026-09-26,2,2026-10-10,wk inc covid hosp,quantile,0.025,48.72846944149592
44,2026-09-26,2,2026-10-10,wk inc covid hosp,quantile,0.025,2.251494061043335
45,2026-09-26,2,2026-10-10,wk inc covid hosp,quantile,0.025,15.549780141725968
46,2026-09-26,2,2026-10-10,wk inc covid hosp,quantile,0.025,0.0
47,2026-09-26,2,2026-10-10,wk inc covid hosp,quantile,0.025,22.685635742251957
48,2026-09-26,2,2026-10-10,wk inc covid hosp,quantile,0.025,150.9467348036482
49,2026-09-26,2,2026-10-10,wk inc covid hosp,quantile,0.025,5.262222341778281
50,2026-09-26,2,2026-10-10,wk inc covid hosp,quantile,0.025,0.0
51,2026-09-26,2,2026-10-10,wk inc covid hosp,quantile,0.025,16.003667109737947
53,2026-09-26,2,2026-10-10,wk inc covid hosp,quantile,0.025,86.52098301603621
54,2026-09-26,2,2026-10-10,wk inc covid hosp,quantile,0.025,4.020739407233167
55,2026-09-26,2,2026-10-10,wk inc covid hosp,quantile,0.025,0.0
56,2026-09-26,2,2026-10-10,wk inc covid hosp,quantile,0.025,0.0
72,2026-09-26,2,2026-10-10,wk inc covid hosp,quantile,0.025,29.37354914068197
US,2026-09-26,2,2026-10-10,wk inc covid hosp,quantile,0.025,3070.756129297081
01,2026-09-26,3,2026-10-17,wk inc covid hosp,quantile,0.025,38.87996433475757
02,2026-09-26,3,2026-10-17,wk inc covid hosp,quantile,0.025,0.0
04,2026-09-26,3,2026-10-17,wk inc covid hosp,quantile,0.025,17.01373633627314
05,2026-09-26,3,2026-10-17,wk inc covid hosp,quantile,0.025,0.0
06,2026-09-26,3,2026-10-17,wk inc covid hosp,quantile,0.025,672.5042751405788
08,2026-09-26,3,2026-10-17,wk inc covid hosp,quantile,0.025,2.876903994348229
09,2026-09-26,3,2026-10-17,wk inc covid hosp,quantile,0.025,2.8471059308877606
10,2026-09-26,3,2026-10-17,wk inc covid hosp,quantile,0.025,0.0
11,2026-09-26,3,2026-10-17,wk inc covid hosp,quantile,0.025,0.0
12,2026-09-26,3,2026-10-17,wk inc covid hosp,quantile,0.025,158.10067726470191
13,2026-09-26,3,2026-10-17,wk inc covid hosp,quantile,0.025,32.52449598142013
15,2026-09-26,3,2026-10-17,wk inc covid hosp,quantile,0.025,11.948050971237581
16,2026-09-26,3,2026-10-17,wk inc covid hosp,quantile,0.025,0.0
17,2026-09-26,3,2026-10-17,wk inc covid hosp,quantile,0.025,14.666541640719746
18,2026-09-26,3,2026-10-17,wk inc covid hosp,quantile,0.025,0.0
19,2026-09-26,3,2026-10-17,wk inc covid hosp,quantile,0.025,0.0
20,2026-09-26,3,2026-10-17,wk inc covid hosp,quantile,0.025,0.0
21,2026-09-26,3,2026-10-17,wk inc covid hosp,quantile,0.025,0.0
22,2026-09-26,3,2026-10-17,wk inc covid hosp,quantile,0.025,25.83428282701794
23,2026-09-26,3,2026-10-17,wk inc covid hosp,quantile,0.025,0.0
24,2026-09-26,3,2026-10-17,wk inc covid hosp,quantile,0.025,5.84339657563484
25,2026-09-26,3,2026-10-17,wk inc covid hosp,quantile,0.025,7.347030227404602
26,2026-09-26,3,2026-10-17,wk inc covid hosp,quantile,0.025,0.0
27,2026-09-26,3,2026-10-17,wk inc covid hosp,quantile,0.025,2.2881429394365522
28,2026-09-26,3,2026-10-17,wk inc covid hosp,quantile,0.025,2.7510868014180154
29,2026-09-26,3,2026-10-17,wk inc covid hosp,quantile,0.025,7.446192639452022
30,2026-09-26,3,2026-10-17,wk inc covid hosp,quantile,0.025,0.0
31,2026-09-26,3,2026-10-17,wk inc covid hosp,quantile,0.025,0.0
32,2026-09-26,3,2026-10-17,wk inc covid hosp,quantile,0.025,9.5524750426122
33,2026-09-26,3,2026-10-17,wk inc covid hosp,quantile,0.025,0.0
34,2026-09-26,3,2026-10-17,wk inc covid hosp,quantile,0.025,35.167797242467785
35,2026-09-26,3,2026-10-17,wk inc covid hosp,quantile,0.025,0.0
36,2026-09-26,3,2026-10-17,wk inc covid hosp,quantile,0.025,147.0131361300427
37,2026-09-26,3,2026-10-17,wk inc covid hosp,quantile,0.025,105.45097622634685
38,2026-09-26,3,2026-10-17,wk inc covid hosp,quantile,0.025,0.0
39,2026-09-26,3,2026-10-17,wk inc covid hosp,quantile,0.025,8.865545420258163
40,2026-09-26,3,2026-10-17,wk inc covid hosp,quantile,0.025,0.0
41,2026-09-26,3,2026-10-17,wk inc covid hosp,quantile,0.025,12.57265238580991
42,2026-09-26,3,2026-10-17,wk inc covid hosp,quantile,0.025,37.4054853928973
44,2026-09-26,3,2026-10-17,wk inc covid hosp,quantile,0.025,1.0321147807455389
45,2026-09-26,3,2026-10-17,wk inc covid hosp,quantile,0.025,11.445525670294698
46,2026-09-26,3,2026-10-17,wk inc covid hosp,quantile,0.025,0.0
47,2026-09-26,3,2026-10-17,wk inc covid hosp,quantile,0.025,16.647011682014003
48,2026-09-26,3,2026-10-17,wk inc covid hosp,quantile,0.025,122.94696973297998
49,2026-09-26,3,2026-10-17,wk inc covid hosp,quantile,0.025,3.0440845039474405
50,2026-09-26,3,2026-10-17,wk inc covid hosp,quantile,0.025,0.0
51,2026-09-26,3,2026-10-17,wk inc covid hosp,quantile,0.025,9.75965433488264
53,2026-09-26,3,2026-10-17,wk inc covid hosp,quantile,0.025,77.44536007129463
54,2026-09-26,3,2026-10-17,wk inc covid hosp,quantile,0.025,3.272974736424628
55,2026-09-26,3,2026-10-17,wk inc covid hosp,quantile,0.025,0.0
56,2026-09-26,3,2026-10-17,wk inc covid hosp,quantile,0.025,0.0
72,2026-09-26,3,2026-10-17,wk inc covid hosp,quantile,0.025,19.389818940664778
US,2026-09-26,3,2026-10-17,wk inc covid hosp,quantile,0.025,2832.273590129462
01,2026-09-26,0,2026-09-26,wk inc covid hosp,quantile,0.05,69.03816822325992
02,2026-09-26,0,2026-09-26,wk inc covid hosp,quantile,0.05,0.0
04,2026-09-26,0,2026-09-26,wk inc covid hosp,quantile,0.05,43.46523415862364
05,2026-09-26,0,2026-09-26,wk inc covid hosp,quantile,0.05,4.974017741357192
06,2026-09-26,0,2026-09-26,wk inc covid hosp,quantile,0.05,870.8181099845752
08,2026-09-26,0,2026-09-26,wk inc covid hosp,quantile,0.05,16.06773138495129
09,2026-09-26,0,2026-09-26,wk inc covid hosp,quantile,0.05,16.459086756753454
10,2026-09-26,0,2026-09-26,wk inc covid hosp,quantile,0.05,1.468889499616605
11,2026-09-26,0,2026-09-26,wk inc covid hosp,quantile,0.05,1.2365428161157452
12,2026-09-26,0,2026-09-26,wk inc covid hosp,quantile,0.05,384.3403049586482
13,2026-09-26,0,2026-09-26,wk inc covid hosp,quantile,0.05,71.04342873794866
15,2026-09-26,0,2026-09-26,wk inc covid hosp,quantile,0.05,26.599964751462316
16,2026-09-26,0,2026-09-26,wk inc covid hosp,quantile,0.05,4.357806210367069
17,2026-09-26,0,2026-09-26,wk inc covid hosp,quantile,0.05,35.91923474035702
18,2026-09-26,0,2026-09-26,wk inc covid hosp,quantile,0.05,9.485479208859223
19,2026-09-26,0,2026-09-26,wk inc covid hosp,quantile,0.05,5.196515815072981
20,2026-09-26,0,2026-09-26,wk inc covid hosp,quantile,0.05,0.0
21,2026-09-26,0,2026-09-26,wk inc covid hosp,quantile,0.05,7.455032678733699
22,2026-09-26,0,2026-09-26,wk inc covid hosp,quantile,0.05,57.60702772114384
23,2026-09-26,0,2026-09-26,wk inc covid hosp,quantile,0.05,0.0
24,2026-09-26,0,2026-09-26,wk inc covid hosp,quantile,0.05,17.876614333132554
25,2026-09-26,0,2026-09-26,wk inc covid hosp,quantile,0.05,19.51076671285539
26,2026-09-26,0,2026-09-26,wk inc covid hosp,quantile,0.05,15.074204270139848
27,2026-09-26,0,2026-09-26,wk inc covid hosp,quantile,0.05,12.700020662823073
28,2026-09-26,0,2026-09-26,wk inc covid hosp,quantile,0.05,16.308808245720492
29,2026-09-26,0,2026-09-26,wk inc covid hosp,quantile,0.05,21.169106251907536
30,2026-09-26,0,2026-09-26,wk inc covid hosp,quantile,0.05,4.605385954798253
31,2026-09-26,0,2026-09-26,wk inc covid hosp,quantile,0.05,0.0
32,2026-09-26,0,2026-09-26,wk inc covid hosp,quantile,0.05,22.866883591299512
33,2026-09-26,0,2026-09-26,wk inc covid hosp,quantile,0.05,0.0
34,2026-09-26,0,2026-09-26,wk inc covid hosp,quantile,0.05,77.54073694208219
35,2026-09-26,0,2026-09-26,wk inc covid hosp,quantile,0.05,1.9524241075846411
36,2026-09-26,0,2026-09-26,wk inc covid hosp,quantile,0.05,202.046848393016
37,2026-09-26,0,2026-09-26,wk inc covid hosp,quantile,0.05,159.47961051147078
38,2026-09-26,0,2026-09-26,wk inc covid hosp,quantile,0.05,0.0
39,2026-09-26,0,2026-09-26,wk inc covid hosp,quantile,0.05,29.762136204677724
40,2026-09-26,0,2026-09-26,wk inc covid hosp,quantile,0.05,8.486020272252802
41,2026-09-26,0,2026-09-26,wk inc covid hosp,quantile,0.05,25.50804562084234
42,2026-09-26,0,2026-09-26,wk inc covid hosp,quantile,0.05,89.07301593585005
44,2026-09-26,0,2026-09-26,wk inc covid hosp,quantile,0.05,6.612738090905886
45,2026-09-26,0,2026-09-26,wk inc covid hosp,quantile,0.05,37.170382051816155
46,2026-09-26,0,2026-09-26,wk inc covid hosp,quantile,0.05,0.7222247598407135
47,2026-09-26,0,2026-09-26,wk inc covid hosp,quantile,0.05,48.065931435443424
48,2026-09-26,0,2026-09-26,wk inc covid hosp,quantile,0.05,298.37990414016747
49,2026-09-26,0,2026-09-26,wk inc covid hosp,quantile,0.05,12.643391531604365
50,2026-09-26,0,2026-09-26,wk inc covid hosp,quantile,0.05,0.0
51,2026-09-26,0,2026-09-26,wk inc covid hosp,quantile,0.05,30.354189898924563
53,2026-09-26,0,2026-09-26,wk inc covid hosp,quantile,0.05,108.89821153159173
54,2026-09-26,0,2026-09-26,wk inc covid hosp,quantile,0.05,9.014881645426682
55,2026-09-26,0,2026-09-26,wk inc covid hosp,quantile,0.05,7.630172412178657
56,2026-09-26,0,2026-09-26,wk inc covid hosp,quantile,0.05,0.0
72,2026-09-26,0,2026-09-26,wk inc covid hosp,quantile,0.05,63.178254824873655
US,2026-09-26,0,2026-09-26,wk inc covid hosp,quantile,0.05,3576.040350325059
01,2026-09-26,1,2026-10-03,wk inc covid hosp,quantile,0.05,62.801652523171
02,2026-09-26,1,2026-10-03,wk inc covid hosp,quantile,0.05,0.0
04,2026-09-26,1,2026-10-03,wk inc covid hosp,quantile,0.05,37.26073050410203
05,2026-09-26,1,2026-10-03,wk inc covid hosp,quantile,0.05,2.281510060317838
06,2026-09-26,1,2026-10-03,wk inc covid hosp,quantile,0.05,831.696402994229
08,2026-09-26,1,2026-10-03,wk inc covid hosp,quantile,0.05,12.08716379529838
09,2026-09-26,1,2026-10-03,wk inc covid hosp,quantile,0.05,13.010311131654083
10,2026-09-26,1,2026-10-03,wk inc covid hosp,quantile,0.05,0.26539573990960924
11,2026-09-26,1,2026-10-03,wk inc covid hosp,quantile,0.05,0.26597445924874175
12,2026-09-26,1,2026-10-03,wk inc covid hosp,quantile,0.05,316.92791437041467
13,2026-09-26,1,2026-10-03,wk inc covid hosp,quantile,0.05,60.13566205918675
15,2026-09-26,1,2026-10-03,wk inc covid hosp,quantile,0.05,23.353165862470473
16,2026-09-26,1,2026-10-03,wk inc covid hosp,quantile,0.05,2.6941435270743903
17,2026-09-26,1,2026-10-03,wk inc covid hosp,quantile,0.05,31.259193549685996
18,2026-09-26,1,2026-10-03,wk inc covid hosp,quantile,0.05,5.283506844558688
19,2026-09-26,1,2026-10-03,wk inc covid hosp,quantile,0.05,3.4642703088132576
20,2026-09-26,1,2026-10-03,wk inc covid hosp,quantile,0.05,0.0
21,2026-09-26,1,2026-10-03,wk inc covid hosp,quantile,0.05,3.96381833998966
22,2026-09-26,1,2026-10-03,wk inc covid hosp,quantile,0.05,48.10616745057839
23,2026-09-26,1,2026-10-03,wk inc covid hosp,quantile,0.05,0.0
24,2026-09-26,1,2026-10-03,wk inc covid hosp,quantile,0.05,14.868135237779555
25,2026-09-26,1,2026-10-03,wk inc covid hosp,quantile,0.05,17.556241132950262
26,2026-09-26,1,2026-10-03,wk inc covid hosp,quantile,0.05,7.958904044617858
27,2026-09-26,1,2026-10-03,wk inc covid hosp,quantile,0.05,10.07497678755585
28,2026-09-26,1,2026-10-03,wk inc covid hosp,quantile,0.05,11.75471062530915
29,2026-09-26,1,2026-10-03,wk inc covid hosp,quantile,0.05,17.25396009402245
30,2026-09-26,1,2026-10-03,wk inc covid hosp,quantile,0.05,3.4786375493031816
31,2026-09-26,1,2026-10-03,wk inc covid hosp,quantile,0.05,0.0
32,2026-09-26,1,2026-10-03,wk inc covid hosp,quantile,0.05,18.496276382239945
33,2026-09-26,1,2026-10-03,wk inc covid hosp,quantile,0.05,0.0
34,2026-09-26,1,2026-10-03,wk inc covid hosp,quantile,0.05,63.84098610608879
35,2026-09-26,1,2026-10-03,wk inc covid hosp,quantile,0.05,0.07728698617863
36,2026-09-26,1,2026-10-03,wk inc covid hosp,quantile,0.05,195.47363316013187
37,2026-09-26,1,2026-10-03,wk inc covid hosp,quantile,0.05,146.0187101950408
38,2026-09-26,1,2026-10-03,wk inc covid hosp,quantile,0.05,0.0
39,2026-09-26,1,2026-10-03,wk inc covid hosp,quantile,0.05,23.50753938290667
40,2026-09-26,1,2026-10-03,wk inc covid hosp,quantile,0.05,5.224564994447989
41,2026-09-26,1,2026-10-03,wk inc covid hosp,quantile,0.05,21.827481662760746
42,2026-09-26,1,2026-10-03,wk inc covid hosp,quantile,0.05,78.51504299767547
44,2026-09-26,1,2026-10-03,wk inc covid hosp,quantile,0.05,4.953302085988976
45,2026-09-26,1,2026-10-03,wk inc covid hosp,quantile,0.05,29.09765528201991
46,2026-09-26,1,2026-10-03,wk inc covid hosp,quantile,0.05,0.02075445222638492
47,2026-09-26,1,2026-10-03,wk inc covid hosp,quantile,0.05,39.626838642319555
48,2026-09-26,1,2026-10-03,wk inc covid hosp,quantile,0.05,242.67967212862033
49,2026-09-26,1,2026-10-03,wk inc covid hosp,quantile,0.05,10.318660618363051
50,2026-09-26,1,2026-10-03,wk inc covid hosp,quantile,0.05,0.0
51,2026-09-26,1,2026-10-03,wk inc covid hosp,quantile,0.05,25.94838847844997
53,2026-09-26,1,2026-10-03,wk inc covid hosp,quantile,0.05,102.92738777660561
54,2026-09-26,1,2026-10-03,wk inc covid hosp,quantile,0.05,8.361796187852374
55,2026-09-26,1,2026-10-03,wk inc covid hosp,quantile,0.05,4.503172524934875
56,2026-09-26,1,2026-10-03,wk inc covid hosp,quantile,0.05,0.0
72,2026-09-26,1,2026-10-03,wk inc covid hosp,quantile,0.05,49.26044870555385
US,2026-09-26,1,2026-10-03,wk inc covid hosp,quantile,0.05,3483.100678323927
01,2026-09-26,2,2026-10-10,wk inc covid hosp,quantile,0.05,53.104754770478756
02,2026-09-26,2,2026-10-10,wk inc covid hosp,quantile,0.05,0.0
04,2026-09-26,2,2026-10-10,wk inc covid hosp,quantile,0.05,31.350491726022632
05,2026-09-26,2,2026-10-10,wk inc covid hosp,quantile,0.05,0.4170808334744532
06,2026-09-26,2,2026-10-10,wk inc covid hosp,quantile,0.05,794.5775432701699
08,2026-09-26,2,2026-10-10,wk inc covid hosp,quantile,0.05,9.888301661933605
09,2026-09-26,2,2026-10-10,wk inc covid hosp,quantile,0.05,11.396277916767497
10,2026-09-26,2,2026-10-10,wk inc covid hosp,quantile,0.05,0.0
11,2026-09-26,2,2026-10-10,wk inc covid hosp,quantile,0.05,0.0
12,2026-09-26,2,2026-10-10,wk inc covid hosp,quantile,0.05,258.5050665978477
13,2026-09-26,2,2026-10-10,wk inc covid hosp,quantile,0.05,52.50805657119881
15,2026-09-26,2,2026-10-10,wk inc covid hosp,quantile,0.05,19.11217576453136
16,2026-09-26,2,2026-10-10,wk inc covid hosp,quantile,0.05,1.4694520761523007
17,2026-09-26,2,2026-10-10,wk inc covid hosp,quantile,0.05,28.027837157610488
18,2026-09-26,2,2026-10-10,wk inc covid hosp,quantile,0.05,3.446817639351612
19,2026-09-26,2,2026-10-10,wk inc covid hosp,quantile,0.05,2.003010750605348
20,2026-09-26,2,2026-10-10,wk inc covid hosp,quantile,0.05,0.0
21,2026-09-26,2,2026-10-10,wk inc covid hosp,quantile,0.05,1.7530097299954197
22,2026-09-26,2,2026-10-10,wk inc covid hosp,quantile,0.05,40.39992488796106
23,2026-09-26,2,2026-10-10,wk inc covid hosp,quantile,0.05,0.0
24,2026-09-26,2,2026-10-10,wk inc covid hosp,quantile,0.05,13.042198423329328
25,2026-09-26,2,2026-10-10,wk inc covid hosp,quantile,0.05,15.252813729422979
26,2026-09-26,2,2026-10-10,wk inc covid hosp,quantile,0.05,3.016559199914272
27,2026-09-26,2,2026-10-10,wk inc covid hosp,quantile,0.05,8.467315559204906
28,2026-09-26,2,2026-10-10,wk inc covid hosp,quantile,0.05,8.450500184457054
29,2026-09-26,2,2026-10-10,wk inc covid hosp,quantile,0.05,15.48892743719525
30,2026-09-26,2,2026-10-10,wk inc covid hosp,quantile,0.05,2.05940070423346
31,2026-09-26,2,2026-10-10,wk inc covid hosp,quantile,0.05,0.0
32,2026-09-26,2,2026-10-10,wk inc covid hosp,quantile,0.05,15.767120387213494
33,2026-09-26,2,2026-10-10,wk inc covid hosp,quantile,0.05,0.0
34,2026-09-26,2,2026-10-10,wk inc covid hosp,quantile,0.05,57.493293594531586
35,2026-09-26,2,2026-10-10,wk inc covid hosp,quantile,0.05,0.0
36,2026-09-26,2,2026-10-10,wk inc covid hosp,quantile,0.05,188.30709679950434
37,2026-09-26,2,2026-10-10,wk inc covid hosp,quantile,0.05,131.41756688019336
38,2026-09-26,2,2026-10-10,wk inc covid hosp,quantile,0.05,0.0
39,2026-09-26,2,2026-10-10,wk inc covid hosp,quantile,0.05,21.173797988182617
40,2026-09-26,2,2026-10-10,wk inc covid hosp,quantile,0.05,2.82899571435057
41,2026-09-26,2,2026-10-10,wk inc covid hosp,quantile,0.05,20.210924067765433
42,2026-09-26,2,2026-10-10,wk inc covid hosp,quantile,0.05,69.04277238889607
44,2026-09-26,2,2026-10-10,wk inc covid hosp,quantile,0.05,4.005020764000613
45,2026-09-26,2,2026-10-10,wk inc covid hosp,quantile,0.05,21.795675292764095
46,2026-09-26,2,2026-10-10,wk inc covid hosp,quantile,0.05,0.0
47,2026-09-26,2,2026-10-10,wk inc covid hosp,quantile,0.05,32.055099831971994
48,2026-09-26,2,2026-10-10,wk inc covid hosp,quantile,0.05,194.1042168483556
49,2026-09-26,2,2026-10-10,wk inc covid hosp,quantile,0.05,8.81178087310105
50,2026-09-26,2,2026-10-10,wk inc covid hosp,quantile,0.05,0.0
51,2026-09-26,2,2026-10-10,wk inc covid hosp,quantile,0.05,21.359173713147882
53,2026-09-26,2,2026-10-10,wk inc covid hosp,quantile,0.05,96.06970703752523
54,2026-09-26,2,2026-10-10,wk inc covid hosp,quantile,0.05,6.687785840738177
55,2026-09-26,2,2026-10-10,wk inc covid hosp,quantile,0.05,1.4467363303785299
56,2026-09-26,2,2026-10-10,wk inc covid hosp,quantile,0.05,0.0
72,2026-09-26,2,2026-10-10,wk inc covid hosp,quantile,0.05,39.61414162467534
US,2026-09-26,2,2026-10-10,wk inc covid hosp,quantile,0.05,3365.6938092581986
01,2026-09-26,3,2026-10-17,wk inc covid hosp,quantile,0.05,48.071979840148295
02,2026-09-26,3,2026-10-17,wk inc covid hosp,quantile,0.05,0.0
04,2026-09-26,3,2026-10-17,wk inc covid hosp,quantile,0.05,25.165720214336325
05,2026-09-26,3,2026-10-17,wk inc covid hosp,quantile,0.05,0.0
06,2026-09-26,3,2026-10-17,wk inc covid hosp,quantile,0.05,737.9684774902831
08,2026-09-26,3,2026-10-17,wk inc covid hosp,quantile,0.05,8.481290005004169
09,2026-09-26,3,2026-10-17,wk inc covid hosp,quantile,0.05,7.874612449539457
10,2026-09-26,3,2026-10-17,wk inc covid hosp,quantile,0.05,0.0
11,2026-09-26,3,2026-10-17,wk inc covid hosp,quantile,0.05,0.0
12,2026-09-26,3,2026-10-17,wk inc covid hosp,quantile,0.05,209.5870742103293
13,2026-09-26,3,2026-10-17,wk inc covid hosp,quantile,0.05,44.987965295042784
15,2026-09-26,3,2026-10-17,wk inc covid hosp,quantile,0.05,15.95838740042234
16,2026-09-26,3,2026-10-17,wk inc covid hosp,quantile,0.05,0.4118177008695091
17,2026-09-26,3,2026-10-17,wk inc covid hosp,quantile,0.05,24.184037841733556
18,2026-09-26,3,2026-10-17,wk inc covid hosp,quantile,0.05,0.12100876648778507
19,2026-09-26,3,2026-10-17,wk inc covid hosp,quantile,0.05,0.41004723857592745
20,2026-09-26,3,2026-10-17,wk inc covid hosp,quantile,0.05,0.0
21,2026-09-26,3,2026-10-17,wk inc covid hosp,quantile,0.05,0.0
22,2026-09-26,3,2026-10-17,wk inc covid hosp,quantile,0.05,34.519743961194244
23,2026-09-26,3,2026-10-17,wk inc covid hosp,quantile,0.05,0.0
24,2026-09-26,3,2026-10-17,wk inc covid hosp,quantile,0.05,11.037806777913705
25,2026-09-26,3,2026-10-17,wk inc covid hosp,quantile,0.05,13.15207930142431
26,2026-09-26,3,2026-10-17,wk inc covid hosp,quantile,0.05,0.0
27,2026-09-26,3,2026-10-17,wk inc covid hosp,quantile,0.05,6.208372310040907
28,2026-09-26,3,2026-10-17,wk inc covid hosp,quantile,0.05,6.071924686709087
29,2026-09-26,3,2026-10-17,wk inc covid hosp,quantile,0.05,13.108206191549542
30,2026-09-26,3,2026-10-17,wk inc covid hosp,quantile,0.05,1.1624637590444091
31,2026-09-26,3,2026-10-17,wk inc covid hosp,quantile,0.05,0.0
32,2026-09-26,3,2026-10-17,wk inc covid hosp,quantile,0.05,13.504550441994768
33,2026-09-26,3,2026-10-17,wk inc covid hosp,quantile,0.05,0.0
34,2026-09-26,3,2026-10-17,wk inc covid hosp,quantile,0.05,46.71437277416214
35,2026-09-26,3,2026-10-17,wk inc covid hosp,quantile,0.05,0.0
36,2026-09-26,3,2026-10-17,wk inc covid hosp,quantile,0.05,177.8804399559627
37,2026-09-26,3,2026-10-17,wk inc covid hosp,quantile,0.05,121.4136968012908
38,2026-09-26,3,2026-10-17,wk inc covid hosp,quantile,0.05,0.0
39,2026-09-26,3,2026-10-17,wk inc covid hosp,quantile,0.05,18.732454696140397
40,2026-09-26,3,2026-10-17,wk inc covid hosp,quantile,0.05,1.2661787230339614
41,2026-09-26,3,2026-10-17,wk inc covid hosp,quantile,0.05,18.160323301383826
42,2026-09-26,3,2026-10-17,wk inc covid hosp,quantile,0.05,60.210185057858276
44,2026-09-26,3,2026-10-17,wk inc covid hosp,quantile,0.05,2.7108702985730075
45,2026-09-26,3,2026-10-17,wk inc covid hosp,quantile,0.05,16.88666976236288
46,2026-09-26,3,2026-10-17,wk inc covid hosp,quantile,0.05,0.0
47,2026-09-26,3,2026-10-17,wk inc covid hosp,quantile,0.05,26.323398765942315
48,2026-09-26,3,2026-10-17,wk inc covid hosp,quantile,0.05,163.41169438304615
49,2026-09-26,3,2026-10-17,wk inc covid hosp,quantile,0.05,7.5355029648220135
50,2026-09-26,3,2026-10-17,wk inc covid hosp,quantile,0.05,0.0
51,2026-09-26,3,2026-10-17,wk inc covid hosp,quantile,0.05,17.740625497562814
53,2026-09-26,3,2026-10-17,wk inc covid hosp,quantile,0.05,88.40360719004441
54,2026-09-26,3,2026-10-17,wk inc covid hosp,quantile,0.05,5.963236694341176
55,2026-09-26,3,2026-10-17,wk inc covid hosp,quantile,0.05,0.5403099051248387
56,2026-09-26,3,2026-10-17,wk inc covid hosp,quantile,0.05,0.0
72,2026-09-26,3,2026-10-17,wk inc covid hosp,quantile,0.05,31.20423487532866
US,2026-09-26,3,2026-10-17,wk inc covid hosp,quantile,0.05,3201.9947968082492
01,2026-09-26,0,2026-09-26,wk inc covid hosp,quantile,0.1,76.26552770121162
02,2026-09-26,0,2026-09-26,wk inc covid hosp,quantile,0.1,0.08074561266363937
04,2026-09-26,0,2026-09-26,wk inc covid hosp,quantile,0.1,51.25385066177441
05,2026-09-26,0,2026-09-26,wk inc covid hosp,quantile,0.1,6.97956952958572
06,2026-09-26,0,2026-09-26,wk inc covid hosp,quantile,0.1,914.14610397412
08,2026-09-26,0,2026-09-26,wk inc covid hosp,quantile,0.1,19.64310361652063
09,2026-09-26,0,2026-09-26,wk inc covid hosp,quantile,0.1,20.303475031351162
10,2026-09-26,0,2026-09-26,wk inc covid hosp,quantile,0.1,2.292896163468305
11,2026-09-26,0,2026-09-26,wk inc covid hosp,quantile,0.1,1.970475959251844
12,2026-09-26,0,2026-09-26,wk inc covid hosp,quantile,0.1,433.5778877389132
13,2026-09-26,0,2026-09-26,wk inc covid hosp,quantile,0.1,79.04740539656572
15,2026-09-26,0,2026-09-26,wk inc covid hosp,quantile,0.1,29.803161179946645
16,2026-09-26,0,2026-09-26,wk inc covid hosp,quantile,0.1,5.760934425369664
17,2026-09-26,0,2026-09-26,wk inc covid hosp,quantile,0.1,42.08925292147914
18,2026-09-26,0,2026-09-26,wk inc covid hosp,quantile,0.1,12.985374405720508
19,2026-09-26,0,2026-09-26,wk inc covid hosp,quantile,0.1,7.213598996354187
20,2026-09-26,0,2026-09-26,wk inc covid hosp,quantile,0.1,1.3463382383919038
21,2026-09-26,0,2026-09-26,wk inc covid hosp,quantile,0.1,10.463350313000724
22,2026-09-26,0,2026-09-26,wk inc covid hosp,quantile,0.1,63.500535384666854
23,2026-09-26,0,2026-09-26,wk inc covid hosp,quantile,0.1,0.0
24,2026-09-26,0,2026-09-26,wk inc covid hosp,quantile,0.1,21.694414946507813
25,2026-09-26,0,2026-09-26,wk inc covid hosp,quantile,0.1,24.118259255569335
26,2026-09-26,0,2026-09-26,wk inc covid hosp,quantile,0.1,21.14209494457614
27,2026-09-26,0,2026-09-26,wk inc covid hosp,quantile,0.1,15.755911898718301
28,2026-09-26,0,2026-09-26,wk inc covid hosp,quantile,0.1,19.575006875297362
29,2026-09-26,0,2026-09-26,wk inc covid hosp,quantile,0.1,25.167131654947823
30,2026-09-26,0,2026-09-26,wk inc covid hosp,quantile,0.1,6.078723469990124
31,2026-09-26,0,2026-09-26,wk inc covid hosp,quantile,0.1,0.2179721337079104
32,2026-09-26,0,2026-09-26,wk inc covid hosp,quantile,0.1,25.95306679022362
33,2026-09-26,0,2026-09-26,wk inc covid hosp,quantile,0.1,0.0
34,2026-09-26,0,2026-09-26,wk inc covid hosp,quantile,0.1,88.29311254432449
35,2026-09-26,0,2026-09-26,wk inc covid hosp,quantile,0.1,3.2988662617403515
36,2026-09-26,0,2026-09-26,wk inc covid hosp,quantile,0.1,219.87616497603054
37,2026-09-26,0,2026-09-26,wk inc covid hosp,quantile,0.1,173.20888194305738
38,2026-09-26,0,2026-09-26,wk inc covid hosp,quantile,0.1,0.0
39,2026-09-26,0,2026-09-26,wk inc covid hosp,quantile,0.1,38.21675341513514
40,2026-09-26,0,2026-09-26,wk inc covid hosp,quantile,0.1,11.26470186562898
41,2026-09-26,0,2026-09-26,wk inc covid hosp,quantile,0.1,28.891387763129547
42,2026-09-26,0,2026-09-26,wk inc covid hosp,quantile,0.1,102.97057304423733
44,2026-09-26,0,2026-09-26,wk inc covid hosp,quantile,0.1,8.258784443053985
45,2026-09-26,0,2026-09-26,wk inc covid hosp,quantile,0.1,41.94936480868748
46,2026-09-26,0,2026-09-26,wk inc covid hosp,quantile,0.1,1.6620928251821712
47,2026-09-26,0,2026-09-26,wk inc covid hosp,quantile,0.1,55.148311797038616
48,2026-09-26,0,2026-09-26,wk inc covid hosp,quantile,0.1,334.9381922492077
49,2026-09-26,0,2026-09-26,wk inc covid hosp,quantile,0.1,15.316382432708505
50,2026-09-26,0,2026-09-26,wk inc covid hosp,quantile,0.1,0.0
51,2026-09-26,0,2026-09-26,wk inc covid hosp,quantile,0.1,35.51371307592776
53,2026-09-26,0,2026-09-26,wk inc covid hosp,quantile,0.1,117.3329284804969
54,2026-09-26,0,2026-09-26,wk inc covid hosp,quantile,0.1,11.17711691847839
55,2026-09-26,0,2026-09-26,wk inc covid hosp,quantile,0.1,10.985853333401232
56,2026-09-26,0,2026-09-26,wk inc covid hosp,quantile,0.1,0.0
72,2026-09-26,0,2026-09-26,wk inc covid hosp,quantile,0.1,73.1600208355258
US,2026-09-26,0,2026-09-26,wk inc covid hosp,quantile,0.1,3868.8066621465878
01,2026-09-26,1,2026-10-03,wk inc covid hosp,quantile,0.1,70.3861981877518
02,2026-09-26,1,2026-10-03,wk inc covid hosp,quantile,0.1,0.0
04,2026-09-26,1,2026-10-03,wk inc covid hosp,quantile,0.1,46.68772575408513
05,2026-09-26,1,2026-10-03,wk inc covid hosp,quantile,0.1,4.775161296940053
06,2026-09-26,1,2026-10-03,wk inc covid hosp,quantile,0.1,898.0971529671289
08,2026-09-26,1,2026-10-03,wk inc covid hosp,quantile,0.1,16.92481532201822
09,2026-09-26,1,2026-10-03,wk inc covid hosp,quantile,0.1,18.966496678479352
10,2026-09-26,1,2026-10-03,wk inc covid hosp,quantile,0.1,1.3645534563138773
11,2026-09-26,1,2026-10-03,wk inc covid hosp,quantile,0.1,1.1958020792207014
12,2026-09-26,1,2026-10-03,wk inc covid hosp,quantile,0.1,379.9359240218751
13,2026-09-26,1,2026-10-03,wk inc covid hosp,quantile,0.1,71.38767321964563
15,2026-09-26,1,2026-10-03,wk inc covid hosp,quantile,0.1,27.108784556654772
16,2026-09-26,1,2026-10-03,wk inc covid hosp,quantile,0.1,4.616762381720023
17,2026-09-26,1,2026-10-03,wk inc covid hosp,quantile,0.1,42.02787513145675
18,2026-09-26,1,2026-10-03,wk inc covid hosp,quantile,0.1,11.09414431122568
19,2026-09-26,1,2026-10-03,wk inc covid hosp,quantile,0.1,5.828655481018605
20,2026-09-26,1,2026-10-03,wk inc covid hosp,quantile,0.1,0.0
21,2026-09-26,1,2026-10-03,wk inc covid hosp,quantile,0.1,8.252130828377524
22,2026-09-26,1,2026-10-03,wk inc covid hosp,quantile,0.1,57.52249998293898
23,2026-09-26,1,2026-10-03,wk inc covid hosp,quantile,0.1,0.0
24,2026-09-26,1,2026-10-03,wk inc covid hosp,quantile,0.1,20.287618387778775
25,2026-09-26,1,2026-10-03,wk inc covid hosp,quantile,0.1,23.177317625819416
26,2026-09-26,1,2026-10-03,wk inc covid hosp,quantile,0.1,16.215657678223877
27,2026-09-26,1,2026-10-03,wk inc covid hosp,quantile,0.1,14.002205197071216
28,2026-09-26,1,2026-10-03,wk inc covid hosp,quantile,0.1,15.433548371223448
29,2026-09-26,1,2026-10-03,wk inc covid hosp,quantile,0.1,23.59638382438038
30,2026-09-26,1,2026-10-03,wk inc covid hosp,quantile,0.1,5.064239638603818
31,2026-09-26,1,2026-10-03,wk inc covid hosp,quantile,0.1,0.0
32,2026-09-26,1,2026-10-03,wk inc covid hosp,quantile,0.1,22.297796120523742
33,2026-09-26,1,2026-10-03,wk inc covid hosp,quantile,0.1,0.0
34,2026-09-26,1,2026-10-03,wk inc covid hosp,quantile,0.1,79.68585214328587
35,2026-09-26,1,2026-10-03,wk inc covid hosp,quantile,0.1,1.7807495895637597
36,2026-09-26,1,2026-10-03,wk inc covid hosp,quantile,0.1,219.3923211991458
37,2026-09-26,1,2026-10-03,wk inc covid hosp,quantile,0.1,162.84495644427844
38,2026-09-26,1,2026-10-03,wk inc covid hosp,quantile,0.1,0.0
39,2026-09-26,1,2026-10-03,wk inc covid hosp,quantile,0.1,34.14691472748663
40,2026-09-26,1,2026-10-03,wk inc covid hosp,quantile,0.1,8.41134271620096
41,2026-09-26,1,2026-10-03,wk inc covid hosp,quantile,0.1,27.4929037328028
42,2026-09-26,1,2026-10-03,wk inc covid hosp,quantile,0.1,97.07393341318601
44,2026-09-26,1,2026-10-03,wk inc covid hosp,quantile,0.1,7.0438671309691845
45,2026-09-26,1,2026-10-03,wk inc covid hosp,quantile,0.1,35.792677023544776
46,2026-09-26,1,2026-10-03,wk inc covid hosp,quantile,0.1,0.901080430561948
47,2026-09-26,1,2026-10-03,wk inc covid hosp,quantile,0.1,47.66964898222081
48,2026-09-26,1,2026-10-03,wk inc covid hosp,quantile,0.1,290.1292293346158
49,2026-09-26,1,2026-10-03,wk inc covid hosp,quantile,0.1,13.925295403042517
50,2026-09-26,1,2026-10-03,wk inc covid hosp,quantile,0.1,0.0
51,2026-09-26,1,2026-10-03,wk inc covid hosp,quantile,0.1,32.517995852529594
53,2026-09-26,1,2026-10-03,wk inc covid hosp,quantile,0.1,114.38872996877913
54,2026-09-26,1,2026-10-03,wk inc covid hosp,quantile,0.1,10.621101564226036
55,2026-09-26,1,2026-10-03,wk inc covid hosp,quantile,0.1,8.554400834218127
56,2026-09-26,1,2026-10-03,wk inc covid hosp,quantile,0.1,0.0
72,2026-09-26,1,2026-10-03,wk inc covid hosp,quantile,0.1,62.09827039383088
US,2026-09-26,1,2026-10-03,wk inc covid hosp,quantile,0.1,3826.597115674113
01,2026-09-26,2,2026-10-10,wk inc covid hosp,quantile,0.1,64.68718002398462
02,2026-09-26,2,2026-10-10,wk inc covid hosp,quantile,0.1,0.0
04,2026-09-26,2,2026-10-10,wk inc covid hosp,quantile,0.1,39.71285834196303
05,2026-09-26,2,2026-10-10,wk inc covid hosp,quantile,0.1,3.662283910229574
06,2026-09-26,2,2026-10-10,wk inc covid hosp,quantile,0.1,866.8177485753214
08,2026-09-26,2,2026-10-10,wk inc covid hosp,quantile,0.1,15.598645594250062
09,2026-09-26,2,2026-10-10,wk inc covid hosp,quantile,0.1,17.537550774206768
10,2026-09-26,2,2026-10-10,wk inc covid hosp,quantile,0.1,0.7476069895370318
11,2026-09-26,2,2026-10-10,wk inc covid hosp,quantile,0.1,0.47149782062571305
12,2026-09-26,2,2026-10-10,wk inc covid hosp,quantile,0.1,333.429521951021
13,2026-09-26,2,2026-10-10,wk inc covid hosp,quantile,0.1,65.57668741296759
15,2026-09-26,2,2026-10-10,wk inc covid hosp,quantile,0.1,23.738220476778938
16,2026-09-26,2,2026-10-10,wk inc covid hosp,quantile,0.1,3.3182545280204656
17,2026-09-26,2,2026-10-10,wk inc covid hosp,quantile,0.1,38.83306436764421
18,2026-09-26,2,2026-10-10,wk inc covid hosp,quantile,0.1,8.73891812206365
19,2026-09-26,2,2026-10-10,wk inc covid hosp,quantile,0.1,4.928705160839805
20,2026-09-26,2,2026-10-10,wk inc covid hosp,quantile,0.1,0.0
21,2026-09-26,2,2026-10-10,wk inc covid hosp,quantile,0.1,6.843203363452914
22,2026-09-26,2,2026-10-10,wk inc covid hosp,quantile,0.1,52.40754457202525
23,2026-09-26,2,2026-10-10,wk inc covid hosp,quantile,0.1,0.0
24,2026-09-26,2,2026-10-10,wk inc covid hosp,quantile,0.1,19.505892686530245
25,2026-09-26,2,2026-10-10,wk inc covid hosp,quantile,0.1,22.001501641184884
26,2026-09-26,2,2026-10-10,wk inc covid hosp,quantile,0.1,13.76656262514384
27,2026-09-26,2,2026-10-10,wk inc covid hosp,quantile,0.1,13.788265199136461
28,2026-09-26,2,2026-10-10,wk inc covid hosp,quantile,0.1,12.620124690253778
29,2026-09-26,2,2026-10-10,wk inc covid hosp,quantile,0.1,21.819108820257345
30,2026-09-26,2,2026-10-10,wk inc covid hosp,quantile,0.1,4.438014894267481
31,2026-09-26,2,2026-10-10,wk inc covid hosp,quantile,0.1,0.0
32,2026-09-26,2,2026-10-10,wk inc covid hosp,quantile,0.1,20.18952577163063
33,2026-09-26,2,2026-10-10,wk inc covid hosp,quantile,0.1,0.0
34,2026-09-26,2,2026-10-10,wk inc covid hosp,quantile,0.1,75.86797534752088
35,2026-09-26,2,2026-10-10,wk inc covid hosp,quantile,0.1,0.3265890321373279
36,2026-09-26,2,2026-10-10,wk inc covid hosp,quantile,0.1,215.2015206561606
37,2026-09-26,2,2026-10-10,wk inc covid hosp,quantile,0.1,154.53689540985164
38,2026-09-26,2,2026-10-10,wk inc covid hosp,quantile,0.1,0.0
39,2026-09-26,2,2026-10-10,wk inc covid hosp,quantile,0.1,33.025099361089914
40,2026-09-26,2,2026-10-10,wk inc covid hosp,quantile,0.1,7.357404715226999
41,2026-09-26,2,2026-10-10,wk inc covid hosp,quantile,0.1,25.251457659582673
42,2026-09-26,2,2026-10-10,wk inc covid hosp,quantile,0.1,94.6732538042669
44,2026-09-26,2,2026-10-10,wk inc covid hosp,quantile,0.1,6.480707397831081
45,2026-09-26,2,2026-10-10,wk inc covid hosp,quantile,0.1,29.045926229843563
46,2026-09-26,2,2026-10-10,wk inc covid hosp,quantile,0.1,0.2487510583420738
47,2026-09-26,2,2026-10-10,wk inc covid hosp,quantile,0.1,41.8385895725687
48,2026-09-26,2,2026-10-10,wk inc covid hosp,quantile,0.1,251.6891232151057
49,2026-09-26,2,2026-10-10,wk inc covid hosp,quantile,0.1,13.8515235644636
50,2026-09-26,2,2026-10-10,wk inc covid hosp,quantile,0.1,0.0
51,2026-09-26,2,2026-10-10,wk inc covid hosp,quantile,0.1,29.205903557155494
53,2026-09-26,2,2026-10-10,wk inc covid hosp,quantile,0.1,110.33344878520953
54,2026-09-26,2,2026-10-10,wk inc covid hosp,quantile,0.1,9.861291747526307
55,2026-09-26,2,2026-10-10,wk inc covid hosp,quantile,0.1,6.139187553181527
56,2026-09-26,2,2026-10-10,wk inc covid hosp,quantile,0.1,0.0
72,2026-09-26,2,2026-10-10,wk inc covid hosp,quantile,0.1,51.38477832754355
US,2026-09-26,2,2026-10-10,wk inc covid hosp,quantile,0.1,3774.4710151061404
01,2026-09-26,3,2026-10-17,wk inc covid hosp,quantile,0.1,60.070342660106576
02,2026-09-26,3,2026-10-17,wk inc covid hosp,quantile,0.1,0.0
04,2026-09-26,3,2026-10-17,wk inc covid hosp,quantile,0.1,35.23065335894812
05,2026-09-26,3,2026-10-17,wk inc covid hosp,quantile,0.1,2.5879088575586846
06,2026-09-26,3,2026-10-17,wk inc covid hosp,quantile,0.1,834.564337169002
08,2026-09-26,3,2026-10-17,wk inc covid hosp,quantile,0.1,14.845128070493525
09,2026-09-26,3,2026-10-17,wk inc covid hosp,quantile,0.1,14.342187628705572
10,2026-09-26,3,2026-10-17,wk inc covid hosp,quantile,0.1,0.3049896075683034
11,2026-09-26,3,2026-10-17,wk inc covid hosp,quantile,0.1,0.17228202973851509
12,2026-09-26,3,2026-10-17,wk inc covid hosp,quantile,0.1,283.7908489939414
13,2026-09-26,3,2026-10-17,wk inc covid hosp,quantile,0.1,59.793479984778735
15,2026-09-26,3,2026-10-17,wk inc covid hosp,quantile,0.1,21.121731100832992
16,2026-09-26,3,2026-10-17,wk inc covid hosp,quantile,0.1,2.651461962749751
17,2026-09-26,3,2026-10-17,wk inc covid hosp,quantile,0.1,39.0203293133858
18,2026-09-26,3,2026-10-17,wk inc covid hosp,quantile,0.1,7.474614430017832
19,2026-09-26,3,2026-10-17,wk inc covid hosp,quantile,0.1,4.345112038672684
20,2026-09-26,3,2026-10-17,wk inc covid hosp,quantile,0.1,0.0
21,2026-09-26,3,2026-10-17,wk inc covid hosp,quantile,0.1,5.246926491598598
22,2026-09-26,3,2026-10-17,wk inc covid hosp,quantile,0.1,46.34817846733348
23,2026-09-26,3,2026-10-17,wk inc covid hosp,quantile,0.1,0.0
24,2026-09-26,3,2026-10-17,wk inc covid hosp,quantile,0.1,18.47937064860945
25,2026-09-26,3,2026-10-17,wk inc covid hosp,quantile,0.1,21.42769410310931
26,2026-09-26,3,2026-10-17,wk inc covid hosp,quantile,0.1,11.810626569732152
27,2026-09-26,3,2026-10-17,wk inc covid hosp,quantile,0.1,12.261494839526392
28,2026-09-26,3,2026-10-17,wk inc covid hosp,quantile,0.1,10.32719696347532
29,2026-09-26,3,2026-10-17,wk inc covid hosp,quantile,0.1,21.64038086706361
30,2026-09-26,3,2026-10-17,wk inc covid hosp,quantile,0.1,3.701330818065554
31,2026-09-26,3,2026-10-17,wk inc covid hosp,quantile,0.1,0.0
32,2026-09-26,3,2026-10-17,wk inc covid hosp,quantile,0.1,18.63187857676548
33,2026-09-26,3,2026-10-17,wk inc covid hosp,quantile,0.1,0.0
34,2026-09-26,3,2026-10-17,wk inc covid hosp,quantile,0.1,65.61722743339547
35,2026-09-26,3,2026-10-17,wk inc covid hosp,quantile,0.1,0.0
36,2026-09-26,3,2026-10-17,wk inc covid hosp,quantile,0.1,213.99856308842692
37,2026-09-26,3,2026-10-17,wk inc covid hosp,quantile,0.1,147.97552008206353
38,2026-09-26,3,2026-10-17,wk inc covid hosp,quantile,0.1,0.0
39,2026-09-26,3,2026-10-17,wk inc covid hosp,quantile,0.1,31.931104353803583
40,2026-09-26,3,2026-10-17,wk inc covid hosp,quantile,0.1,6.428539647740678
41,2026-09-26,3,2026-10-17,wk inc covid hosp,quantile,0.1,24.620036042278777
42,2026-09-26,3,2026-10-17,wk inc covid hosp,quantile,0.1,89.4258134640506
44,2026-09-26,3,2026-10-17,wk inc covid hosp,quantile,0.1,5.498674159878725
45,2026-09-26,3,2026-10-17,wk inc covid hosp,quantile,0.1,26.35245894246744
46,2026-09-26,3,2026-10-17,wk inc covid hosp,quantile,0.1,0.0
47,2026-09-26,3,2026-10-17,wk inc covid hosp,quantile,0.1,37.71278753727526
48,2026-09-26,3,2026-10-17,wk inc covid hosp,quantile,0.1,214.94363374817925
49,2026-09-26,3,2026-10-17,wk inc covid hosp,quantile,0.1,11.95960017420559
50,2026-09-26,3,2026-10-17,wk inc covid hosp,quantile,0.1,0.0
51,2026-09-26,3,2026-10-17,wk inc covid hosp,quantile,0.1,28.07541482418376
53,2026-09-26,3,2026-10-17,wk inc covid hosp,quantile,0.1,104.34797444700405
54,2026-09-26,3,2026-10-17,wk inc covid hosp,quantile,0.1,9.869455838141112
55,2026-09-26,3,2026-10-17,wk inc covid hosp,quantile,0.1,6.059529290834691
56,2026-09-26,3,2026-10-17,wk inc covid hosp,quantile,0.1,0.0
72,2026-09-26,3,2026-10-17,wk inc covid hosp,quantile,0.1,45.424855506741565
US,2026-09-26,3,2026-10-17,wk inc covid hosp,quantile,0.1,3691.8884160134858
01,2026-09-26,0,2026-09-26,wk inc covid hosp,quantile,0.15,81.81285044676585
02,2026-09-26,0,2026-09-26,wk inc covid hosp,quantile,0.15,0.45765823993226445
04,2026-09-26,0,2026-09-26,wk inc covid hosp,quantile,0.15,57.17555449919376
05,2026-09-26,0,2026-09-26,wk inc covid hosp,quantile,0.15,8.356816330592247
06,2026-09-26,0,2026-09-26,wk inc covid hosp,quantile,0.15,942.2589714160437
08,2026-09-26,0,2026-09-26,wk inc covid hosp,quantile,0.15,21.863412195859556
09,2026-09-26,0,2026-09-26,wk inc covid hosp,quantile,0.15,23.657216786164494
10,2026-09-26,0,2026-09-26,wk inc covid hosp,quantile,0.15,2.8463878181194655
11,2026-09-26,0,2026-09-26,wk inc covid hosp,quantile,0.15,2.5736253478240894
12,2026-09-26,0,2026-09-26,wk inc covid hosp,quantile,0.15,465.0667841918326
13,2026-09-26,0,2026-09-26,wk inc covid hosp,quantile,0.15,84.30782995147196
15,2026-09-26,0,2026-09-26,wk inc covid hosp,quantile,0.15,32.07497429695389
16,2026-09-26,0,2026-09-26,wk inc covid hosp,quantile,0.15,7.063248728457138
17,2026-09-26,0,2026-09-26,wk inc covid hosp,quantile,0.15,46.72577658083
18,2026-09-26,0,2026-09-26,wk inc covid hosp,quantile,0.15,15.895080851269865
19,2026-09-26,0,2026-09-26,wk inc covid hosp,quantile,0.15,8.885288544694607
20,2026-09-26,0,2026-09-26,wk inc covid hosp,quantile,0.15,2.577167809455182
21,2026-09-26,0,2026-09-26,wk inc covid hosp,quantile,0.15,12.569548657500613
22,2026-09-26,0,2026-09-26,wk inc covid hosp,quantile,0.15,68.38095576803563
23,2026-09-26,0,2026-09-26,wk inc covid hosp,quantile,0.15,0.0
24,2026-09-26,0,2026-09-26,wk inc covid hosp,quantile,0.15,24.311518837457314
25,2026-09-26,0,2026-09-26,wk inc covid hosp,quantile,0.15,27.07948970260716
26,2026-09-26,0,2026-09-26,wk inc covid hosp,quantile,0.15,26.829919113990552
27,2026-09-26,0,2026-09-26,wk inc covid hosp,quantile,0.15,18.26864076430049
28,2026-09-26,0,2026-09-26,wk inc covid hosp,quantile,0.15,21.847723681706434
29,2026-09-26,0,2026-09-26,wk inc covid hosp,quantile,0.15,28.271605830959814
30,2026-09-26,0,2026-09-26,wk inc covid hosp,quantile,0.15,7.2343928908532105
31,2026-09-26,0,2026-09-26,wk inc covid hosp,quantile,0.15,1.0488488575536237
32,2026-09-26,0,2026-09-26,wk inc covid hosp,quantile,0.15,28.029161496182844
33,2026-09-26,0,2026-09-26,wk inc covid hosp,quantile,0.15,0.0
34,2026-09-26,0,2026-09-26,wk inc covid hosp,quantile,0.15,96.31375697328113
35,2026-09-26,0,2026-09-26,wk inc covid hosp,quantile,0.15,4.26945648729635
36,2026-09-26,0,2026-09-26,wk inc covid hosp,quantile,0.15,232.14072911282489
37,2026-09-26,0,2026-09-26,wk inc covid hosp,quantile,0.15,182.53473240223354
38,2026-09-26,0,2026-09-26,wk inc covid hosp,quantile,0.15,0.0
39,2026-09-26,0,2026-09-26,wk inc covid hosp,quantile,0.15,43.039625604031606
40,2026-09-26,0,2026-09-26,wk inc covid hosp,quantile,0.15,13.011228847013166
41,2026-09-26,0,2026-09-26,wk inc covid hosp,quantile,0.15,31.03665982132048
42,2026-09-26,0,2026-09-26,wk inc covid hosp,quantile,0.15,115.61556745460202
44,2026-09-26,0,2026-09-26,wk inc covid hosp,quantile,0.15,9.385229496899257
45,2026-09-26,0,2026-09-26,wk inc covid hosp,quantile,0.15,45.35742817006703
46,2026-09-26,0,2026-09-26,wk inc covid hosp,quantile,0.15,2.267487727184276
47,2026-09-26,0,2026-09-26,wk inc covid hosp,quantile,0.15,59.390672701984386
48,2026-09-26,0,2026-09-26,wk inc covid hosp,quantile,0.15,358.6467377627767
49,2026-09-26,0,2026-09-26,wk inc covid hosp,quantile,0.15,17.29760761757727
50,2026-09-26,0,2026-09-26,wk inc covid hosp,quantile,0.15,0.4104887683241893
51,2026-09-26,0,2026-09-26,wk inc covid hosp,quantile,0.15,39.423682175268404
53,2026-09-26,0,2026-09-26,wk inc covid hosp,quantile,0.15,122.55351066682998
54,2026-09-26,0,2026-09-26,wk inc covid hosp,quantile,0.15,12.26404276237825
55,2026-09-26,0,2026-09-26,wk inc covid hosp,quantile,0.15,12.962643929427573
56,2026-09-26,0,2026-09-26,wk inc covid hosp,quantile,0.15,0.0
72,2026-09-26,0,2026-09-26,wk inc covid hosp,quantile,0.15,80.46552795865144
US,2026-09-26,0,2026-09-26,wk inc covid hosp,quantile,0.15,4042.425660907964
01,2026-09-26,1,2026-10-03,wk inc covid hosp,quantile,0.15,76.2863023783937
02,2026-09-26,1,2026-10-03,wk inc covid hosp,quantile,0.15,0.0
04,2026-09-26,1,2026-10-03,wk inc covid hosp,quantile,0.15,53.658375390091905
05,2026-09-26,1,2026-10-03,wk inc covid hosp,quantile,0.15,6.667367867392895
06,2026-09-26,1,2026-10-03,wk inc covid hosp,quantile,0.15,938.7843479901325
08,2026-09-26,1,2026-10-03,wk inc covid hosp,quantile,0.15,20.317791888950666
09,2026-09-26,1,2026-10-03,wk inc covid hosp,quantile,0.15,22.90919454663717
10,2026-09-26,1,2026-10-03,wk inc covid hosp,quantile,0.15,2.146420700155844
11,2026-09-26,1,2026-10-03,wk inc covid hosp,quantile,0.15,1.895760699777234
12,2026-09-26,1,2026-10-03,wk inc covid hosp,quantile,0.15,417.705625198196
13,2026-09-26,1,2026-10-03,wk inc covid hosp,quantile,0.15,78.80521855362
15,2026-09-26,1,2026-10-03,wk inc covid hosp,quantile,0.15,30.904992384056236
16,2026-09-26,1,2026-10-03,wk inc covid hosp,quantile,0.15,5.924132038376862
17,2026-09-26,1,2026-10-03,wk inc covid hosp,quantile,0.15,47.50203546065106
18,2026-09-26,1,2026-10-03,wk inc covid hosp,quantile,0.15,14.228841452614859
19,2026-09-26,1,2026-10-03,wk inc covid hosp,quantile,0.15,7.962151860713237
20,2026-09-26,1,2026-10-03,wk inc covid hosp,quantile,0.15,1.4903264251975907
21,2026-09-26,1,2026-10-03,wk inc covid hosp,quantile,0.15,11.049525295888841
22,2026-09-26,1,2026-10-03,wk inc covid hosp,quantile,0.15,63.76208213664287
23,2026-09-26,1,2026-10-03,wk inc covid hosp,quantile,0.15,0.0
24,2026-09-26,1,2026-10-03,wk inc covid hosp,quantile,0.15,24.26958121334439
25,2026-09-26,1,2026-10-03,wk inc covid hosp,quantile,0.15,27.186282753108394
26,2026-09-26,1,2026-10-03,wk inc covid hosp,quantile,0.15,23.508644396583954
27,2026-09-26,1,2026-10-03,wk inc covid hosp,quantile,0.15,17.156662441870996
28,2026-09-26,1,2026-10-03,wk inc covid hosp,quantile,0.15,18.337956113014407
29,2026-09-26,1,2026-10-03,wk inc covid hosp,quantile,0.15,28.142207824733728
30,2026-09-26,1,2026-10-03,wk inc covid hosp,quantile,0.15,6.606135650276583
31,2026-09-26,1,2026-10-03,wk inc covid hosp,quantile,0.15,0.036703140769086644
32,2026-09-26,1,2026-10-03,wk inc covid hosp,quantile,0.15,24.990358935505235
33,2026-09-26,1,2026-10-03,wk inc covid hosp,quantile,0.15,0.0
34,2026-09-26,1,2026-10-03,wk inc covid hosp,quantile,0.15,91.55664359743007
35,2026-09-26,1,2026-10-03,wk inc covid hosp,quantile,0.15,2.9865863593084043
36,2026-09-26,1,2026-10-03,wk inc covid hosp,quantile,0.15,235.45808437680387
37,2026-09-26,1,2026-10-03,wk inc covid hosp,quantile,0.15,176.0630783977787
38,2026-09-26,1,2026-10-03,wk inc covid hosp,quantile,0.15,0.0
39,2026-09-26,1,2026-10-03,wk inc covid hosp,quantile,0.15,41.718170831712314
40,2026-09-26,1,2026-10-03,wk inc covid hosp,quantile,0.15,11.120358152308732
41,2026-09-26,1,2026-10-03,wk inc covid hosp,quantile,0.15,30.792818591818623
42,2026-09-26,1,2026-10-03,wk inc covid hosp,quantile,0.15,111.65728765160918
44,2026-09-26,1,2026-10-03,wk inc covid hosp,quantile,0.15,8.53478255006867
45,2026-09-26,1,2026-10-03,wk inc covid hosp,quantile,0.15,40.99581416794961
46,2026-09-26,1,2026-10-03,wk inc covid hosp,quantile,0.15,1.789147401169389
47,2026-09-26,1,2026-10-03,wk inc covid hosp,quantile,0.15,54.70169799565466
48,2026-09-26,1,2026-10-03,wk inc covid hosp,quantile,0.15,317.9824053838789
49,2026-09-26,1,2026-10-03,wk inc covid hosp,quantile,0.15,16.91401631831715
50,2026-09-26,1,2026-10-03,wk inc covid hosp,quantile,0.15,0.0
51,2026-09-26,1,2026-10-03,wk inc covid hosp,quantile,0.15,38.01162848377732
53,2026-09-26,1,2026-10-03,wk inc covid hosp,quantile,0.15,121.99504246712944
54,2026-09-26,1,2026-10-03,wk inc covid hosp,quantile,0.15,12.448555380360546
55,2026-09-26,1,2026-10-03,wk inc covid hosp,quantile,0.15,11.962730521517322
56,2026-09-26,1,2026-10-03,wk inc covid hosp,quantile,0.15,0.0
72,2026-09-26,1,2026-10-03,wk inc covid hosp,quantile,0.15,70.73848636399568
US,2026-09-26,1,2026-10-03,wk inc covid hosp,quantile,0.15,4027.855416681828
01,2026-09-26,2,2026-10-10,wk inc covid hosp,quantile,0.15,72.02458724919296
02,2026-09-26,2,2026-10-10,wk inc covid hosp,quantile,0.15,0.0
04,2026-09-26,2,2026-10-10,wk inc covid hosp,quantile,0.15,47.517919849932134
05,2026-09-26,2,2026-10-10,wk inc covid hosp,quantile,0.15,5.859859894079087
06,2026-09-26,2,2026-10-10,wk inc covid hosp,quantile,0.15,920.7701349210594
08,2026-09-26,2,2026-10-10,wk inc covid hosp,quantile,0.15,19.59311802235397
09,2026-09-26,2,2026-10-10,wk inc covid hosp,quantile,0.15,21.949300867280293
10,2026-09-26,2,2026-10-10,wk inc covid hosp,quantile,0.15,1.623562264989968
11,2026-09-26,2,2026-10-10,wk inc covid hosp,quantile,0.15,1.35317548502475
12,2026-09-26,2,2026-10-10,wk inc covid hosp,quantile,0.15,383.60527493614114
13,2026-09-26,2,2026-10-10,wk inc covid hosp,quantile,0.15,73.22185128840584
15,2026-09-26,2,2026-10-10,wk inc covid hosp,quantile,0.15,28.024129778581457
16,2026-09-26,2,2026-10-10,wk inc covid hosp,quantile,0.15,4.7483580619027475
17,2026-09-26,2,2026-10-10,wk inc covid hosp,quantile,0.15,49.1374460449309
18,2026-09-26,2,2026-10-10,wk inc covid hosp,quantile,0.15,13.012827216622298
19,2026-09-26,2,2026-10-10,wk inc covid hosp,quantile,0.15,7.317987377312484
20,2026-09-26,2,2026-10-10,wk inc covid hosp,quantile,0.15,0.5240271980617728
21,2026-09-26,2,2026-10-10,wk inc covid hosp,quantile,0.15,10.287257118871269
22,2026-09-26,2,2026-10-10,wk inc covid hosp,quantile,0.15,59.77899639418987
23,2026-09-26,2,2026-10-10,wk inc covid hosp,quantile,0.15,0.0
24,2026-09-26,2,2026-10-10,wk inc covid hosp,quantile,0.15,24.071029694565308
25,2026-09-26,2,2026-10-10,wk inc covid hosp,quantile,0.15,27.44026909597105
26,2026-09-26,2,2026-10-10,wk inc covid hosp,quantile,0.15,23.227059619129292
27,2026-09-26,2,2026-10-10,wk inc covid hosp,quantile,0.15,17.213060046807243
28,2026-09-26,2,2026-10-10,wk inc covid hosp,quantile,0.15,16.24518630896311
29,2026-09-26,2,2026-10-10,wk inc covid hosp,quantile,0.15,26.7597846011047
30,2026-09-26,2,2026-10-10,wk inc covid hosp,quantile,0.15,6.195980454713735
31,2026-09-26,2,2026-10-10,wk inc covid hosp,quantile,0.15,0.0
32,2026-09-26,2,2026-10-10,wk inc covid hosp,quantile,0.15,24.156886022728543
33,2026-09-26,2,2026-10-10,wk inc covid hosp,quantile,0.15,0.0
34,2026-09-26,2,2026-10-10,wk inc covid hosp,quantile,0.15,86.26471117352892
35,2026-09-26,2,2026-10-10,wk inc covid hosp,quantile,0.15,1.653007404866771
36,2026-09-26,2,2026-10-10,wk inc covid hosp,quantile,0.15,238.9450470051197
37,2026-09-26,2,2026-10-10,wk inc covid hosp,quantile,0.15,171.59801676145756
38,2026-09-26,2,2026-10-10,wk inc covid hosp,quantile,0.15,0.0
39,2026-09-26,2,2026-10-10,wk inc covid hosp,quantile,0.15,40.658078304845716
40,2026-09-26,2,2026-10-10,wk inc covid hosp,quantile,0.15,10.107921789410085
41,2026-09-26,2,2026-10-10,wk inc covid hosp,quantile,0.15,29.213736724849117
42,2026-09-26,2,2026-10-10,wk inc covid hosp,quantile,0.15,113.4284227283671
44,2026-09-26,2,2026-10-10,wk inc covid hosp,quantile,0.15,8.48786208823894
45,2026-09-26,2,2026-10-10,wk inc covid hosp,quantile,0.15,35.21678654156897
46,2026-09-26,2,2026-10-10,wk inc covid hosp,quantile,0.15,1.1943899492653631
47,2026-09-26,2,2026-10-10,wk inc covid hosp,quantile,0.15,49.71797668323871
48,2026-09-26,2,2026-10-10,wk inc covid hosp,quantile,0.15,286.56312229974685
49,2026-09-26,2,2026-10-10,wk inc covid hosp,quantile,0.15,16.75762197924486
50,2026-09-26,2,2026-10-10,wk inc covid hosp,quantile,0.15,0.0
51,2026-09-26,2,2026-10-10,wk inc covid hosp,quantile,0.15,36.15471997937838
53,2026-09-26,2,2026-10-10,wk inc covid hosp,quantile,0.15,120.74457619125431
54,2026-09-26,2,2026-10-10,wk inc covid hosp,quantile,0.15,12.36834310879435
55,2026-09-26,2,2026-10-10,wk inc covid hosp,quantile,0.15,11.34314135667983
56,2026-09-26,2,2026-10-10,wk inc covid hosp,quantile,0.15,0.0
72,2026-09-26,2,2026-10-10,wk inc covid hosp,quantile,0.15,61.50003673537337
US,2026-09-26,2,2026-10-10,wk inc covid hosp,quantile,0.15,4053.8101242430025
01,2026-09-26,3,2026-10-17,wk inc covid hosp,quantile,0.15,68.86208545809954
02,2026-09-26,3,2026-10-17,wk inc covid hosp,quantile,0.15,0.0
04,2026-09-26,3,2026-10-17,wk inc covid hosp,quantile,0.15,44.76420893754545
05,2026-09-26,3,2026-10-17,wk inc covid hosp,quantile,0.15,4.9766022333737645
06,2026-09-26,3,2026-10-17,wk inc covid hosp,quantile,0.15,902.3628220567437
08,2026-09-26,3,2026-10-17,wk inc covid hosp,quantile,0.15,19.056878856990153
09,2026-09-26,3,2026-10-17,wk inc covid hosp,quantile,0.15,21.21226257321803
10,2026-09-26,3,2026-10-17,wk inc covid hosp,quantile,0.15,1.304319888128203
11,2026-09-26,3,2026-10-17,wk inc covid hosp,quantile,0.15,1.1033639453037747
12,2026-09-26,3,2026-10-17,wk inc covid hosp,quantile,0.15,338.1920390020242
13,2026-09-26,3,2026-10-17,wk inc covid hosp,quantile,0.15,69.58157343456202
15,2026-09-26,3,2026-10-17,wk inc covid hosp,quantile,0.15,25.48445343894863
16,2026-09-26,3,2026-10-17,wk inc covid hosp,quantile,0.15,4.369218065914599
17,2026-09-26,3,2026-10-17,wk inc covid hosp,quantile,0.15,50.628211181332105
18,2026-09-26,3,2026-10-17,wk inc covid hosp,quantile,0.15,12.424342796843813
19,2026-09-26,3,2026-10-17,wk inc covid hosp,quantile,0.15,7.125323241148814
20,2026-09-26,3,2026-10-17,wk inc covid hosp,quantile,0.15,0.5488322339547074
21,2026-09-26,3,2026-10-17,wk inc covid hosp,quantile,0.15,9.352026788323183
22,2026-09-26,3,2026-10-17,wk inc covid hosp,quantile,0.15,54.41439652956049
23,2026-09-26,3,2026-10-17,wk inc covid hosp,quantile,0.15,0.0
24,2026-09-26,3,2026-10-17,wk inc covid hosp,quantile,0.15,24.800851908876822
25,2026-09-26,3,2026-10-17,wk inc covid hosp,quantile,0.15,26.677121451995024
26,2026-09-26,3,2026-10-17,wk inc covid hosp,quantile,0.15,22.287513582353235
27,2026-09-26,3,2026-10-17,wk inc covid hosp,quantile,0.15,16.538160285460133
28,2026-09-26,3,2026-10-17,wk inc covid hosp,quantile,0.15,13.924332841582268
29,2026-09-26,3,2026-10-17,wk inc covid hosp,quantile,0.15,27.22888229668393
30,2026-09-26,3,2026-10-17,wk inc covid hosp,quantile,0.15,5.725408140629811
31,2026-09-26,3,2026-10-17,wk inc covid hosp,quantile,0.15,0.0
32,2026-09-26,3,2026-10-17,wk inc covid hosp,quantile,0.15,22.43921543411022
33,2026-09-26,3,2026-10-17,wk inc covid hosp,quantile,0.15,0.0
34,2026-09-26,3,2026-10-17,wk inc covid hosp,quantile,0.15,81.62035506063272
35,2026-09-26,3,2026-10-17,wk inc covid hosp,quantile,0.15,0.8453980930003571
36,2026-09-26,3,2026-10-17,wk inc covid hosp,quantile,0.15,238.0252914576268
37,2026-09-26,3,2026-10-17,wk inc covid hosp,quantile,0.15,166.01390730494813
38,2026-09-26,3,2026-10-17,wk inc covid hosp,quantile,0.15,0.0
39,2026-09-26,3,2026-10-17,wk inc covid hosp,quantile,0.15,41.23633436712096
40,2026-09-26,3,2026-10-17,wk inc covid hosp,quantile,0.15,9.638217139054168
41,2026-09-26,3,2026-10-17,wk inc covid hosp,quantile,0.15,29.316719603356482
42,2026-09-26,3,2026-10-17,wk inc covid hosp,quantile,0.15,111.62468119952727
44,2026-09-26,3,2026-10-17,wk inc covid hosp,quantile,0.15,7.706446674764311
45,2026-09-26,3,2026-10-17,wk inc covid hosp,quantile,0.15,33.03702268692621
46,2026-09-26,3,2026-10-17,wk inc covid hosp,quantile,0.15,0.7642035190820127
47,2026-09-26,3,2026-10-17,wk inc covid hosp,quantile,0.15,47.84214633700899
48,2026-09-26,3,2026-10-17,wk inc covid hosp,quantile,0.15,264.8520769352021
49,2026-09-26,3,2026-10-17,wk inc covid hosp,quantile,0.15,15.677104159141267
50,2026-09-26,3,2026-10-17,wk inc covid hosp,quantile,0.15,0.0
51,2026-09-26,3,2026-10-17,wk inc covid hosp,quantile,0.15,34.179635210456155
53,2026-09-26,3,2026-10-17,wk inc covid hosp,quantile,0.15,115.64611434979452
54,2026-09-26,3,2026-10-17,wk inc covid hosp,quantile,0.15,12.63355447175057
55,2026-09-26,3,2026-10-17,wk inc covid hosp,quantile,0.15,10.533150366971523
56,2026-09-26,3,2026-10-17,wk inc covid hosp,quantile,0.15,0.0
72,2026-09-26,3,2026-10-17,wk inc covid hosp,quantile,0.15,56.55305540247909
US,2026-09-26,3,2026-10-17,wk inc covid hosp,quantile,0.15,4037.004948641661
01,2026-09-26,0,2026-09-26,wk inc covid hosp,quantile,0.2,84.8626606888767
02,2026-09-26,0,2026-09-26,wk inc covid hosp,quantile,0.2,0.7869104006368869
04,2026-09-26,0,2026-09-26,wk inc covid hosp,quantile,0.2,61.571869310106514
05,2026-09-26,0,2026-09-26,wk inc covid hosp,quantile,0.2,9.5228398402705
06,2026-09-26,0,2026-09-26,wk inc covid hosp,quantile,0.2,969.2396175552683
08,2026-09-26,0,2026-09-26,wk inc covid hosp,quantile,0.2,23.995795649856543
09,2026-09-26,0,2026-09-26,wk inc covid hosp,quantile,0.2,26.340966115309968
10,2026-09-26,0,2026-09-26,wk inc covid hosp,quantile,0.2,3.4312406465975096
11,2026-09-26,0,2026-09-26,wk inc covid hosp,quantile,0.2,3.081210503697103
12,2026-09-26,0,2026-09-26,wk inc covid hosp,quantile,0.2,493.86749970883034
13,2026-09-26,0,2026-09-26,wk inc covid hosp,quantile,0.2,88.7705125661601
15,2026-09-26,0,2026-09-26,wk inc covid hosp,quantile,0.2,34.04055679279033
16,2026-09-26,0,2026-09-26,wk inc covid hosp,quantile,0.2,7.9216522856761395
17,2026-09-26,0,2026-09-26,wk inc covid hosp,quantile,0.2,51.00417391627635
18,2026-09-26,0,2026-09-26,wk inc covid hosp,quantile,0.2,18.212720005227883
19,2026-09-26,0,2026-09-26,wk inc covid hosp,quantile,0.2,10.15559871547551
20,2026-09-26,0,2026-09-26,wk inc covid hosp,quantile,0.2,3.450974221963543
21,2026-09-26,0,2026-09-26,wk inc covid hosp,quantile,0.2,14.559294158633008
22,2026-09-26,0,2026-09-26,wk inc covid hosp,quantile,0.2,72.25823914685587
23,2026-09-26,0,2026-09-26,wk inc covid hosp,quantile,0.2,0.0
24,2026-09-26,0,2026-09-26,wk inc covid hosp,quantile,0.2,26.57595080911051
25,2026-09-26,0,2026-09-26,wk inc covid hosp,quantile,0.2,30.048519300154204
26,2026-09-26,0,2026-09-26,wk inc covid hosp,quantile,0.2,31.384787017965415
27,2026-09-26,0,2026-09-26,wk inc covid hosp,quantile,0.2,20.1721256912903
28,2026-09-26,0,2026-09-26,wk inc covid hosp,quantile,0.2,24.012044083837132
29,2026-09-26,0,2026-09-26,wk inc covid hosp,quantile,0.2,30.92946053111616
30,2026-09-26,0,2026-09-26,wk inc covid hosp,quantile,0.2,8.275524287033356
31,2026-09-26,0,2026-09-26,wk inc covid hosp,quantile,0.2,1.6556125221235398
32,2026-09-26,0,2026-09-26,wk inc covid hosp,quantile,0.2,29.690630897672634
33,2026-09-26,0,2026-09-26,wk inc covid hosp,quantile,0.2,0.0
34,2026-09-26,0,2026-09-26,wk inc covid hosp,quantile,0.2,103.48495924204053
35,2026-09-26,0,2026-09-26,wk inc covid hosp,quantile,0.2,5.307001476969836
36,2026-09-26,0,2026-09-26,wk inc covid hosp,quantile,0.2,240.2627831740973
37,2026-09-26,0,2026-09-26,wk inc covid hosp,quantile,0.2,189.7896161084132
38,2026-09-26,0,2026-09-26,wk inc covid hosp,quantile,0.2,0.0
39,2026-09-26,0,2026-09-26,wk inc covid hosp,quantile,0.2,47.42810800380129
40,2026-09-26,0,2026-09-26,wk inc covid hosp,quantile,0.2,14.258374311700395
41,2026-09-26,0,2026-09-26,wk inc covid hosp,quantile,0.2,32.941392500240866
42,2026-09-26,0,2026-09-26,wk inc covid hosp,quantile,0.2,124.17536906551815
44,2026-09-26,0,2026-09-26,wk inc covid hosp,quantile,0.2,10.330944626072563
45,2026-09-26,0,2026-09-26,wk inc covid hosp,quantile,0.2,48.32290702828925
46,2026-09-26,0,2026-09-26,wk inc covid hosp,quantile,0.2,2.863858948086211
47,2026-09-26,0,2026-09-26,wk inc covid hosp,quantile,0.2,63.68296339641952
48,2026-09-26,0,2026-09-26,wk inc covid hosp,quantile,0.2,381.58728876090134
49,2026-09-26,0,2026-09-26,wk inc covid hosp,quantile,0.2,18.744702066813705
50,2026-09-26,0,2026-09-26,wk inc covid hosp,quantile,0.2,0.7847694241783971
51,2026-09-26,0,2026-09-26,wk inc covid hosp,quantile,0.2,42.16976099205378
53,2026-09-26,0,2026-09-26,wk inc covid hosp,quantile,0.2,126.82794295501856
54,2026-09-26,0,2026-09-26,wk inc covid hosp,quantile,0.2,13.382033690578593
55,2026-09-26,0,2026-09-26,wk inc covid hosp,quantile,0.2,14.995665139203117
56,2026-09-26,0,2026-09-26,wk inc covid hosp,quantile,0.2,0.0
72,2026-09-26,0,2026-09-26,wk inc covid hosp,quantile,0.2,85.5235433620059
US,2026-09-26,0,2026-09-26,wk inc covid hosp,quantile,0.2,4158.330823614233
01,2026-09-26,1,2026-10-03,wk inc covid hosp,quantile,0.2,81.65873948298308
02,2026-09-26,1,2026-10-03,wk inc covid hosp,quantile,0.2,0.2230449522461652
04,2026-09-26,1,2026-10-03,wk inc covid hosp,quantile,0.2,59.291432078337316
05,2026-09-26,1,2026-10-03,wk inc covid hosp,quantile,0.2,8.208643365176043
06,2026-09-26,1,2026-10-03,wk inc covid hosp,quantile,0.2,973.0161424927686
08,2026-09-26,1,2026-10-03,wk inc covid hosp,quantile,0.2,23.036172502491954
09,2026-09-26,1,2026-10-03,wk inc covid hosp,quantile,0.2,26.391158354319384
10,2026-09-26,1,2026-10-03,wk inc covid hosp,quantile,0.2,2.9743532329870073
11,2026-09-26,1,2026-10-03,wk inc covid hosp,quantile,0.2,2.708478410776162
12,2026-09-26,1,2026-10-03,wk inc covid hosp,quantile,0.2,459.64441529203975
13,2026-09-26,1,2026-10-03,wk inc covid hosp,quantile,0.2,85.1062554956137
15,2026-09-26,1,2026-10-03,wk inc covid hosp,quantile,0.2,33.50840491795567
16,2026-09-26,1,2026-10-03,wk inc covid hosp,quantile,0.2,7.084074182908237
17,2026-09-26,1,2026-10-03,wk inc covid hosp,quantile,0.2,52.809029894120656
18,2026-09-26,1,2026-10-03,wk inc covid hosp,quantile,0.2,17.246166184564057
19,2026-09-26,1,2026-10-03,wk inc covid hosp,quantile,0.2,9.693801981751479
20,2026-09-26,1,2026-10-03,wk inc covid hosp,quantile,0.2,2.751411786558422
21,2026-09-26,1,2026-10-03,wk inc covid hosp,quantile,0.2,13.438906456010132
22,2026-09-26,1,2026-10-03,wk inc covid hosp,quantile,0.2,70.5496346791989
23,2026-09-26,1,2026-10-03,wk inc covid hosp,quantile,0.2,0.0
24,2026-09-26,1,2026-10-03,wk inc covid hosp,quantile,0.2,27.13429311964669
25,2026-09-26,1,2026-10-03,wk inc covid hosp,quantile,0.2,30.356450639875963
26,2026-09-26,1,2026-10-03,wk inc covid hosp,quantile,0.2,29.191620081525134
27,2026-09-26,1,2026-10-03,wk inc covid hosp,quantile,0.2,20.06073100009464
28,2026-09-26,1,2026-10-03,wk inc covid hosp,quantile,0.2,20.72991106572363
29,2026-09-26,1,2026-10-03,wk inc covid hosp,quantile,0.2,31.42423791387226
30,2026-09-26,1,2026-10-03,wk inc covid hosp,quantile,0.2,8.220049359426318
31,2026-09-26,1,2026-10-03,wk inc covid hosp,quantile,0.2,0.9132693753007451
32,2026-09-26,1,2026-10-03,wk inc covid hosp,quantile,0.2,27.56616102199798
33,2026-09-26,1,2026-10-03,wk inc covid hosp,quantile,0.2,0.0
34,2026-09-26,1,2026-10-03,wk inc covid hosp,quantile,0.2,100.12401312035223
35,2026-09-26,1,2026-10-03,wk inc covid hosp,quantile,0.2,3.950245986535593
36,2026-09-26,1,2026-10-03,wk inc covid hosp,quantile,0.2,247.42102084324117
37,2026-09-26,1,2026-10-03,wk inc covid hosp,quantile,0.2,185.3260959030597
38,2026-09-26,1,2026-10-03,wk inc covid hosp,quantile,0.2,0.0
39,2026-09-26,1,2026-10-03,wk inc covid hosp,quantile,0.2,46.705330931264264
40,2026-09-26,1,2026-10-03,wk inc covid hosp,quantile,0.2,12.806852962524854
41,2026-09-26,1,2026-10-03,wk inc covid hosp,quantile,0.2,33.780920277267775
42,2026-09-26,1,2026-10-03,wk inc covid hosp,quantile,0.2,123.47971595326474
44,2026-09-26,1,2026-10-03,wk inc covid hosp,quantile,0.2,10.206886575214254
45,2026-09-26,1,2026-10-03,wk inc covid hosp,quantile,0.2,45.306398957059116
46,2026-09-26,1,2026-10-03,wk inc covid hosp,quantile,0.2,2.440106159311021
47,2026-09-26,1,2026-10-03,wk inc covid hosp,quantile,0.2,60.614966957141625
48,2026-09-26,1,2026-10-03,wk inc covid hosp,quantile,0.2,344.8410065519505
49,2026-09-26,1,2026-10-03,wk inc covid hosp,quantile,0.2,19.03568713518277
50,2026-09-26,1,2026-10-03,wk inc covid hosp,quantile,0.2,0.22545918922882197
51,2026-09-26,1,2026-10-03,wk inc covid hosp,quantile,0.2,41.50756885574107
53,2026-09-26,1,2026-10-03,wk inc covid hosp,quantile,0.2,129.34518770183035
54,2026-09-26,1,2026-10-03,wk inc covid hosp,quantile,0.2,14.218273180409692
55,2026-09-26,1,2026-10-03,wk inc covid hosp,quantile,0.2,14.949473349988411
56,2026-09-26,1,2026-10-03,wk inc covid hosp,quantile,0.2,0.0
72,2026-09-26,1,2026-10-03,wk inc covid hosp,quantile,0.2,77.77326006381045
US,2026-09-26,1,2026-10-03,wk inc covid hosp,quantile,0.2,4205.084283806214
01,2026-09-26,2,2026-10-10,wk inc covid hosp,quantile,0.2,78.54150451987582
02,2026-09-26,2,2026-10-10,wk inc covid hosp,quantile,0.2,0.0
04,2026-09-26,2,2026-10-10,wk inc covid hosp,quantile,0.2,53.949980534481334
05,2026-09-26,2,2026-10-10,wk inc covid hosp,quantile,0.2,8.056141369383644
06,2026-09-26,2,2026-10-10,wk inc covid hosp,quantile,0.2,963.74783486797
08,2026-09-26,2,2026-10-10,wk inc covid hosp,quantile,0.2,23.74739101756793
09,2026-09-26,2,2026-10-10,wk inc covid hosp,quantile,0.2,26.96060856432219
10,2026-09-26,2,2026-10-10,wk inc covid hosp,quantile,0.2,2.388762486652504
11,2026-09-26,2,2026-10-10,wk inc covid hosp,quantile,0.2,2.148019813397223
12,2026-09-26,2,2026-10-10,wk inc covid hosp,quantile,0.2,428.05324299853777
13,2026-09-26,2,2026-10-10,wk inc covid hosp,quantile,0.2,81.90317512546413
15,2026-09-26,2,2026-10-10,wk inc covid hosp,quantile,0.2,31.13744451988598
16,2026-09-26,2,2026-10-10,wk inc covid hosp,quantile,0.2,6.347570728476531
17,2026-09-26,2,2026-10-10,wk inc covid hosp,quantile,0.2,56.24377575745716
18,2026-09-26,2,2026-10-10,wk inc covid hosp,quantile,0.2,16.89512087570876
19,2026-09-26,2,2026-10-10,wk inc covid hosp,quantile,0.2,9.430474256367019
20,2026-09-26,2,2026-10-10,wk inc covid hosp,quantile,0.2,2.086039105565231
21,2026-09-26,2,2026-10-10,wk inc covid hosp,quantile,0.2,13.362164071721747
22,2026-09-26,2,2026-10-10,wk inc covid hosp,quantile,0.2,65.74490335605302
23,2026-09-26,2,2026-10-10,wk inc covid hosp,quantile,0.2,0.0
24,2026-09-26,2,2026-10-10,wk inc covid hosp,quantile,0.2,28.19553655657986
25,2026-09-26,2,2026-10-10,wk inc covid hosp,quantile,0.2,31.81258025940791
26,2026-09-26,2,2026-10-10,wk inc covid hosp,quantile,0.2,30.711097981175712
27,2026-09-26,2,2026-10-10,wk inc covid hosp,quantile,0.2,20.300009087967613
28,2026-09-26,2,2026-10-10,wk inc covid hosp,quantile,0.2,19.048096996666125
29,2026-09-26,2,2026-10-10,wk inc covid hosp,quantile,0.2,30.93567196535539
30,2026-09-26,2,2026-10-10,wk inc covid hosp,quantile,0.2,8.012455120757464
31,2026-09-26,2,2026-10-10,wk inc covid hosp,quantile,0.2,0.7534023787670295
32,2026-09-26,2,2026-10-10,wk inc covid hosp,quantile,0.2,27.48977516066118
33,2026-09-26,2,2026-10-10,wk inc covid hosp,quantile,0.2,0.0
34,2026-09-26,2,2026-10-10,wk inc covid hosp,quantile,0.2,97.95610147484702
35,2026-09-26,2,2026-10-10,wk inc covid hosp,quantile,0.2,3.005779222626843
36,2026-09-26,2,2026-10-10,wk inc covid hosp,quantile,0.2,253.861806917337
37,2026-09-26,2,2026-10-10,wk inc covid hosp,quantile,0.2,183.9750127444597
38,2026-09-26,2,2026-10-10,wk inc covid hosp,quantile,0.2,0.0
39,2026-09-26,2,2026-10-10,wk inc covid hosp,quantile,0.2,47.33396065208609
40,2026-09-26,2,2026-10-10,wk inc covid hosp,quantile,0.2,12.791306571964288
41,2026-09-26,2,2026-10-10,wk inc covid hosp,quantile,0.2,33.72379722981211
42,2026-09-26,2,2026-10-10,wk inc covid hosp,quantile,0.2,127.5667468336206
44,2026-09-26,2,2026-10-10,wk inc covid hosp,quantile,0.2,10.123056430416725
45,2026-09-26,2,2026-10-10,wk inc covid hosp,quantile,0.2,39.65636798090494
46,2026-09-26,2,2026-10-10,wk inc covid hosp,quantile,0.2,2.0523565614972865
47,2026-09-26,2,2026-10-10,wk inc covid hosp,quantile,0.2,57.33922630510565
48,2026-09-26,2,2026-10-10,wk inc covid hosp,quantile,0.2,318.9931909199423
49,2026-09-26,2,2026-10-10,wk inc covid hosp,quantile,0.2,19.289323915088847
50,2026-09-26,2,2026-10-10,wk inc covid hosp,quantile,0.2,0.0
51,2026-09-26,2,2026-10-10,wk inc covid hosp,quantile,0.2,41.727090295704926
53,2026-09-26,2,2026-10-10,wk inc covid hosp,quantile,0.2,128.63484749247903
54,2026-09-26,2,2026-10-10,wk inc covid hosp,quantile,0.2,14.790598537314342
55,2026-09-26,2,2026-10-10,wk inc covid hosp,quantile,0.2,14.645486925918942
56,2026-09-26,2,2026-10-10,wk inc covid hosp,quantile,0.2,0.0
72,2026-09-26,2,2026-10-10,wk inc covid hosp,quantile,0.2,68.63958274926206
US,2026-09-26,2,2026-10-10,wk inc covid hosp,quantile,0.2,4286.1952831721455
01,2026-09-26,3,2026-10-17,wk inc covid hosp,quantile,0.2,75.70248707043824
02,2026-09-26,3,2026-10-17,wk inc covid hosp,quantile,0.2,0.0
04,2026-09-26,3,2026-10-17,wk inc covid hosp,quantile,0.2,51.89185004568493
05,2026-09-26,3,2026-10-17,wk inc covid hosp,quantile,0.2,7.548144031519273
06,2026-09-26,3,2026-10-17,wk inc covid hosp,quantile,0.2,948.8795200303196
08,2026-09-26,3,2026-10-17,wk inc covid hosp,quantile,0.2,23.981939510994298
09,2026-09-26,3,2026-10-17,wk inc covid hosp,quantile,0.2,28.10802245201901
10,2026-09-26,3,2026-10-17,wk inc covid hosp,quantile,0.2,2.2034524936647872
11,2026-09-26,3,2026-10-17,wk inc covid hosp,quantile,0.2,1.9469701540749171
12,2026-09-26,3,2026-10-17,wk inc covid hosp,quantile,0.2,395.8579362251401
13,2026-09-26,3,2026-10-17,wk inc covid hosp,quantile,0.2,79.3737047875417
15,2026-09-26,3,2026-10-17,wk inc covid hosp,quantile,0.2,28.63399567897307
16,2026-09-26,3,2026-10-17,wk inc covid hosp,quantile,0.2,6.041570449213813
17,2026-09-26,3,2026-10-17,wk inc covid hosp,quantile,0.2,58.27511748585086
18,2026-09-26,3,2026-10-17,wk inc covid hosp,quantile,0.2,16.779283962663158
19,2026-09-26,3,2026-10-17,wk inc covid hosp,quantile,0.2,10.036397779520584
20,2026-09-26,3,2026-10-17,wk inc covid hosp,quantile,0.2,2.593988015230195
21,2026-09-26,3,2026-10-17,wk inc covid hosp,quantile,0.2,12.560916534110245
22,2026-09-26,3,2026-10-17,wk inc covid hosp,quantile,0.2,61.971261167979065
23,2026-09-26,3,2026-10-17,wk inc covid hosp,quantile,0.2,0.0
24,2026-09-26,3,2026-10-17,wk inc covid hosp,quantile,0.2,29.087352581439173
25,2026-09-26,3,2026-10-17,wk inc covid hosp,quantile,0.2,33.175901944616136
26,2026-09-26,3,2026-10-17,wk inc covid hosp,quantile,0.2,31.223998325685542
27,2026-09-26,3,2026-10-17,wk inc covid hosp,quantile,0.2,20.888159878071743
28,2026-09-26,3,2026-10-17,wk inc covid hosp,quantile,0.2,16.71502438274258
29,2026-09-26,3,2026-10-17,wk inc covid hosp,quantile,0.2,32.32392911414496
30,2026-09-26,3,2026-10-17,wk inc covid hosp,quantile,0.2,7.5909038425752415
31,2026-09-26,3,2026-10-17,wk inc covid hosp,quantile,0.2,0.594911519511465
32,2026-09-26,3,2026-10-17,wk inc covid hosp,quantile,0.2,25.44198631647433
33,2026-09-26,3,2026-10-17,wk inc covid hosp,quantile,0.2,0.0
34,2026-09-26,3,2026-10-17,wk inc covid hosp,quantile,0.2,94.73645191954195
35,2026-09-26,3,2026-10-17,wk inc covid hosp,quantile,0.2,2.2801737722278164
36,2026-09-26,3,2026-10-17,wk inc covid hosp,quantile,0.2,259.73769230857545
37,2026-09-26,3,2026-10-17,wk inc covid hosp,quantile,0.2,180.3729862701331
38,2026-09-26,3,2026-10-17,wk inc covid hosp,quantile,0.2,0.0
39,2026-09-26,3,2026-10-17,wk inc covid hosp,quantile,0.2,49.13942284548143
40,2026-09-26,3,2026-10-17,wk inc covid hosp,quantile,0.2,12.418655421456643
41,2026-09-26,3,2026-10-17,wk inc covid hosp,quantile,0.2,33.04870845658935
42,2026-09-26,3,2026-10-17,wk inc covid hosp,quantile,0.2,129.27933570302227
44,2026-09-26,3,2026-10-17,wk inc covid hosp,quantile,0.2,9.455518915485863
45,2026-09-26,3,2026-10-17,wk inc covid hosp,quantile,0.2,38.2824811810456
46,2026-09-26,3,2026-10-17,wk inc covid hosp,quantile,0.2,1.766798217286126
47,2026-09-26,3,2026-10-17,wk inc covid hosp,quantile,0.2,56.14904045180676
48,2026-09-26,3,2026-10-17,wk inc covid hosp,quantile,0.2,301.3572528602365
49,2026-09-26,3,2026-10-17,wk inc covid hosp,quantile,0.2,18.651714591178138
50,2026-09-26,3,2026-10-17,wk inc covid hosp,quantile,0.2,0.0
51,2026-09-26,3,2026-10-17,wk inc covid hosp,quantile,0.2,41.28189885968945
53,2026-09-26,3,2026-10-17,wk inc covid hosp,quantile,0.2,126.12894751945421
54,2026-09-26,3,2026-10-17,wk inc covid hosp,quantile,0.2,15.082526276154956
55,2026-09-26,3,2026-10-17,wk inc covid hosp,quantile,0.2,14.993673853647984
56,2026-09-26,3,2026-10-17,wk inc covid hosp,quantile,0.2,0.0
72,2026-09-26,3,2026-10-17,wk inc covid hosp,quantile,0.2,65.62559937217947
US,2026-09-26,3,2026-10-17,wk inc covid hosp,quantile,0.2,4323.948151121347
01,2026-09-26,0,2026-09-26,wk inc covid hosp,quantile,0.25,88.24910171503421
02,2026-09-26,0,2026-09-26,wk inc covid hosp,quantile,0.25,1.093721712382467
04,2026-09-26,0,2026-09-26,wk inc covid hosp,quantile,0.25,65.1560222760976
05,2026-09-26,0,2026-09-26,wk inc covid hosp,quantile,0.25,10.665298079540564
06,2026-09-26,0,2026-09-26,wk inc covid hosp,quantile,0.25,988.2955181489826
08,2026-09-26,0,2026-09-26,wk inc covid hosp,quantile,0.25,26.263852184883245
09,2026-09-26,0,2026-09-26,wk inc covid hosp,quantile,0.25,29.145686281381032
10,2026-09-26,0,2026-09-26,wk inc covid hosp,quantile,0.25,3.926770045789914
11,2026-09-26,0,2026-09-26,wk inc covid hosp,quantile,0.25,3.5877940768925867
12,2026-09-26,0,2026-09-26,wk inc covid hosp,quantile,0.25,519.3579856404169
13,2026-09-26,0,2026-09-26,wk inc covid hosp,quantile,0.25,92.59544168008343
15,2026-09-26,0,2026-09-26,wk inc covid hosp,quantile,0.25,35.56119950859776
16,2026-09-26,0,2026-09-26,wk inc covid hosp,quantile,0.25,8.538972874655668
17,2026-09-26,0,2026-09-26,wk inc covid hosp,quantile,0.25,54.40908851885007
18,2026-09-26,0,2026-09-26,wk inc covid hosp,quantile,0.25,19.972222556488596
19,2026-09-26,0,2026-09-26,wk inc covid hosp,quantile,0.25,11.397450665140745
20,2026-09-26,0,2026-09-26,wk inc covid hosp,quantile,0.25,4.3584458054803665
21,2026-09-26,0,2026-09-26,wk inc covid hosp,quantile,0.25,15.954472787917226
22,2026-09-26,0,2026-09-26,wk inc covid hosp,quantile,0.25,75.55444651556788
23,2026-09-26,0,2026-09-26,wk inc covid hosp,quantile,0.25,0.1204889926624124
24,2026-09-26,0,2026-09-26,wk inc covid hosp,quantile,0.25,28.519996916341878
25,2026-09-26,0,2026-09-26,wk inc covid hosp,quantile,0.25,32.10100557350382
26,2026-09-26,0,2026-09-26,wk inc covid hosp,quantile,0.25,35.145250919470975
27,2026-09-26,0,2026-09-26,wk inc covid hosp,quantile,0.25,21.8809260781701
28,2026-09-26,0,2026-09-26,wk inc covid hosp,quantile,0.25,25.582018509943786
29,2026-09-26,0,2026-09-26,wk inc covid hosp,quantile,0.25,32.938317281429406
30,2026-09-26,0,2026-09-26,wk inc covid hosp,quantile,0.25,9.219592609554432
31,2026-09-26,0,2026-09-26,wk inc covid hosp,quantile,0.25,2.169005087202972
32,2026-09-26,0,2026-09-26,wk inc covid hosp,quantile,0.25,31.472767304684083
33,2026-09-26,0,2026-09-26,wk inc covid hosp,quantile,0.25,0.0
34,2026-09-26,0,2026-09-26,wk inc covid hosp,quantile,0.25,109.87785602212833
35,2026-09-26,0,2026-09-26,wk inc covid hosp,quantile,0.25,5.9882031964693105
36,2026-09-26,0,2026-09-26,wk inc covid hosp,quantile,0.25,248.56012859381124
37,2026-09-26,0,2026-09-26,wk inc covid hosp,quantile,0.25,196.0498291540538
38,2026-09-26,0,2026-09-26,wk inc covid hosp,quantile,0.25,0.1631337979131053
39,2026-09-26,0,2026-09-26,wk inc covid hosp,quantile,0.25,51.43074953231608
40,2026-09-26,0,2026-09-26,wk inc covid hosp,quantile,0.25,15.62199896121542
41,2026-09-26,0,2026-09-26,wk inc covid hosp,quantile,0.25,34.785593163710345
42,2026-09-26,0,2026-09-26,wk inc covid hosp,quantile,0.25,132.68933021564712
44,2026-09-26,0,2026-09-26,wk inc covid hosp,quantile,0.25,11.396130544001393
45,2026-09-26,0,2026-09-26,wk inc covid hosp,quantile,0.25,51.07056381210543
46,2026-09-26,0,2026-09-26,wk inc covid hosp,quantile,0.25,3.401379812448995
47,2026-09-26,0,2026-09-26,wk inc covid hosp,quantile,0.25,66.8695403427225
48,2026-09-26,0,2026-09-26,wk inc covid hosp,quantile,0.25,399.81173818381393
49,2026-09-26,0,2026-09-26,wk inc covid hosp,quantile,0.25,20.164581201295125
50,2026-09-26,0,2026-09-26,wk inc covid hosp,quantile,0.25,1.098563669249636
51,2026-09-26,0,2026-09-26,wk inc covid hosp,quantile,0.25,44.799717162985814
53,2026-09-26,0,2026-09-26,wk inc covid hosp,quantile,0.25,130.96474915738585
54,2026-09-26,0,2026-09-26,wk inc covid hosp,quantile,0.25,14.44274214099561
55,2026-09-26,0,2026-09-26,wk inc covid hosp,quantile,0.25,16.816288272192033
56,2026-09-26,0,2026-09-26,wk inc covid hosp,quantile,0.25,0.0
72,2026-09-26,0,2026-09-26,wk inc covid hosp,quantile,0.25,90.31731162472177
US,2026-09-26,0,2026-09-26,wk inc covid hosp,quantile,0.25,4267.4575188083645
01,2026-09-26,1,2026-10-03,wk inc covid hosp,quantile,0.25,85.68685717237618
02,2026-09-26,1,2026-10-03,wk inc covid hosp,quantile,0.25,0.558893605079083
04,2026-09-26,1,2026-10-03,wk inc covid hosp,quantile,0.25,64.4361244718922
05,2026-09-26,1,2026-10-03,wk inc covid hosp,quantile,0.25,9.841919442180608
06,2026-09-26,1,2026-10-03,wk inc covid hosp,quantile,0.25,1001.8973264251716
08,2026-09-26,1,2026-10-03,wk inc covid hosp,quantile,0.25,25.82391533378957
09,2026-09-26,1,2026-10-03,wk inc covid hosp,quantile,0.25,29.833986907998558
10,2026-09-26,1,2026-10-03,wk inc covid hosp,quantile,0.25,3.588333476906894
11,2026-09-26,1,2026-10-03,wk inc covid hosp,quantile,0.25,3.417357022267261
12,2026-09-26,1,2026-10-03,wk inc covid hosp,quantile,0.25,490.127202949654
13,2026-09-26,1,2026-10-03,wk inc covid hosp,quantile,0.25,90.51952704344271
15,2026-09-26,1,2026-10-03,wk inc covid hosp,quantile,0.25,35.46355126196255
16,2026-09-26,1,2026-10-03,wk inc covid hosp,quantile,0.25,8.209413925587121
17,2026-09-26,1,2026-10-03,wk inc covid hosp,quantile,0.25,57.91286038043699
18,2026-09-26,1,2026-10-03,wk inc covid hosp,quantile,0.25,20.043800177609793
19,2026-09-26,1,2026-10-03,wk inc covid hosp,quantile,0.25,11.420198388213983
20,2026-09-26,1,2026-10-03,wk inc covid hosp,quantile,0.25,4.074566226184224
21,2026-09-26,1,2026-10-03,wk inc covid hosp,quantile,0.25,15.478026071508557
22,2026-09-26,1,2026-10-03,wk inc covid hosp,quantile,0.25,74.77966422129649
23,2026-09-26,1,2026-10-03,wk inc covid hosp,quantile,0.25,0.06380522270597817
24,2026-09-26,1,2026-10-03,wk inc covid hosp,quantile,0.25,29.897787125367675
25,2026-09-26,1,2026-10-03,wk inc covid hosp,quantile,0.25,34.33470122565077
26,2026-09-26,1,2026-10-03,wk inc covid hosp,quantile,0.25,34.62947230439519
27,2026-09-26,1,2026-10-03,wk inc covid hosp,quantile,0.25,22.478048154754354
28,2026-09-26,1,2026-10-03,wk inc covid hosp,quantile,0.25,22.812897700803234
29,2026-09-26,1,2026-10-03,wk inc covid hosp,quantile,0.25,34.24287806388723
30,2026-09-26,1,2026-10-03,wk inc covid hosp,quantile,0.25,9.398774558996847
31,2026-09-26,1,2026-10-03,wk inc covid hosp,quantile,0.25,1.847607442166728
32,2026-09-26,1,2026-10-03,wk inc covid hosp,quantile,0.25,29.320624202323337
33,2026-09-26,1,2026-10-03,wk inc covid hosp,quantile,0.25,0.0
34,2026-09-26,1,2026-10-03,wk inc covid hosp,quantile,0.25,106.55091589444211
35,2026-09-26,1,2026-10-03,wk inc covid hosp,quantile,0.25,4.834728933922831
36,2026-09-26,1,2026-10-03,wk inc covid hosp,quantile,0.25,258.9393993439941
37,2026-09-26,1,2026-10-03,wk inc covid hosp,quantile,0.25,194.13891320234998
38,2026-09-26,1,2026-10-03,wk inc covid hosp,quantile,0.25,0.04125936020396602
39,2026-09-26,1,2026-10-03,wk inc covid hosp,quantile,0.25,51.822891556642446
40,2026-09-26,1,2026-10-03,wk inc covid hosp,quantile,0.25,14.66869561225869
41,2026-09-26,1,2026-10-03,wk inc covid hosp,quantile,0.25,36.3287753425694
42,2026-09-26,1,2026-10-03,wk inc covid hosp,quantile,0.25,136.0879487208901
44,2026-09-26,1,2026-10-03,wk inc covid hosp,quantile,0.25,11.765784505291155
45,2026-09-26,1,2026-10-03,wk inc covid hosp,quantile,0.25,49.139436050831236
46,2026-09-26,1,2026-10-03,wk inc covid hosp,quantile,0.25,3.1161508288558792
47,2026-09-26,1,2026-10-03,wk inc covid hosp,quantile,0.25,65.99274429883276
48,2026-09-26,1,2026-10-03,wk inc covid hosp,quantile,0.25,371.9493812497244
49,2026-09-26,1,2026-10-03,wk inc covid hosp,quantile,0.25,20.985899123262108
50,2026-09-26,1,2026-10-03,wk inc covid hosp,quantile,0.25,0.581922440586316
51,2026-09-26,1,2026-10-03,wk inc covid hosp,quantile,0.25,45.2062826091818
53,2026-09-26,1,2026-10-03,wk inc covid hosp,quantile,0.25,134.52313527362128
54,2026-09-26,1,2026-10-03,wk inc covid hosp,quantile,0.25,15.887717129726868
55,2026-09-26,1,2026-10-03,wk inc covid hosp,quantile,0.25,17.86497323834614
56,2026-09-26,1,2026-10-03,wk inc covid hosp,quantile,0.25,0.0
72,2026-09-26,1,2026-10-03,wk inc covid hosp,quantile,0.25,84.74430560487427
US,2026-09-26,1,2026-10-03,wk inc covid hosp,quantile,0.25,4377.486106273425
01,2026-09-26,2,2026-10-10,wk inc covid hosp,quantile,0.25,83.81447443882281
02,2026-09-26,2,2026-10-10,wk inc covid hosp,quantile,0.25,0.21669456744808144
04,2026-09-26,2,2026-10-10,wk inc covid hosp,quantile,0.25,60.23924464499081
05,2026-09-26,2,2026-10-10,wk inc covid hosp,quantile,0.25,9.65390238931109
06,2026-09-26,2,2026-10-10,wk inc covid hosp,quantile,0.25,1001.857732865203
08,2026-09-26,2,2026-10-10,wk inc covid hosp,quantile,0.25,27.213691600213117
09,2026-09-26,2,2026-10-10,wk inc covid hosp,quantile,0.25,31.130509545529875
10,2026-09-26,2,2026-10-10,wk inc covid hosp,quantile,0.25,3.1147622430283164
11,2026-09-26,2,2026-10-10,wk inc covid hosp,quantile,0.25,2.7748444884242622
12,2026-09-26,2,2026-10-10,wk inc covid hosp,quantile,0.25,471.2570925684742
13,2026-09-26,2,2026-10-10,wk inc covid hosp,quantile,0.25,88.46080224314238
15,2026-09-26,2,2026-10-10,wk inc covid hosp,quantile,0.25,34.147277650108926
16,2026-09-26,2,2026-10-10,wk inc covid hosp,quantile,0.25,7.639276922024722
17,2026-09-26,2,2026-10-10,wk inc covid hosp,quantile,0.25,62.60759550724729
18,2026-09-26,2,2026-10-10,wk inc covid hosp,quantile,0.25,20.667385921591638
19,2026-09-26,2,2026-10-10,wk inc covid hosp,quantile,0.25,11.702390548288834
20,2026-09-26,2,2026-10-10,wk inc covid hosp,quantile,0.25,3.7575319749002554
21,2026-09-26,2,2026-10-10,wk inc covid hosp,quantile,0.25,15.7009087056713
22,2026-09-26,2,2026-10-10,wk inc covid hosp,quantile,0.25,70.784849667551
23,2026-09-26,2,2026-10-10,wk inc covid hosp,quantile,0.25,0.010406898768371541
24,2026-09-26,2,2026-10-10,wk inc covid hosp,quantile,0.25,32.50053139843994
25,2026-09-26,2,2026-10-10,wk inc covid hosp,quantile,0.25,36.390466987100886
26,2026-09-26,2,2026-10-10,wk inc covid hosp,quantile,0.25,37.24126569910283
27,2026-09-26,2,2026-10-10,wk inc covid hosp,quantile,0.25,23.70180107189795
28,2026-09-26,2,2026-10-10,wk inc covid hosp,quantile,0.25,21.66154371385075
29,2026-09-26,2,2026-10-10,wk inc covid hosp,quantile,0.25,34.9068509086442
30,2026-09-26,2,2026-10-10,wk inc covid hosp,quantile,0.25,9.349456398649654
31,2026-09-26,2,2026-10-10,wk inc covid hosp,quantile,0.25,1.680441643590597
32,2026-09-26,2,2026-10-10,wk inc covid hosp,quantile,0.25,30.36282178519176
33,2026-09-26,2,2026-10-10,wk inc covid hosp,quantile,0.25,0.0
34,2026-09-26,2,2026-10-10,wk inc covid hosp,quantile,0.25,108.3439576284671
35,2026-09-26,2,2026-10-10,wk inc covid hosp,quantile,0.25,4.245530230662731
36,2026-09-26,2,2026-10-10,wk inc covid hosp,quantile,0.25,272.28768767698585
37,2026-09-26,2,2026-10-10,wk inc covid hosp,quantile,0.25,195.0111910149861
38,2026-09-26,2,2026-10-10,wk inc covid hosp,quantile,0.25,0.09346863673702978
39,2026-09-26,2,2026-10-10,wk inc covid hosp,quantile,0.25,53.449669482732226
40,2026-09-26,2,2026-10-10,wk inc covid hosp,quantile,0.25,15.397463369038007
41,2026-09-26,2,2026-10-10,wk inc covid hosp,quantile,0.25,36.67781565685241
42,2026-09-26,2,2026-10-10,wk inc covid hosp,quantile,0.25,143.8481155933173
44,2026-09-26,2,2026-10-10,wk inc covid hosp,quantile,0.25,11.812517191906442
45,2026-09-26,2,2026-10-10,wk inc covid hosp,quantile,0.25,44.94633291894081
46,2026-09-26,2,2026-10-10,wk inc covid hosp,quantile,0.25,2.9194909860069993
47,2026-09-26,2,2026-10-10,wk inc covid hosp,quantile,0.25,63.68859337528421
48,2026-09-26,2,2026-10-10,wk inc covid hosp,quantile,0.25,348.6701111596935
49,2026-09-26,2,2026-10-10,wk inc covid hosp,quantile,0.25,22.02478507875194
50,2026-09-26,2,2026-10-10,wk inc covid hosp,quantile,0.25,0.4301330515056398
51,2026-09-26,2,2026-10-10,wk inc covid hosp,quantile,0.25,45.99091480556284
53,2026-09-26,2,2026-10-10,wk inc covid hosp,quantile,0.25,135.30138740296894
54,2026-09-26,2,2026-10-10,wk inc covid hosp,quantile,0.25,17.16195185078472
55,2026-09-26,2,2026-10-10,wk inc covid hosp,quantile,0.25,17.672459288123633
56,2026-09-26,2,2026-10-10,wk inc covid hosp,quantile,0.25,0.0
72,2026-09-26,2,2026-10-10,wk inc covid hosp,quantile,0.25,75.91883002784641
US,2026-09-26,2,2026-10-10,wk inc covid hosp,quantile,0.25,4491.833627294581
01,2026-09-26,3,2026-10-17,wk inc covid hosp,quantile,0.25,82.95701950691084
02,2026-09-26,3,2026-10-17,wk inc covid hosp,quantile,0.25,0.0
04,2026-09-26,3,2026-10-17,wk inc covid hosp,quantile,0.25,60.59061265455089
05,2026-09-26,3,2026-10-17,wk inc covid hosp,quantile,0.25,9.598163183591097
06,2026-09-26,3,2026-10-17,wk inc covid hosp,quantile,0.25,990.8867599135024
08,2026-09-26,3,2026-10-17,wk inc covid hosp,quantile,0.25,27.503182781500655
09,2026-09-26,3,2026-10-17,wk inc covid hosp,quantile,0.25,33.49657654917551
10,2026-09-26,3,2026-10-17,wk inc covid hosp,quantile,0.25,3.1063607507048325
11,2026-09-26,3,2026-10-17,wk inc covid hosp,quantile,0.25,2.774591457387471
12,2026-09-26,3,2026-10-17,wk inc covid hosp,quantile,0.25,437.77023934788645
13,2026-09-26,3,2026-10-17,wk inc covid hosp,quantile,0.25,86.30727865395656
15,2026-09-26,3,2026-10-17,wk inc covid hosp,quantile,0.25,32.377007244419936
16,2026-09-26,3,2026-10-17,wk inc covid hosp,quantile,0.25,7.4976866640470385
17,2026-09-26,3,2026-10-17,wk inc covid hosp,quantile,0.25,66.79892761466319
18,2026-09-26,3,2026-10-17,wk inc covid hosp,quantile,0.25,21.447793542826147
19,2026-09-26,3,2026-10-17,wk inc covid hosp,quantile,0.25,12.47466763348699
20,2026-09-26,3,2026-10-17,wk inc covid hosp,quantile,0.25,4.045560209708887
21,2026-09-26,3,2026-10-17,wk inc covid hosp,quantile,0.25,15.986517807963894
22,2026-09-26,3,2026-10-17,wk inc covid hosp,quantile,0.25,68.8915307517228
23,2026-09-26,3,2026-10-17,wk inc covid hosp,quantile,0.25,0.17781730814955835
24,2026-09-26,3,2026-10-17,wk inc covid hosp,quantile,0.25,33.784695866592536
25,2026-09-26,3,2026-10-17,wk inc covid hosp,quantile,0.25,38.40635651688463
26,2026-09-26,3,2026-10-17,wk inc covid hosp,quantile,0.25,39.96625006791281
27,2026-09-26,3,2026-10-17,wk inc covid hosp,quantile,0.25,24.785547180677757
28,2026-09-26,3,2026-10-17,wk inc covid hosp,quantile,0.25,19.880256713422074
29,2026-09-26,3,2026-10-17,wk inc covid hosp,quantile,0.25,37.130274804931645
30,2026-09-26,3,2026-10-17,wk inc covid hosp,quantile,0.25,9.49164422927642
31,2026-09-26,3,2026-10-17,wk inc covid hosp,quantile,0.25,1.750553255221467
32,2026-09-26,3,2026-10-17,wk inc covid hosp,quantile,0.25,28.00780119202841
33,2026-09-26,3,2026-10-17,wk inc covid hosp,quantile,0.25,0.0
34,2026-09-26,3,2026-10-17,wk inc covid hosp,quantile,0.25,107.15066221538726
35,2026-09-26,3,2026-10-17,wk inc covid hosp,quantile,0.25,3.7783270911904343
36,2026-09-26,3,2026-10-17,wk inc covid hosp,quantile,0.25,277.85805060855256
37,2026-09-26,3,2026-10-17,wk inc covid hosp,quantile,0.25,192.51714973632593
38,2026-09-26,3,2026-10-17,wk inc covid hosp,quantile,0.25,0.0
39,2026-09-26,3,2026-10-17,wk inc covid hosp,quantile,0.25,56.53298619694856
40,2026-09-26,3,2026-10-17,wk inc covid hosp,quantile,0.25,14.934117824356944
41,2026-09-26,3,2026-10-17,wk inc covid hosp,quantile,0.25,36.96291679434894
42,2026-09-26,3,2026-10-17,wk inc covid hosp,quantile,0.25,146.9151085666647
44,2026-09-26,3,2026-10-17,wk inc covid hosp,quantile,0.25,11.550519737596503
45,2026-09-26,3,2026-10-17,wk inc covid hosp,quantile,0.25,42.96097007654626
46,2026-09-26,3,2026-10-17,wk inc covid hosp,quantile,0.25,2.715481943461975
47,2026-09-26,3,2026-10-17,wk inc covid hosp,quantile,0.25,63.11106424967153
48,2026-09-26,3,2026-10-17,wk inc covid hosp,quantile,0.25,336.73711640212923
49,2026-09-26,3,2026-10-17,wk inc covid hosp,quantile,0.25,21.72741116183008
50,2026-09-26,3,2026-10-17,wk inc covid hosp,quantile,0.25,0.16758321950733324
51,2026-09-26,3,2026-10-17,wk inc covid hosp,quantile,0.25,47.48448573982227
53,2026-09-26,3,2026-10-17,wk inc covid hosp,quantile,0.25,135.3706701593703
54,2026-09-26,3,2026-10-17,wk inc covid hosp,quantile,0.25,17.534082594616414
55,2026-09-26,3,2026-10-17,wk inc covid hosp,quantile,0.25,19.522847130976796
56,2026-09-26,3,2026-10-17,wk inc covid hosp,quantile,0.25,0.0
72,2026-09-26,3,2026-10-17,wk inc covid hosp,quantile,0.25,73.50328183234677
US,2026-09-26,3,2026-10-17,wk inc covid hosp,quantile,0.25,4629.5636083436075
01,2026-09-26,0,2026-09-26,wk inc covid hosp,quantile,0.3,90.85104346087304
02,2026-09-26,0,2026-09-26,wk inc covid hosp,quantile,0.3,1.3456012355886762
04,2026-09-26,0,2026-09-26,wk inc covid hosp,quantile,0.3,68.60662898880797
05,2026-09-26,0,2026-09-26,wk inc covid hosp,quantile,0.3,11.78600352204827
06,2026-09-26,0,2026-09-26,wk inc covid hosp,quantile,0.3,1008.3160260025768
08,2026-09-26,0,2026-09-26,wk inc covid hosp,quantile,0.3,28.026542882998392
09,2026-09-26,0,2026-09-26,wk inc covid hosp,quantile,0.3,30.735605228368694
10,2026-09-26,0,2026-09-26,wk inc covid hosp,quantile,0.3,4.4237610586429845
11,2026-09-26,0,2026-09-26,wk inc covid hosp,quantile,0.3,3.9934649155507156
12,2026-09-26,0,2026-09-26,wk inc covid hosp,quantile,0.3,543.1832829917927
13,2026-09-26,0,2026-09-26,wk inc covid hosp,quantile,0.3,96.7519531198064
15,2026-09-26,0,2026-09-26,wk inc covid hosp,quantile,0.3,37.11484146973735
16,2026-09-26,0,2026-09-26,wk inc covid hosp,quantile,0.3,9.276739238927274
17,2026-09-26,0,2026-09-26,wk inc covid hosp,quantile,0.3,57.64253308244927
18,2026-09-26,0,2026-09-26,wk inc covid hosp,quantile,0.3,21.782765862553536
19,2026-09-26,0,2026-09-26,wk inc covid hosp,quantile,0.3,12.474532640239483
20,2026-09-26,0,2026-09-26,wk inc covid hosp,quantile,0.3,5.099872605165001
21,2026-09-26,0,2026-09-26,wk inc covid hosp,quantile,0.3,17.6429861730313
22,2026-09-26,0,2026-09-26,wk inc covid hosp,quantile,0.3,78.72038094605134
23,2026-09-26,0,2026-09-26,wk inc covid hosp,quantile,0.3,0.4678759458277636
24,2026-09-26,0,2026-09-26,wk inc covid hosp,quantile,0.3,30.622317613706503
25,2026-09-26,0,2026-09-26,wk inc covid hosp,quantile,0.3,34.55938428975412
26,2026-09-26,0,2026-09-26,wk inc covid hosp,quantile,0.3,38.953003262838614
27,2026-09-26,0,2026-09-26,wk inc covid hosp,quantile,0.3,23.39802822077679
28,2026-09-26,0,2026-09-26,wk inc covid hosp,quantile,0.3,27.492271024622163
29,2026-09-26,0,2026-09-26,wk inc covid hosp,quantile,0.3,34.88190116090281
30,2026-09-26,0,2026-09-26,wk inc covid hosp,quantile,0.3,10.17516356883578
31,2026-09-26,0,2026-09-26,wk inc covid hosp,quantile,0.3,2.739451892448585
32,2026-09-26,0,2026-09-26,wk inc covid hosp,quantile,0.3,33.127146676427785
33,2026-09-26,0,2026-09-26,wk inc covid hosp,quantile,0.3,0.16743313464447543
34,2026-09-26,0,2026-09-26,wk inc covid hosp,quantile,0.3,115.46180795896024
35,2026-09-26,0,2026-09-26,wk inc covid hosp,quantile,0.3,6.679675719370057
36,2026-09-26,0,2026-09-26,wk inc covid hosp,quantile,0.3,255.55935800705262
37,2026-09-26,0,2026-09-26,wk inc covid hosp,quantile,0.3,202.87855304484268
38,2026-09-26,0,2026-09-26,wk inc covid hosp,quantile,0.3,0.41071377743690596
39,2026-09-26,0,2026-09-26,wk inc covid hosp,quantile,0.3,54.78908396624911
40,2026-09-26,0,2026-09-26,wk inc covid hosp,quantile,0.3,16.946325577177742
41,2026-09-26,0,2026-09-26,wk inc covid hosp,quantile,0.3,36.54139673767799
42,2026-09-26,0,2026-09-26,wk inc covid hosp,quantile,0.3,139.55528468851966
44,2026-09-26,0,2026-09-26,wk inc covid hosp,quantile,0.3,12.285243480463368
45,2026-09-26,0,2026-09-26,wk inc covid hosp,quantile,0.3,53.2399185677559
46,2026-09-26,0,2026-09-26,wk inc covid hosp,quantile,0.3,3.8397633749907896
47,2026-09-26,0,2026-09-26,wk inc covid hosp,quantile,0.3,69.87097583997915
48,2026-09-26,0,2026-09-26,wk inc covid hosp,quantile,0.3,414.28714276163316
49,2026-09-26,0,2026-09-26,wk inc covid hosp,quantile,0.3,21.489485100855433
50,2026-09-26,0,2026-09-26,wk inc covid hosp,quantile,0.3,1.3985595799548889
51,2026-09-26,0,2026-09-26,wk inc covid hosp,quantile,0.3,47.85306759266508
53,2026-09-26,0,2026-09-26,wk inc covid hosp,quantile,0.3,135.1680206102471
54,2026-09-26,0,2026-09-26,wk inc covid hosp,quantile,0.3,15.406753129365942
55,2026-09-26,0,2026-09-26,wk inc covid hosp,quantile,0.3,18.650466314619653
56,2026-09-26,0,2026-09-26,wk inc covid hosp,quantile,0.3,0.0
72,2026-09-26,0,2026-09-26,wk inc covid hosp,quantile,0.3,94.36392310335754
US,2026-09-26,0,2026-09-26,wk inc covid hosp,quantile,0.3,4365.570409580589
01,2026-09-26,1,2026-10-03,wk inc covid hosp,quantile,0.3,90.1896977927809
02,2026-09-26,1,2026-10-03,wk inc covid hosp,quantile,0.3,0.9126776885488782
04,2026-09-26,1,2026-10-03,wk inc covid hosp,quantile,0.3,69.37628063823078
05,2026-09-26,1,2026-10-03,wk inc covid hosp,quantile,0.3,11.42288920052272
06,2026-09-26,1,2026-10-03,wk inc covid hosp,quantile,0.3,1029.3189962181796
08,2026-09-26,1,2026-10-03,wk inc covid hosp,quantile,0.3,28.84732570146231
09,2026-09-26,1,2026-10-03,wk inc covid hosp,quantile,0.3,32.743986449673415
10,2026-09-26,1,2026-10-03,wk inc covid hosp,quantile,0.3,4.288657736251921
11,2026-09-26,1,2026-10-03,wk inc covid hosp,quantile,0.3,4.019588388630474
12,2026-09-26,1,2026-10-03,wk inc covid hosp,quantile,0.3,522.1214584123547
13,2026-09-26,1,2026-10-03,wk inc covid hosp,quantile,0.3,95.27370849193329
15,2026-09-26,1,2026-10-03,wk inc covid hosp,quantile,0.3,37.60301825436581
16,2026-09-26,1,2026-10-03,wk inc covid hosp,quantile,0.3,9.182846920729565
17,2026-09-26,1,2026-10-03,wk inc covid hosp,quantile,0.3,62.85702389755003
18,2026-09-26,1,2026-10-03,wk inc covid hosp,quantile,0.3,22.218778781067595
19,2026-09-26,1,2026-10-03,wk inc covid hosp,quantile,0.3,12.728998787751289
20,2026-09-26,1,2026-10-03,wk inc covid hosp,quantile,0.3,5.365753390714801
21,2026-09-26,1,2026-10-03,wk inc covid hosp,quantile,0.3,17.264022283311988
22,2026-09-26,1,2026-10-03,wk inc covid hosp,quantile,0.3,78.7856345680975
23,2026-09-26,1,2026-10-03,wk inc covid hosp,quantile,0.3,0.48671782138767433
24,2026-09-26,1,2026-10-03,wk inc covid hosp,quantile,0.3,32.82729811743642
25,2026-09-26,1,2026-10-03,wk inc covid hosp,quantile,0.3,37.60784772747314
26,2026-09-26,1,2026-10-03,wk inc covid hosp,quantile,0.3,39.360465134394786
27,2026-09-26,1,2026-10-03,wk inc covid hosp,quantile,0.3,24.79574625435656
28,2026-09-26,1,2026-10-03,wk inc covid hosp,quantile,0.3,24.94001722725949
29,2026-09-26,1,2026-10-03,wk inc covid hosp,quantile,0.3,37.422282288719884
30,2026-09-26,1,2026-10-03,wk inc covid hosp,quantile,0.3,10.72382521886297
31,2026-09-26,1,2026-10-03,wk inc covid hosp,quantile,0.3,2.6735682177866154
32,2026-09-26,1,2026-10-03,wk inc covid hosp,quantile,0.3,31.306123553455688
33,2026-09-26,1,2026-10-03,wk inc covid hosp,quantile,0.3,0.0
34,2026-09-26,1,2026-10-03,wk inc covid hosp,quantile,0.3,114.09020393455593
35,2026-09-26,1,2026-10-03,wk inc covid hosp,quantile,0.3,5.775885258171005
36,2026-09-26,1,2026-10-03,wk inc covid hosp,quantile,0.3,270.8970357234423
37,2026-09-26,1,2026-10-03,wk inc covid hosp,quantile,0.3,202.51892901758973
38,2026-09-26,1,2026-10-03,wk inc covid hosp,quantile,0.3,0.40344081429612794
39,2026-09-26,1,2026-10-03,wk inc covid hosp,quantile,0.3,57.496602081256064
40,2026-09-26,1,2026-10-03,wk inc covid hosp,quantile,0.3,16.422967071464207
41,2026-09-26,1,2026-10-03,wk inc covid hosp,quantile,0.3,38.71883525225027
42,2026-09-26,1,2026-10-03,wk inc covid hosp,quantile,0.3,148.0319535817052
44,2026-09-26,1,2026-10-03,wk inc covid hosp,quantile,0.3,12.982957772602848
45,2026-09-26,1,2026-10-03,wk inc covid hosp,quantile,0.3,52.249405590592026
46,2026-09-26,1,2026-10-03,wk inc covid hosp,quantile,0.3,3.8785603063011234
47,2026-09-26,1,2026-10-03,wk inc covid hosp,quantile,0.3,70.68562040909676
48,2026-09-26,1,2026-10-03,wk inc covid hosp,quantile,0.3,394.8998279990693
49,2026-09-26,1,2026-10-03,wk inc covid hosp,quantile,0.3,22.652187563079703
50,2026-09-26,1,2026-10-03,wk inc covid hosp,quantile,0.3,0.9912962105483156
51,2026-09-26,1,2026-10-03,wk inc covid hosp,quantile,0.3,48.8247381308755
53,2026-09-26,1,2026-10-03,wk inc covid hosp,quantile,0.3,140.52504004595926
54,2026-09-26,1,2026-10-03,wk inc covid hosp,quantile,0.3,17.326210829124264
55,2026-09-26,1,2026-10-03,wk inc covid hosp,quantile,0.3,20.18306273308482
56,2026-09-26,1,2026-10-03,wk inc covid hosp,quantile,0.3,0.0
72,2026-09-26,1,2026-10-03,wk inc covid hosp,quantile,0.3,91.121706334626
US,2026-09-26,1,2026-10-03,wk inc covid hosp,quantile,0.3,4532.149832849494
01,2026-09-26,2,2026-10-10,wk inc covid hosp,quantile,0.3,88.87352183408855
02,2026-09-26,2,2026-10-10,wk inc covid hosp,quantile,0.3,0.6010774113385768
04,2026-09-26,2,2026-10-10,wk inc covid hosp,quantile,0.3,65.96658146519277
05,2026-09-26,2,2026-10-10,wk inc covid hosp,quantile,0.3,11.434430602833594
06,2026-09-26,2,2026-10-10,wk inc covid hosp,quantile,0.3,1031.9069214443796
08,2026-09-26,2,2026-10-10,wk inc covid hosp,quantile,0.3,30.09789697383004
09,2026-09-26,2,2026-10-10,wk inc covid hosp,quantile,0.3,35.5108057471038
10,2026-09-26,2,2026-10-10,wk inc covid hosp,quantile,0.3,3.9708829614714483
11,2026-09-26,2,2026-10-10,wk inc covid hosp,quantile,0.3,3.375135404541294
12,2026-09-26,2,2026-10-10,wk inc covid hosp,quantile,0.3,506.8021601276073
13,2026-09-26,2,2026-10-10,wk inc covid hosp,quantile,0.3,94.32585295784116
15,2026-09-26,2,2026-10-10,wk inc covid hosp,quantile,0.3,36.904303350103255
16,2026-09-26,2,2026-10-10,wk inc covid hosp,quantile,0.3,9.026506305694747
17,2026-09-26,2,2026-10-10,wk inc covid hosp,quantile,0.3,69.82542605064228
18,2026-09-26,2,2026-10-10,wk inc covid hosp,quantile,0.3,24.248062701832126
19,2026-09-26,2,2026-10-10,wk inc covid hosp,quantile,0.3,13.546356519849642
20,2026-09-26,2,2026-10-10,wk inc covid hosp,quantile,0.3,5.209979545489704
21,2026-09-26,2,2026-10-10,wk inc covid hosp,quantile,0.3,18.220894430991848
22,2026-09-26,2,2026-10-10,wk inc covid hosp,quantile,0.3,76.78933111590361
23,2026-09-26,2,2026-10-10,wk inc covid hosp,quantile,0.3,0.5843048499897288
24,2026-09-26,2,2026-10-10,wk inc covid hosp,quantile,0.3,35.510321921207535
25,2026-09-26,2,2026-10-10,wk inc covid hosp,quantile,0.3,41.040094907968324
26,2026-09-26,2,2026-10-10,wk inc covid hosp,quantile,0.3,44.26643846629903
27,2026-09-26,2,2026-10-10,wk inc covid hosp,quantile,0.3,26.888000656697386
28,2026-09-26,2,2026-10-10,wk inc covid hosp,quantile,0.3,24.182956856118235
29,2026-09-26,2,2026-10-10,wk inc covid hosp,quantile,0.3,38.75345409996534
30,2026-09-26,2,2026-10-10,wk inc covid hosp,quantile,0.3,11.1677461894748
31,2026-09-26,2,2026-10-10,wk inc covid hosp,quantile,0.3,2.5933442185606546
32,2026-09-26,2,2026-10-10,wk inc covid hosp,quantile,0.3,32.567133453415536
33,2026-09-26,2,2026-10-10,wk inc covid hosp,quantile,0.3,0.0
34,2026-09-26,2,2026-10-10,wk inc covid hosp,quantile,0.3,117.44864276195025
35,2026-09-26,2,2026-10-10,wk inc covid hosp,quantile,0.3,5.527818551050096
36,2026-09-26,2,2026-10-10,wk inc covid hosp,quantile,0.3,285.2640192212278
37,2026-09-26,2,2026-10-10,wk inc covid hosp,quantile,0.3,205.08028487541787
38,2026-09-26,2,2026-10-10,wk inc covid hosp,quantile,0.3,0.5142982381150001
39,2026-09-26,2,2026-10-10,wk inc covid hosp,quantile,0.3,60.41783906166576
40,2026-09-26,2,2026-10-10,wk inc covid hosp,quantile,0.3,17.297216385552037
41,2026-09-26,2,2026-10-10,wk inc covid hosp,quantile,0.3,39.697255750867534
42,2026-09-26,2,2026-10-10,wk inc covid hosp,quantile,0.3,155.18529535856587
44,2026-09-26,2,2026-10-10,wk inc covid hosp,quantile,0.3,13.608788143764807
45,2026-09-26,2,2026-10-10,wk inc covid hosp,quantile,0.3,49.60621615279203
46,2026-09-26,2,2026-10-10,wk inc covid hosp,quantile,0.3,3.748600231134142
47,2026-09-26,2,2026-10-10,wk inc covid hosp,quantile,0.3,69.92750159781524
48,2026-09-26,2,2026-10-10,wk inc covid hosp,quantile,0.3,376.66693524893725
49,2026-09-26,2,2026-10-10,wk inc covid hosp,quantile,0.3,24.139574675127147
50,2026-09-26,2,2026-10-10,wk inc covid hosp,quantile,0.3,0.817237907402466
51,2026-09-26,2,2026-10-10,wk inc covid hosp,quantile,0.3,50.89091370380052
53,2026-09-26,2,2026-10-10,wk inc covid hosp,quantile,0.3,143.16356827543694
54,2026-09-26,2,2026-10-10,wk inc covid hosp,quantile,0.3,19.038386843503343
55,2026-09-26,2,2026-10-10,wk inc covid hosp,quantile,0.3,21.08424757004173
56,2026-09-26,2,2026-10-10,wk inc covid hosp,quantile,0.3,0.0
72,2026-09-26,2,2026-10-10,wk inc covid hosp,quantile,0.3,84.13442205123543
US,2026-09-26,2,2026-10-10,wk inc covid hosp,quantile,0.3,4673.656444112487
01,2026-09-26,3,2026-10-17,wk inc covid hosp,quantile,0.3,89.19687762732605
02,2026-09-26,3,2026-10-17,wk inc covid hosp,quantile,0.3,0.36911716502541303
04,2026-09-26,3,2026-10-17,wk inc covid hosp,quantile,0.3,67.24542975484391
05,2026-09-26,3,2026-10-17,wk inc covid hosp,quantile,0.3,11.47863461605962
06,2026-09-26,3,2026-10-17,wk inc covid hosp,quantile,0.3,1033.5130023806232
08,2026-09-26,3,2026-10-17,wk inc covid hosp,quantile,0.3,31.66435392649525
09,2026-09-26,3,2026-10-17,wk inc covid hosp,quantile,0.3,38.36204995782355
10,2026-09-26,3,2026-10-17,wk inc covid hosp,quantile,0.3,4.016197727971718
11,2026-09-26,3,2026-10-17,wk inc covid hosp,quantile,0.3,3.6979714532515646
12,2026-09-26,3,2026-10-17,wk inc covid hosp,quantile,0.3,487.46785046345843
13,2026-09-26,3,2026-10-17,wk inc covid hosp,quantile,0.3,93.72034843259956
15,2026-09-26,3,2026-10-17,wk inc covid hosp,quantile,0.3,35.03071250805526
16,2026-09-26,3,2026-10-17,wk inc covid hosp,quantile,0.3,9.0091903533524
17,2026-09-26,3,2026-10-17,wk inc covid hosp,quantile,0.3,75.7309122322887
18,2026-09-26,3,2026-10-17,wk inc covid hosp,quantile,0.3,25.169282138106787
19,2026-09-26,3,2026-10-17,wk inc covid hosp,quantile,0.3,14.717395995755775
20,2026-09-26,3,2026-10-17,wk inc covid hosp,quantile,0.3,5.468909463814875
21,2026-09-26,3,2026-10-17,wk inc covid hosp,quantile,0.3,19.22336659555493
22,2026-09-26,3,2026-10-17,wk inc covid hosp,quantile,0.3,75.00296527669926
23,2026-09-26,3,2026-10-17,wk inc covid hosp,quantile,0.3,1.0423473507352456
24,2026-09-26,3,2026-10-17,wk inc covid hosp,quantile,0.3,38.93983872927195
25,2026-09-26,3,2026-10-17,wk inc covid hosp,quantile,0.3,43.07906540567838
26,2026-09-26,3,2026-10-17,wk inc covid hosp,quantile,0.3,49.02155130505225
27,2026-09-26,3,2026-10-17,wk inc covid hosp,quantile,0.3,28.554874309119942
28,2026-09-26,3,2026-10-17,wk inc covid hosp,quantile,0.3,22.776715699750028
29,2026-09-26,3,2026-10-17,wk inc covid hosp,quantile,0.3,41.674605425076805
30,2026-09-26,3,2026-10-17,wk inc covid hosp,quantile,0.3,11.164604720484773
31,2026-09-26,3,2026-10-17,wk inc covid hosp,quantile,0.3,2.7192215316842923
32,2026-09-26,3,2026-10-17,wk inc covid hosp,quantile,0.3,30.93894038105663
33,2026-09-26,3,2026-10-17,wk inc covid hosp,quantile,0.3,0.0
34,2026-09-26,3,2026-10-17,wk inc covid hosp,quantile,0.3,119.78967817257441
35,2026-09-26,3,2026-10-17,wk inc covid hosp,quantile,0.3,5.123030013737591
36,2026-09-26,3,2026-10-17,wk inc covid hosp,quantile,0.3,295.3863946014237
37,2026-09-26,3,2026-10-17,wk inc covid hosp,quantile,0.3,205.26059305614032
38,2026-09-26,3,2026-10-17,wk inc covid hosp,quantile,0.3,0.3679063350680157
39,2026-09-26,3,2026-10-17,wk inc covid hosp,quantile,0.3,64.16885161427182
40,2026-09-26,3,2026-10-17,wk inc covid hosp,quantile,0.3,17.255076725701965
41,2026-09-26,3,2026-10-17,wk inc covid hosp,quantile,0.3,40.99272959271293
42,2026-09-26,3,2026-10-17,wk inc covid hosp,quantile,0.3,160.93825968975207
44,2026-09-26,3,2026-10-17,wk inc covid hosp,quantile,0.3,13.505705632254912
45,2026-09-26,3,2026-10-17,wk inc covid hosp,quantile,0.3,48.73214575241435
46,2026-09-26,3,2026-10-17,wk inc covid hosp,quantile,0.3,3.6131533674410847
47,2026-09-26,3,2026-10-17,wk inc covid hosp,quantile,0.3,70.33012844361745
48,2026-09-26,3,2026-10-17,wk inc covid hosp,quantile,0.3,371.9108163123409
49,2026-09-26,3,2026-10-17,wk inc covid hosp,quantile,0.3,24.40537774364296
50,2026-09-26,3,2026-10-17,wk inc covid hosp,quantile,0.3,0.6014499755143604
51,2026-09-26,3,2026-10-17,wk inc covid hosp,quantile,0.3,52.641900314281884
53,2026-09-26,3,2026-10-17,wk inc covid hosp,quantile,0.3,143.63993253981994
54,2026-09-26,3,2026-10-17,wk inc covid hosp,quantile,0.3,19.990210369901636
55,2026-09-26,3,2026-10-17,wk inc covid hosp,quantile,0.3,23.4491149518606
56,2026-09-26,3,2026-10-17,wk inc covid hosp,quantile,0.3,0.0
72,2026-09-26,3,2026-10-17,wk inc covid hosp,quantile,0.3,82.33020807009184
US,2026-09-26,3,2026-10-17,wk inc covid hosp,quantile,0.3,4896.037507529406
01,2026-09-26,0,2026-09-26,wk inc covid hosp,quantile,0.35,93.5476190658
02,2026-09-26,0,2026-09-26,wk inc covid hosp,quantile,0.35,1.6260589572499027
04,2026-09-26,0,2026-09-26,wk inc covid hosp,quantile,0.35,71.91582115951707
05,2026-09-26,0,2026-09-26,wk inc covid hosp,quantile,0.35,12.708333910942471
06,2026-09-26,0,2026-09-26,wk inc covid hosp,quantile,0.35,1024.473654512261
08,2026-09-26,0,2026-09-26,wk inc covid hosp,quantile,0.35,29.594296929882784
09,2026-09-26,0,2026-09-26,wk inc covid hosp,quantile,0.35,33.05232232252992
10,2026-09-26,0,2026-09-26,wk inc covid hosp,quantile,0.35,4.883194780185057
11,2026-09-26,0,2026-09-26,wk inc covid hosp,quantile,0.35,4.447431237811416
12,2026-09-26,0,2026-09-26,wk inc covid hosp,quantile,0.35,565.1620620280977
13,2026-09-26,0,2026-09-26,wk inc covid hosp,quantile,0.35,100.59674416480573
15,2026-09-26,0,2026-09-26,wk inc covid hosp,quantile,0.35,38.624852841872396
16,2026-09-26,0,2026-09-26,wk inc covid hosp,quantile,0.35,9.941997371555916
17,2026-09-26,0,2026-09-26,wk inc covid hosp,quantile,0.35,60.968123255610216
18,2026-09-26,0,2026-09-26,wk inc covid hosp,quantile,0.35,23.689941729499218
19,2026-09-26,0,2026-09-26,wk inc covid hosp,quantile,0.35,13.550228463008294
20,2026-09-26,0,2026-09-26,wk inc covid hosp,quantile,0.35,5.93974480330038
21,2026-09-26,0,2026-09-26,wk inc covid hosp,quantile,0.35,19.201181272873036
22,2026-09-26,0,2026-09-26,wk inc covid hosp,quantile,0.35,82.03429536840729
23,2026-09-26,0,2026-09-26,wk inc covid hosp,quantile,0.35,0.7607917304079271
24,2026-09-26,0,2026-09-26,wk inc covid hosp,quantile,0.35,32.42070362468522
25,2026-09-26,0,2026-09-26,wk inc covid hosp,quantile,0.35,36.323950122829544
26,2026-09-26,0,2026-09-26,wk inc covid hosp,quantile,0.35,42.57390406312805
27,2026-09-26,0,2026-09-26,wk inc covid hosp,quantile,0.35,24.76647110790314
28,2026-09-26,0,2026-09-26,wk inc covid hosp,quantile,0.35,28.858201747944495
29,2026-09-26,0,2026-09-26,wk inc covid hosp,quantile,0.35,36.78870883124384
30,2026-09-26,0,2026-09-26,wk inc covid hosp,quantile,0.35,11.001443058031741
31,2026-09-26,0,2026-09-26,wk inc covid hosp,quantile,0.35,3.3138340810021165
32,2026-09-26,0,2026-09-26,wk inc covid hosp,quantile,0.35,34.29079665562533
33,2026-09-26,0,2026-09-26,wk inc covid hosp,quantile,0.35,0.5565662316717536
34,2026-09-26,0,2026-09-26,wk inc covid hosp,quantile,0.35,120.93165774515465
35,2026-09-26,0,2026-09-26,wk inc covid hosp,quantile,0.35,7.37182809380798
36,2026-09-26,0,2026-09-26,wk inc covid hosp,quantile,0.35,262.9572252217357
37,2026-09-26,0,2026-09-26,wk inc covid hosp,quantile,0.35,207.9584209571651
38,2026-09-26,0,2026-09-26,wk inc covid hosp,quantile,0.35,0.6462733643587303
39,2026-09-26,0,2026-09-26,wk inc covid hosp,quantile,0.35,58.35661393627791
40,2026-09-26,0,2026-09-26,wk inc covid hosp,quantile,0.35,18.45591819802731
41,2026-09-26,0,2026-09-26,wk inc covid hosp,quantile,0.35,38.0976758321169
42,2026-09-26,0,2026-09-26,wk inc covid hosp,quantile,0.35,146.84796184040565
44,2026-09-26,0,2026-09-26,wk inc covid hosp,quantile,0.35,13.106629103957806
45,2026-09-26,0,2026-09-26,wk inc covid hosp,quantile,0.35,55.61610737425835
46,2026-09-26,0,2026-09-26,wk inc covid hosp,quantile,0.35,4.384789007288837
47,2026-09-26,0,2026-09-26,wk inc covid hosp,quantile,0.35,73.16442251503129
48,2026-09-26,0,2026-09-26,wk inc covid hosp,quantile,0.35,429.77246141992384
49,2026-09-26,0,2026-09-26,wk inc covid hosp,quantile,0.35,22.79045106993045
50,2026-09-26,0,2026-09-26,wk inc covid hosp,quantile,0.35,1.6796215446682938
51,2026-09-26,0,2026-09-26,wk inc covid hosp,quantile,0.35,50.48544818102949
53,2026-09-26,0,2026-09-26,wk inc covid hosp,quantile,0.35,138.58774715163872
54,2026-09-26,0,2026-09-26,wk inc covid hosp,quantile,0.35,16.29357106104946
55,2026-09-26,0,2026-09-26,wk inc covid hosp,quantile,0.35,20.436777859974626
56,2026-09-26,0,2026-09-26,wk inc covid hosp,quantile,0.35,0.0
72,2026-09-26,0,2026-09-26,wk inc covid hosp,quantile,0.35,97.98150396441748
US,2026-09-26,0,2026-09-26,wk inc covid hosp,quantile,0.35,4468.385757692607
01,2026-09-26,1,2026-10-03,wk inc covid hosp,quantile,0.35,94.61203181461156
02,2026-09-26,1,2026-10-03,wk inc covid hosp,quantile,0.35,1.2340247757118081
04,2026-09-26,1,2026-10-03,wk inc covid hosp,quantile,0.35,73.71277865440955
05,2026-09-26,1,2026-10-03,wk inc covid hosp,quantile,0.35,12.784985383309195
06,2026-09-26,1,2026-10-03,wk inc covid hosp,quantile,0.35,1051.035240136574
08,2026-09-26,1,2026-10-03,wk inc covid hosp,quantile,0.35,30.67980600790886
09,2026-09-26,1,2026-10-03,wk inc covid hosp,quantile,0.35,36.213226007671764
10,2026-09-26,1,2026-10-03,wk inc covid hosp,quantile,0.35,4.849072622586967
11,2026-09-26,1,2026-10-03,wk inc covid hosp,quantile,0.35,4.5743667794417355
12,2026-09-26,1,2026-10-03,wk inc covid hosp,quantile,0.35,559.2414349728276
13,2026-09-26,1,2026-10-03,wk inc covid hosp,quantile,0.35,100.58144958455802
15,2026-09-26,1,2026-10-03,wk inc covid hosp,quantile,0.35,39.78220941642291
16,2026-09-26,1,2026-10-03,wk inc covid hosp,quantile,0.35,10.200686437906619
17,2026-09-26,1,2026-10-03,wk inc covid hosp,quantile,0.35,67.201965073812
18,2026-09-26,1,2026-10-03,wk inc covid hosp,quantile,0.35,24.904575155439133
19,2026-09-26,1,2026-10-03,wk inc covid hosp,quantile,0.35,14.245452945382103
20,2026-09-26,1,2026-10-03,wk inc covid hosp,quantile,0.35,6.399343788864431
21,2026-09-26,1,2026-10-03,wk inc covid hosp,quantile,0.35,19.117203207540644
22,2026-09-26,1,2026-10-03,wk inc covid hosp,quantile,0.35,82.76894109159687
23,2026-09-26,1,2026-10-03,wk inc covid hosp,quantile,0.35,0.9224531770941077
24,2026-09-26,1,2026-10-03,wk inc covid hosp,quantile,0.35,35.176980364097446
25,2026-09-26,1,2026-10-03,wk inc covid hosp,quantile,0.35,40.46303497795076
26,2026-09-26,1,2026-10-03,wk inc covid hosp,quantile,0.35,44.243569403576636
27,2026-09-26,1,2026-10-03,wk inc covid hosp,quantile,0.35,26.734580008976856
28,2026-09-26,1,2026-10-03,wk inc covid hosp,quantile,0.35,27.355321451953152
29,2026-09-26,1,2026-10-03,wk inc covid hosp,quantile,0.35,39.91943783084927
30,2026-09-26,1,2026-10-03,wk inc covid hosp,quantile,0.35,11.951483083026332
31,2026-09-26,1,2026-10-03,wk inc covid hosp,quantile,0.35,3.435852327055013
32,2026-09-26,1,2026-10-03,wk inc covid hosp,quantile,0.35,33.560356470190904
33,2026-09-26,1,2026-10-03,wk inc covid hosp,quantile,0.35,0.15989138994312777
34,2026-09-26,1,2026-10-03,wk inc covid hosp,quantile,0.35,120.61646012198197
35,2026-09-26,1,2026-10-03,wk inc covid hosp,quantile,0.35,6.784620804898818
36,2026-09-26,1,2026-10-03,wk inc covid hosp,quantile,0.35,282.2096381917915
37,2026-09-26,1,2026-10-03,wk inc covid hosp,quantile,0.35,211.52825358948894
38,2026-09-26,1,2026-10-03,wk inc covid hosp,quantile,0.35,0.7127655826415926
39,2026-09-26,1,2026-10-03,wk inc covid hosp,quantile,0.35,62.02968504056979
40,2026-09-26,1,2026-10-03,wk inc covid hosp,quantile,0.35,18.09857123280247
41,2026-09-26,1,2026-10-03,wk inc covid hosp,quantile,0.35,41.525238046419396
42,2026-09-26,1,2026-10-03,wk inc covid hosp,quantile,0.35,158.24072721858738
44,2026-09-26,1,2026-10-03,wk inc covid hosp,quantile,0.35,14.08514775992785
45,2026-09-26,1,2026-10-03,wk inc covid hosp,quantile,0.35,55.06463141630746
46,2026-09-26,1,2026-10-03,wk inc covid hosp,quantile,0.35,4.573909601109549
47,2026-09-26,1,2026-10-03,wk inc covid hosp,quantile,0.35,74.99519703624884
48,2026-09-26,1,2026-10-03,wk inc covid hosp,quantile,0.35,415.88398316715325
49,2026-09-26,1,2026-10-03,wk inc covid hosp,quantile,0.35,25.0615774956506
50,2026-09-26,1,2026-10-03,wk inc covid hosp,quantile,0.35,1.4195898491738312
51,2026-09-26,1,2026-10-03,wk inc covid hosp,quantile,0.35,52.529965297874675
53,2026-09-26,1,2026-10-03,wk inc covid hosp,quantile,0.35,145.65316007334528
54,2026-09-26,1,2026-10-03,wk inc covid hosp,quantile,0.35,18.879930979126392
55,2026-09-26,1,2026-10-03,wk inc covid hosp,quantile,0.35,22.681536969968853
56,2026-09-26,1,2026-10-03,wk inc covid hosp,quantile,0.35,0.0
72,2026-09-26,1,2026-10-03,wk inc covid hosp,quantile,0.35,96.24935826518666
US,2026-09-26,1,2026-10-03,wk inc covid hosp,quantile,0.35,4675.802710494046
01,2026-09-26,2,2026-10-10,wk inc covid hosp,quantile,0.35,93.54266035250905
02,2026-09-26,2,2026-10-10,wk inc covid hosp,quantile,0.35,1.0406752239386843
04,2026-09-26,2,2026-10-10,wk inc covid hosp,quantile,0.35,71.76577216563125
05,2026-09-26,2,2026-10-10,wk inc covid hosp,quantile,0.35,13.26230612173458
06,2026-09-26,2,2026-10-10,wk inc covid hosp,quantile,0.35,1063.6453921165307
08,2026-09-26,2,2026-10-10,wk inc covid hosp,quantile,0.35,32.75686465788274
09,2026-09-26,2,2026-10-10,wk inc covid hosp,quantile,0.35,39.69705305323722
10,2026-09-26,2,2026-10-10,wk inc covid hosp,quantile,0.35,4.775298673260397
11,2026-09-26,2,2026-10-10,wk inc covid hosp,quantile,0.35,4.290235459536652
12,2026-09-26,2,2026-10-10,wk inc covid hosp,quantile,0.35,546.5210440177005
13,2026-09-26,2,2026-10-10,wk inc covid hosp,quantile,0.35,100.92780666551094
15,2026-09-26,2,2026-10-10,wk inc covid hosp,quantile,0.35,39.375483156539836
16,2026-09-26,2,2026-10-10,wk inc covid hosp,quantile,0.35,10.319746058011205
17,2026-09-26,2,2026-10-10,wk inc covid hosp,quantile,0.35,75.8055812299408
18,2026-09-26,2,2026-10-10,wk inc covid hosp,quantile,0.35,27.422022473417833
19,2026-09-26,2,2026-10-10,wk inc covid hosp,quantile,0.35,15.228405384628747
20,2026-09-26,2,2026-10-10,wk inc covid hosp,quantile,0.35,6.813719688511272
21,2026-09-26,2,2026-10-10,wk inc covid hosp,quantile,0.35,20.9203309563348
22,2026-09-26,2,2026-10-10,wk inc covid hosp,quantile,0.35,83.02300019373874
23,2026-09-26,2,2026-10-10,wk inc covid hosp,quantile,0.35,1.2854491904894332
24,2026-09-26,2,2026-10-10,wk inc covid hosp,quantile,0.35,38.99668712250658
25,2026-09-26,2,2026-10-10,wk inc covid hosp,quantile,0.35,44.451967733473985
26,2026-09-26,2,2026-10-10,wk inc covid hosp,quantile,0.35,50.13501522457629
27,2026-09-26,2,2026-10-10,wk inc covid hosp,quantile,0.35,29.59312833144864
28,2026-09-26,2,2026-10-10,wk inc covid hosp,quantile,0.35,26.67150219924335
29,2026-09-26,2,2026-10-10,wk inc covid hosp,quantile,0.35,42.14887594629715
30,2026-09-26,2,2026-10-10,wk inc covid hosp,quantile,0.35,12.72190074159973
31,2026-09-26,2,2026-10-10,wk inc covid hosp,quantile,0.35,3.47984109895246
32,2026-09-26,2,2026-10-10,wk inc covid hosp,quantile,0.35,35.143964428228514
33,2026-09-26,2,2026-10-10,wk inc covid hosp,quantile,0.35,0.32960250440235817
34,2026-09-26,2,2026-10-10,wk inc covid hosp,quantile,0.35,126.12027720668159
35,2026-09-26,2,2026-10-10,wk inc covid hosp,quantile,0.35,6.608376178446382
36,2026-09-26,2,2026-10-10,wk inc covid hosp,quantile,0.35,298.2856675912191
37,2026-09-26,2,2026-10-10,wk inc covid hosp,quantile,0.35,216.1776629206425
38,2026-09-26,2,2026-10-10,wk inc covid hosp,quantile,0.35,1.0023445331959364
39,2026-09-26,2,2026-10-10,wk inc covid hosp,quantile,0.35,66.08040275119278
40,2026-09-26,2,2026-10-10,wk inc covid hosp,quantile,0.35,19.26175782358233
41,2026-09-26,2,2026-10-10,wk inc covid hosp,quantile,0.35,42.905188868175756
42,2026-09-26,2,2026-10-10,wk inc covid hosp,quantile,0.35,171.0094916222119
44,2026-09-26,2,2026-10-10,wk inc covid hosp,quantile,0.35,15.393421476546589
45,2026-09-26,2,2026-10-10,wk inc covid hosp,quantile,0.35,53.34358877345959
46,2026-09-26,2,2026-10-10,wk inc covid hosp,quantile,0.35,4.585842902240486
47,2026-09-26,2,2026-10-10,wk inc covid hosp,quantile,0.35,75.80019034487471
48,2026-09-26,2,2026-10-10,wk inc covid hosp,quantile,0.35,403.3815354258772
49,2026-09-26,2,2026-10-10,wk inc covid hosp,quantile,0.35,26.140417615071456
50,2026-09-26,2,2026-10-10,wk inc covid hosp,quantile,0.35,1.2352441999910695
51,2026-09-26,2,2026-10-10,wk inc covid hosp,quantile,0.35,55.13120817131073
53,2026-09-26,2,2026-10-10,wk inc covid hosp,quantile,0.35,150.18663413000374
54,2026-09-26,2,2026-10-10,wk inc covid hosp,quantile,0.35,20.90804181173599
55,2026-09-26,2,2026-10-10,wk inc covid hosp,quantile,0.35,24.09218005275995
56,2026-09-26,2,2026-10-10,wk inc covid hosp,quantile,0.35,0.0
72,2026-09-26,2,2026-10-10,wk inc covid hosp,quantile,0.35,91.91140384992391
US,2026-09-26,2,2026-10-10,wk inc covid hosp,quantile,0.35,4852.158687245081
01,2026-09-26,3,2026-10-17,wk inc covid hosp,quantile,0.35,95.53010591374436
02,2026-09-26,3,2026-10-17,wk inc covid hosp,quantile,0.35,0.9152173244665895
04,2026-09-26,3,2026-10-17,wk inc covid hosp,quantile,0.35,73.77005559822878
05,2026-09-26,3,2026-10-17,wk inc covid hosp,quantile,0.35,13.623180818015538
06,2026-09-26,3,2026-10-17,wk inc covid hosp,quantile,0.35,1068.6859585120392
08,2026-09-26,3,2026-10-17,wk inc covid hosp,quantile,0.35,35.200477137695984
09,2026-09-26,3,2026-10-17,wk inc covid hosp,quantile,0.35,43.15225384546047
10,2026-09-26,3,2026-10-17,wk inc covid hosp,quantile,0.35,4.946763141628282
11,2026-09-26,3,2026-10-17,wk inc covid hosp,quantile,0.35,4.614700483371619
12,2026-09-26,3,2026-10-17,wk inc covid hosp,quantile,0.35,523.9934800252805
13,2026-09-26,3,2026-10-17,wk inc covid hosp,quantile,0.35,101.17793096513817
15,2026-09-26,3,2026-10-17,wk inc covid hosp,quantile,0.35,38.69724390941123
16,2026-09-26,3,2026-10-17,wk inc covid hosp,quantile,0.35,10.50044766956416
17,2026-09-26,3,2026-10-17,wk inc covid hosp,quantile,0.35,84.0205205720974
18,2026-09-26,3,2026-10-17,wk inc covid hosp,quantile,0.35,29.820503078782558
19,2026-09-26,3,2026-10-17,wk inc covid hosp,quantile,0.35,16.587866447693862
20,2026-09-26,3,2026-10-17,wk inc covid hosp,quantile,0.35,7.314712659610816
21,2026-09-26,3,2026-10-17,wk inc covid hosp,quantile,0.35,22.34030972803228
22,2026-09-26,3,2026-10-17,wk inc covid hosp,quantile,0.35,80.2294773262364
23,2026-09-26,3,2026-10-17,wk inc covid hosp,quantile,0.35,1.7741709180859555
24,2026-09-26,3,2026-10-17,wk inc covid hosp,quantile,0.35,42.82723334208482
25,2026-09-26,3,2026-10-17,wk inc covid hosp,quantile,0.35,48.53405275562594
26,2026-09-26,3,2026-10-17,wk inc covid hosp,quantile,0.35,56.91808642466713
27,2026-09-26,3,2026-10-17,wk inc covid hosp,quantile,0.35,32.17822956713068
28,2026-09-26,3,2026-10-17,wk inc covid hosp,quantile,0.35,25.799146820236313
29,2026-09-26,3,2026-10-17,wk inc covid hosp,quantile,0.35,46.21861961053281
30,2026-09-26,3,2026-10-17,wk inc covid hosp,quantile,0.35,12.969710390580847
31,2026-09-26,3,2026-10-17,wk inc covid hosp,quantile,0.35,3.8296470697872484
32,2026-09-26,3,2026-10-17,wk inc covid hosp,quantile,0.35,34.16987993691991
33,2026-09-26,3,2026-10-17,wk inc covid hosp,quantile,0.35,0.3884749338658023
34,2026-09-26,3,2026-10-17,wk inc covid hosp,quantile,0.35,130.9653401441322
35,2026-09-26,3,2026-10-17,wk inc covid hosp,quantile,0.35,6.597664339190185
36,2026-09-26,3,2026-10-17,wk inc covid hosp,quantile,0.35,313.5360706925251
37,2026-09-26,3,2026-10-17,wk inc covid hosp,quantile,0.35,217.8222975228393
38,2026-09-26,3,2026-10-17,wk inc covid hosp,quantile,0.35,0.9059075265652491
39,2026-09-26,3,2026-10-17,wk inc covid hosp,quantile,0.35,72.60242458530517
40,2026-09-26,3,2026-10-17,wk inc covid hosp,quantile,0.35,19.943947329715005
41,2026-09-26,3,2026-10-17,wk inc covid hosp,quantile,0.35,44.84935912005083
42,2026-09-26,3,2026-10-17,wk inc covid hosp,quantile,0.35,177.21595443566582
44,2026-09-26,3,2026-10-17,wk inc covid hosp,quantile,0.35,15.598600753455553
45,2026-09-26,3,2026-10-17,wk inc covid hosp,quantile,0.35,52.865280818868065
46,2026-09-26,3,2026-10-17,wk inc covid hosp,quantile,0.35,4.675737199616998
47,2026-09-26,3,2026-10-17,wk inc covid hosp,quantile,0.35,76.58303351311532
48,2026-09-26,3,2026-10-17,wk inc covid hosp,quantile,0.35,401.4790504775408
49,2026-09-26,3,2026-10-17,wk inc covid hosp,quantile,0.35,27.424934927167776
50,2026-09-26,3,2026-10-17,wk inc covid hosp,quantile,0.35,1.2160685306600052
51,2026-09-26,3,2026-10-17,wk inc covid hosp,quantile,0.35,58.6263144458461
53,2026-09-26,3,2026-10-17,wk inc covid hosp,quantile,0.35,152.20079409426586
54,2026-09-26,3,2026-10-17,wk inc covid hosp,quantile,0.35,22.79673243935383
55,2026-09-26,3,2026-10-17,wk inc covid hosp,quantile,0.35,28.01934315095944
56,2026-09-26,3,2026-10-17,wk inc covid hosp,quantile,0.35,0.0
72,2026-09-26,3,2026-10-17,wk inc covid hosp,quantile,0.35,90.60183484398644
US,2026-09-26,3,2026-10-17,wk inc covid hosp,quantile,0.35,5083.328941135313
01,2026-09-26,0,2026-09-26,wk inc covid hosp,quantile,0.4,96.49176886939989
02,2026-09-26,0,2026-09-26,wk inc covid hosp,quantile,0.4,1.8958326400026622
04,2026-09-26,0,2026-09-26,wk inc covid hosp,quantile,0.4,74.49989556751608
05,2026-09-26,0,2026-09-26,wk inc covid hosp,quantile,0.4,13.639036106866357
06,2026-09-26,0,2026-09-26,wk inc covid hosp,quantile,0.4,1040.973456466012
08,2026-09-26,0,2026-09-26,wk inc covid hosp,quantile,0.4,30.907247784074073
09,2026-09-26,0,2026-09-26,wk inc covid hosp,quantile,0.4,34.958391942962116
10,2026-09-26,0,2026-09-26,wk inc covid hosp,quantile,0.4,5.312504864264963
11,2026-09-26,0,2026-09-26,wk inc covid hosp,quantile,0.4,4.857606160946037
12,2026-09-26,0,2026-09-26,wk inc covid hosp,quantile,0.4,589.1980439155461
13,2026-09-26,0,2026-09-26,wk inc covid hosp,quantile,0.4,103.8617566880382
15,2026-09-26,0,2026-09-26,wk inc covid hosp,quantile,0.4,40.13127642703684
16,2026-09-26,0,2026-09-26,wk inc covid hosp,quantile,0.4,10.729329218842627
17,2026-09-26,0,2026-09-26,wk inc covid hosp,quantile,0.4,64.08117188727545
18,2026-09-26,0,2026-09-26,wk inc covid hosp,quantile,0.4,25.170125583364186
19,2026-09-26,0,2026-09-26,wk inc covid hosp,quantile,0.4,14.41606757262769
20,2026-09-26,0,2026-09-26,wk inc covid hosp,quantile,0.4,6.665120605486924
21,2026-09-26,0,2026-09-26,wk inc covid hosp,quantile,0.4,20.482339918720545
22,2026-09-26,0,2026-09-26,wk inc covid hosp,quantile,0.4,85.19050083870891
23,2026-09-26,0,2026-09-26,wk inc covid hosp,quantile,0.4,1.0380569250635665
24,2026-09-26,0,2026-09-26,wk inc covid hosp,quantile,0.4,34.24623332662531
25,2026-09-26,0,2026-09-26,wk inc covid hosp,quantile,0.4,38.49821928088674
26,2026-09-26,0,2026-09-26,wk inc covid hosp,quantile,0.4,46.32515002727081
27,2026-09-26,0,2026-09-26,wk inc covid hosp,quantile,0.4,26.290667983419922
28,2026-09-26,0,2026-09-26,wk inc covid hosp,quantile,0.4,30.333968325479372
29,2026-09-26,0,2026-09-26,wk inc covid hosp,quantile,0.4,38.99088624245003
30,2026-09-26,0,2026-09-26,wk inc covid hosp,quantile,0.4,11.834831008923302
31,2026-09-26,0,2026-09-26,wk inc covid hosp,quantile,0.4,3.932031768139892
32,2026-09-26,0,2026-09-26,wk inc covid hosp,quantile,0.4,35.82651610580374
33,2026-09-26,0,2026-09-26,wk inc covid hosp,quantile,0.4,0.892135918744464
34,2026-09-26,0,2026-09-26,wk inc covid hosp,quantile,0.4,126.35474639451868
35,2026-09-26,0,2026-09-26,wk inc covid hosp,quantile,0.4,7.992767321935524
36,2026-09-26,0,2026-09-26,wk inc covid hosp,quantile,0.4,271.1605430950105
37,2026-09-26,0,2026-09-26,wk inc covid hosp,quantile,0.4,213.62518567562856
38,2026-09-26,0,2026-09-26,wk inc covid hosp,quantile,0.4,0.8656561139930629
39,2026-09-26,0,2026-09-26,wk inc covid hosp,quantile,0.4,62.0779378661427
40,2026-09-26,0,2026-09-26,wk inc covid hosp,quantile,0.4,19.52934200097774
41,2026-09-26,0,2026-09-26,wk inc covid hosp,quantile,0.4,39.429252470312456
42,2026-09-26,0,2026-09-26,wk inc covid hosp,quantile,0.4,154.09728456800445
44,2026-09-26,0,2026-09-26,wk inc covid hosp,quantile,0.4,14.020140165015755
45,2026-09-26,0,2026-09-26,wk inc covid hosp,quantile,0.4,57.92953859110114
46,2026-09-26,0,2026-09-26,wk inc covid hosp,quantile,0.4,4.906579838258032
47,2026-09-26,0,2026-09-26,wk inc covid hosp,quantile,0.4,76.09278887296176
48,2026-09-26,0,2026-09-26,wk inc covid hosp,quantile,0.4,444.9948420664284
49,2026-09-26,0,2026-09-26,wk inc covid hosp,quantile,0.4,23.95654951592816
50,2026-09-26,0,2026-09-26,wk inc covid hosp,quantile,0.4,1.984754472585614
51,2026-09-26,0,2026-09-26,wk inc covid hosp,quantile,0.4,52.88293649612587
53,2026-09-26,0,2026-09-26,wk inc covid hosp,quantile,0.4,141.7002364397207
54,2026-09-26,0,2026-09-26,wk inc covid hosp,quantile,0.4,17.155402097517428
55,2026-09-26,0,2026-09-26,wk inc covid hosp,quantile,0.4,22.04493428568803
56,2026-09-26,0,2026-09-26,wk inc covid hosp,quantile,0.4,0.0
72,2026-09-26,0,2026-09-26,wk inc covid hosp,quantile,0.4,102.17803853242948
US,2026-09-26,0,2026-09-26,wk inc covid hosp,quantile,0.4,4572.362545470209
01,2026-09-26,1,2026-10-03,wk inc covid hosp,quantile,0.4,98.93098204343083
02,2026-09-26,1,2026-10-03,wk inc covid hosp,quantile,0.4,1.56338875499633
04,2026-09-26,1,2026-10-03,wk inc covid hosp,quantile,0.4,77.47884277993293
05,2026-09-26,1,2026-10-03,wk inc covid hosp,quantile,0.4,14.217334652919995
06,2026-09-26,1,2026-10-03,wk inc covid hosp,quantile,0.4,1080.3507314777635
08,2026-09-26,1,2026-10-03,wk inc covid hosp,quantile,0.4,33.4815875833566
09,2026-09-26,1,2026-10-03,wk inc covid hosp,quantile,0.4,39.30415381846773
10,2026-09-26,1,2026-10-03,wk inc covid hosp,quantile,0.4,5.501837835429332
11,2026-09-26,1,2026-10-03,wk inc covid hosp,quantile,0.4,5.140287679303515
12,2026-09-26,1,2026-10-03,wk inc covid hosp,quantile,0.4,585.4421363208357
13,2026-09-26,1,2026-10-03,wk inc covid hosp,quantile,0.4,105.1883988681608
15,2026-09-26,1,2026-10-03,wk inc covid hosp,quantile,0.4,41.87287644239889
16,2026-09-26,1,2026-10-03,wk inc covid hosp,quantile,0.4,11.305115257823926
17,2026-09-26,1,2026-10-03,wk inc covid hosp,quantile,0.4,71.7913726330348
18,2026-09-26,1,2026-10-03,wk inc covid hosp,quantile,0.4,27.27534864516208
19,2026-09-26,1,2026-10-03,wk inc covid hosp,quantile,0.4,15.647073860322367
20,2026-09-26,1,2026-10-03,wk inc covid hosp,quantile,0.4,7.375699087140364
21,2026-09-26,1,2026-10-03,wk inc covid hosp,quantile,0.4,21.23240925123181
22,2026-09-26,1,2026-10-03,wk inc covid hosp,quantile,0.4,86.67877331242917
23,2026-09-26,1,2026-10-03,wk inc covid hosp,quantile,0.4,1.3593344572255863
24,2026-09-26,1,2026-10-03,wk inc covid hosp,quantile,0.4,37.92952285125271
25,2026-09-26,1,2026-10-03,wk inc covid hosp,quantile,0.4,43.269069097531855
26,2026-09-26,1,2026-10-03,wk inc covid hosp,quantile,0.4,48.42652013518967
27,2026-09-26,1,2026-10-03,wk inc covid hosp,quantile,0.4,29.051004554412362
28,2026-09-26,1,2026-10-03,wk inc covid hosp,quantile,0.4,29.44591925101053
29,2026-09-26,1,2026-10-03,wk inc covid hosp,quantile,0.4,42.854413473134244
30,2026-09-26,1,2026-10-03,wk inc covid hosp,quantile,0.4,13.095765457980468
31,2026-09-26,1,2026-10-03,wk inc covid hosp,quantile,0.4,4.211408069557877
32,2026-09-26,1,2026-10-03,wk inc covid hosp,quantile,0.4,35.46838663708446
33,2026-09-26,1,2026-10-03,wk inc covid hosp,quantile,0.4,0.5680715457749115
34,2026-09-26,1,2026-10-03,wk inc covid hosp,quantile,0.4,127.20372890516684
35,2026-09-26,1,2026-10-03,wk inc covid hosp,quantile,0.4,7.596619496565548
36,2026-09-26,1,2026-10-03,wk inc covid hosp,quantile,0.4,292.27252937858157
37,2026-09-26,1,2026-10-03,wk inc covid hosp,quantile,0.4,219.04316414746262
38,2026-09-26,1,2026-10-03,wk inc covid hosp,quantile,0.4,1.0463400170853732
39,2026-09-26,1,2026-10-03,wk inc covid hosp,quantile,0.4,66.79671978430208
40,2026-09-26,1,2026-10-03,wk inc covid hosp,quantile,0.4,19.961952150594293
41,2026-09-26,1,2026-10-03,wk inc covid hosp,quantile,0.4,43.43007612730317
42,2026-09-26,1,2026-10-03,wk inc covid hosp,quantile,0.4,168.86057571615638
44,2026-09-26,1,2026-10-03,wk inc covid hosp,quantile,0.4,15.53241723382068
45,2026-09-26,1,2026-10-03,wk inc covid hosp,quantile,0.4,57.96525413356509
46,2026-09-26,1,2026-10-03,wk inc covid hosp,quantile,0.4,5.267783842382149
47,2026-09-26,1,2026-10-03,wk inc covid hosp,quantile,0.4,79.04826076422839
48,2026-09-26,1,2026-10-03,wk inc covid hosp,quantile,0.4,438.16769890231865
49,2026-09-26,1,2026-10-03,wk inc covid hosp,quantile,0.4,26.900981194424258
50,2026-09-26,1,2026-10-03,wk inc covid hosp,quantile,0.4,1.8301519610140646
51,2026-09-26,1,2026-10-03,wk inc covid hosp,quantile,0.4,56.00341370987609
53,2026-09-26,1,2026-10-03,wk inc covid hosp,quantile,0.4,150.36932745376308
54,2026-09-26,1,2026-10-03,wk inc covid hosp,quantile,0.4,20.461516152000204
55,2026-09-26,1,2026-10-03,wk inc covid hosp,quantile,0.4,25.4737897526477
56,2026-09-26,1,2026-10-03,wk inc covid hosp,quantile,0.4,0.0
72,2026-09-26,1,2026-10-03,wk inc covid hosp,quantile,0.4,101.2214198467925
US,2026-09-26,1,2026-10-03,wk inc covid hosp,quantile,0.4,4827.13577715707
01,2026-09-26,2,2026-10-10,wk inc covid hosp,quantile,0.4,98.12791610391429
02,2026-09-26,2,2026-10-10,wk inc covid hosp,quantile,0.4,1.4383231824249454
04,2026-09-26,2,2026-10-10,wk inc covid hosp,quantile,0.4,77.45662034269913
05,2026-09-26,2,2026-10-10,wk inc covid hosp,quantile,0.4,15.112978478954355
06,2026-09-26,2,2026-10-10,wk inc covid hosp,quantile,0.4,1095.7988597721035
08,2026-09-26,2,2026-10-10,wk inc covid hosp,quantile,0.4,35.9736162051043
09,2026-09-26,2,2026-10-10,wk inc covid hosp,quantile,0.4,43.27751539554102
10,2026-09-26,2,2026-10-10,wk inc covid hosp,quantile,0.4,5.619102369402959
11,2026-09-26,2,2026-10-10,wk inc covid hosp,quantile,0.4,5.058910091830529
12,2026-09-26,2,2026-10-10,wk inc covid hosp,quantile,0.4,583.8755274712595
13,2026-09-26,2,2026-10-10,wk inc covid hosp,quantile,0.4,106.34516808571793
15,2026-09-26,2,2026-10-10,wk inc covid hosp,quantile,0.4,41.9037024824246
16,2026-09-26,2,2026-10-10,wk inc covid hosp,quantile,0.4,11.587970880932009
17,2026-09-26,2,2026-10-10,wk inc covid hosp,quantile,0.4,82.43825547228155
18,2026-09-26,2,2026-10-10,wk inc covid hosp,quantile,0.4,30.782453352070668
19,2026-09-26,2,2026-10-10,wk inc covid hosp,quantile,0.4,17.21386094548589
20,2026-09-26,2,2026-10-10,wk inc covid hosp,quantile,0.4,8.160865491078244
21,2026-09-26,2,2026-10-10,wk inc covid hosp,quantile,0.4,23.55499860581567
22,2026-09-26,2,2026-10-10,wk inc covid hosp,quantile,0.4,88.54716498236233
23,2026-09-26,2,2026-10-10,wk inc covid hosp,quantile,0.4,1.873305068976774
24,2026-09-26,2,2026-10-10,wk inc covid hosp,quantile,0.4,42.07674395424603
25,2026-09-26,2,2026-10-10,wk inc covid hosp,quantile,0.4,48.94952687161604
26,2026-09-26,2,2026-10-10,wk inc covid hosp,quantile,0.4,56.76941657680587
27,2026-09-26,2,2026-10-10,wk inc covid hosp,quantile,0.4,32.5051828896966
28,2026-09-26,2,2026-10-10,wk inc covid hosp,quantile,0.4,29.405735862037464
29,2026-09-26,2,2026-10-10,wk inc covid hosp,quantile,0.4,45.50651435135951
30,2026-09-26,2,2026-10-10,wk inc covid hosp,quantile,0.4,13.969175353241708
31,2026-09-26,2,2026-10-10,wk inc covid hosp,quantile,0.4,4.594746544952183
32,2026-09-26,2,2026-10-10,wk inc covid hosp,quantile,0.4,37.52835652185067
33,2026-09-26,2,2026-10-10,wk inc covid hosp,quantile,0.4,0.8933274749380269
34,2026-09-26,2,2026-10-10,wk inc covid hosp,quantile,0.4,136.39892832618682
35,2026-09-26,2,2026-10-10,wk inc covid hosp,quantile,0.4,7.711549368920157
36,2026-09-26,2,2026-10-10,wk inc covid hosp,quantile,0.4,311.5106489532844
37,2026-09-26,2,2026-10-10,wk inc covid hosp,quantile,0.4,224.94880834964115
38,2026-09-26,2,2026-10-10,wk inc covid hosp,quantile,0.4,1.4661994628271755
39,2026-09-26,2,2026-10-10,wk inc covid hosp,quantile,0.4,72.49162320873036
40,2026-09-26,2,2026-10-10,wk inc covid hosp,quantile,0.4,21.48853695788175
41,2026-09-26,2,2026-10-10,wk inc covid hosp,quantile,0.4,45.90588253812329
42,2026-09-26,2,2026-10-10,wk inc covid hosp,quantile,0.4,186.93975590261343
44,2026-09-26,2,2026-10-10,wk inc covid hosp,quantile,0.4,17.035448836315325
45,2026-09-26,2,2026-10-10,wk inc covid hosp,quantile,0.4,57.44038634581549
46,2026-09-26,2,2026-10-10,wk inc covid hosp,quantile,0.4,5.435883982085804
47,2026-09-26,2,2026-10-10,wk inc covid hosp,quantile,0.4,81.33702181505272
48,2026-09-26,2,2026-10-10,wk inc covid hosp,quantile,0.4,429.0139672339176
49,2026-09-26,2,2026-10-10,wk inc covid hosp,quantile,0.4,28.38288766203199
50,2026-09-26,2,2026-10-10,wk inc covid hosp,quantile,0.4,1.7904367443234468
51,2026-09-26,2,2026-10-10,wk inc covid hosp,quantile,0.4,59.75707171447062
53,2026-09-26,2,2026-10-10,wk inc covid hosp,quantile,0.4,157.44574783621914
54,2026-09-26,2,2026-10-10,wk inc covid hosp,quantile,0.4,22.886973069505334
55,2026-09-26,2,2026-10-10,wk inc covid hosp,quantile,0.4,26.82847680476774
56,2026-09-26,2,2026-10-10,wk inc covid hosp,quantile,0.4,0.0
72,2026-09-26,2,2026-10-10,wk inc covid hosp,quantile,0.4,97.32041626234366
US,2026-09-26,2,2026-10-10,wk inc covid hosp,quantile,0.4,5043.404270446424
01,2026-09-26,3,2026-10-17,wk inc covid hosp,quantile,0.4,101.07447273727163
02,2026-09-26,3,2026-10-17,wk inc covid hosp,quantile,0.4,1.5357661740901556
04,2026-09-26,3,2026-10-17,wk inc covid hosp,quantile,0.4,80.4626271554731
05,2026-09-26,3,2026-10-17,wk inc covid hosp,quantile,0.4,15.935225689726256
06,2026-09-26,3,2026-10-17,wk inc covid hosp,quantile,0.4,1106.4548293431576
08,2026-09-26,3,2026-10-17,wk inc covid hosp,quantile,0.4,39.04788250733611
09,2026-09-26,3,2026-10-17,wk inc covid hosp,quantile,0.4,47.410415368342406
10,2026-09-26,3,2026-10-17,wk inc covid hosp,quantile,0.4,5.96206508123431
11,2026-09-26,3,2026-10-17,wk inc covid hosp,quantile,0.4,5.647093691579897
12,2026-09-26,3,2026-10-17,wk inc covid hosp,quantile,0.4,562.8961906021863
13,2026-09-26,3,2026-10-17,wk inc covid hosp,quantile,0.4,109.05531857562427
15,2026-09-26,3,2026-10-17,wk inc covid hosp,quantile,0.4,42.04723149910194
16,2026-09-26,3,2026-10-17,wk inc covid hosp,quantile,0.4,11.663324470068325
17,2026-09-26,3,2026-10-17,wk inc covid hosp,quantile,0.4,91.3010213576412
18,2026-09-26,3,2026-10-17,wk inc covid hosp,quantile,0.4,34.16938498541278
19,2026-09-26,3,2026-10-17,wk inc covid hosp,quantile,0.4,18.571276855557105
20,2026-09-26,3,2026-10-17,wk inc covid hosp,quantile,0.4,9.091773201404056
21,2026-09-26,3,2026-10-17,wk inc covid hosp,quantile,0.4,26.120339410425938
22,2026-09-26,3,2026-10-17,wk inc covid hosp,quantile,0.4,88.18529452028504
23,2026-09-26,3,2026-10-17,wk inc covid hosp,quantile,0.4,2.588797088900625
24,2026-09-26,3,2026-10-17,wk inc covid hosp,quantile,0.4,47.219366256262425
25,2026-09-26,3,2026-10-17,wk inc covid hosp,quantile,0.4,53.368588989771496
26,2026-09-26,3,2026-10-17,wk inc covid hosp,quantile,0.4,65.50139312035525
27,2026-09-26,3,2026-10-17,wk inc covid hosp,quantile,0.4,35.6417755459885
28,2026-09-26,3,2026-10-17,wk inc covid hosp,quantile,0.4,28.53258306274536
29,2026-09-26,3,2026-10-17,wk inc covid hosp,quantile,0.4,51.38444215048522
30,2026-09-26,3,2026-10-17,wk inc covid hosp,quantile,0.4,15.090366315653604
31,2026-09-26,3,2026-10-17,wk inc covid hosp,quantile,0.4,5.0373689555890575
32,2026-09-26,3,2026-10-17,wk inc covid hosp,quantile,0.4,37.244686258938735
33,2026-09-26,3,2026-10-17,wk inc covid hosp,quantile,0.4,1.1259800233178403
34,2026-09-26,3,2026-10-17,wk inc covid hosp,quantile,0.4,143.7383771418041
35,2026-09-26,3,2026-10-17,wk inc covid hosp,quantile,0.4,7.8977554178185985
36,2026-09-26,3,2026-10-17,wk inc covid hosp,quantile,0.4,326.50540037046846
37,2026-09-26,3,2026-10-17,wk inc covid hosp,quantile,0.4,230.4731491548393
38,2026-09-26,3,2026-10-17,wk inc covid hosp,quantile,0.4,1.537691700792137
39,2026-09-26,3,2026-10-17,wk inc covid hosp,quantile,0.4,80.10072637424545
40,2026-09-26,3,2026-10-17,wk inc covid hosp,quantile,0.4,22.702027533142118
41,2026-09-26,3,2026-10-17,wk inc covid hosp,quantile,0.4,48.786859456824494
42,2026-09-26,3,2026-10-17,wk inc covid hosp,quantile,0.4,195.46615772502975
44,2026-09-26,3,2026-10-17,wk inc covid hosp,quantile,0.4,17.531376291115148
45,2026-09-26,3,2026-10-17,wk inc covid hosp,quantile,0.4,57.66939782265277
46,2026-09-26,3,2026-10-17,wk inc covid hosp,quantile,0.4,5.714303695452615
47,2026-09-26,3,2026-10-17,wk inc covid hosp,quantile,0.4,83.22406108511227
48,2026-09-26,3,2026-10-17,wk inc covid hosp,quantile,0.4,431.2002047242616
49,2026-09-26,3,2026-10-17,wk inc covid hosp,quantile,0.4,30.525809102600835
50,2026-09-26,3,2026-10-17,wk inc covid hosp,quantile,0.4,1.9588300508345011
51,2026-09-26,3,2026-10-17,wk inc covid hosp,quantile,0.4,64.63180348524052
53,2026-09-26,3,2026-10-17,wk inc covid hosp,quantile,0.4,160.34869963997147
54,2026-09-26,3,2026-10-17,wk inc covid hosp,quantile,0.4,25.421559484391814
55,2026-09-26,3,2026-10-17,wk inc covid hosp,quantile,0.4,31.03747212257098
56,2026-09-26,3,2026-10-17,wk inc covid hosp,quantile,0.4,0.0
72,2026-09-26,3,2026-10-17,wk inc covid hosp,quantile,0.4,99.04100651698414
US,2026-09-26,3,2026-10-17,wk inc covid hosp,quantile,0.4,5254.774709389258
01,2026-09-26,0,2026-09-26,wk inc covid hosp,quantile,0.45,99.29817555438267
02,2026-09-26,0,2026-09-26,wk inc covid hosp,quantile,0.45,2.152774119872434
04,2026-09-26,0,2026-09-26,wk inc covid hosp,quantile,0.45,77.72059982578563
05,2026-09-26,0,2026-09-26,wk inc covid hosp,quantile,0.45,14.689379243599005
06,2026-09-26,0,2026-09-26,wk inc covid hosp,quantile,0.45,1056.769765745383
08,2026-09-26,0,2026-09-26,wk inc covid hosp,quantile,0.45,32.282261379989606
09,2026-09-26,0,2026-09-26,wk inc covid hosp,quantile,0.45,37.10641982407774
10,2026-09-26,0,2026-09-26,wk inc covid hosp,quantile,0.45,5.8237231545993735
11,2026-09-26,0,2026-09-26,wk inc covid hosp,quantile,0.45,5.320449245148771
12,2026-09-26,0,2026-09-26,wk inc covid hosp,quantile,0.45,609.2590629580133
13,2026-09-26,0,2026-09-26,wk inc covid hosp,quantile,0.45,107.67382013667142
15,2026-09-26,0,2026-09-26,wk inc covid hosp,quantile,0.45,41.37427431422234
16,2026-09-26,0,2026-09-26,wk inc covid hosp,quantile,0.45,11.472172268416779
17,2026-09-26,0,2026-09-26,wk inc covid hosp,quantile,0.45,66.63489420489091
18,2026-09-26,0,2026-09-26,wk inc covid hosp,quantile,0.45,26.826681273307912
19,2026-09-26,0,2026-09-26,wk inc covid hosp,quantile,0.45,15.351895844369679
20,2026-09-26,0,2026-09-26,wk inc covid hosp,quantile,0.45,7.548586088658127
21,2026-09-26,0,2026-09-26,wk inc covid hosp,quantile,0.45,21.718125156280017
22,2026-09-26,0,2026-09-26,wk inc covid hosp,quantile,0.45,88.32311240211286
23,2026-09-26,0,2026-09-26,wk inc covid hosp,quantile,0.45,1.3601653990133995
24,2026-09-26,0,2026-09-26,wk inc covid hosp,quantile,0.45,36.040219981442334
25,2026-09-26,0,2026-09-26,wk inc covid hosp,quantile,0.45,40.19138428831153
26,2026-09-26,0,2026-09-26,wk inc covid hosp,quantile,0.45,49.84247589477482
27,2026-09-26,0,2026-09-26,wk inc covid hosp,quantile,0.45,27.625374140798854
28,2026-09-26,0,2026-09-26,wk inc covid hosp,quantile,0.45,31.823047493569064
29,2026-09-26,0,2026-09-26,wk inc covid hosp,quantile,0.45,40.903553576511065
30,2026-09-26,0,2026-09-26,wk inc covid hosp,quantile,0.45,12.646767677043735
31,2026-09-26,0,2026-09-26,wk inc covid hosp,quantile,0.45,4.401006781024457
32,2026-09-26,0,2026-09-26,wk inc covid hosp,quantile,0.45,37.04208065737372
33,2026-09-26,0,2026-09-26,wk inc covid hosp,quantile,0.45,1.2318234548245726
34,2026-09-26,0,2026-09-26,wk inc covid hosp,quantile,0.45,131.9571686538522
35,2026-09-26,0,2026-09-26,wk inc covid hosp,quantile,0.45,8.695591277574076
36,2026-09-26,0,2026-09-26,wk inc covid hosp,quantile,0.45,278.08092044206415
37,2026-09-26,0,2026-09-26,wk inc covid hosp,quantile,0.45,219.81971462357552
38,2026-09-26,0,2026-09-26,wk inc covid hosp,quantile,0.45,1.0969470538129418
39,2026-09-26,0,2026-09-26,wk inc covid hosp,quantile,0.45,64.9807852776641
40,2026-09-26,0,2026-09-26,wk inc covid hosp,quantile,0.45,20.584115802698985
41,2026-09-26,0,2026-09-26,wk inc covid hosp,quantile,0.45,41.09198343460131
42,2026-09-26,0,2026-09-26,wk inc covid hosp,quantile,0.45,161.0403164296576
44,2026-09-26,0,2026-09-26,wk inc covid hosp,quantile,0.45,14.88230388786151
45,2026-09-26,0,2026-09-26,wk inc covid hosp,quantile,0.45,60.044280643516444
46,2026-09-26,0,2026-09-26,wk inc covid hosp,quantile,0.45,5.448859042736677
47,2026-09-26,0,2026-09-26,wk inc covid hosp,quantile,0.45,79.61705322692588
48,2026-09-26,0,2026-09-26,wk inc covid hosp,quantile,0.45,465.1570195592427
49,2026-09-26,0,2026-09-26,wk inc covid hosp,quantile,0.45,25.360907890928633
50,2026-09-26,0,2026-09-26,wk inc covid hosp,quantile,0.45,2.2959003200387436
51,2026-09-26,0,2026-09-26,wk inc covid hosp,quantile,0.45,54.968562840469545
53,2026-09-26,0,2026-09-26,wk inc covid hosp,quantile,0.45,145.08616937502038
54,2026-09-26,0,2026-09-26,wk inc covid hosp,quantile,0.45,18.066806576589123
55,2026-09-26,0,2026-09-26,wk inc covid hosp,quantile,0.45,23.78802454512714
56,2026-09-26,0,2026-09-26,wk inc covid hosp,quantile,0.45,0.05912172261744658
72,2026-09-26,0,2026-09-26,wk inc covid hosp,quantile,0.45,105.89126682270182
US,2026-09-26,0,2026-09-26,wk inc covid hosp,quantile,0.45,4661.81578981461
01,2026-09-26,1,2026-10-03,wk inc covid hosp,quantile,0.45,102.32230141533695
02,2026-09-26,1,2026-10-03,wk inc covid hosp,quantile,0.45,2.0485730548562304
04,2026-09-26,1,2026-10-03,wk inc covid hosp,quantile,0.45,82.02134093662144
05,2026-09-26,1,2026-10-03,wk inc covid hosp,quantile,0.45,15.380761829207554
06,2026-09-26,1,2026-10-03,wk inc covid hosp,quantile,0.45,1104.598249016626
08,2026-09-26,1,2026-10-03,wk inc covid hosp,quantile,0.45,36.037793167920974
09,2026-09-26,1,2026-10-03,wk inc covid hosp,quantile,0.45,42.49435926035873
10,2026-09-26,1,2026-10-03,wk inc covid hosp,quantile,0.45,6.196179961328303
11,2026-09-26,1,2026-10-03,wk inc covid hosp,quantile,0.45,5.831839194716474
12,2026-09-26,1,2026-10-03,wk inc covid hosp,quantile,0.45,617.5342108233496
13,2026-09-26,1,2026-10-03,wk inc covid hosp,quantile,0.45,110.04564080135174
15,2026-09-26,1,2026-10-03,wk inc covid hosp,quantile,0.45,43.57052664201781
16,2026-09-26,1,2026-10-03,wk inc covid hosp,quantile,0.45,12.318882108913034
17,2026-09-26,1,2026-10-03,wk inc covid hosp,quantile,0.45,76.41222752428025
18,2026-09-26,1,2026-10-03,wk inc covid hosp,quantile,0.45,29.751237155153277
19,2026-09-26,1,2026-10-03,wk inc covid hosp,quantile,0.45,16.932691500299956
20,2026-09-26,1,2026-10-03,wk inc covid hosp,quantile,0.45,8.395654670903529
21,2026-09-26,1,2026-10-03,wk inc covid hosp,quantile,0.45,23.25071802943638
22,2026-09-26,1,2026-10-03,wk inc covid hosp,quantile,0.45,90.54236856373923
23,2026-09-26,1,2026-10-03,wk inc covid hosp,quantile,0.45,1.8565645749101316
24,2026-09-26,1,2026-10-03,wk inc covid hosp,quantile,0.45,40.853299015768066
25,2026-09-26,1,2026-10-03,wk inc covid hosp,quantile,0.45,46.08574424287537
26,2026-09-26,1,2026-10-03,wk inc covid hosp,quantile,0.45,54.353589393658716
27,2026-09-26,1,2026-10-03,wk inc covid hosp,quantile,0.45,31.266152597138753
28,2026-09-26,1,2026-10-03,wk inc covid hosp,quantile,0.45,31.66894439256738
29,2026-09-26,1,2026-10-03,wk inc covid hosp,quantile,0.45,45.37612246078075
30,2026-09-26,1,2026-10-03,wk inc covid hosp,quantile,0.45,14.283580027202225
31,2026-09-26,1,2026-10-03,wk inc covid hosp,quantile,0.45,5.026557925796926
32,2026-09-26,1,2026-10-03,wk inc covid hosp,quantile,0.45,37.55308315448408
33,2026-09-26,1,2026-10-03,wk inc covid hosp,quantile,0.45,1.065743012142552
34,2026-09-26,1,2026-10-03,wk inc covid hosp,quantile,0.45,134.5793780326505
35,2026-09-26,1,2026-10-03,wk inc covid hosp,quantile,0.45,8.47567194926305
36,2026-09-26,1,2026-10-03,wk inc covid hosp,quantile,0.45,301.7966187160541
37,2026-09-26,1,2026-10-03,wk inc covid hosp,quantile,0.45,226.0558194567142
38,2026-09-26,1,2026-10-03,wk inc covid hosp,quantile,0.45,1.38351480879151
39,2026-09-26,1,2026-10-03,wk inc covid hosp,quantile,0.45,71.16107243423154
40,2026-09-26,1,2026-10-03,wk inc covid hosp,quantile,0.45,21.9639007792167
41,2026-09-26,1,2026-10-03,wk inc covid hosp,quantile,0.45,45.63410870689227
42,2026-09-26,1,2026-10-03,wk inc covid hosp,quantile,0.45,180.1868936199111
44,2026-09-26,1,2026-10-03,wk inc covid hosp,quantile,0.45,16.765703684617147
45,2026-09-26,1,2026-10-03,wk inc covid hosp,quantile,0.45,61.72857583822325
46,2026-09-26,1,2026-10-03,wk inc covid hosp,quantile,0.45,6.015370480945852
47,2026-09-26,1,2026-10-03,wk inc covid hosp,quantile,0.45,83.47690874266911
48,2026-09-26,1,2026-10-03,wk inc covid hosp,quantile,0.45,457.46654706598656
49,2026-09-26,1,2026-10-03,wk inc covid hosp,quantile,0.45,28.6393988637482
50,2026-09-26,1,2026-10-03,wk inc covid hosp,quantile,0.45,2.246625675727433
51,2026-09-26,1,2026-10-03,wk inc covid hosp,quantile,0.45,59.468882635781505
53,2026-09-26,1,2026-10-03,wk inc covid hosp,quantile,0.45,155.8210290191304
54,2026-09-26,1,2026-10-03,wk inc covid hosp,quantile,0.45,22.03510791581601
55,2026-09-26,1,2026-10-03,wk inc covid hosp,quantile,0.45,27.590349798508207
56,2026-09-26,1,2026-10-03,wk inc covid hosp,quantile,0.45,0.06599486827425231
72,2026-09-26,1,2026-10-03,wk inc covid hosp,quantile,0.45,106.78155280960021
US,2026-09-26,1,2026-10-03,wk inc covid hosp,quantile,0.45,4950.978694870177
01,2026-09-26,2,2026-10-10,wk inc covid hosp,quantile,0.45,103.28667917025065
02,2026-09-26,2,2026-10-10,wk inc covid hosp,quantile,0.45,1.9318853129038012
04,2026-09-26,2,2026-10-10,wk inc covid hosp,quantile,0.45,83.14174440762021
05,2026-09-26,2,2026-10-10,wk inc covid hosp,quantile,0.45,17.2169526158319
06,2026-09-26,2,2026-10-10,wk inc covid hosp,quantile,0.45,1127.6419731199148
08,2026-09-26,2,2026-10-10,wk inc covid hosp,quantile,0.45,39.51531530419917
09,2026-09-26,2,2026-10-10,wk inc covid hosp,quantile,0.45,47.52078440585691
10,2026-09-26,2,2026-10-10,wk inc covid hosp,quantile,0.45,6.428440872624469
11,2026-09-26,2,2026-10-10,wk inc covid hosp,quantile,0.45,5.923188290330873
12,2026-09-26,2,2026-10-10,wk inc covid hosp,quantile,0.45,617.6462477252816
13,2026-09-26,2,2026-10-10,wk inc covid hosp,quantile,0.45,112.88973367915682
15,2026-09-26,2,2026-10-10,wk inc covid hosp,quantile,0.45,44.74050343075461
16,2026-09-26,2,2026-10-10,wk inc covid hosp,quantile,0.45,12.811535545910955
17,2026-09-26,2,2026-10-10,wk inc covid hosp,quantile,0.45,88.86825009489182
18,2026-09-26,2,2026-10-10,wk inc covid hosp,quantile,0.45,34.50349798621119
19,2026-09-26,2,2026-10-10,wk inc covid hosp,quantile,0.45,19.5545550206877
20,2026-09-26,2,2026-10-10,wk inc covid hosp,quantile,0.45,9.390956340016848
21,2026-09-26,2,2026-10-10,wk inc covid hosp,quantile,0.45,25.721603985478477
22,2026-09-26,2,2026-10-10,wk inc covid hosp,quantile,0.45,93.29387049947789
23,2026-09-26,2,2026-10-10,wk inc covid hosp,quantile,0.45,2.5167919377083376
24,2026-09-26,2,2026-10-10,wk inc covid hosp,quantile,0.45,45.48224829202562
25,2026-09-26,2,2026-10-10,wk inc covid hosp,quantile,0.45,52.70556251204491
26,2026-09-26,2,2026-10-10,wk inc covid hosp,quantile,0.45,64.31202417447331
27,2026-09-26,2,2026-10-10,wk inc covid hosp,quantile,0.45,35.4846342846793
28,2026-09-26,2,2026-10-10,wk inc covid hosp,quantile,0.45,31.818202397230632
29,2026-09-26,2,2026-10-10,wk inc covid hosp,quantile,0.45,49.65122273536394
30,2026-09-26,2,2026-10-10,wk inc covid hosp,quantile,0.45,15.729641879929849
31,2026-09-26,2,2026-10-10,wk inc covid hosp,quantile,0.45,5.640511750033048
32,2026-09-26,2,2026-10-10,wk inc covid hosp,quantile,0.45,40.307765646105516
33,2026-09-26,2,2026-10-10,wk inc covid hosp,quantile,0.45,1.5882009660214838
34,2026-09-26,2,2026-10-10,wk inc covid hosp,quantile,0.45,146.4947739497447
35,2026-09-26,2,2026-10-10,wk inc covid hosp,quantile,0.45,8.85825491779971
36,2026-09-26,2,2026-10-10,wk inc covid hosp,quantile,0.45,324.4153491401473
37,2026-09-26,2,2026-10-10,wk inc covid hosp,quantile,0.45,234.64750328136813
38,2026-09-26,2,2026-10-10,wk inc covid hosp,quantile,0.45,2.0230719563421045
39,2026-09-26,2,2026-10-10,wk inc covid hosp,quantile,0.45,78.3367094768545
40,2026-09-26,2,2026-10-10,wk inc covid hosp,quantile,0.45,23.36020634753927
41,2026-09-26,2,2026-10-10,wk inc covid hosp,quantile,0.45,48.886879401238815
42,2026-09-26,2,2026-10-10,wk inc covid hosp,quantile,0.45,199.10676945743785
44,2026-09-26,2,2026-10-10,wk inc covid hosp,quantile,0.45,18.853409893233284
45,2026-09-26,2,2026-10-10,wk inc covid hosp,quantile,0.45,61.84708269470415
46,2026-09-26,2,2026-10-10,wk inc covid hosp,quantile,0.45,6.413465313711671
47,2026-09-26,2,2026-10-10,wk inc covid hosp,quantile,0.45,86.65094208508884
48,2026-09-26,2,2026-10-10,wk inc covid hosp,quantile,0.45,455.7756137877181
49,2026-09-26,2,2026-10-10,wk inc covid hosp,quantile,0.45,30.490145367260467
50,2026-09-26,2,2026-10-10,wk inc covid hosp,quantile,0.45,2.409510307645407
51,2026-09-26,2,2026-10-10,wk inc covid hosp,quantile,0.45,64.35322540563183
53,2026-09-26,2,2026-10-10,wk inc covid hosp,quantile,0.45,163.08325847239493
54,2026-09-26,2,2026-10-10,wk inc covid hosp,quantile,0.45,24.898126199962768
55,2026-09-26,2,2026-10-10,wk inc covid hosp,quantile,0.45,29.87381786534866
56,2026-09-26,2,2026-10-10,wk inc covid hosp,quantile,0.45,0.05476707635557733
72,2026-09-26,2,2026-10-10,wk inc covid hosp,quantile,0.45,104.47399743354235
US,2026-09-26,2,2026-10-10,wk inc covid hosp,quantile,0.45,5242.727224961348
01,2026-09-26,3,2026-10-17,wk inc covid hosp,quantile,0.45,107.7054255662545
02,2026-09-26,3,2026-10-17,wk inc covid hosp,quantile,0.45,2.1528911529932118
04,2026-09-26,3,2026-10-17,wk inc covid hosp,quantile,0.45,87.74157695117408
05,2026-09-26,3,2026-10-17,wk inc covid hosp,quantile,0.45,18.07618833150031
06,2026-09-26,3,2026-10-17,wk inc covid hosp,quantile,0.45,1142.0379365383683
08,2026-09-26,3,2026-10-17,wk inc covid hosp,quantile,0.45,42.78659355223748
09,2026-09-26,3,2026-10-17,wk inc covid hosp,quantile,0.45,53.44702621903706
10,2026-09-26,3,2026-10-17,wk inc covid hosp,quantile,0.45,7.090078472413064
11,2026-09-26,3,2026-10-17,wk inc covid hosp,quantile,0.45,6.5683058147275935
12,2026-09-26,3,2026-10-17,wk inc covid hosp,quantile,0.45,606.8148146739505
13,2026-09-26,3,2026-10-17,wk inc covid hosp,quantile,0.45,115.79957579785241
15,2026-09-26,3,2026-10-17,wk inc covid hosp,quantile,0.45,45.55160723467723
16,2026-09-26,3,2026-10-17,wk inc covid hosp,quantile,0.45,13.134830817624636
17,2026-09-26,3,2026-10-17,wk inc covid hosp,quantile,0.45,98.38162280313834
18,2026-09-26,3,2026-10-17,wk inc covid hosp,quantile,0.45,38.14867716669057
19,2026-09-26,3,2026-10-17,wk inc covid hosp,quantile,0.45,20.748932436200317
20,2026-09-26,3,2026-10-17,wk inc covid hosp,quantile,0.45,10.834293587929325
21,2026-09-26,3,2026-10-17,wk inc covid hosp,quantile,0.45,29.320865638515524
22,2026-09-26,3,2026-10-17,wk inc covid hosp,quantile,0.45,94.64105327065876
23,2026-09-26,3,2026-10-17,wk inc covid hosp,quantile,0.45,3.3632854440783615
24,2026-09-26,3,2026-10-17,wk inc covid hosp,quantile,0.45,51.551017717171796
25,2026-09-26,3,2026-10-17,wk inc covid hosp,quantile,0.45,58.541329101944726
26,2026-09-26,3,2026-10-17,wk inc covid hosp,quantile,0.45,74.48210414643954
27,2026-09-26,3,2026-10-17,wk inc covid hosp,quantile,0.45,39.697142038373954
28,2026-09-26,3,2026-10-17,wk inc covid hosp,quantile,0.45,32.186121953492595
29,2026-09-26,3,2026-10-17,wk inc covid hosp,quantile,0.45,56.07057005242179
30,2026-09-26,3,2026-10-17,wk inc covid hosp,quantile,0.45,17.269275642459913
31,2026-09-26,3,2026-10-17,wk inc covid hosp,quantile,0.45,6.1625366928667376
32,2026-09-26,3,2026-10-17,wk inc covid hosp,quantile,0.45,40.881364230227355
33,2026-09-26,3,2026-10-17,wk inc covid hosp,quantile,0.45,1.8733665564274977
34,2026-09-26,3,2026-10-17,wk inc covid hosp,quantile,0.45,154.21658444881652
35,2026-09-26,3,2026-10-17,wk inc covid hosp,quantile,0.45,9.40993231536777
36,2026-09-26,3,2026-10-17,wk inc covid hosp,quantile,0.45,340.6860008646022
37,2026-09-26,3,2026-10-17,wk inc covid hosp,quantile,0.45,241.0410741728615
38,2026-09-26,3,2026-10-17,wk inc covid hosp,quantile,0.45,2.2340809452785457
39,2026-09-26,3,2026-10-17,wk inc covid hosp,quantile,0.45,87.21440398878337
40,2026-09-26,3,2026-10-17,wk inc covid hosp,quantile,0.45,25.018392289843135
41,2026-09-26,3,2026-10-17,wk inc covid hosp,quantile,0.45,52.030036083462996
42,2026-09-26,3,2026-10-17,wk inc covid hosp,quantile,0.45,212.17745565931324
44,2026-09-26,3,2026-10-17,wk inc covid hosp,quantile,0.45,19.576809080700617
45,2026-09-26,3,2026-10-17,wk inc covid hosp,quantile,0.45,62.441263264404974
46,2026-09-26,3,2026-10-17,wk inc covid hosp,quantile,0.45,6.947024772072851
47,2026-09-26,3,2026-10-17,wk inc covid hosp,quantile,0.45,90.84662965802774
48,2026-09-26,3,2026-10-17,wk inc covid hosp,quantile,0.45,460.94703041245765
49,2026-09-26,3,2026-10-17,wk inc covid hosp,quantile,0.45,33.59295097751955
50,2026-09-26,3,2026-10-17,wk inc covid hosp,quantile,0.45,2.5837729465612873
51,2026-09-26,3,2026-10-17,wk inc covid hosp,quantile,0.45,71.02712925406549
53,2026-09-26,3,2026-10-17,wk inc covid hosp,quantile,0.45,168.73534410766874
54,2026-09-26,3,2026-10-17,wk inc covid hosp,quantile,0.45,28.24960741986555
55,2026-09-26,3,2026-10-17,wk inc covid hosp,quantile,0.45,35.253579389744
56,2026-09-26,3,2026-10-17,wk inc covid hosp,quantile,0.45,0.0871764047915569
72,2026-09-26,3,2026-10-17,wk inc covid hosp,quantile,0.45,109.36415380995234
US,2026-09-26,3,2026-10-17,wk inc covid hosp,quantile,0.45,5464.090090800674
01,2026-09-26,0,2026-09-26,wk inc covid hosp,quantile,0.5,101.95104893299296
02,2026-09-26,0,2026-09-26,wk inc covid hosp,quantile,0.5,2.460340181070629
04,2026-09-26,0,2026-09-26,wk inc covid hosp,quantile,0.5,81.1527841944928
05,2026-09-26,0,2026-09-26,wk inc covid hosp,quantile,0.5,15.704921240637722
06,2026-09-26,0,2026-09-26,wk inc covid hosp,quantile,0.5,1073.8474681050373
08,2026-09-26,0,2026-09-26,wk inc covid hosp,quantile,0.5,33.59683436530597
09,2026-09-26,0,2026-09-26,wk inc covid hosp,quantile,0.5,38.97642623251344
10,2026-09-26,0,2026-09-26,wk inc covid hosp,quantile,0.5,6.2686173752714875
11,2026-09-26,0,2026-09-26,wk inc covid hosp,quantile,0.5,5.8026256087416455
12,2026-09-26,0,2026-09-26,wk inc covid hosp,quantile,0.5,632.8599335517916
13,2026-09-26,0,2026-09-26,wk inc covid hosp,quantile,0.5,110.80347464910747
15,2026-09-26,0,2026-09-26,wk inc covid hosp,quantile,0.5,42.629401010126195
16,2026-09-26,0,2026-09-26,wk inc covid hosp,quantile,0.5,12.126394057439617
17,2026-09-26,0,2026-09-26,wk inc covid hosp,quantile,0.5,70.15609941604545
18,2026-09-26,0,2026-09-26,wk inc covid hosp,quantile,0.5,28.556463085933785
19,2026-09-26,0,2026-09-26,wk inc covid hosp,quantile,0.5,16.35155022878404
20,2026-09-26,0,2026-09-26,wk inc covid hosp,quantile,0.5,8.450628293110622
21,2026-09-26,0,2026-09-26,wk inc covid hosp,quantile,0.5,23.157066854142716
22,2026-09-26,0,2026-09-26,wk inc covid hosp,quantile,0.5,91.18071788206824
23,2026-09-26,0,2026-09-26,wk inc covid hosp,quantile,0.5,1.6930424526075412
24,2026-09-26,0,2026-09-26,wk inc covid hosp,quantile,0.5,37.87394925300481
25,2026-09-26,0,2026-09-26,wk inc covid hosp,quantile,0.5,42.08745409801752
26,2026-09-26,0,2026-09-26,wk inc covid hosp,quantile,0.5,53.96746988415847
27,2026-09-26,0,2026-09-26,wk inc covid hosp,quantile,0.5,29.074982529200764
28,2026-09-26,0,2026-09-26,wk inc covid hosp,quantile,0.5,33.40902062670127
29,2026-09-26,0,2026-09-26,wk inc covid hosp,quantile,0.5,42.474042895569106
30,2026-09-26,0,2026-09-26,wk inc covid hosp,quantile,0.5,13.49583401745651
31,2026-09-26,0,2026-09-26,wk inc covid hosp,quantile,0.5,5.015404729182937
32,2026-09-26,0,2026-09-26,wk inc covid hosp,quantile,0.5,38.29086072415036
33,2026-09-26,0,2026-09-26,wk inc covid hosp,quantile,0.5,1.5736582626953255
34,2026-09-26,0,2026-09-26,wk inc covid hosp,quantile,0.5,136.99537821785597
35,2026-09-26,0,2026-09-26,wk inc covid hosp,quantile,0.5,9.444710017811872
36,2026-09-26,0,2026-09-26,wk inc covid hosp,quantile,0.5,284.8853695999313
37,2026-09-26,0,2026-09-26,wk inc covid hosp,quantile,0.5,224.47632860754655
38,2026-09-26,0,2026-09-26,wk inc covid hosp,quantile,0.5,1.3199270122204196
39,2026-09-26,0,2026-09-26,wk inc covid hosp,quantile,0.5,68.80325322011112
40,2026-09-26,0,2026-09-26,wk inc covid hosp,quantile,0.5,21.785515982624222
41,2026-09-26,0,2026-09-26,wk inc covid hosp,quantile,0.5,42.695046028340116
42,2026-09-26,0,2026-09-26,wk inc covid hosp,quantile,0.5,168.28090811617713
44,2026-09-26,0,2026-09-26,wk inc covid hosp,quantile,0.5,15.70185716045256
45,2026-09-26,0,2026-09-26,wk inc covid hosp,quantile,0.5,62.225705034609355
46,2026-09-26,0,2026-09-26,wk inc covid hosp,quantile,0.5,5.920968154146844
47,2026-09-26,0,2026-09-26,wk inc covid hosp,quantile,0.5,82.58719973222993
48,2026-09-26,0,2026-09-26,wk inc covid hosp,quantile,0.5,479.0254579328157
49,2026-09-26,0,2026-09-26,wk inc covid hosp,quantile,0.5,26.64815053095021
50,2026-09-26,0,2026-09-26,wk inc covid hosp,quantile,0.5,2.5924184099402656
51,2026-09-26,0,2026-09-26,wk inc covid hosp,quantile,0.5,57.349154777891
53,2026-09-26,0,2026-09-26,wk inc covid hosp,quantile,0.5,148.35836489086327
54,2026-09-26,0,2026-09-26,wk inc covid hosp,quantile,0.5,19.01088287864389
55,2026-09-26,0,2026-09-26,wk inc covid hosp,quantile,0.5,25.441334602093665
56,2026-09-26,0,2026-09-26,wk inc covid hosp,quantile,0.5,0.2662894963394171
72,2026-09-26,0,2026-09-26,wk inc covid hosp,quantile,0.5,109.92577831404641
US,2026-09-26,0,2026-09-26,wk inc covid hosp,quantile,0.5,4769.651412262476
01,2026-09-26,1,2026-10-03,wk inc covid hosp,quantile,0.5,106.31724134566987
02,2026-09-26,1,2026-10-03,wk inc covid hosp,quantile,0.5,2.456938868049775
04,2026-09-26,1,2026-10-03,wk inc covid hosp,quantile,0.5,86.16417916579972
05,2026-09-26,1,2026-10-03,wk inc covid hosp,quantile,0.5,16.872683072857292
06,2026-09-26,1,2026-10-03,wk inc covid hosp,quantile,0.5,1130.0327050346891
08,2026-09-26,1,2026-10-03,wk inc covid hosp,quantile,0.5,38.19325437844986
09,2026-09-26,1,2026-10-03,wk inc covid hosp,quantile,0.5,45.87859897134731
10,2026-09-26,1,2026-10-03,wk inc covid hosp,quantile,0.5,6.894402201077717
11,2026-09-26,1,2026-10-03,wk inc covid hosp,quantile,0.5,6.5505211398248875
12,2026-09-26,1,2026-10-03,wk inc covid hosp,quantile,0.5,644.8751782703854
13,2026-09-26,1,2026-10-03,wk inc covid hosp,quantile,0.5,115.01532263854327
15,2026-09-26,1,2026-10-03,wk inc covid hosp,quantile,0.5,45.78487194617779
16,2026-09-26,1,2026-10-03,wk inc covid hosp,quantile,0.5,13.325520480821957
17,2026-09-26,1,2026-10-03,wk inc covid hosp,quantile,0.5,80.9151318554914
18,2026-09-26,1,2026-10-03,wk inc covid hosp,quantile,0.5,32.276312536555274
19,2026-09-26,1,2026-10-03,wk inc covid hosp,quantile,0.5,18.27220904170866
20,2026-09-26,1,2026-10-03,wk inc covid hosp,quantile,0.5,9.50136813954588
21,2026-09-26,1,2026-10-03,wk inc covid hosp,quantile,0.5,25.163483833492805
22,2026-09-26,1,2026-10-03,wk inc covid hosp,quantile,0.5,94.46969011497404
23,2026-09-26,1,2026-10-03,wk inc covid hosp,quantile,0.5,2.309325968184405
24,2026-09-26,1,2026-10-03,wk inc covid hosp,quantile,0.5,43.41206718677769
25,2026-09-26,1,2026-10-03,wk inc covid hosp,quantile,0.5,48.43506746031805
26,2026-09-26,1,2026-10-03,wk inc covid hosp,quantile,0.5,59.470689039675015
27,2026-09-26,1,2026-10-03,wk inc covid hosp,quantile,0.5,33.18901573520979
28,2026-09-26,1,2026-10-03,wk inc covid hosp,quantile,0.5,33.41995345526818
29,2026-09-26,1,2026-10-03,wk inc covid hosp,quantile,0.5,48.01838196414121
30,2026-09-26,1,2026-10-03,wk inc covid hosp,quantile,0.5,15.714140578207877
31,2026-09-26,1,2026-10-03,wk inc covid hosp,quantile,0.5,5.807913820737542
32,2026-09-26,1,2026-10-03,wk inc covid hosp,quantile,0.5,39.60411170222109
33,2026-09-26,1,2026-10-03,wk inc covid hosp,quantile,0.5,1.530619941198752
34,2026-09-26,1,2026-10-03,wk inc covid hosp,quantile,0.5,141.5376465658599
35,2026-09-26,1,2026-10-03,wk inc covid hosp,quantile,0.5,9.3455958722278
36,2026-09-26,1,2026-10-03,wk inc covid hosp,quantile,0.5,311.7690944253515
37,2026-09-26,1,2026-10-03,wk inc covid hosp,quantile,0.5,232.90123708566927
38,2026-09-26,1,2026-10-03,wk inc covid hosp,quantile,0.5,1.824464979300097
39,2026-09-26,1,2026-10-03,wk inc covid hosp,quantile,0.5,76.40048791356467
40,2026-09-26,1,2026-10-03,wk inc covid hosp,quantile,0.5,23.584448684337268
41,2026-09-26,1,2026-10-03,wk inc covid hosp,quantile,0.5,47.84213686649351
42,2026-09-26,1,2026-10-03,wk inc covid hosp,quantile,0.5,190.71504327504755
44,2026-09-26,1,2026-10-03,wk inc covid hosp,quantile,0.5,18.003458819616743
45,2026-09-26,1,2026-10-03,wk inc covid hosp,quantile,0.5,64.71011923210352
46,2026-09-26,1,2026-10-03,wk inc covid hosp,quantile,0.5,6.996536932823464
47,2026-09-26,1,2026-10-03,wk inc covid hosp,quantile,0.5,88.31235420280927
48,2026-09-26,1,2026-10-03,wk inc covid hosp,quantile,0.5,477.8526163963087
49,2026-09-26,1,2026-10-03,wk inc covid hosp,quantile,0.5,30.430712725873164
50,2026-09-26,1,2026-10-03,wk inc covid hosp,quantile,0.5,2.69634324799487
51,2026-09-26,1,2026-10-03,wk inc covid hosp,quantile,0.5,62.91377822272636
53,2026-09-26,1,2026-10-03,wk inc covid hosp,quantile,0.5,160.3640339227666
54,2026-09-26,1,2026-10-03,wk inc covid hosp,quantile,0.5,23.65471949957783
55,2026-09-26,1,2026-10-03,wk inc covid hosp,quantile,0.5,29.721554910824505
56,2026-09-26,1,2026-10-03,wk inc covid hosp,quantile,0.5,0.3364919876994574
72,2026-09-26,1,2026-10-03,wk inc covid hosp,quantile,0.5,111.79696574856189
US,2026-09-26,1,2026-10-03,wk inc covid hosp,quantile,0.5,5094.705728116875
01,2026-09-26,2,2026-10-10,wk inc covid hosp,quantile,0.5,108.52201470629845
02,2026-09-26,2,2026-10-10,wk inc covid hosp,quantile,0.5,2.457520682861895
04,2026-09-26,2,2026-10-10,wk inc covid hosp,quantile,0.5,89.1246425276072
05,2026-09-26,2,2026-10-10,wk inc covid hosp,quantile,0.5,18.91526864670512
06,2026-09-26,2,2026-10-10,wk inc covid hosp,quantile,0.5,1156.5584684820733
08,2026-09-26,2,2026-10-10,wk inc covid hosp,quantile,0.5,42.84102180949532
09,2026-09-26,2,2026-10-10,wk inc covid hosp,quantile,0.5,52.49879431614077
10,2026-09-26,2,2026-10-10,wk inc covid hosp,quantile,0.5,7.334124316218781
11,2026-09-26,2,2026-10-10,wk inc covid hosp,quantile,0.5,6.790320021464735
12,2026-09-26,2,2026-10-10,wk inc covid hosp,quantile,0.5,655.0392129740621
13,2026-09-26,2,2026-10-10,wk inc covid hosp,quantile,0.5,119.10852563321289
15,2026-09-26,2,2026-10-10,wk inc covid hosp,quantile,0.5,47.74610187785006
16,2026-09-26,2,2026-10-10,wk inc covid hosp,quantile,0.5,14.090627253067945
17,2026-09-26,2,2026-10-10,wk inc covid hosp,quantile,0.5,94.8204116767156
18,2026-09-26,2,2026-10-10,wk inc covid hosp,quantile,0.5,37.88160158190692
19,2026-09-26,2,2026-10-10,wk inc covid hosp,quantile,0.5,21.319130404052608
20,2026-09-26,2,2026-10-10,wk inc covid hosp,quantile,0.5,10.871122085814607
21,2026-09-26,2,2026-10-10,wk inc covid hosp,quantile,0.5,28.069246482340837
22,2026-09-26,2,2026-10-10,wk inc covid hosp,quantile,0.5,98.66393623682116
23,2026-09-26,2,2026-10-10,wk inc covid hosp,quantile,0.5,3.1844629205398127
24,2026-09-26,2,2026-10-10,wk inc covid hosp,quantile,0.5,48.78180145739767
25,2026-09-26,2,2026-10-10,wk inc covid hosp,quantile,0.5,57.74601561430292
26,2026-09-26,2,2026-10-10,wk inc covid hosp,quantile,0.5,71.05321642937187
27,2026-09-26,2,2026-10-10,wk inc covid hosp,quantile,0.5,38.30076173502077
28,2026-09-26,2,2026-10-10,wk inc covid hosp,quantile,0.5,33.99731777232356
29,2026-09-26,2,2026-10-10,wk inc covid hosp,quantile,0.5,52.98365124977082
30,2026-09-26,2,2026-10-10,wk inc covid hosp,quantile,0.5,17.481961992220402
31,2026-09-26,2,2026-10-10,wk inc covid hosp,quantile,0.5,6.462772839393093
32,2026-09-26,2,2026-10-10,wk inc covid hosp,quantile,0.5,42.86118255761246
33,2026-09-26,2,2026-10-10,wk inc covid hosp,quantile,0.5,2.3078774789472845
34,2026-09-26,2,2026-10-10,wk inc covid hosp,quantile,0.5,156.06627574812575
35,2026-09-26,2,2026-10-10,wk inc covid hosp,quantile,0.5,9.898914627874891
36,2026-09-26,2,2026-10-10,wk inc covid hosp,quantile,0.5,337.3349675669391
37,2026-09-26,2,2026-10-10,wk inc covid hosp,quantile,0.5,243.63715972964786
38,2026-09-26,2,2026-10-10,wk inc covid hosp,quantile,0.5,2.4284066375673805
39,2026-09-26,2,2026-10-10,wk inc covid hosp,quantile,0.5,84.60492580122485
40,2026-09-26,2,2026-10-10,wk inc covid hosp,quantile,0.5,25.320139581271388
41,2026-09-26,2,2026-10-10,wk inc covid hosp,quantile,0.5,52.11432306921118
42,2026-09-26,2,2026-10-10,wk inc covid hosp,quantile,0.5,211.9306927356096
44,2026-09-26,2,2026-10-10,wk inc covid hosp,quantile,0.5,20.65575827231194
45,2026-09-26,2,2026-10-10,wk inc covid hosp,quantile,0.5,65.65387364128227
46,2026-09-26,2,2026-10-10,wk inc covid hosp,quantile,0.5,7.381387857989548
47,2026-09-26,2,2026-10-10,wk inc covid hosp,quantile,0.5,91.80793566877217
48,2026-09-26,2,2026-10-10,wk inc covid hosp,quantile,0.5,479.44860253957927
49,2026-09-26,2,2026-10-10,wk inc covid hosp,quantile,0.5,33.220343322604236
50,2026-09-26,2,2026-10-10,wk inc covid hosp,quantile,0.5,3.0295576238964794
51,2026-09-26,2,2026-10-10,wk inc covid hosp,quantile,0.5,69.17514978660681
53,2026-09-26,2,2026-10-10,wk inc covid hosp,quantile,0.5,169.91013395311072
54,2026-09-26,2,2026-10-10,wk inc covid hosp,quantile,0.5,26.551772943902666
55,2026-09-26,2,2026-10-10,wk inc covid hosp,quantile,0.5,33.36615897656815
56,2026-09-26,2,2026-10-10,wk inc covid hosp,quantile,0.5,0.4577663391906751
72,2026-09-26,2,2026-10-10,wk inc covid hosp,quantile,0.5,111.17760704092485
US,2026-09-26,2,2026-10-10,wk inc covid hosp,quantile,0.5,5395.875875367497
01,2026-09-26,3,2026-10-17,wk inc covid hosp,quantile,0.5,113.21751196898632
02,2026-09-26,3,2026-10-17,wk inc covid hosp,quantile,0.5,2.731706025611604
04,2026-09-26,3,2026-10-17,wk inc covid hosp,quantile,0.5,95.31497277104478
05,2026-09-26,3,2026-10-17,wk inc covid hosp,quantile,0.5,20.48987267792198
06,2026-09-26,3,2026-10-17,wk inc covid hosp,quantile,0.5,1175.4197830452529
08,2026-09-26,3,2026-10-17,wk inc covid hosp,quantile,0.5,47.09770243424382
09,2026-09-26,3,2026-10-17,wk inc covid hosp,quantile,0.5,58.65251224560525
10,2026-09-26,3,2026-10-17,wk inc covid hosp,quantile,0.5,8.276050974472406
11,2026-09-26,3,2026-10-17,wk inc covid hosp,quantile,0.5,7.59051702947539
12,2026-09-26,3,2026-10-17,wk inc covid hosp,quantile,0.5,656.5256886475296
13,2026-09-26,3,2026-10-17,wk inc covid hosp,quantile,0.5,123.29957914146054
15,2026-09-26,3,2026-10-17,wk inc covid hosp,quantile,0.5,48.80302405985673
16,2026-09-26,3,2026-10-17,wk inc covid hosp,quantile,0.5,14.955911230359805
17,2026-09-26,3,2026-10-17,wk inc covid hosp,quantile,0.5,106.34727861877626
18,2026-09-26,3,2026-10-17,wk inc covid hosp,quantile,0.5,43.16083038272596
19,2026-09-26,3,2026-10-17,wk inc covid hosp,quantile,0.5,23.443917500343108
20,2026-09-26,3,2026-10-17,wk inc covid hosp,quantile,0.5,13.082199975967152
21,2026-09-26,3,2026-10-17,wk inc covid hosp,quantile,0.5,32.63427095652365
22,2026-09-26,3,2026-10-17,wk inc covid hosp,quantile,0.5,102.34252280516567
23,2026-09-26,3,2026-10-17,wk inc covid hosp,quantile,0.5,4.269762263352362
24,2026-09-26,3,2026-10-17,wk inc covid hosp,quantile,0.5,55.757986424462345
25,2026-09-26,3,2026-10-17,wk inc covid hosp,quantile,0.5,63.24259881057876
26,2026-09-26,3,2026-10-17,wk inc covid hosp,quantile,0.5,84.91258952207353
27,2026-09-26,3,2026-10-17,wk inc covid hosp,quantile,0.5,42.89196341628093
28,2026-09-26,3,2026-10-17,wk inc covid hosp,quantile,0.5,35.638997869191996
29,2026-09-26,3,2026-10-17,wk inc covid hosp,quantile,0.5,60.130896965869496
30,2026-09-26,3,2026-10-17,wk inc covid hosp,quantile,0.5,19.793558908943446
31,2026-09-26,3,2026-10-17,wk inc covid hosp,quantile,0.5,7.373039707008344
32,2026-09-26,3,2026-10-17,wk inc covid hosp,quantile,0.5,43.91244579833142
33,2026-09-26,3,2026-10-17,wk inc covid hosp,quantile,0.5,2.772333151721727
34,2026-09-26,3,2026-10-17,wk inc covid hosp,quantile,0.5,165.64728023483687
35,2026-09-26,3,2026-10-17,wk inc covid hosp,quantile,0.5,10.92073267092848
36,2026-09-26,3,2026-10-17,wk inc covid hosp,quantile,0.5,356.9842998727944
37,2026-09-26,3,2026-10-17,wk inc covid hosp,quantile,0.5,254.34162590522936
38,2026-09-26,3,2026-10-17,wk inc covid hosp,quantile,0.5,2.898205513395934
39,2026-09-26,3,2026-10-17,wk inc covid hosp,quantile,0.5,94.9311479370906
40,2026-09-26,3,2026-10-17,wk inc covid hosp,quantile,0.5,28.10774661015422
41,2026-09-26,3,2026-10-17,wk inc covid hosp,quantile,0.5,55.31920500111115
42,2026-09-26,3,2026-10-17,wk inc covid hosp,quantile,0.5,230.7337684015002
44,2026-09-26,3,2026-10-17,wk inc covid hosp,quantile,0.5,21.743207665637662
45,2026-09-26,3,2026-10-17,wk inc covid hosp,quantile,0.5,67.818325557118
46,2026-09-26,3,2026-10-17,wk inc covid hosp,quantile,0.5,8.369048835965641
47,2026-09-26,3,2026-10-17,wk inc covid hosp,quantile,0.5,96.09138892461856
48,2026-09-26,3,2026-10-17,wk inc covid hosp,quantile,0.5,485.8372904437796
49,2026-09-26,3,2026-10-17,wk inc covid hosp,quantile,0.5,36.76914169259417
50,2026-09-26,3,2026-10-17,wk inc covid hosp,quantile,0.5,3.2563960022596894
51,2026-09-26,3,2026-10-17,wk inc covid hosp,quantile,0.5,77.55664074851785
53,2026-09-26,3,2026-10-17,wk inc covid hosp,quantile,0.5,176.44647168060555
54,2026-09-26,3,2026-10-17,wk inc covid hosp,quantile,0.5,30.561670644433345
55,2026-09-26,3,2026-10-17,wk inc covid hosp,quantile,0.5,39.53012156712495
56,2026-09-26,3,2026-10-17,wk inc covid hosp,quantile,0.5,0.6767344971263397
72,2026-09-26,3,2026-10-17,wk inc covid hosp,quantile,0.5,117.90843494974573
US,2026-09-26,3,2026-10-17,wk inc covid hosp,quantile,0.5,5681.964675531781
01,2026-09-26,0,2026-09-26,wk inc covid hosp,quantile,0.55,104.81890992759848
02,2026-09-26,0,2026-09-26,wk inc covid hosp,quantile,0.55,2.7782761877609756
04,2026-09-26,0,2026-09-26,wk inc covid hosp,quantile,0.55,84.18897645818143
05,2026-09-26,0,2026-09-26,wk inc covid hosp,quantile,0.55,16.62896617389481
06,2026-09-26,0,2026-09-26,wk inc covid hosp,quantile,0.55,1090.8275605341273
08,2026-09-26,0,2026-09-26,wk inc covid hosp,quantile,0.55,35.26031077537421
09,2026-09-26,0,2026-09-26,wk inc covid hosp,quantile,0.55,41.273879443190324
10,2026-09-26,0,2026-09-26,wk inc covid hosp,quantile,0.55,6.764132032974338
11,2026-09-26,0,2026-09-26,wk inc covid hosp,quantile,0.55,6.286645174670504
12,2026-09-26,0,2026-09-26,wk inc covid hosp,quantile,0.55,656.3861424980435
13,2026-09-26,0,2026-09-26,wk inc covid hosp,quantile,0.55,113.97436522239859
15,2026-09-26,0,2026-09-26,wk inc covid hosp,quantile,0.55,43.885843132448
16,2026-09-26,0,2026-09-26,wk inc covid hosp,quantile,0.55,12.874791251779525
17,2026-09-26,0,2026-09-26,wk inc covid hosp,quantile,0.55,73.57294658942943
18,2026-09-26,0,2026-09-26,wk inc covid hosp,quantile,0.55,30.163900538635367
19,2026-09-26,0,2026-09-26,wk inc covid hosp,quantile,0.55,17.502528902702757
20,2026-09-26,0,2026-09-26,wk inc covid hosp,quantile,0.55,9.139829587944693
21,2026-09-26,0,2026-09-26,wk inc covid hosp,quantile,0.55,24.507647115518452
22,2026-09-26,0,2026-09-26,wk inc covid hosp,quantile,0.55,94.18717430605061
23,2026-09-26,0,2026-09-26,wk inc covid hosp,quantile,0.55,2.0136894037749236
24,2026-09-26,0,2026-09-26,wk inc covid hosp,quantile,0.55,39.5369676657202
25,2026-09-26,0,2026-09-26,wk inc covid hosp,quantile,0.55,43.9473510681509
26,2026-09-26,0,2026-09-26,wk inc covid hosp,quantile,0.55,57.550567068744705
27,2026-09-26,0,2026-09-26,wk inc covid hosp,quantile,0.55,30.713682557327225
28,2026-09-26,0,2026-09-26,wk inc covid hosp,quantile,0.55,34.883648593581
29,2026-09-26,0,2026-09-26,wk inc covid hosp,quantile,0.55,44.358119847156296
30,2026-09-26,0,2026-09-26,wk inc covid hosp,quantile,0.55,14.25823051184685
31,2026-09-26,0,2026-09-26,wk inc covid hosp,quantile,0.55,5.5528255085252525
32,2026-09-26,0,2026-09-26,wk inc covid hosp,quantile,0.55,39.76405623431711
33,2026-09-26,0,2026-09-26,wk inc covid hosp,quantile,0.55,1.941024696378249
34,2026-09-26,0,2026-09-26,wk inc covid hosp,quantile,0.55,143.05514625573278
35,2026-09-26,0,2026-09-26,wk inc covid hosp,quantile,0.55,10.236238271338411
36,2026-09-26,0,2026-09-26,wk inc covid hosp,quantile,0.55,291.7255556693096
37,2026-09-26,0,2026-09-26,wk inc covid hosp,quantile,0.55,229.97765264028635
38,2026-09-26,0,2026-09-26,wk inc covid hosp,quantile,0.55,1.522561456098552
39,2026-09-26,0,2026-09-26,wk inc covid hosp,quantile,0.55,71.81771011775712
40,2026-09-26,0,2026-09-26,wk inc covid hosp,quantile,0.55,22.87935688470741
41,2026-09-26,0,2026-09-26,wk inc covid hosp,quantile,0.55,44.076364961048135
42,2026-09-26,0,2026-09-26,wk inc covid hosp,quantile,0.55,175.4286583350462
44,2026-09-26,0,2026-09-26,wk inc covid hosp,quantile,0.55,16.60099273634667
45,2026-09-26,0,2026-09-26,wk inc covid hosp,quantile,0.55,64.46691883817967
46,2026-09-26,0,2026-09-26,wk inc covid hosp,quantile,0.55,6.386244504821995
47,2026-09-26,0,2026-09-26,wk inc covid hosp,quantile,0.55,85.66883744956333
48,2026-09-26,0,2026-09-26,wk inc covid hosp,quantile,0.55,492.57389756643215
49,2026-09-26,0,2026-09-26,wk inc covid hosp,quantile,0.55,28.02412098606438
50,2026-09-26,0,2026-09-26,wk inc covid hosp,quantile,0.55,2.8739743778243354
51,2026-09-26,0,2026-09-26,wk inc covid hosp,quantile,0.55,59.97148326732648
53,2026-09-26,0,2026-09-26,wk inc covid hosp,quantile,0.55,151.85814494964845
54,2026-09-26,0,2026-09-26,wk inc covid hosp,quantile,0.55,19.977665283920963
55,2026-09-26,0,2026-09-26,wk inc covid hosp,quantile,0.55,26.99889372657749
56,2026-09-26,0,2026-09-26,wk inc covid hosp,quantile,0.55,0.48540197945157454
72,2026-09-26,0,2026-09-26,wk inc covid hosp,quantile,0.55,114.07967446700974
US,2026-09-26,0,2026-09-26,wk inc covid hosp,quantile,0.55,4866.8317381909965
01,2026-09-26,1,2026-10-03,wk inc covid hosp,quantile,0.55,110.04323321843955
02,2026-09-26,1,2026-10-03,wk inc covid hosp,quantile,0.55,2.8335456421700465
04,2026-09-26,1,2026-10-03,wk inc covid hosp,quantile,0.55,90.67617813150618
05,2026-09-26,1,2026-10-03,wk inc covid hosp,quantile,0.55,18.297695127570893
06,2026-09-26,1,2026-10-03,wk inc covid hosp,quantile,0.55,1151.3178191708234
08,2026-09-26,1,2026-10-03,wk inc covid hosp,quantile,0.55,40.3719874883623
09,2026-09-26,1,2026-10-03,wk inc covid hosp,quantile,0.55,49.323745301026975
10,2026-09-26,1,2026-10-03,wk inc covid hosp,quantile,0.55,7.659421317519147
11,2026-09-26,1,2026-10-03,wk inc covid hosp,quantile,0.55,7.255537587366317
12,2026-09-26,1,2026-10-03,wk inc covid hosp,quantile,0.55,677.8083593049092
13,2026-09-26,1,2026-10-03,wk inc covid hosp,quantile,0.55,120.71145360836164
15,2026-09-26,1,2026-10-03,wk inc covid hosp,quantile,0.55,47.746780181613246
16,2026-09-26,1,2026-10-03,wk inc covid hosp,quantile,0.55,14.356735736235773
17,2026-09-26,1,2026-10-03,wk inc covid hosp,quantile,0.55,86.4408161276437
18,2026-09-26,1,2026-10-03,wk inc covid hosp,quantile,0.55,34.55718025399851
19,2026-09-26,1,2026-10-03,wk inc covid hosp,quantile,0.55,19.738197451534713
20,2026-09-26,1,2026-10-03,wk inc covid hosp,quantile,0.55,10.584585732210446
21,2026-09-26,1,2026-10-03,wk inc covid hosp,quantile,0.55,27.555339469585352
22,2026-09-26,1,2026-10-03,wk inc covid hosp,quantile,0.55,98.61274204411106
23,2026-09-26,1,2026-10-03,wk inc covid hosp,quantile,0.55,2.8100314118050838
24,2026-09-26,1,2026-10-03,wk inc covid hosp,quantile,0.55,46.279848587110806
25,2026-09-26,1,2026-10-03,wk inc covid hosp,quantile,0.55,51.4936801531501
26,2026-09-26,1,2026-10-03,wk inc covid hosp,quantile,0.55,65.21391342385371
27,2026-09-26,1,2026-10-03,wk inc covid hosp,quantile,0.55,35.89335316139992
28,2026-09-26,1,2026-10-03,wk inc covid hosp,quantile,0.55,35.628906881818
29,2026-09-26,1,2026-10-03,wk inc covid hosp,quantile,0.55,51.09623169993497
30,2026-09-26,1,2026-10-03,wk inc covid hosp,quantile,0.55,17.08282177636527
31,2026-09-26,1,2026-10-03,wk inc covid hosp,quantile,0.55,6.598473170594276
32,2026-09-26,1,2026-10-03,wk inc covid hosp,quantile,0.55,41.34501422422637
33,2026-09-26,1,2026-10-03,wk inc covid hosp,quantile,0.55,2.0785950392294796
34,2026-09-26,1,2026-10-03,wk inc covid hosp,quantile,0.55,151.0077461592283
35,2026-09-26,1,2026-10-03,wk inc covid hosp,quantile,0.55,10.409320932396252
36,2026-09-26,1,2026-10-03,wk inc covid hosp,quantile,0.55,324.31159521141797
37,2026-09-26,1,2026-10-03,wk inc covid hosp,quantile,0.55,241.63069691456258
38,2026-09-26,1,2026-10-03,wk inc covid hosp,quantile,0.55,2.1927517413987543
39,2026-09-26,1,2026-10-03,wk inc covid hosp,quantile,0.55,81.40816338153554
40,2026-09-26,1,2026-10-03,wk inc covid hosp,quantile,0.55,25.559473309570294
41,2026-09-26,1,2026-10-03,wk inc covid hosp,quantile,0.55,49.95326479082768
42,2026-09-26,1,2026-10-03,wk inc covid hosp,quantile,0.55,201.07238101649747
44,2026-09-26,1,2026-10-03,wk inc covid hosp,quantile,0.55,19.33982706109157
45,2026-09-26,1,2026-10-03,wk inc covid hosp,quantile,0.55,68.24646574918549
46,2026-09-26,1,2026-10-03,wk inc covid hosp,quantile,0.55,7.765966295772323
47,2026-09-26,1,2026-10-03,wk inc covid hosp,quantile,0.55,93.35014857863916
48,2026-09-26,1,2026-10-03,wk inc covid hosp,quantile,0.55,498.968838395171
49,2026-09-26,1,2026-10-03,wk inc covid hosp,quantile,0.55,32.09742782761602
50,2026-09-26,1,2026-10-03,wk inc covid hosp,quantile,0.55,3.2044852433335747
51,2026-09-26,1,2026-10-03,wk inc covid hosp,quantile,0.55,66.98494704813118
53,2026-09-26,1,2026-10-03,wk inc covid hosp,quantile,0.55,166.18144839809216
54,2026-09-26,1,2026-10-03,wk inc covid hosp,quantile,0.55,24.947178539813482
55,2026-09-26,1,2026-10-03,wk inc covid hosp,quantile,0.55,32.23424107421477
56,2026-09-26,1,2026-10-03,wk inc covid hosp,quantile,0.55,0.6384968874703218
72,2026-09-26,1,2026-10-03,wk inc covid hosp,quantile,0.55,117.97460623210769
US,2026-09-26,1,2026-10-03,wk inc covid hosp,quantile,0.55,5215.215728276958
01,2026-09-26,2,2026-10-10,wk inc covid hosp,quantile,0.55,114.08968821919701
02,2026-09-26,2,2026-10-10,wk inc covid hosp,quantile,0.55,2.910574617745483
04,2026-09-26,2,2026-10-10,wk inc covid hosp,quantile,0.55,95.6960413055648
05,2026-09-26,2,2026-10-10,wk inc covid hosp,quantile,0.55,21.018825842694152
06,2026-09-26,2,2026-10-10,wk inc covid hosp,quantile,0.55,1189.0223434144732
08,2026-09-26,2,2026-10-10,wk inc covid hosp,quantile,0.55,45.74369584986491
09,2026-09-26,2,2026-10-10,wk inc covid hosp,quantile,0.55,56.90265367533071
10,2026-09-26,2,2026-10-10,wk inc covid hosp,quantile,0.55,8.216271846515289
11,2026-09-26,2,2026-10-10,wk inc covid hosp,quantile,0.55,7.855639107662146
12,2026-09-26,2,2026-10-10,wk inc covid hosp,quantile,0.55,688.8739410322773
13,2026-09-26,2,2026-10-10,wk inc covid hosp,quantile,0.55,125.0607772074382
15,2026-09-26,2,2026-10-10,wk inc covid hosp,quantile,0.55,49.9999561644551
16,2026-09-26,2,2026-10-10,wk inc covid hosp,quantile,0.55,15.43833952029705
17,2026-09-26,2,2026-10-10,wk inc covid hosp,quantile,0.55,100.67980009199411
18,2026-09-26,2,2026-10-10,wk inc covid hosp,quantile,0.55,41.31381206606469
19,2026-09-26,2,2026-10-10,wk inc covid hosp,quantile,0.55,23.627464296721985
20,2026-09-26,2,2026-10-10,wk inc covid hosp,quantile,0.55,12.45719870309665
21,2026-09-26,2,2026-10-10,wk inc covid hosp,quantile,0.55,30.94677866925201
22,2026-09-26,2,2026-10-10,wk inc covid hosp,quantile,0.55,104.79843259584094
23,2026-09-26,2,2026-10-10,wk inc covid hosp,quantile,0.55,3.880388930811321
24,2026-09-26,2,2026-10-10,wk inc covid hosp,quantile,0.55,52.152694269233116
25,2026-09-26,2,2026-10-10,wk inc covid hosp,quantile,0.55,60.83273062227105
26,2026-09-26,2,2026-10-10,wk inc covid hosp,quantile,0.55,78.73876809332681
27,2026-09-26,2,2026-10-10,wk inc covid hosp,quantile,0.55,41.7322723667502
28,2026-09-26,2,2026-10-10,wk inc covid hosp,quantile,0.55,36.85093775579939
29,2026-09-26,2,2026-10-10,wk inc covid hosp,quantile,0.55,56.83506155929098
30,2026-09-26,2,2026-10-10,wk inc covid hosp,quantile,0.55,19.397983047192398
31,2026-09-26,2,2026-10-10,wk inc covid hosp,quantile,0.55,7.427195721982425
32,2026-09-26,2,2026-10-10,wk inc covid hosp,quantile,0.55,45.6210464687467
33,2026-09-26,2,2026-10-10,wk inc covid hosp,quantile,0.55,3.144503992353207
34,2026-09-26,2,2026-10-10,wk inc covid hosp,quantile,0.55,165.25410605923082
35,2026-09-26,2,2026-10-10,wk inc covid hosp,quantile,0.55,11.267750458294747
36,2026-09-26,2,2026-10-10,wk inc covid hosp,quantile,0.55,348.02941236630835
37,2026-09-26,2,2026-10-10,wk inc covid hosp,quantile,0.55,254.33623607771435
38,2026-09-26,2,2026-10-10,wk inc covid hosp,quantile,0.55,2.8920450649341483
39,2026-09-26,2,2026-10-10,wk inc covid hosp,quantile,0.55,91.61619792912366
40,2026-09-26,2,2026-10-10,wk inc covid hosp,quantile,0.55,27.27674411655155
41,2026-09-26,2,2026-10-10,wk inc covid hosp,quantile,0.55,54.66547346790215
42,2026-09-26,2,2026-10-10,wk inc covid hosp,quantile,0.55,225.30963720365466
44,2026-09-26,2,2026-10-10,wk inc covid hosp,quantile,0.55,22.61913366684596
45,2026-09-26,2,2026-10-10,wk inc covid hosp,quantile,0.55,70.39938690792118
46,2026-09-26,2,2026-10-10,wk inc covid hosp,quantile,0.55,8.666705604783651
47,2026-09-26,2,2026-10-10,wk inc covid hosp,quantile,0.55,97.09886000541896
48,2026-09-26,2,2026-10-10,wk inc covid hosp,quantile,0.55,508.7419800648886
49,2026-09-26,2,2026-10-10,wk inc covid hosp,quantile,0.55,35.62355157288523
50,2026-09-26,2,2026-10-10,wk inc covid hosp,quantile,0.55,3.6794495627842037
51,2026-09-26,2,2026-10-10,wk inc covid hosp,quantile,0.55,74.57793146917062
53,2026-09-26,2,2026-10-10,wk inc covid hosp,quantile,0.55,176.7030756574234
54,2026-09-26,2,2026-10-10,wk inc covid hosp,quantile,0.55,28.802210209686518
55,2026-09-26,2,2026-10-10,wk inc covid hosp,quantile,0.55,36.849013374989376
56,2026-09-26,2,2026-10-10,wk inc covid hosp,quantile,0.55,0.8449397596991638
72,2026-09-26,2,2026-10-10,wk inc covid hosp,quantile,0.55,119.69956043802738
US,2026-09-26,2,2026-10-10,wk inc covid hosp,quantile,0.55,5574.18046134548
01,2026-09-26,3,2026-10-17,wk inc covid hosp,quantile,0.55,119.13541625650785
02,2026-09-26,3,2026-10-17,wk inc covid hosp,quantile,0.55,3.320229099043159
04,2026-09-26,3,2026-10-17,wk inc covid hosp,quantile,0.55,102.65516906104473
05,2026-09-26,3,2026-10-17,wk inc covid hosp,quantile,0.55,23.60157964582631
06,2026-09-26,3,2026-10-17,wk inc covid hosp,quantile,0.55,1210.1537928492305
08,2026-09-26,3,2026-10-17,wk inc covid hosp,quantile,0.55,51.50994175033484
09,2026-09-26,3,2026-10-17,wk inc covid hosp,quantile,0.55,65.51267251145948
10,2026-09-26,3,2026-10-17,wk inc covid hosp,quantile,0.55,9.554145078266968
11,2026-09-26,3,2026-10-17,wk inc covid hosp,quantile,0.55,8.929292750910898
12,2026-09-26,3,2026-10-17,wk inc covid hosp,quantile,0.55,711.7306660408515
13,2026-09-26,3,2026-10-17,wk inc covid hosp,quantile,0.55,130.4190607252407
15,2026-09-26,3,2026-10-17,wk inc covid hosp,quantile,0.55,52.06262003416564
16,2026-09-26,3,2026-10-17,wk inc covid hosp,quantile,0.55,16.63535319979538
17,2026-09-26,3,2026-10-17,wk inc covid hosp,quantile,0.55,114.92248703582798
18,2026-09-26,3,2026-10-17,wk inc covid hosp,quantile,0.55,47.29278022603171
19,2026-09-26,3,2026-10-17,wk inc covid hosp,quantile,0.55,26.51719074738058
20,2026-09-26,3,2026-10-17,wk inc covid hosp,quantile,0.55,15.241573983211579
21,2026-09-26,3,2026-10-17,wk inc covid hosp,quantile,0.55,35.66876511272809
22,2026-09-26,3,2026-10-17,wk inc covid hosp,quantile,0.55,108.8114137740478
23,2026-09-26,3,2026-10-17,wk inc covid hosp,quantile,0.55,5.131190240641861
24,2026-09-26,3,2026-10-17,wk inc covid hosp,quantile,0.55,60.31987792730809
25,2026-09-26,3,2026-10-17,wk inc covid hosp,quantile,0.55,69.28639981712419
26,2026-09-26,3,2026-10-17,wk inc covid hosp,quantile,0.55,94.76373871497277
27,2026-09-26,3,2026-10-17,wk inc covid hosp,quantile,0.55,47.186181535344126
28,2026-09-26,3,2026-10-17,wk inc covid hosp,quantile,0.55,38.93108527817515
29,2026-09-26,3,2026-10-17,wk inc covid hosp,quantile,0.55,64.74880336601268
30,2026-09-26,3,2026-10-17,wk inc covid hosp,quantile,0.55,22.07879557506525
31,2026-09-26,3,2026-10-17,wk inc covid hosp,quantile,0.55,9.06136990482492
32,2026-09-26,3,2026-10-17,wk inc covid hosp,quantile,0.55,47.21147458611452
33,2026-09-26,3,2026-10-17,wk inc covid hosp,quantile,0.55,3.726477332614666
34,2026-09-26,3,2026-10-17,wk inc covid hosp,quantile,0.55,178.90295484132812
35,2026-09-26,3,2026-10-17,wk inc covid hosp,quantile,0.55,12.46229187089837
36,2026-09-26,3,2026-10-17,wk inc covid hosp,quantile,0.55,372.4860456140725
37,2026-09-26,3,2026-10-17,wk inc covid hosp,quantile,0.55,269.14656827095706
38,2026-09-26,3,2026-10-17,wk inc covid hosp,quantile,0.55,3.5425607511990447
39,2026-09-26,3,2026-10-17,wk inc covid hosp,quantile,0.55,103.86429166639934
40,2026-09-26,3,2026-10-17,wk inc covid hosp,quantile,0.55,30.496028532175302
41,2026-09-26,3,2026-10-17,wk inc covid hosp,quantile,0.55,58.46691350958679
42,2026-09-26,3,2026-10-17,wk inc covid hosp,quantile,0.55,251.57085345078482
44,2026-09-26,3,2026-10-17,wk inc covid hosp,quantile,0.55,24.384455677113863
45,2026-09-26,3,2026-10-17,wk inc covid hosp,quantile,0.55,73.32396025003611
46,2026-09-26,3,2026-10-17,wk inc covid hosp,quantile,0.55,9.98581923976147
47,2026-09-26,3,2026-10-17,wk inc covid hosp,quantile,0.55,104.80078315503904
48,2026-09-26,3,2026-10-17,wk inc covid hosp,quantile,0.55,521.1381256267147
49,2026-09-26,3,2026-10-17,wk inc covid hosp,quantile,0.55,39.47911888758622
50,2026-09-26,3,2026-10-17,wk inc covid hosp,quantile,0.55,3.9159021119300177
51,2026-09-26,3,2026-10-17,wk inc covid hosp,quantile,0.55,83.0621543573974
53,2026-09-26,3,2026-10-17,wk inc covid hosp,quantile,0.55,186.2556240852291
54,2026-09-26,3,2026-10-17,wk inc covid hosp,quantile,0.55,33.334629406786405
55,2026-09-26,3,2026-10-17,wk inc covid hosp,quantile,0.55,43.58137705152398
56,2026-09-26,3,2026-10-17,wk inc covid hosp,quantile,0.55,1.2526514550266115
72,2026-09-26,3,2026-10-17,wk inc covid hosp,quantile,0.55,126.66756057343436
US,2026-09-26,3,2026-10-17,wk inc covid hosp,quantile,0.55,5942.891630349111
01,2026-09-26,0,2026-09-26,wk inc covid hosp,quantile,0.6,107.91772909512729
02,2026-09-26,0,2026-09-26,wk inc covid hosp,quantile,0.6,3.084047538126366
04,2026-09-26,0,2026-09-26,wk inc covid hosp,quantile,0.6,87.85496318439615
05,2026-09-26,0,2026-09-26,wk inc covid hosp,quantile,0.6,17.794492407824876
06,2026-09-26,0,2026-09-26,wk inc covid hosp,quantile,0.6,1110.6125992469904
08,2026-09-26,0,2026-09-26,wk inc covid hosp,quantile,0.6,36.750276465680415
09,2026-09-26,0,2026-09-26,wk inc covid hosp,quantile,0.6,43.7376636235552
10,2026-09-26,0,2026-09-26,wk inc covid hosp,quantile,0.6,7.25044869153857
11,2026-09-26,0,2026-09-26,wk inc covid hosp,quantile,0.6,6.865669281856466
12,2026-09-26,0,2026-09-26,wk inc covid hosp,quantile,0.6,677.3810853312194
13,2026-09-26,0,2026-09-26,wk inc covid hosp,quantile,0.6,117.31244697748957
15,2026-09-26,0,2026-09-26,wk inc covid hosp,quantile,0.6,45.430920440004996
16,2026-09-26,0,2026-09-26,wk inc covid hosp,quantile,0.6,13.55374575201321
17,2026-09-26,0,2026-09-26,wk inc covid hosp,quantile,0.6,76.60506397291395
18,2026-09-26,0,2026-09-26,wk inc covid hosp,quantile,0.6,32.39406777523378
19,2026-09-26,0,2026-09-26,wk inc covid hosp,quantile,0.6,18.71258550393081
20,2026-09-26,0,2026-09-26,wk inc covid hosp,quantile,0.6,10.112980137432045
21,2026-09-26,0,2026-09-26,wk inc covid hosp,quantile,0.6,25.826315707415883
22,2026-09-26,0,2026-09-26,wk inc covid hosp,quantile,0.6,97.00941266927241
23,2026-09-26,0,2026-09-26,wk inc covid hosp,quantile,0.6,2.3545873108795403
24,2026-09-26,0,2026-09-26,wk inc covid hosp,quantile,0.6,41.043721214839536
25,2026-09-26,0,2026-09-26,wk inc covid hosp,quantile,0.6,46.13221701672554
26,2026-09-26,0,2026-09-26,wk inc covid hosp,quantile,0.6,61.33991445148566
27,2026-09-26,0,2026-09-26,wk inc covid hosp,quantile,0.6,32.37506039273263
28,2026-09-26,0,2026-09-26,wk inc covid hosp,quantile,0.6,36.406239519247805
29,2026-09-26,0,2026-09-26,wk inc covid hosp,quantile,0.6,46.62349626596201
30,2026-09-26,0,2026-09-26,wk inc covid hosp,quantile,0.6,15.14747662633741
31,2026-09-26,0,2026-09-26,wk inc covid hosp,quantile,0.6,6.229576697251748
32,2026-09-26,0,2026-09-26,wk inc covid hosp,quantile,0.6,41.06248982075079
33,2026-09-26,0,2026-09-26,wk inc covid hosp,quantile,0.6,2.3476397593878566
34,2026-09-26,0,2026-09-26,wk inc covid hosp,quantile,0.6,149.13729214504295
35,2026-09-26,0,2026-09-26,wk inc covid hosp,quantile,0.6,11.007975809561737
36,2026-09-26,0,2026-09-26,wk inc covid hosp,quantile,0.6,298.59577436753716
37,2026-09-26,0,2026-09-26,wk inc covid hosp,quantile,0.6,235.52220889809277
38,2026-09-26,0,2026-09-26,wk inc covid hosp,quantile,0.6,1.7564044154482463
39,2026-09-26,0,2026-09-26,wk inc covid hosp,quantile,0.6,75.44239936990972
40,2026-09-26,0,2026-09-26,wk inc covid hosp,quantile,0.6,24.1176674529884
41,2026-09-26,0,2026-09-26,wk inc covid hosp,quantile,0.6,45.4756141872609
42,2026-09-26,0,2026-09-26,wk inc covid hosp,quantile,0.6,182.63070590957489
44,2026-09-26,0,2026-09-26,wk inc covid hosp,quantile,0.6,17.56769417697078
45,2026-09-26,0,2026-09-26,wk inc covid hosp,quantile,0.6,67.04725056612777
46,2026-09-26,0,2026-09-26,wk inc covid hosp,quantile,0.6,6.981248577230808
47,2026-09-26,0,2026-09-26,wk inc covid hosp,quantile,0.6,88.84173740437977
48,2026-09-26,0,2026-09-26,wk inc covid hosp,quantile,0.6,508.61490365591095
49,2026-09-26,0,2026-09-26,wk inc covid hosp,quantile,0.6,29.338410571516636
50,2026-09-26,0,2026-09-26,wk inc covid hosp,quantile,0.6,3.2158503878547733
51,2026-09-26,0,2026-09-26,wk inc covid hosp,quantile,0.6,62.47021077375219
53,2026-09-26,0,2026-09-26,wk inc covid hosp,quantile,0.6,155.1844684173492
54,2026-09-26,0,2026-09-26,wk inc covid hosp,quantile,0.6,20.996391978129985
55,2026-09-26,0,2026-09-26,wk inc covid hosp,quantile,0.6,28.895323741855176
56,2026-09-26,0,2026-09-26,wk inc covid hosp,quantile,0.6,0.7463595255519913
72,2026-09-26,0,2026-09-26,wk inc covid hosp,quantile,0.6,118.15547243466945
US,2026-09-26,0,2026-09-26,wk inc covid hosp,quantile,0.6,4974.702062254896
01,2026-09-26,1,2026-10-03,wk inc covid hosp,quantile,0.6,113.94165023581083
02,2026-09-26,1,2026-10-03,wk inc covid hosp,quantile,0.6,3.3090320828487783
04,2026-09-26,1,2026-10-03,wk inc covid hosp,quantile,0.6,96.21288443778352
05,2026-09-26,1,2026-10-03,wk inc covid hosp,quantile,0.6,19.76167417017324
06,2026-09-26,1,2026-10-03,wk inc covid hosp,quantile,0.6,1177.0218159650676
08,2026-09-26,1,2026-10-03,wk inc covid hosp,quantile,0.6,42.37946175847857
09,2026-09-26,1,2026-10-03,wk inc covid hosp,quantile,0.6,53.004108680587734
10,2026-09-26,1,2026-10-03,wk inc covid hosp,quantile,0.6,8.45427017507042
11,2026-09-26,1,2026-10-03,wk inc covid hosp,quantile,0.6,7.9987964037291155
12,2026-09-26,1,2026-10-03,wk inc covid hosp,quantile,0.6,714.2102281800597
13,2026-09-26,1,2026-10-03,wk inc covid hosp,quantile,0.6,125.54898820475668
15,2026-09-26,1,2026-10-03,wk inc covid hosp,quantile,0.6,49.639110604410625
16,2026-09-26,1,2026-10-03,wk inc covid hosp,quantile,0.6,15.219442661537117
17,2026-09-26,1,2026-10-03,wk inc covid hosp,quantile,0.6,91.27947325697396
18,2026-09-26,1,2026-10-03,wk inc covid hosp,quantile,0.6,37.65477440479638
19,2026-09-26,1,2026-10-03,wk inc covid hosp,quantile,0.6,21.486545343435182
20,2026-09-26,1,2026-10-03,wk inc covid hosp,quantile,0.6,11.812506592902785
21,2026-09-26,1,2026-10-03,wk inc covid hosp,quantile,0.6,30.048777590026955
22,2026-09-26,1,2026-10-03,wk inc covid hosp,quantile,0.6,103.4800399566955
23,2026-09-26,1,2026-10-03,wk inc covid hosp,quantile,0.6,3.399579084158704
24,2026-09-26,1,2026-10-03,wk inc covid hosp,quantile,0.6,49.248208237893124
25,2026-09-26,1,2026-10-03,wk inc covid hosp,quantile,0.6,54.84238249796431
26,2026-09-26,1,2026-10-03,wk inc covid hosp,quantile,0.6,72.62546162462397
27,2026-09-26,1,2026-10-03,wk inc covid hosp,quantile,0.6,38.31178284373027
28,2026-09-26,1,2026-10-03,wk inc covid hosp,quantile,0.6,37.439916785864334
29,2026-09-26,1,2026-10-03,wk inc covid hosp,quantile,0.6,54.10810605601428
30,2026-09-26,1,2026-10-03,wk inc covid hosp,quantile,0.6,18.618697841071963
31,2026-09-26,1,2026-10-03,wk inc covid hosp,quantile,0.6,7.413749069059425
32,2026-09-26,1,2026-10-03,wk inc covid hosp,quantile,0.6,43.56852550200422
33,2026-09-26,1,2026-10-03,wk inc covid hosp,quantile,0.6,2.7651192247875813
34,2026-09-26,1,2026-10-03,wk inc covid hosp,quantile,0.6,161.01279237962783
35,2026-09-26,1,2026-10-03,wk inc covid hosp,quantile,0.6,11.500316506530405
36,2026-09-26,1,2026-10-03,wk inc covid hosp,quantile,0.6,335.9031472821639
37,2026-09-26,1,2026-10-03,wk inc covid hosp,quantile,0.6,249.94636417530094
38,2026-09-26,1,2026-10-03,wk inc covid hosp,quantile,0.6,2.572213782636071
39,2026-09-26,1,2026-10-03,wk inc covid hosp,quantile,0.6,86.02472511173872
40,2026-09-26,1,2026-10-03,wk inc covid hosp,quantile,0.6,27.190689555473263
41,2026-09-26,1,2026-10-03,wk inc covid hosp,quantile,0.6,52.17397973002349
42,2026-09-26,1,2026-10-03,wk inc covid hosp,quantile,0.6,210.1709820411106
44,2026-09-26,1,2026-10-03,wk inc covid hosp,quantile,0.6,20.819121570745256
45,2026-09-26,1,2026-10-03,wk inc covid hosp,quantile,0.6,71.30018998363559
46,2026-09-26,1,2026-10-03,wk inc covid hosp,quantile,0.6,8.669492516614314
47,2026-09-26,1,2026-10-03,wk inc covid hosp,quantile,0.6,97.63960543908715
48,2026-09-26,1,2026-10-03,wk inc covid hosp,quantile,0.6,524.0276878672673
49,2026-09-26,1,2026-10-03,wk inc covid hosp,quantile,0.6,33.72796403220353
50,2026-09-26,1,2026-10-03,wk inc covid hosp,quantile,0.6,3.7472065130019083
51,2026-09-26,1,2026-10-03,wk inc covid hosp,quantile,0.6,70.4742059321595
53,2026-09-26,1,2026-10-03,wk inc covid hosp,quantile,0.6,171.0014115772522
54,2026-09-26,1,2026-10-03,wk inc covid hosp,quantile,0.6,26.69133213911372
55,2026-09-26,1,2026-10-03,wk inc covid hosp,quantile,0.6,34.939887307375216
56,2026-09-26,1,2026-10-03,wk inc covid hosp,quantile,0.6,1.1281809935300031
72,2026-09-26,1,2026-10-03,wk inc covid hosp,quantile,0.6,124.59456807207545
US,2026-09-26,1,2026-10-03,wk inc covid hosp,quantile,0.6,5355.632984590161
01,2026-09-26,2,2026-10-10,wk inc covid hosp,quantile,0.6,119.72488221530726
02,2026-09-26,2,2026-10-10,wk inc covid hosp,quantile,0.6,3.6753225777697813
04,2026-09-26,2,2026-10-10,wk inc covid hosp,quantile,0.6,102.41378655281389
05,2026-09-26,2,2026-10-10,wk inc covid hosp,quantile,0.6,23.145874733126973
06,2026-09-26,2,2026-10-10,wk inc covid hosp,quantile,0.6,1220.5347824574367
08,2026-09-26,2,2026-10-10,wk inc covid hosp,quantile,0.6,49.236644468701336
09,2026-09-26,2,2026-10-10,wk inc covid hosp,quantile,0.6,61.54365076562099
10,2026-09-26,2,2026-10-10,wk inc covid hosp,quantile,0.6,9.336989284396903
11,2026-09-26,2,2026-10-10,wk inc covid hosp,quantile,0.6,8.840638675289446
12,2026-09-26,2,2026-10-10,wk inc covid hosp,quantile,0.6,739.5988533685394
13,2026-09-26,2,2026-10-10,wk inc covid hosp,quantile,0.6,131.01224331562534
15,2026-09-26,2,2026-10-10,wk inc covid hosp,quantile,0.6,52.66191084144739
16,2026-09-26,2,2026-10-10,wk inc covid hosp,quantile,0.6,16.968403392761257
17,2026-09-26,2,2026-10-10,wk inc covid hosp,quantile,0.6,108.38483212822278
18,2026-09-26,2,2026-10-10,wk inc covid hosp,quantile,0.6,44.79698897560854
19,2026-09-26,2,2026-10-10,wk inc covid hosp,quantile,0.6,25.803350330469502
20,2026-09-26,2,2026-10-10,wk inc covid hosp,quantile,0.6,14.133662799997355
21,2026-09-26,2,2026-10-10,wk inc covid hosp,quantile,0.6,33.917441886378505
22,2026-09-26,2,2026-10-10,wk inc covid hosp,quantile,0.6,110.70506072671557
23,2026-09-26,2,2026-10-10,wk inc covid hosp,quantile,0.6,4.886275093250349
24,2026-09-26,2,2026-10-10,wk inc covid hosp,quantile,0.6,56.11088611854364
25,2026-09-26,2,2026-10-10,wk inc covid hosp,quantile,0.6,64.97288293134051
26,2026-09-26,2,2026-10-10,wk inc covid hosp,quantile,0.6,86.63499594642931
27,2026-09-26,2,2026-10-10,wk inc covid hosp,quantile,0.6,45.06691738939601
28,2026-09-26,2,2026-10-10,wk inc covid hosp,quantile,0.6,39.97466010771138
29,2026-09-26,2,2026-10-10,wk inc covid hosp,quantile,0.6,60.78085374629327
30,2026-09-26,2,2026-10-10,wk inc covid hosp,quantile,0.6,21.593066358087913
31,2026-09-26,2,2026-10-10,wk inc covid hosp,quantile,0.6,8.80407854894136
32,2026-09-26,2,2026-10-10,wk inc covid hosp,quantile,0.6,48.421037631672824
33,2026-09-26,2,2026-10-10,wk inc covid hosp,quantile,0.6,3.8928336122737965
34,2026-09-26,2,2026-10-10,wk inc covid hosp,quantile,0.6,176.84129668496203
35,2026-09-26,2,2026-10-10,wk inc covid hosp,quantile,0.6,13.139435528644219
36,2026-09-26,2,2026-10-10,wk inc covid hosp,quantile,0.6,361.7044719760882
37,2026-09-26,2,2026-10-10,wk inc covid hosp,quantile,0.6,265.0483518263928
38,2026-09-26,2,2026-10-10,wk inc covid hosp,quantile,0.6,3.539840619816995
39,2026-09-26,2,2026-10-10,wk inc covid hosp,quantile,0.6,100.36566984110051
40,2026-09-26,2,2026-10-10,wk inc covid hosp,quantile,0.6,29.972689875550625
41,2026-09-26,2,2026-10-10,wk inc covid hosp,quantile,0.6,57.95221009259598
42,2026-09-26,2,2026-10-10,wk inc covid hosp,quantile,0.6,243.78425333975613
44,2026-09-26,2,2026-10-10,wk inc covid hosp,quantile,0.6,24.42353192931237
45,2026-09-26,2,2026-10-10,wk inc covid hosp,quantile,0.6,74.62576115689306
46,2026-09-26,2,2026-10-10,wk inc covid hosp,quantile,0.6,9.982538374903198
47,2026-09-26,2,2026-10-10,wk inc covid hosp,quantile,0.6,103.15591543716602
48,2026-09-26,2,2026-10-10,wk inc covid hosp,quantile,0.6,537.464263656052
49,2026-09-26,2,2026-10-10,wk inc covid hosp,quantile,0.6,38.09823314493163
50,2026-09-26,2,2026-10-10,wk inc covid hosp,quantile,0.6,4.268354360690451
51,2026-09-26,2,2026-10-10,wk inc covid hosp,quantile,0.6,79.5527617680553
53,2026-09-26,2,2026-10-10,wk inc covid hosp,quantile,0.6,184.06553728443694
54,2026-09-26,2,2026-10-10,wk inc covid hosp,quantile,0.6,30.997698869970502
55,2026-09-26,2,2026-10-10,wk inc covid hosp,quantile,0.6,40.60175350281456
56,2026-09-26,2,2026-10-10,wk inc covid hosp,quantile,0.6,1.3570696250069614
72,2026-09-26,2,2026-10-10,wk inc covid hosp,quantile,0.6,128.46219299337392
US,2026-09-26,2,2026-10-10,wk inc covid hosp,quantile,0.6,5734.846331851337
01,2026-09-26,3,2026-10-17,wk inc covid hosp,quantile,0.6,126.14524742177089
02,2026-09-26,3,2026-10-17,wk inc covid hosp,quantile,0.6,4.044469334088925
04,2026-09-26,3,2026-10-17,wk inc covid hosp,quantile,0.6,109.1266499365636
05,2026-09-26,3,2026-10-17,wk inc covid hosp,quantile,0.6,26.265283737992974
06,2026-09-26,3,2026-10-17,wk inc covid hosp,quantile,0.6,1249.790138543825
08,2026-09-26,3,2026-10-17,wk inc covid hosp,quantile,0.6,55.70235229644243
09,2026-09-26,3,2026-10-17,wk inc covid hosp,quantile,0.6,71.38656797321309
10,2026-09-26,3,2026-10-17,wk inc covid hosp,quantile,0.6,10.992114796560157
11,2026-09-26,3,2026-10-17,wk inc covid hosp,quantile,0.6,10.293859241459137
12,2026-09-26,3,2026-10-17,wk inc covid hosp,quantile,0.6,761.2651826217211
13,2026-09-26,3,2026-10-17,wk inc covid hosp,quantile,0.6,138.46384955874117
15,2026-09-26,3,2026-10-17,wk inc covid hosp,quantile,0.6,55.86512814238645
16,2026-09-26,3,2026-10-17,wk inc covid hosp,quantile,0.6,18.622364131700845
17,2026-09-26,3,2026-10-17,wk inc covid hosp,quantile,0.6,123.6639655887873
18,2026-09-26,3,2026-10-17,wk inc covid hosp,quantile,0.6,52.398716219806055
19,2026-09-26,3,2026-10-17,wk inc covid hosp,quantile,0.6,29.52712289885573
20,2026-09-26,3,2026-10-17,wk inc covid hosp,quantile,0.6,17.699136776159218
21,2026-09-26,3,2026-10-17,wk inc covid hosp,quantile,0.6,39.89351328181088
22,2026-09-26,3,2026-10-17,wk inc covid hosp,quantile,0.6,115.69649910343442
23,2026-09-26,3,2026-10-17,wk inc covid hosp,quantile,0.6,6.006085421406579
24,2026-09-26,3,2026-10-17,wk inc covid hosp,quantile,0.6,65.02201972965781
25,2026-09-26,3,2026-10-17,wk inc covid hosp,quantile,0.6,73.75529191049854
26,2026-09-26,3,2026-10-17,wk inc covid hosp,quantile,0.6,104.99328369444395
27,2026-09-26,3,2026-10-17,wk inc covid hosp,quantile,0.6,51.34272942995118
28,2026-09-26,3,2026-10-17,wk inc covid hosp,quantile,0.6,42.97129365765135
29,2026-09-26,3,2026-10-17,wk inc covid hosp,quantile,0.6,70.2000266122667
30,2026-09-26,3,2026-10-17,wk inc covid hosp,quantile,0.6,24.95266270632438
31,2026-09-26,3,2026-10-17,wk inc covid hosp,quantile,0.6,10.643219562344035
32,2026-09-26,3,2026-10-17,wk inc covid hosp,quantile,0.6,51.0521890644212
33,2026-09-26,3,2026-10-17,wk inc covid hosp,quantile,0.6,4.734639731000054
34,2026-09-26,3,2026-10-17,wk inc covid hosp,quantile,0.6,191.34119586444658
35,2026-09-26,3,2026-10-17,wk inc covid hosp,quantile,0.6,14.152143795534538
36,2026-09-26,3,2026-10-17,wk inc covid hosp,quantile,0.6,390.6085219090737
37,2026-09-26,3,2026-10-17,wk inc covid hosp,quantile,0.6,283.10953220907163
38,2026-09-26,3,2026-10-17,wk inc covid hosp,quantile,0.6,4.422992135819141
39,2026-09-26,3,2026-10-17,wk inc covid hosp,quantile,0.6,113.95239753923651
40,2026-09-26,3,2026-10-17,wk inc covid hosp,quantile,0.6,33.59277453115669
41,2026-09-26,3,2026-10-17,wk inc covid hosp,quantile,0.6,62.514444259118264
42,2026-09-26,3,2026-10-17,wk inc covid hosp,quantile,0.6,272.5627771379358
44,2026-09-26,3,2026-10-17,wk inc covid hosp,quantile,0.6,26.715173742598
45,2026-09-26,3,2026-10-17,wk inc covid hosp,quantile,0.6,78.40848196558927
46,2026-09-26,3,2026-10-17,wk inc covid hosp,quantile,0.6,11.556189142315816
47,2026-09-26,3,2026-10-17,wk inc covid hosp,quantile,0.6,112.82969051033587
48,2026-09-26,3,2026-10-17,wk inc covid hosp,quantile,0.6,557.4672014223759
49,2026-09-26,3,2026-10-17,wk inc covid hosp,quantile,0.6,43.23332611351711
50,2026-09-26,3,2026-10-17,wk inc covid hosp,quantile,0.6,5.086832135863888
51,2026-09-26,3,2026-10-17,wk inc covid hosp,quantile,0.6,88.86313171068659
53,2026-09-26,3,2026-10-17,wk inc covid hosp,quantile,0.6,194.9715534944096
54,2026-09-26,3,2026-10-17,wk inc covid hosp,quantile,0.6,35.83638454741078
55,2026-09-26,3,2026-10-17,wk inc covid hosp,quantile,0.6,48.32410007290306
56,2026-09-26,3,2026-10-17,wk inc covid hosp,quantile,0.6,2.094885398864259
72,2026-09-26,3,2026-10-17,wk inc covid hosp,quantile,0.6,136.24596964173793
US,2026-09-26,3,2026-10-17,wk inc covid hosp,quantile,0.6,6157.872263322208
01,2026-09-26,0,2026-09-26,wk inc covid hosp,quantile,0.65,110.6034016777324
02,2026-09-26,0,2026-09-26,wk inc covid hosp,quantile,0.65,3.482401998827964
04,2026-09-26,0,2026-09-26,wk inc covid hosp,quantile,0.65,91.53494538561543
05,2026-09-26,0,2026-09-26,wk inc covid hosp,quantile,0.65,18.949805375169486
06,2026-09-26,0,2026-09-26,wk inc covid hosp,quantile,0.65,1130.3378616381456
08,2026-09-26,0,2026-09-26,wk inc covid hosp,quantile,0.65,38.714815245026344
09,2026-09-26,0,2026-09-26,wk inc covid hosp,quantile,0.65,46.6495029539364
10,2026-09-26,0,2026-09-26,wk inc covid hosp,quantile,0.65,7.829037925123481
11,2026-09-26,0,2026-09-26,wk inc covid hosp,quantile,0.65,7.365671851526743
12,2026-09-26,0,2026-09-26,wk inc covid hosp,quantile,0.65,704.4065319075974
13,2026-09-26,0,2026-09-26,wk inc covid hosp,quantile,0.65,120.13837228492552
15,2026-09-26,0,2026-09-26,wk inc covid hosp,quantile,0.65,46.95450153143153
16,2026-09-26,0,2026-09-26,wk inc covid hosp,quantile,0.65,14.338698846211251
17,2026-09-26,0,2026-09-26,wk inc covid hosp,quantile,0.65,79.80409229200122
18,2026-09-26,0,2026-09-26,wk inc covid hosp,quantile,0.65,34.55321963438422
19,2026-09-26,0,2026-09-26,wk inc covid hosp,quantile,0.65,19.951785589447606
20,2026-09-26,0,2026-09-26,wk inc covid hosp,quantile,0.65,10.838076707393872
21,2026-09-26,0,2026-09-26,wk inc covid hosp,quantile,0.65,27.728432402883204
22,2026-09-26,0,2026-09-26,wk inc covid hosp,quantile,0.65,99.9520301738934
23,2026-09-26,0,2026-09-26,wk inc covid hosp,quantile,0.65,2.711586071818813
24,2026-09-26,0,2026-09-26,wk inc covid hosp,quantile,0.65,43.29386881879246
25,2026-09-26,0,2026-09-26,wk inc covid hosp,quantile,0.65,48.41184579512953
26,2026-09-26,0,2026-09-26,wk inc covid hosp,quantile,0.65,65.30022316373824
27,2026-09-26,0,2026-09-26,wk inc covid hosp,quantile,0.65,34.06049251216462
28,2026-09-26,0,2026-09-26,wk inc covid hosp,quantile,0.65,38.04472898293671
29,2026-09-26,0,2026-09-26,wk inc covid hosp,quantile,0.65,48.57401217334902
30,2026-09-26,0,2026-09-26,wk inc covid hosp,quantile,0.65,16.1597253080552
31,2026-09-26,0,2026-09-26,wk inc covid hosp,quantile,0.65,6.957944259055954
32,2026-09-26,0,2026-09-26,wk inc covid hosp,quantile,0.65,42.68997090552043
33,2026-09-26,0,2026-09-26,wk inc covid hosp,quantile,0.65,2.7836520836237826
34,2026-09-26,0,2026-09-26,wk inc covid hosp,quantile,0.65,154.2108289456541
35,2026-09-26,0,2026-09-26,wk inc covid hosp,quantile,0.65,11.778611053202722
36,2026-09-26,0,2026-09-26,wk inc covid hosp,quantile,0.65,307.67322585599476
37,2026-09-26,0,2026-09-26,wk inc covid hosp,quantile,0.65,241.45583957540728
38,2026-09-26,0,2026-09-26,wk inc covid hosp,quantile,0.65,2.011705718632874
39,2026-09-26,0,2026-09-26,wk inc covid hosp,quantile,0.65,79.2771862627308
40,2026-09-26,0,2026-09-26,wk inc covid hosp,quantile,0.65,25.359778378548096
41,2026-09-26,0,2026-09-26,wk inc covid hosp,quantile,0.65,47.32039532805169
42,2026-09-26,0,2026-09-26,wk inc covid hosp,quantile,0.65,191.5354977946612
44,2026-09-26,0,2026-09-26,wk inc covid hosp,quantile,0.65,18.712816128602995
45,2026-09-26,0,2026-09-26,wk inc covid hosp,quantile,0.65,69.48194209739509
46,2026-09-26,0,2026-09-26,wk inc covid hosp,quantile,0.65,7.693630368857184
47,2026-09-26,0,2026-09-26,wk inc covid hosp,quantile,0.65,92.3845900493802
48,2026-09-26,0,2026-09-26,wk inc covid hosp,quantile,0.65,527.0540819083616
49,2026-09-26,0,2026-09-26,wk inc covid hosp,quantile,0.65,30.778624706905006
50,2026-09-26,0,2026-09-26,wk inc covid hosp,quantile,0.65,3.6601361897531057
51,2026-09-26,0,2026-09-26,wk inc covid hosp,quantile,0.65,64.92500528495955
53,2026-09-26,0,2026-09-26,wk inc covid hosp,quantile,0.65,158.74594959482656
54,2026-09-26,0,2026-09-26,wk inc covid hosp,quantile,0.65,21.98921577166673
55,2026-09-26,0,2026-09-26,wk inc covid hosp,quantile,0.65,30.900254973959346
56,2026-09-26,0,2026-09-26,wk inc covid hosp,quantile,0.65,0.9961595802438725
72,2026-09-26,0,2026-09-26,wk inc covid hosp,quantile,0.65,123.0939688479349
US,2026-09-26,0,2026-09-26,wk inc covid hosp,quantile,0.65,5070.672798520598
01,2026-09-26,1,2026-10-03,wk inc covid hosp,quantile,0.65,118.2770831136039
02,2026-09-26,1,2026-10-03,wk inc covid hosp,quantile,0.65,3.822984570199171
04,2026-09-26,1,2026-10-03,wk inc covid hosp,quantile,0.65,101.32372678599687
05,2026-09-26,1,2026-10-03,wk inc covid hosp,quantile,0.65,21.307912692296007
06,2026-09-26,1,2026-10-03,wk inc covid hosp,quantile,0.65,1201.9248829002186
08,2026-09-26,1,2026-10-03,wk inc covid hosp,quantile,0.65,44.77484340514036
09,2026-09-26,1,2026-10-03,wk inc covid hosp,quantile,0.65,56.90386822061263
10,2026-09-26,1,2026-10-03,wk inc covid hosp,quantile,0.65,9.246540168095883
11,2026-09-26,1,2026-10-03,wk inc covid hosp,quantile,0.65,8.753182505314513
12,2026-09-26,1,2026-10-03,wk inc covid hosp,quantile,0.65,744.949432293262
13,2026-09-26,1,2026-10-03,wk inc covid hosp,quantile,0.65,131.3068584377091
15,2026-09-26,1,2026-10-03,wk inc covid hosp,quantile,0.65,51.939440933436295
16,2026-09-26,1,2026-10-03,wk inc covid hosp,quantile,0.65,16.541336358575627
17,2026-09-26,1,2026-10-03,wk inc covid hosp,quantile,0.65,96.67637019927285
18,2026-09-26,1,2026-10-03,wk inc covid hosp,quantile,0.65,40.73629561127752
19,2026-09-26,1,2026-10-03,wk inc covid hosp,quantile,0.65,23.17102882732966
20,2026-09-26,1,2026-10-03,wk inc covid hosp,quantile,0.65,13.033641943942996
21,2026-09-26,1,2026-10-03,wk inc covid hosp,quantile,0.65,32.267727991003866
22,2026-09-26,1,2026-10-03,wk inc covid hosp,quantile,0.65,108.93801877736185
23,2026-09-26,1,2026-10-03,wk inc covid hosp,quantile,0.65,4.021311180095338
24,2026-09-26,1,2026-10-03,wk inc covid hosp,quantile,0.65,52.110209338045486
25,2026-09-26,1,2026-10-03,wk inc covid hosp,quantile,0.65,58.7056072409045
26,2026-09-26,1,2026-10-03,wk inc covid hosp,quantile,0.65,78.06297975252876
27,2026-09-26,1,2026-10-03,wk inc covid hosp,quantile,0.65,40.886518292813626
28,2026-09-26,1,2026-10-03,wk inc covid hosp,quantile,0.65,39.81632566169803
29,2026-09-26,1,2026-10-03,wk inc covid hosp,quantile,0.65,56.406414683534784
30,2026-09-26,1,2026-10-03,wk inc covid hosp,quantile,0.65,20.268073093432584
31,2026-09-26,1,2026-10-03,wk inc covid hosp,quantile,0.65,8.335814166926514
32,2026-09-26,1,2026-10-03,wk inc covid hosp,quantile,0.65,45.9779625124234
33,2026-09-26,1,2026-10-03,wk inc covid hosp,quantile,0.65,3.424832508719501
34,2026-09-26,1,2026-10-03,wk inc covid hosp,quantile,0.65,169.2589049780363
35,2026-09-26,1,2026-10-03,wk inc covid hosp,quantile,0.65,12.773225340292463
36,2026-09-26,1,2026-10-03,wk inc covid hosp,quantile,0.65,345.87567574610193
37,2026-09-26,1,2026-10-03,wk inc covid hosp,quantile,0.65,258.9802881154929
38,2026-09-26,1,2026-10-03,wk inc covid hosp,quantile,0.65,3.061435898736438
39,2026-09-26,1,2026-10-03,wk inc covid hosp,quantile,0.65,93.23635704336684
40,2026-09-26,1,2026-10-03,wk inc covid hosp,quantile,0.65,29.133911117856364
41,2026-09-26,1,2026-10-03,wk inc covid hosp,quantile,0.65,54.84438553409264
42,2026-09-26,1,2026-10-03,wk inc covid hosp,quantile,0.65,223.62677120349406
44,2026-09-26,1,2026-10-03,wk inc covid hosp,quantile,0.65,22.285497896049034
45,2026-09-26,1,2026-10-03,wk inc covid hosp,quantile,0.65,74.8866145898427
46,2026-09-26,1,2026-10-03,wk inc covid hosp,quantile,0.65,9.586174494201583
47,2026-09-26,1,2026-10-03,wk inc covid hosp,quantile,0.65,101.76941283461164
48,2026-09-26,1,2026-10-03,wk inc covid hosp,quantile,0.65,548.6282810352217
49,2026-09-26,1,2026-10-03,wk inc covid hosp,quantile,0.65,35.855678203698844
50,2026-09-26,1,2026-10-03,wk inc covid hosp,quantile,0.65,4.327283039951266
51,2026-09-26,1,2026-10-03,wk inc covid hosp,quantile,0.65,74.2196376293886
53,2026-09-26,1,2026-10-03,wk inc covid hosp,quantile,0.65,176.57931528342374
54,2026-09-26,1,2026-10-03,wk inc covid hosp,quantile,0.65,28.297645634059254
55,2026-09-26,1,2026-10-03,wk inc covid hosp,quantile,0.65,37.90029049178699
56,2026-09-26,1,2026-10-03,wk inc covid hosp,quantile,0.65,1.5506459151527119
72,2026-09-26,1,2026-10-03,wk inc covid hosp,quantile,0.65,132.24661559497778
US,2026-09-26,1,2026-10-03,wk inc covid hosp,quantile,0.65,5496.0215996669795
01,2026-09-26,2,2026-10-10,wk inc covid hosp,quantile,0.65,125.65237748238525
02,2026-09-26,2,2026-10-10,wk inc covid hosp,quantile,0.65,4.3671956221726935
04,2026-09-26,2,2026-10-10,wk inc covid hosp,quantile,0.65,108.91124165853272
05,2026-09-26,2,2026-10-10,wk inc covid hosp,quantile,0.65,25.621469330048456
06,2026-09-26,2,2026-10-10,wk inc covid hosp,quantile,0.65,1262.341788731651
08,2026-09-26,2,2026-10-10,wk inc covid hosp,quantile,0.65,52.30427708398121
09,2026-09-26,2,2026-10-10,wk inc covid hosp,quantile,0.65,67.45897058095844
10,2026-09-26,2,2026-10-10,wk inc covid hosp,quantile,0.65,10.48518487080935
11,2026-09-26,2,2026-10-10,wk inc covid hosp,quantile,0.65,10.099998046974381
12,2026-09-26,2,2026-10-10,wk inc covid hosp,quantile,0.65,788.864060475084
13,2026-09-26,2,2026-10-10,wk inc covid hosp,quantile,0.65,138.9639236830397
15,2026-09-26,2,2026-10-10,wk inc covid hosp,quantile,0.65,55.389163246973
16,2026-09-26,2,2026-10-10,wk inc covid hosp,quantile,0.65,18.288680782882032
17,2026-09-26,2,2026-10-10,wk inc covid hosp,quantile,0.65,114.5557181655265
18,2026-09-26,2,2026-10-10,wk inc covid hosp,quantile,0.65,48.50223034855948
19,2026-09-26,2,2026-10-10,wk inc covid hosp,quantile,0.65,28.5271312349914
20,2026-09-26,2,2026-10-10,wk inc covid hosp,quantile,0.65,15.946068929989675
21,2026-09-26,2,2026-10-10,wk inc covid hosp,quantile,0.65,37.46300514465049
22,2026-09-26,2,2026-10-10,wk inc covid hosp,quantile,0.65,115.16637840525992
23,2026-09-26,2,2026-10-10,wk inc covid hosp,quantile,0.65,5.750065005057146
24,2026-09-26,2,2026-10-10,wk inc covid hosp,quantile,0.65,60.36487729502171
25,2026-09-26,2,2026-10-10,wk inc covid hosp,quantile,0.65,69.21082009220451
26,2026-09-26,2,2026-10-10,wk inc covid hosp,quantile,0.65,95.92850344577263
27,2026-09-26,2,2026-10-10,wk inc covid hosp,quantile,0.65,48.96234885740578
28,2026-09-26,2,2026-10-10,wk inc covid hosp,quantile,0.65,43.22786292640306
29,2026-09-26,2,2026-10-10,wk inc covid hosp,quantile,0.65,65.20466541024399
30,2026-09-26,2,2026-10-10,wk inc covid hosp,quantile,0.65,24.013358615638634
31,2026-09-26,2,2026-10-10,wk inc covid hosp,quantile,0.65,10.090579035486128
32,2026-09-26,2,2026-10-10,wk inc covid hosp,quantile,0.65,51.70884148050746
33,2026-09-26,2,2026-10-10,wk inc covid hosp,quantile,0.65,4.6900309266842495
34,2026-09-26,2,2026-10-10,wk inc covid hosp,quantile,0.65,189.3120186784972
35,2026-09-26,2,2026-10-10,wk inc covid hosp,quantile,0.65,14.449427165889698
36,2026-09-26,2,2026-10-10,wk inc covid hosp,quantile,0.65,376.03595442607775
37,2026-09-26,2,2026-10-10,wk inc covid hosp,quantile,0.65,276.623086401132
38,2026-09-26,2,2026-10-10,wk inc covid hosp,quantile,0.65,4.147900402380407
39,2026-09-26,2,2026-10-10,wk inc covid hosp,quantile,0.65,107.77398649114221
40,2026-09-26,2,2026-10-10,wk inc covid hosp,quantile,0.65,32.34428397200411
41,2026-09-26,2,2026-10-10,wk inc covid hosp,quantile,0.65,61.120663975090736
42,2026-09-26,2,2026-10-10,wk inc covid hosp,quantile,0.65,258.22575860339066
44,2026-09-26,2,2026-10-10,wk inc covid hosp,quantile,0.65,26.580278219198142
45,2026-09-26,2,2026-10-10,wk inc covid hosp,quantile,0.65,79.7833349394867
46,2026-09-26,2,2026-10-10,wk inc covid hosp,quantile,0.65,11.571025424146052
47,2026-09-26,2,2026-10-10,wk inc covid hosp,quantile,0.65,110.40974067781723
48,2026-09-26,2,2026-10-10,wk inc covid hosp,quantile,0.65,571.7312980505757
49,2026-09-26,2,2026-10-10,wk inc covid hosp,quantile,0.65,41.17411388617054
50,2026-09-26,2,2026-10-10,wk inc covid hosp,quantile,0.65,5.07070581062735
51,2026-09-26,2,2026-10-10,wk inc covid hosp,quantile,0.65,84.50573441023737
53,2026-09-26,2,2026-10-10,wk inc covid hosp,quantile,0.65,191.7970756873222
54,2026-09-26,2,2026-10-10,wk inc covid hosp,quantile,0.65,33.49406091388824
55,2026-09-26,2,2026-10-10,wk inc covid hosp,quantile,0.65,44.61893499476532
56,2026-09-26,2,2026-10-10,wk inc covid hosp,quantile,0.65,1.9157797036045074
72,2026-09-26,2,2026-10-10,wk inc covid hosp,quantile,0.65,136.6115502042051
US,2026-09-26,2,2026-10-10,wk inc covid hosp,quantile,0.65,5908.445730356486
01,2026-09-26,3,2026-10-17,wk inc covid hosp,quantile,0.65,132.53943765745134
02,2026-09-26,3,2026-10-17,wk inc covid hosp,quantile,0.65,4.9932129027689705
04,2026-09-26,3,2026-10-17,wk inc covid hosp,quantile,0.65,117.3663638778009
05,2026-09-26,3,2026-10-17,wk inc covid hosp,quantile,0.65,29.170805495029274
06,2026-09-26,3,2026-10-17,wk inc covid hosp,quantile,0.65,1300.5655194371798
08,2026-09-26,3,2026-10-17,wk inc covid hosp,quantile,0.65,60.62581999701536
09,2026-09-26,3,2026-10-17,wk inc covid hosp,quantile,0.65,79.18209241931837
10,2026-09-26,3,2026-10-17,wk inc covid hosp,quantile,0.65,12.215797128959187
11,2026-09-26,3,2026-10-17,wk inc covid hosp,quantile,0.65,11.692644674136112
12,2026-09-26,3,2026-10-17,wk inc covid hosp,quantile,0.65,819.229297642922
13,2026-09-26,3,2026-10-17,wk inc covid hosp,quantile,0.65,147.42037710224216
15,2026-09-26,3,2026-10-17,wk inc covid hosp,quantile,0.65,58.79390350756151
16,2026-09-26,3,2026-10-17,wk inc covid hosp,quantile,0.65,20.65408175112823
17,2026-09-26,3,2026-10-17,wk inc covid hosp,quantile,0.65,133.2378547489453
18,2026-09-26,3,2026-10-17,wk inc covid hosp,quantile,0.65,57.01722492494312
19,2026-09-26,3,2026-10-17,wk inc covid hosp,quantile,0.65,32.86099467137157
20,2026-09-26,3,2026-10-17,wk inc covid hosp,quantile,0.65,19.937425639822592
21,2026-09-26,3,2026-10-17,wk inc covid hosp,quantile,0.65,43.95977728380641
22,2026-09-26,3,2026-10-17,wk inc covid hosp,quantile,0.65,122.29118326141185
23,2026-09-26,3,2026-10-17,wk inc covid hosp,quantile,0.65,7.1772211344399794
24,2026-09-26,3,2026-10-17,wk inc covid hosp,quantile,0.65,69.68239744658042
25,2026-09-26,3,2026-10-17,wk inc covid hosp,quantile,0.65,80.86044424051937
26,2026-09-26,3,2026-10-17,wk inc covid hosp,quantile,0.65,116.61342608810705
27,2026-09-26,3,2026-10-17,wk inc covid hosp,quantile,0.65,56.22551190209181
28,2026-09-26,3,2026-10-17,wk inc covid hosp,quantile,0.65,46.60073015132252
29,2026-09-26,3,2026-10-17,wk inc covid hosp,quantile,0.65,76.04187339149415
30,2026-09-26,3,2026-10-17,wk inc covid hosp,quantile,0.65,27.641787104792503
31,2026-09-26,3,2026-10-17,wk inc covid hosp,quantile,0.65,12.087332805793844
32,2026-09-26,3,2026-10-17,wk inc covid hosp,quantile,0.65,55.161699347004166
33,2026-09-26,3,2026-10-17,wk inc covid hosp,quantile,0.65,5.896158029824741
34,2026-09-26,3,2026-10-17,wk inc covid hosp,quantile,0.65,206.7915880941393
35,2026-09-26,3,2026-10-17,wk inc covid hosp,quantile,0.65,15.9273627357935
36,2026-09-26,3,2026-10-17,wk inc covid hosp,quantile,0.65,410.58359142111556
37,2026-09-26,3,2026-10-17,wk inc covid hosp,quantile,0.65,297.9783121082101
38,2026-09-26,3,2026-10-17,wk inc covid hosp,quantile,0.65,5.226857184536396
39,2026-09-26,3,2026-10-17,wk inc covid hosp,quantile,0.65,124.24160277863233
40,2026-09-26,3,2026-10-17,wk inc covid hosp,quantile,0.65,36.46577783231777
41,2026-09-26,3,2026-10-17,wk inc covid hosp,quantile,0.65,66.75588515472933
42,2026-09-26,3,2026-10-17,wk inc covid hosp,quantile,0.65,292.4612155902848
44,2026-09-26,3,2026-10-17,wk inc covid hosp,quantile,0.65,29.38422219036354
45,2026-09-26,3,2026-10-17,wk inc covid hosp,quantile,0.65,84.74122902671449
46,2026-09-26,3,2026-10-17,wk inc covid hosp,quantile,0.65,13.133703496516885
47,2026-09-26,3,2026-10-17,wk inc covid hosp,quantile,0.65,120.95978574932623
48,2026-09-26,3,2026-10-17,wk inc covid hosp,quantile,0.65,594.135396574589
49,2026-09-26,3,2026-10-17,wk inc covid hosp,quantile,0.65,46.335529291437425
50,2026-09-26,3,2026-10-17,wk inc covid hosp,quantile,0.65,6.05148549174753
51,2026-09-26,3,2026-10-17,wk inc covid hosp,quantile,0.65,95.07904069619367
53,2026-09-26,3,2026-10-17,wk inc covid hosp,quantile,0.65,203.46348142287493
54,2026-09-26,3,2026-10-17,wk inc covid hosp,quantile,0.65,39.15848836166024
55,2026-09-26,3,2026-10-17,wk inc covid hosp,quantile,0.65,52.82595932233425
56,2026-09-26,3,2026-10-17,wk inc covid hosp,quantile,0.65,2.896434507547821
72,2026-09-26,3,2026-10-17,wk inc covid hosp,quantile,0.65,147.84296660567267
US,2026-09-26,3,2026-10-17,wk inc covid hosp,quantile,0.65,6380.975922036209
01,2026-09-26,0,2026-09-26,wk inc covid hosp,quantile,0.7,113.96582492379181
02,2026-09-26,0,2026-09-26,wk inc covid hosp,quantile,0.7,3.82246818386685
04,2026-09-26,0,2026-09-26,wk inc covid hosp,quantile,0.7,95.51575427744679
05,2026-09-26,0,2026-09-26,wk inc covid hosp,quantile,0.7,20.06058384591657
06,2026-09-26,0,2026-09-26,wk inc covid hosp,quantile,0.7,1150.029890234497
08,2026-09-26,0,2026-09-26,wk inc covid hosp,quantile,0.7,40.843791654048914
09,2026-09-26,0,2026-09-26,wk inc covid hosp,quantile,0.7,49.24160411627874
10,2026-09-26,0,2026-09-26,wk inc covid hosp,quantile,0.7,8.28676278458183
11,2026-09-26,0,2026-09-26,wk inc covid hosp,quantile,0.7,7.9857427157236325
12,2026-09-26,0,2026-09-26,wk inc covid hosp,quantile,0.7,731.4424780979086
13,2026-09-26,0,2026-09-26,wk inc covid hosp,quantile,0.7,124.10994513022297
15,2026-09-26,0,2026-09-26,wk inc covid hosp,quantile,0.7,48.534494491078995
16,2026-09-26,0,2026-09-26,wk inc covid hosp,quantile,0.7,15.27520705353043
17,2026-09-26,0,2026-09-26,wk inc covid hosp,quantile,0.7,83.87129830946539
18,2026-09-26,0,2026-09-26,wk inc covid hosp,quantile,0.7,36.42065214919466
19,2026-09-26,0,2026-09-26,wk inc covid hosp,quantile,0.7,21.22792218369717
20,2026-09-26,0,2026-09-26,wk inc covid hosp,quantile,0.7,11.737864119814661
21,2026-09-26,0,2026-09-26,wk inc covid hosp,quantile,0.7,29.432062676000957
22,2026-09-26,0,2026-09-26,wk inc covid hosp,quantile,0.7,103.27512777708156
23,2026-09-26,0,2026-09-26,wk inc covid hosp,quantile,0.7,3.1516672060332938
24,2026-09-26,0,2026-09-26,wk inc covid hosp,quantile,0.7,45.06175080571654
25,2026-09-26,0,2026-09-26,wk inc covid hosp,quantile,0.7,50.72674041590747
26,2026-09-26,0,2026-09-26,wk inc covid hosp,quantile,0.7,69.35763845399893
27,2026-09-26,0,2026-09-26,wk inc covid hosp,quantile,0.7,35.94295756204628
28,2026-09-26,0,2026-09-26,wk inc covid hosp,quantile,0.7,39.78095883134342
29,2026-09-26,0,2026-09-26,wk inc covid hosp,quantile,0.7,50.52708467940657
30,2026-09-26,0,2026-09-26,wk inc covid hosp,quantile,0.7,17.39781851925876
31,2026-09-26,0,2026-09-26,wk inc covid hosp,quantile,0.7,7.628539323330259
32,2026-09-26,0,2026-09-26,wk inc covid hosp,quantile,0.7,44.22740906566274
33,2026-09-26,0,2026-09-26,wk inc covid hosp,quantile,0.7,3.2716542738534695
34,2026-09-26,0,2026-09-26,wk inc covid hosp,quantile,0.7,160.5715880115058
35,2026-09-26,0,2026-09-26,wk inc covid hosp,quantile,0.7,12.656515901326863
36,2026-09-26,0,2026-09-26,wk inc covid hosp,quantile,0.7,315.17497798523186
37,2026-09-26,0,2026-09-26,wk inc covid hosp,quantile,0.7,247.2426863602812
38,2026-09-26,0,2026-09-26,wk inc covid hosp,quantile,0.7,2.3327302832981425
39,2026-09-26,0,2026-09-26,wk inc covid hosp,quantile,0.7,82.96940733902383
40,2026-09-26,0,2026-09-26,wk inc covid hosp,quantile,0.7,26.867660962311565
41,2026-09-26,0,2026-09-26,wk inc covid hosp,quantile,0.7,49.19754537606525
42,2026-09-26,0,2026-09-26,wk inc covid hosp,quantile,0.7,199.45391501802322
44,2026-09-26,0,2026-09-26,wk inc covid hosp,quantile,0.7,19.848278576002617
45,2026-09-26,0,2026-09-26,wk inc covid hosp,quantile,0.7,71.87421837625399
46,2026-09-26,0,2026-09-26,wk inc covid hosp,quantile,0.7,8.445228507810874
47,2026-09-26,0,2026-09-26,wk inc covid hosp,quantile,0.7,96.32582821730165
48,2026-09-26,0,2026-09-26,wk inc covid hosp,quantile,0.7,544.4476534471853
49,2026-09-26,0,2026-09-26,wk inc covid hosp,quantile,0.7,32.16146082628614
50,2026-09-26,0,2026-09-26,wk inc covid hosp,quantile,0.7,4.0449665526276934
51,2026-09-26,0,2026-09-26,wk inc covid hosp,quantile,0.7,67.17904344413418
53,2026-09-26,0,2026-09-26,wk inc covid hosp,quantile,0.7,162.54523936174266
54,2026-09-26,0,2026-09-26,wk inc covid hosp,quantile,0.7,23.26077221282757
55,2026-09-26,0,2026-09-26,wk inc covid hosp,quantile,0.7,33.135363398319825
56,2026-09-26,0,2026-09-26,wk inc covid hosp,quantile,0.7,1.3004323646506097
72,2026-09-26,0,2026-09-26,wk inc covid hosp,quantile,0.7,127.76229713089276
US,2026-09-26,0,2026-09-26,wk inc covid hosp,quantile,0.7,5164.369999376749
01,2026-09-26,1,2026-10-03,wk inc covid hosp,quantile,0.7,123.80064638313058
02,2026-09-26,1,2026-10-03,wk inc covid hosp,quantile,0.7,4.347660117474356
04,2026-09-26,1,2026-10-03,wk inc covid hosp,quantile,0.7,106.65144122225341
05,2026-09-26,1,2026-10-03,wk inc covid hosp,quantile,0.7,23.21301290513095
06,2026-09-26,1,2026-10-03,wk inc covid hosp,quantile,0.7,1231.3599132160127
08,2026-09-26,1,2026-10-03,wk inc covid hosp,quantile,0.7,48.23367545340972
09,2026-09-26,1,2026-10-03,wk inc covid hosp,quantile,0.7,61.69216430099872
10,2026-09-26,1,2026-10-03,wk inc covid hosp,quantile,0.7,10.082161237244842
11,2026-09-26,1,2026-10-03,wk inc covid hosp,quantile,0.7,9.77845789080014
12,2026-09-26,1,2026-10-03,wk inc covid hosp,quantile,0.7,782.2167542290556
13,2026-09-26,1,2026-10-03,wk inc covid hosp,quantile,0.7,136.707016112421
15,2026-09-26,1,2026-10-03,wk inc covid hosp,quantile,0.7,54.43774177778149
16,2026-09-26,1,2026-10-03,wk inc covid hosp,quantile,0.7,17.83189096220792
17,2026-09-26,1,2026-10-03,wk inc covid hosp,quantile,0.7,101.8035255389933
18,2026-09-26,1,2026-10-03,wk inc covid hosp,quantile,0.7,44.27463357126879
19,2026-09-26,1,2026-10-03,wk inc covid hosp,quantile,0.7,25.173055564331353
20,2026-09-26,1,2026-10-03,wk inc covid hosp,quantile,0.7,14.631628771787812
21,2026-09-26,1,2026-10-03,wk inc covid hosp,quantile,0.7,34.38972227720253
22,2026-09-26,1,2026-10-03,wk inc covid hosp,quantile,0.7,114.35645573741142
23,2026-09-26,1,2026-10-03,wk inc covid hosp,quantile,0.7,4.742402919401922
24,2026-09-26,1,2026-10-03,wk inc covid hosp,quantile,0.7,55.51723777417807
25,2026-09-26,1,2026-10-03,wk inc covid hosp,quantile,0.7,61.92475280421526
26,2026-09-26,1,2026-10-03,wk inc covid hosp,quantile,0.7,83.85677335644628
27,2026-09-26,1,2026-10-03,wk inc covid hosp,quantile,0.7,43.48697396823424
28,2026-09-26,1,2026-10-03,wk inc covid hosp,quantile,0.7,42.205891778665816
29,2026-09-26,1,2026-10-03,wk inc covid hosp,quantile,0.7,59.603146185038064
30,2026-09-26,1,2026-10-03,wk inc covid hosp,quantile,0.7,22.175011739524393
31,2026-09-26,1,2026-10-03,wk inc covid hosp,quantile,0.7,9.12729282415467
32,2026-09-26,1,2026-10-03,wk inc covid hosp,quantile,0.7,48.136211699864006
33,2026-09-26,1,2026-10-03,wk inc covid hosp,quantile,0.7,4.070822149817559
34,2026-09-26,1,2026-10-03,wk inc covid hosp,quantile,0.7,178.76598225646742
35,2026-09-26,1,2026-10-03,wk inc covid hosp,quantile,0.7,14.277824288267588
36,2026-09-26,1,2026-10-03,wk inc covid hosp,quantile,0.7,356.65388676454916
37,2026-09-26,1,2026-10-03,wk inc covid hosp,quantile,0.7,269.34253064538757
38,2026-09-26,1,2026-10-03,wk inc covid hosp,quantile,0.7,3.569247115339685
39,2026-09-26,1,2026-10-03,wk inc covid hosp,quantile,0.7,99.73821939959468
40,2026-09-26,1,2026-10-03,wk inc covid hosp,quantile,0.7,31.15589295120667
41,2026-09-26,1,2026-10-03,wk inc covid hosp,quantile,0.7,57.31084522531886
42,2026-09-26,1,2026-10-03,wk inc covid hosp,quantile,0.7,237.12622599855897
44,2026-09-26,1,2026-10-03,wk inc covid hosp,quantile,0.7,24.290781320237297
45,2026-09-26,1,2026-10-03,wk inc covid hosp,quantile,0.7,78.99117859008405
46,2026-09-26,1,2026-10-03,wk inc covid hosp,quantile,0.7,10.766592662901655
47,2026-09-26,1,2026-10-03,wk inc covid hosp,quantile,0.7,107.04457895380182
48,2026-09-26,1,2026-10-03,wk inc covid hosp,quantile,0.7,574.6637568252094
49,2026-09-26,1,2026-10-03,wk inc covid hosp,quantile,0.7,38.25630903369353
50,2026-09-26,1,2026-10-03,wk inc covid hosp,quantile,0.7,5.019264735020571
51,2026-09-26,1,2026-10-03,wk inc covid hosp,quantile,0.7,78.75967950841154
53,2026-09-26,1,2026-10-03,wk inc covid hosp,quantile,0.7,181.8431148821551
54,2026-09-26,1,2026-10-03,wk inc covid hosp,quantile,0.7,30.17846380835257
55,2026-09-26,1,2026-10-03,wk inc covid hosp,quantile,0.7,41.09742439505349
56,2026-09-26,1,2026-10-03,wk inc covid hosp,quantile,0.7,2.134294505914999
72,2026-09-26,1,2026-10-03,wk inc covid hosp,quantile,0.7,140.1761217748088
US,2026-09-26,1,2026-10-03,wk inc covid hosp,quantile,0.7,5648.302034795024
01,2026-09-26,2,2026-10-10,wk inc covid hosp,quantile,0.7,132.26919620548796
02,2026-09-26,2,2026-10-10,wk inc covid hosp,quantile,0.7,5.085221718362355
04,2026-09-26,2,2026-10-10,wk inc covid hosp,quantile,0.7,116.34164655654715
05,2026-09-26,2,2026-10-10,wk inc covid hosp,quantile,0.7,27.617552775458176
06,2026-09-26,2,2026-10-10,wk inc covid hosp,quantile,0.7,1295.3531839938757
08,2026-09-26,2,2026-10-10,wk inc covid hosp,quantile,0.7,56.394968518155075
09,2026-09-26,2,2026-10-10,wk inc covid hosp,quantile,0.7,73.70183940738724
10,2026-09-26,2,2026-10-10,wk inc covid hosp,quantile,0.7,11.815931212239144
11,2026-09-26,2,2026-10-10,wk inc covid hosp,quantile,0.7,11.581539041560779
12,2026-09-26,2,2026-10-10,wk inc covid hosp,quantile,0.7,836.7484812861984
13,2026-09-26,2,2026-10-10,wk inc covid hosp,quantile,0.7,146.64263751356333
15,2026-09-26,2,2026-10-10,wk inc covid hosp,quantile,0.7,59.29447286903789
16,2026-09-26,2,2026-10-10,wk inc covid hosp,quantile,0.7,20.187325742705124
17,2026-09-26,2,2026-10-10,wk inc covid hosp,quantile,0.7,122.47423167525618
18,2026-09-26,2,2026-10-10,wk inc covid hosp,quantile,0.7,53.00877079744719
19,2026-09-26,2,2026-10-10,wk inc covid hosp,quantile,0.7,31.503575696190996
20,2026-09-26,2,2026-10-10,wk inc covid hosp,quantile,0.7,18.08149125299235
21,2026-09-26,2,2026-10-10,wk inc covid hosp,quantile,0.7,40.44280570415405
22,2026-09-26,2,2026-10-10,wk inc covid hosp,quantile,0.7,121.97015561998403
23,2026-09-26,2,2026-10-10,wk inc covid hosp,quantile,0.7,6.681652060101895
24,2026-09-26,2,2026-10-10,wk inc covid hosp,quantile,0.7,64.43120947734815
25,2026-09-26,2,2026-10-10,wk inc covid hosp,quantile,0.7,74.67007523372666
26,2026-09-26,2,2026-10-10,wk inc covid hosp,quantile,0.7,105.50645909262059
27,2026-09-26,2,2026-10-10,wk inc covid hosp,quantile,0.7,53.32511931456857
28,2026-09-26,2,2026-10-10,wk inc covid hosp,quantile,0.7,47.26502355574575
29,2026-09-26,2,2026-10-10,wk inc covid hosp,quantile,0.7,69.69097546351557
30,2026-09-26,2,2026-10-10,wk inc covid hosp,quantile,0.7,26.673160652179085
31,2026-09-26,2,2026-10-10,wk inc covid hosp,quantile,0.7,11.502241283596904
32,2026-09-26,2,2026-10-10,wk inc covid hosp,quantile,0.7,54.58019422580402
33,2026-09-26,2,2026-10-10,wk inc covid hosp,quantile,0.7,5.661631871570574
34,2026-09-26,2,2026-10-10,wk inc covid hosp,quantile,0.7,202.09698464221879
35,2026-09-26,2,2026-10-10,wk inc covid hosp,quantile,0.7,16.115661248697034
36,2026-09-26,2,2026-10-10,wk inc covid hosp,quantile,0.7,391.9056409425298
37,2026-09-26,2,2026-10-10,wk inc covid hosp,quantile,0.7,292.35406141468366
38,2026-09-26,2,2026-10-10,wk inc covid hosp,quantile,0.7,4.882734202652646
39,2026-09-26,2,2026-10-10,wk inc covid hosp,quantile,0.7,116.12662474185571
40,2026-09-26,2,2026-10-10,wk inc covid hosp,quantile,0.7,35.46516727871742
41,2026-09-26,2,2026-10-10,wk inc covid hosp,quantile,0.7,64.87225798142345
42,2026-09-26,2,2026-10-10,wk inc covid hosp,quantile,0.7,274.66946705519916
44,2026-09-26,2,2026-10-10,wk inc covid hosp,quantile,0.7,29.230211053114818
45,2026-09-26,2,2026-10-10,wk inc covid hosp,quantile,0.7,85.3615651818481
46,2026-09-26,2,2026-10-10,wk inc covid hosp,quantile,0.7,13.066754915666701
47,2026-09-26,2,2026-10-10,wk inc covid hosp,quantile,0.7,116.56679084195834
48,2026-09-26,2,2026-10-10,wk inc covid hosp,quantile,0.7,602.2320704697379
49,2026-09-26,2,2026-10-10,wk inc covid hosp,quantile,0.7,44.07613512761122
50,2026-09-26,2,2026-10-10,wk inc covid hosp,quantile,0.7,6.156831257033832
51,2026-09-26,2,2026-10-10,wk inc covid hosp,quantile,0.7,90.27364284238385
53,2026-09-26,2,2026-10-10,wk inc covid hosp,quantile,0.7,197.77478510879538
54,2026-09-26,2,2026-10-10,wk inc covid hosp,quantile,0.7,36.20191270331018
55,2026-09-26,2,2026-10-10,wk inc covid hosp,quantile,0.7,48.852337967430444
56,2026-09-26,2,2026-10-10,wk inc covid hosp,quantile,0.7,2.687464488585943
72,2026-09-26,2,2026-10-10,wk inc covid hosp,quantile,0.7,146.36998061413078
US,2026-09-26,2,2026-10-10,wk inc covid hosp,quantile,0.7,6112.5685228279235
01,2026-09-26,3,2026-10-17,wk inc covid hosp,quantile,0.7,139.82371689783608
02,2026-09-26,3,2026-10-17,wk inc covid hosp,quantile,0.7,5.8460833508426076
04,2026-09-26,3,2026-10-17,wk inc covid hosp,quantile,0.7,126.77442067851138
05,2026-09-26,3,2026-10-17,wk inc covid hosp,quantile,0.7,32.653448427662106
06,2026-09-26,3,2026-10-17,wk inc covid hosp,quantile,0.7,1345.5529757707873
08,2026-09-26,3,2026-10-17,wk inc covid hosp,quantile,0.7,66.19527699017175
09,2026-09-26,3,2026-10-17,wk inc covid hosp,quantile,0.7,88.06830679532673
10,2026-09-26,3,2026-10-17,wk inc covid hosp,quantile,0.7,14.16576032599834
11,2026-09-26,3,2026-10-17,wk inc covid hosp,quantile,0.7,13.562720021584134
12,2026-09-26,3,2026-10-17,wk inc covid hosp,quantile,0.7,886.9744626478464
13,2026-09-26,3,2026-10-17,wk inc covid hosp,quantile,0.7,157.34971041650365
15,2026-09-26,3,2026-10-17,wk inc covid hosp,quantile,0.7,62.892467268232
16,2026-09-26,3,2026-10-17,wk inc covid hosp,quantile,0.7,23.382114266587212
17,2026-09-26,3,2026-10-17,wk inc covid hosp,quantile,0.7,142.8933408742858
18,2026-09-26,3,2026-10-17,wk inc covid hosp,quantile,0.7,63.08185944135636
19,2026-09-26,3,2026-10-17,wk inc covid hosp,quantile,0.7,36.14853819571695
20,2026-09-26,3,2026-10-17,wk inc covid hosp,quantile,0.7,22.514153627284337
21,2026-09-26,3,2026-10-17,wk inc covid hosp,quantile,0.7,48.02353267076114
22,2026-09-26,3,2026-10-17,wk inc covid hosp,quantile,0.7,130.17175589103675
23,2026-09-26,3,2026-10-17,wk inc covid hosp,quantile,0.7,8.674134195083827
24,2026-09-26,3,2026-10-17,wk inc covid hosp,quantile,0.7,74.71411912196342
25,2026-09-26,3,2026-10-17,wk inc covid hosp,quantile,0.7,87.8137121190586
26,2026-09-26,3,2026-10-17,wk inc covid hosp,quantile,0.7,130.78963048721167
27,2026-09-26,3,2026-10-17,wk inc covid hosp,quantile,0.7,61.39986386732279
28,2026-09-26,3,2026-10-17,wk inc covid hosp,quantile,0.7,51.3453714776279
29,2026-09-26,3,2026-10-17,wk inc covid hosp,quantile,0.7,80.84729350628123
30,2026-09-26,3,2026-10-17,wk inc covid hosp,quantile,0.7,30.744241624355997
31,2026-09-26,3,2026-10-17,wk inc covid hosp,quantile,0.7,14.09779144621929
32,2026-09-26,3,2026-10-17,wk inc covid hosp,quantile,0.7,59.19180354812753
33,2026-09-26,3,2026-10-17,wk inc covid hosp,quantile,0.7,7.530417526039395
34,2026-09-26,3,2026-10-17,wk inc covid hosp,quantile,0.7,222.72421958210103
35,2026-09-26,3,2026-10-17,wk inc covid hosp,quantile,0.7,18.018960817826926
36,2026-09-26,3,2026-10-17,wk inc covid hosp,quantile,0.7,429.59197669741224
37,2026-09-26,3,2026-10-17,wk inc covid hosp,quantile,0.7,315.0380431515479
38,2026-09-26,3,2026-10-17,wk inc covid hosp,quantile,0.7,6.429838859382776
39,2026-09-26,3,2026-10-17,wk inc covid hosp,quantile,0.7,133.9060154442248
40,2026-09-26,3,2026-10-17,wk inc covid hosp,quantile,0.7,40.67718056663772
41,2026-09-26,3,2026-10-17,wk inc covid hosp,quantile,0.7,71.34429700455033
42,2026-09-26,3,2026-10-17,wk inc covid hosp,quantile,0.7,317.87697208386044
44,2026-09-26,3,2026-10-17,wk inc covid hosp,quantile,0.7,32.31711690184101
45,2026-09-26,3,2026-10-17,wk inc covid hosp,quantile,0.7,91.9936787508788
46,2026-09-26,3,2026-10-17,wk inc covid hosp,quantile,0.7,15.204333890318948
47,2026-09-26,3,2026-10-17,wk inc covid hosp,quantile,0.7,129.06650066914347
48,2026-09-26,3,2026-10-17,wk inc covid hosp,quantile,0.7,635.9050929404195
49,2026-09-26,3,2026-10-17,wk inc covid hosp,quantile,0.7,50.78046464959512
50,2026-09-26,3,2026-10-17,wk inc covid hosp,quantile,0.7,7.1991149649835044
51,2026-09-26,3,2026-10-17,wk inc covid hosp,quantile,0.7,101.99938897062553
53,2026-09-26,3,2026-10-17,wk inc covid hosp,quantile,0.7,212.3633262998557
54,2026-09-26,3,2026-10-17,wk inc covid hosp,quantile,0.7,42.61070660805435
55,2026-09-26,3,2026-10-17,wk inc covid hosp,quantile,0.7,58.01040363947043
56,2026-09-26,3,2026-10-17,wk inc covid hosp,quantile,0.7,3.9352834949967477
72,2026-09-26,3,2026-10-17,wk inc covid hosp,quantile,0.7,159.96104348315993
US,2026-09-26,3,2026-10-17,wk inc covid hosp,quantile,0.7,6626.080581568784
01,2026-09-26,0,2026-09-26,wk inc covid hosp,quantile,0.75,117.63268910067974
02,2026-09-26,0,2026-09-26,wk inc covid hosp,quantile,0.75,4.288028298499445
04,2026-09-26,0,2026-09-26,wk inc covid hosp,quantile,0.75,99.0062298524502
05,2026-09-26,0,2026-09-26,wk inc covid hosp,quantile,0.75,21.42686409061428
06,2026-09-26,0,2026-09-26,wk inc covid hosp,quantile,0.75,1170.840633743478
08,2026-09-26,0,2026-09-26,wk inc covid hosp,quantile,0.75,42.89250000591181
09,2026-09-26,0,2026-09-26,wk inc covid hosp,quantile,0.75,52.27952525765634
10,2026-09-26,0,2026-09-26,wk inc covid hosp,quantile,0.75,8.960824072859635
11,2026-09-26,0,2026-09-26,wk inc covid hosp,quantile,0.75,8.646120080258925
12,2026-09-26,0,2026-09-26,wk inc covid hosp,quantile,0.75,761.6986620485497
13,2026-09-26,0,2026-09-26,wk inc covid hosp,quantile,0.75,128.52073581508327
15,2026-09-26,0,2026-09-26,wk inc covid hosp,quantile,0.75,50.153143479671776
16,2026-09-26,0,2026-09-26,wk inc covid hosp,quantile,0.75,16.108883294170525
17,2026-09-26,0,2026-09-26,wk inc covid hosp,quantile,0.75,87.62709036011353
18,2026-09-26,0,2026-09-26,wk inc covid hosp,quantile,0.75,38.85128487334223
19,2026-09-26,0,2026-09-26,wk inc covid hosp,quantile,0.75,22.602301000682367
20,2026-09-26,0,2026-09-26,wk inc covid hosp,quantile,0.75,12.835760789430866
21,2026-09-26,0,2026-09-26,wk inc covid hosp,quantile,0.75,31.252845533653606
22,2026-09-26,0,2026-09-26,wk inc covid hosp,quantile,0.75,106.9012661282459
23,2026-09-26,0,2026-09-26,wk inc covid hosp,quantile,0.75,3.6419477382799
24,2026-09-26,0,2026-09-26,wk inc covid hosp,quantile,0.75,47.46048512958665
25,2026-09-26,0,2026-09-26,wk inc covid hosp,quantile,0.75,53.81765593875331
26,2026-09-26,0,2026-09-26,wk inc covid hosp,quantile,0.75,74.51150002258552
27,2026-09-26,0,2026-09-26,wk inc covid hosp,quantile,0.75,38.03132844975147
28,2026-09-26,0,2026-09-26,wk inc covid hosp,quantile,0.75,41.47612965638682
29,2026-09-26,0,2026-09-26,wk inc covid hosp,quantile,0.75,53.137515544823295
30,2026-09-26,0,2026-09-26,wk inc covid hosp,quantile,0.75,18.87865804537207
31,2026-09-26,0,2026-09-26,wk inc covid hosp,quantile,0.75,8.390124559884041
32,2026-09-26,0,2026-09-26,wk inc covid hosp,quantile,0.75,45.99787879141735
33,2026-09-26,0,2026-09-26,wk inc covid hosp,quantile,0.75,3.7701011058677105
34,2026-09-26,0,2026-09-26,wk inc covid hosp,quantile,0.75,166.56138031506654
35,2026-09-26,0,2026-09-26,wk inc covid hosp,quantile,0.75,13.652174103393588
36,2026-09-26,0,2026-09-26,wk inc covid hosp,quantile,0.75,324.9090946104763
37,2026-09-26,0,2026-09-26,wk inc covid hosp,quantile,0.75,254.25755070605808
38,2026-09-26,0,2026-09-26,wk inc covid hosp,quantile,0.75,2.7417167191749043
39,2026-09-26,0,2026-09-26,wk inc covid hosp,quantile,0.75,86.88712552090819
40,2026-09-26,0,2026-09-26,wk inc covid hosp,quantile,0.75,28.601504865461305
41,2026-09-26,0,2026-09-26,wk inc covid hosp,quantile,0.75,51.52141278829561
42,2026-09-26,0,2026-09-26,wk inc covid hosp,quantile,0.75,208.5734568336311
44,2026-09-26,0,2026-09-26,wk inc covid hosp,quantile,0.75,21.16447938920693
45,2026-09-26,0,2026-09-26,wk inc covid hosp,quantile,0.75,74.54515171841102
46,2026-09-26,0,2026-09-26,wk inc covid hosp,quantile,0.75,9.20144916670879
47,2026-09-26,0,2026-09-26,wk inc covid hosp,quantile,0.75,100.25611705324991
48,2026-09-26,0,2026-09-26,wk inc covid hosp,quantile,0.75,565.9746288827963
49,2026-09-26,0,2026-09-26,wk inc covid hosp,quantile,0.75,33.75631541166897
50,2026-09-26,0,2026-09-26,wk inc covid hosp,quantile,0.75,4.490848647131332
51,2026-09-26,0,2026-09-26,wk inc covid hosp,quantile,0.75,70.26390002148159
53,2026-09-26,0,2026-09-26,wk inc covid hosp,quantile,0.75,166.92943877760953
54,2026-09-26,0,2026-09-26,wk inc covid hosp,quantile,0.75,24.741597997806984
55,2026-09-26,0,2026-09-26,wk inc covid hosp,quantile,0.75,35.25312061022623
56,2026-09-26,0,2026-09-26,wk inc covid hosp,quantile,0.75,1.6481230079146338
72,2026-09-26,0,2026-09-26,wk inc covid hosp,quantile,0.75,133.42365612941808
US,2026-09-26,0,2026-09-26,wk inc covid hosp,quantile,0.75,5273.028888231516
01,2026-09-26,1,2026-10-03,wk inc covid hosp,quantile,0.75,129.29399115825237
02,2026-09-26,1,2026-10-03,wk inc covid hosp,quantile,0.75,5.0719172431769435
04,2026-09-26,1,2026-10-03,wk inc covid hosp,quantile,0.75,112.55226121252478
05,2026-09-26,1,2026-10-03,wk inc covid hosp,quantile,0.75,25.134525242487317
06,2026-09-26,1,2026-10-03,wk inc covid hosp,quantile,0.75,1266.884994996934
08,2026-09-26,1,2026-10-03,wk inc covid hosp,quantile,0.75,51.02262572034659
09,2026-09-26,1,2026-10-03,wk inc covid hosp,quantile,0.75,66.5218110439249
10,2026-09-26,1,2026-10-03,wk inc covid hosp,quantile,0.75,11.168228147677972
11,2026-09-26,1,2026-10-03,wk inc covid hosp,quantile,0.75,10.778081410524736
12,2026-09-26,1,2026-10-03,wk inc covid hosp,quantile,0.75,822.6861567567516
13,2026-09-26,1,2026-10-03,wk inc covid hosp,quantile,0.75,142.47844239724876
15,2026-09-26,1,2026-10-03,wk inc covid hosp,quantile,0.75,57.494780445085915
16,2026-09-26,1,2026-10-03,wk inc covid hosp,quantile,0.75,19.38200742922427
17,2026-09-26,1,2026-10-03,wk inc covid hosp,quantile,0.75,107.49113325264543
18,2026-09-26,1,2026-10-03,wk inc covid hosp,quantile,0.75,47.85258861076336
19,2026-09-26,1,2026-10-03,wk inc covid hosp,quantile,0.75,27.679545727841944
20,2026-09-26,1,2026-10-03,wk inc covid hosp,quantile,0.75,16.13454979507652
21,2026-09-26,1,2026-10-03,wk inc covid hosp,quantile,0.75,37.59516841924255
22,2026-09-26,1,2026-10-03,wk inc covid hosp,quantile,0.75,120.25982741970306
23,2026-09-26,1,2026-10-03,wk inc covid hosp,quantile,0.75,5.578615248670438
24,2026-09-26,1,2026-10-03,wk inc covid hosp,quantile,0.75,58.36808893345927
25,2026-09-26,1,2026-10-03,wk inc covid hosp,quantile,0.75,66.49391189137404
26,2026-09-26,1,2026-10-03,wk inc covid hosp,quantile,0.75,90.91127301963309
27,2026-09-26,1,2026-10-03,wk inc covid hosp,quantile,0.75,47.229315994278
28,2026-09-26,1,2026-10-03,wk inc covid hosp,quantile,0.75,45.125040212657375
29,2026-09-26,1,2026-10-03,wk inc covid hosp,quantile,0.75,63.578229725934044
30,2026-09-26,1,2026-10-03,wk inc covid hosp,quantile,0.75,24.153479431631457
31,2026-09-26,1,2026-10-03,wk inc covid hosp,quantile,0.75,10.228238928103094
32,2026-09-26,1,2026-10-03,wk inc covid hosp,quantile,0.75,50.69820263650839
33,2026-09-26,1,2026-10-03,wk inc covid hosp,quantile,0.75,4.8929185714155095
34,2026-09-26,1,2026-10-03,wk inc covid hosp,quantile,0.75,188.8790786181917
35,2026-09-26,1,2026-10-03,wk inc covid hosp,quantile,0.75,15.847187704603213
36,2026-09-26,1,2026-10-03,wk inc covid hosp,quantile,0.75,371.8423306311339
37,2026-09-26,1,2026-10-03,wk inc covid hosp,quantile,0.75,279.4308656508014
38,2026-09-26,1,2026-10-03,wk inc covid hosp,quantile,0.75,4.184843036984786
39,2026-09-26,1,2026-10-03,wk inc covid hosp,quantile,0.75,107.3142695280787
40,2026-09-26,1,2026-10-03,wk inc covid hosp,quantile,0.75,33.1710360709196
41,2026-09-26,1,2026-10-03,wk inc covid hosp,quantile,0.75,59.99521491942022
42,2026-09-26,1,2026-10-03,wk inc covid hosp,quantile,0.75,253.58055626920833
44,2026-09-26,1,2026-10-03,wk inc covid hosp,quantile,0.75,26.458884568259357
45,2026-09-26,1,2026-10-03,wk inc covid hosp,quantile,0.75,82.8109812057483
46,2026-09-26,1,2026-10-03,wk inc covid hosp,quantile,0.75,12.170757075289515
47,2026-09-26,1,2026-10-03,wk inc covid hosp,quantile,0.75,112.51476981620108
48,2026-09-26,1,2026-10-03,wk inc covid hosp,quantile,0.75,603.7829700678386
49,2026-09-26,1,2026-10-03,wk inc covid hosp,quantile,0.75,40.83288142586699
50,2026-09-26,1,2026-10-03,wk inc covid hosp,quantile,0.75,5.7147221759268305
51,2026-09-26,1,2026-10-03,wk inc covid hosp,quantile,0.75,84.08022174348247
53,2026-09-26,1,2026-10-03,wk inc covid hosp,quantile,0.75,188.77627794416662
54,2026-09-26,1,2026-10-03,wk inc covid hosp,quantile,0.75,32.29353012651713
55,2026-09-26,1,2026-10-03,wk inc covid hosp,quantile,0.75,44.311852700243016
56,2026-09-26,1,2026-10-03,wk inc covid hosp,quantile,0.75,2.664169131050485
72,2026-09-26,1,2026-10-03,wk inc covid hosp,quantile,0.75,148.87263706552108
US,2026-09-26,1,2026-10-03,wk inc covid hosp,quantile,0.75,5807.629904929883
01,2026-09-26,2,2026-10-10,wk inc covid hosp,quantile,0.75,139.63556975157238
02,2026-09-26,2,2026-10-10,wk inc covid hosp,quantile,0.75,5.994612296445335
04,2026-09-26,2,2026-10-10,wk inc covid hosp,quantile,0.75,124.35869922598468
05,2026-09-26,2,2026-10-10,wk inc covid hosp,quantile,0.75,30.119541621226066
06,2026-09-26,2,2026-10-10,wk inc covid hosp,quantile,0.75,1344.4922070966
08,2026-09-26,2,2026-10-10,wk inc covid hosp,quantile,0.75,61.485282993450035
09,2026-09-26,2,2026-10-10,wk inc covid hosp,quantile,0.75,80.43185005729785
10,2026-09-26,2,2026-10-10,wk inc covid hosp,quantile,0.75,13.16341615533749
11,2026-09-26,2,2026-10-10,wk inc covid hosp,quantile,0.75,13.0626959959882
12,2026-09-26,2,2026-10-10,wk inc covid hosp,quantile,0.75,895.7111669556938
13,2026-09-26,2,2026-10-10,wk inc covid hosp,quantile,0.75,155.01226621869688
15,2026-09-26,2,2026-10-10,wk inc covid hosp,quantile,0.75,63.775092482781474
16,2026-09-26,2,2026-10-10,wk inc covid hosp,quantile,0.75,22.292645854335028
17,2026-09-26,2,2026-10-10,wk inc covid hosp,quantile,0.75,131.00724454585685
18,2026-09-26,2,2026-10-10,wk inc covid hosp,quantile,0.75,59.330347193840446
19,2026-09-26,2,2026-10-10,wk inc covid hosp,quantile,0.75,34.724033173826605
20,2026-09-26,2,2026-10-10,wk inc covid hosp,quantile,0.75,20.280193098336007
21,2026-09-26,2,2026-10-10,wk inc covid hosp,quantile,0.75,44.576339439927224
22,2026-09-26,2,2026-10-10,wk inc covid hosp,quantile,0.75,129.46615180995508
23,2026-09-26,2,2026-10-10,wk inc covid hosp,quantile,0.75,7.7583489770072385
24,2026-09-26,2,2026-10-10,wk inc covid hosp,quantile,0.75,70.33920103246224
25,2026-09-26,2,2026-10-10,wk inc covid hosp,quantile,0.75,80.47935445918212
26,2026-09-26,2,2026-10-10,wk inc covid hosp,quantile,0.75,118.24356153800886
27,2026-09-26,2,2026-10-10,wk inc covid hosp,quantile,0.75,57.188052242615974
28,2026-09-26,2,2026-10-10,wk inc covid hosp,quantile,0.75,51.71733405970017
29,2026-09-26,2,2026-10-10,wk inc covid hosp,quantile,0.75,75.05551581142286
30,2026-09-26,2,2026-10-10,wk inc covid hosp,quantile,0.75,29.631074291072345
31,2026-09-26,2,2026-10-10,wk inc covid hosp,quantile,0.75,13.124406328439504
32,2026-09-26,2,2026-10-10,wk inc covid hosp,quantile,0.75,57.68306925608971
33,2026-09-26,2,2026-10-10,wk inc covid hosp,quantile,0.75,6.93601253090963
34,2026-09-26,2,2026-10-10,wk inc covid hosp,quantile,0.75,219.16801281952905
35,2026-09-26,2,2026-10-10,wk inc covid hosp,quantile,0.75,18.177158818979265
36,2026-09-26,2,2026-10-10,wk inc covid hosp,quantile,0.75,411.1551046184865
37,2026-09-26,2,2026-10-10,wk inc covid hosp,quantile,0.75,306.69769387640787
38,2026-09-26,2,2026-10-10,wk inc covid hosp,quantile,0.75,5.904680270899829
39,2026-09-26,2,2026-10-10,wk inc covid hosp,quantile,0.75,125.76747294525723
40,2026-09-26,2,2026-10-10,wk inc covid hosp,quantile,0.75,38.769838046729504
41,2026-09-26,2,2026-10-10,wk inc covid hosp,quantile,0.75,68.75843390906128
42,2026-09-26,2,2026-10-10,wk inc covid hosp,quantile,0.75,298.9425103011161
44,2026-09-26,2,2026-10-10,wk inc covid hosp,quantile,0.75,32.04892769925728
45,2026-09-26,2,2026-10-10,wk inc covid hosp,quantile,0.75,90.93956708743153
46,2026-09-26,2,2026-10-10,wk inc covid hosp,quantile,0.75,15.042964880989159
47,2026-09-26,2,2026-10-10,wk inc covid hosp,quantile,0.75,125.35028748195286
48,2026-09-26,2,2026-10-10,wk inc covid hosp,quantile,0.75,636.6463497955327
49,2026-09-26,2,2026-10-10,wk inc covid hosp,quantile,0.75,48.00316359387884
50,2026-09-26,2,2026-10-10,wk inc covid hosp,quantile,0.75,7.267812802624544
51,2026-09-26,2,2026-10-10,wk inc covid hosp,quantile,0.75,97.83283671500686
53,2026-09-26,2,2026-10-10,wk inc covid hosp,quantile,0.75,207.44070647383288
54,2026-09-26,2,2026-10-10,wk inc covid hosp,quantile,0.75,39.43873623368455
55,2026-09-26,2,2026-10-10,wk inc covid hosp,quantile,0.75,53.900549953310296
56,2026-09-26,2,2026-10-10,wk inc covid hosp,quantile,0.75,3.5693075635154785
72,2026-09-26,2,2026-10-10,wk inc covid hosp,quantile,0.75,158.8090046556028
US,2026-09-26,2,2026-10-10,wk inc covid hosp,quantile,0.75,6333.443206740836
01,2026-09-26,3,2026-10-17,wk inc covid hosp,quantile,0.75,147.41788082575545
02,2026-09-26,3,2026-10-17,wk inc covid hosp,quantile,0.75,7.189466466245051
04,2026-09-26,3,2026-10-17,wk inc covid hosp,quantile,0.75,138.09145425553933
05,2026-09-26,3,2026-10-17,wk inc covid hosp,quantile,0.75,36.37218595004043
06,2026-09-26,3,2026-10-17,wk inc covid hosp,quantile,0.75,1396.9431133371488
08,2026-09-26,3,2026-10-17,wk inc covid hosp,quantile,0.75,71.11563050090291
09,2026-09-26,3,2026-10-17,wk inc covid hosp,quantile,0.75,98.282612484445
10,2026-09-26,3,2026-10-17,wk inc covid hosp,quantile,0.75,15.965086571010112
11,2026-09-26,3,2026-10-17,wk inc covid hosp,quantile,0.75,15.638228756007393
12,2026-09-26,3,2026-10-17,wk inc covid hosp,quantile,0.75,959.9998789478393
13,2026-09-26,3,2026-10-17,wk inc covid hosp,quantile,0.75,167.2188976141898
15,2026-09-26,3,2026-10-17,wk inc covid hosp,quantile,0.75,68.31373015859887
16,2026-09-26,3,2026-10-17,wk inc covid hosp,quantile,0.75,25.68627520932378
17,2026-09-26,3,2026-10-17,wk inc covid hosp,quantile,0.75,155.41440460494422
18,2026-09-26,3,2026-10-17,wk inc covid hosp,quantile,0.75,69.38159331170236
19,2026-09-26,3,2026-10-17,wk inc covid hosp,quantile,0.75,40.33708375197744
20,2026-09-26,3,2026-10-17,wk inc covid hosp,quantile,0.75,24.941607862060764
21,2026-09-26,3,2026-10-17,wk inc covid hosp,quantile,0.75,53.9871483892613
22,2026-09-26,3,2026-10-17,wk inc covid hosp,quantile,0.75,138.4435260983557
23,2026-09-26,3,2026-10-17,wk inc covid hosp,quantile,0.75,10.121017871680813
24,2026-09-26,3,2026-10-17,wk inc covid hosp,quantile,0.75,80.92991585937294
25,2026-09-26,3,2026-10-17,wk inc covid hosp,quantile,0.75,95.00116500702917
26,2026-09-26,3,2026-10-17,wk inc covid hosp,quantile,0.75,147.53919342927554
27,2026-09-26,3,2026-10-17,wk inc covid hosp,quantile,0.75,66.91628446956247
28,2026-09-26,3,2026-10-17,wk inc covid hosp,quantile,0.75,55.95850705799003
29,2026-09-26,3,2026-10-17,wk inc covid hosp,quantile,0.75,88.40960273852225
30,2026-09-26,3,2026-10-17,wk inc covid hosp,quantile,0.75,34.141821521946184
31,2026-09-26,3,2026-10-17,wk inc covid hosp,quantile,0.75,16.376275118749202
32,2026-09-26,3,2026-10-17,wk inc covid hosp,quantile,0.75,64.62819256542866
33,2026-09-26,3,2026-10-17,wk inc covid hosp,quantile,0.75,9.182274160364358
34,2026-09-26,3,2026-10-17,wk inc covid hosp,quantile,0.75,238.54764657156795
35,2026-09-26,3,2026-10-17,wk inc covid hosp,quantile,0.75,20.487230931895684
36,2026-09-26,3,2026-10-17,wk inc covid hosp,quantile,0.75,455.63348698201696
37,2026-09-26,3,2026-10-17,wk inc covid hosp,quantile,0.75,331.8010223176488
38,2026-09-26,3,2026-10-17,wk inc covid hosp,quantile,0.75,7.550237039433552
39,2026-09-26,3,2026-10-17,wk inc covid hosp,quantile,0.75,149.66582928798692
40,2026-09-26,3,2026-10-17,wk inc covid hosp,quantile,0.75,45.09390157723409
41,2026-09-26,3,2026-10-17,wk inc covid hosp,quantile,0.75,76.78825331407674
42,2026-09-26,3,2026-10-17,wk inc covid hosp,quantile,0.75,348.43111562866585
44,2026-09-26,3,2026-10-17,wk inc covid hosp,quantile,0.75,35.67291325649542
45,2026-09-26,3,2026-10-17,wk inc covid hosp,quantile,0.75,100.11087383428696
46,2026-09-26,3,2026-10-17,wk inc covid hosp,quantile,0.75,17.408057363200562
47,2026-09-26,3,2026-10-17,wk inc covid hosp,quantile,0.75,137.51321076483615
48,2026-09-26,3,2026-10-17,wk inc covid hosp,quantile,0.75,681.9073364811563
49,2026-09-26,3,2026-10-17,wk inc covid hosp,quantile,0.75,54.563084288811844
50,2026-09-26,3,2026-10-17,wk inc covid hosp,quantile,0.75,8.519958156843211
51,2026-09-26,3,2026-10-17,wk inc covid hosp,quantile,0.75,110.57525110841988
53,2026-09-26,3,2026-10-17,wk inc covid hosp,quantile,0.75,222.7510933572729
54,2026-09-26,3,2026-10-17,wk inc covid hosp,quantile,0.75,46.77108350510147
55,2026-09-26,3,2026-10-17,wk inc covid hosp,quantile,0.75,64.86346706572547
56,2026-09-26,3,2026-10-17,wk inc covid hosp,quantile,0.75,5.043001000818862
72,2026-09-26,3,2026-10-17,wk inc covid hosp,quantile,0.75,174.31487845118272
US,2026-09-26,3,2026-10-17,wk inc covid hosp,quantile,0.75,6911.493730741475
01,2026-09-26,0,2026-09-26,wk inc covid hosp,quantile,0.8,122.13624135283055
02,2026-09-26,0,2026-09-26,wk inc covid hosp,quantile,0.8,4.7770332157558615
04,2026-09-26,0,2026-09-26,wk inc covid hosp,quantile,0.8,104.18129736749137
05,2026-09-26,0,2026-09-26,wk inc covid hosp,quantile,0.8,23.09554080485491
06,2026-09-26,0,2026-09-26,wk inc covid hosp,quantile,0.8,1197.1066143388587
08,2026-09-26,0,2026-09-26,wk inc covid hosp,quantile,0.8,44.98586983725288
09,2026-09-26,0,2026-09-26,wk inc covid hosp,quantile,0.8,55.23167351477117
10,2026-09-26,0,2026-09-26,wk inc covid hosp,quantile,0.8,9.843121326152533
11,2026-09-26,0,2026-09-26,wk inc covid hosp,quantile,0.8,9.43477510525423
12,2026-09-26,0,2026-09-26,wk inc covid hosp,quantile,0.8,790.784904390046
13,2026-09-26,0,2026-09-26,wk inc covid hosp,quantile,0.8,133.6131199359945
15,2026-09-26,0,2026-09-26,wk inc covid hosp,quantile,0.8,52.493667987043715
16,2026-09-26,0,2026-09-26,wk inc covid hosp,quantile,0.8,17.10810997339032
17,2026-09-26,0,2026-09-26,wk inc covid hosp,quantile,0.8,91.72921349370256
18,2026-09-26,0,2026-09-26,wk inc covid hosp,quantile,0.8,41.960400630842216
19,2026-09-26,0,2026-09-26,wk inc covid hosp,quantile,0.8,24.227050513467887
20,2026-09-26,0,2026-09-26,wk inc covid hosp,quantile,0.8,13.832586901261159
21,2026-09-26,0,2026-09-26,wk inc covid hosp,quantile,0.8,33.348099204214684
22,2026-09-26,0,2026-09-26,wk inc covid hosp,quantile,0.8,111.90616228945208
23,2026-09-26,0,2026-09-26,wk inc covid hosp,quantile,0.8,4.153952917260821
24,2026-09-26,0,2026-09-26,wk inc covid hosp,quantile,0.8,49.93954099828075
25,2026-09-26,0,2026-09-26,wk inc covid hosp,quantile,0.8,56.86218767516533
26,2026-09-26,0,2026-09-26,wk inc covid hosp,quantile,0.8,81.14202404218153
27,2026-09-26,0,2026-09-26,wk inc covid hosp,quantile,0.8,40.19026749168887
28,2026-09-26,0,2026-09-26,wk inc covid hosp,quantile,0.8,43.883692080075804
29,2026-09-26,0,2026-09-26,wk inc covid hosp,quantile,0.8,56.285775007650955
30,2026-09-26,0,2026-09-26,wk inc covid hosp,quantile,0.8,20.17581459761209
31,2026-09-26,0,2026-09-26,wk inc covid hosp,quantile,0.8,9.243655349488522
32,2026-09-26,0,2026-09-26,wk inc covid hosp,quantile,0.8,48.04332825404271
33,2026-09-26,0,2026-09-26,wk inc covid hosp,quantile,0.8,4.4038428577853725
34,2026-09-26,0,2026-09-26,wk inc covid hosp,quantile,0.8,175.02676328566872
35,2026-09-26,0,2026-09-26,wk inc covid hosp,quantile,0.8,14.685985397920822
36,2026-09-26,0,2026-09-26,wk inc covid hosp,quantile,0.8,335.892886684903
37,2026-09-26,0,2026-09-26,wk inc covid hosp,quantile,0.8,262.68793587977194
38,2026-09-26,0,2026-09-26,wk inc covid hosp,quantile,0.8,3.183460241974521
39,2026-09-26,0,2026-09-26,wk inc covid hosp,quantile,0.8,92.77649794556744
40,2026-09-26,0,2026-09-26,wk inc covid hosp,quantile,0.8,30.437479444136393
41,2026-09-26,0,2026-09-26,wk inc covid hosp,quantile,0.8,53.66609094475382
42,2026-09-26,0,2026-09-26,wk inc covid hosp,quantile,0.8,218.55635123356006
44,2026-09-26,0,2026-09-26,wk inc covid hosp,quantile,0.8,22.52804698508024
45,2026-09-26,0,2026-09-26,wk inc covid hosp,quantile,0.8,77.50109467168245
46,2026-09-26,0,2026-09-26,wk inc covid hosp,quantile,0.8,10.057713704318909
47,2026-09-26,0,2026-09-26,wk inc covid hosp,quantile,0.8,104.82292226895167
48,2026-09-26,0,2026-09-26,wk inc covid hosp,quantile,0.8,589.1019012460694
49,2026-09-26,0,2026-09-26,wk inc covid hosp,quantile,0.8,35.71737618254315
50,2026-09-26,0,2026-09-26,wk inc covid hosp,quantile,0.8,5.141819852912734
51,2026-09-26,0,2026-09-26,wk inc covid hosp,quantile,0.8,72.98082744036326
53,2026-09-26,0,2026-09-26,wk inc covid hosp,quantile,0.8,171.1516166717734
54,2026-09-26,0,2026-09-26,wk inc covid hosp,quantile,0.8,26.614554984226814
55,2026-09-26,0,2026-09-26,wk inc covid hosp,quantile,0.8,38.00828404887381
56,2026-09-26,0,2026-09-26,wk inc covid hosp,quantile,0.8,2.057189211176062
72,2026-09-26,0,2026-09-26,wk inc covid hosp,quantile,0.8,139.9717542593187
US,2026-09-26,0,2026-09-26,wk inc covid hosp,quantile,0.8,5415.915460130731
01,2026-09-26,1,2026-10-03,wk inc covid hosp,quantile,0.8,135.27026990693383
02,2026-09-26,1,2026-10-03,wk inc covid hosp,quantile,0.8,5.7821218613362255
04,2026-09-26,1,2026-10-03,wk inc covid hosp,quantile,0.8,118.72453165103668
05,2026-09-26,1,2026-10-03,wk inc covid hosp,quantile,0.8,27.5925853053733
06,2026-09-26,1,2026-10-03,wk inc covid hosp,quantile,0.8,1305.4692478830652
08,2026-09-26,1,2026-10-03,wk inc covid hosp,quantile,0.8,54.903154260453135
09,2026-09-26,1,2026-10-03,wk inc covid hosp,quantile,0.8,72.4205453955302
10,2026-09-26,1,2026-10-03,wk inc covid hosp,quantile,0.8,12.418135779179144
11,2026-09-26,1,2026-10-03,wk inc covid hosp,quantile,0.8,12.132166588165138
12,2026-09-26,1,2026-10-03,wk inc covid hosp,quantile,0.8,880.5895635737068
13,2026-09-26,1,2026-10-03,wk inc covid hosp,quantile,0.8,149.19892640360897
15,2026-09-26,1,2026-10-03,wk inc covid hosp,quantile,0.8,60.96199388449365
16,2026-09-26,1,2026-10-03,wk inc covid hosp,quantile,0.8,21.17728361107169
17,2026-09-26,1,2026-10-03,wk inc covid hosp,quantile,0.8,115.1109121072099
18,2026-09-26,1,2026-10-03,wk inc covid hosp,quantile,0.8,51.65184309695098
19,2026-09-26,1,2026-10-03,wk inc covid hosp,quantile,0.8,30.416368522153444
20,2026-09-26,1,2026-10-03,wk inc covid hosp,quantile,0.8,18.351210185624765
21,2026-09-26,1,2026-10-03,wk inc covid hosp,quantile,0.8,41.093777800412326
22,2026-09-26,1,2026-10-03,wk inc covid hosp,quantile,0.8,126.45264047708659
23,2026-09-26,1,2026-10-03,wk inc covid hosp,quantile,0.8,6.401045543878318
24,2026-09-26,1,2026-10-03,wk inc covid hosp,quantile,0.8,62.32354339885647
25,2026-09-26,1,2026-10-03,wk inc covid hosp,quantile,0.8,71.53333045006598
26,2026-09-26,1,2026-10-03,wk inc covid hosp,quantile,0.8,100.77876332280815
27,2026-09-26,1,2026-10-03,wk inc covid hosp,quantile,0.8,51.00097961637077
28,2026-09-26,1,2026-10-03,wk inc covid hosp,quantile,0.8,48.45927218426836
29,2026-09-26,1,2026-10-03,wk inc covid hosp,quantile,0.8,68.9106879588472
30,2026-09-26,1,2026-10-03,wk inc covid hosp,quantile,0.8,26.477707271011813
31,2026-09-26,1,2026-10-03,wk inc covid hosp,quantile,0.8,11.537694830813422
32,2026-09-26,1,2026-10-03,wk inc covid hosp,quantile,0.8,53.72958472070975
33,2026-09-26,1,2026-10-03,wk inc covid hosp,quantile,0.8,6.219998205269505
34,2026-09-26,1,2026-10-03,wk inc covid hosp,quantile,0.8,201.02408586082925
35,2026-09-26,1,2026-10-03,wk inc covid hosp,quantile,0.8,17.573670375873725
36,2026-09-26,1,2026-10-03,wk inc covid hosp,quantile,0.8,389.9573532070597
37,2026-09-26,1,2026-10-03,wk inc covid hosp,quantile,0.8,293.5120408937759
38,2026-09-26,1,2026-10-03,wk inc covid hosp,quantile,0.8,4.913914925874957
39,2026-09-26,1,2026-10-03,wk inc covid hosp,quantile,0.8,117.06704255931156
40,2026-09-26,1,2026-10-03,wk inc covid hosp,quantile,0.8,35.6401783165155
41,2026-09-26,1,2026-10-03,wk inc covid hosp,quantile,0.8,62.75856311657378
42,2026-09-26,1,2026-10-03,wk inc covid hosp,quantile,0.8,270.4956724728826
44,2026-09-26,1,2026-10-03,wk inc covid hosp,quantile,0.8,28.529832708297814
45,2026-09-26,1,2026-10-03,wk inc covid hosp,quantile,0.8,87.64087675807222
46,2026-09-26,1,2026-10-03,wk inc covid hosp,quantile,0.8,13.578682781713546
47,2026-09-26,1,2026-10-03,wk inc covid hosp,quantile,0.8,119.19553350069629
48,2026-09-26,1,2026-10-03,wk inc covid hosp,quantile,0.8,637.2195962780424
49,2026-09-26,1,2026-10-03,wk inc covid hosp,quantile,0.8,43.76910055578873
50,2026-09-26,1,2026-10-03,wk inc covid hosp,quantile,0.8,6.673710052969877
51,2026-09-26,1,2026-10-03,wk inc covid hosp,quantile,0.8,88.63277405980953
53,2026-09-26,1,2026-10-03,wk inc covid hosp,quantile,0.8,195.36838599219035
54,2026-09-26,1,2026-10-03,wk inc covid hosp,quantile,0.8,34.54911132607291
55,2026-09-26,1,2026-10-03,wk inc covid hosp,quantile,0.8,49.411866018873035
56,2026-09-26,1,2026-10-03,wk inc covid hosp,quantile,0.8,3.3101996106950824
72,2026-09-26,1,2026-10-03,wk inc covid hosp,quantile,0.8,157.60254994500292
US,2026-09-26,1,2026-10-03,wk inc covid hosp,quantile,0.8,6005.727120111841
01,2026-09-26,2,2026-10-10,wk inc covid hosp,quantile,0.8,148.56663291220028
02,2026-09-26,2,2026-10-10,wk inc covid hosp,quantile,0.8,7.197463841491167
04,2026-09-26,2,2026-10-10,wk inc covid hosp,quantile,0.8,134.19482306967512
05,2026-09-26,2,2026-10-10,wk inc covid hosp,quantile,0.8,33.76173316109547
06,2026-09-26,2,2026-10-10,wk inc covid hosp,quantile,0.8,1387.802311882127
08,2026-09-26,2,2026-10-10,wk inc covid hosp,quantile,0.8,66.31652515975182
09,2026-09-26,2,2026-10-10,wk inc covid hosp,quantile,0.8,89.0766329064984
10,2026-09-26,2,2026-10-10,wk inc covid hosp,quantile,0.8,14.75982979216606
11,2026-09-26,2,2026-10-10,wk inc covid hosp,quantile,0.8,14.995289980896619
12,2026-09-26,2,2026-10-10,wk inc covid hosp,quantile,0.8,960.7639768619723
13,2026-09-26,2,2026-10-10,wk inc covid hosp,quantile,0.8,165.48256869249298
15,2026-09-26,2,2026-10-10,wk inc covid hosp,quantile,0.8,67.61818075862509
16,2026-09-26,2,2026-10-10,wk inc covid hosp,quantile,0.8,24.692115461679617
17,2026-09-26,2,2026-10-10,wk inc covid hosp,quantile,0.8,142.099033745133
18,2026-09-26,2,2026-10-10,wk inc covid hosp,quantile,0.8,64.86826085544325
19,2026-09-26,2,2026-10-10,wk inc covid hosp,quantile,0.8,38.21870596573959
20,2026-09-26,2,2026-10-10,wk inc covid hosp,quantile,0.8,23.223629245523927
21,2026-09-26,2,2026-10-10,wk inc covid hosp,quantile,0.8,49.50022172791807
22,2026-09-26,2,2026-10-10,wk inc covid hosp,quantile,0.8,137.92854510614418
23,2026-09-26,2,2026-10-10,wk inc covid hosp,quantile,0.8,8.843156426358338
24,2026-09-26,2,2026-10-10,wk inc covid hosp,quantile,0.8,76.65558642275215
25,2026-09-26,2,2026-10-10,wk inc covid hosp,quantile,0.8,87.0913522554541
26,2026-09-26,2,2026-10-10,wk inc covid hosp,quantile,0.8,132.1880508663507
27,2026-09-26,2,2026-10-10,wk inc covid hosp,quantile,0.8,62.05325844129633
28,2026-09-26,2,2026-10-10,wk inc covid hosp,quantile,0.8,56.247438755474676
29,2026-09-26,2,2026-10-10,wk inc covid hosp,quantile,0.8,81.0216428422603
30,2026-09-26,2,2026-10-10,wk inc covid hosp,quantile,0.8,33.357892713714435
31,2026-09-26,2,2026-10-10,wk inc covid hosp,quantile,0.8,15.451714154759198
32,2026-09-26,2,2026-10-10,wk inc covid hosp,quantile,0.8,62.171981804338095
33,2026-09-26,2,2026-10-10,wk inc covid hosp,quantile,0.8,8.485479081822541
34,2026-09-26,2,2026-10-10,wk inc covid hosp,quantile,0.8,235.5394685850421
35,2026-09-26,2,2026-10-10,wk inc covid hosp,quantile,0.8,20.188778650592877
36,2026-09-26,2,2026-10-10,wk inc covid hosp,quantile,0.8,434.4549205853247
37,2026-09-26,2,2026-10-10,wk inc covid hosp,quantile,0.8,324.30768569599
38,2026-09-26,2,2026-10-10,wk inc covid hosp,quantile,0.8,7.097950943172263
39,2026-09-26,2,2026-10-10,wk inc covid hosp,quantile,0.8,138.2496959016395
40,2026-09-26,2,2026-10-10,wk inc covid hosp,quantile,0.8,42.797651237497625
41,2026-09-26,2,2026-10-10,wk inc covid hosp,quantile,0.8,72.54451188149355
42,2026-09-26,2,2026-10-10,wk inc covid hosp,quantile,0.8,325.97188763939363
44,2026-09-26,2,2026-10-10,wk inc covid hosp,quantile,0.8,34.83481008298734
45,2026-09-26,2,2026-10-10,wk inc covid hosp,quantile,0.8,97.72840058331093
46,2026-09-26,2,2026-10-10,wk inc covid hosp,quantile,0.8,17.09011145872362
47,2026-09-26,2,2026-10-10,wk inc covid hosp,quantile,0.8,134.31595321831065
48,2026-09-26,2,2026-10-10,wk inc covid hosp,quantile,0.8,687.052859978335
49,2026-09-26,2,2026-10-10,wk inc covid hosp,quantile,0.8,51.78899644803768
50,2026-09-26,2,2026-10-10,wk inc covid hosp,quantile,0.8,8.629120569613011
51,2026-09-26,2,2026-10-10,wk inc covid hosp,quantile,0.8,105.62298126752474
53,2026-09-26,2,2026-10-10,wk inc covid hosp,quantile,0.8,217.09136688254878
54,2026-09-26,2,2026-10-10,wk inc covid hosp,quantile,0.8,43.36612992169186
55,2026-09-26,2,2026-10-10,wk inc covid hosp,quantile,0.8,60.8193304008937
56,2026-09-26,2,2026-10-10,wk inc covid hosp,quantile,0.8,4.64415189274826
72,2026-09-26,2,2026-10-10,wk inc covid hosp,quantile,0.8,171.31771468304873
US,2026-09-26,2,2026-10-10,wk inc covid hosp,quantile,0.8,6586.50947933206
01,2026-09-26,3,2026-10-17,wk inc covid hosp,quantile,0.8,159.0364976968787
02,2026-09-26,3,2026-10-17,wk inc covid hosp,quantile,0.8,8.605980534792776
04,2026-09-26,3,2026-10-17,wk inc covid hosp,quantile,0.8,149.5457499524465
05,2026-09-26,3,2026-10-17,wk inc covid hosp,quantile,0.8,40.48185660506982
06,2026-09-26,3,2026-10-17,wk inc covid hosp,quantile,0.8,1446.5338208814126
08,2026-09-26,3,2026-10-17,wk inc covid hosp,quantile,0.8,76.68696929911891
09,2026-09-26,3,2026-10-17,wk inc covid hosp,quantile,0.8,108.79449702379331
10,2026-09-26,3,2026-10-17,wk inc covid hosp,quantile,0.8,18.147016485655406
11,2026-09-26,3,2026-10-17,wk inc covid hosp,quantile,0.8,18.75247450857342
12,2026-09-26,3,2026-10-17,wk inc covid hosp,quantile,0.8,1036.9105952228763
13,2026-09-26,3,2026-10-17,wk inc covid hosp,quantile,0.8,181.3962285662954
15,2026-09-26,3,2026-10-17,wk inc covid hosp,quantile,0.8,73.45623211125269
16,2026-09-26,3,2026-10-17,wk inc covid hosp,quantile,0.8,28.804670543620606
17,2026-09-26,3,2026-10-17,wk inc covid hosp,quantile,0.8,168.06008649416395
18,2026-09-26,3,2026-10-17,wk inc covid hosp,quantile,0.8,77.19642988496075
19,2026-09-26,3,2026-10-17,wk inc covid hosp,quantile,0.8,45.25372718668829
20,2026-09-26,3,2026-10-17,wk inc covid hosp,quantile,0.8,28.75034681474336
21,2026-09-26,3,2026-10-17,wk inc covid hosp,quantile,0.8,59.75865669375204
22,2026-09-26,3,2026-10-17,wk inc covid hosp,quantile,0.8,149.36206467244202
23,2026-09-26,3,2026-10-17,wk inc covid hosp,quantile,0.8,11.905064458499165
24,2026-09-26,3,2026-10-17,wk inc covid hosp,quantile,0.8,87.57793301953338
25,2026-09-26,3,2026-10-17,wk inc covid hosp,quantile,0.8,105.29868881087417
26,2026-09-26,3,2026-10-17,wk inc covid hosp,quantile,0.8,166.30220360306376
27,2026-09-26,3,2026-10-17,wk inc covid hosp,quantile,0.8,74.26934356659422
28,2026-09-26,3,2026-10-17,wk inc covid hosp,quantile,0.8,62.13227469941061
29,2026-09-26,3,2026-10-17,wk inc covid hosp,quantile,0.8,96.0584272319856
30,2026-09-26,3,2026-10-17,wk inc covid hosp,quantile,0.8,39.28896699234448
31,2026-09-26,3,2026-10-17,wk inc covid hosp,quantile,0.8,19.740878857057517
32,2026-09-26,3,2026-10-17,wk inc covid hosp,quantile,0.8,69.8313481184135
33,2026-09-26,3,2026-10-17,wk inc covid hosp,quantile,0.8,11.348228412007515
34,2026-09-26,3,2026-10-17,wk inc covid hosp,quantile,0.8,259.8870098204645
35,2026-09-26,3,2026-10-17,wk inc covid hosp,quantile,0.8,22.81692205245208
36,2026-09-26,3,2026-10-17,wk inc covid hosp,quantile,0.8,481.24621548141596
37,2026-09-26,3,2026-10-17,wk inc covid hosp,quantile,0.8,349.13983366436287
38,2026-09-26,3,2026-10-17,wk inc covid hosp,quantile,0.8,9.111106289320553
39,2026-09-26,3,2026-10-17,wk inc covid hosp,quantile,0.8,163.51304127439204
40,2026-09-26,3,2026-10-17,wk inc covid hosp,quantile,0.8,49.79886325329374
41,2026-09-26,3,2026-10-17,wk inc covid hosp,quantile,0.8,82.2726463101625
42,2026-09-26,3,2026-10-17,wk inc covid hosp,quantile,0.8,372.93761359093435
44,2026-09-26,3,2026-10-17,wk inc covid hosp,quantile,0.8,40.81742586710033
45,2026-09-26,3,2026-10-17,wk inc covid hosp,quantile,0.8,108.0328775997395
46,2026-09-26,3,2026-10-17,wk inc covid hosp,quantile,0.8,20.08198705425526
47,2026-09-26,3,2026-10-17,wk inc covid hosp,quantile,0.8,147.84685459058983
48,2026-09-26,3,2026-10-17,wk inc covid hosp,quantile,0.8,734.2202256797965
49,2026-09-26,3,2026-10-17,wk inc covid hosp,quantile,0.8,60.125175824316486
50,2026-09-26,3,2026-10-17,wk inc covid hosp,quantile,0.8,10.438361439839424
51,2026-09-26,3,2026-10-17,wk inc covid hosp,quantile,0.8,120.66484219274372
53,2026-09-26,3,2026-10-17,wk inc covid hosp,quantile,0.8,233.04105329727136
54,2026-09-26,3,2026-10-17,wk inc covid hosp,quantile,0.8,52.32004889122329
55,2026-09-26,3,2026-10-17,wk inc covid hosp,quantile,0.8,73.67635625236781
56,2026-09-26,3,2026-10-17,wk inc covid hosp,quantile,0.8,6.637453665854133
72,2026-09-26,3,2026-10-17,wk inc covid hosp,quantile,0.8,191.4203793839487
US,2026-09-26,3,2026-10-17,wk inc covid hosp,quantile,0.8,7213.35687988742
01,2026-09-26,0,2026-09-26,wk inc covid hosp,quantile,0.85,127.15609137724927
02,2026-09-26,0,2026-09-26,wk inc covid hosp,quantile,0.85,5.310320745737172
04,2026-09-26,0,2026-09-26,wk inc covid hosp,quantile,0.85,109.69071417247221
05,2026-09-26,0,2026-09-26,wk inc covid hosp,quantile,0.85,25.088659669886685
06,2026-09-26,0,2026-09-26,wk inc covid hosp,quantile,0.85,1226.180626408211
08,2026-09-26,0,2026-09-26,wk inc covid hosp,quantile,0.85,47.685061428857914
09,2026-09-26,0,2026-09-26,wk inc covid hosp,quantile,0.85,59.19633285482066
10,2026-09-26,0,2026-09-26,wk inc covid hosp,quantile,0.85,10.697998503969512
11,2026-09-26,0,2026-09-26,wk inc covid hosp,quantile,0.85,10.331593188123623
12,2026-09-26,0,2026-09-26,wk inc covid hosp,quantile,0.85,836.3395047205212
13,2026-09-26,0,2026-09-26,wk inc covid hosp,quantile,0.85,140.3308787919334
15,2026-09-26,0,2026-09-26,wk inc covid hosp,quantile,0.85,54.832427579842474
16,2026-09-26,0,2026-09-26,wk inc covid hosp,quantile,0.85,18.577249070351805
17,2026-09-26,0,2026-09-26,wk inc covid hosp,quantile,0.85,97.83926226570563
18,2026-09-26,0,2026-09-26,wk inc covid hosp,quantile,0.85,44.95930471462326
19,2026-09-26,0,2026-09-26,wk inc covid hosp,quantile,0.85,26.123900526136648
20,2026-09-26,0,2026-09-26,wk inc covid hosp,quantile,0.85,15.41587873359636
21,2026-09-26,0,2026-09-26,wk inc covid hosp,quantile,0.85,35.71286840584579
22,2026-09-26,0,2026-09-26,wk inc covid hosp,quantile,0.85,117.41604742041362
23,2026-09-26,0,2026-09-26,wk inc covid hosp,quantile,0.85,4.959569089901611
24,2026-09-26,0,2026-09-26,wk inc covid hosp,quantile,0.85,52.95963911959018
25,2026-09-26,0,2026-09-26,wk inc covid hosp,quantile,0.85,60.562372235733605
26,2026-09-26,0,2026-09-26,wk inc covid hosp,quantile,0.85,87.00864365849901
27,2026-09-26,0,2026-09-26,wk inc covid hosp,quantile,0.85,42.69345285740883
28,2026-09-26,0,2026-09-26,wk inc covid hosp,quantile,0.85,46.617845688464946
29,2026-09-26,0,2026-09-26,wk inc covid hosp,quantile,0.85,59.98170648627049
30,2026-09-26,0,2026-09-26,wk inc covid hosp,quantile,0.85,22.07791728746836
31,2026-09-26,0,2026-09-26,wk inc covid hosp,quantile,0.85,10.180834893122594
32,2026-09-26,0,2026-09-26,wk inc covid hosp,quantile,0.85,50.38565186244033
33,2026-09-26,0,2026-09-26,wk inc covid hosp,quantile,0.85,5.210327784991281
34,2026-09-26,0,2026-09-26,wk inc covid hosp,quantile,0.85,182.64251606669947
35,2026-09-26,0,2026-09-26,wk inc covid hosp,quantile,0.85,16.2168332556451
36,2026-09-26,0,2026-09-26,wk inc covid hosp,quantile,0.85,349.7683812430692
37,2026-09-26,0,2026-09-26,wk inc covid hosp,quantile,0.85,272.70298105570646
38,2026-09-26,0,2026-09-26,wk inc covid hosp,quantile,0.85,3.7976967596175526
39,2026-09-26,0,2026-09-26,wk inc covid hosp,quantile,0.85,99.41071162426661
40,2026-09-26,0,2026-09-26,wk inc covid hosp,quantile,0.85,32.61401154626198
41,2026-09-26,0,2026-09-26,wk inc covid hosp,quantile,0.85,56.2956930487983
42,2026-09-26,0,2026-09-26,wk inc covid hosp,quantile,0.85,232.68877736324035
44,2026-09-26,0,2026-09-26,wk inc covid hosp,quantile,0.85,24.284079156484154
45,2026-09-26,0,2026-09-26,wk inc covid hosp,quantile,0.85,81.7436375336427
46,2026-09-26,0,2026-09-26,wk inc covid hosp,quantile,0.85,11.15947844818678
47,2026-09-26,0,2026-09-26,wk inc covid hosp,quantile,0.85,110.63103742594575
48,2026-09-26,0,2026-09-26,wk inc covid hosp,quantile,0.85,611.144325208219
49,2026-09-26,0,2026-09-26,wk inc covid hosp,quantile,0.85,38.11465238310131
50,2026-09-26,0,2026-09-26,wk inc covid hosp,quantile,0.85,5.7875248575878
51,2026-09-26,0,2026-09-26,wk inc covid hosp,quantile,0.85,77.54039011142277
53,2026-09-26,0,2026-09-26,wk inc covid hosp,quantile,0.85,176.81101575419225
54,2026-09-26,0,2026-09-26,wk inc covid hosp,quantile,0.85,28.523218181458503
55,2026-09-26,0,2026-09-26,wk inc covid hosp,quantile,0.85,40.98531555870095
56,2026-09-26,0,2026-09-26,wk inc covid hosp,quantile,0.85,2.678898063323876
72,2026-09-26,0,2026-09-26,wk inc covid hosp,quantile,0.85,148.08525781331946
US,2026-09-26,0,2026-09-26,wk inc covid hosp,quantile,0.85,5560.498660401522
01,2026-09-26,1,2026-10-03,wk inc covid hosp,quantile,0.85,142.68476678433404
02,2026-09-26,1,2026-10-03,wk inc covid hosp,quantile,0.85,6.828406279993252
04,2026-09-26,1,2026-10-03,wk inc covid hosp,quantile,0.85,127.42695631630953
05,2026-09-26,1,2026-10-03,wk inc covid hosp,quantile,0.85,30.630825363153274
06,2026-09-26,1,2026-10-03,wk inc covid hosp,quantile,0.85,1347.5355429079395
08,2026-09-26,1,2026-10-03,wk inc covid hosp,quantile,0.85,59.29068847371721
09,2026-09-26,1,2026-10-03,wk inc covid hosp,quantile,0.85,79.45647563532884
10,2026-09-26,1,2026-10-03,wk inc covid hosp,quantile,0.85,13.624429199843663
11,2026-09-26,1,2026-10-03,wk inc covid hosp,quantile,0.85,13.837069270959628
12,2026-09-26,1,2026-10-03,wk inc covid hosp,quantile,0.85,937.3749488061922
13,2026-09-26,1,2026-10-03,wk inc covid hosp,quantile,0.85,158.25966004161103
15,2026-09-26,1,2026-10-03,wk inc covid hosp,quantile,0.85,64.99557496035085
16,2026-09-26,1,2026-10-03,wk inc covid hosp,quantile,0.85,23.521164774951497
17,2026-09-26,1,2026-10-03,wk inc covid hosp,quantile,0.85,123.03697457042368
18,2026-09-26,1,2026-10-03,wk inc covid hosp,quantile,0.85,57.103779812734814
19,2026-09-26,1,2026-10-03,wk inc covid hosp,quantile,0.85,33.67301803138358
20,2026-09-26,1,2026-10-03,wk inc covid hosp,quantile,0.85,21.132386677131116
21,2026-09-26,1,2026-10-03,wk inc covid hosp,quantile,0.85,45.718219242710454
22,2026-09-26,1,2026-10-03,wk inc covid hosp,quantile,0.85,133.2785835775437
23,2026-09-26,1,2026-10-03,wk inc covid hosp,quantile,0.85,7.374586408499762
24,2026-09-26,1,2026-10-03,wk inc covid hosp,quantile,0.85,67.6646502170249
25,2026-09-26,1,2026-10-03,wk inc covid hosp,quantile,0.85,78.28983188440114
26,2026-09-26,1,2026-10-03,wk inc covid hosp,quantile,0.85,114.66720662350755
27,2026-09-26,1,2026-10-03,wk inc covid hosp,quantile,0.85,56.16208369128547
28,2026-09-26,1,2026-10-03,wk inc covid hosp,quantile,0.85,53.268683490923095
29,2026-09-26,1,2026-10-03,wk inc covid hosp,quantile,0.85,75.15945451950027
30,2026-09-26,1,2026-10-03,wk inc covid hosp,quantile,0.85,29.52752182677312
31,2026-09-26,1,2026-10-03,wk inc covid hosp,quantile,0.85,13.59765453768034
32,2026-09-26,1,2026-10-03,wk inc covid hosp,quantile,0.85,58.231841678955995
33,2026-09-26,1,2026-10-03,wk inc covid hosp,quantile,0.85,7.567063626505823
34,2026-09-26,1,2026-10-03,wk inc covid hosp,quantile,0.85,218.9538838985995
35,2026-09-26,1,2026-10-03,wk inc covid hosp,quantile,0.85,19.300916065429213
36,2026-09-26,1,2026-10-03,wk inc covid hosp,quantile,0.85,409.3209184118732
37,2026-09-26,1,2026-10-03,wk inc covid hosp,quantile,0.85,307.6164830815976
38,2026-09-26,1,2026-10-03,wk inc covid hosp,quantile,0.85,5.811689684233031
39,2026-09-26,1,2026-10-03,wk inc covid hosp,quantile,0.85,126.11199329235588
40,2026-09-26,1,2026-10-03,wk inc covid hosp,quantile,0.85,39.21954452239763
41,2026-09-26,1,2026-10-03,wk inc covid hosp,quantile,0.85,67.03991753502362
42,2026-09-26,1,2026-10-03,wk inc covid hosp,quantile,0.85,294.97816557093415
44,2026-09-26,1,2026-10-03,wk inc covid hosp,quantile,0.85,31.151527801628163
45,2026-09-26,1,2026-10-03,wk inc covid hosp,quantile,0.85,93.21984483750427
46,2026-09-26,1,2026-10-03,wk inc covid hosp,quantile,0.85,15.22116092928936
47,2026-09-26,1,2026-10-03,wk inc covid hosp,quantile,0.85,127.53044854808465
48,2026-09-26,1,2026-10-03,wk inc covid hosp,quantile,0.85,674.604495081283
49,2026-09-26,1,2026-10-03,wk inc covid hosp,quantile,0.85,47.95210287816879
50,2026-09-26,1,2026-10-03,wk inc covid hosp,quantile,0.85,7.773457007168007
51,2026-09-26,1,2026-10-03,wk inc covid hosp,quantile,0.85,95.69725974492054
53,2026-09-26,1,2026-10-03,wk inc covid hosp,quantile,0.85,204.09014453732325
54,2026-09-26,1,2026-10-03,wk inc covid hosp,quantile,0.85,37.70189644269127
55,2026-09-26,1,2026-10-03,wk inc covid hosp,quantile,0.85,54.07475087623531
56,2026-09-26,1,2026-10-03,wk inc covid hosp,quantile,0.85,4.481764409681409
72,2026-09-26,1,2026-10-03,wk inc covid hosp,quantile,0.85,169.85746943797187
US,2026-09-26,1,2026-10-03,wk inc covid hosp,quantile,0.85,6194.861591017203
01,2026-09-26,2,2026-10-10,wk inc covid hosp,quantile,0.85,158.00433156474816
02,2026-09-26,2,2026-10-10,wk inc covid hosp,quantile,0.85,8.731125127789293
04,2026-09-26,2,2026-10-10,wk inc covid hosp,quantile,0.85,146.00309806704348
05,2026-09-26,2,2026-10-10,wk inc covid hosp,quantile,0.85,38.78359930961179
06,2026-09-26,2,2026-10-10,wk inc covid hosp,quantile,0.85,1441.4348265408946
08,2026-09-26,2,2026-10-10,wk inc covid hosp,quantile,0.85,71.99247342022178
09,2026-09-26,2,2026-10-10,wk inc covid hosp,quantile,0.85,101.88260908230124
10,2026-09-26,2,2026-10-10,wk inc covid hosp,quantile,0.85,17.20996394304397
11,2026-09-26,2,2026-10-10,wk inc covid hosp,quantile,0.85,17.397805848017452
12,2026-09-26,2,2026-10-10,wk inc covid hosp,quantile,0.85,1056.465823852609
13,2026-09-26,2,2026-10-10,wk inc covid hosp,quantile,0.85,176.17799100980886
15,2026-09-26,2,2026-10-10,wk inc covid hosp,quantile,0.85,73.1871163951579
16,2026-09-26,2,2026-10-10,wk inc covid hosp,quantile,0.85,27.9840998929573
17,2026-09-26,2,2026-10-10,wk inc covid hosp,quantile,0.85,154.1172275125163
18,2026-09-26,2,2026-10-10,wk inc covid hosp,quantile,0.85,71.64811042412607
19,2026-09-26,2,2026-10-10,wk inc covid hosp,quantile,0.85,42.457909640927554
20,2026-09-26,2,2026-10-10,wk inc covid hosp,quantile,0.85,26.941299986903715
21,2026-09-26,2,2026-10-10,wk inc covid hosp,quantile,0.85,56.08372170000242
22,2026-09-26,2,2026-10-10,wk inc covid hosp,quantile,0.85,148.35201781072507
23,2026-09-26,2,2026-10-10,wk inc covid hosp,quantile,0.85,10.37404989102278
24,2026-09-26,2,2026-10-10,wk inc covid hosp,quantile,0.85,84.33143410434097
25,2026-09-26,2,2026-10-10,wk inc covid hosp,quantile,0.85,96.55172502538682
26,2026-09-26,2,2026-10-10,wk inc covid hosp,quantile,0.85,147.71548041548039
27,2026-09-26,2,2026-10-10,wk inc covid hosp,quantile,0.85,68.0151365127941
28,2026-09-26,2,2026-10-10,wk inc covid hosp,quantile,0.85,61.28104593159545
29,2026-09-26,2,2026-10-10,wk inc covid hosp,quantile,0.85,87.93275732116308
30,2026-09-26,2,2026-10-10,wk inc covid hosp,quantile,0.85,36.899931191481116
31,2026-09-26,2,2026-10-10,wk inc covid hosp,quantile,0.85,18.16161005495299
32,2026-09-26,2,2026-10-10,wk inc covid hosp,quantile,0.85,67.60395651272135
33,2026-09-26,2,2026-10-10,wk inc covid hosp,quantile,0.85,10.281369246335979
34,2026-09-26,2,2026-10-10,wk inc covid hosp,quantile,0.85,257.9665064453022
35,2026-09-26,2,2026-10-10,wk inc covid hosp,quantile,0.85,23.002068027753033
36,2026-09-26,2,2026-10-10,wk inc covid hosp,quantile,0.85,465.5512463786903
37,2026-09-26,2,2026-10-10,wk inc covid hosp,quantile,0.85,348.5241307960825
38,2026-09-26,2,2026-10-10,wk inc covid hosp,quantile,0.85,8.385289292457808
39,2026-09-26,2,2026-10-10,wk inc covid hosp,quantile,0.85,154.28910117015653
40,2026-09-26,2,2026-10-10,wk inc covid hosp,quantile,0.85,47.43721011665631
41,2026-09-26,2,2026-10-10,wk inc covid hosp,quantile,0.85,79.57179891799984
42,2026-09-26,2,2026-10-10,wk inc covid hosp,quantile,0.85,357.91449403406216
44,2026-09-26,2,2026-10-10,wk inc covid hosp,quantile,0.85,39.111101699175464
45,2026-09-26,2,2026-10-10,wk inc covid hosp,quantile,0.85,106.20265056090918
46,2026-09-26,2,2026-10-10,wk inc covid hosp,quantile,0.85,19.70177226589553
47,2026-09-26,2,2026-10-10,wk inc covid hosp,quantile,0.85,146.57657847760441
48,2026-09-26,2,2026-10-10,wk inc covid hosp,quantile,0.85,734.8576562422592
49,2026-09-26,2,2026-10-10,wk inc covid hosp,quantile,0.85,57.74371284990289
50,2026-09-26,2,2026-10-10,wk inc covid hosp,quantile,0.85,10.38725084711142
51,2026-09-26,2,2026-10-10,wk inc covid hosp,quantile,0.85,114.0163519578914
53,2026-09-26,2,2026-10-10,wk inc covid hosp,quantile,0.85,229.98812014409106
54,2026-09-26,2,2026-10-10,wk inc covid hosp,quantile,0.85,48.19548421437733
55,2026-09-26,2,2026-10-10,wk inc covid hosp,quantile,0.85,67.64410943593336
56,2026-09-26,2,2026-10-10,wk inc covid hosp,quantile,0.85,5.97011381492672
72,2026-09-26,2,2026-10-10,wk inc covid hosp,quantile,0.85,188.4365069918392
US,2026-09-26,2,2026-10-10,wk inc covid hosp,quantile,0.85,6909.693308590515
01,2026-09-26,3,2026-10-17,wk inc covid hosp,quantile,0.85,171.76913370094107
02,2026-09-26,3,2026-10-17,wk inc covid hosp,quantile,0.85,10.391734720593472
04,2026-09-26,3,2026-10-17,wk inc covid hosp,quantile,0.85,165.45103016689836
05,2026-09-26,3,2026-10-17,wk inc covid hosp,quantile,0.85,45.87792815206353
06,2026-09-26,3,2026-10-17,wk inc covid hosp,quantile,0.85,1517.4670081580857
08,2026-09-26,3,2026-10-17,wk inc covid hosp,quantile,0.85,84.87648957197798
09,2026-09-26,3,2026-10-17,wk inc covid hosp,quantile,0.85,121.49290477208959
10,2026-09-26,3,2026-10-17,wk inc covid hosp,quantile,0.85,20.931293783785733
11,2026-09-26,3,2026-10-17,wk inc covid hosp,quantile,0.85,22.25830662983322
12,2026-09-26,3,2026-10-17,wk inc covid hosp,quantile,0.85,1151.5423371940772
13,2026-09-26,3,2026-10-17,wk inc covid hosp,quantile,0.85,193.9511961562759
15,2026-09-26,3,2026-10-17,wk inc covid hosp,quantile,0.85,79.85773486427748
16,2026-09-26,3,2026-10-17,wk inc covid hosp,quantile,0.85,33.21308915027353
17,2026-09-26,3,2026-10-17,wk inc covid hosp,quantile,0.85,183.72190747739222
18,2026-09-26,3,2026-10-17,wk inc covid hosp,quantile,0.85,86.5766162531401
19,2026-09-26,3,2026-10-17,wk inc covid hosp,quantile,0.85,50.60237434426887
20,2026-09-26,3,2026-10-17,wk inc covid hosp,quantile,0.85,35.104646380683995
21,2026-09-26,3,2026-10-17,wk inc covid hosp,quantile,0.85,68.17391870308319
22,2026-09-26,3,2026-10-17,wk inc covid hosp,quantile,0.85,165.69964778828458
23,2026-09-26,3,2026-10-17,wk inc covid hosp,quantile,0.85,14.37063275377077
24,2026-09-26,3,2026-10-17,wk inc covid hosp,quantile,0.85,97.17308745380869
25,2026-09-26,3,2026-10-17,wk inc covid hosp,quantile,0.85,116.14112424166349
26,2026-09-26,3,2026-10-17,wk inc covid hosp,quantile,0.85,187.24885597964885
27,2026-09-26,3,2026-10-17,wk inc covid hosp,quantile,0.85,82.44992583496301
28,2026-09-26,3,2026-10-17,wk inc covid hosp,quantile,0.85,69.87296326546458
29,2026-09-26,3,2026-10-17,wk inc covid hosp,quantile,0.85,106.01587954443278
30,2026-09-26,3,2026-10-17,wk inc covid hosp,quantile,0.85,45.46615262385637
31,2026-09-26,3,2026-10-17,wk inc covid hosp,quantile,0.85,23.60182147824874
32,2026-09-26,3,2026-10-17,wk inc covid hosp,quantile,0.85,76.44350348776156
33,2026-09-26,3,2026-10-17,wk inc covid hosp,quantile,0.85,13.868930236558445
34,2026-09-26,3,2026-10-17,wk inc covid hosp,quantile,0.85,287.10301065884283
35,2026-09-26,3,2026-10-17,wk inc covid hosp,quantile,0.85,26.90156582996414
36,2026-09-26,3,2026-10-17,wk inc covid hosp,quantile,0.85,518.5048196275953
37,2026-09-26,3,2026-10-17,wk inc covid hosp,quantile,0.85,375.94272478803896
38,2026-09-26,3,2026-10-17,wk inc covid hosp,quantile,0.85,10.86589840732564
39,2026-09-26,3,2026-10-17,wk inc covid hosp,quantile,0.85,179.72154132850628
40,2026-09-26,3,2026-10-17,wk inc covid hosp,quantile,0.85,56.208505247715934
41,2026-09-26,3,2026-10-17,wk inc covid hosp,quantile,0.85,90.36032869350275
42,2026-09-26,3,2026-10-17,wk inc covid hosp,quantile,0.85,421.58430599577554
44,2026-09-26,3,2026-10-17,wk inc covid hosp,quantile,0.85,47.08794895512836
45,2026-09-26,3,2026-10-17,wk inc covid hosp,quantile,0.85,119.84198489180092
46,2026-09-26,3,2026-10-17,wk inc covid hosp,quantile,0.85,23.879504645719884
47,2026-09-26,3,2026-10-17,wk inc covid hosp,quantile,0.85,164.25331882542773
48,2026-09-26,3,2026-10-17,wk inc covid hosp,quantile,0.85,798.1639468293134
49,2026-09-26,3,2026-10-17,wk inc covid hosp,quantile,0.85,67.18620993317491
50,2026-09-26,3,2026-10-17,wk inc covid hosp,quantile,0.85,13.185030311916321
51,2026-09-26,3,2026-10-17,wk inc covid hosp,quantile,0.85,129.5568780672234
53,2026-09-26,3,2026-10-17,wk inc covid hosp,quantile,0.85,248.35379143409898
54,2026-09-26,3,2026-10-17,wk inc covid hosp,quantile,0.85,58.21404320590457
55,2026-09-26,3,2026-10-17,wk inc covid hosp,quantile,0.85,83.23986464878725
56,2026-09-26,3,2026-10-17,wk inc covid hosp,quantile,0.85,8.56317346929638
72,2026-09-26,3,2026-10-17,wk inc covid hosp,quantile,0.85,212.0424397979155
US,2026-09-26,3,2026-10-17,wk inc covid hosp,quantile,0.85,7589.605039972496
01,2026-09-26,0,2026-09-26,wk inc covid hosp,quantile,0.9,134.4841955211181
02,2026-09-26,0,2026-09-26,wk inc covid hosp,quantile,0.9,6.051548402942746
04,2026-09-26,0,2026-09-26,wk inc covid hosp,quantile,0.9,116.95920166509708
05,2026-09-26,0,2026-09-26,wk inc covid hosp,quantile,0.9,27.217071808255202
06,2026-09-26,0,2026-09-26,wk inc covid hosp,quantile,0.9,1266.7135330489498
08,2026-09-26,0,2026-09-26,wk inc covid hosp,quantile,0.9,51.52577640120303
09,2026-09-26,0,2026-09-26,wk inc covid hosp,quantile,0.9,64.56488075018933
10,2026-09-26,0,2026-09-26,wk inc covid hosp,quantile,0.9,11.769993904387238
11,2026-09-26,0,2026-09-26,wk inc covid hosp,quantile,0.9,11.581834993863165
12,2026-09-26,0,2026-09-26,wk inc covid hosp,quantile,0.9,885.2700938212969
13,2026-09-26,0,2026-09-26,wk inc covid hosp,quantile,0.9,148.03316416711056
15,2026-09-26,0,2026-09-26,wk inc covid hosp,quantile,0.9,58.26449346314392
16,2026-09-26,0,2026-09-26,wk inc covid hosp,quantile,0.9,20.4974708247505
17,2026-09-26,0,2026-09-26,wk inc covid hosp,quantile,0.9,104.06924752779835
18,2026-09-26,0,2026-09-26,wk inc covid hosp,quantile,0.9,48.83904372170503
19,2026-09-26,0,2026-09-26,wk inc covid hosp,quantile,0.9,28.800269934653357
20,2026-09-26,0,2026-09-26,wk inc covid hosp,quantile,0.9,17.161931680123843
21,2026-09-26,0,2026-09-26,wk inc covid hosp,quantile,0.9,39.18377001149125
22,2026-09-26,0,2026-09-26,wk inc covid hosp,quantile,0.9,124.16883897130751
23,2026-09-26,0,2026-09-26,wk inc covid hosp,quantile,0.9,5.947365292039587
24,2026-09-26,0,2026-09-26,wk inc covid hosp,quantile,0.9,56.84587231860565
25,2026-09-26,0,2026-09-26,wk inc covid hosp,quantile,0.9,64.87523060101921
26,2026-09-26,0,2026-09-26,wk inc covid hosp,quantile,0.9,95.08401232162882
27,2026-09-26,0,2026-09-26,wk inc covid hosp,quantile,0.9,45.720515804835834
28,2026-09-26,0,2026-09-26,wk inc covid hosp,quantile,0.9,50.15821730511372
29,2026-09-26,0,2026-09-26,wk inc covid hosp,quantile,0.9,64.5918353951794
30,2026-09-26,0,2026-09-26,wk inc covid hosp,quantile,0.9,24.633193773056913
31,2026-09-26,0,2026-09-26,wk inc covid hosp,quantile,0.9,11.262793091771224
32,2026-09-26,0,2026-09-26,wk inc covid hosp,quantile,0.9,53.857278210588134
33,2026-09-26,0,2026-09-26,wk inc covid hosp,quantile,0.9,6.630630195329448
34,2026-09-26,0,2026-09-26,wk inc covid hosp,quantile,0.9,197.11757844065733
35,2026-09-26,0,2026-09-26,wk inc covid hosp,quantile,0.9,18.04734457703944
36,2026-09-26,0,2026-09-26,wk inc covid hosp,quantile,0.9,365.44563470878546
37,2026-09-26,0,2026-09-26,wk inc covid hosp,quantile,0.9,285.73825558047383
38,2026-09-26,0,2026-09-26,wk inc covid hosp,quantile,0.9,4.6346731481058345
39,2026-09-26,0,2026-09-26,wk inc covid hosp,quantile,0.9,107.74323255817303
40,2026-09-26,0,2026-09-26,wk inc covid hosp,quantile,0.9,35.77617967345458
41,2026-09-26,0,2026-09-26,wk inc covid hosp,quantile,0.9,60.129849734878086
42,2026-09-26,0,2026-09-26,wk inc covid hosp,quantile,0.9,251.3050799272586
44,2026-09-26,0,2026-09-26,wk inc covid hosp,quantile,0.9,26.281179547929394
45,2026-09-26,0,2026-09-26,wk inc covid hosp,quantile,0.9,87.05679317465791
46,2026-09-26,0,2026-09-26,wk inc covid hosp,quantile,0.9,12.834945978132062
47,2026-09-26,0,2026-09-26,wk inc covid hosp,quantile,0.9,117.57132652251146
48,2026-09-26,0,2026-09-26,wk inc covid hosp,quantile,0.9,647.7550304655991
49,2026-09-26,0,2026-09-26,wk inc covid hosp,quantile,0.9,41.18065277420188
50,2026-09-26,0,2026-09-26,wk inc covid hosp,quantile,0.9,6.7872652072070805
51,2026-09-26,0,2026-09-26,wk inc covid hosp,quantile,0.9,83.27600991206678
53,2026-09-26,0,2026-09-26,wk inc covid hosp,quantile,0.9,185.65390183344456
54,2026-09-26,0,2026-09-26,wk inc covid hosp,quantile,0.9,31.344794314777708
55,2026-09-26,0,2026-09-26,wk inc covid hosp,quantile,0.9,45.067688616036655
56,2026-09-26,0,2026-09-26,wk inc covid hosp,quantile,0.9,3.5777063577885735
72,2026-09-26,0,2026-09-26,wk inc covid hosp,quantile,0.9,158.0173584490128
US,2026-09-26,0,2026-09-26,wk inc covid hosp,quantile,0.9,5757.080103485747
01,2026-09-26,1,2026-10-03,wk inc covid hosp,quantile,0.9,151.0230939293806
02,2026-09-26,1,2026-10-03,wk inc covid hosp,quantile,0.9,8.28857316987725
04,2026-09-26,1,2026-10-03,wk inc covid hosp,quantile,0.9,140.22037180704652
05,2026-09-26,1,2026-10-03,wk inc covid hosp,quantile,0.9,34.54088689448904
06,2026-09-26,1,2026-10-03,wk inc covid hosp,quantile,0.9,1405.1062557721814
08,2026-09-26,1,2026-10-03,wk inc covid hosp,quantile,0.9,64.4230962819163
09,2026-09-26,1,2026-10-03,wk inc covid hosp,quantile,0.9,89.42107853814825
10,2026-09-26,1,2026-10-03,wk inc covid hosp,quantile,0.9,15.258005450457857
11,2026-09-26,1,2026-10-03,wk inc covid hosp,quantile,0.9,16.064764596492218
12,2026-09-26,1,2026-10-03,wk inc covid hosp,quantile,0.9,1035.8330827385253
13,2026-09-26,1,2026-10-03,wk inc covid hosp,quantile,0.9,172.1514379463104
15,2026-09-26,1,2026-10-03,wk inc covid hosp,quantile,0.9,70.2216639633329
16,2026-09-26,1,2026-10-03,wk inc covid hosp,quantile,0.9,26.220399528385347
17,2026-09-26,1,2026-10-03,wk inc covid hosp,quantile,0.9,134.3874148644344
18,2026-09-26,1,2026-10-03,wk inc covid hosp,quantile,0.9,64.0063480441947
19,2026-09-26,1,2026-10-03,wk inc covid hosp,quantile,0.9,38.474939491786984
20,2026-09-26,1,2026-10-03,wk inc covid hosp,quantile,0.9,24.229203659043346
21,2026-09-26,1,2026-10-03,wk inc covid hosp,quantile,0.9,50.99219755787983
22,2026-09-26,1,2026-10-03,wk inc covid hosp,quantile,0.9,144.67077815548646
23,2026-09-26,1,2026-10-03,wk inc covid hosp,quantile,0.9,8.94058659197791
24,2026-09-26,1,2026-10-03,wk inc covid hosp,quantile,0.9,74.18418926992958
25,2026-09-26,1,2026-10-03,wk inc covid hosp,quantile,0.9,87.1146638413599
26,2026-09-26,1,2026-10-03,wk inc covid hosp,quantile,0.9,128.03258494474014
27,2026-09-26,1,2026-10-03,wk inc covid hosp,quantile,0.9,60.75256905497036
28,2026-09-26,1,2026-10-03,wk inc covid hosp,quantile,0.9,57.8744131174611
29,2026-09-26,1,2026-10-03,wk inc covid hosp,quantile,0.9,83.50903708281926
30,2026-09-26,1,2026-10-03,wk inc covid hosp,quantile,0.9,33.532587224107
31,2026-09-26,1,2026-10-03,wk inc covid hosp,quantile,0.9,16.10547371478009
32,2026-09-26,1,2026-10-03,wk inc covid hosp,quantile,0.9,62.536048460883805
33,2026-09-26,1,2026-10-03,wk inc covid hosp,quantile,0.9,9.508757969997653
34,2026-09-26,1,2026-10-03,wk inc covid hosp,quantile,0.9,238.51491735799522
35,2026-09-26,1,2026-10-03,wk inc covid hosp,quantile,0.9,21.973289519371885
36,2026-09-26,1,2026-10-03,wk inc covid hosp,quantile,0.9,438.6534885242526
37,2026-09-26,1,2026-10-03,wk inc covid hosp,quantile,0.9,331.1680531812187
38,2026-09-26,1,2026-10-03,wk inc covid hosp,quantile,0.9,7.107431818658754
39,2026-09-26,1,2026-10-03,wk inc covid hosp,quantile,0.9,138.65103666609096
40,2026-09-26,1,2026-10-03,wk inc covid hosp,quantile,0.9,43.912044279678504
41,2026-09-26,1,2026-10-03,wk inc covid hosp,quantile,0.9,71.79154033491133
42,2026-09-26,1,2026-10-03,wk inc covid hosp,quantile,0.9,327.78714001017914
44,2026-09-26,1,2026-10-03,wk inc covid hosp,quantile,0.9,34.91500326949288
45,2026-09-26,1,2026-10-03,wk inc covid hosp,quantile,0.9,101.17030400723472
46,2026-09-26,1,2026-10-03,wk inc covid hosp,quantile,0.9,18.17082513092941
47,2026-09-26,1,2026-10-03,wk inc covid hosp,quantile,0.9,136.7746816462984
48,2026-09-26,1,2026-10-03,wk inc covid hosp,quantile,0.9,734.3633842455054
49,2026-09-26,1,2026-10-03,wk inc covid hosp,quantile,0.9,52.20904808562979
50,2026-09-26,1,2026-10-03,wk inc covid hosp,quantile,0.9,9.201900809481776
51,2026-09-26,1,2026-10-03,wk inc covid hosp,quantile,0.9,104.00521573600977
53,2026-09-26,1,2026-10-03,wk inc covid hosp,quantile,0.9,214.64747782540425
54,2026-09-26,1,2026-10-03,wk inc covid hosp,quantile,0.9,42.10546322031032
55,2026-09-26,1,2026-10-03,wk inc covid hosp,quantile,0.9,61.23244057607309
56,2026-09-26,1,2026-10-03,wk inc covid hosp,quantile,0.9,5.853322851584456
72,2026-09-26,1,2026-10-03,wk inc covid hosp,quantile,0.9,185.4400146697064
US,2026-09-26,1,2026-10-03,wk inc covid hosp,quantile,0.9,6530.556477471921
01,2026-09-26,2,2026-10-10,wk inc covid hosp,quantile,0.9,171.78407624905225
02,2026-09-26,2,2026-10-10,wk inc covid hosp,quantile,0.9,10.65883450394873
04,2026-09-26,2,2026-10-10,wk inc covid hosp,quantile,0.9,160.62698260853318
05,2026-09-26,2,2026-10-10,wk inc covid hosp,quantile,0.9,44.99357897076367
06,2026-09-26,2,2026-10-10,wk inc covid hosp,quantile,0.9,1507.6657107640099
08,2026-09-26,2,2026-10-10,wk inc covid hosp,quantile,0.9,78.64561515435217
09,2026-09-26,2,2026-10-10,wk inc covid hosp,quantile,0.9,113.78787194449008
10,2026-09-26,2,2026-10-10,wk inc covid hosp,quantile,0.9,19.910609173996892
11,2026-09-26,2,2026-10-10,wk inc covid hosp,quantile,0.9,20.602094727224195
12,2026-09-26,2,2026-10-10,wk inc covid hosp,quantile,0.9,1174.0679977190962
13,2026-09-26,2,2026-10-10,wk inc covid hosp,quantile,0.9,192.51427797217525
15,2026-09-26,2,2026-10-10,wk inc covid hosp,quantile,0.9,80.42382699771312
16,2026-09-26,2,2026-10-10,wk inc covid hosp,quantile,0.9,32.66336351331
17,2026-09-26,2,2026-10-10,wk inc covid hosp,quantile,0.9,167.6104216917089
18,2026-09-26,2,2026-10-10,wk inc covid hosp,quantile,0.9,80.27125311009533
19,2026-09-26,2,2026-10-10,wk inc covid hosp,quantile,0.9,48.28876418396012
20,2026-09-26,2,2026-10-10,wk inc covid hosp,quantile,0.9,31.599174482358087
21,2026-09-26,2,2026-10-10,wk inc covid hosp,quantile,0.9,64.9905012450317
22,2026-09-26,2,2026-10-10,wk inc covid hosp,quantile,0.9,162.82449838026162
23,2026-09-26,2,2026-10-10,wk inc covid hosp,quantile,0.9,13.098722242014027
24,2026-09-26,2,2026-10-10,wk inc covid hosp,quantile,0.9,93.50963810958596
25,2026-09-26,2,2026-10-10,wk inc covid hosp,quantile,0.9,106.83814301222391
26,2026-09-26,2,2026-10-10,wk inc covid hosp,quantile,0.9,170.7781643044856
27,2026-09-26,2,2026-10-10,wk inc covid hosp,quantile,0.9,75.90528984839108
28,2026-09-26,2,2026-10-10,wk inc covid hosp,quantile,0.9,69.48757533432422
29,2026-09-26,2,2026-10-10,wk inc covid hosp,quantile,0.9,97.54745171129167
30,2026-09-26,2,2026-10-10,wk inc covid hosp,quantile,0.9,42.88929653915848
31,2026-09-26,2,2026-10-10,wk inc covid hosp,quantile,0.9,22.171740883763142
32,2026-09-26,2,2026-10-10,wk inc covid hosp,quantile,0.9,74.36248683105246
33,2026-09-26,2,2026-10-10,wk inc covid hosp,quantile,0.9,12.985109525521482
34,2026-09-26,2,2026-10-10,wk inc covid hosp,quantile,0.9,287.7089351964319
35,2026-09-26,2,2026-10-10,wk inc covid hosp,quantile,0.9,27.355121271871873
36,2026-09-26,2,2026-10-10,wk inc covid hosp,quantile,0.9,505.1584231930163
37,2026-09-26,2,2026-10-10,wk inc covid hosp,quantile,0.9,372.51058959339946
38,2026-09-26,2,2026-10-10,wk inc covid hosp,quantile,0.9,10.544753181832041
39,2026-09-26,2,2026-10-10,wk inc covid hosp,quantile,0.9,174.37094871712858
40,2026-09-26,2,2026-10-10,wk inc covid hosp,quantile,0.9,54.71723697808494
41,2026-09-26,2,2026-10-10,wk inc covid hosp,quantile,0.9,86.91667410561571
42,2026-09-26,2,2026-10-10,wk inc covid hosp,quantile,0.9,399.13744581973896
44,2026-09-26,2,2026-10-10,wk inc covid hosp,quantile,0.9,45.4069623101181
45,2026-09-26,2,2026-10-10,wk inc covid hosp,quantile,0.9,117.19816912540814
46,2026-09-26,2,2026-10-10,wk inc covid hosp,quantile,0.9,24.131778390778432
47,2026-09-26,2,2026-10-10,wk inc covid hosp,quantile,0.9,163.70150479348567
48,2026-09-26,2,2026-10-10,wk inc covid hosp,quantile,0.9,798.5390575386853
49,2026-09-26,2,2026-10-10,wk inc covid hosp,quantile,0.9,64.66899028488628
50,2026-09-26,2,2026-10-10,wk inc covid hosp,quantile,0.9,12.859732733080342
51,2026-09-26,2,2026-10-10,wk inc covid hosp,quantile,0.9,125.7886080246704
53,2026-09-26,2,2026-10-10,wk inc covid hosp,quantile,0.9,243.47613534207008
54,2026-09-26,2,2026-10-10,wk inc covid hosp,quantile,0.9,55.00895009534135
55,2026-09-26,2,2026-10-10,wk inc covid hosp,quantile,0.9,76.47860880625457
56,2026-09-26,2,2026-10-10,wk inc covid hosp,quantile,0.9,8.018312992021999
72,2026-09-26,2,2026-10-10,wk inc covid hosp,quantile,0.9,209.83085150851105
US,2026-09-26,2,2026-10-10,wk inc covid hosp,quantile,0.9,7298.54458732676
01,2026-09-26,3,2026-10-17,wk inc covid hosp,quantile,0.9,187.46415175759472
02,2026-09-26,3,2026-10-17,wk inc covid hosp,quantile,0.9,13.42730390600729
04,2026-09-26,3,2026-10-17,wk inc covid hosp,quantile,0.9,184.4526828302462
05,2026-09-26,3,2026-10-17,wk inc covid hosp,quantile,0.9,54.01502652950475
06,2026-09-26,3,2026-10-17,wk inc covid hosp,quantile,0.9,1605.7621111767066
08,2026-09-26,3,2026-10-17,wk inc covid hosp,quantile,0.9,97.23332981580769
09,2026-09-26,3,2026-10-17,wk inc covid hosp,quantile,0.9,139.98987476498505
10,2026-09-26,3,2026-10-17,wk inc covid hosp,quantile,0.9,24.59713743075754
11,2026-09-26,3,2026-10-17,wk inc covid hosp,quantile,0.9,26.765934776675017
12,2026-09-26,3,2026-10-17,wk inc covid hosp,quantile,0.9,1308.2796777856186
13,2026-09-26,3,2026-10-17,wk inc covid hosp,quantile,0.9,213.91748811680083
15,2026-09-26,3,2026-10-17,wk inc covid hosp,quantile,0.9,89.1148224021749
16,2026-09-26,3,2026-10-17,wk inc covid hosp,quantile,0.9,39.10668598474962
17,2026-09-26,3,2026-10-17,wk inc covid hosp,quantile,0.9,200.67766551431617
18,2026-09-26,3,2026-10-17,wk inc covid hosp,quantile,0.9,97.83076341249175
19,2026-09-26,3,2026-10-17,wk inc covid hosp,quantile,0.9,58.99775043654887
20,2026-09-26,3,2026-10-17,wk inc covid hosp,quantile,0.9,41.30150539740516
21,2026-09-26,3,2026-10-17,wk inc covid hosp,quantile,0.9,80.3551998848139
22,2026-09-26,3,2026-10-17,wk inc covid hosp,quantile,0.9,187.07164666564245
23,2026-09-26,3,2026-10-17,wk inc covid hosp,quantile,0.9,17.572276885218184
24,2026-09-26,3,2026-10-17,wk inc covid hosp,quantile,0.9,108.78609231719766
25,2026-09-26,3,2026-10-17,wk inc covid hosp,quantile,0.9,131.73077035296555
26,2026-09-26,3,2026-10-17,wk inc covid hosp,quantile,0.9,219.11686377139213
27,2026-09-26,3,2026-10-17,wk inc covid hosp,quantile,0.9,92.92887904529097
28,2026-09-26,3,2026-10-17,wk inc covid hosp,quantile,0.9,81.03984995427754
29,2026-09-26,3,2026-10-17,wk inc covid hosp,quantile,0.9,117.24897059997784
30,2026-09-26,3,2026-10-17,wk inc covid hosp,quantile,0.9,53.42356470961048
31,2026-09-26,3,2026-10-17,wk inc covid hosp,quantile,0.9,29.285350400808817
32,2026-09-26,3,2026-10-17,wk inc covid hosp,quantile,0.9,85.01542607764598
33,2026-09-26,3,2026-10-17,wk inc covid hosp,quantile,0.9,17.336023974672887
34,2026-09-26,3,2026-10-17,wk inc covid hosp,quantile,0.9,327.81426508171484
35,2026-09-26,3,2026-10-17,wk inc covid hosp,quantile,0.9,32.35094029294189
36,2026-09-26,3,2026-10-17,wk inc covid hosp,quantile,0.9,568.6909004024526
37,2026-09-26,3,2026-10-17,wk inc covid hosp,quantile,0.9,417.36984754281445
38,2026-09-26,3,2026-10-17,wk inc covid hosp,quantile,0.9,13.440771449750013
39,2026-09-26,3,2026-10-17,wk inc covid hosp,quantile,0.9,209.917794918682
40,2026-09-26,3,2026-10-17,wk inc covid hosp,quantile,0.9,65.9450763947261
41,2026-09-26,3,2026-10-17,wk inc covid hosp,quantile,0.9,101.84770087973688
42,2026-09-26,3,2026-10-17,wk inc covid hosp,quantile,0.9,477.579681152353
44,2026-09-26,3,2026-10-17,wk inc covid hosp,quantile,0.9,56.04577452290048
45,2026-09-26,3,2026-10-17,wk inc covid hosp,quantile,0.9,136.25193754170422
46,2026-09-26,3,2026-10-17,wk inc covid hosp,quantile,0.9,30.367798549603176
47,2026-09-26,3,2026-10-17,wk inc covid hosp,quantile,0.9,183.7029789720038
48,2026-09-26,3,2026-10-17,wk inc covid hosp,quantile,0.9,888.0325328169812
49,2026-09-26,3,2026-10-17,wk inc covid hosp,quantile,0.9,77.07862827134596
50,2026-09-26,3,2026-10-17,wk inc covid hosp,quantile,0.9,16.99184754867539
51,2026-09-26,3,2026-10-17,wk inc covid hosp,quantile,0.9,145.87086687338515
53,2026-09-26,3,2026-10-17,wk inc covid hosp,quantile,0.9,266.8797499876863
54,2026-09-26,3,2026-10-17,wk inc covid hosp,quantile,0.9,66.49662147802154
55,2026-09-26,3,2026-10-17,wk inc covid hosp,quantile,0.9,96.96121304013933
56,2026-09-26,3,2026-10-17,wk inc covid hosp,quantile,0.9,11.792714651997379
72,2026-09-26,3,2026-10-17,wk inc covid hosp,quantile,0.9,241.4588114453986
US,2026-09-26,3,2026-10-17,wk inc covid hosp,quantile,0.9,8070.638586895039
01,2026-09-26,0,2026-09-26,wk inc covid hosp,quantile,0.95,144.30020850556764
02,2026-09-26,0,2026-09-26,wk inc covid hosp,quantile,0.95,7.553788876145771
04,2026-09-26,0,2026-09-26,wk inc covid hosp,quantile,0.95,128.80441339804304
05,2026-09-26,0,2026-09-26,wk inc covid hosp,quantile,0.95,31.65339533842472
06,2026-09-26,0,2026-09-26,wk inc covid hosp,quantile,0.95,1318.1321031241307
08,2026-09-26,0,2026-09-26,wk inc covid hosp,quantile,0.95,56.87986136501919
09,2026-09-26,0,2026-09-26,wk inc covid hosp,quantile,0.95,73.84992850628464
10,2026-09-26,0,2026-09-26,wk inc covid hosp,quantile,0.95,13.905239971713284
11,2026-09-26,0,2026-09-26,wk inc covid hosp,quantile,0.95,14.05786842261274
12,2026-09-26,0,2026-09-26,wk inc covid hosp,quantile,0.95,964.1373965876982
13,2026-09-26,0,2026-09-26,wk inc covid hosp,quantile,0.95,161.24384768196762
15,2026-09-26,0,2026-09-26,wk inc covid hosp,quantile,0.95,62.99454646664214
16,2026-09-26,0,2026-09-26,wk inc covid hosp,quantile,0.95,23.58358127788307
17,2026-09-26,0,2026-09-26,wk inc covid hosp,quantile,0.95,114.45514251109839
18,2026-09-26,0,2026-09-26,wk inc covid hosp,quantile,0.95,55.66662302004947
19,2026-09-26,0,2026-09-26,wk inc covid hosp,quantile,0.95,33.036381179323264
20,2026-09-26,0,2026-09-26,wk inc covid hosp,quantile,0.95,20.915325642702967
21,2026-09-26,0,2026-09-26,wk inc covid hosp,quantile,0.95,45.33038764326443
22,2026-09-26,0,2026-09-26,wk inc covid hosp,quantile,0.95,133.26103662874138
23,2026-09-26,0,2026-09-26,wk inc covid hosp,quantile,0.95,7.687273929652576
24,2026-09-26,0,2026-09-26,wk inc covid hosp,quantile,0.95,63.991824381324314
25,2026-09-26,0,2026-09-26,wk inc covid hosp,quantile,0.95,71.30747806443581
26,2026-09-26,0,2026-09-26,wk inc covid hosp,quantile,0.95,110.5749827382734
27,2026-09-26,0,2026-09-26,wk inc covid hosp,quantile,0.95,51.29229396545262
28,2026-09-26,0,2026-09-26,wk inc covid hosp,quantile,0.95,56.119767825524015
29,2026-09-26,0,2026-09-26,wk inc covid hosp,quantile,0.95,70.78349925492675
30,2026-09-26,0,2026-09-26,wk inc covid hosp,quantile,0.95,28.44069870797945
31,2026-09-26,0,2026-09-26,wk inc covid hosp,quantile,0.95,13.520717420261386
32,2026-09-26,0,2026-09-26,wk inc covid hosp,quantile,0.95,59.26768317548576
33,2026-09-26,0,2026-09-26,wk inc covid hosp,quantile,0.95,8.29510580090018
34,2026-09-26,0,2026-09-26,wk inc covid hosp,quantile,0.95,220.83815416785032
35,2026-09-26,0,2026-09-26,wk inc covid hosp,quantile,0.95,21.031506075996738
36,2026-09-26,0,2026-09-26,wk inc covid hosp,quantile,0.95,388.0987725738722
37,2026-09-26,0,2026-09-26,wk inc covid hosp,quantile,0.95,307.0618416286596
38,2026-09-26,0,2026-09-26,wk inc covid hosp,quantile,0.95,5.8245384823987205
39,2026-09-26,0,2026-09-26,wk inc covid hosp,quantile,0.95,119.20728497186548
40,2026-09-26,0,2026-09-26,wk inc covid hosp,quantile,0.95,39.96000084549726
41,2026-09-26,0,2026-09-26,wk inc covid hosp,quantile,0.95,65.20357368551367
42,2026-09-26,0,2026-09-26,wk inc covid hosp,quantile,0.95,279.23768795875907
44,2026-09-26,0,2026-09-26,wk inc covid hosp,quantile,0.95,30.024718919152594
45,2026-09-26,0,2026-09-26,wk inc covid hosp,quantile,0.95,95.27591352693051
46,2026-09-26,0,2026-09-26,wk inc covid hosp,quantile,0.95,15.309180469889695
47,2026-09-26,0,2026-09-26,wk inc covid hosp,quantile,0.95,129.5081281440666
48,2026-09-26,0,2026-09-26,wk inc covid hosp,quantile,0.95,704.4378733015961
49,2026-09-26,0,2026-09-26,wk inc covid hosp,quantile,0.95,45.64020206266176
50,2026-09-26,0,2026-09-26,wk inc covid hosp,quantile,0.95,8.48538086291595
51,2026-09-26,0,2026-09-26,wk inc covid hosp,quantile,0.95,91.72303800437535
53,2026-09-26,0,2026-09-26,wk inc covid hosp,quantile,0.95,197.25691743526107
54,2026-09-26,0,2026-09-26,wk inc covid hosp,quantile,0.95,35.39720323078452
55,2026-09-26,0,2026-09-26,wk inc covid hosp,quantile,0.95,51.32657166500906
56,2026-09-26,0,2026-09-26,wk inc covid hosp,quantile,0.95,5.124445000132279
72,2026-09-26,0,2026-09-26,wk inc covid hosp,quantile,0.95,174.24994206513543
US,2026-09-26,0,2026-09-26,wk inc covid hosp,quantile,0.95,6052.063974392522
01,2026-09-26,1,2026-10-03,wk inc covid hosp,quantile,0.95,168.54349231373251
02,2026-09-26,1,2026-10-03,wk inc covid hosp,quantile,0.95,10.596477865942441
04,2026-09-26,1,2026-10-03,wk inc covid hosp,quantile,0.95,157.4157650066577
05,2026-09-26,1,2026-10-03,wk inc covid hosp,quantile,0.95,41.24509592299645
06,2026-09-26,1,2026-10-03,wk inc covid hosp,quantile,0.95,1489.832112618353
08,2026-09-26,1,2026-10-03,wk inc covid hosp,quantile,0.95,72.5100933611448
09,2026-09-26,1,2026-10-03,wk inc covid hosp,quantile,0.95,103.44606197170667
10,2026-09-26,1,2026-10-03,wk inc covid hosp,quantile,0.95,18.616106725918545
11,2026-09-26,1,2026-10-03,wk inc covid hosp,quantile,0.95,20.198919655585307
12,2026-09-26,1,2026-10-03,wk inc covid hosp,quantile,0.95,1146.256738789272
13,2026-09-26,1,2026-10-03,wk inc covid hosp,quantile,0.95,193.33843560928668
15,2026-09-26,1,2026-10-03,wk inc covid hosp,quantile,0.95,77.65490928602621
16,2026-09-26,1,2026-10-03,wk inc covid hosp,quantile,0.95,30.974976580957748
17,2026-09-26,1,2026-10-03,wk inc covid hosp,quantile,0.95,150.3622136645271
18,2026-09-26,1,2026-10-03,wk inc covid hosp,quantile,0.95,74.94165956178452
19,2026-09-26,1,2026-10-03,wk inc covid hosp,quantile,0.95,45.3649882083395
20,2026-09-26,1,2026-10-03,wk inc covid hosp,quantile,0.95,28.421947222217554
21,2026-09-26,1,2026-10-03,wk inc covid hosp,quantile,0.95,59.269101489132595
22,2026-09-26,1,2026-10-03,wk inc covid hosp,quantile,0.95,162.80135026244105
23,2026-09-26,1,2026-10-03,wk inc covid hosp,quantile,0.95,11.566469327780776
24,2026-09-26,1,2026-10-03,wk inc covid hosp,quantile,0.95,84.5864342797536
25,2026-09-26,1,2026-10-03,wk inc covid hosp,quantile,0.95,98.8325776817596
26,2026-09-26,1,2026-10-03,wk inc covid hosp,quantile,0.95,149.88488367505545
27,2026-09-26,1,2026-10-03,wk inc covid hosp,quantile,0.95,69.3146968260293
28,2026-09-26,1,2026-10-03,wk inc covid hosp,quantile,0.95,66.76854962836134
29,2026-09-26,1,2026-10-03,wk inc covid hosp,quantile,0.95,93.27597008774826
30,2026-09-26,1,2026-10-03,wk inc covid hosp,quantile,0.95,39.62076596815623
31,2026-09-26,1,2026-10-03,wk inc covid hosp,quantile,0.95,20.625607724091193
32,2026-09-26,1,2026-10-03,wk inc covid hosp,quantile,0.95,71.30038066933152
33,2026-09-26,1,2026-10-03,wk inc covid hosp,quantile,0.95,12.534481992635355
34,2026-09-26,1,2026-10-03,wk inc covid hosp,quantile,0.95,271.60729641822587
35,2026-09-26,1,2026-10-03,wk inc covid hosp,quantile,0.95,26.689476255113934
36,2026-09-26,1,2026-10-03,wk inc covid hosp,quantile,0.95,477.37344558807507
37,2026-09-26,1,2026-10-03,wk inc covid hosp,quantile,0.95,363.43634823503874
38,2026-09-26,1,2026-10-03,wk inc covid hosp,quantile,0.95,9.180140063657673
39,2026-09-26,1,2026-10-03,wk inc covid hosp,quantile,0.95,160.22715112729162
40,2026-09-26,1,2026-10-03,wk inc covid hosp,quantile,0.95,51.54767374461485
41,2026-09-26,1,2026-10-03,wk inc covid hosp,quantile,0.95,79.86350828347221
42,2026-09-26,1,2026-10-03,wk inc covid hosp,quantile,0.95,370.54858374018
44,2026-09-26,1,2026-10-03,wk inc covid hosp,quantile,0.95,41.44089107188501
45,2026-09-26,1,2026-10-03,wk inc covid hosp,quantile,0.95,116.0066609433266
46,2026-09-26,1,2026-10-03,wk inc covid hosp,quantile,0.95,22.199552375618108
47,2026-09-26,1,2026-10-03,wk inc covid hosp,quantile,0.95,154.20216343959623
48,2026-09-26,1,2026-10-03,wk inc covid hosp,quantile,0.95,819.7450854813716
49,2026-09-26,1,2026-10-03,wk inc covid hosp,quantile,0.95,60.04499011847816
50,2026-09-26,1,2026-10-03,wk inc covid hosp,quantile,0.95,12.68429756576714
51,2026-09-26,1,2026-10-03,wk inc covid hosp,quantile,0.95,118.97202108519348
53,2026-09-26,1,2026-10-03,wk inc covid hosp,quantile,0.95,233.80310767911007
54,2026-09-26,1,2026-10-03,wk inc covid hosp,quantile,0.95,49.929226614296695
55,2026-09-26,1,2026-10-03,wk inc covid hosp,quantile,0.95,72.61245375833684
56,2026-09-26,1,2026-10-03,wk inc covid hosp,quantile,0.95,8.474790670116443
72,2026-09-26,1,2026-10-03,wk inc covid hosp,quantile,0.95,211.07911426231368
US,2026-09-26,1,2026-10-03,wk inc covid hosp,quantile,0.95,6909.922189921121
01,2026-09-26,2,2026-10-10,wk inc covid hosp,quantile,0.95,193.29605001711536
02,2026-09-26,2,2026-10-10,wk inc covid hosp,quantile,0.95,13.625964272580669
04,2026-09-26,2,2026-10-10,wk inc covid hosp,quantile,0.95,184.74102521324616
05,2026-09-26,2,2026-10-10,wk inc covid hosp,quantile,0.95,55.38891297130571
06,2026-09-26,2,2026-10-10,wk inc covid hosp,quantile,0.95,1629.5564557275527
08,2026-09-26,2,2026-10-10,wk inc covid hosp,quantile,0.95,93.43958244680935
09,2026-09-26,2,2026-10-10,wk inc covid hosp,quantile,0.95,137.39804271779627
10,2026-09-26,2,2026-10-10,wk inc covid hosp,quantile,0.95,23.883289450436983
11,2026-09-26,2,2026-10-10,wk inc covid hosp,quantile,0.95,25.837406332497505
12,2026-09-26,2,2026-10-10,wk inc covid hosp,quantile,0.95,1339.916612864068
13,2026-09-26,2,2026-10-10,wk inc covid hosp,quantile,0.95,222.11001590482368
15,2026-09-26,2,2026-10-10,wk inc covid hosp,quantile,0.95,91.8705734374774
16,2026-09-26,2,2026-10-10,wk inc covid hosp,quantile,0.95,40.05696891757983
17,2026-09-26,2,2026-10-10,wk inc covid hosp,quantile,0.95,193.9565329312693
18,2026-09-26,2,2026-10-10,wk inc covid hosp,quantile,0.95,95.7833233953281
19,2026-09-26,2,2026-10-10,wk inc covid hosp,quantile,0.95,57.96761111824947
20,2026-09-26,2,2026-10-10,wk inc covid hosp,quantile,0.95,39.984350686010636
21,2026-09-26,2,2026-10-10,wk inc covid hosp,quantile,0.95,78.16113229833988
22,2026-09-26,2,2026-10-10,wk inc covid hosp,quantile,0.95,189.58345471965282
23,2026-09-26,2,2026-10-10,wk inc covid hosp,quantile,0.95,17.417647409463452
24,2026-09-26,2,2026-10-10,wk inc covid hosp,quantile,0.95,109.13463501480035
25,2026-09-26,2,2026-10-10,wk inc covid hosp,quantile,0.95,122.25564018179018
26,2026-09-26,2,2026-10-10,wk inc covid hosp,quantile,0.95,205.999911694055
27,2026-09-26,2,2026-10-10,wk inc covid hosp,quantile,0.95,88.3529028519216
28,2026-09-26,2,2026-10-10,wk inc covid hosp,quantile,0.95,84.24689892333036
29,2026-09-26,2,2026-10-10,wk inc covid hosp,quantile,0.95,114.33184806958299
30,2026-09-26,2,2026-10-10,wk inc covid hosp,quantile,0.95,53.33819519258696
31,2026-09-26,2,2026-10-10,wk inc covid hosp,quantile,0.95,28.80176078085773
32,2026-09-26,2,2026-10-10,wk inc covid hosp,quantile,0.95,85.85467281483757
33,2026-09-26,2,2026-10-10,wk inc covid hosp,quantile,0.95,17.74406384993745
34,2026-09-26,2,2026-10-10,wk inc covid hosp,quantile,0.95,338.8463452313485
35,2026-09-26,2,2026-10-10,wk inc covid hosp,quantile,0.95,34.21497887432099
36,2026-09-26,2,2026-10-10,wk inc covid hosp,quantile,0.95,557.9792439436903
37,2026-09-26,2,2026-10-10,wk inc covid hosp,quantile,0.95,412.80056683214804
38,2026-09-26,2,2026-10-10,wk inc covid hosp,quantile,0.95,13.771979021973582
39,2026-09-26,2,2026-10-10,wk inc covid hosp,quantile,0.95,208.99059603185052
40,2026-09-26,2,2026-10-10,wk inc covid hosp,quantile,0.95,65.10088564445637
41,2026-09-26,2,2026-10-10,wk inc covid hosp,quantile,0.95,98.86084030837884
42,2026-09-26,2,2026-10-10,wk inc covid hosp,quantile,0.95,473.363586851729
44,2026-09-26,2,2026-10-10,wk inc covid hosp,quantile,0.95,55.24490719904485
45,2026-09-26,2,2026-10-10,wk inc covid hosp,quantile,0.95,135.0816141483738
46,2026-09-26,2,2026-10-10,wk inc covid hosp,quantile,0.95,30.904979335126214
47,2026-09-26,2,2026-10-10,wk inc covid hosp,quantile,0.95,188.1155899758716
48,2026-09-26,2,2026-10-10,wk inc covid hosp,quantile,0.95,913.6896102754505
49,2026-09-26,2,2026-10-10,wk inc covid hosp,quantile,0.95,76.43208402585783
50,2026-09-26,2,2026-10-10,wk inc covid hosp,quantile,0.95,17.56825340289386
51,2026-09-26,2,2026-10-10,wk inc covid hosp,quantile,0.95,146.51828976728794
53,2026-09-26,2,2026-10-10,wk inc covid hosp,quantile,0.95,273.33272075858605
54,2026-09-26,2,2026-10-10,wk inc covid hosp,quantile,0.95,65.88235578226687
55,2026-09-26,2,2026-10-10,wk inc covid hosp,quantile,0.95,95.09377724232698
56,2026-09-26,2,2026-10-10,wk inc covid hosp,quantile,0.95,12.14045448859295
72,2026-09-26,2,2026-10-10,wk inc covid hosp,quantile,0.95,238.91172506074275
US,2026-09-26,2,2026-10-10,wk inc covid hosp,quantile,0.95,7875.284334177219
01,2026-09-26,3,2026-10-17,wk inc covid hosp,quantile,0.95,215.23531277457153
02,2026-09-26,3,2026-10-17,wk inc covid hosp,quantile,0.95,18.388671335866054
04,2026-09-26,3,2026-10-17,wk inc covid hosp,quantile,0.95,215.47532976966465
05,2026-09-26,3,2026-10-17,wk inc covid hosp,quantile,0.95,67.40256681754803
06,2026-09-26,3,2026-10-17,wk inc covid hosp,quantile,0.95,1756.4267838144908
08,2026-09-26,3,2026-10-17,wk inc covid hosp,quantile,0.95,116.11927351236648
09,2026-09-26,3,2026-10-17,wk inc covid hosp,quantile,0.95,173.29402513414144
10,2026-09-26,3,2026-10-17,wk inc covid hosp,quantile,0.95,31.07395013416277
11,2026-09-26,3,2026-10-17,wk inc covid hosp,quantile,0.95,34.13580616257279
12,2026-09-26,3,2026-10-17,wk inc covid hosp,quantile,0.95,1568.626596550619
13,2026-09-26,3,2026-10-17,wk inc covid hosp,quantile,0.95,244.83641193594653
15,2026-09-26,3,2026-10-17,wk inc covid hosp,quantile,0.95,105.33117030445227
16,2026-09-26,3,2026-10-17,wk inc covid hosp,quantile,0.95,48.396650574225376
17,2026-09-26,3,2026-10-17,wk inc covid hosp,quantile,0.95,239.01568352387417
18,2026-09-26,3,2026-10-17,wk inc covid hosp,quantile,0.95,123.21099206660867
19,2026-09-26,3,2026-10-17,wk inc covid hosp,quantile,0.95,72.71975788830791
20,2026-09-26,3,2026-10-17,wk inc covid hosp,quantile,0.95,54.09786886423824
21,2026-09-26,3,2026-10-17,wk inc covid hosp,quantile,0.95,96.84901372126299
22,2026-09-26,3,2026-10-17,wk inc covid hosp,quantile,0.95,213.78795090539379
23,2026-09-26,3,2026-10-17,wk inc covid hosp,quantile,0.95,22.77234744395161
24,2026-09-26,3,2026-10-17,wk inc covid hosp,quantile,0.95,128.68906249851344
25,2026-09-26,3,2026-10-17,wk inc covid hosp,quantile,0.95,154.81024038131918
26,2026-09-26,3,2026-10-17,wk inc covid hosp,quantile,0.95,264.4944267593624
27,2026-09-26,3,2026-10-17,wk inc covid hosp,quantile,0.95,110.09760884921371
28,2026-09-26,3,2026-10-17,wk inc covid hosp,quantile,0.95,96.37239471928002
29,2026-09-26,3,2026-10-17,wk inc covid hosp,quantile,0.95,139.14422275240094
30,2026-09-26,3,2026-10-17,wk inc covid hosp,quantile,0.95,65.90652521406093
31,2026-09-26,3,2026-10-17,wk inc covid hosp,quantile,0.95,38.37031472419739
32,2026-09-26,3,2026-10-17,wk inc covid hosp,quantile,0.95,99.40786982094575
33,2026-09-26,3,2026-10-17,wk inc covid hosp,quantile,0.95,24.293330271520723
34,2026-09-26,3,2026-10-17,wk inc covid hosp,quantile,0.95,393.24810807668104
35,2026-09-26,3,2026-10-17,wk inc covid hosp,quantile,0.95,43.84032064231727
36,2026-09-26,3,2026-10-17,wk inc covid hosp,quantile,0.95,641.785571986503
37,2026-09-26,3,2026-10-17,wk inc covid hosp,quantile,0.95,470.40890468094335
38,2026-09-26,3,2026-10-17,wk inc covid hosp,quantile,0.95,17.499175097620153
39,2026-09-26,3,2026-10-17,wk inc covid hosp,quantile,0.95,252.98258282048528
40,2026-09-26,3,2026-10-17,wk inc covid hosp,quantile,0.95,79.03852930451639
41,2026-09-26,3,2026-10-17,wk inc covid hosp,quantile,0.95,116.9530152941392
42,2026-09-26,3,2026-10-17,wk inc covid hosp,quantile,0.95,556.9843956532443
44,2026-09-26,3,2026-10-17,wk inc covid hosp,quantile,0.95,70.5695247229879
45,2026-09-26,3,2026-10-17,wk inc covid hosp,quantile,0.95,157.84016908990571
46,2026-09-26,3,2026-10-17,wk inc covid hosp,quantile,0.95,43.05794885381697
47,2026-09-26,3,2026-10-17,wk inc covid hosp,quantile,0.95,215.8066959193628
48,2026-09-26,3,2026-10-17,wk inc covid hosp,quantile,0.95,1009.6752764169629
49,2026-09-26,3,2026-10-17,wk inc covid hosp,quantile,0.95,92.01653635626411
50,2026-09-26,3,2026-10-17,wk inc covid hosp,quantile,0.95,22.592029669174917
51,2026-09-26,3,2026-10-17,wk inc covid hosp,quantile,0.95,173.29842067262524
53,2026-09-26,3,2026-10-17,wk inc covid hosp,quantile,0.95,303.3866897941945
54,2026-09-26,3,2026-10-17,wk inc covid hosp,quantile,0.95,81.77891678466577
55,2026-09-26,3,2026-10-17,wk inc covid hosp,quantile,0.95,119.65910881081861
56,2026-09-26,3,2026-10-17,wk inc covid hosp,quantile,0.95,16.139295461033363
72,2026-09-26,3,2026-10-17,wk inc covid hosp,quantile,0.95,287.50004721476563
US,2026-09-26,3,2026-10-17,wk inc covid hosp,quantile,0.95,8841.025367124086
01,2026-09-26,0,2026-09-26,wk inc covid hosp,quantile,0.975,153.5333577308468
02,2026-09-26,0,2026-09-26,wk inc covid hosp,quantile,0.975,8.525503974622227
04,2026-09-26,0,2026-09-26,wk inc covid hosp,quantile,0.975,139.43148080616106
05,2026-09-26,0,2026-09-26,wk inc covid hosp,quantile,0.975,35.11937004657245
06,2026-09-26,0,2026-09-26,wk inc covid hosp,quantile,0.975,1370.7186521240053
08,2026-09-26,0,2026-09-26,wk inc covid hosp,quantile,0.975,64.10286065620829
09,2026-09-26,0,2026-09-26,wk inc covid hosp,quantile,0.975,82.59799071825275
10,2026-09-26,0,2026-09-26,wk inc covid hosp,quantile,0.975,15.545873111611556
11,2026-09-26,0,2026-09-26,wk inc covid hosp,quantile,0.975,16.591137592534608
12,2026-09-26,0,2026-09-26,wk inc covid hosp,quantile,0.975,1049.8331392302864
13,2026-09-26,0,2026-09-26,wk inc covid hosp,quantile,0.975,172.8592567417444
15,2026-09-26,0,2026-09-26,wk inc covid hosp,quantile,0.975,67.78172551794509
16,2026-09-26,0,2026-09-26,wk inc covid hosp,quantile,0.975,26.85863457085507
17,2026-09-26,0,2026-09-26,wk inc covid hosp,quantile,0.975,122.64863101994406
18,2026-09-26,0,2026-09-26,wk inc covid hosp,quantile,0.975,60.567526775190736
19,2026-09-26,0,2026-09-26,wk inc covid hosp,quantile,0.975,36.90036400100514
20,2026-09-26,0,2026-09-26,wk inc covid hosp,quantile,0.975,23.458799355046757
21,2026-09-26,0,2026-09-26,wk inc covid hosp,quantile,0.975,50.699451797210294
22,2026-09-26,0,2026-09-26,wk inc covid hosp,quantile,0.975,142.59224835353658
23,2026-09-26,0,2026-09-26,wk inc covid hosp,quantile,0.975,8.953041029417935
24,2026-09-26,0,2026-09-26,wk inc covid hosp,quantile,0.975,69.06682111949593
25,2026-09-26,0,2026-09-26,wk inc covid hosp,quantile,0.975,78.30950747837929
26,2026-09-26,0,2026-09-26,wk inc covid hosp,quantile,0.975,122.35139463173158
27,2026-09-26,0,2026-09-26,wk inc covid hosp,quantile,0.975,57.02613437660062
28,2026-09-26,0,2026-09-26,wk inc covid hosp,quantile,0.975,61.67650904168328
29,2026-09-26,0,2026-09-26,wk inc covid hosp,quantile,0.975,78.16998898668523
30,2026-09-26,0,2026-09-26,wk inc covid hosp,quantile,0.975,31.11386111805352
31,2026-09-26,0,2026-09-26,wk inc covid hosp,quantile,0.975,15.775485846917414
32,2026-09-26,0,2026-09-26,wk inc covid hosp,quantile,0.975,64.709476313353
33,2026-09-26,0,2026-09-26,wk inc covid hosp,quantile,0.975,9.635764400722692
34,2026-09-26,0,2026-09-26,wk inc covid hosp,quantile,0.975,238.0726235867618
35,2026-09-26,0,2026-09-26,wk inc covid hosp,quantile,0.975,23.260134801586652
36,2026-09-26,0,2026-09-26,wk inc covid hosp,quantile,0.975,408.3604889453734
37,2026-09-26,0,2026-09-26,wk inc covid hosp,quantile,0.975,323.4907873702898
38,2026-09-26,0,2026-09-26,wk inc covid hosp,quantile,0.975,6.764718580746483
39,2026-09-26,0,2026-09-26,wk inc covid hosp,quantile,0.975,132.2783475694591
40,2026-09-26,0,2026-09-26,wk inc covid hosp,quantile,0.975,43.990903132224545
41,2026-09-26,0,2026-09-26,wk inc covid hosp,quantile,0.975,69.29439811897824
42,2026-09-26,0,2026-09-26,wk inc covid hosp,quantile,0.975,312.5540522002509
44,2026-09-26,0,2026-09-26,wk inc covid hosp,quantile,0.975,33.165505681859976
45,2026-09-26,0,2026-09-26,wk inc covid hosp,quantile,0.975,103.41013131038325
46,2026-09-26,0,2026-09-26,wk inc covid hosp,quantile,0.975,17.742009855572306
47,2026-09-26,0,2026-09-26,wk inc covid hosp,quantile,0.975,138.96673896095479
48,2026-09-26,0,2026-09-26,wk inc covid hosp,quantile,0.975,752.0463343539062
49,2026-09-26,0,2026-09-26,wk inc covid hosp,quantile,0.975,49.374004143489934
50,2026-09-26,0,2026-09-26,wk inc covid hosp,quantile,0.975,10.34390717755634
51,2026-09-26,0,2026-09-26,wk inc covid hosp,quantile,0.975,99.05103941324381
53,2026-09-26,0,2026-09-26,wk inc covid hosp,quantile,0.975,206.61748842149314
54,2026-09-26,0,2026-09-26,wk inc covid hosp,quantile,0.975,39.8406948728011
55,2026-09-26,0,2026-09-26,wk inc covid hosp,quantile,0.975,58.246796048511165
56,2026-09-26,0,2026-09-26,wk inc covid hosp,quantile,0.975,6.625664841353193
72,2026-09-26,0,2026-09-26,wk inc covid hosp,quantile,0.975,188.43512385414724
US,2026-09-26,0,2026-09-26,wk inc covid hosp,quantile,0.975,6329.044766698807
01,2026-09-26,1,2026-10-03,wk inc covid hosp,quantile,0.975,181.62791628121104
02,2026-09-26,1,2026-10-03,wk inc covid hosp,quantile,0.975,12.868276148569063
04,2026-09-26,1,2026-10-03,wk inc covid hosp,quantile,0.975,174.00281140437744
05,2026-09-26,1,2026-10-03,wk inc covid hosp,quantile,0.975,47.00985609901298
06,2026-09-26,1,2026-10-03,wk inc covid hosp,quantile,0.975,1561.0493704481196
08,2026-09-26,1,2026-10-03,wk inc covid hosp,quantile,0.975,79.69427970566159
09,2026-09-26,1,2026-10-03,wk inc covid hosp,quantile,0.975,118.7116811116335
10,2026-09-26,1,2026-10-03,wk inc covid hosp,quantile,0.975,22.60540428005714
11,2026-09-26,1,2026-10-03,wk inc covid hosp,quantile,0.975,24.069196811704593
12,2026-09-26,1,2026-10-03,wk inc covid hosp,quantile,0.975,1303.9437169296098
13,2026-09-26,1,2026-10-03,wk inc covid hosp,quantile,0.975,210.32935782571215
15,2026-09-26,1,2026-10-03,wk inc covid hosp,quantile,0.975,84.0736528282013
16,2026-09-26,1,2026-10-03,wk inc covid hosp,quantile,0.975,36.30016837597772
17,2026-09-26,1,2026-10-03,wk inc covid hosp,quantile,0.975,170.39792143738958
18,2026-09-26,1,2026-10-03,wk inc covid hosp,quantile,0.975,84.13879359508162
19,2026-09-26,1,2026-10-03,wk inc covid hosp,quantile,0.975,50.09164337204511
20,2026-09-26,1,2026-10-03,wk inc covid hosp,quantile,0.975,33.842406565649824
21,2026-09-26,1,2026-10-03,wk inc covid hosp,quantile,0.975,68.97023884784493
22,2026-09-26,1,2026-10-03,wk inc covid hosp,quantile,0.975,178.50991425147515
23,2026-09-26,1,2026-10-03,wk inc covid hosp,quantile,0.975,14.203987302582659
24,2026-09-26,1,2026-10-03,wk inc covid hosp,quantile,0.975,94.4682204708057
25,2026-09-26,1,2026-10-03,wk inc covid hosp,quantile,0.975,109.76862152426075
26,2026-09-26,1,2026-10-03,wk inc covid hosp,quantile,0.975,170.54710350647287
27,2026-09-26,1,2026-10-03,wk inc covid hosp,quantile,0.975,76.88553478718588
28,2026-09-26,1,2026-10-03,wk inc covid hosp,quantile,0.975,75.51586298357984
29,2026-09-26,1,2026-10-03,wk inc covid hosp,quantile,0.975,103.01738593363243
30,2026-09-26,1,2026-10-03,wk inc covid hosp,quantile,0.975,46.71664912738396
31,2026-09-26,1,2026-10-03,wk inc covid hosp,quantile,0.975,24.660662880609575
32,2026-09-26,1,2026-10-03,wk inc covid hosp,quantile,0.975,82.09075089100841
33,2026-09-26,1,2026-10-03,wk inc covid hosp,quantile,0.975,15.595338770124004
34,2026-09-26,1,2026-10-03,wk inc covid hosp,quantile,0.975,298.9217882809781
35,2026-09-26,1,2026-10-03,wk inc covid hosp,quantile,0.975,29.683517210851743
36,2026-09-26,1,2026-10-03,wk inc covid hosp,quantile,0.975,515.946444887513
37,2026-09-26,1,2026-10-03,wk inc covid hosp,quantile,0.975,391.40524762902885
38,2026-09-26,1,2026-10-03,wk inc covid hosp,quantile,0.975,10.914783054233498
39,2026-09-26,1,2026-10-03,wk inc covid hosp,quantile,0.975,176.5576736665515
40,2026-09-26,1,2026-10-03,wk inc covid hosp,quantile,0.975,59.599074125781286
41,2026-09-26,1,2026-10-03,wk inc covid hosp,quantile,0.975,88.2404435109745
42,2026-09-26,1,2026-10-03,wk inc covid hosp,quantile,0.975,424.8331552761471
44,2026-09-26,1,2026-10-03,wk inc covid hosp,quantile,0.975,46.563131162546156
45,2026-09-26,1,2026-10-03,wk inc covid hosp,quantile,0.975,128.23737403005822
46,2026-09-26,1,2026-10-03,wk inc covid hosp,quantile,0.975,26.41614956594299
47,2026-09-26,1,2026-10-03,wk inc covid hosp,quantile,0.975,177.64713160632874
48,2026-09-26,1,2026-10-03,wk inc covid hosp,quantile,0.975,885.0416044760515
49,2026-09-26,1,2026-10-03,wk inc covid hosp,quantile,0.975,67.02039286660792
50,2026-09-26,1,2026-10-03,wk inc covid hosp,quantile,0.975,15.381562560154745
51,2026-09-26,1,2026-10-03,wk inc covid hosp,quantile,0.975,132.39138958826396
53,2026-09-26,1,2026-10-03,wk inc covid hosp,quantile,0.975,250.17706859322675
54,2026-09-26,1,2026-10-03,wk inc covid hosp,quantile,0.975,55.54272737647826
55,2026-09-26,1,2026-10-03,wk inc covid hosp,quantile,0.975,79.57690416658791
56,2026-09-26,1,2026-10-03,wk inc covid hosp,quantile,0.975,11.41215796734138
72,2026-09-26,1,2026-10-03,wk inc covid hosp,quantile,0.975,235.80031191308953
US,2026-09-26,1,2026-10-03,wk inc covid hosp,quantile,0.975,7304.420881973761
01,2026-09-26,2,2026-10-10,wk inc covid hosp,quantile,0.975,211.07578165179606
02,2026-09-26,2,2026-10-10,wk inc covid hosp,quantile,0.975,16.618557911252452
04,2026-09-26,2,2026-10-10,wk inc covid hosp,quantile,0.975,208.3733672063883
05,2026-09-26,2,2026-10-10,wk inc covid hosp,quantile,0.975,62.86407054056548
06,2026-09-26,2,2026-10-10,wk inc covid hosp,quantile,0.975,1735.490432833494
08,2026-09-26,2,2026-10-10,wk inc covid hosp,quantile,0.975,105.90429133565777
09,2026-09-26,2,2026-10-10,wk inc covid hosp,quantile,0.975,157.23926979921842
10,2026-09-26,2,2026-10-10,wk inc covid hosp,quantile,0.975,29.131009561020733
11,2026-09-26,2,2026-10-10,wk inc covid hosp,quantile,0.975,31.160771970290455
12,2026-09-26,2,2026-10-10,wk inc covid hosp,quantile,0.975,1552.8368436095234
13,2026-09-26,2,2026-10-10,wk inc covid hosp,quantile,0.975,242.77439597193643
15,2026-09-26,2,2026-10-10,wk inc covid hosp,quantile,0.975,102.61233239415418
16,2026-09-26,2,2026-10-10,wk inc covid hosp,quantile,0.975,47.066088445625475
17,2026-09-26,2,2026-10-10,wk inc covid hosp,quantile,0.975,226.26946733725586
18,2026-09-26,2,2026-10-10,wk inc covid hosp,quantile,0.975,112.81136539030375
19,2026-09-26,2,2026-10-10,wk inc covid hosp,quantile,0.975,66.90174217181755
20,2026-09-26,2,2026-10-10,wk inc covid hosp,quantile,0.975,47.17519532922184
21,2026-09-26,2,2026-10-10,wk inc covid hosp,quantile,0.975,90.69946261486359
22,2026-09-26,2,2026-10-10,wk inc covid hosp,quantile,0.975,212.73703551863102
23,2026-09-26,2,2026-10-10,wk inc covid hosp,quantile,0.975,21.569416861234515
24,2026-09-26,2,2026-10-10,wk inc covid hosp,quantile,0.975,120.85611727033856
25,2026-09-26,2,2026-10-10,wk inc covid hosp,quantile,0.975,144.6219834374017
26,2026-09-26,2,2026-10-10,wk inc covid hosp,quantile,0.975,242.2028607631843
27,2026-09-26,2,2026-10-10,wk inc covid hosp,quantile,0.975,100.88241148677744
28,2026-09-26,2,2026-10-10,wk inc covid hosp,quantile,0.975,95.42154834185443
29,2026-09-26,2,2026-10-10,wk inc covid hosp,quantile,0.975,129.94474262255295
30,2026-09-26,2,2026-10-10,wk inc covid hosp,quantile,0.975,65.72678945948182
31,2026-09-26,2,2026-10-10,wk inc covid hosp,quantile,0.975,35.225903123608354
32,2026-09-26,2,2026-10-10,wk inc covid hosp,quantile,0.975,98.0219343315754
33,2026-09-26,2,2026-10-10,wk inc covid hosp,quantile,0.975,23.72782822989769
34,2026-09-26,2,2026-10-10,wk inc covid hosp,quantile,0.975,375.26203408038793
35,2026-09-26,2,2026-10-10,wk inc covid hosp,quantile,0.975,40.17514187668342
36,2026-09-26,2,2026-10-10,wk inc covid hosp,quantile,0.975,601.0054089063108
37,2026-09-26,2,2026-10-10,wk inc covid hosp,quantile,0.975,447.5001248269115
38,2026-09-26,2,2026-10-10,wk inc covid hosp,quantile,0.975,16.566663170461286
39,2026-09-26,2,2026-10-10,wk inc covid hosp,quantile,0.975,235.09081884439786
40,2026-09-26,2,2026-10-10,wk inc covid hosp,quantile,0.975,77.0565474068372
41,2026-09-26,2,2026-10-10,wk inc covid hosp,quantile,0.975,107.76220399446568
42,2026-09-26,2,2026-10-10,wk inc covid hosp,quantile,0.975,534.6912732824644
44,2026-09-26,2,2026-10-10,wk inc covid hosp,quantile,0.975,66.09126454231989
45,2026-09-26,2,2026-10-10,wk inc covid hosp,quantile,0.975,155.21375001085772
46,2026-09-26,2,2026-10-10,wk inc covid hosp,quantile,0.975,38.27023379838248
47,2026-09-26,2,2026-10-10,wk inc covid hosp,quantile,0.975,210.75101154918636
48,2026-09-26,2,2026-10-10,wk inc covid hosp,quantile,0.975,1006.644294341937
49,2026-09-26,2,2026-10-10,wk inc covid hosp,quantile,0.975,88.84564666518158
50,2026-09-26,2,2026-10-10,wk inc covid hosp,quantile,0.975,22.228249698896512
51,2026-09-26,2,2026-10-10,wk inc covid hosp,quantile,0.975,163.79127411872028
53,2026-09-26,2,2026-10-10,wk inc covid hosp,quantile,0.975,299.57086689558605
54,2026-09-26,2,2026-10-10,wk inc covid hosp,quantile,0.975,77.10794415919165
55,2026-09-26,2,2026-10-10,wk inc covid hosp,quantile,0.975,111.15727030028945
56,2026-09-26,2,2026-10-10,wk inc covid hosp,quantile,0.975,16.050266349039468
72,2026-09-26,2,2026-10-10,wk inc covid hosp,quantile,0.975,280.6950840435856
US,2026-09-26,2,2026-10-10,wk inc covid hosp,quantile,0.975,8476.208335300009
01,2026-09-26,3,2026-10-17,wk inc covid hosp,quantile,0.975,241.44961318538148
02,2026-09-26,3,2026-10-17,wk inc covid hosp,quantile,0.975,25.04393264669504
04,2026-09-26,3,2026-10-17,wk inc covid hosp,quantile,0.975,250.37525102526098
05,2026-09-26,3,2026-10-17,wk inc covid hosp,quantile,0.975,83.36822336028041
06,2026-09-26,3,2026-10-17,wk inc covid hosp,quantile,0.975,1890.0379155832165
08,2026-09-26,3,2026-10-17,wk inc covid hosp,quantile,0.975,129.66567587038514
09,2026-09-26,3,2026-10-17,wk inc covid hosp,quantile,0.975,205.19992179778404
10,2026-09-26,3,2026-10-17,wk inc covid hosp,quantile,0.975,37.795126817606416
11,2026-09-26,3,2026-10-17,wk inc covid hosp,quantile,0.975,41.35086793962318
12,2026-09-26,3,2026-10-17,wk inc covid hosp,quantile,0.975,1810.626664048501
13,2026-09-26,3,2026-10-17,wk inc covid hosp,quantile,0.975,278.4157745894897
15,2026-09-26,3,2026-10-17,wk inc covid hosp,quantile,0.975,120.72886400937034
16,2026-09-26,3,2026-10-17,wk inc covid hosp,quantile,0.975,56.633534119929244
17,2026-09-26,3,2026-10-17,wk inc covid hosp,quantile,0.975,274.7629987714017
18,2026-09-26,3,2026-10-17,wk inc covid hosp,quantile,0.975,143.91786914078617
19,2026-09-26,3,2026-10-17,wk inc covid hosp,quantile,0.975,85.88981828988712
20,2026-09-26,3,2026-10-17,wk inc covid hosp,quantile,0.975,65.56789334610671
21,2026-09-26,3,2026-10-17,wk inc covid hosp,quantile,0.975,114.11218864164682
22,2026-09-26,3,2026-10-17,wk inc covid hosp,quantile,0.975,245.66220427278608
23,2026-09-26,3,2026-10-17,wk inc covid hosp,quantile,0.975,29.38750592693505
24,2026-09-26,3,2026-10-17,wk inc covid hosp,quantile,0.975,155.17051099837394
25,2026-09-26,3,2026-10-17,wk inc covid hosp,quantile,0.975,175.13819363773496
26,2026-09-26,3,2026-10-17,wk inc covid hosp,quantile,0.975,311.2493504346242
27,2026-09-26,3,2026-10-17,wk inc covid hosp,quantile,0.975,125.88292948042879
28,2026-09-26,3,2026-10-17,wk inc covid hosp,quantile,0.975,112.01928699610525
29,2026-09-26,3,2026-10-17,wk inc covid hosp,quantile,0.975,162.38990796840218
30,2026-09-26,3,2026-10-17,wk inc covid hosp,quantile,0.975,78.64025767321293
31,2026-09-26,3,2026-10-17,wk inc covid hosp,quantile,0.975,48.36447296579585
32,2026-09-26,3,2026-10-17,wk inc covid hosp,quantile,0.975,116.62307892993627
33,2026-09-26,3,2026-10-17,wk inc covid hosp,quantile,0.975,30.710574840618325
34,2026-09-26,3,2026-10-17,wk inc covid hosp,quantile,0.975,452.5846763395237
35,2026-09-26,3,2026-10-17,wk inc covid hosp,quantile,0.975,53.36168316869305
36,2026-09-26,3,2026-10-17,wk inc covid hosp,quantile,0.975,702.5379427132699
37,2026-09-26,3,2026-10-17,wk inc covid hosp,quantile,0.975,515.1098735303653
38,2026-09-26,3,2026-10-17,wk inc covid hosp,quantile,0.975,23.028743265178175
39,2026-09-26,3,2026-10-17,wk inc covid hosp,quantile,0.975,292.94326029773794
40,2026-09-26,3,2026-10-17,wk inc covid hosp,quantile,0.975,93.73451623151165
41,2026-09-26,3,2026-10-17,wk inc covid hosp,quantile,0.975,129.43956192672204
42,2026-09-26,3,2026-10-17,wk inc covid hosp,quantile,0.975,641.628831753926
44,2026-09-26,3,2026-10-17,wk inc covid hosp,quantile,0.975,85.54814670883835
45,2026-09-26,3,2026-10-17,wk inc covid hosp,quantile,0.975,185.7360710773993
46,2026-09-26,3,2026-10-17,wk inc covid hosp,quantile,0.975,55.697210580477275
47,2026-09-26,3,2026-10-17,wk inc covid hosp,quantile,0.975,249.13652418388628
48,2026-09-26,3,2026-10-17,wk inc covid hosp,quantile,0.975,1139.216584844689
49,2026-09-26,3,2026-10-17,wk inc covid hosp,quantile,0.975,111.13829811195224
50,2026-09-26,3,2026-10-17,wk inc covid hosp,quantile,0.975,31.33312094343768
51,2026-09-26,3,2026-10-17,wk inc covid hosp,quantile,0.975,197.0048939867343
53,2026-09-26,3,2026-10-17,wk inc covid hosp,quantile,0.975,337.40597822354516
54,2026-09-26,3,2026-10-17,wk inc covid hosp,quantile,0.975,95.71393730355899
55,2026-09-26,3,2026-10-17,wk inc covid hosp,quantile,0.975,142.01941596652682
56,2026-09-26,3,2026-10-17,wk inc covid hosp,quantile,0.975,23.110194124313896
72,2026-09-26,3,2026-10-17,wk inc covid hosp,quantile,0.975,329.30283543366005
US,2026-09-26,3,2026-10-17,wk inc covid hosp,quantile,0.975,9668.014229670498
01,2026-09-26,0,2026-09-26,wk inc covid hosp,quantile,0.99,164.95470471586805
02,2026-09-26,0,2026-09-26,wk inc covid hosp,quantile,0.99,9.820069187935562
04,2026-09-26,0,2026-09-26,wk inc covid hosp,quantile,0.99,150.96888061468383
05,2026-09-26,0,2026-09-26,wk inc covid hosp,quantile,0.99,40.411283383735054
06,2026-09-26,0,2026-09-26,wk inc covid hosp,quantile,0.99,1427.7142265171715
08,2026-09-26,0,2026-09-26,wk inc covid hosp,quantile,0.99,70.93964833799772
09,2026-09-26,0,2026-09-26,wk inc covid hosp,quantile,0.99,92.13230093068057
10,2026-09-26,0,2026-09-26,wk inc covid hosp,quantile,0.99,18.497139678842853
11,2026-09-26,0,2026-09-26,wk inc covid hosp,quantile,0.99,19.82228838392265
12,2026-09-26,0,2026-09-26,wk inc covid hosp,quantile,0.99,1124.1997168753462
13,2026-09-26,0,2026-09-26,wk inc covid hosp,quantile,0.99,188.40767133876804
15,2026-09-26,0,2026-09-26,wk inc covid hosp,quantile,0.99,72.82727021739724
16,2026-09-26,0,2026-09-26,wk inc covid hosp,quantile,0.99,31.665268136835007
17,2026-09-26,0,2026-09-26,wk inc covid hosp,quantile,0.99,133.54844797006626
18,2026-09-26,0,2026-09-26,wk inc covid hosp,quantile,0.99,67.83770479369
19,2026-09-26,0,2026-09-26,wk inc covid hosp,quantile,0.99,41.511079752343065
20,2026-09-26,0,2026-09-26,wk inc covid hosp,quantile,0.99,26.79930586553849
21,2026-09-26,0,2026-09-26,wk inc covid hosp,quantile,0.99,57.36402915319809
22,2026-09-26,0,2026-09-26,wk inc covid hosp,quantile,0.99,155.90324723124587
23,2026-09-26,0,2026-09-26,wk inc covid hosp,quantile,0.99,10.6207478834892
24,2026-09-26,0,2026-09-26,wk inc covid hosp,quantile,0.99,73.23493557383004
25,2026-09-26,0,2026-09-26,wk inc covid hosp,quantile,0.99,87.18797669891083
26,2026-09-26,0,2026-09-26,wk inc covid hosp,quantile,0.99,140.2158279470866
27,2026-09-26,0,2026-09-26,wk inc covid hosp,quantile,0.99,63.752412064456564
28,2026-09-26,0,2026-09-26,wk inc covid hosp,quantile,0.99,67.02141949994119
29,2026-09-26,0,2026-09-26,wk inc covid hosp,quantile,0.99,86.25323603690927
30,2026-09-26,0,2026-09-26,wk inc covid hosp,quantile,0.99,38.169753320788935
31,2026-09-26,0,2026-09-26,wk inc covid hosp,quantile,0.99,18.7873107690273
32,2026-09-26,0,2026-09-26,wk inc covid hosp,quantile,0.99,71.06906220990702
33,2026-09-26,0,2026-09-26,wk inc covid hosp,quantile,0.99,12.043103467919178
34,2026-09-26,0,2026-09-26,wk inc covid hosp,quantile,0.99,255.28302524839378
35,2026-09-26,0,2026-09-26,wk inc covid hosp,quantile,0.99,25.590757400471194
36,2026-09-26,0,2026-09-26,wk inc covid hosp,quantile,0.99,434.214187790775
37,2026-09-26,0,2026-09-26,wk inc covid hosp,quantile,0.99,343.1288276245052
38,2026-09-26,0,2026-09-26,wk inc covid hosp,quantile,0.99,8.357245333210022
39,2026-09-26,0,2026-09-26,wk inc covid hosp,quantile,0.99,148.61039650883467
40,2026-09-26,0,2026-09-26,wk inc covid hosp,quantile,0.99,47.44846617390884
41,2026-09-26,0,2026-09-26,wk inc covid hosp,quantile,0.99,77.11698252431906
42,2026-09-26,0,2026-09-26,wk inc covid hosp,quantile,0.99,348.1269899225121
44,2026-09-26,0,2026-09-26,wk inc covid hosp,quantile,0.99,36.17571446034709
45,2026-09-26,0,2026-09-26,wk inc covid hosp,quantile,0.99,111.35613957466406
46,2026-09-26,0,2026-09-26,wk inc covid hosp,quantile,0.99,21.30752836469233
47,2026-09-26,0,2026-09-26,wk inc covid hosp,quantile,0.99,151.10304574284
48,2026-09-26,0,2026-09-26,wk inc covid hosp,quantile,0.99,818.7384313596857
49,2026-09-26,0,2026-09-26,wk inc covid hosp,quantile,0.99,56.887562720048564
50,2026-09-26,0,2026-09-26,wk inc covid hosp,quantile,0.99,12.641460607292702
51,2026-09-26,0,2026-09-26,wk inc covid hosp,quantile,0.99,109.64297683021219
53,2026-09-26,0,2026-09-26,wk inc covid hosp,quantile,0.99,214.99121879971378
54,2026-09-26,0,2026-09-26,wk inc covid hosp,quantile,0.99,43.512452615398594
55,2026-09-26,0,2026-09-26,wk inc covid hosp,quantile,0.99,64.4420159564701
56,2026-09-26,0,2026-09-26,wk inc covid hosp,quantile,0.99,9.203157598315677
72,2026-09-26,0,2026-09-26,wk inc covid hosp,quantile,0.99,206.93364614947248
US,2026-09-26,0,2026-09-26,wk inc covid hosp,quantile,0.99,6633.52791388486
01,2026-09-26,1,2026-10-03,wk inc covid hosp,quantile,0.99,197.49780889947976
02,2026-09-26,1,2026-10-03,wk inc covid hosp,quantile,0.99,15.831750800952559
04,2026-09-26,1,2026-10-03,wk inc covid hosp,quantile,0.99,194.1083315378931
05,2026-09-26,1,2026-10-03,wk inc covid hosp,quantile,0.99,54.73529583233828
06,2026-09-26,1,2026-10-03,wk inc covid hosp,quantile,0.99,1629.4543264559256
08,2026-09-26,1,2026-10-03,wk inc covid hosp,quantile,0.99,89.41119872353586
09,2026-09-26,1,2026-10-03,wk inc covid hosp,quantile,0.99,140.54863751907004
10,2026-09-26,1,2026-10-03,wk inc covid hosp,quantile,0.99,29.13149952253288
11,2026-09-26,1,2026-10-03,wk inc covid hosp,quantile,0.99,31.215310857101493
12,2026-09-26,1,2026-10-03,wk inc covid hosp,quantile,0.99,1458.6618909080587
13,2026-09-26,1,2026-10-03,wk inc covid hosp,quantile,0.99,225.9169252379876
15,2026-09-26,1,2026-10-03,wk inc covid hosp,quantile,0.99,95.1380797589199
16,2026-09-26,1,2026-10-03,wk inc covid hosp,quantile,0.99,42.90620103002331
17,2026-09-26,1,2026-10-03,wk inc covid hosp,quantile,0.99,191.4540987186339
18,2026-09-26,1,2026-10-03,wk inc covid hosp,quantile,0.99,97.72932864812321
19,2026-09-26,1,2026-10-03,wk inc covid hosp,quantile,0.99,57.85432333655035
20,2026-09-26,1,2026-10-03,wk inc covid hosp,quantile,0.99,42.44854891244701
21,2026-09-26,1,2026-10-03,wk inc covid hosp,quantile,0.99,81.71325025654643
22,2026-09-26,1,2026-10-03,wk inc covid hosp,quantile,0.99,199.55955904417965
23,2026-09-26,1,2026-10-03,wk inc covid hosp,quantile,0.99,18.001893214419322
24,2026-09-26,1,2026-10-03,wk inc covid hosp,quantile,0.99,102.41155208076744
25,2026-09-26,1,2026-10-03,wk inc covid hosp,quantile,0.99,120.82740175854772
26,2026-09-26,1,2026-10-03,wk inc covid hosp,quantile,0.99,204.09001528845002
27,2026-09-26,1,2026-10-03,wk inc covid hosp,quantile,0.99,88.8689218690185
28,2026-09-26,1,2026-10-03,wk inc covid hosp,quantile,0.99,84.88120838691701
29,2026-09-26,1,2026-10-03,wk inc covid hosp,quantile,0.99,111.26788929809867
30,2026-09-26,1,2026-10-03,wk inc covid hosp,quantile,0.99,55.05249937733401
31,2026-09-26,1,2026-10-03,wk inc covid hosp,quantile,0.99,29.444902539672533
32,2026-09-26,1,2026-10-03,wk inc covid hosp,quantile,0.99,93.23608189371124
33,2026-09-26,1,2026-10-03,wk inc covid hosp,quantile,0.99,19.818650640892873
34,2026-09-26,1,2026-10-03,wk inc covid hosp,quantile,0.99,328.47104455978706
35,2026-09-26,1,2026-10-03,wk inc covid hosp,quantile,0.99,35.41611241433432
36,2026-09-26,1,2026-10-03,wk inc covid hosp,quantile,0.99,552.0363711590345
37,2026-09-26,1,2026-10-03,wk inc covid hosp,quantile,0.99,425.097792442525
38,2026-09-26,1,2026-10-03,wk inc covid hosp,quantile,0.99,13.680395097116516
39,2026-09-26,1,2026-10-03,wk inc covid hosp,quantile,0.99,205.53426401917218
40,2026-09-26,1,2026-10-03,wk inc covid hosp,quantile,0.99,67.75433271297568
41,2026-09-26,1,2026-10-03,wk inc covid hosp,quantile,0.99,100.37771684235858
42,2026-09-26,1,2026-10-03,wk inc covid hosp,quantile,0.99,477.1310935661182
44,2026-09-26,1,2026-10-03,wk inc covid hosp,quantile,0.99,53.99900627376777
45,2026-09-26,1,2026-10-03,wk inc covid hosp,quantile,0.99,147.66314192715544
46,2026-09-26,1,2026-10-03,wk inc covid hosp,quantile,0.99,31.854766104137056
47,2026-09-26,1,2026-10-03,wk inc covid hosp,quantile,0.99,196.72628841067092
48,2026-09-26,1,2026-10-03,wk inc covid hosp,quantile,0.99,976.1308814840152
49,2026-09-26,1,2026-10-03,wk inc covid hosp,quantile,0.99,76.41218862697811
50,2026-09-26,1,2026-10-03,wk inc covid hosp,quantile,0.99,19.748878142628136
51,2026-09-26,1,2026-10-03,wk inc covid hosp,quantile,0.99,155.3473495736208
53,2026-09-26,1,2026-10-03,wk inc covid hosp,quantile,0.99,271.2499142135467
54,2026-09-26,1,2026-10-03,wk inc covid hosp,quantile,0.99,63.58743960466326
55,2026-09-26,1,2026-10-03,wk inc covid hosp,quantile,0.99,92.51857191658678
56,2026-09-26,1,2026-10-03,wk inc covid hosp,quantile,0.99,15.213994154887613
72,2026-09-26,1,2026-10-03,wk inc covid hosp,quantile,0.99,270.91115206841175
US,2026-09-26,1,2026-10-03,wk inc covid hosp,quantile,0.99,7732.462427792229
01,2026-09-26,2,2026-10-10,wk inc covid hosp,quantile,0.99,236.06714930376214
02,2026-09-26,2,2026-10-10,wk inc covid hosp,quantile,0.99,23.486748207845967
04,2026-09-26,2,2026-10-10,wk inc covid hosp,quantile,0.99,237.8141167089467
05,2026-09-26,2,2026-10-10,wk inc covid hosp,quantile,0.99,73.31032451635555
06,2026-09-26,2,2026-10-10,wk inc covid hosp,quantile,0.99,1896.4180073535156
08,2026-09-26,2,2026-10-10,wk inc covid hosp,quantile,0.99,117.92119001899466
09,2026-09-26,2,2026-10-10,wk inc covid hosp,quantile,0.99,181.6839989879315
10,2026-09-26,2,2026-10-10,wk inc covid hosp,quantile,0.99,34.62625876155271
11,2026-09-26,2,2026-10-10,wk inc covid hosp,quantile,0.99,38.52129575220804
12,2026-09-26,2,2026-10-10,wk inc covid hosp,quantile,0.99,1805.789600293974
13,2026-09-26,2,2026-10-10,wk inc covid hosp,quantile,0.99,269.21295101567216
15,2026-09-26,2,2026-10-10,wk inc covid hosp,quantile,0.99,116.71350681752487
16,2026-09-26,2,2026-10-10,wk inc covid hosp,quantile,0.99,56.17967281446687
17,2026-09-26,2,2026-10-10,wk inc covid hosp,quantile,0.99,261.1229354719466
18,2026-09-26,2,2026-10-10,wk inc covid hosp,quantile,0.99,132.4528599531358
19,2026-09-26,2,2026-10-10,wk inc covid hosp,quantile,0.99,80.21750872880617
20,2026-09-26,2,2026-10-10,wk inc covid hosp,quantile,0.99,54.647540408752874
21,2026-09-26,2,2026-10-10,wk inc covid hosp,quantile,0.99,107.60067745113767
22,2026-09-26,2,2026-10-10,wk inc covid hosp,quantile,0.99,244.93663866744862
23,2026-09-26,2,2026-10-10,wk inc covid hosp,quantile,0.99,27.36854017155689
24,2026-09-26,2,2026-10-10,wk inc covid hosp,quantile,0.99,137.19211249684932
25,2026-09-26,2,2026-10-10,wk inc covid hosp,quantile,0.99,156.20750778191436
26,2026-09-26,2,2026-10-10,wk inc covid hosp,quantile,0.99,281.21717956222
27,2026-09-26,2,2026-10-10,wk inc covid hosp,quantile,0.99,118.97688866942998
28,2026-09-26,2,2026-10-10,wk inc covid hosp,quantile,0.99,108.77585011206098
29,2026-09-26,2,2026-10-10,wk inc covid hosp,quantile,0.99,147.89772083937262
30,2026-09-26,2,2026-10-10,wk inc covid hosp,quantile,0.99,77.47480245066006
31,2026-09-26,2,2026-10-10,wk inc covid hosp,quantile,0.99,42.29422553975325
32,2026-09-26,2,2026-10-10,wk inc covid hosp,quantile,0.99,111.96160566621153
33,2026-09-26,2,2026-10-10,wk inc covid hosp,quantile,0.99,29.5987414374003
34,2026-09-26,2,2026-10-10,wk inc covid hosp,quantile,0.99,431.209481786044
35,2026-09-26,2,2026-10-10,wk inc covid hosp,quantile,0.99,49.12421287399168
36,2026-09-26,2,2026-10-10,wk inc covid hosp,quantile,0.99,669.6741595280755
37,2026-09-26,2,2026-10-10,wk inc covid hosp,quantile,0.99,496.2815986427076
38,2026-09-26,2,2026-10-10,wk inc covid hosp,quantile,0.99,21.724677547405438
39,2026-09-26,2,2026-10-10,wk inc covid hosp,quantile,0.99,264.02429289274534
40,2026-09-26,2,2026-10-10,wk inc covid hosp,quantile,0.99,93.8394739688785
41,2026-09-26,2,2026-10-10,wk inc covid hosp,quantile,0.99,126.89908267314674
42,2026-09-26,2,2026-10-10,wk inc covid hosp,quantile,0.99,595.8353719031461
44,2026-09-26,2,2026-10-10,wk inc covid hosp,quantile,0.99,76.46315282765035
45,2026-09-26,2,2026-10-10,wk inc covid hosp,quantile,0.99,184.39048730111642
46,2026-09-26,2,2026-10-10,wk inc covid hosp,quantile,0.99,47.92932471941023
47,2026-09-26,2,2026-10-10,wk inc covid hosp,quantile,0.99,237.6640758708362
48,2026-09-26,2,2026-10-10,wk inc covid hosp,quantile,0.99,1113.396762872619
49,2026-09-26,2,2026-10-10,wk inc covid hosp,quantile,0.99,99.61249522840204
50,2026-09-26,2,2026-10-10,wk inc covid hosp,quantile,0.99,31.50763728537019
51,2026-09-26,2,2026-10-10,wk inc covid hosp,quantile,0.99,189.00211982905788
53,2026-09-26,2,2026-10-10,wk inc covid hosp,quantile,0.99,331.97208683245395
54,2026-09-26,2,2026-10-10,wk inc covid hosp,quantile,0.99,88.31349788630335
55,2026-09-26,2,2026-10-10,wk inc covid hosp,quantile,0.99,127.26736018833178
56,2026-09-26,2,2026-10-10,wk inc covid hosp,quantile,0.99,24.02478854464407
72,2026-09-26,2,2026-10-10,wk inc covid hosp,quantile,0.99,317.5456892205771
US,2026-09-26,2,2026-10-10,wk inc covid hosp,quantile,0.99,9141.102122982507
01,2026-09-26,3,2026-10-17,wk inc covid hosp,quantile,0.99,276.0514109379729
02,2026-09-26,3,2026-10-17,wk inc covid hosp,quantile,0.99,31.90960229447995
04,2026-09-26,3,2026-10-17,wk inc covid hosp,quantile,0.99,293.8641489348914
05,2026-09-26,3,2026-10-17,wk inc covid hosp,quantile,0.99,96.15207857819001
06,2026-09-26,3,2026-10-17,wk inc covid hosp,quantile,0.99,2093.0589445041664
08,2026-09-26,3,2026-10-17,wk inc covid hosp,quantile,0.99,152.13907164946465
09,2026-09-26,3,2026-10-17,wk inc covid hosp,quantile,0.99,245.6391672041815
10,2026-09-26,3,2026-10-17,wk inc covid hosp,quantile,0.99,47.70563289585885
11,2026-09-26,3,2026-10-17,wk inc covid hosp,quantile,0.99,54.771075602146
12,2026-09-26,3,2026-10-17,wk inc covid hosp,quantile,0.99,2076.183690963955
13,2026-09-26,3,2026-10-17,wk inc covid hosp,quantile,0.99,310.7419735881457
15,2026-09-26,3,2026-10-17,wk inc covid hosp,quantile,0.99,148.95735699111822
16,2026-09-26,3,2026-10-17,wk inc covid hosp,quantile,0.99,69.23205567731756
17,2026-09-26,3,2026-10-17,wk inc covid hosp,quantile,0.99,316.0466576644489
18,2026-09-26,3,2026-10-17,wk inc covid hosp,quantile,0.99,172.76892386546626
19,2026-09-26,3,2026-10-17,wk inc covid hosp,quantile,0.99,105.24595648826201
20,2026-09-26,3,2026-10-17,wk inc covid hosp,quantile,0.99,83.71129138737297
21,2026-09-26,3,2026-10-17,wk inc covid hosp,quantile,0.99,136.9180685539937
22,2026-09-26,3,2026-10-17,wk inc covid hosp,quantile,0.99,285.5241398219983
23,2026-09-26,3,2026-10-17,wk inc covid hosp,quantile,0.99,37.74579915160058
24,2026-09-26,3,2026-10-17,wk inc covid hosp,quantile,0.99,177.67781703669584
25,2026-09-26,3,2026-10-17,wk inc covid hosp,quantile,0.99,215.17859152192767
26,2026-09-26,3,2026-10-17,wk inc covid hosp,quantile,0.99,376.4044507161484
27,2026-09-26,3,2026-10-17,wk inc covid hosp,quantile,0.99,152.21185220507294
28,2026-09-26,3,2026-10-17,wk inc covid hosp,quantile,0.99,128.43246905308612
29,2026-09-26,3,2026-10-17,wk inc covid hosp,quantile,0.99,185.03947088823762
30,2026-09-26,3,2026-10-17,wk inc covid hosp,quantile,0.99,100.90968744871932
31,2026-09-26,3,2026-10-17,wk inc covid hosp,quantile,0.99,56.54973900071089
32,2026-09-26,3,2026-10-17,wk inc covid hosp,quantile,0.99,136.18301861518893
33,2026-09-26,3,2026-10-17,wk inc covid hosp,quantile,0.99,41.57392051224689
34,2026-09-26,3,2026-10-17,wk inc covid hosp,quantile,0.99,511.75648586032065
35,2026-09-26,3,2026-10-17,wk inc covid hosp,quantile,0.99,65.10491612736553
36,2026-09-26,3,2026-10-17,wk inc covid hosp,quantile,0.99,780.1412014185839
37,2026-09-26,3,2026-10-17,wk inc covid hosp,quantile,0.99,569.9204112787518
38,2026-09-26,3,2026-10-17,wk inc covid hosp,quantile,0.99,28.713309332400854
39,2026-09-26,3,2026-10-17,wk inc covid hosp,quantile,0.99,341.8741177424067
40,2026-09-26,3,2026-10-17,wk inc covid hosp,quantile,0.99,114.4295511437397
41,2026-09-26,3,2026-10-17,wk inc covid hosp,quantile,0.99,152.00955230686728
42,2026-09-26,3,2026-10-17,wk inc covid hosp,quantile,0.99,791.0506316594641
44,2026-09-26,3,2026-10-17,wk inc covid hosp,quantile,0.99,102.31873083870167
45,2026-09-26,3,2026-10-17,wk inc covid hosp,quantile,0.99,209.2534051832085
46,2026-09-26,3,2026-10-17,wk inc covid hosp,quantile,0.99,72.39594415089093
47,2026-09-26,3,2026-10-17,wk inc covid hosp,quantile,0.99,302.67118402965093
48,2026-09-26,3,2026-10-17,wk inc covid hosp,quantile,0.99,1310.2744489271126
49,2026-09-26,3,2026-10-17,wk inc covid hosp,quantile,0.99,135.2686842673897
50,2026-09-26,3,2026-10-17,wk inc covid hosp,quantile,0.99,44.37595113345708
51,2026-09-26,3,2026-10-17,wk inc covid hosp,quantile,0.99,234.75142461633024
53,2026-09-26,3,2026-10-17,wk inc covid hosp,quantile,0.99,369.455051684843
54,2026-09-26,3,2026-10-17,wk inc covid hosp,quantile,0.99,113.1386581739378
55,2026-09-26,3,2026-10-17,wk inc covid hosp,quantile,0.99,161.94101689826488
56,2026-09-26,3,2026-10-17,wk inc covid hosp,quantile,0.99,31.3981906356681
72,2026-09-26,3,2026-10-17,wk inc covid hosp,quantile,0.99,377.57898684368325
US,2026-09-26,3,2026-10-17,wk inc covid hosp,quantile,0.99,10578.583565863835
