reference_date,target,horizon,target_end_date,location,output_type,output_type_id,value
2026-08-22,wk inc covid hosp,0,2026-08-22,01,quantile,0.01,28.554444444444446
2026-08-22,wk inc covid hosp,0,2026-08-22,01,quantile,0.025,33.830555555555556
2026-08-22,wk inc covid hosp,0,2026-08-22,01,quantile,0.05,38.99444444444444
2026-08-22,wk inc covid hosp,0,2026-08-22,01,quantile,0.1,45.77777777777778
2026-08-22,wk inc covid hosp,0,2026-08-22,01,quantile,0.15,50.983333333333334
2026-08-22,wk inc covid hosp,0,2026-08-22,01,quantile,0.2,55.111111111111114
2026-08-22,wk inc covid hosp,0,2026-08-22,01,quantile,0.25,58.888888888888886
2026-08-22,wk inc covid hosp,0,2026-08-22,01,quantile,0.3,61.0
2026-08-22,wk inc covid hosp,0,2026-08-22,01,quantile,0.35,63.111111111111114
2026-08-22,wk inc covid hosp,0,2026-08-22,01,quantile,0.4,65.33333333333333
2026-08-22,wk inc covid hosp,0,2026-08-22,01,quantile,0.45,67.0
2026-08-22,wk inc covid hosp,0,2026-08-22,01,quantile,0.5,69.11111111111111
2026-08-22,wk inc covid hosp,0,2026-08-22,01,quantile,0.55,70.0
2026-08-22,wk inc covid hosp,0,2026-08-22,01,quantile,0.6,71.88888888888889
2026-08-22,wk inc covid hosp,0,2026-08-22,01,quantile,0.65,73.77777777777777
2026-08-22,wk inc covid hosp,0,2026-08-22,01,quantile,0.7,75.44444444444444
2026-08-22,wk inc covid hosp,0,2026-08-22,01,quantile,0.75,77.44444444444444
2026-08-22,wk inc covid hosp,0,2026-08-22,01,quantile,0.8,80.88888888888889
2026-08-22,wk inc covid hosp,0,2026-08-22,01,quantile,0.85,84.77777777777777
2026-08-22,wk inc covid hosp,0,2026-08-22,01,quantile,0.9,90.12222222222222
2026-08-22,wk inc covid hosp,0,2026-08-22,01,quantile,0.95,99.00555555555555
2026-08-22,wk inc covid hosp,0,2026-08-22,01,quantile,0.975,107.0
2026-08-22,wk inc covid hosp,0,2026-08-22,01,quantile,0.99,123.33444444444444
2026-08-22,wk inc covid hosp,0,2026-08-22,02,quantile,0.01,0.3333333333333333
2026-08-22,wk inc covid hosp,0,2026-08-22,02,quantile,0.025,0.8888888888888888
2026-08-22,wk inc covid hosp,0,2026-08-22,02,quantile,0.05,1.0
2026-08-22,wk inc covid hosp,0,2026-08-22,02,quantile,0.1,1.433333333333334
2026-08-22,wk inc covid hosp,0,2026-08-22,02,quantile,0.15,1.7777777777777777
2026-08-22,wk inc covid hosp,0,2026-08-22,02,quantile,0.2,2.2222222222222223
2026-08-22,wk inc covid hosp,0,2026-08-22,02,quantile,0.25,2.5555555555555554
2026-08-22,wk inc covid hosp,0,2026-08-22,02,quantile,0.3,3.111111111111111
2026-08-22,wk inc covid hosp,0,2026-08-22,02,quantile,0.35,3.2222222222222223
2026-08-22,wk inc covid hosp,0,2026-08-22,02,quantile,0.4,3.3333333333333335
2026-08-22,wk inc covid hosp,0,2026-08-22,02,quantile,0.45,3.4444444444444446
2026-08-22,wk inc covid hosp,0,2026-08-22,02,quantile,0.5,3.7777777777777777
2026-08-22,wk inc covid hosp,0,2026-08-22,02,quantile,0.55,4.222222222222222
2026-08-22,wk inc covid hosp,0,2026-08-22,02,quantile,0.6,4.333333333333333
2026-08-22,wk inc covid hosp,0,2026-08-22,02,quantile,0.65,4.555555555555555
2026-08-22,wk inc covid hosp,0,2026-08-22,02,quantile,0.7,5.111111111111111
2026-08-22,wk inc covid hosp,0,2026-08-22,02,quantile,0.75,5.333333333333333
2026-08-22,wk inc covid hosp,0,2026-08-22,02,quantile,0.8,5.555555555555555
2026-08-22,wk inc covid hosp,0,2026-08-22,02,quantile,0.85,6.555555555555555
2026-08-22,wk inc covid hosp,0,2026-08-22,02,quantile,0.9,7.555555555555555
2026-08-22,wk inc covid hosp,0,2026-08-22,02,quantile,0.95,9.227777777777773
2026-08-22,wk inc covid hosp,0,2026-08-22,02,quantile,0.975,11.555555555555555
2026-08-22,wk inc covid hosp,0,2026-08-22,02,quantile,0.99,16.00111111111111
2026-08-22,wk inc covid hosp,0,2026-08-22,04,quantile,0.01,18.554444444444446
2026-08-22,wk inc covid hosp,0,2026-08-22,04,quantile,0.025,23.444444444444443
2026-08-22,wk inc covid hosp,0,2026-08-22,04,quantile,0.05,28.444444444444443
2026-08-22,wk inc covid hosp,0,2026-08-22,04,quantile,0.1,34.888888888888886
2026-08-22,wk inc covid hosp,0,2026-08-22,04,quantile,0.15,38.650000000000006
2026-08-22,wk inc covid hosp,0,2026-08-22,04,quantile,0.2,41.644444444444446
2026-08-22,wk inc covid hosp,0,2026-08-22,04,quantile,0.25,43.666666666666664
2026-08-22,wk inc covid hosp,0,2026-08-22,04,quantile,0.3,45.0
2026-08-22,wk inc covid hosp,0,2026-08-22,04,quantile,0.35,46.111111111111114
2026-08-22,wk inc covid hosp,0,2026-08-22,04,quantile,0.4,47.55555555555556
2026-08-22,wk inc covid hosp,0,2026-08-22,04,quantile,0.45,48.666666666666664
2026-08-22,wk inc covid hosp,0,2026-08-22,04,quantile,0.5,49.77777777777778
2026-08-22,wk inc covid hosp,0,2026-08-22,04,quantile,0.55,50.44444444444444
2026-08-22,wk inc covid hosp,0,2026-08-22,04,quantile,0.6,52.666666666666664
2026-08-22,wk inc covid hosp,0,2026-08-22,04,quantile,0.65,54.111111111111114
2026-08-22,wk inc covid hosp,0,2026-08-22,04,quantile,0.7,55.55555555555556
2026-08-22,wk inc covid hosp,0,2026-08-22,04,quantile,0.75,57.44444444444444
2026-08-22,wk inc covid hosp,0,2026-08-22,04,quantile,0.8,59.333333333333336
2026-08-22,wk inc covid hosp,0,2026-08-22,04,quantile,0.85,61.44444444444444
2026-08-22,wk inc covid hosp,0,2026-08-22,04,quantile,0.9,65.88888888888889
2026-08-22,wk inc covid hosp,0,2026-08-22,04,quantile,0.95,73.0
2026-08-22,wk inc covid hosp,0,2026-08-22,04,quantile,0.975,84.06388888888888
2026-08-22,wk inc covid hosp,0,2026-08-22,04,quantile,0.99,104.78
2026-08-22,wk inc covid hosp,0,2026-08-22,05,quantile,0.01,3.888888888888889
2026-08-22,wk inc covid hosp,0,2026-08-22,05,quantile,0.025,5.555555555555555
2026-08-22,wk inc covid hosp,0,2026-08-22,05,quantile,0.05,6.666666666666667
2026-08-22,wk inc covid hosp,0,2026-08-22,05,quantile,0.1,8.333333333333334
2026-08-22,wk inc covid hosp,0,2026-08-22,05,quantile,0.15,9.11111111111111
2026-08-22,wk inc covid hosp,0,2026-08-22,05,quantile,0.2,10.11111111111111
2026-08-22,wk inc covid hosp,0,2026-08-22,05,quantile,0.25,11.0
2026-08-22,wk inc covid hosp,0,2026-08-22,05,quantile,0.3,12.0
2026-08-22,wk inc covid hosp,0,2026-08-22,05,quantile,0.35,12.555555555555555
2026-08-22,wk inc covid hosp,0,2026-08-22,05,quantile,0.4,13.11111111111111
2026-08-22,wk inc covid hosp,0,2026-08-22,05,quantile,0.45,13.555555555555555
2026-08-22,wk inc covid hosp,0,2026-08-22,05,quantile,0.5,14.222222222222221
2026-08-22,wk inc covid hosp,0,2026-08-22,05,quantile,0.55,14.555555555555555
2026-08-22,wk inc covid hosp,0,2026-08-22,05,quantile,0.6,15.222222222222221
2026-08-22,wk inc covid hosp,0,2026-08-22,05,quantile,0.65,15.777777777777779
2026-08-22,wk inc covid hosp,0,2026-08-22,05,quantile,0.7,16.333333333333332
2026-08-22,wk inc covid hosp,0,2026-08-22,05,quantile,0.75,17.11111111111111
2026-08-22,wk inc covid hosp,0,2026-08-22,05,quantile,0.8,18.22222222222222
2026-08-22,wk inc covid hosp,0,2026-08-22,05,quantile,0.85,19.555555555555557
2026-08-22,wk inc covid hosp,0,2026-08-22,05,quantile,0.9,21.11111111111111
2026-08-22,wk inc covid hosp,0,2026-08-22,05,quantile,0.95,23.89444444444444
2026-08-22,wk inc covid hosp,0,2026-08-22,05,quantile,0.975,28.77777777777778
2026-08-22,wk inc covid hosp,0,2026-08-22,05,quantile,0.99,38.89666666666666
2026-08-22,wk inc covid hosp,0,2026-08-22,06,quantile,0.01,211.98222222222225
2026-08-22,wk inc covid hosp,0,2026-08-22,06,quantile,0.025,250.10555555555553
2026-08-22,wk inc covid hosp,0,2026-08-22,06,quantile,0.05,281.5
2026-08-22,wk inc covid hosp,0,2026-08-22,06,quantile,0.1,313.76666666666665
2026-08-22,wk inc covid hosp,0,2026-08-22,06,quantile,0.15,337.09444444444443
2026-08-22,wk inc covid hosp,0,2026-08-22,06,quantile,0.2,351.6666666666667
2026-08-22,wk inc covid hosp,0,2026-08-22,06,quantile,0.25,370.44444444444446
2026-08-22,wk inc covid hosp,0,2026-08-22,06,quantile,0.3,382.7111111111111
2026-08-22,wk inc covid hosp,0,2026-08-22,06,quantile,0.35,394.2944444444445
2026-08-22,wk inc covid hosp,0,2026-08-22,06,quantile,0.4,404.77777777777777
2026-08-22,wk inc covid hosp,0,2026-08-22,06,quantile,0.45,412.6666666666667
2026-08-22,wk inc covid hosp,0,2026-08-22,06,quantile,0.5,419.77777777777777
2026-08-22,wk inc covid hosp,0,2026-08-22,06,quantile,0.55,427.55555555555554
2026-08-22,wk inc covid hosp,0,2026-08-22,06,quantile,0.6,438.3333333333333
2026-08-22,wk inc covid hosp,0,2026-08-22,06,quantile,0.65,445.22222222222223
2026-08-22,wk inc covid hosp,0,2026-08-22,06,quantile,0.7,454.55555555555554
2026-08-22,wk inc covid hosp,0,2026-08-22,06,quantile,0.75,464.5833333333333
2026-08-22,wk inc covid hosp,0,2026-08-22,06,quantile,0.8,477.35555555555555
2026-08-22,wk inc covid hosp,0,2026-08-22,06,quantile,0.85,493.81111111111113
2026-08-22,wk inc covid hosp,0,2026-08-22,06,quantile,0.9,526.7888888888889
2026-08-22,wk inc covid hosp,0,2026-08-22,06,quantile,0.95,567.0055555555556
2026-08-22,wk inc covid hosp,0,2026-08-22,06,quantile,0.975,619.5555555555555
2026-08-22,wk inc covid hosp,0,2026-08-22,06,quantile,0.99,744.0166666666667
2026-08-22,wk inc covid hosp,0,2026-08-22,08,quantile,0.01,4.777777777777778
2026-08-22,wk inc covid hosp,0,2026-08-22,08,quantile,0.025,6.555555555555555
2026-08-22,wk inc covid hosp,0,2026-08-22,08,quantile,0.05,7.888888888888889
2026-08-22,wk inc covid hosp,0,2026-08-22,08,quantile,0.1,9.655555555555557
2026-08-22,wk inc covid hosp,0,2026-08-22,08,quantile,0.15,11.11111111111111
2026-08-22,wk inc covid hosp,0,2026-08-22,08,quantile,0.2,12.333333333333334
2026-08-22,wk inc covid hosp,0,2026-08-22,08,quantile,0.25,13.11111111111111
2026-08-22,wk inc covid hosp,0,2026-08-22,08,quantile,0.3,14.222222222222221
2026-08-22,wk inc covid hosp,0,2026-08-22,08,quantile,0.35,15.0
2026-08-22,wk inc covid hosp,0,2026-08-22,08,quantile,0.4,15.666666666666666
2026-08-22,wk inc covid hosp,0,2026-08-22,08,quantile,0.45,16.444444444444443
2026-08-22,wk inc covid hosp,0,2026-08-22,08,quantile,0.5,17.11111111111111
2026-08-22,wk inc covid hosp,0,2026-08-22,08,quantile,0.55,17.77777777777778
2026-08-22,wk inc covid hosp,0,2026-08-22,08,quantile,0.6,18.444444444444443
2026-08-22,wk inc covid hosp,0,2026-08-22,08,quantile,0.65,19.0
2026-08-22,wk inc covid hosp,0,2026-08-22,08,quantile,0.7,19.666666666666668
2026-08-22,wk inc covid hosp,0,2026-08-22,08,quantile,0.75,20.77777777777778
2026-08-22,wk inc covid hosp,0,2026-08-22,08,quantile,0.8,22.333333333333332
2026-08-22,wk inc covid hosp,0,2026-08-22,08,quantile,0.85,24.11111111111111
2026-08-22,wk inc covid hosp,0,2026-08-22,08,quantile,0.9,26.11111111111111
2026-08-22,wk inc covid hosp,0,2026-08-22,08,quantile,0.95,32.0
2026-08-22,wk inc covid hosp,0,2026-08-22,08,quantile,0.975,39.05833333333333
2026-08-22,wk inc covid hosp,0,2026-08-22,08,quantile,0.99,56.89
2026-08-22,wk inc covid hosp,0,2026-08-22,09,quantile,0.01,1.8888888888888888
2026-08-22,wk inc covid hosp,0,2026-08-22,09,quantile,0.025,2.7777777777777777
2026-08-22,wk inc covid hosp,0,2026-08-22,09,quantile,0.05,3.4444444444444446
2026-08-22,wk inc covid hosp,0,2026-08-22,09,quantile,0.1,4.544444444444445
2026-08-22,wk inc covid hosp,0,2026-08-22,09,quantile,0.15,5.555555555555555
2026-08-22,wk inc covid hosp,0,2026-08-22,09,quantile,0.2,5.888888888888889
2026-08-22,wk inc covid hosp,0,2026-08-22,09,quantile,0.25,6.777777777777778
2026-08-22,wk inc covid hosp,0,2026-08-22,09,quantile,0.3,7.555555555555555
2026-08-22,wk inc covid hosp,0,2026-08-22,09,quantile,0.35,8.11111111111111
2026-08-22,wk inc covid hosp,0,2026-08-22,09,quantile,0.4,8.444444444444445
2026-08-22,wk inc covid hosp,0,2026-08-22,09,quantile,0.45,9.11111111111111
2026-08-22,wk inc covid hosp,0,2026-08-22,09,quantile,0.5,9.333333333333334
2026-08-22,wk inc covid hosp,0,2026-08-22,09,quantile,0.55,9.777777777777779
2026-08-22,wk inc covid hosp,0,2026-08-22,09,quantile,0.6,10.555555555555555
2026-08-22,wk inc covid hosp,0,2026-08-22,09,quantile,0.65,11.11111111111111
2026-08-22,wk inc covid hosp,0,2026-08-22,09,quantile,0.7,11.333333333333334
2026-08-22,wk inc covid hosp,0,2026-08-22,09,quantile,0.75,12.222222222222221
2026-08-22,wk inc covid hosp,0,2026-08-22,09,quantile,0.8,13.11111111111111
2026-08-22,wk inc covid hosp,0,2026-08-22,09,quantile,0.85,13.88888888888889
2026-08-22,wk inc covid hosp,0,2026-08-22,09,quantile,0.9,15.88888888888889
2026-08-22,wk inc covid hosp,0,2026-08-22,09,quantile,0.95,18.555555555555557
2026-08-22,wk inc covid hosp,0,2026-08-22,09,quantile,0.975,23.724999999999998
2026-08-22,wk inc covid hosp,0,2026-08-22,09,quantile,0.99,35.89444444444444
2026-08-22,wk inc covid hosp,0,2026-08-22,10,quantile,0.01,0.1111111111111111
2026-08-22,wk inc covid hosp,0,2026-08-22,10,quantile,0.025,0.2222222222222222
2026-08-22,wk inc covid hosp,0,2026-08-22,10,quantile,0.05,0.3333333333333333
2026-08-22,wk inc covid hosp,0,2026-08-22,10,quantile,0.1,0.6666666666666666
2026-08-22,wk inc covid hosp,0,2026-08-22,10,quantile,0.15,0.8888888888888888
2026-08-22,wk inc covid hosp,0,2026-08-22,10,quantile,0.2,1.1111111111111112
2026-08-22,wk inc covid hosp,0,2026-08-22,10,quantile,0.25,1.7777777777777777
2026-08-22,wk inc covid hosp,0,2026-08-22,10,quantile,0.3,2.0
2026-08-22,wk inc covid hosp,0,2026-08-22,10,quantile,0.35,2.3333333333333335
2026-08-22,wk inc covid hosp,0,2026-08-22,10,quantile,0.4,2.3333333333333335
2026-08-22,wk inc covid hosp,0,2026-08-22,10,quantile,0.45,2.5555555555555554
2026-08-22,wk inc covid hosp,0,2026-08-22,10,quantile,0.5,2.7777777777777777
2026-08-22,wk inc covid hosp,0,2026-08-22,10,quantile,0.55,3.0
2026-08-22,wk inc covid hosp,0,2026-08-22,10,quantile,0.6,3.3333333333333335
2026-08-22,wk inc covid hosp,0,2026-08-22,10,quantile,0.65,3.4444444444444446
2026-08-22,wk inc covid hosp,0,2026-08-22,10,quantile,0.7,4.222222222222222
2026-08-22,wk inc covid hosp,0,2026-08-22,10,quantile,0.75,4.444444444444445
2026-08-22,wk inc covid hosp,0,2026-08-22,10,quantile,0.8,5.0
2026-08-22,wk inc covid hosp,0,2026-08-22,10,quantile,0.85,5.777777777777778
2026-08-22,wk inc covid hosp,0,2026-08-22,10,quantile,0.9,6.888888888888889
2026-08-22,wk inc covid hosp,0,2026-08-22,10,quantile,0.95,8.777777777777779
2026-08-22,wk inc covid hosp,0,2026-08-22,10,quantile,0.975,10.94722222222222
2026-08-22,wk inc covid hosp,0,2026-08-22,10,quantile,0.99,16.77777777777778
2026-08-22,wk inc covid hosp,0,2026-08-22,11,quantile,0.01,0.4444444444444444
2026-08-22,wk inc covid hosp,0,2026-08-22,11,quantile,0.025,0.7777777777777778
2026-08-22,wk inc covid hosp,0,2026-08-22,11,quantile,0.05,1.1111111111111112
2026-08-22,wk inc covid hosp,0,2026-08-22,11,quantile,0.1,2.111111111111111
2026-08-22,wk inc covid hosp,0,2026-08-22,11,quantile,0.15,2.3333333333333335
2026-08-22,wk inc covid hosp,0,2026-08-22,11,quantile,0.2,3.0
2026-08-22,wk inc covid hosp,0,2026-08-22,11,quantile,0.25,3.5555555555555554
2026-08-22,wk inc covid hosp,0,2026-08-22,11,quantile,0.3,3.888888888888889
2026-08-22,wk inc covid hosp,0,2026-08-22,11,quantile,0.35,4.111111111111111
2026-08-22,wk inc covid hosp,0,2026-08-22,11,quantile,0.4,4.444444444444445
2026-08-22,wk inc covid hosp,0,2026-08-22,11,quantile,0.45,4.777777777777778
2026-08-22,wk inc covid hosp,0,2026-08-22,11,quantile,0.5,5.111111111111111
2026-08-22,wk inc covid hosp,0,2026-08-22,11,quantile,0.55,5.444444444444445
2026-08-22,wk inc covid hosp,0,2026-08-22,11,quantile,0.6,5.888888888888889
2026-08-22,wk inc covid hosp,0,2026-08-22,11,quantile,0.65,6.0
2026-08-22,wk inc covid hosp,0,2026-08-22,11,quantile,0.7,6.555555555555555
2026-08-22,wk inc covid hosp,0,2026-08-22,11,quantile,0.75,6.777777777777778
2026-08-22,wk inc covid hosp,0,2026-08-22,11,quantile,0.8,7.444444444444445
2026-08-22,wk inc covid hosp,0,2026-08-22,11,quantile,0.85,8.0
2026-08-22,wk inc covid hosp,0,2026-08-22,11,quantile,0.9,9.333333333333334
2026-08-22,wk inc covid hosp,0,2026-08-22,11,quantile,0.95,11.11111111111111
2026-08-22,wk inc covid hosp,0,2026-08-22,11,quantile,0.975,13.05833333333333
2026-08-22,wk inc covid hosp,0,2026-08-22,11,quantile,0.99,16.445555555555554
2026-08-22,wk inc covid hosp,0,2026-08-22,12,quantile,0.01,161.87
2026-08-22,wk inc covid hosp,0,2026-08-22,12,quantile,0.025,192.5388888888889
2026-08-22,wk inc covid hosp,0,2026-08-22,12,quantile,0.05,220.77777777777777
2026-08-22,wk inc covid hosp,0,2026-08-22,12,quantile,0.1,244.76666666666668
2026-08-22,wk inc covid hosp,0,2026-08-22,12,quantile,0.15,266.09444444444443
2026-08-22,wk inc covid hosp,0,2026-08-22,12,quantile,0.2,283.77777777777777
2026-08-22,wk inc covid hosp,0,2026-08-22,12,quantile,0.25,298.22222222222223
2026-08-22,wk inc covid hosp,0,2026-08-22,12,quantile,0.3,310.44444444444446
2026-08-22,wk inc covid hosp,0,2026-08-22,12,quantile,0.35,320.8888888888889
2026-08-22,wk inc covid hosp,0,2026-08-22,12,quantile,0.4,329.44444444444446
2026-08-22,wk inc covid hosp,0,2026-08-22,12,quantile,0.45,337.3333333333333
2026-08-22,wk inc covid hosp,0,2026-08-22,12,quantile,0.5,343.44444444444446
2026-08-22,wk inc covid hosp,0,2026-08-22,12,quantile,0.55,348.6666666666667
2026-08-22,wk inc covid hosp,0,2026-08-22,12,quantile,0.6,355.6666666666667
2026-08-22,wk inc covid hosp,0,2026-08-22,12,quantile,0.65,362.0
2026-08-22,wk inc covid hosp,0,2026-08-22,12,quantile,0.7,371.4
2026-08-22,wk inc covid hosp,0,2026-08-22,12,quantile,0.75,384.8888888888889
2026-08-22,wk inc covid hosp,0,2026-08-22,12,quantile,0.8,398.22222222222223
2026-08-22,wk inc covid hosp,0,2026-08-22,12,quantile,0.85,417.22222222222223
2026-08-22,wk inc covid hosp,0,2026-08-22,12,quantile,0.9,443.3555555555556
2026-08-22,wk inc covid hosp,0,2026-08-22,12,quantile,0.95,499.1111111111111
2026-08-22,wk inc covid hosp,0,2026-08-22,12,quantile,0.975,546.6305555555556
2026-08-22,wk inc covid hosp,0,2026-08-22,12,quantile,0.99,613.9344444444445
2026-08-22,wk inc covid hosp,0,2026-08-22,13,quantile,0.01,36.99888888888889
2026-08-22,wk inc covid hosp,0,2026-08-22,13,quantile,0.025,46.55555555555556
2026-08-22,wk inc covid hosp,0,2026-08-22,13,quantile,0.05,54.0
2026-08-22,wk inc covid hosp,0,2026-08-22,13,quantile,0.1,61.888888888888886
2026-08-22,wk inc covid hosp,0,2026-08-22,13,quantile,0.15,68.33333333333333
2026-08-22,wk inc covid hosp,0,2026-08-22,13,quantile,0.2,72.19999999999999
2026-08-22,wk inc covid hosp,0,2026-08-22,13,quantile,0.25,74.44444444444444
2026-08-22,wk inc covid hosp,0,2026-08-22,13,quantile,0.3,76.77777777777777
2026-08-22,wk inc covid hosp,0,2026-08-22,13,quantile,0.35,78.88888888888889
2026-08-22,wk inc covid hosp,0,2026-08-22,13,quantile,0.4,81.11111111111111
2026-08-22,wk inc covid hosp,0,2026-08-22,13,quantile,0.45,83.66666666666667
2026-08-22,wk inc covid hosp,0,2026-08-22,13,quantile,0.5,86.33333333333333
2026-08-22,wk inc covid hosp,0,2026-08-22,13,quantile,0.55,88.44444444444444
2026-08-22,wk inc covid hosp,0,2026-08-22,13,quantile,0.6,89.93333333333334
2026-08-22,wk inc covid hosp,0,2026-08-22,13,quantile,0.65,93.44444444444444
2026-08-22,wk inc covid hosp,0,2026-08-22,13,quantile,0.7,96.11111111111111
2026-08-22,wk inc covid hosp,0,2026-08-22,13,quantile,0.75,98.33333333333333
2026-08-22,wk inc covid hosp,0,2026-08-22,13,quantile,0.8,102.33333333333333
2026-08-22,wk inc covid hosp,0,2026-08-22,13,quantile,0.85,106.88888888888889
2026-08-22,wk inc covid hosp,0,2026-08-22,13,quantile,0.9,114.11111111111111
2026-08-22,wk inc covid hosp,0,2026-08-22,13,quantile,0.95,124.00555555555555
2026-08-22,wk inc covid hosp,0,2026-08-22,13,quantile,0.975,143.1222222222222
2026-08-22,wk inc covid hosp,0,2026-08-22,13,quantile,0.99,183.55555555555554
2026-08-22,wk inc covid hosp,0,2026-08-22,15,quantile,0.01,7.444444444444445
2026-08-22,wk inc covid hosp,0,2026-08-22,15,quantile,0.025,9.0
2026-08-22,wk inc covid hosp,0,2026-08-22,15,quantile,0.05,10.333333333333334
2026-08-22,wk inc covid hosp,0,2026-08-22,15,quantile,0.1,12.222222222222221
2026-08-22,wk inc covid hosp,0,2026-08-22,15,quantile,0.15,14.11111111111111
2026-08-22,wk inc covid hosp,0,2026-08-22,15,quantile,0.2,15.555555555555555
2026-08-22,wk inc covid hosp,0,2026-08-22,15,quantile,0.25,16.77777777777778
2026-08-22,wk inc covid hosp,0,2026-08-22,15,quantile,0.3,17.855555555555554
2026-08-22,wk inc covid hosp,0,2026-08-22,15,quantile,0.35,19.11111111111111
2026-08-22,wk inc covid hosp,0,2026-08-22,15,quantile,0.4,19.77777777777778
2026-08-22,wk inc covid hosp,0,2026-08-22,15,quantile,0.45,20.88888888888889
2026-08-22,wk inc covid hosp,0,2026-08-22,15,quantile,0.5,21.77777777777778
2026-08-22,wk inc covid hosp,0,2026-08-22,15,quantile,0.55,22.11111111111111
2026-08-22,wk inc covid hosp,0,2026-08-22,15,quantile,0.6,23.0
2026-08-22,wk inc covid hosp,0,2026-08-22,15,quantile,0.65,24.22222222222222
2026-08-22,wk inc covid hosp,0,2026-08-22,15,quantile,0.7,25.11111111111111
2026-08-22,wk inc covid hosp,0,2026-08-22,15,quantile,0.75,26.22222222222222
2026-08-22,wk inc covid hosp,0,2026-08-22,15,quantile,0.8,28.333333333333332
2026-08-22,wk inc covid hosp,0,2026-08-22,15,quantile,0.85,29.77777777777778
2026-08-22,wk inc covid hosp,0,2026-08-22,15,quantile,0.9,32.77777777777778
2026-08-22,wk inc covid hosp,0,2026-08-22,15,quantile,0.95,37.22222222222222
2026-08-22,wk inc covid hosp,0,2026-08-22,15,quantile,0.975,41.391666666666666
2026-08-22,wk inc covid hosp,0,2026-08-22,15,quantile,0.99,50.888888888888886
2026-08-22,wk inc covid hosp,0,2026-08-22,16,quantile,0.01,0.2222222222222222
2026-08-22,wk inc covid hosp,0,2026-08-22,16,quantile,0.025,0.6666666666666666
2026-08-22,wk inc covid hosp,0,2026-08-22,16,quantile,0.05,0.8888888888888888
2026-08-22,wk inc covid hosp,0,2026-08-22,16,quantile,0.1,1.2222222222222223
2026-08-22,wk inc covid hosp,0,2026-08-22,16,quantile,0.15,1.6666666666666667
2026-08-22,wk inc covid hosp,0,2026-08-22,16,quantile,0.2,2.0
2026-08-22,wk inc covid hosp,0,2026-08-22,16,quantile,0.25,2.4444444444444446
2026-08-22,wk inc covid hosp,0,2026-08-22,16,quantile,0.3,2.6666666666666665
2026-08-22,wk inc covid hosp,0,2026-08-22,16,quantile,0.35,3.2222222222222223
2026-08-22,wk inc covid hosp,0,2026-08-22,16,quantile,0.4,3.4444444444444446
2026-08-22,wk inc covid hosp,0,2026-08-22,16,quantile,0.45,3.7777777777777777
2026-08-22,wk inc covid hosp,0,2026-08-22,16,quantile,0.5,4.222222222222222
2026-08-22,wk inc covid hosp,0,2026-08-22,16,quantile,0.55,4.888888888888889
2026-08-22,wk inc covid hosp,0,2026-08-22,16,quantile,0.6,5.222222222222222
2026-08-22,wk inc covid hosp,0,2026-08-22,16,quantile,0.65,5.444444444444445
2026-08-22,wk inc covid hosp,0,2026-08-22,16,quantile,0.7,5.888888888888889
2026-08-22,wk inc covid hosp,0,2026-08-22,16,quantile,0.75,6.444444444444445
2026-08-22,wk inc covid hosp,0,2026-08-22,16,quantile,0.8,7.555555555555555
2026-08-22,wk inc covid hosp,0,2026-08-22,16,quantile,0.85,8.555555555555555
2026-08-22,wk inc covid hosp,0,2026-08-22,16,quantile,0.9,10.555555555555555
2026-08-22,wk inc covid hosp,0,2026-08-22,16,quantile,0.95,13.444444444444445
2026-08-22,wk inc covid hosp,0,2026-08-22,16,quantile,0.975,18.333333333333332
2026-08-22,wk inc covid hosp,0,2026-08-22,16,quantile,0.99,28.00222222222222
2026-08-22,wk inc covid hosp,0,2026-08-22,17,quantile,0.01,14.333333333333334
2026-08-22,wk inc covid hosp,0,2026-08-22,17,quantile,0.025,19.444444444444443
2026-08-22,wk inc covid hosp,0,2026-08-22,17,quantile,0.05,22.555555555555557
2026-08-22,wk inc covid hosp,0,2026-08-22,17,quantile,0.1,26.88888888888889
2026-08-22,wk inc covid hosp,0,2026-08-22,17,quantile,0.15,29.88888888888889
2026-08-22,wk inc covid hosp,0,2026-08-22,17,quantile,0.2,32.111111111111114
2026-08-22,wk inc covid hosp,0,2026-08-22,17,quantile,0.25,34.44444444444444
2026-08-22,wk inc covid hosp,0,2026-08-22,17,quantile,0.3,36.666666666666664
2026-08-22,wk inc covid hosp,0,2026-08-22,17,quantile,0.35,38.294444444444444
2026-08-22,wk inc covid hosp,0,2026-08-22,17,quantile,0.4,39.666666666666664
2026-08-22,wk inc covid hosp,0,2026-08-22,17,quantile,0.45,41.111111111111114
2026-08-22,wk inc covid hosp,0,2026-08-22,17,quantile,0.5,42.22222222222222
2026-08-22,wk inc covid hosp,0,2026-08-22,17,quantile,0.55,43.22222222222222
2026-08-22,wk inc covid hosp,0,2026-08-22,17,quantile,0.6,44.666666666666664
2026-08-22,wk inc covid hosp,0,2026-08-22,17,quantile,0.65,46.111111111111114
2026-08-22,wk inc covid hosp,0,2026-08-22,17,quantile,0.7,47.333333333333336
2026-08-22,wk inc covid hosp,0,2026-08-22,17,quantile,0.75,50.333333333333336
2026-08-22,wk inc covid hosp,0,2026-08-22,17,quantile,0.8,53.44444444444444
2026-08-22,wk inc covid hosp,0,2026-08-22,17,quantile,0.85,56.666666666666664
2026-08-22,wk inc covid hosp,0,2026-08-22,17,quantile,0.9,61.55555555555556
2026-08-22,wk inc covid hosp,0,2026-08-22,17,quantile,0.95,72.44444444444444
2026-08-22,wk inc covid hosp,0,2026-08-22,17,quantile,0.975,87.94722222222222
2026-08-22,wk inc covid hosp,0,2026-08-22,17,quantile,0.99,128.01555555555555
2026-08-22,wk inc covid hosp,0,2026-08-22,18,quantile,0.01,6.666666666666667
2026-08-22,wk inc covid hosp,0,2026-08-22,18,quantile,0.025,10.333333333333334
2026-08-22,wk inc covid hosp,0,2026-08-22,18,quantile,0.05,12.777777777777779
2026-08-22,wk inc covid hosp,0,2026-08-22,18,quantile,0.1,16.0
2026-08-22,wk inc covid hosp,0,2026-08-22,18,quantile,0.15,18.11111111111111
2026-08-22,wk inc covid hosp,0,2026-08-22,18,quantile,0.2,20.11111111111111
2026-08-22,wk inc covid hosp,0,2026-08-22,18,quantile,0.25,21.11111111111111
2026-08-22,wk inc covid hosp,0,2026-08-22,18,quantile,0.3,22.333333333333332
2026-08-22,wk inc covid hosp,0,2026-08-22,18,quantile,0.35,23.333333333333332
2026-08-22,wk inc covid hosp,0,2026-08-22,18,quantile,0.4,24.333333333333332
2026-08-22,wk inc covid hosp,0,2026-08-22,18,quantile,0.45,25.444444444444443
2026-08-22,wk inc covid hosp,0,2026-08-22,18,quantile,0.5,26.22222222222222
2026-08-22,wk inc covid hosp,0,2026-08-22,18,quantile,0.55,27.0
2026-08-22,wk inc covid hosp,0,2026-08-22,18,quantile,0.6,28.0
2026-08-22,wk inc covid hosp,0,2026-08-22,18,quantile,0.65,29.0
2026-08-22,wk inc covid hosp,0,2026-08-22,18,quantile,0.7,30.22222222222222
2026-08-22,wk inc covid hosp,0,2026-08-22,18,quantile,0.75,31.88888888888889
2026-08-22,wk inc covid hosp,0,2026-08-22,18,quantile,0.8,33.55555555555556
2026-08-22,wk inc covid hosp,0,2026-08-22,18,quantile,0.85,35.666666666666664
2026-08-22,wk inc covid hosp,0,2026-08-22,18,quantile,0.9,39.12222222222223
2026-08-22,wk inc covid hosp,0,2026-08-22,18,quantile,0.95,47.89444444444444
2026-08-22,wk inc covid hosp,0,2026-08-22,18,quantile,0.975,57.11666666666666
2026-08-22,wk inc covid hosp,0,2026-08-22,18,quantile,0.99,79.11888888888888
2026-08-22,wk inc covid hosp,0,2026-08-22,19,quantile,0.01,0.6666666666666666
2026-08-22,wk inc covid hosp,0,2026-08-22,19,quantile,0.025,1.3333333333333333
2026-08-22,wk inc covid hosp,0,2026-08-22,19,quantile,0.05,1.7777777777777777
2026-08-22,wk inc covid hosp,0,2026-08-22,19,quantile,0.1,2.2222222222222223
2026-08-22,wk inc covid hosp,0,2026-08-22,19,quantile,0.15,2.7777777777777777
2026-08-22,wk inc covid hosp,0,2026-08-22,19,quantile,0.2,3.3333333333333335
2026-08-22,wk inc covid hosp,0,2026-08-22,19,quantile,0.25,4.111111111111111
2026-08-22,wk inc covid hosp,0,2026-08-22,19,quantile,0.3,4.888888888888889
2026-08-22,wk inc covid hosp,0,2026-08-22,19,quantile,0.35,5.222222222222222
2026-08-22,wk inc covid hosp,0,2026-08-22,19,quantile,0.4,5.888888888888889
2026-08-22,wk inc covid hosp,0,2026-08-22,19,quantile,0.45,6.333333333333333
2026-08-22,wk inc covid hosp,0,2026-08-22,19,quantile,0.5,6.888888888888889
2026-08-22,wk inc covid hosp,0,2026-08-22,19,quantile,0.55,7.111111111111111
2026-08-22,wk inc covid hosp,0,2026-08-22,19,quantile,0.6,7.666666666666667
2026-08-22,wk inc covid hosp,0,2026-08-22,19,quantile,0.65,8.222222222222221
2026-08-22,wk inc covid hosp,0,2026-08-22,19,quantile,0.7,9.222222222222221
2026-08-22,wk inc covid hosp,0,2026-08-22,19,quantile,0.75,9.88888888888889
2026-08-22,wk inc covid hosp,0,2026-08-22,19,quantile,0.8,11.11111111111111
2026-08-22,wk inc covid hosp,0,2026-08-22,19,quantile,0.85,12.11111111111111
2026-08-22,wk inc covid hosp,0,2026-08-22,19,quantile,0.9,15.222222222222221
2026-08-22,wk inc covid hosp,0,2026-08-22,19,quantile,0.95,18.449999999999996
2026-08-22,wk inc covid hosp,0,2026-08-22,19,quantile,0.975,25.391666666666666
2026-08-22,wk inc covid hosp,0,2026-08-22,19,quantile,0.99,38.11222222222222
2026-08-22,wk inc covid hosp,0,2026-08-22,20,quantile,0.01,1.0
2026-08-22,wk inc covid hosp,0,2026-08-22,20,quantile,0.025,1.5555555555555556
2026-08-22,wk inc covid hosp,0,2026-08-22,20,quantile,0.05,2.5555555555555554
2026-08-22,wk inc covid hosp,0,2026-08-22,20,quantile,0.1,2.888888888888889
2026-08-22,wk inc covid hosp,0,2026-08-22,20,quantile,0.15,3.7777777777777777
2026-08-22,wk inc covid hosp,0,2026-08-22,20,quantile,0.2,4.333333333333333
2026-08-22,wk inc covid hosp,0,2026-08-22,20,quantile,0.25,5.222222222222222
2026-08-22,wk inc covid hosp,0,2026-08-22,20,quantile,0.3,5.555555555555555
2026-08-22,wk inc covid hosp,0,2026-08-22,20,quantile,0.35,6.222222222222222
2026-08-22,wk inc covid hosp,0,2026-08-22,20,quantile,0.4,6.777777777777778
2026-08-22,wk inc covid hosp,0,2026-08-22,20,quantile,0.45,7.111111111111111
2026-08-22,wk inc covid hosp,0,2026-08-22,20,quantile,0.5,7.888888888888889
2026-08-22,wk inc covid hosp,0,2026-08-22,20,quantile,0.55,8.222222222222221
2026-08-22,wk inc covid hosp,0,2026-08-22,20,quantile,0.6,8.777777777777779
2026-08-22,wk inc covid hosp,0,2026-08-22,20,quantile,0.65,9.222222222222221
2026-08-22,wk inc covid hosp,0,2026-08-22,20,quantile,0.7,10.0
2026-08-22,wk inc covid hosp,0,2026-08-22,20,quantile,0.75,10.555555555555555
2026-08-22,wk inc covid hosp,0,2026-08-22,20,quantile,0.8,11.88888888888889
2026-08-22,wk inc covid hosp,0,2026-08-22,20,quantile,0.85,13.333333333333334
2026-08-22,wk inc covid hosp,0,2026-08-22,20,quantile,0.9,15.777777777777779
2026-08-22,wk inc covid hosp,0,2026-08-22,20,quantile,0.95,18.77777777777778
2026-08-22,wk inc covid hosp,0,2026-08-22,20,quantile,0.975,25.391666666666666
2026-08-22,wk inc covid hosp,0,2026-08-22,20,quantile,0.99,36.22222222222222
2026-08-22,wk inc covid hosp,0,2026-08-22,21,quantile,0.01,4.666666666666667
2026-08-22,wk inc covid hosp,0,2026-08-22,21,quantile,0.025,6.222222222222222
2026-08-22,wk inc covid hosp,0,2026-08-22,21,quantile,0.05,8.222222222222221
2026-08-22,wk inc covid hosp,0,2026-08-22,21,quantile,0.1,11.0
2026-08-22,wk inc covid hosp,0,2026-08-22,21,quantile,0.15,12.333333333333334
2026-08-22,wk inc covid hosp,0,2026-08-22,21,quantile,0.2,13.777777777777779
2026-08-22,wk inc covid hosp,0,2026-08-22,21,quantile,0.25,15.0
2026-08-22,wk inc covid hosp,0,2026-08-22,21,quantile,0.3,15.777777777777779
2026-08-22,wk inc covid hosp,0,2026-08-22,21,quantile,0.35,16.40555555555555
2026-08-22,wk inc covid hosp,0,2026-08-22,21,quantile,0.4,17.0
2026-08-22,wk inc covid hosp,0,2026-08-22,21,quantile,0.45,18.0
2026-08-22,wk inc covid hosp,0,2026-08-22,21,quantile,0.5,18.666666666666668
2026-08-22,wk inc covid hosp,0,2026-08-22,21,quantile,0.55,19.333333333333332
2026-08-22,wk inc covid hosp,0,2026-08-22,21,quantile,0.6,20.0
2026-08-22,wk inc covid hosp,0,2026-08-22,21,quantile,0.65,20.77777777777778
2026-08-22,wk inc covid hosp,0,2026-08-22,21,quantile,0.7,21.666666666666668
2026-08-22,wk inc covid hosp,0,2026-08-22,21,quantile,0.75,22.666666666666668
2026-08-22,wk inc covid hosp,0,2026-08-22,21,quantile,0.8,24.22222222222222
2026-08-22,wk inc covid hosp,0,2026-08-22,21,quantile,0.85,26.333333333333332
2026-08-22,wk inc covid hosp,0,2026-08-22,21,quantile,0.9,28.78888888888889
2026-08-22,wk inc covid hosp,0,2026-08-22,21,quantile,0.95,33.67222222222222
2026-08-22,wk inc covid hosp,0,2026-08-22,21,quantile,0.975,41.566666666666656
2026-08-22,wk inc covid hosp,0,2026-08-22,21,quantile,0.99,57.666666666666664
2026-08-22,wk inc covid hosp,0,2026-08-22,22,quantile,0.01,20.887777777777778
2026-08-22,wk inc covid hosp,0,2026-08-22,22,quantile,0.025,27.333333333333332
2026-08-22,wk inc covid hosp,0,2026-08-22,22,quantile,0.05,31.77777777777778
2026-08-22,wk inc covid hosp,0,2026-08-22,22,quantile,0.1,36.87777777777777
2026-08-22,wk inc covid hosp,0,2026-08-22,22,quantile,0.15,40.888888888888886
2026-08-22,wk inc covid hosp,0,2026-08-22,22,quantile,0.2,43.77777777777778
2026-08-22,wk inc covid hosp,0,2026-08-22,22,quantile,0.25,47.0
2026-08-22,wk inc covid hosp,0,2026-08-22,22,quantile,0.3,48.77777777777778
2026-08-22,wk inc covid hosp,0,2026-08-22,22,quantile,0.35,50.666666666666664
2026-08-22,wk inc covid hosp,0,2026-08-22,22,quantile,0.4,51.77777777777778
2026-08-22,wk inc covid hosp,0,2026-08-22,22,quantile,0.45,53.666666666666664
2026-08-22,wk inc covid hosp,0,2026-08-22,22,quantile,0.5,54.888888888888886
2026-08-22,wk inc covid hosp,0,2026-08-22,22,quantile,0.55,56.44444444444444
2026-08-22,wk inc covid hosp,0,2026-08-22,22,quantile,0.6,57.666666666666664
2026-08-22,wk inc covid hosp,0,2026-08-22,22,quantile,0.65,58.55555555555556
2026-08-22,wk inc covid hosp,0,2026-08-22,22,quantile,0.7,60.22222222222222
2026-08-22,wk inc covid hosp,0,2026-08-22,22,quantile,0.75,62.333333333333336
2026-08-22,wk inc covid hosp,0,2026-08-22,22,quantile,0.8,64.66666666666667
2026-08-22,wk inc covid hosp,0,2026-08-22,22,quantile,0.85,68.77777777777777
2026-08-22,wk inc covid hosp,0,2026-08-22,22,quantile,0.9,72.77777777777777
2026-08-22,wk inc covid hosp,0,2026-08-22,22,quantile,0.95,81.66666666666667
2026-08-22,wk inc covid hosp,0,2026-08-22,22,quantile,0.975,94.16944444444444
2026-08-22,wk inc covid hosp,0,2026-08-22,22,quantile,0.99,108.11555555555555
2026-08-22,wk inc covid hosp,0,2026-08-22,23,quantile,0.01,0.0
2026-08-22,wk inc covid hosp,0,2026-08-22,23,quantile,0.025,0.2222222222222222
2026-08-22,wk inc covid hosp,0,2026-08-22,23,quantile,0.05,0.2222222222222222
2026-08-22,wk inc covid hosp,0,2026-08-22,23,quantile,0.1,0.3333333333333333
2026-08-22,wk inc covid hosp,0,2026-08-22,23,quantile,0.15,0.6666666666666666
2026-08-22,wk inc covid hosp,0,2026-08-22,23,quantile,0.2,0.7777777777777778
2026-08-22,wk inc covid hosp,0,2026-08-22,23,quantile,0.25,1.1111111111111112
2026-08-22,wk inc covid hosp,0,2026-08-22,23,quantile,0.3,1.3333333333333333
2026-08-22,wk inc covid hosp,0,2026-08-22,23,quantile,0.35,1.4444444444444444
2026-08-22,wk inc covid hosp,0,2026-08-22,23,quantile,0.4,1.8888888888888888
2026-08-22,wk inc covid hosp,0,2026-08-22,23,quantile,0.45,2.3333333333333335
2026-08-22,wk inc covid hosp,0,2026-08-22,23,quantile,0.5,2.6666666666666665
2026-08-22,wk inc covid hosp,0,2026-08-22,23,quantile,0.55,2.6666666666666665
2026-08-22,wk inc covid hosp,0,2026-08-22,23,quantile,0.6,3.0
2026-08-22,wk inc covid hosp,0,2026-08-22,23,quantile,0.65,3.3333333333333335
2026-08-22,wk inc covid hosp,0,2026-08-22,23,quantile,0.7,3.6666666666666665
2026-08-22,wk inc covid hosp,0,2026-08-22,23,quantile,0.75,4.111111111111111
2026-08-22,wk inc covid hosp,0,2026-08-22,23,quantile,0.8,4.777777777777778
2026-08-22,wk inc covid hosp,0,2026-08-22,23,quantile,0.85,5.777777777777778
2026-08-22,wk inc covid hosp,0,2026-08-22,23,quantile,0.9,7.888888888888889
2026-08-22,wk inc covid hosp,0,2026-08-22,23,quantile,0.95,10.561111111111106
2026-08-22,wk inc covid hosp,0,2026-08-22,23,quantile,0.975,13.555555555555555
2026-08-22,wk inc covid hosp,0,2026-08-22,23,quantile,0.99,21.334444444444443
2026-08-22,wk inc covid hosp,0,2026-08-22,24,quantile,0.01,3.888888888888889
2026-08-22,wk inc covid hosp,0,2026-08-22,24,quantile,0.025,5.333333333333333
2026-08-22,wk inc covid hosp,0,2026-08-22,24,quantile,0.05,6.555555555555555
2026-08-22,wk inc covid hosp,0,2026-08-22,24,quantile,0.1,7.777777777777778
2026-08-22,wk inc covid hosp,0,2026-08-22,24,quantile,0.15,9.11111111111111
2026-08-22,wk inc covid hosp,0,2026-08-22,24,quantile,0.2,9.88888888888889
2026-08-22,wk inc covid hosp,0,2026-08-22,24,quantile,0.25,10.88888888888889
2026-08-22,wk inc covid hosp,0,2026-08-22,24,quantile,0.3,11.777777777777779
2026-08-22,wk inc covid hosp,0,2026-08-22,24,quantile,0.35,12.666666666666666
2026-08-22,wk inc covid hosp,0,2026-08-22,24,quantile,0.4,13.444444444444445
2026-08-22,wk inc covid hosp,0,2026-08-22,24,quantile,0.45,13.777777777777779
2026-08-22,wk inc covid hosp,0,2026-08-22,24,quantile,0.5,14.444444444444445
2026-08-22,wk inc covid hosp,0,2026-08-22,24,quantile,0.55,15.161111111111117
2026-08-22,wk inc covid hosp,0,2026-08-22,24,quantile,0.6,15.666666666666666
2026-08-22,wk inc covid hosp,0,2026-08-22,24,quantile,0.65,16.22222222222222
2026-08-22,wk inc covid hosp,0,2026-08-22,24,quantile,0.7,17.444444444444443
2026-08-22,wk inc covid hosp,0,2026-08-22,24,quantile,0.75,18.444444444444443
2026-08-22,wk inc covid hosp,0,2026-08-22,24,quantile,0.8,19.77777777777778
2026-08-22,wk inc covid hosp,0,2026-08-22,24,quantile,0.85,20.88888888888889
2026-08-22,wk inc covid hosp,0,2026-08-22,24,quantile,0.9,23.444444444444443
2026-08-22,wk inc covid hosp,0,2026-08-22,24,quantile,0.95,27.783333333333328
2026-08-22,wk inc covid hosp,0,2026-08-22,24,quantile,0.975,35.89444444444444
2026-08-22,wk inc covid hosp,0,2026-08-22,24,quantile,0.99,55.686666666666646
2026-08-22,wk inc covid hosp,0,2026-08-22,25,quantile,0.01,10.0
2026-08-22,wk inc covid hosp,0,2026-08-22,25,quantile,0.025,12.555555555555555
2026-08-22,wk inc covid hosp,0,2026-08-22,25,quantile,0.05,15.666666666666666
2026-08-22,wk inc covid hosp,0,2026-08-22,25,quantile,0.1,18.88888888888889
2026-08-22,wk inc covid hosp,0,2026-08-22,25,quantile,0.15,21.333333333333332
2026-08-22,wk inc covid hosp,0,2026-08-22,25,quantile,0.2,23.555555555555557
2026-08-22,wk inc covid hosp,0,2026-08-22,25,quantile,0.25,25.555555555555557
2026-08-22,wk inc covid hosp,0,2026-08-22,25,quantile,0.3,26.88888888888889
2026-08-22,wk inc covid hosp,0,2026-08-22,25,quantile,0.35,28.11111111111111
2026-08-22,wk inc covid hosp,0,2026-08-22,25,quantile,0.4,29.333333333333332
2026-08-22,wk inc covid hosp,0,2026-08-22,25,quantile,0.45,30.77777777777778
2026-08-22,wk inc covid hosp,0,2026-08-22,25,quantile,0.5,32.666666666666664
2026-08-22,wk inc covid hosp,0,2026-08-22,25,quantile,0.55,33.77777777777778
2026-08-22,wk inc covid hosp,0,2026-08-22,25,quantile,0.6,35.333333333333336
2026-08-22,wk inc covid hosp,0,2026-08-22,25,quantile,0.65,36.44444444444444
2026-08-22,wk inc covid hosp,0,2026-08-22,25,quantile,0.7,38.44444444444444
2026-08-22,wk inc covid hosp,0,2026-08-22,25,quantile,0.75,40.333333333333336
2026-08-22,wk inc covid hosp,0,2026-08-22,25,quantile,0.8,41.888888888888886
2026-08-22,wk inc covid hosp,0,2026-08-22,25,quantile,0.85,44.111111111111114
2026-08-22,wk inc covid hosp,0,2026-08-22,25,quantile,0.9,48.77777777777778
2026-08-22,wk inc covid hosp,0,2026-08-22,25,quantile,0.95,55.22222222222222
2026-08-22,wk inc covid hosp,0,2026-08-22,25,quantile,0.975,66.05833333333334
2026-08-22,wk inc covid hosp,0,2026-08-22,25,quantile,0.99,90.89
2026-08-22,wk inc covid hosp,0,2026-08-22,26,quantile,0.01,5.555555555555555
2026-08-22,wk inc covid hosp,0,2026-08-22,26,quantile,0.025,8.666666666666666
2026-08-22,wk inc covid hosp,0,2026-08-22,26,quantile,0.05,10.11111111111111
2026-08-22,wk inc covid hosp,0,2026-08-22,26,quantile,0.1,12.777777777777779
2026-08-22,wk inc covid hosp,0,2026-08-22,26,quantile,0.15,14.777777777777779
2026-08-22,wk inc covid hosp,0,2026-08-22,26,quantile,0.2,16.555555555555557
2026-08-22,wk inc covid hosp,0,2026-08-22,26,quantile,0.25,18.11111111111111
2026-08-22,wk inc covid hosp,0,2026-08-22,26,quantile,0.3,19.0
2026-08-22,wk inc covid hosp,0,2026-08-22,26,quantile,0.35,20.444444444444443
2026-08-22,wk inc covid hosp,0,2026-08-22,26,quantile,0.4,21.555555555555557
2026-08-22,wk inc covid hosp,0,2026-08-22,26,quantile,0.45,22.333333333333332
2026-08-22,wk inc covid hosp,0,2026-08-22,26,quantile,0.5,23.555555555555557
2026-08-22,wk inc covid hosp,0,2026-08-22,26,quantile,0.55,24.444444444444443
2026-08-22,wk inc covid hosp,0,2026-08-22,26,quantile,0.6,25.333333333333332
2026-08-22,wk inc covid hosp,0,2026-08-22,26,quantile,0.65,26.666666666666668
2026-08-22,wk inc covid hosp,0,2026-08-22,26,quantile,0.7,28.22222222222222
2026-08-22,wk inc covid hosp,0,2026-08-22,26,quantile,0.75,29.88888888888889
2026-08-22,wk inc covid hosp,0,2026-08-22,26,quantile,0.8,32.333333333333336
2026-08-22,wk inc covid hosp,0,2026-08-22,26,quantile,0.85,34.666666666666664
2026-08-22,wk inc covid hosp,0,2026-08-22,26,quantile,0.9,38.0
2026-08-22,wk inc covid hosp,0,2026-08-22,26,quantile,0.95,45.55555555555556
2026-08-22,wk inc covid hosp,0,2026-08-22,26,quantile,0.975,58.89999999999999
2026-08-22,wk inc covid hosp,0,2026-08-22,26,quantile,0.99,92.00888888888888
2026-08-22,wk inc covid hosp,0,2026-08-22,27,quantile,0.01,1.8888888888888888
2026-08-22,wk inc covid hosp,0,2026-08-22,27,quantile,0.025,2.7777777777777777
2026-08-22,wk inc covid hosp,0,2026-08-22,27,quantile,0.05,4.222222222222222
2026-08-22,wk inc covid hosp,0,2026-08-22,27,quantile,0.1,5.222222222222222
2026-08-22,wk inc covid hosp,0,2026-08-22,27,quantile,0.15,6.111111111111111
2026-08-22,wk inc covid hosp,0,2026-08-22,27,quantile,0.2,7.111111111111111
2026-08-22,wk inc covid hosp,0,2026-08-22,27,quantile,0.25,8.0
2026-08-22,wk inc covid hosp,0,2026-08-22,27,quantile,0.3,8.666666666666666
2026-08-22,wk inc covid hosp,0,2026-08-22,27,quantile,0.35,9.555555555555555
2026-08-22,wk inc covid hosp,0,2026-08-22,27,quantile,0.4,10.333333333333334
2026-08-22,wk inc covid hosp,0,2026-08-22,27,quantile,0.45,11.11111111111111
2026-08-22,wk inc covid hosp,0,2026-08-22,27,quantile,0.5,11.555555555555555
2026-08-22,wk inc covid hosp,0,2026-08-22,27,quantile,0.55,12.11111111111111
2026-08-22,wk inc covid hosp,0,2026-08-22,27,quantile,0.6,12.666666666666666
2026-08-22,wk inc covid hosp,0,2026-08-22,27,quantile,0.65,13.555555555555555
2026-08-22,wk inc covid hosp,0,2026-08-22,27,quantile,0.7,14.555555555555555
2026-08-22,wk inc covid hosp,0,2026-08-22,27,quantile,0.75,15.222222222222221
2026-08-22,wk inc covid hosp,0,2026-08-22,27,quantile,0.8,16.666666666666668
2026-08-22,wk inc covid hosp,0,2026-08-22,27,quantile,0.85,18.22222222222222
2026-08-22,wk inc covid hosp,0,2026-08-22,27,quantile,0.9,20.900000000000002
2026-08-22,wk inc covid hosp,0,2026-08-22,27,quantile,0.95,24.666666666666668
2026-08-22,wk inc covid hosp,0,2026-08-22,27,quantile,0.975,31.83611111111111
2026-08-22,wk inc covid hosp,0,2026-08-22,27,quantile,0.99,50.78111111111111
2026-08-22,wk inc covid hosp,0,2026-08-22,28,quantile,0.01,14.332222222222223
2026-08-22,wk inc covid hosp,0,2026-08-22,28,quantile,0.025,18.052777777777777
2026-08-22,wk inc covid hosp,0,2026-08-22,28,quantile,0.05,21.883333333333333
2026-08-22,wk inc covid hosp,0,2026-08-22,28,quantile,0.1,25.11111111111111
2026-08-22,wk inc covid hosp,0,2026-08-22,28,quantile,0.15,27.77777777777778
2026-08-22,wk inc covid hosp,0,2026-08-22,28,quantile,0.2,30.0
2026-08-22,wk inc covid hosp,0,2026-08-22,28,quantile,0.25,31.666666666666668
2026-08-22,wk inc covid hosp,0,2026-08-22,28,quantile,0.3,33.22222222222222
2026-08-22,wk inc covid hosp,0,2026-08-22,28,quantile,0.35,34.888888888888886
2026-08-22,wk inc covid hosp,0,2026-08-22,28,quantile,0.4,36.333333333333336
2026-08-22,wk inc covid hosp,0,2026-08-22,28,quantile,0.45,38.0
2026-08-22,wk inc covid hosp,0,2026-08-22,28,quantile,0.5,39.333333333333336
2026-08-22,wk inc covid hosp,0,2026-08-22,28,quantile,0.55,40.22222222222222
2026-08-22,wk inc covid hosp,0,2026-08-22,28,quantile,0.6,41.55555555555556
2026-08-22,wk inc covid hosp,0,2026-08-22,28,quantile,0.65,43.0
2026-08-22,wk inc covid hosp,0,2026-08-22,28,quantile,0.7,44.55555555555556
2026-08-22,wk inc covid hosp,0,2026-08-22,28,quantile,0.75,46.44444444444444
2026-08-22,wk inc covid hosp,0,2026-08-22,28,quantile,0.8,48.55555555555556
2026-08-22,wk inc covid hosp,0,2026-08-22,28,quantile,0.85,51.0
2026-08-22,wk inc covid hosp,0,2026-08-22,28,quantile,0.9,55.333333333333336
2026-08-22,wk inc covid hosp,0,2026-08-22,28,quantile,0.95,61.44444444444444
2026-08-22,wk inc covid hosp,0,2026-08-22,28,quantile,0.975,68.22777777777777
2026-08-22,wk inc covid hosp,0,2026-08-22,28,quantile,0.99,79.11555555555555
2026-08-22,wk inc covid hosp,0,2026-08-22,29,quantile,0.01,6.777777777777778
2026-08-22,wk inc covid hosp,0,2026-08-22,29,quantile,0.025,8.555555555555555
2026-08-22,wk inc covid hosp,0,2026-08-22,29,quantile,0.05,10.43888888888889
2026-08-22,wk inc covid hosp,0,2026-08-22,29,quantile,0.1,13.0
2026-08-22,wk inc covid hosp,0,2026-08-22,29,quantile,0.15,15.0
2026-08-22,wk inc covid hosp,0,2026-08-22,29,quantile,0.2,16.11111111111111
2026-08-22,wk inc covid hosp,0,2026-08-22,29,quantile,0.25,17.333333333333332
2026-08-22,wk inc covid hosp,0,2026-08-22,29,quantile,0.3,18.333333333333332
2026-08-22,wk inc covid hosp,0,2026-08-22,29,quantile,0.35,19.11111111111111
2026-08-22,wk inc covid hosp,0,2026-08-22,29,quantile,0.4,20.06666666666667
2026-08-22,wk inc covid hosp,0,2026-08-22,29,quantile,0.45,21.11111111111111
2026-08-22,wk inc covid hosp,0,2026-08-22,29,quantile,0.5,22.333333333333332
2026-08-22,wk inc covid hosp,0,2026-08-22,29,quantile,0.55,22.77777777777778
2026-08-22,wk inc covid hosp,0,2026-08-22,29,quantile,0.6,23.77777777777778
2026-08-22,wk inc covid hosp,0,2026-08-22,29,quantile,0.65,25.11111111111111
2026-08-22,wk inc covid hosp,0,2026-08-22,29,quantile,0.7,25.811111111111106
2026-08-22,wk inc covid hosp,0,2026-08-22,29,quantile,0.75,27.444444444444443
2026-08-22,wk inc covid hosp,0,2026-08-22,29,quantile,0.8,29.11111111111111
2026-08-22,wk inc covid hosp,0,2026-08-22,29,quantile,0.85,31.444444444444443
2026-08-22,wk inc covid hosp,0,2026-08-22,29,quantile,0.9,33.77777777777778
2026-08-22,wk inc covid hosp,0,2026-08-22,29,quantile,0.95,38.77777777777778
2026-08-22,wk inc covid hosp,0,2026-08-22,29,quantile,0.975,46.55555555555556
2026-08-22,wk inc covid hosp,0,2026-08-22,29,quantile,0.99,67.66777777777777
2026-08-22,wk inc covid hosp,0,2026-08-22,30,quantile,0.01,0.5555555555555556
2026-08-22,wk inc covid hosp,0,2026-08-22,30,quantile,0.025,0.6666666666666666
2026-08-22,wk inc covid hosp,0,2026-08-22,30,quantile,0.05,0.8888888888888888
2026-08-22,wk inc covid hosp,0,2026-08-22,30,quantile,0.1,1.0
2026-08-22,wk inc covid hosp,0,2026-08-22,30,quantile,0.15,1.4444444444444444
2026-08-22,wk inc covid hosp,0,2026-08-22,30,quantile,0.2,1.6666666666666667
2026-08-22,wk inc covid hosp,0,2026-08-22,30,quantile,0.25,2.3333333333333335
2026-08-22,wk inc covid hosp,0,2026-08-22,30,quantile,0.3,2.4444444444444446
2026-08-22,wk inc covid hosp,0,2026-08-22,30,quantile,0.35,2.888888888888889
2026-08-22,wk inc covid hosp,0,2026-08-22,30,quantile,0.4,3.2222222222222223
2026-08-22,wk inc covid hosp,0,2026-08-22,30,quantile,0.45,3.2222222222222223
2026-08-22,wk inc covid hosp,0,2026-08-22,30,quantile,0.5,3.7777777777777777
2026-08-22,wk inc covid hosp,0,2026-08-22,30,quantile,0.55,3.7777777777777777
2026-08-22,wk inc covid hosp,0,2026-08-22,30,quantile,0.6,4.222222222222222
2026-08-22,wk inc covid hosp,0,2026-08-22,30,quantile,0.65,4.444444444444445
2026-08-22,wk inc covid hosp,0,2026-08-22,30,quantile,0.7,4.888888888888889
2026-08-22,wk inc covid hosp,0,2026-08-22,30,quantile,0.75,5.666666666666667
2026-08-22,wk inc covid hosp,0,2026-08-22,30,quantile,0.8,6.555555555555555
2026-08-22,wk inc covid hosp,0,2026-08-22,30,quantile,0.85,7.555555555555555
2026-08-22,wk inc covid hosp,0,2026-08-22,30,quantile,0.9,9.444444444444445
2026-08-22,wk inc covid hosp,0,2026-08-22,30,quantile,0.95,12.11111111111111
2026-08-22,wk inc covid hosp,0,2026-08-22,30,quantile,0.975,16.666666666666668
2026-08-22,wk inc covid hosp,0,2026-08-22,30,quantile,0.99,24.333333333333332
2026-08-22,wk inc covid hosp,0,2026-08-22,31,quantile,0.01,0.0
2026-08-22,wk inc covid hosp,0,2026-08-22,31,quantile,0.025,0.1111111111111111
2026-08-22,wk inc covid hosp,0,2026-08-22,31,quantile,0.05,0.3333333333333333
2026-08-22,wk inc covid hosp,0,2026-08-22,31,quantile,0.1,0.7777777777777778
2026-08-22,wk inc covid hosp,0,2026-08-22,31,quantile,0.15,0.8888888888888888
2026-08-22,wk inc covid hosp,0,2026-08-22,31,quantile,0.2,1.2222222222222223
2026-08-22,wk inc covid hosp,0,2026-08-22,31,quantile,0.25,2.0
2026-08-22,wk inc covid hosp,0,2026-08-22,31,quantile,0.3,2.2222222222222223
2026-08-22,wk inc covid hosp,0,2026-08-22,31,quantile,0.35,2.888888888888889
2026-08-22,wk inc covid hosp,0,2026-08-22,31,quantile,0.4,3.0
2026-08-22,wk inc covid hosp,0,2026-08-22,31,quantile,0.45,3.2222222222222223
2026-08-22,wk inc covid hosp,0,2026-08-22,31,quantile,0.5,3.7777777777777777
2026-08-22,wk inc covid hosp,0,2026-08-22,31,quantile,0.55,4.222222222222222
2026-08-22,wk inc covid hosp,0,2026-08-22,31,quantile,0.6,4.444444444444445
2026-08-22,wk inc covid hosp,0,2026-08-22,31,quantile,0.65,4.777777777777778
2026-08-22,wk inc covid hosp,0,2026-08-22,31,quantile,0.7,5.222222222222222
2026-08-22,wk inc covid hosp,0,2026-08-22,31,quantile,0.75,6.111111111111111
2026-08-22,wk inc covid hosp,0,2026-08-22,31,quantile,0.8,6.888888888888889
2026-08-22,wk inc covid hosp,0,2026-08-22,31,quantile,0.85,8.11111111111111
2026-08-22,wk inc covid hosp,0,2026-08-22,31,quantile,0.9,12.11111111111111
2026-08-22,wk inc covid hosp,0,2026-08-22,31,quantile,0.95,16.11666666666666
2026-08-22,wk inc covid hosp,0,2026-08-22,31,quantile,0.975,21.666666666666668
2026-08-22,wk inc covid hosp,0,2026-08-22,31,quantile,0.99,34.44444444444444
2026-08-22,wk inc covid hosp,0,2026-08-22,32,quantile,0.01,5.998888888888889
2026-08-22,wk inc covid hosp,0,2026-08-22,32,quantile,0.025,7.777777777777778
2026-08-22,wk inc covid hosp,0,2026-08-22,32,quantile,0.05,9.883333333333333
2026-08-22,wk inc covid hosp,0,2026-08-22,32,quantile,0.1,12.222222222222221
2026-08-22,wk inc covid hosp,0,2026-08-22,32,quantile,0.15,13.983333333333333
2026-08-22,wk inc covid hosp,0,2026-08-22,32,quantile,0.2,15.222222222222221
2026-08-22,wk inc covid hosp,0,2026-08-22,32,quantile,0.25,16.11111111111111
2026-08-22,wk inc covid hosp,0,2026-08-22,32,quantile,0.3,16.77777777777778
2026-08-22,wk inc covid hosp,0,2026-08-22,32,quantile,0.35,17.627777777777776
2026-08-22,wk inc covid hosp,0,2026-08-22,32,quantile,0.4,18.333333333333332
2026-08-22,wk inc covid hosp,0,2026-08-22,32,quantile,0.45,19.11111111111111
2026-08-22,wk inc covid hosp,0,2026-08-22,32,quantile,0.5,19.666666666666668
2026-08-22,wk inc covid hosp,0,2026-08-22,32,quantile,0.55,20.22222222222222
2026-08-22,wk inc covid hosp,0,2026-08-22,32,quantile,0.6,21.333333333333332
2026-08-22,wk inc covid hosp,0,2026-08-22,32,quantile,0.65,22.0
2026-08-22,wk inc covid hosp,0,2026-08-22,32,quantile,0.7,22.88888888888889
2026-08-22,wk inc covid hosp,0,2026-08-22,32,quantile,0.75,23.88888888888889
2026-08-22,wk inc covid hosp,0,2026-08-22,32,quantile,0.8,25.0
2026-08-22,wk inc covid hosp,0,2026-08-22,32,quantile,0.85,26.22222222222222
2026-08-22,wk inc covid hosp,0,2026-08-22,32,quantile,0.9,27.666666666666668
2026-08-22,wk inc covid hosp,0,2026-08-22,32,quantile,0.95,31.11666666666666
2026-08-22,wk inc covid hosp,0,2026-08-22,32,quantile,0.975,35.666666666666664
2026-08-22,wk inc covid hosp,0,2026-08-22,32,quantile,0.99,45.892222222222216
2026-08-22,wk inc covid hosp,0,2026-08-22,33,quantile,0.01,0.3333333333333333
2026-08-22,wk inc covid hosp,0,2026-08-22,33,quantile,0.025,0.8888888888888888
2026-08-22,wk inc covid hosp,0,2026-08-22,33,quantile,0.05,1.3333333333333333
2026-08-22,wk inc covid hosp,0,2026-08-22,33,quantile,0.1,2.322222222222223
2026-08-22,wk inc covid hosp,0,2026-08-22,33,quantile,0.15,2.5555555555555554
2026-08-22,wk inc covid hosp,0,2026-08-22,33,quantile,0.2,3.5555555555555554
2026-08-22,wk inc covid hosp,0,2026-08-22,33,quantile,0.25,3.888888888888889
2026-08-22,wk inc covid hosp,0,2026-08-22,33,quantile,0.3,4.222222222222222
2026-08-22,wk inc covid hosp,0,2026-08-22,33,quantile,0.35,4.888888888888889
2026-08-22,wk inc covid hosp,0,2026-08-22,33,quantile,0.4,5.333333333333333
2026-08-22,wk inc covid hosp,0,2026-08-22,33,quantile,0.45,5.666666666666667
2026-08-22,wk inc covid hosp,0,2026-08-22,33,quantile,0.5,6.222222222222222
2026-08-22,wk inc covid hosp,0,2026-08-22,33,quantile,0.55,6.555555555555555
2026-08-22,wk inc covid hosp,0,2026-08-22,33,quantile,0.6,7.111111111111111
2026-08-22,wk inc covid hosp,0,2026-08-22,33,quantile,0.65,7.666666666666667
2026-08-22,wk inc covid hosp,0,2026-08-22,33,quantile,0.7,8.0
2026-08-22,wk inc covid hosp,0,2026-08-22,33,quantile,0.75,8.777777777777779
2026-08-22,wk inc covid hosp,0,2026-08-22,33,quantile,0.8,9.11111111111111
2026-08-22,wk inc covid hosp,0,2026-08-22,33,quantile,0.85,10.0
2026-08-22,wk inc covid hosp,0,2026-08-22,33,quantile,0.9,11.444444444444445
2026-08-22,wk inc covid hosp,0,2026-08-22,33,quantile,0.95,13.11111111111111
2026-08-22,wk inc covid hosp,0,2026-08-22,33,quantile,0.975,15.502777777777775
2026-08-22,wk inc covid hosp,0,2026-08-22,33,quantile,0.99,21.333333333333332
2026-08-22,wk inc covid hosp,0,2026-08-22,34,quantile,0.01,19.11111111111111
2026-08-22,wk inc covid hosp,0,2026-08-22,34,quantile,0.025,26.719444444444445
2026-08-22,wk inc covid hosp,0,2026-08-22,34,quantile,0.05,31.0
2026-08-22,wk inc covid hosp,0,2026-08-22,34,quantile,0.1,36.98888888888889
2026-08-22,wk inc covid hosp,0,2026-08-22,34,quantile,0.15,41.650000000000006
2026-08-22,wk inc covid hosp,0,2026-08-22,34,quantile,0.2,44.333333333333336
2026-08-22,wk inc covid hosp,0,2026-08-22,34,quantile,0.25,47.111111111111114
2026-08-22,wk inc covid hosp,0,2026-08-22,34,quantile,0.3,49.22222222222222
2026-08-22,wk inc covid hosp,0,2026-08-22,34,quantile,0.35,50.77777777777778
2026-08-22,wk inc covid hosp,0,2026-08-22,34,quantile,0.4,52.44444444444444
2026-08-22,wk inc covid hosp,0,2026-08-22,34,quantile,0.45,54.0
2026-08-22,wk inc covid hosp,0,2026-08-22,34,quantile,0.5,54.77777777777778
2026-08-22,wk inc covid hosp,0,2026-08-22,34,quantile,0.55,55.888888888888886
2026-08-22,wk inc covid hosp,0,2026-08-22,34,quantile,0.6,57.111111111111114
2026-08-22,wk inc covid hosp,0,2026-08-22,34,quantile,0.65,59.22222222222222
2026-08-22,wk inc covid hosp,0,2026-08-22,34,quantile,0.7,61.333333333333336
2026-08-22,wk inc covid hosp,0,2026-08-22,34,quantile,0.75,63.0
2026-08-22,wk inc covid hosp,0,2026-08-22,34,quantile,0.8,65.0
2026-08-22,wk inc covid hosp,0,2026-08-22,34,quantile,0.85,68.23888888888888
2026-08-22,wk inc covid hosp,0,2026-08-22,34,quantile,0.9,73.11111111111111
2026-08-22,wk inc covid hosp,0,2026-08-22,34,quantile,0.95,81.13333333333331
2026-08-22,wk inc covid hosp,0,2026-08-22,34,quantile,0.975,93.33333333333333
2026-08-22,wk inc covid hosp,0,2026-08-22,34,quantile,0.99,119.13333333333331
2026-08-22,wk inc covid hosp,0,2026-08-22,35,quantile,0.01,0.7777777777777778
2026-08-22,wk inc covid hosp,0,2026-08-22,35,quantile,0.025,1.7777777777777777
2026-08-22,wk inc covid hosp,0,2026-08-22,35,quantile,0.05,2.4444444444444446
2026-08-22,wk inc covid hosp,0,2026-08-22,35,quantile,0.1,3.5555555555555554
2026-08-22,wk inc covid hosp,0,2026-08-22,35,quantile,0.15,3.888888888888889
2026-08-22,wk inc covid hosp,0,2026-08-22,35,quantile,0.2,4.666666666666667
2026-08-22,wk inc covid hosp,0,2026-08-22,35,quantile,0.25,5.333333333333333
2026-08-22,wk inc covid hosp,0,2026-08-22,35,quantile,0.3,5.666666666666667
2026-08-22,wk inc covid hosp,0,2026-08-22,35,quantile,0.35,6.111111111111111
2026-08-22,wk inc covid hosp,0,2026-08-22,35,quantile,0.4,6.222222222222222
2026-08-22,wk inc covid hosp,0,2026-08-22,35,quantile,0.45,7.111111111111111
2026-08-22,wk inc covid hosp,0,2026-08-22,35,quantile,0.5,7.666666666666667
2026-08-22,wk inc covid hosp,0,2026-08-22,35,quantile,0.55,8.0
2026-08-22,wk inc covid hosp,0,2026-08-22,35,quantile,0.6,8.555555555555555
2026-08-22,wk inc covid hosp,0,2026-08-22,35,quantile,0.65,8.777777777777779
2026-08-22,wk inc covid hosp,0,2026-08-22,35,quantile,0.7,9.333333333333334
2026-08-22,wk inc covid hosp,0,2026-08-22,35,quantile,0.75,9.88888888888889
2026-08-22,wk inc covid hosp,0,2026-08-22,35,quantile,0.8,10.555555555555555
2026-08-22,wk inc covid hosp,0,2026-08-22,35,quantile,0.85,11.444444444444445
2026-08-22,wk inc covid hosp,0,2026-08-22,35,quantile,0.9,13.444444444444445
2026-08-22,wk inc covid hosp,0,2026-08-22,35,quantile,0.95,16.0
2026-08-22,wk inc covid hosp,0,2026-08-22,35,quantile,0.975,20.0
2026-08-22,wk inc covid hosp,0,2026-08-22,35,quantile,0.99,27.89222222222222
2026-08-22,wk inc covid hosp,0,2026-08-22,36,quantile,0.01,63.10888888888889
2026-08-22,wk inc covid hosp,0,2026-08-22,36,quantile,0.025,78.05277777777778
2026-08-22,wk inc covid hosp,0,2026-08-22,36,quantile,0.05,88.32777777777778
2026-08-22,wk inc covid hosp,0,2026-08-22,36,quantile,0.1,100.43333333333334
2026-08-22,wk inc covid hosp,0,2026-08-22,36,quantile,0.15,109.77777777777777
2026-08-22,wk inc covid hosp,0,2026-08-22,36,quantile,0.2,114.22222222222223
2026-08-22,wk inc covid hosp,0,2026-08-22,36,quantile,0.25,119.22222222222223
2026-08-22,wk inc covid hosp,0,2026-08-22,36,quantile,0.3,122.77777777777777
2026-08-22,wk inc covid hosp,0,2026-08-22,36,quantile,0.35,125.66666666666667
2026-08-22,wk inc covid hosp,0,2026-08-22,36,quantile,0.4,128.77777777777777
2026-08-22,wk inc covid hosp,0,2026-08-22,36,quantile,0.45,131.22222222222223
2026-08-22,wk inc covid hosp,0,2026-08-22,36,quantile,0.5,134.22222222222223
2026-08-22,wk inc covid hosp,0,2026-08-22,36,quantile,0.55,136.0
2026-08-22,wk inc covid hosp,0,2026-08-22,36,quantile,0.6,141.33333333333334
2026-08-22,wk inc covid hosp,0,2026-08-22,36,quantile,0.65,144.44444444444446
2026-08-22,wk inc covid hosp,0,2026-08-22,36,quantile,0.7,148.14444444444445
2026-08-22,wk inc covid hosp,0,2026-08-22,36,quantile,0.75,152.0
2026-08-22,wk inc covid hosp,0,2026-08-22,36,quantile,0.8,156.91111111111113
2026-08-22,wk inc covid hosp,0,2026-08-22,36,quantile,0.85,162.8111111111111
2026-08-22,wk inc covid hosp,0,2026-08-22,36,quantile,0.9,171.02222222222224
2026-08-22,wk inc covid hosp,0,2026-08-22,36,quantile,0.95,188.28333333333327
2026-08-22,wk inc covid hosp,0,2026-08-22,36,quantile,0.975,219.84722222222223
2026-08-22,wk inc covid hosp,0,2026-08-22,36,quantile,0.99,278.35999999999996
2026-08-22,wk inc covid hosp,0,2026-08-22,37,quantile,0.01,44.77444444444445
2026-08-22,wk inc covid hosp,0,2026-08-22,37,quantile,0.025,57.0
2026-08-22,wk inc covid hosp,0,2026-08-22,37,quantile,0.05,66.65
2026-08-22,wk inc covid hosp,0,2026-08-22,37,quantile,0.1,76.44444444444444
2026-08-22,wk inc covid hosp,0,2026-08-22,37,quantile,0.15,85.44444444444444
2026-08-22,wk inc covid hosp,0,2026-08-22,37,quantile,0.2,91.44444444444444
2026-08-22,wk inc covid hosp,0,2026-08-22,37,quantile,0.25,97.75
2026-08-22,wk inc covid hosp,0,2026-08-22,37,quantile,0.3,101.44444444444444
2026-08-22,wk inc covid hosp,0,2026-08-22,37,quantile,0.35,104.33333333333333
2026-08-22,wk inc covid hosp,0,2026-08-22,37,quantile,0.4,107.66666666666667
2026-08-22,wk inc covid hosp,0,2026-08-22,37,quantile,0.45,111.66666666666667
2026-08-22,wk inc covid hosp,0,2026-08-22,37,quantile,0.5,115.33333333333333
2026-08-22,wk inc covid hosp,0,2026-08-22,37,quantile,0.55,117.66666666666667
2026-08-22,wk inc covid hosp,0,2026-08-22,37,quantile,0.6,119.44444444444444
2026-08-22,wk inc covid hosp,0,2026-08-22,37,quantile,0.65,122.55555555555556
2026-08-22,wk inc covid hosp,0,2026-08-22,37,quantile,0.7,126.11111111111111
2026-08-22,wk inc covid hosp,0,2026-08-22,37,quantile,0.75,129.22222222222223
2026-08-22,wk inc covid hosp,0,2026-08-22,37,quantile,0.8,134.11111111111111
2026-08-22,wk inc covid hosp,0,2026-08-22,37,quantile,0.85,140.44444444444446
2026-08-22,wk inc covid hosp,0,2026-08-22,37,quantile,0.9,149.66666666666666
2026-08-22,wk inc covid hosp,0,2026-08-22,37,quantile,0.95,162.77777777777777
2026-08-22,wk inc covid hosp,0,2026-08-22,37,quantile,0.975,183.19166666666666
2026-08-22,wk inc covid hosp,0,2026-08-22,37,quantile,0.99,228.33555555555554
2026-08-22,wk inc covid hosp,0,2026-08-22,38,quantile,0.01,0.0
2026-08-22,wk inc covid hosp,0,2026-08-22,38,quantile,0.025,0.0
2026-08-22,wk inc covid hosp,0,2026-08-22,38,quantile,0.05,0.0
2026-08-22,wk inc covid hosp,0,2026-08-22,38,quantile,0.1,0.1111111111111111
2026-08-22,wk inc covid hosp,0,2026-08-22,38,quantile,0.15,0.2222222222222222
2026-08-22,wk inc covid hosp,0,2026-08-22,38,quantile,0.2,0.4444444444444444
2026-08-22,wk inc covid hosp,0,2026-08-22,38,quantile,0.25,0.6666666666666666
2026-08-22,wk inc covid hosp,0,2026-08-22,38,quantile,0.3,0.7777777777777778
2026-08-22,wk inc covid hosp,0,2026-08-22,38,quantile,0.35,1.0
2026-08-22,wk inc covid hosp,0,2026-08-22,38,quantile,0.4,1.2222222222222223
2026-08-22,wk inc covid hosp,0,2026-08-22,38,quantile,0.45,1.3333333333333333
2026-08-22,wk inc covid hosp,0,2026-08-22,38,quantile,0.5,1.4444444444444444
2026-08-22,wk inc covid hosp,0,2026-08-22,38,quantile,0.55,1.7777777777777777
2026-08-22,wk inc covid hosp,0,2026-08-22,38,quantile,0.6,1.8888888888888888
2026-08-22,wk inc covid hosp,0,2026-08-22,38,quantile,0.65,2.0
2026-08-22,wk inc covid hosp,0,2026-08-22,38,quantile,0.7,2.5555555555555554
2026-08-22,wk inc covid hosp,0,2026-08-22,38,quantile,0.75,2.888888888888889
2026-08-22,wk inc covid hosp,0,2026-08-22,38,quantile,0.8,3.3333333333333335
2026-08-22,wk inc covid hosp,0,2026-08-22,38,quantile,0.85,3.7777777777777777
2026-08-22,wk inc covid hosp,0,2026-08-22,38,quantile,0.9,6.444444444444445
2026-08-22,wk inc covid hosp,0,2026-08-22,38,quantile,0.95,8.88888888888889
2026-08-22,wk inc covid hosp,0,2026-08-22,38,quantile,0.975,11.555555555555555
2026-08-22,wk inc covid hosp,0,2026-08-22,38,quantile,0.99,19.00111111111111
2026-08-22,wk inc covid hosp,0,2026-08-22,39,quantile,0.01,13.0
2026-08-22,wk inc covid hosp,0,2026-08-22,39,quantile,0.025,18.11111111111111
2026-08-22,wk inc covid hosp,0,2026-08-22,39,quantile,0.05,21.22222222222222
2026-08-22,wk inc covid hosp,0,2026-08-22,39,quantile,0.1,25.98888888888889
2026-08-22,wk inc covid hosp,0,2026-08-22,39,quantile,0.15,28.77777777777778
2026-08-22,wk inc covid hosp,0,2026-08-22,39,quantile,0.2,31.11111111111111
2026-08-22,wk inc covid hosp,0,2026-08-22,39,quantile,0.25,33.52777777777778
2026-08-22,wk inc covid hosp,0,2026-08-22,39,quantile,0.3,35.77777777777778
2026-08-22,wk inc covid hosp,0,2026-08-22,39,quantile,0.35,37.55555555555556
2026-08-22,wk inc covid hosp,0,2026-08-22,39,quantile,0.4,39.333333333333336
2026-08-22,wk inc covid hosp,0,2026-08-22,39,quantile,0.45,40.666666666666664
2026-08-22,wk inc covid hosp,0,2026-08-22,39,quantile,0.5,42.333333333333336
2026-08-22,wk inc covid hosp,0,2026-08-22,39,quantile,0.55,43.44444444444444
2026-08-22,wk inc covid hosp,0,2026-08-22,39,quantile,0.6,45.333333333333336
2026-08-22,wk inc covid hosp,0,2026-08-22,39,quantile,0.65,46.55555555555556
2026-08-22,wk inc covid hosp,0,2026-08-22,39,quantile,0.7,48.111111111111114
2026-08-22,wk inc covid hosp,0,2026-08-22,39,quantile,0.75,49.77777777777778
2026-08-22,wk inc covid hosp,0,2026-08-22,39,quantile,0.8,52.6888888888889
2026-08-22,wk inc covid hosp,0,2026-08-22,39,quantile,0.85,55.68333333333333
2026-08-22,wk inc covid hosp,0,2026-08-22,39,quantile,0.9,60.12222222222223
2026-08-22,wk inc covid hosp,0,2026-08-22,39,quantile,0.95,69.00555555555555
2026-08-22,wk inc covid hosp,0,2026-08-22,39,quantile,0.975,83.78333333333333
2026-08-22,wk inc covid hosp,0,2026-08-22,39,quantile,0.99,121.67
2026-08-22,wk inc covid hosp,0,2026-08-22,40,quantile,0.01,1.1111111111111112
2026-08-22,wk inc covid hosp,0,2026-08-22,40,quantile,0.025,2.0
2026-08-22,wk inc covid hosp,0,2026-08-22,40,quantile,0.05,3.0
2026-08-22,wk inc covid hosp,0,2026-08-22,40,quantile,0.1,4.111111111111111
2026-08-22,wk inc covid hosp,0,2026-08-22,40,quantile,0.15,4.777777777777778
2026-08-22,wk inc covid hosp,0,2026-08-22,40,quantile,0.2,5.555555555555555
2026-08-22,wk inc covid hosp,0,2026-08-22,40,quantile,0.25,6.222222222222222
2026-08-22,wk inc covid hosp,0,2026-08-22,40,quantile,0.3,7.111111111111111
2026-08-22,wk inc covid hosp,0,2026-08-22,40,quantile,0.35,7.555555555555555
2026-08-22,wk inc covid hosp,0,2026-08-22,40,quantile,0.4,8.222222222222221
2026-08-22,wk inc covid hosp,0,2026-08-22,40,quantile,0.45,9.0
2026-08-22,wk inc covid hosp,0,2026-08-22,40,quantile,0.5,9.444444444444445
2026-08-22,wk inc covid hosp,0,2026-08-22,40,quantile,0.55,10.11111111111111
2026-08-22,wk inc covid hosp,0,2026-08-22,40,quantile,0.6,10.666666666666666
2026-08-22,wk inc covid hosp,0,2026-08-22,40,quantile,0.65,11.444444444444445
2026-08-22,wk inc covid hosp,0,2026-08-22,40,quantile,0.7,11.88888888888889
2026-08-22,wk inc covid hosp,0,2026-08-22,40,quantile,0.75,12.88888888888889
2026-08-22,wk inc covid hosp,0,2026-08-22,40,quantile,0.8,14.11111111111111
2026-08-22,wk inc covid hosp,0,2026-08-22,40,quantile,0.85,16.0
2026-08-22,wk inc covid hosp,0,2026-08-22,40,quantile,0.9,18.011111111111113
2026-08-22,wk inc covid hosp,0,2026-08-22,40,quantile,0.95,21.89444444444444
2026-08-22,wk inc covid hosp,0,2026-08-22,40,quantile,0.975,29.88888888888889
2026-08-22,wk inc covid hosp,0,2026-08-22,40,quantile,0.99,43.224444444444444
2026-08-22,wk inc covid hosp,0,2026-08-22,41,quantile,0.01,2.888888888888889
2026-08-22,wk inc covid hosp,0,2026-08-22,41,quantile,0.025,3.7777777777777777
2026-08-22,wk inc covid hosp,0,2026-08-22,41,quantile,0.05,5.0
2026-08-22,wk inc covid hosp,0,2026-08-22,41,quantile,0.1,6.333333333333333
2026-08-22,wk inc covid hosp,0,2026-08-22,41,quantile,0.15,7.222222222222222
2026-08-22,wk inc covid hosp,0,2026-08-22,41,quantile,0.2,8.0
2026-08-22,wk inc covid hosp,0,2026-08-22,41,quantile,0.25,9.11111111111111
2026-08-22,wk inc covid hosp,0,2026-08-22,41,quantile,0.3,9.777777777777779
2026-08-22,wk inc covid hosp,0,2026-08-22,41,quantile,0.35,10.444444444444445
2026-08-22,wk inc covid hosp,0,2026-08-22,41,quantile,0.4,10.88888888888889
2026-08-22,wk inc covid hosp,0,2026-08-22,41,quantile,0.45,11.444444444444445
2026-08-22,wk inc covid hosp,0,2026-08-22,41,quantile,0.5,11.777777777777779
2026-08-22,wk inc covid hosp,0,2026-08-22,41,quantile,0.55,12.333333333333334
2026-08-22,wk inc covid hosp,0,2026-08-22,41,quantile,0.6,13.0
2026-08-22,wk inc covid hosp,0,2026-08-22,41,quantile,0.65,13.88888888888889
2026-08-22,wk inc covid hosp,0,2026-08-22,41,quantile,0.7,14.444444444444445
2026-08-22,wk inc covid hosp,0,2026-08-22,41,quantile,0.75,15.11111111111111
2026-08-22,wk inc covid hosp,0,2026-08-22,41,quantile,0.8,15.88888888888889
2026-08-22,wk inc covid hosp,0,2026-08-22,41,quantile,0.85,17.333333333333332
2026-08-22,wk inc covid hosp,0,2026-08-22,41,quantile,0.9,19.011111111111113
2026-08-22,wk inc covid hosp,0,2026-08-22,41,quantile,0.95,23.11666666666666
2026-08-22,wk inc covid hosp,0,2026-08-22,41,quantile,0.975,28.79444444444443
2026-08-22,wk inc covid hosp,0,2026-08-22,41,quantile,0.99,43.56222222222222
2026-08-22,wk inc covid hosp,0,2026-08-22,42,quantile,0.01,21.11111111111111
2026-08-22,wk inc covid hosp,0,2026-08-22,42,quantile,0.025,29.158333333333335
2026-08-22,wk inc covid hosp,0,2026-08-22,42,quantile,0.05,35.22222222222222
2026-08-22,wk inc covid hosp,0,2026-08-22,42,quantile,0.1,44.22222222222222
2026-08-22,wk inc covid hosp,0,2026-08-22,42,quantile,0.15,48.22222222222222
2026-08-22,wk inc covid hosp,0,2026-08-22,42,quantile,0.2,51.77777777777778
2026-08-22,wk inc covid hosp,0,2026-08-22,42,quantile,0.25,55.77777777777778
2026-08-22,wk inc covid hosp,0,2026-08-22,42,quantile,0.3,58.333333333333336
2026-08-22,wk inc covid hosp,0,2026-08-22,42,quantile,0.35,60.77777777777778
2026-08-22,wk inc covid hosp,0,2026-08-22,42,quantile,0.4,62.666666666666664
2026-08-22,wk inc covid hosp,0,2026-08-22,42,quantile,0.45,65.11111111111111
2026-08-22,wk inc covid hosp,0,2026-08-22,42,quantile,0.5,67.11111111111111
2026-08-22,wk inc covid hosp,0,2026-08-22,42,quantile,0.55,68.77777777777777
2026-08-22,wk inc covid hosp,0,2026-08-22,42,quantile,0.6,71.44444444444444
2026-08-22,wk inc covid hosp,0,2026-08-22,42,quantile,0.65,73.44444444444444
2026-08-22,wk inc covid hosp,0,2026-08-22,42,quantile,0.7,75.66666666666667
2026-08-22,wk inc covid hosp,0,2026-08-22,42,quantile,0.75,78.55555555555556
2026-08-22,wk inc covid hosp,0,2026-08-22,42,quantile,0.8,82.80000000000001
2026-08-22,wk inc covid hosp,0,2026-08-22,42,quantile,0.85,86.88888888888889
2026-08-22,wk inc covid hosp,0,2026-08-22,42,quantile,0.9,93.55555555555556
2026-08-22,wk inc covid hosp,0,2026-08-22,42,quantile,0.95,104.0
2026-08-22,wk inc covid hosp,0,2026-08-22,42,quantile,0.975,120.95833333333333
2026-08-22,wk inc covid hosp,0,2026-08-22,42,quantile,0.99,156.67222222222222
2026-08-22,wk inc covid hosp,0,2026-08-22,44,quantile,0.01,1.5544444444444445
2026-08-22,wk inc covid hosp,0,2026-08-22,44,quantile,0.025,2.4444444444444446
2026-08-22,wk inc covid hosp,0,2026-08-22,44,quantile,0.05,3.0
2026-08-22,wk inc covid hosp,0,2026-08-22,44,quantile,0.1,4.222222222222222
2026-08-22,wk inc covid hosp,0,2026-08-22,44,quantile,0.15,5.333333333333333
2026-08-22,wk inc covid hosp,0,2026-08-22,44,quantile,0.2,6.0
2026-08-22,wk inc covid hosp,0,2026-08-22,44,quantile,0.25,6.666666666666667
2026-08-22,wk inc covid hosp,0,2026-08-22,44,quantile,0.3,7.111111111111111
2026-08-22,wk inc covid hosp,0,2026-08-22,44,quantile,0.35,7.333333333333333
2026-08-22,wk inc covid hosp,0,2026-08-22,44,quantile,0.4,7.888888888888889
2026-08-22,wk inc covid hosp,0,2026-08-22,44,quantile,0.45,8.222222222222221
2026-08-22,wk inc covid hosp,0,2026-08-22,44,quantile,0.5,8.666666666666666
2026-08-22,wk inc covid hosp,0,2026-08-22,44,quantile,0.55,9.11111111111111
2026-08-22,wk inc covid hosp,0,2026-08-22,44,quantile,0.6,9.555555555555555
2026-08-22,wk inc covid hosp,0,2026-08-22,44,quantile,0.65,10.0
2026-08-22,wk inc covid hosp,0,2026-08-22,44,quantile,0.7,10.222222222222221
2026-08-22,wk inc covid hosp,0,2026-08-22,44,quantile,0.75,11.0
2026-08-22,wk inc covid hosp,0,2026-08-22,44,quantile,0.8,11.555555555555555
2026-08-22,wk inc covid hosp,0,2026-08-22,44,quantile,0.85,12.333333333333334
2026-08-22,wk inc covid hosp,0,2026-08-22,44,quantile,0.9,13.666666666666666
2026-08-22,wk inc covid hosp,0,2026-08-22,44,quantile,0.95,16.11111111111111
2026-08-22,wk inc covid hosp,0,2026-08-22,44,quantile,0.975,18.22222222222222
2026-08-22,wk inc covid hosp,0,2026-08-22,44,quantile,0.99,21.77777777777778
2026-08-22,wk inc covid hosp,0,2026-08-22,45,quantile,0.01,9.222222222222221
2026-08-22,wk inc covid hosp,0,2026-08-22,45,quantile,0.025,12.555555555555555
2026-08-22,wk inc covid hosp,0,2026-08-22,45,quantile,0.05,15.0
2026-08-22,wk inc covid hosp,0,2026-08-22,45,quantile,0.1,18.555555555555557
2026-08-22,wk inc covid hosp,0,2026-08-22,45,quantile,0.15,20.22222222222222
2026-08-22,wk inc covid hosp,0,2026-08-22,45,quantile,0.2,21.555555555555557
2026-08-22,wk inc covid hosp,0,2026-08-22,45,quantile,0.25,23.22222222222222
2026-08-22,wk inc covid hosp,0,2026-08-22,45,quantile,0.3,24.555555555555557
2026-08-22,wk inc covid hosp,0,2026-08-22,45,quantile,0.35,25.333333333333332
2026-08-22,wk inc covid hosp,0,2026-08-22,45,quantile,0.4,26.511111111111113
2026-08-22,wk inc covid hosp,0,2026-08-22,45,quantile,0.45,27.333333333333332
2026-08-22,wk inc covid hosp,0,2026-08-22,45,quantile,0.5,28.0
2026-08-22,wk inc covid hosp,0,2026-08-22,45,quantile,0.55,29.0
2026-08-22,wk inc covid hosp,0,2026-08-22,45,quantile,0.6,30.0
2026-08-22,wk inc covid hosp,0,2026-08-22,45,quantile,0.65,30.77777777777778
2026-08-22,wk inc covid hosp,0,2026-08-22,45,quantile,0.7,32.0
2026-08-22,wk inc covid hosp,0,2026-08-22,45,quantile,0.75,33.0
2026-08-22,wk inc covid hosp,0,2026-08-22,45,quantile,0.8,34.55555555555556
2026-08-22,wk inc covid hosp,0,2026-08-22,45,quantile,0.85,36.22222222222222
2026-08-22,wk inc covid hosp,0,2026-08-22,45,quantile,0.9,39.666666666666664
2026-08-22,wk inc covid hosp,0,2026-08-22,45,quantile,0.95,44.22222222222222
2026-08-22,wk inc covid hosp,0,2026-08-22,45,quantile,0.975,51.111111111111114
2026-08-22,wk inc covid hosp,0,2026-08-22,45,quantile,0.99,67.34222222222222
2026-08-22,wk inc covid hosp,0,2026-08-22,46,quantile,0.01,0.0
2026-08-22,wk inc covid hosp,0,2026-08-22,46,quantile,0.025,0.0
2026-08-22,wk inc covid hosp,0,2026-08-22,46,quantile,0.05,0.0
2026-08-22,wk inc covid hosp,0,2026-08-22,46,quantile,0.1,0.2222222222222222
2026-08-22,wk inc covid hosp,0,2026-08-22,46,quantile,0.15,0.5555555555555556
2026-08-22,wk inc covid hosp,0,2026-08-22,46,quantile,0.2,0.6666666666666666
2026-08-22,wk inc covid hosp,0,2026-08-22,46,quantile,0.25,1.1111111111111112
2026-08-22,wk inc covid hosp,0,2026-08-22,46,quantile,0.3,1.2222222222222223
2026-08-22,wk inc covid hosp,0,2026-08-22,46,quantile,0.35,1.5555555555555556
2026-08-22,wk inc covid hosp,0,2026-08-22,46,quantile,0.4,1.7777777777777777
2026-08-22,wk inc covid hosp,0,2026-08-22,46,quantile,0.45,2.0
2026-08-22,wk inc covid hosp,0,2026-08-22,46,quantile,0.5,2.3333333333333335
2026-08-22,wk inc covid hosp,0,2026-08-22,46,quantile,0.55,2.7777777777777777
2026-08-22,wk inc covid hosp,0,2026-08-22,46,quantile,0.6,3.0
2026-08-22,wk inc covid hosp,0,2026-08-22,46,quantile,0.65,3.2222222222222223
2026-08-22,wk inc covid hosp,0,2026-08-22,46,quantile,0.7,3.5555555555555554
2026-08-22,wk inc covid hosp,0,2026-08-22,46,quantile,0.75,4.111111111111111
2026-08-22,wk inc covid hosp,0,2026-08-22,46,quantile,0.8,5.111111111111111
2026-08-22,wk inc covid hosp,0,2026-08-22,46,quantile,0.85,6.0
2026-08-22,wk inc covid hosp,0,2026-08-22,46,quantile,0.9,7.777777777777778
2026-08-22,wk inc covid hosp,0,2026-08-22,46,quantile,0.95,10.11111111111111
2026-08-22,wk inc covid hosp,0,2026-08-22,46,quantile,0.975,12.94722222222222
2026-08-22,wk inc covid hosp,0,2026-08-22,46,quantile,0.99,18.778888888888886
2026-08-22,wk inc covid hosp,0,2026-08-22,47,quantile,0.01,16.99888888888889
2026-08-22,wk inc covid hosp,0,2026-08-22,47,quantile,0.025,21.66111111111111
2026-08-22,wk inc covid hosp,0,2026-08-22,47,quantile,0.05,26.105555555555554
2026-08-22,wk inc covid hosp,0,2026-08-22,47,quantile,0.1,32.111111111111114
2026-08-22,wk inc covid hosp,0,2026-08-22,47,quantile,0.15,35.888888888888886
2026-08-22,wk inc covid hosp,0,2026-08-22,47,quantile,0.2,38.666666666666664
2026-08-22,wk inc covid hosp,0,2026-08-22,47,quantile,0.25,40.333333333333336
2026-08-22,wk inc covid hosp,0,2026-08-22,47,quantile,0.3,41.666666666666664
2026-08-22,wk inc covid hosp,0,2026-08-22,47,quantile,0.35,43.22222222222222
2026-08-22,wk inc covid hosp,0,2026-08-22,47,quantile,0.4,44.22222222222222
2026-08-22,wk inc covid hosp,0,2026-08-22,47,quantile,0.45,45.44444444444444
2026-08-22,wk inc covid hosp,0,2026-08-22,47,quantile,0.5,46.333333333333336
2026-08-22,wk inc covid hosp,0,2026-08-22,47,quantile,0.55,47.333333333333336
2026-08-22,wk inc covid hosp,0,2026-08-22,47,quantile,0.6,49.333333333333336
2026-08-22,wk inc covid hosp,0,2026-08-22,47,quantile,0.65,50.333333333333336
2026-08-22,wk inc covid hosp,0,2026-08-22,47,quantile,0.7,51.92222222222222
2026-08-22,wk inc covid hosp,0,2026-08-22,47,quantile,0.75,53.666666666666664
2026-08-22,wk inc covid hosp,0,2026-08-22,47,quantile,0.8,55.888888888888886
2026-08-22,wk inc covid hosp,0,2026-08-22,47,quantile,0.85,58.333333333333336
2026-08-22,wk inc covid hosp,0,2026-08-22,47,quantile,0.9,62.111111111111114
2026-08-22,wk inc covid hosp,0,2026-08-22,47,quantile,0.95,71.0
2026-08-22,wk inc covid hosp,0,2026-08-22,47,quantile,0.975,79.50833333333333
2026-08-22,wk inc covid hosp,0,2026-08-22,47,quantile,0.99,99.23333333333332
2026-08-22,wk inc covid hosp,0,2026-08-22,48,quantile,0.01,112.5488888888889
2026-08-22,wk inc covid hosp,0,2026-08-22,48,quantile,0.025,143.60833333333332
2026-08-22,wk inc covid hosp,0,2026-08-22,48,quantile,0.05,176.55555555555554
2026-08-22,wk inc covid hosp,0,2026-08-22,48,quantile,0.1,201.54444444444445
2026-08-22,wk inc covid hosp,0,2026-08-22,48,quantile,0.15,224.66666666666666
2026-08-22,wk inc covid hosp,0,2026-08-22,48,quantile,0.2,239.88888888888889
2026-08-22,wk inc covid hosp,0,2026-08-22,48,quantile,0.25,252.0
2026-08-22,wk inc covid hosp,0,2026-08-22,48,quantile,0.3,260.6666666666667
2026-08-22,wk inc covid hosp,0,2026-08-22,48,quantile,0.35,269.8888888888889
2026-08-22,wk inc covid hosp,0,2026-08-22,48,quantile,0.4,279.0
2026-08-22,wk inc covid hosp,0,2026-08-22,48,quantile,0.45,288.06111111111113
2026-08-22,wk inc covid hosp,0,2026-08-22,48,quantile,0.5,294.1111111111111
2026-08-22,wk inc covid hosp,0,2026-08-22,48,quantile,0.55,303.1611111111111
2026-08-22,wk inc covid hosp,0,2026-08-22,48,quantile,0.6,308.3333333333333
2026-08-22,wk inc covid hosp,0,2026-08-22,48,quantile,0.65,314.8888888888889
2026-08-22,wk inc covid hosp,0,2026-08-22,48,quantile,0.7,322.4777777777778
2026-08-22,wk inc covid hosp,0,2026-08-22,48,quantile,0.75,331.44444444444446
2026-08-22,wk inc covid hosp,0,2026-08-22,48,quantile,0.8,341.4888888888889
2026-08-22,wk inc covid hosp,0,2026-08-22,48,quantile,0.85,354.90555555555557
2026-08-22,wk inc covid hosp,0,2026-08-22,48,quantile,0.9,383.7888888888889
2026-08-22,wk inc covid hosp,0,2026-08-22,48,quantile,0.95,432.45000000000005
2026-08-22,wk inc covid hosp,0,2026-08-22,48,quantile,0.975,489.26666666666665
2026-08-22,wk inc covid hosp,0,2026-08-22,48,quantile,0.99,599.4644444444444
2026-08-22,wk inc covid hosp,0,2026-08-22,49,quantile,0.01,0.4444444444444444
2026-08-22,wk inc covid hosp,0,2026-08-22,49,quantile,0.025,1.1111111111111112
2026-08-22,wk inc covid hosp,0,2026-08-22,49,quantile,0.05,1.2222222222222223
2026-08-22,wk inc covid hosp,0,2026-08-22,49,quantile,0.1,1.8888888888888888
2026-08-22,wk inc covid hosp,0,2026-08-22,49,quantile,0.15,2.2222222222222223
2026-08-22,wk inc covid hosp,0,2026-08-22,49,quantile,0.2,2.6666666666666665
2026-08-22,wk inc covid hosp,0,2026-08-22,49,quantile,0.25,3.7777777777777777
2026-08-22,wk inc covid hosp,0,2026-08-22,49,quantile,0.3,4.333333333333333
2026-08-22,wk inc covid hosp,0,2026-08-22,49,quantile,0.35,4.666666666666667
2026-08-22,wk inc covid hosp,0,2026-08-22,49,quantile,0.4,5.333333333333333
2026-08-22,wk inc covid hosp,0,2026-08-22,49,quantile,0.45,5.666666666666667
2026-08-22,wk inc covid hosp,0,2026-08-22,49,quantile,0.5,6.055555555555555
2026-08-22,wk inc covid hosp,0,2026-08-22,49,quantile,0.55,6.555555555555555
2026-08-22,wk inc covid hosp,0,2026-08-22,49,quantile,0.6,6.888888888888889
2026-08-22,wk inc covid hosp,0,2026-08-22,49,quantile,0.65,7.444444444444445
2026-08-22,wk inc covid hosp,0,2026-08-22,49,quantile,0.7,8.255555555555551
2026-08-22,wk inc covid hosp,0,2026-08-22,49,quantile,0.75,9.0
2026-08-22,wk inc covid hosp,0,2026-08-22,49,quantile,0.8,9.88888888888889
2026-08-22,wk inc covid hosp,0,2026-08-22,49,quantile,0.85,11.11111111111111
2026-08-22,wk inc covid hosp,0,2026-08-22,49,quantile,0.9,13.444444444444445
2026-08-22,wk inc covid hosp,0,2026-08-22,49,quantile,0.95,17.666666666666668
2026-08-22,wk inc covid hosp,0,2026-08-22,49,quantile,0.975,24.28055555555555
2026-08-22,wk inc covid hosp,0,2026-08-22,49,quantile,0.99,37.22333333333333
2026-08-22,wk inc covid hosp,0,2026-08-22,50,quantile,0.01,0.0
2026-08-22,wk inc covid hosp,0,2026-08-22,50,quantile,0.025,0.2222222222222222
2026-08-22,wk inc covid hosp,0,2026-08-22,50,quantile,0.05,0.2222222222222222
2026-08-22,wk inc covid hosp,0,2026-08-22,50,quantile,0.1,0.3333333333333333
2026-08-22,wk inc covid hosp,0,2026-08-22,50,quantile,0.15,0.4444444444444444
2026-08-22,wk inc covid hosp,0,2026-08-22,50,quantile,0.2,0.5555555555555556
2026-08-22,wk inc covid hosp,0,2026-08-22,50,quantile,0.25,0.6666666666666666
2026-08-22,wk inc covid hosp,0,2026-08-22,50,quantile,0.3,0.7777777777777778
2026-08-22,wk inc covid hosp,0,2026-08-22,50,quantile,0.35,0.9611111111111086
2026-08-22,wk inc covid hosp,0,2026-08-22,50,quantile,0.4,1.2222222222222223
2026-08-22,wk inc covid hosp,0,2026-08-22,50,quantile,0.45,1.4444444444444444
2026-08-22,wk inc covid hosp,0,2026-08-22,50,quantile,0.5,1.5555555555555556
2026-08-22,wk inc covid hosp,0,2026-08-22,50,quantile,0.55,1.5555555555555556
2026-08-22,wk inc covid hosp,0,2026-08-22,50,quantile,0.6,1.7777777777777777
2026-08-22,wk inc covid hosp,0,2026-08-22,50,quantile,0.65,2.2222222222222223
2026-08-22,wk inc covid hosp,0,2026-08-22,50,quantile,0.7,2.3333333333333335
2026-08-22,wk inc covid hosp,0,2026-08-22,50,quantile,0.75,2.888888888888889
2026-08-22,wk inc covid hosp,0,2026-08-22,50,quantile,0.8,3.6666666666666665
2026-08-22,wk inc covid hosp,0,2026-08-22,50,quantile,0.85,4.222222222222222
2026-08-22,wk inc covid hosp,0,2026-08-22,50,quantile,0.9,5.333333333333333
2026-08-22,wk inc covid hosp,0,2026-08-22,50,quantile,0.95,7.111111111111111
2026-08-22,wk inc covid hosp,0,2026-08-22,50,quantile,0.975,9.555555555555555
2026-08-22,wk inc covid hosp,0,2026-08-22,50,quantile,0.99,14.891111111111108
2026-08-22,wk inc covid hosp,0,2026-08-22,51,quantile,0.01,6.222222222222222
2026-08-22,wk inc covid hosp,0,2026-08-22,51,quantile,0.025,8.777777777777779
2026-08-22,wk inc covid hosp,0,2026-08-22,51,quantile,0.05,11.11111111111111
2026-08-22,wk inc covid hosp,0,2026-08-22,51,quantile,0.1,13.444444444444445
2026-08-22,wk inc covid hosp,0,2026-08-22,51,quantile,0.15,15.11111111111111
2026-08-22,wk inc covid hosp,0,2026-08-22,51,quantile,0.2,16.333333333333332
2026-08-22,wk inc covid hosp,0,2026-08-22,51,quantile,0.25,17.77777777777778
2026-08-22,wk inc covid hosp,0,2026-08-22,51,quantile,0.3,18.666666666666668
2026-08-22,wk inc covid hosp,0,2026-08-22,51,quantile,0.35,19.555555555555557
2026-08-22,wk inc covid hosp,0,2026-08-22,51,quantile,0.4,20.22222222222222
2026-08-22,wk inc covid hosp,0,2026-08-22,51,quantile,0.45,21.11111111111111
2026-08-22,wk inc covid hosp,0,2026-08-22,51,quantile,0.5,21.77777777777778
2026-08-22,wk inc covid hosp,0,2026-08-22,51,quantile,0.55,22.666666666666668
2026-08-22,wk inc covid hosp,0,2026-08-22,51,quantile,0.6,23.444444444444443
2026-08-22,wk inc covid hosp,0,2026-08-22,51,quantile,0.65,24.22222222222222
2026-08-22,wk inc covid hosp,0,2026-08-22,51,quantile,0.7,25.22222222222222
2026-08-22,wk inc covid hosp,0,2026-08-22,51,quantile,0.75,27.11111111111111
2026-08-22,wk inc covid hosp,0,2026-08-22,51,quantile,0.8,28.666666666666668
2026-08-22,wk inc covid hosp,0,2026-08-22,51,quantile,0.85,31.22222222222222
2026-08-22,wk inc covid hosp,0,2026-08-22,51,quantile,0.9,33.666666666666664
2026-08-22,wk inc covid hosp,0,2026-08-22,51,quantile,0.95,39.77777777777778
2026-08-22,wk inc covid hosp,0,2026-08-22,51,quantile,0.975,49.28055555555555
2026-08-22,wk inc covid hosp,0,2026-08-22,51,quantile,0.99,73.6711111111111
2026-08-22,wk inc covid hosp,0,2026-08-22,53,quantile,0.01,19.666666666666668
2026-08-22,wk inc covid hosp,0,2026-08-22,53,quantile,0.025,23.49722222222222
2026-08-22,wk inc covid hosp,0,2026-08-22,53,quantile,0.05,27.333333333333332
2026-08-22,wk inc covid hosp,0,2026-08-22,53,quantile,0.1,32.333333333333336
2026-08-22,wk inc covid hosp,0,2026-08-22,53,quantile,0.15,36.22222222222222
2026-08-22,wk inc covid hosp,0,2026-08-22,53,quantile,0.2,39.44444444444444
2026-08-22,wk inc covid hosp,0,2026-08-22,53,quantile,0.25,42.083333333333336
2026-08-22,wk inc covid hosp,0,2026-08-22,53,quantile,0.3,43.3
2026-08-22,wk inc covid hosp,0,2026-08-22,53,quantile,0.35,45.0
2026-08-22,wk inc covid hosp,0,2026-08-22,53,quantile,0.4,46.22222222222222
2026-08-22,wk inc covid hosp,0,2026-08-22,53,quantile,0.45,47.22222222222222
2026-08-22,wk inc covid hosp,0,2026-08-22,53,quantile,0.5,48.55555555555556
2026-08-22,wk inc covid hosp,0,2026-08-22,53,quantile,0.55,50.55555555555556
2026-08-22,wk inc covid hosp,0,2026-08-22,53,quantile,0.6,51.77777777777778
2026-08-22,wk inc covid hosp,0,2026-08-22,53,quantile,0.65,53.888888888888886
2026-08-22,wk inc covid hosp,0,2026-08-22,53,quantile,0.7,56.0
2026-08-22,wk inc covid hosp,0,2026-08-22,53,quantile,0.75,57.666666666666664
2026-08-22,wk inc covid hosp,0,2026-08-22,53,quantile,0.8,60.0
2026-08-22,wk inc covid hosp,0,2026-08-22,53,quantile,0.85,62.794444444444444
2026-08-22,wk inc covid hosp,0,2026-08-22,53,quantile,0.9,67.77777777777777
2026-08-22,wk inc covid hosp,0,2026-08-22,53,quantile,0.95,73.44999999999999
2026-08-22,wk inc covid hosp,0,2026-08-22,53,quantile,0.975,85.22777777777777
2026-08-22,wk inc covid hosp,0,2026-08-22,53,quantile,0.99,108.12888888888887
2026-08-22,wk inc covid hosp,0,2026-08-22,54,quantile,0.01,0.3333333333333333
2026-08-22,wk inc covid hosp,0,2026-08-22,54,quantile,0.025,0.6666666666666666
2026-08-22,wk inc covid hosp,0,2026-08-22,54,quantile,0.05,0.8888888888888888
2026-08-22,wk inc covid hosp,0,2026-08-22,54,quantile,0.1,1.5555555555555556
2026-08-22,wk inc covid hosp,0,2026-08-22,54,quantile,0.15,2.111111111111111
2026-08-22,wk inc covid hosp,0,2026-08-22,54,quantile,0.2,2.2222222222222223
2026-08-22,wk inc covid hosp,0,2026-08-22,54,quantile,0.25,2.4444444444444446
2026-08-22,wk inc covid hosp,0,2026-08-22,54,quantile,0.3,2.7777777777777777
2026-08-22,wk inc covid hosp,0,2026-08-22,54,quantile,0.35,3.2222222222222223
2026-08-22,wk inc covid hosp,0,2026-08-22,54,quantile,0.4,4.0
2026-08-22,wk inc covid hosp,0,2026-08-22,54,quantile,0.45,4.444444444444445
2026-08-22,wk inc covid hosp,0,2026-08-22,54,quantile,0.5,4.666666666666667
2026-08-22,wk inc covid hosp,0,2026-08-22,54,quantile,0.55,5.111111111111111
2026-08-22,wk inc covid hosp,0,2026-08-22,54,quantile,0.6,5.333333333333333
2026-08-22,wk inc covid hosp,0,2026-08-22,54,quantile,0.65,6.0
2026-08-22,wk inc covid hosp,0,2026-08-22,54,quantile,0.7,6.222222222222222
2026-08-22,wk inc covid hosp,0,2026-08-22,54,quantile,0.75,7.0
2026-08-22,wk inc covid hosp,0,2026-08-22,54,quantile,0.8,8.0
2026-08-22,wk inc covid hosp,0,2026-08-22,54,quantile,0.85,8.777777777777779
2026-08-22,wk inc covid hosp,0,2026-08-22,54,quantile,0.9,11.0
2026-08-22,wk inc covid hosp,0,2026-08-22,54,quantile,0.95,13.555555555555555
2026-08-22,wk inc covid hosp,0,2026-08-22,54,quantile,0.975,17.22222222222222
2026-08-22,wk inc covid hosp,0,2026-08-22,54,quantile,0.99,25.555555555555557
2026-08-22,wk inc covid hosp,0,2026-08-22,55,quantile,0.01,1.0
2026-08-22,wk inc covid hosp,0,2026-08-22,55,quantile,0.025,1.7777777777777777
2026-08-22,wk inc covid hosp,0,2026-08-22,55,quantile,0.05,2.6666666666666665
2026-08-22,wk inc covid hosp,0,2026-08-22,55,quantile,0.1,3.4444444444444446
2026-08-22,wk inc covid hosp,0,2026-08-22,55,quantile,0.15,4.0
2026-08-22,wk inc covid hosp,0,2026-08-22,55,quantile,0.2,4.644444444444446
2026-08-22,wk inc covid hosp,0,2026-08-22,55,quantile,0.25,5.666666666666667
2026-08-22,wk inc covid hosp,0,2026-08-22,55,quantile,0.3,6.333333333333333
2026-08-22,wk inc covid hosp,0,2026-08-22,55,quantile,0.35,7.111111111111111
2026-08-22,wk inc covid hosp,0,2026-08-22,55,quantile,0.4,7.777777777777778
2026-08-22,wk inc covid hosp,0,2026-08-22,55,quantile,0.45,8.666666666666666
2026-08-22,wk inc covid hosp,0,2026-08-22,55,quantile,0.5,9.11111111111111
2026-08-22,wk inc covid hosp,0,2026-08-22,55,quantile,0.55,9.777777777777779
2026-08-22,wk inc covid hosp,0,2026-08-22,55,quantile,0.6,10.555555555555555
2026-08-22,wk inc covid hosp,0,2026-08-22,55,quantile,0.65,11.222222222222221
2026-08-22,wk inc covid hosp,0,2026-08-22,55,quantile,0.7,11.88888888888889
2026-08-22,wk inc covid hosp,0,2026-08-22,55,quantile,0.75,13.222222222222221
2026-08-22,wk inc covid hosp,0,2026-08-22,55,quantile,0.8,14.444444444444445
2026-08-22,wk inc covid hosp,0,2026-08-22,55,quantile,0.85,16.11111111111111
2026-08-22,wk inc covid hosp,0,2026-08-22,55,quantile,0.9,20.122222222222224
2026-08-22,wk inc covid hosp,0,2026-08-22,55,quantile,0.95,25.11111111111111
2026-08-22,wk inc covid hosp,0,2026-08-22,55,quantile,0.975,34.83611111111111
2026-08-22,wk inc covid hosp,0,2026-08-22,55,quantile,0.99,53.673333333333325
2026-08-22,wk inc covid hosp,0,2026-08-22,56,quantile,0.01,0.0
2026-08-22,wk inc covid hosp,0,2026-08-22,56,quantile,0.025,0.1111111111111111
2026-08-22,wk inc covid hosp,0,2026-08-22,56,quantile,0.05,0.2222222222222222
2026-08-22,wk inc covid hosp,0,2026-08-22,56,quantile,0.1,0.6666666666666666
2026-08-22,wk inc covid hosp,0,2026-08-22,56,quantile,0.15,0.7777777777777778
2026-08-22,wk inc covid hosp,0,2026-08-22,56,quantile,0.2,1.0
2026-08-22,wk inc covid hosp,0,2026-08-22,56,quantile,0.25,1.4444444444444444
2026-08-22,wk inc covid hosp,0,2026-08-22,56,quantile,0.3,1.7777777777777777
2026-08-22,wk inc covid hosp,0,2026-08-22,56,quantile,0.35,1.7777777777777777
2026-08-22,wk inc covid hosp,0,2026-08-22,56,quantile,0.4,2.111111111111111
2026-08-22,wk inc covid hosp,0,2026-08-22,56,quantile,0.45,2.2222222222222223
2026-08-22,wk inc covid hosp,0,2026-08-22,56,quantile,0.5,2.7777777777777777
2026-08-22,wk inc covid hosp,0,2026-08-22,56,quantile,0.55,2.7777777777777777
2026-08-22,wk inc covid hosp,0,2026-08-22,56,quantile,0.6,2.888888888888889
2026-08-22,wk inc covid hosp,0,2026-08-22,56,quantile,0.65,3.111111111111111
2026-08-22,wk inc covid hosp,0,2026-08-22,56,quantile,0.7,3.5555555555555554
2026-08-22,wk inc covid hosp,0,2026-08-22,56,quantile,0.75,4.0
2026-08-22,wk inc covid hosp,0,2026-08-22,56,quantile,0.8,4.111111111111111
2026-08-22,wk inc covid hosp,0,2026-08-22,56,quantile,0.85,4.888888888888889
2026-08-22,wk inc covid hosp,0,2026-08-22,56,quantile,0.9,6.0
2026-08-22,wk inc covid hosp,0,2026-08-22,56,quantile,0.95,7.888888888888889
2026-08-22,wk inc covid hosp,0,2026-08-22,56,quantile,0.975,11.777777777777779
2026-08-22,wk inc covid hosp,0,2026-08-22,56,quantile,0.99,16.0
2026-08-22,wk inc covid hosp,0,2026-08-22,72,quantile,0.01,23.555555555555557
2026-08-22,wk inc covid hosp,0,2026-08-22,72,quantile,0.025,29.216666666666665
2026-08-22,wk inc covid hosp,0,2026-08-22,72,quantile,0.05,34.666666666666664
2026-08-22,wk inc covid hosp,0,2026-08-22,72,quantile,0.1,41.333333333333336
2026-08-22,wk inc covid hosp,0,2026-08-22,72,quantile,0.15,47.22222222222222
2026-08-22,wk inc covid hosp,0,2026-08-22,72,quantile,0.2,52.888888888888886
2026-08-22,wk inc covid hosp,0,2026-08-22,72,quantile,0.25,56.55555555555556
2026-08-22,wk inc covid hosp,0,2026-08-22,72,quantile,0.3,59.888888888888886
2026-08-22,wk inc covid hosp,0,2026-08-22,72,quantile,0.35,63.62777777777777
2026-08-22,wk inc covid hosp,0,2026-08-22,72,quantile,0.4,67.22222222222223
2026-08-22,wk inc covid hosp,0,2026-08-22,72,quantile,0.45,70.55555555555556
2026-08-22,wk inc covid hosp,0,2026-08-22,72,quantile,0.5,73.66666666666667
2026-08-22,wk inc covid hosp,0,2026-08-22,72,quantile,0.55,75.77777777777777
2026-08-22,wk inc covid hosp,0,2026-08-22,72,quantile,0.6,78.77777777777777
2026-08-22,wk inc covid hosp,0,2026-08-22,72,quantile,0.65,82.0
2026-08-22,wk inc covid hosp,0,2026-08-22,72,quantile,0.7,85.11111111111111
2026-08-22,wk inc covid hosp,0,2026-08-22,72,quantile,0.75,90.22222222222223
2026-08-22,wk inc covid hosp,0,2026-08-22,72,quantile,0.8,97.13333333333334
2026-08-22,wk inc covid hosp,0,2026-08-22,72,quantile,0.85,103.77777777777777
2026-08-22,wk inc covid hosp,0,2026-08-22,72,quantile,0.9,114.55555555555556
2026-08-22,wk inc covid hosp,0,2026-08-22,72,quantile,0.95,128.66666666666666
2026-08-22,wk inc covid hosp,0,2026-08-22,72,quantile,0.975,141.58888888888885
2026-08-22,wk inc covid hosp,0,2026-08-22,72,quantile,0.99,171.9011111111111
2026-08-22,wk inc covid hosp,1,2026-08-29,01,quantile,0.01,25.33
2026-08-22,wk inc covid hosp,1,2026-08-29,01,quantile,0.025,30.555555555555557
2026-08-22,wk inc covid hosp,1,2026-08-29,01,quantile,0.05,35.88333333333333
2026-08-22,wk inc covid hosp,1,2026-08-29,01,quantile,0.1,42.666666666666664
2026-08-22,wk inc covid hosp,1,2026-08-29,01,quantile,0.15,49.111111111111114
2026-08-22,wk inc covid hosp,1,2026-08-29,01,quantile,0.2,54.55555555555556
2026-08-22,wk inc covid hosp,1,2026-08-29,01,quantile,0.25,58.77777777777778
2026-08-22,wk inc covid hosp,1,2026-08-29,01,quantile,0.3,62.44444444444444
2026-08-22,wk inc covid hosp,1,2026-08-29,01,quantile,0.35,65.33333333333333
2026-08-22,wk inc covid hosp,1,2026-08-29,01,quantile,0.4,68.66666666666667
2026-08-22,wk inc covid hosp,1,2026-08-29,01,quantile,0.45,71.0
2026-08-22,wk inc covid hosp,1,2026-08-29,01,quantile,0.5,73.55555555555556
2026-08-22,wk inc covid hosp,1,2026-08-29,01,quantile,0.55,75.55555555555556
2026-08-22,wk inc covid hosp,1,2026-08-29,01,quantile,0.6,78.22222222222223
2026-08-22,wk inc covid hosp,1,2026-08-29,01,quantile,0.65,80.92777777777778
2026-08-22,wk inc covid hosp,1,2026-08-29,01,quantile,0.7,84.58888888888889
2026-08-22,wk inc covid hosp,1,2026-08-29,01,quantile,0.75,88.44444444444444
2026-08-22,wk inc covid hosp,1,2026-08-29,01,quantile,0.8,92.22222222222223
2026-08-22,wk inc covid hosp,1,2026-08-29,01,quantile,0.85,97.46111111111111
2026-08-22,wk inc covid hosp,1,2026-08-29,01,quantile,0.9,107.22222222222223
2026-08-22,wk inc covid hosp,1,2026-08-29,01,quantile,0.95,123.33333333333333
2026-08-22,wk inc covid hosp,1,2026-08-29,01,quantile,0.975,139.45
2026-08-22,wk inc covid hosp,1,2026-08-29,01,quantile,0.99,162.33333333333334
2026-08-22,wk inc covid hosp,1,2026-08-29,02,quantile,0.01,0.2222222222222222
2026-08-22,wk inc covid hosp,1,2026-08-29,02,quantile,0.025,0.6666666666666666
2026-08-22,wk inc covid hosp,1,2026-08-29,02,quantile,0.05,1.1111111111111112
2026-08-22,wk inc covid hosp,1,2026-08-29,02,quantile,0.1,1.5555555555555556
2026-08-22,wk inc covid hosp,1,2026-08-29,02,quantile,0.15,2.0
2026-08-22,wk inc covid hosp,1,2026-08-29,02,quantile,0.2,2.4444444444444446
2026-08-22,wk inc covid hosp,1,2026-08-29,02,quantile,0.25,2.6666666666666665
2026-08-22,wk inc covid hosp,1,2026-08-29,02,quantile,0.3,3.2222222222222223
2026-08-22,wk inc covid hosp,1,2026-08-29,02,quantile,0.35,3.3333333333333335
2026-08-22,wk inc covid hosp,1,2026-08-29,02,quantile,0.4,3.5555555555555554
2026-08-22,wk inc covid hosp,1,2026-08-29,02,quantile,0.45,3.888888888888889
2026-08-22,wk inc covid hosp,1,2026-08-29,02,quantile,0.5,4.222222222222222
2026-08-22,wk inc covid hosp,1,2026-08-29,02,quantile,0.55,4.777777777777778
2026-08-22,wk inc covid hosp,1,2026-08-29,02,quantile,0.6,5.0
2026-08-22,wk inc covid hosp,1,2026-08-29,02,quantile,0.65,5.333333333333333
2026-08-22,wk inc covid hosp,1,2026-08-29,02,quantile,0.7,6.0
2026-08-22,wk inc covid hosp,1,2026-08-29,02,quantile,0.75,6.444444444444445
2026-08-22,wk inc covid hosp,1,2026-08-29,02,quantile,0.8,7.222222222222222
2026-08-22,wk inc covid hosp,1,2026-08-29,02,quantile,0.85,8.666666666666666
2026-08-22,wk inc covid hosp,1,2026-08-29,02,quantile,0.9,10.222222222222221
2026-08-22,wk inc covid hosp,1,2026-08-29,02,quantile,0.95,13.666666666666666
2026-08-22,wk inc covid hosp,1,2026-08-29,02,quantile,0.975,17.77777777777778
2026-08-22,wk inc covid hosp,1,2026-08-29,02,quantile,0.99,26.11111111111111
2026-08-22,wk inc covid hosp,1,2026-08-29,04,quantile,0.01,19.221111111111114
2026-08-22,wk inc covid hosp,1,2026-08-29,04,quantile,0.025,23.275
2026-08-22,wk inc covid hosp,1,2026-08-29,04,quantile,0.05,28.11111111111111
2026-08-22,wk inc covid hosp,1,2026-08-29,04,quantile,0.1,34.544444444444444
2026-08-22,wk inc covid hosp,1,2026-08-29,04,quantile,0.15,40.44444444444444
2026-08-22,wk inc covid hosp,1,2026-08-29,04,quantile,0.2,43.77777777777778
2026-08-22,wk inc covid hosp,1,2026-08-29,04,quantile,0.25,45.666666666666664
2026-08-22,wk inc covid hosp,1,2026-08-29,04,quantile,0.3,47.55555555555556
2026-08-22,wk inc covid hosp,1,2026-08-29,04,quantile,0.35,48.96111111111111
2026-08-22,wk inc covid hosp,1,2026-08-29,04,quantile,0.4,50.55555555555556
2026-08-22,wk inc covid hosp,1,2026-08-29,04,quantile,0.45,52.333333333333336
2026-08-22,wk inc covid hosp,1,2026-08-29,04,quantile,0.5,54.666666666666664
2026-08-22,wk inc covid hosp,1,2026-08-29,04,quantile,0.55,55.888888888888886
2026-08-22,wk inc covid hosp,1,2026-08-29,04,quantile,0.6,58.666666666666664
2026-08-22,wk inc covid hosp,1,2026-08-29,04,quantile,0.65,60.666666666666664
2026-08-22,wk inc covid hosp,1,2026-08-29,04,quantile,0.7,62.77777777777778
2026-08-22,wk inc covid hosp,1,2026-08-29,04,quantile,0.75,65.44444444444444
2026-08-22,wk inc covid hosp,1,2026-08-29,04,quantile,0.8,68.24444444444445
2026-08-22,wk inc covid hosp,1,2026-08-29,04,quantile,0.85,72.01666666666667
2026-08-22,wk inc covid hosp,1,2026-08-29,04,quantile,0.9,79.01111111111112
2026-08-22,wk inc covid hosp,1,2026-08-29,04,quantile,0.95,89.22777777777777
2026-08-22,wk inc covid hosp,1,2026-08-29,04,quantile,0.975,104.33888888888889
2026-08-22,wk inc covid hosp,1,2026-08-29,04,quantile,0.99,136.01
2026-08-22,wk inc covid hosp,1,2026-08-29,05,quantile,0.01,3.5555555555555554
2026-08-22,wk inc covid hosp,1,2026-08-29,05,quantile,0.025,5.555555555555555
2026-08-22,wk inc covid hosp,1,2026-08-29,05,quantile,0.05,6.661111111111111
2026-08-22,wk inc covid hosp,1,2026-08-29,05,quantile,0.1,8.333333333333334
2026-08-22,wk inc covid hosp,1,2026-08-29,05,quantile,0.15,9.777777777777779
2026-08-22,wk inc covid hosp,1,2026-08-29,05,quantile,0.2,11.0
2026-08-22,wk inc covid hosp,1,2026-08-29,05,quantile,0.25,12.11111111111111
2026-08-22,wk inc covid hosp,1,2026-08-29,05,quantile,0.3,13.333333333333334
2026-08-22,wk inc covid hosp,1,2026-08-29,05,quantile,0.35,14.0
2026-08-22,wk inc covid hosp,1,2026-08-29,05,quantile,0.4,15.0
2026-08-22,wk inc covid hosp,1,2026-08-29,05,quantile,0.45,15.555555555555555
2026-08-22,wk inc covid hosp,1,2026-08-29,05,quantile,0.5,16.666666666666668
2026-08-22,wk inc covid hosp,1,2026-08-29,05,quantile,0.55,17.88888888888889
2026-08-22,wk inc covid hosp,1,2026-08-29,05,quantile,0.6,18.88888888888889
2026-08-22,wk inc covid hosp,1,2026-08-29,05,quantile,0.65,20.0
2026-08-22,wk inc covid hosp,1,2026-08-29,05,quantile,0.7,21.0
2026-08-22,wk inc covid hosp,1,2026-08-29,05,quantile,0.75,22.333333333333332
2026-08-22,wk inc covid hosp,1,2026-08-29,05,quantile,0.8,24.11111111111111
2026-08-22,wk inc covid hosp,1,2026-08-29,05,quantile,0.85,26.333333333333332
2026-08-22,wk inc covid hosp,1,2026-08-29,05,quantile,0.9,29.555555555555557
2026-08-22,wk inc covid hosp,1,2026-08-29,05,quantile,0.95,35.33888888888888
2026-08-22,wk inc covid hosp,1,2026-08-29,05,quantile,0.975,42.77777777777778
2026-08-22,wk inc covid hosp,1,2026-08-29,05,quantile,0.99,57.44444444444444
2026-08-22,wk inc covid hosp,1,2026-08-29,06,quantile,0.01,206.3
2026-08-22,wk inc covid hosp,1,2026-08-29,06,quantile,0.025,241.82500000000002
2026-08-22,wk inc covid hosp,1,2026-08-29,06,quantile,0.05,275.21666666666664
2026-08-22,wk inc covid hosp,1,2026-08-29,06,quantile,0.1,306.6666666666667
2026-08-22,wk inc covid hosp,1,2026-08-29,06,quantile,0.15,348.7444444444444
2026-08-22,wk inc covid hosp,1,2026-08-29,06,quantile,0.2,369.31111111111113
2026-08-22,wk inc covid hosp,1,2026-08-29,06,quantile,0.25,389.44444444444446
2026-08-22,wk inc covid hosp,1,2026-08-29,06,quantile,0.3,403.8888888888889
2026-08-22,wk inc covid hosp,1,2026-08-29,06,quantile,0.35,416.40555555555557
2026-08-22,wk inc covid hosp,1,2026-08-29,06,quantile,0.4,429.6222222222222
2026-08-22,wk inc covid hosp,1,2026-08-29,06,quantile,0.45,438.44444444444446
2026-08-22,wk inc covid hosp,1,2026-08-29,06,quantile,0.5,448.44444444444446
2026-08-22,wk inc covid hosp,1,2026-08-29,06,quantile,0.55,457.04999999999995
2026-08-22,wk inc covid hosp,1,2026-08-29,06,quantile,0.6,469.55555555555554
2026-08-22,wk inc covid hosp,1,2026-08-29,06,quantile,0.65,479.44444444444446
2026-08-22,wk inc covid hosp,1,2026-08-29,06,quantile,0.7,492.5888888888889
2026-08-22,wk inc covid hosp,1,2026-08-29,06,quantile,0.75,508.77777777777777
2026-08-22,wk inc covid hosp,1,2026-08-29,06,quantile,0.8,524.5333333333333
2026-08-22,wk inc covid hosp,1,2026-08-29,06,quantile,0.85,549.0333333333333
2026-08-22,wk inc covid hosp,1,2026-08-29,06,quantile,0.9,589.8
2026-08-22,wk inc covid hosp,1,2026-08-29,06,quantile,0.95,643.5555555555555
2026-08-22,wk inc covid hosp,1,2026-08-29,06,quantile,0.975,726.4527777777778
2026-08-22,wk inc covid hosp,1,2026-08-29,06,quantile,0.99,873.3633333333332
2026-08-22,wk inc covid hosp,1,2026-08-29,08,quantile,0.01,4.333333333333333
2026-08-22,wk inc covid hosp,1,2026-08-29,08,quantile,0.025,6.0
2026-08-22,wk inc covid hosp,1,2026-08-29,08,quantile,0.05,7.777777777777778
2026-08-22,wk inc covid hosp,1,2026-08-29,08,quantile,0.1,9.666666666666666
2026-08-22,wk inc covid hosp,1,2026-08-29,08,quantile,0.15,11.555555555555555
2026-08-22,wk inc covid hosp,1,2026-08-29,08,quantile,0.2,12.866666666666667
2026-08-22,wk inc covid hosp,1,2026-08-29,08,quantile,0.25,14.222222222222221
2026-08-22,wk inc covid hosp,1,2026-08-29,08,quantile,0.3,15.333333333333334
2026-08-22,wk inc covid hosp,1,2026-08-29,08,quantile,0.35,16.555555555555557
2026-08-22,wk inc covid hosp,1,2026-08-29,08,quantile,0.4,17.22222222222222
2026-08-22,wk inc covid hosp,1,2026-08-29,08,quantile,0.45,18.11111111111111
2026-08-22,wk inc covid hosp,1,2026-08-29,08,quantile,0.5,19.11111111111111
2026-08-22,wk inc covid hosp,1,2026-08-29,08,quantile,0.55,20.22222222222222
2026-08-22,wk inc covid hosp,1,2026-08-29,08,quantile,0.6,21.11111111111111
2026-08-22,wk inc covid hosp,1,2026-08-29,08,quantile,0.65,22.0
2026-08-22,wk inc covid hosp,1,2026-08-29,08,quantile,0.7,23.444444444444443
2026-08-22,wk inc covid hosp,1,2026-08-29,08,quantile,0.75,25.0
2026-08-22,wk inc covid hosp,1,2026-08-29,08,quantile,0.8,27.22222222222222
2026-08-22,wk inc covid hosp,1,2026-08-29,08,quantile,0.85,30.238888888888887
2026-08-22,wk inc covid hosp,1,2026-08-29,08,quantile,0.9,34.44444444444444
2026-08-22,wk inc covid hosp,1,2026-08-29,08,quantile,0.95,41.333333333333336
2026-08-22,wk inc covid hosp,1,2026-08-29,08,quantile,0.975,52.169444444444444
2026-08-22,wk inc covid hosp,1,2026-08-29,08,quantile,0.99,76.22222222222223
2026-08-22,wk inc covid hosp,1,2026-08-29,09,quantile,0.01,1.7777777777777777
2026-08-22,wk inc covid hosp,1,2026-08-29,09,quantile,0.025,3.0
2026-08-22,wk inc covid hosp,1,2026-08-29,09,quantile,0.05,3.7777777777777777
2026-08-22,wk inc covid hosp,1,2026-08-29,09,quantile,0.1,4.888888888888889
2026-08-22,wk inc covid hosp,1,2026-08-29,09,quantile,0.15,6.111111111111111
2026-08-22,wk inc covid hosp,1,2026-08-29,09,quantile,0.2,6.888888888888889
2026-08-22,wk inc covid hosp,1,2026-08-29,09,quantile,0.25,7.777777777777778
2026-08-22,wk inc covid hosp,1,2026-08-29,09,quantile,0.3,8.077777777777776
2026-08-22,wk inc covid hosp,1,2026-08-29,09,quantile,0.35,8.777777777777779
2026-08-22,wk inc covid hosp,1,2026-08-29,09,quantile,0.4,9.555555555555555
2026-08-22,wk inc covid hosp,1,2026-08-29,09,quantile,0.45,10.222222222222221
2026-08-22,wk inc covid hosp,1,2026-08-29,09,quantile,0.5,11.11111111111111
2026-08-22,wk inc covid hosp,1,2026-08-29,09,quantile,0.55,11.777777777777779
2026-08-22,wk inc covid hosp,1,2026-08-29,09,quantile,0.6,12.555555555555555
2026-08-22,wk inc covid hosp,1,2026-08-29,09,quantile,0.65,13.444444444444445
2026-08-22,wk inc covid hosp,1,2026-08-29,09,quantile,0.7,14.11111111111111
2026-08-22,wk inc covid hosp,1,2026-08-29,09,quantile,0.75,15.555555555555555
2026-08-22,wk inc covid hosp,1,2026-08-29,09,quantile,0.8,17.0
2026-08-22,wk inc covid hosp,1,2026-08-29,09,quantile,0.85,18.68333333333333
2026-08-22,wk inc covid hosp,1,2026-08-29,09,quantile,0.9,21.555555555555557
2026-08-22,wk inc covid hosp,1,2026-08-29,09,quantile,0.95,26.555555555555557
2026-08-22,wk inc covid hosp,1,2026-08-29,09,quantile,0.975,34.22222222222222
2026-08-22,wk inc covid hosp,1,2026-08-29,09,quantile,0.99,51.66888888888889
2026-08-22,wk inc covid hosp,1,2026-08-29,10,quantile,0.01,0.1111111111111111
2026-08-22,wk inc covid hosp,1,2026-08-29,10,quantile,0.025,0.2222222222222222
2026-08-22,wk inc covid hosp,1,2026-08-29,10,quantile,0.05,0.4444444444444444
2026-08-22,wk inc covid hosp,1,2026-08-29,10,quantile,0.1,0.8888888888888888
2026-08-22,wk inc covid hosp,1,2026-08-29,10,quantile,0.15,1.4444444444444444
2026-08-22,wk inc covid hosp,1,2026-08-29,10,quantile,0.2,1.8888888888888888
2026-08-22,wk inc covid hosp,1,2026-08-29,10,quantile,0.25,2.2222222222222223
2026-08-22,wk inc covid hosp,1,2026-08-29,10,quantile,0.3,2.2222222222222223
2026-08-22,wk inc covid hosp,1,2026-08-29,10,quantile,0.35,2.6666666666666665
2026-08-22,wk inc covid hosp,1,2026-08-29,10,quantile,0.4,2.888888888888889
2026-08-22,wk inc covid hosp,1,2026-08-29,10,quantile,0.45,3.2222222222222223
2026-08-22,wk inc covid hosp,1,2026-08-29,10,quantile,0.5,3.4444444444444446
2026-08-22,wk inc covid hosp,1,2026-08-29,10,quantile,0.55,3.7777777777777777
2026-08-22,wk inc covid hosp,1,2026-08-29,10,quantile,0.6,4.0
2026-08-22,wk inc covid hosp,1,2026-08-29,10,quantile,0.65,4.777777777777778
2026-08-22,wk inc covid hosp,1,2026-08-29,10,quantile,0.7,5.4777777777777725
2026-08-22,wk inc covid hosp,1,2026-08-29,10,quantile,0.75,6.111111111111111
2026-08-22,wk inc covid hosp,1,2026-08-29,10,quantile,0.8,6.888888888888889
2026-08-22,wk inc covid hosp,1,2026-08-29,10,quantile,0.85,7.888888888888889
2026-08-22,wk inc covid hosp,1,2026-08-29,10,quantile,0.9,10.222222222222221
2026-08-22,wk inc covid hosp,1,2026-08-29,10,quantile,0.95,13.666666666666666
2026-08-22,wk inc covid hosp,1,2026-08-29,10,quantile,0.975,18.333333333333332
2026-08-22,wk inc covid hosp,1,2026-08-29,10,quantile,0.99,27.778888888888886
2026-08-22,wk inc covid hosp,1,2026-08-29,11,quantile,0.01,0.5555555555555556
2026-08-22,wk inc covid hosp,1,2026-08-29,11,quantile,0.025,0.8888888888888888
2026-08-22,wk inc covid hosp,1,2026-08-29,11,quantile,0.05,1.3333333333333333
2026-08-22,wk inc covid hosp,1,2026-08-29,11,quantile,0.1,2.111111111111111
2026-08-22,wk inc covid hosp,1,2026-08-29,11,quantile,0.15,2.7777777777777777
2026-08-22,wk inc covid hosp,1,2026-08-29,11,quantile,0.2,3.6666666666666665
2026-08-22,wk inc covid hosp,1,2026-08-29,11,quantile,0.25,4.111111111111111
2026-08-22,wk inc covid hosp,1,2026-08-29,11,quantile,0.3,4.333333333333333
2026-08-22,wk inc covid hosp,1,2026-08-29,11,quantile,0.35,4.777777777777778
2026-08-22,wk inc covid hosp,1,2026-08-29,11,quantile,0.4,5.111111111111111
2026-08-22,wk inc covid hosp,1,2026-08-29,11,quantile,0.45,5.666666666666667
2026-08-22,wk inc covid hosp,1,2026-08-29,11,quantile,0.5,6.0
2026-08-22,wk inc covid hosp,1,2026-08-29,11,quantile,0.55,6.333333333333333
2026-08-22,wk inc covid hosp,1,2026-08-29,11,quantile,0.6,6.888888888888889
2026-08-22,wk inc covid hosp,1,2026-08-29,11,quantile,0.65,7.444444444444445
2026-08-22,wk inc covid hosp,1,2026-08-29,11,quantile,0.7,8.0
2026-08-22,wk inc covid hosp,1,2026-08-29,11,quantile,0.75,8.777777777777779
2026-08-22,wk inc covid hosp,1,2026-08-29,11,quantile,0.8,9.88888888888889
2026-08-22,wk inc covid hosp,1,2026-08-29,11,quantile,0.85,11.0
2026-08-22,wk inc covid hosp,1,2026-08-29,11,quantile,0.9,13.222222222222221
2026-08-22,wk inc covid hosp,1,2026-08-29,11,quantile,0.95,17.333333333333332
2026-08-22,wk inc covid hosp,1,2026-08-29,11,quantile,0.975,21.22222222222222
2026-08-22,wk inc covid hosp,1,2026-08-29,11,quantile,0.99,28.223333333333333
2026-08-22,wk inc covid hosp,1,2026-08-29,12,quantile,0.01,145.6288888888889
2026-08-22,wk inc covid hosp,1,2026-08-29,12,quantile,0.025,172.64999999999998
2026-08-22,wk inc covid hosp,1,2026-08-29,12,quantile,0.05,204.21666666666667
2026-08-22,wk inc covid hosp,1,2026-08-29,12,quantile,0.1,230.0
2026-08-22,wk inc covid hosp,1,2026-08-29,12,quantile,0.15,257.22222222222223
2026-08-22,wk inc covid hosp,1,2026-08-29,12,quantile,0.2,277.3333333333333
2026-08-22,wk inc covid hosp,1,2026-08-29,12,quantile,0.25,294.19444444444446
2026-08-22,wk inc covid hosp,1,2026-08-29,12,quantile,0.3,308.5222222222222
2026-08-22,wk inc covid hosp,1,2026-08-29,12,quantile,0.35,325.22222222222223
2026-08-22,wk inc covid hosp,1,2026-08-29,12,quantile,0.4,337.2888888888889
2026-08-22,wk inc covid hosp,1,2026-08-29,12,quantile,0.45,345.77777777777777
2026-08-22,wk inc covid hosp,1,2026-08-29,12,quantile,0.5,353.77777777777777
2026-08-22,wk inc covid hosp,1,2026-08-29,12,quantile,0.55,364.2722222222222
2026-08-22,wk inc covid hosp,1,2026-08-29,12,quantile,0.6,373.7111111111111
2026-08-22,wk inc covid hosp,1,2026-08-29,12,quantile,0.65,383.15
2026-08-22,wk inc covid hosp,1,2026-08-29,12,quantile,0.7,396.03333333333336
2026-08-22,wk inc covid hosp,1,2026-08-29,12,quantile,0.75,414.1111111111111
2026-08-22,wk inc covid hosp,1,2026-08-29,12,quantile,0.8,432.46666666666664
2026-08-22,wk inc covid hosp,1,2026-08-29,12,quantile,0.85,460.22222222222223
2026-08-22,wk inc covid hosp,1,2026-08-29,12,quantile,0.9,498.0
2026-08-22,wk inc covid hosp,1,2026-08-29,12,quantile,0.95,579.9222222222221
2026-08-22,wk inc covid hosp,1,2026-08-29,12,quantile,0.975,652.9444444444445
2026-08-22,wk inc covid hosp,1,2026-08-29,12,quantile,0.99,765.8888888888889
2026-08-22,wk inc covid hosp,1,2026-08-29,13,quantile,0.01,35.88666666666667
2026-08-22,wk inc covid hosp,1,2026-08-29,13,quantile,0.025,45.05277777777778
2026-08-22,wk inc covid hosp,1,2026-08-29,13,quantile,0.05,52.87777777777777
2026-08-22,wk inc covid hosp,1,2026-08-29,13,quantile,0.1,62.43333333333333
2026-08-22,wk inc covid hosp,1,2026-08-29,13,quantile,0.15,69.44444444444444
2026-08-22,wk inc covid hosp,1,2026-08-29,13,quantile,0.2,76.0
2026-08-22,wk inc covid hosp,1,2026-08-29,13,quantile,0.25,79.55555555555556
2026-08-22,wk inc covid hosp,1,2026-08-29,13,quantile,0.3,82.11111111111111
2026-08-22,wk inc covid hosp,1,2026-08-29,13,quantile,0.35,84.66666666666667
2026-08-22,wk inc covid hosp,1,2026-08-29,13,quantile,0.4,88.0
2026-08-22,wk inc covid hosp,1,2026-08-29,13,quantile,0.45,91.66666666666667
2026-08-22,wk inc covid hosp,1,2026-08-29,13,quantile,0.5,95.0
2026-08-22,wk inc covid hosp,1,2026-08-29,13,quantile,0.55,98.44444444444444
2026-08-22,wk inc covid hosp,1,2026-08-29,13,quantile,0.6,101.88888888888889
2026-08-22,wk inc covid hosp,1,2026-08-29,13,quantile,0.65,105.88888888888889
2026-08-22,wk inc covid hosp,1,2026-08-29,13,quantile,0.7,110.33333333333333
2026-08-22,wk inc covid hosp,1,2026-08-29,13,quantile,0.75,117.0
2026-08-22,wk inc covid hosp,1,2026-08-29,13,quantile,0.8,122.0
2026-08-22,wk inc covid hosp,1,2026-08-29,13,quantile,0.85,129.66666666666666
2026-08-22,wk inc covid hosp,1,2026-08-29,13,quantile,0.9,142.55555555555554
2026-08-22,wk inc covid hosp,1,2026-08-29,13,quantile,0.95,171.89999999999998
2026-08-22,wk inc covid hosp,1,2026-08-29,13,quantile,0.975,204.23333333333332
2026-08-22,wk inc covid hosp,1,2026-08-29,13,quantile,0.99,258.0122222222222
2026-08-22,wk inc covid hosp,1,2026-08-29,15,quantile,0.01,6.333333333333333
2026-08-22,wk inc covid hosp,1,2026-08-29,15,quantile,0.025,7.719444444444444
2026-08-22,wk inc covid hosp,1,2026-08-29,15,quantile,0.05,9.666666666666666
2026-08-22,wk inc covid hosp,1,2026-08-29,15,quantile,0.1,11.666666666666666
2026-08-22,wk inc covid hosp,1,2026-08-29,15,quantile,0.15,13.555555555555555
2026-08-22,wk inc covid hosp,1,2026-08-29,15,quantile,0.2,15.222222222222221
2026-08-22,wk inc covid hosp,1,2026-08-29,15,quantile,0.25,16.666666666666668
2026-08-22,wk inc covid hosp,1,2026-08-29,15,quantile,0.3,17.77777777777778
2026-08-22,wk inc covid hosp,1,2026-08-29,15,quantile,0.35,19.0
2026-08-22,wk inc covid hosp,1,2026-08-29,15,quantile,0.4,20.0
2026-08-22,wk inc covid hosp,1,2026-08-29,15,quantile,0.45,21.22222222222222
2026-08-22,wk inc covid hosp,1,2026-08-29,15,quantile,0.5,22.11111111111111
2026-08-22,wk inc covid hosp,1,2026-08-29,15,quantile,0.55,23.0
2026-08-22,wk inc covid hosp,1,2026-08-29,15,quantile,0.6,24.11111111111111
2026-08-22,wk inc covid hosp,1,2026-08-29,15,quantile,0.65,25.444444444444443
2026-08-22,wk inc covid hosp,1,2026-08-29,15,quantile,0.7,26.77777777777778
2026-08-22,wk inc covid hosp,1,2026-08-29,15,quantile,0.75,28.333333333333332
2026-08-22,wk inc covid hosp,1,2026-08-29,15,quantile,0.8,30.555555555555557
2026-08-22,wk inc covid hosp,1,2026-08-29,15,quantile,0.85,33.22222222222222
2026-08-22,wk inc covid hosp,1,2026-08-29,15,quantile,0.9,37.888888888888886
2026-08-22,wk inc covid hosp,1,2026-08-29,15,quantile,0.95,47.55555555555556
2026-08-22,wk inc covid hosp,1,2026-08-29,15,quantile,0.975,57.169444444444444
2026-08-22,wk inc covid hosp,1,2026-08-29,15,quantile,0.99,76.00333333333333
2026-08-22,wk inc covid hosp,1,2026-08-29,16,quantile,0.01,0.2222222222222222
2026-08-22,wk inc covid hosp,1,2026-08-29,16,quantile,0.025,0.5555555555555556
2026-08-22,wk inc covid hosp,1,2026-08-29,16,quantile,0.05,0.8888888888888888
2026-08-22,wk inc covid hosp,1,2026-08-29,16,quantile,0.1,1.3333333333333333
2026-08-22,wk inc covid hosp,1,2026-08-29,16,quantile,0.15,2.111111111111111
2026-08-22,wk inc covid hosp,1,2026-08-29,16,quantile,0.2,2.5555555555555554
2026-08-22,wk inc covid hosp,1,2026-08-29,16,quantile,0.25,2.888888888888889
2026-08-22,wk inc covid hosp,1,2026-08-29,16,quantile,0.3,3.3333333333333335
2026-08-22,wk inc covid hosp,1,2026-08-29,16,quantile,0.35,3.888888888888889
2026-08-22,wk inc covid hosp,1,2026-08-29,16,quantile,0.4,4.333333333333333
2026-08-22,wk inc covid hosp,1,2026-08-29,16,quantile,0.45,4.888888888888889
2026-08-22,wk inc covid hosp,1,2026-08-29,16,quantile,0.5,5.666666666666667
2026-08-22,wk inc covid hosp,1,2026-08-29,16,quantile,0.55,6.222222222222222
2026-08-22,wk inc covid hosp,1,2026-08-29,16,quantile,0.6,6.666666666666667
2026-08-22,wk inc covid hosp,1,2026-08-29,16,quantile,0.65,7.333333333333333
2026-08-22,wk inc covid hosp,1,2026-08-29,16,quantile,0.7,8.11111111111111
2026-08-22,wk inc covid hosp,1,2026-08-29,16,quantile,0.75,9.333333333333334
2026-08-22,wk inc covid hosp,1,2026-08-29,16,quantile,0.8,10.555555555555555
2026-08-22,wk inc covid hosp,1,2026-08-29,16,quantile,0.85,12.555555555555555
2026-08-22,wk inc covid hosp,1,2026-08-29,16,quantile,0.9,15.555555555555555
2026-08-22,wk inc covid hosp,1,2026-08-29,16,quantile,0.95,20.783333333333328
2026-08-22,wk inc covid hosp,1,2026-08-29,16,quantile,0.975,29.94722222222222
2026-08-22,wk inc covid hosp,1,2026-08-29,16,quantile,0.99,44.22333333333333
2026-08-22,wk inc covid hosp,1,2026-08-29,17,quantile,0.01,12.444444444444445
2026-08-22,wk inc covid hosp,1,2026-08-29,17,quantile,0.025,18.444444444444443
2026-08-22,wk inc covid hosp,1,2026-08-29,17,quantile,0.05,22.11111111111111
2026-08-22,wk inc covid hosp,1,2026-08-29,17,quantile,0.1,27.444444444444443
2026-08-22,wk inc covid hosp,1,2026-08-29,17,quantile,0.15,33.22222222222222
2026-08-22,wk inc covid hosp,1,2026-08-29,17,quantile,0.2,36.44444444444444
2026-08-22,wk inc covid hosp,1,2026-08-29,17,quantile,0.25,38.666666666666664
2026-08-22,wk inc covid hosp,1,2026-08-29,17,quantile,0.3,42.22222222222222
2026-08-22,wk inc covid hosp,1,2026-08-29,17,quantile,0.35,44.0
2026-08-22,wk inc covid hosp,1,2026-08-29,17,quantile,0.4,46.0
2026-08-22,wk inc covid hosp,1,2026-08-29,17,quantile,0.45,47.888888888888886
2026-08-22,wk inc covid hosp,1,2026-08-29,17,quantile,0.5,51.0
2026-08-22,wk inc covid hosp,1,2026-08-29,17,quantile,0.55,53.0
2026-08-22,wk inc covid hosp,1,2026-08-29,17,quantile,0.6,55.266666666666666
2026-08-22,wk inc covid hosp,1,2026-08-29,17,quantile,0.65,57.888888888888886
2026-08-22,wk inc covid hosp,1,2026-08-29,17,quantile,0.7,60.666666666666664
2026-08-22,wk inc covid hosp,1,2026-08-29,17,quantile,0.75,64.77777777777777
2026-08-22,wk inc covid hosp,1,2026-08-29,17,quantile,0.8,69.33333333333333
2026-08-22,wk inc covid hosp,1,2026-08-29,17,quantile,0.85,74.46111111111111
2026-08-22,wk inc covid hosp,1,2026-08-29,17,quantile,0.9,81.66666666666667
2026-08-22,wk inc covid hosp,1,2026-08-29,17,quantile,0.95,94.33888888888889
2026-08-22,wk inc covid hosp,1,2026-08-29,17,quantile,0.975,115.33333333333333
2026-08-22,wk inc covid hosp,1,2026-08-29,17,quantile,0.99,160.0011111111111
2026-08-22,wk inc covid hosp,1,2026-08-29,18,quantile,0.01,6.777777777777778
2026-08-22,wk inc covid hosp,1,2026-08-29,18,quantile,0.025,9.555555555555555
2026-08-22,wk inc covid hosp,1,2026-08-29,18,quantile,0.05,12.222222222222221
2026-08-22,wk inc covid hosp,1,2026-08-29,18,quantile,0.1,16.77777777777778
2026-08-22,wk inc covid hosp,1,2026-08-29,18,quantile,0.15,20.0
2026-08-22,wk inc covid hosp,1,2026-08-29,18,quantile,0.2,22.555555555555557
2026-08-22,wk inc covid hosp,1,2026-08-29,18,quantile,0.25,24.0
2026-08-22,wk inc covid hosp,1,2026-08-29,18,quantile,0.3,25.333333333333332
2026-08-22,wk inc covid hosp,1,2026-08-29,18,quantile,0.35,26.333333333333332
2026-08-22,wk inc covid hosp,1,2026-08-29,18,quantile,0.4,27.88888888888889
2026-08-22,wk inc covid hosp,1,2026-08-29,18,quantile,0.45,29.22222222222222
2026-08-22,wk inc covid hosp,1,2026-08-29,18,quantile,0.5,30.666666666666668
2026-08-22,wk inc covid hosp,1,2026-08-29,18,quantile,0.55,32.22222222222222
2026-08-22,wk inc covid hosp,1,2026-08-29,18,quantile,0.6,33.888888888888886
2026-08-22,wk inc covid hosp,1,2026-08-29,18,quantile,0.65,35.22222222222222
2026-08-22,wk inc covid hosp,1,2026-08-29,18,quantile,0.7,37.333333333333336
2026-08-22,wk inc covid hosp,1,2026-08-29,18,quantile,0.75,40.111111111111114
2026-08-22,wk inc covid hosp,1,2026-08-29,18,quantile,0.8,43.22222222222222
2026-08-22,wk inc covid hosp,1,2026-08-29,18,quantile,0.85,46.888888888888886
2026-08-22,wk inc covid hosp,1,2026-08-29,18,quantile,0.9,52.01111111111111
2026-08-22,wk inc covid hosp,1,2026-08-29,18,quantile,0.95,61.0
2026-08-22,wk inc covid hosp,1,2026-08-29,18,quantile,0.975,75.50277777777778
2026-08-22,wk inc covid hosp,1,2026-08-29,18,quantile,0.99,102.55666666666667
2026-08-22,wk inc covid hosp,1,2026-08-29,19,quantile,0.01,0.8888888888888888
2026-08-22,wk inc covid hosp,1,2026-08-29,19,quantile,0.025,1.5555555555555556
2026-08-22,wk inc covid hosp,1,2026-08-29,19,quantile,0.05,2.0
2026-08-22,wk inc covid hosp,1,2026-08-29,19,quantile,0.1,2.3333333333333335
2026-08-22,wk inc covid hosp,1,2026-08-29,19,quantile,0.15,3.888888888888889
2026-08-22,wk inc covid hosp,1,2026-08-29,19,quantile,0.2,4.333333333333333
2026-08-22,wk inc covid hosp,1,2026-08-29,19,quantile,0.25,5.0
2026-08-22,wk inc covid hosp,1,2026-08-29,19,quantile,0.3,5.777777777777778
2026-08-22,wk inc covid hosp,1,2026-08-29,19,quantile,0.35,6.222222222222222
2026-08-22,wk inc covid hosp,1,2026-08-29,19,quantile,0.4,6.777777777777778
2026-08-22,wk inc covid hosp,1,2026-08-29,19,quantile,0.45,7.555555555555555
2026-08-22,wk inc covid hosp,1,2026-08-29,19,quantile,0.5,8.11111111111111
2026-08-22,wk inc covid hosp,1,2026-08-29,19,quantile,0.55,8.777777777777779
2026-08-22,wk inc covid hosp,1,2026-08-29,19,quantile,0.6,9.666666666666666
2026-08-22,wk inc covid hosp,1,2026-08-29,19,quantile,0.65,10.666666666666666
2026-08-22,wk inc covid hosp,1,2026-08-29,19,quantile,0.7,11.555555555555555
2026-08-22,wk inc covid hosp,1,2026-08-29,19,quantile,0.75,13.0
2026-08-22,wk inc covid hosp,1,2026-08-29,19,quantile,0.8,14.222222222222221
2026-08-22,wk inc covid hosp,1,2026-08-29,19,quantile,0.85,17.46111111111111
2026-08-22,wk inc covid hosp,1,2026-08-29,19,quantile,0.9,20.77777777777778
2026-08-22,wk inc covid hosp,1,2026-08-29,19,quantile,0.95,26.444444444444443
2026-08-22,wk inc covid hosp,1,2026-08-29,19,quantile,0.975,35.22222222222222
2026-08-22,wk inc covid hosp,1,2026-08-29,19,quantile,0.99,53.00333333333333
2026-08-22,wk inc covid hosp,1,2026-08-29,20,quantile,0.01,1.0
2026-08-22,wk inc covid hosp,1,2026-08-29,20,quantile,0.025,1.5555555555555556
2026-08-22,wk inc covid hosp,1,2026-08-29,20,quantile,0.05,2.4444444444444446
2026-08-22,wk inc covid hosp,1,2026-08-29,20,quantile,0.1,3.2222222222222223
2026-08-22,wk inc covid hosp,1,2026-08-29,20,quantile,0.15,4.222222222222222
2026-08-22,wk inc covid hosp,1,2026-08-29,20,quantile,0.2,5.0
2026-08-22,wk inc covid hosp,1,2026-08-29,20,quantile,0.25,5.777777777777778
2026-08-22,wk inc covid hosp,1,2026-08-29,20,quantile,0.3,6.222222222222222
2026-08-22,wk inc covid hosp,1,2026-08-29,20,quantile,0.35,6.777777777777778
2026-08-22,wk inc covid hosp,1,2026-08-29,20,quantile,0.4,7.666666666666667
2026-08-22,wk inc covid hosp,1,2026-08-29,20,quantile,0.45,8.11111111111111
2026-08-22,wk inc covid hosp,1,2026-08-29,20,quantile,0.5,9.11111111111111
2026-08-22,wk inc covid hosp,1,2026-08-29,20,quantile,0.55,9.777777777777779
2026-08-22,wk inc covid hosp,1,2026-08-29,20,quantile,0.6,10.555555555555555
2026-08-22,wk inc covid hosp,1,2026-08-29,20,quantile,0.65,11.333333333333334
2026-08-22,wk inc covid hosp,1,2026-08-29,20,quantile,0.7,12.222222222222221
2026-08-22,wk inc covid hosp,1,2026-08-29,20,quantile,0.75,13.583333333333334
2026-08-22,wk inc covid hosp,1,2026-08-29,20,quantile,0.8,15.577777777777783
2026-08-22,wk inc covid hosp,1,2026-08-29,20,quantile,0.85,17.444444444444443
2026-08-22,wk inc covid hosp,1,2026-08-29,20,quantile,0.9,20.88888888888889
2026-08-22,wk inc covid hosp,1,2026-08-29,20,quantile,0.95,26.22222222222222
2026-08-22,wk inc covid hosp,1,2026-08-29,20,quantile,0.975,35.55555555555556
2026-08-22,wk inc covid hosp,1,2026-08-29,20,quantile,0.99,51.89
2026-08-22,wk inc covid hosp,1,2026-08-29,21,quantile,0.01,5.0
2026-08-22,wk inc covid hosp,1,2026-08-29,21,quantile,0.025,6.608333333333333
2026-08-22,wk inc covid hosp,1,2026-08-29,21,quantile,0.05,8.88888888888889
2026-08-22,wk inc covid hosp,1,2026-08-29,21,quantile,0.1,12.11111111111111
2026-08-22,wk inc covid hosp,1,2026-08-29,21,quantile,0.15,14.444444444444445
2026-08-22,wk inc covid hosp,1,2026-08-29,21,quantile,0.2,16.11111111111111
2026-08-22,wk inc covid hosp,1,2026-08-29,21,quantile,0.25,17.333333333333332
2026-08-22,wk inc covid hosp,1,2026-08-29,21,quantile,0.3,18.22222222222222
2026-08-22,wk inc covid hosp,1,2026-08-29,21,quantile,0.35,19.22222222222222
2026-08-22,wk inc covid hosp,1,2026-08-29,21,quantile,0.4,20.333333333333332
2026-08-22,wk inc covid hosp,1,2026-08-29,21,quantile,0.45,21.444444444444443
2026-08-22,wk inc covid hosp,1,2026-08-29,21,quantile,0.5,23.0
2026-08-22,wk inc covid hosp,1,2026-08-29,21,quantile,0.55,23.88888888888889
2026-08-22,wk inc covid hosp,1,2026-08-29,21,quantile,0.6,25.555555555555557
2026-08-22,wk inc covid hosp,1,2026-08-29,21,quantile,0.65,27.88888888888889
2026-08-22,wk inc covid hosp,1,2026-08-29,21,quantile,0.7,29.555555555555557
2026-08-22,wk inc covid hosp,1,2026-08-29,21,quantile,0.75,31.444444444444443
2026-08-22,wk inc covid hosp,1,2026-08-29,21,quantile,0.8,34.55555555555556
2026-08-22,wk inc covid hosp,1,2026-08-29,21,quantile,0.85,38.888888888888886
2026-08-22,wk inc covid hosp,1,2026-08-29,21,quantile,0.9,44.333333333333336
2026-08-22,wk inc covid hosp,1,2026-08-29,21,quantile,0.95,54.77777777777778
2026-08-22,wk inc covid hosp,1,2026-08-29,21,quantile,0.975,71.725
2026-08-22,wk inc covid hosp,1,2026-08-29,21,quantile,0.99,96.89111111111112
2026-08-22,wk inc covid hosp,1,2026-08-29,22,quantile,0.01,19.44
2026-08-22,wk inc covid hosp,1,2026-08-29,22,quantile,0.025,24.88888888888889
2026-08-22,wk inc covid hosp,1,2026-08-29,22,quantile,0.05,29.333333333333332
2026-08-22,wk inc covid hosp,1,2026-08-29,22,quantile,0.1,34.55555555555556
2026-08-22,wk inc covid hosp,1,2026-08-29,22,quantile,0.15,39.0
2026-08-22,wk inc covid hosp,1,2026-08-29,22,quantile,0.2,42.77777777777778
2026-08-22,wk inc covid hosp,1,2026-08-29,22,quantile,0.25,46.0
2026-08-22,wk inc covid hosp,1,2026-08-29,22,quantile,0.3,48.333333333333336
2026-08-22,wk inc covid hosp,1,2026-08-29,22,quantile,0.35,49.888888888888886
2026-08-22,wk inc covid hosp,1,2026-08-29,22,quantile,0.4,52.333333333333336
2026-08-22,wk inc covid hosp,1,2026-08-29,22,quantile,0.45,54.06111111111111
2026-08-22,wk inc covid hosp,1,2026-08-29,22,quantile,0.5,55.888888888888886
2026-08-22,wk inc covid hosp,1,2026-08-29,22,quantile,0.55,57.44444444444444
2026-08-22,wk inc covid hosp,1,2026-08-29,22,quantile,0.6,59.666666666666664
2026-08-22,wk inc covid hosp,1,2026-08-29,22,quantile,0.65,62.111111111111114
2026-08-22,wk inc covid hosp,1,2026-08-29,22,quantile,0.7,65.33333333333333
2026-08-22,wk inc covid hosp,1,2026-08-29,22,quantile,0.75,68.33333333333333
2026-08-22,wk inc covid hosp,1,2026-08-29,22,quantile,0.8,70.88888888888889
2026-08-22,wk inc covid hosp,1,2026-08-29,22,quantile,0.85,77.11111111111111
2026-08-22,wk inc covid hosp,1,2026-08-29,22,quantile,0.9,84.56666666666666
2026-08-22,wk inc covid hosp,1,2026-08-29,22,quantile,0.95,99.11666666666666
2026-08-22,wk inc covid hosp,1,2026-08-29,22,quantile,0.975,119.94722222222224
2026-08-22,wk inc covid hosp,1,2026-08-29,22,quantile,0.99,142.22555555555556
2026-08-22,wk inc covid hosp,1,2026-08-29,23,quantile,0.01,0.0
2026-08-22,wk inc covid hosp,1,2026-08-29,23,quantile,0.025,0.1111111111111111
2026-08-22,wk inc covid hosp,1,2026-08-29,23,quantile,0.05,0.1111111111111111
2026-08-22,wk inc covid hosp,1,2026-08-29,23,quantile,0.1,0.3333333333333333
2026-08-22,wk inc covid hosp,1,2026-08-29,23,quantile,0.15,0.8888888888888888
2026-08-22,wk inc covid hosp,1,2026-08-29,23,quantile,0.2,1.2222222222222223
2026-08-22,wk inc covid hosp,1,2026-08-29,23,quantile,0.25,1.6666666666666667
2026-08-22,wk inc covid hosp,1,2026-08-29,23,quantile,0.3,1.6666666666666667
2026-08-22,wk inc covid hosp,1,2026-08-29,23,quantile,0.35,2.2222222222222223
2026-08-22,wk inc covid hosp,1,2026-08-29,23,quantile,0.4,2.5555555555555554
2026-08-22,wk inc covid hosp,1,2026-08-29,23,quantile,0.45,2.888888888888889
2026-08-22,wk inc covid hosp,1,2026-08-29,23,quantile,0.5,3.111111111111111
2026-08-22,wk inc covid hosp,1,2026-08-29,23,quantile,0.55,3.4444444444444446
2026-08-22,wk inc covid hosp,1,2026-08-29,23,quantile,0.6,4.111111111111111
2026-08-22,wk inc covid hosp,1,2026-08-29,23,quantile,0.65,4.444444444444445
2026-08-22,wk inc covid hosp,1,2026-08-29,23,quantile,0.7,5.111111111111111
2026-08-22,wk inc covid hosp,1,2026-08-29,23,quantile,0.75,6.111111111111111
2026-08-22,wk inc covid hosp,1,2026-08-29,23,quantile,0.8,7.0
2026-08-22,wk inc covid hosp,1,2026-08-29,23,quantile,0.85,8.777777777777779
2026-08-22,wk inc covid hosp,1,2026-08-29,23,quantile,0.9,11.555555555555555
2026-08-22,wk inc covid hosp,1,2026-08-29,23,quantile,0.95,15.783333333333328
2026-08-22,wk inc covid hosp,1,2026-08-29,23,quantile,0.975,20.94722222222222
2026-08-22,wk inc covid hosp,1,2026-08-29,23,quantile,0.99,33.111111111111114
2026-08-22,wk inc covid hosp,1,2026-08-29,24,quantile,0.01,3.3333333333333335
2026-08-22,wk inc covid hosp,1,2026-08-29,24,quantile,0.025,5.222222222222222
2026-08-22,wk inc covid hosp,1,2026-08-29,24,quantile,0.05,6.777777777777778
2026-08-22,wk inc covid hosp,1,2026-08-29,24,quantile,0.1,8.222222222222221
2026-08-22,wk inc covid hosp,1,2026-08-29,24,quantile,0.15,10.333333333333334
2026-08-22,wk inc covid hosp,1,2026-08-29,24,quantile,0.2,11.11111111111111
2026-08-22,wk inc covid hosp,1,2026-08-29,24,quantile,0.25,12.305555555555555
2026-08-22,wk inc covid hosp,1,2026-08-29,24,quantile,0.3,13.41111111111111
2026-08-22,wk inc covid hosp,1,2026-08-29,24,quantile,0.35,14.444444444444445
2026-08-22,wk inc covid hosp,1,2026-08-29,24,quantile,0.4,15.222222222222221
2026-08-22,wk inc covid hosp,1,2026-08-29,24,quantile,0.45,16.22222222222222
2026-08-22,wk inc covid hosp,1,2026-08-29,24,quantile,0.5,17.333333333333332
2026-08-22,wk inc covid hosp,1,2026-08-29,24,quantile,0.55,18.22222222222222
2026-08-22,wk inc covid hosp,1,2026-08-29,24,quantile,0.6,19.333333333333332
2026-08-22,wk inc covid hosp,1,2026-08-29,24,quantile,0.65,20.555555555555557
2026-08-22,wk inc covid hosp,1,2026-08-29,24,quantile,0.7,22.444444444444443
2026-08-22,wk inc covid hosp,1,2026-08-29,24,quantile,0.75,23.88888888888889
2026-08-22,wk inc covid hosp,1,2026-08-29,24,quantile,0.8,25.88888888888889
2026-08-22,wk inc covid hosp,1,2026-08-29,24,quantile,0.85,28.666666666666668
2026-08-22,wk inc covid hosp,1,2026-08-29,24,quantile,0.9,32.666666666666664
2026-08-22,wk inc covid hosp,1,2026-08-29,24,quantile,0.95,38.888888888888886
2026-08-22,wk inc covid hosp,1,2026-08-29,24,quantile,0.975,50.111111111111114
2026-08-22,wk inc covid hosp,1,2026-08-29,24,quantile,0.99,71.78
2026-08-22,wk inc covid hosp,1,2026-08-29,25,quantile,0.01,8.88888888888889
2026-08-22,wk inc covid hosp,1,2026-08-29,25,quantile,0.025,12.444444444444445
2026-08-22,wk inc covid hosp,1,2026-08-29,25,quantile,0.05,15.777777777777779
2026-08-22,wk inc covid hosp,1,2026-08-29,25,quantile,0.1,19.88888888888889
2026-08-22,wk inc covid hosp,1,2026-08-29,25,quantile,0.15,23.444444444444443
2026-08-22,wk inc covid hosp,1,2026-08-29,25,quantile,0.2,26.0
2026-08-22,wk inc covid hosp,1,2026-08-29,25,quantile,0.25,28.666666666666668
2026-08-22,wk inc covid hosp,1,2026-08-29,25,quantile,0.3,30.77777777777778
2026-08-22,wk inc covid hosp,1,2026-08-29,25,quantile,0.35,32.666666666666664
2026-08-22,wk inc covid hosp,1,2026-08-29,25,quantile,0.4,34.666666666666664
2026-08-22,wk inc covid hosp,1,2026-08-29,25,quantile,0.45,36.44444444444444
2026-08-22,wk inc covid hosp,1,2026-08-29,25,quantile,0.5,38.666666666666664
2026-08-22,wk inc covid hosp,1,2026-08-29,25,quantile,0.55,40.55555555555556
2026-08-22,wk inc covid hosp,1,2026-08-29,25,quantile,0.6,42.77777777777778
2026-08-22,wk inc covid hosp,1,2026-08-29,25,quantile,0.65,44.77777777777778
2026-08-22,wk inc covid hosp,1,2026-08-29,25,quantile,0.7,47.44444444444444
2026-08-22,wk inc covid hosp,1,2026-08-29,25,quantile,0.75,50.666666666666664
2026-08-22,wk inc covid hosp,1,2026-08-29,25,quantile,0.8,53.77777777777778
2026-08-22,wk inc covid hosp,1,2026-08-29,25,quantile,0.85,58.111111111111114
2026-08-22,wk inc covid hosp,1,2026-08-29,25,quantile,0.9,64.55555555555556
2026-08-22,wk inc covid hosp,1,2026-08-29,25,quantile,0.95,73.89444444444445
2026-08-22,wk inc covid hosp,1,2026-08-29,25,quantile,0.975,88.50277777777778
2026-08-22,wk inc covid hosp,1,2026-08-29,25,quantile,0.99,118.7811111111111
2026-08-22,wk inc covid hosp,1,2026-08-29,26,quantile,0.01,5.444444444444445
2026-08-22,wk inc covid hosp,1,2026-08-29,26,quantile,0.025,8.333333333333334
2026-08-22,wk inc covid hosp,1,2026-08-29,26,quantile,0.05,10.222222222222221
2026-08-22,wk inc covid hosp,1,2026-08-29,26,quantile,0.1,12.544444444444444
2026-08-22,wk inc covid hosp,1,2026-08-29,26,quantile,0.15,16.11111111111111
2026-08-22,wk inc covid hosp,1,2026-08-29,26,quantile,0.2,18.444444444444443
2026-08-22,wk inc covid hosp,1,2026-08-29,26,quantile,0.25,20.77777777777778
2026-08-22,wk inc covid hosp,1,2026-08-29,26,quantile,0.3,22.41111111111111
2026-08-22,wk inc covid hosp,1,2026-08-29,26,quantile,0.35,24.18333333333333
2026-08-22,wk inc covid hosp,1,2026-08-29,26,quantile,0.4,25.333333333333332
2026-08-22,wk inc covid hosp,1,2026-08-29,26,quantile,0.45,27.11111111111111
2026-08-22,wk inc covid hosp,1,2026-08-29,26,quantile,0.5,28.444444444444443
2026-08-22,wk inc covid hosp,1,2026-08-29,26,quantile,0.55,30.0
2026-08-22,wk inc covid hosp,1,2026-08-29,26,quantile,0.6,32.0
2026-08-22,wk inc covid hosp,1,2026-08-29,26,quantile,0.65,34.0
2026-08-22,wk inc covid hosp,1,2026-08-29,26,quantile,0.7,35.77777777777778
2026-08-22,wk inc covid hosp,1,2026-08-29,26,quantile,0.75,38.666666666666664
2026-08-22,wk inc covid hosp,1,2026-08-29,26,quantile,0.8,42.0
2026-08-22,wk inc covid hosp,1,2026-08-29,26,quantile,0.85,45.44444444444444
2026-08-22,wk inc covid hosp,1,2026-08-29,26,quantile,0.9,51.22222222222222
2026-08-22,wk inc covid hosp,1,2026-08-29,26,quantile,0.95,62.11666666666666
2026-08-22,wk inc covid hosp,1,2026-08-29,26,quantile,0.975,79.725
2026-08-22,wk inc covid hosp,1,2026-08-29,26,quantile,0.99,119.66666666666667
2026-08-22,wk inc covid hosp,1,2026-08-29,27,quantile,0.01,1.6666666666666667
2026-08-22,wk inc covid hosp,1,2026-08-29,27,quantile,0.025,2.6666666666666665
2026-08-22,wk inc covid hosp,1,2026-08-29,27,quantile,0.05,3.888888888888889
2026-08-22,wk inc covid hosp,1,2026-08-29,27,quantile,0.1,5.111111111111111
2026-08-22,wk inc covid hosp,1,2026-08-29,27,quantile,0.15,6.205555555555555
2026-08-22,wk inc covid hosp,1,2026-08-29,27,quantile,0.2,7.666666666666667
2026-08-22,wk inc covid hosp,1,2026-08-29,27,quantile,0.25,8.777777777777779
2026-08-22,wk inc covid hosp,1,2026-08-29,27,quantile,0.3,9.333333333333334
2026-08-22,wk inc covid hosp,1,2026-08-29,27,quantile,0.35,10.333333333333334
2026-08-22,wk inc covid hosp,1,2026-08-29,27,quantile,0.4,11.555555555555555
2026-08-22,wk inc covid hosp,1,2026-08-29,27,quantile,0.45,12.222222222222221
2026-08-22,wk inc covid hosp,1,2026-08-29,27,quantile,0.5,13.11111111111111
2026-08-22,wk inc covid hosp,1,2026-08-29,27,quantile,0.55,14.222222222222221
2026-08-22,wk inc covid hosp,1,2026-08-29,27,quantile,0.6,15.222222222222221
2026-08-22,wk inc covid hosp,1,2026-08-29,27,quantile,0.65,16.22222222222222
2026-08-22,wk inc covid hosp,1,2026-08-29,27,quantile,0.7,17.77777777777778
2026-08-22,wk inc covid hosp,1,2026-08-29,27,quantile,0.75,19.333333333333332
2026-08-22,wk inc covid hosp,1,2026-08-29,27,quantile,0.8,21.22222222222222
2026-08-22,wk inc covid hosp,1,2026-08-29,27,quantile,0.85,23.666666666666668
2026-08-22,wk inc covid hosp,1,2026-08-29,27,quantile,0.9,27.555555555555557
2026-08-22,wk inc covid hosp,1,2026-08-29,27,quantile,0.95,33.77777777777778
2026-08-22,wk inc covid hosp,1,2026-08-29,27,quantile,0.975,43.333333333333336
2026-08-22,wk inc covid hosp,1,2026-08-29,27,quantile,0.99,68.5611111111111
2026-08-22,wk inc covid hosp,1,2026-08-29,28,quantile,0.01,14.10888888888889
2026-08-22,wk inc covid hosp,1,2026-08-29,28,quantile,0.025,17.555555555555557
2026-08-22,wk inc covid hosp,1,2026-08-29,28,quantile,0.05,20.77777777777778
2026-08-22,wk inc covid hosp,1,2026-08-29,28,quantile,0.1,24.77777777777778
2026-08-22,wk inc covid hosp,1,2026-08-29,28,quantile,0.15,28.0
2026-08-22,wk inc covid hosp,1,2026-08-29,28,quantile,0.2,31.11111111111111
2026-08-22,wk inc covid hosp,1,2026-08-29,28,quantile,0.25,33.333333333333336
2026-08-22,wk inc covid hosp,1,2026-08-29,28,quantile,0.3,35.44444444444444
2026-08-22,wk inc covid hosp,1,2026-08-29,28,quantile,0.35,37.111111111111114
2026-08-22,wk inc covid hosp,1,2026-08-29,28,quantile,0.4,38.62222222222223
2026-08-22,wk inc covid hosp,1,2026-08-29,28,quantile,0.45,40.22222222222222
2026-08-22,wk inc covid hosp,1,2026-08-29,28,quantile,0.5,42.0
2026-08-22,wk inc covid hosp,1,2026-08-29,28,quantile,0.55,43.22222222222222
2026-08-22,wk inc covid hosp,1,2026-08-29,28,quantile,0.6,44.44444444444444
2026-08-22,wk inc covid hosp,1,2026-08-29,28,quantile,0.65,46.77777777777778
2026-08-22,wk inc covid hosp,1,2026-08-29,28,quantile,0.7,49.111111111111114
2026-08-22,wk inc covid hosp,1,2026-08-29,28,quantile,0.75,52.0
2026-08-22,wk inc covid hosp,1,2026-08-29,28,quantile,0.8,54.44444444444444
2026-08-22,wk inc covid hosp,1,2026-08-29,28,quantile,0.85,58.77777777777778
2026-08-22,wk inc covid hosp,1,2026-08-29,28,quantile,0.9,64.22222222222223
2026-08-22,wk inc covid hosp,1,2026-08-29,28,quantile,0.95,74.5611111111111
2026-08-22,wk inc covid hosp,1,2026-08-29,28,quantile,0.975,87.28055555555555
2026-08-22,wk inc covid hosp,1,2026-08-29,28,quantile,0.99,102.55666666666667
2026-08-22,wk inc covid hosp,1,2026-08-29,29,quantile,0.01,7.555555555555555
2026-08-22,wk inc covid hosp,1,2026-08-29,29,quantile,0.025,9.555555555555555
2026-08-22,wk inc covid hosp,1,2026-08-29,29,quantile,0.05,11.444444444444445
2026-08-22,wk inc covid hosp,1,2026-08-29,29,quantile,0.1,14.666666666666666
2026-08-22,wk inc covid hosp,1,2026-08-29,29,quantile,0.15,17.22222222222222
2026-08-22,wk inc covid hosp,1,2026-08-29,29,quantile,0.2,19.22222222222222
2026-08-22,wk inc covid hosp,1,2026-08-29,29,quantile,0.25,20.22222222222222
2026-08-22,wk inc covid hosp,1,2026-08-29,29,quantile,0.3,21.444444444444443
2026-08-22,wk inc covid hosp,1,2026-08-29,29,quantile,0.35,22.666666666666668
2026-08-22,wk inc covid hosp,1,2026-08-29,29,quantile,0.4,23.555555555555557
2026-08-22,wk inc covid hosp,1,2026-08-29,29,quantile,0.45,25.333333333333332
2026-08-22,wk inc covid hosp,1,2026-08-29,29,quantile,0.5,26.77777777777778
2026-08-22,wk inc covid hosp,1,2026-08-29,29,quantile,0.55,28.0
2026-08-22,wk inc covid hosp,1,2026-08-29,29,quantile,0.6,29.666666666666668
2026-08-22,wk inc covid hosp,1,2026-08-29,29,quantile,0.65,31.22222222222222
2026-08-22,wk inc covid hosp,1,2026-08-29,29,quantile,0.7,32.666666666666664
2026-08-22,wk inc covid hosp,1,2026-08-29,29,quantile,0.75,35.333333333333336
2026-08-22,wk inc covid hosp,1,2026-08-29,29,quantile,0.8,38.333333333333336
2026-08-22,wk inc covid hosp,1,2026-08-29,29,quantile,0.85,41.22222222222222
2026-08-22,wk inc covid hosp,1,2026-08-29,29,quantile,0.9,45.900000000000006
2026-08-22,wk inc covid hosp,1,2026-08-29,29,quantile,0.95,53.45555555555555
2026-08-22,wk inc covid hosp,1,2026-08-29,29,quantile,0.975,66.61388888888888
2026-08-22,wk inc covid hosp,1,2026-08-29,29,quantile,0.99,92.89333333333333
2026-08-22,wk inc covid hosp,1,2026-08-29,30,quantile,0.01,0.1111111111111111
2026-08-22,wk inc covid hosp,1,2026-08-29,30,quantile,0.025,0.1111111111111111
2026-08-22,wk inc covid hosp,1,2026-08-29,30,quantile,0.05,0.3333333333333333
2026-08-22,wk inc covid hosp,1,2026-08-29,30,quantile,0.1,0.6666666666666666
2026-08-22,wk inc covid hosp,1,2026-08-29,30,quantile,0.15,1.4444444444444444
2026-08-22,wk inc covid hosp,1,2026-08-29,30,quantile,0.2,2.0
2026-08-22,wk inc covid hosp,1,2026-08-29,30,quantile,0.25,2.3333333333333335
2026-08-22,wk inc covid hosp,1,2026-08-29,30,quantile,0.3,3.0
2026-08-22,wk inc covid hosp,1,2026-08-29,30,quantile,0.35,3.2222222222222223
2026-08-22,wk inc covid hosp,1,2026-08-29,30,quantile,0.4,3.6666666666666665
2026-08-22,wk inc covid hosp,1,2026-08-29,30,quantile,0.45,3.888888888888889
2026-08-22,wk inc covid hosp,1,2026-08-29,30,quantile,0.5,4.444444444444445
2026-08-22,wk inc covid hosp,1,2026-08-29,30,quantile,0.55,4.888888888888889
2026-08-22,wk inc covid hosp,1,2026-08-29,30,quantile,0.6,5.666666666666667
2026-08-22,wk inc covid hosp,1,2026-08-29,30,quantile,0.65,6.111111111111111
2026-08-22,wk inc covid hosp,1,2026-08-29,30,quantile,0.7,6.666666666666667
2026-08-22,wk inc covid hosp,1,2026-08-29,30,quantile,0.75,7.888888888888889
2026-08-22,wk inc covid hosp,1,2026-08-29,30,quantile,0.8,9.244444444444449
2026-08-22,wk inc covid hosp,1,2026-08-29,30,quantile,0.85,11.555555555555555
2026-08-22,wk inc covid hosp,1,2026-08-29,30,quantile,0.9,14.333333333333334
2026-08-22,wk inc covid hosp,1,2026-08-29,30,quantile,0.95,19.22222222222222
2026-08-22,wk inc covid hosp,1,2026-08-29,30,quantile,0.975,27.444444444444443
2026-08-22,wk inc covid hosp,1,2026-08-29,30,quantile,0.99,40.00111111111111
2026-08-22,wk inc covid hosp,1,2026-08-29,31,quantile,0.01,0.0
2026-08-22,wk inc covid hosp,1,2026-08-29,31,quantile,0.025,0.1111111111111111
2026-08-22,wk inc covid hosp,1,2026-08-29,31,quantile,0.05,0.3333333333333333
2026-08-22,wk inc covid hosp,1,2026-08-29,31,quantile,0.1,0.5555555555555556
2026-08-22,wk inc covid hosp,1,2026-08-29,31,quantile,0.15,1.4444444444444444
2026-08-22,wk inc covid hosp,1,2026-08-29,31,quantile,0.2,2.2222222222222223
2026-08-22,wk inc covid hosp,1,2026-08-29,31,quantile,0.25,2.6666666666666665
2026-08-22,wk inc covid hosp,1,2026-08-29,31,quantile,0.3,3.3333333333333335
2026-08-22,wk inc covid hosp,1,2026-08-29,31,quantile,0.35,3.4444444444444446
2026-08-22,wk inc covid hosp,1,2026-08-29,31,quantile,0.4,3.888888888888889
2026-08-22,wk inc covid hosp,1,2026-08-29,31,quantile,0.45,4.333333333333333
2026-08-22,wk inc covid hosp,1,2026-08-29,31,quantile,0.5,5.0
2026-08-22,wk inc covid hosp,1,2026-08-29,31,quantile,0.55,5.444444444444445
2026-08-22,wk inc covid hosp,1,2026-08-29,31,quantile,0.6,5.888888888888889
2026-08-22,wk inc covid hosp,1,2026-08-29,31,quantile,0.65,6.444444444444445
2026-08-22,wk inc covid hosp,1,2026-08-29,31,quantile,0.7,7.444444444444445
2026-08-22,wk inc covid hosp,1,2026-08-29,31,quantile,0.75,8.444444444444445
2026-08-22,wk inc covid hosp,1,2026-08-29,31,quantile,0.8,9.777777777777779
2026-08-22,wk inc covid hosp,1,2026-08-29,31,quantile,0.85,12.444444444444445
2026-08-22,wk inc covid hosp,1,2026-08-29,31,quantile,0.9,16.11111111111111
2026-08-22,wk inc covid hosp,1,2026-08-29,31,quantile,0.95,21.88888888888889
2026-08-22,wk inc covid hosp,1,2026-08-29,31,quantile,0.975,30.333333333333332
2026-08-22,wk inc covid hosp,1,2026-08-29,31,quantile,0.99,46.666666666666664
2026-08-22,wk inc covid hosp,1,2026-08-29,32,quantile,0.01,5.111111111111111
2026-08-22,wk inc covid hosp,1,2026-08-29,32,quantile,0.025,7.0
2026-08-22,wk inc covid hosp,1,2026-08-29,32,quantile,0.05,8.88888888888889
2026-08-22,wk inc covid hosp,1,2026-08-29,32,quantile,0.1,11.777777777777779
2026-08-22,wk inc covid hosp,1,2026-08-29,32,quantile,0.15,13.88888888888889
2026-08-22,wk inc covid hosp,1,2026-08-29,32,quantile,0.2,15.222222222222221
2026-08-22,wk inc covid hosp,1,2026-08-29,32,quantile,0.25,16.555555555555557
2026-08-22,wk inc covid hosp,1,2026-08-29,32,quantile,0.3,17.333333333333332
2026-08-22,wk inc covid hosp,1,2026-08-29,32,quantile,0.35,18.555555555555557
2026-08-22,wk inc covid hosp,1,2026-08-29,32,quantile,0.4,19.333333333333332
2026-08-22,wk inc covid hosp,1,2026-08-29,32,quantile,0.45,20.444444444444443
2026-08-22,wk inc covid hosp,1,2026-08-29,32,quantile,0.5,21.333333333333332
2026-08-22,wk inc covid hosp,1,2026-08-29,32,quantile,0.55,22.22222222222222
2026-08-22,wk inc covid hosp,1,2026-08-29,32,quantile,0.6,23.555555555555557
2026-08-22,wk inc covid hosp,1,2026-08-29,32,quantile,0.65,24.555555555555557
2026-08-22,wk inc covid hosp,1,2026-08-29,32,quantile,0.7,26.11111111111111
2026-08-22,wk inc covid hosp,1,2026-08-29,32,quantile,0.75,28.0
2026-08-22,wk inc covid hosp,1,2026-08-29,32,quantile,0.8,29.88888888888889
2026-08-22,wk inc covid hosp,1,2026-08-29,32,quantile,0.85,32.22222222222222
2026-08-22,wk inc covid hosp,1,2026-08-29,32,quantile,0.9,35.666666666666664
2026-08-22,wk inc covid hosp,1,2026-08-29,32,quantile,0.95,42.449999999999996
2026-08-22,wk inc covid hosp,1,2026-08-29,32,quantile,0.975,50.724999999999994
2026-08-22,wk inc covid hosp,1,2026-08-29,32,quantile,0.99,70.00222222222222
2026-08-22,wk inc covid hosp,1,2026-08-29,33,quantile,0.01,0.6666666666666666
2026-08-22,wk inc covid hosp,1,2026-08-29,33,quantile,0.025,1.2750000000000001
2026-08-22,wk inc covid hosp,1,2026-08-29,33,quantile,0.05,1.6666666666666667
2026-08-22,wk inc covid hosp,1,2026-08-29,33,quantile,0.1,2.5555555555555554
2026-08-22,wk inc covid hosp,1,2026-08-29,33,quantile,0.15,3.2222222222222223
2026-08-22,wk inc covid hosp,1,2026-08-29,33,quantile,0.2,4.222222222222222
2026-08-22,wk inc covid hosp,1,2026-08-29,33,quantile,0.25,4.555555555555555
2026-08-22,wk inc covid hosp,1,2026-08-29,33,quantile,0.3,5.0
2026-08-22,wk inc covid hosp,1,2026-08-29,33,quantile,0.35,5.555555555555555
2026-08-22,wk inc covid hosp,1,2026-08-29,33,quantile,0.4,5.888888888888889
2026-08-22,wk inc covid hosp,1,2026-08-29,33,quantile,0.45,6.444444444444445
2026-08-22,wk inc covid hosp,1,2026-08-29,33,quantile,0.5,6.888888888888889
2026-08-22,wk inc covid hosp,1,2026-08-29,33,quantile,0.55,7.777777777777778
2026-08-22,wk inc covid hosp,1,2026-08-29,33,quantile,0.6,8.333333333333334
2026-08-22,wk inc covid hosp,1,2026-08-29,33,quantile,0.65,9.11111111111111
2026-08-22,wk inc covid hosp,1,2026-08-29,33,quantile,0.7,10.11111111111111
2026-08-22,wk inc covid hosp,1,2026-08-29,33,quantile,0.75,10.88888888888889
2026-08-22,wk inc covid hosp,1,2026-08-29,33,quantile,0.8,12.222222222222221
2026-08-22,wk inc covid hosp,1,2026-08-29,33,quantile,0.85,13.777777777777779
2026-08-22,wk inc covid hosp,1,2026-08-29,33,quantile,0.9,16.0
2026-08-22,wk inc covid hosp,1,2026-08-29,33,quantile,0.95,19.672222222222217
2026-08-22,wk inc covid hosp,1,2026-08-29,33,quantile,0.975,24.28055555555555
2026-08-22,wk inc covid hosp,1,2026-08-29,33,quantile,0.99,35.00111111111111
2026-08-22,wk inc covid hosp,1,2026-08-29,34,quantile,0.01,19.444444444444443
2026-08-22,wk inc covid hosp,1,2026-08-29,34,quantile,0.025,27.38611111111111
2026-08-22,wk inc covid hosp,1,2026-08-29,34,quantile,0.05,31.333333333333332
2026-08-22,wk inc covid hosp,1,2026-08-29,34,quantile,0.1,38.333333333333336
2026-08-22,wk inc covid hosp,1,2026-08-29,34,quantile,0.15,45.0
2026-08-22,wk inc covid hosp,1,2026-08-29,34,quantile,0.2,49.333333333333336
2026-08-22,wk inc covid hosp,1,2026-08-29,34,quantile,0.25,52.333333333333336
2026-08-22,wk inc covid hosp,1,2026-08-29,34,quantile,0.3,54.55555555555556
2026-08-22,wk inc covid hosp,1,2026-08-29,34,quantile,0.35,56.333333333333336
2026-08-22,wk inc covid hosp,1,2026-08-29,34,quantile,0.4,58.333333333333336
2026-08-22,wk inc covid hosp,1,2026-08-29,34,quantile,0.45,60.888888888888886
2026-08-22,wk inc covid hosp,1,2026-08-29,34,quantile,0.5,63.44444444444444
2026-08-22,wk inc covid hosp,1,2026-08-29,34,quantile,0.55,64.77777777777777
2026-08-22,wk inc covid hosp,1,2026-08-29,34,quantile,0.6,67.22222222222223
2026-08-22,wk inc covid hosp,1,2026-08-29,34,quantile,0.65,69.11111111111111
2026-08-22,wk inc covid hosp,1,2026-08-29,34,quantile,0.7,72.11111111111111
2026-08-22,wk inc covid hosp,1,2026-08-29,34,quantile,0.75,75.77777777777777
2026-08-22,wk inc covid hosp,1,2026-08-29,34,quantile,0.8,79.0
2026-08-22,wk inc covid hosp,1,2026-08-29,34,quantile,0.85,83.57222222222222
2026-08-22,wk inc covid hosp,1,2026-08-29,34,quantile,0.9,89.56666666666666
2026-08-22,wk inc covid hosp,1,2026-08-29,34,quantile,0.95,102.22777777777777
2026-08-22,wk inc covid hosp,1,2026-08-29,34,quantile,0.975,118.16944444444445
2026-08-22,wk inc covid hosp,1,2026-08-29,34,quantile,0.99,151.23
2026-08-22,wk inc covid hosp,1,2026-08-29,35,quantile,0.01,0.6666666666666666
2026-08-22,wk inc covid hosp,1,2026-08-29,35,quantile,0.025,1.4444444444444444
2026-08-22,wk inc covid hosp,1,2026-08-29,35,quantile,0.05,2.111111111111111
2026-08-22,wk inc covid hosp,1,2026-08-29,35,quantile,0.1,3.3333333333333335
2026-08-22,wk inc covid hosp,1,2026-08-29,35,quantile,0.15,4.111111111111111
2026-08-22,wk inc covid hosp,1,2026-08-29,35,quantile,0.2,4.777777777777778
2026-08-22,wk inc covid hosp,1,2026-08-29,35,quantile,0.25,5.333333333333333
2026-08-22,wk inc covid hosp,1,2026-08-29,35,quantile,0.3,6.222222222222222
2026-08-22,wk inc covid hosp,1,2026-08-29,35,quantile,0.35,6.555555555555555
2026-08-22,wk inc covid hosp,1,2026-08-29,35,quantile,0.4,7.444444444444445
2026-08-22,wk inc covid hosp,1,2026-08-29,35,quantile,0.45,8.0
2026-08-22,wk inc covid hosp,1,2026-08-29,35,quantile,0.5,8.444444444444445
2026-08-22,wk inc covid hosp,1,2026-08-29,35,quantile,0.55,9.0
2026-08-22,wk inc covid hosp,1,2026-08-29,35,quantile,0.6,9.666666666666666
2026-08-22,wk inc covid hosp,1,2026-08-29,35,quantile,0.65,10.333333333333334
2026-08-22,wk inc covid hosp,1,2026-08-29,35,quantile,0.7,11.222222222222221
2026-08-22,wk inc covid hosp,1,2026-08-29,35,quantile,0.75,11.777777777777779
2026-08-22,wk inc covid hosp,1,2026-08-29,35,quantile,0.8,13.222222222222221
2026-08-22,wk inc covid hosp,1,2026-08-29,35,quantile,0.85,14.333333333333334
2026-08-22,wk inc covid hosp,1,2026-08-29,35,quantile,0.9,17.45555555555556
2026-08-22,wk inc covid hosp,1,2026-08-29,35,quantile,0.95,22.00555555555555
2026-08-22,wk inc covid hosp,1,2026-08-29,35,quantile,0.975,28.613888888888887
2026-08-22,wk inc covid hosp,1,2026-08-29,35,quantile,0.99,41.44777777777777
2026-08-22,wk inc covid hosp,1,2026-08-29,36,quantile,0.01,62.99444444444445
2026-08-22,wk inc covid hosp,1,2026-08-29,36,quantile,0.025,78.43333333333334
2026-08-22,wk inc covid hosp,1,2026-08-29,36,quantile,0.05,88.99444444444445
2026-08-22,wk inc covid hosp,1,2026-08-29,36,quantile,0.1,101.88888888888889
2026-08-22,wk inc covid hosp,1,2026-08-29,36,quantile,0.15,115.7611111111111
2026-08-22,wk inc covid hosp,1,2026-08-29,36,quantile,0.2,124.33333333333333
2026-08-22,wk inc covid hosp,1,2026-08-29,36,quantile,0.25,129.19444444444446
2026-08-22,wk inc covid hosp,1,2026-08-29,36,quantile,0.3,132.63333333333333
2026-08-22,wk inc covid hosp,1,2026-08-29,36,quantile,0.35,136.51666666666668
2026-08-22,wk inc covid hosp,1,2026-08-29,36,quantile,0.4,141.2888888888889
2026-08-22,wk inc covid hosp,1,2026-08-29,36,quantile,0.45,144.95
2026-08-22,wk inc covid hosp,1,2026-08-29,36,quantile,0.5,149.0
2026-08-22,wk inc covid hosp,1,2026-08-29,36,quantile,0.55,153.49444444444444
2026-08-22,wk inc covid hosp,1,2026-08-29,36,quantile,0.6,158.44444444444446
2026-08-22,wk inc covid hosp,1,2026-08-29,36,quantile,0.65,164.11111111111111
2026-08-22,wk inc covid hosp,1,2026-08-29,36,quantile,0.7,169.77777777777777
2026-08-22,wk inc covid hosp,1,2026-08-29,36,quantile,0.75,175.91666666666666
2026-08-22,wk inc covid hosp,1,2026-08-29,36,quantile,0.8,183.22222222222223
2026-08-22,wk inc covid hosp,1,2026-08-29,36,quantile,0.85,192.1277777777778
2026-08-22,wk inc covid hosp,1,2026-08-29,36,quantile,0.9,204.77777777777777
2026-08-22,wk inc covid hosp,1,2026-08-29,36,quantile,0.95,224.22222222222223
2026-08-22,wk inc covid hosp,1,2026-08-29,36,quantile,0.975,253.79722222222213
2026-08-22,wk inc covid hosp,1,2026-08-29,36,quantile,0.99,321.82111111111107
2026-08-22,wk inc covid hosp,1,2026-08-29,37,quantile,0.01,40.10888888888889
2026-08-22,wk inc covid hosp,1,2026-08-29,37,quantile,0.025,53.099999999999994
2026-08-22,wk inc covid hosp,1,2026-08-29,37,quantile,0.05,64.66111111111111
2026-08-22,wk inc covid hosp,1,2026-08-29,37,quantile,0.1,77.21111111111111
2026-08-22,wk inc covid hosp,1,2026-08-29,37,quantile,0.15,88.11111111111111
2026-08-22,wk inc covid hosp,1,2026-08-29,37,quantile,0.2,96.44444444444444
2026-08-22,wk inc covid hosp,1,2026-08-29,37,quantile,0.25,103.66666666666667
2026-08-22,wk inc covid hosp,1,2026-08-29,37,quantile,0.3,108.88888888888889
2026-08-22,wk inc covid hosp,1,2026-08-29,37,quantile,0.35,112.33333333333333
2026-08-22,wk inc covid hosp,1,2026-08-29,37,quantile,0.4,118.66666666666667
2026-08-22,wk inc covid hosp,1,2026-08-29,37,quantile,0.45,123.11111111111111
2026-08-22,wk inc covid hosp,1,2026-08-29,37,quantile,0.5,127.55555555555556
2026-08-22,wk inc covid hosp,1,2026-08-29,37,quantile,0.55,131.11111111111111
2026-08-22,wk inc covid hosp,1,2026-08-29,37,quantile,0.6,134.33333333333334
2026-08-22,wk inc covid hosp,1,2026-08-29,37,quantile,0.65,138.66666666666666
2026-08-22,wk inc covid hosp,1,2026-08-29,37,quantile,0.7,143.44444444444446
2026-08-22,wk inc covid hosp,1,2026-08-29,37,quantile,0.75,149.11111111111111
2026-08-22,wk inc covid hosp,1,2026-08-29,37,quantile,0.8,156.55555555555554
2026-08-22,wk inc covid hosp,1,2026-08-29,37,quantile,0.85,165.57222222222222
2026-08-22,wk inc covid hosp,1,2026-08-29,37,quantile,0.9,179.44444444444446
2026-08-22,wk inc covid hosp,1,2026-08-29,37,quantile,0.95,202.67777777777778
2026-08-22,wk inc covid hosp,1,2026-08-29,37,quantile,0.975,231.57777777777775
2026-08-22,wk inc covid hosp,1,2026-08-29,37,quantile,0.99,293.3388888888889
2026-08-22,wk inc covid hosp,1,2026-08-29,38,quantile,0.01,0.0
2026-08-22,wk inc covid hosp,1,2026-08-29,38,quantile,0.025,0.0
2026-08-22,wk inc covid hosp,1,2026-08-29,38,quantile,0.05,0.0
2026-08-22,wk inc covid hosp,1,2026-08-29,38,quantile,0.1,0.1111111111111111
2026-08-22,wk inc covid hosp,1,2026-08-29,38,quantile,0.15,0.4444444444444444
2026-08-22,wk inc covid hosp,1,2026-08-29,38,quantile,0.2,0.6666666666666666
2026-08-22,wk inc covid hosp,1,2026-08-29,38,quantile,0.25,0.7777777777777778
2026-08-22,wk inc covid hosp,1,2026-08-29,38,quantile,0.3,1.3333333333333333
2026-08-22,wk inc covid hosp,1,2026-08-29,38,quantile,0.35,1.4444444444444444
2026-08-22,wk inc covid hosp,1,2026-08-29,38,quantile,0.4,1.5555555555555556
2026-08-22,wk inc covid hosp,1,2026-08-29,38,quantile,0.45,1.6666666666666667
2026-08-22,wk inc covid hosp,1,2026-08-29,38,quantile,0.5,1.8888888888888888
2026-08-22,wk inc covid hosp,1,2026-08-29,38,quantile,0.55,2.4444444444444446
2026-08-22,wk inc covid hosp,1,2026-08-29,38,quantile,0.6,2.7777777777777777
2026-08-22,wk inc covid hosp,1,2026-08-29,38,quantile,0.65,3.2222222222222223
2026-08-22,wk inc covid hosp,1,2026-08-29,38,quantile,0.7,3.7777777777777777
2026-08-22,wk inc covid hosp,1,2026-08-29,38,quantile,0.75,4.222222222222222
2026-08-22,wk inc covid hosp,1,2026-08-29,38,quantile,0.8,5.222222222222222
2026-08-22,wk inc covid hosp,1,2026-08-29,38,quantile,0.85,7.555555555555555
2026-08-22,wk inc covid hosp,1,2026-08-29,38,quantile,0.9,9.555555555555555
2026-08-22,wk inc covid hosp,1,2026-08-29,38,quantile,0.95,13.222222222222221
2026-08-22,wk inc covid hosp,1,2026-08-29,38,quantile,0.975,19.11111111111111
2026-08-22,wk inc covid hosp,1,2026-08-29,38,quantile,0.99,29.11111111111111
2026-08-22,wk inc covid hosp,1,2026-08-29,39,quantile,0.01,12.222222222222221
2026-08-22,wk inc covid hosp,1,2026-08-29,39,quantile,0.025,17.555555555555557
2026-08-22,wk inc covid hosp,1,2026-08-29,39,quantile,0.05,21.88888888888889
2026-08-22,wk inc covid hosp,1,2026-08-29,39,quantile,0.1,27.87777777777778
2026-08-22,wk inc covid hosp,1,2026-08-29,39,quantile,0.15,32.888888888888886
2026-08-22,wk inc covid hosp,1,2026-08-29,39,quantile,0.2,36.666666666666664
2026-08-22,wk inc covid hosp,1,2026-08-29,39,quantile,0.25,38.888888888888886
2026-08-22,wk inc covid hosp,1,2026-08-29,39,quantile,0.3,41.111111111111114
2026-08-22,wk inc covid hosp,1,2026-08-29,39,quantile,0.35,43.55555555555556
2026-08-22,wk inc covid hosp,1,2026-08-29,39,quantile,0.4,46.0
2026-08-22,wk inc covid hosp,1,2026-08-29,39,quantile,0.45,48.44444444444444
2026-08-22,wk inc covid hosp,1,2026-08-29,39,quantile,0.5,50.333333333333336
2026-08-22,wk inc covid hosp,1,2026-08-29,39,quantile,0.55,52.55555555555556
2026-08-22,wk inc covid hosp,1,2026-08-29,39,quantile,0.6,55.22222222222222
2026-08-22,wk inc covid hosp,1,2026-08-29,39,quantile,0.65,57.44444444444444
2026-08-22,wk inc covid hosp,1,2026-08-29,39,quantile,0.7,61.0
2026-08-22,wk inc covid hosp,1,2026-08-29,39,quantile,0.75,64.13888888888889
2026-08-22,wk inc covid hosp,1,2026-08-29,39,quantile,0.8,69.13333333333334
2026-08-22,wk inc covid hosp,1,2026-08-29,39,quantile,0.85,73.88888888888889
2026-08-22,wk inc covid hosp,1,2026-08-29,39,quantile,0.9,81.44444444444444
2026-08-22,wk inc covid hosp,1,2026-08-29,39,quantile,0.95,95.66666666666667
2026-08-22,wk inc covid hosp,1,2026-08-29,39,quantile,0.975,117.23888888888888
2026-08-22,wk inc covid hosp,1,2026-08-29,39,quantile,0.99,161.55666666666667
2026-08-22,wk inc covid hosp,1,2026-08-29,40,quantile,0.01,1.5555555555555556
2026-08-22,wk inc covid hosp,1,2026-08-29,40,quantile,0.025,2.4444444444444446
2026-08-22,wk inc covid hosp,1,2026-08-29,40,quantile,0.05,3.2222222222222223
2026-08-22,wk inc covid hosp,1,2026-08-29,40,quantile,0.1,4.1000000000000005
2026-08-22,wk inc covid hosp,1,2026-08-29,40,quantile,0.15,5.444444444444445
2026-08-22,wk inc covid hosp,1,2026-08-29,40,quantile,0.2,6.333333333333333
2026-08-22,wk inc covid hosp,1,2026-08-29,40,quantile,0.25,7.111111111111111
2026-08-22,wk inc covid hosp,1,2026-08-29,40,quantile,0.3,7.777777777777778
2026-08-22,wk inc covid hosp,1,2026-08-29,40,quantile,0.35,8.222222222222221
2026-08-22,wk inc covid hosp,1,2026-08-29,40,quantile,0.4,9.222222222222221
2026-08-22,wk inc covid hosp,1,2026-08-29,40,quantile,0.45,9.777777777777779
2026-08-22,wk inc covid hosp,1,2026-08-29,40,quantile,0.5,10.777777777777779
2026-08-22,wk inc covid hosp,1,2026-08-29,40,quantile,0.55,11.666666666666666
2026-08-22,wk inc covid hosp,1,2026-08-29,40,quantile,0.6,12.88888888888889
2026-08-22,wk inc covid hosp,1,2026-08-29,40,quantile,0.65,14.333333333333334
2026-08-22,wk inc covid hosp,1,2026-08-29,40,quantile,0.7,15.444444444444445
2026-08-22,wk inc covid hosp,1,2026-08-29,40,quantile,0.75,17.11111111111111
2026-08-22,wk inc covid hosp,1,2026-08-29,40,quantile,0.8,19.0
2026-08-22,wk inc covid hosp,1,2026-08-29,40,quantile,0.85,22.444444444444443
2026-08-22,wk inc covid hosp,1,2026-08-29,40,quantile,0.9,26.88888888888889
2026-08-22,wk inc covid hosp,1,2026-08-29,40,quantile,0.95,34.888888888888886
2026-08-22,wk inc covid hosp,1,2026-08-29,40,quantile,0.975,47.83611111111111
2026-08-22,wk inc covid hosp,1,2026-08-29,40,quantile,0.99,66.33333333333333
2026-08-22,wk inc covid hosp,1,2026-08-29,41,quantile,0.01,2.2222222222222223
2026-08-22,wk inc covid hosp,1,2026-08-29,41,quantile,0.025,3.5555555555555554
2026-08-22,wk inc covid hosp,1,2026-08-29,41,quantile,0.05,4.555555555555555
2026-08-22,wk inc covid hosp,1,2026-08-29,41,quantile,0.1,6.222222222222222
2026-08-22,wk inc covid hosp,1,2026-08-29,41,quantile,0.15,7.777777777777778
2026-08-22,wk inc covid hosp,1,2026-08-29,41,quantile,0.2,9.0
2026-08-22,wk inc covid hosp,1,2026-08-29,41,quantile,0.25,10.0
2026-08-22,wk inc covid hosp,1,2026-08-29,41,quantile,0.3,10.88888888888889
2026-08-22,wk inc covid hosp,1,2026-08-29,41,quantile,0.35,11.333333333333334
2026-08-22,wk inc covid hosp,1,2026-08-29,41,quantile,0.4,12.11111111111111
2026-08-22,wk inc covid hosp,1,2026-08-29,41,quantile,0.45,12.444444444444445
2026-08-22,wk inc covid hosp,1,2026-08-29,41,quantile,0.5,13.333333333333334
2026-08-22,wk inc covid hosp,1,2026-08-29,41,quantile,0.55,13.88888888888889
2026-08-22,wk inc covid hosp,1,2026-08-29,41,quantile,0.6,14.88888888888889
2026-08-22,wk inc covid hosp,1,2026-08-29,41,quantile,0.65,15.88888888888889
2026-08-22,wk inc covid hosp,1,2026-08-29,41,quantile,0.7,17.22222222222222
2026-08-22,wk inc covid hosp,1,2026-08-29,41,quantile,0.75,18.22222222222222
2026-08-22,wk inc covid hosp,1,2026-08-29,41,quantile,0.8,19.444444444444443
2026-08-22,wk inc covid hosp,1,2026-08-29,41,quantile,0.85,21.22222222222222
2026-08-22,wk inc covid hosp,1,2026-08-29,41,quantile,0.9,24.555555555555557
2026-08-22,wk inc covid hosp,1,2026-08-29,41,quantile,0.95,30.333333333333332
2026-08-22,wk inc covid hosp,1,2026-08-29,41,quantile,0.975,39.391666666666666
2026-08-22,wk inc covid hosp,1,2026-08-29,41,quantile,0.99,58.33444444444444
2026-08-22,wk inc covid hosp,1,2026-08-29,42,quantile,0.01,20.333333333333332
2026-08-22,wk inc covid hosp,1,2026-08-29,42,quantile,0.025,29.0
2026-08-22,wk inc covid hosp,1,2026-08-29,42,quantile,0.05,35.66111111111111
2026-08-22,wk inc covid hosp,1,2026-08-29,42,quantile,0.1,46.666666666666664
2026-08-22,wk inc covid hosp,1,2026-08-29,42,quantile,0.15,54.77777777777778
2026-08-22,wk inc covid hosp,1,2026-08-29,42,quantile,0.2,59.77777777777778
2026-08-22,wk inc covid hosp,1,2026-08-29,42,quantile,0.25,64.33333333333333
2026-08-22,wk inc covid hosp,1,2026-08-29,42,quantile,0.3,68.1888888888889
2026-08-22,wk inc covid hosp,1,2026-08-29,42,quantile,0.35,70.85
2026-08-22,wk inc covid hosp,1,2026-08-29,42,quantile,0.4,73.95555555555556
2026-08-22,wk inc covid hosp,1,2026-08-29,42,quantile,0.45,77.22222222222223
2026-08-22,wk inc covid hosp,1,2026-08-29,42,quantile,0.5,79.88888888888889
2026-08-22,wk inc covid hosp,1,2026-08-29,42,quantile,0.55,83.0
2026-08-22,wk inc covid hosp,1,2026-08-29,42,quantile,0.6,86.48888888888888
2026-08-22,wk inc covid hosp,1,2026-08-29,42,quantile,0.65,89.11111111111111
2026-08-22,wk inc covid hosp,1,2026-08-29,42,quantile,0.7,92.33333333333333
2026-08-22,wk inc covid hosp,1,2026-08-29,42,quantile,0.75,98.22222222222223
2026-08-22,wk inc covid hosp,1,2026-08-29,42,quantile,0.8,102.91111111111111
2026-08-22,wk inc covid hosp,1,2026-08-29,42,quantile,0.85,109.22222222222223
2026-08-22,wk inc covid hosp,1,2026-08-29,42,quantile,0.9,119.22222222222223
2026-08-22,wk inc covid hosp,1,2026-08-29,42,quantile,0.95,135.0
2026-08-22,wk inc covid hosp,1,2026-08-29,42,quantile,0.975,152.95833333333334
2026-08-22,wk inc covid hosp,1,2026-08-29,42,quantile,0.99,200.01555555555555
2026-08-22,wk inc covid hosp,1,2026-08-29,44,quantile,0.01,1.5555555555555556
2026-08-22,wk inc covid hosp,1,2026-08-29,44,quantile,0.025,2.2750000000000004
2026-08-22,wk inc covid hosp,1,2026-08-29,44,quantile,0.05,3.0
2026-08-22,wk inc covid hosp,1,2026-08-29,44,quantile,0.1,4.333333333333333
2026-08-22,wk inc covid hosp,1,2026-08-29,44,quantile,0.15,5.444444444444445
2026-08-22,wk inc covid hosp,1,2026-08-29,44,quantile,0.2,6.444444444444445
2026-08-22,wk inc covid hosp,1,2026-08-29,44,quantile,0.25,7.111111111111111
2026-08-22,wk inc covid hosp,1,2026-08-29,44,quantile,0.3,7.555555555555555
2026-08-22,wk inc covid hosp,1,2026-08-29,44,quantile,0.35,8.0
2026-08-22,wk inc covid hosp,1,2026-08-29,44,quantile,0.4,8.555555555555555
2026-08-22,wk inc covid hosp,1,2026-08-29,44,quantile,0.45,9.0
2026-08-22,wk inc covid hosp,1,2026-08-29,44,quantile,0.5,9.666666666666666
2026-08-22,wk inc covid hosp,1,2026-08-29,44,quantile,0.55,10.222222222222221
2026-08-22,wk inc covid hosp,1,2026-08-29,44,quantile,0.6,10.88888888888889
2026-08-22,wk inc covid hosp,1,2026-08-29,44,quantile,0.65,11.666666666666666
2026-08-22,wk inc covid hosp,1,2026-08-29,44,quantile,0.7,12.333333333333334
2026-08-22,wk inc covid hosp,1,2026-08-29,44,quantile,0.75,12.88888888888889
2026-08-22,wk inc covid hosp,1,2026-08-29,44,quantile,0.8,14.0
2026-08-22,wk inc covid hosp,1,2026-08-29,44,quantile,0.85,15.777777777777779
2026-08-22,wk inc covid hosp,1,2026-08-29,44,quantile,0.9,18.0
2026-08-22,wk inc covid hosp,1,2026-08-29,44,quantile,0.95,22.11666666666666
2026-08-22,wk inc covid hosp,1,2026-08-29,44,quantile,0.975,26.555555555555557
2026-08-22,wk inc covid hosp,1,2026-08-29,44,quantile,0.99,37.556666666666665
2026-08-22,wk inc covid hosp,1,2026-08-29,45,quantile,0.01,8.776666666666667
2026-08-22,wk inc covid hosp,1,2026-08-29,45,quantile,0.025,12.661111111111111
2026-08-22,wk inc covid hosp,1,2026-08-29,45,quantile,0.05,15.0
2026-08-22,wk inc covid hosp,1,2026-08-29,45,quantile,0.1,19.11111111111111
2026-08-22,wk inc covid hosp,1,2026-08-29,45,quantile,0.15,22.444444444444443
2026-08-22,wk inc covid hosp,1,2026-08-29,45,quantile,0.2,24.77777777777778
2026-08-22,wk inc covid hosp,1,2026-08-29,45,quantile,0.25,26.555555555555557
2026-08-22,wk inc covid hosp,1,2026-08-29,45,quantile,0.3,27.666666666666668
2026-08-22,wk inc covid hosp,1,2026-08-29,45,quantile,0.35,28.77777777777778
2026-08-22,wk inc covid hosp,1,2026-08-29,45,quantile,0.4,30.0
2026-08-22,wk inc covid hosp,1,2026-08-29,45,quantile,0.45,31.444444444444443
2026-08-22,wk inc covid hosp,1,2026-08-29,45,quantile,0.5,32.888888888888886
2026-08-22,wk inc covid hosp,1,2026-08-29,45,quantile,0.55,34.0
2026-08-22,wk inc covid hosp,1,2026-08-29,45,quantile,0.6,35.22222222222222
2026-08-22,wk inc covid hosp,1,2026-08-29,45,quantile,0.65,36.55555555555556
2026-08-22,wk inc covid hosp,1,2026-08-29,45,quantile,0.7,38.666666666666664
2026-08-22,wk inc covid hosp,1,2026-08-29,45,quantile,0.75,40.55555555555556
2026-08-22,wk inc covid hosp,1,2026-08-29,45,quantile,0.8,42.666666666666664
2026-08-22,wk inc covid hosp,1,2026-08-29,45,quantile,0.85,45.77777777777778
2026-08-22,wk inc covid hosp,1,2026-08-29,45,quantile,0.9,50.888888888888886
2026-08-22,wk inc covid hosp,1,2026-08-29,45,quantile,0.95,59.22222222222222
2026-08-22,wk inc covid hosp,1,2026-08-29,45,quantile,0.975,70.84722222222221
2026-08-22,wk inc covid hosp,1,2026-08-29,45,quantile,0.99,94.0
2026-08-22,wk inc covid hosp,1,2026-08-29,46,quantile,0.01,0.0
2026-08-22,wk inc covid hosp,1,2026-08-29,46,quantile,0.025,0.0
2026-08-22,wk inc covid hosp,1,2026-08-29,46,quantile,0.05,0.1111111111111111
2026-08-22,wk inc covid hosp,1,2026-08-29,46,quantile,0.1,0.3333333333333333
2026-08-22,wk inc covid hosp,1,2026-08-29,46,quantile,0.15,0.5555555555555556
2026-08-22,wk inc covid hosp,1,2026-08-29,46,quantile,0.2,1.0
2026-08-22,wk inc covid hosp,1,2026-08-29,46,quantile,0.25,1.4444444444444444
2026-08-22,wk inc covid hosp,1,2026-08-29,46,quantile,0.3,1.7777777777777777
2026-08-22,wk inc covid hosp,1,2026-08-29,46,quantile,0.35,2.111111111111111
2026-08-22,wk inc covid hosp,1,2026-08-29,46,quantile,0.4,2.4444444444444446
2026-08-22,wk inc covid hosp,1,2026-08-29,46,quantile,0.45,2.6666666666666665
2026-08-22,wk inc covid hosp,1,2026-08-29,46,quantile,0.5,3.2222222222222223
2026-08-22,wk inc covid hosp,1,2026-08-29,46,quantile,0.55,3.5555555555555554
2026-08-22,wk inc covid hosp,1,2026-08-29,46,quantile,0.6,4.222222222222222
2026-08-22,wk inc covid hosp,1,2026-08-29,46,quantile,0.65,4.555555555555555
2026-08-22,wk inc covid hosp,1,2026-08-29,46,quantile,0.7,5.111111111111111
2026-08-22,wk inc covid hosp,1,2026-08-29,46,quantile,0.75,6.555555555555555
2026-08-22,wk inc covid hosp,1,2026-08-29,46,quantile,0.8,7.444444444444445
2026-08-22,wk inc covid hosp,1,2026-08-29,46,quantile,0.85,9.11111111111111
2026-08-22,wk inc covid hosp,1,2026-08-29,46,quantile,0.9,11.88888888888889
2026-08-22,wk inc covid hosp,1,2026-08-29,46,quantile,0.95,16.22222222222222
2026-08-22,wk inc covid hosp,1,2026-08-29,46,quantile,0.975,21.724999999999998
2026-08-22,wk inc covid hosp,1,2026-08-29,46,quantile,0.99,31.445555555555554
2026-08-22,wk inc covid hosp,1,2026-08-29,47,quantile,0.01,17.108888888888888
2026-08-22,wk inc covid hosp,1,2026-08-29,47,quantile,0.025,21.49722222222222
2026-08-22,wk inc covid hosp,1,2026-08-29,47,quantile,0.05,25.555555555555557
2026-08-22,wk inc covid hosp,1,2026-08-29,47,quantile,0.1,32.111111111111114
2026-08-22,wk inc covid hosp,1,2026-08-29,47,quantile,0.15,37.22222222222222
2026-08-22,wk inc covid hosp,1,2026-08-29,47,quantile,0.2,40.666666666666664
2026-08-22,wk inc covid hosp,1,2026-08-29,47,quantile,0.25,42.888888888888886
2026-08-22,wk inc covid hosp,1,2026-08-29,47,quantile,0.3,44.666666666666664
2026-08-22,wk inc covid hosp,1,2026-08-29,47,quantile,0.35,46.55555555555556
2026-08-22,wk inc covid hosp,1,2026-08-29,47,quantile,0.4,48.0
2026-08-22,wk inc covid hosp,1,2026-08-29,47,quantile,0.45,50.22222222222222
2026-08-22,wk inc covid hosp,1,2026-08-29,47,quantile,0.5,52.111111111111114
2026-08-22,wk inc covid hosp,1,2026-08-29,47,quantile,0.55,53.44444444444444
2026-08-22,wk inc covid hosp,1,2026-08-29,47,quantile,0.6,55.888888888888886
2026-08-22,wk inc covid hosp,1,2026-08-29,47,quantile,0.65,58.666666666666664
2026-08-22,wk inc covid hosp,1,2026-08-29,47,quantile,0.7,60.22222222222222
2026-08-22,wk inc covid hosp,1,2026-08-29,47,quantile,0.75,63.0
2026-08-22,wk inc covid hosp,1,2026-08-29,47,quantile,0.8,67.0
2026-08-22,wk inc covid hosp,1,2026-08-29,47,quantile,0.85,70.77777777777777
2026-08-22,wk inc covid hosp,1,2026-08-29,47,quantile,0.9,78.66666666666667
2026-08-22,wk inc covid hosp,1,2026-08-29,47,quantile,0.95,97.22222222222223
2026-08-22,wk inc covid hosp,1,2026-08-29,47,quantile,0.975,114.11111111111111
2026-08-22,wk inc covid hosp,1,2026-08-29,47,quantile,0.99,143.22666666666666
2026-08-22,wk inc covid hosp,1,2026-08-29,48,quantile,0.01,98.88777777777779
2026-08-22,wk inc covid hosp,1,2026-08-29,48,quantile,0.025,131.825
2026-08-22,wk inc covid hosp,1,2026-08-29,48,quantile,0.05,161.22222222222223
2026-08-22,wk inc covid hosp,1,2026-08-29,48,quantile,0.1,192.43333333333334
2026-08-22,wk inc covid hosp,1,2026-08-29,48,quantile,0.15,221.31666666666666
2026-08-22,wk inc covid hosp,1,2026-08-29,48,quantile,0.2,239.77777777777777
2026-08-22,wk inc covid hosp,1,2026-08-29,48,quantile,0.25,256.3333333333333
2026-08-22,wk inc covid hosp,1,2026-08-29,48,quantile,0.3,269.1111111111111
2026-08-22,wk inc covid hosp,1,2026-08-29,48,quantile,0.35,282.6666666666667
2026-08-22,wk inc covid hosp,1,2026-08-29,48,quantile,0.4,295.1111111111111
2026-08-22,wk inc covid hosp,1,2026-08-29,48,quantile,0.45,306.0
2026-08-22,wk inc covid hosp,1,2026-08-29,48,quantile,0.5,314.77777777777777
2026-08-22,wk inc covid hosp,1,2026-08-29,48,quantile,0.55,323.60555555555555
2026-08-22,wk inc covid hosp,1,2026-08-29,48,quantile,0.6,334.55555555555554
2026-08-22,wk inc covid hosp,1,2026-08-29,48,quantile,0.65,345.44444444444446
2026-08-22,wk inc covid hosp,1,2026-08-29,48,quantile,0.7,358.44444444444446
2026-08-22,wk inc covid hosp,1,2026-08-29,48,quantile,0.75,372.47222222222223
2026-08-22,wk inc covid hosp,1,2026-08-29,48,quantile,0.8,386.79999999999995
2026-08-22,wk inc covid hosp,1,2026-08-29,48,quantile,0.85,407.8888888888889
2026-08-22,wk inc covid hosp,1,2026-08-29,48,quantile,0.9,446.67777777777775
2026-08-22,wk inc covid hosp,1,2026-08-29,48,quantile,0.95,520.45
2026-08-22,wk inc covid hosp,1,2026-08-29,48,quantile,0.975,595.6166666666666
2026-08-22,wk inc covid hosp,1,2026-08-29,48,quantile,0.99,731.3844444444444
2026-08-22,wk inc covid hosp,1,2026-08-29,49,quantile,0.01,0.5555555555555556
2026-08-22,wk inc covid hosp,1,2026-08-29,49,quantile,0.025,0.8888888888888888
2026-08-22,wk inc covid hosp,1,2026-08-29,49,quantile,0.05,1.5555555555555556
2026-08-22,wk inc covid hosp,1,2026-08-29,49,quantile,0.1,2.2222222222222223
2026-08-22,wk inc covid hosp,1,2026-08-29,49,quantile,0.15,3.2222222222222223
2026-08-22,wk inc covid hosp,1,2026-08-29,49,quantile,0.2,4.0
2026-08-22,wk inc covid hosp,1,2026-08-29,49,quantile,0.25,5.0
2026-08-22,wk inc covid hosp,1,2026-08-29,49,quantile,0.3,5.333333333333333
2026-08-22,wk inc covid hosp,1,2026-08-29,49,quantile,0.35,5.888888888888889
2026-08-22,wk inc covid hosp,1,2026-08-29,49,quantile,0.4,6.555555555555555
2026-08-22,wk inc covid hosp,1,2026-08-29,49,quantile,0.45,6.888888888888889
2026-08-22,wk inc covid hosp,1,2026-08-29,49,quantile,0.5,7.666666666666667
2026-08-22,wk inc covid hosp,1,2026-08-29,49,quantile,0.55,8.444444444444445
2026-08-22,wk inc covid hosp,1,2026-08-29,49,quantile,0.6,9.11111111111111
2026-08-22,wk inc covid hosp,1,2026-08-29,49,quantile,0.65,9.777777777777779
2026-08-22,wk inc covid hosp,1,2026-08-29,49,quantile,0.7,10.666666666666666
2026-08-22,wk inc covid hosp,1,2026-08-29,49,quantile,0.75,12.11111111111111
2026-08-22,wk inc covid hosp,1,2026-08-29,49,quantile,0.8,13.555555555555555
2026-08-22,wk inc covid hosp,1,2026-08-29,49,quantile,0.85,15.444444444444445
2026-08-22,wk inc covid hosp,1,2026-08-29,49,quantile,0.9,18.88888888888889
2026-08-22,wk inc covid hosp,1,2026-08-29,49,quantile,0.95,25.333333333333332
2026-08-22,wk inc covid hosp,1,2026-08-29,49,quantile,0.975,34.77777777777778
2026-08-22,wk inc covid hosp,1,2026-08-29,49,quantile,0.99,53.33555555555555
2026-08-22,wk inc covid hosp,1,2026-08-29,50,quantile,0.01,0.0
2026-08-22,wk inc covid hosp,1,2026-08-29,50,quantile,0.025,0.0
2026-08-22,wk inc covid hosp,1,2026-08-29,50,quantile,0.05,0.0
2026-08-22,wk inc covid hosp,1,2026-08-29,50,quantile,0.1,0.1111111111111111
2026-08-22,wk inc covid hosp,1,2026-08-29,50,quantile,0.15,0.2222222222222222
2026-08-22,wk inc covid hosp,1,2026-08-29,50,quantile,0.2,0.5555555555555556
2026-08-22,wk inc covid hosp,1,2026-08-29,50,quantile,0.25,0.7777777777777778
2026-08-22,wk inc covid hosp,1,2026-08-29,50,quantile,0.3,1.1111111111111112
2026-08-22,wk inc covid hosp,1,2026-08-29,50,quantile,0.35,1.4444444444444444
2026-08-22,wk inc covid hosp,1,2026-08-29,50,quantile,0.4,1.6666666666666667
2026-08-22,wk inc covid hosp,1,2026-08-29,50,quantile,0.45,1.6666666666666667
2026-08-22,wk inc covid hosp,1,2026-08-29,50,quantile,0.5,1.8888888888888888
2026-08-22,wk inc covid hosp,1,2026-08-29,50,quantile,0.55,2.3333333333333335
2026-08-22,wk inc covid hosp,1,2026-08-29,50,quantile,0.6,2.6666666666666665
2026-08-22,wk inc covid hosp,1,2026-08-29,50,quantile,0.65,3.111111111111111
2026-08-22,wk inc covid hosp,1,2026-08-29,50,quantile,0.7,3.4444444444444446
2026-08-22,wk inc covid hosp,1,2026-08-29,50,quantile,0.75,4.777777777777778
2026-08-22,wk inc covid hosp,1,2026-08-29,50,quantile,0.8,5.333333333333333
2026-08-22,wk inc covid hosp,1,2026-08-29,50,quantile,0.85,6.222222222222222
2026-08-22,wk inc covid hosp,1,2026-08-29,50,quantile,0.9,8.333333333333334
2026-08-22,wk inc covid hosp,1,2026-08-29,50,quantile,0.95,11.333333333333334
2026-08-22,wk inc covid hosp,1,2026-08-29,50,quantile,0.975,15.333333333333334
2026-08-22,wk inc covid hosp,1,2026-08-29,50,quantile,0.99,24.778888888888886
2026-08-22,wk inc covid hosp,1,2026-08-29,51,quantile,0.01,6.333333333333333
2026-08-22,wk inc covid hosp,1,2026-08-29,51,quantile,0.025,8.555555555555555
2026-08-22,wk inc covid hosp,1,2026-08-29,51,quantile,0.05,10.555555555555555
2026-08-22,wk inc covid hosp,1,2026-08-29,51,quantile,0.1,13.0
2026-08-22,wk inc covid hosp,1,2026-08-29,51,quantile,0.15,16.22222222222222
2026-08-22,wk inc covid hosp,1,2026-08-29,51,quantile,0.2,18.0
2026-08-22,wk inc covid hosp,1,2026-08-29,51,quantile,0.25,19.444444444444443
2026-08-22,wk inc covid hosp,1,2026-08-29,51,quantile,0.3,20.555555555555557
2026-08-22,wk inc covid hosp,1,2026-08-29,51,quantile,0.35,21.88888888888889
2026-08-22,wk inc covid hosp,1,2026-08-29,51,quantile,0.4,23.11111111111111
2026-08-22,wk inc covid hosp,1,2026-08-29,51,quantile,0.45,24.22222222222222
2026-08-22,wk inc covid hosp,1,2026-08-29,51,quantile,0.5,25.666666666666668
2026-08-22,wk inc covid hosp,1,2026-08-29,51,quantile,0.55,27.11111111111111
2026-08-22,wk inc covid hosp,1,2026-08-29,51,quantile,0.6,28.11111111111111
2026-08-22,wk inc covid hosp,1,2026-08-29,51,quantile,0.65,29.333333333333332
2026-08-22,wk inc covid hosp,1,2026-08-29,51,quantile,0.7,31.0
2026-08-22,wk inc covid hosp,1,2026-08-29,51,quantile,0.75,33.22222222222222
2026-08-22,wk inc covid hosp,1,2026-08-29,51,quantile,0.8,36.333333333333336
2026-08-22,wk inc covid hosp,1,2026-08-29,51,quantile,0.85,39.77777777777778
2026-08-22,wk inc covid hosp,1,2026-08-29,51,quantile,0.9,44.55555555555556
2026-08-22,wk inc covid hosp,1,2026-08-29,51,quantile,0.95,54.77777777777778
2026-08-22,wk inc covid hosp,1,2026-08-29,51,quantile,0.975,67.89999999999999
2026-08-22,wk inc covid hosp,1,2026-08-29,51,quantile,0.99,98.44999999999999
2026-08-22,wk inc covid hosp,1,2026-08-29,53,quantile,0.01,18.776666666666667
2026-08-22,wk inc covid hosp,1,2026-08-29,53,quantile,0.025,22.77777777777778
2026-08-22,wk inc covid hosp,1,2026-08-29,53,quantile,0.05,26.555555555555557
2026-08-22,wk inc covid hosp,1,2026-08-29,53,quantile,0.1,32.77777777777778
2026-08-22,wk inc covid hosp,1,2026-08-29,53,quantile,0.15,38.55555555555556
2026-08-22,wk inc covid hosp,1,2026-08-29,53,quantile,0.2,43.22222222222222
2026-08-22,wk inc covid hosp,1,2026-08-29,53,quantile,0.25,45.333333333333336
2026-08-22,wk inc covid hosp,1,2026-08-29,53,quantile,0.3,47.111111111111114
2026-08-22,wk inc covid hosp,1,2026-08-29,53,quantile,0.35,48.666666666666664
2026-08-22,wk inc covid hosp,1,2026-08-29,53,quantile,0.4,50.55555555555556
2026-08-22,wk inc covid hosp,1,2026-08-29,53,quantile,0.45,52.22222222222222
2026-08-22,wk inc covid hosp,1,2026-08-29,53,quantile,0.5,53.888888888888886
2026-08-22,wk inc covid hosp,1,2026-08-29,53,quantile,0.55,56.55555555555556
2026-08-22,wk inc covid hosp,1,2026-08-29,53,quantile,0.6,58.22222222222222
2026-08-22,wk inc covid hosp,1,2026-08-29,53,quantile,0.65,59.888888888888886
2026-08-22,wk inc covid hosp,1,2026-08-29,53,quantile,0.7,62.666666666666664
2026-08-22,wk inc covid hosp,1,2026-08-29,53,quantile,0.75,65.11111111111111
2026-08-22,wk inc covid hosp,1,2026-08-29,53,quantile,0.8,68.22222222222223
2026-08-22,wk inc covid hosp,1,2026-08-29,53,quantile,0.85,72.88888888888889
2026-08-22,wk inc covid hosp,1,2026-08-29,53,quantile,0.9,79.0
2026-08-22,wk inc covid hosp,1,2026-08-29,53,quantile,0.95,89.00555555555555
2026-08-22,wk inc covid hosp,1,2026-08-29,53,quantile,0.975,103.66666666666667
2026-08-22,wk inc covid hosp,1,2026-08-29,53,quantile,0.99,135.01999999999998
2026-08-22,wk inc covid hosp,1,2026-08-29,54,quantile,0.01,0.4444444444444444
2026-08-22,wk inc covid hosp,1,2026-08-29,54,quantile,0.025,0.7777777777777778
2026-08-22,wk inc covid hosp,1,2026-08-29,54,quantile,0.05,1.2222222222222223
2026-08-22,wk inc covid hosp,1,2026-08-29,54,quantile,0.1,1.6666666666666667
2026-08-22,wk inc covid hosp,1,2026-08-29,54,quantile,0.15,2.111111111111111
2026-08-22,wk inc covid hosp,1,2026-08-29,54,quantile,0.2,2.3333333333333335
2026-08-22,wk inc covid hosp,1,2026-08-29,54,quantile,0.25,3.0
2026-08-22,wk inc covid hosp,1,2026-08-29,54,quantile,0.3,3.4444444444444446
2026-08-22,wk inc covid hosp,1,2026-08-29,54,quantile,0.35,4.222222222222222
2026-08-22,wk inc covid hosp,1,2026-08-29,54,quantile,0.4,4.888888888888889
2026-08-22,wk inc covid hosp,1,2026-08-29,54,quantile,0.45,5.333333333333333
2026-08-22,wk inc covid hosp,1,2026-08-29,54,quantile,0.5,5.888888888888889
2026-08-22,wk inc covid hosp,1,2026-08-29,54,quantile,0.55,6.444444444444445
2026-08-22,wk inc covid hosp,1,2026-08-29,54,quantile,0.6,7.222222222222222
2026-08-22,wk inc covid hosp,1,2026-08-29,54,quantile,0.65,7.888888888888889
2026-08-22,wk inc covid hosp,1,2026-08-29,54,quantile,0.7,8.777777777777779
2026-08-22,wk inc covid hosp,1,2026-08-29,54,quantile,0.75,9.88888888888889
2026-08-22,wk inc covid hosp,1,2026-08-29,54,quantile,0.8,11.444444444444445
2026-08-22,wk inc covid hosp,1,2026-08-29,54,quantile,0.85,13.333333333333334
2026-08-22,wk inc covid hosp,1,2026-08-29,54,quantile,0.9,17.0
2026-08-22,wk inc covid hosp,1,2026-08-29,54,quantile,0.95,22.22222222222222
2026-08-22,wk inc covid hosp,1,2026-08-29,54,quantile,0.975,29.94722222222222
2026-08-22,wk inc covid hosp,1,2026-08-29,54,quantile,0.99,43.778888888888886
2026-08-22,wk inc covid hosp,1,2026-08-29,55,quantile,0.01,1.1111111111111112
2026-08-22,wk inc covid hosp,1,2026-08-29,55,quantile,0.025,1.7777777777777777
2026-08-22,wk inc covid hosp,1,2026-08-29,55,quantile,0.05,2.6666666666666665
2026-08-22,wk inc covid hosp,1,2026-08-29,55,quantile,0.1,4.0
2026-08-22,wk inc covid hosp,1,2026-08-29,55,quantile,0.15,5.333333333333333
2026-08-22,wk inc covid hosp,1,2026-08-29,55,quantile,0.2,6.444444444444445
2026-08-22,wk inc covid hosp,1,2026-08-29,55,quantile,0.25,7.555555555555555
2026-08-22,wk inc covid hosp,1,2026-08-29,55,quantile,0.3,8.333333333333334
2026-08-22,wk inc covid hosp,1,2026-08-29,55,quantile,0.35,9.18333333333333
2026-08-22,wk inc covid hosp,1,2026-08-29,55,quantile,0.4,10.222222222222221
2026-08-22,wk inc covid hosp,1,2026-08-29,55,quantile,0.45,11.11111111111111
2026-08-22,wk inc covid hosp,1,2026-08-29,55,quantile,0.5,12.222222222222221
2026-08-22,wk inc covid hosp,1,2026-08-29,55,quantile,0.55,13.333333333333334
2026-08-22,wk inc covid hosp,1,2026-08-29,55,quantile,0.6,14.444444444444445
2026-08-22,wk inc covid hosp,1,2026-08-29,55,quantile,0.65,16.0
2026-08-22,wk inc covid hosp,1,2026-08-29,55,quantile,0.7,17.0
2026-08-22,wk inc covid hosp,1,2026-08-29,55,quantile,0.75,18.88888888888889
2026-08-22,wk inc covid hosp,1,2026-08-29,55,quantile,0.8,21.0
2026-08-22,wk inc covid hosp,1,2026-08-29,55,quantile,0.85,24.88888888888889
2026-08-22,wk inc covid hosp,1,2026-08-29,55,quantile,0.9,30.77777777777778
2026-08-22,wk inc covid hosp,1,2026-08-29,55,quantile,0.95,38.78333333333333
2026-08-22,wk inc covid hosp,1,2026-08-29,55,quantile,0.975,52.402777777777764
2026-08-22,wk inc covid hosp,1,2026-08-29,55,quantile,0.99,79.89
2026-08-22,wk inc covid hosp,1,2026-08-29,56,quantile,0.01,0.0
2026-08-22,wk inc covid hosp,1,2026-08-29,56,quantile,0.025,0.2222222222222222
2026-08-22,wk inc covid hosp,1,2026-08-29,56,quantile,0.05,0.4444444444444444
2026-08-22,wk inc covid hosp,1,2026-08-29,56,quantile,0.1,0.5555555555555556
2026-08-22,wk inc covid hosp,1,2026-08-29,56,quantile,0.15,1.1111111111111112
2026-08-22,wk inc covid hosp,1,2026-08-29,56,quantile,0.2,1.3333333333333333
2026-08-22,wk inc covid hosp,1,2026-08-29,56,quantile,0.25,1.6666666666666667
2026-08-22,wk inc covid hosp,1,2026-08-29,56,quantile,0.3,2.111111111111111
2026-08-22,wk inc covid hosp,1,2026-08-29,56,quantile,0.35,2.3333333333333335
2026-08-22,wk inc covid hosp,1,2026-08-29,56,quantile,0.4,2.6666666666666665
2026-08-22,wk inc covid hosp,1,2026-08-29,56,quantile,0.45,2.7777777777777777
2026-08-22,wk inc covid hosp,1,2026-08-29,56,quantile,0.5,3.111111111111111
2026-08-22,wk inc covid hosp,1,2026-08-29,56,quantile,0.55,3.4444444444444446
2026-08-22,wk inc covid hosp,1,2026-08-29,56,quantile,0.6,3.6666666666666665
2026-08-22,wk inc covid hosp,1,2026-08-29,56,quantile,0.65,4.111111111111111
2026-08-22,wk inc covid hosp,1,2026-08-29,56,quantile,0.7,4.777777777777778
2026-08-22,wk inc covid hosp,1,2026-08-29,56,quantile,0.75,5.111111111111111
2026-08-22,wk inc covid hosp,1,2026-08-29,56,quantile,0.8,6.0
2026-08-22,wk inc covid hosp,1,2026-08-29,56,quantile,0.85,7.333333333333333
2026-08-22,wk inc covid hosp,1,2026-08-29,56,quantile,0.9,9.11111111111111
2026-08-22,wk inc covid hosp,1,2026-08-29,56,quantile,0.95,12.777777777777779
2026-08-22,wk inc covid hosp,1,2026-08-29,56,quantile,0.975,18.77777777777778
2026-08-22,wk inc covid hosp,1,2026-08-29,56,quantile,0.99,27.22222222222222
2026-08-22,wk inc covid hosp,1,2026-08-29,72,quantile,0.01,21.555555555555557
2026-08-22,wk inc covid hosp,1,2026-08-29,72,quantile,0.025,27.0
2026-08-22,wk inc covid hosp,1,2026-08-29,72,quantile,0.05,32.65555555555555
2026-08-22,wk inc covid hosp,1,2026-08-29,72,quantile,0.1,39.888888888888886
2026-08-22,wk inc covid hosp,1,2026-08-29,72,quantile,0.15,45.76111111111111
2026-08-22,wk inc covid hosp,1,2026-08-29,72,quantile,0.2,52.55555555555556
2026-08-22,wk inc covid hosp,1,2026-08-29,72,quantile,0.25,57.44444444444444
2026-08-22,wk inc covid hosp,1,2026-08-29,72,quantile,0.3,60.44444444444444
2026-08-22,wk inc covid hosp,1,2026-08-29,72,quantile,0.35,64.66666666666667
2026-08-22,wk inc covid hosp,1,2026-08-29,72,quantile,0.4,68.77777777777777
2026-08-22,wk inc covid hosp,1,2026-08-29,72,quantile,0.45,71.88888888888889
2026-08-22,wk inc covid hosp,1,2026-08-29,72,quantile,0.5,75.77777777777777
2026-08-22,wk inc covid hosp,1,2026-08-29,72,quantile,0.55,79.55555555555556
2026-08-22,wk inc covid hosp,1,2026-08-29,72,quantile,0.6,83.33333333333333
2026-08-22,wk inc covid hosp,1,2026-08-29,72,quantile,0.65,86.03888888888889
2026-08-22,wk inc covid hosp,1,2026-08-29,72,quantile,0.7,89.77777777777777
2026-08-22,wk inc covid hosp,1,2026-08-29,72,quantile,0.75,94.22222222222223
2026-08-22,wk inc covid hosp,1,2026-08-29,72,quantile,0.8,100.88888888888889
2026-08-22,wk inc covid hosp,1,2026-08-29,72,quantile,0.85,109.22222222222223
2026-08-22,wk inc covid hosp,1,2026-08-29,72,quantile,0.9,119.56666666666666
2026-08-22,wk inc covid hosp,1,2026-08-29,72,quantile,0.95,139.5611111111111
2026-08-22,wk inc covid hosp,1,2026-08-29,72,quantile,0.975,157.5027777777778
2026-08-22,wk inc covid hosp,1,2026-08-29,72,quantile,0.99,202.33333333333334
2026-08-22,wk inc covid hosp,2,2026-09-05,01,quantile,0.01,20.105555555555554
2026-08-22,wk inc covid hosp,2,2026-09-05,01,quantile,0.025,26.22222222222222
2026-08-22,wk inc covid hosp,2,2026-09-05,01,quantile,0.05,31.22222222222222
2026-08-22,wk inc covid hosp,2,2026-09-05,01,quantile,0.1,38.666666666666664
2026-08-22,wk inc covid hosp,2,2026-09-05,01,quantile,0.15,46.44444444444444
2026-08-22,wk inc covid hosp,2,2026-09-05,01,quantile,0.2,50.888888888888886
2026-08-22,wk inc covid hosp,2,2026-09-05,01,quantile,0.25,55.44444444444444
2026-08-22,wk inc covid hosp,2,2026-09-05,01,quantile,0.3,60.111111111111114
2026-08-22,wk inc covid hosp,2,2026-09-05,01,quantile,0.35,64.55555555555556
2026-08-22,wk inc covid hosp,2,2026-09-05,01,quantile,0.4,67.88888888888889
2026-08-22,wk inc covid hosp,2,2026-09-05,01,quantile,0.45,70.44444444444444
2026-08-22,wk inc covid hosp,2,2026-09-05,01,quantile,0.5,73.33333333333333
2026-08-22,wk inc covid hosp,2,2026-09-05,01,quantile,0.55,75.55555555555556
2026-08-22,wk inc covid hosp,2,2026-09-05,01,quantile,0.6,78.44444444444444
2026-08-22,wk inc covid hosp,2,2026-09-05,01,quantile,0.65,80.88888888888889
2026-08-22,wk inc covid hosp,2,2026-09-05,01,quantile,0.7,86.0
2026-08-22,wk inc covid hosp,2,2026-09-05,01,quantile,0.75,90.33333333333333
2026-08-22,wk inc covid hosp,2,2026-09-05,01,quantile,0.8,95.22222222222223
2026-08-22,wk inc covid hosp,2,2026-09-05,01,quantile,0.85,102.23888888888888
2026-08-22,wk inc covid hosp,2,2026-09-05,01,quantile,0.9,113.44444444444444
2026-08-22,wk inc covid hosp,2,2026-09-05,01,quantile,0.95,132.55555555555554
2026-08-22,wk inc covid hosp,2,2026-09-05,01,quantile,0.975,153.88888888888889
2026-08-22,wk inc covid hosp,2,2026-09-05,01,quantile,0.99,180.89888888888888
2026-08-22,wk inc covid hosp,2,2026-09-05,02,quantile,0.01,0.2222222222222222
2026-08-22,wk inc covid hosp,2,2026-09-05,02,quantile,0.025,0.7777777777777778
2026-08-22,wk inc covid hosp,2,2026-09-05,02,quantile,0.05,1.0
2026-08-22,wk inc covid hosp,2,2026-09-05,02,quantile,0.1,1.7777777777777777
2026-08-22,wk inc covid hosp,2,2026-09-05,02,quantile,0.15,2.0
2026-08-22,wk inc covid hosp,2,2026-09-05,02,quantile,0.2,2.6666666666666665
2026-08-22,wk inc covid hosp,2,2026-09-05,02,quantile,0.25,2.7777777777777777
2026-08-22,wk inc covid hosp,2,2026-09-05,02,quantile,0.3,3.3333333333333335
2026-08-22,wk inc covid hosp,2,2026-09-05,02,quantile,0.35,3.5555555555555554
2026-08-22,wk inc covid hosp,2,2026-09-05,02,quantile,0.4,3.6666666666666665
2026-08-22,wk inc covid hosp,2,2026-09-05,02,quantile,0.45,4.111111111111111
2026-08-22,wk inc covid hosp,2,2026-09-05,02,quantile,0.5,4.333333333333333
2026-08-22,wk inc covid hosp,2,2026-09-05,02,quantile,0.55,4.555555555555555
2026-08-22,wk inc covid hosp,2,2026-09-05,02,quantile,0.6,5.111111111111111
2026-08-22,wk inc covid hosp,2,2026-09-05,02,quantile,0.65,5.666666666666667
2026-08-22,wk inc covid hosp,2,2026-09-05,02,quantile,0.7,6.555555555555555
2026-08-22,wk inc covid hosp,2,2026-09-05,02,quantile,0.75,7.111111111111111
2026-08-22,wk inc covid hosp,2,2026-09-05,02,quantile,0.8,7.888888888888889
2026-08-22,wk inc covid hosp,2,2026-09-05,02,quantile,0.85,9.444444444444445
2026-08-22,wk inc covid hosp,2,2026-09-05,02,quantile,0.9,11.444444444444445
2026-08-22,wk inc covid hosp,2,2026-09-05,02,quantile,0.95,15.444444444444445
2026-08-22,wk inc covid hosp,2,2026-09-05,02,quantile,0.975,20.22222222222222
2026-08-22,wk inc covid hosp,2,2026-09-05,02,quantile,0.99,29.88888888888889
2026-08-22,wk inc covid hosp,2,2026-09-05,04,quantile,0.01,16.99888888888889
2026-08-22,wk inc covid hosp,2,2026-09-05,04,quantile,0.025,22.275
2026-08-22,wk inc covid hosp,2,2026-09-05,04,quantile,0.05,27.772222222222222
2026-08-22,wk inc covid hosp,2,2026-09-05,04,quantile,0.1,35.0
2026-08-22,wk inc covid hosp,2,2026-09-05,04,quantile,0.15,40.333333333333336
2026-08-22,wk inc covid hosp,2,2026-09-05,04,quantile,0.2,45.333333333333336
2026-08-22,wk inc covid hosp,2,2026-09-05,04,quantile,0.25,47.333333333333336
2026-08-22,wk inc covid hosp,2,2026-09-05,04,quantile,0.3,49.111111111111114
2026-08-22,wk inc covid hosp,2,2026-09-05,04,quantile,0.35,51.333333333333336
2026-08-22,wk inc covid hosp,2,2026-09-05,04,quantile,0.4,53.111111111111114
2026-08-22,wk inc covid hosp,2,2026-09-05,04,quantile,0.45,55.394444444444446
2026-08-22,wk inc covid hosp,2,2026-09-05,04,quantile,0.5,57.111111111111114
2026-08-22,wk inc covid hosp,2,2026-09-05,04,quantile,0.55,59.333333333333336
2026-08-22,wk inc covid hosp,2,2026-09-05,04,quantile,0.6,61.77777777777778
2026-08-22,wk inc covid hosp,2,2026-09-05,04,quantile,0.65,64.22222222222223
2026-08-22,wk inc covid hosp,2,2026-09-05,04,quantile,0.7,67.33333333333333
2026-08-22,wk inc covid hosp,2,2026-09-05,04,quantile,0.75,70.66666666666667
2026-08-22,wk inc covid hosp,2,2026-09-05,04,quantile,0.8,73.77777777777777
2026-08-22,wk inc covid hosp,2,2026-09-05,04,quantile,0.85,80.23888888888888
2026-08-22,wk inc covid hosp,2,2026-09-05,04,quantile,0.9,88.9
2026-08-22,wk inc covid hosp,2,2026-09-05,04,quantile,0.95,102.67222222222222
2026-08-22,wk inc covid hosp,2,2026-09-05,04,quantile,0.975,123.67222222222222
2026-08-22,wk inc covid hosp,2,2026-09-05,04,quantile,0.99,163.79222222222222
2026-08-22,wk inc covid hosp,2,2026-09-05,05,quantile,0.01,3.0
2026-08-22,wk inc covid hosp,2,2026-09-05,05,quantile,0.025,4.666666666666667
2026-08-22,wk inc covid hosp,2,2026-09-05,05,quantile,0.05,6.333333333333333
2026-08-22,wk inc covid hosp,2,2026-09-05,05,quantile,0.1,8.555555555555555
2026-08-22,wk inc covid hosp,2,2026-09-05,05,quantile,0.15,10.11111111111111
2026-08-22,wk inc covid hosp,2,2026-09-05,05,quantile,0.2,11.555555555555555
2026-08-22,wk inc covid hosp,2,2026-09-05,05,quantile,0.25,12.777777777777779
2026-08-22,wk inc covid hosp,2,2026-09-05,05,quantile,0.3,13.88888888888889
2026-08-22,wk inc covid hosp,2,2026-09-05,05,quantile,0.35,14.777777777777779
2026-08-22,wk inc covid hosp,2,2026-09-05,05,quantile,0.4,15.666666666666666
2026-08-22,wk inc covid hosp,2,2026-09-05,05,quantile,0.45,16.444444444444443
2026-08-22,wk inc covid hosp,2,2026-09-05,05,quantile,0.5,17.555555555555557
2026-08-22,wk inc covid hosp,2,2026-09-05,05,quantile,0.55,18.666666666666668
2026-08-22,wk inc covid hosp,2,2026-09-05,05,quantile,0.6,20.11111111111111
2026-08-22,wk inc covid hosp,2,2026-09-05,05,quantile,0.65,21.22222222222222
2026-08-22,wk inc covid hosp,2,2026-09-05,05,quantile,0.7,23.0
2026-08-22,wk inc covid hosp,2,2026-09-05,05,quantile,0.75,24.88888888888889
2026-08-22,wk inc covid hosp,2,2026-09-05,05,quantile,0.8,26.555555555555557
2026-08-22,wk inc covid hosp,2,2026-09-05,05,quantile,0.85,28.88888888888889
2026-08-22,wk inc covid hosp,2,2026-09-05,05,quantile,0.9,33.44444444444444
2026-08-22,wk inc covid hosp,2,2026-09-05,05,quantile,0.95,40.666666666666664
2026-08-22,wk inc covid hosp,2,2026-09-05,05,quantile,0.975,49.44444444444444
2026-08-22,wk inc covid hosp,2,2026-09-05,05,quantile,0.99,66.6711111111111
2026-08-22,wk inc covid hosp,2,2026-09-05,06,quantile,0.01,191.50333333333333
2026-08-22,wk inc covid hosp,2,2026-09-05,06,quantile,0.025,231.10555555555553
2026-08-22,wk inc covid hosp,2,2026-09-05,06,quantile,0.05,265.6666666666667
2026-08-22,wk inc covid hosp,2,2026-09-05,06,quantile,0.1,313.1
2026-08-22,wk inc covid hosp,2,2026-09-05,06,quantile,0.15,345.77777777777777
2026-08-22,wk inc covid hosp,2,2026-09-05,06,quantile,0.2,369.31111111111113
2026-08-22,wk inc covid hosp,2,2026-09-05,06,quantile,0.25,394.27777777777777
2026-08-22,wk inc covid hosp,2,2026-09-05,06,quantile,0.3,412.5222222222222
2026-08-22,wk inc covid hosp,2,2026-09-05,06,quantile,0.35,424.07222222222225
2026-08-22,wk inc covid hosp,2,2026-09-05,06,quantile,0.4,440.6666666666667
2026-08-22,wk inc covid hosp,2,2026-09-05,06,quantile,0.45,452.22222222222223
2026-08-22,wk inc covid hosp,2,2026-09-05,06,quantile,0.5,460.22222222222223
2026-08-22,wk inc covid hosp,2,2026-09-05,06,quantile,0.55,470.44444444444446
2026-08-22,wk inc covid hosp,2,2026-09-05,06,quantile,0.6,480.8888888888889
2026-08-22,wk inc covid hosp,2,2026-09-05,06,quantile,0.65,495.48333333333335
2026-08-22,wk inc covid hosp,2,2026-09-05,06,quantile,0.7,512.4444444444445
2026-08-22,wk inc covid hosp,2,2026-09-05,06,quantile,0.75,528.9166666666666
2026-08-22,wk inc covid hosp,2,2026-09-05,06,quantile,0.8,551.3555555555555
2026-08-22,wk inc covid hosp,2,2026-09-05,06,quantile,0.85,577.1444444444445
2026-08-22,wk inc covid hosp,2,2026-09-05,06,quantile,0.9,627.411111111111
2026-08-22,wk inc covid hosp,2,2026-09-05,06,quantile,0.95,700.311111111111
2026-08-22,wk inc covid hosp,2,2026-09-05,06,quantile,0.975,797.65
2026-08-22,wk inc covid hosp,2,2026-09-05,06,quantile,0.99,946.4322222222222
2026-08-22,wk inc covid hosp,2,2026-09-05,08,quantile,0.01,3.7777777777777777
2026-08-22,wk inc covid hosp,2,2026-09-05,08,quantile,0.025,5.777777777777778
2026-08-22,wk inc covid hosp,2,2026-09-05,08,quantile,0.05,7.555555555555555
2026-08-22,wk inc covid hosp,2,2026-09-05,08,quantile,0.1,9.88888888888889
2026-08-22,wk inc covid hosp,2,2026-09-05,08,quantile,0.15,12.0
2026-08-22,wk inc covid hosp,2,2026-09-05,08,quantile,0.2,13.666666666666666
2026-08-22,wk inc covid hosp,2,2026-09-05,08,quantile,0.25,15.11111111111111
2026-08-22,wk inc covid hosp,2,2026-09-05,08,quantile,0.3,16.666666666666668
2026-08-22,wk inc covid hosp,2,2026-09-05,08,quantile,0.35,17.666666666666668
2026-08-22,wk inc covid hosp,2,2026-09-05,08,quantile,0.4,18.333333333333332
2026-08-22,wk inc covid hosp,2,2026-09-05,08,quantile,0.45,19.333333333333332
2026-08-22,wk inc covid hosp,2,2026-09-05,08,quantile,0.5,20.444444444444443
2026-08-22,wk inc covid hosp,2,2026-09-05,08,quantile,0.55,21.555555555555557
2026-08-22,wk inc covid hosp,2,2026-09-05,08,quantile,0.6,22.666666666666668
2026-08-22,wk inc covid hosp,2,2026-09-05,08,quantile,0.65,23.77777777777778
2026-08-22,wk inc covid hosp,2,2026-09-05,08,quantile,0.7,25.333333333333332
2026-08-22,wk inc covid hosp,2,2026-09-05,08,quantile,0.75,27.88888888888889
2026-08-22,wk inc covid hosp,2,2026-09-05,08,quantile,0.8,29.88888888888889
2026-08-22,wk inc covid hosp,2,2026-09-05,08,quantile,0.85,33.333333333333336
2026-08-22,wk inc covid hosp,2,2026-09-05,08,quantile,0.9,38.333333333333336
2026-08-22,wk inc covid hosp,2,2026-09-05,08,quantile,0.95,46.666666666666664
2026-08-22,wk inc covid hosp,2,2026-09-05,08,quantile,0.975,60.50277777777777
2026-08-22,wk inc covid hosp,2,2026-09-05,08,quantile,0.99,85.34222222222222
2026-08-22,wk inc covid hosp,2,2026-09-05,09,quantile,0.01,1.6666666666666667
2026-08-22,wk inc covid hosp,2,2026-09-05,09,quantile,0.025,2.7777777777777777
2026-08-22,wk inc covid hosp,2,2026-09-05,09,quantile,0.05,3.6666666666666665
2026-08-22,wk inc covid hosp,2,2026-09-05,09,quantile,0.1,5.111111111111111
2026-08-22,wk inc covid hosp,2,2026-09-05,09,quantile,0.15,6.333333333333333
2026-08-22,wk inc covid hosp,2,2026-09-05,09,quantile,0.2,7.222222222222222
2026-08-22,wk inc covid hosp,2,2026-09-05,09,quantile,0.25,7.888888888888889
2026-08-22,wk inc covid hosp,2,2026-09-05,09,quantile,0.3,8.666666666666666
2026-08-22,wk inc covid hosp,2,2026-09-05,09,quantile,0.35,9.333333333333334
2026-08-22,wk inc covid hosp,2,2026-09-05,09,quantile,0.4,10.0
2026-08-22,wk inc covid hosp,2,2026-09-05,09,quantile,0.45,10.777777777777779
2026-08-22,wk inc covid hosp,2,2026-09-05,09,quantile,0.5,12.0
2026-08-22,wk inc covid hosp,2,2026-09-05,09,quantile,0.55,12.777777777777779
2026-08-22,wk inc covid hosp,2,2026-09-05,09,quantile,0.6,13.333333333333334
2026-08-22,wk inc covid hosp,2,2026-09-05,09,quantile,0.65,14.444444444444445
2026-08-22,wk inc covid hosp,2,2026-09-05,09,quantile,0.7,15.444444444444445
2026-08-22,wk inc covid hosp,2,2026-09-05,09,quantile,0.75,17.0
2026-08-22,wk inc covid hosp,2,2026-09-05,09,quantile,0.8,18.666666666666668
2026-08-22,wk inc covid hosp,2,2026-09-05,09,quantile,0.85,21.22222222222222
2026-08-22,wk inc covid hosp,2,2026-09-05,09,quantile,0.9,24.666666666666668
2026-08-22,wk inc covid hosp,2,2026-09-05,09,quantile,0.95,30.77777777777778
2026-08-22,wk inc covid hosp,2,2026-09-05,09,quantile,0.975,39.50277777777777
2026-08-22,wk inc covid hosp,2,2026-09-05,09,quantile,0.99,59.449999999999996
2026-08-22,wk inc covid hosp,2,2026-09-05,10,quantile,0.01,0.1111111111111111
2026-08-22,wk inc covid hosp,2,2026-09-05,10,quantile,0.025,0.3333333333333333
2026-08-22,wk inc covid hosp,2,2026-09-05,10,quantile,0.05,0.4444444444444444
2026-08-22,wk inc covid hosp,2,2026-09-05,10,quantile,0.1,1.3333333333333333
2026-08-22,wk inc covid hosp,2,2026-09-05,10,quantile,0.15,1.7777777777777777
2026-08-22,wk inc covid hosp,2,2026-09-05,10,quantile,0.2,2.0
2026-08-22,wk inc covid hosp,2,2026-09-05,10,quantile,0.25,2.3333333333333335
2026-08-22,wk inc covid hosp,2,2026-09-05,10,quantile,0.3,2.7777777777777777
2026-08-22,wk inc covid hosp,2,2026-09-05,10,quantile,0.35,3.0
2026-08-22,wk inc covid hosp,2,2026-09-05,10,quantile,0.4,3.111111111111111
2026-08-22,wk inc covid hosp,2,2026-09-05,10,quantile,0.45,3.5555555555555554
2026-08-22,wk inc covid hosp,2,2026-09-05,10,quantile,0.5,3.888888888888889
2026-08-22,wk inc covid hosp,2,2026-09-05,10,quantile,0.55,4.333333333333333
2026-08-22,wk inc covid hosp,2,2026-09-05,10,quantile,0.6,5.0
2026-08-22,wk inc covid hosp,2,2026-09-05,10,quantile,0.65,5.333333333333333
2026-08-22,wk inc covid hosp,2,2026-09-05,10,quantile,0.7,6.0
2026-08-22,wk inc covid hosp,2,2026-09-05,10,quantile,0.75,6.555555555555555
2026-08-22,wk inc covid hosp,2,2026-09-05,10,quantile,0.8,7.555555555555555
2026-08-22,wk inc covid hosp,2,2026-09-05,10,quantile,0.85,8.777777777777779
2026-08-22,wk inc covid hosp,2,2026-09-05,10,quantile,0.9,11.11111111111111
2026-08-22,wk inc covid hosp,2,2026-09-05,10,quantile,0.95,15.222222222222221
2026-08-22,wk inc covid hosp,2,2026-09-05,10,quantile,0.975,20.88888888888889
2026-08-22,wk inc covid hosp,2,2026-09-05,10,quantile,0.99,31.0
2026-08-22,wk inc covid hosp,2,2026-09-05,11,quantile,0.01,0.6666666666666666
2026-08-22,wk inc covid hosp,2,2026-09-05,11,quantile,0.025,1.0
2026-08-22,wk inc covid hosp,2,2026-09-05,11,quantile,0.05,1.2222222222222223
2026-08-22,wk inc covid hosp,2,2026-09-05,11,quantile,0.1,2.4444444444444446
2026-08-22,wk inc covid hosp,2,2026-09-05,11,quantile,0.15,3.0
2026-08-22,wk inc covid hosp,2,2026-09-05,11,quantile,0.2,3.888888888888889
2026-08-22,wk inc covid hosp,2,2026-09-05,11,quantile,0.25,4.222222222222222
2026-08-22,wk inc covid hosp,2,2026-09-05,11,quantile,0.3,4.555555555555555
2026-08-22,wk inc covid hosp,2,2026-09-05,11,quantile,0.35,5.111111111111111
2026-08-22,wk inc covid hosp,2,2026-09-05,11,quantile,0.4,5.444444444444445
2026-08-22,wk inc covid hosp,2,2026-09-05,11,quantile,0.45,6.0
2026-08-22,wk inc covid hosp,2,2026-09-05,11,quantile,0.5,6.222222222222222
2026-08-22,wk inc covid hosp,2,2026-09-05,11,quantile,0.55,7.0
2026-08-22,wk inc covid hosp,2,2026-09-05,11,quantile,0.6,7.333333333333333
2026-08-22,wk inc covid hosp,2,2026-09-05,11,quantile,0.65,8.0
2026-08-22,wk inc covid hosp,2,2026-09-05,11,quantile,0.7,8.555555555555555
2026-08-22,wk inc covid hosp,2,2026-09-05,11,quantile,0.75,9.666666666666666
2026-08-22,wk inc covid hosp,2,2026-09-05,11,quantile,0.8,10.777777777777779
2026-08-22,wk inc covid hosp,2,2026-09-05,11,quantile,0.85,12.11111111111111
2026-08-22,wk inc covid hosp,2,2026-09-05,11,quantile,0.9,14.666666666666666
2026-08-22,wk inc covid hosp,2,2026-09-05,11,quantile,0.95,18.88888888888889
2026-08-22,wk inc covid hosp,2,2026-09-05,11,quantile,0.975,23.83611111111111
2026-08-22,wk inc covid hosp,2,2026-09-05,11,quantile,0.99,33.0
2026-08-22,wk inc covid hosp,2,2026-09-05,12,quantile,0.01,128.87
2026-08-22,wk inc covid hosp,2,2026-09-05,12,quantile,0.025,158.26388888888889
2026-08-22,wk inc covid hosp,2,2026-09-05,12,quantile,0.05,185.0
2026-08-22,wk inc covid hosp,2,2026-09-05,12,quantile,0.1,214.42222222222222
2026-08-22,wk inc covid hosp,2,2026-09-05,12,quantile,0.15,241.42777777777778
2026-08-22,wk inc covid hosp,2,2026-09-05,12,quantile,0.2,262.6222222222222
2026-08-22,wk inc covid hosp,2,2026-09-05,12,quantile,0.25,280.6666666666667
2026-08-22,wk inc covid hosp,2,2026-09-05,12,quantile,0.3,295.0
2026-08-22,wk inc covid hosp,2,2026-09-05,12,quantile,0.35,310.6666666666667
2026-08-22,wk inc covid hosp,2,2026-09-05,12,quantile,0.4,323.77777777777777
2026-08-22,wk inc covid hosp,2,2026-09-05,12,quantile,0.45,332.1111111111111
2026-08-22,wk inc covid hosp,2,2026-09-05,12,quantile,0.5,341.3333333333333
2026-08-22,wk inc covid hosp,2,2026-09-05,12,quantile,0.55,352.55555555555554
2026-08-22,wk inc covid hosp,2,2026-09-05,12,quantile,0.6,360.93333333333334
2026-08-22,wk inc covid hosp,2,2026-09-05,12,quantile,0.65,372.22222222222223
2026-08-22,wk inc covid hosp,2,2026-09-05,12,quantile,0.7,390.55555555555554
2026-08-22,wk inc covid hosp,2,2026-09-05,12,quantile,0.75,413.3611111111111
2026-08-22,wk inc covid hosp,2,2026-09-05,12,quantile,0.8,435.77777777777777
2026-08-22,wk inc covid hosp,2,2026-09-05,12,quantile,0.85,467.7944444444444
2026-08-22,wk inc covid hosp,2,2026-09-05,12,quantile,0.9,510.05555555555554
2026-08-22,wk inc covid hosp,2,2026-09-05,12,quantile,0.95,606.2277777777778
2026-08-22,wk inc covid hosp,2,2026-09-05,12,quantile,0.975,699.9000000000001
2026-08-22,wk inc covid hosp,2,2026-09-05,12,quantile,0.99,823.4766666666667
2026-08-22,wk inc covid hosp,2,2026-09-05,13,quantile,0.01,28.332222222222224
2026-08-22,wk inc covid hosp,2,2026-09-05,13,quantile,0.025,38.66111111111111
2026-08-22,wk inc covid hosp,2,2026-09-05,13,quantile,0.05,46.99444444444444
2026-08-22,wk inc covid hosp,2,2026-09-05,13,quantile,0.1,56.87777777777777
2026-08-22,wk inc covid hosp,2,2026-09-05,13,quantile,0.15,64.66666666666667
2026-08-22,wk inc covid hosp,2,2026-09-05,13,quantile,0.2,72.0
2026-08-22,wk inc covid hosp,2,2026-09-05,13,quantile,0.25,77.88888888888889
2026-08-22,wk inc covid hosp,2,2026-09-05,13,quantile,0.3,81.44444444444444
2026-08-22,wk inc covid hosp,2,2026-09-05,13,quantile,0.35,85.44444444444444
2026-08-22,wk inc covid hosp,2,2026-09-05,13,quantile,0.4,88.88888888888889
2026-08-22,wk inc covid hosp,2,2026-09-05,13,quantile,0.45,92.44444444444444
2026-08-22,wk inc covid hosp,2,2026-09-05,13,quantile,0.5,96.77777777777777
2026-08-22,wk inc covid hosp,2,2026-09-05,13,quantile,0.55,100.88888888888889
2026-08-22,wk inc covid hosp,2,2026-09-05,13,quantile,0.6,105.0
2026-08-22,wk inc covid hosp,2,2026-09-05,13,quantile,0.65,110.0
2026-08-22,wk inc covid hosp,2,2026-09-05,13,quantile,0.7,118.33333333333333
2026-08-22,wk inc covid hosp,2,2026-09-05,13,quantile,0.75,125.88888888888889
2026-08-22,wk inc covid hosp,2,2026-09-05,13,quantile,0.8,132.33333333333334
2026-08-22,wk inc covid hosp,2,2026-09-05,13,quantile,0.85,140.79444444444445
2026-08-22,wk inc covid hosp,2,2026-09-05,13,quantile,0.9,156.1222222222222
2026-08-22,wk inc covid hosp,2,2026-09-05,13,quantile,0.95,195.56666666666666
2026-08-22,wk inc covid hosp,2,2026-09-05,13,quantile,0.975,233.94722222222222
2026-08-22,wk inc covid hosp,2,2026-09-05,13,quantile,0.99,293.22444444444443
2026-08-22,wk inc covid hosp,2,2026-09-05,15,quantile,0.01,4.998888888888889
2026-08-22,wk inc covid hosp,2,2026-09-05,15,quantile,0.025,6.555555555555555
2026-08-22,wk inc covid hosp,2,2026-09-05,15,quantile,0.05,8.333333333333334
2026-08-22,wk inc covid hosp,2,2026-09-05,15,quantile,0.1,10.544444444444444
2026-08-22,wk inc covid hosp,2,2026-09-05,15,quantile,0.15,12.333333333333334
2026-08-22,wk inc covid hosp,2,2026-09-05,15,quantile,0.2,13.777777777777779
2026-08-22,wk inc covid hosp,2,2026-09-05,15,quantile,0.25,15.222222222222221
2026-08-22,wk inc covid hosp,2,2026-09-05,15,quantile,0.3,16.555555555555557
2026-08-22,wk inc covid hosp,2,2026-09-05,15,quantile,0.35,18.0
2026-08-22,wk inc covid hosp,2,2026-09-05,15,quantile,0.4,19.0
2026-08-22,wk inc covid hosp,2,2026-09-05,15,quantile,0.45,20.11111111111111
2026-08-22,wk inc covid hosp,2,2026-09-05,15,quantile,0.5,21.333333333333332
2026-08-22,wk inc covid hosp,2,2026-09-05,15,quantile,0.55,22.11111111111111
2026-08-22,wk inc covid hosp,2,2026-09-05,15,quantile,0.6,23.555555555555557
2026-08-22,wk inc covid hosp,2,2026-09-05,15,quantile,0.65,24.555555555555557
2026-08-22,wk inc covid hosp,2,2026-09-05,15,quantile,0.7,26.666666666666668
2026-08-22,wk inc covid hosp,2,2026-09-05,15,quantile,0.75,28.333333333333332
2026-08-22,wk inc covid hosp,2,2026-09-05,15,quantile,0.8,31.0
2026-08-22,wk inc covid hosp,2,2026-09-05,15,quantile,0.85,33.55555555555556
2026-08-22,wk inc covid hosp,2,2026-09-05,15,quantile,0.9,38.0
2026-08-22,wk inc covid hosp,2,2026-09-05,15,quantile,0.95,49.12222222222221
2026-08-22,wk inc covid hosp,2,2026-09-05,15,quantile,0.975,62.61388888888889
2026-08-22,wk inc covid hosp,2,2026-09-05,15,quantile,0.99,81.88888888888889
2026-08-22,wk inc covid hosp,2,2026-09-05,16,quantile,0.01,0.2222222222222222
2026-08-22,wk inc covid hosp,2,2026-09-05,16,quantile,0.025,0.5555555555555556
2026-08-22,wk inc covid hosp,2,2026-09-05,16,quantile,0.05,1.0
2026-08-22,wk inc covid hosp,2,2026-09-05,16,quantile,0.1,1.8888888888888888
2026-08-22,wk inc covid hosp,2,2026-09-05,16,quantile,0.15,2.4444444444444446
2026-08-22,wk inc covid hosp,2,2026-09-05,16,quantile,0.2,3.0
2026-08-22,wk inc covid hosp,2,2026-09-05,16,quantile,0.25,3.5555555555555554
2026-08-22,wk inc covid hosp,2,2026-09-05,16,quantile,0.3,4.0
2026-08-22,wk inc covid hosp,2,2026-09-05,16,quantile,0.35,4.333333333333333
2026-08-22,wk inc covid hosp,2,2026-09-05,16,quantile,0.4,5.0
2026-08-22,wk inc covid hosp,2,2026-09-05,16,quantile,0.45,5.555555555555555
2026-08-22,wk inc covid hosp,2,2026-09-05,16,quantile,0.5,6.444444444444445
2026-08-22,wk inc covid hosp,2,2026-09-05,16,quantile,0.55,7.111111111111111
2026-08-22,wk inc covid hosp,2,2026-09-05,16,quantile,0.6,7.555555555555555
2026-08-22,wk inc covid hosp,2,2026-09-05,16,quantile,0.65,8.666666666666666
2026-08-22,wk inc covid hosp,2,2026-09-05,16,quantile,0.7,9.777777777777779
2026-08-22,wk inc covid hosp,2,2026-09-05,16,quantile,0.75,10.88888888888889
2026-08-22,wk inc covid hosp,2,2026-09-05,16,quantile,0.8,12.222222222222221
2026-08-22,wk inc covid hosp,2,2026-09-05,16,quantile,0.85,14.777777777777779
2026-08-22,wk inc covid hosp,2,2026-09-05,16,quantile,0.9,17.77777777777778
2026-08-22,wk inc covid hosp,2,2026-09-05,16,quantile,0.95,25.444444444444443
2026-08-22,wk inc covid hosp,2,2026-09-05,16,quantile,0.975,36.111111111111114
2026-08-22,wk inc covid hosp,2,2026-09-05,16,quantile,0.99,52.55555555555556
2026-08-22,wk inc covid hosp,2,2026-09-05,17,quantile,0.01,13.777777777777779
2026-08-22,wk inc covid hosp,2,2026-09-05,17,quantile,0.025,18.22222222222222
2026-08-22,wk inc covid hosp,2,2026-09-05,17,quantile,0.05,21.0
2026-08-22,wk inc covid hosp,2,2026-09-05,17,quantile,0.1,27.77777777777778
2026-08-22,wk inc covid hosp,2,2026-09-05,17,quantile,0.15,33.22222222222222
2026-08-22,wk inc covid hosp,2,2026-09-05,17,quantile,0.2,37.888888888888886
2026-08-22,wk inc covid hosp,2,2026-09-05,17,quantile,0.25,41.0
2026-08-22,wk inc covid hosp,2,2026-09-05,17,quantile,0.3,44.333333333333336
2026-08-22,wk inc covid hosp,2,2026-09-05,17,quantile,0.35,46.888888888888886
2026-08-22,wk inc covid hosp,2,2026-09-05,17,quantile,0.4,49.44444444444444
2026-08-22,wk inc covid hosp,2,2026-09-05,17,quantile,0.45,52.0
2026-08-22,wk inc covid hosp,2,2026-09-05,17,quantile,0.5,55.22222222222222
2026-08-22,wk inc covid hosp,2,2026-09-05,17,quantile,0.55,57.44444444444444
2026-08-22,wk inc covid hosp,2,2026-09-05,17,quantile,0.6,60.0
2026-08-22,wk inc covid hosp,2,2026-09-05,17,quantile,0.65,62.705555555555556
2026-08-22,wk inc covid hosp,2,2026-09-05,17,quantile,0.7,66.77777777777777
2026-08-22,wk inc covid hosp,2,2026-09-05,17,quantile,0.75,71.88888888888889
2026-08-22,wk inc covid hosp,2,2026-09-05,17,quantile,0.8,76.77777777777777
2026-08-22,wk inc covid hosp,2,2026-09-05,17,quantile,0.85,82.88888888888889
2026-08-22,wk inc covid hosp,2,2026-09-05,17,quantile,0.9,94.0
2026-08-22,wk inc covid hosp,2,2026-09-05,17,quantile,0.95,109.55555555555556
2026-08-22,wk inc covid hosp,2,2026-09-05,17,quantile,0.975,134.22777777777776
2026-08-22,wk inc covid hosp,2,2026-09-05,17,quantile,0.99,188.4488888888889
2026-08-22,wk inc covid hosp,2,2026-09-05,18,quantile,0.01,6.666666666666667
2026-08-22,wk inc covid hosp,2,2026-09-05,18,quantile,0.025,10.0
2026-08-22,wk inc covid hosp,2,2026-09-05,18,quantile,0.05,11.88888888888889
2026-08-22,wk inc covid hosp,2,2026-09-05,18,quantile,0.1,17.0
2026-08-22,wk inc covid hosp,2,2026-09-05,18,quantile,0.15,19.77777777777778
2026-08-22,wk inc covid hosp,2,2026-09-05,18,quantile,0.2,22.666666666666668
2026-08-22,wk inc covid hosp,2,2026-09-05,18,quantile,0.25,24.77777777777778
2026-08-22,wk inc covid hosp,2,2026-09-05,18,quantile,0.3,26.444444444444443
2026-08-22,wk inc covid hosp,2,2026-09-05,18,quantile,0.35,27.666666666666668
2026-08-22,wk inc covid hosp,2,2026-09-05,18,quantile,0.4,29.333333333333332
2026-08-22,wk inc covid hosp,2,2026-09-05,18,quantile,0.45,31.333333333333332
2026-08-22,wk inc covid hosp,2,2026-09-05,18,quantile,0.5,33.0
2026-08-22,wk inc covid hosp,2,2026-09-05,18,quantile,0.55,35.111111111111114
2026-08-22,wk inc covid hosp,2,2026-09-05,18,quantile,0.6,36.48888888888889
2026-08-22,wk inc covid hosp,2,2026-09-05,18,quantile,0.65,38.22222222222222
2026-08-22,wk inc covid hosp,2,2026-09-05,18,quantile,0.7,40.888888888888886
2026-08-22,wk inc covid hosp,2,2026-09-05,18,quantile,0.75,44.888888888888886
2026-08-22,wk inc covid hosp,2,2026-09-05,18,quantile,0.8,48.111111111111114
2026-08-22,wk inc covid hosp,2,2026-09-05,18,quantile,0.85,52.111111111111114
2026-08-22,wk inc covid hosp,2,2026-09-05,18,quantile,0.9,59.34444444444445
2026-08-22,wk inc covid hosp,2,2026-09-05,18,quantile,0.95,73.00555555555555
2026-08-22,wk inc covid hosp,2,2026-09-05,18,quantile,0.975,91.88888888888889
2026-08-22,wk inc covid hosp,2,2026-09-05,18,quantile,0.99,121.90333333333332
2026-08-22,wk inc covid hosp,2,2026-09-05,19,quantile,0.01,0.7777777777777778
2026-08-22,wk inc covid hosp,2,2026-09-05,19,quantile,0.025,1.3333333333333333
2026-08-22,wk inc covid hosp,2,2026-09-05,19,quantile,0.05,1.8888888888888888
2026-08-22,wk inc covid hosp,2,2026-09-05,19,quantile,0.1,3.4444444444444446
2026-08-22,wk inc covid hosp,2,2026-09-05,19,quantile,0.15,4.333333333333333
2026-08-22,wk inc covid hosp,2,2026-09-05,19,quantile,0.2,5.0
2026-08-22,wk inc covid hosp,2,2026-09-05,19,quantile,0.25,5.555555555555555
2026-08-22,wk inc covid hosp,2,2026-09-05,19,quantile,0.3,6.333333333333333
2026-08-22,wk inc covid hosp,2,2026-09-05,19,quantile,0.35,6.888888888888889
2026-08-22,wk inc covid hosp,2,2026-09-05,19,quantile,0.4,7.777777777777778
2026-08-22,wk inc covid hosp,2,2026-09-05,19,quantile,0.45,8.11111111111111
2026-08-22,wk inc covid hosp,2,2026-09-05,19,quantile,0.5,8.88888888888889
2026-08-22,wk inc covid hosp,2,2026-09-05,19,quantile,0.55,9.777777777777779
2026-08-22,wk inc covid hosp,2,2026-09-05,19,quantile,0.6,10.222222222222221
2026-08-22,wk inc covid hosp,2,2026-09-05,19,quantile,0.65,11.88888888888889
2026-08-22,wk inc covid hosp,2,2026-09-05,19,quantile,0.7,13.0
2026-08-22,wk inc covid hosp,2,2026-09-05,19,quantile,0.75,14.666666666666666
2026-08-22,wk inc covid hosp,2,2026-09-05,19,quantile,0.8,16.22222222222222
2026-08-22,wk inc covid hosp,2,2026-09-05,19,quantile,0.85,19.555555555555557
2026-08-22,wk inc covid hosp,2,2026-09-05,19,quantile,0.9,24.0
2026-08-22,wk inc covid hosp,2,2026-09-05,19,quantile,0.95,30.88888888888889
2026-08-22,wk inc covid hosp,2,2026-09-05,19,quantile,0.975,40.391666666666666
2026-08-22,wk inc covid hosp,2,2026-09-05,19,quantile,0.99,59.4511111111111
2026-08-22,wk inc covid hosp,2,2026-09-05,20,quantile,0.01,1.0
2026-08-22,wk inc covid hosp,2,2026-09-05,20,quantile,0.025,1.7777777777777777
2026-08-22,wk inc covid hosp,2,2026-09-05,20,quantile,0.05,2.5555555555555554
2026-08-22,wk inc covid hosp,2,2026-09-05,20,quantile,0.1,3.6666666666666665
2026-08-22,wk inc covid hosp,2,2026-09-05,20,quantile,0.15,4.444444444444445
2026-08-22,wk inc covid hosp,2,2026-09-05,20,quantile,0.2,5.333333333333333
2026-08-22,wk inc covid hosp,2,2026-09-05,20,quantile,0.25,6.083333333333333
2026-08-22,wk inc covid hosp,2,2026-09-05,20,quantile,0.3,6.777777777777778
2026-08-22,wk inc covid hosp,2,2026-09-05,20,quantile,0.35,7.333333333333333
2026-08-22,wk inc covid hosp,2,2026-09-05,20,quantile,0.4,8.0
2026-08-22,wk inc covid hosp,2,2026-09-05,20,quantile,0.45,8.88888888888889
2026-08-22,wk inc covid hosp,2,2026-09-05,20,quantile,0.5,9.88888888888889
2026-08-22,wk inc covid hosp,2,2026-09-05,20,quantile,0.55,10.666666666666666
2026-08-22,wk inc covid hosp,2,2026-09-05,20,quantile,0.6,11.555555555555555
2026-08-22,wk inc covid hosp,2,2026-09-05,20,quantile,0.65,12.555555555555555
2026-08-22,wk inc covid hosp,2,2026-09-05,20,quantile,0.7,13.777777777777779
2026-08-22,wk inc covid hosp,2,2026-09-05,20,quantile,0.75,15.777777777777779
2026-08-22,wk inc covid hosp,2,2026-09-05,20,quantile,0.8,17.88888888888889
2026-08-22,wk inc covid hosp,2,2026-09-05,20,quantile,0.85,20.22222222222222
2026-08-22,wk inc covid hosp,2,2026-09-05,20,quantile,0.9,23.77777777777778
2026-08-22,wk inc covid hosp,2,2026-09-05,20,quantile,0.95,30.555555555555557
2026-08-22,wk inc covid hosp,2,2026-09-05,20,quantile,0.975,41.05833333333333
2026-08-22,wk inc covid hosp,2,2026-09-05,20,quantile,0.99,59.0
2026-08-22,wk inc covid hosp,2,2026-09-05,21,quantile,0.01,4.777777777777778
2026-08-22,wk inc covid hosp,2,2026-09-05,21,quantile,0.025,6.222222222222222
2026-08-22,wk inc covid hosp,2,2026-09-05,21,quantile,0.05,8.661111111111111
2026-08-22,wk inc covid hosp,2,2026-09-05,21,quantile,0.1,12.444444444444445
2026-08-22,wk inc covid hosp,2,2026-09-05,21,quantile,0.15,15.11111111111111
2026-08-22,wk inc covid hosp,2,2026-09-05,21,quantile,0.2,17.22222222222222
2026-08-22,wk inc covid hosp,2,2026-09-05,21,quantile,0.25,18.86111111111111
2026-08-22,wk inc covid hosp,2,2026-09-05,21,quantile,0.3,19.88888888888889
2026-08-22,wk inc covid hosp,2,2026-09-05,21,quantile,0.35,20.88888888888889
2026-08-22,wk inc covid hosp,2,2026-09-05,21,quantile,0.4,21.77777777777778
2026-08-22,wk inc covid hosp,2,2026-09-05,21,quantile,0.45,23.88888888888889
2026-08-22,wk inc covid hosp,2,2026-09-05,21,quantile,0.5,24.88888888888889
2026-08-22,wk inc covid hosp,2,2026-09-05,21,quantile,0.55,26.333333333333332
2026-08-22,wk inc covid hosp,2,2026-09-05,21,quantile,0.6,28.0
2026-08-22,wk inc covid hosp,2,2026-09-05,21,quantile,0.65,30.88888888888889
2026-08-22,wk inc covid hosp,2,2026-09-05,21,quantile,0.7,33.333333333333336
2026-08-22,wk inc covid hosp,2,2026-09-05,21,quantile,0.75,35.888888888888886
2026-08-22,wk inc covid hosp,2,2026-09-05,21,quantile,0.8,39.22222222222222
2026-08-22,wk inc covid hosp,2,2026-09-05,21,quantile,0.85,44.666666666666664
2026-08-22,wk inc covid hosp,2,2026-09-05,21,quantile,0.9,52.111111111111114
2026-08-22,wk inc covid hosp,2,2026-09-05,21,quantile,0.95,67.67777777777776
2026-08-22,wk inc covid hosp,2,2026-09-05,21,quantile,0.975,90.22222222222223
2026-08-22,wk inc covid hosp,2,2026-09-05,21,quantile,0.99,120.0
2026-08-22,wk inc covid hosp,2,2026-09-05,22,quantile,0.01,16.21777777777778
2026-08-22,wk inc covid hosp,2,2026-09-05,22,quantile,0.025,21.22222222222222
2026-08-22,wk inc covid hosp,2,2026-09-05,22,quantile,0.05,25.772222222222222
2026-08-22,wk inc covid hosp,2,2026-09-05,22,quantile,0.1,31.22222222222222
2026-08-22,wk inc covid hosp,2,2026-09-05,22,quantile,0.15,36.22222222222222
2026-08-22,wk inc covid hosp,2,2026-09-05,22,quantile,0.2,40.0
2026-08-22,wk inc covid hosp,2,2026-09-05,22,quantile,0.25,43.44444444444444
2026-08-22,wk inc covid hosp,2,2026-09-05,22,quantile,0.3,46.77777777777778
2026-08-22,wk inc covid hosp,2,2026-09-05,22,quantile,0.35,48.77777777777778
2026-08-22,wk inc covid hosp,2,2026-09-05,22,quantile,0.4,51.0
2026-08-22,wk inc covid hosp,2,2026-09-05,22,quantile,0.45,53.666666666666664
2026-08-22,wk inc covid hosp,2,2026-09-05,22,quantile,0.5,55.111111111111114
2026-08-22,wk inc covid hosp,2,2026-09-05,22,quantile,0.55,57.16111111111112
2026-08-22,wk inc covid hosp,2,2026-09-05,22,quantile,0.6,58.77777777777778
2026-08-22,wk inc covid hosp,2,2026-09-05,22,quantile,0.65,61.77777777777778
2026-08-22,wk inc covid hosp,2,2026-09-05,22,quantile,0.7,64.66666666666667
2026-08-22,wk inc covid hosp,2,2026-09-05,22,quantile,0.75,69.0
2026-08-22,wk inc covid hosp,2,2026-09-05,22,quantile,0.8,72.55555555555556
2026-08-22,wk inc covid hosp,2,2026-09-05,22,quantile,0.85,78.0
2026-08-22,wk inc covid hosp,2,2026-09-05,22,quantile,0.9,87.77777777777777
2026-08-22,wk inc covid hosp,2,2026-09-05,22,quantile,0.95,105.22222222222223
2026-08-22,wk inc covid hosp,2,2026-09-05,22,quantile,0.975,129.11666666666667
2026-08-22,wk inc covid hosp,2,2026-09-05,22,quantile,0.99,156.66666666666666
2026-08-22,wk inc covid hosp,2,2026-09-05,23,quantile,0.01,0.1111111111111111
2026-08-22,wk inc covid hosp,2,2026-09-05,23,quantile,0.025,0.2222222222222222
2026-08-22,wk inc covid hosp,2,2026-09-05,23,quantile,0.05,0.2222222222222222
2026-08-22,wk inc covid hosp,2,2026-09-05,23,quantile,0.1,0.8888888888888888
2026-08-22,wk inc covid hosp,2,2026-09-05,23,quantile,0.15,1.2222222222222223
2026-08-22,wk inc covid hosp,2,2026-09-05,23,quantile,0.2,1.4444444444444444
2026-08-22,wk inc covid hosp,2,2026-09-05,23,quantile,0.25,1.8888888888888888
2026-08-22,wk inc covid hosp,2,2026-09-05,23,quantile,0.3,2.111111111111111
2026-08-22,wk inc covid hosp,2,2026-09-05,23,quantile,0.35,2.3333333333333335
2026-08-22,wk inc covid hosp,2,2026-09-05,23,quantile,0.4,2.7777777777777777
2026-08-22,wk inc covid hosp,2,2026-09-05,23,quantile,0.45,3.111111111111111
2026-08-22,wk inc covid hosp,2,2026-09-05,23,quantile,0.5,3.4444444444444446
2026-08-22,wk inc covid hosp,2,2026-09-05,23,quantile,0.55,4.111111111111111
2026-08-22,wk inc covid hosp,2,2026-09-05,23,quantile,0.6,4.444444444444445
2026-08-22,wk inc covid hosp,2,2026-09-05,23,quantile,0.65,5.222222222222222
2026-08-22,wk inc covid hosp,2,2026-09-05,23,quantile,0.7,5.777777777777778
2026-08-22,wk inc covid hosp,2,2026-09-05,23,quantile,0.75,7.0
2026-08-22,wk inc covid hosp,2,2026-09-05,23,quantile,0.8,8.222222222222221
2026-08-22,wk inc covid hosp,2,2026-09-05,23,quantile,0.85,9.777777777777779
2026-08-22,wk inc covid hosp,2,2026-09-05,23,quantile,0.9,13.222222222222221
2026-08-22,wk inc covid hosp,2,2026-09-05,23,quantile,0.95,17.88888888888889
2026-08-22,wk inc covid hosp,2,2026-09-05,23,quantile,0.975,24.11111111111111
2026-08-22,wk inc covid hosp,2,2026-09-05,23,quantile,0.99,38.44555555555556
2026-08-22,wk inc covid hosp,2,2026-09-05,24,quantile,0.01,3.5555555555555554
2026-08-22,wk inc covid hosp,2,2026-09-05,24,quantile,0.025,4.777777777777778
2026-08-22,wk inc covid hosp,2,2026-09-05,24,quantile,0.05,6.111111111111111
2026-08-22,wk inc covid hosp,2,2026-09-05,24,quantile,0.1,8.555555555555555
2026-08-22,wk inc covid hosp,2,2026-09-05,24,quantile,0.15,10.555555555555555
2026-08-22,wk inc covid hosp,2,2026-09-05,24,quantile,0.2,11.777777777777779
2026-08-22,wk inc covid hosp,2,2026-09-05,24,quantile,0.25,13.333333333333334
2026-08-22,wk inc covid hosp,2,2026-09-05,24,quantile,0.3,14.333333333333334
2026-08-22,wk inc covid hosp,2,2026-09-05,24,quantile,0.35,15.444444444444445
2026-08-22,wk inc covid hosp,2,2026-09-05,24,quantile,0.4,16.555555555555557
2026-08-22,wk inc covid hosp,2,2026-09-05,24,quantile,0.45,18.0
2026-08-22,wk inc covid hosp,2,2026-09-05,24,quantile,0.5,19.11111111111111
2026-08-22,wk inc covid hosp,2,2026-09-05,24,quantile,0.55,20.555555555555557
2026-08-22,wk inc covid hosp,2,2026-09-05,24,quantile,0.6,21.555555555555557
2026-08-22,wk inc covid hosp,2,2026-09-05,24,quantile,0.65,23.11111111111111
2026-08-22,wk inc covid hosp,2,2026-09-05,24,quantile,0.7,25.22222222222222
2026-08-22,wk inc covid hosp,2,2026-09-05,24,quantile,0.75,26.88888888888889
2026-08-22,wk inc covid hosp,2,2026-09-05,24,quantile,0.8,29.22222222222222
2026-08-22,wk inc covid hosp,2,2026-09-05,24,quantile,0.85,32.666666666666664
2026-08-22,wk inc covid hosp,2,2026-09-05,24,quantile,0.9,37.455555555555556
2026-08-22,wk inc covid hosp,2,2026-09-05,24,quantile,0.95,45.55555555555556
2026-08-22,wk inc covid hosp,2,2026-09-05,24,quantile,0.975,57.724999999999994
2026-08-22,wk inc covid hosp,2,2026-09-05,24,quantile,0.99,83.22666666666666
2026-08-22,wk inc covid hosp,2,2026-09-05,25,quantile,0.01,6.666666666666667
2026-08-22,wk inc covid hosp,2,2026-09-05,25,quantile,0.025,9.0
2026-08-22,wk inc covid hosp,2,2026-09-05,25,quantile,0.05,12.666666666666666
2026-08-22,wk inc covid hosp,2,2026-09-05,25,quantile,0.1,18.544444444444444
2026-08-22,wk inc covid hosp,2,2026-09-05,25,quantile,0.15,22.77777777777778
2026-08-22,wk inc covid hosp,2,2026-09-05,25,quantile,0.2,26.11111111111111
2026-08-22,wk inc covid hosp,2,2026-09-05,25,quantile,0.25,28.88888888888889
2026-08-22,wk inc covid hosp,2,2026-09-05,25,quantile,0.3,32.666666666666664
2026-08-22,wk inc covid hosp,2,2026-09-05,25,quantile,0.35,34.77777777777778
2026-08-22,wk inc covid hosp,2,2026-09-05,25,quantile,0.4,37.111111111111114
2026-08-22,wk inc covid hosp,2,2026-09-05,25,quantile,0.45,39.22222222222222
2026-08-22,wk inc covid hosp,2,2026-09-05,25,quantile,0.5,41.44444444444444
2026-08-22,wk inc covid hosp,2,2026-09-05,25,quantile,0.55,43.888888888888886
2026-08-22,wk inc covid hosp,2,2026-09-05,25,quantile,0.6,46.888888888888886
2026-08-22,wk inc covid hosp,2,2026-09-05,25,quantile,0.65,49.22222222222222
2026-08-22,wk inc covid hosp,2,2026-09-05,25,quantile,0.7,52.666666666666664
2026-08-22,wk inc covid hosp,2,2026-09-05,25,quantile,0.75,58.111111111111114
2026-08-22,wk inc covid hosp,2,2026-09-05,25,quantile,0.8,62.44444444444444
2026-08-22,wk inc covid hosp,2,2026-09-05,25,quantile,0.85,67.0
2026-08-22,wk inc covid hosp,2,2026-09-05,25,quantile,0.9,74.56666666666666
2026-08-22,wk inc covid hosp,2,2026-09-05,25,quantile,0.95,88.13333333333331
2026-08-22,wk inc covid hosp,2,2026-09-05,25,quantile,0.975,106.22222222222223
2026-08-22,wk inc covid hosp,2,2026-09-05,25,quantile,0.99,142.00777777777776
2026-08-22,wk inc covid hosp,2,2026-09-05,26,quantile,0.01,5.777777777777778
2026-08-22,wk inc covid hosp,2,2026-09-05,26,quantile,0.025,9.333333333333334
2026-08-22,wk inc covid hosp,2,2026-09-05,26,quantile,0.05,11.333333333333334
2026-08-22,wk inc covid hosp,2,2026-09-05,26,quantile,0.1,15.0
2026-08-22,wk inc covid hosp,2,2026-09-05,26,quantile,0.15,18.444444444444443
2026-08-22,wk inc covid hosp,2,2026-09-05,26,quantile,0.2,21.11111111111111
2026-08-22,wk inc covid hosp,2,2026-09-05,26,quantile,0.25,23.333333333333332
2026-08-22,wk inc covid hosp,2,2026-09-05,26,quantile,0.3,25.11111111111111
2026-08-22,wk inc covid hosp,2,2026-09-05,26,quantile,0.35,27.29444444444444
2026-08-22,wk inc covid hosp,2,2026-09-05,26,quantile,0.4,28.77777777777778
2026-08-22,wk inc covid hosp,2,2026-09-05,26,quantile,0.45,30.88888888888889
2026-08-22,wk inc covid hosp,2,2026-09-05,26,quantile,0.5,33.22222222222222
2026-08-22,wk inc covid hosp,2,2026-09-05,26,quantile,0.55,35.333333333333336
2026-08-22,wk inc covid hosp,2,2026-09-05,26,quantile,0.6,37.44444444444444
2026-08-22,wk inc covid hosp,2,2026-09-05,26,quantile,0.65,39.333333333333336
2026-08-22,wk inc covid hosp,2,2026-09-05,26,quantile,0.7,42.55555555555556
2026-08-22,wk inc covid hosp,2,2026-09-05,26,quantile,0.75,45.666666666666664
2026-08-22,wk inc covid hosp,2,2026-09-05,26,quantile,0.8,49.0
2026-08-22,wk inc covid hosp,2,2026-09-05,26,quantile,0.85,54.0
2026-08-22,wk inc covid hosp,2,2026-09-05,26,quantile,0.9,61.57777777777778
2026-08-22,wk inc covid hosp,2,2026-09-05,26,quantile,0.95,76.11666666666666
2026-08-22,wk inc covid hosp,2,2026-09-05,26,quantile,0.975,98.0
2026-08-22,wk inc covid hosp,2,2026-09-05,26,quantile,0.99,142.22333333333333
2026-08-22,wk inc covid hosp,2,2026-09-05,27,quantile,0.01,1.6666666666666667
2026-08-22,wk inc covid hosp,2,2026-09-05,27,quantile,0.025,2.5555555555555554
2026-08-22,wk inc covid hosp,2,2026-09-05,27,quantile,0.05,3.7777777777777777
2026-08-22,wk inc covid hosp,2,2026-09-05,27,quantile,0.1,5.222222222222222
2026-08-22,wk inc covid hosp,2,2026-09-05,27,quantile,0.15,6.222222222222222
2026-08-22,wk inc covid hosp,2,2026-09-05,27,quantile,0.2,7.555555555555555
2026-08-22,wk inc covid hosp,2,2026-09-05,27,quantile,0.25,8.777777777777779
2026-08-22,wk inc covid hosp,2,2026-09-05,27,quantile,0.3,9.88888888888889
2026-08-22,wk inc covid hosp,2,2026-09-05,27,quantile,0.35,11.222222222222221
2026-08-22,wk inc covid hosp,2,2026-09-05,27,quantile,0.4,12.222222222222221
2026-08-22,wk inc covid hosp,2,2026-09-05,27,quantile,0.45,13.0
2026-08-22,wk inc covid hosp,2,2026-09-05,27,quantile,0.5,14.222222222222221
2026-08-22,wk inc covid hosp,2,2026-09-05,27,quantile,0.55,15.444444444444445
2026-08-22,wk inc covid hosp,2,2026-09-05,27,quantile,0.6,16.333333333333332
2026-08-22,wk inc covid hosp,2,2026-09-05,27,quantile,0.65,17.77777777777778
2026-08-22,wk inc covid hosp,2,2026-09-05,27,quantile,0.7,19.666666666666668
2026-08-22,wk inc covid hosp,2,2026-09-05,27,quantile,0.75,21.77777777777778
2026-08-22,wk inc covid hosp,2,2026-09-05,27,quantile,0.8,23.88888888888889
2026-08-22,wk inc covid hosp,2,2026-09-05,27,quantile,0.85,26.77777777777778
2026-08-22,wk inc covid hosp,2,2026-09-05,27,quantile,0.9,32.0
2026-08-22,wk inc covid hosp,2,2026-09-05,27,quantile,0.95,40.0
2026-08-22,wk inc covid hosp,2,2026-09-05,27,quantile,0.975,52.391666666666666
2026-08-22,wk inc covid hosp,2,2026-09-05,27,quantile,0.99,79.11444444444444
2026-08-22,wk inc covid hosp,2,2026-09-05,28,quantile,0.01,10.997777777777777
2026-08-22,wk inc covid hosp,2,2026-09-05,28,quantile,0.025,14.777777777777779
2026-08-22,wk inc covid hosp,2,2026-09-05,28,quantile,0.05,18.0
2026-08-22,wk inc covid hosp,2,2026-09-05,28,quantile,0.1,22.22222222222222
2026-08-22,wk inc covid hosp,2,2026-09-05,28,quantile,0.15,26.0
2026-08-22,wk inc covid hosp,2,2026-09-05,28,quantile,0.2,29.11111111111111
2026-08-22,wk inc covid hosp,2,2026-09-05,28,quantile,0.25,31.11111111111111
2026-08-22,wk inc covid hosp,2,2026-09-05,28,quantile,0.3,33.77777777777778
2026-08-22,wk inc covid hosp,2,2026-09-05,28,quantile,0.35,36.22222222222222
2026-08-22,wk inc covid hosp,2,2026-09-05,28,quantile,0.4,37.666666666666664
2026-08-22,wk inc covid hosp,2,2026-09-05,28,quantile,0.45,39.333333333333336
2026-08-22,wk inc covid hosp,2,2026-09-05,28,quantile,0.5,41.333333333333336
2026-08-22,wk inc covid hosp,2,2026-09-05,28,quantile,0.55,42.55555555555556
2026-08-22,wk inc covid hosp,2,2026-09-05,28,quantile,0.6,44.333333333333336
2026-08-22,wk inc covid hosp,2,2026-09-05,28,quantile,0.65,46.333333333333336
2026-08-22,wk inc covid hosp,2,2026-09-05,28,quantile,0.7,49.111111111111114
2026-08-22,wk inc covid hosp,2,2026-09-05,28,quantile,0.75,51.69444444444444
2026-08-22,wk inc covid hosp,2,2026-09-05,28,quantile,0.8,55.111111111111114
2026-08-22,wk inc covid hosp,2,2026-09-05,28,quantile,0.85,59.111111111111114
2026-08-22,wk inc covid hosp,2,2026-09-05,28,quantile,0.9,66.0
2026-08-22,wk inc covid hosp,2,2026-09-05,28,quantile,0.95,79.11666666666666
2026-08-22,wk inc covid hosp,2,2026-09-05,28,quantile,0.975,92.28055555555555
2026-08-22,wk inc covid hosp,2,2026-09-05,28,quantile,0.99,111.55555555555556
2026-08-22,wk inc covid hosp,2,2026-09-05,29,quantile,0.01,6.777777777777778
2026-08-22,wk inc covid hosp,2,2026-09-05,29,quantile,0.025,9.0
2026-08-22,wk inc covid hosp,2,2026-09-05,29,quantile,0.05,10.994444444444445
2026-08-22,wk inc covid hosp,2,2026-09-05,29,quantile,0.1,15.0
2026-08-22,wk inc covid hosp,2,2026-09-05,29,quantile,0.15,17.555555555555557
2026-08-22,wk inc covid hosp,2,2026-09-05,29,quantile,0.2,19.666666666666668
2026-08-22,wk inc covid hosp,2,2026-09-05,29,quantile,0.25,21.333333333333332
2026-08-22,wk inc covid hosp,2,2026-09-05,29,quantile,0.3,22.444444444444443
2026-08-22,wk inc covid hosp,2,2026-09-05,29,quantile,0.35,23.849999999999998
2026-08-22,wk inc covid hosp,2,2026-09-05,29,quantile,0.4,25.333333333333332
2026-08-22,wk inc covid hosp,2,2026-09-05,29,quantile,0.45,27.11111111111111
2026-08-22,wk inc covid hosp,2,2026-09-05,29,quantile,0.5,28.555555555555557
2026-08-22,wk inc covid hosp,2,2026-09-05,29,quantile,0.55,30.11111111111111
2026-08-22,wk inc covid hosp,2,2026-09-05,29,quantile,0.6,32.0
2026-08-22,wk inc covid hosp,2,2026-09-05,29,quantile,0.65,33.483333333333334
2026-08-22,wk inc covid hosp,2,2026-09-05,29,quantile,0.7,36.22222222222222
2026-08-22,wk inc covid hosp,2,2026-09-05,29,quantile,0.75,39.77777777777778
2026-08-22,wk inc covid hosp,2,2026-09-05,29,quantile,0.8,43.0
2026-08-22,wk inc covid hosp,2,2026-09-05,29,quantile,0.85,46.68333333333333
2026-08-22,wk inc covid hosp,2,2026-09-05,29,quantile,0.9,52.77777777777778
2026-08-22,wk inc covid hosp,2,2026-09-05,29,quantile,0.95,63.0
2026-08-22,wk inc covid hosp,2,2026-09-05,29,quantile,0.975,76.77777777777777
2026-08-22,wk inc covid hosp,2,2026-09-05,29,quantile,0.99,107.0211111111111
2026-08-22,wk inc covid hosp,2,2026-09-05,30,quantile,0.01,0.1111111111111111
2026-08-22,wk inc covid hosp,2,2026-09-05,30,quantile,0.025,0.2222222222222222
2026-08-22,wk inc covid hosp,2,2026-09-05,30,quantile,0.05,0.4444444444444444
2026-08-22,wk inc covid hosp,2,2026-09-05,30,quantile,0.1,1.1111111111111112
2026-08-22,wk inc covid hosp,2,2026-09-05,30,quantile,0.15,1.4444444444444444
2026-08-22,wk inc covid hosp,2,2026-09-05,30,quantile,0.2,2.111111111111111
2026-08-22,wk inc covid hosp,2,2026-09-05,30,quantile,0.25,2.5555555555555554
2026-08-22,wk inc covid hosp,2,2026-09-05,30,quantile,0.3,3.111111111111111
2026-08-22,wk inc covid hosp,2,2026-09-05,30,quantile,0.35,3.4444444444444446
2026-08-22,wk inc covid hosp,2,2026-09-05,30,quantile,0.4,3.7777777777777777
2026-08-22,wk inc covid hosp,2,2026-09-05,30,quantile,0.45,4.222222222222222
2026-08-22,wk inc covid hosp,2,2026-09-05,30,quantile,0.5,5.111111111111111
2026-08-22,wk inc covid hosp,2,2026-09-05,30,quantile,0.55,5.555555555555555
2026-08-22,wk inc covid hosp,2,2026-09-05,30,quantile,0.6,6.111111111111111
2026-08-22,wk inc covid hosp,2,2026-09-05,30,quantile,0.65,6.777777777777778
2026-08-22,wk inc covid hosp,2,2026-09-05,30,quantile,0.7,7.777777777777778
2026-08-22,wk inc covid hosp,2,2026-09-05,30,quantile,0.75,9.11111111111111
2026-08-22,wk inc covid hosp,2,2026-09-05,30,quantile,0.8,11.0
2026-08-22,wk inc covid hosp,2,2026-09-05,30,quantile,0.85,13.555555555555555
2026-08-22,wk inc covid hosp,2,2026-09-05,30,quantile,0.9,16.333333333333332
2026-08-22,wk inc covid hosp,2,2026-09-05,30,quantile,0.95,23.561111111111106
2026-08-22,wk inc covid hosp,2,2026-09-05,30,quantile,0.975,33.44444444444444
2026-08-22,wk inc covid hosp,2,2026-09-05,30,quantile,0.99,47.89
2026-08-22,wk inc covid hosp,2,2026-09-05,31,quantile,0.01,0.0
2026-08-22,wk inc covid hosp,2,2026-09-05,31,quantile,0.025,0.1111111111111111
2026-08-22,wk inc covid hosp,2,2026-09-05,31,quantile,0.05,0.5555555555555556
2026-08-22,wk inc covid hosp,2,2026-09-05,31,quantile,0.1,1.5555555555555556
2026-08-22,wk inc covid hosp,2,2026-09-05,31,quantile,0.15,2.111111111111111
2026-08-22,wk inc covid hosp,2,2026-09-05,31,quantile,0.2,2.7777777777777777
2026-08-22,wk inc covid hosp,2,2026-09-05,31,quantile,0.25,3.2222222222222223
2026-08-22,wk inc covid hosp,2,2026-09-05,31,quantile,0.3,3.7777777777777777
2026-08-22,wk inc covid hosp,2,2026-09-05,31,quantile,0.35,4.111111111111111
2026-08-22,wk inc covid hosp,2,2026-09-05,31,quantile,0.4,4.444444444444445
2026-08-22,wk inc covid hosp,2,2026-09-05,31,quantile,0.45,5.111111111111111
2026-08-22,wk inc covid hosp,2,2026-09-05,31,quantile,0.5,5.444444444444445
2026-08-22,wk inc covid hosp,2,2026-09-05,31,quantile,0.55,6.222222222222222
2026-08-22,wk inc covid hosp,2,2026-09-05,31,quantile,0.6,6.888888888888889
2026-08-22,wk inc covid hosp,2,2026-09-05,31,quantile,0.65,7.666666666666667
2026-08-22,wk inc covid hosp,2,2026-09-05,31,quantile,0.7,8.666666666666666
2026-08-22,wk inc covid hosp,2,2026-09-05,31,quantile,0.75,10.0
2026-08-22,wk inc covid hosp,2,2026-09-05,31,quantile,0.8,11.333333333333334
2026-08-22,wk inc covid hosp,2,2026-09-05,31,quantile,0.85,14.333333333333334
2026-08-22,wk inc covid hosp,2,2026-09-05,31,quantile,0.9,18.11111111111111
2026-08-22,wk inc covid hosp,2,2026-09-05,31,quantile,0.95,25.666666666666668
2026-08-22,wk inc covid hosp,2,2026-09-05,31,quantile,0.975,34.55555555555556
2026-08-22,wk inc covid hosp,2,2026-09-05,31,quantile,0.99,52.44777777777777
2026-08-22,wk inc covid hosp,2,2026-09-05,32,quantile,0.01,3.998888888888889
2026-08-22,wk inc covid hosp,2,2026-09-05,32,quantile,0.025,6.0
2026-08-22,wk inc covid hosp,2,2026-09-05,32,quantile,0.05,8.0
2026-08-22,wk inc covid hosp,2,2026-09-05,32,quantile,0.1,11.333333333333334
2026-08-22,wk inc covid hosp,2,2026-09-05,32,quantile,0.15,13.88888888888889
2026-08-22,wk inc covid hosp,2,2026-09-05,32,quantile,0.2,15.444444444444445
2026-08-22,wk inc covid hosp,2,2026-09-05,32,quantile,0.25,16.555555555555557
2026-08-22,wk inc covid hosp,2,2026-09-05,32,quantile,0.3,18.0
2026-08-22,wk inc covid hosp,2,2026-09-05,32,quantile,0.35,19.11111111111111
2026-08-22,wk inc covid hosp,2,2026-09-05,32,quantile,0.4,20.11111111111111
2026-08-22,wk inc covid hosp,2,2026-09-05,32,quantile,0.45,21.444444444444443
2026-08-22,wk inc covid hosp,2,2026-09-05,32,quantile,0.5,22.444444444444443
2026-08-22,wk inc covid hosp,2,2026-09-05,32,quantile,0.55,23.555555555555557
2026-08-22,wk inc covid hosp,2,2026-09-05,32,quantile,0.6,24.666666666666668
2026-08-22,wk inc covid hosp,2,2026-09-05,32,quantile,0.65,26.0
2026-08-22,wk inc covid hosp,2,2026-09-05,32,quantile,0.7,28.22222222222222
2026-08-22,wk inc covid hosp,2,2026-09-05,32,quantile,0.75,30.444444444444443
2026-08-22,wk inc covid hosp,2,2026-09-05,32,quantile,0.8,32.44444444444444
2026-08-22,wk inc covid hosp,2,2026-09-05,32,quantile,0.85,35.666666666666664
2026-08-22,wk inc covid hosp,2,2026-09-05,32,quantile,0.9,40.111111111111114
2026-08-22,wk inc covid hosp,2,2026-09-05,32,quantile,0.95,49.888888888888886
2026-08-22,wk inc covid hosp,2,2026-09-05,32,quantile,0.975,60.77777777777778
2026-08-22,wk inc covid hosp,2,2026-09-05,32,quantile,0.99,84.22777777777777
2026-08-22,wk inc covid hosp,2,2026-09-05,33,quantile,0.01,0.7777777777777778
2026-08-22,wk inc covid hosp,2,2026-09-05,33,quantile,0.025,1.2222222222222223
2026-08-22,wk inc covid hosp,2,2026-09-05,33,quantile,0.05,1.5555555555555556
2026-08-22,wk inc covid hosp,2,2026-09-05,33,quantile,0.1,2.7777777777777777
2026-08-22,wk inc covid hosp,2,2026-09-05,33,quantile,0.15,3.4444444444444446
2026-08-22,wk inc covid hosp,2,2026-09-05,33,quantile,0.2,4.111111111111111
2026-08-22,wk inc covid hosp,2,2026-09-05,33,quantile,0.25,4.666666666666667
2026-08-22,wk inc covid hosp,2,2026-09-05,33,quantile,0.3,5.444444444444445
2026-08-22,wk inc covid hosp,2,2026-09-05,33,quantile,0.35,5.777777777777778
2026-08-22,wk inc covid hosp,2,2026-09-05,33,quantile,0.4,6.222222222222222
2026-08-22,wk inc covid hosp,2,2026-09-05,33,quantile,0.45,7.0
2026-08-22,wk inc covid hosp,2,2026-09-05,33,quantile,0.5,7.444444444444445
2026-08-22,wk inc covid hosp,2,2026-09-05,33,quantile,0.55,8.11111111111111
2026-08-22,wk inc covid hosp,2,2026-09-05,33,quantile,0.6,8.88888888888889
2026-08-22,wk inc covid hosp,2,2026-09-05,33,quantile,0.65,9.666666666666666
2026-08-22,wk inc covid hosp,2,2026-09-05,33,quantile,0.7,10.777777777777779
2026-08-22,wk inc covid hosp,2,2026-09-05,33,quantile,0.75,11.777777777777779
2026-08-22,wk inc covid hosp,2,2026-09-05,33,quantile,0.8,13.444444444444445
2026-08-22,wk inc covid hosp,2,2026-09-05,33,quantile,0.85,15.11111111111111
2026-08-22,wk inc covid hosp,2,2026-09-05,33,quantile,0.9,17.666666666666668
2026-08-22,wk inc covid hosp,2,2026-09-05,33,quantile,0.95,22.444444444444443
2026-08-22,wk inc covid hosp,2,2026-09-05,33,quantile,0.975,28.0
2026-08-22,wk inc covid hosp,2,2026-09-05,33,quantile,0.99,40.22333333333333
2026-08-22,wk inc covid hosp,2,2026-09-05,34,quantile,0.01,19.11111111111111
2026-08-22,wk inc covid hosp,2,2026-09-05,34,quantile,0.025,26.608333333333334
2026-08-22,wk inc covid hosp,2,2026-09-05,34,quantile,0.05,32.21666666666667
2026-08-22,wk inc covid hosp,2,2026-09-05,34,quantile,0.1,41.099999999999994
2026-08-22,wk inc covid hosp,2,2026-09-05,34,quantile,0.15,47.77777777777778
2026-08-22,wk inc covid hosp,2,2026-09-05,34,quantile,0.2,52.22222222222222
2026-08-22,wk inc covid hosp,2,2026-09-05,34,quantile,0.25,54.888888888888886
2026-08-22,wk inc covid hosp,2,2026-09-05,34,quantile,0.3,57.55555555555556
2026-08-22,wk inc covid hosp,2,2026-09-05,34,quantile,0.35,60.44444444444444
2026-08-22,wk inc covid hosp,2,2026-09-05,34,quantile,0.4,62.77777777777778
2026-08-22,wk inc covid hosp,2,2026-09-05,34,quantile,0.45,65.44444444444444
2026-08-22,wk inc covid hosp,2,2026-09-05,34,quantile,0.5,67.66666666666667
2026-08-22,wk inc covid hosp,2,2026-09-05,34,quantile,0.55,70.22222222222223
2026-08-22,wk inc covid hosp,2,2026-09-05,34,quantile,0.6,72.77777777777777
2026-08-22,wk inc covid hosp,2,2026-09-05,34,quantile,0.65,76.0
2026-08-22,wk inc covid hosp,2,2026-09-05,34,quantile,0.7,79.44444444444444
2026-08-22,wk inc covid hosp,2,2026-09-05,34,quantile,0.75,83.44444444444444
2026-08-22,wk inc covid hosp,2,2026-09-05,34,quantile,0.8,87.66666666666667
2026-08-22,wk inc covid hosp,2,2026-09-05,34,quantile,0.85,93.33333333333333
2026-08-22,wk inc covid hosp,2,2026-09-05,34,quantile,0.9,104.44444444444444
2026-08-22,wk inc covid hosp,2,2026-09-05,34,quantile,0.95,117.79444444444442
2026-08-22,wk inc covid hosp,2,2026-09-05,34,quantile,0.975,137.56666666666666
2026-08-22,wk inc covid hosp,2,2026-09-05,34,quantile,0.99,179.89999999999998
2026-08-22,wk inc covid hosp,2,2026-09-05,35,quantile,0.01,0.6666666666666666
2026-08-22,wk inc covid hosp,2,2026-09-05,35,quantile,0.025,1.3333333333333333
2026-08-22,wk inc covid hosp,2,2026-09-05,35,quantile,0.05,1.8888888888888888
2026-08-22,wk inc covid hosp,2,2026-09-05,35,quantile,0.1,3.5555555555555554
2026-08-22,wk inc covid hosp,2,2026-09-05,35,quantile,0.15,4.0
2026-08-22,wk inc covid hosp,2,2026-09-05,35,quantile,0.2,5.111111111111111
2026-08-22,wk inc covid hosp,2,2026-09-05,35,quantile,0.25,5.666666666666667
2026-08-22,wk inc covid hosp,2,2026-09-05,35,quantile,0.3,6.555555555555555
2026-08-22,wk inc covid hosp,2,2026-09-05,35,quantile,0.35,7.333333333333333
2026-08-22,wk inc covid hosp,2,2026-09-05,35,quantile,0.4,7.777777777777778
2026-08-22,wk inc covid hosp,2,2026-09-05,35,quantile,0.45,8.666666666666666
2026-08-22,wk inc covid hosp,2,2026-09-05,35,quantile,0.5,9.222222222222221
2026-08-22,wk inc covid hosp,2,2026-09-05,35,quantile,0.55,9.88888888888889
2026-08-22,wk inc covid hosp,2,2026-09-05,35,quantile,0.6,10.444444444444445
2026-08-22,wk inc covid hosp,2,2026-09-05,35,quantile,0.65,11.333333333333334
2026-08-22,wk inc covid hosp,2,2026-09-05,35,quantile,0.7,12.333333333333334
2026-08-22,wk inc covid hosp,2,2026-09-05,35,quantile,0.75,13.222222222222221
2026-08-22,wk inc covid hosp,2,2026-09-05,35,quantile,0.8,14.555555555555555
2026-08-22,wk inc covid hosp,2,2026-09-05,35,quantile,0.85,16.333333333333332
2026-08-22,wk inc covid hosp,2,2026-09-05,35,quantile,0.9,19.666666666666668
2026-08-22,wk inc covid hosp,2,2026-09-05,35,quantile,0.95,25.89444444444444
2026-08-22,wk inc covid hosp,2,2026-09-05,35,quantile,0.975,33.111111111111114
2026-08-22,wk inc covid hosp,2,2026-09-05,35,quantile,0.99,47.446666666666665
2026-08-22,wk inc covid hosp,2,2026-09-05,36,quantile,0.01,56.66555555555556
2026-08-22,wk inc covid hosp,2,2026-09-05,36,quantile,0.025,74.275
2026-08-22,wk inc covid hosp,2,2026-09-05,36,quantile,0.05,85.20555555555556
2026-08-22,wk inc covid hosp,2,2026-09-05,36,quantile,0.1,103.66666666666667
2026-08-22,wk inc covid hosp,2,2026-09-05,36,quantile,0.15,115.66666666666667
2026-08-22,wk inc covid hosp,2,2026-09-05,36,quantile,0.2,126.88888888888889
2026-08-22,wk inc covid hosp,2,2026-09-05,36,quantile,0.25,132.38888888888889
2026-08-22,wk inc covid hosp,2,2026-09-05,36,quantile,0.3,138.77777777777777
2026-08-22,wk inc covid hosp,2,2026-09-05,36,quantile,0.35,143.11111111111111
2026-08-22,wk inc covid hosp,2,2026-09-05,36,quantile,0.4,147.44444444444446
2026-08-22,wk inc covid hosp,2,2026-09-05,36,quantile,0.45,151.11111111111111
2026-08-22,wk inc covid hosp,2,2026-09-05,36,quantile,0.5,155.11111111111111
2026-08-22,wk inc covid hosp,2,2026-09-05,36,quantile,0.55,159.33333333333334
2026-08-22,wk inc covid hosp,2,2026-09-05,36,quantile,0.6,164.66666666666666
2026-08-22,wk inc covid hosp,2,2026-09-05,36,quantile,0.65,170.44444444444446
2026-08-22,wk inc covid hosp,2,2026-09-05,36,quantile,0.7,176.92222222222222
2026-08-22,wk inc covid hosp,2,2026-09-05,36,quantile,0.75,187.22222222222223
2026-08-22,wk inc covid hosp,2,2026-09-05,36,quantile,0.8,195.91111111111113
2026-08-22,wk inc covid hosp,2,2026-09-05,36,quantile,0.85,206.0
2026-08-22,wk inc covid hosp,2,2026-09-05,36,quantile,0.9,221.67777777777778
2026-08-22,wk inc covid hosp,2,2026-09-05,36,quantile,0.95,246.11666666666667
2026-08-22,wk inc covid hosp,2,2026-09-05,36,quantile,0.975,284.5194444444444
2026-08-22,wk inc covid hosp,2,2026-09-05,36,quantile,0.99,358.34
2026-08-22,wk inc covid hosp,2,2026-09-05,37,quantile,0.01,34.98888888888889
2026-08-22,wk inc covid hosp,2,2026-09-05,37,quantile,0.025,47.99444444444444
2026-08-22,wk inc covid hosp,2,2026-09-05,37,quantile,0.05,58.111111111111114
2026-08-22,wk inc covid hosp,2,2026-09-05,37,quantile,0.1,71.55555555555556
2026-08-22,wk inc covid hosp,2,2026-09-05,37,quantile,0.15,82.66666666666667
2026-08-22,wk inc covid hosp,2,2026-09-05,37,quantile,0.2,92.88888888888889
2026-08-22,wk inc covid hosp,2,2026-09-05,37,quantile,0.25,101.66666666666667
2026-08-22,wk inc covid hosp,2,2026-09-05,37,quantile,0.3,110.77777777777777
2026-08-22,wk inc covid hosp,2,2026-09-05,37,quantile,0.35,118.6277777777778
2026-08-22,wk inc covid hosp,2,2026-09-05,37,quantile,0.4,123.28888888888888
2026-08-22,wk inc covid hosp,2,2026-09-05,37,quantile,0.45,128.77777777777777
2026-08-22,wk inc covid hosp,2,2026-09-05,37,quantile,0.5,133.0
2026-08-22,wk inc covid hosp,2,2026-09-05,37,quantile,0.55,136.22222222222223
2026-08-22,wk inc covid hosp,2,2026-09-05,37,quantile,0.6,142.0
2026-08-22,wk inc covid hosp,2,2026-09-05,37,quantile,0.65,146.33333333333334
2026-08-22,wk inc covid hosp,2,2026-09-05,37,quantile,0.7,152.88888888888889
2026-08-22,wk inc covid hosp,2,2026-09-05,37,quantile,0.75,159.13888888888889
2026-08-22,wk inc covid hosp,2,2026-09-05,37,quantile,0.8,166.8
2026-08-22,wk inc covid hosp,2,2026-09-05,37,quantile,0.85,176.77777777777777
2026-08-22,wk inc covid hosp,2,2026-09-05,37,quantile,0.9,195.45555555555555
2026-08-22,wk inc covid hosp,2,2026-09-05,37,quantile,0.95,227.33888888888887
2026-08-22,wk inc covid hosp,2,2026-09-05,37,quantile,0.975,262.1694444444445
2026-08-22,wk inc covid hosp,2,2026-09-05,37,quantile,0.99,325.22444444444443
2026-08-22,wk inc covid hosp,2,2026-09-05,38,quantile,0.01,0.0
2026-08-22,wk inc covid hosp,2,2026-09-05,38,quantile,0.025,0.0
2026-08-22,wk inc covid hosp,2,2026-09-05,38,quantile,0.05,0.1111111111111111
2026-08-22,wk inc covid hosp,2,2026-09-05,38,quantile,0.1,0.3333333333333333
2026-08-22,wk inc covid hosp,2,2026-09-05,38,quantile,0.15,0.5555555555555556
2026-08-22,wk inc covid hosp,2,2026-09-05,38,quantile,0.2,0.7777777777777778
2026-08-22,wk inc covid hosp,2,2026-09-05,38,quantile,0.25,0.8888888888888888
2026-08-22,wk inc covid hosp,2,2026-09-05,38,quantile,0.3,1.2222222222222223
2026-08-22,wk inc covid hosp,2,2026-09-05,38,quantile,0.35,1.5555555555555556
2026-08-22,wk inc covid hosp,2,2026-09-05,38,quantile,0.4,1.8888888888888888
2026-08-22,wk inc covid hosp,2,2026-09-05,38,quantile,0.45,2.0
2026-08-22,wk inc covid hosp,2,2026-09-05,38,quantile,0.5,2.3333333333333335
2026-08-22,wk inc covid hosp,2,2026-09-05,38,quantile,0.55,2.5555555555555554
2026-08-22,wk inc covid hosp,2,2026-09-05,38,quantile,0.6,3.111111111111111
2026-08-22,wk inc covid hosp,2,2026-09-05,38,quantile,0.65,3.7777777777777777
2026-08-22,wk inc covid hosp,2,2026-09-05,38,quantile,0.7,4.222222222222222
2026-08-22,wk inc covid hosp,2,2026-09-05,38,quantile,0.75,4.777777777777778
2026-08-22,wk inc covid hosp,2,2026-09-05,38,quantile,0.8,5.777777777777778
2026-08-22,wk inc covid hosp,2,2026-09-05,38,quantile,0.85,8.777777777777779
2026-08-22,wk inc covid hosp,2,2026-09-05,38,quantile,0.9,10.666666666666666
2026-08-22,wk inc covid hosp,2,2026-09-05,38,quantile,0.95,15.444444444444445
2026-08-22,wk inc covid hosp,2,2026-09-05,38,quantile,0.975,21.94722222222222
2026-08-22,wk inc covid hosp,2,2026-09-05,38,quantile,0.99,32.78
2026-08-22,wk inc covid hosp,2,2026-09-05,39,quantile,0.01,12.777777777777779
2026-08-22,wk inc covid hosp,2,2026-09-05,39,quantile,0.025,17.77777777777778
2026-08-22,wk inc covid hosp,2,2026-09-05,39,quantile,0.05,21.11111111111111
2026-08-22,wk inc covid hosp,2,2026-09-05,39,quantile,0.1,29.988888888888887
2026-08-22,wk inc covid hosp,2,2026-09-05,39,quantile,0.15,34.77777777777778
2026-08-22,wk inc covid hosp,2,2026-09-05,39,quantile,0.2,39.111111111111114
2026-08-22,wk inc covid hosp,2,2026-09-05,39,quantile,0.25,42.0
2026-08-22,wk inc covid hosp,2,2026-09-05,39,quantile,0.3,45.0
2026-08-22,wk inc covid hosp,2,2026-09-05,39,quantile,0.35,48.516666666666666
2026-08-22,wk inc covid hosp,2,2026-09-05,39,quantile,0.4,50.666666666666664
2026-08-22,wk inc covid hosp,2,2026-09-05,39,quantile,0.45,53.333333333333336
2026-08-22,wk inc covid hosp,2,2026-09-05,39,quantile,0.5,56.5
2026-08-22,wk inc covid hosp,2,2026-09-05,39,quantile,0.55,58.55555555555556
2026-08-22,wk inc covid hosp,2,2026-09-05,39,quantile,0.6,61.888888888888886
2026-08-22,wk inc covid hosp,2,2026-09-05,39,quantile,0.65,64.11111111111111
2026-08-22,wk inc covid hosp,2,2026-09-05,39,quantile,0.7,69.22222222222223
2026-08-22,wk inc covid hosp,2,2026-09-05,39,quantile,0.75,74.25
2026-08-22,wk inc covid hosp,2,2026-09-05,39,quantile,0.8,78.77777777777777
2026-08-22,wk inc covid hosp,2,2026-09-05,39,quantile,0.85,84.46111111111111
2026-08-22,wk inc covid hosp,2,2026-09-05,39,quantile,0.9,96.33333333333333
2026-08-22,wk inc covid hosp,2,2026-09-05,39,quantile,0.95,115.44999999999999
2026-08-22,wk inc covid hosp,2,2026-09-05,39,quantile,0.975,142.0
2026-08-22,wk inc covid hosp,2,2026-09-05,39,quantile,0.99,193.00666666666666
2026-08-22,wk inc covid hosp,2,2026-09-05,40,quantile,0.01,1.5555555555555556
2026-08-22,wk inc covid hosp,2,2026-09-05,40,quantile,0.025,2.4444444444444446
2026-08-22,wk inc covid hosp,2,2026-09-05,40,quantile,0.05,3.2222222222222223
2026-08-22,wk inc covid hosp,2,2026-09-05,40,quantile,0.1,4.777777777777778
2026-08-22,wk inc covid hosp,2,2026-09-05,40,quantile,0.15,6.0
2026-08-22,wk inc covid hosp,2,2026-09-05,40,quantile,0.2,7.0
2026-08-22,wk inc covid hosp,2,2026-09-05,40,quantile,0.25,7.777777777777778
2026-08-22,wk inc covid hosp,2,2026-09-05,40,quantile,0.3,8.444444444444445
2026-08-22,wk inc covid hosp,2,2026-09-05,40,quantile,0.35,9.0
2026-08-22,wk inc covid hosp,2,2026-09-05,40,quantile,0.4,9.666666666666666
2026-08-22,wk inc covid hosp,2,2026-09-05,40,quantile,0.45,11.0
2026-08-22,wk inc covid hosp,2,2026-09-05,40,quantile,0.5,11.88888888888889
2026-08-22,wk inc covid hosp,2,2026-09-05,40,quantile,0.55,13.0
2026-08-22,wk inc covid hosp,2,2026-09-05,40,quantile,0.6,14.0
2026-08-22,wk inc covid hosp,2,2026-09-05,40,quantile,0.65,15.555555555555555
2026-08-22,wk inc covid hosp,2,2026-09-05,40,quantile,0.7,17.333333333333332
2026-08-22,wk inc covid hosp,2,2026-09-05,40,quantile,0.75,19.555555555555557
2026-08-22,wk inc covid hosp,2,2026-09-05,40,quantile,0.8,21.77777777777778
2026-08-22,wk inc covid hosp,2,2026-09-05,40,quantile,0.85,25.555555555555557
2026-08-22,wk inc covid hosp,2,2026-09-05,40,quantile,0.9,30.67777777777778
2026-08-22,wk inc covid hosp,2,2026-09-05,40,quantile,0.95,43.22222222222222
2026-08-22,wk inc covid hosp,2,2026-09-05,40,quantile,0.975,56.227777777777774
2026-08-22,wk inc covid hosp,2,2026-09-05,40,quantile,0.99,76.88888888888889
2026-08-22,wk inc covid hosp,2,2026-09-05,41,quantile,0.01,2.0
2026-08-22,wk inc covid hosp,2,2026-09-05,41,quantile,0.025,3.3333333333333335
2026-08-22,wk inc covid hosp,2,2026-09-05,41,quantile,0.05,4.444444444444445
2026-08-22,wk inc covid hosp,2,2026-09-05,41,quantile,0.1,6.555555555555555
2026-08-22,wk inc covid hosp,2,2026-09-05,41,quantile,0.15,8.0
2026-08-22,wk inc covid hosp,2,2026-09-05,41,quantile,0.2,9.0
2026-08-22,wk inc covid hosp,2,2026-09-05,41,quantile,0.25,10.0
2026-08-22,wk inc covid hosp,2,2026-09-05,41,quantile,0.3,11.222222222222221
2026-08-22,wk inc covid hosp,2,2026-09-05,41,quantile,0.35,11.666666666666666
2026-08-22,wk inc covid hosp,2,2026-09-05,41,quantile,0.4,12.555555555555555
2026-08-22,wk inc covid hosp,2,2026-09-05,41,quantile,0.45,13.333333333333334
2026-08-22,wk inc covid hosp,2,2026-09-05,41,quantile,0.5,14.11111111111111
2026-08-22,wk inc covid hosp,2,2026-09-05,41,quantile,0.55,15.383333333333338
2026-08-22,wk inc covid hosp,2,2026-09-05,41,quantile,0.6,16.444444444444443
2026-08-22,wk inc covid hosp,2,2026-09-05,41,quantile,0.65,17.666666666666668
2026-08-22,wk inc covid hosp,2,2026-09-05,41,quantile,0.7,19.333333333333332
2026-08-22,wk inc covid hosp,2,2026-09-05,41,quantile,0.75,20.88888888888889
2026-08-22,wk inc covid hosp,2,2026-09-05,41,quantile,0.8,22.88888888888889
2026-08-22,wk inc covid hosp,2,2026-09-05,41,quantile,0.85,25.0
2026-08-22,wk inc covid hosp,2,2026-09-05,41,quantile,0.9,28.444444444444443
2026-08-22,wk inc covid hosp,2,2026-09-05,41,quantile,0.95,35.55555555555556
2026-08-22,wk inc covid hosp,2,2026-09-05,41,quantile,0.975,46.0
2026-08-22,wk inc covid hosp,2,2026-09-05,41,quantile,0.99,65.89222222222222
2026-08-22,wk inc covid hosp,2,2026-09-05,42,quantile,0.01,20.88888888888889
2026-08-22,wk inc covid hosp,2,2026-09-05,42,quantile,0.025,30.216666666666665
2026-08-22,wk inc covid hosp,2,2026-09-05,42,quantile,0.05,36.105555555555554
2026-08-22,wk inc covid hosp,2,2026-09-05,42,quantile,0.1,50.111111111111114
2026-08-22,wk inc covid hosp,2,2026-09-05,42,quantile,0.15,58.111111111111114
2026-08-22,wk inc covid hosp,2,2026-09-05,42,quantile,0.2,63.3111111111111
2026-08-22,wk inc covid hosp,2,2026-09-05,42,quantile,0.25,69.77777777777777
2026-08-22,wk inc covid hosp,2,2026-09-05,42,quantile,0.3,73.55555555555556
2026-08-22,wk inc covid hosp,2,2026-09-05,42,quantile,0.35,77.11111111111111
2026-08-22,wk inc covid hosp,2,2026-09-05,42,quantile,0.4,80.66666666666667
2026-08-22,wk inc covid hosp,2,2026-09-05,42,quantile,0.45,83.94999999999999
2026-08-22,wk inc covid hosp,2,2026-09-05,42,quantile,0.5,87.0
2026-08-22,wk inc covid hosp,2,2026-09-05,42,quantile,0.55,91.22222222222223
2026-08-22,wk inc covid hosp,2,2026-09-05,42,quantile,0.6,95.77777777777777
2026-08-22,wk inc covid hosp,2,2026-09-05,42,quantile,0.65,100.55555555555556
2026-08-22,wk inc covid hosp,2,2026-09-05,42,quantile,0.7,106.88888888888889
2026-08-22,wk inc covid hosp,2,2026-09-05,42,quantile,0.75,112.66666666666667
2026-08-22,wk inc covid hosp,2,2026-09-05,42,quantile,0.8,118.24444444444445
2026-08-22,wk inc covid hosp,2,2026-09-05,42,quantile,0.85,126.0
2026-08-22,wk inc covid hosp,2,2026-09-05,42,quantile,0.9,139.56666666666666
2026-08-22,wk inc covid hosp,2,2026-09-05,42,quantile,0.95,161.89999999999998
2026-08-22,wk inc covid hosp,2,2026-09-05,42,quantile,0.975,186.66666666666666
2026-08-22,wk inc covid hosp,2,2026-09-05,42,quantile,0.99,244.89444444444447
2026-08-22,wk inc covid hosp,2,2026-09-05,44,quantile,0.01,1.2222222222222223
2026-08-22,wk inc covid hosp,2,2026-09-05,44,quantile,0.025,2.0
2026-08-22,wk inc covid hosp,2,2026-09-05,44,quantile,0.05,2.888888888888889
2026-08-22,wk inc covid hosp,2,2026-09-05,44,quantile,0.1,4.333333333333333
2026-08-22,wk inc covid hosp,2,2026-09-05,44,quantile,0.15,5.444444444444445
2026-08-22,wk inc covid hosp,2,2026-09-05,44,quantile,0.2,6.111111111111111
2026-08-22,wk inc covid hosp,2,2026-09-05,44,quantile,0.25,7.222222222222222
2026-08-22,wk inc covid hosp,2,2026-09-05,44,quantile,0.3,7.777777777777778
2026-08-22,wk inc covid hosp,2,2026-09-05,44,quantile,0.35,8.333333333333334
2026-08-22,wk inc covid hosp,2,2026-09-05,44,quantile,0.4,9.11111111111111
2026-08-22,wk inc covid hosp,2,2026-09-05,44,quantile,0.45,9.666666666666666
2026-08-22,wk inc covid hosp,2,2026-09-05,44,quantile,0.5,10.333333333333334
2026-08-22,wk inc covid hosp,2,2026-09-05,44,quantile,0.55,10.88888888888889
2026-08-22,wk inc covid hosp,2,2026-09-05,44,quantile,0.6,11.555555555555555
2026-08-22,wk inc covid hosp,2,2026-09-05,44,quantile,0.65,12.222222222222221
2026-08-22,wk inc covid hosp,2,2026-09-05,44,quantile,0.7,12.88888888888889
2026-08-22,wk inc covid hosp,2,2026-09-05,44,quantile,0.75,13.777777777777779
2026-08-22,wk inc covid hosp,2,2026-09-05,44,quantile,0.8,15.11111111111111
2026-08-22,wk inc covid hosp,2,2026-09-05,44,quantile,0.85,17.11111111111111
2026-08-22,wk inc covid hosp,2,2026-09-05,44,quantile,0.9,19.88888888888889
2026-08-22,wk inc covid hosp,2,2026-09-05,44,quantile,0.95,25.11111111111111
2026-08-22,wk inc covid hosp,2,2026-09-05,44,quantile,0.975,29.94722222222222
2026-08-22,wk inc covid hosp,2,2026-09-05,44,quantile,0.99,41.111111111111114
2026-08-22,wk inc covid hosp,2,2026-09-05,45,quantile,0.01,8.777777777777779
2026-08-22,wk inc covid hosp,2,2026-09-05,45,quantile,0.025,11.386111111111111
2026-08-22,wk inc covid hosp,2,2026-09-05,45,quantile,0.05,14.0
2026-08-22,wk inc covid hosp,2,2026-09-05,45,quantile,0.1,19.22222222222222
2026-08-22,wk inc covid hosp,2,2026-09-05,45,quantile,0.15,22.666666666666668
2026-08-22,wk inc covid hosp,2,2026-09-05,45,quantile,0.2,25.0
2026-08-22,wk inc covid hosp,2,2026-09-05,45,quantile,0.25,27.444444444444443
2026-08-22,wk inc covid hosp,2,2026-09-05,45,quantile,0.3,28.41111111111111
2026-08-22,wk inc covid hosp,2,2026-09-05,45,quantile,0.35,29.77777777777778
2026-08-22,wk inc covid hosp,2,2026-09-05,45,quantile,0.4,31.77777777777778
2026-08-22,wk inc covid hosp,2,2026-09-05,45,quantile,0.45,33.0
2026-08-22,wk inc covid hosp,2,2026-09-05,45,quantile,0.5,34.44444444444444
2026-08-22,wk inc covid hosp,2,2026-09-05,45,quantile,0.55,35.55555555555556
2026-08-22,wk inc covid hosp,2,2026-09-05,45,quantile,0.6,37.22222222222222
2026-08-22,wk inc covid hosp,2,2026-09-05,45,quantile,0.65,39.333333333333336
2026-08-22,wk inc covid hosp,2,2026-09-05,45,quantile,0.7,41.666666666666664
2026-08-22,wk inc covid hosp,2,2026-09-05,45,quantile,0.75,44.0
2026-08-22,wk inc covid hosp,2,2026-09-05,45,quantile,0.8,46.77777777777778
2026-08-22,wk inc covid hosp,2,2026-09-05,45,quantile,0.85,50.333333333333336
2026-08-22,wk inc covid hosp,2,2026-09-05,45,quantile,0.9,57.44444444444444
2026-08-22,wk inc covid hosp,2,2026-09-05,45,quantile,0.95,69.89444444444445
2026-08-22,wk inc covid hosp,2,2026-09-05,45,quantile,0.975,83.77777777777777
2026-08-22,wk inc covid hosp,2,2026-09-05,45,quantile,0.99,107.56555555555555
2026-08-22,wk inc covid hosp,2,2026-09-05,46,quantile,0.01,0.1111111111111111
2026-08-22,wk inc covid hosp,2,2026-09-05,46,quantile,0.025,0.1111111111111111
2026-08-22,wk inc covid hosp,2,2026-09-05,46,quantile,0.05,0.1111111111111111
2026-08-22,wk inc covid hosp,2,2026-09-05,46,quantile,0.1,0.4444444444444444
2026-08-22,wk inc covid hosp,2,2026-09-05,46,quantile,0.15,0.8888888888888888
2026-08-22,wk inc covid hosp,2,2026-09-05,46,quantile,0.2,1.1111111111111112
2026-08-22,wk inc covid hosp,2,2026-09-05,46,quantile,0.25,1.5555555555555556
2026-08-22,wk inc covid hosp,2,2026-09-05,46,quantile,0.3,2.0
2026-08-22,wk inc covid hosp,2,2026-09-05,46,quantile,0.35,2.4444444444444446
2026-08-22,wk inc covid hosp,2,2026-09-05,46,quantile,0.4,2.6666666666666665
2026-08-22,wk inc covid hosp,2,2026-09-05,46,quantile,0.45,3.0
2026-08-22,wk inc covid hosp,2,2026-09-05,46,quantile,0.5,3.6666666666666665
2026-08-22,wk inc covid hosp,2,2026-09-05,46,quantile,0.55,4.111111111111111
2026-08-22,wk inc covid hosp,2,2026-09-05,46,quantile,0.6,4.666666666666667
2026-08-22,wk inc covid hosp,2,2026-09-05,46,quantile,0.65,5.222222222222222
2026-08-22,wk inc covid hosp,2,2026-09-05,46,quantile,0.7,6.222222222222222
2026-08-22,wk inc covid hosp,2,2026-09-05,46,quantile,0.75,7.444444444444445
2026-08-22,wk inc covid hosp,2,2026-09-05,46,quantile,0.8,8.444444444444445
2026-08-22,wk inc covid hosp,2,2026-09-05,46,quantile,0.85,10.666666666666666
2026-08-22,wk inc covid hosp,2,2026-09-05,46,quantile,0.9,13.333333333333334
2026-08-22,wk inc covid hosp,2,2026-09-05,46,quantile,0.95,19.0
2026-08-22,wk inc covid hosp,2,2026-09-05,46,quantile,0.975,25.555555555555557
2026-08-22,wk inc covid hosp,2,2026-09-05,46,quantile,0.99,37.66888888888889
2026-08-22,wk inc covid hosp,2,2026-09-05,47,quantile,0.01,14.885555555555555
2026-08-22,wk inc covid hosp,2,2026-09-05,47,quantile,0.025,19.666666666666668
2026-08-22,wk inc covid hosp,2,2026-09-05,47,quantile,0.05,23.994444444444444
2026-08-22,wk inc covid hosp,2,2026-09-05,47,quantile,0.1,31.11111111111111
2026-08-22,wk inc covid hosp,2,2026-09-05,47,quantile,0.15,36.76111111111111
2026-08-22,wk inc covid hosp,2,2026-09-05,47,quantile,0.2,41.666666666666664
2026-08-22,wk inc covid hosp,2,2026-09-05,47,quantile,0.25,44.111111111111114
2026-08-22,wk inc covid hosp,2,2026-09-05,47,quantile,0.3,46.55555555555556
2026-08-22,wk inc covid hosp,2,2026-09-05,47,quantile,0.35,49.111111111111114
2026-08-22,wk inc covid hosp,2,2026-09-05,47,quantile,0.4,51.0
2026-08-22,wk inc covid hosp,2,2026-09-05,47,quantile,0.45,53.22222222222222
2026-08-22,wk inc covid hosp,2,2026-09-05,47,quantile,0.5,55.111111111111114
2026-08-22,wk inc covid hosp,2,2026-09-05,47,quantile,0.55,56.666666666666664
2026-08-22,wk inc covid hosp,2,2026-09-05,47,quantile,0.6,59.333333333333336
2026-08-22,wk inc covid hosp,2,2026-09-05,47,quantile,0.65,62.333333333333336
2026-08-22,wk inc covid hosp,2,2026-09-05,47,quantile,0.7,66.11111111111111
2026-08-22,wk inc covid hosp,2,2026-09-05,47,quantile,0.75,69.13888888888889
2026-08-22,wk inc covid hosp,2,2026-09-05,47,quantile,0.8,73.22222222222223
2026-08-22,wk inc covid hosp,2,2026-09-05,47,quantile,0.85,78.66666666666667
2026-08-22,wk inc covid hosp,2,2026-09-05,47,quantile,0.9,89.11111111111111
2026-08-22,wk inc covid hosp,2,2026-09-05,47,quantile,0.95,112.9111111111111
2026-08-22,wk inc covid hosp,2,2026-09-05,47,quantile,0.975,136.22777777777776
2026-08-22,wk inc covid hosp,2,2026-09-05,47,quantile,0.99,170.4477777777778
2026-08-22,wk inc covid hosp,2,2026-09-05,48,quantile,0.01,85.10777777777778
2026-08-22,wk inc covid hosp,2,2026-09-05,48,quantile,0.025,121.32222222222224
2026-08-22,wk inc covid hosp,2,2026-09-05,48,quantile,0.05,149.65555555555557
2026-08-22,wk inc covid hosp,2,2026-09-05,48,quantile,0.1,185.3111111111111
2026-08-22,wk inc covid hosp,2,2026-09-05,48,quantile,0.15,213.20555555555555
2026-08-22,wk inc covid hosp,2,2026-09-05,48,quantile,0.2,235.53333333333336
2026-08-22,wk inc covid hosp,2,2026-09-05,48,quantile,0.25,255.11111111111111
2026-08-22,wk inc covid hosp,2,2026-09-05,48,quantile,0.3,275.29999999999995
2026-08-22,wk inc covid hosp,2,2026-09-05,48,quantile,0.35,289.3333333333333
2026-08-22,wk inc covid hosp,2,2026-09-05,48,quantile,0.4,303.44444444444446
2026-08-22,wk inc covid hosp,2,2026-09-05,48,quantile,0.45,311.55555555555554
2026-08-22,wk inc covid hosp,2,2026-09-05,48,quantile,0.5,319.8888888888889
2026-08-22,wk inc covid hosp,2,2026-09-05,48,quantile,0.55,328.55555555555554
2026-08-22,wk inc covid hosp,2,2026-09-05,48,quantile,0.6,344.1111111111111
2026-08-22,wk inc covid hosp,2,2026-09-05,48,quantile,0.65,356.3333333333333
2026-08-22,wk inc covid hosp,2,2026-09-05,48,quantile,0.7,372.6666666666667
2026-08-22,wk inc covid hosp,2,2026-09-05,48,quantile,0.75,390.25
2026-08-22,wk inc covid hosp,2,2026-09-05,48,quantile,0.8,409.77777777777777
2026-08-22,wk inc covid hosp,2,2026-09-05,48,quantile,0.85,439.6666666666667
2026-08-22,wk inc covid hosp,2,2026-09-05,48,quantile,0.9,484.2444444444444
2026-08-22,wk inc covid hosp,2,2026-09-05,48,quantile,0.95,582.2277777777778
2026-08-22,wk inc covid hosp,2,2026-09-05,48,quantile,0.975,680.7944444444444
2026-08-22,wk inc covid hosp,2,2026-09-05,48,quantile,0.99,855.1344444444444
2026-08-22,wk inc covid hosp,2,2026-09-05,49,quantile,0.01,0.6666666666666666
2026-08-22,wk inc covid hosp,2,2026-09-05,49,quantile,0.025,1.0
2026-08-22,wk inc covid hosp,2,2026-09-05,49,quantile,0.05,1.8888888888888888
2026-08-22,wk inc covid hosp,2,2026-09-05,49,quantile,0.1,2.6666666666666665
2026-08-22,wk inc covid hosp,2,2026-09-05,49,quantile,0.15,3.7777777777777777
2026-08-22,wk inc covid hosp,2,2026-09-05,49,quantile,0.2,4.555555555555555
2026-08-22,wk inc covid hosp,2,2026-09-05,49,quantile,0.25,5.0
2026-08-22,wk inc covid hosp,2,2026-09-05,49,quantile,0.3,5.777777777777778
2026-08-22,wk inc covid hosp,2,2026-09-05,49,quantile,0.35,6.444444444444445
2026-08-22,wk inc covid hosp,2,2026-09-05,49,quantile,0.4,7.0
2026-08-22,wk inc covid hosp,2,2026-09-05,49,quantile,0.45,7.444444444444445
2026-08-22,wk inc covid hosp,2,2026-09-05,49,quantile,0.5,8.555555555555555
2026-08-22,wk inc covid hosp,2,2026-09-05,49,quantile,0.55,9.333333333333334
2026-08-22,wk inc covid hosp,2,2026-09-05,49,quantile,0.6,10.11111111111111
2026-08-22,wk inc covid hosp,2,2026-09-05,49,quantile,0.65,10.666666666666666
2026-08-22,wk inc covid hosp,2,2026-09-05,49,quantile,0.7,11.88888888888889
2026-08-22,wk inc covid hosp,2,2026-09-05,49,quantile,0.75,13.555555555555555
2026-08-22,wk inc covid hosp,2,2026-09-05,49,quantile,0.8,15.11111111111111
2026-08-22,wk inc covid hosp,2,2026-09-05,49,quantile,0.85,17.444444444444443
2026-08-22,wk inc covid hosp,2,2026-09-05,49,quantile,0.9,21.011111111111113
2026-08-22,wk inc covid hosp,2,2026-09-05,49,quantile,0.95,29.11111111111111
2026-08-22,wk inc covid hosp,2,2026-09-05,49,quantile,0.975,39.666666666666664
2026-08-22,wk inc covid hosp,2,2026-09-05,49,quantile,0.99,61.00111111111111
2026-08-22,wk inc covid hosp,2,2026-09-05,50,quantile,0.01,0.0
2026-08-22,wk inc covid hosp,2,2026-09-05,50,quantile,0.025,0.0
2026-08-22,wk inc covid hosp,2,2026-09-05,50,quantile,0.05,0.0
2026-08-22,wk inc covid hosp,2,2026-09-05,50,quantile,0.1,0.3333333333333333
2026-08-22,wk inc covid hosp,2,2026-09-05,50,quantile,0.15,0.4444444444444444
2026-08-22,wk inc covid hosp,2,2026-09-05,50,quantile,0.2,0.7777777777777778
2026-08-22,wk inc covid hosp,2,2026-09-05,50,quantile,0.25,0.8888888888888888
2026-08-22,wk inc covid hosp,2,2026-09-05,50,quantile,0.3,1.1111111111111112
2026-08-22,wk inc covid hosp,2,2026-09-05,50,quantile,0.35,1.5555555555555556
2026-08-22,wk inc covid hosp,2,2026-09-05,50,quantile,0.4,1.6666666666666667
2026-08-22,wk inc covid hosp,2,2026-09-05,50,quantile,0.45,2.111111111111111
2026-08-22,wk inc covid hosp,2,2026-09-05,50,quantile,0.5,2.3333333333333335
2026-08-22,wk inc covid hosp,2,2026-09-05,50,quantile,0.55,2.6666666666666665
2026-08-22,wk inc covid hosp,2,2026-09-05,50,quantile,0.6,2.888888888888889
2026-08-22,wk inc covid hosp,2,2026-09-05,50,quantile,0.65,3.5555555555555554
2026-08-22,wk inc covid hosp,2,2026-09-05,50,quantile,0.7,4.0
2026-08-22,wk inc covid hosp,2,2026-09-05,50,quantile,0.75,5.111111111111111
2026-08-22,wk inc covid hosp,2,2026-09-05,50,quantile,0.8,6.0
2026-08-22,wk inc covid hosp,2,2026-09-05,50,quantile,0.85,7.555555555555555
2026-08-22,wk inc covid hosp,2,2026-09-05,50,quantile,0.9,9.333333333333334
2026-08-22,wk inc covid hosp,2,2026-09-05,50,quantile,0.95,13.0
2026-08-22,wk inc covid hosp,2,2026-09-05,50,quantile,0.975,18.22222222222222
2026-08-22,wk inc covid hosp,2,2026-09-05,50,quantile,0.99,29.89111111111111
2026-08-22,wk inc covid hosp,2,2026-09-05,51,quantile,0.01,6.444444444444445
2026-08-22,wk inc covid hosp,2,2026-09-05,51,quantile,0.025,8.88888888888889
2026-08-22,wk inc covid hosp,2,2026-09-05,51,quantile,0.05,11.11111111111111
2026-08-22,wk inc covid hosp,2,2026-09-05,51,quantile,0.1,14.433333333333334
2026-08-22,wk inc covid hosp,2,2026-09-05,51,quantile,0.15,16.444444444444443
2026-08-22,wk inc covid hosp,2,2026-09-05,51,quantile,0.2,18.77777777777778
2026-08-22,wk inc covid hosp,2,2026-09-05,51,quantile,0.25,20.444444444444443
2026-08-22,wk inc covid hosp,2,2026-09-05,51,quantile,0.3,22.0
2026-08-22,wk inc covid hosp,2,2026-09-05,51,quantile,0.35,23.444444444444443
2026-08-22,wk inc covid hosp,2,2026-09-05,51,quantile,0.4,24.77777777777778
2026-08-22,wk inc covid hosp,2,2026-09-05,51,quantile,0.45,26.11111111111111
2026-08-22,wk inc covid hosp,2,2026-09-05,51,quantile,0.5,27.666666666666668
2026-08-22,wk inc covid hosp,2,2026-09-05,51,quantile,0.55,29.333333333333332
2026-08-22,wk inc covid hosp,2,2026-09-05,51,quantile,0.6,31.0
2026-08-22,wk inc covid hosp,2,2026-09-05,51,quantile,0.65,32.888888888888886
2026-08-22,wk inc covid hosp,2,2026-09-05,51,quantile,0.7,35.333333333333336
2026-08-22,wk inc covid hosp,2,2026-09-05,51,quantile,0.75,37.888888888888886
2026-08-22,wk inc covid hosp,2,2026-09-05,51,quantile,0.8,41.55555555555556
2026-08-22,wk inc covid hosp,2,2026-09-05,51,quantile,0.85,45.888888888888886
2026-08-22,wk inc covid hosp,2,2026-09-05,51,quantile,0.9,51.333333333333336
2026-08-22,wk inc covid hosp,2,2026-09-05,51,quantile,0.95,63.227777777777774
2026-08-22,wk inc covid hosp,2,2026-09-05,51,quantile,0.975,77.56666666666666
2026-08-22,wk inc covid hosp,2,2026-09-05,51,quantile,0.99,108.45333333333332
2026-08-22,wk inc covid hosp,2,2026-09-05,53,quantile,0.01,17.11111111111111
2026-08-22,wk inc covid hosp,2,2026-09-05,53,quantile,0.025,21.719444444444445
2026-08-22,wk inc covid hosp,2,2026-09-05,53,quantile,0.05,25.87777777777778
2026-08-22,wk inc covid hosp,2,2026-09-05,53,quantile,0.1,33.21111111111111
2026-08-22,wk inc covid hosp,2,2026-09-05,53,quantile,0.15,39.55555555555556
2026-08-22,wk inc covid hosp,2,2026-09-05,53,quantile,0.2,43.111111111111114
2026-08-22,wk inc covid hosp,2,2026-09-05,53,quantile,0.25,46.0
2026-08-22,wk inc covid hosp,2,2026-09-05,53,quantile,0.3,48.44444444444444
2026-08-22,wk inc covid hosp,2,2026-09-05,53,quantile,0.35,50.333333333333336
2026-08-22,wk inc covid hosp,2,2026-09-05,53,quantile,0.4,52.666666666666664
2026-08-22,wk inc covid hosp,2,2026-09-05,53,quantile,0.45,54.333333333333336
2026-08-22,wk inc covid hosp,2,2026-09-05,53,quantile,0.5,57.0
2026-08-22,wk inc covid hosp,2,2026-09-05,53,quantile,0.55,59.666666666666664
2026-08-22,wk inc covid hosp,2,2026-09-05,53,quantile,0.6,62.333333333333336
2026-08-22,wk inc covid hosp,2,2026-09-05,53,quantile,0.65,64.55555555555556
2026-08-22,wk inc covid hosp,2,2026-09-05,53,quantile,0.7,67.44444444444444
2026-08-22,wk inc covid hosp,2,2026-09-05,53,quantile,0.75,70.22222222222223
2026-08-22,wk inc covid hosp,2,2026-09-05,53,quantile,0.8,74.24444444444445
2026-08-22,wk inc covid hosp,2,2026-09-05,53,quantile,0.85,79.88888888888889
2026-08-22,wk inc covid hosp,2,2026-09-05,53,quantile,0.9,88.44444444444444
2026-08-22,wk inc covid hosp,2,2026-09-05,53,quantile,0.95,100.81666666666663
2026-08-22,wk inc covid hosp,2,2026-09-05,53,quantile,0.975,120.84722222222223
2026-08-22,wk inc covid hosp,2,2026-09-05,53,quantile,0.99,156.45666666666665
2026-08-22,wk inc covid hosp,2,2026-09-05,54,quantile,0.01,0.3333333333333333
2026-08-22,wk inc covid hosp,2,2026-09-05,54,quantile,0.025,0.7777777777777778
2026-08-22,wk inc covid hosp,2,2026-09-05,54,quantile,0.05,1.1111111111111112
2026-08-22,wk inc covid hosp,2,2026-09-05,54,quantile,0.1,1.7777777777777777
2026-08-22,wk inc covid hosp,2,2026-09-05,54,quantile,0.15,2.3333333333333335
2026-08-22,wk inc covid hosp,2,2026-09-05,54,quantile,0.2,2.888888888888889
2026-08-22,wk inc covid hosp,2,2026-09-05,54,quantile,0.25,3.6666666666666665
2026-08-22,wk inc covid hosp,2,2026-09-05,54,quantile,0.3,4.333333333333333
2026-08-22,wk inc covid hosp,2,2026-09-05,54,quantile,0.35,4.888888888888889
2026-08-22,wk inc covid hosp,2,2026-09-05,54,quantile,0.4,5.555555555555555
2026-08-22,wk inc covid hosp,2,2026-09-05,54,quantile,0.45,6.111111111111111
2026-08-22,wk inc covid hosp,2,2026-09-05,54,quantile,0.5,6.777777777777778
2026-08-22,wk inc covid hosp,2,2026-09-05,54,quantile,0.55,7.333333333333333
2026-08-22,wk inc covid hosp,2,2026-09-05,54,quantile,0.6,8.222222222222221
2026-08-22,wk inc covid hosp,2,2026-09-05,54,quantile,0.65,9.11111111111111
2026-08-22,wk inc covid hosp,2,2026-09-05,54,quantile,0.7,10.444444444444445
2026-08-22,wk inc covid hosp,2,2026-09-05,54,quantile,0.75,11.666666666666666
2026-08-22,wk inc covid hosp,2,2026-09-05,54,quantile,0.8,13.555555555555555
2026-08-22,wk inc covid hosp,2,2026-09-05,54,quantile,0.85,15.666666666666666
2026-08-22,wk inc covid hosp,2,2026-09-05,54,quantile,0.9,19.88888888888889
2026-08-22,wk inc covid hosp,2,2026-09-05,54,quantile,0.95,26.333333333333332
2026-08-22,wk inc covid hosp,2,2026-09-05,54,quantile,0.975,36.05833333333333
2026-08-22,wk inc covid hosp,2,2026-09-05,54,quantile,0.99,50.224444444444444
2026-08-22,wk inc covid hosp,2,2026-09-05,55,quantile,0.01,1.2222222222222223
2026-08-22,wk inc covid hosp,2,2026-09-05,55,quantile,0.025,2.0
2026-08-22,wk inc covid hosp,2,2026-09-05,55,quantile,0.05,3.111111111111111
2026-08-22,wk inc covid hosp,2,2026-09-05,55,quantile,0.1,5.333333333333333
2026-08-22,wk inc covid hosp,2,2026-09-05,55,quantile,0.15,6.777777777777778
2026-08-22,wk inc covid hosp,2,2026-09-05,55,quantile,0.2,7.888888888888889
2026-08-22,wk inc covid hosp,2,2026-09-05,55,quantile,0.25,8.88888888888889
2026-08-22,wk inc covid hosp,2,2026-09-05,55,quantile,0.3,9.777777777777779
2026-08-22,wk inc covid hosp,2,2026-09-05,55,quantile,0.35,10.666666666666666
2026-08-22,wk inc covid hosp,2,2026-09-05,55,quantile,0.4,11.555555555555555
2026-08-22,wk inc covid hosp,2,2026-09-05,55,quantile,0.45,12.666666666666666
2026-08-22,wk inc covid hosp,2,2026-09-05,55,quantile,0.5,14.222222222222221
2026-08-22,wk inc covid hosp,2,2026-09-05,55,quantile,0.55,15.444444444444445
2026-08-22,wk inc covid hosp,2,2026-09-05,55,quantile,0.6,17.11111111111111
2026-08-22,wk inc covid hosp,2,2026-09-05,55,quantile,0.65,18.666666666666668
2026-08-22,wk inc covid hosp,2,2026-09-05,55,quantile,0.7,20.0
2026-08-22,wk inc covid hosp,2,2026-09-05,55,quantile,0.75,22.22222222222222
2026-08-22,wk inc covid hosp,2,2026-09-05,55,quantile,0.8,24.666666666666668
2026-08-22,wk inc covid hosp,2,2026-09-05,55,quantile,0.85,29.77777777777778
2026-08-22,wk inc covid hosp,2,2026-09-05,55,quantile,0.9,35.888888888888886
2026-08-22,wk inc covid hosp,2,2026-09-05,55,quantile,0.95,47.44444444444444
2026-08-22,wk inc covid hosp,2,2026-09-05,55,quantile,0.975,64.0
2026-08-22,wk inc covid hosp,2,2026-09-05,55,quantile,0.99,93.1222222222222
2026-08-22,wk inc covid hosp,2,2026-09-05,56,quantile,0.01,0.0
2026-08-22,wk inc covid hosp,2,2026-09-05,56,quantile,0.025,0.3333333333333333
2026-08-22,wk inc covid hosp,2,2026-09-05,56,quantile,0.05,0.4444444444444444
2026-08-22,wk inc covid hosp,2,2026-09-05,56,quantile,0.1,1.0
2026-08-22,wk inc covid hosp,2,2026-09-05,56,quantile,0.15,1.2222222222222223
2026-08-22,wk inc covid hosp,2,2026-09-05,56,quantile,0.2,1.6666666666666667
2026-08-22,wk inc covid hosp,2,2026-09-05,56,quantile,0.25,1.8888888888888888
2026-08-22,wk inc covid hosp,2,2026-09-05,56,quantile,0.3,2.111111111111111
2026-08-22,wk inc covid hosp,2,2026-09-05,56,quantile,0.35,2.5555555555555554
2026-08-22,wk inc covid hosp,2,2026-09-05,56,quantile,0.4,2.7777777777777777
2026-08-22,wk inc covid hosp,2,2026-09-05,56,quantile,0.45,3.0
2026-08-22,wk inc covid hosp,2,2026-09-05,56,quantile,0.5,3.5555555555555554
2026-08-22,wk inc covid hosp,2,2026-09-05,56,quantile,0.55,3.7777777777777777
2026-08-22,wk inc covid hosp,2,2026-09-05,56,quantile,0.6,4.444444444444445
2026-08-22,wk inc covid hosp,2,2026-09-05,56,quantile,0.65,4.777777777777778
2026-08-22,wk inc covid hosp,2,2026-09-05,56,quantile,0.7,5.444444444444445
2026-08-22,wk inc covid hosp,2,2026-09-05,56,quantile,0.75,6.222222222222222
2026-08-22,wk inc covid hosp,2,2026-09-05,56,quantile,0.8,7.0
2026-08-22,wk inc covid hosp,2,2026-09-05,56,quantile,0.85,8.333333333333334
2026-08-22,wk inc covid hosp,2,2026-09-05,56,quantile,0.9,10.666666666666666
2026-08-22,wk inc covid hosp,2,2026-09-05,56,quantile,0.95,15.222222222222221
2026-08-22,wk inc covid hosp,2,2026-09-05,56,quantile,0.975,22.11111111111111
2026-08-22,wk inc covid hosp,2,2026-09-05,56,quantile,0.99,32.111111111111114
2026-08-22,wk inc covid hosp,2,2026-09-05,72,quantile,0.01,15.666666666666666
2026-08-22,wk inc covid hosp,2,2026-09-05,72,quantile,0.025,21.333333333333332
2026-08-22,wk inc covid hosp,2,2026-09-05,72,quantile,0.05,27.772222222222222
2026-08-22,wk inc covid hosp,2,2026-09-05,72,quantile,0.1,35.87777777777777
2026-08-22,wk inc covid hosp,2,2026-09-05,72,quantile,0.15,42.333333333333336
2026-08-22,wk inc covid hosp,2,2026-09-05,72,quantile,0.2,48.75555555555556
2026-08-22,wk inc covid hosp,2,2026-09-05,72,quantile,0.25,55.22222222222222
2026-08-22,wk inc covid hosp,2,2026-09-05,72,quantile,0.3,57.888888888888886
2026-08-22,wk inc covid hosp,2,2026-09-05,72,quantile,0.35,62.294444444444444
2026-08-22,wk inc covid hosp,2,2026-09-05,72,quantile,0.4,65.77777777777777
2026-08-22,wk inc covid hosp,2,2026-09-05,72,quantile,0.45,69.66666666666667
2026-08-22,wk inc covid hosp,2,2026-09-05,72,quantile,0.5,73.88888888888889
2026-08-22,wk inc covid hosp,2,2026-09-05,72,quantile,0.55,77.0
2026-08-22,wk inc covid hosp,2,2026-09-05,72,quantile,0.6,81.33333333333333
2026-08-22,wk inc covid hosp,2,2026-09-05,72,quantile,0.65,85.22222222222223
2026-08-22,wk inc covid hosp,2,2026-09-05,72,quantile,0.7,89.44444444444444
2026-08-22,wk inc covid hosp,2,2026-09-05,72,quantile,0.75,95.0
2026-08-22,wk inc covid hosp,2,2026-09-05,72,quantile,0.8,102.55555555555556
2026-08-22,wk inc covid hosp,2,2026-09-05,72,quantile,0.85,112.44444444444444
2026-08-22,wk inc covid hosp,2,2026-09-05,72,quantile,0.9,125.66666666666667
2026-08-22,wk inc covid hosp,2,2026-09-05,72,quantile,0.95,149.22222222222223
2026-08-22,wk inc covid hosp,2,2026-09-05,72,quantile,0.975,178.33333333333334
2026-08-22,wk inc covid hosp,2,2026-09-05,72,quantile,0.99,235.77777777777777
2026-08-22,wk inc covid hosp,3,2026-09-12,01,quantile,0.01,15.107777777777777
2026-08-22,wk inc covid hosp,3,2026-09-12,01,quantile,0.025,21.11111111111111
2026-08-22,wk inc covid hosp,3,2026-09-12,01,quantile,0.05,26.88888888888889
2026-08-22,wk inc covid hosp,3,2026-09-12,01,quantile,0.1,35.0
2026-08-22,wk inc covid hosp,3,2026-09-12,01,quantile,0.15,41.22222222222222
2026-08-22,wk inc covid hosp,3,2026-09-12,01,quantile,0.2,46.0
2026-08-22,wk inc covid hosp,3,2026-09-12,01,quantile,0.25,50.111111111111114
2026-08-22,wk inc covid hosp,3,2026-09-12,01,quantile,0.3,55.666666666666664
2026-08-22,wk inc covid hosp,3,2026-09-12,01,quantile,0.35,59.888888888888886
2026-08-22,wk inc covid hosp,3,2026-09-12,01,quantile,0.4,63.55555555555556
2026-08-22,wk inc covid hosp,3,2026-09-12,01,quantile,0.45,66.66666666666667
2026-08-22,wk inc covid hosp,3,2026-09-12,01,quantile,0.5,70.55555555555556
2026-08-22,wk inc covid hosp,3,2026-09-12,01,quantile,0.55,73.11111111111111
2026-08-22,wk inc covid hosp,3,2026-09-12,01,quantile,0.6,76.22222222222223
2026-08-22,wk inc covid hosp,3,2026-09-12,01,quantile,0.65,79.0
2026-08-22,wk inc covid hosp,3,2026-09-12,01,quantile,0.7,84.69999999999999
2026-08-22,wk inc covid hosp,3,2026-09-12,01,quantile,0.75,89.91666666666667
2026-08-22,wk inc covid hosp,3,2026-09-12,01,quantile,0.8,95.33333333333333
2026-08-22,wk inc covid hosp,3,2026-09-12,01,quantile,0.85,102.88888888888889
2026-08-22,wk inc covid hosp,3,2026-09-12,01,quantile,0.9,115.45555555555555
2026-08-22,wk inc covid hosp,3,2026-09-12,01,quantile,0.95,138.1222222222222
2026-08-22,wk inc covid hosp,3,2026-09-12,01,quantile,0.975,162.13333333333333
2026-08-22,wk inc covid hosp,3,2026-09-12,01,quantile,0.99,195.69666666666663
2026-08-22,wk inc covid hosp,3,2026-09-12,02,quantile,0.01,0.2222222222222222
2026-08-22,wk inc covid hosp,3,2026-09-12,02,quantile,0.025,0.7777777777777778
2026-08-22,wk inc covid hosp,3,2026-09-12,02,quantile,0.05,1.1111111111111112
2026-08-22,wk inc covid hosp,3,2026-09-12,02,quantile,0.1,1.7777777777777777
2026-08-22,wk inc covid hosp,3,2026-09-12,02,quantile,0.15,2.0
2026-08-22,wk inc covid hosp,3,2026-09-12,02,quantile,0.2,2.4444444444444446
2026-08-22,wk inc covid hosp,3,2026-09-12,02,quantile,0.25,2.7777777777777777
2026-08-22,wk inc covid hosp,3,2026-09-12,02,quantile,0.3,3.4444444444444446
2026-08-22,wk inc covid hosp,3,2026-09-12,02,quantile,0.35,3.5555555555555554
2026-08-22,wk inc covid hosp,3,2026-09-12,02,quantile,0.4,3.888888888888889
2026-08-22,wk inc covid hosp,3,2026-09-12,02,quantile,0.45,4.222222222222222
2026-08-22,wk inc covid hosp,3,2026-09-12,02,quantile,0.5,4.333333333333333
2026-08-22,wk inc covid hosp,3,2026-09-12,02,quantile,0.55,5.111111111111111
2026-08-22,wk inc covid hosp,3,2026-09-12,02,quantile,0.6,5.444444444444445
2026-08-22,wk inc covid hosp,3,2026-09-12,02,quantile,0.65,6.333333333333333
2026-08-22,wk inc covid hosp,3,2026-09-12,02,quantile,0.7,6.888888888888889
2026-08-22,wk inc covid hosp,3,2026-09-12,02,quantile,0.75,7.666666666666667
2026-08-22,wk inc covid hosp,3,2026-09-12,02,quantile,0.8,8.444444444444445
2026-08-22,wk inc covid hosp,3,2026-09-12,02,quantile,0.85,10.11111111111111
2026-08-22,wk inc covid hosp,3,2026-09-12,02,quantile,0.9,12.666666666666666
2026-08-22,wk inc covid hosp,3,2026-09-12,02,quantile,0.95,17.555555555555557
2026-08-22,wk inc covid hosp,3,2026-09-12,02,quantile,0.975,23.0
2026-08-22,wk inc covid hosp,3,2026-09-12,02,quantile,0.99,33.888888888888886
2026-08-22,wk inc covid hosp,3,2026-09-12,04,quantile,0.01,15.333333333333334
2026-08-22,wk inc covid hosp,3,2026-09-12,04,quantile,0.025,20.11111111111111
2026-08-22,wk inc covid hosp,3,2026-09-12,04,quantile,0.05,26.11111111111111
2026-08-22,wk inc covid hosp,3,2026-09-12,04,quantile,0.1,33.44444444444444
2026-08-22,wk inc covid hosp,3,2026-09-12,04,quantile,0.15,38.55555555555556
2026-08-22,wk inc covid hosp,3,2026-09-12,04,quantile,0.2,43.0
2026-08-22,wk inc covid hosp,3,2026-09-12,04,quantile,0.25,45.55555555555556
2026-08-22,wk inc covid hosp,3,2026-09-12,04,quantile,0.3,47.77777777777778
2026-08-22,wk inc covid hosp,3,2026-09-12,04,quantile,0.35,49.888888888888886
2026-08-22,wk inc covid hosp,3,2026-09-12,04,quantile,0.4,52.22222222222222
2026-08-22,wk inc covid hosp,3,2026-09-12,04,quantile,0.45,55.0
2026-08-22,wk inc covid hosp,3,2026-09-12,04,quantile,0.5,56.77777777777778
2026-08-22,wk inc covid hosp,3,2026-09-12,04,quantile,0.55,60.0
2026-08-22,wk inc covid hosp,3,2026-09-12,04,quantile,0.6,63.266666666666666
2026-08-22,wk inc covid hosp,3,2026-09-12,04,quantile,0.65,65.55555555555556
2026-08-22,wk inc covid hosp,3,2026-09-12,04,quantile,0.7,70.0
2026-08-22,wk inc covid hosp,3,2026-09-12,04,quantile,0.75,72.88888888888889
2026-08-22,wk inc covid hosp,3,2026-09-12,04,quantile,0.8,77.24444444444445
2026-08-22,wk inc covid hosp,3,2026-09-12,04,quantile,0.85,83.90555555555555
2026-08-22,wk inc covid hosp,3,2026-09-12,04,quantile,0.9,92.23333333333333
2026-08-22,wk inc covid hosp,3,2026-09-12,04,quantile,0.95,109.67222222222222
2026-08-22,wk inc covid hosp,3,2026-09-12,04,quantile,0.975,131.40277777777777
2026-08-22,wk inc covid hosp,3,2026-09-12,04,quantile,0.99,173.33666666666667
2026-08-22,wk inc covid hosp,3,2026-09-12,05,quantile,0.01,2.7777777777777777
2026-08-22,wk inc covid hosp,3,2026-09-12,05,quantile,0.025,4.111111111111111
2026-08-22,wk inc covid hosp,3,2026-09-12,05,quantile,0.05,5.666666666666667
2026-08-22,wk inc covid hosp,3,2026-09-12,05,quantile,0.1,8.100000000000001
2026-08-22,wk inc covid hosp,3,2026-09-12,05,quantile,0.15,9.666666666666666
2026-08-22,wk inc covid hosp,3,2026-09-12,05,quantile,0.2,10.88888888888889
2026-08-22,wk inc covid hosp,3,2026-09-12,05,quantile,0.25,12.11111111111111
2026-08-22,wk inc covid hosp,3,2026-09-12,05,quantile,0.3,13.555555555555555
2026-08-22,wk inc covid hosp,3,2026-09-12,05,quantile,0.35,14.444444444444445
2026-08-22,wk inc covid hosp,3,2026-09-12,05,quantile,0.4,15.555555555555555
2026-08-22,wk inc covid hosp,3,2026-09-12,05,quantile,0.45,16.444444444444443
2026-08-22,wk inc covid hosp,3,2026-09-12,05,quantile,0.5,17.77777777777778
2026-08-22,wk inc covid hosp,3,2026-09-12,05,quantile,0.55,18.88888888888889
2026-08-22,wk inc covid hosp,3,2026-09-12,05,quantile,0.6,20.666666666666668
2026-08-22,wk inc covid hosp,3,2026-09-12,05,quantile,0.65,22.261111111111113
2026-08-22,wk inc covid hosp,3,2026-09-12,05,quantile,0.7,24.11111111111111
2026-08-22,wk inc covid hosp,3,2026-09-12,05,quantile,0.75,26.555555555555557
2026-08-22,wk inc covid hosp,3,2026-09-12,05,quantile,0.8,28.88888888888889
2026-08-22,wk inc covid hosp,3,2026-09-12,05,quantile,0.85,31.555555555555557
2026-08-22,wk inc covid hosp,3,2026-09-12,05,quantile,0.9,36.78888888888889
2026-08-22,wk inc covid hosp,3,2026-09-12,05,quantile,0.95,46.89444444444444
2026-08-22,wk inc covid hosp,3,2026-09-12,05,quantile,0.975,57.77777777777778
2026-08-22,wk inc covid hosp,3,2026-09-12,05,quantile,0.99,77.55555555555556
2026-08-22,wk inc covid hosp,3,2026-09-12,06,quantile,0.01,181.86777777777777
2026-08-22,wk inc covid hosp,3,2026-09-12,06,quantile,0.025,217.34722222222223
2026-08-22,wk inc covid hosp,3,2026-09-12,06,quantile,0.05,256.2055555555555
2026-08-22,wk inc covid hosp,3,2026-09-12,06,quantile,0.1,297.0
2026-08-22,wk inc covid hosp,3,2026-09-12,06,quantile,0.15,331.0
2026-08-22,wk inc covid hosp,3,2026-09-12,06,quantile,0.2,359.55555555555554
2026-08-22,wk inc covid hosp,3,2026-09-12,06,quantile,0.25,384.8888888888889
2026-08-22,wk inc covid hosp,3,2026-09-12,06,quantile,0.3,404.6333333333333
2026-08-22,wk inc covid hosp,3,2026-09-12,06,quantile,0.35,417.8888888888889
2026-08-22,wk inc covid hosp,3,2026-09-12,06,quantile,0.4,431.77777777777777
2026-08-22,wk inc covid hosp,3,2026-09-12,06,quantile,0.45,448.4555555555555
2026-08-22,wk inc covid hosp,3,2026-09-12,06,quantile,0.5,459.0
2026-08-22,wk inc covid hosp,3,2026-09-12,06,quantile,0.55,471.8888888888889
2026-08-22,wk inc covid hosp,3,2026-09-12,06,quantile,0.6,481.8888888888889
2026-08-22,wk inc covid hosp,3,2026-09-12,06,quantile,0.65,495.3333333333333
2026-08-22,wk inc covid hosp,3,2026-09-12,06,quantile,0.7,515.3333333333334
2026-08-22,wk inc covid hosp,3,2026-09-12,06,quantile,0.75,530.8055555555555
2026-08-22,wk inc covid hosp,3,2026-09-12,06,quantile,0.8,554.4444444444445
2026-08-22,wk inc covid hosp,3,2026-09-12,06,quantile,0.85,587.7777777777778
2026-08-22,wk inc covid hosp,3,2026-09-12,06,quantile,0.9,639.2555555555556
2026-08-22,wk inc covid hosp,3,2026-09-12,06,quantile,0.95,720.3055555555554
2026-08-22,wk inc covid hosp,3,2026-09-12,06,quantile,0.975,822.9444444444445
2026-08-22,wk inc covid hosp,3,2026-09-12,06,quantile,0.99,997.0655555555555
2026-08-22,wk inc covid hosp,3,2026-09-12,08,quantile,0.01,4.0
2026-08-22,wk inc covid hosp,3,2026-09-12,08,quantile,0.025,5.777777777777778
2026-08-22,wk inc covid hosp,3,2026-09-12,08,quantile,0.05,6.888888888888889
2026-08-22,wk inc covid hosp,3,2026-09-12,08,quantile,0.1,10.11111111111111
2026-08-22,wk inc covid hosp,3,2026-09-12,08,quantile,0.15,12.222222222222221
2026-08-22,wk inc covid hosp,3,2026-09-12,08,quantile,0.2,14.0
2026-08-22,wk inc covid hosp,3,2026-09-12,08,quantile,0.25,15.444444444444445
2026-08-22,wk inc covid hosp,3,2026-09-12,08,quantile,0.3,16.88888888888889
2026-08-22,wk inc covid hosp,3,2026-09-12,08,quantile,0.35,18.11111111111111
2026-08-22,wk inc covid hosp,3,2026-09-12,08,quantile,0.4,19.22222222222222
2026-08-22,wk inc covid hosp,3,2026-09-12,08,quantile,0.45,20.11111111111111
2026-08-22,wk inc covid hosp,3,2026-09-12,08,quantile,0.5,21.666666666666668
2026-08-22,wk inc covid hosp,3,2026-09-12,08,quantile,0.55,23.0
2026-08-22,wk inc covid hosp,3,2026-09-12,08,quantile,0.6,24.444444444444443
2026-08-22,wk inc covid hosp,3,2026-09-12,08,quantile,0.65,25.77777777777778
2026-08-22,wk inc covid hosp,3,2026-09-12,08,quantile,0.7,28.333333333333332
2026-08-22,wk inc covid hosp,3,2026-09-12,08,quantile,0.75,30.666666666666668
2026-08-22,wk inc covid hosp,3,2026-09-12,08,quantile,0.8,33.44444444444444
2026-08-22,wk inc covid hosp,3,2026-09-12,08,quantile,0.85,37.0
2026-08-22,wk inc covid hosp,3,2026-09-12,08,quantile,0.9,43.333333333333336
2026-08-22,wk inc covid hosp,3,2026-09-12,08,quantile,0.95,55.44444444444444
2026-08-22,wk inc covid hosp,3,2026-09-12,08,quantile,0.975,70.78888888888888
2026-08-22,wk inc covid hosp,3,2026-09-12,08,quantile,0.99,98.66777777777777
2026-08-22,wk inc covid hosp,3,2026-09-12,09,quantile,0.01,2.0
2026-08-22,wk inc covid hosp,3,2026-09-12,09,quantile,0.025,3.2222222222222223
2026-08-22,wk inc covid hosp,3,2026-09-12,09,quantile,0.05,3.7777777777777777
2026-08-22,wk inc covid hosp,3,2026-09-12,09,quantile,0.1,5.222222222222222
2026-08-22,wk inc covid hosp,3,2026-09-12,09,quantile,0.15,6.333333333333333
2026-08-22,wk inc covid hosp,3,2026-09-12,09,quantile,0.2,7.333333333333333
2026-08-22,wk inc covid hosp,3,2026-09-12,09,quantile,0.25,8.11111111111111
2026-08-22,wk inc covid hosp,3,2026-09-12,09,quantile,0.3,9.11111111111111
2026-08-22,wk inc covid hosp,3,2026-09-12,09,quantile,0.35,10.0
2026-08-22,wk inc covid hosp,3,2026-09-12,09,quantile,0.4,10.777777777777779
2026-08-22,wk inc covid hosp,3,2026-09-12,09,quantile,0.45,11.444444444444445
2026-08-22,wk inc covid hosp,3,2026-09-12,09,quantile,0.5,13.11111111111111
2026-08-22,wk inc covid hosp,3,2026-09-12,09,quantile,0.55,13.88888888888889
2026-08-22,wk inc covid hosp,3,2026-09-12,09,quantile,0.6,15.11111111111111
2026-08-22,wk inc covid hosp,3,2026-09-12,09,quantile,0.65,15.777777777777779
2026-08-22,wk inc covid hosp,3,2026-09-12,09,quantile,0.7,17.11111111111111
2026-08-22,wk inc covid hosp,3,2026-09-12,09,quantile,0.75,18.88888888888889
2026-08-22,wk inc covid hosp,3,2026-09-12,09,quantile,0.8,21.11111111111111
2026-08-22,wk inc covid hosp,3,2026-09-12,09,quantile,0.85,23.666666666666668
2026-08-22,wk inc covid hosp,3,2026-09-12,09,quantile,0.9,27.34444444444445
2026-08-22,wk inc covid hosp,3,2026-09-12,09,quantile,0.95,34.44444444444444
2026-08-22,wk inc covid hosp,3,2026-09-12,09,quantile,0.975,44.05833333333333
2026-08-22,wk inc covid hosp,3,2026-09-12,09,quantile,0.99,67.00444444444445
2026-08-22,wk inc covid hosp,3,2026-09-12,10,quantile,0.01,0.4444444444444444
2026-08-22,wk inc covid hosp,3,2026-09-12,10,quantile,0.025,0.7777777777777778
2026-08-22,wk inc covid hosp,3,2026-09-12,10,quantile,0.05,0.8888888888888888
2026-08-22,wk inc covid hosp,3,2026-09-12,10,quantile,0.1,1.4444444444444444
2026-08-22,wk inc covid hosp,3,2026-09-12,10,quantile,0.15,1.8888888888888888
2026-08-22,wk inc covid hosp,3,2026-09-12,10,quantile,0.2,2.2222222222222223
2026-08-22,wk inc covid hosp,3,2026-09-12,10,quantile,0.25,2.5555555555555554
2026-08-22,wk inc covid hosp,3,2026-09-12,10,quantile,0.3,3.111111111111111
2026-08-22,wk inc covid hosp,3,2026-09-12,10,quantile,0.35,3.4444444444444446
2026-08-22,wk inc covid hosp,3,2026-09-12,10,quantile,0.4,3.5555555555555554
2026-08-22,wk inc covid hosp,3,2026-09-12,10,quantile,0.45,4.0
2026-08-22,wk inc covid hosp,3,2026-09-12,10,quantile,0.5,4.444444444444445
2026-08-22,wk inc covid hosp,3,2026-09-12,10,quantile,0.55,4.888888888888889
2026-08-22,wk inc covid hosp,3,2026-09-12,10,quantile,0.6,5.444444444444445
2026-08-22,wk inc covid hosp,3,2026-09-12,10,quantile,0.65,6.0
2026-08-22,wk inc covid hosp,3,2026-09-12,10,quantile,0.7,6.777777777777778
2026-08-22,wk inc covid hosp,3,2026-09-12,10,quantile,0.75,7.555555555555555
2026-08-22,wk inc covid hosp,3,2026-09-12,10,quantile,0.8,8.333333333333334
2026-08-22,wk inc covid hosp,3,2026-09-12,10,quantile,0.85,10.222222222222221
2026-08-22,wk inc covid hosp,3,2026-09-12,10,quantile,0.9,12.777777777777779
2026-08-22,wk inc covid hosp,3,2026-09-12,10,quantile,0.95,17.555555555555557
2026-08-22,wk inc covid hosp,3,2026-09-12,10,quantile,0.975,23.22222222222222
2026-08-22,wk inc covid hosp,3,2026-09-12,10,quantile,0.99,34.666666666666664
2026-08-22,wk inc covid hosp,3,2026-09-12,11,quantile,0.01,0.8888888888888888
2026-08-22,wk inc covid hosp,3,2026-09-12,11,quantile,0.025,1.163888888888889
2026-08-22,wk inc covid hosp,3,2026-09-12,11,quantile,0.05,1.4444444444444444
2026-08-22,wk inc covid hosp,3,2026-09-12,11,quantile,0.1,2.4444444444444446
2026-08-22,wk inc covid hosp,3,2026-09-12,11,quantile,0.15,3.0
2026-08-22,wk inc covid hosp,3,2026-09-12,11,quantile,0.2,3.6666666666666665
2026-08-22,wk inc covid hosp,3,2026-09-12,11,quantile,0.25,4.111111111111111
2026-08-22,wk inc covid hosp,3,2026-09-12,11,quantile,0.3,4.555555555555555
2026-08-22,wk inc covid hosp,3,2026-09-12,11,quantile,0.35,5.111111111111111
2026-08-22,wk inc covid hosp,3,2026-09-12,11,quantile,0.4,5.222222222222222
2026-08-22,wk inc covid hosp,3,2026-09-12,11,quantile,0.45,5.888888888888889
2026-08-22,wk inc covid hosp,3,2026-09-12,11,quantile,0.5,6.555555555555555
2026-08-22,wk inc covid hosp,3,2026-09-12,11,quantile,0.55,7.0
2026-08-22,wk inc covid hosp,3,2026-09-12,11,quantile,0.6,7.444444444444445
2026-08-22,wk inc covid hosp,3,2026-09-12,11,quantile,0.65,8.222222222222221
2026-08-22,wk inc covid hosp,3,2026-09-12,11,quantile,0.7,8.88888888888889
2026-08-22,wk inc covid hosp,3,2026-09-12,11,quantile,0.75,10.11111111111111
2026-08-22,wk inc covid hosp,3,2026-09-12,11,quantile,0.8,11.244444444444449
2026-08-22,wk inc covid hosp,3,2026-09-12,11,quantile,0.85,13.222222222222221
2026-08-22,wk inc covid hosp,3,2026-09-12,11,quantile,0.9,15.555555555555555
2026-08-22,wk inc covid hosp,3,2026-09-12,11,quantile,0.95,20.88888888888889
2026-08-22,wk inc covid hosp,3,2026-09-12,11,quantile,0.975,26.666666666666668
2026-08-22,wk inc covid hosp,3,2026-09-12,11,quantile,0.99,37.333333333333336
2026-08-22,wk inc covid hosp,3,2026-09-12,12,quantile,0.01,101.53666666666666
2026-08-22,wk inc covid hosp,3,2026-09-12,12,quantile,0.025,126.48055555555555
2026-08-22,wk inc covid hosp,3,2026-09-12,12,quantile,0.05,153.77777777777777
2026-08-22,wk inc covid hosp,3,2026-09-12,12,quantile,0.1,188.65555555555557
2026-08-22,wk inc covid hosp,3,2026-09-12,12,quantile,0.15,215.17222222222222
2026-08-22,wk inc covid hosp,3,2026-09-12,12,quantile,0.2,236.44444444444446
2026-08-22,wk inc covid hosp,3,2026-09-12,12,quantile,0.25,251.77777777777777
2026-08-22,wk inc covid hosp,3,2026-09-12,12,quantile,0.3,269.22222222222223
2026-08-22,wk inc covid hosp,3,2026-09-12,12,quantile,0.35,286.9611111111111
2026-08-22,wk inc covid hosp,3,2026-09-12,12,quantile,0.4,298.3333333333333
2026-08-22,wk inc covid hosp,3,2026-09-12,12,quantile,0.45,310.22222222222223
2026-08-22,wk inc covid hosp,3,2026-09-12,12,quantile,0.5,324.3333333333333
2026-08-22,wk inc covid hosp,3,2026-09-12,12,quantile,0.55,338.3333333333333
2026-08-22,wk inc covid hosp,3,2026-09-12,12,quantile,0.6,347.9777777777778
2026-08-22,wk inc covid hosp,3,2026-09-12,12,quantile,0.65,358.3722222222222
2026-08-22,wk inc covid hosp,3,2026-09-12,12,quantile,0.7,372.3333333333333
2026-08-22,wk inc covid hosp,3,2026-09-12,12,quantile,0.75,395.1111111111111
2026-08-22,wk inc covid hosp,3,2026-09-12,12,quantile,0.8,418.0222222222222
2026-08-22,wk inc covid hosp,3,2026-09-12,12,quantile,0.85,457.6666666666667
2026-08-22,wk inc covid hosp,3,2026-09-12,12,quantile,0.9,504.0111111111112
2026-08-22,wk inc covid hosp,3,2026-09-12,12,quantile,0.95,615.0277777777778
2026-08-22,wk inc covid hosp,3,2026-09-12,12,quantile,0.975,714.411111111111
2026-08-22,wk inc covid hosp,3,2026-09-12,12,quantile,0.99,846.1355555555555
2026-08-22,wk inc covid hosp,3,2026-09-12,13,quantile,0.01,23.77777777777778
2026-08-22,wk inc covid hosp,3,2026-09-12,13,quantile,0.025,33.275000000000006
2026-08-22,wk inc covid hosp,3,2026-09-12,13,quantile,0.05,42.21666666666667
2026-08-22,wk inc covid hosp,3,2026-09-12,13,quantile,0.1,53.55555555555556
2026-08-22,wk inc covid hosp,3,2026-09-12,13,quantile,0.15,60.09444444444445
2026-08-22,wk inc covid hosp,3,2026-09-12,13,quantile,0.2,67.0
2026-08-22,wk inc covid hosp,3,2026-09-12,13,quantile,0.25,72.86111111111111
2026-08-22,wk inc covid hosp,3,2026-09-12,13,quantile,0.3,77.55555555555556
2026-08-22,wk inc covid hosp,3,2026-09-12,13,quantile,0.35,82.29444444444444
2026-08-22,wk inc covid hosp,3,2026-09-12,13,quantile,0.4,86.22222222222223
2026-08-22,wk inc covid hosp,3,2026-09-12,13,quantile,0.45,90.33333333333333
2026-08-22,wk inc covid hosp,3,2026-09-12,13,quantile,0.5,96.0
2026-08-22,wk inc covid hosp,3,2026-09-12,13,quantile,0.55,101.66666666666667
2026-08-22,wk inc covid hosp,3,2026-09-12,13,quantile,0.6,106.33333333333333
2026-08-22,wk inc covid hosp,3,2026-09-12,13,quantile,0.65,112.0
2026-08-22,wk inc covid hosp,3,2026-09-12,13,quantile,0.7,121.77777777777777
2026-08-22,wk inc covid hosp,3,2026-09-12,13,quantile,0.75,130.47222222222223
2026-08-22,wk inc covid hosp,3,2026-09-12,13,quantile,0.8,140.24444444444444
2026-08-22,wk inc covid hosp,3,2026-09-12,13,quantile,0.85,150.77777777777777
2026-08-22,wk inc covid hosp,3,2026-09-12,13,quantile,0.9,165.44444444444446
2026-08-22,wk inc covid hosp,3,2026-09-12,13,quantile,0.95,213.11111111111111
2026-08-22,wk inc covid hosp,3,2026-09-12,13,quantile,0.975,257.8361111111111
2026-08-22,wk inc covid hosp,3,2026-09-12,13,quantile,0.99,327.44666666666666
2026-08-22,wk inc covid hosp,3,2026-09-12,15,quantile,0.01,4.221111111111111
2026-08-22,wk inc covid hosp,3,2026-09-12,15,quantile,0.025,5.386111111111111
2026-08-22,wk inc covid hosp,3,2026-09-12,15,quantile,0.05,7.0
2026-08-22,wk inc covid hosp,3,2026-09-12,15,quantile,0.1,9.100000000000001
2026-08-22,wk inc covid hosp,3,2026-09-12,15,quantile,0.15,10.777777777777779
2026-08-22,wk inc covid hosp,3,2026-09-12,15,quantile,0.2,12.555555555555555
2026-08-22,wk inc covid hosp,3,2026-09-12,15,quantile,0.25,14.0
2026-08-22,wk inc covid hosp,3,2026-09-12,15,quantile,0.3,15.444444444444445
2026-08-22,wk inc covid hosp,3,2026-09-12,15,quantile,0.35,16.555555555555557
2026-08-22,wk inc covid hosp,3,2026-09-12,15,quantile,0.4,17.555555555555557
2026-08-22,wk inc covid hosp,3,2026-09-12,15,quantile,0.45,19.0
2026-08-22,wk inc covid hosp,3,2026-09-12,15,quantile,0.5,20.333333333333332
2026-08-22,wk inc covid hosp,3,2026-09-12,15,quantile,0.55,21.555555555555557
2026-08-22,wk inc covid hosp,3,2026-09-12,15,quantile,0.6,22.77777777777778
2026-08-22,wk inc covid hosp,3,2026-09-12,15,quantile,0.65,24.0
2026-08-22,wk inc covid hosp,3,2026-09-12,15,quantile,0.7,26.0
2026-08-22,wk inc covid hosp,3,2026-09-12,15,quantile,0.75,27.666666666666668
2026-08-22,wk inc covid hosp,3,2026-09-12,15,quantile,0.8,30.333333333333332
2026-08-22,wk inc covid hosp,3,2026-09-12,15,quantile,0.85,33.44444444444444
2026-08-22,wk inc covid hosp,3,2026-09-12,15,quantile,0.9,38.77777777777778
2026-08-22,wk inc covid hosp,3,2026-09-12,15,quantile,0.95,51.77777777777778
2026-08-22,wk inc covid hosp,3,2026-09-12,15,quantile,0.975,69.16944444444444
2026-08-22,wk inc covid hosp,3,2026-09-12,15,quantile,0.99,92.55666666666667
2026-08-22,wk inc covid hosp,3,2026-09-12,16,quantile,0.01,0.4444444444444444
2026-08-22,wk inc covid hosp,3,2026-09-12,16,quantile,0.025,0.7777777777777778
2026-08-22,wk inc covid hosp,3,2026-09-12,16,quantile,0.05,1.2222222222222223
2026-08-22,wk inc covid hosp,3,2026-09-12,16,quantile,0.1,1.8888888888888888
2026-08-22,wk inc covid hosp,3,2026-09-12,16,quantile,0.15,2.5555555555555554
2026-08-22,wk inc covid hosp,3,2026-09-12,16,quantile,0.2,3.111111111111111
2026-08-22,wk inc covid hosp,3,2026-09-12,16,quantile,0.25,3.5555555555555554
2026-08-22,wk inc covid hosp,3,2026-09-12,16,quantile,0.3,4.222222222222222
2026-08-22,wk inc covid hosp,3,2026-09-12,16,quantile,0.35,4.777777777777778
2026-08-22,wk inc covid hosp,3,2026-09-12,16,quantile,0.4,5.222222222222222
2026-08-22,wk inc covid hosp,3,2026-09-12,16,quantile,0.45,6.0
2026-08-22,wk inc covid hosp,3,2026-09-12,16,quantile,0.5,6.777777777777778
2026-08-22,wk inc covid hosp,3,2026-09-12,16,quantile,0.55,7.444444444444445
2026-08-22,wk inc covid hosp,3,2026-09-12,16,quantile,0.6,8.0
2026-08-22,wk inc covid hosp,3,2026-09-12,16,quantile,0.65,9.11111111111111
2026-08-22,wk inc covid hosp,3,2026-09-12,16,quantile,0.7,11.11111111111111
2026-08-22,wk inc covid hosp,3,2026-09-12,16,quantile,0.75,12.11111111111111
2026-08-22,wk inc covid hosp,3,2026-09-12,16,quantile,0.8,13.777777777777779
2026-08-22,wk inc covid hosp,3,2026-09-12,16,quantile,0.85,16.444444444444443
2026-08-22,wk inc covid hosp,3,2026-09-12,16,quantile,0.9,19.555555555555557
2026-08-22,wk inc covid hosp,3,2026-09-12,16,quantile,0.95,31.0
2026-08-22,wk inc covid hosp,3,2026-09-12,16,quantile,0.975,41.44444444444444
2026-08-22,wk inc covid hosp,3,2026-09-12,16,quantile,0.99,60.44444444444444
2026-08-22,wk inc covid hosp,3,2026-09-12,17,quantile,0.01,15.88888888888889
2026-08-22,wk inc covid hosp,3,2026-09-12,17,quantile,0.025,20.333333333333332
2026-08-22,wk inc covid hosp,3,2026-09-12,17,quantile,0.05,23.438888888888886
2026-08-22,wk inc covid hosp,3,2026-09-12,17,quantile,0.1,30.555555555555557
2026-08-22,wk inc covid hosp,3,2026-09-12,17,quantile,0.15,34.888888888888886
2026-08-22,wk inc covid hosp,3,2026-09-12,17,quantile,0.2,39.77777777777778
2026-08-22,wk inc covid hosp,3,2026-09-12,17,quantile,0.25,43.111111111111114
2026-08-22,wk inc covid hosp,3,2026-09-12,17,quantile,0.3,46.55555555555556
2026-08-22,wk inc covid hosp,3,2026-09-12,17,quantile,0.35,49.55555555555556
2026-08-22,wk inc covid hosp,3,2026-09-12,17,quantile,0.4,52.333333333333336
2026-08-22,wk inc covid hosp,3,2026-09-12,17,quantile,0.45,56.44444444444444
2026-08-22,wk inc covid hosp,3,2026-09-12,17,quantile,0.5,59.22222222222222
2026-08-22,wk inc covid hosp,3,2026-09-12,17,quantile,0.55,62.55555555555556
2026-08-22,wk inc covid hosp,3,2026-09-12,17,quantile,0.6,66.11111111111111
2026-08-22,wk inc covid hosp,3,2026-09-12,17,quantile,0.65,69.15
2026-08-22,wk inc covid hosp,3,2026-09-12,17,quantile,0.7,74.55555555555556
2026-08-22,wk inc covid hosp,3,2026-09-12,17,quantile,0.75,80.44444444444444
2026-08-22,wk inc covid hosp,3,2026-09-12,17,quantile,0.8,86.55555555555556
2026-08-22,wk inc covid hosp,3,2026-09-12,17,quantile,0.85,93.68333333333334
2026-08-22,wk inc covid hosp,3,2026-09-12,17,quantile,0.9,107.22222222222223
2026-08-22,wk inc covid hosp,3,2026-09-12,17,quantile,0.95,126.57222222222221
2026-08-22,wk inc covid hosp,3,2026-09-12,17,quantile,0.975,151.07499999999996
2026-08-22,wk inc covid hosp,3,2026-09-12,17,quantile,0.99,207.0
2026-08-22,wk inc covid hosp,3,2026-09-12,18,quantile,0.01,7.666666666666667
2026-08-22,wk inc covid hosp,3,2026-09-12,18,quantile,0.025,10.666666666666666
2026-08-22,wk inc covid hosp,3,2026-09-12,18,quantile,0.05,12.666666666666666
2026-08-22,wk inc covid hosp,3,2026-09-12,18,quantile,0.1,17.0
2026-08-22,wk inc covid hosp,3,2026-09-12,18,quantile,0.15,20.0
2026-08-22,wk inc covid hosp,3,2026-09-12,18,quantile,0.2,22.666666666666668
2026-08-22,wk inc covid hosp,3,2026-09-12,18,quantile,0.25,24.444444444444443
2026-08-22,wk inc covid hosp,3,2026-09-12,18,quantile,0.3,26.555555555555557
2026-08-22,wk inc covid hosp,3,2026-09-12,18,quantile,0.35,28.444444444444443
2026-08-22,wk inc covid hosp,3,2026-09-12,18,quantile,0.4,30.22222222222222
2026-08-22,wk inc covid hosp,3,2026-09-12,18,quantile,0.45,32.666666666666664
2026-08-22,wk inc covid hosp,3,2026-09-12,18,quantile,0.5,34.55555555555556
2026-08-22,wk inc covid hosp,3,2026-09-12,18,quantile,0.55,36.44444444444444
2026-08-22,wk inc covid hosp,3,2026-09-12,18,quantile,0.6,38.77777777777778
2026-08-22,wk inc covid hosp,3,2026-09-12,18,quantile,0.65,40.888888888888886
2026-08-22,wk inc covid hosp,3,2026-09-12,18,quantile,0.7,45.22222222222222
2026-08-22,wk inc covid hosp,3,2026-09-12,18,quantile,0.75,49.666666666666664
2026-08-22,wk inc covid hosp,3,2026-09-12,18,quantile,0.8,53.22222222222222
2026-08-22,wk inc covid hosp,3,2026-09-12,18,quantile,0.85,58.0
2026-08-22,wk inc covid hosp,3,2026-09-12,18,quantile,0.9,67.77777777777777
2026-08-22,wk inc covid hosp,3,2026-09-12,18,quantile,0.95,84.77777777777777
2026-08-22,wk inc covid hosp,3,2026-09-12,18,quantile,0.975,104.0
2026-08-22,wk inc covid hosp,3,2026-09-12,18,quantile,0.99,139.11666666666667
2026-08-22,wk inc covid hosp,3,2026-09-12,19,quantile,0.01,1.5555555555555556
2026-08-22,wk inc covid hosp,3,2026-09-12,19,quantile,0.025,2.0
2026-08-22,wk inc covid hosp,3,2026-09-12,19,quantile,0.05,2.5555555555555554
2026-08-22,wk inc covid hosp,3,2026-09-12,19,quantile,0.1,3.7777777777777777
2026-08-22,wk inc covid hosp,3,2026-09-12,19,quantile,0.15,4.777777777777778
2026-08-22,wk inc covid hosp,3,2026-09-12,19,quantile,0.2,5.444444444444445
2026-08-22,wk inc covid hosp,3,2026-09-12,19,quantile,0.25,6.222222222222222
2026-08-22,wk inc covid hosp,3,2026-09-12,19,quantile,0.3,6.888888888888889
2026-08-22,wk inc covid hosp,3,2026-09-12,19,quantile,0.35,7.555555555555555
2026-08-22,wk inc covid hosp,3,2026-09-12,19,quantile,0.4,8.333333333333334
2026-08-22,wk inc covid hosp,3,2026-09-12,19,quantile,0.45,9.0
2026-08-22,wk inc covid hosp,3,2026-09-12,19,quantile,0.5,9.666666666666666
2026-08-22,wk inc covid hosp,3,2026-09-12,19,quantile,0.55,10.777777777777779
2026-08-22,wk inc covid hosp,3,2026-09-12,19,quantile,0.6,11.777777777777779
2026-08-22,wk inc covid hosp,3,2026-09-12,19,quantile,0.65,13.0
2026-08-22,wk inc covid hosp,3,2026-09-12,19,quantile,0.7,14.777777777777779
2026-08-22,wk inc covid hosp,3,2026-09-12,19,quantile,0.75,16.22222222222222
2026-08-22,wk inc covid hosp,3,2026-09-12,19,quantile,0.8,18.466666666666672
2026-08-22,wk inc covid hosp,3,2026-09-12,19,quantile,0.85,22.22222222222222
2026-08-22,wk inc covid hosp,3,2026-09-12,19,quantile,0.9,26.88888888888889
2026-08-22,wk inc covid hosp,3,2026-09-12,19,quantile,0.95,36.0
2026-08-22,wk inc covid hosp,3,2026-09-12,19,quantile,0.975,46.724999999999994
2026-08-22,wk inc covid hosp,3,2026-09-12,19,quantile,0.99,67.11555555555555
2026-08-22,wk inc covid hosp,3,2026-09-12,20,quantile,0.01,1.0
2026-08-22,wk inc covid hosp,3,2026-09-12,20,quantile,0.025,1.8888888888888888
2026-08-22,wk inc covid hosp,3,2026-09-12,20,quantile,0.05,2.4444444444444446
2026-08-22,wk inc covid hosp,3,2026-09-12,20,quantile,0.1,3.888888888888889
2026-08-22,wk inc covid hosp,3,2026-09-12,20,quantile,0.15,4.777777777777778
2026-08-22,wk inc covid hosp,3,2026-09-12,20,quantile,0.2,5.666666666666667
2026-08-22,wk inc covid hosp,3,2026-09-12,20,quantile,0.25,6.222222222222222
2026-08-22,wk inc covid hosp,3,2026-09-12,20,quantile,0.3,7.111111111111111
2026-08-22,wk inc covid hosp,3,2026-09-12,20,quantile,0.35,7.888888888888889
2026-08-22,wk inc covid hosp,3,2026-09-12,20,quantile,0.4,8.333333333333334
2026-08-22,wk inc covid hosp,3,2026-09-12,20,quantile,0.45,9.444444444444445
2026-08-22,wk inc covid hosp,3,2026-09-12,20,quantile,0.5,10.333333333333334
2026-08-22,wk inc covid hosp,3,2026-09-12,20,quantile,0.55,11.11111111111111
2026-08-22,wk inc covid hosp,3,2026-09-12,20,quantile,0.6,12.555555555555555
2026-08-22,wk inc covid hosp,3,2026-09-12,20,quantile,0.65,13.444444444444445
2026-08-22,wk inc covid hosp,3,2026-09-12,20,quantile,0.7,15.666666666666666
2026-08-22,wk inc covid hosp,3,2026-09-12,20,quantile,0.75,17.444444444444443
2026-08-22,wk inc covid hosp,3,2026-09-12,20,quantile,0.8,19.555555555555557
2026-08-22,wk inc covid hosp,3,2026-09-12,20,quantile,0.85,22.555555555555557
2026-08-22,wk inc covid hosp,3,2026-09-12,20,quantile,0.9,26.555555555555557
2026-08-22,wk inc covid hosp,3,2026-09-12,20,quantile,0.95,36.11666666666666
2026-08-22,wk inc covid hosp,3,2026-09-12,20,quantile,0.975,47.724999999999994
2026-08-22,wk inc covid hosp,3,2026-09-12,20,quantile,0.99,67.44777777777777
2026-08-22,wk inc covid hosp,3,2026-09-12,21,quantile,0.01,4.443333333333333
2026-08-22,wk inc covid hosp,3,2026-09-12,21,quantile,0.025,6.111111111111111
2026-08-22,wk inc covid hosp,3,2026-09-12,21,quantile,0.05,8.444444444444445
2026-08-22,wk inc covid hosp,3,2026-09-12,21,quantile,0.1,11.766666666666667
2026-08-22,wk inc covid hosp,3,2026-09-12,21,quantile,0.15,14.666666666666666
2026-08-22,wk inc covid hosp,3,2026-09-12,21,quantile,0.2,16.88888888888889
2026-08-22,wk inc covid hosp,3,2026-09-12,21,quantile,0.25,18.444444444444443
2026-08-22,wk inc covid hosp,3,2026-09-12,21,quantile,0.3,20.0
2026-08-22,wk inc covid hosp,3,2026-09-12,21,quantile,0.35,21.444444444444443
2026-08-22,wk inc covid hosp,3,2026-09-12,21,quantile,0.4,22.666666666666668
2026-08-22,wk inc covid hosp,3,2026-09-12,21,quantile,0.45,24.666666666666668
2026-08-22,wk inc covid hosp,3,2026-09-12,21,quantile,0.5,25.77777777777778
2026-08-22,wk inc covid hosp,3,2026-09-12,21,quantile,0.55,27.22222222222222
2026-08-22,wk inc covid hosp,3,2026-09-12,21,quantile,0.6,29.333333333333332
2026-08-22,wk inc covid hosp,3,2026-09-12,21,quantile,0.65,32.77777777777778
2026-08-22,wk inc covid hosp,3,2026-09-12,21,quantile,0.7,36.111111111111114
2026-08-22,wk inc covid hosp,3,2026-09-12,21,quantile,0.75,39.666666666666664
2026-08-22,wk inc covid hosp,3,2026-09-12,21,quantile,0.8,43.111111111111114
2026-08-22,wk inc covid hosp,3,2026-09-12,21,quantile,0.85,49.22222222222222
2026-08-22,wk inc covid hosp,3,2026-09-12,21,quantile,0.9,59.333333333333336
2026-08-22,wk inc covid hosp,3,2026-09-12,21,quantile,0.95,77.22222222222223
2026-08-22,wk inc covid hosp,3,2026-09-12,21,quantile,0.975,104.39166666666667
2026-08-22,wk inc covid hosp,3,2026-09-12,21,quantile,0.99,138.0011111111111
2026-08-22,wk inc covid hosp,3,2026-09-12,22,quantile,0.01,12.774444444444445
2026-08-22,wk inc covid hosp,3,2026-09-12,22,quantile,0.025,16.830555555555556
2026-08-22,wk inc covid hosp,3,2026-09-12,22,quantile,0.05,21.66111111111111
2026-08-22,wk inc covid hosp,3,2026-09-12,22,quantile,0.1,27.0
2026-08-22,wk inc covid hosp,3,2026-09-12,22,quantile,0.15,31.666666666666668
2026-08-22,wk inc covid hosp,3,2026-09-12,22,quantile,0.2,35.888888888888886
2026-08-22,wk inc covid hosp,3,2026-09-12,22,quantile,0.25,39.666666666666664
2026-08-22,wk inc covid hosp,3,2026-09-12,22,quantile,0.3,43.333333333333336
2026-08-22,wk inc covid hosp,3,2026-09-12,22,quantile,0.35,46.22222222222222
2026-08-22,wk inc covid hosp,3,2026-09-12,22,quantile,0.4,48.22222222222222
2026-08-22,wk inc covid hosp,3,2026-09-12,22,quantile,0.45,51.0
2026-08-22,wk inc covid hosp,3,2026-09-12,22,quantile,0.5,53.111111111111114
2026-08-22,wk inc covid hosp,3,2026-09-12,22,quantile,0.55,54.77777777777778
2026-08-22,wk inc covid hosp,3,2026-09-12,22,quantile,0.6,57.111111111111114
2026-08-22,wk inc covid hosp,3,2026-09-12,22,quantile,0.65,60.22222222222222
2026-08-22,wk inc covid hosp,3,2026-09-12,22,quantile,0.7,64.55555555555556
2026-08-22,wk inc covid hosp,3,2026-09-12,22,quantile,0.75,68.80555555555556
2026-08-22,wk inc covid hosp,3,2026-09-12,22,quantile,0.8,73.57777777777778
2026-08-22,wk inc covid hosp,3,2026-09-12,22,quantile,0.85,79.55555555555556
2026-08-22,wk inc covid hosp,3,2026-09-12,22,quantile,0.9,89.45555555555556
2026-08-22,wk inc covid hosp,3,2026-09-12,22,quantile,0.95,109.78888888888888
2026-08-22,wk inc covid hosp,3,2026-09-12,22,quantile,0.975,138.77777777777777
2026-08-22,wk inc covid hosp,3,2026-09-12,22,quantile,0.99,175.79222222222222
2026-08-22,wk inc covid hosp,3,2026-09-12,23,quantile,0.01,0.2222222222222222
2026-08-22,wk inc covid hosp,3,2026-09-12,23,quantile,0.025,0.3333333333333333
2026-08-22,wk inc covid hosp,3,2026-09-12,23,quantile,0.05,0.4444444444444444
2026-08-22,wk inc covid hosp,3,2026-09-12,23,quantile,0.1,1.0
2026-08-22,wk inc covid hosp,3,2026-09-12,23,quantile,0.15,1.3333333333333333
2026-08-22,wk inc covid hosp,3,2026-09-12,23,quantile,0.2,1.5555555555555556
2026-08-22,wk inc covid hosp,3,2026-09-12,23,quantile,0.25,1.8888888888888888
2026-08-22,wk inc covid hosp,3,2026-09-12,23,quantile,0.3,2.111111111111111
2026-08-22,wk inc covid hosp,3,2026-09-12,23,quantile,0.35,2.627777777777775
2026-08-22,wk inc covid hosp,3,2026-09-12,23,quantile,0.4,2.888888888888889
2026-08-22,wk inc covid hosp,3,2026-09-12,23,quantile,0.45,3.3333333333333335
2026-08-22,wk inc covid hosp,3,2026-09-12,23,quantile,0.5,3.6666666666666665
2026-08-22,wk inc covid hosp,3,2026-09-12,23,quantile,0.55,4.222222222222222
2026-08-22,wk inc covid hosp,3,2026-09-12,23,quantile,0.6,4.777777777777778
2026-08-22,wk inc covid hosp,3,2026-09-12,23,quantile,0.65,5.444444444444445
2026-08-22,wk inc covid hosp,3,2026-09-12,23,quantile,0.7,6.111111111111111
2026-08-22,wk inc covid hosp,3,2026-09-12,23,quantile,0.75,7.777777777777778
2026-08-22,wk inc covid hosp,3,2026-09-12,23,quantile,0.8,9.11111111111111
2026-08-22,wk inc covid hosp,3,2026-09-12,23,quantile,0.85,11.11111111111111
2026-08-22,wk inc covid hosp,3,2026-09-12,23,quantile,0.9,14.444444444444445
2026-08-22,wk inc covid hosp,3,2026-09-12,23,quantile,0.95,19.88888888888889
2026-08-22,wk inc covid hosp,3,2026-09-12,23,quantile,0.975,26.724999999999998
2026-08-22,wk inc covid hosp,3,2026-09-12,23,quantile,0.99,42.22222222222222
2026-08-22,wk inc covid hosp,3,2026-09-12,24,quantile,0.01,3.7777777777777777
2026-08-22,wk inc covid hosp,3,2026-09-12,24,quantile,0.025,5.333333333333333
2026-08-22,wk inc covid hosp,3,2026-09-12,24,quantile,0.05,6.444444444444445
2026-08-22,wk inc covid hosp,3,2026-09-12,24,quantile,0.1,8.555555555555555
2026-08-22,wk inc covid hosp,3,2026-09-12,24,quantile,0.15,10.761111111111111
2026-08-22,wk inc covid hosp,3,2026-09-12,24,quantile,0.2,12.222222222222221
2026-08-22,wk inc covid hosp,3,2026-09-12,24,quantile,0.25,13.88888888888889
2026-08-22,wk inc covid hosp,3,2026-09-12,24,quantile,0.3,15.0
2026-08-22,wk inc covid hosp,3,2026-09-12,24,quantile,0.35,16.555555555555557
2026-08-22,wk inc covid hosp,3,2026-09-12,24,quantile,0.4,17.666666666666668
2026-08-22,wk inc covid hosp,3,2026-09-12,24,quantile,0.45,19.555555555555557
2026-08-22,wk inc covid hosp,3,2026-09-12,24,quantile,0.5,20.77777777777778
2026-08-22,wk inc covid hosp,3,2026-09-12,24,quantile,0.55,22.11111111111111
2026-08-22,wk inc covid hosp,3,2026-09-12,24,quantile,0.6,23.555555555555557
2026-08-22,wk inc covid hosp,3,2026-09-12,24,quantile,0.65,25.22222222222222
2026-08-22,wk inc covid hosp,3,2026-09-12,24,quantile,0.7,28.22222222222222
2026-08-22,wk inc covid hosp,3,2026-09-12,24,quantile,0.75,30.22222222222222
2026-08-22,wk inc covid hosp,3,2026-09-12,24,quantile,0.8,33.111111111111114
2026-08-22,wk inc covid hosp,3,2026-09-12,24,quantile,0.85,36.77777777777778
2026-08-22,wk inc covid hosp,3,2026-09-12,24,quantile,0.9,42.34444444444445
2026-08-22,wk inc covid hosp,3,2026-09-12,24,quantile,0.95,52.333333333333336
2026-08-22,wk inc covid hosp,3,2026-09-12,24,quantile,0.975,66.7361111111111
2026-08-22,wk inc covid hosp,3,2026-09-12,24,quantile,0.99,95.89222222222222
2026-08-22,wk inc covid hosp,3,2026-09-12,25,quantile,0.01,5.777777777777778
2026-08-22,wk inc covid hosp,3,2026-09-12,25,quantile,0.025,9.666666666666666
2026-08-22,wk inc covid hosp,3,2026-09-12,25,quantile,0.05,12.222222222222221
2026-08-22,wk inc covid hosp,3,2026-09-12,25,quantile,0.1,18.0
2026-08-22,wk inc covid hosp,3,2026-09-12,25,quantile,0.15,22.666666666666668
2026-08-22,wk inc covid hosp,3,2026-09-12,25,quantile,0.2,26.200000000000003
2026-08-22,wk inc covid hosp,3,2026-09-12,25,quantile,0.25,29.0
2026-08-22,wk inc covid hosp,3,2026-09-12,25,quantile,0.3,33.888888888888886
2026-08-22,wk inc covid hosp,3,2026-09-12,25,quantile,0.35,36.44444444444444
2026-08-22,wk inc covid hosp,3,2026-09-12,25,quantile,0.4,38.55555555555556
2026-08-22,wk inc covid hosp,3,2026-09-12,25,quantile,0.45,40.888888888888886
2026-08-22,wk inc covid hosp,3,2026-09-12,25,quantile,0.5,43.333333333333336
2026-08-22,wk inc covid hosp,3,2026-09-12,25,quantile,0.55,46.77777777777778
2026-08-22,wk inc covid hosp,3,2026-09-12,25,quantile,0.6,50.111111111111114
2026-08-22,wk inc covid hosp,3,2026-09-12,25,quantile,0.65,53.666666666666664
2026-08-22,wk inc covid hosp,3,2026-09-12,25,quantile,0.7,57.77777777777778
2026-08-22,wk inc covid hosp,3,2026-09-12,25,quantile,0.75,63.55555555555556
2026-08-22,wk inc covid hosp,3,2026-09-12,25,quantile,0.8,68.77777777777777
2026-08-22,wk inc covid hosp,3,2026-09-12,25,quantile,0.85,74.90555555555555
2026-08-22,wk inc covid hosp,3,2026-09-12,25,quantile,0.9,83.55555555555556
2026-08-22,wk inc covid hosp,3,2026-09-12,25,quantile,0.95,100.66666666666667
2026-08-22,wk inc covid hosp,3,2026-09-12,25,quantile,0.975,121.83611111111112
2026-08-22,wk inc covid hosp,3,2026-09-12,25,quantile,0.99,165.01444444444442
2026-08-22,wk inc covid hosp,3,2026-09-12,26,quantile,0.01,7.0
2026-08-22,wk inc covid hosp,3,2026-09-12,26,quantile,0.025,10.555555555555555
2026-08-22,wk inc covid hosp,3,2026-09-12,26,quantile,0.05,12.333333333333334
2026-08-22,wk inc covid hosp,3,2026-09-12,26,quantile,0.1,16.11111111111111
2026-08-22,wk inc covid hosp,3,2026-09-12,26,quantile,0.15,19.444444444444443
2026-08-22,wk inc covid hosp,3,2026-09-12,26,quantile,0.2,22.444444444444443
2026-08-22,wk inc covid hosp,3,2026-09-12,26,quantile,0.25,24.75
2026-08-22,wk inc covid hosp,3,2026-09-12,26,quantile,0.3,27.11111111111111
2026-08-22,wk inc covid hosp,3,2026-09-12,26,quantile,0.35,29.444444444444443
2026-08-22,wk inc covid hosp,3,2026-09-12,26,quantile,0.4,31.333333333333332
2026-08-22,wk inc covid hosp,3,2026-09-12,26,quantile,0.45,34.111111111111114
2026-08-22,wk inc covid hosp,3,2026-09-12,26,quantile,0.5,36.888888888888886
2026-08-22,wk inc covid hosp,3,2026-09-12,26,quantile,0.55,39.22222222222222
2026-08-22,wk inc covid hosp,3,2026-09-12,26,quantile,0.6,41.55555555555556
2026-08-22,wk inc covid hosp,3,2026-09-12,26,quantile,0.65,44.44444444444444
2026-08-22,wk inc covid hosp,3,2026-09-12,26,quantile,0.7,48.77777777777778
2026-08-22,wk inc covid hosp,3,2026-09-12,26,quantile,0.75,52.44444444444444
2026-08-22,wk inc covid hosp,3,2026-09-12,26,quantile,0.8,56.55555555555556
2026-08-22,wk inc covid hosp,3,2026-09-12,26,quantile,0.85,62.22222222222222
2026-08-22,wk inc covid hosp,3,2026-09-12,26,quantile,0.9,72.88888888888889
2026-08-22,wk inc covid hosp,3,2026-09-12,26,quantile,0.95,93.33333333333333
2026-08-22,wk inc covid hosp,3,2026-09-12,26,quantile,0.975,115.05833333333334
2026-08-22,wk inc covid hosp,3,2026-09-12,26,quantile,0.99,167.4488888888889
2026-08-22,wk inc covid hosp,3,2026-09-12,27,quantile,0.01,1.6666666666666667
2026-08-22,wk inc covid hosp,3,2026-09-12,27,quantile,0.025,2.4444444444444446
2026-08-22,wk inc covid hosp,3,2026-09-12,27,quantile,0.05,3.7777777777777777
2026-08-22,wk inc covid hosp,3,2026-09-12,27,quantile,0.1,5.333333333333333
2026-08-22,wk inc covid hosp,3,2026-09-12,27,quantile,0.15,6.666666666666667
2026-08-22,wk inc covid hosp,3,2026-09-12,27,quantile,0.2,7.777777777777778
2026-08-22,wk inc covid hosp,3,2026-09-12,27,quantile,0.25,8.666666666666666
2026-08-22,wk inc covid hosp,3,2026-09-12,27,quantile,0.3,10.333333333333334
2026-08-22,wk inc covid hosp,3,2026-09-12,27,quantile,0.35,11.777777777777779
2026-08-22,wk inc covid hosp,3,2026-09-12,27,quantile,0.4,12.777777777777779
2026-08-22,wk inc covid hosp,3,2026-09-12,27,quantile,0.45,14.0
2026-08-22,wk inc covid hosp,3,2026-09-12,27,quantile,0.5,15.11111111111111
2026-08-22,wk inc covid hosp,3,2026-09-12,27,quantile,0.55,16.555555555555557
2026-08-22,wk inc covid hosp,3,2026-09-12,27,quantile,0.6,17.666666666666668
2026-08-22,wk inc covid hosp,3,2026-09-12,27,quantile,0.65,19.77777777777778
2026-08-22,wk inc covid hosp,3,2026-09-12,27,quantile,0.7,22.11111111111111
2026-08-22,wk inc covid hosp,3,2026-09-12,27,quantile,0.75,24.11111111111111
2026-08-22,wk inc covid hosp,3,2026-09-12,27,quantile,0.8,27.0
2026-08-22,wk inc covid hosp,3,2026-09-12,27,quantile,0.85,30.22222222222222
2026-08-22,wk inc covid hosp,3,2026-09-12,27,quantile,0.9,36.56666666666667
2026-08-22,wk inc covid hosp,3,2026-09-12,27,quantile,0.95,46.44444444444444
2026-08-22,wk inc covid hosp,3,2026-09-12,27,quantile,0.975,61.888888888888886
2026-08-22,wk inc covid hosp,3,2026-09-12,27,quantile,0.99,92.11222222222221
2026-08-22,wk inc covid hosp,3,2026-09-12,28,quantile,0.01,7.884444444444445
2026-08-22,wk inc covid hosp,3,2026-09-12,28,quantile,0.025,11.11111111111111
2026-08-22,wk inc covid hosp,3,2026-09-12,28,quantile,0.05,15.105555555555554
2026-08-22,wk inc covid hosp,3,2026-09-12,28,quantile,0.1,20.0
2026-08-22,wk inc covid hosp,3,2026-09-12,28,quantile,0.15,23.22222222222222
2026-08-22,wk inc covid hosp,3,2026-09-12,28,quantile,0.2,26.666666666666668
2026-08-22,wk inc covid hosp,3,2026-09-12,28,quantile,0.25,29.0
2026-08-22,wk inc covid hosp,3,2026-09-12,28,quantile,0.3,31.333333333333332
2026-08-22,wk inc covid hosp,3,2026-09-12,28,quantile,0.35,34.0
2026-08-22,wk inc covid hosp,3,2026-09-12,28,quantile,0.4,35.666666666666664
2026-08-22,wk inc covid hosp,3,2026-09-12,28,quantile,0.45,37.22222222222222
2026-08-22,wk inc covid hosp,3,2026-09-12,28,quantile,0.5,39.44444444444444
2026-08-22,wk inc covid hosp,3,2026-09-12,28,quantile,0.55,41.111111111111114
2026-08-22,wk inc covid hosp,3,2026-09-12,28,quantile,0.6,42.888888888888886
2026-08-22,wk inc covid hosp,3,2026-09-12,28,quantile,0.65,45.888888888888886
2026-08-22,wk inc covid hosp,3,2026-09-12,28,quantile,0.7,48.77777777777778
2026-08-22,wk inc covid hosp,3,2026-09-12,28,quantile,0.75,52.333333333333336
2026-08-22,wk inc covid hosp,3,2026-09-12,28,quantile,0.8,55.333333333333336
2026-08-22,wk inc covid hosp,3,2026-09-12,28,quantile,0.85,60.0
2026-08-22,wk inc covid hosp,3,2026-09-12,28,quantile,0.9,68.77777777777777
2026-08-22,wk inc covid hosp,3,2026-09-12,28,quantile,0.95,83.22777777777777
2026-08-22,wk inc covid hosp,3,2026-09-12,28,quantile,0.975,98.94722222222222
2026-08-22,wk inc covid hosp,3,2026-09-12,28,quantile,0.99,125.11999999999999
2026-08-22,wk inc covid hosp,3,2026-09-12,29,quantile,0.01,7.333333333333333
2026-08-22,wk inc covid hosp,3,2026-09-12,29,quantile,0.025,9.444444444444445
2026-08-22,wk inc covid hosp,3,2026-09-12,29,quantile,0.05,11.444444444444445
2026-08-22,wk inc covid hosp,3,2026-09-12,29,quantile,0.1,15.555555555555555
2026-08-22,wk inc covid hosp,3,2026-09-12,29,quantile,0.15,18.11111111111111
2026-08-22,wk inc covid hosp,3,2026-09-12,29,quantile,0.2,20.311111111111114
2026-08-22,wk inc covid hosp,3,2026-09-12,29,quantile,0.25,22.22222222222222
2026-08-22,wk inc covid hosp,3,2026-09-12,29,quantile,0.3,24.0
2026-08-22,wk inc covid hosp,3,2026-09-12,29,quantile,0.35,25.444444444444443
2026-08-22,wk inc covid hosp,3,2026-09-12,29,quantile,0.4,27.0
2026-08-22,wk inc covid hosp,3,2026-09-12,29,quantile,0.45,29.172222222222224
2026-08-22,wk inc covid hosp,3,2026-09-12,29,quantile,0.5,31.11111111111111
2026-08-22,wk inc covid hosp,3,2026-09-12,29,quantile,0.55,33.111111111111114
2026-08-22,wk inc covid hosp,3,2026-09-12,29,quantile,0.6,35.111111111111114
2026-08-22,wk inc covid hosp,3,2026-09-12,29,quantile,0.65,36.666666666666664
2026-08-22,wk inc covid hosp,3,2026-09-12,29,quantile,0.7,41.111111111111114
2026-08-22,wk inc covid hosp,3,2026-09-12,29,quantile,0.75,44.77777777777778
2026-08-22,wk inc covid hosp,3,2026-09-12,29,quantile,0.8,47.77777777777778
2026-08-22,wk inc covid hosp,3,2026-09-12,29,quantile,0.85,52.77777777777778
2026-08-22,wk inc covid hosp,3,2026-09-12,29,quantile,0.9,60.666666666666664
2026-08-22,wk inc covid hosp,3,2026-09-12,29,quantile,0.95,73.77777777777777
2026-08-22,wk inc covid hosp,3,2026-09-12,29,quantile,0.975,88.83611111111111
2026-08-22,wk inc covid hosp,3,2026-09-12,29,quantile,0.99,121.22444444444444
2026-08-22,wk inc covid hosp,3,2026-09-12,30,quantile,0.01,0.3333333333333333
2026-08-22,wk inc covid hosp,3,2026-09-12,30,quantile,0.025,0.5555555555555556
2026-08-22,wk inc covid hosp,3,2026-09-12,30,quantile,0.05,0.7777777777777778
2026-08-22,wk inc covid hosp,3,2026-09-12,30,quantile,0.1,1.2222222222222223
2026-08-22,wk inc covid hosp,3,2026-09-12,30,quantile,0.15,1.6666666666666667
2026-08-22,wk inc covid hosp,3,2026-09-12,30,quantile,0.2,2.111111111111111
2026-08-22,wk inc covid hosp,3,2026-09-12,30,quantile,0.25,2.888888888888889
2026-08-22,wk inc covid hosp,3,2026-09-12,30,quantile,0.3,3.2222222222222223
2026-08-22,wk inc covid hosp,3,2026-09-12,30,quantile,0.35,3.7777777777777777
2026-08-22,wk inc covid hosp,3,2026-09-12,30,quantile,0.4,4.111111111111111
2026-08-22,wk inc covid hosp,3,2026-09-12,30,quantile,0.45,4.555555555555555
2026-08-22,wk inc covid hosp,3,2026-09-12,30,quantile,0.5,5.222222222222222
2026-08-22,wk inc covid hosp,3,2026-09-12,30,quantile,0.55,5.888888888888889
2026-08-22,wk inc covid hosp,3,2026-09-12,30,quantile,0.6,6.555555555555555
2026-08-22,wk inc covid hosp,3,2026-09-12,30,quantile,0.65,7.333333333333333
2026-08-22,wk inc covid hosp,3,2026-09-12,30,quantile,0.7,8.88888888888889
2026-08-22,wk inc covid hosp,3,2026-09-12,30,quantile,0.75,10.777777777777779
2026-08-22,wk inc covid hosp,3,2026-09-12,30,quantile,0.8,12.666666666666666
2026-08-22,wk inc covid hosp,3,2026-09-12,30,quantile,0.85,15.11111111111111
2026-08-22,wk inc covid hosp,3,2026-09-12,30,quantile,0.9,18.22222222222222
2026-08-22,wk inc covid hosp,3,2026-09-12,30,quantile,0.95,28.88888888888889
2026-08-22,wk inc covid hosp,3,2026-09-12,30,quantile,0.975,39.55555555555556
2026-08-22,wk inc covid hosp,3,2026-09-12,30,quantile,0.99,55.666666666666664
2026-08-22,wk inc covid hosp,3,2026-09-12,31,quantile,0.01,0.3333333333333333
2026-08-22,wk inc covid hosp,3,2026-09-12,31,quantile,0.025,0.4444444444444444
2026-08-22,wk inc covid hosp,3,2026-09-12,31,quantile,0.05,1.0
2026-08-22,wk inc covid hosp,3,2026-09-12,31,quantile,0.1,1.6666666666666667
2026-08-22,wk inc covid hosp,3,2026-09-12,31,quantile,0.15,2.2222222222222223
2026-08-22,wk inc covid hosp,3,2026-09-12,31,quantile,0.2,2.888888888888889
2026-08-22,wk inc covid hosp,3,2026-09-12,31,quantile,0.25,3.6666666666666665
2026-08-22,wk inc covid hosp,3,2026-09-12,31,quantile,0.3,4.0
2026-08-22,wk inc covid hosp,3,2026-09-12,31,quantile,0.35,4.333333333333333
2026-08-22,wk inc covid hosp,3,2026-09-12,31,quantile,0.4,5.111111111111111
2026-08-22,wk inc covid hosp,3,2026-09-12,31,quantile,0.45,5.777777777777778
2026-08-22,wk inc covid hosp,3,2026-09-12,31,quantile,0.5,6.111111111111111
2026-08-22,wk inc covid hosp,3,2026-09-12,31,quantile,0.55,6.777777777777778
2026-08-22,wk inc covid hosp,3,2026-09-12,31,quantile,0.6,7.555555555555555
2026-08-22,wk inc covid hosp,3,2026-09-12,31,quantile,0.65,8.555555555555555
2026-08-22,wk inc covid hosp,3,2026-09-12,31,quantile,0.7,9.777777777777779
2026-08-22,wk inc covid hosp,3,2026-09-12,31,quantile,0.75,11.222222222222221
2026-08-22,wk inc covid hosp,3,2026-09-12,31,quantile,0.8,12.88888888888889
2026-08-22,wk inc covid hosp,3,2026-09-12,31,quantile,0.85,15.88888888888889
2026-08-22,wk inc covid hosp,3,2026-09-12,31,quantile,0.9,19.444444444444443
2026-08-22,wk inc covid hosp,3,2026-09-12,31,quantile,0.95,28.672222222222217
2026-08-22,wk inc covid hosp,3,2026-09-12,31,quantile,0.975,38.111111111111114
2026-08-22,wk inc covid hosp,3,2026-09-12,31,quantile,0.99,57.111111111111114
2026-08-22,wk inc covid hosp,3,2026-09-12,32,quantile,0.01,3.4444444444444446
2026-08-22,wk inc covid hosp,3,2026-09-12,32,quantile,0.025,4.444444444444445
2026-08-22,wk inc covid hosp,3,2026-09-12,32,quantile,0.05,6.222222222222222
2026-08-22,wk inc covid hosp,3,2026-09-12,32,quantile,0.1,9.88888888888889
2026-08-22,wk inc covid hosp,3,2026-09-12,32,quantile,0.15,12.11111111111111
2026-08-22,wk inc covid hosp,3,2026-09-12,32,quantile,0.2,14.11111111111111
2026-08-22,wk inc covid hosp,3,2026-09-12,32,quantile,0.25,15.0
2026-08-22,wk inc covid hosp,3,2026-09-12,32,quantile,0.3,16.855555555555554
2026-08-22,wk inc covid hosp,3,2026-09-12,32,quantile,0.35,18.40555555555555
2026-08-22,wk inc covid hosp,3,2026-09-12,32,quantile,0.4,19.622222222222224
2026-08-22,wk inc covid hosp,3,2026-09-12,32,quantile,0.45,21.172222222222224
2026-08-22,wk inc covid hosp,3,2026-09-12,32,quantile,0.5,22.333333333333332
2026-08-22,wk inc covid hosp,3,2026-09-12,32,quantile,0.55,23.555555555555557
2026-08-22,wk inc covid hosp,3,2026-09-12,32,quantile,0.6,24.77777777777778
2026-08-22,wk inc covid hosp,3,2026-09-12,32,quantile,0.65,26.333333333333332
2026-08-22,wk inc covid hosp,3,2026-09-12,32,quantile,0.7,28.88888888888889
2026-08-22,wk inc covid hosp,3,2026-09-12,32,quantile,0.75,31.22222222222222
2026-08-22,wk inc covid hosp,3,2026-09-12,32,quantile,0.8,33.666666666666664
2026-08-22,wk inc covid hosp,3,2026-09-12,32,quantile,0.85,37.44444444444444
2026-08-22,wk inc covid hosp,3,2026-09-12,32,quantile,0.9,42.333333333333336
2026-08-22,wk inc covid hosp,3,2026-09-12,32,quantile,0.95,55.44444444444444
2026-08-22,wk inc covid hosp,3,2026-09-12,32,quantile,0.975,69.22777777777777
2026-08-22,wk inc covid hosp,3,2026-09-12,32,quantile,0.99,95.89333333333333
2026-08-22,wk inc covid hosp,3,2026-09-12,33,quantile,0.01,0.7777777777777778
2026-08-22,wk inc covid hosp,3,2026-09-12,33,quantile,0.025,1.2222222222222223
2026-08-22,wk inc covid hosp,3,2026-09-12,33,quantile,0.05,1.5555555555555556
2026-08-22,wk inc covid hosp,3,2026-09-12,33,quantile,0.1,2.7777777777777777
2026-08-22,wk inc covid hosp,3,2026-09-12,33,quantile,0.15,3.4444444444444446
2026-08-22,wk inc covid hosp,3,2026-09-12,33,quantile,0.2,4.222222222222222
2026-08-22,wk inc covid hosp,3,2026-09-12,33,quantile,0.25,4.666666666666667
2026-08-22,wk inc covid hosp,3,2026-09-12,33,quantile,0.3,5.111111111111111
2026-08-22,wk inc covid hosp,3,2026-09-12,33,quantile,0.35,5.666666666666667
2026-08-22,wk inc covid hosp,3,2026-09-12,33,quantile,0.4,6.444444444444445
2026-08-22,wk inc covid hosp,3,2026-09-12,33,quantile,0.45,6.777777777777778
2026-08-22,wk inc covid hosp,3,2026-09-12,33,quantile,0.5,7.333333333333333
2026-08-22,wk inc covid hosp,3,2026-09-12,33,quantile,0.55,8.333333333333334
2026-08-22,wk inc covid hosp,3,2026-09-12,33,quantile,0.6,9.222222222222221
2026-08-22,wk inc covid hosp,3,2026-09-12,33,quantile,0.65,9.88888888888889
2026-08-22,wk inc covid hosp,3,2026-09-12,33,quantile,0.7,11.333333333333334
2026-08-22,wk inc covid hosp,3,2026-09-12,33,quantile,0.75,12.777777777777779
2026-08-22,wk inc covid hosp,3,2026-09-12,33,quantile,0.8,14.333333333333334
2026-08-22,wk inc covid hosp,3,2026-09-12,33,quantile,0.85,16.333333333333332
2026-08-22,wk inc covid hosp,3,2026-09-12,33,quantile,0.9,19.555555555555557
2026-08-22,wk inc covid hosp,3,2026-09-12,33,quantile,0.95,25.11111111111111
2026-08-22,wk inc covid hosp,3,2026-09-12,33,quantile,0.975,31.613888888888887
2026-08-22,wk inc covid hosp,3,2026-09-12,33,quantile,0.99,45.66777777777778
2026-08-22,wk inc covid hosp,3,2026-09-12,34,quantile,0.01,19.0
2026-08-22,wk inc covid hosp,3,2026-09-12,34,quantile,0.025,24.49722222222222
2026-08-22,wk inc covid hosp,3,2026-09-12,34,quantile,0.05,30.772222222222222
2026-08-22,wk inc covid hosp,3,2026-09-12,34,quantile,0.1,39.98888888888889
2026-08-22,wk inc covid hosp,3,2026-09-12,34,quantile,0.15,45.77777777777778
2026-08-22,wk inc covid hosp,3,2026-09-12,34,quantile,0.2,50.75555555555556
2026-08-22,wk inc covid hosp,3,2026-09-12,34,quantile,0.25,53.44444444444444
2026-08-22,wk inc covid hosp,3,2026-09-12,34,quantile,0.3,56.855555555555554
2026-08-22,wk inc covid hosp,3,2026-09-12,34,quantile,0.35,59.666666666666664
2026-08-22,wk inc covid hosp,3,2026-09-12,34,quantile,0.4,62.666666666666664
2026-08-22,wk inc covid hosp,3,2026-09-12,34,quantile,0.45,65.44444444444444
2026-08-22,wk inc covid hosp,3,2026-09-12,34,quantile,0.5,68.55555555555556
2026-08-22,wk inc covid hosp,3,2026-09-12,34,quantile,0.55,71.33333333333333
2026-08-22,wk inc covid hosp,3,2026-09-12,34,quantile,0.6,74.77777777777777
2026-08-22,wk inc covid hosp,3,2026-09-12,34,quantile,0.65,78.44444444444444
2026-08-22,wk inc covid hosp,3,2026-09-12,34,quantile,0.7,82.77777777777777
2026-08-22,wk inc covid hosp,3,2026-09-12,34,quantile,0.75,87.66666666666667
2026-08-22,wk inc covid hosp,3,2026-09-12,34,quantile,0.8,93.33333333333333
2026-08-22,wk inc covid hosp,3,2026-09-12,34,quantile,0.85,101.33333333333333
2026-08-22,wk inc covid hosp,3,2026-09-12,34,quantile,0.9,114.11111111111111
2026-08-22,wk inc covid hosp,3,2026-09-12,34,quantile,0.95,132.67222222222222
2026-08-22,wk inc covid hosp,3,2026-09-12,34,quantile,0.975,159.89444444444445
2026-08-22,wk inc covid hosp,3,2026-09-12,34,quantile,0.99,216.34777777777776
2026-08-22,wk inc covid hosp,3,2026-09-12,35,quantile,0.01,0.6666666666666666
2026-08-22,wk inc covid hosp,3,2026-09-12,35,quantile,0.025,1.3333333333333333
2026-08-22,wk inc covid hosp,3,2026-09-12,35,quantile,0.05,2.111111111111111
2026-08-22,wk inc covid hosp,3,2026-09-12,35,quantile,0.1,3.5555555555555554
2026-08-22,wk inc covid hosp,3,2026-09-12,35,quantile,0.15,4.333333333333333
2026-08-22,wk inc covid hosp,3,2026-09-12,35,quantile,0.2,4.888888888888889
2026-08-22,wk inc covid hosp,3,2026-09-12,35,quantile,0.25,5.666666666666667
2026-08-22,wk inc covid hosp,3,2026-09-12,35,quantile,0.3,6.777777777777778
2026-08-22,wk inc covid hosp,3,2026-09-12,35,quantile,0.35,7.222222222222222
2026-08-22,wk inc covid hosp,3,2026-09-12,35,quantile,0.4,7.888888888888889
2026-08-22,wk inc covid hosp,3,2026-09-12,35,quantile,0.45,8.444444444444445
2026-08-22,wk inc covid hosp,3,2026-09-12,35,quantile,0.5,9.444444444444445
2026-08-22,wk inc covid hosp,3,2026-09-12,35,quantile,0.55,10.222222222222221
2026-08-22,wk inc covid hosp,3,2026-09-12,35,quantile,0.6,11.11111111111111
2026-08-22,wk inc covid hosp,3,2026-09-12,35,quantile,0.65,11.777777777777779
2026-08-22,wk inc covid hosp,3,2026-09-12,35,quantile,0.7,12.777777777777779
2026-08-22,wk inc covid hosp,3,2026-09-12,35,quantile,0.75,13.88888888888889
2026-08-22,wk inc covid hosp,3,2026-09-12,35,quantile,0.8,15.444444444444445
2026-08-22,wk inc covid hosp,3,2026-09-12,35,quantile,0.85,17.88888888888889
2026-08-22,wk inc covid hosp,3,2026-09-12,35,quantile,0.9,21.333333333333332
2026-08-22,wk inc covid hosp,3,2026-09-12,35,quantile,0.95,28.555555555555557
2026-08-22,wk inc covid hosp,3,2026-09-12,35,quantile,0.975,36.111111111111114
2026-08-22,wk inc covid hosp,3,2026-09-12,35,quantile,0.99,51.778888888888886
2026-08-22,wk inc covid hosp,3,2026-09-12,36,quantile,0.01,53.88666666666667
2026-08-22,wk inc covid hosp,3,2026-09-12,36,quantile,0.025,71.71944444444445
2026-08-22,wk inc covid hosp,3,2026-09-12,36,quantile,0.05,83.10555555555555
2026-08-22,wk inc covid hosp,3,2026-09-12,36,quantile,0.1,99.33333333333333
2026-08-22,wk inc covid hosp,3,2026-09-12,36,quantile,0.15,111.42777777777778
2026-08-22,wk inc covid hosp,3,2026-09-12,36,quantile,0.2,122.55555555555556
2026-08-22,wk inc covid hosp,3,2026-09-12,36,quantile,0.25,129.22222222222223
2026-08-22,wk inc covid hosp,3,2026-09-12,36,quantile,0.3,136.66666666666666
2026-08-22,wk inc covid hosp,3,2026-09-12,36,quantile,0.35,140.44444444444446
2026-08-22,wk inc covid hosp,3,2026-09-12,36,quantile,0.4,145.17777777777778
2026-08-22,wk inc covid hosp,3,2026-09-12,36,quantile,0.45,150.77777777777777
2026-08-22,wk inc covid hosp,3,2026-09-12,36,quantile,0.5,155.66666666666666
2026-08-22,wk inc covid hosp,3,2026-09-12,36,quantile,0.55,162.55555555555554
2026-08-22,wk inc covid hosp,3,2026-09-12,36,quantile,0.6,169.44444444444446
2026-08-22,wk inc covid hosp,3,2026-09-12,36,quantile,0.65,176.33333333333334
2026-08-22,wk inc covid hosp,3,2026-09-12,36,quantile,0.7,185.11111111111111
2026-08-22,wk inc covid hosp,3,2026-09-12,36,quantile,0.75,197.77777777777777
2026-08-22,wk inc covid hosp,3,2026-09-12,36,quantile,0.8,208.35555555555555
2026-08-22,wk inc covid hosp,3,2026-09-12,36,quantile,0.85,218.57222222222222
2026-08-22,wk inc covid hosp,3,2026-09-12,36,quantile,0.9,236.11111111111111
2026-08-22,wk inc covid hosp,3,2026-09-12,36,quantile,0.95,266.6833333333333
2026-08-22,wk inc covid hosp,3,2026-09-12,36,quantile,0.975,307.6138888888889
2026-08-22,wk inc covid hosp,3,2026-09-12,36,quantile,0.99,384.7855555555555
2026-08-22,wk inc covid hosp,3,2026-09-12,37,quantile,0.01,26.887777777777778
2026-08-22,wk inc covid hosp,3,2026-09-12,37,quantile,0.025,38.888888888888886
2026-08-22,wk inc covid hosp,3,2026-09-12,37,quantile,0.05,50.666666666666664
2026-08-22,wk inc covid hosp,3,2026-09-12,37,quantile,0.1,65.66666666666667
2026-08-22,wk inc covid hosp,3,2026-09-12,37,quantile,0.15,78.42777777777778
2026-08-22,wk inc covid hosp,3,2026-09-12,37,quantile,0.2,88.88888888888889
2026-08-22,wk inc covid hosp,3,2026-09-12,37,quantile,0.25,97.66666666666667
2026-08-22,wk inc covid hosp,3,2026-09-12,37,quantile,0.3,109.77777777777777
2026-08-22,wk inc covid hosp,3,2026-09-12,37,quantile,0.35,116.77777777777777
2026-08-22,wk inc covid hosp,3,2026-09-12,37,quantile,0.4,121.55555555555556
2026-08-22,wk inc covid hosp,3,2026-09-12,37,quantile,0.45,127.77777777777777
2026-08-22,wk inc covid hosp,3,2026-09-12,37,quantile,0.5,133.33333333333334
2026-08-22,wk inc covid hosp,3,2026-09-12,37,quantile,0.55,137.16111111111113
2026-08-22,wk inc covid hosp,3,2026-09-12,37,quantile,0.6,143.22222222222223
2026-08-22,wk inc covid hosp,3,2026-09-12,37,quantile,0.65,148.33333333333334
2026-08-22,wk inc covid hosp,3,2026-09-12,37,quantile,0.7,154.88888888888889
2026-08-22,wk inc covid hosp,3,2026-09-12,37,quantile,0.75,161.88888888888889
2026-08-22,wk inc covid hosp,3,2026-09-12,37,quantile,0.8,170.55555555555554
2026-08-22,wk inc covid hosp,3,2026-09-12,37,quantile,0.85,184.66666666666666
2026-08-22,wk inc covid hosp,3,2026-09-12,37,quantile,0.9,208.66666666666666
2026-08-22,wk inc covid hosp,3,2026-09-12,37,quantile,0.95,248.34444444444443
2026-08-22,wk inc covid hosp,3,2026-09-12,37,quantile,0.975,290.73055555555555
2026-08-22,wk inc covid hosp,3,2026-09-12,37,quantile,0.99,375.5877777777778
2026-08-22,wk inc covid hosp,3,2026-09-12,38,quantile,0.01,0.1111111111111111
2026-08-22,wk inc covid hosp,3,2026-09-12,38,quantile,0.025,0.1111111111111111
2026-08-22,wk inc covid hosp,3,2026-09-12,38,quantile,0.05,0.2222222222222222
2026-08-22,wk inc covid hosp,3,2026-09-12,38,quantile,0.1,0.4444444444444444
2026-08-22,wk inc covid hosp,3,2026-09-12,38,quantile,0.15,0.6666666666666666
2026-08-22,wk inc covid hosp,3,2026-09-12,38,quantile,0.2,1.0
2026-08-22,wk inc covid hosp,3,2026-09-12,38,quantile,0.25,1.1111111111111112
2026-08-22,wk inc covid hosp,3,2026-09-12,38,quantile,0.3,1.4444444444444444
2026-08-22,wk inc covid hosp,3,2026-09-12,38,quantile,0.35,1.8888888888888888
2026-08-22,wk inc covid hosp,3,2026-09-12,38,quantile,0.4,2.111111111111111
2026-08-22,wk inc covid hosp,3,2026-09-12,38,quantile,0.45,2.3333333333333335
2026-08-22,wk inc covid hosp,3,2026-09-12,38,quantile,0.5,2.6666666666666665
2026-08-22,wk inc covid hosp,3,2026-09-12,38,quantile,0.55,3.111111111111111
2026-08-22,wk inc covid hosp,3,2026-09-12,38,quantile,0.6,3.7777777777777777
2026-08-22,wk inc covid hosp,3,2026-09-12,38,quantile,0.65,4.444444444444445
2026-08-22,wk inc covid hosp,3,2026-09-12,38,quantile,0.7,5.0
2026-08-22,wk inc covid hosp,3,2026-09-12,38,quantile,0.75,5.666666666666667
2026-08-22,wk inc covid hosp,3,2026-09-12,38,quantile,0.8,6.888888888888889
2026-08-22,wk inc covid hosp,3,2026-09-12,38,quantile,0.85,9.666666666666666
2026-08-22,wk inc covid hosp,3,2026-09-12,38,quantile,0.9,12.0
2026-08-22,wk inc covid hosp,3,2026-09-12,38,quantile,0.95,18.444444444444443
2026-08-22,wk inc covid hosp,3,2026-09-12,38,quantile,0.975,24.77777777777778
2026-08-22,wk inc covid hosp,3,2026-09-12,38,quantile,0.99,36.77777777777778
2026-08-22,wk inc covid hosp,3,2026-09-12,39,quantile,0.01,13.11111111111111
2026-08-22,wk inc covid hosp,3,2026-09-12,39,quantile,0.025,18.052777777777777
2026-08-22,wk inc covid hosp,3,2026-09-12,39,quantile,0.05,22.88888888888889
2026-08-22,wk inc covid hosp,3,2026-09-12,39,quantile,0.1,31.11111111111111
2026-08-22,wk inc covid hosp,3,2026-09-12,39,quantile,0.15,35.44444444444444
2026-08-22,wk inc covid hosp,3,2026-09-12,39,quantile,0.2,39.86666666666667
2026-08-22,wk inc covid hosp,3,2026-09-12,39,quantile,0.25,43.55555555555556
2026-08-22,wk inc covid hosp,3,2026-09-12,39,quantile,0.3,46.888888888888886
2026-08-22,wk inc covid hosp,3,2026-09-12,39,quantile,0.35,50.44444444444444
2026-08-22,wk inc covid hosp,3,2026-09-12,39,quantile,0.4,53.888888888888886
2026-08-22,wk inc covid hosp,3,2026-09-12,39,quantile,0.45,57.22222222222222
2026-08-22,wk inc covid hosp,3,2026-09-12,39,quantile,0.5,60.44444444444444
2026-08-22,wk inc covid hosp,3,2026-09-12,39,quantile,0.55,63.55555555555556
2026-08-22,wk inc covid hosp,3,2026-09-12,39,quantile,0.6,67.44444444444444
2026-08-22,wk inc covid hosp,3,2026-09-12,39,quantile,0.65,71.88888888888889
2026-08-22,wk inc covid hosp,3,2026-09-12,39,quantile,0.7,78.33333333333333
2026-08-22,wk inc covid hosp,3,2026-09-12,39,quantile,0.75,83.77777777777777
2026-08-22,wk inc covid hosp,3,2026-09-12,39,quantile,0.8,90.44444444444444
2026-08-22,wk inc covid hosp,3,2026-09-12,39,quantile,0.85,98.55555555555556
2026-08-22,wk inc covid hosp,3,2026-09-12,39,quantile,0.9,112.44444444444444
2026-08-22,wk inc covid hosp,3,2026-09-12,39,quantile,0.95,135.1222222222222
2026-08-22,wk inc covid hosp,3,2026-09-12,39,quantile,0.975,163.0
2026-08-22,wk inc covid hosp,3,2026-09-12,39,quantile,0.99,218.01444444444442
2026-08-22,wk inc covid hosp,3,2026-09-12,40,quantile,0.01,1.4444444444444444
2026-08-22,wk inc covid hosp,3,2026-09-12,40,quantile,0.025,2.3333333333333335
2026-08-22,wk inc covid hosp,3,2026-09-12,40,quantile,0.05,3.111111111111111
2026-08-22,wk inc covid hosp,3,2026-09-12,40,quantile,0.1,4.666666666666667
2026-08-22,wk inc covid hosp,3,2026-09-12,40,quantile,0.15,5.777777777777778
2026-08-22,wk inc covid hosp,3,2026-09-12,40,quantile,0.2,7.111111111111111
2026-08-22,wk inc covid hosp,3,2026-09-12,40,quantile,0.25,7.777777777777778
2026-08-22,wk inc covid hosp,3,2026-09-12,40,quantile,0.3,8.666666666666666
2026-08-22,wk inc covid hosp,3,2026-09-12,40,quantile,0.35,9.555555555555555
2026-08-22,wk inc covid hosp,3,2026-09-12,40,quantile,0.4,10.444444444444445
2026-08-22,wk inc covid hosp,3,2026-09-12,40,quantile,0.45,11.444444444444445
2026-08-22,wk inc covid hosp,3,2026-09-12,40,quantile,0.5,12.444444444444445
2026-08-22,wk inc covid hosp,3,2026-09-12,40,quantile,0.55,13.88888888888889
2026-08-22,wk inc covid hosp,3,2026-09-12,40,quantile,0.6,15.222222222222221
2026-08-22,wk inc covid hosp,3,2026-09-12,40,quantile,0.65,16.77777777777778
2026-08-22,wk inc covid hosp,3,2026-09-12,40,quantile,0.7,19.444444444444443
2026-08-22,wk inc covid hosp,3,2026-09-12,40,quantile,0.75,21.333333333333332
2026-08-22,wk inc covid hosp,3,2026-09-12,40,quantile,0.8,23.77777777777778
2026-08-22,wk inc covid hosp,3,2026-09-12,40,quantile,0.85,28.238888888888887
2026-08-22,wk inc covid hosp,3,2026-09-12,40,quantile,0.9,34.77777777777778
2026-08-22,wk inc covid hosp,3,2026-09-12,40,quantile,0.95,50.44444444444444
2026-08-22,wk inc covid hosp,3,2026-09-12,40,quantile,0.975,64.28055555555555
2026-08-22,wk inc covid hosp,3,2026-09-12,40,quantile,0.99,89.11111111111111
2026-08-22,wk inc covid hosp,3,2026-09-12,41,quantile,0.01,2.4444444444444446
2026-08-22,wk inc covid hosp,3,2026-09-12,41,quantile,0.025,4.222222222222222
2026-08-22,wk inc covid hosp,3,2026-09-12,41,quantile,0.05,5.0
2026-08-22,wk inc covid hosp,3,2026-09-12,41,quantile,0.1,7.1000000000000005
2026-08-22,wk inc covid hosp,3,2026-09-12,41,quantile,0.15,8.11111111111111
2026-08-22,wk inc covid hosp,3,2026-09-12,41,quantile,0.2,9.666666666666666
2026-08-22,wk inc covid hosp,3,2026-09-12,41,quantile,0.25,10.555555555555555
2026-08-22,wk inc covid hosp,3,2026-09-12,41,quantile,0.3,11.444444444444445
2026-08-22,wk inc covid hosp,3,2026-09-12,41,quantile,0.35,12.333333333333334
2026-08-22,wk inc covid hosp,3,2026-09-12,41,quantile,0.4,13.11111111111111
2026-08-22,wk inc covid hosp,3,2026-09-12,41,quantile,0.45,13.666666666666666
2026-08-22,wk inc covid hosp,3,2026-09-12,41,quantile,0.5,14.88888888888889
2026-08-22,wk inc covid hosp,3,2026-09-12,41,quantile,0.55,16.0
2026-08-22,wk inc covid hosp,3,2026-09-12,41,quantile,0.6,17.88888888888889
2026-08-22,wk inc covid hosp,3,2026-09-12,41,quantile,0.65,19.444444444444443
2026-08-22,wk inc covid hosp,3,2026-09-12,41,quantile,0.7,20.77777777777778
2026-08-22,wk inc covid hosp,3,2026-09-12,41,quantile,0.75,23.0
2026-08-22,wk inc covid hosp,3,2026-09-12,41,quantile,0.8,25.11111111111111
2026-08-22,wk inc covid hosp,3,2026-09-12,41,quantile,0.85,27.444444444444443
2026-08-22,wk inc covid hosp,3,2026-09-12,41,quantile,0.9,31.333333333333332
2026-08-22,wk inc covid hosp,3,2026-09-12,41,quantile,0.95,39.666666666666664
2026-08-22,wk inc covid hosp,3,2026-09-12,41,quantile,0.975,50.05833333333333
2026-08-22,wk inc covid hosp,3,2026-09-12,41,quantile,0.99,72.66666666666667
2026-08-22,wk inc covid hosp,3,2026-09-12,42,quantile,0.01,24.666666666666668
2026-08-22,wk inc covid hosp,3,2026-09-12,42,quantile,0.025,32.55555555555556
2026-08-22,wk inc covid hosp,3,2026-09-12,42,quantile,0.05,38.105555555555554
2026-08-22,wk inc covid hosp,3,2026-09-12,42,quantile,0.1,49.766666666666666
2026-08-22,wk inc covid hosp,3,2026-09-12,42,quantile,0.15,58.22222222222222
2026-08-22,wk inc covid hosp,3,2026-09-12,42,quantile,0.2,64.42222222222222
2026-08-22,wk inc covid hosp,3,2026-09-12,42,quantile,0.25,69.63888888888889
2026-08-22,wk inc covid hosp,3,2026-09-12,42,quantile,0.3,74.52222222222223
2026-08-22,wk inc covid hosp,3,2026-09-12,42,quantile,0.35,78.66666666666667
2026-08-22,wk inc covid hosp,3,2026-09-12,42,quantile,0.4,83.0
2026-08-22,wk inc covid hosp,3,2026-09-12,42,quantile,0.45,86.88888888888889
2026-08-22,wk inc covid hosp,3,2026-09-12,42,quantile,0.5,91.44444444444444
2026-08-22,wk inc covid hosp,3,2026-09-12,42,quantile,0.55,95.88888888888889
2026-08-22,wk inc covid hosp,3,2026-09-12,42,quantile,0.6,101.93333333333334
2026-08-22,wk inc covid hosp,3,2026-09-12,42,quantile,0.65,108.22222222222223
2026-08-22,wk inc covid hosp,3,2026-09-12,42,quantile,0.7,114.11111111111111
2026-08-22,wk inc covid hosp,3,2026-09-12,42,quantile,0.75,120.77777777777777
2026-08-22,wk inc covid hosp,3,2026-09-12,42,quantile,0.8,127.33333333333333
2026-08-22,wk inc covid hosp,3,2026-09-12,42,quantile,0.85,137.33333333333334
2026-08-22,wk inc covid hosp,3,2026-09-12,42,quantile,0.9,155.22222222222223
2026-08-22,wk inc covid hosp,3,2026-09-12,42,quantile,0.95,182.5611111111111
2026-08-22,wk inc covid hosp,3,2026-09-12,42,quantile,0.975,219.74166666666665
2026-08-22,wk inc covid hosp,3,2026-09-12,42,quantile,0.99,279.56888888888886
2026-08-22,wk inc covid hosp,3,2026-09-12,44,quantile,0.01,1.7777777777777777
2026-08-22,wk inc covid hosp,3,2026-09-12,44,quantile,0.025,2.3333333333333335
2026-08-22,wk inc covid hosp,3,2026-09-12,44,quantile,0.05,2.888888888888889
2026-08-22,wk inc covid hosp,3,2026-09-12,44,quantile,0.1,4.111111111111111
2026-08-22,wk inc covid hosp,3,2026-09-12,44,quantile,0.15,5.333333333333333
2026-08-22,wk inc covid hosp,3,2026-09-12,44,quantile,0.2,6.222222222222222
2026-08-22,wk inc covid hosp,3,2026-09-12,44,quantile,0.25,7.111111111111111
2026-08-22,wk inc covid hosp,3,2026-09-12,44,quantile,0.3,7.888888888888889
2026-08-22,wk inc covid hosp,3,2026-09-12,44,quantile,0.35,8.444444444444445
2026-08-22,wk inc covid hosp,3,2026-09-12,44,quantile,0.4,9.222222222222221
2026-08-22,wk inc covid hosp,3,2026-09-12,44,quantile,0.45,9.777777777777779
2026-08-22,wk inc covid hosp,3,2026-09-12,44,quantile,0.5,10.444444444444445
2026-08-22,wk inc covid hosp,3,2026-09-12,44,quantile,0.55,11.0
2026-08-22,wk inc covid hosp,3,2026-09-12,44,quantile,0.6,11.88888888888889
2026-08-22,wk inc covid hosp,3,2026-09-12,44,quantile,0.65,12.88888888888889
2026-08-22,wk inc covid hosp,3,2026-09-12,44,quantile,0.7,13.555555555555555
2026-08-22,wk inc covid hosp,3,2026-09-12,44,quantile,0.75,14.777777777777779
2026-08-22,wk inc covid hosp,3,2026-09-12,44,quantile,0.8,16.22222222222222
2026-08-22,wk inc covid hosp,3,2026-09-12,44,quantile,0.85,18.444444444444443
2026-08-22,wk inc covid hosp,3,2026-09-12,44,quantile,0.9,21.34444444444445
2026-08-22,wk inc covid hosp,3,2026-09-12,44,quantile,0.95,26.77777777777778
2026-08-22,wk inc covid hosp,3,2026-09-12,44,quantile,0.975,33.55555555555556
2026-08-22,wk inc covid hosp,3,2026-09-12,44,quantile,0.99,45.89
2026-08-22,wk inc covid hosp,3,2026-09-12,45,quantile,0.01,7.444444444444445
2026-08-22,wk inc covid hosp,3,2026-09-12,45,quantile,0.025,10.274999999999999
2026-08-22,wk inc covid hosp,3,2026-09-12,45,quantile,0.05,12.88888888888889
2026-08-22,wk inc covid hosp,3,2026-09-12,45,quantile,0.1,17.555555555555557
2026-08-22,wk inc covid hosp,3,2026-09-12,45,quantile,0.15,21.22222222222222
2026-08-22,wk inc covid hosp,3,2026-09-12,45,quantile,0.2,23.555555555555557
2026-08-22,wk inc covid hosp,3,2026-09-12,45,quantile,0.25,25.555555555555557
2026-08-22,wk inc covid hosp,3,2026-09-12,45,quantile,0.3,27.22222222222222
2026-08-22,wk inc covid hosp,3,2026-09-12,45,quantile,0.35,29.444444444444443
2026-08-22,wk inc covid hosp,3,2026-09-12,45,quantile,0.4,31.11111111111111
2026-08-22,wk inc covid hosp,3,2026-09-12,45,quantile,0.45,33.0
2026-08-22,wk inc covid hosp,3,2026-09-12,45,quantile,0.5,34.55555555555556
2026-08-22,wk inc covid hosp,3,2026-09-12,45,quantile,0.55,36.22222222222222
2026-08-22,wk inc covid hosp,3,2026-09-12,45,quantile,0.6,38.333333333333336
2026-08-22,wk inc covid hosp,3,2026-09-12,45,quantile,0.65,40.55555555555556
2026-08-22,wk inc covid hosp,3,2026-09-12,45,quantile,0.7,43.333333333333336
2026-08-22,wk inc covid hosp,3,2026-09-12,45,quantile,0.75,45.77777777777778
2026-08-22,wk inc covid hosp,3,2026-09-12,45,quantile,0.8,49.888888888888886
2026-08-22,wk inc covid hosp,3,2026-09-12,45,quantile,0.85,53.888888888888886
2026-08-22,wk inc covid hosp,3,2026-09-12,45,quantile,0.9,61.333333333333336
2026-08-22,wk inc covid hosp,3,2026-09-12,45,quantile,0.95,76.00555555555555
2026-08-22,wk inc covid hosp,3,2026-09-12,45,quantile,0.975,93.00555555555555
2026-08-22,wk inc covid hosp,3,2026-09-12,45,quantile,0.99,121.66888888888889
2026-08-22,wk inc covid hosp,3,2026-09-12,46,quantile,0.01,0.1111111111111111
2026-08-22,wk inc covid hosp,3,2026-09-12,46,quantile,0.025,0.1111111111111111
2026-08-22,wk inc covid hosp,3,2026-09-12,46,quantile,0.05,0.3333333333333333
2026-08-22,wk inc covid hosp,3,2026-09-12,46,quantile,0.1,0.4444444444444444
2026-08-22,wk inc covid hosp,3,2026-09-12,46,quantile,0.15,1.1111111111111112
2026-08-22,wk inc covid hosp,3,2026-09-12,46,quantile,0.2,1.2222222222222223
2026-08-22,wk inc covid hosp,3,2026-09-12,46,quantile,0.25,1.7777777777777777
2026-08-22,wk inc covid hosp,3,2026-09-12,46,quantile,0.3,2.3333333333333335
2026-08-22,wk inc covid hosp,3,2026-09-12,46,quantile,0.35,2.5555555555555554
2026-08-22,wk inc covid hosp,3,2026-09-12,46,quantile,0.4,2.888888888888889
2026-08-22,wk inc covid hosp,3,2026-09-12,46,quantile,0.45,3.3333333333333335
2026-08-22,wk inc covid hosp,3,2026-09-12,46,quantile,0.5,3.888888888888889
2026-08-22,wk inc covid hosp,3,2026-09-12,46,quantile,0.55,4.333333333333333
2026-08-22,wk inc covid hosp,3,2026-09-12,46,quantile,0.6,5.222222222222222
2026-08-22,wk inc covid hosp,3,2026-09-12,46,quantile,0.65,5.666666666666667
2026-08-22,wk inc covid hosp,3,2026-09-12,46,quantile,0.7,7.222222222222222
2026-08-22,wk inc covid hosp,3,2026-09-12,46,quantile,0.75,8.222222222222221
2026-08-22,wk inc covid hosp,3,2026-09-12,46,quantile,0.8,9.666666666666666
2026-08-22,wk inc covid hosp,3,2026-09-12,46,quantile,0.85,12.0
2026-08-22,wk inc covid hosp,3,2026-09-12,46,quantile,0.9,15.0
2026-08-22,wk inc covid hosp,3,2026-09-12,46,quantile,0.95,22.22222222222222
2026-08-22,wk inc covid hosp,3,2026-09-12,46,quantile,0.975,30.0
2026-08-22,wk inc covid hosp,3,2026-09-12,46,quantile,0.99,44.44555555555556
2026-08-22,wk inc covid hosp,3,2026-09-12,47,quantile,0.01,11.11111111111111
2026-08-22,wk inc covid hosp,3,2026-09-12,47,quantile,0.025,15.274999999999999
2026-08-22,wk inc covid hosp,3,2026-09-12,47,quantile,0.05,20.333333333333332
2026-08-22,wk inc covid hosp,3,2026-09-12,47,quantile,0.1,27.98888888888889
2026-08-22,wk inc covid hosp,3,2026-09-12,47,quantile,0.15,33.111111111111114
2026-08-22,wk inc covid hosp,3,2026-09-12,47,quantile,0.2,38.08888888888889
2026-08-22,wk inc covid hosp,3,2026-09-12,47,quantile,0.25,41.22222222222222
2026-08-22,wk inc covid hosp,3,2026-09-12,47,quantile,0.3,44.44444444444444
2026-08-22,wk inc covid hosp,3,2026-09-12,47,quantile,0.35,46.888888888888886
2026-08-22,wk inc covid hosp,3,2026-09-12,47,quantile,0.4,49.333333333333336
2026-08-22,wk inc covid hosp,3,2026-09-12,47,quantile,0.45,51.888888888888886
2026-08-22,wk inc covid hosp,3,2026-09-12,47,quantile,0.5,54.0
2026-08-22,wk inc covid hosp,3,2026-09-12,47,quantile,0.55,56.22222222222222
2026-08-22,wk inc covid hosp,3,2026-09-12,47,quantile,0.6,59.77777777777778
2026-08-22,wk inc covid hosp,3,2026-09-12,47,quantile,0.65,62.666666666666664
2026-08-22,wk inc covid hosp,3,2026-09-12,47,quantile,0.7,67.55555555555556
2026-08-22,wk inc covid hosp,3,2026-09-12,47,quantile,0.75,71.47222222222223
2026-08-22,wk inc covid hosp,3,2026-09-12,47,quantile,0.8,76.22222222222223
2026-08-22,wk inc covid hosp,3,2026-09-12,47,quantile,0.85,82.33333333333333
2026-08-22,wk inc covid hosp,3,2026-09-12,47,quantile,0.9,93.88888888888889
2026-08-22,wk inc covid hosp,3,2026-09-12,47,quantile,0.95,124.33333333333333
2026-08-22,wk inc covid hosp,3,2026-09-12,47,quantile,0.975,152.35
2026-08-22,wk inc covid hosp,3,2026-09-12,47,quantile,0.99,195.00333333333333
2026-08-22,wk inc covid hosp,3,2026-09-12,48,quantile,0.01,72.40555555555555
2026-08-22,wk inc covid hosp,3,2026-09-12,48,quantile,0.025,101.33333333333333
2026-08-22,wk inc covid hosp,3,2026-09-12,48,quantile,0.05,134.21666666666667
2026-08-22,wk inc covid hosp,3,2026-09-12,48,quantile,0.1,170.88888888888889
2026-08-22,wk inc covid hosp,3,2026-09-12,48,quantile,0.15,196.8722222222222
2026-08-22,wk inc covid hosp,3,2026-09-12,48,quantile,0.2,220.55555555555554
2026-08-22,wk inc covid hosp,3,2026-09-12,48,quantile,0.25,242.16666666666666
2026-08-22,wk inc covid hosp,3,2026-09-12,48,quantile,0.3,266.1111111111111
2026-08-22,wk inc covid hosp,3,2026-09-12,48,quantile,0.35,280.6277777777778
2026-08-22,wk inc covid hosp,3,2026-09-12,48,quantile,0.4,295.6666666666667
2026-08-22,wk inc covid hosp,3,2026-09-12,48,quantile,0.45,308.8888888888889
2026-08-22,wk inc covid hosp,3,2026-09-12,48,quantile,0.5,318.55555555555554
2026-08-22,wk inc covid hosp,3,2026-09-12,48,quantile,0.55,326.6666666666667
2026-08-22,wk inc covid hosp,3,2026-09-12,48,quantile,0.6,342.82222222222225
2026-08-22,wk inc covid hosp,3,2026-09-12,48,quantile,0.65,356.1111111111111
2026-08-22,wk inc covid hosp,3,2026-09-12,48,quantile,0.7,376.81111111111113
2026-08-22,wk inc covid hosp,3,2026-09-12,48,quantile,0.75,395.22222222222223
2026-08-22,wk inc covid hosp,3,2026-09-12,48,quantile,0.8,417.8888888888889
2026-08-22,wk inc covid hosp,3,2026-09-12,48,quantile,0.85,452.03333333333336
2026-08-22,wk inc covid hosp,3,2026-09-12,48,quantile,0.9,509.3333333333333
2026-08-22,wk inc covid hosp,3,2026-09-12,48,quantile,0.95,627.9555555555555
2026-08-22,wk inc covid hosp,3,2026-09-12,48,quantile,0.975,744.7361111111111
2026-08-22,wk inc covid hosp,3,2026-09-12,48,quantile,0.99,928.661111111111
2026-08-22,wk inc covid hosp,3,2026-09-12,49,quantile,0.01,0.6666666666666666
2026-08-22,wk inc covid hosp,3,2026-09-12,49,quantile,0.025,1.1111111111111112
2026-08-22,wk inc covid hosp,3,2026-09-12,49,quantile,0.05,1.6666666666666667
2026-08-22,wk inc covid hosp,3,2026-09-12,49,quantile,0.1,2.5555555555555554
2026-08-22,wk inc covid hosp,3,2026-09-12,49,quantile,0.15,3.3333333333333335
2026-08-22,wk inc covid hosp,3,2026-09-12,49,quantile,0.2,4.222222222222222
2026-08-22,wk inc covid hosp,3,2026-09-12,49,quantile,0.25,4.888888888888889
2026-08-22,wk inc covid hosp,3,2026-09-12,49,quantile,0.3,6.0
2026-08-22,wk inc covid hosp,3,2026-09-12,49,quantile,0.35,6.444444444444445
2026-08-22,wk inc covid hosp,3,2026-09-12,49,quantile,0.4,7.222222222222222
2026-08-22,wk inc covid hosp,3,2026-09-12,49,quantile,0.45,8.0
2026-08-22,wk inc covid hosp,3,2026-09-12,49,quantile,0.5,9.0
2026-08-22,wk inc covid hosp,3,2026-09-12,49,quantile,0.55,9.88888888888889
2026-08-22,wk inc covid hosp,3,2026-09-12,49,quantile,0.6,10.444444444444445
2026-08-22,wk inc covid hosp,3,2026-09-12,49,quantile,0.65,11.777777777777779
2026-08-22,wk inc covid hosp,3,2026-09-12,49,quantile,0.7,12.88888888888889
2026-08-22,wk inc covid hosp,3,2026-09-12,49,quantile,0.75,14.777777777777779
2026-08-22,wk inc covid hosp,3,2026-09-12,49,quantile,0.8,16.333333333333332
2026-08-22,wk inc covid hosp,3,2026-09-12,49,quantile,0.85,19.11111111111111
2026-08-22,wk inc covid hosp,3,2026-09-12,49,quantile,0.9,23.11111111111111
2026-08-22,wk inc covid hosp,3,2026-09-12,49,quantile,0.95,33.78333333333333
2026-08-22,wk inc covid hosp,3,2026-09-12,49,quantile,0.975,44.55555555555556
2026-08-22,wk inc covid hosp,3,2026-09-12,49,quantile,0.99,67.66888888888889
2026-08-22,wk inc covid hosp,3,2026-09-12,50,quantile,0.01,0.0
2026-08-22,wk inc covid hosp,3,2026-09-12,50,quantile,0.025,0.0
2026-08-22,wk inc covid hosp,3,2026-09-12,50,quantile,0.05,0.1111111111111111
2026-08-22,wk inc covid hosp,3,2026-09-12,50,quantile,0.1,0.3333333333333333
2026-08-22,wk inc covid hosp,3,2026-09-12,50,quantile,0.15,0.5555555555555556
2026-08-22,wk inc covid hosp,3,2026-09-12,50,quantile,0.2,0.6666666666666666
2026-08-22,wk inc covid hosp,3,2026-09-12,50,quantile,0.25,1.0
2026-08-22,wk inc covid hosp,3,2026-09-12,50,quantile,0.3,1.3333333333333333
2026-08-22,wk inc covid hosp,3,2026-09-12,50,quantile,0.35,1.6666666666666667
2026-08-22,wk inc covid hosp,3,2026-09-12,50,quantile,0.4,1.7777777777777777
2026-08-22,wk inc covid hosp,3,2026-09-12,50,quantile,0.45,2.111111111111111
2026-08-22,wk inc covid hosp,3,2026-09-12,50,quantile,0.5,2.3333333333333335
2026-08-22,wk inc covid hosp,3,2026-09-12,50,quantile,0.55,2.6666666666666665
2026-08-22,wk inc covid hosp,3,2026-09-12,50,quantile,0.6,3.111111111111111
2026-08-22,wk inc covid hosp,3,2026-09-12,50,quantile,0.65,3.7777777777777777
2026-08-22,wk inc covid hosp,3,2026-09-12,50,quantile,0.7,4.333333333333333
2026-08-22,wk inc covid hosp,3,2026-09-12,50,quantile,0.75,5.333333333333333
2026-08-22,wk inc covid hosp,3,2026-09-12,50,quantile,0.8,6.444444444444445
2026-08-22,wk inc covid hosp,3,2026-09-12,50,quantile,0.85,7.777777777777778
2026-08-22,wk inc covid hosp,3,2026-09-12,50,quantile,0.9,9.777777777777779
2026-08-22,wk inc covid hosp,3,2026-09-12,50,quantile,0.95,14.222222222222221
2026-08-22,wk inc covid hosp,3,2026-09-12,50,quantile,0.975,20.333333333333332
2026-08-22,wk inc covid hosp,3,2026-09-12,50,quantile,0.99,32.22333333333333
2026-08-22,wk inc covid hosp,3,2026-09-12,51,quantile,0.01,7.888888888888889
2026-08-22,wk inc covid hosp,3,2026-09-12,51,quantile,0.025,9.555555555555555
2026-08-22,wk inc covid hosp,3,2026-09-12,51,quantile,0.05,11.777777777777779
2026-08-22,wk inc covid hosp,3,2026-09-12,51,quantile,0.1,14.666666666666666
2026-08-22,wk inc covid hosp,3,2026-09-12,51,quantile,0.15,16.65
2026-08-22,wk inc covid hosp,3,2026-09-12,51,quantile,0.2,19.11111111111111
2026-08-22,wk inc covid hosp,3,2026-09-12,51,quantile,0.25,20.555555555555557
2026-08-22,wk inc covid hosp,3,2026-09-12,51,quantile,0.3,22.666666666666668
2026-08-22,wk inc covid hosp,3,2026-09-12,51,quantile,0.35,24.666666666666668
2026-08-22,wk inc covid hosp,3,2026-09-12,51,quantile,0.4,25.77777777777778
2026-08-22,wk inc covid hosp,3,2026-09-12,51,quantile,0.45,27.88888888888889
2026-08-22,wk inc covid hosp,3,2026-09-12,51,quantile,0.5,29.444444444444443
2026-08-22,wk inc covid hosp,3,2026-09-12,51,quantile,0.55,31.11111111111111
2026-08-22,wk inc covid hosp,3,2026-09-12,51,quantile,0.6,32.888888888888886
2026-08-22,wk inc covid hosp,3,2026-09-12,51,quantile,0.65,34.666666666666664
2026-08-22,wk inc covid hosp,3,2026-09-12,51,quantile,0.7,38.55555555555556
2026-08-22,wk inc covid hosp,3,2026-09-12,51,quantile,0.75,41.44444444444444
2026-08-22,wk inc covid hosp,3,2026-09-12,51,quantile,0.8,45.0
2026-08-22,wk inc covid hosp,3,2026-09-12,51,quantile,0.85,50.333333333333336
2026-08-22,wk inc covid hosp,3,2026-09-12,51,quantile,0.9,57.55555555555556
2026-08-22,wk inc covid hosp,3,2026-09-12,51,quantile,0.95,73.66666666666667
2026-08-22,wk inc covid hosp,3,2026-09-12,51,quantile,0.975,92.94722222222222
2026-08-22,wk inc covid hosp,3,2026-09-12,51,quantile,0.99,126.66888888888889
2026-08-22,wk inc covid hosp,3,2026-09-12,53,quantile,0.01,16.22222222222222
2026-08-22,wk inc covid hosp,3,2026-09-12,53,quantile,0.025,19.77777777777778
2026-08-22,wk inc covid hosp,3,2026-09-12,53,quantile,0.05,23.88888888888889
2026-08-22,wk inc covid hosp,3,2026-09-12,53,quantile,0.1,31.22222222222222
2026-08-22,wk inc covid hosp,3,2026-09-12,53,quantile,0.15,37.31666666666667
2026-08-22,wk inc covid hosp,3,2026-09-12,53,quantile,0.2,41.77777777777778
2026-08-22,wk inc covid hosp,3,2026-09-12,53,quantile,0.25,44.0
2026-08-22,wk inc covid hosp,3,2026-09-12,53,quantile,0.3,46.855555555555554
2026-08-22,wk inc covid hosp,3,2026-09-12,53,quantile,0.35,49.77777777777778
2026-08-22,wk inc covid hosp,3,2026-09-12,53,quantile,0.4,52.22222222222222
2026-08-22,wk inc covid hosp,3,2026-09-12,53,quantile,0.45,54.55555555555556
2026-08-22,wk inc covid hosp,3,2026-09-12,53,quantile,0.5,57.333333333333336
2026-08-22,wk inc covid hosp,3,2026-09-12,53,quantile,0.55,61.0
2026-08-22,wk inc covid hosp,3,2026-09-12,53,quantile,0.6,63.55555555555556
2026-08-22,wk inc covid hosp,3,2026-09-12,53,quantile,0.65,66.88888888888889
2026-08-22,wk inc covid hosp,3,2026-09-12,53,quantile,0.7,70.11111111111111
2026-08-22,wk inc covid hosp,3,2026-09-12,53,quantile,0.75,73.55555555555556
2026-08-22,wk inc covid hosp,3,2026-09-12,53,quantile,0.8,78.77777777777777
2026-08-22,wk inc covid hosp,3,2026-09-12,53,quantile,0.85,84.77777777777777
2026-08-22,wk inc covid hosp,3,2026-09-12,53,quantile,0.9,95.0
2026-08-22,wk inc covid hosp,3,2026-09-12,53,quantile,0.95,113.11666666666666
2026-08-22,wk inc covid hosp,3,2026-09-12,53,quantile,0.975,133.23333333333332
2026-08-22,wk inc covid hosp,3,2026-09-12,53,quantile,0.99,176.55888888888887
2026-08-22,wk inc covid hosp,3,2026-09-12,54,quantile,0.01,0.2222222222222222
2026-08-22,wk inc covid hosp,3,2026-09-12,54,quantile,0.025,0.7777777777777778
2026-08-22,wk inc covid hosp,3,2026-09-12,54,quantile,0.05,1.2222222222222223
2026-08-22,wk inc covid hosp,3,2026-09-12,54,quantile,0.1,2.111111111111111
2026-08-22,wk inc covid hosp,3,2026-09-12,54,quantile,0.15,2.5555555555555554
2026-08-22,wk inc covid hosp,3,2026-09-12,54,quantile,0.2,3.111111111111111
2026-08-22,wk inc covid hosp,3,2026-09-12,54,quantile,0.25,3.5555555555555554
2026-08-22,wk inc covid hosp,3,2026-09-12,54,quantile,0.3,4.777777777777778
2026-08-22,wk inc covid hosp,3,2026-09-12,54,quantile,0.35,5.333333333333333
2026-08-22,wk inc covid hosp,3,2026-09-12,54,quantile,0.4,6.444444444444445
2026-08-22,wk inc covid hosp,3,2026-09-12,54,quantile,0.45,6.777777777777778
2026-08-22,wk inc covid hosp,3,2026-09-12,54,quantile,0.5,7.666666666666667
2026-08-22,wk inc covid hosp,3,2026-09-12,54,quantile,0.55,8.222222222222221
2026-08-22,wk inc covid hosp,3,2026-09-12,54,quantile,0.6,9.222222222222221
2026-08-22,wk inc covid hosp,3,2026-09-12,54,quantile,0.65,10.222222222222221
2026-08-22,wk inc covid hosp,3,2026-09-12,54,quantile,0.7,11.777777777777779
2026-08-22,wk inc covid hosp,3,2026-09-12,54,quantile,0.75,13.444444444444445
2026-08-22,wk inc covid hosp,3,2026-09-12,54,quantile,0.8,15.777777777777779
2026-08-22,wk inc covid hosp,3,2026-09-12,54,quantile,0.85,18.11111111111111
2026-08-22,wk inc covid hosp,3,2026-09-12,54,quantile,0.9,22.333333333333332
2026-08-22,wk inc covid hosp,3,2026-09-12,54,quantile,0.95,32.33888888888888
2026-08-22,wk inc covid hosp,3,2026-09-12,54,quantile,0.975,41.888888888888886
2026-08-22,wk inc covid hosp,3,2026-09-12,54,quantile,0.99,57.66777777777778
2026-08-22,wk inc covid hosp,3,2026-09-12,55,quantile,0.01,2.111111111111111
2026-08-22,wk inc covid hosp,3,2026-09-12,55,quantile,0.025,3.111111111111111
2026-08-22,wk inc covid hosp,3,2026-09-12,55,quantile,0.05,3.888888888888889
2026-08-22,wk inc covid hosp,3,2026-09-12,55,quantile,0.1,5.777777777777778
2026-08-22,wk inc covid hosp,3,2026-09-12,55,quantile,0.15,7.555555555555555
2026-08-22,wk inc covid hosp,3,2026-09-12,55,quantile,0.2,8.555555555555555
2026-08-22,wk inc covid hosp,3,2026-09-12,55,quantile,0.25,9.333333333333334
2026-08-22,wk inc covid hosp,3,2026-09-12,55,quantile,0.3,10.555555555555555
2026-08-22,wk inc covid hosp,3,2026-09-12,55,quantile,0.35,11.666666666666666
2026-08-22,wk inc covid hosp,3,2026-09-12,55,quantile,0.4,12.777777777777779
2026-08-22,wk inc covid hosp,3,2026-09-12,55,quantile,0.45,13.88888888888889
2026-08-22,wk inc covid hosp,3,2026-09-12,55,quantile,0.5,15.88888888888889
2026-08-22,wk inc covid hosp,3,2026-09-12,55,quantile,0.55,17.444444444444443
2026-08-22,wk inc covid hosp,3,2026-09-12,55,quantile,0.6,19.11111111111111
2026-08-22,wk inc covid hosp,3,2026-09-12,55,quantile,0.65,20.88888888888889
2026-08-22,wk inc covid hosp,3,2026-09-12,55,quantile,0.7,22.88888888888889
2026-08-22,wk inc covid hosp,3,2026-09-12,55,quantile,0.75,25.88888888888889
2026-08-22,wk inc covid hosp,3,2026-09-12,55,quantile,0.8,28.88888888888889
2026-08-22,wk inc covid hosp,3,2026-09-12,55,quantile,0.85,35.111111111111114
2026-08-22,wk inc covid hosp,3,2026-09-12,55,quantile,0.9,41.77777777777778
2026-08-22,wk inc covid hosp,3,2026-09-12,55,quantile,0.95,57.33888888888888
2026-08-22,wk inc covid hosp,3,2026-09-12,55,quantile,0.975,76.55555555555556
2026-08-22,wk inc covid hosp,3,2026-09-12,55,quantile,0.99,109.66666666666667
2026-08-22,wk inc covid hosp,3,2026-09-12,56,quantile,0.01,0.2222222222222222
2026-08-22,wk inc covid hosp,3,2026-09-12,56,quantile,0.025,0.3333333333333333
2026-08-22,wk inc covid hosp,3,2026-09-12,56,quantile,0.05,0.5555555555555556
2026-08-22,wk inc covid hosp,3,2026-09-12,56,quantile,0.1,1.1111111111111112
2026-08-22,wk inc covid hosp,3,2026-09-12,56,quantile,0.15,1.4444444444444444
2026-08-22,wk inc covid hosp,3,2026-09-12,56,quantile,0.2,1.7777777777777777
2026-08-22,wk inc covid hosp,3,2026-09-12,56,quantile,0.25,2.111111111111111
2026-08-22,wk inc covid hosp,3,2026-09-12,56,quantile,0.3,2.4444444444444446
2026-08-22,wk inc covid hosp,3,2026-09-12,56,quantile,0.35,2.6666666666666665
2026-08-22,wk inc covid hosp,3,2026-09-12,56,quantile,0.4,3.0
2026-08-22,wk inc covid hosp,3,2026-09-12,56,quantile,0.45,3.2222222222222223
2026-08-22,wk inc covid hosp,3,2026-09-12,56,quantile,0.5,3.5555555555555554
2026-08-22,wk inc covid hosp,3,2026-09-12,56,quantile,0.55,4.0
2026-08-22,wk inc covid hosp,3,2026-09-12,56,quantile,0.6,4.555555555555555
2026-08-22,wk inc covid hosp,3,2026-09-12,56,quantile,0.65,5.333333333333333
2026-08-22,wk inc covid hosp,3,2026-09-12,56,quantile,0.7,6.0
2026-08-22,wk inc covid hosp,3,2026-09-12,56,quantile,0.75,6.555555555555555
2026-08-22,wk inc covid hosp,3,2026-09-12,56,quantile,0.8,7.777777777777778
2026-08-22,wk inc covid hosp,3,2026-09-12,56,quantile,0.85,9.333333333333334
2026-08-22,wk inc covid hosp,3,2026-09-12,56,quantile,0.9,11.777777777777779
2026-08-22,wk inc covid hosp,3,2026-09-12,56,quantile,0.95,17.333333333333332
2026-08-22,wk inc covid hosp,3,2026-09-12,56,quantile,0.975,24.16944444444444
2026-08-22,wk inc covid hosp,3,2026-09-12,56,quantile,0.99,36.556666666666665
2026-08-22,wk inc covid hosp,3,2026-09-12,72,quantile,0.01,13.333333333333334
2026-08-22,wk inc covid hosp,3,2026-09-12,72,quantile,0.025,16.941666666666666
2026-08-22,wk inc covid hosp,3,2026-09-12,72,quantile,0.05,22.66111111111111
2026-08-22,wk inc covid hosp,3,2026-09-12,72,quantile,0.1,30.88888888888889
2026-08-22,wk inc covid hosp,3,2026-09-12,72,quantile,0.15,36.55555555555556
2026-08-22,wk inc covid hosp,3,2026-09-12,72,quantile,0.2,43.44444444444444
2026-08-22,wk inc covid hosp,3,2026-09-12,72,quantile,0.25,48.30555555555556
2026-08-22,wk inc covid hosp,3,2026-09-12,72,quantile,0.3,52.666666666666664
2026-08-22,wk inc covid hosp,3,2026-09-12,72,quantile,0.35,57.0
2026-08-22,wk inc covid hosp,3,2026-09-12,72,quantile,0.4,60.666666666666664
2026-08-22,wk inc covid hosp,3,2026-09-12,72,quantile,0.45,64.11111111111111
2026-08-22,wk inc covid hosp,3,2026-09-12,72,quantile,0.5,68.33333333333333
2026-08-22,wk inc covid hosp,3,2026-09-12,72,quantile,0.55,71.66666666666667
2026-08-22,wk inc covid hosp,3,2026-09-12,72,quantile,0.6,76.77777777777777
2026-08-22,wk inc covid hosp,3,2026-09-12,72,quantile,0.65,80.33333333333333
2026-08-22,wk inc covid hosp,3,2026-09-12,72,quantile,0.7,85.33333333333333
2026-08-22,wk inc covid hosp,3,2026-09-12,72,quantile,0.75,91.22222222222223
2026-08-22,wk inc covid hosp,3,2026-09-12,72,quantile,0.8,98.46666666666667
2026-08-22,wk inc covid hosp,3,2026-09-12,72,quantile,0.85,109.01666666666667
2026-08-22,wk inc covid hosp,3,2026-09-12,72,quantile,0.9,123.56666666666666
2026-08-22,wk inc covid hosp,3,2026-09-12,72,quantile,0.95,150.89999999999998
2026-08-22,wk inc covid hosp,3,2026-09-12,72,quantile,0.975,180.14444444444442
2026-08-22,wk inc covid hosp,3,2026-09-12,72,quantile,0.99,252.14111111111106
