reference_date,target,horizon,target_end_date,location,output_type,output_type_id,value
2026-09-26,wk inc covid hosp,0,2026-09-26,01,quantile,0.01,39.399
2026-09-26,wk inc covid hosp,0,2026-09-26,01,quantile,0.025,46.995
2026-09-26,wk inc covid hosp,0,2026-09-26,01,quantile,0.05,52.8
2026-09-26,wk inc covid hosp,0,2026-09-26,01,quantile,0.1,60.8
2026-09-26,wk inc covid hosp,0,2026-09-26,01,quantile,0.15,65.4
2026-09-26,wk inc covid hosp,0,2026-09-26,01,quantile,0.2,70.28
2026-09-26,wk inc covid hosp,0,2026-09-26,01,quantile,0.25,72.9
2026-09-26,wk inc covid hosp,0,2026-09-26,01,quantile,0.3,76.0
2026-09-26,wk inc covid hosp,0,2026-09-26,01,quantile,0.35,78.9
2026-09-26,wk inc covid hosp,0,2026-09-26,01,quantile,0.4,81.2
2026-09-26,wk inc covid hosp,0,2026-09-26,01,quantile,0.45,83.7
2026-09-26,wk inc covid hosp,0,2026-09-26,01,quantile,0.5,85.5
2026-09-26,wk inc covid hosp,0,2026-09-26,01,quantile,0.55,87.1
2026-09-26,wk inc covid hosp,0,2026-09-26,01,quantile,0.6,89.4
2026-09-26,wk inc covid hosp,0,2026-09-26,01,quantile,0.65,92.83500000000001
2026-09-26,wk inc covid hosp,0,2026-09-26,01,quantile,0.7,95.2
2026-09-26,wk inc covid hosp,0,2026-09-26,01,quantile,0.75,98.1
2026-09-26,wk inc covid hosp,0,2026-09-26,01,quantile,0.8,101.8
2026-09-26,wk inc covid hosp,0,2026-09-26,01,quantile,0.85,107.5
2026-09-26,wk inc covid hosp,0,2026-09-26,01,quantile,0.9,112.60999999999999
2026-09-26,wk inc covid hosp,0,2026-09-26,01,quantile,0.95,123.9
2026-09-26,wk inc covid hosp,0,2026-09-26,01,quantile,0.975,133.1625
2026-09-26,wk inc covid hosp,0,2026-09-26,01,quantile,0.99,155.00799999999998
2026-09-26,wk inc covid hosp,0,2026-09-26,02,quantile,0.01,0.3
2026-09-26,wk inc covid hosp,0,2026-09-26,02,quantile,0.025,0.6
2026-09-26,wk inc covid hosp,0,2026-09-26,02,quantile,0.05,0.8
2026-09-26,wk inc covid hosp,0,2026-09-26,02,quantile,0.1,1.2
2026-09-26,wk inc covid hosp,0,2026-09-26,02,quantile,0.15,1.6
2026-09-26,wk inc covid hosp,0,2026-09-26,02,quantile,0.2,1.8
2026-09-26,wk inc covid hosp,0,2026-09-26,02,quantile,0.25,2.2
2026-09-26,wk inc covid hosp,0,2026-09-26,02,quantile,0.3,2.3
2026-09-26,wk inc covid hosp,0,2026-09-26,02,quantile,0.35,2.8
2026-09-26,wk inc covid hosp,0,2026-09-26,02,quantile,0.4,3.0
2026-09-26,wk inc covid hosp,0,2026-09-26,02,quantile,0.45,3.0
2026-09-26,wk inc covid hosp,0,2026-09-26,02,quantile,0.5,3.2
2026-09-26,wk inc covid hosp,0,2026-09-26,02,quantile,0.55,3.7
2026-09-26,wk inc covid hosp,0,2026-09-26,02,quantile,0.6,4.0
2026-09-26,wk inc covid hosp,0,2026-09-26,02,quantile,0.65,4.1
2026-09-26,wk inc covid hosp,0,2026-09-26,02,quantile,0.7,4.3
2026-09-26,wk inc covid hosp,0,2026-09-26,02,quantile,0.75,5.0
2026-09-26,wk inc covid hosp,0,2026-09-26,02,quantile,0.8,5.8
2026-09-26,wk inc covid hosp,0,2026-09-26,02,quantile,0.85,6.3
2026-09-26,wk inc covid hosp,0,2026-09-26,02,quantile,0.9,7.310000000000002
2026-09-26,wk inc covid hosp,0,2026-09-26,02,quantile,0.95,8.6
2026-09-26,wk inc covid hosp,0,2026-09-26,02,quantile,0.975,11.5
2026-09-26,wk inc covid hosp,0,2026-09-26,02,quantile,0.99,14.4
2026-09-26,wk inc covid hosp,0,2026-09-26,04,quantile,0.01,32.098
2026-09-26,wk inc covid hosp,0,2026-09-26,04,quantile,0.025,38.8
2026-09-26,wk inc covid hosp,0,2026-09-26,04,quantile,0.05,45.4
2026-09-26,wk inc covid hosp,0,2026-09-26,04,quantile,0.1,51.39
2026-09-26,wk inc covid hosp,0,2026-09-26,04,quantile,0.15,55.585
2026-09-26,wk inc covid hosp,0,2026-09-26,04,quantile,0.2,58.48
2026-09-26,wk inc covid hosp,0,2026-09-26,04,quantile,0.25,60.975
2026-09-26,wk inc covid hosp,0,2026-09-26,04,quantile,0.3,63.4
2026-09-26,wk inc covid hosp,0,2026-09-26,04,quantile,0.35,65.8
2026-09-26,wk inc covid hosp,0,2026-09-26,04,quantile,0.4,67.5
2026-09-26,wk inc covid hosp,0,2026-09-26,04,quantile,0.45,70.0
2026-09-26,wk inc covid hosp,0,2026-09-26,04,quantile,0.5,72.4
2026-09-26,wk inc covid hosp,0,2026-09-26,04,quantile,0.55,74.2
2026-09-26,wk inc covid hosp,0,2026-09-26,04,quantile,0.6,76.1
2026-09-26,wk inc covid hosp,0,2026-09-26,04,quantile,0.65,78.2
2026-09-26,wk inc covid hosp,0,2026-09-26,04,quantile,0.7,80.4
2026-09-26,wk inc covid hosp,0,2026-09-26,04,quantile,0.75,83.1
2026-09-26,wk inc covid hosp,0,2026-09-26,04,quantile,0.8,86.0
2026-09-26,wk inc covid hosp,0,2026-09-26,04,quantile,0.85,89.6
2026-09-26,wk inc covid hosp,0,2026-09-26,04,quantile,0.9,95.7
2026-09-26,wk inc covid hosp,0,2026-09-26,04,quantile,0.95,102.9
2026-09-26,wk inc covid hosp,0,2026-09-26,04,quantile,0.975,116.75749999999998
2026-09-26,wk inc covid hosp,0,2026-09-26,04,quantile,0.99,139.72099999999998
2026-09-26,wk inc covid hosp,0,2026-09-26,05,quantile,0.01,4.3
2026-09-26,wk inc covid hosp,0,2026-09-26,05,quantile,0.025,5.7
2026-09-26,wk inc covid hosp,0,2026-09-26,05,quantile,0.05,6.9
2026-09-26,wk inc covid hosp,0,2026-09-26,05,quantile,0.1,8.3
2026-09-26,wk inc covid hosp,0,2026-09-26,05,quantile,0.15,9.4
2026-09-26,wk inc covid hosp,0,2026-09-26,05,quantile,0.2,10.5
2026-09-26,wk inc covid hosp,0,2026-09-26,05,quantile,0.25,11.0
2026-09-26,wk inc covid hosp,0,2026-09-26,05,quantile,0.3,11.7
2026-09-26,wk inc covid hosp,0,2026-09-26,05,quantile,0.35,12.4
2026-09-26,wk inc covid hosp,0,2026-09-26,05,quantile,0.4,12.7
2026-09-26,wk inc covid hosp,0,2026-09-26,05,quantile,0.45,13.4
2026-09-26,wk inc covid hosp,0,2026-09-26,05,quantile,0.5,13.7
2026-09-26,wk inc covid hosp,0,2026-09-26,05,quantile,0.55,14.1
2026-09-26,wk inc covid hosp,0,2026-09-26,05,quantile,0.6,14.8
2026-09-26,wk inc covid hosp,0,2026-09-26,05,quantile,0.65,15.4
2026-09-26,wk inc covid hosp,0,2026-09-26,05,quantile,0.7,16.3
2026-09-26,wk inc covid hosp,0,2026-09-26,05,quantile,0.75,17.2
2026-09-26,wk inc covid hosp,0,2026-09-26,05,quantile,0.8,18.1
2026-09-26,wk inc covid hosp,0,2026-09-26,05,quantile,0.85,19.7
2026-09-26,wk inc covid hosp,0,2026-09-26,05,quantile,0.9,21.3
2026-09-26,wk inc covid hosp,0,2026-09-26,05,quantile,0.95,23.7
2026-09-26,wk inc covid hosp,0,2026-09-26,05,quantile,0.975,27.15749999999999
2026-09-26,wk inc covid hosp,0,2026-09-26,05,quantile,0.99,35.001
2026-09-26,wk inc covid hosp,0,2026-09-26,06,quantile,0.01,526.992
2026-09-26,wk inc covid hosp,0,2026-09-26,06,quantile,0.025,597.0375
2026-09-26,wk inc covid hosp,0,2026-09-26,06,quantile,0.05,666.89
2026-09-26,wk inc covid hosp,0,2026-09-26,06,quantile,0.1,730.6800000000001
2026-09-26,wk inc covid hosp,0,2026-09-26,06,quantile,0.15,773.1850000000001
2026-09-26,wk inc covid hosp,0,2026-09-26,06,quantile,0.2,802.88
2026-09-26,wk inc covid hosp,0,2026-09-26,06,quantile,0.25,826.2
2026-09-26,wk inc covid hosp,0,2026-09-26,06,quantile,0.3,851.8700000000001
2026-09-26,wk inc covid hosp,0,2026-09-26,06,quantile,0.35,873.9
2026-09-26,wk inc covid hosp,0,2026-09-26,06,quantile,0.4,891.0
2026-09-26,wk inc covid hosp,0,2026-09-26,06,quantile,0.45,912.7
2026-09-26,wk inc covid hosp,0,2026-09-26,06,quantile,0.5,927.3
2026-09-26,wk inc covid hosp,0,2026-09-26,06,quantile,0.55,939.6450000000001
2026-09-26,wk inc covid hosp,0,2026-09-26,06,quantile,0.6,953.74
2026-09-26,wk inc covid hosp,0,2026-09-26,06,quantile,0.65,977.4350000000001
2026-09-26,wk inc covid hosp,0,2026-09-26,06,quantile,0.7,1000.3299999999999
2026-09-26,wk inc covid hosp,0,2026-09-26,06,quantile,0.75,1029.25
2026-09-26,wk inc covid hosp,0,2026-09-26,06,quantile,0.8,1059.94
2026-09-26,wk inc covid hosp,0,2026-09-26,06,quantile,0.85,1103.9450000000002
2026-09-26,wk inc covid hosp,0,2026-09-26,06,quantile,0.9,1158.6299999999999
2026-09-26,wk inc covid hosp,0,2026-09-26,06,quantile,0.95,1242.66
2026-09-26,wk inc covid hosp,0,2026-09-26,06,quantile,0.975,1329.3625
2026-09-26,wk inc covid hosp,0,2026-09-26,06,quantile,0.99,1457.1429999999998
2026-09-26,wk inc covid hosp,0,2026-09-26,08,quantile,0.01,12.3
2026-09-26,wk inc covid hosp,0,2026-09-26,08,quantile,0.025,14.647499999999999
2026-09-26,wk inc covid hosp,0,2026-09-26,08,quantile,0.05,16.595
2026-09-26,wk inc covid hosp,0,2026-09-26,08,quantile,0.1,19.89
2026-09-26,wk inc covid hosp,0,2026-09-26,08,quantile,0.15,21.5
2026-09-26,wk inc covid hosp,0,2026-09-26,08,quantile,0.2,23.3
2026-09-26,wk inc covid hosp,0,2026-09-26,08,quantile,0.25,24.2
2026-09-26,wk inc covid hosp,0,2026-09-26,08,quantile,0.3,25.5
2026-09-26,wk inc covid hosp,0,2026-09-26,08,quantile,0.35,26.6
2026-09-26,wk inc covid hosp,0,2026-09-26,08,quantile,0.4,27.6
2026-09-26,wk inc covid hosp,0,2026-09-26,08,quantile,0.45,28.2
2026-09-26,wk inc covid hosp,0,2026-09-26,08,quantile,0.5,29.0
2026-09-26,wk inc covid hosp,0,2026-09-26,08,quantile,0.55,29.7
2026-09-26,wk inc covid hosp,0,2026-09-26,08,quantile,0.6,30.3
2026-09-26,wk inc covid hosp,0,2026-09-26,08,quantile,0.65,31.3
2026-09-26,wk inc covid hosp,0,2026-09-26,08,quantile,0.7,32.2
2026-09-26,wk inc covid hosp,0,2026-09-26,08,quantile,0.75,33.6
2026-09-26,wk inc covid hosp,0,2026-09-26,08,quantile,0.8,35.9
2026-09-26,wk inc covid hosp,0,2026-09-26,08,quantile,0.85,38.6
2026-09-26,wk inc covid hosp,0,2026-09-26,08,quantile,0.9,41.6
2026-09-26,wk inc covid hosp,0,2026-09-26,08,quantile,0.95,46.1
2026-09-26,wk inc covid hosp,0,2026-09-26,08,quantile,0.975,51.404999999999994
2026-09-26,wk inc covid hosp,0,2026-09-26,08,quantile,0.99,65.9
2026-09-26,wk inc covid hosp,0,2026-09-26,09,quantile,0.01,11.099
2026-09-26,wk inc covid hosp,0,2026-09-26,09,quantile,0.025,14.3
2026-09-26,wk inc covid hosp,0,2026-09-26,09,quantile,0.05,16.3
2026-09-26,wk inc covid hosp,0,2026-09-26,09,quantile,0.1,19.490000000000002
2026-09-26,wk inc covid hosp,0,2026-09-26,09,quantile,0.15,21.384999999999998
2026-09-26,wk inc covid hosp,0,2026-09-26,09,quantile,0.2,23.1
2026-09-26,wk inc covid hosp,0,2026-09-26,09,quantile,0.25,24.4
2026-09-26,wk inc covid hosp,0,2026-09-26,09,quantile,0.3,25.97
2026-09-26,wk inc covid hosp,0,2026-09-26,09,quantile,0.35,27.2
2026-09-26,wk inc covid hosp,0,2026-09-26,09,quantile,0.4,28.7
2026-09-26,wk inc covid hosp,0,2026-09-26,09,quantile,0.45,29.9
2026-09-26,wk inc covid hosp,0,2026-09-26,09,quantile,0.5,31.0
2026-09-26,wk inc covid hosp,0,2026-09-26,09,quantile,0.55,32.0
2026-09-26,wk inc covid hosp,0,2026-09-26,09,quantile,0.6,33.0
2026-09-26,wk inc covid hosp,0,2026-09-26,09,quantile,0.65,34.8
2026-09-26,wk inc covid hosp,0,2026-09-26,09,quantile,0.7,36.1
2026-09-26,wk inc covid hosp,0,2026-09-26,09,quantile,0.75,37.9
2026-09-26,wk inc covid hosp,0,2026-09-26,09,quantile,0.8,40.1
2026-09-26,wk inc covid hosp,0,2026-09-26,09,quantile,0.85,42.4
2026-09-26,wk inc covid hosp,0,2026-09-26,09,quantile,0.9,45.9
2026-09-26,wk inc covid hosp,0,2026-09-26,09,quantile,0.95,51.9
2026-09-26,wk inc covid hosp,0,2026-09-26,09,quantile,0.975,58.105
2026-09-26,wk inc covid hosp,0,2026-09-26,09,quantile,0.99,70.1
2026-09-26,wk inc covid hosp,0,2026-09-26,10,quantile,0.01,1.2
2026-09-26,wk inc covid hosp,0,2026-09-26,10,quantile,0.025,1.4475000000000002
2026-09-26,wk inc covid hosp,0,2026-09-26,10,quantile,0.05,2.4
2026-09-26,wk inc covid hosp,0,2026-09-26,10,quantile,0.1,3.2900000000000005
2026-09-26,wk inc covid hosp,0,2026-09-26,10,quantile,0.15,3.9
2026-09-26,wk inc covid hosp,0,2026-09-26,10,quantile,0.2,4.4
2026-09-26,wk inc covid hosp,0,2026-09-26,10,quantile,0.25,4.7
2026-09-26,wk inc covid hosp,0,2026-09-26,10,quantile,0.3,5.2
2026-09-26,wk inc covid hosp,0,2026-09-26,10,quantile,0.35,5.6
2026-09-26,wk inc covid hosp,0,2026-09-26,10,quantile,0.4,6.1
2026-09-26,wk inc covid hosp,0,2026-09-26,10,quantile,0.45,6.3
2026-09-26,wk inc covid hosp,0,2026-09-26,10,quantile,0.5,7.1
2026-09-26,wk inc covid hosp,0,2026-09-26,10,quantile,0.55,7.3
2026-09-26,wk inc covid hosp,0,2026-09-26,10,quantile,0.6,7.8
2026-09-26,wk inc covid hosp,0,2026-09-26,10,quantile,0.65,8.3
2026-09-26,wk inc covid hosp,0,2026-09-26,10,quantile,0.7,8.7
2026-09-26,wk inc covid hosp,0,2026-09-26,10,quantile,0.75,9.2
2026-09-26,wk inc covid hosp,0,2026-09-26,10,quantile,0.8,9.8
2026-09-26,wk inc covid hosp,0,2026-09-26,10,quantile,0.85,10.8
2026-09-26,wk inc covid hosp,0,2026-09-26,10,quantile,0.9,12.2
2026-09-26,wk inc covid hosp,0,2026-09-26,10,quantile,0.95,14.0
2026-09-26,wk inc covid hosp,0,2026-09-26,10,quantile,0.975,16.7
2026-09-26,wk inc covid hosp,0,2026-09-26,10,quantile,0.99,20.701
2026-09-26,wk inc covid hosp,0,2026-09-26,11,quantile,0.01,0.9
2026-09-26,wk inc covid hosp,0,2026-09-26,11,quantile,0.025,1.2
2026-09-26,wk inc covid hosp,0,2026-09-26,11,quantile,0.05,1.8
2026-09-26,wk inc covid hosp,0,2026-09-26,11,quantile,0.1,2.3
2026-09-26,wk inc covid hosp,0,2026-09-26,11,quantile,0.15,2.7
2026-09-26,wk inc covid hosp,0,2026-09-26,11,quantile,0.2,3.3
2026-09-26,wk inc covid hosp,0,2026-09-26,11,quantile,0.25,3.4
2026-09-26,wk inc covid hosp,0,2026-09-26,11,quantile,0.3,4.2
2026-09-26,wk inc covid hosp,0,2026-09-26,11,quantile,0.35,4.5
2026-09-26,wk inc covid hosp,0,2026-09-26,11,quantile,0.4,4.9
2026-09-26,wk inc covid hosp,0,2026-09-26,11,quantile,0.45,5.4
2026-09-26,wk inc covid hosp,0,2026-09-26,11,quantile,0.5,5.8
2026-09-26,wk inc covid hosp,0,2026-09-26,11,quantile,0.55,5.9
2026-09-26,wk inc covid hosp,0,2026-09-26,11,quantile,0.6,6.6
2026-09-26,wk inc covid hosp,0,2026-09-26,11,quantile,0.65,6.8
2026-09-26,wk inc covid hosp,0,2026-09-26,11,quantile,0.7,7.2
2026-09-26,wk inc covid hosp,0,2026-09-26,11,quantile,0.75,7.8
2026-09-26,wk inc covid hosp,0,2026-09-26,11,quantile,0.8,8.5
2026-09-26,wk inc covid hosp,0,2026-09-26,11,quantile,0.85,9.6
2026-09-26,wk inc covid hosp,0,2026-09-26,11,quantile,0.9,10.3
2026-09-26,wk inc covid hosp,0,2026-09-26,11,quantile,0.95,12.104999999999995
2026-09-26,wk inc covid hosp,0,2026-09-26,11,quantile,0.975,14.6
2026-09-26,wk inc covid hosp,0,2026-09-26,11,quantile,0.99,17.701
2026-09-26,wk inc covid hosp,0,2026-09-26,12,quantile,0.01,232.59700000000004
2026-09-26,wk inc covid hosp,0,2026-09-26,12,quantile,0.025,292.0
2026-09-26,wk inc covid hosp,0,2026-09-26,12,quantile,0.05,333.95500000000004
2026-09-26,wk inc covid hosp,0,2026-09-26,12,quantile,0.1,380.88
2026-09-26,wk inc covid hosp,0,2026-09-26,12,quantile,0.15,406.885
2026-09-26,wk inc covid hosp,0,2026-09-26,12,quantile,0.2,424.4
2026-09-26,wk inc covid hosp,0,2026-09-26,12,quantile,0.25,439.175
2026-09-26,wk inc covid hosp,0,2026-09-26,12,quantile,0.3,452.46999999999997
2026-09-26,wk inc covid hosp,0,2026-09-26,12,quantile,0.35,465.3
2026-09-26,wk inc covid hosp,0,2026-09-26,12,quantile,0.4,479.5
2026-09-26,wk inc covid hosp,0,2026-09-26,12,quantile,0.45,492.15500000000003
2026-09-26,wk inc covid hosp,0,2026-09-26,12,quantile,0.5,501.4
2026-09-26,wk inc covid hosp,0,2026-09-26,12,quantile,0.55,512.1
2026-09-26,wk inc covid hosp,0,2026-09-26,12,quantile,0.6,521.9
2026-09-26,wk inc covid hosp,0,2026-09-26,12,quantile,0.65,536.335
2026-09-26,wk inc covid hosp,0,2026-09-26,12,quantile,0.7,549.1600000000001
2026-09-26,wk inc covid hosp,0,2026-09-26,12,quantile,0.75,566.8
2026-09-26,wk inc covid hosp,0,2026-09-26,12,quantile,0.8,585.6
2026-09-26,wk inc covid hosp,0,2026-09-26,12,quantile,0.85,609.615
2026-09-26,wk inc covid hosp,0,2026-09-26,12,quantile,0.9,642.8
2026-09-26,wk inc covid hosp,0,2026-09-26,12,quantile,0.95,714.9
2026-09-26,wk inc covid hosp,0,2026-09-26,12,quantile,0.975,790.1825
2026-09-26,wk inc covid hosp,0,2026-09-26,12,quantile,0.99,909.301
2026-09-26,wk inc covid hosp,0,2026-09-26,13,quantile,0.01,43.295
2026-09-26,wk inc covid hosp,0,2026-09-26,13,quantile,0.025,54.0475
2026-09-26,wk inc covid hosp,0,2026-09-26,13,quantile,0.05,61.895
2026-09-26,wk inc covid hosp,0,2026-09-26,13,quantile,0.1,68.49
2026-09-26,wk inc covid hosp,0,2026-09-26,13,quantile,0.15,73.4
2026-09-26,wk inc covid hosp,0,2026-09-26,13,quantile,0.2,77.5
2026-09-26,wk inc covid hosp,0,2026-09-26,13,quantile,0.25,80.2
2026-09-26,wk inc covid hosp,0,2026-09-26,13,quantile,0.3,83.47
2026-09-26,wk inc covid hosp,0,2026-09-26,13,quantile,0.35,86.465
2026-09-26,wk inc covid hosp,0,2026-09-26,13,quantile,0.4,89.3
2026-09-26,wk inc covid hosp,0,2026-09-26,13,quantile,0.45,92.3
2026-09-26,wk inc covid hosp,0,2026-09-26,13,quantile,0.5,95.1
2026-09-26,wk inc covid hosp,0,2026-09-26,13,quantile,0.55,97.7
2026-09-26,wk inc covid hosp,0,2026-09-26,13,quantile,0.6,100.4
2026-09-26,wk inc covid hosp,0,2026-09-26,13,quantile,0.65,103.4
2026-09-26,wk inc covid hosp,0,2026-09-26,13,quantile,0.7,106.8
2026-09-26,wk inc covid hosp,0,2026-09-26,13,quantile,0.75,110.5
2026-09-26,wk inc covid hosp,0,2026-09-26,13,quantile,0.8,115.3
2026-09-26,wk inc covid hosp,0,2026-09-26,13,quantile,0.85,120.415
2026-09-26,wk inc covid hosp,0,2026-09-26,13,quantile,0.9,127.80999999999999
2026-09-26,wk inc covid hosp,0,2026-09-26,13,quantile,0.95,138.905
2026-09-26,wk inc covid hosp,0,2026-09-26,13,quantile,0.975,154.405
2026-09-26,wk inc covid hosp,0,2026-09-26,13,quantile,0.99,180.11499999999998
2026-09-26,wk inc covid hosp,0,2026-09-26,15,quantile,0.01,12.3
2026-09-26,wk inc covid hosp,0,2026-09-26,15,quantile,0.025,15.7
2026-09-26,wk inc covid hosp,0,2026-09-26,15,quantile,0.05,17.895
2026-09-26,wk inc covid hosp,0,2026-09-26,15,quantile,0.1,21.29
2026-09-26,wk inc covid hosp,0,2026-09-26,15,quantile,0.15,23.6
2026-09-26,wk inc covid hosp,0,2026-09-26,15,quantile,0.2,25.6
2026-09-26,wk inc covid hosp,0,2026-09-26,15,quantile,0.25,27.1
2026-09-26,wk inc covid hosp,0,2026-09-26,15,quantile,0.3,28.1
2026-09-26,wk inc covid hosp,0,2026-09-26,15,quantile,0.35,29.5
2026-09-26,wk inc covid hosp,0,2026-09-26,15,quantile,0.4,31.2
2026-09-26,wk inc covid hosp,0,2026-09-26,15,quantile,0.45,32.9
2026-09-26,wk inc covid hosp,0,2026-09-26,15,quantile,0.5,34.4
2026-09-26,wk inc covid hosp,0,2026-09-26,15,quantile,0.55,35.345000000000006
2026-09-26,wk inc covid hosp,0,2026-09-26,15,quantile,0.6,36.7
2026-09-26,wk inc covid hosp,0,2026-09-26,15,quantile,0.65,38.1
2026-09-26,wk inc covid hosp,0,2026-09-26,15,quantile,0.7,39.5
2026-09-26,wk inc covid hosp,0,2026-09-26,15,quantile,0.75,41.1
2026-09-26,wk inc covid hosp,0,2026-09-26,15,quantile,0.8,43.3
2026-09-26,wk inc covid hosp,0,2026-09-26,15,quantile,0.85,46.1
2026-09-26,wk inc covid hosp,0,2026-09-26,15,quantile,0.9,49.6
2026-09-26,wk inc covid hosp,0,2026-09-26,15,quantile,0.95,55.504999999999995
2026-09-26,wk inc covid hosp,0,2026-09-26,15,quantile,0.975,65.4525
2026-09-26,wk inc covid hosp,0,2026-09-26,15,quantile,0.99,80.008
2026-09-26,wk inc covid hosp,0,2026-09-26,16,quantile,0.01,2.1
2026-09-26,wk inc covid hosp,0,2026-09-26,16,quantile,0.025,2.9
2026-09-26,wk inc covid hosp,0,2026-09-26,16,quantile,0.05,3.8
2026-09-26,wk inc covid hosp,0,2026-09-26,16,quantile,0.1,4.9
2026-09-26,wk inc covid hosp,0,2026-09-26,16,quantile,0.15,5.8
2026-09-26,wk inc covid hosp,0,2026-09-26,16,quantile,0.2,6.2
2026-09-26,wk inc covid hosp,0,2026-09-26,16,quantile,0.25,6.9
2026-09-26,wk inc covid hosp,0,2026-09-26,16,quantile,0.3,7.5
2026-09-26,wk inc covid hosp,0,2026-09-26,16,quantile,0.35,8.1
2026-09-26,wk inc covid hosp,0,2026-09-26,16,quantile,0.4,8.8
2026-09-26,wk inc covid hosp,0,2026-09-26,16,quantile,0.45,9.0
2026-09-26,wk inc covid hosp,0,2026-09-26,16,quantile,0.5,9.4
2026-09-26,wk inc covid hosp,0,2026-09-26,16,quantile,0.55,9.7
2026-09-26,wk inc covid hosp,0,2026-09-26,16,quantile,0.6,10.3
2026-09-26,wk inc covid hosp,0,2026-09-26,16,quantile,0.65,10.9
2026-09-26,wk inc covid hosp,0,2026-09-26,16,quantile,0.7,11.3
2026-09-26,wk inc covid hosp,0,2026-09-26,16,quantile,0.75,12.1
2026-09-26,wk inc covid hosp,0,2026-09-26,16,quantile,0.8,12.8
2026-09-26,wk inc covid hosp,0,2026-09-26,16,quantile,0.85,13.9
2026-09-26,wk inc covid hosp,0,2026-09-26,16,quantile,0.9,15.4
2026-09-26,wk inc covid hosp,0,2026-09-26,16,quantile,0.95,17.5
2026-09-26,wk inc covid hosp,0,2026-09-26,16,quantile,0.975,19.6
2026-09-26,wk inc covid hosp,0,2026-09-26,16,quantile,0.99,24.500999999999998
2026-09-26,wk inc covid hosp,0,2026-09-26,17,quantile,0.01,26.1
2026-09-26,wk inc covid hosp,0,2026-09-26,17,quantile,0.025,31.047500000000003
2026-09-26,wk inc covid hosp,0,2026-09-26,17,quantile,0.05,36.195
2026-09-26,wk inc covid hosp,0,2026-09-26,17,quantile,0.1,41.19
2026-09-26,wk inc covid hosp,0,2026-09-26,17,quantile,0.15,45.0
2026-09-26,wk inc covid hosp,0,2026-09-26,17,quantile,0.2,47.5
2026-09-26,wk inc covid hosp,0,2026-09-26,17,quantile,0.25,49.675
2026-09-26,wk inc covid hosp,0,2026-09-26,17,quantile,0.3,52.4
2026-09-26,wk inc covid hosp,0,2026-09-26,17,quantile,0.35,54.2
2026-09-26,wk inc covid hosp,0,2026-09-26,17,quantile,0.4,55.7
2026-09-26,wk inc covid hosp,0,2026-09-26,17,quantile,0.45,57.2
2026-09-26,wk inc covid hosp,0,2026-09-26,17,quantile,0.5,58.65
2026-09-26,wk inc covid hosp,0,2026-09-26,17,quantile,0.55,59.8
2026-09-26,wk inc covid hosp,0,2026-09-26,17,quantile,0.6,61.1
2026-09-26,wk inc covid hosp,0,2026-09-26,17,quantile,0.65,63.1
2026-09-26,wk inc covid hosp,0,2026-09-26,17,quantile,0.7,65.0
2026-09-26,wk inc covid hosp,0,2026-09-26,17,quantile,0.75,67.4
2026-09-26,wk inc covid hosp,0,2026-09-26,17,quantile,0.8,71.5
2026-09-26,wk inc covid hosp,0,2026-09-26,17,quantile,0.85,75.7
2026-09-26,wk inc covid hosp,0,2026-09-26,17,quantile,0.9,82.31
2026-09-26,wk inc covid hosp,0,2026-09-26,17,quantile,0.95,91.7
2026-09-26,wk inc covid hosp,0,2026-09-26,17,quantile,0.975,105.1525
2026-09-26,wk inc covid hosp,0,2026-09-26,17,quantile,0.99,133.60999999999999
2026-09-26,wk inc covid hosp,0,2026-09-26,18,quantile,0.01,9.7
2026-09-26,wk inc covid hosp,0,2026-09-26,18,quantile,0.025,12.9
2026-09-26,wk inc covid hosp,0,2026-09-26,18,quantile,0.05,15.0
2026-09-26,wk inc covid hosp,0,2026-09-26,18,quantile,0.1,17.7
2026-09-26,wk inc covid hosp,0,2026-09-26,18,quantile,0.15,19.5
2026-09-26,wk inc covid hosp,0,2026-09-26,18,quantile,0.2,21.5
2026-09-26,wk inc covid hosp,0,2026-09-26,18,quantile,0.25,22.8
2026-09-26,wk inc covid hosp,0,2026-09-26,18,quantile,0.3,24.2
2026-09-26,wk inc covid hosp,0,2026-09-26,18,quantile,0.35,25.5
2026-09-26,wk inc covid hosp,0,2026-09-26,18,quantile,0.4,26.4
2026-09-26,wk inc covid hosp,0,2026-09-26,18,quantile,0.45,27.2
2026-09-26,wk inc covid hosp,0,2026-09-26,18,quantile,0.5,28.5
2026-09-26,wk inc covid hosp,0,2026-09-26,18,quantile,0.55,29.2
2026-09-26,wk inc covid hosp,0,2026-09-26,18,quantile,0.6,30.1
2026-09-26,wk inc covid hosp,0,2026-09-26,18,quantile,0.65,31.4
2026-09-26,wk inc covid hosp,0,2026-09-26,18,quantile,0.7,32.5
2026-09-26,wk inc covid hosp,0,2026-09-26,18,quantile,0.75,34.1
2026-09-26,wk inc covid hosp,0,2026-09-26,18,quantile,0.8,36.92
2026-09-26,wk inc covid hosp,0,2026-09-26,18,quantile,0.85,38.8
2026-09-26,wk inc covid hosp,0,2026-09-26,18,quantile,0.9,42.2
2026-09-26,wk inc covid hosp,0,2026-09-26,18,quantile,0.95,48.1
2026-09-26,wk inc covid hosp,0,2026-09-26,18,quantile,0.975,56.205
2026-09-26,wk inc covid hosp,0,2026-09-26,18,quantile,0.99,73.40299999999999
2026-09-26,wk inc covid hosp,0,2026-09-26,19,quantile,0.01,5.0
2026-09-26,wk inc covid hosp,0,2026-09-26,19,quantile,0.025,6.3
2026-09-26,wk inc covid hosp,0,2026-09-26,19,quantile,0.05,7.4
2026-09-26,wk inc covid hosp,0,2026-09-26,19,quantile,0.1,8.9
2026-09-26,wk inc covid hosp,0,2026-09-26,19,quantile,0.15,10.0
2026-09-26,wk inc covid hosp,0,2026-09-26,19,quantile,0.2,10.9
2026-09-26,wk inc covid hosp,0,2026-09-26,19,quantile,0.25,11.6
2026-09-26,wk inc covid hosp,0,2026-09-26,19,quantile,0.3,12.2
2026-09-26,wk inc covid hosp,0,2026-09-26,19,quantile,0.35,12.8
2026-09-26,wk inc covid hosp,0,2026-09-26,19,quantile,0.4,13.5
2026-09-26,wk inc covid hosp,0,2026-09-26,19,quantile,0.45,14.0
2026-09-26,wk inc covid hosp,0,2026-09-26,19,quantile,0.5,14.5
2026-09-26,wk inc covid hosp,0,2026-09-26,19,quantile,0.55,15.0
2026-09-26,wk inc covid hosp,0,2026-09-26,19,quantile,0.6,15.6
2026-09-26,wk inc covid hosp,0,2026-09-26,19,quantile,0.65,16.2
2026-09-26,wk inc covid hosp,0,2026-09-26,19,quantile,0.7,16.9
2026-09-26,wk inc covid hosp,0,2026-09-26,19,quantile,0.75,17.7
2026-09-26,wk inc covid hosp,0,2026-09-26,19,quantile,0.8,18.7
2026-09-26,wk inc covid hosp,0,2026-09-26,19,quantile,0.85,20.115
2026-09-26,wk inc covid hosp,0,2026-09-26,19,quantile,0.9,22.4
2026-09-26,wk inc covid hosp,0,2026-09-26,19,quantile,0.95,25.3
2026-09-26,wk inc covid hosp,0,2026-09-26,19,quantile,0.975,29.2
2026-09-26,wk inc covid hosp,0,2026-09-26,19,quantile,0.99,36.705
2026-09-26,wk inc covid hosp,0,2026-09-26,20,quantile,0.01,1.6
2026-09-26,wk inc covid hosp,0,2026-09-26,20,quantile,0.025,2.1
2026-09-26,wk inc covid hosp,0,2026-09-26,20,quantile,0.05,3.0
2026-09-26,wk inc covid hosp,0,2026-09-26,20,quantile,0.1,4.0
2026-09-26,wk inc covid hosp,0,2026-09-26,20,quantile,0.15,4.5
2026-09-26,wk inc covid hosp,0,2026-09-26,20,quantile,0.2,5.3
2026-09-26,wk inc covid hosp,0,2026-09-26,20,quantile,0.25,5.9
2026-09-26,wk inc covid hosp,0,2026-09-26,20,quantile,0.3,6.5
2026-09-26,wk inc covid hosp,0,2026-09-26,20,quantile,0.35,7.2
2026-09-26,wk inc covid hosp,0,2026-09-26,20,quantile,0.4,7.6
2026-09-26,wk inc covid hosp,0,2026-09-26,20,quantile,0.45,8.0
2026-09-26,wk inc covid hosp,0,2026-09-26,20,quantile,0.5,8.6
2026-09-26,wk inc covid hosp,0,2026-09-26,20,quantile,0.55,8.8
2026-09-26,wk inc covid hosp,0,2026-09-26,20,quantile,0.6,9.5
2026-09-26,wk inc covid hosp,0,2026-09-26,20,quantile,0.65,10.0
2026-09-26,wk inc covid hosp,0,2026-09-26,20,quantile,0.7,11.0
2026-09-26,wk inc covid hosp,0,2026-09-26,20,quantile,0.75,11.7
2026-09-26,wk inc covid hosp,0,2026-09-26,20,quantile,0.8,13.1
2026-09-26,wk inc covid hosp,0,2026-09-26,20,quantile,0.85,14.2
2026-09-26,wk inc covid hosp,0,2026-09-26,20,quantile,0.9,15.9
2026-09-26,wk inc covid hosp,0,2026-09-26,20,quantile,0.95,18.904999999999994
2026-09-26,wk inc covid hosp,0,2026-09-26,20,quantile,0.975,22.752499999999998
2026-09-26,wk inc covid hosp,0,2026-09-26,20,quantile,0.99,31.701999999999998
2026-09-26,wk inc covid hosp,0,2026-09-26,21,quantile,0.01,7.3
2026-09-26,wk inc covid hosp,0,2026-09-26,21,quantile,0.025,8.7
2026-09-26,wk inc covid hosp,0,2026-09-26,21,quantile,0.05,10.4
2026-09-26,wk inc covid hosp,0,2026-09-26,21,quantile,0.1,12.5
2026-09-26,wk inc covid hosp,0,2026-09-26,21,quantile,0.15,14.4
2026-09-26,wk inc covid hosp,0,2026-09-26,21,quantile,0.2,15.8
2026-09-26,wk inc covid hosp,0,2026-09-26,21,quantile,0.25,17.0
2026-09-26,wk inc covid hosp,0,2026-09-26,21,quantile,0.3,17.9
2026-09-26,wk inc covid hosp,0,2026-09-26,21,quantile,0.35,18.8
2026-09-26,wk inc covid hosp,0,2026-09-26,21,quantile,0.4,19.8
2026-09-26,wk inc covid hosp,0,2026-09-26,21,quantile,0.45,20.3
2026-09-26,wk inc covid hosp,0,2026-09-26,21,quantile,0.5,21.0
2026-09-26,wk inc covid hosp,0,2026-09-26,21,quantile,0.55,21.545000000000005
2026-09-26,wk inc covid hosp,0,2026-09-26,21,quantile,0.6,22.5
2026-09-26,wk inc covid hosp,0,2026-09-26,21,quantile,0.65,23.3
2026-09-26,wk inc covid hosp,0,2026-09-26,21,quantile,0.7,24.4
2026-09-26,wk inc covid hosp,0,2026-09-26,21,quantile,0.75,25.5
2026-09-26,wk inc covid hosp,0,2026-09-26,21,quantile,0.8,27.4
2026-09-26,wk inc covid hosp,0,2026-09-26,21,quantile,0.85,29.4
2026-09-26,wk inc covid hosp,0,2026-09-26,21,quantile,0.9,32.3
2026-09-26,wk inc covid hosp,0,2026-09-26,21,quantile,0.95,37.504999999999995
2026-09-26,wk inc covid hosp,0,2026-09-26,21,quantile,0.975,42.7525
2026-09-26,wk inc covid hosp,0,2026-09-26,21,quantile,0.99,55.501
2026-09-26,wk inc covid hosp,0,2026-09-26,22,quantile,0.01,31.497000000000003
2026-09-26,wk inc covid hosp,0,2026-09-26,22,quantile,0.025,40.447500000000005
2026-09-26,wk inc covid hosp,0,2026-09-26,22,quantile,0.05,46.69
2026-09-26,wk inc covid hosp,0,2026-09-26,22,quantile,0.1,52.69
2026-09-26,wk inc covid hosp,0,2026-09-26,22,quantile,0.15,57.285000000000004
2026-09-26,wk inc covid hosp,0,2026-09-26,22,quantile,0.2,60.17999999999999
2026-09-26,wk inc covid hosp,0,2026-09-26,22,quantile,0.25,63.3
2026-09-26,wk inc covid hosp,0,2026-09-26,22,quantile,0.3,66.47
2026-09-26,wk inc covid hosp,0,2026-09-26,22,quantile,0.35,69.4
2026-09-26,wk inc covid hosp,0,2026-09-26,22,quantile,0.4,71.6
2026-09-26,wk inc covid hosp,0,2026-09-26,22,quantile,0.45,73.955
2026-09-26,wk inc covid hosp,0,2026-09-26,22,quantile,0.5,76.4
2026-09-26,wk inc covid hosp,0,2026-09-26,22,quantile,0.55,78.1
2026-09-26,wk inc covid hosp,0,2026-09-26,22,quantile,0.6,80.9
2026-09-26,wk inc covid hosp,0,2026-09-26,22,quantile,0.65,83.4
2026-09-26,wk inc covid hosp,0,2026-09-26,22,quantile,0.7,86.0
2026-09-26,wk inc covid hosp,0,2026-09-26,22,quantile,0.75,89.0
2026-09-26,wk inc covid hosp,0,2026-09-26,22,quantile,0.8,93.4
2026-09-26,wk inc covid hosp,0,2026-09-26,22,quantile,0.85,97.515
2026-09-26,wk inc covid hosp,0,2026-09-26,22,quantile,0.9,104.14000000000001
2026-09-26,wk inc covid hosp,0,2026-09-26,22,quantile,0.95,115.92499999999998
2026-09-26,wk inc covid hosp,0,2026-09-26,22,quantile,0.975,126.3525
2026-09-26,wk inc covid hosp,0,2026-09-26,22,quantile,0.99,147.402
2026-09-26,wk inc covid hosp,0,2026-09-26,23,quantile,0.01,0.0
2026-09-26,wk inc covid hosp,0,2026-09-26,23,quantile,0.025,0.1
2026-09-26,wk inc covid hosp,0,2026-09-26,23,quantile,0.05,0.2
2026-09-26,wk inc covid hosp,0,2026-09-26,23,quantile,0.1,0.2
2026-09-26,wk inc covid hosp,0,2026-09-26,23,quantile,0.15,0.5
2026-09-26,wk inc covid hosp,0,2026-09-26,23,quantile,0.2,0.7
2026-09-26,wk inc covid hosp,0,2026-09-26,23,quantile,0.25,0.9
2026-09-26,wk inc covid hosp,0,2026-09-26,23,quantile,0.3,1.3
2026-09-26,wk inc covid hosp,0,2026-09-26,23,quantile,0.35,1.5
2026-09-26,wk inc covid hosp,0,2026-09-26,23,quantile,0.4,1.6
2026-09-26,wk inc covid hosp,0,2026-09-26,23,quantile,0.45,1.7
2026-09-26,wk inc covid hosp,0,2026-09-26,23,quantile,0.5,1.9
2026-09-26,wk inc covid hosp,0,2026-09-26,23,quantile,0.55,2.2
2026-09-26,wk inc covid hosp,0,2026-09-26,23,quantile,0.6,2.6
2026-09-26,wk inc covid hosp,0,2026-09-26,23,quantile,0.65,2.8
2026-09-26,wk inc covid hosp,0,2026-09-26,23,quantile,0.7,3.1
2026-09-26,wk inc covid hosp,0,2026-09-26,23,quantile,0.75,3.7
2026-09-26,wk inc covid hosp,0,2026-09-26,23,quantile,0.8,5.1
2026-09-26,wk inc covid hosp,0,2026-09-26,23,quantile,0.85,5.8
2026-09-26,wk inc covid hosp,0,2026-09-26,23,quantile,0.9,8.010000000000002
2026-09-26,wk inc covid hosp,0,2026-09-26,23,quantile,0.95,10.5
2026-09-26,wk inc covid hosp,0,2026-09-26,23,quantile,0.975,13.7
2026-09-26,wk inc covid hosp,0,2026-09-26,23,quantile,0.99,19.3
2026-09-26,wk inc covid hosp,0,2026-09-26,24,quantile,0.01,12.1
2026-09-26,wk inc covid hosp,0,2026-09-26,24,quantile,0.025,15.4
2026-09-26,wk inc covid hosp,0,2026-09-26,24,quantile,0.05,17.895
2026-09-26,wk inc covid hosp,0,2026-09-26,24,quantile,0.1,20.1
2026-09-26,wk inc covid hosp,0,2026-09-26,24,quantile,0.15,22.1
2026-09-26,wk inc covid hosp,0,2026-09-26,24,quantile,0.2,23.8
2026-09-26,wk inc covid hosp,0,2026-09-26,24,quantile,0.25,24.9
2026-09-26,wk inc covid hosp,0,2026-09-26,24,quantile,0.3,26.1
2026-09-26,wk inc covid hosp,0,2026-09-26,24,quantile,0.35,27.2
2026-09-26,wk inc covid hosp,0,2026-09-26,24,quantile,0.4,28.5
2026-09-26,wk inc covid hosp,0,2026-09-26,24,quantile,0.45,29.5
2026-09-26,wk inc covid hosp,0,2026-09-26,24,quantile,0.5,30.1
2026-09-26,wk inc covid hosp,0,2026-09-26,24,quantile,0.55,30.9
2026-09-26,wk inc covid hosp,0,2026-09-26,24,quantile,0.6,31.839999999999996
2026-09-26,wk inc covid hosp,0,2026-09-26,24,quantile,0.65,33.1
2026-09-26,wk inc covid hosp,0,2026-09-26,24,quantile,0.7,34.2
2026-09-26,wk inc covid hosp,0,2026-09-26,24,quantile,0.75,35.9
2026-09-26,wk inc covid hosp,0,2026-09-26,24,quantile,0.8,38.3
2026-09-26,wk inc covid hosp,0,2026-09-26,24,quantile,0.85,41.1
2026-09-26,wk inc covid hosp,0,2026-09-26,24,quantile,0.9,44.1
2026-09-26,wk inc covid hosp,0,2026-09-26,24,quantile,0.95,50.205
2026-09-26,wk inc covid hosp,0,2026-09-26,24,quantile,0.975,57.26249999999999
2026-09-26,wk inc covid hosp,0,2026-09-26,24,quantile,0.99,73.30199999999999
2026-09-26,wk inc covid hosp,0,2026-09-26,25,quantile,0.01,10.9
2026-09-26,wk inc covid hosp,0,2026-09-26,25,quantile,0.025,15.8
2026-09-26,wk inc covid hosp,0,2026-09-26,25,quantile,0.05,19.395
2026-09-26,wk inc covid hosp,0,2026-09-26,25,quantile,0.1,22.5
2026-09-26,wk inc covid hosp,0,2026-09-26,25,quantile,0.15,24.7
2026-09-26,wk inc covid hosp,0,2026-09-26,25,quantile,0.2,26.5
2026-09-26,wk inc covid hosp,0,2026-09-26,25,quantile,0.25,27.8
2026-09-26,wk inc covid hosp,0,2026-09-26,25,quantile,0.3,29.5
2026-09-26,wk inc covid hosp,0,2026-09-26,25,quantile,0.35,31.0
2026-09-26,wk inc covid hosp,0,2026-09-26,25,quantile,0.4,32.4
2026-09-26,wk inc covid hosp,0,2026-09-26,25,quantile,0.45,34.2
2026-09-26,wk inc covid hosp,0,2026-09-26,25,quantile,0.5,35.1
2026-09-26,wk inc covid hosp,0,2026-09-26,25,quantile,0.55,36.3
2026-09-26,wk inc covid hosp,0,2026-09-26,25,quantile,0.6,37.5
2026-09-26,wk inc covid hosp,0,2026-09-26,25,quantile,0.65,38.9
2026-09-26,wk inc covid hosp,0,2026-09-26,25,quantile,0.7,40.4
2026-09-26,wk inc covid hosp,0,2026-09-26,25,quantile,0.75,42.5
2026-09-26,wk inc covid hosp,0,2026-09-26,25,quantile,0.8,45.1
2026-09-26,wk inc covid hosp,0,2026-09-26,25,quantile,0.85,48.0
2026-09-26,wk inc covid hosp,0,2026-09-26,25,quantile,0.9,51.7
2026-09-26,wk inc covid hosp,0,2026-09-26,25,quantile,0.95,58.0
2026-09-26,wk inc covid hosp,0,2026-09-26,25,quantile,0.975,67.0525
2026-09-26,wk inc covid hosp,0,2026-09-26,25,quantile,0.99,95.80799999999999
2026-09-26,wk inc covid hosp,0,2026-09-26,26,quantile,0.01,15.6
2026-09-26,wk inc covid hosp,0,2026-09-26,26,quantile,0.025,20.994999999999997
2026-09-26,wk inc covid hosp,0,2026-09-26,26,quantile,0.05,24.695
2026-09-26,wk inc covid hosp,0,2026-09-26,26,quantile,0.1,29.3
2026-09-26,wk inc covid hosp,0,2026-09-26,26,quantile,0.15,31.785000000000004
2026-09-26,wk inc covid hosp,0,2026-09-26,26,quantile,0.2,34.1
2026-09-26,wk inc covid hosp,0,2026-09-26,26,quantile,0.25,36.9
2026-09-26,wk inc covid hosp,0,2026-09-26,26,quantile,0.3,39.3
2026-09-26,wk inc covid hosp,0,2026-09-26,26,quantile,0.35,41.165
2026-09-26,wk inc covid hosp,0,2026-09-26,26,quantile,0.4,42.7
2026-09-26,wk inc covid hosp,0,2026-09-26,26,quantile,0.45,44.1
2026-09-26,wk inc covid hosp,0,2026-09-26,26,quantile,0.5,45.4
2026-09-26,wk inc covid hosp,0,2026-09-26,26,quantile,0.55,46.7
2026-09-26,wk inc covid hosp,0,2026-09-26,26,quantile,0.6,47.8
2026-09-26,wk inc covid hosp,0,2026-09-26,26,quantile,0.65,49.5
2026-09-26,wk inc covid hosp,0,2026-09-26,26,quantile,0.7,51.7
2026-09-26,wk inc covid hosp,0,2026-09-26,26,quantile,0.75,53.7
2026-09-26,wk inc covid hosp,0,2026-09-26,26,quantile,0.8,57.6
2026-09-26,wk inc covid hosp,0,2026-09-26,26,quantile,0.85,60.8
2026-09-26,wk inc covid hosp,0,2026-09-26,26,quantile,0.9,65.91
2026-09-26,wk inc covid hosp,0,2026-09-26,26,quantile,0.95,77.2
2026-09-26,wk inc covid hosp,0,2026-09-26,26,quantile,0.975,88.7525
2026-09-26,wk inc covid hosp,0,2026-09-26,26,quantile,0.99,117.314
2026-09-26,wk inc covid hosp,0,2026-09-26,27,quantile,0.01,9.3
2026-09-26,wk inc covid hosp,0,2026-09-26,27,quantile,0.025,11.7
2026-09-26,wk inc covid hosp,0,2026-09-26,27,quantile,0.05,14.5
2026-09-26,wk inc covid hosp,0,2026-09-26,27,quantile,0.1,16.89
2026-09-26,wk inc covid hosp,0,2026-09-26,27,quantile,0.15,18.2
2026-09-26,wk inc covid hosp,0,2026-09-26,27,quantile,0.2,19.8
2026-09-26,wk inc covid hosp,0,2026-09-26,27,quantile,0.25,20.9
2026-09-26,wk inc covid hosp,0,2026-09-26,27,quantile,0.3,22.0
2026-09-26,wk inc covid hosp,0,2026-09-26,27,quantile,0.35,22.8
2026-09-26,wk inc covid hosp,0,2026-09-26,27,quantile,0.4,23.76
2026-09-26,wk inc covid hosp,0,2026-09-26,27,quantile,0.45,24.355
2026-09-26,wk inc covid hosp,0,2026-09-26,27,quantile,0.5,25.0
2026-09-26,wk inc covid hosp,0,2026-09-26,27,quantile,0.55,25.6
2026-09-26,wk inc covid hosp,0,2026-09-26,27,quantile,0.6,26.6
2026-09-26,wk inc covid hosp,0,2026-09-26,27,quantile,0.65,27.5
2026-09-26,wk inc covid hosp,0,2026-09-26,27,quantile,0.7,28.5
2026-09-26,wk inc covid hosp,0,2026-09-26,27,quantile,0.75,29.7
2026-09-26,wk inc covid hosp,0,2026-09-26,27,quantile,0.8,31.7
2026-09-26,wk inc covid hosp,0,2026-09-26,27,quantile,0.85,33.7
2026-09-26,wk inc covid hosp,0,2026-09-26,27,quantile,0.9,36.8
2026-09-26,wk inc covid hosp,0,2026-09-26,27,quantile,0.95,41.105
2026-09-26,wk inc covid hosp,0,2026-09-26,27,quantile,0.975,47.4
2026-09-26,wk inc covid hosp,0,2026-09-26,27,quantile,0.99,63.104
2026-09-26,wk inc covid hosp,0,2026-09-26,28,quantile,0.01,11.598
2026-09-26,wk inc covid hosp,0,2026-09-26,28,quantile,0.025,14.247499999999999
2026-09-26,wk inc covid hosp,0,2026-09-26,28,quantile,0.05,16.595
2026-09-26,wk inc covid hosp,0,2026-09-26,28,quantile,0.1,20.0
2026-09-26,wk inc covid hosp,0,2026-09-26,28,quantile,0.15,22.1
2026-09-26,wk inc covid hosp,0,2026-09-26,28,quantile,0.2,23.880000000000003
2026-09-26,wk inc covid hosp,0,2026-09-26,28,quantile,0.25,25.3
2026-09-26,wk inc covid hosp,0,2026-09-26,28,quantile,0.3,26.4
2026-09-26,wk inc covid hosp,0,2026-09-26,28,quantile,0.35,27.5
2026-09-26,wk inc covid hosp,0,2026-09-26,28,quantile,0.4,28.7
2026-09-26,wk inc covid hosp,0,2026-09-26,28,quantile,0.45,29.8
2026-09-26,wk inc covid hosp,0,2026-09-26,28,quantile,0.5,30.6
2026-09-26,wk inc covid hosp,0,2026-09-26,28,quantile,0.55,31.645000000000003
2026-09-26,wk inc covid hosp,0,2026-09-26,28,quantile,0.6,32.6
2026-09-26,wk inc covid hosp,0,2026-09-26,28,quantile,0.65,33.7
2026-09-26,wk inc covid hosp,0,2026-09-26,28,quantile,0.7,35.4
2026-09-26,wk inc covid hosp,0,2026-09-26,28,quantile,0.75,37.0
2026-09-26,wk inc covid hosp,0,2026-09-26,28,quantile,0.8,38.5
2026-09-26,wk inc covid hosp,0,2026-09-26,28,quantile,0.85,40.7
2026-09-26,wk inc covid hosp,0,2026-09-26,28,quantile,0.9,43.2
2026-09-26,wk inc covid hosp,0,2026-09-26,28,quantile,0.95,47.504999999999995
2026-09-26,wk inc covid hosp,0,2026-09-26,28,quantile,0.975,53.504999999999995
2026-09-26,wk inc covid hosp,0,2026-09-26,28,quantile,0.99,62.503
2026-09-26,wk inc covid hosp,0,2026-09-26,29,quantile,0.01,16.899
2026-09-26,wk inc covid hosp,0,2026-09-26,29,quantile,0.025,20.6
2026-09-26,wk inc covid hosp,0,2026-09-26,29,quantile,0.05,23.1
2026-09-26,wk inc covid hosp,0,2026-09-26,29,quantile,0.1,26.9
2026-09-26,wk inc covid hosp,0,2026-09-26,29,quantile,0.15,29.3
2026-09-26,wk inc covid hosp,0,2026-09-26,29,quantile,0.2,30.9
2026-09-26,wk inc covid hosp,0,2026-09-26,29,quantile,0.25,32.4
2026-09-26,wk inc covid hosp,0,2026-09-26,29,quantile,0.3,33.9
2026-09-26,wk inc covid hosp,0,2026-09-26,29,quantile,0.35,35.4
2026-09-26,wk inc covid hosp,0,2026-09-26,29,quantile,0.4,36.6
2026-09-26,wk inc covid hosp,0,2026-09-26,29,quantile,0.45,37.855000000000004
2026-09-26,wk inc covid hosp,0,2026-09-26,29,quantile,0.5,39.0
2026-09-26,wk inc covid hosp,0,2026-09-26,29,quantile,0.55,40.5
2026-09-26,wk inc covid hosp,0,2026-09-26,29,quantile,0.6,41.9
2026-09-26,wk inc covid hosp,0,2026-09-26,29,quantile,0.65,43.3
2026-09-26,wk inc covid hosp,0,2026-09-26,29,quantile,0.7,44.6
2026-09-26,wk inc covid hosp,0,2026-09-26,29,quantile,0.75,46.2
2026-09-26,wk inc covid hosp,0,2026-09-26,29,quantile,0.8,48.5
2026-09-26,wk inc covid hosp,0,2026-09-26,29,quantile,0.85,51.9
2026-09-26,wk inc covid hosp,0,2026-09-26,29,quantile,0.9,56.81
2026-09-26,wk inc covid hosp,0,2026-09-26,29,quantile,0.95,64.2
2026-09-26,wk inc covid hosp,0,2026-09-26,29,quantile,0.975,71.0
2026-09-26,wk inc covid hosp,0,2026-09-26,29,quantile,0.99,87.6
2026-09-26,wk inc covid hosp,0,2026-09-26,30,quantile,0.01,3.3
2026-09-26,wk inc covid hosp,0,2026-09-26,30,quantile,0.025,4.0
2026-09-26,wk inc covid hosp,0,2026-09-26,30,quantile,0.05,5.0
2026-09-26,wk inc covid hosp,0,2026-09-26,30,quantile,0.1,6.1
2026-09-26,wk inc covid hosp,0,2026-09-26,30,quantile,0.15,7.0
2026-09-26,wk inc covid hosp,0,2026-09-26,30,quantile,0.2,7.9
2026-09-26,wk inc covid hosp,0,2026-09-26,30,quantile,0.25,8.8
2026-09-26,wk inc covid hosp,0,2026-09-26,30,quantile,0.3,9.2
2026-09-26,wk inc covid hosp,0,2026-09-26,30,quantile,0.35,9.8
2026-09-26,wk inc covid hosp,0,2026-09-26,30,quantile,0.4,10.3
2026-09-26,wk inc covid hosp,0,2026-09-26,30,quantile,0.45,11.0
2026-09-26,wk inc covid hosp,0,2026-09-26,30,quantile,0.5,11.5
2026-09-26,wk inc covid hosp,0,2026-09-26,30,quantile,0.55,11.8
2026-09-26,wk inc covid hosp,0,2026-09-26,30,quantile,0.6,12.4
2026-09-26,wk inc covid hosp,0,2026-09-26,30,quantile,0.65,13.1
2026-09-26,wk inc covid hosp,0,2026-09-26,30,quantile,0.7,13.5
2026-09-26,wk inc covid hosp,0,2026-09-26,30,quantile,0.75,14.5
2026-09-26,wk inc covid hosp,0,2026-09-26,30,quantile,0.8,15.4
2026-09-26,wk inc covid hosp,0,2026-09-26,30,quantile,0.85,16.4
2026-09-26,wk inc covid hosp,0,2026-09-26,30,quantile,0.9,17.8
2026-09-26,wk inc covid hosp,0,2026-09-26,30,quantile,0.95,20.4
2026-09-26,wk inc covid hosp,0,2026-09-26,30,quantile,0.975,22.0
2026-09-26,wk inc covid hosp,0,2026-09-26,30,quantile,0.99,25.908999999999992
2026-09-26,wk inc covid hosp,0,2026-09-26,31,quantile,0.01,0.6
2026-09-26,wk inc covid hosp,0,2026-09-26,31,quantile,0.025,1.1
2026-09-26,wk inc covid hosp,0,2026-09-26,31,quantile,0.05,1.3
2026-09-26,wk inc covid hosp,0,2026-09-26,31,quantile,0.1,1.8
2026-09-26,wk inc covid hosp,0,2026-09-26,31,quantile,0.15,2.2
2026-09-26,wk inc covid hosp,0,2026-09-26,31,quantile,0.2,2.5
2026-09-26,wk inc covid hosp,0,2026-09-26,31,quantile,0.25,3.0
2026-09-26,wk inc covid hosp,0,2026-09-26,31,quantile,0.3,3.5
2026-09-26,wk inc covid hosp,0,2026-09-26,31,quantile,0.35,3.7
2026-09-26,wk inc covid hosp,0,2026-09-26,31,quantile,0.4,4.1
2026-09-26,wk inc covid hosp,0,2026-09-26,31,quantile,0.45,4.5
2026-09-26,wk inc covid hosp,0,2026-09-26,31,quantile,0.5,4.9
2026-09-26,wk inc covid hosp,0,2026-09-26,31,quantile,0.55,5.2
2026-09-26,wk inc covid hosp,0,2026-09-26,31,quantile,0.6,5.6
2026-09-26,wk inc covid hosp,0,2026-09-26,31,quantile,0.65,6.2
2026-09-26,wk inc covid hosp,0,2026-09-26,31,quantile,0.7,6.7
2026-09-26,wk inc covid hosp,0,2026-09-26,31,quantile,0.75,7.4
2026-09-26,wk inc covid hosp,0,2026-09-26,31,quantile,0.8,8.4
2026-09-26,wk inc covid hosp,0,2026-09-26,31,quantile,0.85,8.9
2026-09-26,wk inc covid hosp,0,2026-09-26,31,quantile,0.9,10.7
2026-09-26,wk inc covid hosp,0,2026-09-26,31,quantile,0.95,13.104999999999995
2026-09-26,wk inc covid hosp,0,2026-09-26,31,quantile,0.975,16.7
2026-09-26,wk inc covid hosp,0,2026-09-26,31,quantile,0.99,22.601
2026-09-26,wk inc covid hosp,0,2026-09-26,32,quantile,0.01,11.8
2026-09-26,wk inc covid hosp,0,2026-09-26,32,quantile,0.025,14.8475
2026-09-26,wk inc covid hosp,0,2026-09-26,32,quantile,0.05,17.3
2026-09-26,wk inc covid hosp,0,2026-09-26,32,quantile,0.1,20.4
2026-09-26,wk inc covid hosp,0,2026-09-26,32,quantile,0.15,22.4
2026-09-26,wk inc covid hosp,0,2026-09-26,32,quantile,0.2,24.5
2026-09-26,wk inc covid hosp,0,2026-09-26,32,quantile,0.25,26.0
2026-09-26,wk inc covid hosp,0,2026-09-26,32,quantile,0.3,27.2
2026-09-26,wk inc covid hosp,0,2026-09-26,32,quantile,0.35,28.8
2026-09-26,wk inc covid hosp,0,2026-09-26,32,quantile,0.4,29.9
2026-09-26,wk inc covid hosp,0,2026-09-26,32,quantile,0.45,31.5
2026-09-26,wk inc covid hosp,0,2026-09-26,32,quantile,0.5,32.3
2026-09-26,wk inc covid hosp,0,2026-09-26,32,quantile,0.55,33.2
2026-09-26,wk inc covid hosp,0,2026-09-26,32,quantile,0.6,34.4
2026-09-26,wk inc covid hosp,0,2026-09-26,32,quantile,0.65,35.7
2026-09-26,wk inc covid hosp,0,2026-09-26,32,quantile,0.7,37.1
2026-09-26,wk inc covid hosp,0,2026-09-26,32,quantile,0.75,38.725
2026-09-26,wk inc covid hosp,0,2026-09-26,32,quantile,0.8,40.1
2026-09-26,wk inc covid hosp,0,2026-09-26,32,quantile,0.85,42.3
2026-09-26,wk inc covid hosp,0,2026-09-26,32,quantile,0.9,45.0
2026-09-26,wk inc covid hosp,0,2026-09-26,32,quantile,0.95,49.9
2026-09-26,wk inc covid hosp,0,2026-09-26,32,quantile,0.975,56.4525
2026-09-26,wk inc covid hosp,0,2026-09-26,32,quantile,0.99,69.31099999999999
2026-09-26,wk inc covid hosp,0,2026-09-26,33,quantile,0.01,0.1
2026-09-26,wk inc covid hosp,0,2026-09-26,33,quantile,0.025,0.3
2026-09-26,wk inc covid hosp,0,2026-09-26,33,quantile,0.05,0.4
2026-09-26,wk inc covid hosp,0,2026-09-26,33,quantile,0.1,0.8
2026-09-26,wk inc covid hosp,0,2026-09-26,33,quantile,0.15,1.0
2026-09-26,wk inc covid hosp,0,2026-09-26,33,quantile,0.2,1.5
2026-09-26,wk inc covid hosp,0,2026-09-26,33,quantile,0.25,1.8
2026-09-26,wk inc covid hosp,0,2026-09-26,33,quantile,0.3,2.1
2026-09-26,wk inc covid hosp,0,2026-09-26,33,quantile,0.35,2.6
2026-09-26,wk inc covid hosp,0,2026-09-26,33,quantile,0.4,2.8
2026-09-26,wk inc covid hosp,0,2026-09-26,33,quantile,0.45,2.9
2026-09-26,wk inc covid hosp,0,2026-09-26,33,quantile,0.5,3.3
2026-09-26,wk inc covid hosp,0,2026-09-26,33,quantile,0.55,3.5
2026-09-26,wk inc covid hosp,0,2026-09-26,33,quantile,0.6,3.8
2026-09-26,wk inc covid hosp,0,2026-09-26,33,quantile,0.65,4.3
2026-09-26,wk inc covid hosp,0,2026-09-26,33,quantile,0.7,4.8
2026-09-26,wk inc covid hosp,0,2026-09-26,33,quantile,0.75,5.4
2026-09-26,wk inc covid hosp,0,2026-09-26,33,quantile,0.8,7.0
2026-09-26,wk inc covid hosp,0,2026-09-26,33,quantile,0.85,8.2
2026-09-26,wk inc covid hosp,0,2026-09-26,33,quantile,0.9,9.4
2026-09-26,wk inc covid hosp,0,2026-09-26,33,quantile,0.95,11.3
2026-09-26,wk inc covid hosp,0,2026-09-26,33,quantile,0.975,14.4
2026-09-26,wk inc covid hosp,0,2026-09-26,33,quantile,0.99,20.201
2026-09-26,wk inc covid hosp,0,2026-09-26,34,quantile,0.01,55.0
2026-09-26,wk inc covid hosp,0,2026-09-26,34,quantile,0.025,67.9375
2026-09-26,wk inc covid hosp,0,2026-09-26,34,quantile,0.05,76.495
2026-09-26,wk inc covid hosp,0,2026-09-26,34,quantile,0.1,87.2
2026-09-26,wk inc covid hosp,0,2026-09-26,34,quantile,0.15,93.2
2026-09-26,wk inc covid hosp,0,2026-09-26,34,quantile,0.2,97.2
2026-09-26,wk inc covid hosp,0,2026-09-26,34,quantile,0.25,100.5
2026-09-26,wk inc covid hosp,0,2026-09-26,34,quantile,0.3,104.5
2026-09-26,wk inc covid hosp,0,2026-09-26,34,quantile,0.35,107.1
2026-09-26,wk inc covid hosp,0,2026-09-26,34,quantile,0.4,110.2
2026-09-26,wk inc covid hosp,0,2026-09-26,34,quantile,0.45,113.8
2026-09-26,wk inc covid hosp,0,2026-09-26,34,quantile,0.5,117.0
2026-09-26,wk inc covid hosp,0,2026-09-26,34,quantile,0.55,119.1
2026-09-26,wk inc covid hosp,0,2026-09-26,34,quantile,0.6,122.1
2026-09-26,wk inc covid hosp,0,2026-09-26,34,quantile,0.65,126.2
2026-09-26,wk inc covid hosp,0,2026-09-26,34,quantile,0.7,129.7
2026-09-26,wk inc covid hosp,0,2026-09-26,34,quantile,0.75,133.4
2026-09-26,wk inc covid hosp,0,2026-09-26,34,quantile,0.8,138.1
2026-09-26,wk inc covid hosp,0,2026-09-26,34,quantile,0.85,144.715
2026-09-26,wk inc covid hosp,0,2026-09-26,34,quantile,0.9,152.6
2026-09-26,wk inc covid hosp,0,2026-09-26,34,quantile,0.95,166.70999999999998
2026-09-26,wk inc covid hosp,0,2026-09-26,34,quantile,0.975,190.6625
2026-09-26,wk inc covid hosp,0,2026-09-26,34,quantile,0.99,219.408
2026-09-26,wk inc covid hosp,0,2026-09-26,35,quantile,0.01,1.7
2026-09-26,wk inc covid hosp,0,2026-09-26,35,quantile,0.025,2.4
2026-09-26,wk inc covid hosp,0,2026-09-26,35,quantile,0.05,3.4
2026-09-26,wk inc covid hosp,0,2026-09-26,35,quantile,0.1,5.1
2026-09-26,wk inc covid hosp,0,2026-09-26,35,quantile,0.15,6.0
2026-09-26,wk inc covid hosp,0,2026-09-26,35,quantile,0.2,6.7
2026-09-26,wk inc covid hosp,0,2026-09-26,35,quantile,0.25,7.7
2026-09-26,wk inc covid hosp,0,2026-09-26,35,quantile,0.3,8.5
2026-09-26,wk inc covid hosp,0,2026-09-26,35,quantile,0.35,9.1
2026-09-26,wk inc covid hosp,0,2026-09-26,35,quantile,0.4,9.7
2026-09-26,wk inc covid hosp,0,2026-09-26,35,quantile,0.45,10.5
2026-09-26,wk inc covid hosp,0,2026-09-26,35,quantile,0.5,10.7
2026-09-26,wk inc covid hosp,0,2026-09-26,35,quantile,0.55,11.5
2026-09-26,wk inc covid hosp,0,2026-09-26,35,quantile,0.6,12.2
2026-09-26,wk inc covid hosp,0,2026-09-26,35,quantile,0.65,13.1
2026-09-26,wk inc covid hosp,0,2026-09-26,35,quantile,0.7,13.4
2026-09-26,wk inc covid hosp,0,2026-09-26,35,quantile,0.75,14.3
2026-09-26,wk inc covid hosp,0,2026-09-26,35,quantile,0.8,15.5
2026-09-26,wk inc covid hosp,0,2026-09-26,35,quantile,0.85,16.9
2026-09-26,wk inc covid hosp,0,2026-09-26,35,quantile,0.9,18.5
2026-09-26,wk inc covid hosp,0,2026-09-26,35,quantile,0.95,21.9
2026-09-26,wk inc covid hosp,0,2026-09-26,35,quantile,0.975,25.452499999999997
2026-09-26,wk inc covid hosp,0,2026-09-26,35,quantile,0.99,32.504
2026-09-26,wk inc covid hosp,0,2026-09-26,36,quantile,0.01,129.399
2026-09-26,wk inc covid hosp,0,2026-09-26,36,quantile,0.025,157.09
2026-09-26,wk inc covid hosp,0,2026-09-26,36,quantile,0.05,176.39000000000001
2026-09-26,wk inc covid hosp,0,2026-09-26,36,quantile,0.1,195.49
2026-09-26,wk inc covid hosp,0,2026-09-26,36,quantile,0.15,205.4
2026-09-26,wk inc covid hosp,0,2026-09-26,36,quantile,0.2,215.3
2026-09-26,wk inc covid hosp,0,2026-09-26,36,quantile,0.25,221.3
2026-09-26,wk inc covid hosp,0,2026-09-26,36,quantile,0.3,227.3
2026-09-26,wk inc covid hosp,0,2026-09-26,36,quantile,0.35,233.1
2026-09-26,wk inc covid hosp,0,2026-09-26,36,quantile,0.4,237.66
2026-09-26,wk inc covid hosp,0,2026-09-26,36,quantile,0.45,244.6
2026-09-26,wk inc covid hosp,0,2026-09-26,36,quantile,0.5,249.3
2026-09-26,wk inc covid hosp,0,2026-09-26,36,quantile,0.55,254.7
2026-09-26,wk inc covid hosp,0,2026-09-26,36,quantile,0.6,260.44
2026-09-26,wk inc covid hosp,0,2026-09-26,36,quantile,0.65,265.8
2026-09-26,wk inc covid hosp,0,2026-09-26,36,quantile,0.7,272.4
2026-09-26,wk inc covid hosp,0,2026-09-26,36,quantile,0.75,280.7
2026-09-26,wk inc covid hosp,0,2026-09-26,36,quantile,0.8,292.82
2026-09-26,wk inc covid hosp,0,2026-09-26,36,quantile,0.85,303.6
2026-09-26,wk inc covid hosp,0,2026-09-26,36,quantile,0.9,318.93
2026-09-26,wk inc covid hosp,0,2026-09-26,36,quantile,0.95,346.81
2026-09-26,wk inc covid hosp,0,2026-09-26,36,quantile,0.975,379.4
2026-09-26,wk inc covid hosp,0,2026-09-26,36,quantile,0.99,422.823
2026-09-26,wk inc covid hosp,0,2026-09-26,37,quantile,0.01,85.58500000000001
2026-09-26,wk inc covid hosp,0,2026-09-26,37,quantile,0.025,103.3475
2026-09-26,wk inc covid hosp,0,2026-09-26,37,quantile,0.05,118.595
2026-09-26,wk inc covid hosp,0,2026-09-26,37,quantile,0.1,134.09
2026-09-26,wk inc covid hosp,0,2026-09-26,37,quantile,0.15,145.6
2026-09-26,wk inc covid hosp,0,2026-09-26,37,quantile,0.2,155.5
2026-09-26,wk inc covid hosp,0,2026-09-26,37,quantile,0.25,163.3
2026-09-26,wk inc covid hosp,0,2026-09-26,37,quantile,0.3,171.4
2026-09-26,wk inc covid hosp,0,2026-09-26,37,quantile,0.35,176.965
2026-09-26,wk inc covid hosp,0,2026-09-26,37,quantile,0.4,182.06
2026-09-26,wk inc covid hosp,0,2026-09-26,37,quantile,0.45,188.155
2026-09-26,wk inc covid hosp,0,2026-09-26,37,quantile,0.5,191.3
2026-09-26,wk inc covid hosp,0,2026-09-26,37,quantile,0.55,195.0
2026-09-26,wk inc covid hosp,0,2026-09-26,37,quantile,0.6,201.5
2026-09-26,wk inc covid hosp,0,2026-09-26,37,quantile,0.65,206.035
2026-09-26,wk inc covid hosp,0,2026-09-26,37,quantile,0.7,210.6
2026-09-26,wk inc covid hosp,0,2026-09-26,37,quantile,0.75,217.9
2026-09-26,wk inc covid hosp,0,2026-09-26,37,quantile,0.8,224.92
2026-09-26,wk inc covid hosp,0,2026-09-26,37,quantile,0.85,234.41500000000002
2026-09-26,wk inc covid hosp,0,2026-09-26,37,quantile,0.9,246.2
2026-09-26,wk inc covid hosp,0,2026-09-26,37,quantile,0.95,271.015
2026-09-26,wk inc covid hosp,0,2026-09-26,37,quantile,0.975,293.71
2026-09-26,wk inc covid hosp,0,2026-09-26,37,quantile,0.99,358.823
2026-09-26,wk inc covid hosp,0,2026-09-26,38,quantile,0.01,0.0
2026-09-26,wk inc covid hosp,0,2026-09-26,38,quantile,0.025,0.0
2026-09-26,wk inc covid hosp,0,2026-09-26,38,quantile,0.05,0.1
2026-09-26,wk inc covid hosp,0,2026-09-26,38,quantile,0.1,0.1
2026-09-26,wk inc covid hosp,0,2026-09-26,38,quantile,0.15,0.2
2026-09-26,wk inc covid hosp,0,2026-09-26,38,quantile,0.2,0.2
2026-09-26,wk inc covid hosp,0,2026-09-26,38,quantile,0.25,0.4
2026-09-26,wk inc covid hosp,0,2026-09-26,38,quantile,0.3,0.8
2026-09-26,wk inc covid hosp,0,2026-09-26,38,quantile,0.35,1.3
2026-09-26,wk inc covid hosp,0,2026-09-26,38,quantile,0.4,1.3
2026-09-26,wk inc covid hosp,0,2026-09-26,38,quantile,0.45,1.5
2026-09-26,wk inc covid hosp,0,2026-09-26,38,quantile,0.5,1.7
2026-09-26,wk inc covid hosp,0,2026-09-26,38,quantile,0.55,1.8
2026-09-26,wk inc covid hosp,0,2026-09-26,38,quantile,0.6,2.1
2026-09-26,wk inc covid hosp,0,2026-09-26,38,quantile,0.65,2.4
2026-09-26,wk inc covid hosp,0,2026-09-26,38,quantile,0.7,2.9
2026-09-26,wk inc covid hosp,0,2026-09-26,38,quantile,0.75,3.2
2026-09-26,wk inc covid hosp,0,2026-09-26,38,quantile,0.8,3.7
2026-09-26,wk inc covid hosp,0,2026-09-26,38,quantile,0.85,4.6
2026-09-26,wk inc covid hosp,0,2026-09-26,38,quantile,0.9,5.8
2026-09-26,wk inc covid hosp,0,2026-09-26,38,quantile,0.95,9.3
2026-09-26,wk inc covid hosp,0,2026-09-26,38,quantile,0.975,12.2
2026-09-26,wk inc covid hosp,0,2026-09-26,38,quantile,0.99,16.0
2026-09-26,wk inc covid hosp,0,2026-09-26,39,quantile,0.01,23.7
2026-09-26,wk inc covid hosp,0,2026-09-26,39,quantile,0.025,30.747500000000002
2026-09-26,wk inc covid hosp,0,2026-09-26,39,quantile,0.05,35.089999999999996
2026-09-26,wk inc covid hosp,0,2026-09-26,39,quantile,0.1,40.39
2026-09-26,wk inc covid hosp,0,2026-09-26,39,quantile,0.15,44.8
2026-09-26,wk inc covid hosp,0,2026-09-26,39,quantile,0.2,48.1
2026-09-26,wk inc covid hosp,0,2026-09-26,39,quantile,0.25,50.075
2026-09-26,wk inc covid hosp,0,2026-09-26,39,quantile,0.3,52.5
2026-09-26,wk inc covid hosp,0,2026-09-26,39,quantile,0.35,55.1
2026-09-26,wk inc covid hosp,0,2026-09-26,39,quantile,0.4,57.4
2026-09-26,wk inc covid hosp,0,2026-09-26,39,quantile,0.45,60.154999999999994
2026-09-26,wk inc covid hosp,0,2026-09-26,39,quantile,0.5,62.0
2026-09-26,wk inc covid hosp,0,2026-09-26,39,quantile,0.55,63.3
2026-09-26,wk inc covid hosp,0,2026-09-26,39,quantile,0.6,65.4
2026-09-26,wk inc covid hosp,0,2026-09-26,39,quantile,0.65,67.7
2026-09-26,wk inc covid hosp,0,2026-09-26,39,quantile,0.7,70.0
2026-09-26,wk inc covid hosp,0,2026-09-26,39,quantile,0.75,73.225
2026-09-26,wk inc covid hosp,0,2026-09-26,39,quantile,0.8,76.5
2026-09-26,wk inc covid hosp,0,2026-09-26,39,quantile,0.85,82.5
2026-09-26,wk inc covid hosp,0,2026-09-26,39,quantile,0.9,89.2
2026-09-26,wk inc covid hosp,0,2026-09-26,39,quantile,0.95,98.7
2026-09-26,wk inc covid hosp,0,2026-09-26,39,quantile,0.975,110.80999999999999
2026-09-26,wk inc covid hosp,0,2026-09-26,39,quantile,0.99,137.405
2026-09-26,wk inc covid hosp,0,2026-09-26,40,quantile,0.01,5.8
2026-09-26,wk inc covid hosp,0,2026-09-26,40,quantile,0.025,7.547499999999999
2026-09-26,wk inc covid hosp,0,2026-09-26,40,quantile,0.05,8.9
2026-09-26,wk inc covid hosp,0,2026-09-26,40,quantile,0.1,11.1
2026-09-26,wk inc covid hosp,0,2026-09-26,40,quantile,0.15,13.0
2026-09-26,wk inc covid hosp,0,2026-09-26,40,quantile,0.2,14.2
2026-09-26,wk inc covid hosp,0,2026-09-26,40,quantile,0.25,15.4
2026-09-26,wk inc covid hosp,0,2026-09-26,40,quantile,0.3,16.4
2026-09-26,wk inc covid hosp,0,2026-09-26,40,quantile,0.35,17.5
2026-09-26,wk inc covid hosp,0,2026-09-26,40,quantile,0.4,18.4
2026-09-26,wk inc covid hosp,0,2026-09-26,40,quantile,0.45,19.4
2026-09-26,wk inc covid hosp,0,2026-09-26,40,quantile,0.5,20.1
2026-09-26,wk inc covid hosp,0,2026-09-26,40,quantile,0.55,21.0
2026-09-26,wk inc covid hosp,0,2026-09-26,40,quantile,0.6,22.2
2026-09-26,wk inc covid hosp,0,2026-09-26,40,quantile,0.65,23.2
2026-09-26,wk inc covid hosp,0,2026-09-26,40,quantile,0.7,24.0
2026-09-26,wk inc covid hosp,0,2026-09-26,40,quantile,0.75,25.1
2026-09-26,wk inc covid hosp,0,2026-09-26,40,quantile,0.8,26.8
2026-09-26,wk inc covid hosp,0,2026-09-26,40,quantile,0.85,28.8
2026-09-26,wk inc covid hosp,0,2026-09-26,40,quantile,0.9,31.7
2026-09-26,wk inc covid hosp,0,2026-09-26,40,quantile,0.95,36.4
2026-09-26,wk inc covid hosp,0,2026-09-26,40,quantile,0.975,41.3
2026-09-26,wk inc covid hosp,0,2026-09-26,40,quantile,0.99,50.001
2026-09-26,wk inc covid hosp,0,2026-09-26,41,quantile,0.01,15.398
2026-09-26,wk inc covid hosp,0,2026-09-26,41,quantile,0.025,20.1
2026-09-26,wk inc covid hosp,0,2026-09-26,41,quantile,0.05,23.0
2026-09-26,wk inc covid hosp,0,2026-09-26,41,quantile,0.1,26.4
2026-09-26,wk inc covid hosp,0,2026-09-26,41,quantile,0.15,28.3
2026-09-26,wk inc covid hosp,0,2026-09-26,41,quantile,0.2,30.2
2026-09-26,wk inc covid hosp,0,2026-09-26,41,quantile,0.25,31.5
2026-09-26,wk inc covid hosp,0,2026-09-26,41,quantile,0.3,32.9
2026-09-26,wk inc covid hosp,0,2026-09-26,41,quantile,0.35,34.3
2026-09-26,wk inc covid hosp,0,2026-09-26,41,quantile,0.4,35.9
2026-09-26,wk inc covid hosp,0,2026-09-26,41,quantile,0.45,36.9
2026-09-26,wk inc covid hosp,0,2026-09-26,41,quantile,0.5,37.7
2026-09-26,wk inc covid hosp,0,2026-09-26,41,quantile,0.55,38.9
2026-09-26,wk inc covid hosp,0,2026-09-26,41,quantile,0.6,40.0
2026-09-26,wk inc covid hosp,0,2026-09-26,41,quantile,0.65,41.2
2026-09-26,wk inc covid hosp,0,2026-09-26,41,quantile,0.7,42.2
2026-09-26,wk inc covid hosp,0,2026-09-26,41,quantile,0.75,43.5
2026-09-26,wk inc covid hosp,0,2026-09-26,41,quantile,0.8,45.5
2026-09-26,wk inc covid hosp,0,2026-09-26,41,quantile,0.85,47.5
2026-09-26,wk inc covid hosp,0,2026-09-26,41,quantile,0.9,51.6
2026-09-26,wk inc covid hosp,0,2026-09-26,41,quantile,0.95,57.0
2026-09-26,wk inc covid hosp,0,2026-09-26,41,quantile,0.975,62.552499999999995
2026-09-26,wk inc covid hosp,0,2026-09-26,41,quantile,0.99,74.202
2026-09-26,wk inc covid hosp,0,2026-09-26,42,quantile,0.01,72.596
2026-09-26,wk inc covid hosp,0,2026-09-26,42,quantile,0.025,87.7
2026-09-26,wk inc covid hosp,0,2026-09-26,42,quantile,0.05,99.7
2026-09-26,wk inc covid hosp,0,2026-09-26,42,quantile,0.1,111.9
2026-09-26,wk inc covid hosp,0,2026-09-26,42,quantile,0.15,118.8
2026-09-26,wk inc covid hosp,0,2026-09-26,42,quantile,0.2,125.9
2026-09-26,wk inc covid hosp,0,2026-09-26,42,quantile,0.25,130.1
2026-09-26,wk inc covid hosp,0,2026-09-26,42,quantile,0.3,136.1
2026-09-26,wk inc covid hosp,0,2026-09-26,42,quantile,0.35,140.3
2026-09-26,wk inc covid hosp,0,2026-09-26,42,quantile,0.4,144.3
2026-09-26,wk inc covid hosp,0,2026-09-26,42,quantile,0.45,148.2
2026-09-26,wk inc covid hosp,0,2026-09-26,42,quantile,0.5,152.75
2026-09-26,wk inc covid hosp,0,2026-09-26,42,quantile,0.55,154.9
2026-09-26,wk inc covid hosp,0,2026-09-26,42,quantile,0.6,157.94
2026-09-26,wk inc covid hosp,0,2026-09-26,42,quantile,0.65,162.0
2026-09-26,wk inc covid hosp,0,2026-09-26,42,quantile,0.7,165.6
2026-09-26,wk inc covid hosp,0,2026-09-26,42,quantile,0.75,170.525
2026-09-26,wk inc covid hosp,0,2026-09-26,42,quantile,0.8,176.2
2026-09-26,wk inc covid hosp,0,2026-09-26,42,quantile,0.85,185.0
2026-09-26,wk inc covid hosp,0,2026-09-26,42,quantile,0.9,196.10999999999999
2026-09-26,wk inc covid hosp,0,2026-09-26,42,quantile,0.95,214.9
2026-09-26,wk inc covid hosp,0,2026-09-26,42,quantile,0.975,244.60500000000002
2026-09-26,wk inc covid hosp,0,2026-09-26,42,quantile,0.99,281.201
2026-09-26,wk inc covid hosp,0,2026-09-26,44,quantile,0.01,4.0
2026-09-26,wk inc covid hosp,0,2026-09-26,44,quantile,0.025,4.7
2026-09-26,wk inc covid hosp,0,2026-09-26,44,quantile,0.05,5.7
2026-09-26,wk inc covid hosp,0,2026-09-26,44,quantile,0.1,7.2
2026-09-26,wk inc covid hosp,0,2026-09-26,44,quantile,0.15,8.4
2026-09-26,wk inc covid hosp,0,2026-09-26,44,quantile,0.2,9.2
2026-09-26,wk inc covid hosp,0,2026-09-26,44,quantile,0.25,9.775
2026-09-26,wk inc covid hosp,0,2026-09-26,44,quantile,0.3,10.6
2026-09-26,wk inc covid hosp,0,2026-09-26,44,quantile,0.35,10.9
2026-09-26,wk inc covid hosp,0,2026-09-26,44,quantile,0.4,11.6
2026-09-26,wk inc covid hosp,0,2026-09-26,44,quantile,0.45,12.2
2026-09-26,wk inc covid hosp,0,2026-09-26,44,quantile,0.5,12.9
2026-09-26,wk inc covid hosp,0,2026-09-26,44,quantile,0.55,13.3
2026-09-26,wk inc covid hosp,0,2026-09-26,44,quantile,0.6,14.1
2026-09-26,wk inc covid hosp,0,2026-09-26,44,quantile,0.65,14.9
2026-09-26,wk inc covid hosp,0,2026-09-26,44,quantile,0.7,15.4
2026-09-26,wk inc covid hosp,0,2026-09-26,44,quantile,0.75,16.2
2026-09-26,wk inc covid hosp,0,2026-09-26,44,quantile,0.8,17.3
2026-09-26,wk inc covid hosp,0,2026-09-26,44,quantile,0.85,18.615
2026-09-26,wk inc covid hosp,0,2026-09-26,44,quantile,0.9,20.6
2026-09-26,wk inc covid hosp,0,2026-09-26,44,quantile,0.95,23.0
2026-09-26,wk inc covid hosp,0,2026-09-26,44,quantile,0.975,25.804999999999996
2026-09-26,wk inc covid hosp,0,2026-09-26,44,quantile,0.99,30.406999999999993
2026-09-26,wk inc covid hosp,0,2026-09-26,45,quantile,0.01,21.499000000000002
2026-09-26,wk inc covid hosp,0,2026-09-26,45,quantile,0.025,26.9
2026-09-26,wk inc covid hosp,0,2026-09-26,45,quantile,0.05,31.5
2026-09-26,wk inc covid hosp,0,2026-09-26,45,quantile,0.1,36.7
2026-09-26,wk inc covid hosp,0,2026-09-26,45,quantile,0.15,40.1
2026-09-26,wk inc covid hosp,0,2026-09-26,45,quantile,0.2,42.6
2026-09-26,wk inc covid hosp,0,2026-09-26,45,quantile,0.25,44.5
2026-09-26,wk inc covid hosp,0,2026-09-26,45,quantile,0.3,46.7
2026-09-26,wk inc covid hosp,0,2026-09-26,45,quantile,0.35,48.8
2026-09-26,wk inc covid hosp,0,2026-09-26,45,quantile,0.4,50.5
2026-09-26,wk inc covid hosp,0,2026-09-26,45,quantile,0.45,51.9
2026-09-26,wk inc covid hosp,0,2026-09-26,45,quantile,0.5,54.0
2026-09-26,wk inc covid hosp,0,2026-09-26,45,quantile,0.55,55.3
2026-09-26,wk inc covid hosp,0,2026-09-26,45,quantile,0.6,57.3
2026-09-26,wk inc covid hosp,0,2026-09-26,45,quantile,0.65,59.6
2026-09-26,wk inc covid hosp,0,2026-09-26,45,quantile,0.7,61.23
2026-09-26,wk inc covid hosp,0,2026-09-26,45,quantile,0.75,63.625
2026-09-26,wk inc covid hosp,0,2026-09-26,45,quantile,0.8,65.8
2026-09-26,wk inc covid hosp,0,2026-09-26,45,quantile,0.85,69.8
2026-09-26,wk inc covid hosp,0,2026-09-26,45,quantile,0.9,74.9
2026-09-26,wk inc covid hosp,0,2026-09-26,45,quantile,0.95,81.80499999999999
2026-09-26,wk inc covid hosp,0,2026-09-26,45,quantile,0.975,89.4575
2026-09-26,wk inc covid hosp,0,2026-09-26,45,quantile,0.99,103.104
2026-09-26,wk inc covid hosp,0,2026-09-26,46,quantile,0.01,0.7
2026-09-26,wk inc covid hosp,0,2026-09-26,46,quantile,0.025,1.1
2026-09-26,wk inc covid hosp,0,2026-09-26,46,quantile,0.05,1.5
2026-09-26,wk inc covid hosp,0,2026-09-26,46,quantile,0.1,2.3
2026-09-26,wk inc covid hosp,0,2026-09-26,46,quantile,0.15,2.6
2026-09-26,wk inc covid hosp,0,2026-09-26,46,quantile,0.2,2.8
2026-09-26,wk inc covid hosp,0,2026-09-26,46,quantile,0.25,3.4
2026-09-26,wk inc covid hosp,0,2026-09-26,46,quantile,0.3,3.8
2026-09-26,wk inc covid hosp,0,2026-09-26,46,quantile,0.35,4.0
2026-09-26,wk inc covid hosp,0,2026-09-26,46,quantile,0.4,4.3
2026-09-26,wk inc covid hosp,0,2026-09-26,46,quantile,0.45,5.1
2026-09-26,wk inc covid hosp,0,2026-09-26,46,quantile,0.5,5.1
2026-09-26,wk inc covid hosp,0,2026-09-26,46,quantile,0.55,5.2
2026-09-26,wk inc covid hosp,0,2026-09-26,46,quantile,0.6,5.6
2026-09-26,wk inc covid hosp,0,2026-09-26,46,quantile,0.65,5.9
2026-09-26,wk inc covid hosp,0,2026-09-26,46,quantile,0.7,5.9
2026-09-26,wk inc covid hosp,0,2026-09-26,46,quantile,0.75,6.9
2026-09-26,wk inc covid hosp,0,2026-09-26,46,quantile,0.8,7.5
2026-09-26,wk inc covid hosp,0,2026-09-26,46,quantile,0.85,8.3
2026-09-26,wk inc covid hosp,0,2026-09-26,46,quantile,0.9,9.6
2026-09-26,wk inc covid hosp,0,2026-09-26,46,quantile,0.95,12.0
2026-09-26,wk inc covid hosp,0,2026-09-26,46,quantile,0.975,13.7
2026-09-26,wk inc covid hosp,0,2026-09-26,46,quantile,0.99,16.6
2026-09-26,wk inc covid hosp,0,2026-09-26,47,quantile,0.01,30.3
2026-09-26,wk inc covid hosp,0,2026-09-26,47,quantile,0.025,36.847500000000004
2026-09-26,wk inc covid hosp,0,2026-09-26,47,quantile,0.05,42.995
2026-09-26,wk inc covid hosp,0,2026-09-26,47,quantile,0.1,49.989999999999995
2026-09-26,wk inc covid hosp,0,2026-09-26,47,quantile,0.15,55.2
2026-09-26,wk inc covid hosp,0,2026-09-26,47,quantile,0.2,58.8
2026-09-26,wk inc covid hosp,0,2026-09-26,47,quantile,0.25,61.0
2026-09-26,wk inc covid hosp,0,2026-09-26,47,quantile,0.3,63.7
2026-09-26,wk inc covid hosp,0,2026-09-26,47,quantile,0.35,65.6
2026-09-26,wk inc covid hosp,0,2026-09-26,47,quantile,0.4,67.8
2026-09-26,wk inc covid hosp,0,2026-09-26,47,quantile,0.45,69.7
2026-09-26,wk inc covid hosp,0,2026-09-26,47,quantile,0.5,71.3
2026-09-26,wk inc covid hosp,0,2026-09-26,47,quantile,0.55,73.245
2026-09-26,wk inc covid hosp,0,2026-09-26,47,quantile,0.6,74.7
2026-09-26,wk inc covid hosp,0,2026-09-26,47,quantile,0.65,77.3
2026-09-26,wk inc covid hosp,0,2026-09-26,47,quantile,0.7,79.1
2026-09-26,wk inc covid hosp,0,2026-09-26,47,quantile,0.75,81.9
2026-09-26,wk inc covid hosp,0,2026-09-26,47,quantile,0.8,85.8
2026-09-26,wk inc covid hosp,0,2026-09-26,47,quantile,0.85,90.2
2026-09-26,wk inc covid hosp,0,2026-09-26,47,quantile,0.9,96.2
2026-09-26,wk inc covid hosp,0,2026-09-26,47,quantile,0.95,105.405
2026-09-26,wk inc covid hosp,0,2026-09-26,47,quantile,0.975,115.22499999999998
2026-09-26,wk inc covid hosp,0,2026-09-26,47,quantile,0.99,140.315
2026-09-26,wk inc covid hosp,0,2026-09-26,48,quantile,0.01,158.882
2026-09-26,wk inc covid hosp,0,2026-09-26,48,quantile,0.025,206.99
2026-09-26,wk inc covid hosp,0,2026-09-26,48,quantile,0.05,237.96999999999997
2026-09-26,wk inc covid hosp,0,2026-09-26,48,quantile,0.1,282.29
2026-09-26,wk inc covid hosp,0,2026-09-26,48,quantile,0.15,307.585
2026-09-26,wk inc covid hosp,0,2026-09-26,48,quantile,0.2,330.04
2026-09-26,wk inc covid hosp,0,2026-09-26,48,quantile,0.25,343.4
2026-09-26,wk inc covid hosp,0,2026-09-26,48,quantile,0.3,357.6
2026-09-26,wk inc covid hosp,0,2026-09-26,48,quantile,0.35,369.4
2026-09-26,wk inc covid hosp,0,2026-09-26,48,quantile,0.4,380.12
2026-09-26,wk inc covid hosp,0,2026-09-26,48,quantile,0.45,394.31
2026-09-26,wk inc covid hosp,0,2026-09-26,48,quantile,0.5,404.0
2026-09-26,wk inc covid hosp,0,2026-09-26,48,quantile,0.55,410.1
2026-09-26,wk inc covid hosp,0,2026-09-26,48,quantile,0.6,420.1
2026-09-26,wk inc covid hosp,0,2026-09-26,48,quantile,0.65,438.035
2026-09-26,wk inc covid hosp,0,2026-09-26,48,quantile,0.7,451.2
2026-09-26,wk inc covid hosp,0,2026-09-26,48,quantile,0.75,468.1
2026-09-26,wk inc covid hosp,0,2026-09-26,48,quantile,0.8,482.5
2026-09-26,wk inc covid hosp,0,2026-09-26,48,quantile,0.85,509.445
2026-09-26,wk inc covid hosp,0,2026-09-26,48,quantile,0.9,545.3
2026-09-26,wk inc covid hosp,0,2026-09-26,48,quantile,0.95,603.8149999999998
2026-09-26,wk inc covid hosp,0,2026-09-26,48,quantile,0.975,671.8449999999999
2026-09-26,wk inc covid hosp,0,2026-09-26,48,quantile,0.99,791.1379999999999
2026-09-26,wk inc covid hosp,0,2026-09-26,49,quantile,0.01,6.5
2026-09-26,wk inc covid hosp,0,2026-09-26,49,quantile,0.025,8.8475
2026-09-26,wk inc covid hosp,0,2026-09-26,49,quantile,0.05,10.595
2026-09-26,wk inc covid hosp,0,2026-09-26,49,quantile,0.1,12.5
2026-09-26,wk inc covid hosp,0,2026-09-26,49,quantile,0.15,13.8
2026-09-26,wk inc covid hosp,0,2026-09-26,49,quantile,0.2,14.6
2026-09-26,wk inc covid hosp,0,2026-09-26,49,quantile,0.25,15.4
2026-09-26,wk inc covid hosp,0,2026-09-26,49,quantile,0.3,16.3
2026-09-26,wk inc covid hosp,0,2026-09-26,49,quantile,0.35,17.4
2026-09-26,wk inc covid hosp,0,2026-09-26,49,quantile,0.4,18.0
2026-09-26,wk inc covid hosp,0,2026-09-26,49,quantile,0.45,19.1
2026-09-26,wk inc covid hosp,0,2026-09-26,49,quantile,0.5,19.9
2026-09-26,wk inc covid hosp,0,2026-09-26,49,quantile,0.55,20.8
2026-09-26,wk inc covid hosp,0,2026-09-26,49,quantile,0.6,21.5
2026-09-26,wk inc covid hosp,0,2026-09-26,49,quantile,0.65,22.9
2026-09-26,wk inc covid hosp,0,2026-09-26,49,quantile,0.7,23.7
2026-09-26,wk inc covid hosp,0,2026-09-26,49,quantile,0.75,24.7
2026-09-26,wk inc covid hosp,0,2026-09-26,49,quantile,0.8,26.1
2026-09-26,wk inc covid hosp,0,2026-09-26,49,quantile,0.85,27.8
2026-09-26,wk inc covid hosp,0,2026-09-26,49,quantile,0.9,30.2
2026-09-26,wk inc covid hosp,0,2026-09-26,49,quantile,0.95,33.9
2026-09-26,wk inc covid hosp,0,2026-09-26,49,quantile,0.975,38.7
2026-09-26,wk inc covid hosp,0,2026-09-26,49,quantile,0.99,49.202999999999996
2026-09-26,wk inc covid hosp,0,2026-09-26,50,quantile,0.01,0.0
2026-09-26,wk inc covid hosp,0,2026-09-26,50,quantile,0.025,0.3
2026-09-26,wk inc covid hosp,0,2026-09-26,50,quantile,0.05,0.6
2026-09-26,wk inc covid hosp,0,2026-09-26,50,quantile,0.1,0.8
2026-09-26,wk inc covid hosp,0,2026-09-26,50,quantile,0.15,1.1
2026-09-26,wk inc covid hosp,0,2026-09-26,50,quantile,0.2,1.4
2026-09-26,wk inc covid hosp,0,2026-09-26,50,quantile,0.25,1.8
2026-09-26,wk inc covid hosp,0,2026-09-26,50,quantile,0.3,2.0
2026-09-26,wk inc covid hosp,0,2026-09-26,50,quantile,0.35,2.2
2026-09-26,wk inc covid hosp,0,2026-09-26,50,quantile,0.4,2.5
2026-09-26,wk inc covid hosp,0,2026-09-26,50,quantile,0.45,2.7
2026-09-26,wk inc covid hosp,0,2026-09-26,50,quantile,0.5,3.0
2026-09-26,wk inc covid hosp,0,2026-09-26,50,quantile,0.55,3.1
2026-09-26,wk inc covid hosp,0,2026-09-26,50,quantile,0.6,3.4
2026-09-26,wk inc covid hosp,0,2026-09-26,50,quantile,0.65,3.6
2026-09-26,wk inc covid hosp,0,2026-09-26,50,quantile,0.7,3.9299999999999953
2026-09-26,wk inc covid hosp,0,2026-09-26,50,quantile,0.75,4.2
2026-09-26,wk inc covid hosp,0,2026-09-26,50,quantile,0.8,4.9
2026-09-26,wk inc covid hosp,0,2026-09-26,50,quantile,0.85,5.8
2026-09-26,wk inc covid hosp,0,2026-09-26,50,quantile,0.9,6.6
2026-09-26,wk inc covid hosp,0,2026-09-26,50,quantile,0.95,8.1
2026-09-26,wk inc covid hosp,0,2026-09-26,50,quantile,0.975,9.852499999999997
2026-09-26,wk inc covid hosp,0,2026-09-26,50,quantile,0.99,13.901
2026-09-26,wk inc covid hosp,0,2026-09-26,51,quantile,0.01,23.4
2026-09-26,wk inc covid hosp,0,2026-09-26,51,quantile,0.025,27.785000000000004
2026-09-26,wk inc covid hosp,0,2026-09-26,51,quantile,0.05,31.3
2026-09-26,wk inc covid hosp,0,2026-09-26,51,quantile,0.1,35.3
2026-09-26,wk inc covid hosp,0,2026-09-26,51,quantile,0.15,37.4
2026-09-26,wk inc covid hosp,0,2026-09-26,51,quantile,0.2,39.5
2026-09-26,wk inc covid hosp,0,2026-09-26,51,quantile,0.25,41.0
2026-09-26,wk inc covid hosp,0,2026-09-26,51,quantile,0.3,43.2
2026-09-26,wk inc covid hosp,0,2026-09-26,51,quantile,0.35,44.9
2026-09-26,wk inc covid hosp,0,2026-09-26,51,quantile,0.4,46.3
2026-09-26,wk inc covid hosp,0,2026-09-26,51,quantile,0.45,47.5
2026-09-26,wk inc covid hosp,0,2026-09-26,51,quantile,0.5,48.6
2026-09-26,wk inc covid hosp,0,2026-09-26,51,quantile,0.55,49.9
2026-09-26,wk inc covid hosp,0,2026-09-26,51,quantile,0.6,51.4
2026-09-26,wk inc covid hosp,0,2026-09-26,51,quantile,0.65,52.9
2026-09-26,wk inc covid hosp,0,2026-09-26,51,quantile,0.7,54.42999999999999
2026-09-26,wk inc covid hosp,0,2026-09-26,51,quantile,0.75,56.6
2026-09-26,wk inc covid hosp,0,2026-09-26,51,quantile,0.8,59.3
2026-09-26,wk inc covid hosp,0,2026-09-26,51,quantile,0.85,63.1
2026-09-26,wk inc covid hosp,0,2026-09-26,51,quantile,0.9,67.21000000000001
2026-09-26,wk inc covid hosp,0,2026-09-26,51,quantile,0.95,75.8
2026-09-26,wk inc covid hosp,0,2026-09-26,51,quantile,0.975,83.2575
2026-09-26,wk inc covid hosp,0,2026-09-26,51,quantile,0.99,105.21
2026-09-26,wk inc covid hosp,0,2026-09-26,53,quantile,0.01,66.299
2026-09-26,wk inc covid hosp,0,2026-09-26,53,quantile,0.025,75.1
2026-09-26,wk inc covid hosp,0,2026-09-26,53,quantile,0.05,82.69500000000001
2026-09-26,wk inc covid hosp,0,2026-09-26,53,quantile,0.1,91.2
2026-09-26,wk inc covid hosp,0,2026-09-26,53,quantile,0.15,97.4
2026-09-26,wk inc covid hosp,0,2026-09-26,53,quantile,0.2,103.0
2026-09-26,wk inc covid hosp,0,2026-09-26,53,quantile,0.25,107.3
2026-09-26,wk inc covid hosp,0,2026-09-26,53,quantile,0.3,113.5
2026-09-26,wk inc covid hosp,0,2026-09-26,53,quantile,0.35,117.0
2026-09-26,wk inc covid hosp,0,2026-09-26,53,quantile,0.4,121.3
2026-09-26,wk inc covid hosp,0,2026-09-26,53,quantile,0.45,124.2
2026-09-26,wk inc covid hosp,0,2026-09-26,53,quantile,0.5,126.4
2026-09-26,wk inc covid hosp,0,2026-09-26,53,quantile,0.55,128.1
2026-09-26,wk inc covid hosp,0,2026-09-26,53,quantile,0.6,131.3
2026-09-26,wk inc covid hosp,0,2026-09-26,53,quantile,0.65,135.9
2026-09-26,wk inc covid hosp,0,2026-09-26,53,quantile,0.7,139.5
2026-09-26,wk inc covid hosp,0,2026-09-26,53,quantile,0.75,144.4
2026-09-26,wk inc covid hosp,0,2026-09-26,53,quantile,0.8,150.6
2026-09-26,wk inc covid hosp,0,2026-09-26,53,quantile,0.85,156.615
2026-09-26,wk inc covid hosp,0,2026-09-26,53,quantile,0.9,165.81
2026-09-26,wk inc covid hosp,0,2026-09-26,53,quantile,0.95,179.805
2026-09-26,wk inc covid hosp,0,2026-09-26,53,quantile,0.975,194.85750000000002
2026-09-26,wk inc covid hosp,0,2026-09-26,53,quantile,0.99,219.01499999999996
2026-09-26,wk inc covid hosp,0,2026-09-26,54,quantile,0.01,5.2
2026-09-26,wk inc covid hosp,0,2026-09-26,54,quantile,0.025,6.3475
2026-09-26,wk inc covid hosp,0,2026-09-26,54,quantile,0.05,7.5
2026-09-26,wk inc covid hosp,0,2026-09-26,54,quantile,0.1,9.0
2026-09-26,wk inc covid hosp,0,2026-09-26,54,quantile,0.15,10.0
2026-09-26,wk inc covid hosp,0,2026-09-26,54,quantile,0.2,10.9
2026-09-26,wk inc covid hosp,0,2026-09-26,54,quantile,0.25,11.8
2026-09-26,wk inc covid hosp,0,2026-09-26,54,quantile,0.3,12.4
2026-09-26,wk inc covid hosp,0,2026-09-26,54,quantile,0.35,13.3
2026-09-26,wk inc covid hosp,0,2026-09-26,54,quantile,0.4,14.160000000000002
2026-09-26,wk inc covid hosp,0,2026-09-26,54,quantile,0.45,14.8
2026-09-26,wk inc covid hosp,0,2026-09-26,54,quantile,0.5,15.4
2026-09-26,wk inc covid hosp,0,2026-09-26,54,quantile,0.55,16.2
2026-09-26,wk inc covid hosp,0,2026-09-26,54,quantile,0.6,16.8
2026-09-26,wk inc covid hosp,0,2026-09-26,54,quantile,0.65,17.6
2026-09-26,wk inc covid hosp,0,2026-09-26,54,quantile,0.7,18.5
2026-09-26,wk inc covid hosp,0,2026-09-26,54,quantile,0.75,19.5
2026-09-26,wk inc covid hosp,0,2026-09-26,54,quantile,0.8,21.0
2026-09-26,wk inc covid hosp,0,2026-09-26,54,quantile,0.85,23.0
2026-09-26,wk inc covid hosp,0,2026-09-26,54,quantile,0.9,24.51
2026-09-26,wk inc covid hosp,0,2026-09-26,54,quantile,0.95,27.7
2026-09-26,wk inc covid hosp,0,2026-09-26,54,quantile,0.975,32.1
2026-09-26,wk inc covid hosp,0,2026-09-26,54,quantile,0.99,37.301
2026-09-26,wk inc covid hosp,0,2026-09-26,55,quantile,0.01,7.5
2026-09-26,wk inc covid hosp,0,2026-09-26,55,quantile,0.025,9.6
2026-09-26,wk inc covid hosp,0,2026-09-26,55,quantile,0.05,11.5
2026-09-26,wk inc covid hosp,0,2026-09-26,55,quantile,0.1,13.5
2026-09-26,wk inc covid hosp,0,2026-09-26,55,quantile,0.15,15.8
2026-09-26,wk inc covid hosp,0,2026-09-26,55,quantile,0.2,17.0
2026-09-26,wk inc covid hosp,0,2026-09-26,55,quantile,0.25,18.3
2026-09-26,wk inc covid hosp,0,2026-09-26,55,quantile,0.3,19.869999999999997
2026-09-26,wk inc covid hosp,0,2026-09-26,55,quantile,0.35,20.9
2026-09-26,wk inc covid hosp,0,2026-09-26,55,quantile,0.4,21.5
2026-09-26,wk inc covid hosp,0,2026-09-26,55,quantile,0.45,22.6
2026-09-26,wk inc covid hosp,0,2026-09-26,55,quantile,0.5,23.2
2026-09-26,wk inc covid hosp,0,2026-09-26,55,quantile,0.55,24.4
2026-09-26,wk inc covid hosp,0,2026-09-26,55,quantile,0.6,25.0
2026-09-26,wk inc covid hosp,0,2026-09-26,55,quantile,0.65,26.1
2026-09-26,wk inc covid hosp,0,2026-09-26,55,quantile,0.7,26.8
2026-09-26,wk inc covid hosp,0,2026-09-26,55,quantile,0.75,28.8
2026-09-26,wk inc covid hosp,0,2026-09-26,55,quantile,0.8,30.3
2026-09-26,wk inc covid hosp,0,2026-09-26,55,quantile,0.85,33.0
2026-09-26,wk inc covid hosp,0,2026-09-26,55,quantile,0.9,36.9
2026-09-26,wk inc covid hosp,0,2026-09-26,55,quantile,0.95,41.105
2026-09-26,wk inc covid hosp,0,2026-09-26,55,quantile,0.975,46.652499999999996
2026-09-26,wk inc covid hosp,0,2026-09-26,55,quantile,0.99,63.301
2026-09-26,wk inc covid hosp,0,2026-09-26,56,quantile,0.01,0.0
2026-09-26,wk inc covid hosp,0,2026-09-26,56,quantile,0.025,0.0
2026-09-26,wk inc covid hosp,0,2026-09-26,56,quantile,0.05,0.1
2026-09-26,wk inc covid hosp,0,2026-09-26,56,quantile,0.1,0.3
2026-09-26,wk inc covid hosp,0,2026-09-26,56,quantile,0.15,0.4
2026-09-26,wk inc covid hosp,0,2026-09-26,56,quantile,0.2,0.6
2026-09-26,wk inc covid hosp,0,2026-09-26,56,quantile,0.25,0.7
2026-09-26,wk inc covid hosp,0,2026-09-26,56,quantile,0.3,0.9
2026-09-26,wk inc covid hosp,0,2026-09-26,56,quantile,0.35,1.2
2026-09-26,wk inc covid hosp,0,2026-09-26,56,quantile,0.4,1.5
2026-09-26,wk inc covid hosp,0,2026-09-26,56,quantile,0.45,1.7
2026-09-26,wk inc covid hosp,0,2026-09-26,56,quantile,0.5,1.7
2026-09-26,wk inc covid hosp,0,2026-09-26,56,quantile,0.55,1.9
2026-09-26,wk inc covid hosp,0,2026-09-26,56,quantile,0.6,2.1
2026-09-26,wk inc covid hosp,0,2026-09-26,56,quantile,0.65,2.4
2026-09-26,wk inc covid hosp,0,2026-09-26,56,quantile,0.7,3.1
2026-09-26,wk inc covid hosp,0,2026-09-26,56,quantile,0.75,3.3
2026-09-26,wk inc covid hosp,0,2026-09-26,56,quantile,0.8,3.9
2026-09-26,wk inc covid hosp,0,2026-09-26,56,quantile,0.85,4.4
2026-09-26,wk inc covid hosp,0,2026-09-26,56,quantile,0.9,5.6
2026-09-26,wk inc covid hosp,0,2026-09-26,56,quantile,0.95,7.0
2026-09-26,wk inc covid hosp,0,2026-09-26,56,quantile,0.975,11.7
2026-09-26,wk inc covid hosp,0,2026-09-26,56,quantile,0.99,15.7
2026-09-26,wk inc covid hosp,0,2026-09-26,72,quantile,0.01,37.3
2026-09-26,wk inc covid hosp,0,2026-09-26,72,quantile,0.025,46.695
2026-09-26,wk inc covid hosp,0,2026-09-26,72,quantile,0.05,54.795
2026-09-26,wk inc covid hosp,0,2026-09-26,72,quantile,0.1,62.989999999999995
2026-09-26,wk inc covid hosp,0,2026-09-26,72,quantile,0.15,71.5
2026-09-26,wk inc covid hosp,0,2026-09-26,72,quantile,0.2,77.0
2026-09-26,wk inc covid hosp,0,2026-09-26,72,quantile,0.25,81.6
2026-09-26,wk inc covid hosp,0,2026-09-26,72,quantile,0.3,85.77000000000001
2026-09-26,wk inc covid hosp,0,2026-09-26,72,quantile,0.35,90.0
2026-09-26,wk inc covid hosp,0,2026-09-26,72,quantile,0.4,94.5
2026-09-26,wk inc covid hosp,0,2026-09-26,72,quantile,0.45,98.1
2026-09-26,wk inc covid hosp,0,2026-09-26,72,quantile,0.5,101.5
2026-09-26,wk inc covid hosp,0,2026-09-26,72,quantile,0.55,105.345
2026-09-26,wk inc covid hosp,0,2026-09-26,72,quantile,0.6,109.1
2026-09-26,wk inc covid hosp,0,2026-09-26,72,quantile,0.65,113.6
2026-09-26,wk inc covid hosp,0,2026-09-26,72,quantile,0.7,117.5
2026-09-26,wk inc covid hosp,0,2026-09-26,72,quantile,0.75,122.6
2026-09-26,wk inc covid hosp,0,2026-09-26,72,quantile,0.8,129.82
2026-09-26,wk inc covid hosp,0,2026-09-26,72,quantile,0.85,138.815
2026-09-26,wk inc covid hosp,0,2026-09-26,72,quantile,0.9,151.5
2026-09-26,wk inc covid hosp,0,2026-09-26,72,quantile,0.95,172.71499999999997
2026-09-26,wk inc covid hosp,0,2026-09-26,72,quantile,0.975,195.11999999999998
2026-09-26,wk inc covid hosp,0,2026-09-26,72,quantile,0.99,240.51
2026-09-26,wk inc covid hosp,1,2026-10-03,01,quantile,0.01,28.4
2026-09-26,wk inc covid hosp,1,2026-10-03,01,quantile,0.025,33.542500000000004
2026-09-26,wk inc covid hosp,1,2026-10-03,01,quantile,0.05,40.495
2026-09-26,wk inc covid hosp,1,2026-10-03,01,quantile,0.1,47.5
2026-09-26,wk inc covid hosp,1,2026-10-03,01,quantile,0.15,52.5
2026-09-26,wk inc covid hosp,1,2026-10-03,01,quantile,0.2,56.6
2026-09-26,wk inc covid hosp,1,2026-10-03,01,quantile,0.25,60.7
2026-09-26,wk inc covid hosp,1,2026-10-03,01,quantile,0.3,63.5
2026-09-26,wk inc covid hosp,1,2026-10-03,01,quantile,0.35,66.4
2026-09-26,wk inc covid hosp,1,2026-10-03,01,quantile,0.4,68.8
2026-09-26,wk inc covid hosp,1,2026-10-03,01,quantile,0.45,72.0
2026-09-26,wk inc covid hosp,1,2026-10-03,01,quantile,0.5,74.5
2026-09-26,wk inc covid hosp,1,2026-10-03,01,quantile,0.55,76.6
2026-09-26,wk inc covid hosp,1,2026-10-03,01,quantile,0.6,79.6
2026-09-26,wk inc covid hosp,1,2026-10-03,01,quantile,0.65,82.8
2026-09-26,wk inc covid hosp,1,2026-10-03,01,quantile,0.7,87.2
2026-09-26,wk inc covid hosp,1,2026-10-03,01,quantile,0.75,92.1
2026-09-26,wk inc covid hosp,1,2026-10-03,01,quantile,0.8,96.9
2026-09-26,wk inc covid hosp,1,2026-10-03,01,quantile,0.85,103.61500000000001
2026-09-26,wk inc covid hosp,1,2026-10-03,01,quantile,0.9,113.6
2026-09-26,wk inc covid hosp,1,2026-10-03,01,quantile,0.95,131.405
2026-09-26,wk inc covid hosp,1,2026-10-03,01,quantile,0.975,150.10999999999999
2026-09-26,wk inc covid hosp,1,2026-10-03,01,quantile,0.99,179.34299999999996
2026-09-26,wk inc covid hosp,1,2026-10-03,02,quantile,0.01,0.3
2026-09-26,wk inc covid hosp,1,2026-10-03,02,quantile,0.025,0.5
2026-09-26,wk inc covid hosp,1,2026-10-03,02,quantile,0.05,0.6
2026-09-26,wk inc covid hosp,1,2026-10-03,02,quantile,0.1,1.0
2026-09-26,wk inc covid hosp,1,2026-10-03,02,quantile,0.15,1.4
2026-09-26,wk inc covid hosp,1,2026-10-03,02,quantile,0.2,1.6
2026-09-26,wk inc covid hosp,1,2026-10-03,02,quantile,0.25,2.1
2026-09-26,wk inc covid hosp,1,2026-10-03,02,quantile,0.3,2.3
2026-09-26,wk inc covid hosp,1,2026-10-03,02,quantile,0.35,2.5
2026-09-26,wk inc covid hosp,1,2026-10-03,02,quantile,0.4,2.9
2026-09-26,wk inc covid hosp,1,2026-10-03,02,quantile,0.45,3.1
2026-09-26,wk inc covid hosp,1,2026-10-03,02,quantile,0.5,3.3
2026-09-26,wk inc covid hosp,1,2026-10-03,02,quantile,0.55,3.6
2026-09-26,wk inc covid hosp,1,2026-10-03,02,quantile,0.6,4.1
2026-09-26,wk inc covid hosp,1,2026-10-03,02,quantile,0.65,4.7
2026-09-26,wk inc covid hosp,1,2026-10-03,02,quantile,0.7,5.1
2026-09-26,wk inc covid hosp,1,2026-10-03,02,quantile,0.75,5.8
2026-09-26,wk inc covid hosp,1,2026-10-03,02,quantile,0.8,6.7
2026-09-26,wk inc covid hosp,1,2026-10-03,02,quantile,0.85,7.7
2026-09-26,wk inc covid hosp,1,2026-10-03,02,quantile,0.9,9.1
2026-09-26,wk inc covid hosp,1,2026-10-03,02,quantile,0.95,12.2
2026-09-26,wk inc covid hosp,1,2026-10-03,02,quantile,0.975,17.152499999999996
2026-09-26,wk inc covid hosp,1,2026-10-03,02,quantile,0.99,22.302
2026-09-26,wk inc covid hosp,1,2026-10-03,04,quantile,0.01,26.0
2026-09-26,wk inc covid hosp,1,2026-10-03,04,quantile,0.025,31.8
2026-09-26,wk inc covid hosp,1,2026-10-03,04,quantile,0.05,37.695
2026-09-26,wk inc covid hosp,1,2026-10-03,04,quantile,0.1,43.4
2026-09-26,wk inc covid hosp,1,2026-10-03,04,quantile,0.15,48.4
2026-09-26,wk inc covid hosp,1,2026-10-03,04,quantile,0.2,52.2
2026-09-26,wk inc covid hosp,1,2026-10-03,04,quantile,0.25,54.8
2026-09-26,wk inc covid hosp,1,2026-10-03,04,quantile,0.3,57.0
2026-09-26,wk inc covid hosp,1,2026-10-03,04,quantile,0.35,59.9
2026-09-26,wk inc covid hosp,1,2026-10-03,04,quantile,0.4,62.1
2026-09-26,wk inc covid hosp,1,2026-10-03,04,quantile,0.45,64.7
2026-09-26,wk inc covid hosp,1,2026-10-03,04,quantile,0.5,67.6
2026-09-26,wk inc covid hosp,1,2026-10-03,04,quantile,0.55,70.2
2026-09-26,wk inc covid hosp,1,2026-10-03,04,quantile,0.6,72.4
2026-09-26,wk inc covid hosp,1,2026-10-03,04,quantile,0.65,76.1
2026-09-26,wk inc covid hosp,1,2026-10-03,04,quantile,0.7,79.03
2026-09-26,wk inc covid hosp,1,2026-10-03,04,quantile,0.75,83.8
2026-09-26,wk inc covid hosp,1,2026-10-03,04,quantile,0.8,87.9
2026-09-26,wk inc covid hosp,1,2026-10-03,04,quantile,0.85,92.4
2026-09-26,wk inc covid hosp,1,2026-10-03,04,quantile,0.9,99.81
2026-09-26,wk inc covid hosp,1,2026-10-03,04,quantile,0.95,111.9
2026-09-26,wk inc covid hosp,1,2026-10-03,04,quantile,0.975,129.95250000000001
2026-09-26,wk inc covid hosp,1,2026-10-03,04,quantile,0.99,158.101
2026-09-26,wk inc covid hosp,1,2026-10-03,05,quantile,0.01,3.3
2026-09-26,wk inc covid hosp,1,2026-10-03,05,quantile,0.025,4.6
2026-09-26,wk inc covid hosp,1,2026-10-03,05,quantile,0.05,5.3
2026-09-26,wk inc covid hosp,1,2026-10-03,05,quantile,0.1,7.1
2026-09-26,wk inc covid hosp,1,2026-10-03,05,quantile,0.15,8.3
2026-09-26,wk inc covid hosp,1,2026-10-03,05,quantile,0.2,9.3
2026-09-26,wk inc covid hosp,1,2026-10-03,05,quantile,0.25,10.2
2026-09-26,wk inc covid hosp,1,2026-10-03,05,quantile,0.3,11.2
2026-09-26,wk inc covid hosp,1,2026-10-03,05,quantile,0.35,12.0
2026-09-26,wk inc covid hosp,1,2026-10-03,05,quantile,0.4,12.8
2026-09-26,wk inc covid hosp,1,2026-10-03,05,quantile,0.45,13.3
2026-09-26,wk inc covid hosp,1,2026-10-03,05,quantile,0.5,13.9
2026-09-26,wk inc covid hosp,1,2026-10-03,05,quantile,0.55,14.8
2026-09-26,wk inc covid hosp,1,2026-10-03,05,quantile,0.6,15.5
2026-09-26,wk inc covid hosp,1,2026-10-03,05,quantile,0.65,16.7
2026-09-26,wk inc covid hosp,1,2026-10-03,05,quantile,0.7,17.7
2026-09-26,wk inc covid hosp,1,2026-10-03,05,quantile,0.75,18.9
2026-09-26,wk inc covid hosp,1,2026-10-03,05,quantile,0.8,20.8
2026-09-26,wk inc covid hosp,1,2026-10-03,05,quantile,0.85,22.7
2026-09-26,wk inc covid hosp,1,2026-10-03,05,quantile,0.9,25.71
2026-09-26,wk inc covid hosp,1,2026-10-03,05,quantile,0.95,31.504999999999995
2026-09-26,wk inc covid hosp,1,2026-10-03,05,quantile,0.975,38.357499999999995
2026-09-26,wk inc covid hosp,1,2026-10-03,05,quantile,0.99,49.71299999999999
2026-09-26,wk inc covid hosp,1,2026-10-03,06,quantile,0.01,385.7
2026-09-26,wk inc covid hosp,1,2026-10-03,06,quantile,0.025,449.26000000000005
2026-09-26,wk inc covid hosp,1,2026-10-03,06,quantile,0.05,520.1899999999999
2026-09-26,wk inc covid hosp,1,2026-10-03,06,quantile,0.1,587.9
2026-09-26,wk inc covid hosp,1,2026-10-03,06,quantile,0.15,639.4399999999999
2026-09-26,wk inc covid hosp,1,2026-10-03,06,quantile,0.2,672.5600000000001
2026-09-26,wk inc covid hosp,1,2026-10-03,06,quantile,0.25,702.975
2026-09-26,wk inc covid hosp,1,2026-10-03,06,quantile,0.3,727.72
2026-09-26,wk inc covid hosp,1,2026-10-03,06,quantile,0.35,751.6
2026-09-26,wk inc covid hosp,1,2026-10-03,06,quantile,0.4,781.8
2026-09-26,wk inc covid hosp,1,2026-10-03,06,quantile,0.45,805.155
2026-09-26,wk inc covid hosp,1,2026-10-03,06,quantile,0.5,824.6
2026-09-26,wk inc covid hosp,1,2026-10-03,06,quantile,0.55,840.1450000000001
2026-09-26,wk inc covid hosp,1,2026-10-03,06,quantile,0.6,856.4
2026-09-26,wk inc covid hosp,1,2026-10-03,06,quantile,0.65,882.1
2026-09-26,wk inc covid hosp,1,2026-10-03,06,quantile,0.7,914.46
2026-09-26,wk inc covid hosp,1,2026-10-03,06,quantile,0.75,950.475
2026-09-26,wk inc covid hosp,1,2026-10-03,06,quantile,0.8,995.5600000000001
2026-09-26,wk inc covid hosp,1,2026-10-03,06,quantile,0.85,1041.9450000000002
2026-09-26,wk inc covid hosp,1,2026-10-03,06,quantile,0.9,1099.83
2026-09-26,wk inc covid hosp,1,2026-10-03,06,quantile,0.95,1237.8799999999999
2026-09-26,wk inc covid hosp,1,2026-10-03,06,quantile,0.975,1357.27
2026-09-26,wk inc covid hosp,1,2026-10-03,06,quantile,0.99,1585.1680000000001
2026-09-26,wk inc covid hosp,1,2026-10-03,08,quantile,0.01,10.9
2026-09-26,wk inc covid hosp,1,2026-10-03,08,quantile,0.025,13.1
2026-09-26,wk inc covid hosp,1,2026-10-03,08,quantile,0.05,15.1
2026-09-26,wk inc covid hosp,1,2026-10-03,08,quantile,0.1,17.990000000000002
2026-09-26,wk inc covid hosp,1,2026-10-03,08,quantile,0.15,20.6
2026-09-26,wk inc covid hosp,1,2026-10-03,08,quantile,0.2,22.6
2026-09-26,wk inc covid hosp,1,2026-10-03,08,quantile,0.25,24.0
2026-09-26,wk inc covid hosp,1,2026-10-03,08,quantile,0.3,25.7
2026-09-26,wk inc covid hosp,1,2026-10-03,08,quantile,0.35,27.0
2026-09-26,wk inc covid hosp,1,2026-10-03,08,quantile,0.4,28.1
2026-09-26,wk inc covid hosp,1,2026-10-03,08,quantile,0.45,29.2
2026-09-26,wk inc covid hosp,1,2026-10-03,08,quantile,0.5,30.3
2026-09-26,wk inc covid hosp,1,2026-10-03,08,quantile,0.55,31.5
2026-09-26,wk inc covid hosp,1,2026-10-03,08,quantile,0.6,32.5
2026-09-26,wk inc covid hosp,1,2026-10-03,08,quantile,0.65,33.9
2026-09-26,wk inc covid hosp,1,2026-10-03,08,quantile,0.7,35.7
2026-09-26,wk inc covid hosp,1,2026-10-03,08,quantile,0.75,38.1
2026-09-26,wk inc covid hosp,1,2026-10-03,08,quantile,0.8,41.52
2026-09-26,wk inc covid hosp,1,2026-10-03,08,quantile,0.85,45.7
2026-09-26,wk inc covid hosp,1,2026-10-03,08,quantile,0.9,50.1
2026-09-26,wk inc covid hosp,1,2026-10-03,08,quantile,0.95,59.904999999999994
2026-09-26,wk inc covid hosp,1,2026-10-03,08,quantile,0.975,69.8
2026-09-26,wk inc covid hosp,1,2026-10-03,08,quantile,0.99,88.003
2026-09-26,wk inc covid hosp,1,2026-10-03,09,quantile,0.01,8.5
2026-09-26,wk inc covid hosp,1,2026-10-03,09,quantile,0.025,11.795
2026-09-26,wk inc covid hosp,1,2026-10-03,09,quantile,0.05,14.194999999999999
2026-09-26,wk inc covid hosp,1,2026-10-03,09,quantile,0.1,17.4
2026-09-26,wk inc covid hosp,1,2026-10-03,09,quantile,0.15,20.0
2026-09-26,wk inc covid hosp,1,2026-10-03,09,quantile,0.2,21.9
2026-09-26,wk inc covid hosp,1,2026-10-03,09,quantile,0.25,23.4
2026-09-26,wk inc covid hosp,1,2026-10-03,09,quantile,0.3,24.7
2026-09-26,wk inc covid hosp,1,2026-10-03,09,quantile,0.35,26.0
2026-09-26,wk inc covid hosp,1,2026-10-03,09,quantile,0.4,27.660000000000004
2026-09-26,wk inc covid hosp,1,2026-10-03,09,quantile,0.45,29.2
2026-09-26,wk inc covid hosp,1,2026-10-03,09,quantile,0.5,30.8
2026-09-26,wk inc covid hosp,1,2026-10-03,09,quantile,0.55,32.6
2026-09-26,wk inc covid hosp,1,2026-10-03,09,quantile,0.6,34.3
2026-09-26,wk inc covid hosp,1,2026-10-03,09,quantile,0.65,36.1
2026-09-26,wk inc covid hosp,1,2026-10-03,09,quantile,0.7,38.4
2026-09-26,wk inc covid hosp,1,2026-10-03,09,quantile,0.75,40.9
2026-09-26,wk inc covid hosp,1,2026-10-03,09,quantile,0.8,43.6
2026-09-26,wk inc covid hosp,1,2026-10-03,09,quantile,0.85,47.6
2026-09-26,wk inc covid hosp,1,2026-10-03,09,quantile,0.9,52.510000000000005
2026-09-26,wk inc covid hosp,1,2026-10-03,09,quantile,0.95,63.8
2026-09-26,wk inc covid hosp,1,2026-10-03,09,quantile,0.975,75.60499999999999
2026-09-26,wk inc covid hosp,1,2026-10-03,09,quantile,0.99,92.402
2026-09-26,wk inc covid hosp,1,2026-10-03,10,quantile,0.01,1.1
2026-09-26,wk inc covid hosp,1,2026-10-03,10,quantile,0.025,1.5
2026-09-26,wk inc covid hosp,1,2026-10-03,10,quantile,0.05,1.9
2026-09-26,wk inc covid hosp,1,2026-10-03,10,quantile,0.1,2.5
2026-09-26,wk inc covid hosp,1,2026-10-03,10,quantile,0.15,3.4
2026-09-26,wk inc covid hosp,1,2026-10-03,10,quantile,0.2,3.8
2026-09-26,wk inc covid hosp,1,2026-10-03,10,quantile,0.25,4.3
2026-09-26,wk inc covid hosp,1,2026-10-03,10,quantile,0.3,4.7
2026-09-26,wk inc covid hosp,1,2026-10-03,10,quantile,0.35,5.2
2026-09-26,wk inc covid hosp,1,2026-10-03,10,quantile,0.4,5.6
2026-09-26,wk inc covid hosp,1,2026-10-03,10,quantile,0.45,6.2
2026-09-26,wk inc covid hosp,1,2026-10-03,10,quantile,0.5,6.9
2026-09-26,wk inc covid hosp,1,2026-10-03,10,quantile,0.55,7.4
2026-09-26,wk inc covid hosp,1,2026-10-03,10,quantile,0.6,8.0
2026-09-26,wk inc covid hosp,1,2026-10-03,10,quantile,0.65,8.9
2026-09-26,wk inc covid hosp,1,2026-10-03,10,quantile,0.7,9.5
2026-09-26,wk inc covid hosp,1,2026-10-03,10,quantile,0.75,10.3
2026-09-26,wk inc covid hosp,1,2026-10-03,10,quantile,0.8,11.2
2026-09-26,wk inc covid hosp,1,2026-10-03,10,quantile,0.85,12.5
2026-09-26,wk inc covid hosp,1,2026-10-03,10,quantile,0.9,14.7
2026-09-26,wk inc covid hosp,1,2026-10-03,10,quantile,0.95,18.0
2026-09-26,wk inc covid hosp,1,2026-10-03,10,quantile,0.975,21.9
2026-09-26,wk inc covid hosp,1,2026-10-03,10,quantile,0.99,27.701999999999998
2026-09-26,wk inc covid hosp,1,2026-10-03,11,quantile,0.01,0.5
2026-09-26,wk inc covid hosp,1,2026-10-03,11,quantile,0.025,1.1
2026-09-26,wk inc covid hosp,1,2026-10-03,11,quantile,0.05,1.3
2026-09-26,wk inc covid hosp,1,2026-10-03,11,quantile,0.1,1.7
2026-09-26,wk inc covid hosp,1,2026-10-03,11,quantile,0.15,2.5
2026-09-26,wk inc covid hosp,1,2026-10-03,11,quantile,0.2,2.7
2026-09-26,wk inc covid hosp,1,2026-10-03,11,quantile,0.25,2.9
2026-09-26,wk inc covid hosp,1,2026-10-03,11,quantile,0.3,3.4
2026-09-26,wk inc covid hosp,1,2026-10-03,11,quantile,0.35,4.0
2026-09-26,wk inc covid hosp,1,2026-10-03,11,quantile,0.4,4.4
2026-09-26,wk inc covid hosp,1,2026-10-03,11,quantile,0.45,4.9
2026-09-26,wk inc covid hosp,1,2026-10-03,11,quantile,0.5,5.4
2026-09-26,wk inc covid hosp,1,2026-10-03,11,quantile,0.55,5.9
2026-09-26,wk inc covid hosp,1,2026-10-03,11,quantile,0.6,6.3
2026-09-26,wk inc covid hosp,1,2026-10-03,11,quantile,0.65,7.0
2026-09-26,wk inc covid hosp,1,2026-10-03,11,quantile,0.7,7.7
2026-09-26,wk inc covid hosp,1,2026-10-03,11,quantile,0.75,8.5
2026-09-26,wk inc covid hosp,1,2026-10-03,11,quantile,0.8,9.2
2026-09-26,wk inc covid hosp,1,2026-10-03,11,quantile,0.85,10.4
2026-09-26,wk inc covid hosp,1,2026-10-03,11,quantile,0.9,12.3
2026-09-26,wk inc covid hosp,1,2026-10-03,11,quantile,0.95,15.8
2026-09-26,wk inc covid hosp,1,2026-10-03,11,quantile,0.975,19.252499999999998
2026-09-26,wk inc covid hosp,1,2026-10-03,11,quantile,0.99,25.301
2026-09-26,wk inc covid hosp,1,2026-10-03,12,quantile,0.01,157.7
2026-09-26,wk inc covid hosp,1,2026-10-03,12,quantile,0.025,209.84250000000003
2026-09-26,wk inc covid hosp,1,2026-10-03,12,quantile,0.05,249.565
2026-09-26,wk inc covid hosp,1,2026-10-03,12,quantile,0.1,295.88
2026-09-26,wk inc covid hosp,1,2026-10-03,12,quantile,0.15,328.185
2026-09-26,wk inc covid hosp,1,2026-10-03,12,quantile,0.2,346.58000000000004
2026-09-26,wk inc covid hosp,1,2026-10-03,12,quantile,0.25,363.375
2026-09-26,wk inc covid hosp,1,2026-10-03,12,quantile,0.3,375.9
2026-09-26,wk inc covid hosp,1,2026-10-03,12,quantile,0.35,391.865
2026-09-26,wk inc covid hosp,1,2026-10-03,12,quantile,0.4,410.91999999999996
2026-09-26,wk inc covid hosp,1,2026-10-03,12,quantile,0.45,424.45500000000004
2026-09-26,wk inc covid hosp,1,2026-10-03,12,quantile,0.5,437.75
2026-09-26,wk inc covid hosp,1,2026-10-03,12,quantile,0.55,449.3
2026-09-26,wk inc covid hosp,1,2026-10-03,12,quantile,0.6,463.14
2026-09-26,wk inc covid hosp,1,2026-10-03,12,quantile,0.65,480.87
2026-09-26,wk inc covid hosp,1,2026-10-03,12,quantile,0.7,500.6
2026-09-26,wk inc covid hosp,1,2026-10-03,12,quantile,0.75,519.4
2026-09-26,wk inc covid hosp,1,2026-10-03,12,quantile,0.8,543.2
2026-09-26,wk inc covid hosp,1,2026-10-03,12,quantile,0.85,572.615
2026-09-26,wk inc covid hosp,1,2026-10-03,12,quantile,0.9,615.6800000000001
2026-09-26,wk inc covid hosp,1,2026-10-03,12,quantile,0.95,714.345
2026-09-26,wk inc covid hosp,1,2026-10-03,12,quantile,0.975,838.8249999999998
2026-09-26,wk inc covid hosp,1,2026-10-03,12,quantile,0.99,1019.8399999999998
2026-09-26,wk inc covid hosp,1,2026-10-03,13,quantile,0.01,34.196
2026-09-26,wk inc covid hosp,1,2026-10-03,13,quantile,0.025,43.5475
2026-09-26,wk inc covid hosp,1,2026-10-03,13,quantile,0.05,50.2
2026-09-26,wk inc covid hosp,1,2026-10-03,13,quantile,0.1,56.0
2026-09-26,wk inc covid hosp,1,2026-10-03,13,quantile,0.15,61.4
2026-09-26,wk inc covid hosp,1,2026-10-03,13,quantile,0.2,66.6
2026-09-26,wk inc covid hosp,1,2026-10-03,13,quantile,0.25,69.4
2026-09-26,wk inc covid hosp,1,2026-10-03,13,quantile,0.3,73.1
2026-09-26,wk inc covid hosp,1,2026-10-03,13,quantile,0.35,76.66499999999999
2026-09-26,wk inc covid hosp,1,2026-10-03,13,quantile,0.4,80.1
2026-09-26,wk inc covid hosp,1,2026-10-03,13,quantile,0.45,83.8
2026-09-26,wk inc covid hosp,1,2026-10-03,13,quantile,0.5,87.8
2026-09-26,wk inc covid hosp,1,2026-10-03,13,quantile,0.55,90.9
2026-09-26,wk inc covid hosp,1,2026-10-03,13,quantile,0.6,94.7
2026-09-26,wk inc covid hosp,1,2026-10-03,13,quantile,0.65,98.83500000000001
2026-09-26,wk inc covid hosp,1,2026-10-03,13,quantile,0.7,104.22999999999999
2026-09-26,wk inc covid hosp,1,2026-10-03,13,quantile,0.75,109.1
2026-09-26,wk inc covid hosp,1,2026-10-03,13,quantile,0.8,116.02000000000001
2026-09-26,wk inc covid hosp,1,2026-10-03,13,quantile,0.85,126.7
2026-09-26,wk inc covid hosp,1,2026-10-03,13,quantile,0.9,137.10999999999999
2026-09-26,wk inc covid hosp,1,2026-10-03,13,quantile,0.95,163.505
2026-09-26,wk inc covid hosp,1,2026-10-03,13,quantile,0.975,191.6
2026-09-26,wk inc covid hosp,1,2026-10-03,13,quantile,0.99,229.62599999999998
2026-09-26,wk inc covid hosp,1,2026-10-03,15,quantile,0.01,8.8
2026-09-26,wk inc covid hosp,1,2026-10-03,15,quantile,0.025,11.4
2026-09-26,wk inc covid hosp,1,2026-10-03,15,quantile,0.05,13.8
2026-09-26,wk inc covid hosp,1,2026-10-03,15,quantile,0.1,16.9
2026-09-26,wk inc covid hosp,1,2026-10-03,15,quantile,0.15,18.6
2026-09-26,wk inc covid hosp,1,2026-10-03,15,quantile,0.2,20.6
2026-09-26,wk inc covid hosp,1,2026-10-03,15,quantile,0.25,22.3
2026-09-26,wk inc covid hosp,1,2026-10-03,15,quantile,0.3,23.8
2026-09-26,wk inc covid hosp,1,2026-10-03,15,quantile,0.35,25.4
2026-09-26,wk inc covid hosp,1,2026-10-03,15,quantile,0.4,27.0
2026-09-26,wk inc covid hosp,1,2026-10-03,15,quantile,0.45,28.6
2026-09-26,wk inc covid hosp,1,2026-10-03,15,quantile,0.5,29.7
2026-09-26,wk inc covid hosp,1,2026-10-03,15,quantile,0.55,31.1
2026-09-26,wk inc covid hosp,1,2026-10-03,15,quantile,0.6,32.8
2026-09-26,wk inc covid hosp,1,2026-10-03,15,quantile,0.65,34.6
2026-09-26,wk inc covid hosp,1,2026-10-03,15,quantile,0.7,36.5
2026-09-26,wk inc covid hosp,1,2026-10-03,15,quantile,0.75,39.225
2026-09-26,wk inc covid hosp,1,2026-10-03,15,quantile,0.8,41.7
2026-09-26,wk inc covid hosp,1,2026-10-03,15,quantile,0.85,44.7
2026-09-26,wk inc covid hosp,1,2026-10-03,15,quantile,0.9,49.2
2026-09-26,wk inc covid hosp,1,2026-10-03,15,quantile,0.95,59.205
2026-09-26,wk inc covid hosp,1,2026-10-03,15,quantile,0.975,70.9
2026-09-26,wk inc covid hosp,1,2026-10-03,15,quantile,0.99,93.62499999999997
2026-09-26,wk inc covid hosp,1,2026-10-03,16,quantile,0.01,1.9
2026-09-26,wk inc covid hosp,1,2026-10-03,16,quantile,0.025,2.6
2026-09-26,wk inc covid hosp,1,2026-10-03,16,quantile,0.05,3.1
2026-09-26,wk inc covid hosp,1,2026-10-03,16,quantile,0.1,4.2
2026-09-26,wk inc covid hosp,1,2026-10-03,16,quantile,0.15,4.9
2026-09-26,wk inc covid hosp,1,2026-10-03,16,quantile,0.2,5.4
2026-09-26,wk inc covid hosp,1,2026-10-03,16,quantile,0.25,6.0
2026-09-26,wk inc covid hosp,1,2026-10-03,16,quantile,0.3,6.7
2026-09-26,wk inc covid hosp,1,2026-10-03,16,quantile,0.35,7.5
2026-09-26,wk inc covid hosp,1,2026-10-03,16,quantile,0.4,8.2
2026-09-26,wk inc covid hosp,1,2026-10-03,16,quantile,0.45,8.8
2026-09-26,wk inc covid hosp,1,2026-10-03,16,quantile,0.5,9.6
2026-09-26,wk inc covid hosp,1,2026-10-03,16,quantile,0.55,9.9
2026-09-26,wk inc covid hosp,1,2026-10-03,16,quantile,0.6,10.6
2026-09-26,wk inc covid hosp,1,2026-10-03,16,quantile,0.65,11.5
2026-09-26,wk inc covid hosp,1,2026-10-03,16,quantile,0.7,12.2
2026-09-26,wk inc covid hosp,1,2026-10-03,16,quantile,0.75,13.3
2026-09-26,wk inc covid hosp,1,2026-10-03,16,quantile,0.8,14.7
2026-09-26,wk inc covid hosp,1,2026-10-03,16,quantile,0.85,16.4
2026-09-26,wk inc covid hosp,1,2026-10-03,16,quantile,0.9,18.8
2026-09-26,wk inc covid hosp,1,2026-10-03,16,quantile,0.95,23.5
2026-09-26,wk inc covid hosp,1,2026-10-03,16,quantile,0.975,28.0525
2026-09-26,wk inc covid hosp,1,2026-10-03,16,quantile,0.99,35.9
2026-09-26,wk inc covid hosp,1,2026-10-03,17,quantile,0.01,21.9
2026-09-26,wk inc covid hosp,1,2026-10-03,17,quantile,0.025,27.247500000000002
2026-09-26,wk inc covid hosp,1,2026-10-03,17,quantile,0.05,33.1
2026-09-26,wk inc covid hosp,1,2026-10-03,17,quantile,0.1,38.8
2026-09-26,wk inc covid hosp,1,2026-10-03,17,quantile,0.15,42.985
2026-09-26,wk inc covid hosp,1,2026-10-03,17,quantile,0.2,46.6
2026-09-26,wk inc covid hosp,1,2026-10-03,17,quantile,0.25,50.1
2026-09-26,wk inc covid hosp,1,2026-10-03,17,quantile,0.3,52.8
2026-09-26,wk inc covid hosp,1,2026-10-03,17,quantile,0.35,55.3
2026-09-26,wk inc covid hosp,1,2026-10-03,17,quantile,0.4,58.5
2026-09-26,wk inc covid hosp,1,2026-10-03,17,quantile,0.45,60.9
2026-09-26,wk inc covid hosp,1,2026-10-03,17,quantile,0.5,63.4
2026-09-26,wk inc covid hosp,1,2026-10-03,17,quantile,0.55,65.4
2026-09-26,wk inc covid hosp,1,2026-10-03,17,quantile,0.6,67.7
2026-09-26,wk inc covid hosp,1,2026-10-03,17,quantile,0.65,70.3
2026-09-26,wk inc covid hosp,1,2026-10-03,17,quantile,0.7,74.1
2026-09-26,wk inc covid hosp,1,2026-10-03,17,quantile,0.75,78.1
2026-09-26,wk inc covid hosp,1,2026-10-03,17,quantile,0.8,83.2
2026-09-26,wk inc covid hosp,1,2026-10-03,17,quantile,0.85,89.315
2026-09-26,wk inc covid hosp,1,2026-10-03,17,quantile,0.9,98.01
2026-09-26,wk inc covid hosp,1,2026-10-03,17,quantile,0.95,113.30499999999999
2026-09-26,wk inc covid hosp,1,2026-10-03,17,quantile,0.975,135.53499999999997
2026-09-26,wk inc covid hosp,1,2026-10-03,17,quantile,0.99,169.202
2026-09-26,wk inc covid hosp,1,2026-10-03,18,quantile,0.01,7.8
2026-09-26,wk inc covid hosp,1,2026-10-03,18,quantile,0.025,10.247499999999999
2026-09-26,wk inc covid hosp,1,2026-10-03,18,quantile,0.05,12.0
2026-09-26,wk inc covid hosp,1,2026-10-03,18,quantile,0.1,16.0
2026-09-26,wk inc covid hosp,1,2026-10-03,18,quantile,0.15,18.4
2026-09-26,wk inc covid hosp,1,2026-10-03,18,quantile,0.2,20.5
2026-09-26,wk inc covid hosp,1,2026-10-03,18,quantile,0.25,22.3
2026-09-26,wk inc covid hosp,1,2026-10-03,18,quantile,0.3,23.6
2026-09-26,wk inc covid hosp,1,2026-10-03,18,quantile,0.35,25.2
2026-09-26,wk inc covid hosp,1,2026-10-03,18,quantile,0.4,26.9
2026-09-26,wk inc covid hosp,1,2026-10-03,18,quantile,0.45,28.3
2026-09-26,wk inc covid hosp,1,2026-10-03,18,quantile,0.5,29.9
2026-09-26,wk inc covid hosp,1,2026-10-03,18,quantile,0.55,31.1
2026-09-26,wk inc covid hosp,1,2026-10-03,18,quantile,0.6,32.5
2026-09-26,wk inc covid hosp,1,2026-10-03,18,quantile,0.65,33.8
2026-09-26,wk inc covid hosp,1,2026-10-03,18,quantile,0.7,36.2
2026-09-26,wk inc covid hosp,1,2026-10-03,18,quantile,0.75,39.5
2026-09-26,wk inc covid hosp,1,2026-10-03,18,quantile,0.8,43.2
2026-09-26,wk inc covid hosp,1,2026-10-03,18,quantile,0.85,47.114999999999995
2026-09-26,wk inc covid hosp,1,2026-10-03,18,quantile,0.9,52.5
2026-09-26,wk inc covid hosp,1,2026-10-03,18,quantile,0.95,63.8
2026-09-26,wk inc covid hosp,1,2026-10-03,18,quantile,0.975,73.7
2026-09-26,wk inc covid hosp,1,2026-10-03,18,quantile,0.99,95.202
2026-09-26,wk inc covid hosp,1,2026-10-03,19,quantile,0.01,4.6
2026-09-26,wk inc covid hosp,1,2026-10-03,19,quantile,0.025,5.6
2026-09-26,wk inc covid hosp,1,2026-10-03,19,quantile,0.05,6.695
2026-09-26,wk inc covid hosp,1,2026-10-03,19,quantile,0.1,8.2
2026-09-26,wk inc covid hosp,1,2026-10-03,19,quantile,0.15,9.8
2026-09-26,wk inc covid hosp,1,2026-10-03,19,quantile,0.2,10.9
2026-09-26,wk inc covid hosp,1,2026-10-03,19,quantile,0.25,11.6
2026-09-26,wk inc covid hosp,1,2026-10-03,19,quantile,0.3,12.5
2026-09-26,wk inc covid hosp,1,2026-10-03,19,quantile,0.35,13.2
2026-09-26,wk inc covid hosp,1,2026-10-03,19,quantile,0.4,14.160000000000002
2026-09-26,wk inc covid hosp,1,2026-10-03,19,quantile,0.45,14.8
2026-09-26,wk inc covid hosp,1,2026-10-03,19,quantile,0.5,15.6
2026-09-26,wk inc covid hosp,1,2026-10-03,19,quantile,0.55,16.3
2026-09-26,wk inc covid hosp,1,2026-10-03,19,quantile,0.6,17.1
2026-09-26,wk inc covid hosp,1,2026-10-03,19,quantile,0.65,18.6
2026-09-26,wk inc covid hosp,1,2026-10-03,19,quantile,0.7,19.4
2026-09-26,wk inc covid hosp,1,2026-10-03,19,quantile,0.75,20.8
2026-09-26,wk inc covid hosp,1,2026-10-03,19,quantile,0.8,22.8
2026-09-26,wk inc covid hosp,1,2026-10-03,19,quantile,0.85,25.0
2026-09-26,wk inc covid hosp,1,2026-10-03,19,quantile,0.9,27.9
2026-09-26,wk inc covid hosp,1,2026-10-03,19,quantile,0.95,34.1
2026-09-26,wk inc covid hosp,1,2026-10-03,19,quantile,0.975,40.9
2026-09-26,wk inc covid hosp,1,2026-10-03,19,quantile,0.99,52.501999999999995
2026-09-26,wk inc covid hosp,1,2026-10-03,20,quantile,0.01,1.4
2026-09-26,wk inc covid hosp,1,2026-10-03,20,quantile,0.025,2.2
2026-09-26,wk inc covid hosp,1,2026-10-03,20,quantile,0.05,2.7
2026-09-26,wk inc covid hosp,1,2026-10-03,20,quantile,0.1,3.6
2026-09-26,wk inc covid hosp,1,2026-10-03,20,quantile,0.15,4.3
2026-09-26,wk inc covid hosp,1,2026-10-03,20,quantile,0.2,5.1
2026-09-26,wk inc covid hosp,1,2026-10-03,20,quantile,0.25,5.8
2026-09-26,wk inc covid hosp,1,2026-10-03,20,quantile,0.3,6.7
2026-09-26,wk inc covid hosp,1,2026-10-03,20,quantile,0.35,7.2
2026-09-26,wk inc covid hosp,1,2026-10-03,20,quantile,0.4,7.8
2026-09-26,wk inc covid hosp,1,2026-10-03,20,quantile,0.45,8.9
2026-09-26,wk inc covid hosp,1,2026-10-03,20,quantile,0.5,9.4
2026-09-26,wk inc covid hosp,1,2026-10-03,20,quantile,0.55,10.1
2026-09-26,wk inc covid hosp,1,2026-10-03,20,quantile,0.6,10.8
2026-09-26,wk inc covid hosp,1,2026-10-03,20,quantile,0.65,11.9
2026-09-26,wk inc covid hosp,1,2026-10-03,20,quantile,0.7,12.7
2026-09-26,wk inc covid hosp,1,2026-10-03,20,quantile,0.75,14.4
2026-09-26,wk inc covid hosp,1,2026-10-03,20,quantile,0.8,16.2
2026-09-26,wk inc covid hosp,1,2026-10-03,20,quantile,0.85,17.9
2026-09-26,wk inc covid hosp,1,2026-10-03,20,quantile,0.9,20.8
2026-09-26,wk inc covid hosp,1,2026-10-03,20,quantile,0.95,26.2
2026-09-26,wk inc covid hosp,1,2026-10-03,20,quantile,0.975,33.105
2026-09-26,wk inc covid hosp,1,2026-10-03,20,quantile,0.99,45.001999999999995
2026-09-26,wk inc covid hosp,1,2026-10-03,21,quantile,0.01,5.6
2026-09-26,wk inc covid hosp,1,2026-10-03,21,quantile,0.025,6.9
2026-09-26,wk inc covid hosp,1,2026-10-03,21,quantile,0.05,8.7
2026-09-26,wk inc covid hosp,1,2026-10-03,21,quantile,0.1,11.0
2026-09-26,wk inc covid hosp,1,2026-10-03,21,quantile,0.15,12.7
2026-09-26,wk inc covid hosp,1,2026-10-03,21,quantile,0.2,14.8
2026-09-26,wk inc covid hosp,1,2026-10-03,21,quantile,0.25,16.1
2026-09-26,wk inc covid hosp,1,2026-10-03,21,quantile,0.3,17.3
2026-09-26,wk inc covid hosp,1,2026-10-03,21,quantile,0.35,18.2
2026-09-26,wk inc covid hosp,1,2026-10-03,21,quantile,0.4,19.2
2026-09-26,wk inc covid hosp,1,2026-10-03,21,quantile,0.45,20.3
2026-09-26,wk inc covid hosp,1,2026-10-03,21,quantile,0.5,21.6
2026-09-26,wk inc covid hosp,1,2026-10-03,21,quantile,0.55,22.6
2026-09-26,wk inc covid hosp,1,2026-10-03,21,quantile,0.6,23.9
2026-09-26,wk inc covid hosp,1,2026-10-03,21,quantile,0.65,26.3
2026-09-26,wk inc covid hosp,1,2026-10-03,21,quantile,0.7,27.9
2026-09-26,wk inc covid hosp,1,2026-10-03,21,quantile,0.75,30.4
2026-09-26,wk inc covid hosp,1,2026-10-03,21,quantile,0.8,33.3
2026-09-26,wk inc covid hosp,1,2026-10-03,21,quantile,0.85,36.5
2026-09-26,wk inc covid hosp,1,2026-10-03,21,quantile,0.9,42.2
2026-09-26,wk inc covid hosp,1,2026-10-03,21,quantile,0.95,53.30499999999999
2026-09-26,wk inc covid hosp,1,2026-10-03,21,quantile,0.975,64.405
2026-09-26,wk inc covid hosp,1,2026-10-03,21,quantile,0.99,83.301
2026-09-26,wk inc covid hosp,1,2026-10-03,22,quantile,0.01,24.997
2026-09-26,wk inc covid hosp,1,2026-10-03,22,quantile,0.025,31.4475
2026-09-26,wk inc covid hosp,1,2026-10-03,22,quantile,0.05,36.8
2026-09-26,wk inc covid hosp,1,2026-10-03,22,quantile,0.1,42.7
2026-09-26,wk inc covid hosp,1,2026-10-03,22,quantile,0.15,47.97
2026-09-26,wk inc covid hosp,1,2026-10-03,22,quantile,0.2,50.7
2026-09-26,wk inc covid hosp,1,2026-10-03,22,quantile,0.25,53.7
2026-09-26,wk inc covid hosp,1,2026-10-03,22,quantile,0.3,56.5
2026-09-26,wk inc covid hosp,1,2026-10-03,22,quantile,0.35,59.565
2026-09-26,wk inc covid hosp,1,2026-10-03,22,quantile,0.4,61.9
2026-09-26,wk inc covid hosp,1,2026-10-03,22,quantile,0.45,64.7
2026-09-26,wk inc covid hosp,1,2026-10-03,22,quantile,0.5,67.4
2026-09-26,wk inc covid hosp,1,2026-10-03,22,quantile,0.55,69.8
2026-09-26,wk inc covid hosp,1,2026-10-03,22,quantile,0.6,72.3
2026-09-26,wk inc covid hosp,1,2026-10-03,22,quantile,0.65,74.83500000000001
2026-09-26,wk inc covid hosp,1,2026-10-03,22,quantile,0.7,79.3
2026-09-26,wk inc covid hosp,1,2026-10-03,22,quantile,0.75,83.2
2026-09-26,wk inc covid hosp,1,2026-10-03,22,quantile,0.8,88.3
2026-09-26,wk inc covid hosp,1,2026-10-03,22,quantile,0.85,94.6
2026-09-26,wk inc covid hosp,1,2026-10-03,22,quantile,0.9,102.80999999999999
2026-09-26,wk inc covid hosp,1,2026-10-03,22,quantile,0.95,119.61499999999998
2026-09-26,wk inc covid hosp,1,2026-10-03,22,quantile,0.975,136.405
2026-09-26,wk inc covid hosp,1,2026-10-03,22,quantile,0.99,162.8
2026-09-26,wk inc covid hosp,1,2026-10-03,23,quantile,0.01,0.0
2026-09-26,wk inc covid hosp,1,2026-10-03,23,quantile,0.025,0.1
2026-09-26,wk inc covid hosp,1,2026-10-03,23,quantile,0.05,0.1
2026-09-26,wk inc covid hosp,1,2026-10-03,23,quantile,0.1,0.3
2026-09-26,wk inc covid hosp,1,2026-10-03,23,quantile,0.15,0.5
2026-09-26,wk inc covid hosp,1,2026-10-03,23,quantile,0.2,0.8
2026-09-26,wk inc covid hosp,1,2026-10-03,23,quantile,0.25,1.1
2026-09-26,wk inc covid hosp,1,2026-10-03,23,quantile,0.3,1.6
2026-09-26,wk inc covid hosp,1,2026-10-03,23,quantile,0.35,1.8
2026-09-26,wk inc covid hosp,1,2026-10-03,23,quantile,0.4,2.0
2026-09-26,wk inc covid hosp,1,2026-10-03,23,quantile,0.45,2.2
2026-09-26,wk inc covid hosp,1,2026-10-03,23,quantile,0.5,2.7
2026-09-26,wk inc covid hosp,1,2026-10-03,23,quantile,0.55,3.0
2026-09-26,wk inc covid hosp,1,2026-10-03,23,quantile,0.6,3.4
2026-09-26,wk inc covid hosp,1,2026-10-03,23,quantile,0.65,3.8
2026-09-26,wk inc covid hosp,1,2026-10-03,23,quantile,0.7,4.6
2026-09-26,wk inc covid hosp,1,2026-10-03,23,quantile,0.75,6.0
2026-09-26,wk inc covid hosp,1,2026-10-03,23,quantile,0.8,6.7
2026-09-26,wk inc covid hosp,1,2026-10-03,23,quantile,0.85,8.2
2026-09-26,wk inc covid hosp,1,2026-10-03,23,quantile,0.9,11.3
2026-09-26,wk inc covid hosp,1,2026-10-03,23,quantile,0.95,15.6
2026-09-26,wk inc covid hosp,1,2026-10-03,23,quantile,0.975,20.4
2026-09-26,wk inc covid hosp,1,2026-10-03,23,quantile,0.99,28.701
2026-09-26,wk inc covid hosp,1,2026-10-03,24,quantile,0.01,10.8
2026-09-26,wk inc covid hosp,1,2026-10-03,24,quantile,0.025,13.1
2026-09-26,wk inc covid hosp,1,2026-10-03,24,quantile,0.05,15.4
2026-09-26,wk inc covid hosp,1,2026-10-03,24,quantile,0.1,18.490000000000002
2026-09-26,wk inc covid hosp,1,2026-10-03,24,quantile,0.15,21.1
2026-09-26,wk inc covid hosp,1,2026-10-03,24,quantile,0.2,22.8
2026-09-26,wk inc covid hosp,1,2026-10-03,24,quantile,0.25,24.2
2026-09-26,wk inc covid hosp,1,2026-10-03,24,quantile,0.3,26.0
2026-09-26,wk inc covid hosp,1,2026-10-03,24,quantile,0.35,27.6
2026-09-26,wk inc covid hosp,1,2026-10-03,24,quantile,0.4,29.3
2026-09-26,wk inc covid hosp,1,2026-10-03,24,quantile,0.45,30.7
2026-09-26,wk inc covid hosp,1,2026-10-03,24,quantile,0.5,32.1
2026-09-26,wk inc covid hosp,1,2026-10-03,24,quantile,0.55,33.5
2026-09-26,wk inc covid hosp,1,2026-10-03,24,quantile,0.6,34.7
2026-09-26,wk inc covid hosp,1,2026-10-03,24,quantile,0.65,36.6
2026-09-26,wk inc covid hosp,1,2026-10-03,24,quantile,0.7,38.7
2026-09-26,wk inc covid hosp,1,2026-10-03,24,quantile,0.75,41.0
2026-09-26,wk inc covid hosp,1,2026-10-03,24,quantile,0.8,44.4
2026-09-26,wk inc covid hosp,1,2026-10-03,24,quantile,0.85,47.815
2026-09-26,wk inc covid hosp,1,2026-10-03,24,quantile,0.9,52.7
2026-09-26,wk inc covid hosp,1,2026-10-03,24,quantile,0.95,63.404999999999994
2026-09-26,wk inc covid hosp,1,2026-10-03,24,quantile,0.975,75.505
2026-09-26,wk inc covid hosp,1,2026-10-03,24,quantile,0.99,95.201
2026-09-26,wk inc covid hosp,1,2026-10-03,25,quantile,0.01,9.5
2026-09-26,wk inc covid hosp,1,2026-10-03,25,quantile,0.025,13.4
2026-09-26,wk inc covid hosp,1,2026-10-03,25,quantile,0.05,16.2
2026-09-26,wk inc covid hosp,1,2026-10-03,25,quantile,0.1,20.6
2026-09-26,wk inc covid hosp,1,2026-10-03,25,quantile,0.15,23.384999999999998
2026-09-26,wk inc covid hosp,1,2026-10-03,25,quantile,0.2,25.7
2026-09-26,wk inc covid hosp,1,2026-10-03,25,quantile,0.25,27.6
2026-09-26,wk inc covid hosp,1,2026-10-03,25,quantile,0.3,30.1
2026-09-26,wk inc covid hosp,1,2026-10-03,25,quantile,0.35,32.2
2026-09-26,wk inc covid hosp,1,2026-10-03,25,quantile,0.4,34.0
2026-09-26,wk inc covid hosp,1,2026-10-03,25,quantile,0.45,36.555
2026-09-26,wk inc covid hosp,1,2026-10-03,25,quantile,0.5,38.4
2026-09-26,wk inc covid hosp,1,2026-10-03,25,quantile,0.55,39.8
2026-09-26,wk inc covid hosp,1,2026-10-03,25,quantile,0.6,41.6
2026-09-26,wk inc covid hosp,1,2026-10-03,25,quantile,0.65,43.7
2026-09-26,wk inc covid hosp,1,2026-10-03,25,quantile,0.7,45.5
2026-09-26,wk inc covid hosp,1,2026-10-03,25,quantile,0.75,49.2
2026-09-26,wk inc covid hosp,1,2026-10-03,25,quantile,0.8,52.3
2026-09-26,wk inc covid hosp,1,2026-10-03,25,quantile,0.85,56.6
2026-09-26,wk inc covid hosp,1,2026-10-03,25,quantile,0.9,61.7
2026-09-26,wk inc covid hosp,1,2026-10-03,25,quantile,0.95,73.50999999999999
2026-09-26,wk inc covid hosp,1,2026-10-03,25,quantile,0.975,88.4575
2026-09-26,wk inc covid hosp,1,2026-10-03,25,quantile,0.99,123.511
2026-09-26,wk inc covid hosp,1,2026-10-03,26,quantile,0.01,14.1
2026-09-26,wk inc covid hosp,1,2026-10-03,26,quantile,0.025,18.6
2026-09-26,wk inc covid hosp,1,2026-10-03,26,quantile,0.05,22.9
2026-09-26,wk inc covid hosp,1,2026-10-03,26,quantile,0.1,28.6
2026-09-26,wk inc covid hosp,1,2026-10-03,26,quantile,0.15,33.0
2026-09-26,wk inc covid hosp,1,2026-10-03,26,quantile,0.2,36.0
2026-09-26,wk inc covid hosp,1,2026-10-03,26,quantile,0.25,39.2
2026-09-26,wk inc covid hosp,1,2026-10-03,26,quantile,0.3,41.57
2026-09-26,wk inc covid hosp,1,2026-10-03,26,quantile,0.35,44.1
2026-09-26,wk inc covid hosp,1,2026-10-03,26,quantile,0.4,46.1
2026-09-26,wk inc covid hosp,1,2026-10-03,26,quantile,0.45,48.3
2026-09-26,wk inc covid hosp,1,2026-10-03,26,quantile,0.5,50.2
2026-09-26,wk inc covid hosp,1,2026-10-03,26,quantile,0.55,51.7
2026-09-26,wk inc covid hosp,1,2026-10-03,26,quantile,0.6,54.1
2026-09-26,wk inc covid hosp,1,2026-10-03,26,quantile,0.65,56.935
2026-09-26,wk inc covid hosp,1,2026-10-03,26,quantile,0.7,60.5
2026-09-26,wk inc covid hosp,1,2026-10-03,26,quantile,0.75,64.1
2026-09-26,wk inc covid hosp,1,2026-10-03,26,quantile,0.8,68.6
2026-09-26,wk inc covid hosp,1,2026-10-03,26,quantile,0.85,73.3
2026-09-26,wk inc covid hosp,1,2026-10-03,26,quantile,0.9,82.6
2026-09-26,wk inc covid hosp,1,2026-10-03,26,quantile,0.95,102.205
2026-09-26,wk inc covid hosp,1,2026-10-03,26,quantile,0.975,120.25250000000001
2026-09-26,wk inc covid hosp,1,2026-10-03,26,quantile,0.99,152.801
2026-09-26,wk inc covid hosp,1,2026-10-03,27,quantile,0.01,8.1
2026-09-26,wk inc covid hosp,1,2026-10-03,27,quantile,0.025,10.2
2026-09-26,wk inc covid hosp,1,2026-10-03,27,quantile,0.05,12.4
2026-09-26,wk inc covid hosp,1,2026-10-03,27,quantile,0.1,15.1
2026-09-26,wk inc covid hosp,1,2026-10-03,27,quantile,0.15,17.6
2026-09-26,wk inc covid hosp,1,2026-10-03,27,quantile,0.2,19.4
2026-09-26,wk inc covid hosp,1,2026-10-03,27,quantile,0.25,21.1
2026-09-26,wk inc covid hosp,1,2026-10-03,27,quantile,0.3,22.7
2026-09-26,wk inc covid hosp,1,2026-10-03,27,quantile,0.35,23.9
2026-09-26,wk inc covid hosp,1,2026-10-03,27,quantile,0.4,25.0
2026-09-26,wk inc covid hosp,1,2026-10-03,27,quantile,0.45,26.2
2026-09-26,wk inc covid hosp,1,2026-10-03,27,quantile,0.5,27.5
2026-09-26,wk inc covid hosp,1,2026-10-03,27,quantile,0.55,28.5
2026-09-26,wk inc covid hosp,1,2026-10-03,27,quantile,0.6,29.9
2026-09-26,wk inc covid hosp,1,2026-10-03,27,quantile,0.65,31.2
2026-09-26,wk inc covid hosp,1,2026-10-03,27,quantile,0.7,32.9
2026-09-26,wk inc covid hosp,1,2026-10-03,27,quantile,0.75,35.3
2026-09-26,wk inc covid hosp,1,2026-10-03,27,quantile,0.8,37.7
2026-09-26,wk inc covid hosp,1,2026-10-03,27,quantile,0.85,41.1
2026-09-26,wk inc covid hosp,1,2026-10-03,27,quantile,0.9,46.1
2026-09-26,wk inc covid hosp,1,2026-10-03,27,quantile,0.95,54.7
2026-09-26,wk inc covid hosp,1,2026-10-03,27,quantile,0.975,64.2
2026-09-26,wk inc covid hosp,1,2026-10-03,27,quantile,0.99,83.4
2026-09-26,wk inc covid hosp,1,2026-10-03,28,quantile,0.01,7.9
2026-09-26,wk inc covid hosp,1,2026-10-03,28,quantile,0.025,10.647499999999999
2026-09-26,wk inc covid hosp,1,2026-10-03,28,quantile,0.05,12.9
2026-09-26,wk inc covid hosp,1,2026-10-03,28,quantile,0.1,15.8
2026-09-26,wk inc covid hosp,1,2026-10-03,28,quantile,0.15,18.2
2026-09-26,wk inc covid hosp,1,2026-10-03,28,quantile,0.2,20.3
2026-09-26,wk inc covid hosp,1,2026-10-03,28,quantile,0.25,21.5
2026-09-26,wk inc covid hosp,1,2026-10-03,28,quantile,0.3,22.6
2026-09-26,wk inc covid hosp,1,2026-10-03,28,quantile,0.35,24.2
2026-09-26,wk inc covid hosp,1,2026-10-03,28,quantile,0.4,25.2
2026-09-26,wk inc covid hosp,1,2026-10-03,28,quantile,0.45,26.5
2026-09-26,wk inc covid hosp,1,2026-10-03,28,quantile,0.5,27.6
2026-09-26,wk inc covid hosp,1,2026-10-03,28,quantile,0.55,28.7
2026-09-26,wk inc covid hosp,1,2026-10-03,28,quantile,0.6,29.9
2026-09-26,wk inc covid hosp,1,2026-10-03,28,quantile,0.65,31.5
2026-09-26,wk inc covid hosp,1,2026-10-03,28,quantile,0.7,32.9
2026-09-26,wk inc covid hosp,1,2026-10-03,28,quantile,0.75,34.9
2026-09-26,wk inc covid hosp,1,2026-10-03,28,quantile,0.8,37.7
2026-09-26,wk inc covid hosp,1,2026-10-03,28,quantile,0.85,40.3
2026-09-26,wk inc covid hosp,1,2026-10-03,28,quantile,0.9,44.3
2026-09-26,wk inc covid hosp,1,2026-10-03,28,quantile,0.95,51.7
2026-09-26,wk inc covid hosp,1,2026-10-03,28,quantile,0.975,58.9
2026-09-26,wk inc covid hosp,1,2026-10-03,28,quantile,0.99,73.001
2026-09-26,wk inc covid hosp,1,2026-10-03,29,quantile,0.01,14.0
2026-09-26,wk inc covid hosp,1,2026-10-03,29,quantile,0.025,16.1
2026-09-26,wk inc covid hosp,1,2026-10-03,29,quantile,0.05,18.8
2026-09-26,wk inc covid hosp,1,2026-10-03,29,quantile,0.1,22.6
2026-09-26,wk inc covid hosp,1,2026-10-03,29,quantile,0.15,25.785000000000004
2026-09-26,wk inc covid hosp,1,2026-10-03,29,quantile,0.2,28.1
2026-09-26,wk inc covid hosp,1,2026-10-03,29,quantile,0.25,29.7
2026-09-26,wk inc covid hosp,1,2026-10-03,29,quantile,0.3,31.7
2026-09-26,wk inc covid hosp,1,2026-10-03,29,quantile,0.35,33.3
2026-09-26,wk inc covid hosp,1,2026-10-03,29,quantile,0.4,35.5
2026-09-26,wk inc covid hosp,1,2026-10-03,29,quantile,0.45,37.1
2026-09-26,wk inc covid hosp,1,2026-10-03,29,quantile,0.5,39.1
2026-09-26,wk inc covid hosp,1,2026-10-03,29,quantile,0.55,40.4
2026-09-26,wk inc covid hosp,1,2026-10-03,29,quantile,0.6,42.6
2026-09-26,wk inc covid hosp,1,2026-10-03,29,quantile,0.65,44.4
2026-09-26,wk inc covid hosp,1,2026-10-03,29,quantile,0.7,46.3
2026-09-26,wk inc covid hosp,1,2026-10-03,29,quantile,0.75,49.5
2026-09-26,wk inc covid hosp,1,2026-10-03,29,quantile,0.8,53.0
2026-09-26,wk inc covid hosp,1,2026-10-03,29,quantile,0.85,57.1
2026-09-26,wk inc covid hosp,1,2026-10-03,29,quantile,0.9,63.9
2026-09-26,wk inc covid hosp,1,2026-10-03,29,quantile,0.95,76.405
2026-09-26,wk inc covid hosp,1,2026-10-03,29,quantile,0.975,86.0
2026-09-26,wk inc covid hosp,1,2026-10-03,29,quantile,0.99,109.21799999999999
2026-09-26,wk inc covid hosp,1,2026-10-03,30,quantile,0.01,2.9
2026-09-26,wk inc covid hosp,1,2026-10-03,30,quantile,0.025,3.7
2026-09-26,wk inc covid hosp,1,2026-10-03,30,quantile,0.05,4.5
2026-09-26,wk inc covid hosp,1,2026-10-03,30,quantile,0.1,6.0
2026-09-26,wk inc covid hosp,1,2026-10-03,30,quantile,0.15,7.0
2026-09-26,wk inc covid hosp,1,2026-10-03,30,quantile,0.2,7.8
2026-09-26,wk inc covid hosp,1,2026-10-03,30,quantile,0.25,8.8
2026-09-26,wk inc covid hosp,1,2026-10-03,30,quantile,0.3,9.4
2026-09-26,wk inc covid hosp,1,2026-10-03,30,quantile,0.35,10.1
2026-09-26,wk inc covid hosp,1,2026-10-03,30,quantile,0.4,10.9
2026-09-26,wk inc covid hosp,1,2026-10-03,30,quantile,0.45,11.6
2026-09-26,wk inc covid hosp,1,2026-10-03,30,quantile,0.5,12.4
2026-09-26,wk inc covid hosp,1,2026-10-03,30,quantile,0.55,13.0
2026-09-26,wk inc covid hosp,1,2026-10-03,30,quantile,0.6,13.8
2026-09-26,wk inc covid hosp,1,2026-10-03,30,quantile,0.65,14.8
2026-09-26,wk inc covid hosp,1,2026-10-03,30,quantile,0.7,15.5
2026-09-26,wk inc covid hosp,1,2026-10-03,30,quantile,0.75,17.3
2026-09-26,wk inc covid hosp,1,2026-10-03,30,quantile,0.8,19.1
2026-09-26,wk inc covid hosp,1,2026-10-03,30,quantile,0.85,20.9
2026-09-26,wk inc covid hosp,1,2026-10-03,30,quantile,0.9,23.8
2026-09-26,wk inc covid hosp,1,2026-10-03,30,quantile,0.95,29.3
2026-09-26,wk inc covid hosp,1,2026-10-03,30,quantile,0.975,34.504999999999995
2026-09-26,wk inc covid hosp,1,2026-10-03,30,quantile,0.99,41.302
2026-09-26,wk inc covid hosp,1,2026-10-03,31,quantile,0.01,0.5
2026-09-26,wk inc covid hosp,1,2026-10-03,31,quantile,0.025,0.9
2026-09-26,wk inc covid hosp,1,2026-10-03,31,quantile,0.05,1.4
2026-09-26,wk inc covid hosp,1,2026-10-03,31,quantile,0.1,1.8
2026-09-26,wk inc covid hosp,1,2026-10-03,31,quantile,0.15,2.3
2026-09-26,wk inc covid hosp,1,2026-10-03,31,quantile,0.2,2.9
2026-09-26,wk inc covid hosp,1,2026-10-03,31,quantile,0.25,3.2
2026-09-26,wk inc covid hosp,1,2026-10-03,31,quantile,0.3,3.8
2026-09-26,wk inc covid hosp,1,2026-10-03,31,quantile,0.35,4.1
2026-09-26,wk inc covid hosp,1,2026-10-03,31,quantile,0.4,4.5
2026-09-26,wk inc covid hosp,1,2026-10-03,31,quantile,0.45,4.9
2026-09-26,wk inc covid hosp,1,2026-10-03,31,quantile,0.5,5.6
2026-09-26,wk inc covid hosp,1,2026-10-03,31,quantile,0.55,6.3
2026-09-26,wk inc covid hosp,1,2026-10-03,31,quantile,0.6,6.8
2026-09-26,wk inc covid hosp,1,2026-10-03,31,quantile,0.65,7.5
2026-09-26,wk inc covid hosp,1,2026-10-03,31,quantile,0.7,8.4
2026-09-26,wk inc covid hosp,1,2026-10-03,31,quantile,0.75,9.7
2026-09-26,wk inc covid hosp,1,2026-10-03,31,quantile,0.8,10.8
2026-09-26,wk inc covid hosp,1,2026-10-03,31,quantile,0.85,12.5
2026-09-26,wk inc covid hosp,1,2026-10-03,31,quantile,0.9,14.5
2026-09-26,wk inc covid hosp,1,2026-10-03,31,quantile,0.95,20.004999999999995
2026-09-26,wk inc covid hosp,1,2026-10-03,31,quantile,0.975,26.4
2026-09-26,wk inc covid hosp,1,2026-10-03,31,quantile,0.99,34.5
2026-09-26,wk inc covid hosp,1,2026-10-03,32,quantile,0.01,8.799
2026-09-26,wk inc covid hosp,1,2026-10-03,32,quantile,0.025,11.3475
2026-09-26,wk inc covid hosp,1,2026-10-03,32,quantile,0.05,13.7
2026-09-26,wk inc covid hosp,1,2026-10-03,32,quantile,0.1,16.7
2026-09-26,wk inc covid hosp,1,2026-10-03,32,quantile,0.15,19.4
2026-09-26,wk inc covid hosp,1,2026-10-03,32,quantile,0.2,21.6
2026-09-26,wk inc covid hosp,1,2026-10-03,32,quantile,0.25,23.1
2026-09-26,wk inc covid hosp,1,2026-10-03,32,quantile,0.3,24.7
2026-09-26,wk inc covid hosp,1,2026-10-03,32,quantile,0.35,26.3
2026-09-26,wk inc covid hosp,1,2026-10-03,32,quantile,0.4,27.8
2026-09-26,wk inc covid hosp,1,2026-10-03,32,quantile,0.45,29.7
2026-09-26,wk inc covid hosp,1,2026-10-03,32,quantile,0.5,31.1
2026-09-26,wk inc covid hosp,1,2026-10-03,32,quantile,0.55,32.345000000000006
2026-09-26,wk inc covid hosp,1,2026-10-03,32,quantile,0.6,33.7
2026-09-26,wk inc covid hosp,1,2026-10-03,32,quantile,0.65,35.6
2026-09-26,wk inc covid hosp,1,2026-10-03,32,quantile,0.7,37.4
2026-09-26,wk inc covid hosp,1,2026-10-03,32,quantile,0.75,40.1
2026-09-26,wk inc covid hosp,1,2026-10-03,32,quantile,0.8,42.52
2026-09-26,wk inc covid hosp,1,2026-10-03,32,quantile,0.85,46.0
2026-09-26,wk inc covid hosp,1,2026-10-03,32,quantile,0.9,50.4
2026-09-26,wk inc covid hosp,1,2026-10-03,32,quantile,0.95,60.004999999999995
2026-09-26,wk inc covid hosp,1,2026-10-03,32,quantile,0.975,70.5
2026-09-26,wk inc covid hosp,1,2026-10-03,32,quantile,0.99,88.2
2026-09-26,wk inc covid hosp,1,2026-10-03,33,quantile,0.01,0.0
2026-09-26,wk inc covid hosp,1,2026-10-03,33,quantile,0.025,0.2
2026-09-26,wk inc covid hosp,1,2026-10-03,33,quantile,0.05,0.5
2026-09-26,wk inc covid hosp,1,2026-10-03,33,quantile,0.1,0.9
2026-09-26,wk inc covid hosp,1,2026-10-03,33,quantile,0.15,1.5
2026-09-26,wk inc covid hosp,1,2026-10-03,33,quantile,0.2,1.8
2026-09-26,wk inc covid hosp,1,2026-10-03,33,quantile,0.25,2.1
2026-09-26,wk inc covid hosp,1,2026-10-03,33,quantile,0.3,2.5
2026-09-26,wk inc covid hosp,1,2026-10-03,33,quantile,0.35,2.8
2026-09-26,wk inc covid hosp,1,2026-10-03,33,quantile,0.4,3.2
2026-09-26,wk inc covid hosp,1,2026-10-03,33,quantile,0.45,3.3
2026-09-26,wk inc covid hosp,1,2026-10-03,33,quantile,0.5,3.8
2026-09-26,wk inc covid hosp,1,2026-10-03,33,quantile,0.55,4.2
2026-09-26,wk inc covid hosp,1,2026-10-03,33,quantile,0.6,4.6
2026-09-26,wk inc covid hosp,1,2026-10-03,33,quantile,0.65,5.2
2026-09-26,wk inc covid hosp,1,2026-10-03,33,quantile,0.7,5.9
2026-09-26,wk inc covid hosp,1,2026-10-03,33,quantile,0.75,7.8
2026-09-26,wk inc covid hosp,1,2026-10-03,33,quantile,0.8,8.9
2026-09-26,wk inc covid hosp,1,2026-10-03,33,quantile,0.85,10.3
2026-09-26,wk inc covid hosp,1,2026-10-03,33,quantile,0.9,12.4
2026-09-26,wk inc covid hosp,1,2026-10-03,33,quantile,0.95,16.2
2026-09-26,wk inc covid hosp,1,2026-10-03,33,quantile,0.975,20.8525
2026-09-26,wk inc covid hosp,1,2026-10-03,33,quantile,0.99,29.7
2026-09-26,wk inc covid hosp,1,2026-10-03,34,quantile,0.01,44.199
2026-09-26,wk inc covid hosp,1,2026-10-03,34,quantile,0.025,53.442499999999995
2026-09-26,wk inc covid hosp,1,2026-10-03,34,quantile,0.05,65.9
2026-09-26,wk inc covid hosp,1,2026-10-03,34,quantile,0.1,76.0
2026-09-26,wk inc covid hosp,1,2026-10-03,34,quantile,0.15,84.2
2026-09-26,wk inc covid hosp,1,2026-10-03,34,quantile,0.2,89.8
2026-09-26,wk inc covid hosp,1,2026-10-03,34,quantile,0.25,93.9
2026-09-26,wk inc covid hosp,1,2026-10-03,34,quantile,0.3,98.2
2026-09-26,wk inc covid hosp,1,2026-10-03,34,quantile,0.35,101.6
2026-09-26,wk inc covid hosp,1,2026-10-03,34,quantile,0.4,104.8
2026-09-26,wk inc covid hosp,1,2026-10-03,34,quantile,0.45,108.5
2026-09-26,wk inc covid hosp,1,2026-10-03,34,quantile,0.5,112.85
2026-09-26,wk inc covid hosp,1,2026-10-03,34,quantile,0.55,115.8
2026-09-26,wk inc covid hosp,1,2026-10-03,34,quantile,0.6,119.4
2026-09-26,wk inc covid hosp,1,2026-10-03,34,quantile,0.65,123.7
2026-09-26,wk inc covid hosp,1,2026-10-03,34,quantile,0.7,128.6
2026-09-26,wk inc covid hosp,1,2026-10-03,34,quantile,0.75,134.6
2026-09-26,wk inc covid hosp,1,2026-10-03,34,quantile,0.8,140.4
2026-09-26,wk inc covid hosp,1,2026-10-03,34,quantile,0.85,148.115
2026-09-26,wk inc covid hosp,1,2026-10-03,34,quantile,0.9,159.91
2026-09-26,wk inc covid hosp,1,2026-10-03,34,quantile,0.95,180.2
2026-09-26,wk inc covid hosp,1,2026-10-03,34,quantile,0.975,209.8575
2026-09-26,wk inc covid hosp,1,2026-10-03,34,quantile,0.99,250.81
2026-09-26,wk inc covid hosp,1,2026-10-03,35,quantile,0.01,1.7
2026-09-26,wk inc covid hosp,1,2026-10-03,35,quantile,0.025,2.3
2026-09-26,wk inc covid hosp,1,2026-10-03,35,quantile,0.05,3.1
2026-09-26,wk inc covid hosp,1,2026-10-03,35,quantile,0.1,4.5
2026-09-26,wk inc covid hosp,1,2026-10-03,35,quantile,0.15,5.3
2026-09-26,wk inc covid hosp,1,2026-10-03,35,quantile,0.2,6.2
2026-09-26,wk inc covid hosp,1,2026-10-03,35,quantile,0.25,7.3
2026-09-26,wk inc covid hosp,1,2026-10-03,35,quantile,0.3,8.1
2026-09-26,wk inc covid hosp,1,2026-10-03,35,quantile,0.35,8.6
2026-09-26,wk inc covid hosp,1,2026-10-03,35,quantile,0.4,9.1
2026-09-26,wk inc covid hosp,1,2026-10-03,35,quantile,0.45,10.1
2026-09-26,wk inc covid hosp,1,2026-10-03,35,quantile,0.5,10.7
2026-09-26,wk inc covid hosp,1,2026-10-03,35,quantile,0.55,11.7
2026-09-26,wk inc covid hosp,1,2026-10-03,35,quantile,0.6,12.2
2026-09-26,wk inc covid hosp,1,2026-10-03,35,quantile,0.65,13.3
2026-09-26,wk inc covid hosp,1,2026-10-03,35,quantile,0.7,14.1
2026-09-26,wk inc covid hosp,1,2026-10-03,35,quantile,0.75,15.6
2026-09-26,wk inc covid hosp,1,2026-10-03,35,quantile,0.8,17.3
2026-09-26,wk inc covid hosp,1,2026-10-03,35,quantile,0.85,19.4
2026-09-26,wk inc covid hosp,1,2026-10-03,35,quantile,0.9,22.0
2026-09-26,wk inc covid hosp,1,2026-10-03,35,quantile,0.95,27.2
2026-09-26,wk inc covid hosp,1,2026-10-03,35,quantile,0.975,33.052499999999995
2026-09-26,wk inc covid hosp,1,2026-10-03,35,quantile,0.99,43.3
2026-09-26,wk inc covid hosp,1,2026-10-03,36,quantile,0.01,108.997
2026-09-26,wk inc covid hosp,1,2026-10-03,36,quantile,0.025,132.89000000000001
2026-09-26,wk inc covid hosp,1,2026-10-03,36,quantile,0.05,154.1
2026-09-26,wk inc covid hosp,1,2026-10-03,36,quantile,0.1,171.69
2026-09-26,wk inc covid hosp,1,2026-10-03,36,quantile,0.15,185.285
2026-09-26,wk inc covid hosp,1,2026-10-03,36,quantile,0.2,196.16
2026-09-26,wk inc covid hosp,1,2026-10-03,36,quantile,0.25,204.3
2026-09-26,wk inc covid hosp,1,2026-10-03,36,quantile,0.3,210.5
2026-09-26,wk inc covid hosp,1,2026-10-03,36,quantile,0.35,215.8
2026-09-26,wk inc covid hosp,1,2026-10-03,36,quantile,0.4,222.06
2026-09-26,wk inc covid hosp,1,2026-10-03,36,quantile,0.45,229.4
2026-09-26,wk inc covid hosp,1,2026-10-03,36,quantile,0.5,235.3
2026-09-26,wk inc covid hosp,1,2026-10-03,36,quantile,0.55,243.5
2026-09-26,wk inc covid hosp,1,2026-10-03,36,quantile,0.6,250.7
2026-09-26,wk inc covid hosp,1,2026-10-03,36,quantile,0.65,258.5
2026-09-26,wk inc covid hosp,1,2026-10-03,36,quantile,0.7,266.8
2026-09-26,wk inc covid hosp,1,2026-10-03,36,quantile,0.75,281.2
2026-09-26,wk inc covid hosp,1,2026-10-03,36,quantile,0.8,293.54
2026-09-26,wk inc covid hosp,1,2026-10-03,36,quantile,0.85,305.9
2026-09-26,wk inc covid hosp,1,2026-10-03,36,quantile,0.9,321.8
2026-09-26,wk inc covid hosp,1,2026-10-03,36,quantile,0.95,353.90500000000003
2026-09-26,wk inc covid hosp,1,2026-10-03,36,quantile,0.975,393.65749999999997
2026-09-26,wk inc covid hosp,1,2026-10-03,36,quantile,0.99,449.948
2026-09-26,wk inc covid hosp,1,2026-10-03,37,quantile,0.01,61.6
2026-09-26,wk inc covid hosp,1,2026-10-03,37,quantile,0.025,74.885
2026-09-26,wk inc covid hosp,1,2026-10-03,37,quantile,0.05,92.58500000000001
2026-09-26,wk inc covid hosp,1,2026-10-03,37,quantile,0.1,107.79
2026-09-26,wk inc covid hosp,1,2026-10-03,37,quantile,0.15,119.7
2026-09-26,wk inc covid hosp,1,2026-10-03,37,quantile,0.2,128.8
2026-09-26,wk inc covid hosp,1,2026-10-03,37,quantile,0.25,138.375
2026-09-26,wk inc covid hosp,1,2026-10-03,37,quantile,0.3,145.87
2026-09-26,wk inc covid hosp,1,2026-10-03,37,quantile,0.35,152.5
2026-09-26,wk inc covid hosp,1,2026-10-03,37,quantile,0.4,156.8
2026-09-26,wk inc covid hosp,1,2026-10-03,37,quantile,0.45,163.8
2026-09-26,wk inc covid hosp,1,2026-10-03,37,quantile,0.5,170.1
2026-09-26,wk inc covid hosp,1,2026-10-03,37,quantile,0.55,175.5
2026-09-26,wk inc covid hosp,1,2026-10-03,37,quantile,0.6,181.7
2026-09-26,wk inc covid hosp,1,2026-10-03,37,quantile,0.65,189.3
2026-09-26,wk inc covid hosp,1,2026-10-03,37,quantile,0.7,197.63
2026-09-26,wk inc covid hosp,1,2026-10-03,37,quantile,0.75,207.5
2026-09-26,wk inc covid hosp,1,2026-10-03,37,quantile,0.8,218.2
2026-09-26,wk inc covid hosp,1,2026-10-03,37,quantile,0.85,229.215
2026-09-26,wk inc covid hosp,1,2026-10-03,37,quantile,0.9,248.20999999999998
2026-09-26,wk inc covid hosp,1,2026-10-03,37,quantile,0.95,285.53
2026-09-26,wk inc covid hosp,1,2026-10-03,37,quantile,0.975,320.0725
2026-09-26,wk inc covid hosp,1,2026-10-03,37,quantile,0.99,390.5
2026-09-26,wk inc covid hosp,1,2026-10-03,38,quantile,0.01,0.0
2026-09-26,wk inc covid hosp,1,2026-10-03,38,quantile,0.025,0.0
2026-09-26,wk inc covid hosp,1,2026-10-03,38,quantile,0.05,0.1
2026-09-26,wk inc covid hosp,1,2026-10-03,38,quantile,0.1,0.2
2026-09-26,wk inc covid hosp,1,2026-10-03,38,quantile,0.15,0.4
2026-09-26,wk inc covid hosp,1,2026-10-03,38,quantile,0.2,0.5
2026-09-26,wk inc covid hosp,1,2026-10-03,38,quantile,0.25,0.8
2026-09-26,wk inc covid hosp,1,2026-10-03,38,quantile,0.3,1.1
2026-09-26,wk inc covid hosp,1,2026-10-03,38,quantile,0.35,1.5
2026-09-26,wk inc covid hosp,1,2026-10-03,38,quantile,0.4,1.6
2026-09-26,wk inc covid hosp,1,2026-10-03,38,quantile,0.45,2.0
2026-09-26,wk inc covid hosp,1,2026-10-03,38,quantile,0.5,2.3
2026-09-26,wk inc covid hosp,1,2026-10-03,38,quantile,0.55,2.7
2026-09-26,wk inc covid hosp,1,2026-10-03,38,quantile,0.6,3.1
2026-09-26,wk inc covid hosp,1,2026-10-03,38,quantile,0.65,3.6
2026-09-26,wk inc covid hosp,1,2026-10-03,38,quantile,0.7,4.1
2026-09-26,wk inc covid hosp,1,2026-10-03,38,quantile,0.75,5.0
2026-09-26,wk inc covid hosp,1,2026-10-03,38,quantile,0.8,6.1
2026-09-26,wk inc covid hosp,1,2026-10-03,38,quantile,0.85,7.6
2026-09-26,wk inc covid hosp,1,2026-10-03,38,quantile,0.9,9.2
2026-09-26,wk inc covid hosp,1,2026-10-03,38,quantile,0.95,15.6
2026-09-26,wk inc covid hosp,1,2026-10-03,38,quantile,0.975,20.3
2026-09-26,wk inc covid hosp,1,2026-10-03,38,quantile,0.99,27.301
2026-09-26,wk inc covid hosp,1,2026-10-03,39,quantile,0.01,21.3
2026-09-26,wk inc covid hosp,1,2026-10-03,39,quantile,0.025,25.8
2026-09-26,wk inc covid hosp,1,2026-10-03,39,quantile,0.05,30.8
2026-09-26,wk inc covid hosp,1,2026-10-03,39,quantile,0.1,37.589999999999996
2026-09-26,wk inc covid hosp,1,2026-10-03,39,quantile,0.15,42.285000000000004
2026-09-26,wk inc covid hosp,1,2026-10-03,39,quantile,0.2,45.4
2026-09-26,wk inc covid hosp,1,2026-10-03,39,quantile,0.25,48.075
2026-09-26,wk inc covid hosp,1,2026-10-03,39,quantile,0.3,51.3
2026-09-26,wk inc covid hosp,1,2026-10-03,39,quantile,0.35,54.4
2026-09-26,wk inc covid hosp,1,2026-10-03,39,quantile,0.4,57.5
2026-09-26,wk inc covid hosp,1,2026-10-03,39,quantile,0.45,60.455
2026-09-26,wk inc covid hosp,1,2026-10-03,39,quantile,0.5,63.1
2026-09-26,wk inc covid hosp,1,2026-10-03,39,quantile,0.55,65.3
2026-09-26,wk inc covid hosp,1,2026-10-03,39,quantile,0.6,69.3
2026-09-26,wk inc covid hosp,1,2026-10-03,39,quantile,0.65,73.33500000000001
2026-09-26,wk inc covid hosp,1,2026-10-03,39,quantile,0.7,76.5
2026-09-26,wk inc covid hosp,1,2026-10-03,39,quantile,0.75,81.8
2026-09-26,wk inc covid hosp,1,2026-10-03,39,quantile,0.8,86.2
2026-09-26,wk inc covid hosp,1,2026-10-03,39,quantile,0.85,93.215
2026-09-26,wk inc covid hosp,1,2026-10-03,39,quantile,0.9,105.02000000000001
2026-09-26,wk inc covid hosp,1,2026-10-03,39,quantile,0.95,121.51499999999999
2026-09-26,wk inc covid hosp,1,2026-10-03,39,quantile,0.975,140.85250000000002
2026-09-26,wk inc covid hosp,1,2026-10-03,39,quantile,0.99,175.724
2026-09-26,wk inc covid hosp,1,2026-10-03,40,quantile,0.01,4.6
2026-09-26,wk inc covid hosp,1,2026-10-03,40,quantile,0.025,6.1
2026-09-26,wk inc covid hosp,1,2026-10-03,40,quantile,0.05,7.4
2026-09-26,wk inc covid hosp,1,2026-10-03,40,quantile,0.1,9.0
2026-09-26,wk inc covid hosp,1,2026-10-03,40,quantile,0.15,11.1
2026-09-26,wk inc covid hosp,1,2026-10-03,40,quantile,0.2,12.580000000000002
2026-09-26,wk inc covid hosp,1,2026-10-03,40,quantile,0.25,13.7
2026-09-26,wk inc covid hosp,1,2026-10-03,40,quantile,0.3,14.7
2026-09-26,wk inc covid hosp,1,2026-10-03,40,quantile,0.35,16.0
2026-09-26,wk inc covid hosp,1,2026-10-03,40,quantile,0.4,17.6
2026-09-26,wk inc covid hosp,1,2026-10-03,40,quantile,0.45,18.655
2026-09-26,wk inc covid hosp,1,2026-10-03,40,quantile,0.5,19.6
2026-09-26,wk inc covid hosp,1,2026-10-03,40,quantile,0.55,20.7
2026-09-26,wk inc covid hosp,1,2026-10-03,40,quantile,0.6,22.1
2026-09-26,wk inc covid hosp,1,2026-10-03,40,quantile,0.65,24.1
2026-09-26,wk inc covid hosp,1,2026-10-03,40,quantile,0.7,25.5
2026-09-26,wk inc covid hosp,1,2026-10-03,40,quantile,0.75,27.7
2026-09-26,wk inc covid hosp,1,2026-10-03,40,quantile,0.8,29.7
2026-09-26,wk inc covid hosp,1,2026-10-03,40,quantile,0.85,33.114999999999995
2026-09-26,wk inc covid hosp,1,2026-10-03,40,quantile,0.9,38.0
2026-09-26,wk inc covid hosp,1,2026-10-03,40,quantile,0.95,48.7
2026-09-26,wk inc covid hosp,1,2026-10-03,40,quantile,0.975,56.2
2026-09-26,wk inc covid hosp,1,2026-10-03,40,quantile,0.99,69.902
2026-09-26,wk inc covid hosp,1,2026-10-03,41,quantile,0.01,14.8
2026-09-26,wk inc covid hosp,1,2026-10-03,41,quantile,0.025,17.9
2026-09-26,wk inc covid hosp,1,2026-10-03,41,quantile,0.05,20.5
2026-09-26,wk inc covid hosp,1,2026-10-03,41,quantile,0.1,23.39
2026-09-26,wk inc covid hosp,1,2026-10-03,41,quantile,0.15,26.5
2026-09-26,wk inc covid hosp,1,2026-10-03,41,quantile,0.2,29.0
2026-09-26,wk inc covid hosp,1,2026-10-03,41,quantile,0.25,30.8
2026-09-26,wk inc covid hosp,1,2026-10-03,41,quantile,0.3,32.3
2026-09-26,wk inc covid hosp,1,2026-10-03,41,quantile,0.35,33.5
2026-09-26,wk inc covid hosp,1,2026-10-03,41,quantile,0.4,35.2
2026-09-26,wk inc covid hosp,1,2026-10-03,41,quantile,0.45,36.9
2026-09-26,wk inc covid hosp,1,2026-10-03,41,quantile,0.5,38.0
2026-09-26,wk inc covid hosp,1,2026-10-03,41,quantile,0.55,39.2
2026-09-26,wk inc covid hosp,1,2026-10-03,41,quantile,0.6,41.14
2026-09-26,wk inc covid hosp,1,2026-10-03,41,quantile,0.65,42.5
2026-09-26,wk inc covid hosp,1,2026-10-03,41,quantile,0.7,44.5
2026-09-26,wk inc covid hosp,1,2026-10-03,41,quantile,0.75,46.5
2026-09-26,wk inc covid hosp,1,2026-10-03,41,quantile,0.8,48.9
2026-09-26,wk inc covid hosp,1,2026-10-03,41,quantile,0.85,52.0
2026-09-26,wk inc covid hosp,1,2026-10-03,41,quantile,0.9,56.7
2026-09-26,wk inc covid hosp,1,2026-10-03,41,quantile,0.95,65.10499999999999
2026-09-26,wk inc covid hosp,1,2026-10-03,41,quantile,0.975,74.6
2026-09-26,wk inc covid hosp,1,2026-10-03,41,quantile,0.99,90.102
2026-09-26,wk inc covid hosp,1,2026-10-03,42,quantile,0.01,63.098
2026-09-26,wk inc covid hosp,1,2026-10-03,42,quantile,0.025,74.495
2026-09-26,wk inc covid hosp,1,2026-10-03,42,quantile,0.05,90.89
2026-09-26,wk inc covid hosp,1,2026-10-03,42,quantile,0.1,104.4
2026-09-26,wk inc covid hosp,1,2026-10-03,42,quantile,0.15,113.68499999999999
2026-09-26,wk inc covid hosp,1,2026-10-03,42,quantile,0.2,121.2
2026-09-26,wk inc covid hosp,1,2026-10-03,42,quantile,0.25,128.775
2026-09-26,wk inc covid hosp,1,2026-10-03,42,quantile,0.3,134.6
2026-09-26,wk inc covid hosp,1,2026-10-03,42,quantile,0.35,139.1
2026-09-26,wk inc covid hosp,1,2026-10-03,42,quantile,0.4,143.5
2026-09-26,wk inc covid hosp,1,2026-10-03,42,quantile,0.45,147.8
2026-09-26,wk inc covid hosp,1,2026-10-03,42,quantile,0.5,152.6
2026-09-26,wk inc covid hosp,1,2026-10-03,42,quantile,0.55,156.5
2026-09-26,wk inc covid hosp,1,2026-10-03,42,quantile,0.6,162.8
2026-09-26,wk inc covid hosp,1,2026-10-03,42,quantile,0.65,168.3
2026-09-26,wk inc covid hosp,1,2026-10-03,42,quantile,0.7,174.0
2026-09-26,wk inc covid hosp,1,2026-10-03,42,quantile,0.75,179.5
2026-09-26,wk inc covid hosp,1,2026-10-03,42,quantile,0.8,187.5
2026-09-26,wk inc covid hosp,1,2026-10-03,42,quantile,0.85,198.51500000000001
2026-09-26,wk inc covid hosp,1,2026-10-03,42,quantile,0.9,215.0
2026-09-26,wk inc covid hosp,1,2026-10-03,42,quantile,0.95,243.10999999999999
2026-09-26,wk inc covid hosp,1,2026-10-03,42,quantile,0.975,282.305
2026-09-26,wk inc covid hosp,1,2026-10-03,42,quantile,0.99,322.402
2026-09-26,wk inc covid hosp,1,2026-10-03,44,quantile,0.01,3.4
2026-09-26,wk inc covid hosp,1,2026-10-03,44,quantile,0.025,4.4
2026-09-26,wk inc covid hosp,1,2026-10-03,44,quantile,0.05,5.3
2026-09-26,wk inc covid hosp,1,2026-10-03,44,quantile,0.1,6.5
2026-09-26,wk inc covid hosp,1,2026-10-03,44,quantile,0.15,7.6
2026-09-26,wk inc covid hosp,1,2026-10-03,44,quantile,0.2,8.6
2026-09-26,wk inc covid hosp,1,2026-10-03,44,quantile,0.25,9.4
2026-09-26,wk inc covid hosp,1,2026-10-03,44,quantile,0.3,10.0
2026-09-26,wk inc covid hosp,1,2026-10-03,44,quantile,0.35,10.7
2026-09-26,wk inc covid hosp,1,2026-10-03,44,quantile,0.4,11.6
2026-09-26,wk inc covid hosp,1,2026-10-03,44,quantile,0.45,12.2
2026-09-26,wk inc covid hosp,1,2026-10-03,44,quantile,0.5,12.7
2026-09-26,wk inc covid hosp,1,2026-10-03,44,quantile,0.55,13.5
2026-09-26,wk inc covid hosp,1,2026-10-03,44,quantile,0.6,14.4
2026-09-26,wk inc covid hosp,1,2026-10-03,44,quantile,0.65,15.2
2026-09-26,wk inc covid hosp,1,2026-10-03,44,quantile,0.7,16.0
2026-09-26,wk inc covid hosp,1,2026-10-03,44,quantile,0.75,17.1
2026-09-26,wk inc covid hosp,1,2026-10-03,44,quantile,0.8,18.7
2026-09-26,wk inc covid hosp,1,2026-10-03,44,quantile,0.85,20.3
2026-09-26,wk inc covid hosp,1,2026-10-03,44,quantile,0.9,22.7
2026-09-26,wk inc covid hosp,1,2026-10-03,44,quantile,0.95,27.3
2026-09-26,wk inc covid hosp,1,2026-10-03,44,quantile,0.975,32.0
2026-09-26,wk inc covid hosp,1,2026-10-03,44,quantile,0.99,40.001
2026-09-26,wk inc covid hosp,1,2026-10-03,45,quantile,0.01,14.2
2026-09-26,wk inc covid hosp,1,2026-10-03,45,quantile,0.025,19.7
2026-09-26,wk inc covid hosp,1,2026-10-03,45,quantile,0.05,23.9
2026-09-26,wk inc covid hosp,1,2026-10-03,45,quantile,0.1,28.9
2026-09-26,wk inc covid hosp,1,2026-10-03,45,quantile,0.15,33.0
2026-09-26,wk inc covid hosp,1,2026-10-03,45,quantile,0.2,35.78
2026-09-26,wk inc covid hosp,1,2026-10-03,45,quantile,0.25,37.9
2026-09-26,wk inc covid hosp,1,2026-10-03,45,quantile,0.3,39.87
2026-09-26,wk inc covid hosp,1,2026-10-03,45,quantile,0.35,42.7
2026-09-26,wk inc covid hosp,1,2026-10-03,45,quantile,0.4,44.4
2026-09-26,wk inc covid hosp,1,2026-10-03,45,quantile,0.45,46.4
2026-09-26,wk inc covid hosp,1,2026-10-03,45,quantile,0.5,49.0
2026-09-26,wk inc covid hosp,1,2026-10-03,45,quantile,0.55,51.1
2026-09-26,wk inc covid hosp,1,2026-10-03,45,quantile,0.6,52.9
2026-09-26,wk inc covid hosp,1,2026-10-03,45,quantile,0.65,55.6
2026-09-26,wk inc covid hosp,1,2026-10-03,45,quantile,0.7,58.6
2026-09-26,wk inc covid hosp,1,2026-10-03,45,quantile,0.75,61.7
2026-09-26,wk inc covid hosp,1,2026-10-03,45,quantile,0.8,64.7
2026-09-26,wk inc covid hosp,1,2026-10-03,45,quantile,0.85,69.815
2026-09-26,wk inc covid hosp,1,2026-10-03,45,quantile,0.9,76.0
2026-09-26,wk inc covid hosp,1,2026-10-03,45,quantile,0.95,87.3
2026-09-26,wk inc covid hosp,1,2026-10-03,45,quantile,0.975,100.0
2026-09-26,wk inc covid hosp,1,2026-10-03,45,quantile,0.99,118.008
2026-09-26,wk inc covid hosp,1,2026-10-03,46,quantile,0.01,0.7
2026-09-26,wk inc covid hosp,1,2026-10-03,46,quantile,0.025,0.9
2026-09-26,wk inc covid hosp,1,2026-10-03,46,quantile,0.05,1.3
2026-09-26,wk inc covid hosp,1,2026-10-03,46,quantile,0.1,1.8
2026-09-26,wk inc covid hosp,1,2026-10-03,46,quantile,0.15,2.4
2026-09-26,wk inc covid hosp,1,2026-10-03,46,quantile,0.2,2.8
2026-09-26,wk inc covid hosp,1,2026-10-03,46,quantile,0.25,3.3
2026-09-26,wk inc covid hosp,1,2026-10-03,46,quantile,0.3,3.7
2026-09-26,wk inc covid hosp,1,2026-10-03,46,quantile,0.35,4.2
2026-09-26,wk inc covid hosp,1,2026-10-03,46,quantile,0.4,4.5
2026-09-26,wk inc covid hosp,1,2026-10-03,46,quantile,0.45,5.3
2026-09-26,wk inc covid hosp,1,2026-10-03,46,quantile,0.5,5.5
2026-09-26,wk inc covid hosp,1,2026-10-03,46,quantile,0.55,5.8
2026-09-26,wk inc covid hosp,1,2026-10-03,46,quantile,0.6,6.1
2026-09-26,wk inc covid hosp,1,2026-10-03,46,quantile,0.65,6.6
2026-09-26,wk inc covid hosp,1,2026-10-03,46,quantile,0.7,7.3
2026-09-26,wk inc covid hosp,1,2026-10-03,46,quantile,0.75,8.8
2026-09-26,wk inc covid hosp,1,2026-10-03,46,quantile,0.8,9.6
2026-09-26,wk inc covid hosp,1,2026-10-03,46,quantile,0.85,11.1
2026-09-26,wk inc covid hosp,1,2026-10-03,46,quantile,0.9,12.8
2026-09-26,wk inc covid hosp,1,2026-10-03,46,quantile,0.95,17.4
2026-09-26,wk inc covid hosp,1,2026-10-03,46,quantile,0.975,21.1
2026-09-26,wk inc covid hosp,1,2026-10-03,46,quantile,0.99,27.7
2026-09-26,wk inc covid hosp,1,2026-10-03,47,quantile,0.01,24.4
2026-09-26,wk inc covid hosp,1,2026-10-03,47,quantile,0.025,30.1475
2026-09-26,wk inc covid hosp,1,2026-10-03,47,quantile,0.05,34.9
2026-09-26,wk inc covid hosp,1,2026-10-03,47,quantile,0.1,42.0
2026-09-26,wk inc covid hosp,1,2026-10-03,47,quantile,0.15,47.685
2026-09-26,wk inc covid hosp,1,2026-10-03,47,quantile,0.2,50.9
2026-09-26,wk inc covid hosp,1,2026-10-03,47,quantile,0.25,53.9
2026-09-26,wk inc covid hosp,1,2026-10-03,47,quantile,0.3,56.3
2026-09-26,wk inc covid hosp,1,2026-10-03,47,quantile,0.35,58.5
2026-09-26,wk inc covid hosp,1,2026-10-03,47,quantile,0.4,60.6
2026-09-26,wk inc covid hosp,1,2026-10-03,47,quantile,0.45,63.3
2026-09-26,wk inc covid hosp,1,2026-10-03,47,quantile,0.5,65.3
2026-09-26,wk inc covid hosp,1,2026-10-03,47,quantile,0.55,67.5
2026-09-26,wk inc covid hosp,1,2026-10-03,47,quantile,0.6,70.2
2026-09-26,wk inc covid hosp,1,2026-10-03,47,quantile,0.65,73.3
2026-09-26,wk inc covid hosp,1,2026-10-03,47,quantile,0.7,76.53
2026-09-26,wk inc covid hosp,1,2026-10-03,47,quantile,0.75,79.9
2026-09-26,wk inc covid hosp,1,2026-10-03,47,quantile,0.8,84.8
2026-09-26,wk inc covid hosp,1,2026-10-03,47,quantile,0.85,90.1
2026-09-26,wk inc covid hosp,1,2026-10-03,47,quantile,0.9,99.61
2026-09-26,wk inc covid hosp,1,2026-10-03,47,quantile,0.95,119.1
2026-09-26,wk inc covid hosp,1,2026-10-03,47,quantile,0.975,135.6
2026-09-26,wk inc covid hosp,1,2026-10-03,47,quantile,0.99,165.31699999999998
2026-09-26,wk inc covid hosp,1,2026-10-03,48,quantile,0.01,115.599
2026-09-26,wk inc covid hosp,1,2026-10-03,48,quantile,0.025,152.7
2026-09-26,wk inc covid hosp,1,2026-10-03,48,quantile,0.05,189.39000000000001
2026-09-26,wk inc covid hosp,1,2026-10-03,48,quantile,0.1,227.49
2026-09-26,wk inc covid hosp,1,2026-10-03,48,quantile,0.15,251.385
2026-09-26,wk inc covid hosp,1,2026-10-03,48,quantile,0.2,272.3
2026-09-26,wk inc covid hosp,1,2026-10-03,48,quantile,0.25,287.3
2026-09-26,wk inc covid hosp,1,2026-10-03,48,quantile,0.3,299.6
2026-09-26,wk inc covid hosp,1,2026-10-03,48,quantile,0.35,309.165
2026-09-26,wk inc covid hosp,1,2026-10-03,48,quantile,0.4,320.86
2026-09-26,wk inc covid hosp,1,2026-10-03,48,quantile,0.45,334.9
2026-09-26,wk inc covid hosp,1,2026-10-03,48,quantile,0.5,348.9
2026-09-26,wk inc covid hosp,1,2026-10-03,48,quantile,0.55,358.145
2026-09-26,wk inc covid hosp,1,2026-10-03,48,quantile,0.6,369.9
2026-09-26,wk inc covid hosp,1,2026-10-03,48,quantile,0.65,385.5
2026-09-26,wk inc covid hosp,1,2026-10-03,48,quantile,0.7,407.6
2026-09-26,wk inc covid hosp,1,2026-10-03,48,quantile,0.75,431.8
2026-09-26,wk inc covid hosp,1,2026-10-03,48,quantile,0.8,452.2
2026-09-26,wk inc covid hosp,1,2026-10-03,48,quantile,0.85,488.11499999999995
2026-09-26,wk inc covid hosp,1,2026-10-03,48,quantile,0.9,530.63
2026-09-26,wk inc covid hosp,1,2026-10-03,48,quantile,0.95,618.005
2026-09-26,wk inc covid hosp,1,2026-10-03,48,quantile,0.975,703.825
2026-09-26,wk inc covid hosp,1,2026-10-03,48,quantile,0.99,830.5859999999999
2026-09-26,wk inc covid hosp,1,2026-10-03,49,quantile,0.01,4.9
2026-09-26,wk inc covid hosp,1,2026-10-03,49,quantile,0.025,6.9
2026-09-26,wk inc covid hosp,1,2026-10-03,49,quantile,0.05,8.5
2026-09-26,wk inc covid hosp,1,2026-10-03,49,quantile,0.1,10.9
2026-09-26,wk inc covid hosp,1,2026-10-03,49,quantile,0.15,12.2
2026-09-26,wk inc covid hosp,1,2026-10-03,49,quantile,0.2,13.5
2026-09-26,wk inc covid hosp,1,2026-10-03,49,quantile,0.25,14.8
2026-09-26,wk inc covid hosp,1,2026-10-03,49,quantile,0.3,15.6
2026-09-26,wk inc covid hosp,1,2026-10-03,49,quantile,0.35,16.9
2026-09-26,wk inc covid hosp,1,2026-10-03,49,quantile,0.4,18.0
2026-09-26,wk inc covid hosp,1,2026-10-03,49,quantile,0.45,19.355
2026-09-26,wk inc covid hosp,1,2026-10-03,49,quantile,0.5,20.3
2026-09-26,wk inc covid hosp,1,2026-10-03,49,quantile,0.55,21.2
2026-09-26,wk inc covid hosp,1,2026-10-03,49,quantile,0.6,22.4
2026-09-26,wk inc covid hosp,1,2026-10-03,49,quantile,0.65,23.9
2026-09-26,wk inc covid hosp,1,2026-10-03,49,quantile,0.7,25.7
2026-09-26,wk inc covid hosp,1,2026-10-03,49,quantile,0.75,27.4
2026-09-26,wk inc covid hosp,1,2026-10-03,49,quantile,0.8,29.8
2026-09-26,wk inc covid hosp,1,2026-10-03,49,quantile,0.85,32.7
2026-09-26,wk inc covid hosp,1,2026-10-03,49,quantile,0.9,36.3
2026-09-26,wk inc covid hosp,1,2026-10-03,49,quantile,0.95,44.404999999999994
2026-09-26,wk inc covid hosp,1,2026-10-03,49,quantile,0.975,52.5
2026-09-26,wk inc covid hosp,1,2026-10-03,49,quantile,0.99,69.203
2026-09-26,wk inc covid hosp,1,2026-10-03,50,quantile,0.01,0.0
2026-09-26,wk inc covid hosp,1,2026-10-03,50,quantile,0.025,0.3
2026-09-26,wk inc covid hosp,1,2026-10-03,50,quantile,0.05,0.4
2026-09-26,wk inc covid hosp,1,2026-10-03,50,quantile,0.1,0.8
2026-09-26,wk inc covid hosp,1,2026-10-03,50,quantile,0.15,1.0
2026-09-26,wk inc covid hosp,1,2026-10-03,50,quantile,0.2,1.4
2026-09-26,wk inc covid hosp,1,2026-10-03,50,quantile,0.25,1.6
2026-09-26,wk inc covid hosp,1,2026-10-03,50,quantile,0.3,2.2
2026-09-26,wk inc covid hosp,1,2026-10-03,50,quantile,0.35,2.2
2026-09-26,wk inc covid hosp,1,2026-10-03,50,quantile,0.4,2.5
2026-09-26,wk inc covid hosp,1,2026-10-03,50,quantile,0.45,2.6
2026-09-26,wk inc covid hosp,1,2026-10-03,50,quantile,0.5,3.2
2026-09-26,wk inc covid hosp,1,2026-10-03,50,quantile,0.55,3.4
2026-09-26,wk inc covid hosp,1,2026-10-03,50,quantile,0.6,3.6
2026-09-26,wk inc covid hosp,1,2026-10-03,50,quantile,0.65,4.2
2026-09-26,wk inc covid hosp,1,2026-10-03,50,quantile,0.7,4.6
2026-09-26,wk inc covid hosp,1,2026-10-03,50,quantile,0.75,5.6
2026-09-26,wk inc covid hosp,1,2026-10-03,50,quantile,0.8,6.4
2026-09-26,wk inc covid hosp,1,2026-10-03,50,quantile,0.85,7.4
2026-09-26,wk inc covid hosp,1,2026-10-03,50,quantile,0.9,9.010000000000002
2026-09-26,wk inc covid hosp,1,2026-10-03,50,quantile,0.95,11.8
2026-09-26,wk inc covid hosp,1,2026-10-03,50,quantile,0.975,14.5
2026-09-26,wk inc covid hosp,1,2026-10-03,50,quantile,0.99,20.401999999999997
2026-09-26,wk inc covid hosp,1,2026-10-03,51,quantile,0.01,20.099
2026-09-26,wk inc covid hosp,1,2026-10-03,51,quantile,0.025,24.1475
2026-09-26,wk inc covid hosp,1,2026-10-03,51,quantile,0.05,27.095
2026-09-26,wk inc covid hosp,1,2026-10-03,51,quantile,0.1,31.3
2026-09-26,wk inc covid hosp,1,2026-10-03,51,quantile,0.15,34.985
2026-09-26,wk inc covid hosp,1,2026-10-03,51,quantile,0.2,37.8
2026-09-26,wk inc covid hosp,1,2026-10-03,51,quantile,0.25,39.6
2026-09-26,wk inc covid hosp,1,2026-10-03,51,quantile,0.3,42.0
2026-09-26,wk inc covid hosp,1,2026-10-03,51,quantile,0.35,44.0
2026-09-26,wk inc covid hosp,1,2026-10-03,51,quantile,0.4,46.0
2026-09-26,wk inc covid hosp,1,2026-10-03,51,quantile,0.45,48.2
2026-09-26,wk inc covid hosp,1,2026-10-03,51,quantile,0.5,50.0
2026-09-26,wk inc covid hosp,1,2026-10-03,51,quantile,0.55,51.44500000000001
2026-09-26,wk inc covid hosp,1,2026-10-03,51,quantile,0.6,53.4
2026-09-26,wk inc covid hosp,1,2026-10-03,51,quantile,0.65,55.1
2026-09-26,wk inc covid hosp,1,2026-10-03,51,quantile,0.7,57.6
2026-09-26,wk inc covid hosp,1,2026-10-03,51,quantile,0.75,61.5
2026-09-26,wk inc covid hosp,1,2026-10-03,51,quantile,0.8,64.0
2026-09-26,wk inc covid hosp,1,2026-10-03,51,quantile,0.85,69.1
2026-09-26,wk inc covid hosp,1,2026-10-03,51,quantile,0.9,74.6
2026-09-26,wk inc covid hosp,1,2026-10-03,51,quantile,0.95,87.9
2026-09-26,wk inc covid hosp,1,2026-10-03,51,quantile,0.975,99.905
2026-09-26,wk inc covid hosp,1,2026-10-03,51,quantile,0.99,123.71799999999999
2026-09-26,wk inc covid hosp,1,2026-10-03,53,quantile,0.01,50.698
2026-09-26,wk inc covid hosp,1,2026-10-03,53,quantile,0.025,58.6475
2026-09-26,wk inc covid hosp,1,2026-10-03,53,quantile,0.05,68.8
2026-09-26,wk inc covid hosp,1,2026-10-03,53,quantile,0.1,78.19
2026-09-26,wk inc covid hosp,1,2026-10-03,53,quantile,0.15,85.2
2026-09-26,wk inc covid hosp,1,2026-10-03,53,quantile,0.2,90.7
2026-09-26,wk inc covid hosp,1,2026-10-03,53,quantile,0.25,94.9
2026-09-26,wk inc covid hosp,1,2026-10-03,53,quantile,0.3,100.5
2026-09-26,wk inc covid hosp,1,2026-10-03,53,quantile,0.35,104.1
2026-09-26,wk inc covid hosp,1,2026-10-03,53,quantile,0.4,109.5
2026-09-26,wk inc covid hosp,1,2026-10-03,53,quantile,0.45,113.6
2026-09-26,wk inc covid hosp,1,2026-10-03,53,quantile,0.5,117.0
2026-09-26,wk inc covid hosp,1,2026-10-03,53,quantile,0.55,120.44500000000001
2026-09-26,wk inc covid hosp,1,2026-10-03,53,quantile,0.6,125.5
2026-09-26,wk inc covid hosp,1,2026-10-03,53,quantile,0.65,130.3
2026-09-26,wk inc covid hosp,1,2026-10-03,53,quantile,0.7,136.13
2026-09-26,wk inc covid hosp,1,2026-10-03,53,quantile,0.75,142.6
2026-09-26,wk inc covid hosp,1,2026-10-03,53,quantile,0.8,150.62
2026-09-26,wk inc covid hosp,1,2026-10-03,53,quantile,0.85,159.3
2026-09-26,wk inc covid hosp,1,2026-10-03,53,quantile,0.9,170.4
2026-09-26,wk inc covid hosp,1,2026-10-03,53,quantile,0.95,191.9
2026-09-26,wk inc covid hosp,1,2026-10-03,53,quantile,0.975,214.91499999999996
2026-09-26,wk inc covid hosp,1,2026-10-03,53,quantile,0.99,245.721
2026-09-26,wk inc covid hosp,1,2026-10-03,54,quantile,0.01,4.3
2026-09-26,wk inc covid hosp,1,2026-10-03,54,quantile,0.025,5.3475
2026-09-26,wk inc covid hosp,1,2026-10-03,54,quantile,0.05,6.3
2026-09-26,wk inc covid hosp,1,2026-10-03,54,quantile,0.1,7.99
2026-09-26,wk inc covid hosp,1,2026-10-03,54,quantile,0.15,9.1
2026-09-26,wk inc covid hosp,1,2026-10-03,54,quantile,0.2,10.3
2026-09-26,wk inc covid hosp,1,2026-10-03,54,quantile,0.25,11.175
2026-09-26,wk inc covid hosp,1,2026-10-03,54,quantile,0.3,11.8
2026-09-26,wk inc covid hosp,1,2026-10-03,54,quantile,0.35,13.1
2026-09-26,wk inc covid hosp,1,2026-10-03,54,quantile,0.4,14.2
2026-09-26,wk inc covid hosp,1,2026-10-03,54,quantile,0.45,15.1
2026-09-26,wk inc covid hosp,1,2026-10-03,54,quantile,0.5,16.0
2026-09-26,wk inc covid hosp,1,2026-10-03,54,quantile,0.55,16.8
2026-09-26,wk inc covid hosp,1,2026-10-03,54,quantile,0.6,18.0
2026-09-26,wk inc covid hosp,1,2026-10-03,54,quantile,0.65,18.8
2026-09-26,wk inc covid hosp,1,2026-10-03,54,quantile,0.7,20.2
2026-09-26,wk inc covid hosp,1,2026-10-03,54,quantile,0.75,22.4
2026-09-26,wk inc covid hosp,1,2026-10-03,54,quantile,0.8,24.2
2026-09-26,wk inc covid hosp,1,2026-10-03,54,quantile,0.85,27.0
2026-09-26,wk inc covid hosp,1,2026-10-03,54,quantile,0.9,30.1
2026-09-26,wk inc covid hosp,1,2026-10-03,54,quantile,0.95,36.7
2026-09-26,wk inc covid hosp,1,2026-10-03,54,quantile,0.975,43.3
2026-09-26,wk inc covid hosp,1,2026-10-03,54,quantile,0.99,51.8
2026-09-26,wk inc covid hosp,1,2026-10-03,55,quantile,0.01,6.9
2026-09-26,wk inc covid hosp,1,2026-10-03,55,quantile,0.025,8.8
2026-09-26,wk inc covid hosp,1,2026-10-03,55,quantile,0.05,10.695
2026-09-26,wk inc covid hosp,1,2026-10-03,55,quantile,0.1,12.9
2026-09-26,wk inc covid hosp,1,2026-10-03,55,quantile,0.15,15.1
2026-09-26,wk inc covid hosp,1,2026-10-03,55,quantile,0.2,16.8
2026-09-26,wk inc covid hosp,1,2026-10-03,55,quantile,0.25,18.2
2026-09-26,wk inc covid hosp,1,2026-10-03,55,quantile,0.3,19.8
2026-09-26,wk inc covid hosp,1,2026-10-03,55,quantile,0.35,21.1
2026-09-26,wk inc covid hosp,1,2026-10-03,55,quantile,0.4,22.1
2026-09-26,wk inc covid hosp,1,2026-10-03,55,quantile,0.45,23.8
2026-09-26,wk inc covid hosp,1,2026-10-03,55,quantile,0.5,25.1
2026-09-26,wk inc covid hosp,1,2026-10-03,55,quantile,0.55,26.1
2026-09-26,wk inc covid hosp,1,2026-10-03,55,quantile,0.6,27.5
2026-09-26,wk inc covid hosp,1,2026-10-03,55,quantile,0.65,28.8
2026-09-26,wk inc covid hosp,1,2026-10-03,55,quantile,0.7,30.3
2026-09-26,wk inc covid hosp,1,2026-10-03,55,quantile,0.75,33.0
2026-09-26,wk inc covid hosp,1,2026-10-03,55,quantile,0.8,36.4
2026-09-26,wk inc covid hosp,1,2026-10-03,55,quantile,0.85,40.8
2026-09-26,wk inc covid hosp,1,2026-10-03,55,quantile,0.9,45.5
2026-09-26,wk inc covid hosp,1,2026-10-03,55,quantile,0.95,55.2
2026-09-26,wk inc covid hosp,1,2026-10-03,55,quantile,0.975,66.05749999999999
2026-09-26,wk inc covid hosp,1,2026-10-03,55,quantile,0.99,89.103
2026-09-26,wk inc covid hosp,1,2026-10-03,56,quantile,0.01,0.0
2026-09-26,wk inc covid hosp,1,2026-10-03,56,quantile,0.025,0.0
2026-09-26,wk inc covid hosp,1,2026-10-03,56,quantile,0.05,0.0
2026-09-26,wk inc covid hosp,1,2026-10-03,56,quantile,0.1,0.3
2026-09-26,wk inc covid hosp,1,2026-10-03,56,quantile,0.15,0.7
2026-09-26,wk inc covid hosp,1,2026-10-03,56,quantile,0.2,0.8
2026-09-26,wk inc covid hosp,1,2026-10-03,56,quantile,0.25,1.0
2026-09-26,wk inc covid hosp,1,2026-10-03,56,quantile,0.3,1.5
2026-09-26,wk inc covid hosp,1,2026-10-03,56,quantile,0.35,1.5
2026-09-26,wk inc covid hosp,1,2026-10-03,56,quantile,0.4,1.8
2026-09-26,wk inc covid hosp,1,2026-10-03,56,quantile,0.45,1.9
2026-09-26,wk inc covid hosp,1,2026-10-03,56,quantile,0.5,2.1
2026-09-26,wk inc covid hosp,1,2026-10-03,56,quantile,0.55,2.6
2026-09-26,wk inc covid hosp,1,2026-10-03,56,quantile,0.6,2.9399999999999977
2026-09-26,wk inc covid hosp,1,2026-10-03,56,quantile,0.65,3.4
2026-09-26,wk inc covid hosp,1,2026-10-03,56,quantile,0.7,4.1
2026-09-26,wk inc covid hosp,1,2026-10-03,56,quantile,0.75,4.7
2026-09-26,wk inc covid hosp,1,2026-10-03,56,quantile,0.8,5.4
2026-09-26,wk inc covid hosp,1,2026-10-03,56,quantile,0.85,6.5
2026-09-26,wk inc covid hosp,1,2026-10-03,56,quantile,0.9,8.1
2026-09-26,wk inc covid hosp,1,2026-10-03,56,quantile,0.95,12.004999999999995
2026-09-26,wk inc covid hosp,1,2026-10-03,56,quantile,0.975,18.5
2026-09-26,wk inc covid hosp,1,2026-10-03,56,quantile,0.99,24.2
2026-09-26,wk inc covid hosp,1,2026-10-03,72,quantile,0.01,25.7
2026-09-26,wk inc covid hosp,1,2026-10-03,72,quantile,0.025,33.1
2026-09-26,wk inc covid hosp,1,2026-10-03,72,quantile,0.05,41.29
2026-09-26,wk inc covid hosp,1,2026-10-03,72,quantile,0.1,49.5
2026-09-26,wk inc covid hosp,1,2026-10-03,72,quantile,0.15,57.685
2026-09-26,wk inc covid hosp,1,2026-10-03,72,quantile,0.2,62.7
2026-09-26,wk inc covid hosp,1,2026-10-03,72,quantile,0.25,67.5
2026-09-26,wk inc covid hosp,1,2026-10-03,72,quantile,0.3,71.37
2026-09-26,wk inc covid hosp,1,2026-10-03,72,quantile,0.35,76.365
2026-09-26,wk inc covid hosp,1,2026-10-03,72,quantile,0.4,79.9
2026-09-26,wk inc covid hosp,1,2026-10-03,72,quantile,0.45,84.85499999999999
2026-09-26,wk inc covid hosp,1,2026-10-03,72,quantile,0.5,88.0
2026-09-26,wk inc covid hosp,1,2026-10-03,72,quantile,0.55,91.3
2026-09-26,wk inc covid hosp,1,2026-10-03,72,quantile,0.6,96.14
2026-09-26,wk inc covid hosp,1,2026-10-03,72,quantile,0.65,102.135
2026-09-26,wk inc covid hosp,1,2026-10-03,72,quantile,0.7,106.8
2026-09-26,wk inc covid hosp,1,2026-10-03,72,quantile,0.75,113.0
2026-09-26,wk inc covid hosp,1,2026-10-03,72,quantile,0.8,120.94000000000001
2026-09-26,wk inc covid hosp,1,2026-10-03,72,quantile,0.85,129.315
2026-09-26,wk inc covid hosp,1,2026-10-03,72,quantile,0.9,144.10999999999999
2026-09-26,wk inc covid hosp,1,2026-10-03,72,quantile,0.95,171.60999999999999
2026-09-26,wk inc covid hosp,1,2026-10-03,72,quantile,0.975,210.0
2026-09-26,wk inc covid hosp,1,2026-10-03,72,quantile,0.99,267.0919999999999
2026-09-26,wk inc covid hosp,2,2026-10-10,01,quantile,0.01,20.8
2026-09-26,wk inc covid hosp,2,2026-10-10,01,quantile,0.025,25.847500000000004
2026-09-26,wk inc covid hosp,2,2026-10-10,01,quantile,0.05,32.295
2026-09-26,wk inc covid hosp,2,2026-10-10,01,quantile,0.1,39.3
2026-09-26,wk inc covid hosp,2,2026-10-10,01,quantile,0.15,44.1
2026-09-26,wk inc covid hosp,2,2026-10-10,01,quantile,0.2,47.7
2026-09-26,wk inc covid hosp,2,2026-10-10,01,quantile,0.25,51.1
2026-09-26,wk inc covid hosp,2,2026-10-10,01,quantile,0.3,53.9
2026-09-26,wk inc covid hosp,2,2026-10-10,01,quantile,0.35,57.2
2026-09-26,wk inc covid hosp,2,2026-10-10,01,quantile,0.4,59.86
2026-09-26,wk inc covid hosp,2,2026-10-10,01,quantile,0.45,62.6
2026-09-26,wk inc covid hosp,2,2026-10-10,01,quantile,0.5,65.0
2026-09-26,wk inc covid hosp,2,2026-10-10,01,quantile,0.55,67.8
2026-09-26,wk inc covid hosp,2,2026-10-10,01,quantile,0.6,70.6
2026-09-26,wk inc covid hosp,2,2026-10-10,01,quantile,0.65,73.735
2026-09-26,wk inc covid hosp,2,2026-10-10,01,quantile,0.7,78.8
2026-09-26,wk inc covid hosp,2,2026-10-10,01,quantile,0.75,83.9
2026-09-26,wk inc covid hosp,2,2026-10-10,01,quantile,0.8,89.6
2026-09-26,wk inc covid hosp,2,2026-10-10,01,quantile,0.85,97.0
2026-09-26,wk inc covid hosp,2,2026-10-10,01,quantile,0.9,107.1
2026-09-26,wk inc covid hosp,2,2026-10-10,01,quantile,0.95,128.20999999999998
2026-09-26,wk inc covid hosp,2,2026-10-10,01,quantile,0.975,150.26749999999998
2026-09-26,wk inc covid hosp,2,2026-10-10,01,quantile,0.99,176.718
2026-09-26,wk inc covid hosp,2,2026-10-10,02,quantile,0.01,0.5
2026-09-26,wk inc covid hosp,2,2026-10-10,02,quantile,0.025,0.5
2026-09-26,wk inc covid hosp,2,2026-10-10,02,quantile,0.05,0.6
2026-09-26,wk inc covid hosp,2,2026-10-10,02,quantile,0.1,1.1
2026-09-26,wk inc covid hosp,2,2026-10-10,02,quantile,0.15,1.5
2026-09-26,wk inc covid hosp,2,2026-10-10,02,quantile,0.2,1.6
2026-09-26,wk inc covid hosp,2,2026-10-10,02,quantile,0.25,2.1
2026-09-26,wk inc covid hosp,2,2026-10-10,02,quantile,0.3,2.4
2026-09-26,wk inc covid hosp,2,2026-10-10,02,quantile,0.35,2.6
2026-09-26,wk inc covid hosp,2,2026-10-10,02,quantile,0.4,3.0
2026-09-26,wk inc covid hosp,2,2026-10-10,02,quantile,0.45,3.2
2026-09-26,wk inc covid hosp,2,2026-10-10,02,quantile,0.5,3.5
2026-09-26,wk inc covid hosp,2,2026-10-10,02,quantile,0.55,3.9
2026-09-26,wk inc covid hosp,2,2026-10-10,02,quantile,0.6,4.4
2026-09-26,wk inc covid hosp,2,2026-10-10,02,quantile,0.65,4.7
2026-09-26,wk inc covid hosp,2,2026-10-10,02,quantile,0.7,5.5
2026-09-26,wk inc covid hosp,2,2026-10-10,02,quantile,0.75,6.4
2026-09-26,wk inc covid hosp,2,2026-10-10,02,quantile,0.8,7.1
2026-09-26,wk inc covid hosp,2,2026-10-10,02,quantile,0.85,8.4
2026-09-26,wk inc covid hosp,2,2026-10-10,02,quantile,0.9,10.6
2026-09-26,wk inc covid hosp,2,2026-10-10,02,quantile,0.95,14.8
2026-09-26,wk inc covid hosp,2,2026-10-10,02,quantile,0.975,19.0525
2026-09-26,wk inc covid hosp,2,2026-10-10,02,quantile,0.99,24.701
2026-09-26,wk inc covid hosp,2,2026-10-10,04,quantile,0.01,20.799
2026-09-26,wk inc covid hosp,2,2026-10-10,04,quantile,0.025,26.347500000000004
2026-09-26,wk inc covid hosp,2,2026-10-10,04,quantile,0.05,31.3
2026-09-26,wk inc covid hosp,2,2026-10-10,04,quantile,0.1,37.89
2026-09-26,wk inc covid hosp,2,2026-10-10,04,quantile,0.15,43.5
2026-09-26,wk inc covid hosp,2,2026-10-10,04,quantile,0.2,48.1
2026-09-26,wk inc covid hosp,2,2026-10-10,04,quantile,0.25,50.8
2026-09-26,wk inc covid hosp,2,2026-10-10,04,quantile,0.3,53.7
2026-09-26,wk inc covid hosp,2,2026-10-10,04,quantile,0.35,57.1
2026-09-26,wk inc covid hosp,2,2026-10-10,04,quantile,0.4,59.2
2026-09-26,wk inc covid hosp,2,2026-10-10,04,quantile,0.45,62.3
2026-09-26,wk inc covid hosp,2,2026-10-10,04,quantile,0.5,64.9
2026-09-26,wk inc covid hosp,2,2026-10-10,04,quantile,0.55,67.6
2026-09-26,wk inc covid hosp,2,2026-10-10,04,quantile,0.6,70.64
2026-09-26,wk inc covid hosp,2,2026-10-10,04,quantile,0.65,74.8
2026-09-26,wk inc covid hosp,2,2026-10-10,04,quantile,0.7,78.0
2026-09-26,wk inc covid hosp,2,2026-10-10,04,quantile,0.75,82.525
2026-09-26,wk inc covid hosp,2,2026-10-10,04,quantile,0.8,87.8
2026-09-26,wk inc covid hosp,2,2026-10-10,04,quantile,0.85,94.0
2026-09-26,wk inc covid hosp,2,2026-10-10,04,quantile,0.9,103.1
2026-09-26,wk inc covid hosp,2,2026-10-10,04,quantile,0.95,118.705
2026-09-26,wk inc covid hosp,2,2026-10-10,04,quantile,0.975,140.1
2026-09-26,wk inc covid hosp,2,2026-10-10,04,quantile,0.99,171.04599999999996
2026-09-26,wk inc covid hosp,2,2026-10-10,05,quantile,0.01,2.6
2026-09-26,wk inc covid hosp,2,2026-10-10,05,quantile,0.025,3.8
2026-09-26,wk inc covid hosp,2,2026-10-10,05,quantile,0.05,4.5
2026-09-26,wk inc covid hosp,2,2026-10-10,05,quantile,0.1,5.9
2026-09-26,wk inc covid hosp,2,2026-10-10,05,quantile,0.15,7.4
2026-09-26,wk inc covid hosp,2,2026-10-10,05,quantile,0.2,8.8
2026-09-26,wk inc covid hosp,2,2026-10-10,05,quantile,0.25,9.5
2026-09-26,wk inc covid hosp,2,2026-10-10,05,quantile,0.3,10.5
2026-09-26,wk inc covid hosp,2,2026-10-10,05,quantile,0.35,11.5
2026-09-26,wk inc covid hosp,2,2026-10-10,05,quantile,0.4,12.4
2026-09-26,wk inc covid hosp,2,2026-10-10,05,quantile,0.45,13.2
2026-09-26,wk inc covid hosp,2,2026-10-10,05,quantile,0.5,14.1
2026-09-26,wk inc covid hosp,2,2026-10-10,05,quantile,0.55,14.8
2026-09-26,wk inc covid hosp,2,2026-10-10,05,quantile,0.6,15.9
2026-09-26,wk inc covid hosp,2,2026-10-10,05,quantile,0.65,17.1
2026-09-26,wk inc covid hosp,2,2026-10-10,05,quantile,0.7,18.8
2026-09-26,wk inc covid hosp,2,2026-10-10,05,quantile,0.75,20.2
2026-09-26,wk inc covid hosp,2,2026-10-10,05,quantile,0.8,22.3
2026-09-26,wk inc covid hosp,2,2026-10-10,05,quantile,0.85,24.2
2026-09-26,wk inc covid hosp,2,2026-10-10,05,quantile,0.9,28.3
2026-09-26,wk inc covid hosp,2,2026-10-10,05,quantile,0.95,35.30499999999999
2026-09-26,wk inc covid hosp,2,2026-10-10,05,quantile,0.975,42.86249999999999
2026-09-26,wk inc covid hosp,2,2026-10-10,05,quantile,0.99,54.202999999999996
2026-09-26,wk inc covid hosp,2,2026-10-10,06,quantile,0.01,296.8
2026-09-26,wk inc covid hosp,2,2026-10-10,06,quantile,0.025,342.245
2026-09-26,wk inc covid hosp,2,2026-10-10,06,quantile,0.05,402.29
2026-09-26,wk inc covid hosp,2,2026-10-10,06,quantile,0.1,468.15
2026-09-26,wk inc covid hosp,2,2026-10-10,06,quantile,0.15,522.385
2026-09-26,wk inc covid hosp,2,2026-10-10,06,quantile,0.2,552.6
2026-09-26,wk inc covid hosp,2,2026-10-10,06,quantile,0.25,583.975
2026-09-26,wk inc covid hosp,2,2026-10-10,06,quantile,0.3,609.8100000000001
2026-09-26,wk inc covid hosp,2,2026-10-10,06,quantile,0.35,648.125
2026-09-26,wk inc covid hosp,2,2026-10-10,06,quantile,0.4,673.0600000000001
2026-09-26,wk inc covid hosp,2,2026-10-10,06,quantile,0.45,704.895
2026-09-26,wk inc covid hosp,2,2026-10-10,06,quantile,0.5,726.95
2026-09-26,wk inc covid hosp,2,2026-10-10,06,quantile,0.55,743.5
2026-09-26,wk inc covid hosp,2,2026-10-10,06,quantile,0.6,767.8399999999999
2026-09-26,wk inc covid hosp,2,2026-10-10,06,quantile,0.65,795.335
2026-09-26,wk inc covid hosp,2,2026-10-10,06,quantile,0.7,833.6600000000001
2026-09-26,wk inc covid hosp,2,2026-10-10,06,quantile,0.75,873.925
2026-09-26,wk inc covid hosp,2,2026-10-10,06,quantile,0.8,915.7
2026-09-26,wk inc covid hosp,2,2026-10-10,06,quantile,0.85,965.3149999999999
2026-09-26,wk inc covid hosp,2,2026-10-10,06,quantile,0.9,1033.3400000000001
2026-09-26,wk inc covid hosp,2,2026-10-10,06,quantile,0.95,1171.7
2026-09-26,wk inc covid hosp,2,2026-10-10,06,quantile,0.975,1388.1399999999999
2026-09-26,wk inc covid hosp,2,2026-10-10,06,quantile,0.99,1718.667
2026-09-26,wk inc covid hosp,2,2026-10-10,08,quantile,0.01,9.1
2026-09-26,wk inc covid hosp,2,2026-10-10,08,quantile,0.025,11.8
2026-09-26,wk inc covid hosp,2,2026-10-10,08,quantile,0.05,14.2
2026-09-26,wk inc covid hosp,2,2026-10-10,08,quantile,0.1,17.5
2026-09-26,wk inc covid hosp,2,2026-10-10,08,quantile,0.15,20.1
2026-09-26,wk inc covid hosp,2,2026-10-10,08,quantile,0.2,22.6
2026-09-26,wk inc covid hosp,2,2026-10-10,08,quantile,0.25,24.1
2026-09-26,wk inc covid hosp,2,2026-10-10,08,quantile,0.3,26.3
2026-09-26,wk inc covid hosp,2,2026-10-10,08,quantile,0.35,27.8
2026-09-26,wk inc covid hosp,2,2026-10-10,08,quantile,0.4,29.3
2026-09-26,wk inc covid hosp,2,2026-10-10,08,quantile,0.45,30.8
2026-09-26,wk inc covid hosp,2,2026-10-10,08,quantile,0.5,32.1
2026-09-26,wk inc covid hosp,2,2026-10-10,08,quantile,0.55,33.6
2026-09-26,wk inc covid hosp,2,2026-10-10,08,quantile,0.6,35.3
2026-09-26,wk inc covid hosp,2,2026-10-10,08,quantile,0.65,37.0
2026-09-26,wk inc covid hosp,2,2026-10-10,08,quantile,0.7,40.4
2026-09-26,wk inc covid hosp,2,2026-10-10,08,quantile,0.75,43.1
2026-09-26,wk inc covid hosp,2,2026-10-10,08,quantile,0.8,47.1
2026-09-26,wk inc covid hosp,2,2026-10-10,08,quantile,0.85,52.4
2026-09-26,wk inc covid hosp,2,2026-10-10,08,quantile,0.9,58.9
2026-09-26,wk inc covid hosp,2,2026-10-10,08,quantile,0.95,71.7
2026-09-26,wk inc covid hosp,2,2026-10-10,08,quantile,0.975,83.4575
2026-09-26,wk inc covid hosp,2,2026-10-10,08,quantile,0.99,103.4
2026-09-26,wk inc covid hosp,2,2026-10-10,09,quantile,0.01,6.7
2026-09-26,wk inc covid hosp,2,2026-10-10,09,quantile,0.025,9.9
2026-09-26,wk inc covid hosp,2,2026-10-10,09,quantile,0.05,11.5
2026-09-26,wk inc covid hosp,2,2026-10-10,09,quantile,0.1,14.3
2026-09-26,wk inc covid hosp,2,2026-10-10,09,quantile,0.15,17.3
2026-09-26,wk inc covid hosp,2,2026-10-10,09,quantile,0.2,19.5
2026-09-26,wk inc covid hosp,2,2026-10-10,09,quantile,0.25,21.3
2026-09-26,wk inc covid hosp,2,2026-10-10,09,quantile,0.3,22.6
2026-09-26,wk inc covid hosp,2,2026-10-10,09,quantile,0.35,24.4
2026-09-26,wk inc covid hosp,2,2026-10-10,09,quantile,0.4,26.3
2026-09-26,wk inc covid hosp,2,2026-10-10,09,quantile,0.45,28.055
2026-09-26,wk inc covid hosp,2,2026-10-10,09,quantile,0.5,29.6
2026-09-26,wk inc covid hosp,2,2026-10-10,09,quantile,0.55,31.4
2026-09-26,wk inc covid hosp,2,2026-10-10,09,quantile,0.6,33.1
2026-09-26,wk inc covid hosp,2,2026-10-10,09,quantile,0.65,35.5
2026-09-26,wk inc covid hosp,2,2026-10-10,09,quantile,0.7,38.5
2026-09-26,wk inc covid hosp,2,2026-10-10,09,quantile,0.75,41.3
2026-09-26,wk inc covid hosp,2,2026-10-10,09,quantile,0.8,45.0
2026-09-26,wk inc covid hosp,2,2026-10-10,09,quantile,0.85,49.4
2026-09-26,wk inc covid hosp,2,2026-10-10,09,quantile,0.9,55.3
2026-09-26,wk inc covid hosp,2,2026-10-10,09,quantile,0.95,68.1
2026-09-26,wk inc covid hosp,2,2026-10-10,09,quantile,0.975,82.4575
2026-09-26,wk inc covid hosp,2,2026-10-10,09,quantile,0.99,103.7
2026-09-26,wk inc covid hosp,2,2026-10-10,10,quantile,0.01,0.9
2026-09-26,wk inc covid hosp,2,2026-10-10,10,quantile,0.025,1.4
2026-09-26,wk inc covid hosp,2,2026-10-10,10,quantile,0.05,1.7
2026-09-26,wk inc covid hosp,2,2026-10-10,10,quantile,0.1,2.6
2026-09-26,wk inc covid hosp,2,2026-10-10,10,quantile,0.15,3.2
2026-09-26,wk inc covid hosp,2,2026-10-10,10,quantile,0.2,3.7
2026-09-26,wk inc covid hosp,2,2026-10-10,10,quantile,0.25,4.1
2026-09-26,wk inc covid hosp,2,2026-10-10,10,quantile,0.3,4.9
2026-09-26,wk inc covid hosp,2,2026-10-10,10,quantile,0.35,5.1
2026-09-26,wk inc covid hosp,2,2026-10-10,10,quantile,0.4,5.6
2026-09-26,wk inc covid hosp,2,2026-10-10,10,quantile,0.45,6.2
2026-09-26,wk inc covid hosp,2,2026-10-10,10,quantile,0.5,6.8
2026-09-26,wk inc covid hosp,2,2026-10-10,10,quantile,0.55,7.4
2026-09-26,wk inc covid hosp,2,2026-10-10,10,quantile,0.6,7.9
2026-09-26,wk inc covid hosp,2,2026-10-10,10,quantile,0.65,8.7
2026-09-26,wk inc covid hosp,2,2026-10-10,10,quantile,0.7,9.6
2026-09-26,wk inc covid hosp,2,2026-10-10,10,quantile,0.75,10.5
2026-09-26,wk inc covid hosp,2,2026-10-10,10,quantile,0.8,11.6
2026-09-26,wk inc covid hosp,2,2026-10-10,10,quantile,0.85,13.2
2026-09-26,wk inc covid hosp,2,2026-10-10,10,quantile,0.9,15.5
2026-09-26,wk inc covid hosp,2,2026-10-10,10,quantile,0.95,19.4
2026-09-26,wk inc covid hosp,2,2026-10-10,10,quantile,0.975,24.152499999999996
2026-09-26,wk inc covid hosp,2,2026-10-10,10,quantile,0.99,30.903999999999996
2026-09-26,wk inc covid hosp,2,2026-10-10,11,quantile,0.01,0.4
2026-09-26,wk inc covid hosp,2,2026-10-10,11,quantile,0.025,1.0
2026-09-26,wk inc covid hosp,2,2026-10-10,11,quantile,0.05,1.1
2026-09-26,wk inc covid hosp,2,2026-10-10,11,quantile,0.1,1.5
2026-09-26,wk inc covid hosp,2,2026-10-10,11,quantile,0.15,2.0
2026-09-26,wk inc covid hosp,2,2026-10-10,11,quantile,0.2,2.6
2026-09-26,wk inc covid hosp,2,2026-10-10,11,quantile,0.25,2.8
2026-09-26,wk inc covid hosp,2,2026-10-10,11,quantile,0.3,3.3
2026-09-26,wk inc covid hosp,2,2026-10-10,11,quantile,0.35,3.9
2026-09-26,wk inc covid hosp,2,2026-10-10,11,quantile,0.4,4.2
2026-09-26,wk inc covid hosp,2,2026-10-10,11,quantile,0.45,4.6
2026-09-26,wk inc covid hosp,2,2026-10-10,11,quantile,0.5,5.2
2026-09-26,wk inc covid hosp,2,2026-10-10,11,quantile,0.55,5.7
2026-09-26,wk inc covid hosp,2,2026-10-10,11,quantile,0.6,6.2
2026-09-26,wk inc covid hosp,2,2026-10-10,11,quantile,0.65,6.8
2026-09-26,wk inc covid hosp,2,2026-10-10,11,quantile,0.7,7.8
2026-09-26,wk inc covid hosp,2,2026-10-10,11,quantile,0.75,8.6
2026-09-26,wk inc covid hosp,2,2026-10-10,11,quantile,0.8,9.5
2026-09-26,wk inc covid hosp,2,2026-10-10,11,quantile,0.85,11.2
2026-09-26,wk inc covid hosp,2,2026-10-10,11,quantile,0.9,13.2
2026-09-26,wk inc covid hosp,2,2026-10-10,11,quantile,0.95,16.9
2026-09-26,wk inc covid hosp,2,2026-10-10,11,quantile,0.975,22.104999999999997
2026-09-26,wk inc covid hosp,2,2026-10-10,11,quantile,0.99,29.203999999999997
2026-09-26,wk inc covid hosp,2,2026-10-10,12,quantile,0.01,111.4
2026-09-26,wk inc covid hosp,2,2026-10-10,12,quantile,0.025,150.1
2026-09-26,wk inc covid hosp,2,2026-10-10,12,quantile,0.05,182.79500000000002
2026-09-26,wk inc covid hosp,2,2026-10-10,12,quantile,0.1,222.67
2026-09-26,wk inc covid hosp,2,2026-10-10,12,quantile,0.15,256.66999999999996
2026-09-26,wk inc covid hosp,2,2026-10-10,12,quantile,0.2,274.0
2026-09-26,wk inc covid hosp,2,2026-10-10,12,quantile,0.25,288.4
2026-09-26,wk inc covid hosp,2,2026-10-10,12,quantile,0.3,303.27
2026-09-26,wk inc covid hosp,2,2026-10-10,12,quantile,0.35,321.0
2026-09-26,wk inc covid hosp,2,2026-10-10,12,quantile,0.4,338.7
2026-09-26,wk inc covid hosp,2,2026-10-10,12,quantile,0.45,357.9
2026-09-26,wk inc covid hosp,2,2026-10-10,12,quantile,0.5,370.2
2026-09-26,wk inc covid hosp,2,2026-10-10,12,quantile,0.55,384.9
2026-09-26,wk inc covid hosp,2,2026-10-10,12,quantile,0.6,398.0
2026-09-26,wk inc covid hosp,2,2026-10-10,12,quantile,0.65,418.605
2026-09-26,wk inc covid hosp,2,2026-10-10,12,quantile,0.7,439.43
2026-09-26,wk inc covid hosp,2,2026-10-10,12,quantile,0.75,460.1
2026-09-26,wk inc covid hosp,2,2026-10-10,12,quantile,0.8,482.71999999999997
2026-09-26,wk inc covid hosp,2,2026-10-10,12,quantile,0.85,512.3149999999999
2026-09-26,wk inc covid hosp,2,2026-10-10,12,quantile,0.9,558.3100000000001
2026-09-26,wk inc covid hosp,2,2026-10-10,12,quantile,0.95,659.205
2026-09-26,wk inc covid hosp,2,2026-10-10,12,quantile,0.975,782.42
2026-09-26,wk inc covid hosp,2,2026-10-10,12,quantile,0.99,959.0189999999999
2026-09-26,wk inc covid hosp,2,2026-10-10,13,quantile,0.01,24.7
2026-09-26,wk inc covid hosp,2,2026-10-10,13,quantile,0.025,33.0
2026-09-26,wk inc covid hosp,2,2026-10-10,13,quantile,0.05,38.7
2026-09-26,wk inc covid hosp,2,2026-10-10,13,quantile,0.1,44.9
2026-09-26,wk inc covid hosp,2,2026-10-10,13,quantile,0.15,50.6
2026-09-26,wk inc covid hosp,2,2026-10-10,13,quantile,0.2,56.0
2026-09-26,wk inc covid hosp,2,2026-10-10,13,quantile,0.25,59.675
2026-09-26,wk inc covid hosp,2,2026-10-10,13,quantile,0.3,62.6
2026-09-26,wk inc covid hosp,2,2026-10-10,13,quantile,0.35,67.1
2026-09-26,wk inc covid hosp,2,2026-10-10,13,quantile,0.4,70.9
2026-09-26,wk inc covid hosp,2,2026-10-10,13,quantile,0.45,75.9
2026-09-26,wk inc covid hosp,2,2026-10-10,13,quantile,0.5,80.7
2026-09-26,wk inc covid hosp,2,2026-10-10,13,quantile,0.55,85.14500000000001
2026-09-26,wk inc covid hosp,2,2026-10-10,13,quantile,0.6,88.8
2026-09-26,wk inc covid hosp,2,2026-10-10,13,quantile,0.65,93.4
2026-09-26,wk inc covid hosp,2,2026-10-10,13,quantile,0.7,100.5
2026-09-26,wk inc covid hosp,2,2026-10-10,13,quantile,0.75,106.3
2026-09-26,wk inc covid hosp,2,2026-10-10,13,quantile,0.8,113.5
2026-09-26,wk inc covid hosp,2,2026-10-10,13,quantile,0.85,128.315
2026-09-26,wk inc covid hosp,2,2026-10-10,13,quantile,0.9,140.60999999999999
2026-09-26,wk inc covid hosp,2,2026-10-10,13,quantile,0.95,167.10999999999999
2026-09-26,wk inc covid hosp,2,2026-10-10,13,quantile,0.975,207.51999999999998
2026-09-26,wk inc covid hosp,2,2026-10-10,13,quantile,0.99,252.60500000000002
2026-09-26,wk inc covid hosp,2,2026-10-10,15,quantile,0.01,6.2
2026-09-26,wk inc covid hosp,2,2026-10-10,15,quantile,0.025,8.0
2026-09-26,wk inc covid hosp,2,2026-10-10,15,quantile,0.05,10.0
2026-09-26,wk inc covid hosp,2,2026-10-10,15,quantile,0.1,13.6
2026-09-26,wk inc covid hosp,2,2026-10-10,15,quantile,0.15,15.4
2026-09-26,wk inc covid hosp,2,2026-10-10,15,quantile,0.2,17.0
2026-09-26,wk inc covid hosp,2,2026-10-10,15,quantile,0.25,18.4
2026-09-26,wk inc covid hosp,2,2026-10-10,15,quantile,0.3,19.2
2026-09-26,wk inc covid hosp,2,2026-10-10,15,quantile,0.35,20.9
2026-09-26,wk inc covid hosp,2,2026-10-10,15,quantile,0.4,22.4
2026-09-26,wk inc covid hosp,2,2026-10-10,15,quantile,0.45,23.8
2026-09-26,wk inc covid hosp,2,2026-10-10,15,quantile,0.5,25.1
2026-09-26,wk inc covid hosp,2,2026-10-10,15,quantile,0.55,26.5
2026-09-26,wk inc covid hosp,2,2026-10-10,15,quantile,0.6,28.0
2026-09-26,wk inc covid hosp,2,2026-10-10,15,quantile,0.65,29.7
2026-09-26,wk inc covid hosp,2,2026-10-10,15,quantile,0.7,31.729999999999997
2026-09-26,wk inc covid hosp,2,2026-10-10,15,quantile,0.75,34.8
2026-09-26,wk inc covid hosp,2,2026-10-10,15,quantile,0.8,37.52
2026-09-26,wk inc covid hosp,2,2026-10-10,15,quantile,0.85,41.3
2026-09-26,wk inc covid hosp,2,2026-10-10,15,quantile,0.9,46.510000000000005
2026-09-26,wk inc covid hosp,2,2026-10-10,15,quantile,0.95,58.40999999999999
2026-09-26,wk inc covid hosp,2,2026-10-10,15,quantile,0.975,74.005
2026-09-26,wk inc covid hosp,2,2026-10-10,15,quantile,0.99,95.94299999999996
2026-09-26,wk inc covid hosp,2,2026-10-10,16,quantile,0.01,1.8
2026-09-26,wk inc covid hosp,2,2026-10-10,16,quantile,0.025,2.4
2026-09-26,wk inc covid hosp,2,2026-10-10,16,quantile,0.05,2.8
2026-09-26,wk inc covid hosp,2,2026-10-10,16,quantile,0.1,3.7
2026-09-26,wk inc covid hosp,2,2026-10-10,16,quantile,0.15,4.5
2026-09-26,wk inc covid hosp,2,2026-10-10,16,quantile,0.2,5.3
2026-09-26,wk inc covid hosp,2,2026-10-10,16,quantile,0.25,5.8
2026-09-26,wk inc covid hosp,2,2026-10-10,16,quantile,0.3,6.6
2026-09-26,wk inc covid hosp,2,2026-10-10,16,quantile,0.35,7.3
2026-09-26,wk inc covid hosp,2,2026-10-10,16,quantile,0.4,8.2
2026-09-26,wk inc covid hosp,2,2026-10-10,16,quantile,0.45,8.9
2026-09-26,wk inc covid hosp,2,2026-10-10,16,quantile,0.5,9.6
2026-09-26,wk inc covid hosp,2,2026-10-10,16,quantile,0.55,10.3
2026-09-26,wk inc covid hosp,2,2026-10-10,16,quantile,0.6,10.8
2026-09-26,wk inc covid hosp,2,2026-10-10,16,quantile,0.65,12.1
2026-09-26,wk inc covid hosp,2,2026-10-10,16,quantile,0.7,13.3
2026-09-26,wk inc covid hosp,2,2026-10-10,16,quantile,0.75,14.4
2026-09-26,wk inc covid hosp,2,2026-10-10,16,quantile,0.8,16.1
2026-09-26,wk inc covid hosp,2,2026-10-10,16,quantile,0.85,17.9
2026-09-26,wk inc covid hosp,2,2026-10-10,16,quantile,0.9,20.5
2026-09-26,wk inc covid hosp,2,2026-10-10,16,quantile,0.95,26.704999999999995
2026-09-26,wk inc covid hosp,2,2026-10-10,16,quantile,0.975,32.552499999999995
2026-09-26,wk inc covid hosp,2,2026-10-10,16,quantile,0.99,42.105
2026-09-26,wk inc covid hosp,2,2026-10-10,17,quantile,0.01,19.2
2026-09-26,wk inc covid hosp,2,2026-10-10,17,quantile,0.025,22.9
2026-09-26,wk inc covid hosp,2,2026-10-10,17,quantile,0.05,27.8
2026-09-26,wk inc covid hosp,2,2026-10-10,17,quantile,0.1,35.3
2026-09-26,wk inc covid hosp,2,2026-10-10,17,quantile,0.15,40.1
2026-09-26,wk inc covid hosp,2,2026-10-10,17,quantile,0.2,44.9
2026-09-26,wk inc covid hosp,2,2026-10-10,17,quantile,0.25,49.1
2026-09-26,wk inc covid hosp,2,2026-10-10,17,quantile,0.3,52.6
2026-09-26,wk inc covid hosp,2,2026-10-10,17,quantile,0.35,55.964999999999996
2026-09-26,wk inc covid hosp,2,2026-10-10,17,quantile,0.4,59.86
2026-09-26,wk inc covid hosp,2,2026-10-10,17,quantile,0.45,63.1
2026-09-26,wk inc covid hosp,2,2026-10-10,17,quantile,0.5,65.8
2026-09-26,wk inc covid hosp,2,2026-10-10,17,quantile,0.55,68.5
2026-09-26,wk inc covid hosp,2,2026-10-10,17,quantile,0.6,72.2
2026-09-26,wk inc covid hosp,2,2026-10-10,17,quantile,0.65,75.4
2026-09-26,wk inc covid hosp,2,2026-10-10,17,quantile,0.7,81.22999999999999
2026-09-26,wk inc covid hosp,2,2026-10-10,17,quantile,0.75,86.4
2026-09-26,wk inc covid hosp,2,2026-10-10,17,quantile,0.8,91.3
2026-09-26,wk inc covid hosp,2,2026-10-10,17,quantile,0.85,100.8
2026-09-26,wk inc covid hosp,2,2026-10-10,17,quantile,0.9,109.91
2026-09-26,wk inc covid hosp,2,2026-10-10,17,quantile,0.95,130.515
2026-09-26,wk inc covid hosp,2,2026-10-10,17,quantile,0.975,157.305
2026-09-26,wk inc covid hosp,2,2026-10-10,17,quantile,0.99,188.01399999999998
2026-09-26,wk inc covid hosp,2,2026-10-10,18,quantile,0.01,7.1
2026-09-26,wk inc covid hosp,2,2026-10-10,18,quantile,0.025,9.6
2026-09-26,wk inc covid hosp,2,2026-10-10,18,quantile,0.05,11.2
2026-09-26,wk inc covid hosp,2,2026-10-10,18,quantile,0.1,13.9
2026-09-26,wk inc covid hosp,2,2026-10-10,18,quantile,0.15,16.9
2026-09-26,wk inc covid hosp,2,2026-10-10,18,quantile,0.2,19.9
2026-09-26,wk inc covid hosp,2,2026-10-10,18,quantile,0.25,21.7
2026-09-26,wk inc covid hosp,2,2026-10-10,18,quantile,0.3,23.8
2026-09-26,wk inc covid hosp,2,2026-10-10,18,quantile,0.35,25.4
2026-09-26,wk inc covid hosp,2,2026-10-10,18,quantile,0.4,27.7
2026-09-26,wk inc covid hosp,2,2026-10-10,18,quantile,0.45,29.5
2026-09-26,wk inc covid hosp,2,2026-10-10,18,quantile,0.5,31.1
2026-09-26,wk inc covid hosp,2,2026-10-10,18,quantile,0.55,32.6
2026-09-26,wk inc covid hosp,2,2026-10-10,18,quantile,0.6,34.4
2026-09-26,wk inc covid hosp,2,2026-10-10,18,quantile,0.65,36.5
2026-09-26,wk inc covid hosp,2,2026-10-10,18,quantile,0.7,40.2
2026-09-26,wk inc covid hosp,2,2026-10-10,18,quantile,0.75,43.7
2026-09-26,wk inc covid hosp,2,2026-10-10,18,quantile,0.8,47.6
2026-09-26,wk inc covid hosp,2,2026-10-10,18,quantile,0.85,53.3
2026-09-26,wk inc covid hosp,2,2026-10-10,18,quantile,0.9,59.910000000000004
2026-09-26,wk inc covid hosp,2,2026-10-10,18,quantile,0.95,74.5
2026-09-26,wk inc covid hosp,2,2026-10-10,18,quantile,0.975,86.6
2026-09-26,wk inc covid hosp,2,2026-10-10,18,quantile,0.99,109.508
2026-09-26,wk inc covid hosp,2,2026-10-10,19,quantile,0.01,3.3
2026-09-26,wk inc covid hosp,2,2026-10-10,19,quantile,0.025,4.6
2026-09-26,wk inc covid hosp,2,2026-10-10,19,quantile,0.05,5.7
2026-09-26,wk inc covid hosp,2,2026-10-10,19,quantile,0.1,7.2
2026-09-26,wk inc covid hosp,2,2026-10-10,19,quantile,0.15,8.7
2026-09-26,wk inc covid hosp,2,2026-10-10,19,quantile,0.2,10.080000000000002
2026-09-26,wk inc covid hosp,2,2026-10-10,19,quantile,0.25,11.1
2026-09-26,wk inc covid hosp,2,2026-10-10,19,quantile,0.3,12.0
2026-09-26,wk inc covid hosp,2,2026-10-10,19,quantile,0.35,12.8
2026-09-26,wk inc covid hosp,2,2026-10-10,19,quantile,0.4,13.9
2026-09-26,wk inc covid hosp,2,2026-10-10,19,quantile,0.45,14.6
2026-09-26,wk inc covid hosp,2,2026-10-10,19,quantile,0.5,15.7
2026-09-26,wk inc covid hosp,2,2026-10-10,19,quantile,0.55,16.5
2026-09-26,wk inc covid hosp,2,2026-10-10,19,quantile,0.6,17.6
2026-09-26,wk inc covid hosp,2,2026-10-10,19,quantile,0.65,19.1
2026-09-26,wk inc covid hosp,2,2026-10-10,19,quantile,0.7,20.8
2026-09-26,wk inc covid hosp,2,2026-10-10,19,quantile,0.75,22.9
2026-09-26,wk inc covid hosp,2,2026-10-10,19,quantile,0.8,24.7
2026-09-26,wk inc covid hosp,2,2026-10-10,19,quantile,0.85,27.9
2026-09-26,wk inc covid hosp,2,2026-10-10,19,quantile,0.9,31.51
2026-09-26,wk inc covid hosp,2,2026-10-10,19,quantile,0.95,39.404999999999994
2026-09-26,wk inc covid hosp,2,2026-10-10,19,quantile,0.975,47.9
2026-09-26,wk inc covid hosp,2,2026-10-10,19,quantile,0.99,61.92199999999998
2026-09-26,wk inc covid hosp,2,2026-10-10,20,quantile,0.01,1.5
2026-09-26,wk inc covid hosp,2,2026-10-10,20,quantile,0.025,2.2
2026-09-26,wk inc covid hosp,2,2026-10-10,20,quantile,0.05,2.6
2026-09-26,wk inc covid hosp,2,2026-10-10,20,quantile,0.1,3.5
2026-09-26,wk inc covid hosp,2,2026-10-10,20,quantile,0.15,4.3
2026-09-26,wk inc covid hosp,2,2026-10-10,20,quantile,0.2,5.5
2026-09-26,wk inc covid hosp,2,2026-10-10,20,quantile,0.25,6.2
2026-09-26,wk inc covid hosp,2,2026-10-10,20,quantile,0.3,7.0
2026-09-26,wk inc covid hosp,2,2026-10-10,20,quantile,0.35,7.6
2026-09-26,wk inc covid hosp,2,2026-10-10,20,quantile,0.4,8.6
2026-09-26,wk inc covid hosp,2,2026-10-10,20,quantile,0.45,9.5
2026-09-26,wk inc covid hosp,2,2026-10-10,20,quantile,0.5,10.2
2026-09-26,wk inc covid hosp,2,2026-10-10,20,quantile,0.55,11.3
2026-09-26,wk inc covid hosp,2,2026-10-10,20,quantile,0.6,12.1
2026-09-26,wk inc covid hosp,2,2026-10-10,20,quantile,0.65,13.3
2026-09-26,wk inc covid hosp,2,2026-10-10,20,quantile,0.7,15.0
2026-09-26,wk inc covid hosp,2,2026-10-10,20,quantile,0.75,17.2
2026-09-26,wk inc covid hosp,2,2026-10-10,20,quantile,0.8,19.4
2026-09-26,wk inc covid hosp,2,2026-10-10,20,quantile,0.85,21.7
2026-09-26,wk inc covid hosp,2,2026-10-10,20,quantile,0.9,25.2
2026-09-26,wk inc covid hosp,2,2026-10-10,20,quantile,0.95,32.209999999999994
2026-09-26,wk inc covid hosp,2,2026-10-10,20,quantile,0.975,41.0
2026-09-26,wk inc covid hosp,2,2026-10-10,20,quantile,0.99,53.31099999999999
2026-09-26,wk inc covid hosp,2,2026-10-10,21,quantile,0.01,5.0
2026-09-26,wk inc covid hosp,2,2026-10-10,21,quantile,0.025,6.0
2026-09-26,wk inc covid hosp,2,2026-10-10,21,quantile,0.05,7.4
2026-09-26,wk inc covid hosp,2,2026-10-10,21,quantile,0.1,9.4
2026-09-26,wk inc covid hosp,2,2026-10-10,21,quantile,0.15,11.9
2026-09-26,wk inc covid hosp,2,2026-10-10,21,quantile,0.2,14.3
2026-09-26,wk inc covid hosp,2,2026-10-10,21,quantile,0.25,16.0
2026-09-26,wk inc covid hosp,2,2026-10-10,21,quantile,0.3,17.4
2026-09-26,wk inc covid hosp,2,2026-10-10,21,quantile,0.35,18.7
2026-09-26,wk inc covid hosp,2,2026-10-10,21,quantile,0.4,19.96
2026-09-26,wk inc covid hosp,2,2026-10-10,21,quantile,0.45,21.1
2026-09-26,wk inc covid hosp,2,2026-10-10,21,quantile,0.5,22.2
2026-09-26,wk inc covid hosp,2,2026-10-10,21,quantile,0.55,23.4
2026-09-26,wk inc covid hosp,2,2026-10-10,21,quantile,0.6,25.4
2026-09-26,wk inc covid hosp,2,2026-10-10,21,quantile,0.65,27.7
2026-09-26,wk inc covid hosp,2,2026-10-10,21,quantile,0.7,30.6
2026-09-26,wk inc covid hosp,2,2026-10-10,21,quantile,0.75,33.825
2026-09-26,wk inc covid hosp,2,2026-10-10,21,quantile,0.8,37.0
2026-09-26,wk inc covid hosp,2,2026-10-10,21,quantile,0.85,41.3
2026-09-26,wk inc covid hosp,2,2026-10-10,21,quantile,0.9,47.7
2026-09-26,wk inc covid hosp,2,2026-10-10,21,quantile,0.95,62.705
2026-09-26,wk inc covid hosp,2,2026-10-10,21,quantile,0.975,77.6
2026-09-26,wk inc covid hosp,2,2026-10-10,21,quantile,0.99,98.109
2026-09-26,wk inc covid hosp,2,2026-10-10,22,quantile,0.01,17.8
2026-09-26,wk inc covid hosp,2,2026-10-10,22,quantile,0.025,21.9
2026-09-26,wk inc covid hosp,2,2026-10-10,22,quantile,0.05,27.2
2026-09-26,wk inc covid hosp,2,2026-10-10,22,quantile,0.1,33.1
2026-09-26,wk inc covid hosp,2,2026-10-10,22,quantile,0.15,37.8
2026-09-26,wk inc covid hosp,2,2026-10-10,22,quantile,0.2,41.7
2026-09-26,wk inc covid hosp,2,2026-10-10,22,quantile,0.25,44.6
2026-09-26,wk inc covid hosp,2,2026-10-10,22,quantile,0.3,47.8
2026-09-26,wk inc covid hosp,2,2026-10-10,22,quantile,0.35,50.7
2026-09-26,wk inc covid hosp,2,2026-10-10,22,quantile,0.4,53.4
2026-09-26,wk inc covid hosp,2,2026-10-10,22,quantile,0.45,55.3
2026-09-26,wk inc covid hosp,2,2026-10-10,22,quantile,0.5,57.5
2026-09-26,wk inc covid hosp,2,2026-10-10,22,quantile,0.55,60.2
2026-09-26,wk inc covid hosp,2,2026-10-10,22,quantile,0.6,63.1
2026-09-26,wk inc covid hosp,2,2026-10-10,22,quantile,0.65,66.5
2026-09-26,wk inc covid hosp,2,2026-10-10,22,quantile,0.7,71.9
2026-09-26,wk inc covid hosp,2,2026-10-10,22,quantile,0.75,75.825
2026-09-26,wk inc covid hosp,2,2026-10-10,22,quantile,0.8,80.82000000000001
2026-09-26,wk inc covid hosp,2,2026-10-10,22,quantile,0.85,87.015
2026-09-26,wk inc covid hosp,2,2026-10-10,22,quantile,0.9,95.3
2026-09-26,wk inc covid hosp,2,2026-10-10,22,quantile,0.95,114.2
2026-09-26,wk inc covid hosp,2,2026-10-10,22,quantile,0.975,133.105
2026-09-26,wk inc covid hosp,2,2026-10-10,22,quantile,0.99,163.021
2026-09-26,wk inc covid hosp,2,2026-10-10,23,quantile,0.01,0.0
2026-09-26,wk inc covid hosp,2,2026-10-10,23,quantile,0.025,0.1
2026-09-26,wk inc covid hosp,2,2026-10-10,23,quantile,0.05,0.2
2026-09-26,wk inc covid hosp,2,2026-10-10,23,quantile,0.1,0.5
2026-09-26,wk inc covid hosp,2,2026-10-10,23,quantile,0.15,0.8
2026-09-26,wk inc covid hosp,2,2026-10-10,23,quantile,0.2,1.1
2026-09-26,wk inc covid hosp,2,2026-10-10,23,quantile,0.25,1.4
2026-09-26,wk inc covid hosp,2,2026-10-10,23,quantile,0.3,1.7
2026-09-26,wk inc covid hosp,2,2026-10-10,23,quantile,0.35,2.0
2026-09-26,wk inc covid hosp,2,2026-10-10,23,quantile,0.4,2.4
2026-09-26,wk inc covid hosp,2,2026-10-10,23,quantile,0.45,2.8
2026-09-26,wk inc covid hosp,2,2026-10-10,23,quantile,0.5,3.2
2026-09-26,wk inc covid hosp,2,2026-10-10,23,quantile,0.55,3.5
2026-09-26,wk inc covid hosp,2,2026-10-10,23,quantile,0.6,3.9
2026-09-26,wk inc covid hosp,2,2026-10-10,23,quantile,0.65,4.7
2026-09-26,wk inc covid hosp,2,2026-10-10,23,quantile,0.7,5.5
2026-09-26,wk inc covid hosp,2,2026-10-10,23,quantile,0.75,7.0
2026-09-26,wk inc covid hosp,2,2026-10-10,23,quantile,0.8,8.2
2026-09-26,wk inc covid hosp,2,2026-10-10,23,quantile,0.85,10.1
2026-09-26,wk inc covid hosp,2,2026-10-10,23,quantile,0.9,13.3
2026-09-26,wk inc covid hosp,2,2026-10-10,23,quantile,0.95,18.5
2026-09-26,wk inc covid hosp,2,2026-10-10,23,quantile,0.975,24.9
2026-09-26,wk inc covid hosp,2,2026-10-10,23,quantile,0.99,35.001
2026-09-26,wk inc covid hosp,2,2026-10-10,24,quantile,0.01,8.4
2026-09-26,wk inc covid hosp,2,2026-10-10,24,quantile,0.025,11.7
2026-09-26,wk inc covid hosp,2,2026-10-10,24,quantile,0.05,13.8
2026-09-26,wk inc covid hosp,2,2026-10-10,24,quantile,0.1,16.6
2026-09-26,wk inc covid hosp,2,2026-10-10,24,quantile,0.15,19.8
2026-09-26,wk inc covid hosp,2,2026-10-10,24,quantile,0.2,22.0
2026-09-26,wk inc covid hosp,2,2026-10-10,24,quantile,0.25,24.0
2026-09-26,wk inc covid hosp,2,2026-10-10,24,quantile,0.3,25.9
2026-09-26,wk inc covid hosp,2,2026-10-10,24,quantile,0.35,27.7
2026-09-26,wk inc covid hosp,2,2026-10-10,24,quantile,0.4,30.0
2026-09-26,wk inc covid hosp,2,2026-10-10,24,quantile,0.45,31.8
2026-09-26,wk inc covid hosp,2,2026-10-10,24,quantile,0.5,33.1
2026-09-26,wk inc covid hosp,2,2026-10-10,24,quantile,0.55,34.7
2026-09-26,wk inc covid hosp,2,2026-10-10,24,quantile,0.6,36.6
2026-09-26,wk inc covid hosp,2,2026-10-10,24,quantile,0.65,38.8
2026-09-26,wk inc covid hosp,2,2026-10-10,24,quantile,0.7,42.8
2026-09-26,wk inc covid hosp,2,2026-10-10,24,quantile,0.75,45.3
2026-09-26,wk inc covid hosp,2,2026-10-10,24,quantile,0.8,48.9
2026-09-26,wk inc covid hosp,2,2026-10-10,24,quantile,0.85,53.915
2026-09-26,wk inc covid hosp,2,2026-10-10,24,quantile,0.9,60.21
2026-09-26,wk inc covid hosp,2,2026-10-10,24,quantile,0.95,72.30499999999999
2026-09-26,wk inc covid hosp,2,2026-10-10,24,quantile,0.975,87.7
2026-09-26,wk inc covid hosp,2,2026-10-10,24,quantile,0.99,110.6
2026-09-26,wk inc covid hosp,2,2026-10-10,25,quantile,0.01,8.7
2026-09-26,wk inc covid hosp,2,2026-10-10,25,quantile,0.025,11.6
2026-09-26,wk inc covid hosp,2,2026-10-10,25,quantile,0.05,14.4
2026-09-26,wk inc covid hosp,2,2026-10-10,25,quantile,0.1,18.1
2026-09-26,wk inc covid hosp,2,2026-10-10,25,quantile,0.15,21.8
2026-09-26,wk inc covid hosp,2,2026-10-10,25,quantile,0.2,24.8
2026-09-26,wk inc covid hosp,2,2026-10-10,25,quantile,0.25,27.1
2026-09-26,wk inc covid hosp,2,2026-10-10,25,quantile,0.3,30.8
2026-09-26,wk inc covid hosp,2,2026-10-10,25,quantile,0.35,33.0
2026-09-26,wk inc covid hosp,2,2026-10-10,25,quantile,0.4,35.1
2026-09-26,wk inc covid hosp,2,2026-10-10,25,quantile,0.45,37.555
2026-09-26,wk inc covid hosp,2,2026-10-10,25,quantile,0.5,39.4
2026-09-26,wk inc covid hosp,2,2026-10-10,25,quantile,0.55,41.2
2026-09-26,wk inc covid hosp,2,2026-10-10,25,quantile,0.6,43.7
2026-09-26,wk inc covid hosp,2,2026-10-10,25,quantile,0.65,46.0
2026-09-26,wk inc covid hosp,2,2026-10-10,25,quantile,0.7,49.5
2026-09-26,wk inc covid hosp,2,2026-10-10,25,quantile,0.75,53.7
2026-09-26,wk inc covid hosp,2,2026-10-10,25,quantile,0.8,57.620000000000005
2026-09-26,wk inc covid hosp,2,2026-10-10,25,quantile,0.85,63.5
2026-09-26,wk inc covid hosp,2,2026-10-10,25,quantile,0.9,69.9
2026-09-26,wk inc covid hosp,2,2026-10-10,25,quantile,0.95,83.50999999999999
2026-09-26,wk inc covid hosp,2,2026-10-10,25,quantile,0.975,99.9525
2026-09-26,wk inc covid hosp,2,2026-10-10,25,quantile,0.99,144.601
2026-09-26,wk inc covid hosp,2,2026-10-10,26,quantile,0.01,11.4
2026-09-26,wk inc covid hosp,2,2026-10-10,26,quantile,0.025,15.8
2026-09-26,wk inc covid hosp,2,2026-10-10,26,quantile,0.05,20.3
2026-09-26,wk inc covid hosp,2,2026-10-10,26,quantile,0.1,25.4
2026-09-26,wk inc covid hosp,2,2026-10-10,26,quantile,0.15,30.7
2026-09-26,wk inc covid hosp,2,2026-10-10,26,quantile,0.2,35.18
2026-09-26,wk inc covid hosp,2,2026-10-10,26,quantile,0.25,39.2
2026-09-26,wk inc covid hosp,2,2026-10-10,26,quantile,0.3,42.7
2026-09-26,wk inc covid hosp,2,2026-10-10,26,quantile,0.35,45.7
2026-09-26,wk inc covid hosp,2,2026-10-10,26,quantile,0.4,48.3
2026-09-26,wk inc covid hosp,2,2026-10-10,26,quantile,0.45,51.1
2026-09-26,wk inc covid hosp,2,2026-10-10,26,quantile,0.5,53.4
2026-09-26,wk inc covid hosp,2,2026-10-10,26,quantile,0.55,55.4
2026-09-26,wk inc covid hosp,2,2026-10-10,26,quantile,0.6,59.0
2026-09-26,wk inc covid hosp,2,2026-10-10,26,quantile,0.65,62.935
2026-09-26,wk inc covid hosp,2,2026-10-10,26,quantile,0.7,67.8
2026-09-26,wk inc covid hosp,2,2026-10-10,26,quantile,0.75,71.725
2026-09-26,wk inc covid hosp,2,2026-10-10,26,quantile,0.8,77.4
2026-09-26,wk inc covid hosp,2,2026-10-10,26,quantile,0.85,85.015
2026-09-26,wk inc covid hosp,2,2026-10-10,26,quantile,0.9,95.8
2026-09-26,wk inc covid hosp,2,2026-10-10,26,quantile,0.95,121.21
2026-09-26,wk inc covid hosp,2,2026-10-10,26,quantile,0.975,142.905
2026-09-26,wk inc covid hosp,2,2026-10-10,26,quantile,0.99,182.304
2026-09-26,wk inc covid hosp,2,2026-10-10,27,quantile,0.01,5.9
2026-09-26,wk inc covid hosp,2,2026-10-10,27,quantile,0.025,8.7
2026-09-26,wk inc covid hosp,2,2026-10-10,27,quantile,0.05,11.2
2026-09-26,wk inc covid hosp,2,2026-10-10,27,quantile,0.1,13.99
2026-09-26,wk inc covid hosp,2,2026-10-10,27,quantile,0.15,16.9
2026-09-26,wk inc covid hosp,2,2026-10-10,27,quantile,0.2,19.2
2026-09-26,wk inc covid hosp,2,2026-10-10,27,quantile,0.25,21.1
2026-09-26,wk inc covid hosp,2,2026-10-10,27,quantile,0.3,22.8
2026-09-26,wk inc covid hosp,2,2026-10-10,27,quantile,0.35,24.2
2026-09-26,wk inc covid hosp,2,2026-10-10,27,quantile,0.4,26.1
2026-09-26,wk inc covid hosp,2,2026-10-10,27,quantile,0.45,27.3
2026-09-26,wk inc covid hosp,2,2026-10-10,27,quantile,0.5,28.7
2026-09-26,wk inc covid hosp,2,2026-10-10,27,quantile,0.55,30.3
2026-09-26,wk inc covid hosp,2,2026-10-10,27,quantile,0.6,32.3
2026-09-26,wk inc covid hosp,2,2026-10-10,27,quantile,0.65,34.0
2026-09-26,wk inc covid hosp,2,2026-10-10,27,quantile,0.7,37.1
2026-09-26,wk inc covid hosp,2,2026-10-10,27,quantile,0.75,39.7
2026-09-26,wk inc covid hosp,2,2026-10-10,27,quantile,0.8,42.7
2026-09-26,wk inc covid hosp,2,2026-10-10,27,quantile,0.85,47.5
2026-09-26,wk inc covid hosp,2,2026-10-10,27,quantile,0.9,52.8
2026-09-26,wk inc covid hosp,2,2026-10-10,27,quantile,0.95,65.30499999999999
2026-09-26,wk inc covid hosp,2,2026-10-10,27,quantile,0.975,76.5525
2026-09-26,wk inc covid hosp,2,2026-10-10,27,quantile,0.99,95.003
2026-09-26,wk inc covid hosp,2,2026-10-10,28,quantile,0.01,5.8
2026-09-26,wk inc covid hosp,2,2026-10-10,28,quantile,0.025,7.9
2026-09-26,wk inc covid hosp,2,2026-10-10,28,quantile,0.05,10.1
2026-09-26,wk inc covid hosp,2,2026-10-10,28,quantile,0.1,12.9
2026-09-26,wk inc covid hosp,2,2026-10-10,28,quantile,0.15,15.3
2026-09-26,wk inc covid hosp,2,2026-10-10,28,quantile,0.2,17.6
2026-09-26,wk inc covid hosp,2,2026-10-10,28,quantile,0.25,19.1
2026-09-26,wk inc covid hosp,2,2026-10-10,28,quantile,0.3,20.3
2026-09-26,wk inc covid hosp,2,2026-10-10,28,quantile,0.35,21.9
2026-09-26,wk inc covid hosp,2,2026-10-10,28,quantile,0.4,22.7
2026-09-26,wk inc covid hosp,2,2026-10-10,28,quantile,0.45,24.4
2026-09-26,wk inc covid hosp,2,2026-10-10,28,quantile,0.5,25.5
2026-09-26,wk inc covid hosp,2,2026-10-10,28,quantile,0.55,26.7
2026-09-26,wk inc covid hosp,2,2026-10-10,28,quantile,0.6,28.3
2026-09-26,wk inc covid hosp,2,2026-10-10,28,quantile,0.65,29.8
2026-09-26,wk inc covid hosp,2,2026-10-10,28,quantile,0.7,31.729999999999997
2026-09-26,wk inc covid hosp,2,2026-10-10,28,quantile,0.75,33.8
2026-09-26,wk inc covid hosp,2,2026-10-10,28,quantile,0.8,36.2
2026-09-26,wk inc covid hosp,2,2026-10-10,28,quantile,0.85,39.2
2026-09-26,wk inc covid hosp,2,2026-10-10,28,quantile,0.9,44.0
2026-09-26,wk inc covid hosp,2,2026-10-10,28,quantile,0.95,52.5
2026-09-26,wk inc covid hosp,2,2026-10-10,28,quantile,0.975,62.552499999999995
2026-09-26,wk inc covid hosp,2,2026-10-10,28,quantile,0.99,76.3
2026-09-26,wk inc covid hosp,2,2026-10-10,29,quantile,0.01,11.9
2026-09-26,wk inc covid hosp,2,2026-10-10,29,quantile,0.025,14.7
2026-09-26,wk inc covid hosp,2,2026-10-10,29,quantile,0.05,16.9
2026-09-26,wk inc covid hosp,2,2026-10-10,29,quantile,0.1,20.09
2026-09-26,wk inc covid hosp,2,2026-10-10,29,quantile,0.15,23.9
2026-09-26,wk inc covid hosp,2,2026-10-10,29,quantile,0.2,26.6
2026-09-26,wk inc covid hosp,2,2026-10-10,29,quantile,0.25,28.8
2026-09-26,wk inc covid hosp,2,2026-10-10,29,quantile,0.3,31.0
2026-09-26,wk inc covid hosp,2,2026-10-10,29,quantile,0.35,33.0
2026-09-26,wk inc covid hosp,2,2026-10-10,29,quantile,0.4,35.1
2026-09-26,wk inc covid hosp,2,2026-10-10,29,quantile,0.45,37.4
2026-09-26,wk inc covid hosp,2,2026-10-10,29,quantile,0.5,39.7
2026-09-26,wk inc covid hosp,2,2026-10-10,29,quantile,0.55,41.3
2026-09-26,wk inc covid hosp,2,2026-10-10,29,quantile,0.6,43.1
2026-09-26,wk inc covid hosp,2,2026-10-10,29,quantile,0.65,45.2
2026-09-26,wk inc covid hosp,2,2026-10-10,29,quantile,0.7,48.3
2026-09-26,wk inc covid hosp,2,2026-10-10,29,quantile,0.75,51.925
2026-09-26,wk inc covid hosp,2,2026-10-10,29,quantile,0.8,55.8
2026-09-26,wk inc covid hosp,2,2026-10-10,29,quantile,0.85,61.3
2026-09-26,wk inc covid hosp,2,2026-10-10,29,quantile,0.9,68.9
2026-09-26,wk inc covid hosp,2,2026-10-10,29,quantile,0.95,82.905
2026-09-26,wk inc covid hosp,2,2026-10-10,29,quantile,0.975,98.30499999999999
2026-09-26,wk inc covid hosp,2,2026-10-10,29,quantile,0.99,118.804
2026-09-26,wk inc covid hosp,2,2026-10-10,30,quantile,0.01,2.7
2026-09-26,wk inc covid hosp,2,2026-10-10,30,quantile,0.025,3.2
2026-09-26,wk inc covid hosp,2,2026-10-10,30,quantile,0.05,3.9
2026-09-26,wk inc covid hosp,2,2026-10-10,30,quantile,0.1,5.6
2026-09-26,wk inc covid hosp,2,2026-10-10,30,quantile,0.15,6.5
2026-09-26,wk inc covid hosp,2,2026-10-10,30,quantile,0.2,7.5
2026-09-26,wk inc covid hosp,2,2026-10-10,30,quantile,0.25,8.6
2026-09-26,wk inc covid hosp,2,2026-10-10,30,quantile,0.3,8.9
2026-09-26,wk inc covid hosp,2,2026-10-10,30,quantile,0.35,10.1
2026-09-26,wk inc covid hosp,2,2026-10-10,30,quantile,0.4,10.8
2026-09-26,wk inc covid hosp,2,2026-10-10,30,quantile,0.45,11.8
2026-09-26,wk inc covid hosp,2,2026-10-10,30,quantile,0.5,12.5
2026-09-26,wk inc covid hosp,2,2026-10-10,30,quantile,0.55,13.0
2026-09-26,wk inc covid hosp,2,2026-10-10,30,quantile,0.6,14.1
2026-09-26,wk inc covid hosp,2,2026-10-10,30,quantile,0.65,15.3
2026-09-26,wk inc covid hosp,2,2026-10-10,30,quantile,0.7,16.7
2026-09-26,wk inc covid hosp,2,2026-10-10,30,quantile,0.75,18.6
2026-09-26,wk inc covid hosp,2,2026-10-10,30,quantile,0.8,20.6
2026-09-26,wk inc covid hosp,2,2026-10-10,30,quantile,0.85,23.1
2026-09-26,wk inc covid hosp,2,2026-10-10,30,quantile,0.9,26.1
2026-09-26,wk inc covid hosp,2,2026-10-10,30,quantile,0.95,33.7
2026-09-26,wk inc covid hosp,2,2026-10-10,30,quantile,0.975,41.2525
2026-09-26,wk inc covid hosp,2,2026-10-10,30,quantile,0.99,50.201
2026-09-26,wk inc covid hosp,2,2026-10-10,31,quantile,0.01,0.5
2026-09-26,wk inc covid hosp,2,2026-10-10,31,quantile,0.025,0.9
2026-09-26,wk inc covid hosp,2,2026-10-10,31,quantile,0.05,1.3
2026-09-26,wk inc covid hosp,2,2026-10-10,31,quantile,0.1,2.0
2026-09-26,wk inc covid hosp,2,2026-10-10,31,quantile,0.15,2.4
2026-09-26,wk inc covid hosp,2,2026-10-10,31,quantile,0.2,3.0
2026-09-26,wk inc covid hosp,2,2026-10-10,31,quantile,0.25,3.7
2026-09-26,wk inc covid hosp,2,2026-10-10,31,quantile,0.3,4.1
2026-09-26,wk inc covid hosp,2,2026-10-10,31,quantile,0.35,4.4
2026-09-26,wk inc covid hosp,2,2026-10-10,31,quantile,0.4,5.0
2026-09-26,wk inc covid hosp,2,2026-10-10,31,quantile,0.45,5.5
2026-09-26,wk inc covid hosp,2,2026-10-10,31,quantile,0.5,6.3
2026-09-26,wk inc covid hosp,2,2026-10-10,31,quantile,0.55,6.9
2026-09-26,wk inc covid hosp,2,2026-10-10,31,quantile,0.6,7.7
2026-09-26,wk inc covid hosp,2,2026-10-10,31,quantile,0.65,8.5
2026-09-26,wk inc covid hosp,2,2026-10-10,31,quantile,0.7,9.9
2026-09-26,wk inc covid hosp,2,2026-10-10,31,quantile,0.75,11.025
2026-09-26,wk inc covid hosp,2,2026-10-10,31,quantile,0.8,12.8
2026-09-26,wk inc covid hosp,2,2026-10-10,31,quantile,0.85,14.9
2026-09-26,wk inc covid hosp,2,2026-10-10,31,quantile,0.9,17.5
2026-09-26,wk inc covid hosp,2,2026-10-10,31,quantile,0.95,24.6
2026-09-26,wk inc covid hosp,2,2026-10-10,31,quantile,0.975,31.6
2026-09-26,wk inc covid hosp,2,2026-10-10,31,quantile,0.99,41.102
2026-09-26,wk inc covid hosp,2,2026-10-10,32,quantile,0.01,6.7
2026-09-26,wk inc covid hosp,2,2026-10-10,32,quantile,0.025,9.2
2026-09-26,wk inc covid hosp,2,2026-10-10,32,quantile,0.05,10.7
2026-09-26,wk inc covid hosp,2,2026-10-10,32,quantile,0.1,14.3
2026-09-26,wk inc covid hosp,2,2026-10-10,32,quantile,0.15,16.9
2026-09-26,wk inc covid hosp,2,2026-10-10,32,quantile,0.2,19.6
2026-09-26,wk inc covid hosp,2,2026-10-10,32,quantile,0.25,21.4
2026-09-26,wk inc covid hosp,2,2026-10-10,32,quantile,0.3,22.7
2026-09-26,wk inc covid hosp,2,2026-10-10,32,quantile,0.35,24.5
2026-09-26,wk inc covid hosp,2,2026-10-10,32,quantile,0.4,26.0
2026-09-26,wk inc covid hosp,2,2026-10-10,32,quantile,0.45,28.2
2026-09-26,wk inc covid hosp,2,2026-10-10,32,quantile,0.5,29.5
2026-09-26,wk inc covid hosp,2,2026-10-10,32,quantile,0.55,31.6
2026-09-26,wk inc covid hosp,2,2026-10-10,32,quantile,0.6,33.2
2026-09-26,wk inc covid hosp,2,2026-10-10,32,quantile,0.65,35.435
2026-09-26,wk inc covid hosp,2,2026-10-10,32,quantile,0.7,38.4
2026-09-26,wk inc covid hosp,2,2026-10-10,32,quantile,0.75,40.8
2026-09-26,wk inc covid hosp,2,2026-10-10,32,quantile,0.8,43.5
2026-09-26,wk inc covid hosp,2,2026-10-10,32,quantile,0.85,47.7
2026-09-26,wk inc covid hosp,2,2026-10-10,32,quantile,0.9,53.21
2026-09-26,wk inc covid hosp,2,2026-10-10,32,quantile,0.95,66.30499999999999
2026-09-26,wk inc covid hosp,2,2026-10-10,32,quantile,0.975,79.10499999999999
2026-09-26,wk inc covid hosp,2,2026-10-10,32,quantile,0.99,104.703
2026-09-26,wk inc covid hosp,2,2026-10-10,33,quantile,0.01,0.1
2026-09-26,wk inc covid hosp,2,2026-10-10,33,quantile,0.025,0.4
2026-09-26,wk inc covid hosp,2,2026-10-10,33,quantile,0.05,0.6
2026-09-26,wk inc covid hosp,2,2026-10-10,33,quantile,0.1,1.1
2026-09-26,wk inc covid hosp,2,2026-10-10,33,quantile,0.15,1.8
2026-09-26,wk inc covid hosp,2,2026-10-10,33,quantile,0.2,2.2
2026-09-26,wk inc covid hosp,2,2026-10-10,33,quantile,0.25,2.6
2026-09-26,wk inc covid hosp,2,2026-10-10,33,quantile,0.3,3.0
2026-09-26,wk inc covid hosp,2,2026-10-10,33,quantile,0.35,3.2
2026-09-26,wk inc covid hosp,2,2026-10-10,33,quantile,0.4,3.5
2026-09-26,wk inc covid hosp,2,2026-10-10,33,quantile,0.45,3.8
2026-09-26,wk inc covid hosp,2,2026-10-10,33,quantile,0.5,4.4
2026-09-26,wk inc covid hosp,2,2026-10-10,33,quantile,0.55,5.0
2026-09-26,wk inc covid hosp,2,2026-10-10,33,quantile,0.6,5.7
2026-09-26,wk inc covid hosp,2,2026-10-10,33,quantile,0.65,6.4
2026-09-26,wk inc covid hosp,2,2026-10-10,33,quantile,0.7,7.2
2026-09-26,wk inc covid hosp,2,2026-10-10,33,quantile,0.75,9.1
2026-09-26,wk inc covid hosp,2,2026-10-10,33,quantile,0.8,10.320000000000004
2026-09-26,wk inc covid hosp,2,2026-10-10,33,quantile,0.85,11.8
2026-09-26,wk inc covid hosp,2,2026-10-10,33,quantile,0.9,14.6
2026-09-26,wk inc covid hosp,2,2026-10-10,33,quantile,0.95,19.0
2026-09-26,wk inc covid hosp,2,2026-10-10,33,quantile,0.975,23.9
2026-09-26,wk inc covid hosp,2,2026-10-10,33,quantile,0.99,32.501
2026-09-26,wk inc covid hosp,2,2026-10-10,34,quantile,0.01,31.899
2026-09-26,wk inc covid hosp,2,2026-10-10,34,quantile,0.025,41.8
2026-09-26,wk inc covid hosp,2,2026-10-10,34,quantile,0.05,51.3
2026-09-26,wk inc covid hosp,2,2026-10-10,34,quantile,0.1,62.9
2026-09-26,wk inc covid hosp,2,2026-10-10,34,quantile,0.15,72.1
2026-09-26,wk inc covid hosp,2,2026-10-10,34,quantile,0.2,78.8
2026-09-26,wk inc covid hosp,2,2026-10-10,34,quantile,0.25,84.0
2026-09-26,wk inc covid hosp,2,2026-10-10,34,quantile,0.3,88.67
2026-09-26,wk inc covid hosp,2,2026-10-10,34,quantile,0.35,92.8
2026-09-26,wk inc covid hosp,2,2026-10-10,34,quantile,0.4,97.3
2026-09-26,wk inc covid hosp,2,2026-10-10,34,quantile,0.45,101.255
2026-09-26,wk inc covid hosp,2,2026-10-10,34,quantile,0.5,106.3
2026-09-26,wk inc covid hosp,2,2026-10-10,34,quantile,0.55,109.6
2026-09-26,wk inc covid hosp,2,2026-10-10,34,quantile,0.6,113.7
2026-09-26,wk inc covid hosp,2,2026-10-10,34,quantile,0.65,119.1
2026-09-26,wk inc covid hosp,2,2026-10-10,34,quantile,0.7,125.3
2026-09-26,wk inc covid hosp,2,2026-10-10,34,quantile,0.75,131.8
2026-09-26,wk inc covid hosp,2,2026-10-10,34,quantile,0.8,137.6
2026-09-26,wk inc covid hosp,2,2026-10-10,34,quantile,0.85,145.0
2026-09-26,wk inc covid hosp,2,2026-10-10,34,quantile,0.9,159.01
2026-09-26,wk inc covid hosp,2,2026-10-10,34,quantile,0.95,181.7
2026-09-26,wk inc covid hosp,2,2026-10-10,34,quantile,0.975,217.325
2026-09-26,wk inc covid hosp,2,2026-10-10,34,quantile,0.99,262.406
2026-09-26,wk inc covid hosp,2,2026-10-10,35,quantile,0.01,1.7
2026-09-26,wk inc covid hosp,2,2026-10-10,35,quantile,0.025,2.7
2026-09-26,wk inc covid hosp,2,2026-10-10,35,quantile,0.05,3.2
2026-09-26,wk inc covid hosp,2,2026-10-10,35,quantile,0.1,4.4
2026-09-26,wk inc covid hosp,2,2026-10-10,35,quantile,0.15,5.4
2026-09-26,wk inc covid hosp,2,2026-10-10,35,quantile,0.2,6.3
2026-09-26,wk inc covid hosp,2,2026-10-10,35,quantile,0.25,7.5
2026-09-26,wk inc covid hosp,2,2026-10-10,35,quantile,0.3,8.2
2026-09-26,wk inc covid hosp,2,2026-10-10,35,quantile,0.35,9.0
2026-09-26,wk inc covid hosp,2,2026-10-10,35,quantile,0.4,9.5
2026-09-26,wk inc covid hosp,2,2026-10-10,35,quantile,0.45,10.5
2026-09-26,wk inc covid hosp,2,2026-10-10,35,quantile,0.5,11.4
2026-09-26,wk inc covid hosp,2,2026-10-10,35,quantile,0.55,12.1
2026-09-26,wk inc covid hosp,2,2026-10-10,35,quantile,0.6,12.9
2026-09-26,wk inc covid hosp,2,2026-10-10,35,quantile,0.65,14.1
2026-09-26,wk inc covid hosp,2,2026-10-10,35,quantile,0.7,15.5
2026-09-26,wk inc covid hosp,2,2026-10-10,35,quantile,0.75,16.9
2026-09-26,wk inc covid hosp,2,2026-10-10,35,quantile,0.8,19.0
2026-09-26,wk inc covid hosp,2,2026-10-10,35,quantile,0.85,21.5
2026-09-26,wk inc covid hosp,2,2026-10-10,35,quantile,0.9,24.3
2026-09-26,wk inc covid hosp,2,2026-10-10,35,quantile,0.95,31.1
2026-09-26,wk inc covid hosp,2,2026-10-10,35,quantile,0.975,38.3525
2026-09-26,wk inc covid hosp,2,2026-10-10,35,quantile,0.99,49.003
2026-09-26,wk inc covid hosp,2,2026-10-10,36,quantile,0.01,86.499
2026-09-26,wk inc covid hosp,2,2026-10-10,36,quantile,0.025,110.1425
2026-09-26,wk inc covid hosp,2,2026-10-10,36,quantile,0.05,126.09
2026-09-26,wk inc covid hosp,2,2026-10-10,36,quantile,0.1,145.8
2026-09-26,wk inc covid hosp,2,2026-10-10,36,quantile,0.15,162.6
2026-09-26,wk inc covid hosp,2,2026-10-10,36,quantile,0.2,177.6
2026-09-26,wk inc covid hosp,2,2026-10-10,36,quantile,0.25,186.3
2026-09-26,wk inc covid hosp,2,2026-10-10,36,quantile,0.3,193.27
2026-09-26,wk inc covid hosp,2,2026-10-10,36,quantile,0.35,199.9
2026-09-26,wk inc covid hosp,2,2026-10-10,36,quantile,0.4,206.5
2026-09-26,wk inc covid hosp,2,2026-10-10,36,quantile,0.45,216.055
2026-09-26,wk inc covid hosp,2,2026-10-10,36,quantile,0.5,224.5
2026-09-26,wk inc covid hosp,2,2026-10-10,36,quantile,0.55,232.0
2026-09-26,wk inc covid hosp,2,2026-10-10,36,quantile,0.6,240.74
2026-09-26,wk inc covid hosp,2,2026-10-10,36,quantile,0.65,249.7
2026-09-26,wk inc covid hosp,2,2026-10-10,36,quantile,0.7,260.43
2026-09-26,wk inc covid hosp,2,2026-10-10,36,quantile,0.75,274.5
2026-09-26,wk inc covid hosp,2,2026-10-10,36,quantile,0.8,286.1
2026-09-26,wk inc covid hosp,2,2026-10-10,36,quantile,0.85,302.46
2026-09-26,wk inc covid hosp,2,2026-10-10,36,quantile,0.9,323.52
2026-09-26,wk inc covid hosp,2,2026-10-10,36,quantile,0.95,360.81
2026-09-26,wk inc covid hosp,2,2026-10-10,36,quantile,0.975,406.605
2026-09-26,wk inc covid hosp,2,2026-10-10,36,quantile,0.99,473.907
2026-09-26,wk inc covid hosp,2,2026-10-10,37,quantile,0.01,46.3
2026-09-26,wk inc covid hosp,2,2026-10-10,37,quantile,0.025,57.342499999999994
2026-09-26,wk inc covid hosp,2,2026-10-10,37,quantile,0.05,70.495
2026-09-26,wk inc covid hosp,2,2026-10-10,37,quantile,0.1,86.5
2026-09-26,wk inc covid hosp,2,2026-10-10,37,quantile,0.15,99.8
2026-09-26,wk inc covid hosp,2,2026-10-10,37,quantile,0.2,108.5
2026-09-26,wk inc covid hosp,2,2026-10-10,37,quantile,0.25,116.575
2026-09-26,wk inc covid hosp,2,2026-10-10,37,quantile,0.3,123.5
2026-09-26,wk inc covid hosp,2,2026-10-10,37,quantile,0.35,131.6
2026-09-26,wk inc covid hosp,2,2026-10-10,37,quantile,0.4,137.1
2026-09-26,wk inc covid hosp,2,2026-10-10,37,quantile,0.45,144.4
2026-09-26,wk inc covid hosp,2,2026-10-10,37,quantile,0.5,150.0
2026-09-26,wk inc covid hosp,2,2026-10-10,37,quantile,0.55,155.7
2026-09-26,wk inc covid hosp,2,2026-10-10,37,quantile,0.6,161.2
2026-09-26,wk inc covid hosp,2,2026-10-10,37,quantile,0.65,169.935
2026-09-26,wk inc covid hosp,2,2026-10-10,37,quantile,0.7,179.63
2026-09-26,wk inc covid hosp,2,2026-10-10,37,quantile,0.75,189.925
2026-09-26,wk inc covid hosp,2,2026-10-10,37,quantile,0.8,204.3
2026-09-26,wk inc covid hosp,2,2026-10-10,37,quantile,0.85,219.6
2026-09-26,wk inc covid hosp,2,2026-10-10,37,quantile,0.9,243.24
2026-09-26,wk inc covid hosp,2,2026-10-10,37,quantile,0.95,289.32
2026-09-26,wk inc covid hosp,2,2026-10-10,37,quantile,0.975,338.82
2026-09-26,wk inc covid hosp,2,2026-10-10,37,quantile,0.99,414.10699999999997
2026-09-26,wk inc covid hosp,2,2026-10-10,38,quantile,0.01,0.0
2026-09-26,wk inc covid hosp,2,2026-10-10,38,quantile,0.025,0.0
2026-09-26,wk inc covid hosp,2,2026-10-10,38,quantile,0.05,0.1
2026-09-26,wk inc covid hosp,2,2026-10-10,38,quantile,0.1,0.3
2026-09-26,wk inc covid hosp,2,2026-10-10,38,quantile,0.15,0.5
2026-09-26,wk inc covid hosp,2,2026-10-10,38,quantile,0.2,0.9
2026-09-26,wk inc covid hosp,2,2026-10-10,38,quantile,0.25,1.0
2026-09-26,wk inc covid hosp,2,2026-10-10,38,quantile,0.3,1.5
2026-09-26,wk inc covid hosp,2,2026-10-10,38,quantile,0.35,1.8
2026-09-26,wk inc covid hosp,2,2026-10-10,38,quantile,0.4,1.8
2026-09-26,wk inc covid hosp,2,2026-10-10,38,quantile,0.45,2.4
2026-09-26,wk inc covid hosp,2,2026-10-10,38,quantile,0.5,2.6
2026-09-26,wk inc covid hosp,2,2026-10-10,38,quantile,0.55,3.2
2026-09-26,wk inc covid hosp,2,2026-10-10,38,quantile,0.6,3.6
2026-09-26,wk inc covid hosp,2,2026-10-10,38,quantile,0.65,4.2
2026-09-26,wk inc covid hosp,2,2026-10-10,38,quantile,0.7,5.1
2026-09-26,wk inc covid hosp,2,2026-10-10,38,quantile,0.75,6.3
2026-09-26,wk inc covid hosp,2,2026-10-10,38,quantile,0.8,7.5
2026-09-26,wk inc covid hosp,2,2026-10-10,38,quantile,0.85,8.7
2026-09-26,wk inc covid hosp,2,2026-10-10,38,quantile,0.9,11.0
2026-09-26,wk inc covid hosp,2,2026-10-10,38,quantile,0.95,18.704999999999995
2026-09-26,wk inc covid hosp,2,2026-10-10,38,quantile,0.975,24.5525
2026-09-26,wk inc covid hosp,2,2026-10-10,38,quantile,0.99,33.102
2026-09-26,wk inc covid hosp,2,2026-10-10,39,quantile,0.01,17.2
2026-09-26,wk inc covid hosp,2,2026-10-10,39,quantile,0.025,21.6
2026-09-26,wk inc covid hosp,2,2026-10-10,39,quantile,0.05,27.0
2026-09-26,wk inc covid hosp,2,2026-10-10,39,quantile,0.1,34.0
2026-09-26,wk inc covid hosp,2,2026-10-10,39,quantile,0.15,39.3
2026-09-26,wk inc covid hosp,2,2026-10-10,39,quantile,0.2,44.1
2026-09-26,wk inc covid hosp,2,2026-10-10,39,quantile,0.25,47.875
2026-09-26,wk inc covid hosp,2,2026-10-10,39,quantile,0.3,51.9
2026-09-26,wk inc covid hosp,2,2026-10-10,39,quantile,0.35,55.364999999999995
2026-09-26,wk inc covid hosp,2,2026-10-10,39,quantile,0.4,59.660000000000004
2026-09-26,wk inc covid hosp,2,2026-10-10,39,quantile,0.45,63.0
2026-09-26,wk inc covid hosp,2,2026-10-10,39,quantile,0.5,65.6
2026-09-26,wk inc covid hosp,2,2026-10-10,39,quantile,0.55,68.845
2026-09-26,wk inc covid hosp,2,2026-10-10,39,quantile,0.6,73.44
2026-09-26,wk inc covid hosp,2,2026-10-10,39,quantile,0.65,78.5
2026-09-26,wk inc covid hosp,2,2026-10-10,39,quantile,0.7,84.5
2026-09-26,wk inc covid hosp,2,2026-10-10,39,quantile,0.75,89.9
2026-09-26,wk inc covid hosp,2,2026-10-10,39,quantile,0.8,95.32000000000001
2026-09-26,wk inc covid hosp,2,2026-10-10,39,quantile,0.85,106.01500000000001
2026-09-26,wk inc covid hosp,2,2026-10-10,39,quantile,0.9,119.00999999999999
2026-09-26,wk inc covid hosp,2,2026-10-10,39,quantile,0.95,141.2
2026-09-26,wk inc covid hosp,2,2026-10-10,39,quantile,0.975,163.2
2026-09-26,wk inc covid hosp,2,2026-10-10,39,quantile,0.99,198.601
2026-09-26,wk inc covid hosp,2,2026-10-10,40,quantile,0.01,4.1
2026-09-26,wk inc covid hosp,2,2026-10-10,40,quantile,0.025,5.2
2026-09-26,wk inc covid hosp,2,2026-10-10,40,quantile,0.05,6.3
2026-09-26,wk inc covid hosp,2,2026-10-10,40,quantile,0.1,8.1
2026-09-26,wk inc covid hosp,2,2026-10-10,40,quantile,0.15,10.2
2026-09-26,wk inc covid hosp,2,2026-10-10,40,quantile,0.2,12.0
2026-09-26,wk inc covid hosp,2,2026-10-10,40,quantile,0.25,13.375
2026-09-26,wk inc covid hosp,2,2026-10-10,40,quantile,0.3,14.8
2026-09-26,wk inc covid hosp,2,2026-10-10,40,quantile,0.35,16.1
2026-09-26,wk inc covid hosp,2,2026-10-10,40,quantile,0.4,17.5
2026-09-26,wk inc covid hosp,2,2026-10-10,40,quantile,0.45,18.7
2026-09-26,wk inc covid hosp,2,2026-10-10,40,quantile,0.5,19.8
2026-09-26,wk inc covid hosp,2,2026-10-10,40,quantile,0.55,21.0
2026-09-26,wk inc covid hosp,2,2026-10-10,40,quantile,0.6,22.6
2026-09-26,wk inc covid hosp,2,2026-10-10,40,quantile,0.65,24.3
2026-09-26,wk inc covid hosp,2,2026-10-10,40,quantile,0.7,26.7
2026-09-26,wk inc covid hosp,2,2026-10-10,40,quantile,0.75,29.0
2026-09-26,wk inc covid hosp,2,2026-10-10,40,quantile,0.8,31.6
2026-09-26,wk inc covid hosp,2,2026-10-10,40,quantile,0.85,35.7
2026-09-26,wk inc covid hosp,2,2026-10-10,40,quantile,0.9,41.1
2026-09-26,wk inc covid hosp,2,2026-10-10,40,quantile,0.95,54.605
2026-09-26,wk inc covid hosp,2,2026-10-10,40,quantile,0.975,63.8525
2026-09-26,wk inc covid hosp,2,2026-10-10,40,quantile,0.99,80.11499999999998
2026-09-26,wk inc covid hosp,2,2026-10-10,41,quantile,0.01,12.4
2026-09-26,wk inc covid hosp,2,2026-10-10,41,quantile,0.025,15.0
2026-09-26,wk inc covid hosp,2,2026-10-10,41,quantile,0.05,17.5
2026-09-26,wk inc covid hosp,2,2026-10-10,41,quantile,0.1,21.69
2026-09-26,wk inc covid hosp,2,2026-10-10,41,quantile,0.15,25.1
2026-09-26,wk inc covid hosp,2,2026-10-10,41,quantile,0.2,27.4
2026-09-26,wk inc covid hosp,2,2026-10-10,41,quantile,0.25,29.475
2026-09-26,wk inc covid hosp,2,2026-10-10,41,quantile,0.3,30.7
2026-09-26,wk inc covid hosp,2,2026-10-10,41,quantile,0.35,32.7
2026-09-26,wk inc covid hosp,2,2026-10-10,41,quantile,0.4,34.5
2026-09-26,wk inc covid hosp,2,2026-10-10,41,quantile,0.45,36.3
2026-09-26,wk inc covid hosp,2,2026-10-10,41,quantile,0.5,37.9
2026-09-26,wk inc covid hosp,2,2026-10-10,41,quantile,0.55,39.5
2026-09-26,wk inc covid hosp,2,2026-10-10,41,quantile,0.6,41.3
2026-09-26,wk inc covid hosp,2,2026-10-10,41,quantile,0.65,43.2
2026-09-26,wk inc covid hosp,2,2026-10-10,41,quantile,0.7,45.2
2026-09-26,wk inc covid hosp,2,2026-10-10,41,quantile,0.75,47.9
2026-09-26,wk inc covid hosp,2,2026-10-10,41,quantile,0.8,51.3
2026-09-26,wk inc covid hosp,2,2026-10-10,41,quantile,0.85,55.8
2026-09-26,wk inc covid hosp,2,2026-10-10,41,quantile,0.9,61.410000000000004
2026-09-26,wk inc covid hosp,2,2026-10-10,41,quantile,0.95,72.10999999999999
2026-09-26,wk inc covid hosp,2,2026-10-10,41,quantile,0.975,85.1
2026-09-26,wk inc covid hosp,2,2026-10-10,41,quantile,0.99,103.10499999999999
2026-09-26,wk inc covid hosp,2,2026-10-10,42,quantile,0.01,45.795
2026-09-26,wk inc covid hosp,2,2026-10-10,42,quantile,0.025,58.847500000000004
2026-09-26,wk inc covid hosp,2,2026-10-10,42,quantile,0.05,72.28999999999999
2026-09-26,wk inc covid hosp,2,2026-10-10,42,quantile,0.1,87.88
2026-09-26,wk inc covid hosp,2,2026-10-10,42,quantile,0.15,99.3
2026-09-26,wk inc covid hosp,2,2026-10-10,42,quantile,0.2,110.8
2026-09-26,wk inc covid hosp,2,2026-10-10,42,quantile,0.25,116.475
2026-09-26,wk inc covid hosp,2,2026-10-10,42,quantile,0.3,122.3
2026-09-26,wk inc covid hosp,2,2026-10-10,42,quantile,0.35,129.4
2026-09-26,wk inc covid hosp,2,2026-10-10,42,quantile,0.4,134.9
2026-09-26,wk inc covid hosp,2,2026-10-10,42,quantile,0.45,141.1
2026-09-26,wk inc covid hosp,2,2026-10-10,42,quantile,0.5,146.1
2026-09-26,wk inc covid hosp,2,2026-10-10,42,quantile,0.55,151.1
2026-09-26,wk inc covid hosp,2,2026-10-10,42,quantile,0.6,158.4
2026-09-26,wk inc covid hosp,2,2026-10-10,42,quantile,0.65,164.7
2026-09-26,wk inc covid hosp,2,2026-10-10,42,quantile,0.7,172.5
2026-09-26,wk inc covid hosp,2,2026-10-10,42,quantile,0.75,179.2
2026-09-26,wk inc covid hosp,2,2026-10-10,42,quantile,0.8,187.82
2026-09-26,wk inc covid hosp,2,2026-10-10,42,quantile,0.85,200.215
2026-09-26,wk inc covid hosp,2,2026-10-10,42,quantile,0.9,221.4
2026-09-26,wk inc covid hosp,2,2026-10-10,42,quantile,0.95,256.41999999999996
2026-09-26,wk inc covid hosp,2,2026-10-10,42,quantile,0.975,301.91499999999996
2026-09-26,wk inc covid hosp,2,2026-10-10,42,quantile,0.99,350.701
2026-09-26,wk inc covid hosp,2,2026-10-10,44,quantile,0.01,2.3
2026-09-26,wk inc covid hosp,2,2026-10-10,44,quantile,0.025,3.0
2026-09-26,wk inc covid hosp,2,2026-10-10,44,quantile,0.05,3.7
2026-09-26,wk inc covid hosp,2,2026-10-10,44,quantile,0.1,5.2
2026-09-26,wk inc covid hosp,2,2026-10-10,44,quantile,0.15,6.3
2026-09-26,wk inc covid hosp,2,2026-10-10,44,quantile,0.2,7.5
2026-09-26,wk inc covid hosp,2,2026-10-10,44,quantile,0.25,8.2
2026-09-26,wk inc covid hosp,2,2026-10-10,44,quantile,0.3,8.7
2026-09-26,wk inc covid hosp,2,2026-10-10,44,quantile,0.35,9.3
2026-09-26,wk inc covid hosp,2,2026-10-10,44,quantile,0.4,10.3
2026-09-26,wk inc covid hosp,2,2026-10-10,44,quantile,0.45,11.3
2026-09-26,wk inc covid hosp,2,2026-10-10,44,quantile,0.5,12.0
2026-09-26,wk inc covid hosp,2,2026-10-10,44,quantile,0.55,12.8
2026-09-26,wk inc covid hosp,2,2026-10-10,44,quantile,0.6,13.6
2026-09-26,wk inc covid hosp,2,2026-10-10,44,quantile,0.65,14.6
2026-09-26,wk inc covid hosp,2,2026-10-10,44,quantile,0.7,15.6
2026-09-26,wk inc covid hosp,2,2026-10-10,44,quantile,0.75,16.9
2026-09-26,wk inc covid hosp,2,2026-10-10,44,quantile,0.8,18.5
2026-09-26,wk inc covid hosp,2,2026-10-10,44,quantile,0.85,20.6
2026-09-26,wk inc covid hosp,2,2026-10-10,44,quantile,0.9,23.6
2026-09-26,wk inc covid hosp,2,2026-10-10,44,quantile,0.95,29.1
2026-09-26,wk inc covid hosp,2,2026-10-10,44,quantile,0.975,36.0
2026-09-26,wk inc covid hosp,2,2026-10-10,44,quantile,0.99,47.605
2026-09-26,wk inc covid hosp,2,2026-10-10,45,quantile,0.01,12.3
2026-09-26,wk inc covid hosp,2,2026-10-10,45,quantile,0.025,15.6
2026-09-26,wk inc covid hosp,2,2026-10-10,45,quantile,0.05,18.695
2026-09-26,wk inc covid hosp,2,2026-10-10,45,quantile,0.1,24.1
2026-09-26,wk inc covid hosp,2,2026-10-10,45,quantile,0.15,28.5
2026-09-26,wk inc covid hosp,2,2026-10-10,45,quantile,0.2,32.2
2026-09-26,wk inc covid hosp,2,2026-10-10,45,quantile,0.25,34.0
2026-09-26,wk inc covid hosp,2,2026-10-10,45,quantile,0.3,36.2
2026-09-26,wk inc covid hosp,2,2026-10-10,45,quantile,0.35,38.9
2026-09-26,wk inc covid hosp,2,2026-10-10,45,quantile,0.4,40.9
2026-09-26,wk inc covid hosp,2,2026-10-10,45,quantile,0.45,42.8
2026-09-26,wk inc covid hosp,2,2026-10-10,45,quantile,0.5,45.2
2026-09-26,wk inc covid hosp,2,2026-10-10,45,quantile,0.55,47.6
2026-09-26,wk inc covid hosp,2,2026-10-10,45,quantile,0.6,49.7
2026-09-26,wk inc covid hosp,2,2026-10-10,45,quantile,0.65,52.6
2026-09-26,wk inc covid hosp,2,2026-10-10,45,quantile,0.7,55.92999999999999
2026-09-26,wk inc covid hosp,2,2026-10-10,45,quantile,0.75,59.1
2026-09-26,wk inc covid hosp,2,2026-10-10,45,quantile,0.8,62.3
2026-09-26,wk inc covid hosp,2,2026-10-10,45,quantile,0.85,67.91499999999999
2026-09-26,wk inc covid hosp,2,2026-10-10,45,quantile,0.9,75.7
2026-09-26,wk inc covid hosp,2,2026-10-10,45,quantile,0.95,91.60499999999999
2026-09-26,wk inc covid hosp,2,2026-10-10,45,quantile,0.975,108.14999999999995
2026-09-26,wk inc covid hosp,2,2026-10-10,45,quantile,0.99,134.31199999999998
2026-09-26,wk inc covid hosp,2,2026-10-10,46,quantile,0.01,0.4
2026-09-26,wk inc covid hosp,2,2026-10-10,46,quantile,0.025,0.8
2026-09-26,wk inc covid hosp,2,2026-10-10,46,quantile,0.05,1.3
2026-09-26,wk inc covid hosp,2,2026-10-10,46,quantile,0.1,1.5
2026-09-26,wk inc covid hosp,2,2026-10-10,46,quantile,0.15,2.2
2026-09-26,wk inc covid hosp,2,2026-10-10,46,quantile,0.2,2.8
2026-09-26,wk inc covid hosp,2,2026-10-10,46,quantile,0.25,3.3
2026-09-26,wk inc covid hosp,2,2026-10-10,46,quantile,0.3,3.8
2026-09-26,wk inc covid hosp,2,2026-10-10,46,quantile,0.35,4.3
2026-09-26,wk inc covid hosp,2,2026-10-10,46,quantile,0.4,4.7
2026-09-26,wk inc covid hosp,2,2026-10-10,46,quantile,0.45,5.2
2026-09-26,wk inc covid hosp,2,2026-10-10,46,quantile,0.5,5.6
2026-09-26,wk inc covid hosp,2,2026-10-10,46,quantile,0.55,5.9
2026-09-26,wk inc covid hosp,2,2026-10-10,46,quantile,0.6,6.5
2026-09-26,wk inc covid hosp,2,2026-10-10,46,quantile,0.65,7.0
2026-09-26,wk inc covid hosp,2,2026-10-10,46,quantile,0.7,8.1
2026-09-26,wk inc covid hosp,2,2026-10-10,46,quantile,0.75,9.3
2026-09-26,wk inc covid hosp,2,2026-10-10,46,quantile,0.8,10.5
2026-09-26,wk inc covid hosp,2,2026-10-10,46,quantile,0.85,12.0
2026-09-26,wk inc covid hosp,2,2026-10-10,46,quantile,0.9,14.2
2026-09-26,wk inc covid hosp,2,2026-10-10,46,quantile,0.95,19.6
2026-09-26,wk inc covid hosp,2,2026-10-10,46,quantile,0.975,24.7
2026-09-26,wk inc covid hosp,2,2026-10-10,46,quantile,0.99,32.501999999999995
2026-09-26,wk inc covid hosp,2,2026-10-10,47,quantile,0.01,18.1
2026-09-26,wk inc covid hosp,2,2026-10-10,47,quantile,0.025,23.947499999999998
2026-09-26,wk inc covid hosp,2,2026-10-10,47,quantile,0.05,28.8
2026-09-26,wk inc covid hosp,2,2026-10-10,47,quantile,0.1,36.7
2026-09-26,wk inc covid hosp,2,2026-10-10,47,quantile,0.15,42.0
2026-09-26,wk inc covid hosp,2,2026-10-10,47,quantile,0.2,46.5
2026-09-26,wk inc covid hosp,2,2026-10-10,47,quantile,0.25,48.7
2026-09-26,wk inc covid hosp,2,2026-10-10,47,quantile,0.3,51.4
2026-09-26,wk inc covid hosp,2,2026-10-10,47,quantile,0.35,53.4
2026-09-26,wk inc covid hosp,2,2026-10-10,47,quantile,0.4,55.86
2026-09-26,wk inc covid hosp,2,2026-10-10,47,quantile,0.45,58.9
2026-09-26,wk inc covid hosp,2,2026-10-10,47,quantile,0.5,61.2
2026-09-26,wk inc covid hosp,2,2026-10-10,47,quantile,0.55,63.8
2026-09-26,wk inc covid hosp,2,2026-10-10,47,quantile,0.6,66.6
2026-09-26,wk inc covid hosp,2,2026-10-10,47,quantile,0.65,70.0
2026-09-26,wk inc covid hosp,2,2026-10-10,47,quantile,0.7,74.3
2026-09-26,wk inc covid hosp,2,2026-10-10,47,quantile,0.75,78.3
2026-09-26,wk inc covid hosp,2,2026-10-10,47,quantile,0.8,83.6
2026-09-26,wk inc covid hosp,2,2026-10-10,47,quantile,0.85,90.6
2026-09-26,wk inc covid hosp,2,2026-10-10,47,quantile,0.9,102.11
2026-09-26,wk inc covid hosp,2,2026-10-10,47,quantile,0.95,124.30499999999999
2026-09-26,wk inc covid hosp,2,2026-10-10,47,quantile,0.975,146.20499999999998
2026-09-26,wk inc covid hosp,2,2026-10-10,47,quantile,0.99,179.003
2026-09-26,wk inc covid hosp,2,2026-10-10,48,quantile,0.01,88.588
2026-09-26,wk inc covid hosp,2,2026-10-10,48,quantile,0.025,118.24749999999999
2026-09-26,wk inc covid hosp,2,2026-10-10,48,quantile,0.05,151.7
2026-09-26,wk inc covid hosp,2,2026-10-10,48,quantile,0.1,189.7
2026-09-26,wk inc covid hosp,2,2026-10-10,48,quantile,0.15,215.6
2026-09-26,wk inc covid hosp,2,2026-10-10,48,quantile,0.2,233.2
2026-09-26,wk inc covid hosp,2,2026-10-10,48,quantile,0.25,247.7
2026-09-26,wk inc covid hosp,2,2026-10-10,48,quantile,0.3,259.27
2026-09-26,wk inc covid hosp,2,2026-10-10,48,quantile,0.35,272.2
2026-09-26,wk inc covid hosp,2,2026-10-10,48,quantile,0.4,282.9
2026-09-26,wk inc covid hosp,2,2026-10-10,48,quantile,0.45,295.555
2026-09-26,wk inc covid hosp,2,2026-10-10,48,quantile,0.5,312.9
2026-09-26,wk inc covid hosp,2,2026-10-10,48,quantile,0.55,324.9
2026-09-26,wk inc covid hosp,2,2026-10-10,48,quantile,0.6,337.3
2026-09-26,wk inc covid hosp,2,2026-10-10,48,quantile,0.65,358.1
2026-09-26,wk inc covid hosp,2,2026-10-10,48,quantile,0.7,389.1
2026-09-26,wk inc covid hosp,2,2026-10-10,48,quantile,0.75,416.525
2026-09-26,wk inc covid hosp,2,2026-10-10,48,quantile,0.8,446.52
2026-09-26,wk inc covid hosp,2,2026-10-10,48,quantile,0.85,489.43
2026-09-26,wk inc covid hosp,2,2026-10-10,48,quantile,0.9,556.3
2026-09-26,wk inc covid hosp,2,2026-10-10,48,quantile,0.95,673.545
2026-09-26,wk inc covid hosp,2,2026-10-10,48,quantile,0.975,799.8
2026-09-26,wk inc covid hosp,2,2026-10-10,48,quantile,0.99,1005.1819999999998
2026-09-26,wk inc covid hosp,2,2026-10-10,49,quantile,0.01,3.8
2026-09-26,wk inc covid hosp,2,2026-10-10,49,quantile,0.025,5.9
2026-09-26,wk inc covid hosp,2,2026-10-10,49,quantile,0.05,7.2
2026-09-26,wk inc covid hosp,2,2026-10-10,49,quantile,0.1,9.1
2026-09-26,wk inc covid hosp,2,2026-10-10,49,quantile,0.15,10.8
2026-09-26,wk inc covid hosp,2,2026-10-10,49,quantile,0.2,12.6
2026-09-26,wk inc covid hosp,2,2026-10-10,49,quantile,0.25,13.7
2026-09-26,wk inc covid hosp,2,2026-10-10,49,quantile,0.3,14.8
2026-09-26,wk inc covid hosp,2,2026-10-10,49,quantile,0.35,16.2
2026-09-26,wk inc covid hosp,2,2026-10-10,49,quantile,0.4,17.6
2026-09-26,wk inc covid hosp,2,2026-10-10,49,quantile,0.45,19.2
2026-09-26,wk inc covid hosp,2,2026-10-10,49,quantile,0.5,20.0
2026-09-26,wk inc covid hosp,2,2026-10-10,49,quantile,0.55,21.4
2026-09-26,wk inc covid hosp,2,2026-10-10,49,quantile,0.6,22.6
2026-09-26,wk inc covid hosp,2,2026-10-10,49,quantile,0.65,24.5
2026-09-26,wk inc covid hosp,2,2026-10-10,49,quantile,0.7,26.7
2026-09-26,wk inc covid hosp,2,2026-10-10,49,quantile,0.75,28.5
2026-09-26,wk inc covid hosp,2,2026-10-10,49,quantile,0.8,31.3
2026-09-26,wk inc covid hosp,2,2026-10-10,49,quantile,0.85,35.015
2026-09-26,wk inc covid hosp,2,2026-10-10,49,quantile,0.9,39.2
2026-09-26,wk inc covid hosp,2,2026-10-10,49,quantile,0.95,49.8
2026-09-26,wk inc covid hosp,2,2026-10-10,49,quantile,0.975,60.7525
2026-09-26,wk inc covid hosp,2,2026-10-10,49,quantile,0.99,77.502
2026-09-26,wk inc covid hosp,2,2026-10-10,50,quantile,0.01,0.2
2026-09-26,wk inc covid hosp,2,2026-10-10,50,quantile,0.025,0.4
2026-09-26,wk inc covid hosp,2,2026-10-10,50,quantile,0.05,0.4
2026-09-26,wk inc covid hosp,2,2026-10-10,50,quantile,0.1,0.6
2026-09-26,wk inc covid hosp,2,2026-10-10,50,quantile,0.15,1.1
2026-09-26,wk inc covid hosp,2,2026-10-10,50,quantile,0.2,1.4
2026-09-26,wk inc covid hosp,2,2026-10-10,50,quantile,0.25,1.7
2026-09-26,wk inc covid hosp,2,2026-10-10,50,quantile,0.3,2.2
2026-09-26,wk inc covid hosp,2,2026-10-10,50,quantile,0.35,2.3
2026-09-26,wk inc covid hosp,2,2026-10-10,50,quantile,0.4,2.6
2026-09-26,wk inc covid hosp,2,2026-10-10,50,quantile,0.45,2.9
2026-09-26,wk inc covid hosp,2,2026-10-10,50,quantile,0.5,3.3
2026-09-26,wk inc covid hosp,2,2026-10-10,50,quantile,0.55,3.5
2026-09-26,wk inc covid hosp,2,2026-10-10,50,quantile,0.6,3.9
2026-09-26,wk inc covid hosp,2,2026-10-10,50,quantile,0.65,4.3
2026-09-26,wk inc covid hosp,2,2026-10-10,50,quantile,0.7,5.2
2026-09-26,wk inc covid hosp,2,2026-10-10,50,quantile,0.75,6.2
2026-09-26,wk inc covid hosp,2,2026-10-10,50,quantile,0.8,6.9
2026-09-26,wk inc covid hosp,2,2026-10-10,50,quantile,0.85,8.1
2026-09-26,wk inc covid hosp,2,2026-10-10,50,quantile,0.9,10.2
2026-09-26,wk inc covid hosp,2,2026-10-10,50,quantile,0.95,13.5
2026-09-26,wk inc covid hosp,2,2026-10-10,50,quantile,0.975,17.3
2026-09-26,wk inc covid hosp,2,2026-10-10,50,quantile,0.99,23.201999999999998
2026-09-26,wk inc covid hosp,2,2026-10-10,51,quantile,0.01,17.0
2026-09-26,wk inc covid hosp,2,2026-10-10,51,quantile,0.025,20.8
2026-09-26,wk inc covid hosp,2,2026-10-10,51,quantile,0.05,23.3
2026-09-26,wk inc covid hosp,2,2026-10-10,51,quantile,0.1,28.1
2026-09-26,wk inc covid hosp,2,2026-10-10,51,quantile,0.15,32.0
2026-09-26,wk inc covid hosp,2,2026-10-10,51,quantile,0.2,35.480000000000004
2026-09-26,wk inc covid hosp,2,2026-10-10,51,quantile,0.25,38.1
2026-09-26,wk inc covid hosp,2,2026-10-10,51,quantile,0.3,41.2
2026-09-26,wk inc covid hosp,2,2026-10-10,51,quantile,0.35,43.5
2026-09-26,wk inc covid hosp,2,2026-10-10,51,quantile,0.4,46.0
2026-09-26,wk inc covid hosp,2,2026-10-10,51,quantile,0.45,48.9
2026-09-26,wk inc covid hosp,2,2026-10-10,51,quantile,0.5,51.2
2026-09-26,wk inc covid hosp,2,2026-10-10,51,quantile,0.55,53.1
2026-09-26,wk inc covid hosp,2,2026-10-10,51,quantile,0.6,55.44
2026-09-26,wk inc covid hosp,2,2026-10-10,51,quantile,0.65,57.8
2026-09-26,wk inc covid hosp,2,2026-10-10,51,quantile,0.7,62.3
2026-09-26,wk inc covid hosp,2,2026-10-10,51,quantile,0.75,65.325
2026-09-26,wk inc covid hosp,2,2026-10-10,51,quantile,0.8,69.1
2026-09-26,wk inc covid hosp,2,2026-10-10,51,quantile,0.85,75.3
2026-09-26,wk inc covid hosp,2,2026-10-10,51,quantile,0.9,82.81
2026-09-26,wk inc covid hosp,2,2026-10-10,51,quantile,0.95,97.91
2026-09-26,wk inc covid hosp,2,2026-10-10,51,quantile,0.975,113.45749999999998
2026-09-26,wk inc covid hosp,2,2026-10-10,51,quantile,0.99,148.201
2026-09-26,wk inc covid hosp,2,2026-10-10,53,quantile,0.01,34.295
2026-09-26,wk inc covid hosp,2,2026-10-10,53,quantile,0.025,39.8
2026-09-26,wk inc covid hosp,2,2026-10-10,53,quantile,0.05,52.5
2026-09-26,wk inc covid hosp,2,2026-10-10,53,quantile,0.1,61.9
2026-09-26,wk inc covid hosp,2,2026-10-10,53,quantile,0.15,70.5
2026-09-26,wk inc covid hosp,2,2026-10-10,53,quantile,0.2,76.8
2026-09-26,wk inc covid hosp,2,2026-10-10,53,quantile,0.25,81.5
2026-09-26,wk inc covid hosp,2,2026-10-10,53,quantile,0.3,86.7
2026-09-26,wk inc covid hosp,2,2026-10-10,53,quantile,0.35,90.865
2026-09-26,wk inc covid hosp,2,2026-10-10,53,quantile,0.4,95.6
2026-09-26,wk inc covid hosp,2,2026-10-10,53,quantile,0.45,100.5
2026-09-26,wk inc covid hosp,2,2026-10-10,53,quantile,0.5,106.0
2026-09-26,wk inc covid hosp,2,2026-10-10,53,quantile,0.55,109.5
2026-09-26,wk inc covid hosp,2,2026-10-10,53,quantile,0.6,114.0
2026-09-26,wk inc covid hosp,2,2026-10-10,53,quantile,0.65,119.5
2026-09-26,wk inc covid hosp,2,2026-10-10,53,quantile,0.7,126.0
2026-09-26,wk inc covid hosp,2,2026-10-10,53,quantile,0.75,132.8
2026-09-26,wk inc covid hosp,2,2026-10-10,53,quantile,0.8,140.9
2026-09-26,wk inc covid hosp,2,2026-10-10,53,quantile,0.85,149.51500000000001
2026-09-26,wk inc covid hosp,2,2026-10-10,53,quantile,0.9,162.4
2026-09-26,wk inc covid hosp,2,2026-10-10,53,quantile,0.95,186.60999999999999
2026-09-26,wk inc covid hosp,2,2026-10-10,53,quantile,0.975,215.26749999999998
2026-09-26,wk inc covid hosp,2,2026-10-10,53,quantile,0.99,249.22599999999997
2026-09-26,wk inc covid hosp,2,2026-10-10,54,quantile,0.01,3.3
2026-09-26,wk inc covid hosp,2,2026-10-10,54,quantile,0.025,4.1
2026-09-26,wk inc covid hosp,2,2026-10-10,54,quantile,0.05,5.1
2026-09-26,wk inc covid hosp,2,2026-10-10,54,quantile,0.1,6.5
2026-09-26,wk inc covid hosp,2,2026-10-10,54,quantile,0.15,7.685
2026-09-26,wk inc covid hosp,2,2026-10-10,54,quantile,0.2,9.2
2026-09-26,wk inc covid hosp,2,2026-10-10,54,quantile,0.25,10.4
2026-09-26,wk inc covid hosp,2,2026-10-10,54,quantile,0.3,11.3
2026-09-26,wk inc covid hosp,2,2026-10-10,54,quantile,0.35,12.4
2026-09-26,wk inc covid hosp,2,2026-10-10,54,quantile,0.4,13.6
2026-09-26,wk inc covid hosp,2,2026-10-10,54,quantile,0.45,14.7
2026-09-26,wk inc covid hosp,2,2026-10-10,54,quantile,0.5,15.6
2026-09-26,wk inc covid hosp,2,2026-10-10,54,quantile,0.55,16.5
2026-09-26,wk inc covid hosp,2,2026-10-10,54,quantile,0.6,17.9
2026-09-26,wk inc covid hosp,2,2026-10-10,54,quantile,0.65,19.0
2026-09-26,wk inc covid hosp,2,2026-10-10,54,quantile,0.7,20.9
2026-09-26,wk inc covid hosp,2,2026-10-10,54,quantile,0.75,22.9
2026-09-26,wk inc covid hosp,2,2026-10-10,54,quantile,0.8,25.3
2026-09-26,wk inc covid hosp,2,2026-10-10,54,quantile,0.85,28.5
2026-09-26,wk inc covid hosp,2,2026-10-10,54,quantile,0.9,32.8
2026-09-26,wk inc covid hosp,2,2026-10-10,54,quantile,0.95,40.3
2026-09-26,wk inc covid hosp,2,2026-10-10,54,quantile,0.975,50.31499999999998
2026-09-26,wk inc covid hosp,2,2026-10-10,54,quantile,0.99,62.104
2026-09-26,wk inc covid hosp,2,2026-10-10,55,quantile,0.01,6.5
2026-09-26,wk inc covid hosp,2,2026-10-10,55,quantile,0.025,8.2
2026-09-26,wk inc covid hosp,2,2026-10-10,55,quantile,0.05,10.0
2026-09-26,wk inc covid hosp,2,2026-10-10,55,quantile,0.1,12.3
2026-09-26,wk inc covid hosp,2,2026-10-10,55,quantile,0.15,14.6
2026-09-26,wk inc covid hosp,2,2026-10-10,55,quantile,0.2,16.8
2026-09-26,wk inc covid hosp,2,2026-10-10,55,quantile,0.25,18.7
2026-09-26,wk inc covid hosp,2,2026-10-10,55,quantile,0.3,20.3
2026-09-26,wk inc covid hosp,2,2026-10-10,55,quantile,0.35,22.0
2026-09-26,wk inc covid hosp,2,2026-10-10,55,quantile,0.4,23.5
2026-09-26,wk inc covid hosp,2,2026-10-10,55,quantile,0.45,25.5
2026-09-26,wk inc covid hosp,2,2026-10-10,55,quantile,0.5,27.0
2026-09-26,wk inc covid hosp,2,2026-10-10,55,quantile,0.55,28.4
2026-09-26,wk inc covid hosp,2,2026-10-10,55,quantile,0.6,30.0
2026-09-26,wk inc covid hosp,2,2026-10-10,55,quantile,0.65,31.8
2026-09-26,wk inc covid hosp,2,2026-10-10,55,quantile,0.7,34.3
2026-09-26,wk inc covid hosp,2,2026-10-10,55,quantile,0.75,37.3
2026-09-26,wk inc covid hosp,2,2026-10-10,55,quantile,0.8,42.0
2026-09-26,wk inc covid hosp,2,2026-10-10,55,quantile,0.85,47.5
2026-09-26,wk inc covid hosp,2,2026-10-10,55,quantile,0.9,53.31
2026-09-26,wk inc covid hosp,2,2026-10-10,55,quantile,0.95,66.10999999999999
2026-09-26,wk inc covid hosp,2,2026-10-10,55,quantile,0.975,79.2
2026-09-26,wk inc covid hosp,2,2026-10-10,55,quantile,0.99,103.301
2026-09-26,wk inc covid hosp,2,2026-10-10,56,quantile,0.01,0.0
2026-09-26,wk inc covid hosp,2,2026-10-10,56,quantile,0.025,0.0
2026-09-26,wk inc covid hosp,2,2026-10-10,56,quantile,0.05,0.1
2026-09-26,wk inc covid hosp,2,2026-10-10,56,quantile,0.1,0.6
2026-09-26,wk inc covid hosp,2,2026-10-10,56,quantile,0.15,0.8
2026-09-26,wk inc covid hosp,2,2026-10-10,56,quantile,0.2,0.9
2026-09-26,wk inc covid hosp,2,2026-10-10,56,quantile,0.25,1.4
2026-09-26,wk inc covid hosp,2,2026-10-10,56,quantile,0.3,1.4
2026-09-26,wk inc covid hosp,2,2026-10-10,56,quantile,0.35,1.7
2026-09-26,wk inc covid hosp,2,2026-10-10,56,quantile,0.4,1.9
2026-09-26,wk inc covid hosp,2,2026-10-10,56,quantile,0.45,2.3
2026-09-26,wk inc covid hosp,2,2026-10-10,56,quantile,0.5,2.7
2026-09-26,wk inc covid hosp,2,2026-10-10,56,quantile,0.55,2.9
2026-09-26,wk inc covid hosp,2,2026-10-10,56,quantile,0.6,3.4
2026-09-26,wk inc covid hosp,2,2026-10-10,56,quantile,0.65,4.0
2026-09-26,wk inc covid hosp,2,2026-10-10,56,quantile,0.7,4.6
2026-09-26,wk inc covid hosp,2,2026-10-10,56,quantile,0.75,5.3
2026-09-26,wk inc covid hosp,2,2026-10-10,56,quantile,0.8,6.2
2026-09-26,wk inc covid hosp,2,2026-10-10,56,quantile,0.85,7.8
2026-09-26,wk inc covid hosp,2,2026-10-10,56,quantile,0.9,9.5
2026-09-26,wk inc covid hosp,2,2026-10-10,56,quantile,0.95,15.2
2026-09-26,wk inc covid hosp,2,2026-10-10,56,quantile,0.975,20.5
2026-09-26,wk inc covid hosp,2,2026-10-10,56,quantile,0.99,26.8
2026-09-26,wk inc covid hosp,2,2026-10-10,72,quantile,0.01,17.8
2026-09-26,wk inc covid hosp,2,2026-10-10,72,quantile,0.025,22.4
2026-09-26,wk inc covid hosp,2,2026-10-10,72,quantile,0.05,29.695
2026-09-26,wk inc covid hosp,2,2026-10-10,72,quantile,0.1,38.1
2026-09-26,wk inc covid hosp,2,2026-10-10,72,quantile,0.15,44.785000000000004
2026-09-26,wk inc covid hosp,2,2026-10-10,72,quantile,0.2,49.5
2026-09-26,wk inc covid hosp,2,2026-10-10,72,quantile,0.25,54.3
2026-09-26,wk inc covid hosp,2,2026-10-10,72,quantile,0.3,57.1
2026-09-26,wk inc covid hosp,2,2026-10-10,72,quantile,0.35,62.0
2026-09-26,wk inc covid hosp,2,2026-10-10,72,quantile,0.4,65.2
2026-09-26,wk inc covid hosp,2,2026-10-10,72,quantile,0.45,69.8
2026-09-26,wk inc covid hosp,2,2026-10-10,72,quantile,0.5,72.5
2026-09-26,wk inc covid hosp,2,2026-10-10,72,quantile,0.55,76.5
2026-09-26,wk inc covid hosp,2,2026-10-10,72,quantile,0.6,79.9
2026-09-26,wk inc covid hosp,2,2026-10-10,72,quantile,0.65,86.9
2026-09-26,wk inc covid hosp,2,2026-10-10,72,quantile,0.7,91.53
2026-09-26,wk inc covid hosp,2,2026-10-10,72,quantile,0.75,97.6
2026-09-26,wk inc covid hosp,2,2026-10-10,72,quantile,0.8,105.4
2026-09-26,wk inc covid hosp,2,2026-10-10,72,quantile,0.85,115.0
2026-09-26,wk inc covid hosp,2,2026-10-10,72,quantile,0.9,127.5
2026-09-26,wk inc covid hosp,2,2026-10-10,72,quantile,0.95,156.01
2026-09-26,wk inc covid hosp,2,2026-10-10,72,quantile,0.975,191.51999999999998
2026-09-26,wk inc covid hosp,2,2026-10-10,72,quantile,0.99,242.34999999999985
2026-09-26,wk inc covid hosp,3,2026-10-17,01,quantile,0.01,19.199
2026-09-26,wk inc covid hosp,3,2026-10-17,01,quantile,0.025,24.3
2026-09-26,wk inc covid hosp,3,2026-10-17,01,quantile,0.05,29.3
2026-09-26,wk inc covid hosp,3,2026-10-17,01,quantile,0.1,35.6
2026-09-26,wk inc covid hosp,3,2026-10-17,01,quantile,0.15,39.485
2026-09-26,wk inc covid hosp,3,2026-10-17,01,quantile,0.2,43.38
2026-09-26,wk inc covid hosp,3,2026-10-17,01,quantile,0.25,46.8
2026-09-26,wk inc covid hosp,3,2026-10-17,01,quantile,0.3,49.4
2026-09-26,wk inc covid hosp,3,2026-10-17,01,quantile,0.35,51.8
2026-09-26,wk inc covid hosp,3,2026-10-17,01,quantile,0.4,54.1
2026-09-26,wk inc covid hosp,3,2026-10-17,01,quantile,0.45,56.4
2026-09-26,wk inc covid hosp,3,2026-10-17,01,quantile,0.5,59.2
2026-09-26,wk inc covid hosp,3,2026-10-17,01,quantile,0.55,61.7
2026-09-26,wk inc covid hosp,3,2026-10-17,01,quantile,0.6,64.9
2026-09-26,wk inc covid hosp,3,2026-10-17,01,quantile,0.65,68.4
2026-09-26,wk inc covid hosp,3,2026-10-17,01,quantile,0.7,74.3
2026-09-26,wk inc covid hosp,3,2026-10-17,01,quantile,0.75,78.2
2026-09-26,wk inc covid hosp,3,2026-10-17,01,quantile,0.8,84.2
2026-09-26,wk inc covid hosp,3,2026-10-17,01,quantile,0.85,92.0
2026-09-26,wk inc covid hosp,3,2026-10-17,01,quantile,0.9,102.0
2026-09-26,wk inc covid hosp,3,2026-10-17,01,quantile,0.95,124.5
2026-09-26,wk inc covid hosp,3,2026-10-17,01,quantile,0.975,148.85250000000002
2026-09-26,wk inc covid hosp,3,2026-10-17,01,quantile,0.99,176.203
2026-09-26,wk inc covid hosp,3,2026-10-17,02,quantile,0.01,0.4
2026-09-26,wk inc covid hosp,3,2026-10-17,02,quantile,0.025,0.5
2026-09-26,wk inc covid hosp,3,2026-10-17,02,quantile,0.05,0.7
2026-09-26,wk inc covid hosp,3,2026-10-17,02,quantile,0.1,1.1
2026-09-26,wk inc covid hosp,3,2026-10-17,02,quantile,0.15,1.6
2026-09-26,wk inc covid hosp,3,2026-10-17,02,quantile,0.2,1.8
2026-09-26,wk inc covid hosp,3,2026-10-17,02,quantile,0.25,2.2
2026-09-26,wk inc covid hosp,3,2026-10-17,02,quantile,0.3,2.4
2026-09-26,wk inc covid hosp,3,2026-10-17,02,quantile,0.35,2.8
2026-09-26,wk inc covid hosp,3,2026-10-17,02,quantile,0.4,3.3
2026-09-26,wk inc covid hosp,3,2026-10-17,02,quantile,0.45,3.4
2026-09-26,wk inc covid hosp,3,2026-10-17,02,quantile,0.5,3.6
2026-09-26,wk inc covid hosp,3,2026-10-17,02,quantile,0.55,4.1
2026-09-26,wk inc covid hosp,3,2026-10-17,02,quantile,0.6,4.5
2026-09-26,wk inc covid hosp,3,2026-10-17,02,quantile,0.65,5.1
2026-09-26,wk inc covid hosp,3,2026-10-17,02,quantile,0.7,5.9
2026-09-26,wk inc covid hosp,3,2026-10-17,02,quantile,0.75,6.4
2026-09-26,wk inc covid hosp,3,2026-10-17,02,quantile,0.8,7.6
2026-09-26,wk inc covid hosp,3,2026-10-17,02,quantile,0.85,9.0
2026-09-26,wk inc covid hosp,3,2026-10-17,02,quantile,0.9,11.1
2026-09-26,wk inc covid hosp,3,2026-10-17,02,quantile,0.95,16.7
2026-09-26,wk inc covid hosp,3,2026-10-17,02,quantile,0.975,21.2
2026-09-26,wk inc covid hosp,3,2026-10-17,02,quantile,0.99,28.901999999999997
2026-09-26,wk inc covid hosp,3,2026-10-17,04,quantile,0.01,20.0
2026-09-26,wk inc covid hosp,3,2026-10-17,04,quantile,0.025,25.7
2026-09-26,wk inc covid hosp,3,2026-10-17,04,quantile,0.05,31.6
2026-09-26,wk inc covid hosp,3,2026-10-17,04,quantile,0.1,39.0
2026-09-26,wk inc covid hosp,3,2026-10-17,04,quantile,0.15,43.5
2026-09-26,wk inc covid hosp,3,2026-10-17,04,quantile,0.2,47.7
2026-09-26,wk inc covid hosp,3,2026-10-17,04,quantile,0.25,50.9
2026-09-26,wk inc covid hosp,3,2026-10-17,04,quantile,0.3,53.6
2026-09-26,wk inc covid hosp,3,2026-10-17,04,quantile,0.35,56.1
2026-09-26,wk inc covid hosp,3,2026-10-17,04,quantile,0.4,59.4
2026-09-26,wk inc covid hosp,3,2026-10-17,04,quantile,0.45,62.6
2026-09-26,wk inc covid hosp,3,2026-10-17,04,quantile,0.5,65.9
2026-09-26,wk inc covid hosp,3,2026-10-17,04,quantile,0.55,68.7
2026-09-26,wk inc covid hosp,3,2026-10-17,04,quantile,0.6,73.6
2026-09-26,wk inc covid hosp,3,2026-10-17,04,quantile,0.65,77.4
2026-09-26,wk inc covid hosp,3,2026-10-17,04,quantile,0.7,81.3
2026-09-26,wk inc covid hosp,3,2026-10-17,04,quantile,0.75,86.625
2026-09-26,wk inc covid hosp,3,2026-10-17,04,quantile,0.8,92.2
2026-09-26,wk inc covid hosp,3,2026-10-17,04,quantile,0.85,98.6
2026-09-26,wk inc covid hosp,3,2026-10-17,04,quantile,0.9,108.7
2026-09-26,wk inc covid hosp,3,2026-10-17,04,quantile,0.95,128.8
2026-09-26,wk inc covid hosp,3,2026-10-17,04,quantile,0.975,152.70499999999998
2026-09-26,wk inc covid hosp,3,2026-10-17,04,quantile,0.99,190.702
2026-09-26,wk inc covid hosp,3,2026-10-17,05,quantile,0.01,2.7
2026-09-26,wk inc covid hosp,3,2026-10-17,05,quantile,0.025,4.1
2026-09-26,wk inc covid hosp,3,2026-10-17,05,quantile,0.05,5.0
2026-09-26,wk inc covid hosp,3,2026-10-17,05,quantile,0.1,6.7
2026-09-26,wk inc covid hosp,3,2026-10-17,05,quantile,0.15,8.4
2026-09-26,wk inc covid hosp,3,2026-10-17,05,quantile,0.2,9.5
2026-09-26,wk inc covid hosp,3,2026-10-17,05,quantile,0.25,10.4
2026-09-26,wk inc covid hosp,3,2026-10-17,05,quantile,0.3,11.3
2026-09-26,wk inc covid hosp,3,2026-10-17,05,quantile,0.35,12.5
2026-09-26,wk inc covid hosp,3,2026-10-17,05,quantile,0.4,13.4
2026-09-26,wk inc covid hosp,3,2026-10-17,05,quantile,0.45,14.2
2026-09-26,wk inc covid hosp,3,2026-10-17,05,quantile,0.5,15.1
2026-09-26,wk inc covid hosp,3,2026-10-17,05,quantile,0.55,16.1
2026-09-26,wk inc covid hosp,3,2026-10-17,05,quantile,0.6,17.0
2026-09-26,wk inc covid hosp,3,2026-10-17,05,quantile,0.65,18.4
2026-09-26,wk inc covid hosp,3,2026-10-17,05,quantile,0.7,20.2
2026-09-26,wk inc covid hosp,3,2026-10-17,05,quantile,0.75,21.5
2026-09-26,wk inc covid hosp,3,2026-10-17,05,quantile,0.8,23.9
2026-09-26,wk inc covid hosp,3,2026-10-17,05,quantile,0.85,26.4
2026-09-26,wk inc covid hosp,3,2026-10-17,05,quantile,0.9,29.8
2026-09-26,wk inc covid hosp,3,2026-10-17,05,quantile,0.95,37.5
2026-09-26,wk inc covid hosp,3,2026-10-17,05,quantile,0.975,45.2525
2026-09-26,wk inc covid hosp,3,2026-10-17,05,quantile,0.99,56.900999999999996
2026-09-26,wk inc covid hosp,3,2026-10-17,06,quantile,0.01,270.995
2026-09-26,wk inc covid hosp,3,2026-10-17,06,quantile,0.025,327.78499999999997
2026-09-26,wk inc covid hosp,3,2026-10-17,06,quantile,0.05,377.775
2026-09-26,wk inc covid hosp,3,2026-10-17,06,quantile,0.1,425.7
2026-09-26,wk inc covid hosp,3,2026-10-17,06,quantile,0.15,467.555
2026-09-26,wk inc covid hosp,3,2026-10-17,06,quantile,0.2,492.38
2026-09-26,wk inc covid hosp,3,2026-10-17,06,quantile,0.25,524.475
2026-09-26,wk inc covid hosp,3,2026-10-17,06,quantile,0.3,543.77
2026-09-26,wk inc covid hosp,3,2026-10-17,06,quantile,0.35,570.53
2026-09-26,wk inc covid hosp,3,2026-10-17,06,quantile,0.4,594.1
2026-09-26,wk inc covid hosp,3,2026-10-17,06,quantile,0.45,618.3
2026-09-26,wk inc covid hosp,3,2026-10-17,06,quantile,0.5,644.1
2026-09-26,wk inc covid hosp,3,2026-10-17,06,quantile,0.55,660.7
2026-09-26,wk inc covid hosp,3,2026-10-17,06,quantile,0.6,684.9
2026-09-26,wk inc covid hosp,3,2026-10-17,06,quantile,0.65,709.8
2026-09-26,wk inc covid hosp,3,2026-10-17,06,quantile,0.7,755.8
2026-09-26,wk inc covid hosp,3,2026-10-17,06,quantile,0.75,801.125
2026-09-26,wk inc covid hosp,3,2026-10-17,06,quantile,0.8,843.1
2026-09-26,wk inc covid hosp,3,2026-10-17,06,quantile,0.85,891.445
2026-09-26,wk inc covid hosp,3,2026-10-17,06,quantile,0.9,955.1200000000001
2026-09-26,wk inc covid hosp,3,2026-10-17,06,quantile,0.95,1098.03
2026-09-26,wk inc covid hosp,3,2026-10-17,06,quantile,0.975,1247.2875
2026-09-26,wk inc covid hosp,3,2026-10-17,06,quantile,0.99,1442.495
2026-09-26,wk inc covid hosp,3,2026-10-17,08,quantile,0.01,9.6
2026-09-26,wk inc covid hosp,3,2026-10-17,08,quantile,0.025,12.2
2026-09-26,wk inc covid hosp,3,2026-10-17,08,quantile,0.05,14.7
2026-09-26,wk inc covid hosp,3,2026-10-17,08,quantile,0.1,18.6
2026-09-26,wk inc covid hosp,3,2026-10-17,08,quantile,0.15,21.2
2026-09-26,wk inc covid hosp,3,2026-10-17,08,quantile,0.2,23.6
2026-09-26,wk inc covid hosp,3,2026-10-17,08,quantile,0.25,25.7
2026-09-26,wk inc covid hosp,3,2026-10-17,08,quantile,0.3,27.6
2026-09-26,wk inc covid hosp,3,2026-10-17,08,quantile,0.35,29.3
2026-09-26,wk inc covid hosp,3,2026-10-17,08,quantile,0.4,30.8
2026-09-26,wk inc covid hosp,3,2026-10-17,08,quantile,0.45,32.9
2026-09-26,wk inc covid hosp,3,2026-10-17,08,quantile,0.5,34.2
2026-09-26,wk inc covid hosp,3,2026-10-17,08,quantile,0.55,35.8
2026-09-26,wk inc covid hosp,3,2026-10-17,08,quantile,0.6,38.0
2026-09-26,wk inc covid hosp,3,2026-10-17,08,quantile,0.65,39.9
2026-09-26,wk inc covid hosp,3,2026-10-17,08,quantile,0.7,43.6
2026-09-26,wk inc covid hosp,3,2026-10-17,08,quantile,0.75,47.3
2026-09-26,wk inc covid hosp,3,2026-10-17,08,quantile,0.8,51.6
2026-09-26,wk inc covid hosp,3,2026-10-17,08,quantile,0.85,57.0
2026-09-26,wk inc covid hosp,3,2026-10-17,08,quantile,0.9,64.2
2026-09-26,wk inc covid hosp,3,2026-10-17,08,quantile,0.95,79.00999999999999
2026-09-26,wk inc covid hosp,3,2026-10-17,08,quantile,0.975,90.7525
2026-09-26,wk inc covid hosp,3,2026-10-17,08,quantile,0.99,115.106
2026-09-26,wk inc covid hosp,3,2026-10-17,09,quantile,0.01,6.6
2026-09-26,wk inc covid hosp,3,2026-10-17,09,quantile,0.025,10.2
2026-09-26,wk inc covid hosp,3,2026-10-17,09,quantile,0.05,12.7
2026-09-26,wk inc covid hosp,3,2026-10-17,09,quantile,0.1,15.8
2026-09-26,wk inc covid hosp,3,2026-10-17,09,quantile,0.15,18.5
2026-09-26,wk inc covid hosp,3,2026-10-17,09,quantile,0.2,20.7
2026-09-26,wk inc covid hosp,3,2026-10-17,09,quantile,0.25,22.1
2026-09-26,wk inc covid hosp,3,2026-10-17,09,quantile,0.3,23.5
2026-09-26,wk inc covid hosp,3,2026-10-17,09,quantile,0.35,25.1
2026-09-26,wk inc covid hosp,3,2026-10-17,09,quantile,0.4,27.1
2026-09-26,wk inc covid hosp,3,2026-10-17,09,quantile,0.45,28.5
2026-09-26,wk inc covid hosp,3,2026-10-17,09,quantile,0.5,30.5
2026-09-26,wk inc covid hosp,3,2026-10-17,09,quantile,0.55,31.9
2026-09-26,wk inc covid hosp,3,2026-10-17,09,quantile,0.6,33.8
2026-09-26,wk inc covid hosp,3,2026-10-17,09,quantile,0.65,36.1
2026-09-26,wk inc covid hosp,3,2026-10-17,09,quantile,0.7,39.1
2026-09-26,wk inc covid hosp,3,2026-10-17,09,quantile,0.75,42.4
2026-09-26,wk inc covid hosp,3,2026-10-17,09,quantile,0.8,46.5
2026-09-26,wk inc covid hosp,3,2026-10-17,09,quantile,0.85,51.0
2026-09-26,wk inc covid hosp,3,2026-10-17,09,quantile,0.9,57.2
2026-09-26,wk inc covid hosp,3,2026-10-17,09,quantile,0.95,71.5
2026-09-26,wk inc covid hosp,3,2026-10-17,09,quantile,0.975,86.85249999999999
2026-09-26,wk inc covid hosp,3,2026-10-17,09,quantile,0.99,110.602
2026-09-26,wk inc covid hosp,3,2026-10-17,10,quantile,0.01,1.1
2026-09-26,wk inc covid hosp,3,2026-10-17,10,quantile,0.025,1.5
2026-09-26,wk inc covid hosp,3,2026-10-17,10,quantile,0.05,2.1
2026-09-26,wk inc covid hosp,3,2026-10-17,10,quantile,0.1,2.7
2026-09-26,wk inc covid hosp,3,2026-10-17,10,quantile,0.15,3.5
2026-09-26,wk inc covid hosp,3,2026-10-17,10,quantile,0.2,3.8
2026-09-26,wk inc covid hosp,3,2026-10-17,10,quantile,0.25,4.3
2026-09-26,wk inc covid hosp,3,2026-10-17,10,quantile,0.3,4.7
2026-09-26,wk inc covid hosp,3,2026-10-17,10,quantile,0.35,5.1
2026-09-26,wk inc covid hosp,3,2026-10-17,10,quantile,0.4,5.7
2026-09-26,wk inc covid hosp,3,2026-10-17,10,quantile,0.45,6.1
2026-09-26,wk inc covid hosp,3,2026-10-17,10,quantile,0.5,6.7
2026-09-26,wk inc covid hosp,3,2026-10-17,10,quantile,0.55,7.2
2026-09-26,wk inc covid hosp,3,2026-10-17,10,quantile,0.6,7.9
2026-09-26,wk inc covid hosp,3,2026-10-17,10,quantile,0.65,8.8
2026-09-26,wk inc covid hosp,3,2026-10-17,10,quantile,0.7,9.8
2026-09-26,wk inc covid hosp,3,2026-10-17,10,quantile,0.75,10.8
2026-09-26,wk inc covid hosp,3,2026-10-17,10,quantile,0.8,11.8
2026-09-26,wk inc covid hosp,3,2026-10-17,10,quantile,0.85,13.6
2026-09-26,wk inc covid hosp,3,2026-10-17,10,quantile,0.9,16.2
2026-09-26,wk inc covid hosp,3,2026-10-17,10,quantile,0.95,20.6
2026-09-26,wk inc covid hosp,3,2026-10-17,10,quantile,0.975,25.7
2026-09-26,wk inc covid hosp,3,2026-10-17,10,quantile,0.99,33.801
2026-09-26,wk inc covid hosp,3,2026-10-17,11,quantile,0.01,0.4
2026-09-26,wk inc covid hosp,3,2026-10-17,11,quantile,0.025,1.0
2026-09-26,wk inc covid hosp,3,2026-10-17,11,quantile,0.05,1.2
2026-09-26,wk inc covid hosp,3,2026-10-17,11,quantile,0.1,1.8
2026-09-26,wk inc covid hosp,3,2026-10-17,11,quantile,0.15,2.4
2026-09-26,wk inc covid hosp,3,2026-10-17,11,quantile,0.2,2.7
2026-09-26,wk inc covid hosp,3,2026-10-17,11,quantile,0.25,2.8
2026-09-26,wk inc covid hosp,3,2026-10-17,11,quantile,0.3,3.4
2026-09-26,wk inc covid hosp,3,2026-10-17,11,quantile,0.35,3.9
2026-09-26,wk inc covid hosp,3,2026-10-17,11,quantile,0.4,4.2
2026-09-26,wk inc covid hosp,3,2026-10-17,11,quantile,0.45,4.6
2026-09-26,wk inc covid hosp,3,2026-10-17,11,quantile,0.5,5.4
2026-09-26,wk inc covid hosp,3,2026-10-17,11,quantile,0.55,5.6
2026-09-26,wk inc covid hosp,3,2026-10-17,11,quantile,0.6,6.4
2026-09-26,wk inc covid hosp,3,2026-10-17,11,quantile,0.65,7.1
2026-09-26,wk inc covid hosp,3,2026-10-17,11,quantile,0.7,8.3
2026-09-26,wk inc covid hosp,3,2026-10-17,11,quantile,0.75,8.9
2026-09-26,wk inc covid hosp,3,2026-10-17,11,quantile,0.8,10.1
2026-09-26,wk inc covid hosp,3,2026-10-17,11,quantile,0.85,11.4
2026-09-26,wk inc covid hosp,3,2026-10-17,11,quantile,0.9,14.0
2026-09-26,wk inc covid hosp,3,2026-10-17,11,quantile,0.95,18.1
2026-09-26,wk inc covid hosp,3,2026-10-17,11,quantile,0.975,22.4
2026-09-26,wk inc covid hosp,3,2026-10-17,11,quantile,0.99,29.201
2026-09-26,wk inc covid hosp,3,2026-10-17,12,quantile,0.01,101.59200000000001
2026-09-26,wk inc covid hosp,3,2026-10-17,12,quantile,0.025,141.1275
2026-09-26,wk inc covid hosp,3,2026-10-17,12,quantile,0.05,169.6
2026-09-26,wk inc covid hosp,3,2026-10-17,12,quantile,0.1,201.87
2026-09-26,wk inc covid hosp,3,2026-10-17,12,quantile,0.15,225.8
2026-09-26,wk inc covid hosp,3,2026-10-17,12,quantile,0.2,241.3
2026-09-26,wk inc covid hosp,3,2026-10-17,12,quantile,0.25,256.7
2026-09-26,wk inc covid hosp,3,2026-10-17,12,quantile,0.3,268.4
2026-09-26,wk inc covid hosp,3,2026-10-17,12,quantile,0.35,283.265
2026-09-26,wk inc covid hosp,3,2026-10-17,12,quantile,0.4,297.86
2026-09-26,wk inc covid hosp,3,2026-10-17,12,quantile,0.45,312.1
2026-09-26,wk inc covid hosp,3,2026-10-17,12,quantile,0.5,323.8
2026-09-26,wk inc covid hosp,3,2026-10-17,12,quantile,0.55,334.5
2026-09-26,wk inc covid hosp,3,2026-10-17,12,quantile,0.6,348.7
2026-09-26,wk inc covid hosp,3,2026-10-17,12,quantile,0.65,368.7
2026-09-26,wk inc covid hosp,3,2026-10-17,12,quantile,0.7,391.23
2026-09-26,wk inc covid hosp,3,2026-10-17,12,quantile,0.75,414.525
2026-09-26,wk inc covid hosp,3,2026-10-17,12,quantile,0.8,443.4
2026-09-26,wk inc covid hosp,3,2026-10-17,12,quantile,0.85,470.9
2026-09-26,wk inc covid hosp,3,2026-10-17,12,quantile,0.9,510.81000000000006
2026-09-26,wk inc covid hosp,3,2026-10-17,12,quantile,0.95,607.8149999999999
2026-09-26,wk inc covid hosp,3,2026-10-17,12,quantile,0.975,723.205
2026-09-26,wk inc covid hosp,3,2026-10-17,12,quantile,0.99,881.6119999999999
2026-09-26,wk inc covid hosp,3,2026-10-17,13,quantile,0.01,23.699
2026-09-26,wk inc covid hosp,3,2026-10-17,13,quantile,0.025,32.6
2026-09-26,wk inc covid hosp,3,2026-10-17,13,quantile,0.05,39.2
2026-09-26,wk inc covid hosp,3,2026-10-17,13,quantile,0.1,45.79
2026-09-26,wk inc covid hosp,3,2026-10-17,13,quantile,0.15,52.085
2026-09-26,wk inc covid hosp,3,2026-10-17,13,quantile,0.2,55.9
2026-09-26,wk inc covid hosp,3,2026-10-17,13,quantile,0.25,59.4
2026-09-26,wk inc covid hosp,3,2026-10-17,13,quantile,0.3,62.57000000000001
2026-09-26,wk inc covid hosp,3,2026-10-17,13,quantile,0.35,66.1
2026-09-26,wk inc covid hosp,3,2026-10-17,13,quantile,0.4,70.4
2026-09-26,wk inc covid hosp,3,2026-10-17,13,quantile,0.45,74.5
2026-09-26,wk inc covid hosp,3,2026-10-17,13,quantile,0.5,79.4
2026-09-26,wk inc covid hosp,3,2026-10-17,13,quantile,0.55,84.5
2026-09-26,wk inc covid hosp,3,2026-10-17,13,quantile,0.6,88.3
2026-09-26,wk inc covid hosp,3,2026-10-17,13,quantile,0.65,92.8
2026-09-26,wk inc covid hosp,3,2026-10-17,13,quantile,0.7,101.7
2026-09-26,wk inc covid hosp,3,2026-10-17,13,quantile,0.75,107.7
2026-09-26,wk inc covid hosp,3,2026-10-17,13,quantile,0.8,115.0
2026-09-26,wk inc covid hosp,3,2026-10-17,13,quantile,0.85,131.5
2026-09-26,wk inc covid hosp,3,2026-10-17,13,quantile,0.9,143.31
2026-09-26,wk inc covid hosp,3,2026-10-17,13,quantile,0.95,171.6
2026-09-26,wk inc covid hosp,3,2026-10-17,13,quantile,0.975,212.26749999999998
2026-09-26,wk inc covid hosp,3,2026-10-17,13,quantile,0.99,261.50100000000003
2026-09-26,wk inc covid hosp,3,2026-10-17,15,quantile,0.01,5.4
2026-09-26,wk inc covid hosp,3,2026-10-17,15,quantile,0.025,7.0
2026-09-26,wk inc covid hosp,3,2026-10-17,15,quantile,0.05,8.5
2026-09-26,wk inc covid hosp,3,2026-10-17,15,quantile,0.1,11.09
2026-09-26,wk inc covid hosp,3,2026-10-17,15,quantile,0.15,12.8
2026-09-26,wk inc covid hosp,3,2026-10-17,15,quantile,0.2,14.0
2026-09-26,wk inc covid hosp,3,2026-10-17,15,quantile,0.25,15.4
2026-09-26,wk inc covid hosp,3,2026-10-17,15,quantile,0.3,16.5
2026-09-26,wk inc covid hosp,3,2026-10-17,15,quantile,0.35,18.0
2026-09-26,wk inc covid hosp,3,2026-10-17,15,quantile,0.4,19.2
2026-09-26,wk inc covid hosp,3,2026-10-17,15,quantile,0.45,20.5
2026-09-26,wk inc covid hosp,3,2026-10-17,15,quantile,0.5,21.9
2026-09-26,wk inc covid hosp,3,2026-10-17,15,quantile,0.55,23.0
2026-09-26,wk inc covid hosp,3,2026-10-17,15,quantile,0.6,24.3
2026-09-26,wk inc covid hosp,3,2026-10-17,15,quantile,0.65,26.3
2026-09-26,wk inc covid hosp,3,2026-10-17,15,quantile,0.7,28.5
2026-09-26,wk inc covid hosp,3,2026-10-17,15,quantile,0.75,31.5
2026-09-26,wk inc covid hosp,3,2026-10-17,15,quantile,0.8,34.1
2026-09-26,wk inc covid hosp,3,2026-10-17,15,quantile,0.85,37.9
2026-09-26,wk inc covid hosp,3,2026-10-17,15,quantile,0.9,42.5
2026-09-26,wk inc covid hosp,3,2026-10-17,15,quantile,0.95,54.7
2026-09-26,wk inc covid hosp,3,2026-10-17,15,quantile,0.975,69.0525
2026-09-26,wk inc covid hosp,3,2026-10-17,15,quantile,0.99,92.70599999999999
2026-09-26,wk inc covid hosp,3,2026-10-17,16,quantile,0.01,1.7
2026-09-26,wk inc covid hosp,3,2026-10-17,16,quantile,0.025,2.5
2026-09-26,wk inc covid hosp,3,2026-10-17,16,quantile,0.05,3.2
2026-09-26,wk inc covid hosp,3,2026-10-17,16,quantile,0.1,4.2
2026-09-26,wk inc covid hosp,3,2026-10-17,16,quantile,0.15,5.1
2026-09-26,wk inc covid hosp,3,2026-10-17,16,quantile,0.2,5.9
2026-09-26,wk inc covid hosp,3,2026-10-17,16,quantile,0.25,6.3
2026-09-26,wk inc covid hosp,3,2026-10-17,16,quantile,0.3,7.1
2026-09-26,wk inc covid hosp,3,2026-10-17,16,quantile,0.35,7.8
2026-09-26,wk inc covid hosp,3,2026-10-17,16,quantile,0.4,8.9
2026-09-26,wk inc covid hosp,3,2026-10-17,16,quantile,0.45,9.5
2026-09-26,wk inc covid hosp,3,2026-10-17,16,quantile,0.5,10.4
2026-09-26,wk inc covid hosp,3,2026-10-17,16,quantile,0.55,11.0
2026-09-26,wk inc covid hosp,3,2026-10-17,16,quantile,0.6,11.9
2026-09-26,wk inc covid hosp,3,2026-10-17,16,quantile,0.65,12.8
2026-09-26,wk inc covid hosp,3,2026-10-17,16,quantile,0.7,14.4
2026-09-26,wk inc covid hosp,3,2026-10-17,16,quantile,0.75,15.5
2026-09-26,wk inc covid hosp,3,2026-10-17,16,quantile,0.8,17.5
2026-09-26,wk inc covid hosp,3,2026-10-17,16,quantile,0.85,19.8
2026-09-26,wk inc covid hosp,3,2026-10-17,16,quantile,0.9,22.7
2026-09-26,wk inc covid hosp,3,2026-10-17,16,quantile,0.95,29.5
2026-09-26,wk inc covid hosp,3,2026-10-17,16,quantile,0.975,36.1
2026-09-26,wk inc covid hosp,3,2026-10-17,16,quantile,0.99,46.702999999999996
2026-09-26,wk inc covid hosp,3,2026-10-17,17,quantile,0.01,21.4
2026-09-26,wk inc covid hosp,3,2026-10-17,17,quantile,0.025,26.5
2026-09-26,wk inc covid hosp,3,2026-10-17,17,quantile,0.05,30.9
2026-09-26,wk inc covid hosp,3,2026-10-17,17,quantile,0.1,37.39
2026-09-26,wk inc covid hosp,3,2026-10-17,17,quantile,0.15,42.8
2026-09-26,wk inc covid hosp,3,2026-10-17,17,quantile,0.2,47.4
2026-09-26,wk inc covid hosp,3,2026-10-17,17,quantile,0.25,51.575
2026-09-26,wk inc covid hosp,3,2026-10-17,17,quantile,0.3,55.4
2026-09-26,wk inc covid hosp,3,2026-10-17,17,quantile,0.35,58.5
2026-09-26,wk inc covid hosp,3,2026-10-17,17,quantile,0.4,62.7
2026-09-26,wk inc covid hosp,3,2026-10-17,17,quantile,0.45,66.7
2026-09-26,wk inc covid hosp,3,2026-10-17,17,quantile,0.5,70.2
2026-09-26,wk inc covid hosp,3,2026-10-17,17,quantile,0.55,73.2
2026-09-26,wk inc covid hosp,3,2026-10-17,17,quantile,0.6,76.8
2026-09-26,wk inc covid hosp,3,2026-10-17,17,quantile,0.65,81.4
2026-09-26,wk inc covid hosp,3,2026-10-17,17,quantile,0.7,89.3
2026-09-26,wk inc covid hosp,3,2026-10-17,17,quantile,0.75,94.3
2026-09-26,wk inc covid hosp,3,2026-10-17,17,quantile,0.8,100.6
2026-09-26,wk inc covid hosp,3,2026-10-17,17,quantile,0.85,112.6
2026-09-26,wk inc covid hosp,3,2026-10-17,17,quantile,0.9,123.00999999999999
2026-09-26,wk inc covid hosp,3,2026-10-17,17,quantile,0.95,144.91
2026-09-26,wk inc covid hosp,3,2026-10-17,17,quantile,0.975,171.1525
2026-09-26,wk inc covid hosp,3,2026-10-17,17,quantile,0.99,208.50100000000003
2026-09-26,wk inc covid hosp,3,2026-10-17,18,quantile,0.01,7.6
2026-09-26,wk inc covid hosp,3,2026-10-17,18,quantile,0.025,10.6
2026-09-26,wk inc covid hosp,3,2026-10-17,18,quantile,0.05,12.3
2026-09-26,wk inc covid hosp,3,2026-10-17,18,quantile,0.1,16.3
2026-09-26,wk inc covid hosp,3,2026-10-17,18,quantile,0.15,18.685
2026-09-26,wk inc covid hosp,3,2026-10-17,18,quantile,0.2,21.5
2026-09-26,wk inc covid hosp,3,2026-10-17,18,quantile,0.25,23.5
2026-09-26,wk inc covid hosp,3,2026-10-17,18,quantile,0.3,25.9
2026-09-26,wk inc covid hosp,3,2026-10-17,18,quantile,0.35,27.4
2026-09-26,wk inc covid hosp,3,2026-10-17,18,quantile,0.4,29.9
2026-09-26,wk inc covid hosp,3,2026-10-17,18,quantile,0.45,31.4
2026-09-26,wk inc covid hosp,3,2026-10-17,18,quantile,0.5,33.6
2026-09-26,wk inc covid hosp,3,2026-10-17,18,quantile,0.55,35.2
2026-09-26,wk inc covid hosp,3,2026-10-17,18,quantile,0.6,37.7
2026-09-26,wk inc covid hosp,3,2026-10-17,18,quantile,0.65,40.2
2026-09-26,wk inc covid hosp,3,2026-10-17,18,quantile,0.7,44.8
2026-09-26,wk inc covid hosp,3,2026-10-17,18,quantile,0.75,48.0
2026-09-26,wk inc covid hosp,3,2026-10-17,18,quantile,0.8,52.8
2026-09-26,wk inc covid hosp,3,2026-10-17,18,quantile,0.85,58.8
2026-09-26,wk inc covid hosp,3,2026-10-17,18,quantile,0.9,67.5
2026-09-26,wk inc covid hosp,3,2026-10-17,18,quantile,0.95,83.10499999999999
2026-09-26,wk inc covid hosp,3,2026-10-17,18,quantile,0.975,96.80499999999999
2026-09-26,wk inc covid hosp,3,2026-10-17,18,quantile,0.99,122.207
2026-09-26,wk inc covid hosp,3,2026-10-17,19,quantile,0.01,3.4
2026-09-26,wk inc covid hosp,3,2026-10-17,19,quantile,0.025,4.6
2026-09-26,wk inc covid hosp,3,2026-10-17,19,quantile,0.05,6.2
2026-09-26,wk inc covid hosp,3,2026-10-17,19,quantile,0.1,8.190000000000001
2026-09-26,wk inc covid hosp,3,2026-10-17,19,quantile,0.15,9.4
2026-09-26,wk inc covid hosp,3,2026-10-17,19,quantile,0.2,10.9
2026-09-26,wk inc covid hosp,3,2026-10-17,19,quantile,0.25,12.0
2026-09-26,wk inc covid hosp,3,2026-10-17,19,quantile,0.3,12.7
2026-09-26,wk inc covid hosp,3,2026-10-17,19,quantile,0.35,13.6
2026-09-26,wk inc covid hosp,3,2026-10-17,19,quantile,0.4,14.9
2026-09-26,wk inc covid hosp,3,2026-10-17,19,quantile,0.45,15.8
2026-09-26,wk inc covid hosp,3,2026-10-17,19,quantile,0.5,16.9
2026-09-26,wk inc covid hosp,3,2026-10-17,19,quantile,0.55,18.1
2026-09-26,wk inc covid hosp,3,2026-10-17,19,quantile,0.6,19.3
2026-09-26,wk inc covid hosp,3,2026-10-17,19,quantile,0.65,20.9
2026-09-26,wk inc covid hosp,3,2026-10-17,19,quantile,0.7,23.1
2026-09-26,wk inc covid hosp,3,2026-10-17,19,quantile,0.75,25.125
2026-09-26,wk inc covid hosp,3,2026-10-17,19,quantile,0.8,27.1
2026-09-26,wk inc covid hosp,3,2026-10-17,19,quantile,0.85,30.615
2026-09-26,wk inc covid hosp,3,2026-10-17,19,quantile,0.9,34.5
2026-09-26,wk inc covid hosp,3,2026-10-17,19,quantile,0.95,43.8
2026-09-26,wk inc covid hosp,3,2026-10-17,19,quantile,0.975,51.9
2026-09-26,wk inc covid hosp,3,2026-10-17,19,quantile,0.99,66.401
2026-09-26,wk inc covid hosp,3,2026-10-17,20,quantile,0.01,1.7
2026-09-26,wk inc covid hosp,3,2026-10-17,20,quantile,0.025,2.4
2026-09-26,wk inc covid hosp,3,2026-10-17,20,quantile,0.05,3.1
2026-09-26,wk inc covid hosp,3,2026-10-17,20,quantile,0.1,4.3
2026-09-26,wk inc covid hosp,3,2026-10-17,20,quantile,0.15,5.4
2026-09-26,wk inc covid hosp,3,2026-10-17,20,quantile,0.2,6.3
2026-09-26,wk inc covid hosp,3,2026-10-17,20,quantile,0.25,7.3
2026-09-26,wk inc covid hosp,3,2026-10-17,20,quantile,0.3,7.9
2026-09-26,wk inc covid hosp,3,2026-10-17,20,quantile,0.35,8.9
2026-09-26,wk inc covid hosp,3,2026-10-17,20,quantile,0.4,9.7
2026-09-26,wk inc covid hosp,3,2026-10-17,20,quantile,0.45,11.0
2026-09-26,wk inc covid hosp,3,2026-10-17,20,quantile,0.5,12.0
2026-09-26,wk inc covid hosp,3,2026-10-17,20,quantile,0.55,12.9
2026-09-26,wk inc covid hosp,3,2026-10-17,20,quantile,0.6,14.1
2026-09-26,wk inc covid hosp,3,2026-10-17,20,quantile,0.65,15.1
2026-09-26,wk inc covid hosp,3,2026-10-17,20,quantile,0.7,17.5
2026-09-26,wk inc covid hosp,3,2026-10-17,20,quantile,0.75,19.4
2026-09-26,wk inc covid hosp,3,2026-10-17,20,quantile,0.8,21.7
2026-09-26,wk inc covid hosp,3,2026-10-17,20,quantile,0.85,24.6
2026-09-26,wk inc covid hosp,3,2026-10-17,20,quantile,0.9,28.4
2026-09-26,wk inc covid hosp,3,2026-10-17,20,quantile,0.95,36.3
2026-09-26,wk inc covid hosp,3,2026-10-17,20,quantile,0.975,45.9
2026-09-26,wk inc covid hosp,3,2026-10-17,20,quantile,0.99,59.806
2026-09-26,wk inc covid hosp,3,2026-10-17,21,quantile,0.01,5.6
2026-09-26,wk inc covid hosp,3,2026-10-17,21,quantile,0.025,6.9
2026-09-26,wk inc covid hosp,3,2026-10-17,21,quantile,0.05,8.3
2026-09-26,wk inc covid hosp,3,2026-10-17,21,quantile,0.1,11.4
2026-09-26,wk inc covid hosp,3,2026-10-17,21,quantile,0.15,13.6
2026-09-26,wk inc covid hosp,3,2026-10-17,21,quantile,0.2,15.7
2026-09-26,wk inc covid hosp,3,2026-10-17,21,quantile,0.25,17.7
2026-09-26,wk inc covid hosp,3,2026-10-17,21,quantile,0.3,19.0
2026-09-26,wk inc covid hosp,3,2026-10-17,21,quantile,0.35,20.4
2026-09-26,wk inc covid hosp,3,2026-10-17,21,quantile,0.4,21.9
2026-09-26,wk inc covid hosp,3,2026-10-17,21,quantile,0.45,23.1
2026-09-26,wk inc covid hosp,3,2026-10-17,21,quantile,0.5,24.6
2026-09-26,wk inc covid hosp,3,2026-10-17,21,quantile,0.55,26.0
2026-09-26,wk inc covid hosp,3,2026-10-17,21,quantile,0.6,28.0
2026-09-26,wk inc covid hosp,3,2026-10-17,21,quantile,0.65,30.6
2026-09-26,wk inc covid hosp,3,2026-10-17,21,quantile,0.7,34.5
2026-09-26,wk inc covid hosp,3,2026-10-17,21,quantile,0.75,37.7
2026-09-26,wk inc covid hosp,3,2026-10-17,21,quantile,0.8,41.2
2026-09-26,wk inc covid hosp,3,2026-10-17,21,quantile,0.85,46.4
2026-09-26,wk inc covid hosp,3,2026-10-17,21,quantile,0.9,53.2
2026-09-26,wk inc covid hosp,3,2026-10-17,21,quantile,0.95,70.0
2026-09-26,wk inc covid hosp,3,2026-10-17,21,quantile,0.975,85.6525
2026-09-26,wk inc covid hosp,3,2026-10-17,21,quantile,0.99,106.309
2026-09-26,wk inc covid hosp,3,2026-10-17,22,quantile,0.01,16.5
2026-09-26,wk inc covid hosp,3,2026-10-17,22,quantile,0.025,21.4
2026-09-26,wk inc covid hosp,3,2026-10-17,22,quantile,0.05,26.3
2026-09-26,wk inc covid hosp,3,2026-10-17,22,quantile,0.1,30.9
2026-09-26,wk inc covid hosp,3,2026-10-17,22,quantile,0.15,34.385000000000005
2026-09-26,wk inc covid hosp,3,2026-10-17,22,quantile,0.2,37.9
2026-09-26,wk inc covid hosp,3,2026-10-17,22,quantile,0.25,40.7
2026-09-26,wk inc covid hosp,3,2026-10-17,22,quantile,0.3,43.5
2026-09-26,wk inc covid hosp,3,2026-10-17,22,quantile,0.35,45.4
2026-09-26,wk inc covid hosp,3,2026-10-17,22,quantile,0.4,47.8
2026-09-26,wk inc covid hosp,3,2026-10-17,22,quantile,0.45,50.0
2026-09-26,wk inc covid hosp,3,2026-10-17,22,quantile,0.5,52.3
2026-09-26,wk inc covid hosp,3,2026-10-17,22,quantile,0.55,54.545
2026-09-26,wk inc covid hosp,3,2026-10-17,22,quantile,0.6,57.1
2026-09-26,wk inc covid hosp,3,2026-10-17,22,quantile,0.65,60.4
2026-09-26,wk inc covid hosp,3,2026-10-17,22,quantile,0.7,65.2
2026-09-26,wk inc covid hosp,3,2026-10-17,22,quantile,0.75,69.425
2026-09-26,wk inc covid hosp,3,2026-10-17,22,quantile,0.8,75.2
2026-09-26,wk inc covid hosp,3,2026-10-17,22,quantile,0.85,81.2
2026-09-26,wk inc covid hosp,3,2026-10-17,22,quantile,0.9,89.2
2026-09-26,wk inc covid hosp,3,2026-10-17,22,quantile,0.95,108.7
2026-09-26,wk inc covid hosp,3,2026-10-17,22,quantile,0.975,129.8
2026-09-26,wk inc covid hosp,3,2026-10-17,22,quantile,0.99,154.204
2026-09-26,wk inc covid hosp,3,2026-10-17,23,quantile,0.01,0.2
2026-09-26,wk inc covid hosp,3,2026-10-17,23,quantile,0.025,0.2
2026-09-26,wk inc covid hosp,3,2026-10-17,23,quantile,0.05,0.5
2026-09-26,wk inc covid hosp,3,2026-10-17,23,quantile,0.1,0.9
2026-09-26,wk inc covid hosp,3,2026-10-17,23,quantile,0.15,1.1
2026-09-26,wk inc covid hosp,3,2026-10-17,23,quantile,0.2,1.5
2026-09-26,wk inc covid hosp,3,2026-10-17,23,quantile,0.25,1.8
2026-09-26,wk inc covid hosp,3,2026-10-17,23,quantile,0.3,2.2
2026-09-26,wk inc covid hosp,3,2026-10-17,23,quantile,0.35,2.4
2026-09-26,wk inc covid hosp,3,2026-10-17,23,quantile,0.4,2.7
2026-09-26,wk inc covid hosp,3,2026-10-17,23,quantile,0.45,3.4
2026-09-26,wk inc covid hosp,3,2026-10-17,23,quantile,0.5,3.7
2026-09-26,wk inc covid hosp,3,2026-10-17,23,quantile,0.55,4.1
2026-09-26,wk inc covid hosp,3,2026-10-17,23,quantile,0.6,4.7
2026-09-26,wk inc covid hosp,3,2026-10-17,23,quantile,0.65,5.8
2026-09-26,wk inc covid hosp,3,2026-10-17,23,quantile,0.7,6.6
2026-09-26,wk inc covid hosp,3,2026-10-17,23,quantile,0.75,8.1
2026-09-26,wk inc covid hosp,3,2026-10-17,23,quantile,0.8,9.5
2026-09-26,wk inc covid hosp,3,2026-10-17,23,quantile,0.85,11.6
2026-09-26,wk inc covid hosp,3,2026-10-17,23,quantile,0.9,15.7
2026-09-26,wk inc covid hosp,3,2026-10-17,23,quantile,0.95,21.8
2026-09-26,wk inc covid hosp,3,2026-10-17,23,quantile,0.975,28.2
2026-09-26,wk inc covid hosp,3,2026-10-17,23,quantile,0.99,38.60799999999999
2026-09-26,wk inc covid hosp,3,2026-10-17,24,quantile,0.01,8.5
2026-09-26,wk inc covid hosp,3,2026-10-17,24,quantile,0.025,11.6
2026-09-26,wk inc covid hosp,3,2026-10-17,24,quantile,0.05,13.694999999999999
2026-09-26,wk inc covid hosp,3,2026-10-17,24,quantile,0.1,18.0
2026-09-26,wk inc covid hosp,3,2026-10-17,24,quantile,0.15,21.0
2026-09-26,wk inc covid hosp,3,2026-10-17,24,quantile,0.2,22.7
2026-09-26,wk inc covid hosp,3,2026-10-17,24,quantile,0.25,24.7
2026-09-26,wk inc covid hosp,3,2026-10-17,24,quantile,0.3,27.1
2026-09-26,wk inc covid hosp,3,2026-10-17,24,quantile,0.35,28.7
2026-09-26,wk inc covid hosp,3,2026-10-17,24,quantile,0.4,30.8
2026-09-26,wk inc covid hosp,3,2026-10-17,24,quantile,0.45,32.9
2026-09-26,wk inc covid hosp,3,2026-10-17,24,quantile,0.5,34.5
2026-09-26,wk inc covid hosp,3,2026-10-17,24,quantile,0.55,36.0
2026-09-26,wk inc covid hosp,3,2026-10-17,24,quantile,0.6,38.1
2026-09-26,wk inc covid hosp,3,2026-10-17,24,quantile,0.65,40.4
2026-09-26,wk inc covid hosp,3,2026-10-17,24,quantile,0.7,45.5
2026-09-26,wk inc covid hosp,3,2026-10-17,24,quantile,0.75,48.8
2026-09-26,wk inc covid hosp,3,2026-10-17,24,quantile,0.8,52.0
2026-09-26,wk inc covid hosp,3,2026-10-17,24,quantile,0.85,57.4
2026-09-26,wk inc covid hosp,3,2026-10-17,24,quantile,0.9,63.8
2026-09-26,wk inc covid hosp,3,2026-10-17,24,quantile,0.95,79.30499999999999
2026-09-26,wk inc covid hosp,3,2026-10-17,24,quantile,0.975,95.4525
2026-09-26,wk inc covid hosp,3,2026-10-17,24,quantile,0.99,118.61099999999999
2026-09-26,wk inc covid hosp,3,2026-10-17,25,quantile,0.01,8.9
2026-09-26,wk inc covid hosp,3,2026-10-17,25,quantile,0.025,12.8
2026-09-26,wk inc covid hosp,3,2026-10-17,25,quantile,0.05,15.395
2026-09-26,wk inc covid hosp,3,2026-10-17,25,quantile,0.1,19.7
2026-09-26,wk inc covid hosp,3,2026-10-17,25,quantile,0.15,23.1
2026-09-26,wk inc covid hosp,3,2026-10-17,25,quantile,0.2,25.78
2026-09-26,wk inc covid hosp,3,2026-10-17,25,quantile,0.25,28.8
2026-09-26,wk inc covid hosp,3,2026-10-17,25,quantile,0.3,32.3
2026-09-26,wk inc covid hosp,3,2026-10-17,25,quantile,0.35,34.3
2026-09-26,wk inc covid hosp,3,2026-10-17,25,quantile,0.4,36.7
2026-09-26,wk inc covid hosp,3,2026-10-17,25,quantile,0.45,39.8
2026-09-26,wk inc covid hosp,3,2026-10-17,25,quantile,0.5,41.9
2026-09-26,wk inc covid hosp,3,2026-10-17,25,quantile,0.55,43.8
2026-09-26,wk inc covid hosp,3,2026-10-17,25,quantile,0.6,46.1
2026-09-26,wk inc covid hosp,3,2026-10-17,25,quantile,0.65,49.1
2026-09-26,wk inc covid hosp,3,2026-10-17,25,quantile,0.7,54.1
2026-09-26,wk inc covid hosp,3,2026-10-17,25,quantile,0.75,58.3
2026-09-26,wk inc covid hosp,3,2026-10-17,25,quantile,0.8,62.1
2026-09-26,wk inc covid hosp,3,2026-10-17,25,quantile,0.85,68.5
2026-09-26,wk inc covid hosp,3,2026-10-17,25,quantile,0.9,76.0
2026-09-26,wk inc covid hosp,3,2026-10-17,25,quantile,0.95,91.91
2026-09-26,wk inc covid hosp,3,2026-10-17,25,quantile,0.975,111.0
2026-09-26,wk inc covid hosp,3,2026-10-17,25,quantile,0.99,149.904
2026-09-26,wk inc covid hosp,3,2026-10-17,26,quantile,0.01,11.7
2026-09-26,wk inc covid hosp,3,2026-10-17,26,quantile,0.025,17.0
2026-09-26,wk inc covid hosp,3,2026-10-17,26,quantile,0.05,20.9
2026-09-26,wk inc covid hosp,3,2026-10-17,26,quantile,0.1,27.7
2026-09-26,wk inc covid hosp,3,2026-10-17,26,quantile,0.15,33.0
2026-09-26,wk inc covid hosp,3,2026-10-17,26,quantile,0.2,36.3
2026-09-26,wk inc covid hosp,3,2026-10-17,26,quantile,0.25,41.0
2026-09-26,wk inc covid hosp,3,2026-10-17,26,quantile,0.3,44.4
2026-09-26,wk inc covid hosp,3,2026-10-17,26,quantile,0.35,46.8
2026-09-26,wk inc covid hosp,3,2026-10-17,26,quantile,0.4,49.7
2026-09-26,wk inc covid hosp,3,2026-10-17,26,quantile,0.45,52.2
2026-09-26,wk inc covid hosp,3,2026-10-17,26,quantile,0.5,55.5
2026-09-26,wk inc covid hosp,3,2026-10-17,26,quantile,0.55,58.3
2026-09-26,wk inc covid hosp,3,2026-10-17,26,quantile,0.6,62.8
2026-09-26,wk inc covid hosp,3,2026-10-17,26,quantile,0.65,67.5
2026-09-26,wk inc covid hosp,3,2026-10-17,26,quantile,0.7,72.8
2026-09-26,wk inc covid hosp,3,2026-10-17,26,quantile,0.75,77.6
2026-09-26,wk inc covid hosp,3,2026-10-17,26,quantile,0.8,83.4
2026-09-26,wk inc covid hosp,3,2026-10-17,26,quantile,0.85,94.7
2026-09-26,wk inc covid hosp,3,2026-10-17,26,quantile,0.9,106.71
2026-09-26,wk inc covid hosp,3,2026-10-17,26,quantile,0.95,133.905
2026-09-26,wk inc covid hosp,3,2026-10-17,26,quantile,0.975,161.3725
2026-09-26,wk inc covid hosp,3,2026-10-17,26,quantile,0.99,207.906
2026-09-26,wk inc covid hosp,3,2026-10-17,27,quantile,0.01,6.6
2026-09-26,wk inc covid hosp,3,2026-10-17,27,quantile,0.025,8.8
2026-09-26,wk inc covid hosp,3,2026-10-17,27,quantile,0.05,11.7
2026-09-26,wk inc covid hosp,3,2026-10-17,27,quantile,0.1,15.4
2026-09-26,wk inc covid hosp,3,2026-10-17,27,quantile,0.15,18.5
2026-09-26,wk inc covid hosp,3,2026-10-17,27,quantile,0.2,20.4
2026-09-26,wk inc covid hosp,3,2026-10-17,27,quantile,0.25,22.9
2026-09-26,wk inc covid hosp,3,2026-10-17,27,quantile,0.3,24.7
2026-09-26,wk inc covid hosp,3,2026-10-17,27,quantile,0.35,26.2
2026-09-26,wk inc covid hosp,3,2026-10-17,27,quantile,0.4,28.1
2026-09-26,wk inc covid hosp,3,2026-10-17,27,quantile,0.45,29.6
2026-09-26,wk inc covid hosp,3,2026-10-17,27,quantile,0.5,31.1
2026-09-26,wk inc covid hosp,3,2026-10-17,27,quantile,0.55,33.1
2026-09-26,wk inc covid hosp,3,2026-10-17,27,quantile,0.6,35.3
2026-09-26,wk inc covid hosp,3,2026-10-17,27,quantile,0.65,37.2
2026-09-26,wk inc covid hosp,3,2026-10-17,27,quantile,0.7,41.029999999999994
2026-09-26,wk inc covid hosp,3,2026-10-17,27,quantile,0.75,44.0
2026-09-26,wk inc covid hosp,3,2026-10-17,27,quantile,0.8,47.2
2026-09-26,wk inc covid hosp,3,2026-10-17,27,quantile,0.85,53.9
2026-09-26,wk inc covid hosp,3,2026-10-17,27,quantile,0.9,60.8
2026-09-26,wk inc covid hosp,3,2026-10-17,27,quantile,0.95,75.405
2026-09-26,wk inc covid hosp,3,2026-10-17,27,quantile,0.975,89.85249999999999
2026-09-26,wk inc covid hosp,3,2026-10-17,27,quantile,0.99,114.11699999999999
2026-09-26,wk inc covid hosp,3,2026-10-17,28,quantile,0.01,5.3
2026-09-26,wk inc covid hosp,3,2026-10-17,28,quantile,0.025,7.647499999999999
2026-09-26,wk inc covid hosp,3,2026-10-17,28,quantile,0.05,9.8
2026-09-26,wk inc covid hosp,3,2026-10-17,28,quantile,0.1,12.39
2026-09-26,wk inc covid hosp,3,2026-10-17,28,quantile,0.15,14.8
2026-09-26,wk inc covid hosp,3,2026-10-17,28,quantile,0.2,16.880000000000003
2026-09-26,wk inc covid hosp,3,2026-10-17,28,quantile,0.25,18.3
2026-09-26,wk inc covid hosp,3,2026-10-17,28,quantile,0.3,19.7
2026-09-26,wk inc covid hosp,3,2026-10-17,28,quantile,0.35,20.9
2026-09-26,wk inc covid hosp,3,2026-10-17,28,quantile,0.4,22.0
2026-09-26,wk inc covid hosp,3,2026-10-17,28,quantile,0.45,23.3
2026-09-26,wk inc covid hosp,3,2026-10-17,28,quantile,0.5,24.4
2026-09-26,wk inc covid hosp,3,2026-10-17,28,quantile,0.55,25.7
2026-09-26,wk inc covid hosp,3,2026-10-17,28,quantile,0.6,27.4
2026-09-26,wk inc covid hosp,3,2026-10-17,28,quantile,0.65,29.0
2026-09-26,wk inc covid hosp,3,2026-10-17,28,quantile,0.7,30.9
2026-09-26,wk inc covid hosp,3,2026-10-17,28,quantile,0.75,33.0
2026-09-26,wk inc covid hosp,3,2026-10-17,28,quantile,0.8,35.9
2026-09-26,wk inc covid hosp,3,2026-10-17,28,quantile,0.85,39.2
2026-09-26,wk inc covid hosp,3,2026-10-17,28,quantile,0.9,44.2
2026-09-26,wk inc covid hosp,3,2026-10-17,28,quantile,0.95,53.504999999999995
2026-09-26,wk inc covid hosp,3,2026-10-17,28,quantile,0.975,64.5
2026-09-26,wk inc covid hosp,3,2026-10-17,28,quantile,0.99,78.905
2026-09-26,wk inc covid hosp,3,2026-10-17,29,quantile,0.01,12.1
2026-09-26,wk inc covid hosp,3,2026-10-17,29,quantile,0.025,14.8
2026-09-26,wk inc covid hosp,3,2026-10-17,29,quantile,0.05,18.0
2026-09-26,wk inc covid hosp,3,2026-10-17,29,quantile,0.1,22.490000000000002
2026-09-26,wk inc covid hosp,3,2026-10-17,29,quantile,0.15,26.1
2026-09-26,wk inc covid hosp,3,2026-10-17,29,quantile,0.2,28.6
2026-09-26,wk inc covid hosp,3,2026-10-17,29,quantile,0.25,30.7
2026-09-26,wk inc covid hosp,3,2026-10-17,29,quantile,0.3,32.5
2026-09-26,wk inc covid hosp,3,2026-10-17,29,quantile,0.35,34.8
2026-09-26,wk inc covid hosp,3,2026-10-17,29,quantile,0.4,37.2
2026-09-26,wk inc covid hosp,3,2026-10-17,29,quantile,0.45,39.6
2026-09-26,wk inc covid hosp,3,2026-10-17,29,quantile,0.5,41.6
2026-09-26,wk inc covid hosp,3,2026-10-17,29,quantile,0.55,43.7
2026-09-26,wk inc covid hosp,3,2026-10-17,29,quantile,0.6,46.0
2026-09-26,wk inc covid hosp,3,2026-10-17,29,quantile,0.65,48.635000000000005
2026-09-26,wk inc covid hosp,3,2026-10-17,29,quantile,0.7,52.9
2026-09-26,wk inc covid hosp,3,2026-10-17,29,quantile,0.75,55.7
2026-09-26,wk inc covid hosp,3,2026-10-17,29,quantile,0.8,59.9
2026-09-26,wk inc covid hosp,3,2026-10-17,29,quantile,0.85,66.0
2026-09-26,wk inc covid hosp,3,2026-10-17,29,quantile,0.9,73.81
2026-09-26,wk inc covid hosp,3,2026-10-17,29,quantile,0.95,88.4
2026-09-26,wk inc covid hosp,3,2026-10-17,29,quantile,0.975,105.5625
2026-09-26,wk inc covid hosp,3,2026-10-17,29,quantile,0.99,128.303
2026-09-26,wk inc covid hosp,3,2026-10-17,30,quantile,0.01,2.2
2026-09-26,wk inc covid hosp,3,2026-10-17,30,quantile,0.025,3.1
2026-09-26,wk inc covid hosp,3,2026-10-17,30,quantile,0.05,4.0
2026-09-26,wk inc covid hosp,3,2026-10-17,30,quantile,0.1,5.4
2026-09-26,wk inc covid hosp,3,2026-10-17,30,quantile,0.15,6.4
2026-09-26,wk inc covid hosp,3,2026-10-17,30,quantile,0.2,7.2
2026-09-26,wk inc covid hosp,3,2026-10-17,30,quantile,0.25,8.2
2026-09-26,wk inc covid hosp,3,2026-10-17,30,quantile,0.3,8.7
2026-09-26,wk inc covid hosp,3,2026-10-17,30,quantile,0.35,9.6
2026-09-26,wk inc covid hosp,3,2026-10-17,30,quantile,0.4,10.6
2026-09-26,wk inc covid hosp,3,2026-10-17,30,quantile,0.45,11.6
2026-09-26,wk inc covid hosp,3,2026-10-17,30,quantile,0.5,12.2
2026-09-26,wk inc covid hosp,3,2026-10-17,30,quantile,0.55,13.0
2026-09-26,wk inc covid hosp,3,2026-10-17,30,quantile,0.6,13.8
2026-09-26,wk inc covid hosp,3,2026-10-17,30,quantile,0.65,14.9
2026-09-26,wk inc covid hosp,3,2026-10-17,30,quantile,0.7,16.6
2026-09-26,wk inc covid hosp,3,2026-10-17,30,quantile,0.75,18.6
2026-09-26,wk inc covid hosp,3,2026-10-17,30,quantile,0.8,21.0
2026-09-26,wk inc covid hosp,3,2026-10-17,30,quantile,0.85,23.714999999999996
2026-09-26,wk inc covid hosp,3,2026-10-17,30,quantile,0.9,27.410000000000004
2026-09-26,wk inc covid hosp,3,2026-10-17,30,quantile,0.95,37.0
2026-09-26,wk inc covid hosp,3,2026-10-17,30,quantile,0.975,45.6
2026-09-26,wk inc covid hosp,3,2026-10-17,30,quantile,0.99,56.9
2026-09-26,wk inc covid hosp,3,2026-10-17,31,quantile,0.01,0.7
2026-09-26,wk inc covid hosp,3,2026-10-17,31,quantile,0.025,1.3
2026-09-26,wk inc covid hosp,3,2026-10-17,31,quantile,0.05,1.5
2026-09-26,wk inc covid hosp,3,2026-10-17,31,quantile,0.1,2.1
2026-09-26,wk inc covid hosp,3,2026-10-17,31,quantile,0.15,2.8
2026-09-26,wk inc covid hosp,3,2026-10-17,31,quantile,0.2,3.5
2026-09-26,wk inc covid hosp,3,2026-10-17,31,quantile,0.25,4.1
2026-09-26,wk inc covid hosp,3,2026-10-17,31,quantile,0.3,4.4
2026-09-26,wk inc covid hosp,3,2026-10-17,31,quantile,0.35,5.0
2026-09-26,wk inc covid hosp,3,2026-10-17,31,quantile,0.4,5.4
2026-09-26,wk inc covid hosp,3,2026-10-17,31,quantile,0.45,6.3
2026-09-26,wk inc covid hosp,3,2026-10-17,31,quantile,0.5,6.9
2026-09-26,wk inc covid hosp,3,2026-10-17,31,quantile,0.55,7.6
2026-09-26,wk inc covid hosp,3,2026-10-17,31,quantile,0.6,8.5
2026-09-26,wk inc covid hosp,3,2026-10-17,31,quantile,0.65,9.7
2026-09-26,wk inc covid hosp,3,2026-10-17,31,quantile,0.7,11.3
2026-09-26,wk inc covid hosp,3,2026-10-17,31,quantile,0.75,12.8
2026-09-26,wk inc covid hosp,3,2026-10-17,31,quantile,0.8,14.5
2026-09-26,wk inc covid hosp,3,2026-10-17,31,quantile,0.85,16.8
2026-09-26,wk inc covid hosp,3,2026-10-17,31,quantile,0.9,19.3
2026-09-26,wk inc covid hosp,3,2026-10-17,31,quantile,0.95,28.6
2026-09-26,wk inc covid hosp,3,2026-10-17,31,quantile,0.975,36.4
2026-09-26,wk inc covid hosp,3,2026-10-17,31,quantile,0.99,46.5
2026-09-26,wk inc covid hosp,3,2026-10-17,32,quantile,0.01,6.3
2026-09-26,wk inc covid hosp,3,2026-10-17,32,quantile,0.025,8.647499999999999
2026-09-26,wk inc covid hosp,3,2026-10-17,32,quantile,0.05,11.0
2026-09-26,wk inc covid hosp,3,2026-10-17,32,quantile,0.1,14.5
2026-09-26,wk inc covid hosp,3,2026-10-17,32,quantile,0.15,17.1
2026-09-26,wk inc covid hosp,3,2026-10-17,32,quantile,0.2,19.6
2026-09-26,wk inc covid hosp,3,2026-10-17,32,quantile,0.25,21.5
2026-09-26,wk inc covid hosp,3,2026-10-17,32,quantile,0.3,23.1
2026-09-26,wk inc covid hosp,3,2026-10-17,32,quantile,0.35,24.4
2026-09-26,wk inc covid hosp,3,2026-10-17,32,quantile,0.4,26.1
2026-09-26,wk inc covid hosp,3,2026-10-17,32,quantile,0.45,27.955000000000002
2026-09-26,wk inc covid hosp,3,2026-10-17,32,quantile,0.5,29.6
2026-09-26,wk inc covid hosp,3,2026-10-17,32,quantile,0.55,31.2
2026-09-26,wk inc covid hosp,3,2026-10-17,32,quantile,0.6,32.7
2026-09-26,wk inc covid hosp,3,2026-10-17,32,quantile,0.65,35.3
2026-09-26,wk inc covid hosp,3,2026-10-17,32,quantile,0.7,39.1
2026-09-26,wk inc covid hosp,3,2026-10-17,32,quantile,0.75,42.3
2026-09-26,wk inc covid hosp,3,2026-10-17,32,quantile,0.8,46.2
2026-09-26,wk inc covid hosp,3,2026-10-17,32,quantile,0.85,51.1
2026-09-26,wk inc covid hosp,3,2026-10-17,32,quantile,0.9,57.6
2026-09-26,wk inc covid hosp,3,2026-10-17,32,quantile,0.95,74.1
2026-09-26,wk inc covid hosp,3,2026-10-17,32,quantile,0.975,90.0
2026-09-26,wk inc covid hosp,3,2026-10-17,32,quantile,0.99,115.4
2026-09-26,wk inc covid hosp,3,2026-10-17,33,quantile,0.01,0.3
2026-09-26,wk inc covid hosp,3,2026-10-17,33,quantile,0.025,0.8
2026-09-26,wk inc covid hosp,3,2026-10-17,33,quantile,0.05,0.9
2026-09-26,wk inc covid hosp,3,2026-10-17,33,quantile,0.1,1.5
2026-09-26,wk inc covid hosp,3,2026-10-17,33,quantile,0.15,2.3
2026-09-26,wk inc covid hosp,3,2026-10-17,33,quantile,0.2,2.8
2026-09-26,wk inc covid hosp,3,2026-10-17,33,quantile,0.25,3.0
2026-09-26,wk inc covid hosp,3,2026-10-17,33,quantile,0.3,3.2
2026-09-26,wk inc covid hosp,3,2026-10-17,33,quantile,0.35,3.7
2026-09-26,wk inc covid hosp,3,2026-10-17,33,quantile,0.4,4.0
2026-09-26,wk inc covid hosp,3,2026-10-17,33,quantile,0.45,4.6
2026-09-26,wk inc covid hosp,3,2026-10-17,33,quantile,0.5,5.0
2026-09-26,wk inc covid hosp,3,2026-10-17,33,quantile,0.55,5.6
2026-09-26,wk inc covid hosp,3,2026-10-17,33,quantile,0.6,6.5
2026-09-26,wk inc covid hosp,3,2026-10-17,33,quantile,0.65,7.4
2026-09-26,wk inc covid hosp,3,2026-10-17,33,quantile,0.7,8.2
2026-09-26,wk inc covid hosp,3,2026-10-17,33,quantile,0.75,10.2
2026-09-26,wk inc covid hosp,3,2026-10-17,33,quantile,0.8,11.8
2026-09-26,wk inc covid hosp,3,2026-10-17,33,quantile,0.85,13.5
2026-09-26,wk inc covid hosp,3,2026-10-17,33,quantile,0.9,16.6
2026-09-26,wk inc covid hosp,3,2026-10-17,33,quantile,0.95,22.2
2026-09-26,wk inc covid hosp,3,2026-10-17,33,quantile,0.975,28.6
2026-09-26,wk inc covid hosp,3,2026-10-17,33,quantile,0.99,38.3
2026-09-26,wk inc covid hosp,3,2026-10-17,34,quantile,0.01,29.398000000000003
2026-09-26,wk inc covid hosp,3,2026-10-17,34,quantile,0.025,40.1
2026-09-26,wk inc covid hosp,3,2026-10-17,34,quantile,0.05,48.9
2026-09-26,wk inc covid hosp,3,2026-10-17,34,quantile,0.1,60.1
2026-09-26,wk inc covid hosp,3,2026-10-17,34,quantile,0.15,67.58500000000001
2026-09-26,wk inc covid hosp,3,2026-10-17,34,quantile,0.2,74.6
2026-09-26,wk inc covid hosp,3,2026-10-17,34,quantile,0.25,79.3
2026-09-26,wk inc covid hosp,3,2026-10-17,34,quantile,0.3,84.37
2026-09-26,wk inc covid hosp,3,2026-10-17,34,quantile,0.35,88.0
2026-09-26,wk inc covid hosp,3,2026-10-17,34,quantile,0.4,92.5
2026-09-26,wk inc covid hosp,3,2026-10-17,34,quantile,0.45,96.4
2026-09-26,wk inc covid hosp,3,2026-10-17,34,quantile,0.5,101.2
2026-09-26,wk inc covid hosp,3,2026-10-17,34,quantile,0.55,105.1
2026-09-26,wk inc covid hosp,3,2026-10-17,34,quantile,0.6,109.2
2026-09-26,wk inc covid hosp,3,2026-10-17,34,quantile,0.65,114.9
2026-09-26,wk inc covid hosp,3,2026-10-17,34,quantile,0.7,122.6
2026-09-26,wk inc covid hosp,3,2026-10-17,34,quantile,0.75,129.7
2026-09-26,wk inc covid hosp,3,2026-10-17,34,quantile,0.8,136.42000000000002
2026-09-26,wk inc covid hosp,3,2026-10-17,34,quantile,0.85,146.0
2026-09-26,wk inc covid hosp,3,2026-10-17,34,quantile,0.9,161.7
2026-09-26,wk inc covid hosp,3,2026-10-17,34,quantile,0.95,189.2
2026-09-26,wk inc covid hosp,3,2026-10-17,34,quantile,0.975,227.0625
2026-09-26,wk inc covid hosp,3,2026-10-17,34,quantile,0.99,274.505
2026-09-26,wk inc covid hosp,3,2026-10-17,35,quantile,0.01,1.7
2026-09-26,wk inc covid hosp,3,2026-10-17,35,quantile,0.025,2.8
2026-09-26,wk inc covid hosp,3,2026-10-17,35,quantile,0.05,3.7950000000000004
2026-09-26,wk inc covid hosp,3,2026-10-17,35,quantile,0.1,5.2
2026-09-26,wk inc covid hosp,3,2026-10-17,35,quantile,0.15,6.3
2026-09-26,wk inc covid hosp,3,2026-10-17,35,quantile,0.2,7.4
2026-09-26,wk inc covid hosp,3,2026-10-17,35,quantile,0.25,8.0
2026-09-26,wk inc covid hosp,3,2026-10-17,35,quantile,0.3,8.7
2026-09-26,wk inc covid hosp,3,2026-10-17,35,quantile,0.35,9.5
2026-09-26,wk inc covid hosp,3,2026-10-17,35,quantile,0.4,10.6
2026-09-26,wk inc covid hosp,3,2026-10-17,35,quantile,0.45,11.5
2026-09-26,wk inc covid hosp,3,2026-10-17,35,quantile,0.5,12.4
2026-09-26,wk inc covid hosp,3,2026-10-17,35,quantile,0.55,13.2
2026-09-26,wk inc covid hosp,3,2026-10-17,35,quantile,0.6,14.0
2026-09-26,wk inc covid hosp,3,2026-10-17,35,quantile,0.65,15.2
2026-09-26,wk inc covid hosp,3,2026-10-17,35,quantile,0.7,17.0
2026-09-26,wk inc covid hosp,3,2026-10-17,35,quantile,0.75,18.6
2026-09-26,wk inc covid hosp,3,2026-10-17,35,quantile,0.8,21.2
2026-09-26,wk inc covid hosp,3,2026-10-17,35,quantile,0.85,23.9
2026-09-26,wk inc covid hosp,3,2026-10-17,35,quantile,0.9,27.4
2026-09-26,wk inc covid hosp,3,2026-10-17,35,quantile,0.95,35.8
2026-09-26,wk inc covid hosp,3,2026-10-17,35,quantile,0.975,44.6
2026-09-26,wk inc covid hosp,3,2026-10-17,35,quantile,0.99,57.102999999999994
2026-09-26,wk inc covid hosp,3,2026-10-17,36,quantile,0.01,80.6
2026-09-26,wk inc covid hosp,3,2026-10-17,36,quantile,0.025,104.29
2026-09-26,wk inc covid hosp,3,2026-10-17,36,quantile,0.05,122.19500000000001
2026-09-26,wk inc covid hosp,3,2026-10-17,36,quantile,0.1,141.39000000000001
2026-09-26,wk inc covid hosp,3,2026-10-17,36,quantile,0.15,153.8
2026-09-26,wk inc covid hosp,3,2026-10-17,36,quantile,0.2,166.66
2026-09-26,wk inc covid hosp,3,2026-10-17,36,quantile,0.25,177.275
2026-09-26,wk inc covid hosp,3,2026-10-17,36,quantile,0.3,184.2
2026-09-26,wk inc covid hosp,3,2026-10-17,36,quantile,0.35,191.6
2026-09-26,wk inc covid hosp,3,2026-10-17,36,quantile,0.4,196.8
2026-09-26,wk inc covid hosp,3,2026-10-17,36,quantile,0.45,207.1
2026-09-26,wk inc covid hosp,3,2026-10-17,36,quantile,0.5,215.3
2026-09-26,wk inc covid hosp,3,2026-10-17,36,quantile,0.55,222.8
2026-09-26,wk inc covid hosp,3,2026-10-17,36,quantile,0.6,231.9
2026-09-26,wk inc covid hosp,3,2026-10-17,36,quantile,0.65,241.9
2026-09-26,wk inc covid hosp,3,2026-10-17,36,quantile,0.7,257.03000000000003
2026-09-26,wk inc covid hosp,3,2026-10-17,36,quantile,0.75,270.6
2026-09-26,wk inc covid hosp,3,2026-10-17,36,quantile,0.8,284.3
2026-09-26,wk inc covid hosp,3,2026-10-17,36,quantile,0.85,302.2
2026-09-26,wk inc covid hosp,3,2026-10-17,36,quantile,0.9,323.40999999999997
2026-09-26,wk inc covid hosp,3,2026-10-17,36,quantile,0.95,365.51
2026-09-26,wk inc covid hosp,3,2026-10-17,36,quantile,0.975,410.3
2026-09-26,wk inc covid hosp,3,2026-10-17,36,quantile,0.99,479.608
2026-09-26,wk inc covid hosp,3,2026-10-17,37,quantile,0.01,41.583000000000006
2026-09-26,wk inc covid hosp,3,2026-10-17,37,quantile,0.025,53.595000000000006
2026-09-26,wk inc covid hosp,3,2026-10-17,37,quantile,0.05,66.095
2026-09-26,wk inc covid hosp,3,2026-10-17,37,quantile,0.1,80.2
2026-09-26,wk inc covid hosp,3,2026-10-17,37,quantile,0.15,88.7
2026-09-26,wk inc covid hosp,3,2026-10-17,37,quantile,0.2,98.0
2026-09-26,wk inc covid hosp,3,2026-10-17,37,quantile,0.25,106.4
2026-09-26,wk inc covid hosp,3,2026-10-17,37,quantile,0.3,111.8
2026-09-26,wk inc covid hosp,3,2026-10-17,37,quantile,0.35,117.8
2026-09-26,wk inc covid hosp,3,2026-10-17,37,quantile,0.4,122.9
2026-09-26,wk inc covid hosp,3,2026-10-17,37,quantile,0.45,128.355
2026-09-26,wk inc covid hosp,3,2026-10-17,37,quantile,0.5,135.9
2026-09-26,wk inc covid hosp,3,2026-10-17,37,quantile,0.55,140.9
2026-09-26,wk inc covid hosp,3,2026-10-17,37,quantile,0.6,147.0
2026-09-26,wk inc covid hosp,3,2026-10-17,37,quantile,0.65,154.5
2026-09-26,wk inc covid hosp,3,2026-10-17,37,quantile,0.7,165.43
2026-09-26,wk inc covid hosp,3,2026-10-17,37,quantile,0.75,175.4
2026-09-26,wk inc covid hosp,3,2026-10-17,37,quantile,0.8,189.8
2026-09-26,wk inc covid hosp,3,2026-10-17,37,quantile,0.85,205.815
2026-09-26,wk inc covid hosp,3,2026-10-17,37,quantile,0.9,229.9
2026-09-26,wk inc covid hosp,3,2026-10-17,37,quantile,0.95,278.71
2026-09-26,wk inc covid hosp,3,2026-10-17,37,quantile,0.975,328.15749999999997
2026-09-26,wk inc covid hosp,3,2026-10-17,37,quantile,0.99,413.003
2026-09-26,wk inc covid hosp,3,2026-10-17,38,quantile,0.01,0.1
2026-09-26,wk inc covid hosp,3,2026-10-17,38,quantile,0.025,0.1
2026-09-26,wk inc covid hosp,3,2026-10-17,38,quantile,0.05,0.3
2026-09-26,wk inc covid hosp,3,2026-10-17,38,quantile,0.1,0.5
2026-09-26,wk inc covid hosp,3,2026-10-17,38,quantile,0.15,0.8
2026-09-26,wk inc covid hosp,3,2026-10-17,38,quantile,0.2,0.9
2026-09-26,wk inc covid hosp,3,2026-10-17,38,quantile,0.25,1.2
2026-09-26,wk inc covid hosp,3,2026-10-17,38,quantile,0.3,1.6
2026-09-26,wk inc covid hosp,3,2026-10-17,38,quantile,0.35,2.1
2026-09-26,wk inc covid hosp,3,2026-10-17,38,quantile,0.4,2.2
2026-09-26,wk inc covid hosp,3,2026-10-17,38,quantile,0.45,2.7
2026-09-26,wk inc covid hosp,3,2026-10-17,38,quantile,0.5,3.1
2026-09-26,wk inc covid hosp,3,2026-10-17,38,quantile,0.55,3.4
2026-09-26,wk inc covid hosp,3,2026-10-17,38,quantile,0.6,4.0
2026-09-26,wk inc covid hosp,3,2026-10-17,38,quantile,0.65,4.8
2026-09-26,wk inc covid hosp,3,2026-10-17,38,quantile,0.7,6.2
2026-09-26,wk inc covid hosp,3,2026-10-17,38,quantile,0.75,7.3
2026-09-26,wk inc covid hosp,3,2026-10-17,38,quantile,0.8,8.7
2026-09-26,wk inc covid hosp,3,2026-10-17,38,quantile,0.85,10.4
2026-09-26,wk inc covid hosp,3,2026-10-17,38,quantile,0.9,13.3
2026-09-26,wk inc covid hosp,3,2026-10-17,38,quantile,0.95,21.3
2026-09-26,wk inc covid hosp,3,2026-10-17,38,quantile,0.975,28.252499999999998
2026-09-26,wk inc covid hosp,3,2026-10-17,38,quantile,0.99,37.902
2026-09-26,wk inc covid hosp,3,2026-10-17,39,quantile,0.01,20.0
2026-09-26,wk inc covid hosp,3,2026-10-17,39,quantile,0.025,24.6
2026-09-26,wk inc covid hosp,3,2026-10-17,39,quantile,0.05,30.570000000000004
2026-09-26,wk inc covid hosp,3,2026-10-17,39,quantile,0.1,37.8
2026-09-26,wk inc covid hosp,3,2026-10-17,39,quantile,0.15,43.6
2026-09-26,wk inc covid hosp,3,2026-10-17,39,quantile,0.2,48.0
2026-09-26,wk inc covid hosp,3,2026-10-17,39,quantile,0.25,52.1
2026-09-26,wk inc covid hosp,3,2026-10-17,39,quantile,0.3,56.07000000000001
2026-09-26,wk inc covid hosp,3,2026-10-17,39,quantile,0.35,59.165
2026-09-26,wk inc covid hosp,3,2026-10-17,39,quantile,0.4,63.4
2026-09-26,wk inc covid hosp,3,2026-10-17,39,quantile,0.45,67.6
2026-09-26,wk inc covid hosp,3,2026-10-17,39,quantile,0.5,71.0
2026-09-26,wk inc covid hosp,3,2026-10-17,39,quantile,0.55,74.9
2026-09-26,wk inc covid hosp,3,2026-10-17,39,quantile,0.6,80.4
2026-09-26,wk inc covid hosp,3,2026-10-17,39,quantile,0.65,85.1
2026-09-26,wk inc covid hosp,3,2026-10-17,39,quantile,0.7,92.4
2026-09-26,wk inc covid hosp,3,2026-10-17,39,quantile,0.75,98.2
2026-09-26,wk inc covid hosp,3,2026-10-17,39,quantile,0.8,106.7
2026-09-26,wk inc covid hosp,3,2026-10-17,39,quantile,0.85,119.8
2026-09-26,wk inc covid hosp,3,2026-10-17,39,quantile,0.9,133.70999999999998
2026-09-26,wk inc covid hosp,3,2026-10-17,39,quantile,0.95,159.005
2026-09-26,wk inc covid hosp,3,2026-10-17,39,quantile,0.975,183.9
2026-09-26,wk inc covid hosp,3,2026-10-17,39,quantile,0.99,225.417
2026-09-26,wk inc covid hosp,3,2026-10-17,40,quantile,0.01,4.5
2026-09-26,wk inc covid hosp,3,2026-10-17,40,quantile,0.025,6.2
2026-09-26,wk inc covid hosp,3,2026-10-17,40,quantile,0.05,7.5
2026-09-26,wk inc covid hosp,3,2026-10-17,40,quantile,0.1,9.5
2026-09-26,wk inc covid hosp,3,2026-10-17,40,quantile,0.15,11.7
2026-09-26,wk inc covid hosp,3,2026-10-17,40,quantile,0.2,12.8
2026-09-26,wk inc covid hosp,3,2026-10-17,40,quantile,0.25,14.6
2026-09-26,wk inc covid hosp,3,2026-10-17,40,quantile,0.3,15.969999999999999
2026-09-26,wk inc covid hosp,3,2026-10-17,40,quantile,0.35,17.3
2026-09-26,wk inc covid hosp,3,2026-10-17,40,quantile,0.4,19.0
2026-09-26,wk inc covid hosp,3,2026-10-17,40,quantile,0.45,20.1
2026-09-26,wk inc covid hosp,3,2026-10-17,40,quantile,0.5,21.3
2026-09-26,wk inc covid hosp,3,2026-10-17,40,quantile,0.55,22.6
2026-09-26,wk inc covid hosp,3,2026-10-17,40,quantile,0.6,24.6
2026-09-26,wk inc covid hosp,3,2026-10-17,40,quantile,0.65,26.5
2026-09-26,wk inc covid hosp,3,2026-10-17,40,quantile,0.7,29.4
2026-09-26,wk inc covid hosp,3,2026-10-17,40,quantile,0.75,31.8
2026-09-26,wk inc covid hosp,3,2026-10-17,40,quantile,0.8,35.0
2026-09-26,wk inc covid hosp,3,2026-10-17,40,quantile,0.85,39.0
2026-09-26,wk inc covid hosp,3,2026-10-17,40,quantile,0.9,44.8
2026-09-26,wk inc covid hosp,3,2026-10-17,40,quantile,0.95,59.504999999999995
2026-09-26,wk inc covid hosp,3,2026-10-17,40,quantile,0.975,70.1
2026-09-26,wk inc covid hosp,3,2026-10-17,40,quantile,0.99,86.402
2026-09-26,wk inc covid hosp,3,2026-10-17,41,quantile,0.01,11.699000000000002
2026-09-26,wk inc covid hosp,3,2026-10-17,41,quantile,0.025,15.4475
2026-09-26,wk inc covid hosp,3,2026-10-17,41,quantile,0.05,18.3
2026-09-26,wk inc covid hosp,3,2026-10-17,41,quantile,0.1,22.3
2026-09-26,wk inc covid hosp,3,2026-10-17,41,quantile,0.15,25.1
2026-09-26,wk inc covid hosp,3,2026-10-17,41,quantile,0.2,27.4
2026-09-26,wk inc covid hosp,3,2026-10-17,41,quantile,0.25,28.7
2026-09-26,wk inc covid hosp,3,2026-10-17,41,quantile,0.3,30.5
2026-09-26,wk inc covid hosp,3,2026-10-17,41,quantile,0.35,32.1
2026-09-26,wk inc covid hosp,3,2026-10-17,41,quantile,0.4,33.7
2026-09-26,wk inc covid hosp,3,2026-10-17,41,quantile,0.45,35.5
2026-09-26,wk inc covid hosp,3,2026-10-17,41,quantile,0.5,36.8
2026-09-26,wk inc covid hosp,3,2026-10-17,41,quantile,0.55,38.6
2026-09-26,wk inc covid hosp,3,2026-10-17,41,quantile,0.6,40.3
2026-09-26,wk inc covid hosp,3,2026-10-17,41,quantile,0.65,42.7
2026-09-26,wk inc covid hosp,3,2026-10-17,41,quantile,0.7,45.4
2026-09-26,wk inc covid hosp,3,2026-10-17,41,quantile,0.75,48.0
2026-09-26,wk inc covid hosp,3,2026-10-17,41,quantile,0.8,52.1
2026-09-26,wk inc covid hosp,3,2026-10-17,41,quantile,0.85,56.6
2026-09-26,wk inc covid hosp,3,2026-10-17,41,quantile,0.9,62.11
2026-09-26,wk inc covid hosp,3,2026-10-17,41,quantile,0.95,72.7
2026-09-26,wk inc covid hosp,3,2026-10-17,41,quantile,0.975,86.86249999999998
2026-09-26,wk inc covid hosp,3,2026-10-17,41,quantile,0.99,105.109
2026-09-26,wk inc covid hosp,3,2026-10-17,42,quantile,0.01,38.899
2026-09-26,wk inc covid hosp,3,2026-10-17,42,quantile,0.025,54.5475
2026-09-26,wk inc covid hosp,3,2026-10-17,42,quantile,0.05,70.095
2026-09-26,wk inc covid hosp,3,2026-10-17,42,quantile,0.1,87.2
2026-09-26,wk inc covid hosp,3,2026-10-17,42,quantile,0.15,97.8
2026-09-26,wk inc covid hosp,3,2026-10-17,42,quantile,0.2,109.38
2026-09-26,wk inc covid hosp,3,2026-10-17,42,quantile,0.25,116.775
2026-09-26,wk inc covid hosp,3,2026-10-17,42,quantile,0.3,121.9
2026-09-26,wk inc covid hosp,3,2026-10-17,42,quantile,0.35,128.1
2026-09-26,wk inc covid hosp,3,2026-10-17,42,quantile,0.4,133.26
2026-09-26,wk inc covid hosp,3,2026-10-17,42,quantile,0.45,138.6
2026-09-26,wk inc covid hosp,3,2026-10-17,42,quantile,0.5,145.4
2026-09-26,wk inc covid hosp,3,2026-10-17,42,quantile,0.55,150.7
2026-09-26,wk inc covid hosp,3,2026-10-17,42,quantile,0.6,157.5
2026-09-26,wk inc covid hosp,3,2026-10-17,42,quantile,0.65,165.83499999999998
2026-09-26,wk inc covid hosp,3,2026-10-17,42,quantile,0.7,173.6
2026-09-26,wk inc covid hosp,3,2026-10-17,42,quantile,0.75,180.4
2026-09-26,wk inc covid hosp,3,2026-10-17,42,quantile,0.8,191.9
2026-09-26,wk inc covid hosp,3,2026-10-17,42,quantile,0.85,210.0
2026-09-26,wk inc covid hosp,3,2026-10-17,42,quantile,0.9,229.3
2026-09-26,wk inc covid hosp,3,2026-10-17,42,quantile,0.95,274.0
2026-09-26,wk inc covid hosp,3,2026-10-17,42,quantile,0.975,320.4
2026-09-26,wk inc covid hosp,3,2026-10-17,42,quantile,0.99,380.914
2026-09-26,wk inc covid hosp,3,2026-10-17,44,quantile,0.01,2.1
2026-09-26,wk inc covid hosp,3,2026-10-17,44,quantile,0.025,2.8475
2026-09-26,wk inc covid hosp,3,2026-10-17,44,quantile,0.05,3.595
2026-09-26,wk inc covid hosp,3,2026-10-17,44,quantile,0.1,4.790000000000001
2026-09-26,wk inc covid hosp,3,2026-10-17,44,quantile,0.15,5.8
2026-09-26,wk inc covid hosp,3,2026-10-17,44,quantile,0.2,7.2
2026-09-26,wk inc covid hosp,3,2026-10-17,44,quantile,0.25,7.7
2026-09-26,wk inc covid hosp,3,2026-10-17,44,quantile,0.3,8.3
2026-09-26,wk inc covid hosp,3,2026-10-17,44,quantile,0.35,8.9
2026-09-26,wk inc covid hosp,3,2026-10-17,44,quantile,0.4,9.6
2026-09-26,wk inc covid hosp,3,2026-10-17,44,quantile,0.45,10.7
2026-09-26,wk inc covid hosp,3,2026-10-17,44,quantile,0.5,11.5
2026-09-26,wk inc covid hosp,3,2026-10-17,44,quantile,0.55,12.3
2026-09-26,wk inc covid hosp,3,2026-10-17,44,quantile,0.6,13.2
2026-09-26,wk inc covid hosp,3,2026-10-17,44,quantile,0.65,14.2
2026-09-26,wk inc covid hosp,3,2026-10-17,44,quantile,0.7,15.3
2026-09-26,wk inc covid hosp,3,2026-10-17,44,quantile,0.75,16.5
2026-09-26,wk inc covid hosp,3,2026-10-17,44,quantile,0.8,18.6
2026-09-26,wk inc covid hosp,3,2026-10-17,44,quantile,0.85,20.615
2026-09-26,wk inc covid hosp,3,2026-10-17,44,quantile,0.9,23.8
2026-09-26,wk inc covid hosp,3,2026-10-17,44,quantile,0.95,29.7
2026-09-26,wk inc covid hosp,3,2026-10-17,44,quantile,0.975,36.7525
2026-09-26,wk inc covid hosp,3,2026-10-17,44,quantile,0.99,48.001999999999995
2026-09-26,wk inc covid hosp,3,2026-10-17,45,quantile,0.01,11.5
2026-09-26,wk inc covid hosp,3,2026-10-17,45,quantile,0.025,15.147499999999999
2026-09-26,wk inc covid hosp,3,2026-10-17,45,quantile,0.05,18.395
2026-09-26,wk inc covid hosp,3,2026-10-17,45,quantile,0.1,23.3
2026-09-26,wk inc covid hosp,3,2026-10-17,45,quantile,0.15,27.5
2026-09-26,wk inc covid hosp,3,2026-10-17,45,quantile,0.2,30.8
2026-09-26,wk inc covid hosp,3,2026-10-17,45,quantile,0.25,32.8
2026-09-26,wk inc covid hosp,3,2026-10-17,45,quantile,0.3,34.6
2026-09-26,wk inc covid hosp,3,2026-10-17,45,quantile,0.35,36.9
2026-09-26,wk inc covid hosp,3,2026-10-17,45,quantile,0.4,38.5
2026-09-26,wk inc covid hosp,3,2026-10-17,45,quantile,0.45,40.3
2026-09-26,wk inc covid hosp,3,2026-10-17,45,quantile,0.5,42.8
2026-09-26,wk inc covid hosp,3,2026-10-17,45,quantile,0.55,44.7
2026-09-26,wk inc covid hosp,3,2026-10-17,45,quantile,0.6,47.0
2026-09-26,wk inc covid hosp,3,2026-10-17,45,quantile,0.65,50.8
2026-09-26,wk inc covid hosp,3,2026-10-17,45,quantile,0.7,54.4
2026-09-26,wk inc covid hosp,3,2026-10-17,45,quantile,0.75,57.4
2026-09-26,wk inc covid hosp,3,2026-10-17,45,quantile,0.8,60.9
2026-09-26,wk inc covid hosp,3,2026-10-17,45,quantile,0.85,65.7
2026-09-26,wk inc covid hosp,3,2026-10-17,45,quantile,0.9,73.4
2026-09-26,wk inc covid hosp,3,2026-10-17,45,quantile,0.95,89.3
2026-09-26,wk inc covid hosp,3,2026-10-17,45,quantile,0.975,108.205
2026-09-26,wk inc covid hosp,3,2026-10-17,45,quantile,0.99,131.8
2026-09-26,wk inc covid hosp,3,2026-10-17,46,quantile,0.01,0.4
2026-09-26,wk inc covid hosp,3,2026-10-17,46,quantile,0.025,0.9
2026-09-26,wk inc covid hosp,3,2026-10-17,46,quantile,0.05,1.3
2026-09-26,wk inc covid hosp,3,2026-10-17,46,quantile,0.1,1.7
2026-09-26,wk inc covid hosp,3,2026-10-17,46,quantile,0.15,2.7
2026-09-26,wk inc covid hosp,3,2026-10-17,46,quantile,0.2,2.9
2026-09-26,wk inc covid hosp,3,2026-10-17,46,quantile,0.25,3.3
2026-09-26,wk inc covid hosp,3,2026-10-17,46,quantile,0.3,3.9
2026-09-26,wk inc covid hosp,3,2026-10-17,46,quantile,0.35,4.4
2026-09-26,wk inc covid hosp,3,2026-10-17,46,quantile,0.4,4.8
2026-09-26,wk inc covid hosp,3,2026-10-17,46,quantile,0.45,5.6
2026-09-26,wk inc covid hosp,3,2026-10-17,46,quantile,0.5,5.8
2026-09-26,wk inc covid hosp,3,2026-10-17,46,quantile,0.55,6.3
2026-09-26,wk inc covid hosp,3,2026-10-17,46,quantile,0.6,7.1
2026-09-26,wk inc covid hosp,3,2026-10-17,46,quantile,0.65,7.6
2026-09-26,wk inc covid hosp,3,2026-10-17,46,quantile,0.7,9.0
2026-09-26,wk inc covid hosp,3,2026-10-17,46,quantile,0.75,10.2
2026-09-26,wk inc covid hosp,3,2026-10-17,46,quantile,0.8,11.3
2026-09-26,wk inc covid hosp,3,2026-10-17,46,quantile,0.85,13.1
2026-09-26,wk inc covid hosp,3,2026-10-17,46,quantile,0.9,15.5
2026-09-26,wk inc covid hosp,3,2026-10-17,46,quantile,0.95,21.7
2026-09-26,wk inc covid hosp,3,2026-10-17,46,quantile,0.975,28.252499999999998
2026-09-26,wk inc covid hosp,3,2026-10-17,46,quantile,0.99,35.701
2026-09-26,wk inc covid hosp,3,2026-10-17,47,quantile,0.01,17.3
2026-09-26,wk inc covid hosp,3,2026-10-17,47,quantile,0.025,23.1475
2026-09-26,wk inc covid hosp,3,2026-10-17,47,quantile,0.05,28.4
2026-09-26,wk inc covid hosp,3,2026-10-17,47,quantile,0.1,35.5
2026-09-26,wk inc covid hosp,3,2026-10-17,47,quantile,0.15,40.485
2026-09-26,wk inc covid hosp,3,2026-10-17,47,quantile,0.2,44.2
2026-09-26,wk inc covid hosp,3,2026-10-17,47,quantile,0.25,47.6
2026-09-26,wk inc covid hosp,3,2026-10-17,47,quantile,0.3,49.8
2026-09-26,wk inc covid hosp,3,2026-10-17,47,quantile,0.35,51.6
2026-09-26,wk inc covid hosp,3,2026-10-17,47,quantile,0.4,53.7
2026-09-26,wk inc covid hosp,3,2026-10-17,47,quantile,0.45,56.3
2026-09-26,wk inc covid hosp,3,2026-10-17,47,quantile,0.5,58.6
2026-09-26,wk inc covid hosp,3,2026-10-17,47,quantile,0.55,61.2
2026-09-26,wk inc covid hosp,3,2026-10-17,47,quantile,0.6,64.3
2026-09-26,wk inc covid hosp,3,2026-10-17,47,quantile,0.65,68.0
2026-09-26,wk inc covid hosp,3,2026-10-17,47,quantile,0.7,73.3
2026-09-26,wk inc covid hosp,3,2026-10-17,47,quantile,0.75,77.9
2026-09-26,wk inc covid hosp,3,2026-10-17,47,quantile,0.8,83.8
2026-09-26,wk inc covid hosp,3,2026-10-17,47,quantile,0.85,91.6
2026-09-26,wk inc covid hosp,3,2026-10-17,47,quantile,0.9,103.5
2026-09-26,wk inc covid hosp,3,2026-10-17,47,quantile,0.95,128.01999999999998
2026-09-26,wk inc covid hosp,3,2026-10-17,47,quantile,0.975,153.9625
2026-09-26,wk inc covid hosp,3,2026-10-17,47,quantile,0.99,191.107
2026-09-26,wk inc covid hosp,3,2026-10-17,48,quantile,0.01,82.39099999999999
2026-09-26,wk inc covid hosp,3,2026-10-17,48,quantile,0.025,111.44749999999999
2026-09-26,wk inc covid hosp,3,2026-10-17,48,quantile,0.05,140.88
2026-09-26,wk inc covid hosp,3,2026-10-17,48,quantile,0.1,175.39000000000001
2026-09-26,wk inc covid hosp,3,2026-10-17,48,quantile,0.15,196.0
2026-09-26,wk inc covid hosp,3,2026-10-17,48,quantile,0.2,214.2
2026-09-26,wk inc covid hosp,3,2026-10-17,48,quantile,0.25,232.075
2026-09-26,wk inc covid hosp,3,2026-10-17,48,quantile,0.3,243.8
2026-09-26,wk inc covid hosp,3,2026-10-17,48,quantile,0.35,255.3
2026-09-26,wk inc covid hosp,3,2026-10-17,48,quantile,0.4,265.76
2026-09-26,wk inc covid hosp,3,2026-10-17,48,quantile,0.45,276.4
2026-09-26,wk inc covid hosp,3,2026-10-17,48,quantile,0.5,290.6
2026-09-26,wk inc covid hosp,3,2026-10-17,48,quantile,0.55,302.8
2026-09-26,wk inc covid hosp,3,2026-10-17,48,quantile,0.6,317.7
2026-09-26,wk inc covid hosp,3,2026-10-17,48,quantile,0.65,334.5
2026-09-26,wk inc covid hosp,3,2026-10-17,48,quantile,0.7,365.7
2026-09-26,wk inc covid hosp,3,2026-10-17,48,quantile,0.75,385.7
2026-09-26,wk inc covid hosp,3,2026-10-17,48,quantile,0.8,418.4
2026-09-26,wk inc covid hosp,3,2026-10-17,48,quantile,0.85,460.11499999999995
2026-09-26,wk inc covid hosp,3,2026-10-17,48,quantile,0.9,527.9100000000001
2026-09-26,wk inc covid hosp,3,2026-10-17,48,quantile,0.95,650.8050000000001
2026-09-26,wk inc covid hosp,3,2026-10-17,48,quantile,0.975,783.01
2026-09-26,wk inc covid hosp,3,2026-10-17,48,quantile,0.99,975.9289999999999
2026-09-26,wk inc covid hosp,3,2026-10-17,49,quantile,0.01,3.4
2026-09-26,wk inc covid hosp,3,2026-10-17,49,quantile,0.025,5.4
2026-09-26,wk inc covid hosp,3,2026-10-17,49,quantile,0.05,6.6
2026-09-26,wk inc covid hosp,3,2026-10-17,49,quantile,0.1,8.9
2026-09-26,wk inc covid hosp,3,2026-10-17,49,quantile,0.15,10.6
2026-09-26,wk inc covid hosp,3,2026-10-17,49,quantile,0.2,12.0
2026-09-26,wk inc covid hosp,3,2026-10-17,49,quantile,0.25,13.6
2026-09-26,wk inc covid hosp,3,2026-10-17,49,quantile,0.3,14.7
2026-09-26,wk inc covid hosp,3,2026-10-17,49,quantile,0.35,16.0
2026-09-26,wk inc covid hosp,3,2026-10-17,49,quantile,0.4,17.4
2026-09-26,wk inc covid hosp,3,2026-10-17,49,quantile,0.45,18.8
2026-09-26,wk inc covid hosp,3,2026-10-17,49,quantile,0.5,19.7
2026-09-26,wk inc covid hosp,3,2026-10-17,49,quantile,0.55,21.0
2026-09-26,wk inc covid hosp,3,2026-10-17,49,quantile,0.6,22.7
2026-09-26,wk inc covid hosp,3,2026-10-17,49,quantile,0.65,24.5
2026-09-26,wk inc covid hosp,3,2026-10-17,49,quantile,0.7,27.5
2026-09-26,wk inc covid hosp,3,2026-10-17,49,quantile,0.75,29.8
2026-09-26,wk inc covid hosp,3,2026-10-17,49,quantile,0.8,33.2
2026-09-26,wk inc covid hosp,3,2026-10-17,49,quantile,0.85,37.0
2026-09-26,wk inc covid hosp,3,2026-10-17,49,quantile,0.9,41.8
2026-09-26,wk inc covid hosp,3,2026-10-17,49,quantile,0.95,54.3
2026-09-26,wk inc covid hosp,3,2026-10-17,49,quantile,0.975,65.405
2026-09-26,wk inc covid hosp,3,2026-10-17,49,quantile,0.99,85.601
2026-09-26,wk inc covid hosp,3,2026-10-17,50,quantile,0.01,0.1
2026-09-26,wk inc covid hosp,3,2026-10-17,50,quantile,0.025,0.4
2026-09-26,wk inc covid hosp,3,2026-10-17,50,quantile,0.05,0.6
2026-09-26,wk inc covid hosp,3,2026-10-17,50,quantile,0.1,1.1
2026-09-26,wk inc covid hosp,3,2026-10-17,50,quantile,0.15,1.3
2026-09-26,wk inc covid hosp,3,2026-10-17,50,quantile,0.2,1.7
2026-09-26,wk inc covid hosp,3,2026-10-17,50,quantile,0.25,2.2
2026-09-26,wk inc covid hosp,3,2026-10-17,50,quantile,0.3,2.4
2026-09-26,wk inc covid hosp,3,2026-10-17,50,quantile,0.35,2.7
2026-09-26,wk inc covid hosp,3,2026-10-17,50,quantile,0.4,2.8
2026-09-26,wk inc covid hosp,3,2026-10-17,50,quantile,0.45,3.3
2026-09-26,wk inc covid hosp,3,2026-10-17,50,quantile,0.5,3.6
2026-09-26,wk inc covid hosp,3,2026-10-17,50,quantile,0.55,3.9
2026-09-26,wk inc covid hosp,3,2026-10-17,50,quantile,0.6,4.6
2026-09-26,wk inc covid hosp,3,2026-10-17,50,quantile,0.65,5.0
2026-09-26,wk inc covid hosp,3,2026-10-17,50,quantile,0.7,5.8
2026-09-26,wk inc covid hosp,3,2026-10-17,50,quantile,0.75,6.6
2026-09-26,wk inc covid hosp,3,2026-10-17,50,quantile,0.8,7.8
2026-09-26,wk inc covid hosp,3,2026-10-17,50,quantile,0.85,9.1
2026-09-26,wk inc covid hosp,3,2026-10-17,50,quantile,0.9,11.5
2026-09-26,wk inc covid hosp,3,2026-10-17,50,quantile,0.95,15.1
2026-09-26,wk inc covid hosp,3,2026-10-17,50,quantile,0.975,19.6
2026-09-26,wk inc covid hosp,3,2026-10-17,50,quantile,0.99,27.7
2026-09-26,wk inc covid hosp,3,2026-10-17,51,quantile,0.01,17.399
2026-09-26,wk inc covid hosp,3,2026-10-17,51,quantile,0.025,21.447499999999998
2026-09-26,wk inc covid hosp,3,2026-10-17,51,quantile,0.05,25.195
2026-09-26,wk inc covid hosp,3,2026-10-17,51,quantile,0.1,30.2
2026-09-26,wk inc covid hosp,3,2026-10-17,51,quantile,0.15,34.0
2026-09-26,wk inc covid hosp,3,2026-10-17,51,quantile,0.2,37.0
2026-09-26,wk inc covid hosp,3,2026-10-17,51,quantile,0.25,39.1
2026-09-26,wk inc covid hosp,3,2026-10-17,51,quantile,0.3,42.4
2026-09-26,wk inc covid hosp,3,2026-10-17,51,quantile,0.35,44.665
2026-09-26,wk inc covid hosp,3,2026-10-17,51,quantile,0.4,47.0
2026-09-26,wk inc covid hosp,3,2026-10-17,51,quantile,0.45,50.1
2026-09-26,wk inc covid hosp,3,2026-10-17,51,quantile,0.5,52.5
2026-09-26,wk inc covid hosp,3,2026-10-17,51,quantile,0.55,54.7
2026-09-26,wk inc covid hosp,3,2026-10-17,51,quantile,0.6,57.5
2026-09-26,wk inc covid hosp,3,2026-10-17,51,quantile,0.65,60.3
2026-09-26,wk inc covid hosp,3,2026-10-17,51,quantile,0.7,66.0
2026-09-26,wk inc covid hosp,3,2026-10-17,51,quantile,0.75,69.125
2026-09-26,wk inc covid hosp,3,2026-10-17,51,quantile,0.8,73.5
2026-09-26,wk inc covid hosp,3,2026-10-17,51,quantile,0.85,80.215
2026-09-26,wk inc covid hosp,3,2026-10-17,51,quantile,0.9,87.61
2026-09-26,wk inc covid hosp,3,2026-10-17,51,quantile,0.95,102.10499999999999
2026-09-26,wk inc covid hosp,3,2026-10-17,51,quantile,0.975,118.1
2026-09-26,wk inc covid hosp,3,2026-10-17,51,quantile,0.99,145.804
2026-09-26,wk inc covid hosp,3,2026-10-17,53,quantile,0.01,32.491
2026-09-26,wk inc covid hosp,3,2026-10-17,53,quantile,0.025,40.3375
2026-09-26,wk inc covid hosp,3,2026-10-17,53,quantile,0.05,47.0
2026-09-26,wk inc covid hosp,3,2026-10-17,53,quantile,0.1,55.2
2026-09-26,wk inc covid hosp,3,2026-10-17,53,quantile,0.15,61.1
2026-09-26,wk inc covid hosp,3,2026-10-17,53,quantile,0.2,66.4
2026-09-26,wk inc covid hosp,3,2026-10-17,53,quantile,0.25,72.375
2026-09-26,wk inc covid hosp,3,2026-10-17,53,quantile,0.3,76.5
2026-09-26,wk inc covid hosp,3,2026-10-17,53,quantile,0.35,79.9
2026-09-26,wk inc covid hosp,3,2026-10-17,53,quantile,0.4,84.2
2026-09-26,wk inc covid hosp,3,2026-10-17,53,quantile,0.45,88.3
2026-09-26,wk inc covid hosp,3,2026-10-17,53,quantile,0.5,93.9
2026-09-26,wk inc covid hosp,3,2026-10-17,53,quantile,0.55,98.6
2026-09-26,wk inc covid hosp,3,2026-10-17,53,quantile,0.6,102.1
2026-09-26,wk inc covid hosp,3,2026-10-17,53,quantile,0.65,108.3
2026-09-26,wk inc covid hosp,3,2026-10-17,53,quantile,0.7,115.4
2026-09-26,wk inc covid hosp,3,2026-10-17,53,quantile,0.75,120.9
2026-09-26,wk inc covid hosp,3,2026-10-17,53,quantile,0.8,131.2
2026-09-26,wk inc covid hosp,3,2026-10-17,53,quantile,0.85,140.1
2026-09-26,wk inc covid hosp,3,2026-10-17,53,quantile,0.9,153.7
2026-09-26,wk inc covid hosp,3,2026-10-17,53,quantile,0.95,182.105
2026-09-26,wk inc covid hosp,3,2026-10-17,53,quantile,0.975,213.1525
2026-09-26,wk inc covid hosp,3,2026-10-17,53,quantile,0.99,255.004
2026-09-26,wk inc covid hosp,3,2026-10-17,54,quantile,0.01,3.4
2026-09-26,wk inc covid hosp,3,2026-10-17,54,quantile,0.025,4.4
2026-09-26,wk inc covid hosp,3,2026-10-17,54,quantile,0.05,5.4
2026-09-26,wk inc covid hosp,3,2026-10-17,54,quantile,0.1,6.7
2026-09-26,wk inc covid hosp,3,2026-10-17,54,quantile,0.15,8.3
2026-09-26,wk inc covid hosp,3,2026-10-17,54,quantile,0.2,9.6
2026-09-26,wk inc covid hosp,3,2026-10-17,54,quantile,0.25,10.7
2026-09-26,wk inc covid hosp,3,2026-10-17,54,quantile,0.3,11.7
2026-09-26,wk inc covid hosp,3,2026-10-17,54,quantile,0.35,12.7
2026-09-26,wk inc covid hosp,3,2026-10-17,54,quantile,0.4,13.6
2026-09-26,wk inc covid hosp,3,2026-10-17,54,quantile,0.45,15.0
2026-09-26,wk inc covid hosp,3,2026-10-17,54,quantile,0.5,16.2
2026-09-26,wk inc covid hosp,3,2026-10-17,54,quantile,0.55,16.7
2026-09-26,wk inc covid hosp,3,2026-10-17,54,quantile,0.6,18.3
2026-09-26,wk inc covid hosp,3,2026-10-17,54,quantile,0.65,19.7
2026-09-26,wk inc covid hosp,3,2026-10-17,54,quantile,0.7,22.2
2026-09-26,wk inc covid hosp,3,2026-10-17,54,quantile,0.75,24.3
2026-09-26,wk inc covid hosp,3,2026-10-17,54,quantile,0.8,26.6
2026-09-26,wk inc covid hosp,3,2026-10-17,54,quantile,0.85,30.0
2026-09-26,wk inc covid hosp,3,2026-10-17,54,quantile,0.9,34.7
2026-09-26,wk inc covid hosp,3,2026-10-17,54,quantile,0.95,44.1
2026-09-26,wk inc covid hosp,3,2026-10-17,54,quantile,0.975,54.6
2026-09-26,wk inc covid hosp,3,2026-10-17,54,quantile,0.99,67.303
2026-09-26,wk inc covid hosp,3,2026-10-17,55,quantile,0.01,7.1
2026-09-26,wk inc covid hosp,3,2026-10-17,55,quantile,0.025,9.5
2026-09-26,wk inc covid hosp,3,2026-10-17,55,quantile,0.05,11.6
2026-09-26,wk inc covid hosp,3,2026-10-17,55,quantile,0.1,14.290000000000001
2026-09-26,wk inc covid hosp,3,2026-10-17,55,quantile,0.15,16.5
2026-09-26,wk inc covid hosp,3,2026-10-17,55,quantile,0.2,18.0
2026-09-26,wk inc covid hosp,3,2026-10-17,55,quantile,0.25,20.2
2026-09-26,wk inc covid hosp,3,2026-10-17,55,quantile,0.3,22.1
2026-09-26,wk inc covid hosp,3,2026-10-17,55,quantile,0.35,23.4
2026-09-26,wk inc covid hosp,3,2026-10-17,55,quantile,0.4,25.4
2026-09-26,wk inc covid hosp,3,2026-10-17,55,quantile,0.45,27.1
2026-09-26,wk inc covid hosp,3,2026-10-17,55,quantile,0.5,29.1
2026-09-26,wk inc covid hosp,3,2026-10-17,55,quantile,0.55,30.7
2026-09-26,wk inc covid hosp,3,2026-10-17,55,quantile,0.6,32.6
2026-09-26,wk inc covid hosp,3,2026-10-17,55,quantile,0.65,34.7
2026-09-26,wk inc covid hosp,3,2026-10-17,55,quantile,0.7,37.6
2026-09-26,wk inc covid hosp,3,2026-10-17,55,quantile,0.75,42.125
2026-09-26,wk inc covid hosp,3,2026-10-17,55,quantile,0.8,46.5
2026-09-26,wk inc covid hosp,3,2026-10-17,55,quantile,0.85,53.3
2026-09-26,wk inc covid hosp,3,2026-10-17,55,quantile,0.9,60.1
2026-09-26,wk inc covid hosp,3,2026-10-17,55,quantile,0.95,75.10499999999999
2026-09-26,wk inc covid hosp,3,2026-10-17,55,quantile,0.975,88.60499999999999
2026-09-26,wk inc covid hosp,3,2026-10-17,55,quantile,0.99,116.30499999999999
2026-09-26,wk inc covid hosp,3,2026-10-17,56,quantile,0.01,0.2
2026-09-26,wk inc covid hosp,3,2026-10-17,56,quantile,0.025,0.3
2026-09-26,wk inc covid hosp,3,2026-10-17,56,quantile,0.05,0.4
2026-09-26,wk inc covid hosp,3,2026-10-17,56,quantile,0.1,0.8
2026-09-26,wk inc covid hosp,3,2026-10-17,56,quantile,0.15,0.9
2026-09-26,wk inc covid hosp,3,2026-10-17,56,quantile,0.2,1.1
2026-09-26,wk inc covid hosp,3,2026-10-17,56,quantile,0.25,1.4
2026-09-26,wk inc covid hosp,3,2026-10-17,56,quantile,0.3,1.8
2026-09-26,wk inc covid hosp,3,2026-10-17,56,quantile,0.35,2.3
2026-09-26,wk inc covid hosp,3,2026-10-17,56,quantile,0.4,2.4
2026-09-26,wk inc covid hosp,3,2026-10-17,56,quantile,0.45,2.7
2026-09-26,wk inc covid hosp,3,2026-10-17,56,quantile,0.5,3.1
2026-09-26,wk inc covid hosp,3,2026-10-17,56,quantile,0.55,3.6
2026-09-26,wk inc covid hosp,3,2026-10-17,56,quantile,0.6,4.2
2026-09-26,wk inc covid hosp,3,2026-10-17,56,quantile,0.65,4.7
2026-09-26,wk inc covid hosp,3,2026-10-17,56,quantile,0.7,5.5
2026-09-26,wk inc covid hosp,3,2026-10-17,56,quantile,0.75,6.1
2026-09-26,wk inc covid hosp,3,2026-10-17,56,quantile,0.8,7.3
2026-09-26,wk inc covid hosp,3,2026-10-17,56,quantile,0.85,9.3
2026-09-26,wk inc covid hosp,3,2026-10-17,56,quantile,0.9,11.5
2026-09-26,wk inc covid hosp,3,2026-10-17,56,quantile,0.95,17.4
2026-09-26,wk inc covid hosp,3,2026-10-17,56,quantile,0.975,23.452499999999997
2026-09-26,wk inc covid hosp,3,2026-10-17,56,quantile,0.99,31.7
2026-09-26,wk inc covid hosp,3,2026-10-17,72,quantile,0.01,13.8
2026-09-26,wk inc covid hosp,3,2026-10-17,72,quantile,0.025,18.5
2026-09-26,wk inc covid hosp,3,2026-10-17,72,quantile,0.05,24.3
2026-09-26,wk inc covid hosp,3,2026-10-17,72,quantile,0.1,31.5
2026-09-26,wk inc covid hosp,3,2026-10-17,72,quantile,0.15,36.5
2026-09-26,wk inc covid hosp,3,2026-10-17,72,quantile,0.2,39.9
2026-09-26,wk inc covid hosp,3,2026-10-17,72,quantile,0.25,44.8
2026-09-26,wk inc covid hosp,3,2026-10-17,72,quantile,0.3,47.7
2026-09-26,wk inc covid hosp,3,2026-10-17,72,quantile,0.35,51.8
2026-09-26,wk inc covid hosp,3,2026-10-17,72,quantile,0.4,55.4
2026-09-26,wk inc covid hosp,3,2026-10-17,72,quantile,0.45,58.9
2026-09-26,wk inc covid hosp,3,2026-10-17,72,quantile,0.5,61.3
2026-09-26,wk inc covid hosp,3,2026-10-17,72,quantile,0.55,64.5
2026-09-26,wk inc covid hosp,3,2026-10-17,72,quantile,0.6,67.84
2026-09-26,wk inc covid hosp,3,2026-10-17,72,quantile,0.65,74.1
2026-09-26,wk inc covid hosp,3,2026-10-17,72,quantile,0.7,79.0
2026-09-26,wk inc covid hosp,3,2026-10-17,72,quantile,0.75,85.3
2026-09-26,wk inc covid hosp,3,2026-10-17,72,quantile,0.8,92.42
2026-09-26,wk inc covid hosp,3,2026-10-17,72,quantile,0.85,102.0
2026-09-26,wk inc covid hosp,3,2026-10-17,72,quantile,0.9,115.1
2026-09-26,wk inc covid hosp,3,2026-10-17,72,quantile,0.95,146.43999999999997
2026-09-26,wk inc covid hosp,3,2026-10-17,72,quantile,0.975,181.35250000000002
2026-09-26,wk inc covid hosp,3,2026-10-17,72,quantile,0.99,231.212
