reference_date,target,horizon,target_end_date,location,output_type,output_type_id,value
2026-09-12,wk inc covid hosp,-1,2026-09-05,01,quantile,0.01,73.39
2026-09-12,wk inc covid hosp,0,2026-09-12,01,quantile,0.01,69.11
2026-09-12,wk inc covid hosp,1,2026-09-19,01,quantile,0.01,61.95
2026-09-12,wk inc covid hosp,2,2026-09-26,01,quantile,0.01,53.38
2026-09-12,wk inc covid hosp,3,2026-10-03,01,quantile,0.01,45.74
2026-09-12,wk inc covid hosp,-1,2026-09-05,01,quantile,0.025,75.81
2026-09-12,wk inc covid hosp,0,2026-09-12,01,quantile,0.025,72.45
2026-09-12,wk inc covid hosp,1,2026-09-19,01,quantile,0.025,66.02
2026-09-12,wk inc covid hosp,2,2026-09-26,01,quantile,0.025,57.73
2026-09-12,wk inc covid hosp,3,2026-10-03,01,quantile,0.025,50.08
2026-09-12,wk inc covid hosp,-1,2026-09-05,01,quantile,0.05,77.95
2026-09-12,wk inc covid hosp,0,2026-09-12,01,quantile,0.05,75.44
2026-09-12,wk inc covid hosp,1,2026-09-19,01,quantile,0.05,69.7
2026-09-12,wk inc covid hosp,2,2026-09-26,01,quantile,0.05,61.7
2026-09-12,wk inc covid hosp,3,2026-10-03,01,quantile,0.05,54.07
2026-09-12,wk inc covid hosp,-1,2026-09-05,01,quantile,0.1,80.47
2026-09-12,wk inc covid hosp,0,2026-09-12,01,quantile,0.1,79.01
2026-09-12,wk inc covid hosp,1,2026-09-19,01,quantile,0.1,74.15
2026-09-12,wk inc covid hosp,2,2026-09-26,01,quantile,0.1,66.57
2026-09-12,wk inc covid hosp,3,2026-10-03,01,quantile,0.1,59.01
2026-09-12,wk inc covid hosp,-1,2026-09-05,01,quantile,0.15,82.21
2026-09-12,wk inc covid hosp,0,2026-09-12,01,quantile,0.15,81.5
2026-09-12,wk inc covid hosp,1,2026-09-19,01,quantile,0.15,77.28
2026-09-12,wk inc covid hosp,2,2026-09-26,01,quantile,0.15,70.03
2026-09-12,wk inc covid hosp,3,2026-10-03,01,quantile,0.15,62.56
2026-09-12,wk inc covid hosp,-1,2026-09-05,01,quantile,0.2,83.61
2026-09-12,wk inc covid hosp,0,2026-09-12,01,quantile,0.2,83.52
2026-09-12,wk inc covid hosp,1,2026-09-19,01,quantile,0.2,79.86
2026-09-12,wk inc covid hosp,2,2026-09-26,01,quantile,0.2,72.88
2026-09-12,wk inc covid hosp,3,2026-10-03,01,quantile,0.2,65.5
2026-09-12,wk inc covid hosp,-1,2026-09-05,01,quantile,0.25,84.83
2026-09-12,wk inc covid hosp,0,2026-09-12,01,quantile,0.25,85.29
2026-09-12,wk inc covid hosp,1,2026-09-19,01,quantile,0.25,82.12
2026-09-12,wk inc covid hosp,2,2026-09-26,01,quantile,0.25,75.41
2026-09-12,wk inc covid hosp,3,2026-10-03,01,quantile,0.25,68.11
2026-09-12,wk inc covid hosp,-1,2026-09-05,01,quantile,0.3,85.94
2026-09-12,wk inc covid hosp,0,2026-09-12,01,quantile,0.3,86.9
2026-09-12,wk inc covid hosp,1,2026-09-19,01,quantile,0.3,84.19
2026-09-12,wk inc covid hosp,2,2026-09-26,01,quantile,0.3,77.74
2026-09-12,wk inc covid hosp,3,2026-10-03,01,quantile,0.3,70.53
2026-09-12,wk inc covid hosp,-1,2026-09-05,01,quantile,0.35,86.98
2026-09-12,wk inc covid hosp,0,2026-09-12,01,quantile,0.35,88.42
2026-09-12,wk inc covid hosp,1,2026-09-19,01,quantile,0.35,86.16
2026-09-12,wk inc covid hosp,2,2026-09-26,01,quantile,0.35,79.95
2026-09-12,wk inc covid hosp,3,2026-10-03,01,quantile,0.35,72.84
2026-09-12,wk inc covid hosp,-1,2026-09-05,01,quantile,0.4,87.97
2026-09-12,wk inc covid hosp,0,2026-09-12,01,quantile,0.4,89.88
2026-09-12,wk inc covid hosp,1,2026-09-19,01,quantile,0.4,88.06
2026-09-12,wk inc covid hosp,2,2026-09-26,01,quantile,0.4,82.1
2026-09-12,wk inc covid hosp,3,2026-10-03,01,quantile,0.4,75.08
2026-09-12,wk inc covid hosp,-1,2026-09-05,01,quantile,0.45,88.94
2026-09-12,wk inc covid hosp,0,2026-09-12,01,quantile,0.45,91.32
2026-09-12,wk inc covid hosp,1,2026-09-19,01,quantile,0.45,89.92
2026-09-12,wk inc covid hosp,2,2026-09-26,01,quantile,0.45,84.22
2026-09-12,wk inc covid hosp,3,2026-10-03,01,quantile,0.45,77.31
2026-09-12,wk inc covid hosp,-1,2026-09-05,01,quantile,0.5,89.91
2026-09-12,wk inc covid hosp,0,2026-09-12,01,quantile,0.5,92.75
2026-09-12,wk inc covid hosp,1,2026-09-19,01,quantile,0.5,91.8
2026-09-12,wk inc covid hosp,2,2026-09-26,01,quantile,0.5,86.36
2026-09-12,wk inc covid hosp,3,2026-10-03,01,quantile,0.5,79.56
2026-09-12,wk inc covid hosp,-1,2026-09-05,01,quantile,0.55,90.88
2026-09-12,wk inc covid hosp,0,2026-09-12,01,quantile,0.55,94.2
2026-09-12,wk inc covid hosp,1,2026-09-19,01,quantile,0.55,93.7
2026-09-12,wk inc covid hosp,2,2026-09-26,01,quantile,0.55,88.54
2026-09-12,wk inc covid hosp,3,2026-10-03,01,quantile,0.55,81.86
2026-09-12,wk inc covid hosp,-1,2026-09-05,01,quantile,0.6,91.88
2026-09-12,wk inc covid hosp,0,2026-09-12,01,quantile,0.6,95.69
2026-09-12,wk inc covid hosp,1,2026-09-19,01,quantile,0.6,95.67
2026-09-12,wk inc covid hosp,2,2026-09-26,01,quantile,0.6,90.8
2026-09-12,wk inc covid hosp,3,2026-10-03,01,quantile,0.6,84.26
2026-09-12,wk inc covid hosp,-1,2026-09-05,01,quantile,0.65,92.92
2026-09-12,wk inc covid hosp,0,2026-09-12,01,quantile,0.65,97.25
2026-09-12,wk inc covid hosp,1,2026-09-19,01,quantile,0.65,97.74
2026-09-12,wk inc covid hosp,2,2026-09-26,01,quantile,0.65,93.19
2026-09-12,wk inc covid hosp,3,2026-10-03,01,quantile,0.65,86.79
2026-09-12,wk inc covid hosp,-1,2026-09-05,01,quantile,0.7,94.03
2026-09-12,wk inc covid hosp,0,2026-09-12,01,quantile,0.7,98.92
2026-09-12,wk inc covid hosp,1,2026-09-19,01,quantile,0.7,99.96
2026-09-12,wk inc covid hosp,2,2026-09-26,01,quantile,0.7,95.76
2026-09-12,wk inc covid hosp,3,2026-10-03,01,quantile,0.7,89.53
2026-09-12,wk inc covid hosp,-1,2026-09-05,01,quantile,0.75,95.24
2026-09-12,wk inc covid hosp,0,2026-09-12,01,quantile,0.75,100.74
2026-09-12,wk inc covid hosp,1,2026-09-19,01,quantile,0.75,102.41
2026-09-12,wk inc covid hosp,2,2026-09-26,01,quantile,0.75,98.6
2026-09-12,wk inc covid hosp,3,2026-10-03,01,quantile,0.75,92.57
2026-09-12,wk inc covid hosp,-1,2026-09-05,01,quantile,0.8,96.6
2026-09-12,wk inc covid hosp,0,2026-09-12,01,quantile,0.8,102.81
2026-09-12,wk inc covid hosp,1,2026-09-19,01,quantile,0.8,105.19
2026-09-12,wk inc covid hosp,2,2026-09-26,01,quantile,0.8,101.85
2026-09-12,wk inc covid hosp,3,2026-10-03,01,quantile,0.8,96.06
2026-09-12,wk inc covid hosp,-1,2026-09-05,01,quantile,0.85,98.21
2026-09-12,wk inc covid hosp,0,2026-09-12,01,quantile,0.85,105.26
2026-09-12,wk inc covid hosp,1,2026-09-19,01,quantile,0.85,108.51
2026-09-12,wk inc covid hosp,2,2026-09-26,01,quantile,0.85,105.75
2026-09-12,wk inc covid hosp,3,2026-10-03,01,quantile,0.85,100.25
2026-09-12,wk inc covid hosp,-1,2026-09-05,01,quantile,0.9,100.26
2026-09-12,wk inc covid hosp,0,2026-09-12,01,quantile,0.9,108.42
2026-09-12,wk inc covid hosp,1,2026-09-19,01,quantile,0.9,112.81
2026-09-12,wk inc covid hosp,2,2026-09-26,01,quantile,0.9,110.83
2026-09-12,wk inc covid hosp,3,2026-10-03,01,quantile,0.9,105.75
2026-09-12,wk inc covid hosp,-1,2026-09-05,01,quantile,0.95,103.37
2026-09-12,wk inc covid hosp,0,2026-09-12,01,quantile,0.95,113.25
2026-09-12,wk inc covid hosp,1,2026-09-19,01,quantile,0.95,119.45
2026-09-12,wk inc covid hosp,2,2026-09-26,01,quantile,0.95,118.73
2026-09-12,wk inc covid hosp,3,2026-10-03,01,quantile,0.95,114.36
2026-09-12,wk inc covid hosp,-1,2026-09-05,01,quantile,0.975,106.13
2026-09-12,wk inc covid hosp,0,2026-09-12,01,quantile,0.975,117.57
2026-09-12,wk inc covid hosp,1,2026-09-19,01,quantile,0.975,125.47
2026-09-12,wk inc covid hosp,2,2026-09-26,01,quantile,0.975,125.95
2026-09-12,wk inc covid hosp,3,2026-10-03,01,quantile,0.975,122.28
2026-09-12,wk inc covid hosp,-1,2026-09-05,01,quantile,0.99,109.41
2026-09-12,wk inc covid hosp,0,2026-09-12,01,quantile,0.99,122.77
2026-09-12,wk inc covid hosp,1,2026-09-19,01,quantile,0.99,132.78
2026-09-12,wk inc covid hosp,2,2026-09-26,01,quantile,0.99,134.81
2026-09-12,wk inc covid hosp,3,2026-10-03,01,quantile,0.99,132.07
2026-09-12,wk inc covid hosp,-1,2026-09-05,02,quantile,0.01,3.33
2026-09-12,wk inc covid hosp,0,2026-09-12,02,quantile,0.01,3.13
2026-09-12,wk inc covid hosp,1,2026-09-19,02,quantile,0.01,2.85
2026-09-12,wk inc covid hosp,2,2026-09-26,02,quantile,0.01,2.51
2026-09-12,wk inc covid hosp,3,2026-10-03,02,quantile,0.01,2.0
2026-09-12,wk inc covid hosp,-1,2026-09-05,02,quantile,0.025,3.44
2026-09-12,wk inc covid hosp,0,2026-09-12,02,quantile,0.025,3.28
2026-09-12,wk inc covid hosp,1,2026-09-19,02,quantile,0.025,3.03
2026-09-12,wk inc covid hosp,2,2026-09-26,02,quantile,0.025,2.71
2026-09-12,wk inc covid hosp,3,2026-10-03,02,quantile,0.025,2.19
2026-09-12,wk inc covid hosp,-1,2026-09-05,02,quantile,0.05,3.54
2026-09-12,wk inc covid hosp,0,2026-09-12,02,quantile,0.05,3.42
2026-09-12,wk inc covid hosp,1,2026-09-19,02,quantile,0.05,3.2
2026-09-12,wk inc covid hosp,2,2026-09-26,02,quantile,0.05,2.9
2026-09-12,wk inc covid hosp,3,2026-10-03,02,quantile,0.05,2.38
2026-09-12,wk inc covid hosp,-1,2026-09-05,02,quantile,0.1,3.66
2026-09-12,wk inc covid hosp,0,2026-09-12,02,quantile,0.1,3.58
2026-09-12,wk inc covid hosp,1,2026-09-19,02,quantile,0.1,3.4
2026-09-12,wk inc covid hosp,2,2026-09-26,02,quantile,0.1,3.12
2026-09-12,wk inc covid hosp,3,2026-10-03,02,quantile,0.1,2.6
2026-09-12,wk inc covid hosp,-1,2026-09-05,02,quantile,0.15,3.74
2026-09-12,wk inc covid hosp,0,2026-09-12,02,quantile,0.15,3.7
2026-09-12,wk inc covid hosp,1,2026-09-19,02,quantile,0.15,3.55
2026-09-12,wk inc covid hosp,2,2026-09-26,02,quantile,0.15,3.28
2026-09-12,wk inc covid hosp,3,2026-10-03,02,quantile,0.15,2.76
2026-09-12,wk inc covid hosp,-1,2026-09-05,02,quantile,0.2,3.8
2026-09-12,wk inc covid hosp,0,2026-09-12,02,quantile,0.2,3.79
2026-09-12,wk inc covid hosp,1,2026-09-19,02,quantile,0.2,3.66
2026-09-12,wk inc covid hosp,2,2026-09-26,02,quantile,0.2,3.41
2026-09-12,wk inc covid hosp,3,2026-10-03,02,quantile,0.2,2.9
2026-09-12,wk inc covid hosp,-1,2026-09-05,02,quantile,0.25,3.86
2026-09-12,wk inc covid hosp,0,2026-09-12,02,quantile,0.25,3.87
2026-09-12,wk inc covid hosp,1,2026-09-19,02,quantile,0.25,3.77
2026-09-12,wk inc covid hosp,2,2026-09-26,02,quantile,0.25,3.53
2026-09-12,wk inc covid hosp,3,2026-10-03,02,quantile,0.25,3.02
2026-09-12,wk inc covid hosp,-1,2026-09-05,02,quantile,0.3,3.91
2026-09-12,wk inc covid hosp,0,2026-09-12,02,quantile,0.3,3.95
2026-09-12,wk inc covid hosp,1,2026-09-19,02,quantile,0.3,3.86
2026-09-12,wk inc covid hosp,2,2026-09-26,02,quantile,0.3,3.63
2026-09-12,wk inc covid hosp,3,2026-10-03,02,quantile,0.3,3.13
2026-09-12,wk inc covid hosp,-1,2026-09-05,02,quantile,0.35,3.96
2026-09-12,wk inc covid hosp,0,2026-09-12,02,quantile,0.35,4.02
2026-09-12,wk inc covid hosp,1,2026-09-19,02,quantile,0.35,3.95
2026-09-12,wk inc covid hosp,2,2026-09-26,02,quantile,0.35,3.73
2026-09-12,wk inc covid hosp,3,2026-10-03,02,quantile,0.35,3.23
2026-09-12,wk inc covid hosp,-1,2026-09-05,02,quantile,0.4,4.0
2026-09-12,wk inc covid hosp,0,2026-09-12,02,quantile,0.4,4.08
2026-09-12,wk inc covid hosp,1,2026-09-19,02,quantile,0.4,4.04
2026-09-12,wk inc covid hosp,2,2026-09-26,02,quantile,0.4,3.83
2026-09-12,wk inc covid hosp,3,2026-10-03,02,quantile,0.4,3.34
2026-09-12,wk inc covid hosp,-1,2026-09-05,02,quantile,0.45,4.05
2026-09-12,wk inc covid hosp,0,2026-09-12,02,quantile,0.45,4.15
2026-09-12,wk inc covid hosp,1,2026-09-19,02,quantile,0.45,4.12
2026-09-12,wk inc covid hosp,2,2026-09-26,02,quantile,0.45,3.93
2026-09-12,wk inc covid hosp,3,2026-10-03,02,quantile,0.45,3.44
2026-09-12,wk inc covid hosp,-1,2026-09-05,02,quantile,0.5,4.09
2026-09-12,wk inc covid hosp,0,2026-09-12,02,quantile,0.5,4.22
2026-09-12,wk inc covid hosp,1,2026-09-19,02,quantile,0.5,4.21
2026-09-12,wk inc covid hosp,2,2026-09-26,02,quantile,0.5,4.03
2026-09-12,wk inc covid hosp,3,2026-10-03,02,quantile,0.5,3.54
2026-09-12,wk inc covid hosp,-1,2026-09-05,02,quantile,0.55,4.14
2026-09-12,wk inc covid hosp,0,2026-09-12,02,quantile,0.55,4.28
2026-09-12,wk inc covid hosp,1,2026-09-19,02,quantile,0.55,4.29
2026-09-12,wk inc covid hosp,2,2026-09-26,02,quantile,0.55,4.13
2026-09-12,wk inc covid hosp,3,2026-10-03,02,quantile,0.55,3.65
2026-09-12,wk inc covid hosp,-1,2026-09-05,02,quantile,0.6,4.18
2026-09-12,wk inc covid hosp,0,2026-09-12,02,quantile,0.6,4.35
2026-09-12,wk inc covid hosp,1,2026-09-19,02,quantile,0.6,4.38
2026-09-12,wk inc covid hosp,2,2026-09-26,02,quantile,0.6,4.23
2026-09-12,wk inc covid hosp,3,2026-10-03,02,quantile,0.6,3.76
2026-09-12,wk inc covid hosp,-1,2026-09-05,02,quantile,0.65,4.23
2026-09-12,wk inc covid hosp,0,2026-09-12,02,quantile,0.65,4.42
2026-09-12,wk inc covid hosp,1,2026-09-19,02,quantile,0.65,4.48
2026-09-12,wk inc covid hosp,2,2026-09-26,02,quantile,0.65,4.34
2026-09-12,wk inc covid hosp,3,2026-10-03,02,quantile,0.65,3.88
2026-09-12,wk inc covid hosp,-1,2026-09-05,02,quantile,0.7,4.28
2026-09-12,wk inc covid hosp,0,2026-09-12,02,quantile,0.7,4.5
2026-09-12,wk inc covid hosp,1,2026-09-19,02,quantile,0.7,4.58
2026-09-12,wk inc covid hosp,2,2026-09-26,02,quantile,0.7,4.45
2026-09-12,wk inc covid hosp,3,2026-10-03,02,quantile,0.7,4.0
2026-09-12,wk inc covid hosp,-1,2026-09-05,02,quantile,0.75,4.34
2026-09-12,wk inc covid hosp,0,2026-09-12,02,quantile,0.75,4.58
2026-09-12,wk inc covid hosp,1,2026-09-19,02,quantile,0.75,4.69
2026-09-12,wk inc covid hosp,2,2026-09-26,02,quantile,0.75,4.58
2026-09-12,wk inc covid hosp,3,2026-10-03,02,quantile,0.75,4.14
2026-09-12,wk inc covid hosp,-1,2026-09-05,02,quantile,0.8,4.4
2026-09-12,wk inc covid hosp,0,2026-09-12,02,quantile,0.8,4.68
2026-09-12,wk inc covid hosp,1,2026-09-19,02,quantile,0.8,4.82
2026-09-12,wk inc covid hosp,2,2026-09-26,02,quantile,0.8,4.73
2026-09-12,wk inc covid hosp,3,2026-10-03,02,quantile,0.8,4.3
2026-09-12,wk inc covid hosp,-1,2026-09-05,02,quantile,0.85,4.48
2026-09-12,wk inc covid hosp,0,2026-09-12,02,quantile,0.85,4.79
2026-09-12,wk inc covid hosp,1,2026-09-19,02,quantile,0.85,4.97
2026-09-12,wk inc covid hosp,2,2026-09-26,02,quantile,0.85,4.91
2026-09-12,wk inc covid hosp,3,2026-10-03,02,quantile,0.85,4.5
2026-09-12,wk inc covid hosp,-1,2026-09-05,02,quantile,0.9,4.57
2026-09-12,wk inc covid hosp,0,2026-09-12,02,quantile,0.9,4.94
2026-09-12,wk inc covid hosp,1,2026-09-19,02,quantile,0.9,5.16
2026-09-12,wk inc covid hosp,2,2026-09-26,02,quantile,0.9,5.14
2026-09-12,wk inc covid hosp,3,2026-10-03,02,quantile,0.9,4.75
2026-09-12,wk inc covid hosp,-1,2026-09-05,02,quantile,0.95,4.71
2026-09-12,wk inc covid hosp,0,2026-09-12,02,quantile,0.95,5.16
2026-09-12,wk inc covid hosp,1,2026-09-19,02,quantile,0.95,5.46
2026-09-12,wk inc covid hosp,2,2026-09-26,02,quantile,0.95,5.5
2026-09-12,wk inc covid hosp,3,2026-10-03,02,quantile,0.95,5.15
2026-09-12,wk inc covid hosp,-1,2026-09-05,02,quantile,0.975,4.84
2026-09-12,wk inc covid hosp,0,2026-09-12,02,quantile,0.975,5.36
2026-09-12,wk inc covid hosp,1,2026-09-19,02,quantile,0.975,5.74
2026-09-12,wk inc covid hosp,2,2026-09-26,02,quantile,0.975,5.83
2026-09-12,wk inc covid hosp,3,2026-10-03,02,quantile,0.975,5.52
2026-09-12,wk inc covid hosp,-1,2026-09-05,02,quantile,0.99,4.99
2026-09-12,wk inc covid hosp,0,2026-09-12,02,quantile,0.99,5.6
2026-09-12,wk inc covid hosp,1,2026-09-19,02,quantile,0.99,6.07
2026-09-12,wk inc covid hosp,2,2026-09-26,02,quantile,0.99,6.23
2026-09-12,wk inc covid hosp,3,2026-10-03,02,quantile,0.99,5.98
2026-09-12,wk inc covid hosp,-1,2026-09-05,04,quantile,0.01,77.34
2026-09-12,wk inc covid hosp,0,2026-09-12,04,quantile,0.01,71.81
2026-09-12,wk inc covid hosp,1,2026-09-19,04,quantile,0.01,63.15
2026-09-12,wk inc covid hosp,2,2026-09-26,04,quantile,0.01,53.22
2026-09-12,wk inc covid hosp,3,2026-10-03,04,quantile,0.01,44.74
2026-09-12,wk inc covid hosp,-1,2026-09-05,04,quantile,0.025,79.06
2026-09-12,wk inc covid hosp,0,2026-09-12,04,quantile,0.025,74.26
2026-09-12,wk inc covid hosp,1,2026-09-19,04,quantile,0.025,66.15
2026-09-12,wk inc covid hosp,2,2026-09-26,04,quantile,0.025,56.46
2026-09-12,wk inc covid hosp,3,2026-10-03,04,quantile,0.025,47.98
2026-09-12,wk inc covid hosp,-1,2026-09-05,04,quantile,0.05,80.56
2026-09-12,wk inc covid hosp,0,2026-09-12,04,quantile,0.05,76.42
2026-09-12,wk inc covid hosp,1,2026-09-19,04,quantile,0.05,68.83
2026-09-12,wk inc covid hosp,2,2026-09-26,04,quantile,0.05,59.37
2026-09-12,wk inc covid hosp,3,2026-10-03,04,quantile,0.05,50.92
2026-09-12,wk inc covid hosp,-1,2026-09-05,04,quantile,0.1,82.32
2026-09-12,wk inc covid hosp,0,2026-09-12,04,quantile,0.1,78.99
2026-09-12,wk inc covid hosp,1,2026-09-19,04,quantile,0.1,72.03
2026-09-12,wk inc covid hosp,2,2026-09-26,04,quantile,0.1,62.88
2026-09-12,wk inc covid hosp,3,2026-10-03,04,quantile,0.1,54.49
2026-09-12,wk inc covid hosp,-1,2026-09-05,04,quantile,0.15,83.53
2026-09-12,wk inc covid hosp,0,2026-09-12,04,quantile,0.15,80.75
2026-09-12,wk inc covid hosp,1,2026-09-19,04,quantile,0.15,74.26
2026-09-12,wk inc covid hosp,2,2026-09-26,04,quantile,0.15,65.35
2026-09-12,wk inc covid hosp,3,2026-10-03,04,quantile,0.15,57.02
2026-09-12,wk inc covid hosp,-1,2026-09-05,04,quantile,0.2,84.49
2026-09-12,wk inc covid hosp,0,2026-09-12,04,quantile,0.2,82.18
2026-09-12,wk inc covid hosp,1,2026-09-19,04,quantile,0.2,76.07
2026-09-12,wk inc covid hosp,2,2026-09-26,04,quantile,0.2,67.37
2026-09-12,wk inc covid hosp,3,2026-10-03,04,quantile,0.2,59.09
2026-09-12,wk inc covid hosp,-1,2026-09-05,04,quantile,0.25,85.33
2026-09-12,wk inc covid hosp,0,2026-09-12,04,quantile,0.25,83.43
2026-09-12,wk inc covid hosp,1,2026-09-19,04,quantile,0.25,77.65
2026-09-12,wk inc covid hosp,2,2026-09-26,04,quantile,0.25,69.14
2026-09-12,wk inc covid hosp,3,2026-10-03,04,quantile,0.25,60.93
2026-09-12,wk inc covid hosp,-1,2026-09-05,04,quantile,0.3,86.09
2026-09-12,wk inc covid hosp,0,2026-09-12,04,quantile,0.3,84.55
2026-09-12,wk inc covid hosp,1,2026-09-19,04,quantile,0.3,79.09
2026-09-12,wk inc covid hosp,2,2026-09-26,04,quantile,0.3,70.76
2026-09-12,wk inc covid hosp,3,2026-10-03,04,quantile,0.3,62.61
2026-09-12,wk inc covid hosp,-1,2026-09-05,04,quantile,0.35,86.8
2026-09-12,wk inc covid hosp,0,2026-09-12,04,quantile,0.35,85.61
2026-09-12,wk inc covid hosp,1,2026-09-19,04,quantile,0.35,80.45
2026-09-12,wk inc covid hosp,2,2026-09-26,04,quantile,0.35,72.3
2026-09-12,wk inc covid hosp,3,2026-10-03,04,quantile,0.35,64.21
2026-09-12,wk inc covid hosp,-1,2026-09-05,04,quantile,0.4,87.48
2026-09-12,wk inc covid hosp,0,2026-09-12,04,quantile,0.4,86.63
2026-09-12,wk inc covid hosp,1,2026-09-19,04,quantile,0.4,81.76
2026-09-12,wk inc covid hosp,2,2026-09-26,04,quantile,0.4,73.78
2026-09-12,wk inc covid hosp,3,2026-10-03,04,quantile,0.4,65.76
2026-09-12,wk inc covid hosp,-1,2026-09-05,04,quantile,0.45,88.13
2026-09-12,wk inc covid hosp,0,2026-09-12,04,quantile,0.45,87.62
2026-09-12,wk inc covid hosp,1,2026-09-19,04,quantile,0.45,83.04
2026-09-12,wk inc covid hosp,2,2026-09-26,04,quantile,0.45,75.23
2026-09-12,wk inc covid hosp,3,2026-10-03,04,quantile,0.45,67.28
2026-09-12,wk inc covid hosp,-1,2026-09-05,04,quantile,0.5,88.79
2026-09-12,wk inc covid hosp,0,2026-09-12,04,quantile,0.5,88.6
2026-09-12,wk inc covid hosp,1,2026-09-19,04,quantile,0.5,84.32
2026-09-12,wk inc covid hosp,2,2026-09-26,04,quantile,0.5,76.69
2026-09-12,wk inc covid hosp,3,2026-10-03,04,quantile,0.5,68.81
2026-09-12,wk inc covid hosp,-1,2026-09-05,04,quantile,0.55,89.44
2026-09-12,wk inc covid hosp,0,2026-09-12,04,quantile,0.55,89.59
2026-09-12,wk inc covid hosp,1,2026-09-19,04,quantile,0.55,85.61
2026-09-12,wk inc covid hosp,2,2026-09-26,04,quantile,0.55,78.17
2026-09-12,wk inc covid hosp,3,2026-10-03,04,quantile,0.55,70.37
2026-09-12,wk inc covid hosp,-1,2026-09-05,04,quantile,0.6,90.11
2026-09-12,wk inc covid hosp,0,2026-09-12,04,quantile,0.6,90.61
2026-09-12,wk inc covid hosp,1,2026-09-19,04,quantile,0.6,86.94
2026-09-12,wk inc covid hosp,2,2026-09-26,04,quantile,0.6,79.7
2026-09-12,wk inc covid hosp,3,2026-10-03,04,quantile,0.6,71.99
2026-09-12,wk inc covid hosp,-1,2026-09-05,04,quantile,0.65,90.81
2026-09-12,wk inc covid hosp,0,2026-09-12,04,quantile,0.65,91.68
2026-09-12,wk inc covid hosp,1,2026-09-19,04,quantile,0.65,88.34
2026-09-12,wk inc covid hosp,2,2026-09-26,04,quantile,0.65,81.31
2026-09-12,wk inc covid hosp,3,2026-10-03,04,quantile,0.65,73.69
2026-09-12,wk inc covid hosp,-1,2026-09-05,04,quantile,0.7,91.55
2026-09-12,wk inc covid hosp,0,2026-09-12,04,quantile,0.7,92.81
2026-09-12,wk inc covid hosp,1,2026-09-19,04,quantile,0.7,89.82
2026-09-12,wk inc covid hosp,2,2026-09-26,04,quantile,0.7,83.03
2026-09-12,wk inc covid hosp,3,2026-10-03,04,quantile,0.7,75.52
2026-09-12,wk inc covid hosp,-1,2026-09-05,04,quantile,0.75,92.36
2026-09-12,wk inc covid hosp,0,2026-09-12,04,quantile,0.75,94.04
2026-09-12,wk inc covid hosp,1,2026-09-19,04,quantile,0.75,91.46
2026-09-12,wk inc covid hosp,2,2026-09-26,04,quantile,0.75,84.92
2026-09-12,wk inc covid hosp,3,2026-10-03,04,quantile,0.75,77.53
2026-09-12,wk inc covid hosp,-1,2026-09-05,04,quantile,0.8,93.26
2026-09-12,wk inc covid hosp,0,2026-09-12,04,quantile,0.8,95.43
2026-09-12,wk inc covid hosp,1,2026-09-19,04,quantile,0.8,93.3
2026-09-12,wk inc covid hosp,2,2026-09-26,04,quantile,0.8,87.07
2026-09-12,wk inc covid hosp,3,2026-10-03,04,quantile,0.8,79.83
2026-09-12,wk inc covid hosp,-1,2026-09-05,04,quantile,0.85,94.32
2026-09-12,wk inc covid hosp,0,2026-09-12,04,quantile,0.85,97.07
2026-09-12,wk inc covid hosp,1,2026-09-19,04,quantile,0.85,95.49
2026-09-12,wk inc covid hosp,2,2026-09-26,04,quantile,0.85,89.63
2026-09-12,wk inc covid hosp,3,2026-10-03,04,quantile,0.85,82.58
2026-09-12,wk inc covid hosp,-1,2026-09-05,04,quantile,0.9,95.67
2026-09-12,wk inc covid hosp,0,2026-09-12,04,quantile,0.9,99.17
2026-09-12,wk inc covid hosp,1,2026-09-19,04,quantile,0.9,98.3
2026-09-12,wk inc covid hosp,2,2026-09-26,04,quantile,0.9,92.94
2026-09-12,wk inc covid hosp,3,2026-10-03,04,quantile,0.9,86.15
2026-09-12,wk inc covid hosp,-1,2026-09-05,04,quantile,0.95,97.7
2026-09-12,wk inc covid hosp,0,2026-09-12,04,quantile,0.95,102.35
2026-09-12,wk inc covid hosp,1,2026-09-19,04,quantile,0.95,102.6
2026-09-12,wk inc covid hosp,2,2026-09-26,04,quantile,0.95,98.03
2026-09-12,wk inc covid hosp,3,2026-10-03,04,quantile,0.95,91.67
2026-09-12,wk inc covid hosp,-1,2026-09-05,04,quantile,0.975,99.49
2026-09-12,wk inc covid hosp,0,2026-09-12,04,quantile,0.975,105.18
2026-09-12,wk inc covid hosp,1,2026-09-19,04,quantile,0.975,106.46
2026-09-12,wk inc covid hosp,2,2026-09-26,04,quantile,0.975,102.64
2026-09-12,wk inc covid hosp,3,2026-10-03,04,quantile,0.975,96.7
2026-09-12,wk inc covid hosp,-1,2026-09-05,04,quantile,0.99,101.61
2026-09-12,wk inc covid hosp,0,2026-09-12,04,quantile,0.99,108.55
2026-09-12,wk inc covid hosp,1,2026-09-19,04,quantile,0.99,111.09
2026-09-12,wk inc covid hosp,2,2026-09-26,04,quantile,0.99,108.22
2026-09-12,wk inc covid hosp,3,2026-10-03,04,quantile,0.99,102.83
2026-09-12,wk inc covid hosp,-1,2026-09-05,05,quantile,0.01,6.91
2026-09-12,wk inc covid hosp,0,2026-09-12,05,quantile,0.01,6.24
2026-09-12,wk inc covid hosp,1,2026-09-19,05,quantile,0.01,5.3
2026-09-12,wk inc covid hosp,2,2026-09-26,05,quantile,0.01,4.23
2026-09-12,wk inc covid hosp,3,2026-10-03,05,quantile,0.01,3.09
2026-09-12,wk inc covid hosp,-1,2026-09-05,05,quantile,0.025,7.25
2026-09-12,wk inc covid hosp,0,2026-09-12,05,quantile,0.025,6.71
2026-09-12,wk inc covid hosp,1,2026-09-19,05,quantile,0.025,5.83
2026-09-12,wk inc covid hosp,2,2026-09-26,05,quantile,0.025,4.77
2026-09-12,wk inc covid hosp,3,2026-10-03,05,quantile,0.025,3.58
2026-09-12,wk inc covid hosp,-1,2026-09-05,05,quantile,0.05,7.56
2026-09-12,wk inc covid hosp,0,2026-09-12,05,quantile,0.05,7.13
2026-09-12,wk inc covid hosp,1,2026-09-19,05,quantile,0.05,6.32
2026-09-12,wk inc covid hosp,2,2026-09-26,05,quantile,0.05,5.28
2026-09-12,wk inc covid hosp,3,2026-10-03,05,quantile,0.05,4.05
2026-09-12,wk inc covid hosp,-1,2026-09-05,05,quantile,0.1,7.92
2026-09-12,wk inc covid hosp,0,2026-09-12,05,quantile,0.1,7.65
2026-09-12,wk inc covid hosp,1,2026-09-19,05,quantile,0.1,6.94
2026-09-12,wk inc covid hosp,2,2026-09-26,05,quantile,0.1,5.93
2026-09-12,wk inc covid hosp,3,2026-10-03,05,quantile,0.1,4.65
2026-09-12,wk inc covid hosp,-1,2026-09-05,05,quantile,0.15,8.17
2026-09-12,wk inc covid hosp,0,2026-09-12,05,quantile,0.15,8.01
2026-09-12,wk inc covid hosp,1,2026-09-19,05,quantile,0.15,7.38
2026-09-12,wk inc covid hosp,2,2026-09-26,05,quantile,0.15,6.4
2026-09-12,wk inc covid hosp,3,2026-10-03,05,quantile,0.15,5.1
2026-09-12,wk inc covid hosp,-1,2026-09-05,05,quantile,0.2,8.38
2026-09-12,wk inc covid hosp,0,2026-09-12,05,quantile,0.2,8.31
2026-09-12,wk inc covid hosp,1,2026-09-19,05,quantile,0.2,7.74
2026-09-12,wk inc covid hosp,2,2026-09-26,05,quantile,0.2,6.8
2026-09-12,wk inc covid hosp,3,2026-10-03,05,quantile,0.2,5.48
2026-09-12,wk inc covid hosp,-1,2026-09-05,05,quantile,0.25,8.56
2026-09-12,wk inc covid hosp,0,2026-09-12,05,quantile,0.25,8.57
2026-09-12,wk inc covid hosp,1,2026-09-19,05,quantile,0.25,8.07
2026-09-12,wk inc covid hosp,2,2026-09-26,05,quantile,0.25,7.16
2026-09-12,wk inc covid hosp,3,2026-10-03,05,quantile,0.25,5.83
2026-09-12,wk inc covid hosp,-1,2026-09-05,05,quantile,0.3,8.72
2026-09-12,wk inc covid hosp,0,2026-09-12,05,quantile,0.3,8.82
2026-09-12,wk inc covid hosp,1,2026-09-19,05,quantile,0.3,8.37
2026-09-12,wk inc covid hosp,2,2026-09-26,05,quantile,0.3,7.5
2026-09-12,wk inc covid hosp,3,2026-10-03,05,quantile,0.3,6.16
2026-09-12,wk inc covid hosp,-1,2026-09-05,05,quantile,0.35,8.88
2026-09-12,wk inc covid hosp,0,2026-09-12,05,quantile,0.35,9.05
2026-09-12,wk inc covid hosp,1,2026-09-19,05,quantile,0.35,8.66
2026-09-12,wk inc covid hosp,2,2026-09-26,05,quantile,0.35,7.82
2026-09-12,wk inc covid hosp,3,2026-10-03,05,quantile,0.35,6.47
2026-09-12,wk inc covid hosp,-1,2026-09-05,05,quantile,0.4,9.03
2026-09-12,wk inc covid hosp,0,2026-09-12,05,quantile,0.4,9.27
2026-09-12,wk inc covid hosp,1,2026-09-19,05,quantile,0.4,8.95
2026-09-12,wk inc covid hosp,2,2026-09-26,05,quantile,0.4,8.14
2026-09-12,wk inc covid hosp,3,2026-10-03,05,quantile,0.4,6.78
2026-09-12,wk inc covid hosp,-1,2026-09-05,05,quantile,0.45,9.18
2026-09-12,wk inc covid hosp,0,2026-09-12,05,quantile,0.45,9.49
2026-09-12,wk inc covid hosp,1,2026-09-19,05,quantile,0.45,9.23
2026-09-12,wk inc covid hosp,2,2026-09-26,05,quantile,0.45,8.45
2026-09-12,wk inc covid hosp,3,2026-10-03,05,quantile,0.45,7.1
2026-09-12,wk inc covid hosp,-1,2026-09-05,05,quantile,0.5,9.32
2026-09-12,wk inc covid hosp,0,2026-09-12,05,quantile,0.5,9.72
2026-09-12,wk inc covid hosp,1,2026-09-19,05,quantile,0.5,9.51
2026-09-12,wk inc covid hosp,2,2026-09-26,05,quantile,0.5,8.78
2026-09-12,wk inc covid hosp,3,2026-10-03,05,quantile,0.5,7.42
2026-09-12,wk inc covid hosp,-1,2026-09-05,05,quantile,0.55,9.47
2026-09-12,wk inc covid hosp,0,2026-09-12,05,quantile,0.55,9.94
2026-09-12,wk inc covid hosp,1,2026-09-19,05,quantile,0.55,9.8
2026-09-12,wk inc covid hosp,2,2026-09-26,05,quantile,0.55,9.11
2026-09-12,wk inc covid hosp,3,2026-10-03,05,quantile,0.55,7.75
2026-09-12,wk inc covid hosp,-1,2026-09-05,05,quantile,0.6,9.62
2026-09-12,wk inc covid hosp,0,2026-09-12,05,quantile,0.6,10.18
2026-09-12,wk inc covid hosp,1,2026-09-19,05,quantile,0.6,10.1
2026-09-12,wk inc covid hosp,2,2026-09-26,05,quantile,0.6,9.46
2026-09-12,wk inc covid hosp,3,2026-10-03,05,quantile,0.6,8.1
2026-09-12,wk inc covid hosp,-1,2026-09-05,05,quantile,0.65,9.78
2026-09-12,wk inc covid hosp,0,2026-09-12,05,quantile,0.65,10.42
2026-09-12,wk inc covid hosp,1,2026-09-19,05,quantile,0.65,10.42
2026-09-12,wk inc covid hosp,2,2026-09-26,05,quantile,0.65,9.83
2026-09-12,wk inc covid hosp,3,2026-10-03,05,quantile,0.65,8.48
2026-09-12,wk inc covid hosp,-1,2026-09-05,05,quantile,0.7,9.95
2026-09-12,wk inc covid hosp,0,2026-09-12,05,quantile,0.7,10.69
2026-09-12,wk inc covid hosp,1,2026-09-19,05,quantile,0.7,10.77
2026-09-12,wk inc covid hosp,2,2026-09-26,05,quantile,0.7,10.23
2026-09-12,wk inc covid hosp,3,2026-10-03,05,quantile,0.7,8.89
2026-09-12,wk inc covid hosp,-1,2026-09-05,05,quantile,0.75,10.14
2026-09-12,wk inc covid hosp,0,2026-09-12,05,quantile,0.75,10.98
2026-09-12,wk inc covid hosp,1,2026-09-19,05,quantile,0.75,11.16
2026-09-12,wk inc covid hosp,2,2026-09-26,05,quantile,0.75,10.68
2026-09-12,wk inc covid hosp,3,2026-10-03,05,quantile,0.75,9.36
2026-09-12,wk inc covid hosp,-1,2026-09-05,05,quantile,0.8,10.35
2026-09-12,wk inc covid hosp,0,2026-09-12,05,quantile,0.8,11.31
2026-09-12,wk inc covid hosp,1,2026-09-19,05,quantile,0.8,11.6
2026-09-12,wk inc covid hosp,2,2026-09-26,05,quantile,0.8,11.21
2026-09-12,wk inc covid hosp,3,2026-10-03,05,quantile,0.8,9.9
2026-09-12,wk inc covid hosp,-1,2026-09-05,05,quantile,0.85,10.6
2026-09-12,wk inc covid hosp,0,2026-09-12,05,quantile,0.85,11.71
2026-09-12,wk inc covid hosp,1,2026-09-19,05,quantile,0.85,12.13
2026-09-12,wk inc covid hosp,2,2026-09-26,05,quantile,0.85,11.84
2026-09-12,wk inc covid hosp,3,2026-10-03,05,quantile,0.85,10.56
2026-09-12,wk inc covid hosp,-1,2026-09-05,05,quantile,0.9,10.92
2026-09-12,wk inc covid hosp,0,2026-09-12,05,quantile,0.9,12.23
2026-09-12,wk inc covid hosp,1,2026-09-19,05,quantile,0.9,12.83
2026-09-12,wk inc covid hosp,2,2026-09-26,05,quantile,0.9,12.68
2026-09-12,wk inc covid hosp,3,2026-10-03,05,quantile,0.9,11.44
2026-09-12,wk inc covid hosp,-1,2026-09-05,05,quantile,0.95,11.42
2026-09-12,wk inc covid hosp,0,2026-09-12,05,quantile,0.95,13.04
2026-09-12,wk inc covid hosp,1,2026-09-19,05,quantile,0.95,13.93
2026-09-12,wk inc covid hosp,2,2026-09-26,05,quantile,0.95,14.02
2026-09-12,wk inc covid hosp,3,2026-10-03,05,quantile,0.95,12.86
2026-09-12,wk inc covid hosp,-1,2026-09-05,05,quantile,0.975,11.86
2026-09-12,wk inc covid hosp,0,2026-09-12,05,quantile,0.975,13.77
2026-09-12,wk inc covid hosp,1,2026-09-19,05,quantile,0.975,14.95
2026-09-12,wk inc covid hosp,2,2026-09-26,05,quantile,0.975,15.27
2026-09-12,wk inc covid hosp,3,2026-10-03,05,quantile,0.975,14.21
2026-09-12,wk inc covid hosp,-1,2026-09-05,05,quantile,0.99,12.39
2026-09-12,wk inc covid hosp,0,2026-09-12,05,quantile,0.99,14.67
2026-09-12,wk inc covid hosp,1,2026-09-19,05,quantile,0.99,16.21
2026-09-12,wk inc covid hosp,2,2026-09-26,05,quantile,0.99,16.84
2026-09-12,wk inc covid hosp,3,2026-10-03,05,quantile,0.99,15.92
2026-09-12,wk inc covid hosp,-1,2026-09-05,06,quantile,0.01,488.03
2026-09-12,wk inc covid hosp,0,2026-09-12,06,quantile,0.01,429.5
2026-09-12,wk inc covid hosp,1,2026-09-19,06,quantile,0.01,361.74
2026-09-12,wk inc covid hosp,2,2026-09-26,06,quantile,0.01,309.2
2026-09-12,wk inc covid hosp,3,2026-10-03,06,quantile,0.01,248.48
2026-09-12,wk inc covid hosp,-1,2026-09-05,06,quantile,0.025,501.2
2026-09-12,wk inc covid hosp,0,2026-09-12,06,quantile,0.025,447.48
2026-09-12,wk inc covid hosp,1,2026-09-19,06,quantile,0.025,382.72
2026-09-12,wk inc covid hosp,2,2026-09-26,06,quantile,0.025,330.78
2026-09-12,wk inc covid hosp,3,2026-10-03,06,quantile,0.025,269.73
2026-09-12,wk inc covid hosp,-1,2026-09-05,06,quantile,0.05,512.76
2026-09-12,wk inc covid hosp,0,2026-09-12,06,quantile,0.05,463.45
2026-09-12,wk inc covid hosp,1,2026-09-19,06,quantile,0.05,401.57
2026-09-12,wk inc covid hosp,2,2026-09-26,06,quantile,0.05,350.34
2026-09-12,wk inc covid hosp,3,2026-10-03,06,quantile,0.05,289.2
2026-09-12,wk inc covid hosp,-1,2026-09-05,06,quantile,0.1,526.37
2026-09-12,wk inc covid hosp,0,2026-09-12,06,quantile,0.1,482.44
2026-09-12,wk inc covid hosp,1,2026-09-19,06,quantile,0.1,424.25
2026-09-12,wk inc covid hosp,2,2026-09-26,06,quantile,0.1,374.08
2026-09-12,wk inc covid hosp,3,2026-10-03,06,quantile,0.1,313.1
2026-09-12,wk inc covid hosp,-1,2026-09-05,06,quantile,0.15,535.72
2026-09-12,wk inc covid hosp,0,2026-09-12,06,quantile,0.15,495.62
2026-09-12,wk inc covid hosp,1,2026-09-19,06,quantile,0.15,440.16
2026-09-12,wk inc covid hosp,2,2026-09-26,06,quantile,0.15,390.85
2026-09-12,wk inc covid hosp,3,2026-10-03,06,quantile,0.15,330.15
2026-09-12,wk inc covid hosp,-1,2026-09-05,06,quantile,0.2,543.25
2026-09-12,wk inc covid hosp,0,2026-09-12,06,quantile,0.2,506.31
2026-09-12,wk inc covid hosp,1,2026-09-19,06,quantile,0.2,453.15
2026-09-12,wk inc covid hosp,2,2026-09-26,06,quantile,0.2,404.61
2026-09-12,wk inc covid hosp,3,2026-10-03,06,quantile,0.2,344.24
2026-09-12,wk inc covid hosp,-1,2026-09-05,06,quantile,0.25,549.78
2026-09-12,wk inc covid hosp,0,2026-09-12,06,quantile,0.25,515.63
2026-09-12,wk inc covid hosp,1,2026-09-19,06,quantile,0.25,464.55
2026-09-12,wk inc covid hosp,2,2026-09-26,06,quantile,0.25,416.75
2026-09-12,wk inc covid hosp,3,2026-10-03,06,quantile,0.25,356.73
2026-09-12,wk inc covid hosp,-1,2026-09-05,06,quantile,0.3,555.7
2026-09-12,wk inc covid hosp,0,2026-09-12,06,quantile,0.3,524.13
2026-09-12,wk inc covid hosp,1,2026-09-19,06,quantile,0.3,474.99
2026-09-12,wk inc covid hosp,2,2026-09-26,06,quantile,0.3,427.9
2026-09-12,wk inc covid hosp,3,2026-10-03,06,quantile,0.3,368.26
2026-09-12,wk inc covid hosp,-1,2026-09-05,06,quantile,0.35,561.24
2026-09-12,wk inc covid hosp,0,2026-09-12,06,quantile,0.35,532.1
2026-09-12,wk inc covid hosp,1,2026-09-19,06,quantile,0.35,484.84
2026-09-12,wk inc covid hosp,2,2026-09-26,06,quantile,0.35,438.46
2026-09-12,wk inc covid hosp,3,2026-10-03,06,quantile,0.35,379.22
2026-09-12,wk inc covid hosp,-1,2026-09-05,06,quantile,0.4,566.53
2026-09-12,wk inc covid hosp,0,2026-09-12,06,quantile,0.4,539.76
2026-09-12,wk inc covid hosp,1,2026-09-19,06,quantile,0.4,494.34
2026-09-12,wk inc covid hosp,2,2026-09-26,06,quantile,0.4,448.67
2026-09-12,wk inc covid hosp,3,2026-10-03,06,quantile,0.4,389.88
2026-09-12,wk inc covid hosp,-1,2026-09-05,06,quantile,0.45,571.69
2026-09-12,wk inc covid hosp,0,2026-09-12,06,quantile,0.45,547.26
2026-09-12,wk inc covid hosp,1,2026-09-19,06,quantile,0.45,503.68
2026-09-12,wk inc covid hosp,2,2026-09-26,06,quantile,0.45,458.75
2026-09-12,wk inc covid hosp,3,2026-10-03,06,quantile,0.45,400.43
2026-09-12,wk inc covid hosp,-1,2026-09-05,06,quantile,0.5,576.81
2026-09-12,wk inc covid hosp,0,2026-09-12,06,quantile,0.5,554.72
2026-09-12,wk inc covid hosp,1,2026-09-19,06,quantile,0.5,513.02
2026-09-12,wk inc covid hosp,2,2026-09-26,06,quantile,0.5,468.84
2026-09-12,wk inc covid hosp,3,2026-10-03,06,quantile,0.5,411.03
2026-09-12,wk inc covid hosp,-1,2026-09-05,06,quantile,0.55,581.96
2026-09-12,wk inc covid hosp,0,2026-09-12,06,quantile,0.55,562.27
2026-09-12,wk inc covid hosp,1,2026-09-19,06,quantile,0.55,522.5
2026-09-12,wk inc covid hosp,2,2026-09-26,06,quantile,0.55,479.13
2026-09-12,wk inc covid hosp,3,2026-10-03,06,quantile,0.55,421.88
2026-09-12,wk inc covid hosp,-1,2026-09-05,06,quantile,0.6,587.24
2026-09-12,wk inc covid hosp,0,2026-09-12,06,quantile,0.6,570.03
2026-09-12,wk inc covid hosp,1,2026-09-19,06,quantile,0.6,532.28
2026-09-12,wk inc covid hosp,2,2026-09-26,06,quantile,0.6,489.77
2026-09-12,wk inc covid hosp,3,2026-10-03,06,quantile,0.6,433.14
2026-09-12,wk inc covid hosp,-1,2026-09-05,06,quantile,0.65,592.73
2026-09-12,wk inc covid hosp,0,2026-09-12,06,quantile,0.65,578.14
2026-09-12,wk inc covid hosp,1,2026-09-19,06,quantile,0.65,542.55
2026-09-12,wk inc covid hosp,2,2026-09-26,06,quantile,0.65,500.97
2026-09-12,wk inc covid hosp,3,2026-10-03,06,quantile,0.65,445.04
2026-09-12,wk inc covid hosp,-1,2026-09-05,06,quantile,0.7,598.57
2026-09-12,wk inc covid hosp,0,2026-09-12,06,quantile,0.7,586.79
2026-09-12,wk inc covid hosp,1,2026-09-19,06,quantile,0.7,553.55
2026-09-12,wk inc covid hosp,2,2026-09-26,06,quantile,0.7,513.0
2026-09-12,wk inc covid hosp,3,2026-10-03,06,quantile,0.7,457.87
2026-09-12,wk inc covid hosp,-1,2026-09-05,06,quantile,0.75,604.93
2026-09-12,wk inc covid hosp,0,2026-09-12,06,quantile,0.75,596.25
2026-09-12,wk inc covid hosp,1,2026-09-19,06,quantile,0.75,565.63
2026-09-12,wk inc covid hosp,2,2026-09-26,06,quantile,0.75,526.26
2026-09-12,wk inc covid hosp,3,2026-10-03,06,quantile,0.75,472.07
2026-09-12,wk inc covid hosp,-1,2026-09-05,06,quantile,0.8,612.07
2026-09-12,wk inc covid hosp,0,2026-09-12,06,quantile,0.8,606.93
2026-09-12,wk inc covid hosp,1,2026-09-19,06,quantile,0.8,579.34
2026-09-12,wk inc covid hosp,2,2026-09-26,06,quantile,0.8,541.36
2026-09-12,wk inc covid hosp,3,2026-10-03,06,quantile,0.8,488.3
2026-09-12,wk inc covid hosp,-1,2026-09-05,06,quantile,0.85,620.48
2026-09-12,wk inc covid hosp,0,2026-09-12,06,quantile,0.85,619.58
2026-09-12,wk inc covid hosp,1,2026-09-19,06,quantile,0.85,595.67
2026-09-12,wk inc covid hosp,2,2026-09-26,06,quantile,0.85,559.41
2026-09-12,wk inc covid hosp,3,2026-10-03,06,quantile,0.85,507.81
2026-09-12,wk inc covid hosp,-1,2026-09-05,06,quantile,0.9,631.21
2026-09-12,wk inc covid hosp,0,2026-09-12,06,quantile,0.9,635.81
2026-09-12,wk inc covid hosp,1,2026-09-19,06,quantile,0.9,616.75
2026-09-12,wk inc covid hosp,2,2026-09-26,06,quantile,0.9,582.83
2026-09-12,wk inc covid hosp,3,2026-10-03,06,quantile,0.9,533.27
2026-09-12,wk inc covid hosp,-1,2026-09-05,06,quantile,0.95,647.38
2026-09-12,wk inc covid hosp,0,2026-09-12,06,quantile,0.95,660.51
2026-09-12,wk inc covid hosp,1,2026-09-19,06,quantile,0.95,649.14
2026-09-12,wk inc covid hosp,2,2026-09-26,06,quantile,0.95,619.03
2026-09-12,wk inc covid hosp,3,2026-10-03,06,quantile,0.95,572.95
2026-09-12,wk inc covid hosp,-1,2026-09-05,06,quantile,0.975,661.69
2026-09-12,wk inc covid hosp,0,2026-09-12,06,quantile,0.975,682.58
2026-09-12,wk inc covid hosp,1,2026-09-19,06,quantile,0.975,678.37
2026-09-12,wk inc covid hosp,2,2026-09-26,06,quantile,0.975,651.92
2026-09-12,wk inc covid hosp,3,2026-10-03,06,quantile,0.975,609.31
2026-09-12,wk inc covid hosp,-1,2026-09-05,06,quantile,0.99,678.65
2026-09-12,wk inc covid hosp,0,2026-09-12,06,quantile,0.99,709.0
2026-09-12,wk inc covid hosp,1,2026-09-19,06,quantile,0.99,713.71
2026-09-12,wk inc covid hosp,2,2026-09-26,06,quantile,0.99,691.98
2026-09-12,wk inc covid hosp,3,2026-10-03,06,quantile,0.99,653.98
2026-09-12,wk inc covid hosp,-1,2026-09-05,08,quantile,0.01,19.02
2026-09-12,wk inc covid hosp,0,2026-09-12,08,quantile,0.01,17.3
2026-09-12,wk inc covid hosp,1,2026-09-19,08,quantile,0.01,15.22
2026-09-12,wk inc covid hosp,2,2026-09-26,08,quantile,0.01,12.53
2026-09-12,wk inc covid hosp,3,2026-10-03,08,quantile,0.01,9.53
2026-09-12,wk inc covid hosp,-1,2026-09-05,08,quantile,0.025,19.68
2026-09-12,wk inc covid hosp,0,2026-09-12,08,quantile,0.025,18.19
2026-09-12,wk inc covid hosp,1,2026-09-19,08,quantile,0.025,16.28
2026-09-12,wk inc covid hosp,2,2026-09-26,08,quantile,0.025,13.63
2026-09-12,wk inc covid hosp,3,2026-10-03,08,quantile,0.025,10.56
2026-09-12,wk inc covid hosp,-1,2026-09-05,08,quantile,0.05,20.26
2026-09-12,wk inc covid hosp,0,2026-09-12,08,quantile,0.05,18.98
2026-09-12,wk inc covid hosp,1,2026-09-19,08,quantile,0.05,17.24
2026-09-12,wk inc covid hosp,2,2026-09-26,08,quantile,0.05,14.65
2026-09-12,wk inc covid hosp,3,2026-10-03,08,quantile,0.05,11.51
2026-09-12,wk inc covid hosp,-1,2026-09-05,08,quantile,0.1,20.94
2026-09-12,wk inc covid hosp,0,2026-09-12,08,quantile,0.1,19.93
2026-09-12,wk inc covid hosp,1,2026-09-19,08,quantile,0.1,18.41
2026-09-12,wk inc covid hosp,2,2026-09-26,08,quantile,0.1,15.9
2026-09-12,wk inc covid hosp,3,2026-10-03,08,quantile,0.1,12.7
2026-09-12,wk inc covid hosp,-1,2026-09-05,08,quantile,0.15,21.41
2026-09-12,wk inc covid hosp,0,2026-09-12,08,quantile,0.15,20.6
2026-09-12,wk inc covid hosp,1,2026-09-19,08,quantile,0.15,19.24
2026-09-12,wk inc covid hosp,2,2026-09-26,08,quantile,0.15,16.79
2026-09-12,wk inc covid hosp,3,2026-10-03,08,quantile,0.15,13.56
2026-09-12,wk inc covid hosp,-1,2026-09-05,08,quantile,0.2,21.79
2026-09-12,wk inc covid hosp,0,2026-09-12,08,quantile,0.2,21.14
2026-09-12,wk inc covid hosp,1,2026-09-19,08,quantile,0.2,19.91
2026-09-12,wk inc covid hosp,2,2026-09-26,08,quantile,0.2,17.53
2026-09-12,wk inc covid hosp,3,2026-10-03,08,quantile,0.2,14.28
2026-09-12,wk inc covid hosp,-1,2026-09-05,08,quantile,0.25,22.12
2026-09-12,wk inc covid hosp,0,2026-09-12,08,quantile,0.25,21.61
2026-09-12,wk inc covid hosp,1,2026-09-19,08,quantile,0.25,20.51
2026-09-12,wk inc covid hosp,2,2026-09-26,08,quantile,0.25,18.18
2026-09-12,wk inc covid hosp,3,2026-10-03,08,quantile,0.25,14.92
2026-09-12,wk inc covid hosp,-1,2026-09-05,08,quantile,0.3,22.42
2026-09-12,wk inc covid hosp,0,2026-09-12,08,quantile,0.3,22.05
2026-09-12,wk inc covid hosp,1,2026-09-19,08,quantile,0.3,21.06
2026-09-12,wk inc covid hosp,2,2026-09-26,08,quantile,0.3,18.78
2026-09-12,wk inc covid hosp,3,2026-10-03,08,quantile,0.3,15.51
2026-09-12,wk inc covid hosp,-1,2026-09-05,08,quantile,0.35,22.71
2026-09-12,wk inc covid hosp,0,2026-09-12,08,quantile,0.35,22.45
2026-09-12,wk inc covid hosp,1,2026-09-19,08,quantile,0.35,21.58
2026-09-12,wk inc covid hosp,2,2026-09-26,08,quantile,0.35,19.36
2026-09-12,wk inc covid hosp,3,2026-10-03,08,quantile,0.35,16.08
2026-09-12,wk inc covid hosp,-1,2026-09-05,08,quantile,0.4,22.98
2026-09-12,wk inc covid hosp,0,2026-09-12,08,quantile,0.4,22.85
2026-09-12,wk inc covid hosp,1,2026-09-19,08,quantile,0.4,22.08
2026-09-12,wk inc covid hosp,2,2026-09-26,08,quantile,0.4,19.92
2026-09-12,wk inc covid hosp,3,2026-10-03,08,quantile,0.4,16.64
2026-09-12,wk inc covid hosp,-1,2026-09-05,08,quantile,0.45,23.24
2026-09-12,wk inc covid hosp,0,2026-09-12,08,quantile,0.45,23.23
2026-09-12,wk inc covid hosp,1,2026-09-19,08,quantile,0.45,22.58
2026-09-12,wk inc covid hosp,2,2026-09-26,08,quantile,0.45,20.47
2026-09-12,wk inc covid hosp,3,2026-10-03,08,quantile,0.45,17.19
2026-09-12,wk inc covid hosp,-1,2026-09-05,08,quantile,0.5,23.5
2026-09-12,wk inc covid hosp,0,2026-09-12,08,quantile,0.5,23.62
2026-09-12,wk inc covid hosp,1,2026-09-19,08,quantile,0.5,23.07
2026-09-12,wk inc covid hosp,2,2026-09-26,08,quantile,0.5,21.03
2026-09-12,wk inc covid hosp,3,2026-10-03,08,quantile,0.5,17.75
2026-09-12,wk inc covid hosp,-1,2026-09-05,08,quantile,0.55,23.77
2026-09-12,wk inc covid hosp,0,2026-09-12,08,quantile,0.55,24.01
2026-09-12,wk inc covid hosp,1,2026-09-19,08,quantile,0.55,23.58
2026-09-12,wk inc covid hosp,2,2026-09-26,08,quantile,0.55,21.6
2026-09-12,wk inc covid hosp,3,2026-10-03,08,quantile,0.55,18.33
2026-09-12,wk inc covid hosp,-1,2026-09-05,08,quantile,0.6,24.04
2026-09-12,wk inc covid hosp,0,2026-09-12,08,quantile,0.6,24.41
2026-09-12,wk inc covid hosp,1,2026-09-19,08,quantile,0.6,24.1
2026-09-12,wk inc covid hosp,2,2026-09-26,08,quantile,0.6,22.2
2026-09-12,wk inc covid hosp,3,2026-10-03,08,quantile,0.6,18.93
2026-09-12,wk inc covid hosp,-1,2026-09-05,08,quantile,0.65,24.33
2026-09-12,wk inc covid hosp,0,2026-09-12,08,quantile,0.65,24.83
2026-09-12,wk inc covid hosp,1,2026-09-19,08,quantile,0.65,24.65
2026-09-12,wk inc covid hosp,2,2026-09-26,08,quantile,0.65,22.82
2026-09-12,wk inc covid hosp,3,2026-10-03,08,quantile,0.65,19.56
2026-09-12,wk inc covid hosp,-1,2026-09-05,08,quantile,0.7,24.63
2026-09-12,wk inc covid hosp,0,2026-09-12,08,quantile,0.7,25.28
2026-09-12,wk inc covid hosp,1,2026-09-19,08,quantile,0.7,25.25
2026-09-12,wk inc covid hosp,2,2026-09-26,08,quantile,0.7,23.5
2026-09-12,wk inc covid hosp,3,2026-10-03,08,quantile,0.7,20.25
2026-09-12,wk inc covid hosp,-1,2026-09-05,08,quantile,0.75,24.96
2026-09-12,wk inc covid hosp,0,2026-09-12,08,quantile,0.75,25.77
2026-09-12,wk inc covid hosp,1,2026-09-19,08,quantile,0.75,25.9
2026-09-12,wk inc covid hosp,2,2026-09-26,08,quantile,0.75,24.25
2026-09-12,wk inc covid hosp,3,2026-10-03,08,quantile,0.75,21.02
2026-09-12,wk inc covid hosp,-1,2026-09-05,08,quantile,0.8,25.33
2026-09-12,wk inc covid hosp,0,2026-09-12,08,quantile,0.8,26.33
2026-09-12,wk inc covid hosp,1,2026-09-19,08,quantile,0.8,26.64
2026-09-12,wk inc covid hosp,2,2026-09-26,08,quantile,0.8,25.11
2026-09-12,wk inc covid hosp,3,2026-10-03,08,quantile,0.8,21.9
2026-09-12,wk inc covid hosp,-1,2026-09-05,08,quantile,0.85,25.77
2026-09-12,wk inc covid hosp,0,2026-09-12,08,quantile,0.85,27.0
2026-09-12,wk inc covid hosp,1,2026-09-19,08,quantile,0.85,27.53
2026-09-12,wk inc covid hosp,2,2026-09-26,08,quantile,0.85,26.14
2026-09-12,wk inc covid hosp,3,2026-10-03,08,quantile,0.85,22.97
2026-09-12,wk inc covid hosp,-1,2026-09-05,08,quantile,0.9,26.33
2026-09-12,wk inc covid hosp,0,2026-09-12,08,quantile,0.9,27.85
2026-09-12,wk inc covid hosp,1,2026-09-19,08,quantile,0.9,28.68
2026-09-12,wk inc covid hosp,2,2026-09-26,08,quantile,0.9,27.48
2026-09-12,wk inc covid hosp,3,2026-10-03,08,quantile,0.9,24.38
2026-09-12,wk inc covid hosp,-1,2026-09-05,08,quantile,0.95,27.18
2026-09-12,wk inc covid hosp,0,2026-09-12,08,quantile,0.95,29.16
2026-09-12,wk inc covid hosp,1,2026-09-19,08,quantile,0.95,30.46
2026-09-12,wk inc covid hosp,2,2026-09-26,08,quantile,0.95,29.58
2026-09-12,wk inc covid hosp,3,2026-10-03,08,quantile,0.95,26.59
2026-09-12,wk inc covid hosp,-1,2026-09-05,08,quantile,0.975,27.93
2026-09-12,wk inc covid hosp,0,2026-09-12,08,quantile,0.975,30.34
2026-09-12,wk inc covid hosp,1,2026-09-19,08,quantile,0.975,32.08
2026-09-12,wk inc covid hosp,2,2026-09-26,08,quantile,0.975,31.51
2026-09-12,wk inc covid hosp,3,2026-10-03,08,quantile,0.975,28.64
2026-09-12,wk inc covid hosp,-1,2026-09-05,08,quantile,0.99,28.83
2026-09-12,wk inc covid hosp,0,2026-09-12,08,quantile,0.99,31.75
2026-09-12,wk inc covid hosp,1,2026-09-19,08,quantile,0.99,34.05
2026-09-12,wk inc covid hosp,2,2026-09-26,08,quantile,0.99,33.89
2026-09-12,wk inc covid hosp,3,2026-10-03,08,quantile,0.99,31.19
2026-09-12,wk inc covid hosp,-1,2026-09-05,09,quantile,0.01,10.64
2026-09-12,wk inc covid hosp,0,2026-09-12,09,quantile,0.01,9.98
2026-09-12,wk inc covid hosp,1,2026-09-19,09,quantile,0.01,8.49
2026-09-12,wk inc covid hosp,2,2026-09-26,09,quantile,0.01,7.47
2026-09-12,wk inc covid hosp,3,2026-10-03,09,quantile,0.01,6.02
2026-09-12,wk inc covid hosp,-1,2026-09-05,09,quantile,0.025,11.09
2026-09-12,wk inc covid hosp,0,2026-09-12,09,quantile,0.025,10.59
2026-09-12,wk inc covid hosp,1,2026-09-19,09,quantile,0.025,9.21
2026-09-12,wk inc covid hosp,2,2026-09-26,09,quantile,0.025,8.22
2026-09-12,wk inc covid hosp,3,2026-10-03,09,quantile,0.025,6.76
2026-09-12,wk inc covid hosp,-1,2026-09-05,09,quantile,0.05,11.48
2026-09-12,wk inc covid hosp,0,2026-09-12,09,quantile,0.05,11.15
2026-09-12,wk inc covid hosp,1,2026-09-19,09,quantile,0.05,9.87
2026-09-12,wk inc covid hosp,2,2026-09-26,09,quantile,0.05,8.92
2026-09-12,wk inc covid hosp,3,2026-10-03,09,quantile,0.05,7.46
2026-09-12,wk inc covid hosp,-1,2026-09-05,09,quantile,0.1,11.95
2026-09-12,wk inc covid hosp,0,2026-09-12,09,quantile,0.1,11.82
2026-09-12,wk inc covid hosp,1,2026-09-19,09,quantile,0.1,10.69
2026-09-12,wk inc covid hosp,2,2026-09-26,09,quantile,0.1,9.8
2026-09-12,wk inc covid hosp,3,2026-10-03,09,quantile,0.1,8.33
2026-09-12,wk inc covid hosp,-1,2026-09-05,09,quantile,0.15,12.27
2026-09-12,wk inc covid hosp,0,2026-09-12,09,quantile,0.15,12.28
2026-09-12,wk inc covid hosp,1,2026-09-19,09,quantile,0.15,11.27
2026-09-12,wk inc covid hosp,2,2026-09-26,09,quantile,0.15,10.42
2026-09-12,wk inc covid hosp,3,2026-10-03,09,quantile,0.15,8.97
2026-09-12,wk inc covid hosp,-1,2026-09-05,09,quantile,0.2,12.53
2026-09-12,wk inc covid hosp,0,2026-09-12,09,quantile,0.2,12.67
2026-09-12,wk inc covid hosp,1,2026-09-19,09,quantile,0.2,11.75
2026-09-12,wk inc covid hosp,2,2026-09-26,09,quantile,0.2,10.94
2026-09-12,wk inc covid hosp,3,2026-10-03,09,quantile,0.2,9.51
2026-09-12,wk inc covid hosp,-1,2026-09-05,09,quantile,0.25,12.76
2026-09-12,wk inc covid hosp,0,2026-09-12,09,quantile,0.25,13.01
2026-09-12,wk inc covid hosp,1,2026-09-19,09,quantile,0.25,12.18
2026-09-12,wk inc covid hosp,2,2026-09-26,09,quantile,0.25,11.41
2026-09-12,wk inc covid hosp,3,2026-10-03,09,quantile,0.25,10.0
2026-09-12,wk inc covid hosp,-1,2026-09-05,09,quantile,0.3,12.97
2026-09-12,wk inc covid hosp,0,2026-09-12,09,quantile,0.3,13.31
2026-09-12,wk inc covid hosp,1,2026-09-19,09,quantile,0.3,12.57
2026-09-12,wk inc covid hosp,2,2026-09-26,09,quantile,0.3,11.84
2026-09-12,wk inc covid hosp,3,2026-10-03,09,quantile,0.3,10.45
2026-09-12,wk inc covid hosp,-1,2026-09-05,09,quantile,0.35,13.17
2026-09-12,wk inc covid hosp,0,2026-09-12,09,quantile,0.35,13.61
2026-09-12,wk inc covid hosp,1,2026-09-19,09,quantile,0.35,12.94
2026-09-12,wk inc covid hosp,2,2026-09-26,09,quantile,0.35,12.25
2026-09-12,wk inc covid hosp,3,2026-10-03,09,quantile,0.35,10.88
2026-09-12,wk inc covid hosp,-1,2026-09-05,09,quantile,0.4,13.36
2026-09-12,wk inc covid hosp,0,2026-09-12,09,quantile,0.4,13.89
2026-09-12,wk inc covid hosp,1,2026-09-19,09,quantile,0.4,13.31
2026-09-12,wk inc covid hosp,2,2026-09-26,09,quantile,0.4,12.65
2026-09-12,wk inc covid hosp,3,2026-10-03,09,quantile,0.4,11.3
2026-09-12,wk inc covid hosp,-1,2026-09-05,09,quantile,0.45,13.54
2026-09-12,wk inc covid hosp,0,2026-09-12,09,quantile,0.45,14.17
2026-09-12,wk inc covid hosp,1,2026-09-19,09,quantile,0.45,13.66
2026-09-12,wk inc covid hosp,2,2026-09-26,09,quantile,0.45,13.05
2026-09-12,wk inc covid hosp,3,2026-10-03,09,quantile,0.45,11.73
2026-09-12,wk inc covid hosp,-1,2026-09-05,09,quantile,0.5,13.72
2026-09-12,wk inc covid hosp,0,2026-09-12,09,quantile,0.5,14.44
2026-09-12,wk inc covid hosp,1,2026-09-19,09,quantile,0.5,14.03
2026-09-12,wk inc covid hosp,2,2026-09-26,09,quantile,0.5,13.45
2026-09-12,wk inc covid hosp,3,2026-10-03,09,quantile,0.5,12.16
2026-09-12,wk inc covid hosp,-1,2026-09-05,09,quantile,0.55,13.91
2026-09-12,wk inc covid hosp,0,2026-09-12,09,quantile,0.55,14.73
2026-09-12,wk inc covid hosp,1,2026-09-19,09,quantile,0.55,14.4
2026-09-12,wk inc covid hosp,2,2026-09-26,09,quantile,0.55,13.87
2026-09-12,wk inc covid hosp,3,2026-10-03,09,quantile,0.55,12.6
2026-09-12,wk inc covid hosp,-1,2026-09-05,09,quantile,0.6,14.1
2026-09-12,wk inc covid hosp,0,2026-09-12,09,quantile,0.6,15.02
2026-09-12,wk inc covid hosp,1,2026-09-19,09,quantile,0.6,14.78
2026-09-12,wk inc covid hosp,2,2026-09-26,09,quantile,0.6,14.3
2026-09-12,wk inc covid hosp,3,2026-10-03,09,quantile,0.6,13.06
2026-09-12,wk inc covid hosp,-1,2026-09-05,09,quantile,0.65,14.3
2026-09-12,wk inc covid hosp,0,2026-09-12,09,quantile,0.65,15.32
2026-09-12,wk inc covid hosp,1,2026-09-19,09,quantile,0.65,15.19
2026-09-12,wk inc covid hosp,2,2026-09-26,09,quantile,0.65,14.75
2026-09-12,wk inc covid hosp,3,2026-10-03,09,quantile,0.65,13.56
2026-09-12,wk inc covid hosp,-1,2026-09-05,09,quantile,0.7,14.51
2026-09-12,wk inc covid hosp,0,2026-09-12,09,quantile,0.7,15.65
2026-09-12,wk inc covid hosp,1,2026-09-19,09,quantile,0.7,15.62
2026-09-12,wk inc covid hosp,2,2026-09-26,09,quantile,0.7,15.25
2026-09-12,wk inc covid hosp,3,2026-10-03,09,quantile,0.7,14.1
2026-09-12,wk inc covid hosp,-1,2026-09-05,09,quantile,0.75,14.75
2026-09-12,wk inc covid hosp,0,2026-09-12,09,quantile,0.75,16.01
2026-09-12,wk inc covid hosp,1,2026-09-19,09,quantile,0.75,16.11
2026-09-12,wk inc covid hosp,2,2026-09-26,09,quantile,0.75,15.8
2026-09-12,wk inc covid hosp,3,2026-10-03,09,quantile,0.75,14.7
2026-09-12,wk inc covid hosp,-1,2026-09-05,09,quantile,0.8,15.01
2026-09-12,wk inc covid hosp,0,2026-09-12,09,quantile,0.8,16.42
2026-09-12,wk inc covid hosp,1,2026-09-19,09,quantile,0.8,16.66
2026-09-12,wk inc covid hosp,2,2026-09-26,09,quantile,0.8,16.43
2026-09-12,wk inc covid hosp,3,2026-10-03,09,quantile,0.8,15.39
2026-09-12,wk inc covid hosp,-1,2026-09-05,09,quantile,0.85,15.32
2026-09-12,wk inc covid hosp,0,2026-09-12,09,quantile,0.85,16.91
2026-09-12,wk inc covid hosp,1,2026-09-19,09,quantile,0.85,17.32
2026-09-12,wk inc covid hosp,2,2026-09-26,09,quantile,0.85,17.19
2026-09-12,wk inc covid hosp,3,2026-10-03,09,quantile,0.85,16.23
2026-09-12,wk inc covid hosp,-1,2026-09-05,09,quantile,0.9,15.72
2026-09-12,wk inc covid hosp,0,2026-09-12,09,quantile,0.9,17.54
2026-09-12,wk inc covid hosp,1,2026-09-19,09,quantile,0.9,18.19
2026-09-12,wk inc covid hosp,2,2026-09-26,09,quantile,0.9,18.19
2026-09-12,wk inc covid hosp,3,2026-10-03,09,quantile,0.9,17.34
2026-09-12,wk inc covid hosp,-1,2026-09-05,09,quantile,0.95,16.32
2026-09-12,wk inc covid hosp,0,2026-09-12,09,quantile,0.95,18.52
2026-09-12,wk inc covid hosp,1,2026-09-19,09,quantile,0.95,19.54
2026-09-12,wk inc covid hosp,2,2026-09-26,09,quantile,0.95,19.76
2026-09-12,wk inc covid hosp,3,2026-10-03,09,quantile,0.95,19.11
2026-09-12,wk inc covid hosp,-1,2026-09-05,09,quantile,0.975,16.87
2026-09-12,wk inc covid hosp,0,2026-09-12,09,quantile,0.975,19.39
2026-09-12,wk inc covid hosp,1,2026-09-19,09,quantile,0.975,20.78
2026-09-12,wk inc covid hosp,2,2026-09-26,09,quantile,0.975,21.21
2026-09-12,wk inc covid hosp,3,2026-10-03,09,quantile,0.975,20.76
2026-09-12,wk inc covid hosp,-1,2026-09-05,09,quantile,0.99,17.52
2026-09-12,wk inc covid hosp,0,2026-09-12,09,quantile,0.99,20.46
2026-09-12,wk inc covid hosp,1,2026-09-19,09,quantile,0.99,22.3
2026-09-12,wk inc covid hosp,2,2026-09-26,09,quantile,0.99,23.0
2026-09-12,wk inc covid hosp,3,2026-10-03,09,quantile,0.99,22.82
2026-09-12,wk inc covid hosp,-1,2026-09-05,10,quantile,0.01,4.29
2026-09-12,wk inc covid hosp,0,2026-09-12,10,quantile,0.01,4.16
2026-09-12,wk inc covid hosp,1,2026-09-19,10,quantile,0.01,3.7
2026-09-12,wk inc covid hosp,2,2026-09-26,10,quantile,0.01,3.49
2026-09-12,wk inc covid hosp,3,2026-10-03,10,quantile,0.01,2.95
2026-09-12,wk inc covid hosp,-1,2026-09-05,10,quantile,0.025,4.44
2026-09-12,wk inc covid hosp,0,2026-09-12,10,quantile,0.025,4.38
2026-09-12,wk inc covid hosp,1,2026-09-19,10,quantile,0.025,3.97
2026-09-12,wk inc covid hosp,2,2026-09-26,10,quantile,0.025,3.78
2026-09-12,wk inc covid hosp,3,2026-10-03,10,quantile,0.025,3.24
2026-09-12,wk inc covid hosp,-1,2026-09-05,10,quantile,0.05,4.58
2026-09-12,wk inc covid hosp,0,2026-09-12,10,quantile,0.05,4.58
2026-09-12,wk inc covid hosp,1,2026-09-19,10,quantile,0.05,4.22
2026-09-12,wk inc covid hosp,2,2026-09-26,10,quantile,0.05,4.05
2026-09-12,wk inc covid hosp,3,2026-10-03,10,quantile,0.05,3.52
2026-09-12,wk inc covid hosp,-1,2026-09-05,10,quantile,0.1,4.74
2026-09-12,wk inc covid hosp,0,2026-09-12,10,quantile,0.1,4.82
2026-09-12,wk inc covid hosp,1,2026-09-19,10,quantile,0.1,4.52
2026-09-12,wk inc covid hosp,2,2026-09-26,10,quantile,0.1,4.39
2026-09-12,wk inc covid hosp,3,2026-10-03,10,quantile,0.1,3.86
2026-09-12,wk inc covid hosp,-1,2026-09-05,10,quantile,0.15,4.85
2026-09-12,wk inc covid hosp,0,2026-09-12,10,quantile,0.15,4.99
2026-09-12,wk inc covid hosp,1,2026-09-19,10,quantile,0.15,4.73
2026-09-12,wk inc covid hosp,2,2026-09-26,10,quantile,0.15,4.62
2026-09-12,wk inc covid hosp,3,2026-10-03,10,quantile,0.15,4.1
2026-09-12,wk inc covid hosp,-1,2026-09-05,10,quantile,0.2,4.94
2026-09-12,wk inc covid hosp,0,2026-09-12,10,quantile,0.2,5.12
2026-09-12,wk inc covid hosp,1,2026-09-19,10,quantile,0.2,4.9
2026-09-12,wk inc covid hosp,2,2026-09-26,10,quantile,0.2,4.82
2026-09-12,wk inc covid hosp,3,2026-10-03,10,quantile,0.2,4.31
2026-09-12,wk inc covid hosp,-1,2026-09-05,10,quantile,0.25,5.02
2026-09-12,wk inc covid hosp,0,2026-09-12,10,quantile,0.25,5.24
2026-09-12,wk inc covid hosp,1,2026-09-19,10,quantile,0.25,5.05
2026-09-12,wk inc covid hosp,2,2026-09-26,10,quantile,0.25,4.99
2026-09-12,wk inc covid hosp,3,2026-10-03,10,quantile,0.25,4.49
2026-09-12,wk inc covid hosp,-1,2026-09-05,10,quantile,0.3,5.09
2026-09-12,wk inc covid hosp,0,2026-09-12,10,quantile,0.3,5.35
2026-09-12,wk inc covid hosp,1,2026-09-19,10,quantile,0.3,5.19
2026-09-12,wk inc covid hosp,2,2026-09-26,10,quantile,0.3,5.15
2026-09-12,wk inc covid hosp,3,2026-10-03,10,quantile,0.3,4.65
2026-09-12,wk inc covid hosp,-1,2026-09-05,10,quantile,0.35,5.16
2026-09-12,wk inc covid hosp,0,2026-09-12,10,quantile,0.35,5.45
2026-09-12,wk inc covid hosp,1,2026-09-19,10,quantile,0.35,5.33
2026-09-12,wk inc covid hosp,2,2026-09-26,10,quantile,0.35,5.3
2026-09-12,wk inc covid hosp,3,2026-10-03,10,quantile,0.35,4.82
2026-09-12,wk inc covid hosp,-1,2026-09-05,10,quantile,0.4,5.23
2026-09-12,wk inc covid hosp,0,2026-09-12,10,quantile,0.4,5.55
2026-09-12,wk inc covid hosp,1,2026-09-19,10,quantile,0.4,5.46
2026-09-12,wk inc covid hosp,2,2026-09-26,10,quantile,0.4,5.45
2026-09-12,wk inc covid hosp,3,2026-10-03,10,quantile,0.4,4.97
2026-09-12,wk inc covid hosp,-1,2026-09-05,10,quantile,0.45,5.29
2026-09-12,wk inc covid hosp,0,2026-09-12,10,quantile,0.45,5.65
2026-09-12,wk inc covid hosp,1,2026-09-19,10,quantile,0.45,5.58
2026-09-12,wk inc covid hosp,2,2026-09-26,10,quantile,0.45,5.6
2026-09-12,wk inc covid hosp,3,2026-10-03,10,quantile,0.45,5.13
2026-09-12,wk inc covid hosp,-1,2026-09-05,10,quantile,0.5,5.35
2026-09-12,wk inc covid hosp,0,2026-09-12,10,quantile,0.5,5.75
2026-09-12,wk inc covid hosp,1,2026-09-19,10,quantile,0.5,5.71
2026-09-12,wk inc covid hosp,2,2026-09-26,10,quantile,0.5,5.75
2026-09-12,wk inc covid hosp,3,2026-10-03,10,quantile,0.5,5.28
2026-09-12,wk inc covid hosp,-1,2026-09-05,10,quantile,0.55,5.41
2026-09-12,wk inc covid hosp,0,2026-09-12,10,quantile,0.55,5.84
2026-09-12,wk inc covid hosp,1,2026-09-19,10,quantile,0.55,5.84
2026-09-12,wk inc covid hosp,2,2026-09-26,10,quantile,0.55,5.9
2026-09-12,wk inc covid hosp,3,2026-10-03,10,quantile,0.55,5.44
2026-09-12,wk inc covid hosp,-1,2026-09-05,10,quantile,0.6,5.48
2026-09-12,wk inc covid hosp,0,2026-09-12,10,quantile,0.6,5.95
2026-09-12,wk inc covid hosp,1,2026-09-19,10,quantile,0.6,5.98
2026-09-12,wk inc covid hosp,2,2026-09-26,10,quantile,0.6,6.05
2026-09-12,wk inc covid hosp,3,2026-10-03,10,quantile,0.6,5.61
2026-09-12,wk inc covid hosp,-1,2026-09-05,10,quantile,0.65,5.55
2026-09-12,wk inc covid hosp,0,2026-09-12,10,quantile,0.65,6.05
2026-09-12,wk inc covid hosp,1,2026-09-19,10,quantile,0.65,6.12
2026-09-12,wk inc covid hosp,2,2026-09-26,10,quantile,0.65,6.22
2026-09-12,wk inc covid hosp,3,2026-10-03,10,quantile,0.65,5.79
2026-09-12,wk inc covid hosp,-1,2026-09-05,10,quantile,0.7,5.62
2026-09-12,wk inc covid hosp,0,2026-09-12,10,quantile,0.7,6.17
2026-09-12,wk inc covid hosp,1,2026-09-19,10,quantile,0.7,6.27
2026-09-12,wk inc covid hosp,2,2026-09-26,10,quantile,0.7,6.4
2026-09-12,wk inc covid hosp,3,2026-10-03,10,quantile,0.7,5.98
2026-09-12,wk inc covid hosp,-1,2026-09-05,10,quantile,0.75,5.7
2026-09-12,wk inc covid hosp,0,2026-09-12,10,quantile,0.75,6.29
2026-09-12,wk inc covid hosp,1,2026-09-19,10,quantile,0.75,6.44
2026-09-12,wk inc covid hosp,2,2026-09-26,10,quantile,0.75,6.59
2026-09-12,wk inc covid hosp,3,2026-10-03,10,quantile,0.75,6.2
2026-09-12,wk inc covid hosp,-1,2026-09-05,10,quantile,0.8,5.79
2026-09-12,wk inc covid hosp,0,2026-09-12,10,quantile,0.8,6.43
2026-09-12,wk inc covid hosp,1,2026-09-19,10,quantile,0.8,6.63
2026-09-12,wk inc covid hosp,2,2026-09-26,10,quantile,0.8,6.82
2026-09-12,wk inc covid hosp,3,2026-10-03,10,quantile,0.8,6.44
2026-09-12,wk inc covid hosp,-1,2026-09-05,10,quantile,0.85,5.89
2026-09-12,wk inc covid hosp,0,2026-09-12,10,quantile,0.85,6.6
2026-09-12,wk inc covid hosp,1,2026-09-19,10,quantile,0.85,6.86
2026-09-12,wk inc covid hosp,2,2026-09-26,10,quantile,0.85,7.09
2026-09-12,wk inc covid hosp,3,2026-10-03,10,quantile,0.85,6.74
2026-09-12,wk inc covid hosp,-1,2026-09-05,10,quantile,0.9,6.02
2026-09-12,wk inc covid hosp,0,2026-09-12,10,quantile,0.9,6.82
2026-09-12,wk inc covid hosp,1,2026-09-19,10,quantile,0.9,7.16
2026-09-12,wk inc covid hosp,2,2026-09-26,10,quantile,0.9,7.44
2026-09-12,wk inc covid hosp,3,2026-10-03,10,quantile,0.9,7.13
2026-09-12,wk inc covid hosp,-1,2026-09-05,10,quantile,0.95,6.23
2026-09-12,wk inc covid hosp,0,2026-09-12,10,quantile,0.95,7.15
2026-09-12,wk inc covid hosp,1,2026-09-19,10,quantile,0.95,7.62
2026-09-12,wk inc covid hosp,2,2026-09-26,10,quantile,0.95,7.99
2026-09-12,wk inc covid hosp,3,2026-10-03,10,quantile,0.95,7.73
2026-09-12,wk inc covid hosp,-1,2026-09-05,10,quantile,0.975,6.41
2026-09-12,wk inc covid hosp,0,2026-09-12,10,quantile,0.975,7.45
2026-09-12,wk inc covid hosp,1,2026-09-19,10,quantile,0.975,8.04
2026-09-12,wk inc covid hosp,2,2026-09-26,10,quantile,0.975,8.49
2026-09-12,wk inc covid hosp,3,2026-10-03,10,quantile,0.975,8.3
2026-09-12,wk inc covid hosp,-1,2026-09-05,10,quantile,0.99,6.62
2026-09-12,wk inc covid hosp,0,2026-09-12,10,quantile,0.99,7.81
2026-09-12,wk inc covid hosp,1,2026-09-19,10,quantile,0.99,8.55
2026-09-12,wk inc covid hosp,2,2026-09-26,10,quantile,0.99,9.11
2026-09-12,wk inc covid hosp,3,2026-10-03,10,quantile,0.99,8.99
2026-09-12,wk inc covid hosp,-1,2026-09-05,11,quantile,0.01,6.2
2026-09-12,wk inc covid hosp,0,2026-09-12,11,quantile,0.01,5.89
2026-09-12,wk inc covid hosp,1,2026-09-19,11,quantile,0.01,5.21
2026-09-12,wk inc covid hosp,2,2026-09-26,11,quantile,0.01,4.47
2026-09-12,wk inc covid hosp,3,2026-10-03,11,quantile,0.01,3.74
2026-09-12,wk inc covid hosp,-1,2026-09-05,11,quantile,0.025,6.39
2026-09-12,wk inc covid hosp,0,2026-09-12,11,quantile,0.025,6.15
2026-09-12,wk inc covid hosp,1,2026-09-19,11,quantile,0.025,5.52
2026-09-12,wk inc covid hosp,2,2026-09-26,11,quantile,0.025,4.81
2026-09-12,wk inc covid hosp,3,2026-10-03,11,quantile,0.025,4.07
2026-09-12,wk inc covid hosp,-1,2026-09-05,11,quantile,0.05,6.55
2026-09-12,wk inc covid hosp,0,2026-09-12,11,quantile,0.05,6.39
2026-09-12,wk inc covid hosp,1,2026-09-19,11,quantile,0.05,5.81
2026-09-12,wk inc covid hosp,2,2026-09-26,11,quantile,0.05,5.11
2026-09-12,wk inc covid hosp,3,2026-10-03,11,quantile,0.05,4.37
2026-09-12,wk inc covid hosp,-1,2026-09-05,11,quantile,0.1,6.74
2026-09-12,wk inc covid hosp,0,2026-09-12,11,quantile,0.1,6.67
2026-09-12,wk inc covid hosp,1,2026-09-19,11,quantile,0.1,6.16
2026-09-12,wk inc covid hosp,2,2026-09-26,11,quantile,0.1,5.48
2026-09-12,wk inc covid hosp,3,2026-10-03,11,quantile,0.1,4.75
2026-09-12,wk inc covid hosp,-1,2026-09-05,11,quantile,0.15,6.87
2026-09-12,wk inc covid hosp,0,2026-09-12,11,quantile,0.15,6.86
2026-09-12,wk inc covid hosp,1,2026-09-19,11,quantile,0.15,6.4
2026-09-12,wk inc covid hosp,2,2026-09-26,11,quantile,0.15,5.74
2026-09-12,wk inc covid hosp,3,2026-10-03,11,quantile,0.15,5.01
2026-09-12,wk inc covid hosp,-1,2026-09-05,11,quantile,0.2,6.98
2026-09-12,wk inc covid hosp,0,2026-09-12,11,quantile,0.2,7.02
2026-09-12,wk inc covid hosp,1,2026-09-19,11,quantile,0.2,6.6
2026-09-12,wk inc covid hosp,2,2026-09-26,11,quantile,0.2,5.96
2026-09-12,wk inc covid hosp,3,2026-10-03,11,quantile,0.2,5.23
2026-09-12,wk inc covid hosp,-1,2026-09-05,11,quantile,0.25,7.07
2026-09-12,wk inc covid hosp,0,2026-09-12,11,quantile,0.25,7.15
2026-09-12,wk inc covid hosp,1,2026-09-19,11,quantile,0.25,6.78
2026-09-12,wk inc covid hosp,2,2026-09-26,11,quantile,0.25,6.15
2026-09-12,wk inc covid hosp,3,2026-10-03,11,quantile,0.25,5.43
2026-09-12,wk inc covid hosp,-1,2026-09-05,11,quantile,0.3,7.16
2026-09-12,wk inc covid hosp,0,2026-09-12,11,quantile,0.3,7.28
2026-09-12,wk inc covid hosp,1,2026-09-19,11,quantile,0.3,6.94
2026-09-12,wk inc covid hosp,2,2026-09-26,11,quantile,0.3,6.32
2026-09-12,wk inc covid hosp,3,2026-10-03,11,quantile,0.3,5.61
2026-09-12,wk inc covid hosp,-1,2026-09-05,11,quantile,0.35,7.24
2026-09-12,wk inc covid hosp,0,2026-09-12,11,quantile,0.35,7.39
2026-09-12,wk inc covid hosp,1,2026-09-19,11,quantile,0.35,7.09
2026-09-12,wk inc covid hosp,2,2026-09-26,11,quantile,0.35,6.49
2026-09-12,wk inc covid hosp,3,2026-10-03,11,quantile,0.35,5.78
2026-09-12,wk inc covid hosp,-1,2026-09-05,11,quantile,0.4,7.31
2026-09-12,wk inc covid hosp,0,2026-09-12,11,quantile,0.4,7.51
2026-09-12,wk inc covid hosp,1,2026-09-19,11,quantile,0.4,7.23
2026-09-12,wk inc covid hosp,2,2026-09-26,11,quantile,0.4,6.65
2026-09-12,wk inc covid hosp,3,2026-10-03,11,quantile,0.4,5.95
2026-09-12,wk inc covid hosp,-1,2026-09-05,11,quantile,0.45,7.38
2026-09-12,wk inc covid hosp,0,2026-09-12,11,quantile,0.45,7.62
2026-09-12,wk inc covid hosp,1,2026-09-19,11,quantile,0.45,7.38
2026-09-12,wk inc covid hosp,2,2026-09-26,11,quantile,0.45,6.81
2026-09-12,wk inc covid hosp,3,2026-10-03,11,quantile,0.45,6.11
2026-09-12,wk inc covid hosp,-1,2026-09-05,11,quantile,0.5,7.46
2026-09-12,wk inc covid hosp,0,2026-09-12,11,quantile,0.5,7.73
2026-09-12,wk inc covid hosp,1,2026-09-19,11,quantile,0.5,7.52
2026-09-12,wk inc covid hosp,2,2026-09-26,11,quantile,0.5,6.97
2026-09-12,wk inc covid hosp,3,2026-10-03,11,quantile,0.5,6.28
2026-09-12,wk inc covid hosp,-1,2026-09-05,11,quantile,0.55,7.53
2026-09-12,wk inc covid hosp,0,2026-09-12,11,quantile,0.55,7.84
2026-09-12,wk inc covid hosp,1,2026-09-19,11,quantile,0.55,7.67
2026-09-12,wk inc covid hosp,2,2026-09-26,11,quantile,0.55,7.13
2026-09-12,wk inc covid hosp,3,2026-10-03,11,quantile,0.55,6.45
2026-09-12,wk inc covid hosp,-1,2026-09-05,11,quantile,0.6,7.61
2026-09-12,wk inc covid hosp,0,2026-09-12,11,quantile,0.6,7.95
2026-09-12,wk inc covid hosp,1,2026-09-19,11,quantile,0.6,7.82
2026-09-12,wk inc covid hosp,2,2026-09-26,11,quantile,0.6,7.3
2026-09-12,wk inc covid hosp,3,2026-10-03,11,quantile,0.6,6.62
2026-09-12,wk inc covid hosp,-1,2026-09-05,11,quantile,0.65,7.69
2026-09-12,wk inc covid hosp,0,2026-09-12,11,quantile,0.65,8.07
2026-09-12,wk inc covid hosp,1,2026-09-19,11,quantile,0.65,7.98
2026-09-12,wk inc covid hosp,2,2026-09-26,11,quantile,0.65,7.48
2026-09-12,wk inc covid hosp,3,2026-10-03,11,quantile,0.65,6.81
2026-09-12,wk inc covid hosp,-1,2026-09-05,11,quantile,0.7,7.77
2026-09-12,wk inc covid hosp,0,2026-09-12,11,quantile,0.7,8.2
2026-09-12,wk inc covid hosp,1,2026-09-19,11,quantile,0.7,8.15
2026-09-12,wk inc covid hosp,2,2026-09-26,11,quantile,0.7,7.67
2026-09-12,wk inc covid hosp,3,2026-10-03,11,quantile,0.7,7.01
2026-09-12,wk inc covid hosp,-1,2026-09-05,11,quantile,0.75,7.86
2026-09-12,wk inc covid hosp,0,2026-09-12,11,quantile,0.75,8.34
2026-09-12,wk inc covid hosp,1,2026-09-19,11,quantile,0.75,8.34
2026-09-12,wk inc covid hosp,2,2026-09-26,11,quantile,0.75,7.88
2026-09-12,wk inc covid hosp,3,2026-10-03,11,quantile,0.75,7.24
2026-09-12,wk inc covid hosp,-1,2026-09-05,11,quantile,0.8,7.96
2026-09-12,wk inc covid hosp,0,2026-09-12,11,quantile,0.8,8.5
2026-09-12,wk inc covid hosp,1,2026-09-19,11,quantile,0.8,8.55
2026-09-12,wk inc covid hosp,2,2026-09-26,11,quantile,0.8,8.12
2026-09-12,wk inc covid hosp,3,2026-10-03,11,quantile,0.8,7.49
2026-09-12,wk inc covid hosp,-1,2026-09-05,11,quantile,0.85,8.08
2026-09-12,wk inc covid hosp,0,2026-09-12,11,quantile,0.85,8.69
2026-09-12,wk inc covid hosp,1,2026-09-19,11,quantile,0.85,8.8
2026-09-12,wk inc covid hosp,2,2026-09-26,11,quantile,0.85,8.41
2026-09-12,wk inc covid hosp,3,2026-10-03,11,quantile,0.85,7.8
2026-09-12,wk inc covid hosp,-1,2026-09-05,11,quantile,0.9,8.24
2026-09-12,wk inc covid hosp,0,2026-09-12,11,quantile,0.9,8.93
2026-09-12,wk inc covid hosp,1,2026-09-19,11,quantile,0.9,9.13
2026-09-12,wk inc covid hosp,2,2026-09-26,11,quantile,0.9,8.78
2026-09-12,wk inc covid hosp,3,2026-10-03,11,quantile,0.9,8.2
2026-09-12,wk inc covid hosp,-1,2026-09-05,11,quantile,0.95,8.47
2026-09-12,wk inc covid hosp,0,2026-09-12,11,quantile,0.95,9.3
2026-09-12,wk inc covid hosp,1,2026-09-19,11,quantile,0.95,9.63
2026-09-12,wk inc covid hosp,2,2026-09-26,11,quantile,0.95,9.36
2026-09-12,wk inc covid hosp,3,2026-10-03,11,quantile,0.95,8.82
2026-09-12,wk inc covid hosp,-1,2026-09-05,11,quantile,0.975,8.68
2026-09-12,wk inc covid hosp,0,2026-09-12,11,quantile,0.975,9.62
2026-09-12,wk inc covid hosp,1,2026-09-19,11,quantile,0.975,10.09
2026-09-12,wk inc covid hosp,2,2026-09-26,11,quantile,0.975,9.89
2026-09-12,wk inc covid hosp,3,2026-10-03,11,quantile,0.975,9.4
2026-09-12,wk inc covid hosp,-1,2026-09-05,11,quantile,0.99,8.92
2026-09-12,wk inc covid hosp,0,2026-09-12,11,quantile,0.99,10.02
2026-09-12,wk inc covid hosp,1,2026-09-19,11,quantile,0.99,10.64
2026-09-12,wk inc covid hosp,2,2026-09-26,11,quantile,0.99,10.54
2026-09-12,wk inc covid hosp,3,2026-10-03,11,quantile,0.99,10.11
2026-09-12,wk inc covid hosp,-1,2026-09-05,12,quantile,0.01,392.02
2026-09-12,wk inc covid hosp,0,2026-09-12,12,quantile,0.01,347.31
2026-09-12,wk inc covid hosp,1,2026-09-19,12,quantile,0.01,300.02
2026-09-12,wk inc covid hosp,2,2026-09-26,12,quantile,0.01,252.79
2026-09-12,wk inc covid hosp,3,2026-10-03,12,quantile,0.01,216.13
2026-09-12,wk inc covid hosp,-1,2026-09-05,12,quantile,0.025,402.23
2026-09-12,wk inc covid hosp,0,2026-09-12,12,quantile,0.025,361.53
2026-09-12,wk inc covid hosp,1,2026-09-19,12,quantile,0.025,316.26
2026-09-12,wk inc covid hosp,2,2026-09-26,12,quantile,0.025,270.04
2026-09-12,wk inc covid hosp,3,2026-10-03,12,quantile,0.025,233.01
2026-09-12,wk inc covid hosp,-1,2026-09-05,12,quantile,0.05,411.19
2026-09-12,wk inc covid hosp,0,2026-09-12,12,quantile,0.05,374.15
2026-09-12,wk inc covid hosp,1,2026-09-19,12,quantile,0.05,330.81
2026-09-12,wk inc covid hosp,2,2026-09-26,12,quantile,0.05,285.66
2026-09-12,wk inc covid hosp,3,2026-10-03,12,quantile,0.05,248.39
2026-09-12,wk inc covid hosp,-1,2026-09-05,12,quantile,0.1,421.73
2026-09-12,wk inc covid hosp,0,2026-09-12,12,quantile,0.1,389.15
2026-09-12,wk inc covid hosp,1,2026-09-19,12,quantile,0.1,348.28
2026-09-12,wk inc covid hosp,2,2026-09-26,12,quantile,0.1,304.6
2026-09-12,wk inc covid hosp,3,2026-10-03,12,quantile,0.1,267.18
2026-09-12,wk inc covid hosp,-1,2026-09-05,12,quantile,0.15,428.97
2026-09-12,wk inc covid hosp,0,2026-09-12,12,quantile,0.15,399.55
2026-09-12,wk inc covid hosp,1,2026-09-19,12,quantile,0.15,360.5
2026-09-12,wk inc covid hosp,2,2026-09-26,12,quantile,0.15,317.97
2026-09-12,wk inc covid hosp,3,2026-10-03,12,quantile,0.15,280.52
2026-09-12,wk inc covid hosp,-1,2026-09-05,12,quantile,0.2,434.8
2026-09-12,wk inc covid hosp,0,2026-09-12,12,quantile,0.2,407.98
2026-09-12,wk inc covid hosp,1,2026-09-19,12,quantile,0.2,370.46
2026-09-12,wk inc covid hosp,2,2026-09-26,12,quantile,0.2,328.93
2026-09-12,wk inc covid hosp,3,2026-10-03,12,quantile,0.2,291.51
2026-09-12,wk inc covid hosp,-1,2026-09-05,12,quantile,0.25,439.85
2026-09-12,wk inc covid hosp,0,2026-09-12,12,quantile,0.25,415.33
2026-09-12,wk inc covid hosp,1,2026-09-19,12,quantile,0.25,379.19
2026-09-12,wk inc covid hosp,2,2026-09-26,12,quantile,0.25,338.59
2026-09-12,wk inc covid hosp,3,2026-10-03,12,quantile,0.25,301.22
2026-09-12,wk inc covid hosp,-1,2026-09-05,12,quantile,0.3,444.42
2026-09-12,wk inc covid hosp,0,2026-09-12,12,quantile,0.3,422.02
2026-09-12,wk inc covid hosp,1,2026-09-19,12,quantile,0.3,387.17
2026-09-12,wk inc covid hosp,2,2026-09-26,12,quantile,0.3,347.47
2026-09-12,wk inc covid hosp,3,2026-10-03,12,quantile,0.3,310.17
2026-09-12,wk inc covid hosp,-1,2026-09-05,12,quantile,0.35,448.7
2026-09-12,wk inc covid hosp,0,2026-09-12,12,quantile,0.35,428.31
2026-09-12,wk inc covid hosp,1,2026-09-19,12,quantile,0.35,394.7
2026-09-12,wk inc covid hosp,2,2026-09-26,12,quantile,0.35,355.87
2026-09-12,wk inc covid hosp,3,2026-10-03,12,quantile,0.35,318.67
2026-09-12,wk inc covid hosp,-1,2026-09-05,12,quantile,0.4,452.79
2026-09-12,wk inc covid hosp,0,2026-09-12,12,quantile,0.4,434.34
2026-09-12,wk inc covid hosp,1,2026-09-19,12,quantile,0.4,401.95
2026-09-12,wk inc covid hosp,2,2026-09-26,12,quantile,0.4,363.99
2026-09-12,wk inc covid hosp,3,2026-10-03,12,quantile,0.4,326.9
2026-09-12,wk inc covid hosp,-1,2026-09-05,12,quantile,0.45,456.78
2026-09-12,wk inc covid hosp,0,2026-09-12,12,quantile,0.45,440.25
2026-09-12,wk inc covid hosp,1,2026-09-19,12,quantile,0.45,409.07
2026-09-12,wk inc covid hosp,2,2026-09-26,12,quantile,0.45,372.0
2026-09-12,wk inc covid hosp,3,2026-10-03,12,quantile,0.45,335.04
2026-09-12,wk inc covid hosp,-1,2026-09-05,12,quantile,0.5,460.73
2026-09-12,wk inc covid hosp,0,2026-09-12,12,quantile,0.5,446.13
2026-09-12,wk inc covid hosp,1,2026-09-19,12,quantile,0.5,416.18
2026-09-12,wk inc covid hosp,2,2026-09-26,12,quantile,0.5,380.02
2026-09-12,wk inc covid hosp,3,2026-10-03,12,quantile,0.5,343.22
2026-09-12,wk inc covid hosp,-1,2026-09-05,12,quantile,0.55,464.71
2026-09-12,wk inc covid hosp,0,2026-09-12,12,quantile,0.55,452.07
2026-09-12,wk inc covid hosp,1,2026-09-19,12,quantile,0.55,423.39
2026-09-12,wk inc covid hosp,2,2026-09-26,12,quantile,0.55,388.18
2026-09-12,wk inc covid hosp,3,2026-10-03,12,quantile,0.55,351.56
2026-09-12,wk inc covid hosp,-1,2026-09-05,12,quantile,0.6,468.78
2026-09-12,wk inc covid hosp,0,2026-09-12,12,quantile,0.6,458.18
2026-09-12,wk inc covid hosp,1,2026-09-19,12,quantile,0.6,430.83
2026-09-12,wk inc covid hosp,2,2026-09-26,12,quantile,0.6,396.63
2026-09-12,wk inc covid hosp,3,2026-10-03,12,quantile,0.6,360.2
2026-09-12,wk inc covid hosp,-1,2026-09-05,12,quantile,0.65,473.02
2026-09-12,wk inc covid hosp,0,2026-09-12,12,quantile,0.65,464.56
2026-09-12,wk inc covid hosp,1,2026-09-19,12,quantile,0.65,438.63
2026-09-12,wk inc covid hosp,2,2026-09-26,12,quantile,0.65,405.52
2026-09-12,wk inc covid hosp,3,2026-10-03,12,quantile,0.65,369.32
2026-09-12,wk inc covid hosp,-1,2026-09-05,12,quantile,0.7,477.53
2026-09-12,wk inc covid hosp,0,2026-09-12,12,quantile,0.7,471.37
2026-09-12,wk inc covid hosp,1,2026-09-19,12,quantile,0.7,446.98
2026-09-12,wk inc covid hosp,2,2026-09-26,12,quantile,0.7,415.07
2026-09-12,wk inc covid hosp,3,2026-10-03,12,quantile,0.7,379.14
2026-09-12,wk inc covid hosp,-1,2026-09-05,12,quantile,0.75,482.43
2026-09-12,wk inc covid hosp,0,2026-09-12,12,quantile,0.75,478.81
2026-09-12,wk inc covid hosp,1,2026-09-19,12,quantile,0.75,456.13
2026-09-12,wk inc covid hosp,2,2026-09-26,12,quantile,0.75,425.58
2026-09-12,wk inc covid hosp,3,2026-10-03,12,quantile,0.75,389.98
2026-09-12,wk inc covid hosp,-1,2026-09-05,12,quantile,0.8,487.93
2026-09-12,wk inc covid hosp,0,2026-09-12,12,quantile,0.8,487.2
2026-09-12,wk inc covid hosp,1,2026-09-19,12,quantile,0.8,466.51
2026-09-12,wk inc covid hosp,2,2026-09-26,12,quantile,0.8,437.55
2026-09-12,wk inc covid hosp,3,2026-10-03,12,quantile,0.8,402.36
2026-09-12,wk inc covid hosp,-1,2026-09-05,12,quantile,0.85,494.42
2026-09-12,wk inc covid hosp,0,2026-09-12,12,quantile,0.85,497.15
2026-09-12,wk inc covid hosp,1,2026-09-19,12,quantile,0.85,478.86
2026-09-12,wk inc covid hosp,2,2026-09-26,12,quantile,0.85,451.85
2026-09-12,wk inc covid hosp,3,2026-10-03,12,quantile,0.85,417.19
2026-09-12,wk inc covid hosp,-1,2026-09-05,12,quantile,0.9,502.68
2026-09-12,wk inc covid hosp,0,2026-09-12,12,quantile,0.9,509.9
2026-09-12,wk inc covid hosp,1,2026-09-19,12,quantile,0.9,494.77
2026-09-12,wk inc covid hosp,2,2026-09-26,12,quantile,0.9,470.39
2026-09-12,wk inc covid hosp,3,2026-10-03,12,quantile,0.9,436.5
2026-09-12,wk inc covid hosp,-1,2026-09-05,12,quantile,0.95,515.14
2026-09-12,wk inc covid hosp,0,2026-09-12,12,quantile,0.95,529.3
2026-09-12,wk inc covid hosp,1,2026-09-19,12,quantile,0.95,519.17
2026-09-12,wk inc covid hosp,2,2026-09-26,12,quantile,0.95,499.03
2026-09-12,wk inc covid hosp,3,2026-10-03,12,quantile,0.95,466.47
2026-09-12,wk inc covid hosp,-1,2026-09-05,12,quantile,0.975,526.15
2026-09-12,wk inc covid hosp,0,2026-09-12,12,quantile,0.975,546.61
2026-09-12,wk inc covid hosp,1,2026-09-19,12,quantile,0.975,541.14
2026-09-12,wk inc covid hosp,2,2026-09-26,12,quantile,0.975,525.03
2026-09-12,wk inc covid hosp,3,2026-10-03,12,quantile,0.975,493.83
2026-09-12,wk inc covid hosp,-1,2026-09-05,12,quantile,0.99,539.19
2026-09-12,wk inc covid hosp,0,2026-09-12,12,quantile,0.99,567.34
2026-09-12,wk inc covid hosp,1,2026-09-19,12,quantile,0.99,567.64
2026-09-12,wk inc covid hosp,2,2026-09-26,12,quantile,0.99,556.67
2026-09-12,wk inc covid hosp,3,2026-10-03,12,quantile,0.99,527.3
2026-09-12,wk inc covid hosp,-1,2026-09-05,13,quantile,0.01,119.32
2026-09-12,wk inc covid hosp,0,2026-09-12,13,quantile,0.01,109.18
2026-09-12,wk inc covid hosp,1,2026-09-19,13,quantile,0.01,95.2
2026-09-12,wk inc covid hosp,2,2026-09-26,13,quantile,0.01,80.77
2026-09-12,wk inc covid hosp,3,2026-10-03,13,quantile,0.01,65.92
2026-09-12,wk inc covid hosp,-1,2026-09-05,13,quantile,0.025,122.38
2026-09-12,wk inc covid hosp,0,2026-09-12,13,quantile,0.025,113.37
2026-09-12,wk inc covid hosp,1,2026-09-19,13,quantile,0.025,100.25
2026-09-12,wk inc covid hosp,2,2026-09-26,13,quantile,0.025,86.14
2026-09-12,wk inc covid hosp,3,2026-10-03,13,quantile,0.025,71.16
2026-09-12,wk inc covid hosp,-1,2026-09-05,13,quantile,0.05,125.05
2026-09-12,wk inc covid hosp,0,2026-09-12,13,quantile,0.05,117.08
2026-09-12,wk inc covid hosp,1,2026-09-19,13,quantile,0.05,104.77
2026-09-12,wk inc covid hosp,2,2026-09-26,13,quantile,0.05,90.99
2026-09-12,wk inc covid hosp,3,2026-10-03,13,quantile,0.05,75.93
2026-09-12,wk inc covid hosp,-1,2026-09-05,13,quantile,0.1,128.2
2026-09-12,wk inc covid hosp,0,2026-09-12,13,quantile,0.1,121.48
2026-09-12,wk inc covid hosp,1,2026-09-19,13,quantile,0.1,110.19
2026-09-12,wk inc covid hosp,2,2026-09-26,13,quantile,0.1,96.87
2026-09-12,wk inc covid hosp,3,2026-10-03,13,quantile,0.1,81.76
2026-09-12,wk inc covid hosp,-1,2026-09-05,13,quantile,0.15,130.36
2026-09-12,wk inc covid hosp,0,2026-09-12,13,quantile,0.15,124.53
2026-09-12,wk inc covid hosp,1,2026-09-19,13,quantile,0.15,113.98
2026-09-12,wk inc covid hosp,2,2026-09-26,13,quantile,0.15,101.01
2026-09-12,wk inc covid hosp,3,2026-10-03,13,quantile,0.15,85.91
2026-09-12,wk inc covid hosp,-1,2026-09-05,13,quantile,0.2,132.09
2026-09-12,wk inc covid hosp,0,2026-09-12,13,quantile,0.2,127.0
2026-09-12,wk inc covid hosp,1,2026-09-19,13,quantile,0.2,117.07
2026-09-12,wk inc covid hosp,2,2026-09-26,13,quantile,0.2,104.4
2026-09-12,wk inc covid hosp,3,2026-10-03,13,quantile,0.2,89.33
2026-09-12,wk inc covid hosp,-1,2026-09-05,13,quantile,0.25,133.6
2026-09-12,wk inc covid hosp,0,2026-09-12,13,quantile,0.25,129.15
2026-09-12,wk inc covid hosp,1,2026-09-19,13,quantile,0.25,119.77
2026-09-12,wk inc covid hosp,2,2026-09-26,13,quantile,0.25,107.39
2026-09-12,wk inc covid hosp,3,2026-10-03,13,quantile,0.25,92.35
2026-09-12,wk inc covid hosp,-1,2026-09-05,13,quantile,0.3,134.96
2026-09-12,wk inc covid hosp,0,2026-09-12,13,quantile,0.3,131.11
2026-09-12,wk inc covid hosp,1,2026-09-19,13,quantile,0.3,122.24
2026-09-12,wk inc covid hosp,2,2026-09-26,13,quantile,0.3,110.13
2026-09-12,wk inc covid hosp,3,2026-10-03,13,quantile,0.3,95.14
2026-09-12,wk inc covid hosp,-1,2026-09-05,13,quantile,0.35,136.24
2026-09-12,wk inc covid hosp,0,2026-09-12,13,quantile,0.35,132.94
2026-09-12,wk inc covid hosp,1,2026-09-19,13,quantile,0.35,124.57
2026-09-12,wk inc covid hosp,2,2026-09-26,13,quantile,0.35,112.73
2026-09-12,wk inc covid hosp,3,2026-10-03,13,quantile,0.35,97.78
2026-09-12,wk inc covid hosp,-1,2026-09-05,13,quantile,0.4,137.46
2026-09-12,wk inc covid hosp,0,2026-09-12,13,quantile,0.4,134.71
2026-09-12,wk inc covid hosp,1,2026-09-19,13,quantile,0.4,126.82
2026-09-12,wk inc covid hosp,2,2026-09-26,13,quantile,0.4,115.24
2026-09-12,wk inc covid hosp,3,2026-10-03,13,quantile,0.4,100.35
2026-09-12,wk inc covid hosp,-1,2026-09-05,13,quantile,0.45,138.65
2026-09-12,wk inc covid hosp,0,2026-09-12,13,quantile,0.45,136.43
2026-09-12,wk inc covid hosp,1,2026-09-19,13,quantile,0.45,129.02
2026-09-12,wk inc covid hosp,2,2026-09-26,13,quantile,0.45,117.71
2026-09-12,wk inc covid hosp,3,2026-10-03,13,quantile,0.45,102.88
2026-09-12,wk inc covid hosp,-1,2026-09-05,13,quantile,0.5,139.82
2026-09-12,wk inc covid hosp,0,2026-09-12,13,quantile,0.5,138.14
2026-09-12,wk inc covid hosp,1,2026-09-19,13,quantile,0.5,131.22
2026-09-12,wk inc covid hosp,2,2026-09-26,13,quantile,0.5,120.19
2026-09-12,wk inc covid hosp,3,2026-10-03,13,quantile,0.5,105.43
2026-09-12,wk inc covid hosp,-1,2026-09-05,13,quantile,0.55,141.01
2026-09-12,wk inc covid hosp,0,2026-09-12,13,quantile,0.55,139.87
2026-09-12,wk inc covid hosp,1,2026-09-19,13,quantile,0.55,133.45
2026-09-12,wk inc covid hosp,2,2026-09-26,13,quantile,0.55,122.7
2026-09-12,wk inc covid hosp,3,2026-10-03,13,quantile,0.55,108.03
2026-09-12,wk inc covid hosp,-1,2026-09-05,13,quantile,0.6,142.22
2026-09-12,wk inc covid hosp,0,2026-09-12,13,quantile,0.6,141.65
2026-09-12,wk inc covid hosp,1,2026-09-19,13,quantile,0.6,135.75
2026-09-12,wk inc covid hosp,2,2026-09-26,13,quantile,0.6,125.31
2026-09-12,wk inc covid hosp,3,2026-10-03,13,quantile,0.6,110.73
2026-09-12,wk inc covid hosp,-1,2026-09-05,13,quantile,0.65,143.49
2026-09-12,wk inc covid hosp,0,2026-09-12,13,quantile,0.65,143.51
2026-09-12,wk inc covid hosp,1,2026-09-19,13,quantile,0.65,138.16
2026-09-12,wk inc covid hosp,2,2026-09-26,13,quantile,0.65,128.05
2026-09-12,wk inc covid hosp,3,2026-10-03,13,quantile,0.65,113.57
2026-09-12,wk inc covid hosp,-1,2026-09-05,13,quantile,0.7,144.83
2026-09-12,wk inc covid hosp,0,2026-09-12,13,quantile,0.7,145.49
2026-09-12,wk inc covid hosp,1,2026-09-19,13,quantile,0.7,140.74
2026-09-12,wk inc covid hosp,2,2026-09-26,13,quantile,0.7,130.99
2026-09-12,wk inc covid hosp,3,2026-10-03,13,quantile,0.7,116.63
2026-09-12,wk inc covid hosp,-1,2026-09-05,13,quantile,0.75,146.29
2026-09-12,wk inc covid hosp,0,2026-09-12,13,quantile,0.75,147.65
2026-09-12,wk inc covid hosp,1,2026-09-19,13,quantile,0.75,143.57
2026-09-12,wk inc covid hosp,2,2026-09-26,13,quantile,0.75,134.23
2026-09-12,wk inc covid hosp,3,2026-10-03,13,quantile,0.75,120.02
2026-09-12,wk inc covid hosp,-1,2026-09-05,13,quantile,0.8,147.93
2026-09-12,wk inc covid hosp,0,2026-09-12,13,quantile,0.8,150.08
2026-09-12,wk inc covid hosp,1,2026-09-19,13,quantile,0.8,146.78
2026-09-12,wk inc covid hosp,2,2026-09-26,13,quantile,0.8,137.91
2026-09-12,wk inc covid hosp,3,2026-10-03,13,quantile,0.8,123.88
2026-09-12,wk inc covid hosp,-1,2026-09-05,13,quantile,0.85,149.86
2026-09-12,wk inc covid hosp,0,2026-09-12,13,quantile,0.85,152.97
2026-09-12,wk inc covid hosp,1,2026-09-19,13,quantile,0.85,150.59
2026-09-12,wk inc covid hosp,2,2026-09-26,13,quantile,0.85,142.31
2026-09-12,wk inc covid hosp,3,2026-10-03,13,quantile,0.85,128.51
2026-09-12,wk inc covid hosp,-1,2026-09-05,13,quantile,0.9,152.32
2026-09-12,wk inc covid hosp,0,2026-09-12,13,quantile,0.9,156.66
2026-09-12,wk inc covid hosp,1,2026-09-19,13,quantile,0.9,155.5
2026-09-12,wk inc covid hosp,2,2026-09-26,13,quantile,0.9,148.01
2026-09-12,wk inc covid hosp,3,2026-10-03,13,quantile,0.9,134.55
2026-09-12,wk inc covid hosp,-1,2026-09-05,13,quantile,0.95,156.02
2026-09-12,wk inc covid hosp,0,2026-09-12,13,quantile,0.95,162.27
2026-09-12,wk inc covid hosp,1,2026-09-19,13,quantile,0.95,163.02
2026-09-12,wk inc covid hosp,2,2026-09-26,13,quantile,0.95,156.8
2026-09-12,wk inc covid hosp,3,2026-10-03,13,quantile,0.95,143.92
2026-09-12,wk inc covid hosp,-1,2026-09-05,13,quantile,0.975,159.3
2026-09-12,wk inc covid hosp,0,2026-09-12,13,quantile,0.975,167.27
2026-09-12,wk inc covid hosp,1,2026-09-19,13,quantile,0.975,169.79
2026-09-12,wk inc covid hosp,2,2026-09-26,13,quantile,0.975,164.78
2026-09-12,wk inc covid hosp,3,2026-10-03,13,quantile,0.975,152.48
2026-09-12,wk inc covid hosp,-1,2026-09-05,13,quantile,0.99,163.18
2026-09-12,wk inc covid hosp,0,2026-09-12,13,quantile,0.99,173.25
2026-09-12,wk inc covid hosp,1,2026-09-19,13,quantile,0.99,177.95
2026-09-12,wk inc covid hosp,2,2026-09-26,13,quantile,0.99,174.47
2026-09-12,wk inc covid hosp,3,2026-10-03,13,quantile,0.99,162.96
2026-09-12,wk inc covid hosp,-1,2026-09-05,15,quantile,0.01,26.41
2026-09-12,wk inc covid hosp,0,2026-09-12,15,quantile,0.01,23.2
2026-09-12,wk inc covid hosp,1,2026-09-19,15,quantile,0.01,20.51
2026-09-12,wk inc covid hosp,2,2026-09-26,15,quantile,0.01,18.17
2026-09-12,wk inc covid hosp,3,2026-10-03,15,quantile,0.01,15.58
2026-09-12,wk inc covid hosp,-1,2026-09-05,15,quantile,0.025,26.84
2026-09-12,wk inc covid hosp,0,2026-09-12,15,quantile,0.025,23.78
2026-09-12,wk inc covid hosp,1,2026-09-19,15,quantile,0.025,21.17
2026-09-12,wk inc covid hosp,2,2026-09-26,15,quantile,0.025,18.88
2026-09-12,wk inc covid hosp,3,2026-10-03,15,quantile,0.025,16.3
2026-09-12,wk inc covid hosp,-1,2026-09-05,15,quantile,0.05,27.21
2026-09-12,wk inc covid hosp,0,2026-09-12,15,quantile,0.05,24.3
2026-09-12,wk inc covid hosp,1,2026-09-19,15,quantile,0.05,21.76
2026-09-12,wk inc covid hosp,2,2026-09-26,15,quantile,0.05,19.51
2026-09-12,wk inc covid hosp,3,2026-10-03,15,quantile,0.05,16.93
2026-09-12,wk inc covid hosp,-1,2026-09-05,15,quantile,0.1,27.65
2026-09-12,wk inc covid hosp,0,2026-09-12,15,quantile,0.1,24.91
2026-09-12,wk inc covid hosp,1,2026-09-19,15,quantile,0.1,22.45
2026-09-12,wk inc covid hosp,2,2026-09-26,15,quantile,0.1,20.25
2026-09-12,wk inc covid hosp,3,2026-10-03,15,quantile,0.1,17.69
2026-09-12,wk inc covid hosp,-1,2026-09-05,15,quantile,0.15,27.95
2026-09-12,wk inc covid hosp,0,2026-09-12,15,quantile,0.15,25.33
2026-09-12,wk inc covid hosp,1,2026-09-19,15,quantile,0.15,22.92
2026-09-12,wk inc covid hosp,2,2026-09-26,15,quantile,0.15,20.77
2026-09-12,wk inc covid hosp,3,2026-10-03,15,quantile,0.15,18.22
2026-09-12,wk inc covid hosp,-1,2026-09-05,15,quantile,0.2,28.19
2026-09-12,wk inc covid hosp,0,2026-09-12,15,quantile,0.2,25.66
2026-09-12,wk inc covid hosp,1,2026-09-19,15,quantile,0.2,23.31
2026-09-12,wk inc covid hosp,2,2026-09-26,15,quantile,0.2,21.19
2026-09-12,wk inc covid hosp,3,2026-10-03,15,quantile,0.2,18.65
2026-09-12,wk inc covid hosp,-1,2026-09-05,15,quantile,0.25,28.39
2026-09-12,wk inc covid hosp,0,2026-09-12,15,quantile,0.25,25.95
2026-09-12,wk inc covid hosp,1,2026-09-19,15,quantile,0.25,23.64
2026-09-12,wk inc covid hosp,2,2026-09-26,15,quantile,0.25,21.55
2026-09-12,wk inc covid hosp,3,2026-10-03,15,quantile,0.25,19.02
2026-09-12,wk inc covid hosp,-1,2026-09-05,15,quantile,0.3,28.58
2026-09-12,wk inc covid hosp,0,2026-09-12,15,quantile,0.3,26.21
2026-09-12,wk inc covid hosp,1,2026-09-19,15,quantile,0.3,23.94
2026-09-12,wk inc covid hosp,2,2026-09-26,15,quantile,0.3,21.89
2026-09-12,wk inc covid hosp,3,2026-10-03,15,quantile,0.3,19.36
2026-09-12,wk inc covid hosp,-1,2026-09-05,15,quantile,0.35,28.75
2026-09-12,wk inc covid hosp,0,2026-09-12,15,quantile,0.35,26.46
2026-09-12,wk inc covid hosp,1,2026-09-19,15,quantile,0.35,24.23
2026-09-12,wk inc covid hosp,2,2026-09-26,15,quantile,0.35,22.2
2026-09-12,wk inc covid hosp,3,2026-10-03,15,quantile,0.35,19.69
2026-09-12,wk inc covid hosp,-1,2026-09-05,15,quantile,0.4,28.92
2026-09-12,wk inc covid hosp,0,2026-09-12,15,quantile,0.4,26.7
2026-09-12,wk inc covid hosp,1,2026-09-19,15,quantile,0.4,24.5
2026-09-12,wk inc covid hosp,2,2026-09-26,15,quantile,0.4,22.5
2026-09-12,wk inc covid hosp,3,2026-10-03,15,quantile,0.4,20.0
2026-09-12,wk inc covid hosp,-1,2026-09-05,15,quantile,0.45,29.08
2026-09-12,wk inc covid hosp,0,2026-09-12,15,quantile,0.45,26.93
2026-09-12,wk inc covid hosp,1,2026-09-19,15,quantile,0.45,24.76
2026-09-12,wk inc covid hosp,2,2026-09-26,15,quantile,0.45,22.79
2026-09-12,wk inc covid hosp,3,2026-10-03,15,quantile,0.45,20.3
2026-09-12,wk inc covid hosp,-1,2026-09-05,15,quantile,0.5,29.24
2026-09-12,wk inc covid hosp,0,2026-09-12,15,quantile,0.5,27.15
2026-09-12,wk inc covid hosp,1,2026-09-19,15,quantile,0.5,25.03
2026-09-12,wk inc covid hosp,2,2026-09-26,15,quantile,0.5,23.08
2026-09-12,wk inc covid hosp,3,2026-10-03,15,quantile,0.5,20.6
2026-09-12,wk inc covid hosp,-1,2026-09-05,15,quantile,0.55,29.4
2026-09-12,wk inc covid hosp,0,2026-09-12,15,quantile,0.55,27.38
2026-09-12,wk inc covid hosp,1,2026-09-19,15,quantile,0.55,25.29
2026-09-12,wk inc covid hosp,2,2026-09-26,15,quantile,0.55,23.37
2026-09-12,wk inc covid hosp,3,2026-10-03,15,quantile,0.55,20.91
2026-09-12,wk inc covid hosp,-1,2026-09-05,15,quantile,0.6,29.56
2026-09-12,wk inc covid hosp,0,2026-09-12,15,quantile,0.6,27.62
2026-09-12,wk inc covid hosp,1,2026-09-19,15,quantile,0.6,25.56
2026-09-12,wk inc covid hosp,2,2026-09-26,15,quantile,0.6,23.68
2026-09-12,wk inc covid hosp,3,2026-10-03,15,quantile,0.6,21.22
2026-09-12,wk inc covid hosp,-1,2026-09-05,15,quantile,0.65,29.73
2026-09-12,wk inc covid hosp,0,2026-09-12,15,quantile,0.65,27.86
2026-09-12,wk inc covid hosp,1,2026-09-19,15,quantile,0.65,25.85
2026-09-12,wk inc covid hosp,2,2026-09-26,15,quantile,0.65,23.99
2026-09-12,wk inc covid hosp,3,2026-10-03,15,quantile,0.65,21.55
2026-09-12,wk inc covid hosp,-1,2026-09-05,15,quantile,0.7,29.91
2026-09-12,wk inc covid hosp,0,2026-09-12,15,quantile,0.7,28.12
2026-09-12,wk inc covid hosp,1,2026-09-19,15,quantile,0.7,26.15
2026-09-12,wk inc covid hosp,2,2026-09-26,15,quantile,0.7,24.33
2026-09-12,wk inc covid hosp,3,2026-10-03,15,quantile,0.7,21.9
2026-09-12,wk inc covid hosp,-1,2026-09-05,15,quantile,0.75,30.1
2026-09-12,wk inc covid hosp,0,2026-09-12,15,quantile,0.75,28.4
2026-09-12,wk inc covid hosp,1,2026-09-19,15,quantile,0.75,26.48
2026-09-12,wk inc covid hosp,2,2026-09-26,15,quantile,0.75,24.7
2026-09-12,wk inc covid hosp,3,2026-10-03,15,quantile,0.75,22.28
2026-09-12,wk inc covid hosp,-1,2026-09-05,15,quantile,0.8,30.32
2026-09-12,wk inc covid hosp,0,2026-09-12,15,quantile,0.8,28.72
2026-09-12,wk inc covid hosp,1,2026-09-19,15,quantile,0.8,26.85
2026-09-12,wk inc covid hosp,2,2026-09-26,15,quantile,0.8,25.11
2026-09-12,wk inc covid hosp,3,2026-10-03,15,quantile,0.8,22.72
2026-09-12,wk inc covid hosp,-1,2026-09-05,15,quantile,0.85,30.58
2026-09-12,wk inc covid hosp,0,2026-09-12,15,quantile,0.85,29.09
2026-09-12,wk inc covid hosp,1,2026-09-19,15,quantile,0.85,27.29
2026-09-12,wk inc covid hosp,2,2026-09-26,15,quantile,0.85,25.6
2026-09-12,wk inc covid hosp,3,2026-10-03,15,quantile,0.85,23.23
2026-09-12,wk inc covid hosp,-1,2026-09-05,15,quantile,0.9,30.9
2026-09-12,wk inc covid hosp,0,2026-09-12,15,quantile,0.9,29.56
2026-09-12,wk inc covid hosp,1,2026-09-19,15,quantile,0.9,27.85
2026-09-12,wk inc covid hosp,2,2026-09-26,15,quantile,0.9,26.23
2026-09-12,wk inc covid hosp,3,2026-10-03,15,quantile,0.9,23.9
2026-09-12,wk inc covid hosp,-1,2026-09-05,15,quantile,0.95,31.39
2026-09-12,wk inc covid hosp,0,2026-09-12,15,quantile,0.95,30.28
2026-09-12,wk inc covid hosp,1,2026-09-19,15,quantile,0.95,28.69
2026-09-12,wk inc covid hosp,2,2026-09-26,15,quantile,0.95,27.18
2026-09-12,wk inc covid hosp,3,2026-10-03,15,quantile,0.95,24.91
2026-09-12,wk inc covid hosp,-1,2026-09-05,15,quantile,0.975,31.81
2026-09-12,wk inc covid hosp,0,2026-09-12,15,quantile,0.975,30.91
2026-09-12,wk inc covid hosp,1,2026-09-19,15,quantile,0.975,29.45
2026-09-12,wk inc covid hosp,2,2026-09-26,15,quantile,0.975,28.03
2026-09-12,wk inc covid hosp,3,2026-10-03,15,quantile,0.975,25.81
2026-09-12,wk inc covid hosp,-1,2026-09-05,15,quantile,0.99,32.31
2026-09-12,wk inc covid hosp,0,2026-09-12,15,quantile,0.99,31.66
2026-09-12,wk inc covid hosp,1,2026-09-19,15,quantile,0.99,30.34
2026-09-12,wk inc covid hosp,2,2026-09-26,15,quantile,0.99,29.05
2026-09-12,wk inc covid hosp,3,2026-10-03,15,quantile,0.99,26.9
2026-09-12,wk inc covid hosp,-1,2026-09-05,16,quantile,0.01,13.79
2026-09-12,wk inc covid hosp,0,2026-09-12,16,quantile,0.01,13.69
2026-09-12,wk inc covid hosp,1,2026-09-19,16,quantile,0.01,12.45
2026-09-12,wk inc covid hosp,2,2026-09-26,16,quantile,0.01,11.2
2026-09-12,wk inc covid hosp,3,2026-10-03,16,quantile,0.01,10.01
2026-09-12,wk inc covid hosp,-1,2026-09-05,16,quantile,0.025,14.16
2026-09-12,wk inc covid hosp,0,2026-09-12,16,quantile,0.025,14.2
2026-09-12,wk inc covid hosp,1,2026-09-19,16,quantile,0.025,13.08
2026-09-12,wk inc covid hosp,2,2026-09-26,16,quantile,0.025,11.88
2026-09-12,wk inc covid hosp,3,2026-10-03,16,quantile,0.025,10.73
2026-09-12,wk inc covid hosp,-1,2026-09-05,16,quantile,0.05,14.48
2026-09-12,wk inc covid hosp,0,2026-09-12,16,quantile,0.05,14.65
2026-09-12,wk inc covid hosp,1,2026-09-19,16,quantile,0.05,13.64
2026-09-12,wk inc covid hosp,2,2026-09-26,16,quantile,0.05,12.5
2026-09-12,wk inc covid hosp,3,2026-10-03,16,quantile,0.05,11.38
2026-09-12,wk inc covid hosp,-1,2026-09-05,16,quantile,0.1,14.86
2026-09-12,wk inc covid hosp,0,2026-09-12,16,quantile,0.1,15.19
2026-09-12,wk inc covid hosp,1,2026-09-19,16,quantile,0.1,14.31
2026-09-12,wk inc covid hosp,2,2026-09-26,16,quantile,0.1,13.25
2026-09-12,wk inc covid hosp,3,2026-10-03,16,quantile,0.1,12.16
2026-09-12,wk inc covid hosp,-1,2026-09-05,16,quantile,0.15,15.12
2026-09-12,wk inc covid hosp,0,2026-09-12,16,quantile,0.15,15.56
2026-09-12,wk inc covid hosp,1,2026-09-19,16,quantile,0.15,14.77
2026-09-12,wk inc covid hosp,2,2026-09-26,16,quantile,0.15,13.77
2026-09-12,wk inc covid hosp,3,2026-10-03,16,quantile,0.15,12.72
2026-09-12,wk inc covid hosp,-1,2026-09-05,16,quantile,0.2,15.33
2026-09-12,wk inc covid hosp,0,2026-09-12,16,quantile,0.2,15.86
2026-09-12,wk inc covid hosp,1,2026-09-19,16,quantile,0.2,15.15
2026-09-12,wk inc covid hosp,2,2026-09-26,16,quantile,0.2,14.2
2026-09-12,wk inc covid hosp,3,2026-10-03,16,quantile,0.2,13.18
2026-09-12,wk inc covid hosp,-1,2026-09-05,16,quantile,0.25,15.51
2026-09-12,wk inc covid hosp,0,2026-09-12,16,quantile,0.25,16.12
2026-09-12,wk inc covid hosp,1,2026-09-19,16,quantile,0.25,15.49
2026-09-12,wk inc covid hosp,2,2026-09-26,16,quantile,0.25,14.58
2026-09-12,wk inc covid hosp,3,2026-10-03,16,quantile,0.25,13.58
2026-09-12,wk inc covid hosp,-1,2026-09-05,16,quantile,0.3,15.67
2026-09-12,wk inc covid hosp,0,2026-09-12,16,quantile,0.3,16.36
2026-09-12,wk inc covid hosp,1,2026-09-19,16,quantile,0.3,15.79
2026-09-12,wk inc covid hosp,2,2026-09-26,16,quantile,0.3,14.92
2026-09-12,wk inc covid hosp,3,2026-10-03,16,quantile,0.3,13.95
2026-09-12,wk inc covid hosp,-1,2026-09-05,16,quantile,0.35,15.82
2026-09-12,wk inc covid hosp,0,2026-09-12,16,quantile,0.35,16.59
2026-09-12,wk inc covid hosp,1,2026-09-19,16,quantile,0.35,16.08
2026-09-12,wk inc covid hosp,2,2026-09-26,16,quantile,0.35,15.25
2026-09-12,wk inc covid hosp,3,2026-10-03,16,quantile,0.35,14.3
2026-09-12,wk inc covid hosp,-1,2026-09-05,16,quantile,0.4,15.97
2026-09-12,wk inc covid hosp,0,2026-09-12,16,quantile,0.4,16.8
2026-09-12,wk inc covid hosp,1,2026-09-19,16,quantile,0.4,16.35
2026-09-12,wk inc covid hosp,2,2026-09-26,16,quantile,0.4,15.56
2026-09-12,wk inc covid hosp,3,2026-10-03,16,quantile,0.4,14.64
2026-09-12,wk inc covid hosp,-1,2026-09-05,16,quantile,0.45,16.11
2026-09-12,wk inc covid hosp,0,2026-09-12,16,quantile,0.45,17.01
2026-09-12,wk inc covid hosp,1,2026-09-19,16,quantile,0.45,16.62
2026-09-12,wk inc covid hosp,2,2026-09-26,16,quantile,0.45,15.87
2026-09-12,wk inc covid hosp,3,2026-10-03,16,quantile,0.45,14.98
2026-09-12,wk inc covid hosp,-1,2026-09-05,16,quantile,0.5,16.26
2026-09-12,wk inc covid hosp,0,2026-09-12,16,quantile,0.5,17.22
2026-09-12,wk inc covid hosp,1,2026-09-19,16,quantile,0.5,16.89
2026-09-12,wk inc covid hosp,2,2026-09-26,16,quantile,0.5,16.18
2026-09-12,wk inc covid hosp,3,2026-10-03,16,quantile,0.5,15.31
2026-09-12,wk inc covid hosp,-1,2026-09-05,16,quantile,0.55,16.4
2026-09-12,wk inc covid hosp,0,2026-09-12,16,quantile,0.55,17.43
2026-09-12,wk inc covid hosp,1,2026-09-19,16,quantile,0.55,17.17
2026-09-12,wk inc covid hosp,2,2026-09-26,16,quantile,0.55,16.5
2026-09-12,wk inc covid hosp,3,2026-10-03,16,quantile,0.55,15.66
2026-09-12,wk inc covid hosp,-1,2026-09-05,16,quantile,0.6,16.55
2026-09-12,wk inc covid hosp,0,2026-09-12,16,quantile,0.6,17.64
2026-09-12,wk inc covid hosp,1,2026-09-19,16,quantile,0.6,17.45
2026-09-12,wk inc covid hosp,2,2026-09-26,16,quantile,0.6,16.82
2026-09-12,wk inc covid hosp,3,2026-10-03,16,quantile,0.6,16.01
2026-09-12,wk inc covid hosp,-1,2026-09-05,16,quantile,0.65,16.7
2026-09-12,wk inc covid hosp,0,2026-09-12,16,quantile,0.65,17.87
2026-09-12,wk inc covid hosp,1,2026-09-19,16,quantile,0.65,17.74
2026-09-12,wk inc covid hosp,2,2026-09-26,16,quantile,0.65,17.17
2026-09-12,wk inc covid hosp,3,2026-10-03,16,quantile,0.65,16.39
2026-09-12,wk inc covid hosp,-1,2026-09-05,16,quantile,0.7,16.86
2026-09-12,wk inc covid hosp,0,2026-09-12,16,quantile,0.7,18.11
2026-09-12,wk inc covid hosp,1,2026-09-19,16,quantile,0.7,18.06
2026-09-12,wk inc covid hosp,2,2026-09-26,16,quantile,0.7,17.53
2026-09-12,wk inc covid hosp,3,2026-10-03,16,quantile,0.7,16.79
2026-09-12,wk inc covid hosp,-1,2026-09-05,16,quantile,0.75,17.04
2026-09-12,wk inc covid hosp,0,2026-09-12,16,quantile,0.75,18.37
2026-09-12,wk inc covid hosp,1,2026-09-19,16,quantile,0.75,18.41
2026-09-12,wk inc covid hosp,2,2026-09-26,16,quantile,0.75,17.94
2026-09-12,wk inc covid hosp,3,2026-10-03,16,quantile,0.75,17.23
2026-09-12,wk inc covid hosp,-1,2026-09-05,16,quantile,0.8,17.23
2026-09-12,wk inc covid hosp,0,2026-09-12,16,quantile,0.8,18.67
2026-09-12,wk inc covid hosp,1,2026-09-19,16,quantile,0.8,18.8
2026-09-12,wk inc covid hosp,2,2026-09-26,16,quantile,0.8,18.39
2026-09-12,wk inc covid hosp,3,2026-10-03,16,quantile,0.8,17.73
2026-09-12,wk inc covid hosp,-1,2026-09-05,16,quantile,0.85,17.47
2026-09-12,wk inc covid hosp,0,2026-09-12,16,quantile,0.85,19.02
2026-09-12,wk inc covid hosp,1,2026-09-19,16,quantile,0.85,19.26
2026-09-12,wk inc covid hosp,2,2026-09-26,16,quantile,0.85,18.94
2026-09-12,wk inc covid hosp,3,2026-10-03,16,quantile,0.85,18.34
2026-09-12,wk inc covid hosp,-1,2026-09-05,16,quantile,0.9,17.76
2026-09-12,wk inc covid hosp,0,2026-09-12,16,quantile,0.9,19.47
2026-09-12,wk inc covid hosp,1,2026-09-19,16,quantile,0.9,19.86
2026-09-12,wk inc covid hosp,2,2026-09-26,16,quantile,0.9,19.64
2026-09-12,wk inc covid hosp,3,2026-10-03,16,quantile,0.9,19.12
2026-09-12,wk inc covid hosp,-1,2026-09-05,16,quantile,0.95,18.21
2026-09-12,wk inc covid hosp,0,2026-09-12,16,quantile,0.95,20.15
2026-09-12,wk inc covid hosp,1,2026-09-19,16,quantile,0.95,20.78
2026-09-12,wk inc covid hosp,2,2026-09-26,16,quantile,0.95,20.73
2026-09-12,wk inc covid hosp,3,2026-10-03,16,quantile,0.95,20.33
2026-09-12,wk inc covid hosp,-1,2026-09-05,16,quantile,0.975,18.61
2026-09-12,wk inc covid hosp,0,2026-09-12,16,quantile,0.975,20.75
2026-09-12,wk inc covid hosp,1,2026-09-19,16,quantile,0.975,21.6
2026-09-12,wk inc covid hosp,2,2026-09-26,16,quantile,0.975,21.71
2026-09-12,wk inc covid hosp,3,2026-10-03,16,quantile,0.975,21.43
2026-09-12,wk inc covid hosp,-1,2026-09-05,16,quantile,0.99,19.08
2026-09-12,wk inc covid hosp,0,2026-09-12,16,quantile,0.99,21.48
2026-09-12,wk inc covid hosp,1,2026-09-19,16,quantile,0.99,22.59
2026-09-12,wk inc covid hosp,2,2026-09-26,16,quantile,0.99,22.9
2026-09-12,wk inc covid hosp,3,2026-10-03,16,quantile,0.99,22.77
2026-09-12,wk inc covid hosp,-1,2026-09-05,17,quantile,0.01,31.61
2026-09-12,wk inc covid hosp,0,2026-09-12,17,quantile,0.01,28.34
2026-09-12,wk inc covid hosp,1,2026-09-19,17,quantile,0.01,24.84
2026-09-12,wk inc covid hosp,2,2026-09-26,17,quantile,0.01,19.59
2026-09-12,wk inc covid hosp,3,2026-10-03,17,quantile,0.01,15.08
2026-09-12,wk inc covid hosp,-1,2026-09-05,17,quantile,0.025,33.03
2026-09-12,wk inc covid hosp,0,2026-09-12,17,quantile,0.025,30.25
2026-09-12,wk inc covid hosp,1,2026-09-19,17,quantile,0.025,27.13
2026-09-12,wk inc covid hosp,2,2026-09-26,17,quantile,0.025,21.92
2026-09-12,wk inc covid hosp,3,2026-10-03,17,quantile,0.025,17.19
2026-09-12,wk inc covid hosp,-1,2026-09-05,17,quantile,0.05,34.28
2026-09-12,wk inc covid hosp,0,2026-09-12,17,quantile,0.05,31.97
2026-09-12,wk inc covid hosp,1,2026-09-19,17,quantile,0.05,29.24
2026-09-12,wk inc covid hosp,2,2026-09-26,17,quantile,0.05,24.11
2026-09-12,wk inc covid hosp,3,2026-10-03,17,quantile,0.05,19.19
2026-09-12,wk inc covid hosp,-1,2026-09-05,17,quantile,0.1,35.78
2026-09-12,wk inc covid hosp,0,2026-09-12,17,quantile,0.1,34.07
2026-09-12,wk inc covid hosp,1,2026-09-19,17,quantile,0.1,31.85
2026-09-12,wk inc covid hosp,2,2026-09-26,17,quantile,0.1,26.85
2026-09-12,wk inc covid hosp,3,2026-10-03,17,quantile,0.1,21.75
2026-09-12,wk inc covid hosp,-1,2026-09-05,17,quantile,0.15,36.83
2026-09-12,wk inc covid hosp,0,2026-09-12,17,quantile,0.15,35.54
2026-09-12,wk inc covid hosp,1,2026-09-19,17,quantile,0.15,33.71
2026-09-12,wk inc covid hosp,2,2026-09-26,17,quantile,0.15,28.85
2026-09-12,wk inc covid hosp,3,2026-10-03,17,quantile,0.15,23.63
2026-09-12,wk inc covid hosp,-1,2026-09-05,17,quantile,0.2,37.67
2026-09-12,wk inc covid hosp,0,2026-09-12,17,quantile,0.2,36.75
2026-09-12,wk inc covid hosp,1,2026-09-19,17,quantile,0.2,35.26
2026-09-12,wk inc covid hosp,2,2026-09-26,17,quantile,0.2,30.52
2026-09-12,wk inc covid hosp,3,2026-10-03,17,quantile,0.2,25.22
2026-09-12,wk inc covid hosp,-1,2026-09-05,17,quantile,0.25,38.41
2026-09-12,wk inc covid hosp,0,2026-09-12,17,quantile,0.25,37.81
2026-09-12,wk inc covid hosp,1,2026-09-19,17,quantile,0.25,36.63
2026-09-12,wk inc covid hosp,2,2026-09-26,17,quantile,0.25,32.03
2026-09-12,wk inc covid hosp,3,2026-10-03,17,quantile,0.25,26.65
2026-09-12,wk inc covid hosp,-1,2026-09-05,17,quantile,0.3,39.09
2026-09-12,wk inc covid hosp,0,2026-09-12,17,quantile,0.3,38.79
2026-09-12,wk inc covid hosp,1,2026-09-19,17,quantile,0.3,37.9
2026-09-12,wk inc covid hosp,2,2026-09-26,17,quantile,0.3,33.43
2026-09-12,wk inc covid hosp,3,2026-10-03,17,quantile,0.3,28.0
2026-09-12,wk inc covid hosp,-1,2026-09-05,17,quantile,0.35,39.72
2026-09-12,wk inc covid hosp,0,2026-09-12,17,quantile,0.35,39.72
2026-09-12,wk inc covid hosp,1,2026-09-19,17,quantile,0.35,39.11
2026-09-12,wk inc covid hosp,2,2026-09-26,17,quantile,0.35,34.77
2026-09-12,wk inc covid hosp,3,2026-10-03,17,quantile,0.35,29.29
2026-09-12,wk inc covid hosp,-1,2026-09-05,17,quantile,0.4,40.33
2026-09-12,wk inc covid hosp,0,2026-09-12,17,quantile,0.4,40.61
2026-09-12,wk inc covid hosp,1,2026-09-19,17,quantile,0.4,40.29
2026-09-12,wk inc covid hosp,2,2026-09-26,17,quantile,0.4,36.08
2026-09-12,wk inc covid hosp,3,2026-10-03,17,quantile,0.4,30.57
2026-09-12,wk inc covid hosp,-1,2026-09-05,17,quantile,0.45,40.92
2026-09-12,wk inc covid hosp,0,2026-09-12,17,quantile,0.45,41.49
2026-09-12,wk inc covid hosp,1,2026-09-19,17,quantile,0.45,41.45
2026-09-12,wk inc covid hosp,2,2026-09-26,17,quantile,0.45,37.39
2026-09-12,wk inc covid hosp,3,2026-10-03,17,quantile,0.45,31.85
2026-09-12,wk inc covid hosp,-1,2026-09-05,17,quantile,0.5,41.52
2026-09-12,wk inc covid hosp,0,2026-09-12,17,quantile,0.5,42.38
2026-09-12,wk inc covid hosp,1,2026-09-19,17,quantile,0.5,42.63
2026-09-12,wk inc covid hosp,2,2026-09-26,17,quantile,0.5,38.72
2026-09-12,wk inc covid hosp,3,2026-10-03,17,quantile,0.5,33.15
2026-09-12,wk inc covid hosp,-1,2026-09-05,17,quantile,0.55,42.12
2026-09-12,wk inc covid hosp,0,2026-09-12,17,quantile,0.55,43.28
2026-09-12,wk inc covid hosp,1,2026-09-19,17,quantile,0.55,43.83
2026-09-12,wk inc covid hosp,2,2026-09-26,17,quantile,0.55,40.09
2026-09-12,wk inc covid hosp,3,2026-10-03,17,quantile,0.55,34.5
2026-09-12,wk inc covid hosp,-1,2026-09-05,17,quantile,0.6,42.74
2026-09-12,wk inc covid hosp,0,2026-09-12,17,quantile,0.6,44.21
2026-09-12,wk inc covid hosp,1,2026-09-19,17,quantile,0.6,45.08
2026-09-12,wk inc covid hosp,2,2026-09-26,17,quantile,0.6,41.52
2026-09-12,wk inc covid hosp,3,2026-10-03,17,quantile,0.6,35.91
2026-09-12,wk inc covid hosp,-1,2026-09-05,17,quantile,0.65,43.39
2026-09-12,wk inc covid hosp,0,2026-09-12,17,quantile,0.65,45.18
2026-09-12,wk inc covid hosp,1,2026-09-19,17,quantile,0.65,46.41
2026-09-12,wk inc covid hosp,2,2026-09-26,17,quantile,0.65,43.05
2026-09-12,wk inc covid hosp,3,2026-10-03,17,quantile,0.65,37.42
2026-09-12,wk inc covid hosp,-1,2026-09-05,17,quantile,0.7,44.08
2026-09-12,wk inc covid hosp,0,2026-09-12,17,quantile,0.7,46.23
2026-09-12,wk inc covid hosp,1,2026-09-19,17,quantile,0.7,47.84
2026-09-12,wk inc covid hosp,2,2026-09-26,17,quantile,0.7,44.7
2026-09-12,wk inc covid hosp,3,2026-10-03,17,quantile,0.7,39.07
2026-09-12,wk inc covid hosp,-1,2026-09-05,17,quantile,0.75,44.83
2026-09-12,wk inc covid hosp,0,2026-09-12,17,quantile,0.75,47.39
2026-09-12,wk inc covid hosp,1,2026-09-19,17,quantile,0.75,49.43
2026-09-12,wk inc covid hosp,2,2026-09-26,17,quantile,0.75,46.55
2026-09-12,wk inc covid hosp,3,2026-10-03,17,quantile,0.75,40.92
2026-09-12,wk inc covid hosp,-1,2026-09-05,17,quantile,0.8,45.69
2026-09-12,wk inc covid hosp,0,2026-09-12,17,quantile,0.8,48.71
2026-09-12,wk inc covid hosp,1,2026-09-19,17,quantile,0.8,51.24
2026-09-12,wk inc covid hosp,2,2026-09-26,17,quantile,0.8,48.68
2026-09-12,wk inc covid hosp,3,2026-10-03,17,quantile,0.8,43.07
2026-09-12,wk inc covid hosp,-1,2026-09-05,17,quantile,0.85,46.7
2026-09-12,wk inc covid hosp,0,2026-09-12,17,quantile,0.85,50.28
2026-09-12,wk inc covid hosp,1,2026-09-19,17,quantile,0.85,53.43
2026-09-12,wk inc covid hosp,2,2026-09-26,17,quantile,0.85,51.27
2026-09-12,wk inc covid hosp,3,2026-10-03,17,quantile,0.85,45.68
2026-09-12,wk inc covid hosp,-1,2026-09-05,17,quantile,0.9,48.0
2026-09-12,wk inc covid hosp,0,2026-09-12,17,quantile,0.9,52.32
2026-09-12,wk inc covid hosp,1,2026-09-19,17,quantile,0.9,56.3
2026-09-12,wk inc covid hosp,2,2026-09-26,17,quantile,0.9,54.68
2026-09-12,wk inc covid hosp,3,2026-10-03,17,quantile,0.9,49.16
2026-09-12,wk inc covid hosp,-1,2026-09-05,17,quantile,0.95,49.98
2026-09-12,wk inc covid hosp,0,2026-09-12,17,quantile,0.95,55.46
2026-09-12,wk inc covid hosp,1,2026-09-19,17,quantile,0.95,60.77
2026-09-12,wk inc covid hosp,2,2026-09-26,17,quantile,0.95,60.08
2026-09-12,wk inc covid hosp,3,2026-10-03,17,quantile,0.95,54.71
2026-09-12,wk inc covid hosp,-1,2026-09-05,17,quantile,0.975,51.76
2026-09-12,wk inc covid hosp,0,2026-09-12,17,quantile,0.975,58.32
2026-09-12,wk inc covid hosp,1,2026-09-19,17,quantile,0.975,64.89
2026-09-12,wk inc covid hosp,2,2026-09-26,17,quantile,0.975,65.12
2026-09-12,wk inc covid hosp,3,2026-10-03,17,quantile,0.975,59.94
2026-09-12,wk inc covid hosp,-1,2026-09-05,17,quantile,0.99,53.89
2026-09-12,wk inc covid hosp,0,2026-09-12,17,quantile,0.99,61.79
2026-09-12,wk inc covid hosp,1,2026-09-19,17,quantile,0.99,69.96
2026-09-12,wk inc covid hosp,2,2026-09-26,17,quantile,0.99,71.41
2026-09-12,wk inc covid hosp,3,2026-10-03,17,quantile,0.99,66.53
2026-09-12,wk inc covid hosp,-1,2026-09-05,18,quantile,0.01,9.89
2026-09-12,wk inc covid hosp,0,2026-09-12,18,quantile,0.01,9.53
2026-09-12,wk inc covid hosp,1,2026-09-19,18,quantile,0.01,8.53
2026-09-12,wk inc covid hosp,2,2026-09-26,18,quantile,0.01,7.3
2026-09-12,wk inc covid hosp,3,2026-10-03,18,quantile,0.01,5.35
2026-09-12,wk inc covid hosp,-1,2026-09-05,18,quantile,0.025,10.51
2026-09-12,wk inc covid hosp,0,2026-09-12,18,quantile,0.025,10.38
2026-09-12,wk inc covid hosp,1,2026-09-19,18,quantile,0.025,9.56
2026-09-12,wk inc covid hosp,2,2026-09-26,18,quantile,0.025,8.37
2026-09-12,wk inc covid hosp,3,2026-10-03,18,quantile,0.025,6.3
2026-09-12,wk inc covid hosp,-1,2026-09-05,18,quantile,0.05,11.08
2026-09-12,wk inc covid hosp,0,2026-09-12,18,quantile,0.05,11.17
2026-09-12,wk inc covid hosp,1,2026-09-19,18,quantile,0.05,10.51
2026-09-12,wk inc covid hosp,2,2026-09-26,18,quantile,0.05,9.39
2026-09-12,wk inc covid hosp,3,2026-10-03,18,quantile,0.05,7.23
2026-09-12,wk inc covid hosp,-1,2026-09-05,18,quantile,0.1,11.76
2026-09-12,wk inc covid hosp,0,2026-09-12,18,quantile,0.1,12.14
2026-09-12,wk inc covid hosp,1,2026-09-19,18,quantile,0.1,11.72
2026-09-12,wk inc covid hosp,2,2026-09-26,18,quantile,0.1,10.7
2026-09-12,wk inc covid hosp,3,2026-10-03,18,quantile,0.1,8.43
2026-09-12,wk inc covid hosp,-1,2026-09-05,18,quantile,0.15,12.24
2026-09-12,wk inc covid hosp,0,2026-09-12,18,quantile,0.15,12.83
2026-09-12,wk inc covid hosp,1,2026-09-19,18,quantile,0.15,12.6
2026-09-12,wk inc covid hosp,2,2026-09-26,18,quantile,0.15,11.66
2026-09-12,wk inc covid hosp,3,2026-10-03,18,quantile,0.15,9.34
2026-09-12,wk inc covid hosp,-1,2026-09-05,18,quantile,0.2,12.63
2026-09-12,wk inc covid hosp,0,2026-09-12,18,quantile,0.2,13.41
2026-09-12,wk inc covid hosp,1,2026-09-19,18,quantile,0.2,13.33
2026-09-12,wk inc covid hosp,2,2026-09-26,18,quantile,0.2,12.48
2026-09-12,wk inc covid hosp,3,2026-10-03,18,quantile,0.2,10.12
2026-09-12,wk inc covid hosp,-1,2026-09-05,18,quantile,0.25,12.98
2026-09-12,wk inc covid hosp,0,2026-09-12,18,quantile,0.25,13.92
2026-09-12,wk inc covid hosp,1,2026-09-19,18,quantile,0.25,13.99
2026-09-12,wk inc covid hosp,2,2026-09-26,18,quantile,0.25,13.22
2026-09-12,wk inc covid hosp,3,2026-10-03,18,quantile,0.25,10.83
2026-09-12,wk inc covid hosp,-1,2026-09-05,18,quantile,0.3,13.29
2026-09-12,wk inc covid hosp,0,2026-09-12,18,quantile,0.3,14.39
2026-09-12,wk inc covid hosp,1,2026-09-19,18,quantile,0.3,14.61
2026-09-12,wk inc covid hosp,2,2026-09-26,18,quantile,0.3,13.92
2026-09-12,wk inc covid hosp,3,2026-10-03,18,quantile,0.3,11.5
2026-09-12,wk inc covid hosp,-1,2026-09-05,18,quantile,0.35,13.59
2026-09-12,wk inc covid hosp,0,2026-09-12,18,quantile,0.35,14.84
2026-09-12,wk inc covid hosp,1,2026-09-19,18,quantile,0.35,15.2
2026-09-12,wk inc covid hosp,2,2026-09-26,18,quantile,0.35,14.59
2026-09-12,wk inc covid hosp,3,2026-10-03,18,quantile,0.35,12.15
2026-09-12,wk inc covid hosp,-1,2026-09-05,18,quantile,0.4,13.88
2026-09-12,wk inc covid hosp,0,2026-09-12,18,quantile,0.4,15.27
2026-09-12,wk inc covid hosp,1,2026-09-19,18,quantile,0.4,15.77
2026-09-12,wk inc covid hosp,2,2026-09-26,18,quantile,0.4,15.25
2026-09-12,wk inc covid hosp,3,2026-10-03,18,quantile,0.4,12.8
2026-09-12,wk inc covid hosp,-1,2026-09-05,18,quantile,0.45,14.17
2026-09-12,wk inc covid hosp,0,2026-09-12,18,quantile,0.45,15.7
2026-09-12,wk inc covid hosp,1,2026-09-19,18,quantile,0.45,16.35
2026-09-12,wk inc covid hosp,2,2026-09-26,18,quantile,0.45,15.92
2026-09-12,wk inc covid hosp,3,2026-10-03,18,quantile,0.45,13.46
2026-09-12,wk inc covid hosp,-1,2026-09-05,18,quantile,0.5,14.45
2026-09-12,wk inc covid hosp,0,2026-09-12,18,quantile,0.5,16.14
2026-09-12,wk inc covid hosp,1,2026-09-19,18,quantile,0.5,16.93
2026-09-12,wk inc covid hosp,2,2026-09-26,18,quantile,0.5,16.6
2026-09-12,wk inc covid hosp,3,2026-10-03,18,quantile,0.5,14.13
2026-09-12,wk inc covid hosp,-1,2026-09-05,18,quantile,0.55,14.74
2026-09-12,wk inc covid hosp,0,2026-09-12,18,quantile,0.55,16.58
2026-09-12,wk inc covid hosp,1,2026-09-19,18,quantile,0.55,17.54
2026-09-12,wk inc covid hosp,2,2026-09-26,18,quantile,0.55,17.3
2026-09-12,wk inc covid hosp,3,2026-10-03,18,quantile,0.55,14.83
2026-09-12,wk inc covid hosp,-1,2026-09-05,18,quantile,0.6,15.04
2026-09-12,wk inc covid hosp,0,2026-09-12,18,quantile,0.6,17.05
2026-09-12,wk inc covid hosp,1,2026-09-19,18,quantile,0.6,18.17
2026-09-12,wk inc covid hosp,2,2026-09-26,18,quantile,0.6,18.04
2026-09-12,wk inc covid hosp,3,2026-10-03,18,quantile,0.6,15.57
2026-09-12,wk inc covid hosp,-1,2026-09-05,18,quantile,0.65,15.35
2026-09-12,wk inc covid hosp,0,2026-09-12,18,quantile,0.65,17.54
2026-09-12,wk inc covid hosp,1,2026-09-19,18,quantile,0.65,18.84
2026-09-12,wk inc covid hosp,2,2026-09-26,18,quantile,0.65,18.83
2026-09-12,wk inc covid hosp,3,2026-10-03,18,quantile,0.65,16.36
2026-09-12,wk inc covid hosp,-1,2026-09-05,18,quantile,0.7,15.69
2026-09-12,wk inc covid hosp,0,2026-09-12,18,quantile,0.7,18.07
2026-09-12,wk inc covid hosp,1,2026-09-19,18,quantile,0.7,19.56
2026-09-12,wk inc covid hosp,2,2026-09-26,18,quantile,0.7,19.69
2026-09-12,wk inc covid hosp,3,2026-10-03,18,quantile,0.7,17.24
2026-09-12,wk inc covid hosp,-1,2026-09-05,18,quantile,0.75,16.06
2026-09-12,wk inc covid hosp,0,2026-09-12,18,quantile,0.75,18.65
2026-09-12,wk inc covid hosp,1,2026-09-19,18,quantile,0.75,20.38
2026-09-12,wk inc covid hosp,2,2026-09-26,18,quantile,0.75,20.66
2026-09-12,wk inc covid hosp,3,2026-10-03,18,quantile,0.75,18.23
2026-09-12,wk inc covid hosp,-1,2026-09-05,18,quantile,0.8,16.48
2026-09-12,wk inc covid hosp,0,2026-09-12,18,quantile,0.8,19.32
2026-09-12,wk inc covid hosp,1,2026-09-19,18,quantile,0.8,21.31
2026-09-12,wk inc covid hosp,2,2026-09-26,18,quantile,0.8,21.78
2026-09-12,wk inc covid hosp,3,2026-10-03,18,quantile,0.8,19.39
2026-09-12,wk inc covid hosp,-1,2026-09-05,18,quantile,0.85,16.98
2026-09-12,wk inc covid hosp,0,2026-09-12,18,quantile,0.85,20.13
2026-09-12,wk inc covid hosp,1,2026-09-19,18,quantile,0.85,22.45
2026-09-12,wk inc covid hosp,2,2026-09-26,18,quantile,0.85,23.16
2026-09-12,wk inc covid hosp,3,2026-10-03,18,quantile,0.85,20.81
2026-09-12,wk inc covid hosp,-1,2026-09-05,18,quantile,0.9,17.63
2026-09-12,wk inc covid hosp,0,2026-09-12,18,quantile,0.9,21.18
2026-09-12,wk inc covid hosp,1,2026-09-19,18,quantile,0.9,23.96
2026-09-12,wk inc covid hosp,2,2026-09-26,18,quantile,0.9,24.99
2026-09-12,wk inc covid hosp,3,2026-10-03,18,quantile,0.9,22.72
2026-09-12,wk inc covid hosp,-1,2026-09-05,18,quantile,0.95,18.64
2026-09-12,wk inc covid hosp,0,2026-09-12,18,quantile,0.95,22.83
2026-09-12,wk inc covid hosp,1,2026-09-19,18,quantile,0.95,26.34
2026-09-12,wk inc covid hosp,2,2026-09-26,18,quantile,0.95,27.92
2026-09-12,wk inc covid hosp,3,2026-10-03,18,quantile,0.95,25.83
2026-09-12,wk inc covid hosp,-1,2026-09-05,18,quantile,0.975,19.54
2026-09-12,wk inc covid hosp,0,2026-09-12,18,quantile,0.975,24.34
2026-09-12,wk inc covid hosp,1,2026-09-19,18,quantile,0.975,28.55
2026-09-12,wk inc covid hosp,2,2026-09-26,18,quantile,0.975,30.69
2026-09-12,wk inc covid hosp,3,2026-10-03,18,quantile,0.975,28.79
2026-09-12,wk inc covid hosp,-1,2026-09-05,18,quantile,0.99,20.64
2026-09-12,wk inc covid hosp,0,2026-09-12,18,quantile,0.99,26.2
2026-09-12,wk inc covid hosp,1,2026-09-19,18,quantile,0.99,31.33
2026-09-12,wk inc covid hosp,2,2026-09-26,18,quantile,0.99,34.2
2026-09-12,wk inc covid hosp,3,2026-10-03,18,quantile,0.99,32.59
2026-09-12,wk inc covid hosp,-1,2026-09-05,19,quantile,0.01,4.61
2026-09-12,wk inc covid hosp,0,2026-09-12,19,quantile,0.01,4.3
2026-09-12,wk inc covid hosp,1,2026-09-19,19,quantile,0.01,3.8
2026-09-12,wk inc covid hosp,2,2026-09-26,19,quantile,0.01,3.3
2026-09-12,wk inc covid hosp,3,2026-10-03,19,quantile,0.01,2.44
2026-09-12,wk inc covid hosp,-1,2026-09-05,19,quantile,0.025,4.86
2026-09-12,wk inc covid hosp,0,2026-09-12,19,quantile,0.025,4.64
2026-09-12,wk inc covid hosp,1,2026-09-19,19,quantile,0.025,4.21
2026-09-12,wk inc covid hosp,2,2026-09-26,19,quantile,0.025,3.73
2026-09-12,wk inc covid hosp,3,2026-10-03,19,quantile,0.025,2.82
2026-09-12,wk inc covid hosp,-1,2026-09-05,19,quantile,0.05,5.08
2026-09-12,wk inc covid hosp,0,2026-09-12,19,quantile,0.05,4.95
2026-09-12,wk inc covid hosp,1,2026-09-19,19,quantile,0.05,4.59
2026-09-12,wk inc covid hosp,2,2026-09-26,19,quantile,0.05,4.13
2026-09-12,wk inc covid hosp,3,2026-10-03,19,quantile,0.05,3.19
2026-09-12,wk inc covid hosp,-1,2026-09-05,19,quantile,0.1,5.35
2026-09-12,wk inc covid hosp,0,2026-09-12,19,quantile,0.1,5.34
2026-09-12,wk inc covid hosp,1,2026-09-19,19,quantile,0.1,5.07
2026-09-12,wk inc covid hosp,2,2026-09-26,19,quantile,0.1,4.64
2026-09-12,wk inc covid hosp,3,2026-10-03,19,quantile,0.1,3.66
2026-09-12,wk inc covid hosp,-1,2026-09-05,19,quantile,0.15,5.54
2026-09-12,wk inc covid hosp,0,2026-09-12,19,quantile,0.15,5.61
2026-09-12,wk inc covid hosp,1,2026-09-19,19,quantile,0.15,5.41
2026-09-12,wk inc covid hosp,2,2026-09-26,19,quantile,0.15,5.01
2026-09-12,wk inc covid hosp,3,2026-10-03,19,quantile,0.15,4.01
2026-09-12,wk inc covid hosp,-1,2026-09-05,19,quantile,0.2,5.69
2026-09-12,wk inc covid hosp,0,2026-09-12,19,quantile,0.2,5.83
2026-09-12,wk inc covid hosp,1,2026-09-19,19,quantile,0.2,5.7
2026-09-12,wk inc covid hosp,2,2026-09-26,19,quantile,0.2,5.32
2026-09-12,wk inc covid hosp,3,2026-10-03,19,quantile,0.2,4.31
2026-09-12,wk inc covid hosp,-1,2026-09-05,19,quantile,0.25,5.82
2026-09-12,wk inc covid hosp,0,2026-09-12,19,quantile,0.25,6.03
2026-09-12,wk inc covid hosp,1,2026-09-19,19,quantile,0.25,5.95
2026-09-12,wk inc covid hosp,2,2026-09-26,19,quantile,0.25,5.6
2026-09-12,wk inc covid hosp,3,2026-10-03,19,quantile,0.25,4.58
2026-09-12,wk inc covid hosp,-1,2026-09-05,19,quantile,0.3,5.95
2026-09-12,wk inc covid hosp,0,2026-09-12,19,quantile,0.3,6.21
2026-09-12,wk inc covid hosp,1,2026-09-19,19,quantile,0.3,6.19
2026-09-12,wk inc covid hosp,2,2026-09-26,19,quantile,0.3,5.86
2026-09-12,wk inc covid hosp,3,2026-10-03,19,quantile,0.3,4.83
2026-09-12,wk inc covid hosp,-1,2026-09-05,19,quantile,0.35,6.06
2026-09-12,wk inc covid hosp,0,2026-09-12,19,quantile,0.35,6.38
2026-09-12,wk inc covid hosp,1,2026-09-19,19,quantile,0.35,6.42
2026-09-12,wk inc covid hosp,2,2026-09-26,19,quantile,0.35,6.12
2026-09-12,wk inc covid hosp,3,2026-10-03,19,quantile,0.35,5.08
2026-09-12,wk inc covid hosp,-1,2026-09-05,19,quantile,0.4,6.17
2026-09-12,wk inc covid hosp,0,2026-09-12,19,quantile,0.4,6.55
2026-09-12,wk inc covid hosp,1,2026-09-19,19,quantile,0.4,6.64
2026-09-12,wk inc covid hosp,2,2026-09-26,19,quantile,0.4,6.36
2026-09-12,wk inc covid hosp,3,2026-10-03,19,quantile,0.4,5.32
2026-09-12,wk inc covid hosp,-1,2026-09-05,19,quantile,0.45,6.28
2026-09-12,wk inc covid hosp,0,2026-09-12,19,quantile,0.45,6.72
2026-09-12,wk inc covid hosp,1,2026-09-19,19,quantile,0.45,6.86
2026-09-12,wk inc covid hosp,2,2026-09-26,19,quantile,0.45,6.61
2026-09-12,wk inc covid hosp,3,2026-10-03,19,quantile,0.45,5.56
2026-09-12,wk inc covid hosp,-1,2026-09-05,19,quantile,0.5,6.39
2026-09-12,wk inc covid hosp,0,2026-09-12,19,quantile,0.5,6.88
2026-09-12,wk inc covid hosp,1,2026-09-19,19,quantile,0.5,7.08
2026-09-12,wk inc covid hosp,2,2026-09-26,19,quantile,0.5,6.86
2026-09-12,wk inc covid hosp,3,2026-10-03,19,quantile,0.5,5.81
2026-09-12,wk inc covid hosp,-1,2026-09-05,19,quantile,0.55,6.5
2026-09-12,wk inc covid hosp,0,2026-09-12,19,quantile,0.55,7.05
2026-09-12,wk inc covid hosp,1,2026-09-19,19,quantile,0.55,7.31
2026-09-12,wk inc covid hosp,2,2026-09-26,19,quantile,0.55,7.12
2026-09-12,wk inc covid hosp,3,2026-10-03,19,quantile,0.55,6.07
2026-09-12,wk inc covid hosp,-1,2026-09-05,19,quantile,0.6,6.62
2026-09-12,wk inc covid hosp,0,2026-09-12,19,quantile,0.6,7.23
2026-09-12,wk inc covid hosp,1,2026-09-19,19,quantile,0.6,7.55
2026-09-12,wk inc covid hosp,2,2026-09-26,19,quantile,0.6,7.4
2026-09-12,wk inc covid hosp,3,2026-10-03,19,quantile,0.6,6.34
2026-09-12,wk inc covid hosp,-1,2026-09-05,19,quantile,0.65,6.74
2026-09-12,wk inc covid hosp,0,2026-09-12,19,quantile,0.65,7.41
2026-09-12,wk inc covid hosp,1,2026-09-19,19,quantile,0.65,7.8
2026-09-12,wk inc covid hosp,2,2026-09-26,19,quantile,0.65,7.69
2026-09-12,wk inc covid hosp,3,2026-10-03,19,quantile,0.65,6.64
2026-09-12,wk inc covid hosp,-1,2026-09-05,19,quantile,0.7,6.87
2026-09-12,wk inc covid hosp,0,2026-09-12,19,quantile,0.7,7.61
2026-09-12,wk inc covid hosp,1,2026-09-19,19,quantile,0.7,8.08
2026-09-12,wk inc covid hosp,2,2026-09-26,19,quantile,0.7,8.0
2026-09-12,wk inc covid hosp,3,2026-10-03,19,quantile,0.7,6.96
2026-09-12,wk inc covid hosp,-1,2026-09-05,19,quantile,0.75,7.01
2026-09-12,wk inc covid hosp,0,2026-09-12,19,quantile,0.75,7.84
2026-09-12,wk inc covid hosp,1,2026-09-19,19,quantile,0.75,8.39
2026-09-12,wk inc covid hosp,2,2026-09-26,19,quantile,0.75,8.35
2026-09-12,wk inc covid hosp,3,2026-10-03,19,quantile,0.75,7.32
2026-09-12,wk inc covid hosp,-1,2026-09-05,19,quantile,0.8,7.17
2026-09-12,wk inc covid hosp,0,2026-09-12,19,quantile,0.8,8.09
2026-09-12,wk inc covid hosp,1,2026-09-19,19,quantile,0.8,8.74
2026-09-12,wk inc covid hosp,2,2026-09-26,19,quantile,0.8,8.76
2026-09-12,wk inc covid hosp,3,2026-10-03,19,quantile,0.8,7.73
2026-09-12,wk inc covid hosp,-1,2026-09-05,19,quantile,0.85,7.36
2026-09-12,wk inc covid hosp,0,2026-09-12,19,quantile,0.85,8.39
2026-09-12,wk inc covid hosp,1,2026-09-19,19,quantile,0.85,9.17
2026-09-12,wk inc covid hosp,2,2026-09-26,19,quantile,0.85,9.26
2026-09-12,wk inc covid hosp,3,2026-10-03,19,quantile,0.85,8.25
2026-09-12,wk inc covid hosp,-1,2026-09-05,19,quantile,0.9,7.6
2026-09-12,wk inc covid hosp,0,2026-09-12,19,quantile,0.9,8.79
2026-09-12,wk inc covid hosp,1,2026-09-19,19,quantile,0.9,9.73
2026-09-12,wk inc covid hosp,2,2026-09-26,19,quantile,0.9,9.92
2026-09-12,wk inc covid hosp,3,2026-10-03,19,quantile,0.9,8.93
2026-09-12,wk inc covid hosp,-1,2026-09-05,19,quantile,0.95,7.98
2026-09-12,wk inc covid hosp,0,2026-09-12,19,quantile,0.95,9.4
2026-09-12,wk inc covid hosp,1,2026-09-19,19,quantile,0.95,10.61
2026-09-12,wk inc covid hosp,2,2026-09-26,19,quantile,0.95,10.97
2026-09-12,wk inc covid hosp,3,2026-10-03,19,quantile,0.95,10.03
2026-09-12,wk inc covid hosp,-1,2026-09-05,19,quantile,0.975,8.31
2026-09-12,wk inc covid hosp,0,2026-09-12,19,quantile,0.975,9.96
2026-09-12,wk inc covid hosp,1,2026-09-19,19,quantile,0.975,11.43
2026-09-12,wk inc covid hosp,2,2026-09-26,19,quantile,0.975,11.95
2026-09-12,wk inc covid hosp,3,2026-10-03,19,quantile,0.975,11.08
2026-09-12,wk inc covid hosp,-1,2026-09-05,19,quantile,0.99,8.72
2026-09-12,wk inc covid hosp,0,2026-09-12,19,quantile,0.99,10.64
2026-09-12,wk inc covid hosp,1,2026-09-19,19,quantile,0.99,12.45
2026-09-12,wk inc covid hosp,2,2026-09-26,19,quantile,0.99,13.18
2026-09-12,wk inc covid hosp,3,2026-10-03,19,quantile,0.99,12.4
2026-09-12,wk inc covid hosp,-1,2026-09-05,20,quantile,0.01,7.15
2026-09-12,wk inc covid hosp,0,2026-09-12,20,quantile,0.01,6.4
2026-09-12,wk inc covid hosp,1,2026-09-19,20,quantile,0.01,5.56
2026-09-12,wk inc covid hosp,2,2026-09-26,20,quantile,0.01,4.66
2026-09-12,wk inc covid hosp,3,2026-10-03,20,quantile,0.01,3.88
2026-09-12,wk inc covid hosp,-1,2026-09-05,20,quantile,0.025,7.48
2026-09-12,wk inc covid hosp,0,2026-09-12,20,quantile,0.025,6.84
2026-09-12,wk inc covid hosp,1,2026-09-19,20,quantile,0.025,6.08
2026-09-12,wk inc covid hosp,2,2026-09-26,20,quantile,0.025,5.21
2026-09-12,wk inc covid hosp,3,2026-10-03,20,quantile,0.025,4.41
2026-09-12,wk inc covid hosp,-1,2026-09-05,20,quantile,0.05,7.77
2026-09-12,wk inc covid hosp,0,2026-09-12,20,quantile,0.05,7.24
2026-09-12,wk inc covid hosp,1,2026-09-19,20,quantile,0.05,6.56
2026-09-12,wk inc covid hosp,2,2026-09-26,20,quantile,0.05,5.72
2026-09-12,wk inc covid hosp,3,2026-10-03,20,quantile,0.05,4.92
2026-09-12,wk inc covid hosp,-1,2026-09-05,20,quantile,0.1,8.12
2026-09-12,wk inc covid hosp,0,2026-09-12,20,quantile,0.1,7.72
2026-09-12,wk inc covid hosp,1,2026-09-19,20,quantile,0.1,7.16
2026-09-12,wk inc covid hosp,2,2026-09-26,20,quantile,0.1,6.36
2026-09-12,wk inc covid hosp,3,2026-10-03,20,quantile,0.1,5.56
2026-09-12,wk inc covid hosp,-1,2026-09-05,20,quantile,0.15,8.36
2026-09-12,wk inc covid hosp,0,2026-09-12,20,quantile,0.15,8.07
2026-09-12,wk inc covid hosp,1,2026-09-19,20,quantile,0.15,7.58
2026-09-12,wk inc covid hosp,2,2026-09-26,20,quantile,0.15,6.82
2026-09-12,wk inc covid hosp,3,2026-10-03,20,quantile,0.15,6.03
2026-09-12,wk inc covid hosp,-1,2026-09-05,20,quantile,0.2,8.56
2026-09-12,wk inc covid hosp,0,2026-09-12,20,quantile,0.2,8.35
2026-09-12,wk inc covid hosp,1,2026-09-19,20,quantile,0.2,7.93
2026-09-12,wk inc covid hosp,2,2026-09-26,20,quantile,0.2,7.21
2026-09-12,wk inc covid hosp,3,2026-10-03,20,quantile,0.2,6.43
2026-09-12,wk inc covid hosp,-1,2026-09-05,20,quantile,0.25,8.73
2026-09-12,wk inc covid hosp,0,2026-09-12,20,quantile,0.25,8.59
2026-09-12,wk inc covid hosp,1,2026-09-19,20,quantile,0.25,8.25
2026-09-12,wk inc covid hosp,2,2026-09-26,20,quantile,0.25,7.56
2026-09-12,wk inc covid hosp,3,2026-10-03,20,quantile,0.25,6.79
2026-09-12,wk inc covid hosp,-1,2026-09-05,20,quantile,0.3,8.89
2026-09-12,wk inc covid hosp,0,2026-09-12,20,quantile,0.3,8.82
2026-09-12,wk inc covid hosp,1,2026-09-19,20,quantile,0.3,8.54
2026-09-12,wk inc covid hosp,2,2026-09-26,20,quantile,0.3,7.89
2026-09-12,wk inc covid hosp,3,2026-10-03,20,quantile,0.3,7.13
2026-09-12,wk inc covid hosp,-1,2026-09-05,20,quantile,0.35,9.04
2026-09-12,wk inc covid hosp,0,2026-09-12,20,quantile,0.35,9.04
2026-09-12,wk inc covid hosp,1,2026-09-19,20,quantile,0.35,8.81
2026-09-12,wk inc covid hosp,2,2026-09-26,20,quantile,0.35,8.2
2026-09-12,wk inc covid hosp,3,2026-10-03,20,quantile,0.35,7.46
2026-09-12,wk inc covid hosp,-1,2026-09-05,20,quantile,0.4,9.18
2026-09-12,wk inc covid hosp,0,2026-09-12,20,quantile,0.4,9.25
2026-09-12,wk inc covid hosp,1,2026-09-19,20,quantile,0.4,9.08
2026-09-12,wk inc covid hosp,2,2026-09-26,20,quantile,0.4,8.51
2026-09-12,wk inc covid hosp,3,2026-10-03,20,quantile,0.4,7.78
2026-09-12,wk inc covid hosp,-1,2026-09-05,20,quantile,0.45,9.32
2026-09-12,wk inc covid hosp,0,2026-09-12,20,quantile,0.45,9.45
2026-09-12,wk inc covid hosp,1,2026-09-19,20,quantile,0.45,9.35
2026-09-12,wk inc covid hosp,2,2026-09-26,20,quantile,0.45,8.81
2026-09-12,wk inc covid hosp,3,2026-10-03,20,quantile,0.45,8.1
2026-09-12,wk inc covid hosp,-1,2026-09-05,20,quantile,0.5,9.46
2026-09-12,wk inc covid hosp,0,2026-09-12,20,quantile,0.5,9.66
2026-09-12,wk inc covid hosp,1,2026-09-19,20,quantile,0.5,9.62
2026-09-12,wk inc covid hosp,2,2026-09-26,20,quantile,0.5,9.12
2026-09-12,wk inc covid hosp,3,2026-10-03,20,quantile,0.5,8.43
2026-09-12,wk inc covid hosp,-1,2026-09-05,20,quantile,0.55,9.6
2026-09-12,wk inc covid hosp,0,2026-09-12,20,quantile,0.55,9.87
2026-09-12,wk inc covid hosp,1,2026-09-19,20,quantile,0.55,9.89
2026-09-12,wk inc covid hosp,2,2026-09-26,20,quantile,0.55,9.44
2026-09-12,wk inc covid hosp,3,2026-10-03,20,quantile,0.55,8.76
2026-09-12,wk inc covid hosp,-1,2026-09-05,20,quantile,0.6,9.74
2026-09-12,wk inc covid hosp,0,2026-09-12,20,quantile,0.6,10.08
2026-09-12,wk inc covid hosp,1,2026-09-19,20,quantile,0.6,10.18
2026-09-12,wk inc covid hosp,2,2026-09-26,20,quantile,0.6,9.77
2026-09-12,wk inc covid hosp,3,2026-10-03,20,quantile,0.6,9.12
2026-09-12,wk inc covid hosp,-1,2026-09-05,20,quantile,0.65,9.89
2026-09-12,wk inc covid hosp,0,2026-09-12,20,quantile,0.65,10.31
2026-09-12,wk inc covid hosp,1,2026-09-19,20,quantile,0.65,10.48
2026-09-12,wk inc covid hosp,2,2026-09-26,20,quantile,0.65,10.12
2026-09-12,wk inc covid hosp,3,2026-10-03,20,quantile,0.65,9.5
2026-09-12,wk inc covid hosp,-1,2026-09-05,20,quantile,0.7,10.06
2026-09-12,wk inc covid hosp,0,2026-09-12,20,quantile,0.7,10.56
2026-09-12,wk inc covid hosp,1,2026-09-19,20,quantile,0.7,10.81
2026-09-12,wk inc covid hosp,2,2026-09-26,20,quantile,0.7,10.5
2026-09-12,wk inc covid hosp,3,2026-10-03,20,quantile,0.7,9.91
2026-09-12,wk inc covid hosp,-1,2026-09-05,20,quantile,0.75,10.23
2026-09-12,wk inc covid hosp,0,2026-09-12,20,quantile,0.75,10.83
2026-09-12,wk inc covid hosp,1,2026-09-19,20,quantile,0.75,11.17
2026-09-12,wk inc covid hosp,2,2026-09-26,20,quantile,0.75,10.93
2026-09-12,wk inc covid hosp,3,2026-10-03,20,quantile,0.75,10.37
2026-09-12,wk inc covid hosp,-1,2026-09-05,20,quantile,0.8,10.43
2026-09-12,wk inc covid hosp,0,2026-09-12,20,quantile,0.8,11.13
2026-09-12,wk inc covid hosp,1,2026-09-19,20,quantile,0.8,11.59
2026-09-12,wk inc covid hosp,2,2026-09-26,20,quantile,0.8,11.43
2026-09-12,wk inc covid hosp,3,2026-10-03,20,quantile,0.8,10.91
2026-09-12,wk inc covid hosp,-1,2026-09-05,20,quantile,0.85,10.67
2026-09-12,wk inc covid hosp,0,2026-09-12,20,quantile,0.85,11.5
2026-09-12,wk inc covid hosp,1,2026-09-19,20,quantile,0.85,12.09
2026-09-12,wk inc covid hosp,2,2026-09-26,20,quantile,0.85,12.02
2026-09-12,wk inc covid hosp,3,2026-10-03,20,quantile,0.85,11.56
2026-09-12,wk inc covid hosp,-1,2026-09-05,20,quantile,0.9,10.97
2026-09-12,wk inc covid hosp,0,2026-09-12,20,quantile,0.9,11.98
2026-09-12,wk inc covid hosp,1,2026-09-19,20,quantile,0.9,12.75
2026-09-12,wk inc covid hosp,2,2026-09-26,20,quantile,0.9,12.81
2026-09-12,wk inc covid hosp,3,2026-10-03,20,quantile,0.9,12.43
2026-09-12,wk inc covid hosp,-1,2026-09-05,20,quantile,0.95,11.44
2026-09-12,wk inc covid hosp,0,2026-09-12,20,quantile,0.95,12.71
2026-09-12,wk inc covid hosp,1,2026-09-19,20,quantile,0.95,13.78
2026-09-12,wk inc covid hosp,2,2026-09-26,20,quantile,0.95,14.06
2026-09-12,wk inc covid hosp,3,2026-10-03,20,quantile,0.95,13.82
2026-09-12,wk inc covid hosp,-1,2026-09-05,20,quantile,0.975,11.86
2026-09-12,wk inc covid hosp,0,2026-09-12,20,quantile,0.975,13.38
2026-09-12,wk inc covid hosp,1,2026-09-19,20,quantile,0.975,14.72
2026-09-12,wk inc covid hosp,2,2026-09-26,20,quantile,0.975,15.22
2026-09-12,wk inc covid hosp,3,2026-10-03,20,quantile,0.975,15.12
2026-09-12,wk inc covid hosp,-1,2026-09-05,20,quantile,0.99,12.36
2026-09-12,wk inc covid hosp,0,2026-09-12,20,quantile,0.99,14.2
2026-09-12,wk inc covid hosp,1,2026-09-19,20,quantile,0.99,15.89
2026-09-12,wk inc covid hosp,2,2026-09-26,20,quantile,0.99,16.67
2026-09-12,wk inc covid hosp,3,2026-10-03,20,quantile,0.99,16.76
2026-09-12,wk inc covid hosp,-1,2026-09-05,21,quantile,0.01,15.82
2026-09-12,wk inc covid hosp,0,2026-09-12,21,quantile,0.01,15.54
2026-09-12,wk inc covid hosp,1,2026-09-19,21,quantile,0.01,14.13
2026-09-12,wk inc covid hosp,2,2026-09-26,21,quantile,0.01,12.35
2026-09-12,wk inc covid hosp,3,2026-10-03,21,quantile,0.01,10.62
2026-09-12,wk inc covid hosp,-1,2026-09-05,21,quantile,0.025,16.5
2026-09-12,wk inc covid hosp,0,2026-09-12,21,quantile,0.025,16.52
2026-09-12,wk inc covid hosp,1,2026-09-19,21,quantile,0.025,15.32
2026-09-12,wk inc covid hosp,2,2026-09-26,21,quantile,0.025,13.66
2026-09-12,wk inc covid hosp,3,2026-10-03,21,quantile,0.025,11.9
2026-09-12,wk inc covid hosp,-1,2026-09-05,21,quantile,0.05,17.11
2026-09-12,wk inc covid hosp,0,2026-09-12,21,quantile,0.05,17.41
2026-09-12,wk inc covid hosp,1,2026-09-19,21,quantile,0.05,16.4
2026-09-12,wk inc covid hosp,2,2026-09-26,21,quantile,0.05,14.88
2026-09-12,wk inc covid hosp,3,2026-10-03,21,quantile,0.05,13.12
2026-09-12,wk inc covid hosp,-1,2026-09-05,21,quantile,0.1,17.83
2026-09-12,wk inc covid hosp,0,2026-09-12,21,quantile,0.1,18.48
2026-09-12,wk inc covid hosp,1,2026-09-19,21,quantile,0.1,17.72
2026-09-12,wk inc covid hosp,2,2026-09-26,21,quantile,0.1,16.4
2026-09-12,wk inc covid hosp,3,2026-10-03,21,quantile,0.1,14.64
2026-09-12,wk inc covid hosp,-1,2026-09-05,21,quantile,0.15,18.33
2026-09-12,wk inc covid hosp,0,2026-09-12,21,quantile,0.15,19.23
2026-09-12,wk inc covid hosp,1,2026-09-19,21,quantile,0.15,18.67
2026-09-12,wk inc covid hosp,2,2026-09-26,21,quantile,0.15,17.49
2026-09-12,wk inc covid hosp,3,2026-10-03,21,quantile,0.15,15.75
2026-09-12,wk inc covid hosp,-1,2026-09-05,21,quantile,0.2,18.74
2026-09-12,wk inc covid hosp,0,2026-09-12,21,quantile,0.2,19.84
2026-09-12,wk inc covid hosp,1,2026-09-19,21,quantile,0.2,19.45
2026-09-12,wk inc covid hosp,2,2026-09-26,21,quantile,0.2,18.4
2026-09-12,wk inc covid hosp,3,2026-10-03,21,quantile,0.2,16.68
2026-09-12,wk inc covid hosp,-1,2026-09-05,21,quantile,0.25,19.1
2026-09-12,wk inc covid hosp,0,2026-09-12,21,quantile,0.25,20.38
2026-09-12,wk inc covid hosp,1,2026-09-19,21,quantile,0.25,20.14
2026-09-12,wk inc covid hosp,2,2026-09-26,21,quantile,0.25,19.22
2026-09-12,wk inc covid hosp,3,2026-10-03,21,quantile,0.25,17.51
2026-09-12,wk inc covid hosp,-1,2026-09-05,21,quantile,0.3,19.42
2026-09-12,wk inc covid hosp,0,2026-09-12,21,quantile,0.3,20.88
2026-09-12,wk inc covid hosp,1,2026-09-19,21,quantile,0.3,20.78
2026-09-12,wk inc covid hosp,2,2026-09-26,21,quantile,0.3,19.98
2026-09-12,wk inc covid hosp,3,2026-10-03,21,quantile,0.3,18.29
2026-09-12,wk inc covid hosp,-1,2026-09-05,21,quantile,0.35,19.72
2026-09-12,wk inc covid hosp,0,2026-09-12,21,quantile,0.35,21.35
2026-09-12,wk inc covid hosp,1,2026-09-19,21,quantile,0.35,21.38
2026-09-12,wk inc covid hosp,2,2026-09-26,21,quantile,0.35,20.7
2026-09-12,wk inc covid hosp,3,2026-10-03,21,quantile,0.35,19.04
2026-09-12,wk inc covid hosp,-1,2026-09-05,21,quantile,0.4,20.02
2026-09-12,wk inc covid hosp,0,2026-09-12,21,quantile,0.4,21.8
2026-09-12,wk inc covid hosp,1,2026-09-19,21,quantile,0.4,21.97
2026-09-12,wk inc covid hosp,2,2026-09-26,21,quantile,0.4,21.41
2026-09-12,wk inc covid hosp,3,2026-10-03,21,quantile,0.4,19.77
2026-09-12,wk inc covid hosp,-1,2026-09-05,21,quantile,0.45,20.3
2026-09-12,wk inc covid hosp,0,2026-09-12,21,quantile,0.45,22.24
2026-09-12,wk inc covid hosp,1,2026-09-19,21,quantile,0.45,22.56
2026-09-12,wk inc covid hosp,2,2026-09-26,21,quantile,0.45,22.11
2026-09-12,wk inc covid hosp,3,2026-10-03,21,quantile,0.45,20.51
2026-09-12,wk inc covid hosp,-1,2026-09-05,21,quantile,0.5,20.59
2026-09-12,wk inc covid hosp,0,2026-09-12,21,quantile,0.5,22.69
2026-09-12,wk inc covid hosp,1,2026-09-19,21,quantile,0.5,23.14
2026-09-12,wk inc covid hosp,2,2026-09-26,21,quantile,0.5,22.82
2026-09-12,wk inc covid hosp,3,2026-10-03,21,quantile,0.5,21.25
2026-09-12,wk inc covid hosp,-1,2026-09-05,21,quantile,0.55,20.88
2026-09-12,wk inc covid hosp,0,2026-09-12,21,quantile,0.55,23.14
2026-09-12,wk inc covid hosp,1,2026-09-19,21,quantile,0.55,23.74
2026-09-12,wk inc covid hosp,2,2026-09-26,21,quantile,0.55,23.55
2026-09-12,wk inc covid hosp,3,2026-10-03,21,quantile,0.55,22.01
2026-09-12,wk inc covid hosp,-1,2026-09-05,21,quantile,0.6,21.17
2026-09-12,wk inc covid hosp,0,2026-09-12,21,quantile,0.6,23.61
2026-09-12,wk inc covid hosp,1,2026-09-19,21,quantile,0.6,24.36
2026-09-12,wk inc covid hosp,2,2026-09-26,21,quantile,0.6,24.31
2026-09-12,wk inc covid hosp,3,2026-10-03,21,quantile,0.6,22.81
2026-09-12,wk inc covid hosp,-1,2026-09-05,21,quantile,0.65,21.48
2026-09-12,wk inc covid hosp,0,2026-09-12,21,quantile,0.65,24.1
2026-09-12,wk inc covid hosp,1,2026-09-19,21,quantile,0.65,25.02
2026-09-12,wk inc covid hosp,2,2026-09-26,21,quantile,0.65,25.12
2026-09-12,wk inc covid hosp,3,2026-10-03,21,quantile,0.65,23.66
2026-09-12,wk inc covid hosp,-1,2026-09-05,21,quantile,0.7,21.81
2026-09-12,wk inc covid hosp,0,2026-09-12,21,quantile,0.7,24.63
2026-09-12,wk inc covid hosp,1,2026-09-19,21,quantile,0.7,25.72
2026-09-12,wk inc covid hosp,2,2026-09-26,21,quantile,0.7,26.0
2026-09-12,wk inc covid hosp,3,2026-10-03,21,quantile,0.7,24.59
2026-09-12,wk inc covid hosp,-1,2026-09-05,21,quantile,0.75,22.17
2026-09-12,wk inc covid hosp,0,2026-09-12,21,quantile,0.75,25.21
2026-09-12,wk inc covid hosp,1,2026-09-19,21,quantile,0.75,26.51
2026-09-12,wk inc covid hosp,2,2026-09-26,21,quantile,0.75,26.97
2026-09-12,wk inc covid hosp,3,2026-10-03,21,quantile,0.75,25.62
2026-09-12,wk inc covid hosp,-1,2026-09-05,21,quantile,0.8,22.58
2026-09-12,wk inc covid hosp,0,2026-09-12,21,quantile,0.8,25.87
2026-09-12,wk inc covid hosp,1,2026-09-19,21,quantile,0.8,27.4
2026-09-12,wk inc covid hosp,2,2026-09-26,21,quantile,0.8,28.09
2026-09-12,wk inc covid hosp,3,2026-10-03,21,quantile,0.8,26.81
2026-09-12,wk inc covid hosp,-1,2026-09-05,21,quantile,0.85,23.07
2026-09-12,wk inc covid hosp,0,2026-09-12,21,quantile,0.85,26.66
2026-09-12,wk inc covid hosp,1,2026-09-19,21,quantile,0.85,28.47
2026-09-12,wk inc covid hosp,2,2026-09-26,21,quantile,0.85,29.45
2026-09-12,wk inc covid hosp,3,2026-10-03,21,quantile,0.85,28.26
2026-09-12,wk inc covid hosp,-1,2026-09-05,21,quantile,0.9,23.69
2026-09-12,wk inc covid hosp,0,2026-09-12,21,quantile,0.9,27.68
2026-09-12,wk inc covid hosp,1,2026-09-19,21,quantile,0.9,29.87
2026-09-12,wk inc covid hosp,2,2026-09-26,21,quantile,0.9,31.23
2026-09-12,wk inc covid hosp,3,2026-10-03,21,quantile,0.9,30.18
2026-09-12,wk inc covid hosp,-1,2026-09-05,21,quantile,0.95,24.63
2026-09-12,wk inc covid hosp,0,2026-09-12,21,quantile,0.95,29.25
2026-09-12,wk inc covid hosp,1,2026-09-19,21,quantile,0.95,32.05
2026-09-12,wk inc covid hosp,2,2026-09-26,21,quantile,0.95,34.03
2026-09-12,wk inc covid hosp,3,2026-10-03,21,quantile,0.95,33.21
2026-09-12,wk inc covid hosp,-1,2026-09-05,21,quantile,0.975,25.48
2026-09-12,wk inc covid hosp,0,2026-09-12,21,quantile,0.975,30.67
2026-09-12,wk inc covid hosp,1,2026-09-19,21,quantile,0.975,34.05
2026-09-12,wk inc covid hosp,2,2026-09-26,21,quantile,0.975,36.62
2026-09-12,wk inc covid hosp,3,2026-10-03,21,quantile,0.975,36.04
2026-09-12,wk inc covid hosp,-1,2026-09-05,21,quantile,0.99,26.5
2026-09-12,wk inc covid hosp,0,2026-09-12,21,quantile,0.99,32.39
2026-09-12,wk inc covid hosp,1,2026-09-19,21,quantile,0.99,36.5
2026-09-12,wk inc covid hosp,2,2026-09-26,21,quantile,0.99,39.84
2026-09-12,wk inc covid hosp,3,2026-10-03,21,quantile,0.99,39.58
2026-09-12,wk inc covid hosp,-1,2026-09-05,22,quantile,0.01,80.07
2026-09-12,wk inc covid hosp,0,2026-09-12,22,quantile,0.01,71.55
2026-09-12,wk inc covid hosp,1,2026-09-19,22,quantile,0.01,60.0
2026-09-12,wk inc covid hosp,2,2026-09-26,22,quantile,0.01,51.89
2026-09-12,wk inc covid hosp,3,2026-10-03,22,quantile,0.01,44.38
2026-09-12,wk inc covid hosp,-1,2026-09-05,22,quantile,0.025,82.42
2026-09-12,wk inc covid hosp,0,2026-09-12,22,quantile,0.025,74.79
2026-09-12,wk inc covid hosp,1,2026-09-19,22,quantile,0.025,63.72
2026-09-12,wk inc covid hosp,2,2026-09-26,22,quantile,0.025,55.77
2026-09-12,wk inc covid hosp,3,2026-10-03,22,quantile,0.025,48.22
2026-09-12,wk inc covid hosp,-1,2026-09-05,22,quantile,0.05,84.49
2026-09-12,wk inc covid hosp,0,2026-09-12,22,quantile,0.05,77.67
2026-09-12,wk inc covid hosp,1,2026-09-19,22,quantile,0.05,67.07
2026-09-12,wk inc covid hosp,2,2026-09-26,22,quantile,0.05,59.3
2026-09-12,wk inc covid hosp,3,2026-10-03,22,quantile,0.05,51.75
2026-09-12,wk inc covid hosp,-1,2026-09-05,22,quantile,0.1,86.94
2026-09-12,wk inc covid hosp,0,2026-09-12,22,quantile,0.1,81.11
2026-09-12,wk inc covid hosp,1,2026-09-19,22,quantile,0.1,71.12
2026-09-12,wk inc covid hosp,2,2026-09-26,22,quantile,0.1,63.6
2026-09-12,wk inc covid hosp,3,2026-10-03,22,quantile,0.1,56.07
2026-09-12,wk inc covid hosp,-1,2026-09-05,22,quantile,0.15,88.62
2026-09-12,wk inc covid hosp,0,2026-09-12,22,quantile,0.15,83.51
2026-09-12,wk inc covid hosp,1,2026-09-19,22,quantile,0.15,73.97
2026-09-12,wk inc covid hosp,2,2026-09-26,22,quantile,0.15,66.65
2026-09-12,wk inc covid hosp,3,2026-10-03,22,quantile,0.15,59.16
2026-09-12,wk inc covid hosp,-1,2026-09-05,22,quantile,0.2,89.97
2026-09-12,wk inc covid hosp,0,2026-09-12,22,quantile,0.2,85.45
2026-09-12,wk inc covid hosp,1,2026-09-19,22,quantile,0.2,76.29
2026-09-12,wk inc covid hosp,2,2026-09-26,22,quantile,0.2,69.15
2026-09-12,wk inc covid hosp,3,2026-10-03,22,quantile,0.2,61.72
2026-09-12,wk inc covid hosp,-1,2026-09-05,22,quantile,0.25,91.15
2026-09-12,wk inc covid hosp,0,2026-09-12,22,quantile,0.25,87.15
2026-09-12,wk inc covid hosp,1,2026-09-19,22,quantile,0.25,78.34
2026-09-12,wk inc covid hosp,2,2026-09-26,22,quantile,0.25,71.37
2026-09-12,wk inc covid hosp,3,2026-10-03,22,quantile,0.25,63.98
2026-09-12,wk inc covid hosp,-1,2026-09-05,22,quantile,0.3,92.22
2026-09-12,wk inc covid hosp,0,2026-09-12,22,quantile,0.3,88.69
2026-09-12,wk inc covid hosp,1,2026-09-19,22,quantile,0.3,80.22
2026-09-12,wk inc covid hosp,2,2026-09-26,22,quantile,0.3,73.4
2026-09-12,wk inc covid hosp,3,2026-10-03,22,quantile,0.3,66.07
2026-09-12,wk inc covid hosp,-1,2026-09-05,22,quantile,0.35,93.21
2026-09-12,wk inc covid hosp,0,2026-09-12,22,quantile,0.35,90.15
2026-09-12,wk inc covid hosp,1,2026-09-19,22,quantile,0.35,81.99
2026-09-12,wk inc covid hosp,2,2026-09-26,22,quantile,0.35,75.33
2026-09-12,wk inc covid hosp,3,2026-10-03,22,quantile,0.35,68.06
2026-09-12,wk inc covid hosp,-1,2026-09-05,22,quantile,0.4,94.17
2026-09-12,wk inc covid hosp,0,2026-09-12,22,quantile,0.4,91.55
2026-09-12,wk inc covid hosp,1,2026-09-19,22,quantile,0.4,83.7
2026-09-12,wk inc covid hosp,2,2026-09-26,22,quantile,0.4,77.2
2026-09-12,wk inc covid hosp,3,2026-10-03,22,quantile,0.4,70.0
2026-09-12,wk inc covid hosp,-1,2026-09-05,22,quantile,0.45,95.1
2026-09-12,wk inc covid hosp,0,2026-09-12,22,quantile,0.45,92.92
2026-09-12,wk inc covid hosp,1,2026-09-19,22,quantile,0.45,85.39
2026-09-12,wk inc covid hosp,2,2026-09-26,22,quantile,0.45,79.05
2026-09-12,wk inc covid hosp,3,2026-10-03,22,quantile,0.45,71.91
2026-09-12,wk inc covid hosp,-1,2026-09-05,22,quantile,0.5,96.03
2026-09-12,wk inc covid hosp,0,2026-09-12,22,quantile,0.5,94.28
2026-09-12,wk inc covid hosp,1,2026-09-19,22,quantile,0.5,87.07
2026-09-12,wk inc covid hosp,2,2026-09-26,22,quantile,0.5,80.91
2026-09-12,wk inc covid hosp,3,2026-10-03,22,quantile,0.5,73.84
2026-09-12,wk inc covid hosp,-1,2026-09-05,22,quantile,0.55,96.96
2026-09-12,wk inc covid hosp,0,2026-09-12,22,quantile,0.55,95.66
2026-09-12,wk inc covid hosp,1,2026-09-19,22,quantile,0.55,88.78
2026-09-12,wk inc covid hosp,2,2026-09-26,22,quantile,0.55,82.8
2026-09-12,wk inc covid hosp,3,2026-10-03,22,quantile,0.55,75.81
2026-09-12,wk inc covid hosp,-1,2026-09-05,22,quantile,0.6,97.92
2026-09-12,wk inc covid hosp,0,2026-09-12,22,quantile,0.6,97.09
2026-09-12,wk inc covid hosp,1,2026-09-19,22,quantile,0.6,90.55
2026-09-12,wk inc covid hosp,2,2026-09-26,22,quantile,0.6,84.75
2026-09-12,wk inc covid hosp,3,2026-10-03,22,quantile,0.6,77.85
2026-09-12,wk inc covid hosp,-1,2026-09-05,22,quantile,0.65,98.91
2026-09-12,wk inc covid hosp,0,2026-09-12,22,quantile,0.65,98.57
2026-09-12,wk inc covid hosp,1,2026-09-19,22,quantile,0.65,92.41
2026-09-12,wk inc covid hosp,2,2026-09-26,22,quantile,0.65,86.82
2026-09-12,wk inc covid hosp,3,2026-10-03,22,quantile,0.65,80.01
2026-09-12,wk inc covid hosp,-1,2026-09-05,22,quantile,0.7,99.97
2026-09-12,wk inc covid hosp,0,2026-09-12,22,quantile,0.7,100.16
2026-09-12,wk inc covid hosp,1,2026-09-19,22,quantile,0.7,94.41
2026-09-12,wk inc covid hosp,2,2026-09-26,22,quantile,0.7,89.04
2026-09-12,wk inc covid hosp,3,2026-10-03,22,quantile,0.7,82.35
2026-09-12,wk inc covid hosp,-1,2026-09-05,22,quantile,0.75,101.12
2026-09-12,wk inc covid hosp,0,2026-09-12,22,quantile,0.75,101.9
2026-09-12,wk inc covid hosp,1,2026-09-19,22,quantile,0.75,96.6
2026-09-12,wk inc covid hosp,2,2026-09-26,22,quantile,0.75,91.49
2026-09-12,wk inc covid hosp,3,2026-10-03,22,quantile,0.75,84.93
2026-09-12,wk inc covid hosp,-1,2026-09-05,22,quantile,0.8,102.42
2026-09-12,wk inc covid hosp,0,2026-09-12,22,quantile,0.8,103.86
2026-09-12,wk inc covid hosp,1,2026-09-19,22,quantile,0.8,99.09
2026-09-12,wk inc covid hosp,2,2026-09-26,22,quantile,0.8,94.28
2026-09-12,wk inc covid hosp,3,2026-10-03,22,quantile,0.8,87.88
2026-09-12,wk inc covid hosp,-1,2026-09-05,22,quantile,0.85,103.95
2026-09-12,wk inc covid hosp,0,2026-09-12,22,quantile,0.85,106.19
2026-09-12,wk inc covid hosp,1,2026-09-19,22,quantile,0.85,102.06
2026-09-12,wk inc covid hosp,2,2026-09-26,22,quantile,0.85,97.62
2026-09-12,wk inc covid hosp,3,2026-10-03,22,quantile,0.85,91.43
2026-09-12,wk inc covid hosp,-1,2026-09-05,22,quantile,0.9,105.9
2026-09-12,wk inc covid hosp,0,2026-09-12,22,quantile,0.9,109.19
2026-09-12,wk inc covid hosp,1,2026-09-19,22,quantile,0.9,105.9
2026-09-12,wk inc covid hosp,2,2026-09-26,22,quantile,0.9,101.97
2026-09-12,wk inc covid hosp,3,2026-10-03,22,quantile,0.9,96.06
2026-09-12,wk inc covid hosp,-1,2026-09-05,22,quantile,0.95,108.85
2026-09-12,wk inc covid hosp,0,2026-09-12,22,quantile,0.95,113.75
2026-09-12,wk inc covid hosp,1,2026-09-19,22,quantile,0.95,111.81
2026-09-12,wk inc covid hosp,2,2026-09-26,22,quantile,0.95,108.71
2026-09-12,wk inc covid hosp,3,2026-10-03,22,quantile,0.95,103.29
2026-09-12,wk inc covid hosp,-1,2026-09-05,22,quantile,0.975,111.46
2026-09-12,wk inc covid hosp,0,2026-09-12,22,quantile,0.975,117.84
2026-09-12,wk inc covid hosp,1,2026-09-19,22,quantile,0.975,117.16
2026-09-12,wk inc covid hosp,2,2026-09-26,22,quantile,0.975,114.85
2026-09-12,wk inc covid hosp,3,2026-10-03,22,quantile,0.975,109.91
2026-09-12,wk inc covid hosp,-1,2026-09-05,22,quantile,0.99,114.56
2026-09-12,wk inc covid hosp,0,2026-09-12,22,quantile,0.99,122.74
2026-09-12,wk inc covid hosp,1,2026-09-19,22,quantile,0.99,123.64
2026-09-12,wk inc covid hosp,2,2026-09-26,22,quantile,0.99,122.35
2026-09-12,wk inc covid hosp,3,2026-10-03,22,quantile,0.99,118.05
2026-09-12,wk inc covid hosp,-1,2026-09-05,23,quantile,0.01,1.03
2026-09-12,wk inc covid hosp,0,2026-09-12,23,quantile,0.01,0.98
2026-09-12,wk inc covid hosp,1,2026-09-19,23,quantile,0.01,0.89
2026-09-12,wk inc covid hosp,2,2026-09-26,23,quantile,0.01,0.7
2026-09-12,wk inc covid hosp,3,2026-10-03,23,quantile,0.01,0.55
2026-09-12,wk inc covid hosp,-1,2026-09-05,23,quantile,0.025,1.08
2026-09-12,wk inc covid hosp,0,2026-09-12,23,quantile,0.025,1.06
2026-09-12,wk inc covid hosp,1,2026-09-19,23,quantile,0.025,0.98
2026-09-12,wk inc covid hosp,2,2026-09-26,23,quantile,0.025,0.8
2026-09-12,wk inc covid hosp,3,2026-10-03,23,quantile,0.025,0.63
2026-09-12,wk inc covid hosp,-1,2026-09-05,23,quantile,0.05,1.13
2026-09-12,wk inc covid hosp,0,2026-09-12,23,quantile,0.05,1.13
2026-09-12,wk inc covid hosp,1,2026-09-19,23,quantile,0.05,1.07
2026-09-12,wk inc covid hosp,2,2026-09-26,23,quantile,0.05,0.89
2026-09-12,wk inc covid hosp,3,2026-10-03,23,quantile,0.05,0.72
2026-09-12,wk inc covid hosp,-1,2026-09-05,23,quantile,0.1,1.19
2026-09-12,wk inc covid hosp,0,2026-09-12,23,quantile,0.1,1.21
2026-09-12,wk inc covid hosp,1,2026-09-19,23,quantile,0.1,1.17
2026-09-12,wk inc covid hosp,2,2026-09-26,23,quantile,0.1,1.01
2026-09-12,wk inc covid hosp,3,2026-10-03,23,quantile,0.1,0.82
2026-09-12,wk inc covid hosp,-1,2026-09-05,23,quantile,0.15,1.23
2026-09-12,wk inc covid hosp,0,2026-09-12,23,quantile,0.15,1.27
2026-09-12,wk inc covid hosp,1,2026-09-19,23,quantile,0.15,1.25
2026-09-12,wk inc covid hosp,2,2026-09-26,23,quantile,0.15,1.09
2026-09-12,wk inc covid hosp,3,2026-10-03,23,quantile,0.15,0.91
2026-09-12,wk inc covid hosp,-1,2026-09-05,23,quantile,0.2,1.27
2026-09-12,wk inc covid hosp,0,2026-09-12,23,quantile,0.2,1.32
2026-09-12,wk inc covid hosp,1,2026-09-19,23,quantile,0.2,1.31
2026-09-12,wk inc covid hosp,2,2026-09-26,23,quantile,0.2,1.17
2026-09-12,wk inc covid hosp,3,2026-10-03,23,quantile,0.2,0.97
2026-09-12,wk inc covid hosp,-1,2026-09-05,23,quantile,0.25,1.29
2026-09-12,wk inc covid hosp,0,2026-09-12,23,quantile,0.25,1.37
2026-09-12,wk inc covid hosp,1,2026-09-19,23,quantile,0.25,1.37
2026-09-12,wk inc covid hosp,2,2026-09-26,23,quantile,0.25,1.23
2026-09-12,wk inc covid hosp,3,2026-10-03,23,quantile,0.25,1.04
2026-09-12,wk inc covid hosp,-1,2026-09-05,23,quantile,0.3,1.32
2026-09-12,wk inc covid hosp,0,2026-09-12,23,quantile,0.3,1.41
2026-09-12,wk inc covid hosp,1,2026-09-19,23,quantile,0.3,1.42
2026-09-12,wk inc covid hosp,2,2026-09-26,23,quantile,0.3,1.29
2026-09-12,wk inc covid hosp,3,2026-10-03,23,quantile,0.3,1.09
2026-09-12,wk inc covid hosp,-1,2026-09-05,23,quantile,0.35,1.35
2026-09-12,wk inc covid hosp,0,2026-09-12,23,quantile,0.35,1.45
2026-09-12,wk inc covid hosp,1,2026-09-19,23,quantile,0.35,1.47
2026-09-12,wk inc covid hosp,2,2026-09-26,23,quantile,0.35,1.35
2026-09-12,wk inc covid hosp,3,2026-10-03,23,quantile,0.35,1.15
2026-09-12,wk inc covid hosp,-1,2026-09-05,23,quantile,0.4,1.37
2026-09-12,wk inc covid hosp,0,2026-09-12,23,quantile,0.4,1.48
2026-09-12,wk inc covid hosp,1,2026-09-19,23,quantile,0.4,1.52
2026-09-12,wk inc covid hosp,2,2026-09-26,23,quantile,0.4,1.41
2026-09-12,wk inc covid hosp,3,2026-10-03,23,quantile,0.4,1.21
2026-09-12,wk inc covid hosp,-1,2026-09-05,23,quantile,0.45,1.4
2026-09-12,wk inc covid hosp,0,2026-09-12,23,quantile,0.45,1.52
2026-09-12,wk inc covid hosp,1,2026-09-19,23,quantile,0.45,1.57
2026-09-12,wk inc covid hosp,2,2026-09-26,23,quantile,0.45,1.47
2026-09-12,wk inc covid hosp,3,2026-10-03,23,quantile,0.45,1.26
2026-09-12,wk inc covid hosp,-1,2026-09-05,23,quantile,0.5,1.42
2026-09-12,wk inc covid hosp,0,2026-09-12,23,quantile,0.5,1.56
2026-09-12,wk inc covid hosp,1,2026-09-19,23,quantile,0.5,1.62
2026-09-12,wk inc covid hosp,2,2026-09-26,23,quantile,0.5,1.53
2026-09-12,wk inc covid hosp,3,2026-10-03,23,quantile,0.5,1.32
2026-09-12,wk inc covid hosp,-1,2026-09-05,23,quantile,0.55,1.44
2026-09-12,wk inc covid hosp,0,2026-09-12,23,quantile,0.55,1.6
2026-09-12,wk inc covid hosp,1,2026-09-19,23,quantile,0.55,1.67
2026-09-12,wk inc covid hosp,2,2026-09-26,23,quantile,0.55,1.59
2026-09-12,wk inc covid hosp,3,2026-10-03,23,quantile,0.55,1.38
2026-09-12,wk inc covid hosp,-1,2026-09-05,23,quantile,0.6,1.47
2026-09-12,wk inc covid hosp,0,2026-09-12,23,quantile,0.6,1.63
2026-09-12,wk inc covid hosp,1,2026-09-19,23,quantile,0.6,1.72
2026-09-12,wk inc covid hosp,2,2026-09-26,23,quantile,0.6,1.65
2026-09-12,wk inc covid hosp,3,2026-10-03,23,quantile,0.6,1.45
2026-09-12,wk inc covid hosp,-1,2026-09-05,23,quantile,0.65,1.49
2026-09-12,wk inc covid hosp,0,2026-09-12,23,quantile,0.65,1.68
2026-09-12,wk inc covid hosp,1,2026-09-19,23,quantile,0.65,1.78
2026-09-12,wk inc covid hosp,2,2026-09-26,23,quantile,0.65,1.72
2026-09-12,wk inc covid hosp,3,2026-10-03,23,quantile,0.65,1.51
2026-09-12,wk inc covid hosp,-1,2026-09-05,23,quantile,0.7,1.52
2026-09-12,wk inc covid hosp,0,2026-09-12,23,quantile,0.7,1.72
2026-09-12,wk inc covid hosp,1,2026-09-19,23,quantile,0.7,1.84
2026-09-12,wk inc covid hosp,2,2026-09-26,23,quantile,0.7,1.8
2026-09-12,wk inc covid hosp,3,2026-10-03,23,quantile,0.7,1.59
2026-09-12,wk inc covid hosp,-1,2026-09-05,23,quantile,0.75,1.55
2026-09-12,wk inc covid hosp,0,2026-09-12,23,quantile,0.75,1.77
2026-09-12,wk inc covid hosp,1,2026-09-19,23,quantile,0.75,1.91
2026-09-12,wk inc covid hosp,2,2026-09-26,23,quantile,0.75,1.88
2026-09-12,wk inc covid hosp,3,2026-10-03,23,quantile,0.75,1.67
2026-09-12,wk inc covid hosp,-1,2026-09-05,23,quantile,0.8,1.59
2026-09-12,wk inc covid hosp,0,2026-09-12,23,quantile,0.8,1.83
2026-09-12,wk inc covid hosp,1,2026-09-19,23,quantile,0.8,1.99
2026-09-12,wk inc covid hosp,2,2026-09-26,23,quantile,0.8,1.98
2026-09-12,wk inc covid hosp,3,2026-10-03,23,quantile,0.8,1.77
2026-09-12,wk inc covid hosp,-1,2026-09-05,23,quantile,0.85,1.63
2026-09-12,wk inc covid hosp,0,2026-09-12,23,quantile,0.85,1.89
2026-09-12,wk inc covid hosp,1,2026-09-19,23,quantile,0.85,2.08
2026-09-12,wk inc covid hosp,2,2026-09-26,23,quantile,0.85,2.1
2026-09-12,wk inc covid hosp,3,2026-10-03,23,quantile,0.85,1.89
2026-09-12,wk inc covid hosp,-1,2026-09-05,23,quantile,0.9,1.68
2026-09-12,wk inc covid hosp,0,2026-09-12,23,quantile,0.9,1.98
2026-09-12,wk inc covid hosp,1,2026-09-19,23,quantile,0.9,2.2
2026-09-12,wk inc covid hosp,2,2026-09-26,23,quantile,0.9,2.25
2026-09-12,wk inc covid hosp,3,2026-10-03,23,quantile,0.9,2.05
2026-09-12,wk inc covid hosp,-1,2026-09-05,23,quantile,0.95,1.77
2026-09-12,wk inc covid hosp,0,2026-09-12,23,quantile,0.95,2.12
2026-09-12,wk inc covid hosp,1,2026-09-19,23,quantile,0.95,2.4
2026-09-12,wk inc covid hosp,2,2026-09-26,23,quantile,0.95,2.5
2026-09-12,wk inc covid hosp,3,2026-10-03,23,quantile,0.95,2.31
2026-09-12,wk inc covid hosp,-1,2026-09-05,23,quantile,0.975,1.84
2026-09-12,wk inc covid hosp,0,2026-09-12,23,quantile,0.975,2.24
2026-09-12,wk inc covid hosp,1,2026-09-19,23,quantile,0.975,2.57
2026-09-12,wk inc covid hosp,2,2026-09-26,23,quantile,0.975,2.74
2026-09-12,wk inc covid hosp,3,2026-10-03,23,quantile,0.975,2.55
2026-09-12,wk inc covid hosp,-1,2026-09-05,23,quantile,0.99,1.93
2026-09-12,wk inc covid hosp,0,2026-09-12,23,quantile,0.99,2.4
2026-09-12,wk inc covid hosp,1,2026-09-19,23,quantile,0.99,2.8
2026-09-12,wk inc covid hosp,2,2026-09-26,23,quantile,0.99,3.04
2026-09-12,wk inc covid hosp,3,2026-10-03,23,quantile,0.99,2.87
2026-09-12,wk inc covid hosp,-1,2026-09-05,24,quantile,0.01,7.7
2026-09-12,wk inc covid hosp,0,2026-09-12,24,quantile,0.01,7.6
2026-09-12,wk inc covid hosp,1,2026-09-19,24,quantile,0.01,6.96
2026-09-12,wk inc covid hosp,2,2026-09-26,24,quantile,0.01,6.44
2026-09-12,wk inc covid hosp,3,2026-10-03,24,quantile,0.01,5.34
2026-09-12,wk inc covid hosp,-1,2026-09-05,24,quantile,0.025,8.1
2026-09-12,wk inc covid hosp,0,2026-09-12,24,quantile,0.025,8.17
2026-09-12,wk inc covid hosp,1,2026-09-19,24,quantile,0.025,7.66
2026-09-12,wk inc covid hosp,2,2026-09-26,24,quantile,0.025,7.21
2026-09-12,wk inc covid hosp,3,2026-10-03,24,quantile,0.025,6.09
2026-09-12,wk inc covid hosp,-1,2026-09-05,24,quantile,0.05,8.46
2026-09-12,wk inc covid hosp,0,2026-09-12,24,quantile,0.05,8.69
2026-09-12,wk inc covid hosp,1,2026-09-19,24,quantile,0.05,8.3
2026-09-12,wk inc covid hosp,2,2026-09-26,24,quantile,0.05,7.92
2026-09-12,wk inc covid hosp,3,2026-10-03,24,quantile,0.05,6.8
2026-09-12,wk inc covid hosp,-1,2026-09-05,24,quantile,0.1,8.9
2026-09-12,wk inc covid hosp,0,2026-09-12,24,quantile,0.1,9.33
2026-09-12,wk inc covid hosp,1,2026-09-19,24,quantile,0.1,9.1
2026-09-12,wk inc covid hosp,2,2026-09-26,24,quantile,0.1,8.82
2026-09-12,wk inc covid hosp,3,2026-10-03,24,quantile,0.1,7.7
2026-09-12,wk inc covid hosp,-1,2026-09-05,24,quantile,0.15,9.2
2026-09-12,wk inc covid hosp,0,2026-09-12,24,quantile,0.15,9.78
2026-09-12,wk inc covid hosp,1,2026-09-19,24,quantile,0.15,9.67
2026-09-12,wk inc covid hosp,2,2026-09-26,24,quantile,0.15,9.48
2026-09-12,wk inc covid hosp,3,2026-10-03,24,quantile,0.15,8.37
2026-09-12,wk inc covid hosp,-1,2026-09-05,24,quantile,0.2,9.44
2026-09-12,wk inc covid hosp,0,2026-09-12,24,quantile,0.2,10.15
2026-09-12,wk inc covid hosp,1,2026-09-19,24,quantile,0.2,10.14
2026-09-12,wk inc covid hosp,2,2026-09-26,24,quantile,0.2,10.03
2026-09-12,wk inc covid hosp,3,2026-10-03,24,quantile,0.2,8.93
2026-09-12,wk inc covid hosp,-1,2026-09-05,24,quantile,0.25,9.66
2026-09-12,wk inc covid hosp,0,2026-09-12,24,quantile,0.25,10.47
2026-09-12,wk inc covid hosp,1,2026-09-19,24,quantile,0.25,10.57
2026-09-12,wk inc covid hosp,2,2026-09-26,24,quantile,0.25,10.52
2026-09-12,wk inc covid hosp,3,2026-10-03,24,quantile,0.25,9.44
2026-09-12,wk inc covid hosp,-1,2026-09-05,24,quantile,0.3,9.86
2026-09-12,wk inc covid hosp,0,2026-09-12,24,quantile,0.3,10.78
2026-09-12,wk inc covid hosp,1,2026-09-19,24,quantile,0.3,10.96
2026-09-12,wk inc covid hosp,2,2026-09-26,24,quantile,0.3,10.98
2026-09-12,wk inc covid hosp,3,2026-10-03,24,quantile,0.3,9.92
2026-09-12,wk inc covid hosp,-1,2026-09-05,24,quantile,0.35,10.04
2026-09-12,wk inc covid hosp,0,2026-09-12,24,quantile,0.35,11.06
2026-09-12,wk inc covid hosp,1,2026-09-19,24,quantile,0.35,11.33
2026-09-12,wk inc covid hosp,2,2026-09-26,24,quantile,0.35,11.42
2026-09-12,wk inc covid hosp,3,2026-10-03,24,quantile,0.35,10.38
2026-09-12,wk inc covid hosp,-1,2026-09-05,24,quantile,0.4,10.22
2026-09-12,wk inc covid hosp,0,2026-09-12,24,quantile,0.4,11.34
2026-09-12,wk inc covid hosp,1,2026-09-19,24,quantile,0.4,11.7
2026-09-12,wk inc covid hosp,2,2026-09-26,24,quantile,0.4,11.85
2026-09-12,wk inc covid hosp,3,2026-10-03,24,quantile,0.4,10.84
2026-09-12,wk inc covid hosp,-1,2026-09-05,24,quantile,0.45,10.4
2026-09-12,wk inc covid hosp,0,2026-09-12,24,quantile,0.45,11.61
2026-09-12,wk inc covid hosp,1,2026-09-19,24,quantile,0.45,12.06
2026-09-12,wk inc covid hosp,2,2026-09-26,24,quantile,0.45,12.28
2026-09-12,wk inc covid hosp,3,2026-10-03,24,quantile,0.45,11.29
2026-09-12,wk inc covid hosp,-1,2026-09-05,24,quantile,0.5,10.57
2026-09-12,wk inc covid hosp,0,2026-09-12,24,quantile,0.5,11.89
2026-09-12,wk inc covid hosp,1,2026-09-19,24,quantile,0.5,12.43
2026-09-12,wk inc covid hosp,2,2026-09-26,24,quantile,0.5,12.71
2026-09-12,wk inc covid hosp,3,2026-10-03,24,quantile,0.5,11.75
2026-09-12,wk inc covid hosp,-1,2026-09-05,24,quantile,0.55,10.75
2026-09-12,wk inc covid hosp,0,2026-09-12,24,quantile,0.55,12.17
2026-09-12,wk inc covid hosp,1,2026-09-19,24,quantile,0.55,12.8
2026-09-12,wk inc covid hosp,2,2026-09-26,24,quantile,0.55,13.16
2026-09-12,wk inc covid hosp,3,2026-10-03,24,quantile,0.55,12.23
2026-09-12,wk inc covid hosp,-1,2026-09-05,24,quantile,0.6,10.94
2026-09-12,wk inc covid hosp,0,2026-09-12,24,quantile,0.6,12.46
2026-09-12,wk inc covid hosp,1,2026-09-19,24,quantile,0.6,13.2
2026-09-12,wk inc covid hosp,2,2026-09-26,24,quantile,0.6,13.63
2026-09-12,wk inc covid hosp,3,2026-10-03,24,quantile,0.6,12.73
2026-09-12,wk inc covid hosp,-1,2026-09-05,24,quantile,0.65,11.13
2026-09-12,wk inc covid hosp,0,2026-09-12,24,quantile,0.65,12.76
2026-09-12,wk inc covid hosp,1,2026-09-19,24,quantile,0.65,13.61
2026-09-12,wk inc covid hosp,2,2026-09-26,24,quantile,0.65,14.13
2026-09-12,wk inc covid hosp,3,2026-10-03,24,quantile,0.65,13.27
2026-09-12,wk inc covid hosp,-1,2026-09-05,24,quantile,0.7,11.33
2026-09-12,wk inc covid hosp,0,2026-09-12,24,quantile,0.7,13.09
2026-09-12,wk inc covid hosp,1,2026-09-19,24,quantile,0.7,14.06
2026-09-12,wk inc covid hosp,2,2026-09-26,24,quantile,0.7,14.67
2026-09-12,wk inc covid hosp,3,2026-10-03,24,quantile,0.7,13.86
2026-09-12,wk inc covid hosp,-1,2026-09-05,24,quantile,0.75,11.56
2026-09-12,wk inc covid hosp,0,2026-09-12,24,quantile,0.75,13.45
2026-09-12,wk inc covid hosp,1,2026-09-19,24,quantile,0.75,14.56
2026-09-12,wk inc covid hosp,2,2026-09-26,24,quantile,0.75,15.28
2026-09-12,wk inc covid hosp,3,2026-10-03,24,quantile,0.75,14.51
2026-09-12,wk inc covid hosp,-1,2026-09-05,24,quantile,0.8,11.81
2026-09-12,wk inc covid hosp,0,2026-09-12,24,quantile,0.8,13.87
2026-09-12,wk inc covid hosp,1,2026-09-19,24,quantile,0.8,15.13
2026-09-12,wk inc covid hosp,2,2026-09-26,24,quantile,0.8,15.97
2026-09-12,wk inc covid hosp,3,2026-10-03,24,quantile,0.8,15.27
2026-09-12,wk inc covid hosp,-1,2026-09-05,24,quantile,0.85,12.12
2026-09-12,wk inc covid hosp,0,2026-09-12,24,quantile,0.85,14.36
2026-09-12,wk inc covid hosp,1,2026-09-19,24,quantile,0.85,15.82
2026-09-12,wk inc covid hosp,2,2026-09-26,24,quantile,0.85,16.82
2026-09-12,wk inc covid hosp,3,2026-10-03,24,quantile,0.85,16.2
2026-09-12,wk inc covid hosp,-1,2026-09-05,24,quantile,0.9,12.51
2026-09-12,wk inc covid hosp,0,2026-09-12,24,quantile,0.9,15.01
2026-09-12,wk inc covid hosp,1,2026-09-19,24,quantile,0.9,16.72
2026-09-12,wk inc covid hosp,2,2026-09-26,24,quantile,0.9,17.94
2026-09-12,wk inc covid hosp,3,2026-10-03,24,quantile,0.9,17.44
2026-09-12,wk inc covid hosp,-1,2026-09-05,24,quantile,0.95,13.11
2026-09-12,wk inc covid hosp,0,2026-09-12,24,quantile,0.95,16.0
2026-09-12,wk inc covid hosp,1,2026-09-19,24,quantile,0.95,18.14
2026-09-12,wk inc covid hosp,2,2026-09-26,24,quantile,0.95,19.71
2026-09-12,wk inc covid hosp,3,2026-10-03,24,quantile,0.95,19.41
2026-09-12,wk inc covid hosp,-1,2026-09-05,24,quantile,0.975,13.65
2026-09-12,wk inc covid hosp,0,2026-09-12,24,quantile,0.975,16.91
2026-09-12,wk inc covid hosp,1,2026-09-19,24,quantile,0.975,19.46
2026-09-12,wk inc covid hosp,2,2026-09-26,24,quantile,0.975,21.36
2026-09-12,wk inc covid hosp,3,2026-10-03,24,quantile,0.975,21.27
2026-09-12,wk inc covid hosp,-1,2026-09-05,24,quantile,0.99,14.3
2026-09-12,wk inc covid hosp,0,2026-09-12,24,quantile,0.99,18.03
2026-09-12,wk inc covid hosp,1,2026-09-19,24,quantile,0.99,21.08
2026-09-12,wk inc covid hosp,2,2026-09-26,24,quantile,0.99,23.42
2026-09-12,wk inc covid hosp,3,2026-10-03,24,quantile,0.99,23.61
2026-09-12,wk inc covid hosp,-1,2026-09-05,25,quantile,0.01,27.5
2026-09-12,wk inc covid hosp,0,2026-09-12,25,quantile,0.01,26.15
2026-09-12,wk inc covid hosp,1,2026-09-19,25,quantile,0.01,23.43
2026-09-12,wk inc covid hosp,2,2026-09-26,25,quantile,0.01,20.53
2026-09-12,wk inc covid hosp,3,2026-10-03,25,quantile,0.01,16.37
2026-09-12,wk inc covid hosp,-1,2026-09-05,25,quantile,0.025,28.45
2026-09-12,wk inc covid hosp,0,2026-09-12,25,quantile,0.025,27.5
2026-09-12,wk inc covid hosp,1,2026-09-19,25,quantile,0.025,25.06
2026-09-12,wk inc covid hosp,2,2026-09-26,25,quantile,0.025,22.27
2026-09-12,wk inc covid hosp,3,2026-10-03,25,quantile,0.025,18.07
2026-09-12,wk inc covid hosp,-1,2026-09-05,25,quantile,0.05,29.29
2026-09-12,wk inc covid hosp,0,2026-09-12,25,quantile,0.05,28.71
2026-09-12,wk inc covid hosp,1,2026-09-19,25,quantile,0.05,26.54
2026-09-12,wk inc covid hosp,2,2026-09-26,25,quantile,0.05,23.87
2026-09-12,wk inc covid hosp,3,2026-10-03,25,quantile,0.05,19.65
2026-09-12,wk inc covid hosp,-1,2026-09-05,25,quantile,0.1,30.28
2026-09-12,wk inc covid hosp,0,2026-09-12,25,quantile,0.1,30.16
2026-09-12,wk inc covid hosp,1,2026-09-19,25,quantile,0.1,28.33
2026-09-12,wk inc covid hosp,2,2026-09-26,25,quantile,0.1,25.84
2026-09-12,wk inc covid hosp,3,2026-10-03,25,quantile,0.1,21.62
2026-09-12,wk inc covid hosp,-1,2026-09-05,25,quantile,0.15,30.97
2026-09-12,wk inc covid hosp,0,2026-09-12,25,quantile,0.15,31.17
2026-09-12,wk inc covid hosp,1,2026-09-19,25,quantile,0.15,29.59
2026-09-12,wk inc covid hosp,2,2026-09-26,25,quantile,0.15,27.24
2026-09-12,wk inc covid hosp,3,2026-10-03,25,quantile,0.15,23.04
2026-09-12,wk inc covid hosp,-1,2026-09-05,25,quantile,0.2,31.53
2026-09-12,wk inc covid hosp,0,2026-09-12,25,quantile,0.2,31.99
2026-09-12,wk inc covid hosp,1,2026-09-19,25,quantile,0.2,30.63
2026-09-12,wk inc covid hosp,2,2026-09-26,25,quantile,0.2,28.39
2026-09-12,wk inc covid hosp,3,2026-10-03,25,quantile,0.2,24.22
2026-09-12,wk inc covid hosp,-1,2026-09-05,25,quantile,0.25,32.01
2026-09-12,wk inc covid hosp,0,2026-09-12,25,quantile,0.25,32.72
2026-09-12,wk inc covid hosp,1,2026-09-19,25,quantile,0.25,31.55
2026-09-12,wk inc covid hosp,2,2026-09-26,25,quantile,0.25,29.42
2026-09-12,wk inc covid hosp,3,2026-10-03,25,quantile,0.25,25.28
2026-09-12,wk inc covid hosp,-1,2026-09-05,25,quantile,0.3,32.45
2026-09-12,wk inc covid hosp,0,2026-09-12,25,quantile,0.3,33.38
2026-09-12,wk inc covid hosp,1,2026-09-19,25,quantile,0.3,32.39
2026-09-12,wk inc covid hosp,2,2026-09-26,25,quantile,0.3,30.36
2026-09-12,wk inc covid hosp,3,2026-10-03,25,quantile,0.3,26.26
2026-09-12,wk inc covid hosp,-1,2026-09-05,25,quantile,0.35,32.86
2026-09-12,wk inc covid hosp,0,2026-09-12,25,quantile,0.35,34.0
2026-09-12,wk inc covid hosp,1,2026-09-19,25,quantile,0.35,33.19
2026-09-12,wk inc covid hosp,2,2026-09-26,25,quantile,0.35,31.26
2026-09-12,wk inc covid hosp,3,2026-10-03,25,quantile,0.35,27.19
2026-09-12,wk inc covid hosp,-1,2026-09-05,25,quantile,0.4,33.25
2026-09-12,wk inc covid hosp,0,2026-09-12,25,quantile,0.4,34.6
2026-09-12,wk inc covid hosp,1,2026-09-19,25,quantile,0.4,33.96
2026-09-12,wk inc covid hosp,2,2026-09-26,25,quantile,0.4,32.14
2026-09-12,wk inc covid hosp,3,2026-10-03,25,quantile,0.4,28.11
2026-09-12,wk inc covid hosp,-1,2026-09-05,25,quantile,0.45,33.64
2026-09-12,wk inc covid hosp,0,2026-09-12,25,quantile,0.45,35.18
2026-09-12,wk inc covid hosp,1,2026-09-19,25,quantile,0.45,34.71
2026-09-12,wk inc covid hosp,2,2026-09-26,25,quantile,0.45,33.0
2026-09-12,wk inc covid hosp,3,2026-10-03,25,quantile,0.45,29.02
2026-09-12,wk inc covid hosp,-1,2026-09-05,25,quantile,0.5,34.02
2026-09-12,wk inc covid hosp,0,2026-09-12,25,quantile,0.5,35.77
2026-09-12,wk inc covid hosp,1,2026-09-19,25,quantile,0.5,35.48
2026-09-12,wk inc covid hosp,2,2026-09-26,25,quantile,0.5,33.87
2026-09-12,wk inc covid hosp,3,2026-10-03,25,quantile,0.5,29.93
2026-09-12,wk inc covid hosp,-1,2026-09-05,25,quantile,0.55,34.41
2026-09-12,wk inc covid hosp,0,2026-09-12,25,quantile,0.55,36.36
2026-09-12,wk inc covid hosp,1,2026-09-19,25,quantile,0.55,36.25
2026-09-12,wk inc covid hosp,2,2026-09-26,25,quantile,0.55,34.76
2026-09-12,wk inc covid hosp,3,2026-10-03,25,quantile,0.55,30.88
2026-09-12,wk inc covid hosp,-1,2026-09-05,25,quantile,0.6,34.8
2026-09-12,wk inc covid hosp,0,2026-09-12,25,quantile,0.6,36.98
2026-09-12,wk inc covid hosp,1,2026-09-19,25,quantile,0.6,37.05
2026-09-12,wk inc covid hosp,2,2026-09-26,25,quantile,0.6,35.68
2026-09-12,wk inc covid hosp,3,2026-10-03,25,quantile,0.6,31.86
2026-09-12,wk inc covid hosp,-1,2026-09-05,25,quantile,0.65,35.22
2026-09-12,wk inc covid hosp,0,2026-09-12,25,quantile,0.65,37.62
2026-09-12,wk inc covid hosp,1,2026-09-19,25,quantile,0.65,37.9
2026-09-12,wk inc covid hosp,2,2026-09-26,25,quantile,0.65,36.66
2026-09-12,wk inc covid hosp,3,2026-10-03,25,quantile,0.65,32.9
2026-09-12,wk inc covid hosp,-1,2026-09-05,25,quantile,0.7,35.66
2026-09-12,wk inc covid hosp,0,2026-09-12,25,quantile,0.7,38.3
2026-09-12,wk inc covid hosp,1,2026-09-19,25,quantile,0.7,38.8
2026-09-12,wk inc covid hosp,2,2026-09-26,25,quantile,0.7,37.71
2026-09-12,wk inc covid hosp,3,2026-10-03,25,quantile,0.7,34.03
2026-09-12,wk inc covid hosp,-1,2026-09-05,25,quantile,0.75,36.14
2026-09-12,wk inc covid hosp,0,2026-09-12,25,quantile,0.75,39.06
2026-09-12,wk inc covid hosp,1,2026-09-19,25,quantile,0.75,39.8
2026-09-12,wk inc covid hosp,2,2026-09-26,25,quantile,0.75,38.87
2026-09-12,wk inc covid hosp,3,2026-10-03,25,quantile,0.75,35.28
2026-09-12,wk inc covid hosp,-1,2026-09-05,25,quantile,0.8,36.68
2026-09-12,wk inc covid hosp,0,2026-09-12,25,quantile,0.8,39.91
2026-09-12,wk inc covid hosp,1,2026-09-19,25,quantile,0.8,40.94
2026-09-12,wk inc covid hosp,2,2026-09-26,25,quantile,0.8,40.2
2026-09-12,wk inc covid hosp,3,2026-10-03,25,quantile,0.8,36.72
2026-09-12,wk inc covid hosp,-1,2026-09-05,25,quantile,0.85,37.32
2026-09-12,wk inc covid hosp,0,2026-09-12,25,quantile,0.85,40.92
2026-09-12,wk inc covid hosp,1,2026-09-19,25,quantile,0.85,42.3
2026-09-12,wk inc covid hosp,2,2026-09-26,25,quantile,0.85,41.8
2026-09-12,wk inc covid hosp,3,2026-10-03,25,quantile,0.85,38.47
2026-09-12,wk inc covid hosp,-1,2026-09-05,25,quantile,0.9,38.14
2026-09-12,wk inc covid hosp,0,2026-09-12,25,quantile,0.9,42.23
2026-09-12,wk inc covid hosp,1,2026-09-19,25,quantile,0.9,44.07
2026-09-12,wk inc covid hosp,2,2026-09-26,25,quantile,0.9,43.89
2026-09-12,wk inc covid hosp,3,2026-10-03,25,quantile,0.9,40.75
2026-09-12,wk inc covid hosp,-1,2026-09-05,25,quantile,0.95,39.38
2026-09-12,wk inc covid hosp,0,2026-09-12,25,quantile,0.95,44.22
2026-09-12,wk inc covid hosp,1,2026-09-19,25,quantile,0.95,46.79
2026-09-12,wk inc covid hosp,2,2026-09-26,25,quantile,0.95,47.14
2026-09-12,wk inc covid hosp,3,2026-10-03,25,quantile,0.95,44.35
2026-09-12,wk inc covid hosp,-1,2026-09-05,25,quantile,0.975,40.48
2026-09-12,wk inc covid hosp,0,2026-09-12,25,quantile,0.975,46.02
2026-09-12,wk inc covid hosp,1,2026-09-19,25,quantile,0.975,49.27
2026-09-12,wk inc covid hosp,2,2026-09-26,25,quantile,0.975,50.12
2026-09-12,wk inc covid hosp,3,2026-10-03,25,quantile,0.975,47.68
2026-09-12,wk inc covid hosp,-1,2026-09-05,25,quantile,0.99,41.79
2026-09-12,wk inc covid hosp,0,2026-09-12,25,quantile,0.99,48.18
2026-09-12,wk inc covid hosp,1,2026-09-19,25,quantile,0.99,52.29
2026-09-12,wk inc covid hosp,2,2026-09-26,25,quantile,0.99,53.77
2026-09-12,wk inc covid hosp,3,2026-10-03,25,quantile,0.99,51.81
2026-09-12,wk inc covid hosp,-1,2026-09-05,26,quantile,0.01,19.7
2026-09-12,wk inc covid hosp,0,2026-09-12,26,quantile,0.01,18.76
2026-09-12,wk inc covid hosp,1,2026-09-19,26,quantile,0.01,16.18
2026-09-12,wk inc covid hosp,2,2026-09-26,26,quantile,0.01,13.36
2026-09-12,wk inc covid hosp,3,2026-10-03,26,quantile,0.01,10.09
2026-09-12,wk inc covid hosp,-1,2026-09-05,26,quantile,0.025,20.71
2026-09-12,wk inc covid hosp,0,2026-09-12,26,quantile,0.025,20.17
2026-09-12,wk inc covid hosp,1,2026-09-19,26,quantile,0.025,17.86
2026-09-12,wk inc covid hosp,2,2026-09-26,26,quantile,0.025,15.06
2026-09-12,wk inc covid hosp,3,2026-10-03,26,quantile,0.025,11.64
2026-09-12,wk inc covid hosp,-1,2026-09-05,26,quantile,0.05,21.62
2026-09-12,wk inc covid hosp,0,2026-09-12,26,quantile,0.05,21.45
2026-09-12,wk inc covid hosp,1,2026-09-19,26,quantile,0.05,19.42
2026-09-12,wk inc covid hosp,2,2026-09-26,26,quantile,0.05,16.67
2026-09-12,wk inc covid hosp,3,2026-10-03,26,quantile,0.05,13.12
2026-09-12,wk inc covid hosp,-1,2026-09-05,26,quantile,0.1,22.7
2026-09-12,wk inc covid hosp,0,2026-09-12,26,quantile,0.1,23.01
2026-09-12,wk inc covid hosp,1,2026-09-19,26,quantile,0.1,21.35
2026-09-12,wk inc covid hosp,2,2026-09-26,26,quantile,0.1,18.7
2026-09-12,wk inc covid hosp,3,2026-10-03,26,quantile,0.1,15.03
2026-09-12,wk inc covid hosp,-1,2026-09-05,26,quantile,0.15,23.46
2026-09-12,wk inc covid hosp,0,2026-09-12,26,quantile,0.15,24.12
2026-09-12,wk inc covid hosp,1,2026-09-19,26,quantile,0.15,22.75
2026-09-12,wk inc covid hosp,2,2026-09-26,26,quantile,0.15,20.18
2026-09-12,wk inc covid hosp,3,2026-10-03,26,quantile,0.15,16.44
2026-09-12,wk inc covid hosp,-1,2026-09-05,26,quantile,0.2,24.08
2026-09-12,wk inc covid hosp,0,2026-09-12,26,quantile,0.2,25.03
2026-09-12,wk inc covid hosp,1,2026-09-19,26,quantile,0.2,23.91
2026-09-12,wk inc covid hosp,2,2026-09-26,26,quantile,0.2,21.43
2026-09-12,wk inc covid hosp,3,2026-10-03,26,quantile,0.2,17.65
2026-09-12,wk inc covid hosp,-1,2026-09-05,26,quantile,0.25,24.62
2026-09-12,wk inc covid hosp,0,2026-09-12,26,quantile,0.25,25.83
2026-09-12,wk inc covid hosp,1,2026-09-19,26,quantile,0.25,24.94
2026-09-12,wk inc covid hosp,2,2026-09-26,26,quantile,0.25,22.56
2026-09-12,wk inc covid hosp,3,2026-10-03,26,quantile,0.25,18.74
2026-09-12,wk inc covid hosp,-1,2026-09-05,26,quantile,0.3,25.11
2026-09-12,wk inc covid hosp,0,2026-09-12,26,quantile,0.3,26.57
2026-09-12,wk inc covid hosp,1,2026-09-19,26,quantile,0.3,25.91
2026-09-12,wk inc covid hosp,2,2026-09-26,26,quantile,0.3,23.6
2026-09-12,wk inc covid hosp,3,2026-10-03,26,quantile,0.3,19.76
2026-09-12,wk inc covid hosp,-1,2026-09-05,26,quantile,0.35,25.57
2026-09-12,wk inc covid hosp,0,2026-09-12,26,quantile,0.35,27.27
2026-09-12,wk inc covid hosp,1,2026-09-19,26,quantile,0.35,26.82
2026-09-12,wk inc covid hosp,2,2026-09-26,26,quantile,0.35,24.61
2026-09-12,wk inc covid hosp,3,2026-10-03,26,quantile,0.35,20.75
2026-09-12,wk inc covid hosp,-1,2026-09-05,26,quantile,0.4,26.02
2026-09-12,wk inc covid hosp,0,2026-09-12,26,quantile,0.4,27.95
2026-09-12,wk inc covid hosp,1,2026-09-19,26,quantile,0.4,27.72
2026-09-12,wk inc covid hosp,2,2026-09-26,26,quantile,0.4,25.6
2026-09-12,wk inc covid hosp,3,2026-10-03,26,quantile,0.4,21.73
2026-09-12,wk inc covid hosp,-1,2026-09-05,26,quantile,0.45,26.46
2026-09-12,wk inc covid hosp,0,2026-09-12,26,quantile,0.45,28.62
2026-09-12,wk inc covid hosp,1,2026-09-19,26,quantile,0.45,28.61
2026-09-12,wk inc covid hosp,2,2026-09-26,26,quantile,0.45,26.59
2026-09-12,wk inc covid hosp,3,2026-10-03,26,quantile,0.45,22.72
2026-09-12,wk inc covid hosp,-1,2026-09-05,26,quantile,0.5,26.9
2026-09-12,wk inc covid hosp,0,2026-09-12,26,quantile,0.5,29.29
2026-09-12,wk inc covid hosp,1,2026-09-19,26,quantile,0.5,29.51
2026-09-12,wk inc covid hosp,2,2026-09-26,26,quantile,0.5,27.6
2026-09-12,wk inc covid hosp,3,2026-10-03,26,quantile,0.5,23.72
2026-09-12,wk inc covid hosp,-1,2026-09-05,26,quantile,0.55,27.34
2026-09-12,wk inc covid hosp,0,2026-09-12,26,quantile,0.55,29.98
2026-09-12,wk inc covid hosp,1,2026-09-19,26,quantile,0.55,30.44
2026-09-12,wk inc covid hosp,2,2026-09-26,26,quantile,0.55,28.63
2026-09-12,wk inc covid hosp,3,2026-10-03,26,quantile,0.55,24.76
2026-09-12,wk inc covid hosp,-1,2026-09-05,26,quantile,0.6,27.8
2026-09-12,wk inc covid hosp,0,2026-09-12,26,quantile,0.6,30.69
2026-09-12,wk inc covid hosp,1,2026-09-19,26,quantile,0.6,31.4
2026-09-12,wk inc covid hosp,2,2026-09-26,26,quantile,0.6,29.72
2026-09-12,wk inc covid hosp,3,2026-10-03,26,quantile,0.6,25.86
2026-09-12,wk inc covid hosp,-1,2026-09-05,26,quantile,0.65,28.28
2026-09-12,wk inc covid hosp,0,2026-09-12,26,quantile,0.65,31.44
2026-09-12,wk inc covid hosp,1,2026-09-19,26,quantile,0.65,32.42
2026-09-12,wk inc covid hosp,2,2026-09-26,26,quantile,0.65,30.87
2026-09-12,wk inc covid hosp,3,2026-10-03,26,quantile,0.65,27.03
2026-09-12,wk inc covid hosp,-1,2026-09-05,26,quantile,0.7,28.79
2026-09-12,wk inc covid hosp,0,2026-09-12,26,quantile,0.7,32.25
2026-09-12,wk inc covid hosp,1,2026-09-19,26,quantile,0.7,33.53
2026-09-12,wk inc covid hosp,2,2026-09-26,26,quantile,0.7,32.14
2026-09-12,wk inc covid hosp,3,2026-10-03,26,quantile,0.7,28.32
2026-09-12,wk inc covid hosp,-1,2026-09-05,26,quantile,0.75,29.35
2026-09-12,wk inc covid hosp,0,2026-09-12,26,quantile,0.75,33.14
2026-09-12,wk inc covid hosp,1,2026-09-19,26,quantile,0.75,34.76
2026-09-12,wk inc covid hosp,2,2026-09-26,26,quantile,0.75,33.54
2026-09-12,wk inc covid hosp,3,2026-10-03,26,quantile,0.75,29.76
2026-09-12,wk inc covid hosp,-1,2026-09-05,26,quantile,0.8,29.98
2026-09-12,wk inc covid hosp,0,2026-09-12,26,quantile,0.8,34.15
2026-09-12,wk inc covid hosp,1,2026-09-19,26,quantile,0.8,36.18
2026-09-12,wk inc covid hosp,2,2026-09-26,26,quantile,0.8,35.17
2026-09-12,wk inc covid hosp,3,2026-10-03,26,quantile,0.8,31.44
2026-09-12,wk inc covid hosp,-1,2026-09-05,26,quantile,0.85,30.74
2026-09-12,wk inc covid hosp,0,2026-09-12,26,quantile,0.85,35.37
2026-09-12,wk inc covid hosp,1,2026-09-19,26,quantile,0.85,37.88
2026-09-12,wk inc covid hosp,2,2026-09-26,26,quantile,0.85,37.15
2026-09-12,wk inc covid hosp,3,2026-10-03,26,quantile,0.85,33.5
2026-09-12,wk inc covid hosp,-1,2026-09-05,26,quantile,0.9,31.71
2026-09-12,wk inc covid hosp,0,2026-09-12,26,quantile,0.9,36.95
2026-09-12,wk inc covid hosp,1,2026-09-19,26,quantile,0.9,40.13
2026-09-12,wk inc covid hosp,2,2026-09-26,26,quantile,0.9,39.77
2026-09-12,wk inc covid hosp,3,2026-10-03,26,quantile,0.9,36.25
2026-09-12,wk inc covid hosp,-1,2026-09-05,26,quantile,0.95,33.2
2026-09-12,wk inc covid hosp,0,2026-09-12,26,quantile,0.95,39.4
2026-09-12,wk inc covid hosp,1,2026-09-19,26,quantile,0.95,43.65
2026-09-12,wk inc covid hosp,2,2026-09-26,26,quantile,0.95,43.94
2026-09-12,wk inc covid hosp,3,2026-10-03,26,quantile,0.95,40.66
2026-09-12,wk inc covid hosp,-1,2026-09-05,26,quantile,0.975,34.54
2026-09-12,wk inc covid hosp,0,2026-09-12,26,quantile,0.975,41.63
2026-09-12,wk inc covid hosp,1,2026-09-19,26,quantile,0.975,46.92
2026-09-12,wk inc covid hosp,2,2026-09-26,26,quantile,0.975,47.83
2026-09-12,wk inc covid hosp,3,2026-10-03,26,quantile,0.975,44.83
2026-09-12,wk inc covid hosp,-1,2026-09-05,26,quantile,0.99,36.15
2026-09-12,wk inc covid hosp,0,2026-09-12,26,quantile,0.99,44.36
2026-09-12,wk inc covid hosp,1,2026-09-19,26,quantile,0.99,50.96
2026-09-12,wk inc covid hosp,2,2026-09-26,26,quantile,0.99,52.72
2026-09-12,wk inc covid hosp,3,2026-10-03,26,quantile,0.99,50.13
2026-09-12,wk inc covid hosp,-1,2026-09-05,27,quantile,0.01,13.23
2026-09-12,wk inc covid hosp,0,2026-09-12,27,quantile,0.01,12.86
2026-09-12,wk inc covid hosp,1,2026-09-19,27,quantile,0.01,11.88
2026-09-12,wk inc covid hosp,2,2026-09-26,27,quantile,0.01,10.66
2026-09-12,wk inc covid hosp,3,2026-10-03,27,quantile,0.01,8.93
2026-09-12,wk inc covid hosp,-1,2026-09-05,27,quantile,0.025,13.82
2026-09-12,wk inc covid hosp,0,2026-09-12,27,quantile,0.025,13.7
2026-09-12,wk inc covid hosp,1,2026-09-19,27,quantile,0.025,12.9
2026-09-12,wk inc covid hosp,2,2026-09-26,27,quantile,0.025,11.76
2026-09-12,wk inc covid hosp,3,2026-10-03,27,quantile,0.025,10.02
2026-09-12,wk inc covid hosp,-1,2026-09-05,27,quantile,0.05,14.34
2026-09-12,wk inc covid hosp,0,2026-09-12,27,quantile,0.05,14.45
2026-09-12,wk inc covid hosp,1,2026-09-19,27,quantile,0.05,13.83
2026-09-12,wk inc covid hosp,2,2026-09-26,27,quantile,0.05,12.79
2026-09-12,wk inc covid hosp,3,2026-10-03,27,quantile,0.05,11.05
2026-09-12,wk inc covid hosp,-1,2026-09-05,27,quantile,0.1,14.97
2026-09-12,wk inc covid hosp,0,2026-09-12,27,quantile,0.1,15.37
2026-09-12,wk inc covid hosp,1,2026-09-19,27,quantile,0.1,14.98
2026-09-12,wk inc covid hosp,2,2026-09-26,27,quantile,0.1,14.06
2026-09-12,wk inc covid hosp,3,2026-10-03,27,quantile,0.1,12.35
2026-09-12,wk inc covid hosp,-1,2026-09-05,27,quantile,0.15,15.41
2026-09-12,wk inc covid hosp,0,2026-09-12,27,quantile,0.15,16.01
2026-09-12,wk inc covid hosp,1,2026-09-19,27,quantile,0.15,15.8
2026-09-12,wk inc covid hosp,2,2026-09-26,27,quantile,0.15,14.98
2026-09-12,wk inc covid hosp,3,2026-10-03,27,quantile,0.15,13.29
2026-09-12,wk inc covid hosp,-1,2026-09-05,27,quantile,0.2,15.77
2026-09-12,wk inc covid hosp,0,2026-09-12,27,quantile,0.2,16.54
2026-09-12,wk inc covid hosp,1,2026-09-19,27,quantile,0.2,16.48
2026-09-12,wk inc covid hosp,2,2026-09-26,27,quantile,0.2,15.74
2026-09-12,wk inc covid hosp,3,2026-10-03,27,quantile,0.2,14.08
2026-09-12,wk inc covid hosp,-1,2026-09-05,27,quantile,0.25,16.07
2026-09-12,wk inc covid hosp,0,2026-09-12,27,quantile,0.25,17.0
2026-09-12,wk inc covid hosp,1,2026-09-19,27,quantile,0.25,17.08
2026-09-12,wk inc covid hosp,2,2026-09-26,27,quantile,0.25,16.43
2026-09-12,wk inc covid hosp,3,2026-10-03,27,quantile,0.25,14.79
2026-09-12,wk inc covid hosp,-1,2026-09-05,27,quantile,0.3,16.36
2026-09-12,wk inc covid hosp,0,2026-09-12,27,quantile,0.3,17.43
2026-09-12,wk inc covid hosp,1,2026-09-19,27,quantile,0.3,17.63
2026-09-12,wk inc covid hosp,2,2026-09-26,27,quantile,0.3,17.06
2026-09-12,wk inc covid hosp,3,2026-10-03,27,quantile,0.3,15.45
2026-09-12,wk inc covid hosp,-1,2026-09-05,27,quantile,0.35,16.62
2026-09-12,wk inc covid hosp,0,2026-09-12,27,quantile,0.35,17.83
2026-09-12,wk inc covid hosp,1,2026-09-19,27,quantile,0.35,18.16
2026-09-12,wk inc covid hosp,2,2026-09-26,27,quantile,0.35,17.66
2026-09-12,wk inc covid hosp,3,2026-10-03,27,quantile,0.35,16.09
2026-09-12,wk inc covid hosp,-1,2026-09-05,27,quantile,0.4,16.88
2026-09-12,wk inc covid hosp,0,2026-09-12,27,quantile,0.4,18.22
2026-09-12,wk inc covid hosp,1,2026-09-19,27,quantile,0.4,18.67
2026-09-12,wk inc covid hosp,2,2026-09-26,27,quantile,0.4,18.25
2026-09-12,wk inc covid hosp,3,2026-10-03,27,quantile,0.4,16.71
2026-09-12,wk inc covid hosp,-1,2026-09-05,27,quantile,0.45,17.13
2026-09-12,wk inc covid hosp,0,2026-09-12,27,quantile,0.45,18.61
2026-09-12,wk inc covid hosp,1,2026-09-19,27,quantile,0.45,19.18
2026-09-12,wk inc covid hosp,2,2026-09-26,27,quantile,0.45,18.84
2026-09-12,wk inc covid hosp,3,2026-10-03,27,quantile,0.45,17.34
2026-09-12,wk inc covid hosp,-1,2026-09-05,27,quantile,0.5,17.38
2026-09-12,wk inc covid hosp,0,2026-09-12,27,quantile,0.5,18.99
2026-09-12,wk inc covid hosp,1,2026-09-19,27,quantile,0.5,19.69
2026-09-12,wk inc covid hosp,2,2026-09-26,27,quantile,0.5,19.43
2026-09-12,wk inc covid hosp,3,2026-10-03,27,quantile,0.5,17.97
2026-09-12,wk inc covid hosp,-1,2026-09-05,27,quantile,0.55,17.63
2026-09-12,wk inc covid hosp,0,2026-09-12,27,quantile,0.55,19.38
2026-09-12,wk inc covid hosp,1,2026-09-19,27,quantile,0.55,20.21
2026-09-12,wk inc covid hosp,2,2026-09-26,27,quantile,0.55,20.04
2026-09-12,wk inc covid hosp,3,2026-10-03,27,quantile,0.55,18.62
2026-09-12,wk inc covid hosp,-1,2026-09-05,27,quantile,0.6,17.89
2026-09-12,wk inc covid hosp,0,2026-09-12,27,quantile,0.6,19.78
2026-09-12,wk inc covid hosp,1,2026-09-19,27,quantile,0.6,20.75
2026-09-12,wk inc covid hosp,2,2026-09-26,27,quantile,0.6,20.68
2026-09-12,wk inc covid hosp,3,2026-10-03,27,quantile,0.6,19.3
2026-09-12,wk inc covid hosp,-1,2026-09-05,27,quantile,0.65,18.16
2026-09-12,wk inc covid hosp,0,2026-09-12,27,quantile,0.65,20.21
2026-09-12,wk inc covid hosp,1,2026-09-19,27,quantile,0.65,21.32
2026-09-12,wk inc covid hosp,2,2026-09-26,27,quantile,0.65,21.35
2026-09-12,wk inc covid hosp,3,2026-10-03,27,quantile,0.65,20.03
2026-09-12,wk inc covid hosp,-1,2026-09-05,27,quantile,0.7,18.45
2026-09-12,wk inc covid hosp,0,2026-09-12,27,quantile,0.7,20.66
2026-09-12,wk inc covid hosp,1,2026-09-19,27,quantile,0.7,21.94
2026-09-12,wk inc covid hosp,2,2026-09-26,27,quantile,0.7,22.08
2026-09-12,wk inc covid hosp,3,2026-10-03,27,quantile,0.7,20.82
2026-09-12,wk inc covid hosp,-1,2026-09-05,27,quantile,0.75,18.77
2026-09-12,wk inc covid hosp,0,2026-09-12,27,quantile,0.75,21.16
2026-09-12,wk inc covid hosp,1,2026-09-19,27,quantile,0.75,22.62
2026-09-12,wk inc covid hosp,2,2026-09-26,27,quantile,0.75,22.89
2026-09-12,wk inc covid hosp,3,2026-10-03,27,quantile,0.75,21.7
2026-09-12,wk inc covid hosp,-1,2026-09-05,27,quantile,0.8,19.12
2026-09-12,wk inc covid hosp,0,2026-09-12,27,quantile,0.8,21.73
2026-09-12,wk inc covid hosp,1,2026-09-19,27,quantile,0.8,23.4
2026-09-12,wk inc covid hosp,2,2026-09-26,27,quantile,0.8,23.82
2026-09-12,wk inc covid hosp,3,2026-10-03,27,quantile,0.8,22.72
2026-09-12,wk inc covid hosp,-1,2026-09-05,27,quantile,0.85,19.55
2026-09-12,wk inc covid hosp,0,2026-09-12,27,quantile,0.85,22.41
2026-09-12,wk inc covid hosp,1,2026-09-19,27,quantile,0.85,24.34
2026-09-12,wk inc covid hosp,2,2026-09-26,27,quantile,0.85,24.94
2026-09-12,wk inc covid hosp,3,2026-10-03,27,quantile,0.85,23.95
2026-09-12,wk inc covid hosp,-1,2026-09-05,27,quantile,0.9,20.09
2026-09-12,wk inc covid hosp,0,2026-09-12,27,quantile,0.9,23.29
2026-09-12,wk inc covid hosp,1,2026-09-19,27,quantile,0.9,25.56
2026-09-12,wk inc covid hosp,2,2026-09-26,27,quantile,0.9,26.42
2026-09-12,wk inc covid hosp,3,2026-10-03,27,quantile,0.9,25.59
2026-09-12,wk inc covid hosp,-1,2026-09-05,27,quantile,0.95,20.93
2026-09-12,wk inc covid hosp,0,2026-09-12,27,quantile,0.95,24.65
2026-09-12,wk inc covid hosp,1,2026-09-19,27,quantile,0.95,27.47
2026-09-12,wk inc covid hosp,2,2026-09-26,27,quantile,0.95,28.74
2026-09-12,wk inc covid hosp,3,2026-10-03,27,quantile,0.95,28.17
2026-09-12,wk inc covid hosp,-1,2026-09-05,27,quantile,0.975,21.67
2026-09-12,wk inc covid hosp,0,2026-09-12,27,quantile,0.975,25.88
2026-09-12,wk inc covid hosp,1,2026-09-19,27,quantile,0.975,29.22
2026-09-12,wk inc covid hosp,2,2026-09-26,27,quantile,0.975,30.89
2026-09-12,wk inc covid hosp,3,2026-10-03,27,quantile,0.975,30.59
2026-09-12,wk inc covid hosp,-1,2026-09-05,27,quantile,0.99,22.56
2026-09-12,wk inc covid hosp,0,2026-09-12,27,quantile,0.99,27.38
2026-09-12,wk inc covid hosp,1,2026-09-19,27,quantile,0.99,31.37
2026-09-12,wk inc covid hosp,2,2026-09-26,27,quantile,0.99,33.55
2026-09-12,wk inc covid hosp,3,2026-10-03,27,quantile,0.99,33.62
2026-09-12,wk inc covid hosp,-1,2026-09-05,28,quantile,0.01,22.17
2026-09-12,wk inc covid hosp,0,2026-09-12,28,quantile,0.01,19.58
2026-09-12,wk inc covid hosp,1,2026-09-19,28,quantile,0.01,16.61
2026-09-12,wk inc covid hosp,2,2026-09-26,28,quantile,0.01,13.6
2026-09-12,wk inc covid hosp,3,2026-10-03,28,quantile,0.01,10.16
2026-09-12,wk inc covid hosp,-1,2026-09-05,28,quantile,0.025,22.99
2026-09-12,wk inc covid hosp,0,2026-09-12,28,quantile,0.025,20.68
2026-09-12,wk inc covid hosp,1,2026-09-19,28,quantile,0.025,17.88
2026-09-12,wk inc covid hosp,2,2026-09-26,28,quantile,0.025,14.9
2026-09-12,wk inc covid hosp,3,2026-10-03,28,quantile,0.025,11.38
2026-09-12,wk inc covid hosp,-1,2026-09-05,28,quantile,0.05,23.71
2026-09-12,wk inc covid hosp,0,2026-09-12,28,quantile,0.05,21.66
2026-09-12,wk inc covid hosp,1,2026-09-19,28,quantile,0.05,19.04
2026-09-12,wk inc covid hosp,2,2026-09-26,28,quantile,0.05,16.09
2026-09-12,wk inc covid hosp,3,2026-10-03,28,quantile,0.05,12.52
2026-09-12,wk inc covid hosp,-1,2026-09-05,28,quantile,0.1,24.57
2026-09-12,wk inc covid hosp,0,2026-09-12,28,quantile,0.1,22.84
2026-09-12,wk inc covid hosp,1,2026-09-19,28,quantile,0.1,20.45
2026-09-12,wk inc covid hosp,2,2026-09-26,28,quantile,0.1,17.57
2026-09-12,wk inc covid hosp,3,2026-10-03,28,quantile,0.1,13.95
2026-09-12,wk inc covid hosp,-1,2026-09-05,28,quantile,0.15,25.16
2026-09-12,wk inc covid hosp,0,2026-09-12,28,quantile,0.15,23.67
2026-09-12,wk inc covid hosp,1,2026-09-19,28,quantile,0.15,21.46
2026-09-12,wk inc covid hosp,2,2026-09-26,28,quantile,0.15,18.63
2026-09-12,wk inc covid hosp,3,2026-10-03,28,quantile,0.15,15.0
2026-09-12,wk inc covid hosp,-1,2026-09-05,28,quantile,0.2,25.64
2026-09-12,wk inc covid hosp,0,2026-09-12,28,quantile,0.2,24.35
2026-09-12,wk inc covid hosp,1,2026-09-19,28,quantile,0.2,22.28
2026-09-12,wk inc covid hosp,2,2026-09-26,28,quantile,0.2,19.5
2026-09-12,wk inc covid hosp,3,2026-10-03,28,quantile,0.2,15.87
2026-09-12,wk inc covid hosp,-1,2026-09-05,28,quantile,0.25,26.06
2026-09-12,wk inc covid hosp,0,2026-09-12,28,quantile,0.25,24.94
2026-09-12,wk inc covid hosp,1,2026-09-19,28,quantile,0.25,23.01
2026-09-12,wk inc covid hosp,2,2026-09-26,28,quantile,0.25,20.29
2026-09-12,wk inc covid hosp,3,2026-10-03,28,quantile,0.25,16.66
2026-09-12,wk inc covid hosp,-1,2026-09-05,28,quantile,0.3,26.44
2026-09-12,wk inc covid hosp,0,2026-09-12,28,quantile,0.3,25.48
2026-09-12,wk inc covid hosp,1,2026-09-19,28,quantile,0.3,23.68
2026-09-12,wk inc covid hosp,2,2026-09-26,28,quantile,0.3,21.01
2026-09-12,wk inc covid hosp,3,2026-10-03,28,quantile,0.3,17.39
2026-09-12,wk inc covid hosp,-1,2026-09-05,28,quantile,0.35,26.8
2026-09-12,wk inc covid hosp,0,2026-09-12,28,quantile,0.35,26.0
2026-09-12,wk inc covid hosp,1,2026-09-19,28,quantile,0.35,24.32
2026-09-12,wk inc covid hosp,2,2026-09-26,28,quantile,0.35,21.7
2026-09-12,wk inc covid hosp,3,2026-10-03,28,quantile,0.35,18.09
2026-09-12,wk inc covid hosp,-1,2026-09-05,28,quantile,0.4,27.14
2026-09-12,wk inc covid hosp,0,2026-09-12,28,quantile,0.4,26.49
2026-09-12,wk inc covid hosp,1,2026-09-19,28,quantile,0.4,24.94
2026-09-12,wk inc covid hosp,2,2026-09-26,28,quantile,0.4,22.37
2026-09-12,wk inc covid hosp,3,2026-10-03,28,quantile,0.4,18.78
2026-09-12,wk inc covid hosp,-1,2026-09-05,28,quantile,0.45,27.47
2026-09-12,wk inc covid hosp,0,2026-09-12,28,quantile,0.45,26.97
2026-09-12,wk inc covid hosp,1,2026-09-19,28,quantile,0.45,25.55
2026-09-12,wk inc covid hosp,2,2026-09-26,28,quantile,0.45,23.04
2026-09-12,wk inc covid hosp,3,2026-10-03,28,quantile,0.45,19.47
2026-09-12,wk inc covid hosp,-1,2026-09-05,28,quantile,0.5,27.8
2026-09-12,wk inc covid hosp,0,2026-09-12,28,quantile,0.5,27.46
2026-09-12,wk inc covid hosp,1,2026-09-19,28,quantile,0.5,26.16
2026-09-12,wk inc covid hosp,2,2026-09-26,28,quantile,0.5,23.71
2026-09-12,wk inc covid hosp,3,2026-10-03,28,quantile,0.5,20.16
2026-09-12,wk inc covid hosp,-1,2026-09-05,28,quantile,0.55,28.14
2026-09-12,wk inc covid hosp,0,2026-09-12,28,quantile,0.55,27.95
2026-09-12,wk inc covid hosp,1,2026-09-19,28,quantile,0.55,26.79
2026-09-12,wk inc covid hosp,2,2026-09-26,28,quantile,0.55,24.4
2026-09-12,wk inc covid hosp,3,2026-10-03,28,quantile,0.55,20.88
2026-09-12,wk inc covid hosp,-1,2026-09-05,28,quantile,0.6,28.48
2026-09-12,wk inc covid hosp,0,2026-09-12,28,quantile,0.6,28.46
2026-09-12,wk inc covid hosp,1,2026-09-19,28,quantile,0.6,27.43
2026-09-12,wk inc covid hosp,2,2026-09-26,28,quantile,0.6,25.11
2026-09-12,wk inc covid hosp,3,2026-10-03,28,quantile,0.6,21.63
2026-09-12,wk inc covid hosp,-1,2026-09-05,28,quantile,0.65,28.84
2026-09-12,wk inc covid hosp,0,2026-09-12,28,quantile,0.65,28.99
2026-09-12,wk inc covid hosp,1,2026-09-19,28,quantile,0.65,28.12
2026-09-12,wk inc covid hosp,2,2026-09-26,28,quantile,0.65,25.87
2026-09-12,wk inc covid hosp,3,2026-10-03,28,quantile,0.65,22.43
2026-09-12,wk inc covid hosp,-1,2026-09-05,28,quantile,0.7,29.23
2026-09-12,wk inc covid hosp,0,2026-09-12,28,quantile,0.7,29.56
2026-09-12,wk inc covid hosp,1,2026-09-19,28,quantile,0.7,28.85
2026-09-12,wk inc covid hosp,2,2026-09-26,28,quantile,0.7,26.69
2026-09-12,wk inc covid hosp,3,2026-10-03,28,quantile,0.7,23.29
2026-09-12,wk inc covid hosp,-1,2026-09-05,28,quantile,0.75,29.64
2026-09-12,wk inc covid hosp,0,2026-09-12,28,quantile,0.75,30.18
2026-09-12,wk inc covid hosp,1,2026-09-19,28,quantile,0.75,29.66
2026-09-12,wk inc covid hosp,2,2026-09-26,28,quantile,0.75,27.6
2026-09-12,wk inc covid hosp,3,2026-10-03,28,quantile,0.75,24.26
2026-09-12,wk inc covid hosp,-1,2026-09-05,28,quantile,0.8,30.11
2026-09-12,wk inc covid hosp,0,2026-09-12,28,quantile,0.8,30.89
2026-09-12,wk inc covid hosp,1,2026-09-19,28,quantile,0.8,30.59
2026-09-12,wk inc covid hosp,2,2026-09-26,28,quantile,0.8,28.65
2026-09-12,wk inc covid hosp,3,2026-10-03,28,quantile,0.8,25.38
2026-09-12,wk inc covid hosp,-1,2026-09-05,28,quantile,0.85,30.67
2026-09-12,wk inc covid hosp,0,2026-09-12,28,quantile,0.85,31.74
2026-09-12,wk inc covid hosp,1,2026-09-19,28,quantile,0.85,31.7
2026-09-12,wk inc covid hosp,2,2026-09-26,28,quantile,0.85,29.9
2026-09-12,wk inc covid hosp,3,2026-10-03,28,quantile,0.85,26.73
2026-09-12,wk inc covid hosp,-1,2026-09-05,28,quantile,0.9,31.38
2026-09-12,wk inc covid hosp,0,2026-09-12,28,quantile,0.9,32.82
2026-09-12,wk inc covid hosp,1,2026-09-19,28,quantile,0.9,33.14
2026-09-12,wk inc covid hosp,2,2026-09-26,28,quantile,0.9,31.55
2026-09-12,wk inc covid hosp,3,2026-10-03,28,quantile,0.9,28.52
2026-09-12,wk inc covid hosp,-1,2026-09-05,28,quantile,0.95,32.47
2026-09-12,wk inc covid hosp,0,2026-09-12,28,quantile,0.95,34.49
2026-09-12,wk inc covid hosp,1,2026-09-19,28,quantile,0.95,35.38
2026-09-12,wk inc covid hosp,2,2026-09-26,28,quantile,0.95,34.12
2026-09-12,wk inc covid hosp,3,2026-10-03,28,quantile,0.95,31.35
2026-09-12,wk inc covid hosp,-1,2026-09-05,28,quantile,0.975,33.43
2026-09-12,wk inc covid hosp,0,2026-09-12,28,quantile,0.975,36.0
2026-09-12,wk inc covid hosp,1,2026-09-19,28,quantile,0.975,37.42
2026-09-12,wk inc covid hosp,2,2026-09-26,28,quantile,0.975,36.5
2026-09-12,wk inc covid hosp,3,2026-10-03,28,quantile,0.975,34.0
2026-09-12,wk inc covid hosp,-1,2026-09-05,28,quantile,0.99,34.58
2026-09-12,wk inc covid hosp,0,2026-09-12,28,quantile,0.99,37.82
2026-09-12,wk inc covid hosp,1,2026-09-19,28,quantile,0.99,39.91
2026-09-12,wk inc covid hosp,2,2026-09-26,28,quantile,0.99,39.43
2026-09-12,wk inc covid hosp,3,2026-10-03,28,quantile,0.99,37.3
2026-09-12,wk inc covid hosp,-1,2026-09-05,29,quantile,0.01,31.32
2026-09-12,wk inc covid hosp,0,2026-09-12,29,quantile,0.01,29.05
2026-09-12,wk inc covid hosp,1,2026-09-19,29,quantile,0.01,25.6
2026-09-12,wk inc covid hosp,2,2026-09-26,29,quantile,0.01,22.19
2026-09-12,wk inc covid hosp,3,2026-10-03,29,quantile,0.01,18.02
2026-09-12,wk inc covid hosp,-1,2026-09-05,29,quantile,0.025,32.31
2026-09-12,wk inc covid hosp,0,2026-09-12,29,quantile,0.025,30.44
2026-09-12,wk inc covid hosp,1,2026-09-19,29,quantile,0.025,27.27
2026-09-12,wk inc covid hosp,2,2026-09-26,29,quantile,0.025,23.95
2026-09-12,wk inc covid hosp,3,2026-10-03,29,quantile,0.025,19.69
2026-09-12,wk inc covid hosp,-1,2026-09-05,29,quantile,0.05,33.19
2026-09-12,wk inc covid hosp,0,2026-09-12,29,quantile,0.05,31.67
2026-09-12,wk inc covid hosp,1,2026-09-19,29,quantile,0.05,28.77
2026-09-12,wk inc covid hosp,2,2026-09-26,29,quantile,0.05,25.55
2026-09-12,wk inc covid hosp,3,2026-10-03,29,quantile,0.05,21.24
2026-09-12,wk inc covid hosp,-1,2026-09-05,29,quantile,0.1,34.22
2026-09-12,wk inc covid hosp,0,2026-09-12,29,quantile,0.1,33.14
2026-09-12,wk inc covid hosp,1,2026-09-19,29,quantile,0.1,30.59
2026-09-12,wk inc covid hosp,2,2026-09-26,29,quantile,0.1,27.51
2026-09-12,wk inc covid hosp,3,2026-10-03,29,quantile,0.1,23.15
2026-09-12,wk inc covid hosp,-1,2026-09-05,29,quantile,0.15,34.93
2026-09-12,wk inc covid hosp,0,2026-09-12,29,quantile,0.15,34.16
2026-09-12,wk inc covid hosp,1,2026-09-19,29,quantile,0.15,31.87
2026-09-12,wk inc covid hosp,2,2026-09-26,29,quantile,0.15,28.89
2026-09-12,wk inc covid hosp,3,2026-10-03,29,quantile,0.15,24.51
2026-09-12,wk inc covid hosp,-1,2026-09-05,29,quantile,0.2,35.5
2026-09-12,wk inc covid hosp,0,2026-09-12,29,quantile,0.2,35.0
2026-09-12,wk inc covid hosp,1,2026-09-19,29,quantile,0.2,32.92
2026-09-12,wk inc covid hosp,2,2026-09-26,29,quantile,0.2,30.04
2026-09-12,wk inc covid hosp,3,2026-10-03,29,quantile,0.2,25.65
2026-09-12,wk inc covid hosp,-1,2026-09-05,29,quantile,0.25,36.0
2026-09-12,wk inc covid hosp,0,2026-09-12,29,quantile,0.25,35.72
2026-09-12,wk inc covid hosp,1,2026-09-19,29,quantile,0.25,33.84
2026-09-12,wk inc covid hosp,2,2026-09-26,29,quantile,0.25,31.05
2026-09-12,wk inc covid hosp,3,2026-10-03,29,quantile,0.25,26.65
2026-09-12,wk inc covid hosp,-1,2026-09-05,29,quantile,0.3,36.45
2026-09-12,wk inc covid hosp,0,2026-09-12,29,quantile,0.3,36.39
2026-09-12,wk inc covid hosp,1,2026-09-19,29,quantile,0.3,34.69
2026-09-12,wk inc covid hosp,2,2026-09-26,29,quantile,0.3,31.99
2026-09-12,wk inc covid hosp,3,2026-10-03,29,quantile,0.3,27.58
2026-09-12,wk inc covid hosp,-1,2026-09-05,29,quantile,0.35,36.88
2026-09-12,wk inc covid hosp,0,2026-09-12,29,quantile,0.35,37.01
2026-09-12,wk inc covid hosp,1,2026-09-19,29,quantile,0.35,35.49
2026-09-12,wk inc covid hosp,2,2026-09-26,29,quantile,0.35,32.87
2026-09-12,wk inc covid hosp,3,2026-10-03,29,quantile,0.35,28.47
2026-09-12,wk inc covid hosp,-1,2026-09-05,29,quantile,0.4,37.28
2026-09-12,wk inc covid hosp,0,2026-09-12,29,quantile,0.4,37.61
2026-09-12,wk inc covid hosp,1,2026-09-19,29,quantile,0.4,36.27
2026-09-12,wk inc covid hosp,2,2026-09-26,29,quantile,0.4,33.73
2026-09-12,wk inc covid hosp,3,2026-10-03,29,quantile,0.4,29.34
2026-09-12,wk inc covid hosp,-1,2026-09-05,29,quantile,0.45,37.68
2026-09-12,wk inc covid hosp,0,2026-09-12,29,quantile,0.45,38.2
2026-09-12,wk inc covid hosp,1,2026-09-19,29,quantile,0.45,37.03
2026-09-12,wk inc covid hosp,2,2026-09-26,29,quantile,0.45,34.58
2026-09-12,wk inc covid hosp,3,2026-10-03,29,quantile,0.45,30.19
2026-09-12,wk inc covid hosp,-1,2026-09-05,29,quantile,0.5,38.07
2026-09-12,wk inc covid hosp,0,2026-09-12,29,quantile,0.5,38.79
2026-09-12,wk inc covid hosp,1,2026-09-19,29,quantile,0.5,37.79
2026-09-12,wk inc covid hosp,2,2026-09-26,29,quantile,0.5,35.44
2026-09-12,wk inc covid hosp,3,2026-10-03,29,quantile,0.5,31.06
2026-09-12,wk inc covid hosp,-1,2026-09-05,29,quantile,0.55,38.47
2026-09-12,wk inc covid hosp,0,2026-09-12,29,quantile,0.55,39.39
2026-09-12,wk inc covid hosp,1,2026-09-19,29,quantile,0.55,38.57
2026-09-12,wk inc covid hosp,2,2026-09-26,29,quantile,0.55,36.31
2026-09-12,wk inc covid hosp,3,2026-10-03,29,quantile,0.55,31.94
2026-09-12,wk inc covid hosp,-1,2026-09-05,29,quantile,0.6,38.88
2026-09-12,wk inc covid hosp,0,2026-09-12,29,quantile,0.6,40.0
2026-09-12,wk inc covid hosp,1,2026-09-19,29,quantile,0.6,39.37
2026-09-12,wk inc covid hosp,2,2026-09-26,29,quantile,0.6,37.21
2026-09-12,wk inc covid hosp,3,2026-10-03,29,quantile,0.6,32.86
2026-09-12,wk inc covid hosp,-1,2026-09-05,29,quantile,0.65,39.3
2026-09-12,wk inc covid hosp,0,2026-09-12,29,quantile,0.65,40.64
2026-09-12,wk inc covid hosp,1,2026-09-19,29,quantile,0.65,40.22
2026-09-12,wk inc covid hosp,2,2026-09-26,29,quantile,0.65,38.16
2026-09-12,wk inc covid hosp,3,2026-10-03,29,quantile,0.65,33.84
2026-09-12,wk inc covid hosp,-1,2026-09-05,29,quantile,0.7,39.75
2026-09-12,wk inc covid hosp,0,2026-09-12,29,quantile,0.7,41.33
2026-09-12,wk inc covid hosp,1,2026-09-19,29,quantile,0.7,41.12
2026-09-12,wk inc covid hosp,2,2026-09-26,29,quantile,0.7,39.19
2026-09-12,wk inc covid hosp,3,2026-10-03,29,quantile,0.7,34.89
2026-09-12,wk inc covid hosp,-1,2026-09-05,29,quantile,0.75,40.24
2026-09-12,wk inc covid hosp,0,2026-09-12,29,quantile,0.75,42.08
2026-09-12,wk inc covid hosp,1,2026-09-19,29,quantile,0.75,42.12
2026-09-12,wk inc covid hosp,2,2026-09-26,29,quantile,0.75,40.32
2026-09-12,wk inc covid hosp,3,2026-10-03,29,quantile,0.75,36.06
2026-09-12,wk inc covid hosp,-1,2026-09-05,29,quantile,0.8,40.8
2026-09-12,wk inc covid hosp,0,2026-09-12,29,quantile,0.8,42.92
2026-09-12,wk inc covid hosp,1,2026-09-19,29,quantile,0.8,43.26
2026-09-12,wk inc covid hosp,2,2026-09-26,29,quantile,0.8,41.62
2026-09-12,wk inc covid hosp,3,2026-10-03,29,quantile,0.8,37.39
2026-09-12,wk inc covid hosp,-1,2026-09-05,29,quantile,0.85,41.45
2026-09-12,wk inc covid hosp,0,2026-09-12,29,quantile,0.85,43.93
2026-09-12,wk inc covid hosp,1,2026-09-19,29,quantile,0.85,44.61
2026-09-12,wk inc covid hosp,2,2026-09-26,29,quantile,0.85,43.17
2026-09-12,wk inc covid hosp,3,2026-10-03,29,quantile,0.85,39.0
2026-09-12,wk inc covid hosp,-1,2026-09-05,29,quantile,0.9,42.28
2026-09-12,wk inc covid hosp,0,2026-09-12,29,quantile,0.9,45.23
2026-09-12,wk inc covid hosp,1,2026-09-19,29,quantile,0.9,46.36
2026-09-12,wk inc covid hosp,2,2026-09-26,29,quantile,0.9,45.19
2026-09-12,wk inc covid hosp,3,2026-10-03,29,quantile,0.9,41.11
2026-09-12,wk inc covid hosp,-1,2026-09-05,29,quantile,0.95,43.54
2026-09-12,wk inc covid hosp,0,2026-09-12,29,quantile,0.95,47.2
2026-09-12,wk inc covid hosp,1,2026-09-19,29,quantile,0.95,49.07
2026-09-12,wk inc covid hosp,2,2026-09-26,29,quantile,0.95,48.32
2026-09-12,wk inc covid hosp,3,2026-10-03,29,quantile,0.95,44.4
2026-09-12,wk inc covid hosp,-1,2026-09-05,29,quantile,0.975,44.66
2026-09-12,wk inc covid hosp,0,2026-09-12,29,quantile,0.975,48.98
2026-09-12,wk inc covid hosp,1,2026-09-19,29,quantile,0.975,51.51
2026-09-12,wk inc covid hosp,2,2026-09-26,29,quantile,0.975,51.19
2026-09-12,wk inc covid hosp,3,2026-10-03,29,quantile,0.975,47.44
2026-09-12,wk inc covid hosp,-1,2026-09-05,29,quantile,0.99,45.99
2026-09-12,wk inc covid hosp,0,2026-09-12,29,quantile,0.99,51.11
2026-09-12,wk inc covid hosp,1,2026-09-19,29,quantile,0.99,54.49
2026-09-12,wk inc covid hosp,2,2026-09-26,29,quantile,0.99,54.7
2026-09-12,wk inc covid hosp,3,2026-10-03,29,quantile,0.99,51.17
2026-09-12,wk inc covid hosp,-1,2026-09-05,30,quantile,0.01,3.33
2026-09-12,wk inc covid hosp,0,2026-09-12,30,quantile,0.01,3.24
2026-09-12,wk inc covid hosp,1,2026-09-19,30,quantile,0.01,3.09
2026-09-12,wk inc covid hosp,2,2026-09-26,30,quantile,0.01,2.95
2026-09-12,wk inc covid hosp,3,2026-10-03,30,quantile,0.01,2.59
2026-09-12,wk inc covid hosp,-1,2026-09-05,30,quantile,0.025,3.5
2026-09-12,wk inc covid hosp,0,2026-09-12,30,quantile,0.025,3.47
2026-09-12,wk inc covid hosp,1,2026-09-19,30,quantile,0.025,3.38
2026-09-12,wk inc covid hosp,2,2026-09-26,30,quantile,0.025,3.27
2026-09-12,wk inc covid hosp,3,2026-10-03,30,quantile,0.025,2.91
2026-09-12,wk inc covid hosp,-1,2026-09-05,30,quantile,0.05,3.64
2026-09-12,wk inc covid hosp,0,2026-09-12,30,quantile,0.05,3.68
2026-09-12,wk inc covid hosp,1,2026-09-19,30,quantile,0.05,3.64
2026-09-12,wk inc covid hosp,2,2026-09-26,30,quantile,0.05,3.58
2026-09-12,wk inc covid hosp,3,2026-10-03,30,quantile,0.05,3.22
2026-09-12,wk inc covid hosp,-1,2026-09-05,30,quantile,0.1,3.82
2026-09-12,wk inc covid hosp,0,2026-09-12,30,quantile,0.1,3.94
2026-09-12,wk inc covid hosp,1,2026-09-19,30,quantile,0.1,3.97
2026-09-12,wk inc covid hosp,2,2026-09-26,30,quantile,0.1,3.96
2026-09-12,wk inc covid hosp,3,2026-10-03,30,quantile,0.1,3.6
2026-09-12,wk inc covid hosp,-1,2026-09-05,30,quantile,0.15,3.94
2026-09-12,wk inc covid hosp,0,2026-09-12,30,quantile,0.15,4.12
2026-09-12,wk inc covid hosp,1,2026-09-19,30,quantile,0.15,4.21
2026-09-12,wk inc covid hosp,2,2026-09-26,30,quantile,0.15,4.23
2026-09-12,wk inc covid hosp,3,2026-10-03,30,quantile,0.15,3.88
2026-09-12,wk inc covid hosp,-1,2026-09-05,30,quantile,0.2,4.04
2026-09-12,wk inc covid hosp,0,2026-09-12,30,quantile,0.2,4.27
2026-09-12,wk inc covid hosp,1,2026-09-19,30,quantile,0.2,4.4
2026-09-12,wk inc covid hosp,2,2026-09-26,30,quantile,0.2,4.46
2026-09-12,wk inc covid hosp,3,2026-10-03,30,quantile,0.2,4.11
2026-09-12,wk inc covid hosp,-1,2026-09-05,30,quantile,0.25,4.13
2026-09-12,wk inc covid hosp,0,2026-09-12,30,quantile,0.25,4.4
2026-09-12,wk inc covid hosp,1,2026-09-19,30,quantile,0.25,4.57
2026-09-12,wk inc covid hosp,2,2026-09-26,30,quantile,0.25,4.67
2026-09-12,wk inc covid hosp,3,2026-10-03,30,quantile,0.25,4.32
2026-09-12,wk inc covid hosp,-1,2026-09-05,30,quantile,0.3,4.21
2026-09-12,wk inc covid hosp,0,2026-09-12,30,quantile,0.3,4.52
2026-09-12,wk inc covid hosp,1,2026-09-19,30,quantile,0.3,4.73
2026-09-12,wk inc covid hosp,2,2026-09-26,30,quantile,0.3,4.86
2026-09-12,wk inc covid hosp,3,2026-10-03,30,quantile,0.3,4.52
2026-09-12,wk inc covid hosp,-1,2026-09-05,30,quantile,0.35,4.29
2026-09-12,wk inc covid hosp,0,2026-09-12,30,quantile,0.35,4.63
2026-09-12,wk inc covid hosp,1,2026-09-19,30,quantile,0.35,4.89
2026-09-12,wk inc covid hosp,2,2026-09-26,30,quantile,0.35,5.04
2026-09-12,wk inc covid hosp,3,2026-10-03,30,quantile,0.35,4.7
2026-09-12,wk inc covid hosp,-1,2026-09-05,30,quantile,0.4,4.36
2026-09-12,wk inc covid hosp,0,2026-09-12,30,quantile,0.4,4.74
2026-09-12,wk inc covid hosp,1,2026-09-19,30,quantile,0.4,5.04
2026-09-12,wk inc covid hosp,2,2026-09-26,30,quantile,0.4,5.22
2026-09-12,wk inc covid hosp,3,2026-10-03,30,quantile,0.4,4.89
2026-09-12,wk inc covid hosp,-1,2026-09-05,30,quantile,0.45,4.43
2026-09-12,wk inc covid hosp,0,2026-09-12,30,quantile,0.45,4.85
2026-09-12,wk inc covid hosp,1,2026-09-19,30,quantile,0.45,5.18
2026-09-12,wk inc covid hosp,2,2026-09-26,30,quantile,0.45,5.4
2026-09-12,wk inc covid hosp,3,2026-10-03,30,quantile,0.45,5.07
2026-09-12,wk inc covid hosp,-1,2026-09-05,30,quantile,0.5,4.5
2026-09-12,wk inc covid hosp,0,2026-09-12,30,quantile,0.5,4.96
2026-09-12,wk inc covid hosp,1,2026-09-19,30,quantile,0.5,5.33
2026-09-12,wk inc covid hosp,2,2026-09-26,30,quantile,0.5,5.58
2026-09-12,wk inc covid hosp,3,2026-10-03,30,quantile,0.5,5.26
2026-09-12,wk inc covid hosp,-1,2026-09-05,30,quantile,0.55,4.58
2026-09-12,wk inc covid hosp,0,2026-09-12,30,quantile,0.55,5.07
2026-09-12,wk inc covid hosp,1,2026-09-19,30,quantile,0.55,5.48
2026-09-12,wk inc covid hosp,2,2026-09-26,30,quantile,0.55,5.77
2026-09-12,wk inc covid hosp,3,2026-10-03,30,quantile,0.55,5.45
2026-09-12,wk inc covid hosp,-1,2026-09-05,30,quantile,0.6,4.65
2026-09-12,wk inc covid hosp,0,2026-09-12,30,quantile,0.6,5.19
2026-09-12,wk inc covid hosp,1,2026-09-19,30,quantile,0.6,5.64
2026-09-12,wk inc covid hosp,2,2026-09-26,30,quantile,0.6,5.96
2026-09-12,wk inc covid hosp,3,2026-10-03,30,quantile,0.6,5.66
2026-09-12,wk inc covid hosp,-1,2026-09-05,30,quantile,0.65,4.73
2026-09-12,wk inc covid hosp,0,2026-09-12,30,quantile,0.65,5.31
2026-09-12,wk inc covid hosp,1,2026-09-19,30,quantile,0.65,5.81
2026-09-12,wk inc covid hosp,2,2026-09-26,30,quantile,0.65,6.17
2026-09-12,wk inc covid hosp,3,2026-10-03,30,quantile,0.65,5.87
2026-09-12,wk inc covid hosp,-1,2026-09-05,30,quantile,0.7,4.81
2026-09-12,wk inc covid hosp,0,2026-09-12,30,quantile,0.7,5.44
2026-09-12,wk inc covid hosp,1,2026-09-19,30,quantile,0.7,5.99
2026-09-12,wk inc covid hosp,2,2026-09-26,30,quantile,0.7,6.39
2026-09-12,wk inc covid hosp,3,2026-10-03,30,quantile,0.7,6.1
2026-09-12,wk inc covid hosp,-1,2026-09-05,30,quantile,0.75,4.9
2026-09-12,wk inc covid hosp,0,2026-09-12,30,quantile,0.75,5.59
2026-09-12,wk inc covid hosp,1,2026-09-19,30,quantile,0.75,6.19
2026-09-12,wk inc covid hosp,2,2026-09-26,30,quantile,0.75,6.64
2026-09-12,wk inc covid hosp,3,2026-10-03,30,quantile,0.75,6.37
2026-09-12,wk inc covid hosp,-1,2026-09-05,30,quantile,0.8,5.01
2026-09-12,wk inc covid hosp,0,2026-09-12,30,quantile,0.8,5.75
2026-09-12,wk inc covid hosp,1,2026-09-19,30,quantile,0.8,6.42
2026-09-12,wk inc covid hosp,2,2026-09-26,30,quantile,0.8,6.92
2026-09-12,wk inc covid hosp,3,2026-10-03,30,quantile,0.8,6.67
2026-09-12,wk inc covid hosp,-1,2026-09-05,30,quantile,0.85,5.13
2026-09-12,wk inc covid hosp,0,2026-09-12,30,quantile,0.85,5.95
2026-09-12,wk inc covid hosp,1,2026-09-19,30,quantile,0.85,6.7
2026-09-12,wk inc covid hosp,2,2026-09-26,30,quantile,0.85,7.27
2026-09-12,wk inc covid hosp,3,2026-10-03,30,quantile,0.85,7.03
2026-09-12,wk inc covid hosp,-1,2026-09-05,30,quantile,0.9,5.29
2026-09-12,wk inc covid hosp,0,2026-09-12,30,quantile,0.9,6.2
2026-09-12,wk inc covid hosp,1,2026-09-19,30,quantile,0.9,7.06
2026-09-12,wk inc covid hosp,2,2026-09-26,30,quantile,0.9,7.72
2026-09-12,wk inc covid hosp,3,2026-10-03,30,quantile,0.9,7.52
2026-09-12,wk inc covid hosp,-1,2026-09-05,30,quantile,0.95,5.53
2026-09-12,wk inc covid hosp,0,2026-09-12,30,quantile,0.95,6.6
2026-09-12,wk inc covid hosp,1,2026-09-19,30,quantile,0.95,7.63
2026-09-12,wk inc covid hosp,2,2026-09-26,30,quantile,0.95,8.44
2026-09-12,wk inc covid hosp,3,2026-10-03,30,quantile,0.95,8.29
2026-09-12,wk inc covid hosp,-1,2026-09-05,30,quantile,0.975,5.74
2026-09-12,wk inc covid hosp,0,2026-09-12,30,quantile,0.975,6.96
2026-09-12,wk inc covid hosp,1,2026-09-19,30,quantile,0.975,8.15
2026-09-12,wk inc covid hosp,2,2026-09-26,30,quantile,0.975,9.11
2026-09-12,wk inc covid hosp,3,2026-10-03,30,quantile,0.975,9.01
2026-09-12,wk inc covid hosp,-1,2026-09-05,30,quantile,0.99,6.0
2026-09-12,wk inc covid hosp,0,2026-09-12,30,quantile,0.99,7.39
2026-09-12,wk inc covid hosp,1,2026-09-19,30,quantile,0.99,8.8
2026-09-12,wk inc covid hosp,2,2026-09-26,30,quantile,0.99,9.94
2026-09-12,wk inc covid hosp,3,2026-10-03,30,quantile,0.99,9.91
2026-09-12,wk inc covid hosp,-1,2026-09-05,31,quantile,0.01,7.39
2026-09-12,wk inc covid hosp,0,2026-09-12,31,quantile,0.01,6.99
2026-09-12,wk inc covid hosp,1,2026-09-19,31,quantile,0.01,6.09
2026-09-12,wk inc covid hosp,2,2026-09-26,31,quantile,0.01,5.32
2026-09-12,wk inc covid hosp,3,2026-10-03,31,quantile,0.01,4.59
2026-09-12,wk inc covid hosp,-1,2026-09-05,31,quantile,0.025,7.62
2026-09-12,wk inc covid hosp,0,2026-09-12,31,quantile,0.025,7.31
2026-09-12,wk inc covid hosp,1,2026-09-19,31,quantile,0.025,6.48
2026-09-12,wk inc covid hosp,2,2026-09-26,31,quantile,0.025,5.75
2026-09-12,wk inc covid hosp,3,2026-10-03,31,quantile,0.025,5.01
2026-09-12,wk inc covid hosp,-1,2026-09-05,31,quantile,0.05,7.82
2026-09-12,wk inc covid hosp,0,2026-09-12,31,quantile,0.05,7.6
2026-09-12,wk inc covid hosp,1,2026-09-19,31,quantile,0.05,6.84
2026-09-12,wk inc covid hosp,2,2026-09-26,31,quantile,0.05,6.13
2026-09-12,wk inc covid hosp,3,2026-10-03,31,quantile,0.05,5.4
2026-09-12,wk inc covid hosp,-1,2026-09-05,31,quantile,0.1,8.06
2026-09-12,wk inc covid hosp,0,2026-09-12,31,quantile,0.1,7.94
2026-09-12,wk inc covid hosp,1,2026-09-19,31,quantile,0.1,7.26
2026-09-12,wk inc covid hosp,2,2026-09-26,31,quantile,0.1,6.6
2026-09-12,wk inc covid hosp,3,2026-10-03,31,quantile,0.1,5.87
2026-09-12,wk inc covid hosp,-1,2026-09-05,31,quantile,0.15,8.22
2026-09-12,wk inc covid hosp,0,2026-09-12,31,quantile,0.15,8.18
2026-09-12,wk inc covid hosp,1,2026-09-19,31,quantile,0.15,7.57
2026-09-12,wk inc covid hosp,2,2026-09-26,31,quantile,0.15,6.94
2026-09-12,wk inc covid hosp,3,2026-10-03,31,quantile,0.15,6.21
2026-09-12,wk inc covid hosp,-1,2026-09-05,31,quantile,0.2,8.36
2026-09-12,wk inc covid hosp,0,2026-09-12,31,quantile,0.2,8.37
2026-09-12,wk inc covid hosp,1,2026-09-19,31,quantile,0.2,7.82
2026-09-12,wk inc covid hosp,2,2026-09-26,31,quantile,0.2,7.22
2026-09-12,wk inc covid hosp,3,2026-10-03,31,quantile,0.2,6.49
2026-09-12,wk inc covid hosp,-1,2026-09-05,31,quantile,0.25,8.47
2026-09-12,wk inc covid hosp,0,2026-09-12,31,quantile,0.25,8.54
2026-09-12,wk inc covid hosp,1,2026-09-19,31,quantile,0.25,8.03
2026-09-12,wk inc covid hosp,2,2026-09-26,31,quantile,0.25,7.46
2026-09-12,wk inc covid hosp,3,2026-10-03,31,quantile,0.25,6.74
2026-09-12,wk inc covid hosp,-1,2026-09-05,31,quantile,0.3,8.58
2026-09-12,wk inc covid hosp,0,2026-09-12,31,quantile,0.3,8.7
2026-09-12,wk inc covid hosp,1,2026-09-19,31,quantile,0.3,8.23
2026-09-12,wk inc covid hosp,2,2026-09-26,31,quantile,0.3,7.69
2026-09-12,wk inc covid hosp,3,2026-10-03,31,quantile,0.3,6.97
2026-09-12,wk inc covid hosp,-1,2026-09-05,31,quantile,0.35,8.67
2026-09-12,wk inc covid hosp,0,2026-09-12,31,quantile,0.35,8.84
2026-09-12,wk inc covid hosp,1,2026-09-19,31,quantile,0.35,8.42
2026-09-12,wk inc covid hosp,2,2026-09-26,31,quantile,0.35,7.9
2026-09-12,wk inc covid hosp,3,2026-10-03,31,quantile,0.35,7.19
2026-09-12,wk inc covid hosp,-1,2026-09-05,31,quantile,0.4,8.77
2026-09-12,wk inc covid hosp,0,2026-09-12,31,quantile,0.4,8.98
2026-09-12,wk inc covid hosp,1,2026-09-19,31,quantile,0.4,8.61
2026-09-12,wk inc covid hosp,2,2026-09-26,31,quantile,0.4,8.11
2026-09-12,wk inc covid hosp,3,2026-10-03,31,quantile,0.4,7.41
2026-09-12,wk inc covid hosp,-1,2026-09-05,31,quantile,0.45,8.86
2026-09-12,wk inc covid hosp,0,2026-09-12,31,quantile,0.45,9.12
2026-09-12,wk inc covid hosp,1,2026-09-19,31,quantile,0.45,8.79
2026-09-12,wk inc covid hosp,2,2026-09-26,31,quantile,0.45,8.31
2026-09-12,wk inc covid hosp,3,2026-10-03,31,quantile,0.45,7.62
2026-09-12,wk inc covid hosp,-1,2026-09-05,31,quantile,0.5,8.95
2026-09-12,wk inc covid hosp,0,2026-09-12,31,quantile,0.5,9.25
2026-09-12,wk inc covid hosp,1,2026-09-19,31,quantile,0.5,8.97
2026-09-12,wk inc covid hosp,2,2026-09-26,31,quantile,0.5,8.52
2026-09-12,wk inc covid hosp,3,2026-10-03,31,quantile,0.5,7.83
2026-09-12,wk inc covid hosp,-1,2026-09-05,31,quantile,0.55,9.04
2026-09-12,wk inc covid hosp,0,2026-09-12,31,quantile,0.55,9.39
2026-09-12,wk inc covid hosp,1,2026-09-19,31,quantile,0.55,9.15
2026-09-12,wk inc covid hosp,2,2026-09-26,31,quantile,0.55,8.73
2026-09-12,wk inc covid hosp,3,2026-10-03,31,quantile,0.55,8.05
2026-09-12,wk inc covid hosp,-1,2026-09-05,31,quantile,0.6,9.14
2026-09-12,wk inc covid hosp,0,2026-09-12,31,quantile,0.6,9.53
2026-09-12,wk inc covid hosp,1,2026-09-19,31,quantile,0.6,9.34
2026-09-12,wk inc covid hosp,2,2026-09-26,31,quantile,0.6,8.95
2026-09-12,wk inc covid hosp,3,2026-10-03,31,quantile,0.6,8.28
2026-09-12,wk inc covid hosp,-1,2026-09-05,31,quantile,0.65,9.24
2026-09-12,wk inc covid hosp,0,2026-09-12,31,quantile,0.65,9.68
2026-09-12,wk inc covid hosp,1,2026-09-19,31,quantile,0.65,9.54
2026-09-12,wk inc covid hosp,2,2026-09-26,31,quantile,0.65,9.18
2026-09-12,wk inc covid hosp,3,2026-10-03,31,quantile,0.65,8.52
2026-09-12,wk inc covid hosp,-1,2026-09-05,31,quantile,0.7,9.34
2026-09-12,wk inc covid hosp,0,2026-09-12,31,quantile,0.7,9.84
2026-09-12,wk inc covid hosp,1,2026-09-19,31,quantile,0.7,9.75
2026-09-12,wk inc covid hosp,2,2026-09-26,31,quantile,0.7,9.43
2026-09-12,wk inc covid hosp,3,2026-10-03,31,quantile,0.7,8.78
2026-09-12,wk inc covid hosp,-1,2026-09-05,31,quantile,0.75,9.45
2026-09-12,wk inc covid hosp,0,2026-09-12,31,quantile,0.75,10.01
2026-09-12,wk inc covid hosp,1,2026-09-19,31,quantile,0.75,9.99
2026-09-12,wk inc covid hosp,2,2026-09-26,31,quantile,0.75,9.7
2026-09-12,wk inc covid hosp,3,2026-10-03,31,quantile,0.75,9.07
2026-09-12,wk inc covid hosp,-1,2026-09-05,31,quantile,0.8,9.58
2026-09-12,wk inc covid hosp,0,2026-09-12,31,quantile,0.8,10.21
2026-09-12,wk inc covid hosp,1,2026-09-19,31,quantile,0.8,10.25
2026-09-12,wk inc covid hosp,2,2026-09-26,31,quantile,0.8,10.01
2026-09-12,wk inc covid hosp,3,2026-10-03,31,quantile,0.8,9.4
2026-09-12,wk inc covid hosp,-1,2026-09-05,31,quantile,0.85,9.73
2026-09-12,wk inc covid hosp,0,2026-09-12,31,quantile,0.85,10.44
2026-09-12,wk inc covid hosp,1,2026-09-19,31,quantile,0.85,10.57
2026-09-12,wk inc covid hosp,2,2026-09-26,31,quantile,0.85,10.39
2026-09-12,wk inc covid hosp,3,2026-10-03,31,quantile,0.85,9.79
2026-09-12,wk inc covid hosp,-1,2026-09-05,31,quantile,0.9,9.93
2026-09-12,wk inc covid hosp,0,2026-09-12,31,quantile,0.9,10.74
2026-09-12,wk inc covid hosp,1,2026-09-19,31,quantile,0.9,10.98
2026-09-12,wk inc covid hosp,2,2026-09-26,31,quantile,0.9,10.88
2026-09-12,wk inc covid hosp,3,2026-10-03,31,quantile,0.9,10.31
2026-09-12,wk inc covid hosp,-1,2026-09-05,31,quantile,0.95,10.22
2026-09-12,wk inc covid hosp,0,2026-09-12,31,quantile,0.95,11.2
2026-09-12,wk inc covid hosp,1,2026-09-19,31,quantile,0.95,11.62
2026-09-12,wk inc covid hosp,2,2026-09-26,31,quantile,0.95,11.64
2026-09-12,wk inc covid hosp,3,2026-10-03,31,quantile,0.95,11.12
2026-09-12,wk inc covid hosp,-1,2026-09-05,31,quantile,0.975,10.48
2026-09-12,wk inc covid hosp,0,2026-09-12,31,quantile,0.975,11.61
2026-09-12,wk inc covid hosp,1,2026-09-19,31,quantile,0.975,12.2
2026-09-12,wk inc covid hosp,2,2026-09-26,31,quantile,0.975,12.33
2026-09-12,wk inc covid hosp,3,2026-10-03,31,quantile,0.975,11.87
2026-09-12,wk inc covid hosp,-1,2026-09-05,31,quantile,0.99,10.79
2026-09-12,wk inc covid hosp,0,2026-09-12,31,quantile,0.99,12.1
2026-09-12,wk inc covid hosp,1,2026-09-19,31,quantile,0.99,12.9
2026-09-12,wk inc covid hosp,2,2026-09-26,31,quantile,0.99,13.18
2026-09-12,wk inc covid hosp,3,2026-10-03,31,quantile,0.99,12.79
2026-09-12,wk inc covid hosp,-1,2026-09-05,32,quantile,0.01,9.24
2026-09-12,wk inc covid hosp,0,2026-09-12,32,quantile,0.01,7.84
2026-09-12,wk inc covid hosp,1,2026-09-19,32,quantile,0.01,6.57
2026-09-12,wk inc covid hosp,2,2026-09-26,32,quantile,0.01,5.5
2026-09-12,wk inc covid hosp,3,2026-10-03,32,quantile,0.01,4.19
2026-09-12,wk inc covid hosp,-1,2026-09-05,32,quantile,0.025,9.63
2026-09-12,wk inc covid hosp,0,2026-09-12,32,quantile,0.025,8.35
2026-09-12,wk inc covid hosp,1,2026-09-19,32,quantile,0.025,7.16
2026-09-12,wk inc covid hosp,2,2026-09-26,32,quantile,0.025,6.09
2026-09-12,wk inc covid hosp,3,2026-10-03,32,quantile,0.025,4.76
2026-09-12,wk inc covid hosp,-1,2026-09-05,32,quantile,0.05,9.97
2026-09-12,wk inc covid hosp,0,2026-09-12,32,quantile,0.05,8.82
2026-09-12,wk inc covid hosp,1,2026-09-19,32,quantile,0.05,7.7
2026-09-12,wk inc covid hosp,2,2026-09-26,32,quantile,0.05,6.64
2026-09-12,wk inc covid hosp,3,2026-10-03,32,quantile,0.05,5.29
2026-09-12,wk inc covid hosp,-1,2026-09-05,32,quantile,0.1,10.38
2026-09-12,wk inc covid hosp,0,2026-09-12,32,quantile,0.1,9.38
2026-09-12,wk inc covid hosp,1,2026-09-19,32,quantile,0.1,8.36
2026-09-12,wk inc covid hosp,2,2026-09-26,32,quantile,0.1,7.32
2026-09-12,wk inc covid hosp,3,2026-10-03,32,quantile,0.1,5.96
2026-09-12,wk inc covid hosp,-1,2026-09-05,32,quantile,0.15,10.66
2026-09-12,wk inc covid hosp,0,2026-09-12,32,quantile,0.15,9.77
2026-09-12,wk inc covid hosp,1,2026-09-19,32,quantile,0.15,8.83
2026-09-12,wk inc covid hosp,2,2026-09-26,32,quantile,0.15,7.81
2026-09-12,wk inc covid hosp,3,2026-10-03,32,quantile,0.15,6.46
2026-09-12,wk inc covid hosp,-1,2026-09-05,32,quantile,0.2,10.89
2026-09-12,wk inc covid hosp,0,2026-09-12,32,quantile,0.2,10.1
2026-09-12,wk inc covid hosp,1,2026-09-19,32,quantile,0.2,9.23
2026-09-12,wk inc covid hosp,2,2026-09-26,32,quantile,0.2,8.23
2026-09-12,wk inc covid hosp,3,2026-10-03,32,quantile,0.2,6.88
2026-09-12,wk inc covid hosp,-1,2026-09-05,32,quantile,0.25,11.09
2026-09-12,wk inc covid hosp,0,2026-09-12,32,quantile,0.25,10.38
2026-09-12,wk inc covid hosp,1,2026-09-19,32,quantile,0.25,9.57
2026-09-12,wk inc covid hosp,2,2026-09-26,32,quantile,0.25,8.59
2026-09-12,wk inc covid hosp,3,2026-10-03,32,quantile,0.25,7.25
2026-09-12,wk inc covid hosp,-1,2026-09-05,32,quantile,0.3,11.27
2026-09-12,wk inc covid hosp,0,2026-09-12,32,quantile,0.3,10.64
2026-09-12,wk inc covid hosp,1,2026-09-19,32,quantile,0.3,9.9
2026-09-12,wk inc covid hosp,2,2026-09-26,32,quantile,0.3,8.94
2026-09-12,wk inc covid hosp,3,2026-10-03,32,quantile,0.3,7.61
2026-09-12,wk inc covid hosp,-1,2026-09-05,32,quantile,0.35,11.44
2026-09-12,wk inc covid hosp,0,2026-09-12,32,quantile,0.35,10.89
2026-09-12,wk inc covid hosp,1,2026-09-19,32,quantile,0.35,10.2
2026-09-12,wk inc covid hosp,2,2026-09-26,32,quantile,0.35,9.26
2026-09-12,wk inc covid hosp,3,2026-10-03,32,quantile,0.35,7.94
2026-09-12,wk inc covid hosp,-1,2026-09-05,32,quantile,0.4,11.6
2026-09-12,wk inc covid hosp,0,2026-09-12,32,quantile,0.4,11.13
2026-09-12,wk inc covid hosp,1,2026-09-19,32,quantile,0.4,10.5
2026-09-12,wk inc covid hosp,2,2026-09-26,32,quantile,0.4,9.58
2026-09-12,wk inc covid hosp,3,2026-10-03,32,quantile,0.4,8.28
2026-09-12,wk inc covid hosp,-1,2026-09-05,32,quantile,0.45,11.77
2026-09-12,wk inc covid hosp,0,2026-09-12,32,quantile,0.45,11.37
2026-09-12,wk inc covid hosp,1,2026-09-19,32,quantile,0.45,10.8
2026-09-12,wk inc covid hosp,2,2026-09-26,32,quantile,0.45,9.9
2026-09-12,wk inc covid hosp,3,2026-10-03,32,quantile,0.45,8.61
2026-09-12,wk inc covid hosp,-1,2026-09-05,32,quantile,0.5,11.93
2026-09-12,wk inc covid hosp,0,2026-09-12,32,quantile,0.5,11.6
2026-09-12,wk inc covid hosp,1,2026-09-19,32,quantile,0.5,11.09
2026-09-12,wk inc covid hosp,2,2026-09-26,32,quantile,0.5,10.22
2026-09-12,wk inc covid hosp,3,2026-10-03,32,quantile,0.5,8.95
2026-09-12,wk inc covid hosp,-1,2026-09-05,32,quantile,0.55,12.09
2026-09-12,wk inc covid hosp,0,2026-09-12,32,quantile,0.55,11.84
2026-09-12,wk inc covid hosp,1,2026-09-19,32,quantile,0.55,11.4
2026-09-12,wk inc covid hosp,2,2026-09-26,32,quantile,0.55,10.55
2026-09-12,wk inc covid hosp,3,2026-10-03,32,quantile,0.55,9.3
2026-09-12,wk inc covid hosp,-1,2026-09-05,32,quantile,0.6,12.25
2026-09-12,wk inc covid hosp,0,2026-09-12,32,quantile,0.6,12.09
2026-09-12,wk inc covid hosp,1,2026-09-19,32,quantile,0.6,11.71
2026-09-12,wk inc covid hosp,2,2026-09-26,32,quantile,0.6,10.89
2026-09-12,wk inc covid hosp,3,2026-10-03,32,quantile,0.6,9.67
2026-09-12,wk inc covid hosp,-1,2026-09-05,32,quantile,0.65,12.43
2026-09-12,wk inc covid hosp,0,2026-09-12,32,quantile,0.65,12.35
2026-09-12,wk inc covid hosp,1,2026-09-19,32,quantile,0.65,12.05
2026-09-12,wk inc covid hosp,2,2026-09-26,32,quantile,0.65,11.26
2026-09-12,wk inc covid hosp,3,2026-10-03,32,quantile,0.65,10.06
2026-09-12,wk inc covid hosp,-1,2026-09-05,32,quantile,0.7,12.61
2026-09-12,wk inc covid hosp,0,2026-09-12,32,quantile,0.7,12.63
2026-09-12,wk inc covid hosp,1,2026-09-19,32,quantile,0.7,12.41
2026-09-12,wk inc covid hosp,2,2026-09-26,32,quantile,0.7,11.66
2026-09-12,wk inc covid hosp,3,2026-10-03,32,quantile,0.7,10.49
2026-09-12,wk inc covid hosp,-1,2026-09-05,32,quantile,0.75,12.81
2026-09-12,wk inc covid hosp,0,2026-09-12,32,quantile,0.75,12.94
2026-09-12,wk inc covid hosp,1,2026-09-19,32,quantile,0.75,12.81
2026-09-12,wk inc covid hosp,2,2026-09-26,32,quantile,0.75,12.1
2026-09-12,wk inc covid hosp,3,2026-10-03,32,quantile,0.75,10.97
2026-09-12,wk inc covid hosp,-1,2026-09-05,32,quantile,0.8,13.04
2026-09-12,wk inc covid hosp,0,2026-09-12,32,quantile,0.8,13.29
2026-09-12,wk inc covid hosp,1,2026-09-19,32,quantile,0.8,13.27
2026-09-12,wk inc covid hosp,2,2026-09-26,32,quantile,0.8,12.6
2026-09-12,wk inc covid hosp,3,2026-10-03,32,quantile,0.8,11.52
2026-09-12,wk inc covid hosp,-1,2026-09-05,32,quantile,0.85,13.31
2026-09-12,wk inc covid hosp,0,2026-09-12,32,quantile,0.85,13.71
2026-09-12,wk inc covid hosp,1,2026-09-19,32,quantile,0.85,13.82
2026-09-12,wk inc covid hosp,2,2026-09-26,32,quantile,0.85,13.21
2026-09-12,wk inc covid hosp,3,2026-10-03,32,quantile,0.85,12.2
2026-09-12,wk inc covid hosp,-1,2026-09-05,32,quantile,0.9,13.66
2026-09-12,wk inc covid hosp,0,2026-09-12,32,quantile,0.9,14.25
2026-09-12,wk inc covid hosp,1,2026-09-19,32,quantile,0.9,14.54
2026-09-12,wk inc covid hosp,2,2026-09-26,32,quantile,0.9,14.02
2026-09-12,wk inc covid hosp,3,2026-10-03,32,quantile,0.9,13.09
2026-09-12,wk inc covid hosp,-1,2026-09-05,32,quantile,0.95,14.19
2026-09-12,wk inc covid hosp,0,2026-09-12,32,quantile,0.95,15.09
2026-09-12,wk inc covid hosp,1,2026-09-19,32,quantile,0.95,15.66
2026-09-12,wk inc covid hosp,2,2026-09-26,32,quantile,0.95,15.29
2026-09-12,wk inc covid hosp,3,2026-10-03,32,quantile,0.95,14.52
2026-09-12,wk inc covid hosp,-1,2026-09-05,32,quantile,0.975,14.66
2026-09-12,wk inc covid hosp,0,2026-09-12,32,quantile,0.975,15.85
2026-09-12,wk inc covid hosp,1,2026-09-19,32,quantile,0.975,16.69
2026-09-12,wk inc covid hosp,2,2026-09-26,32,quantile,0.975,16.46
2026-09-12,wk inc covid hosp,3,2026-10-03,32,quantile,0.975,15.86
2026-09-12,wk inc covid hosp,-1,2026-09-05,32,quantile,0.99,15.23
2026-09-12,wk inc covid hosp,0,2026-09-12,32,quantile,0.99,16.77
2026-09-12,wk inc covid hosp,1,2026-09-19,32,quantile,0.99,17.96
2026-09-12,wk inc covid hosp,2,2026-09-26,32,quantile,0.99,17.92
2026-09-12,wk inc covid hosp,3,2026-10-03,32,quantile,0.99,17.55
2026-09-12,wk inc covid hosp,-1,2026-09-05,33,quantile,0.01,2.48
2026-09-12,wk inc covid hosp,0,2026-09-12,33,quantile,0.01,2.49
2026-09-12,wk inc covid hosp,1,2026-09-19,33,quantile,0.01,2.28
2026-09-12,wk inc covid hosp,2,2026-09-26,33,quantile,0.01,2.11
2026-09-12,wk inc covid hosp,3,2026-10-03,33,quantile,0.01,1.66
2026-09-12,wk inc covid hosp,-1,2026-09-05,33,quantile,0.025,2.62
2026-09-12,wk inc covid hosp,0,2026-09-12,33,quantile,0.025,2.7
2026-09-12,wk inc covid hosp,1,2026-09-19,33,quantile,0.025,2.53
2026-09-12,wk inc covid hosp,2,2026-09-26,33,quantile,0.025,2.38
2026-09-12,wk inc covid hosp,3,2026-10-03,33,quantile,0.025,1.92
2026-09-12,wk inc covid hosp,-1,2026-09-05,33,quantile,0.05,2.76
2026-09-12,wk inc covid hosp,0,2026-09-12,33,quantile,0.05,2.89
2026-09-12,wk inc covid hosp,1,2026-09-19,33,quantile,0.05,2.77
2026-09-12,wk inc covid hosp,2,2026-09-26,33,quantile,0.05,2.64
2026-09-12,wk inc covid hosp,3,2026-10-03,33,quantile,0.05,2.18
2026-09-12,wk inc covid hosp,-1,2026-09-05,33,quantile,0.1,2.91
2026-09-12,wk inc covid hosp,0,2026-09-12,33,quantile,0.1,3.13
2026-09-12,wk inc covid hosp,1,2026-09-19,33,quantile,0.1,3.07
2026-09-12,wk inc covid hosp,2,2026-09-26,33,quantile,0.1,2.97
2026-09-12,wk inc covid hosp,3,2026-10-03,33,quantile,0.1,2.5
2026-09-12,wk inc covid hosp,-1,2026-09-05,33,quantile,0.15,3.02
2026-09-12,wk inc covid hosp,0,2026-09-12,33,quantile,0.15,3.3
2026-09-12,wk inc covid hosp,1,2026-09-19,33,quantile,0.15,3.29
2026-09-12,wk inc covid hosp,2,2026-09-26,33,quantile,0.15,3.21
2026-09-12,wk inc covid hosp,3,2026-10-03,33,quantile,0.15,2.74
2026-09-12,wk inc covid hosp,-1,2026-09-05,33,quantile,0.2,3.12
2026-09-12,wk inc covid hosp,0,2026-09-12,33,quantile,0.2,3.44
2026-09-12,wk inc covid hosp,1,2026-09-19,33,quantile,0.2,3.47
2026-09-12,wk inc covid hosp,2,2026-09-26,33,quantile,0.2,3.41
2026-09-12,wk inc covid hosp,3,2026-10-03,33,quantile,0.2,2.95
2026-09-12,wk inc covid hosp,-1,2026-09-05,33,quantile,0.25,3.19
2026-09-12,wk inc covid hosp,0,2026-09-12,33,quantile,0.25,3.56
2026-09-12,wk inc covid hosp,1,2026-09-19,33,quantile,0.25,3.63
2026-09-12,wk inc covid hosp,2,2026-09-26,33,quantile,0.25,3.59
2026-09-12,wk inc covid hosp,3,2026-10-03,33,quantile,0.25,3.13
2026-09-12,wk inc covid hosp,-1,2026-09-05,33,quantile,0.3,3.27
2026-09-12,wk inc covid hosp,0,2026-09-12,33,quantile,0.3,3.68
2026-09-12,wk inc covid hosp,1,2026-09-19,33,quantile,0.3,3.79
2026-09-12,wk inc covid hosp,2,2026-09-26,33,quantile,0.3,3.76
2026-09-12,wk inc covid hosp,3,2026-10-03,33,quantile,0.3,3.31
2026-09-12,wk inc covid hosp,-1,2026-09-05,33,quantile,0.35,3.34
2026-09-12,wk inc covid hosp,0,2026-09-12,33,quantile,0.35,3.78
2026-09-12,wk inc covid hosp,1,2026-09-19,33,quantile,0.35,3.93
2026-09-12,wk inc covid hosp,2,2026-09-26,33,quantile,0.35,3.92
2026-09-12,wk inc covid hosp,3,2026-10-03,33,quantile,0.35,3.48
2026-09-12,wk inc covid hosp,-1,2026-09-05,33,quantile,0.4,3.4
2026-09-12,wk inc covid hosp,0,2026-09-12,33,quantile,0.4,3.89
2026-09-12,wk inc covid hosp,1,2026-09-19,33,quantile,0.4,4.07
2026-09-12,wk inc covid hosp,2,2026-09-26,33,quantile,0.4,4.08
2026-09-12,wk inc covid hosp,3,2026-10-03,33,quantile,0.4,3.64
2026-09-12,wk inc covid hosp,-1,2026-09-05,33,quantile,0.45,3.47
2026-09-12,wk inc covid hosp,0,2026-09-12,33,quantile,0.45,3.99
2026-09-12,wk inc covid hosp,1,2026-09-19,33,quantile,0.45,4.21
2026-09-12,wk inc covid hosp,2,2026-09-26,33,quantile,0.45,4.24
2026-09-12,wk inc covid hosp,3,2026-10-03,33,quantile,0.45,3.81
2026-09-12,wk inc covid hosp,-1,2026-09-05,33,quantile,0.5,3.53
2026-09-12,wk inc covid hosp,0,2026-09-12,33,quantile,0.5,4.1
2026-09-12,wk inc covid hosp,1,2026-09-19,33,quantile,0.5,4.36
2026-09-12,wk inc covid hosp,2,2026-09-26,33,quantile,0.5,4.41
2026-09-12,wk inc covid hosp,3,2026-10-03,33,quantile,0.5,3.98
2026-09-12,wk inc covid hosp,-1,2026-09-05,33,quantile,0.55,3.6
2026-09-12,wk inc covid hosp,0,2026-09-12,33,quantile,0.55,4.21
2026-09-12,wk inc covid hosp,1,2026-09-19,33,quantile,0.55,4.5
2026-09-12,wk inc covid hosp,2,2026-09-26,33,quantile,0.55,4.57
2026-09-12,wk inc covid hosp,3,2026-10-03,33,quantile,0.55,4.16
2026-09-12,wk inc covid hosp,-1,2026-09-05,33,quantile,0.6,3.67
2026-09-12,wk inc covid hosp,0,2026-09-12,33,quantile,0.6,4.32
2026-09-12,wk inc covid hosp,1,2026-09-19,33,quantile,0.6,4.66
2026-09-12,wk inc covid hosp,2,2026-09-26,33,quantile,0.6,4.75
2026-09-12,wk inc covid hosp,3,2026-10-03,33,quantile,0.6,4.35
2026-09-12,wk inc covid hosp,-1,2026-09-05,33,quantile,0.65,3.74
2026-09-12,wk inc covid hosp,0,2026-09-12,33,quantile,0.65,4.44
2026-09-12,wk inc covid hosp,1,2026-09-19,33,quantile,0.65,4.82
2026-09-12,wk inc covid hosp,2,2026-09-26,33,quantile,0.65,4.94
2026-09-12,wk inc covid hosp,3,2026-10-03,33,quantile,0.65,4.55
2026-09-12,wk inc covid hosp,-1,2026-09-05,33,quantile,0.7,3.82
2026-09-12,wk inc covid hosp,0,2026-09-12,33,quantile,0.7,4.56
2026-09-12,wk inc covid hosp,1,2026-09-19,33,quantile,0.7,5.0
2026-09-12,wk inc covid hosp,2,2026-09-26,33,quantile,0.7,5.14
2026-09-12,wk inc covid hosp,3,2026-10-03,33,quantile,0.7,4.77
2026-09-12,wk inc covid hosp,-1,2026-09-05,33,quantile,0.75,3.9
2026-09-12,wk inc covid hosp,0,2026-09-12,33,quantile,0.75,4.7
2026-09-12,wk inc covid hosp,1,2026-09-19,33,quantile,0.75,5.19
2026-09-12,wk inc covid hosp,2,2026-09-26,33,quantile,0.75,5.37
2026-09-12,wk inc covid hosp,3,2026-10-03,33,quantile,0.75,5.02
2026-09-12,wk inc covid hosp,-1,2026-09-05,33,quantile,0.8,4.0
2026-09-12,wk inc covid hosp,0,2026-09-12,33,quantile,0.8,4.86
2026-09-12,wk inc covid hosp,1,2026-09-19,33,quantile,0.8,5.42
2026-09-12,wk inc covid hosp,2,2026-09-26,33,quantile,0.8,5.64
2026-09-12,wk inc covid hosp,3,2026-10-03,33,quantile,0.8,5.31
2026-09-12,wk inc covid hosp,-1,2026-09-05,33,quantile,0.85,4.11
2026-09-12,wk inc covid hosp,0,2026-09-12,33,quantile,0.85,5.06
2026-09-12,wk inc covid hosp,1,2026-09-19,33,quantile,0.85,5.7
2026-09-12,wk inc covid hosp,2,2026-09-26,33,quantile,0.85,5.96
2026-09-12,wk inc covid hosp,3,2026-10-03,33,quantile,0.85,5.67
2026-09-12,wk inc covid hosp,-1,2026-09-05,33,quantile,0.9,4.26
2026-09-12,wk inc covid hosp,0,2026-09-12,33,quantile,0.9,5.31
2026-09-12,wk inc covid hosp,1,2026-09-19,33,quantile,0.9,6.06
2026-09-12,wk inc covid hosp,2,2026-09-26,33,quantile,0.9,6.39
2026-09-12,wk inc covid hosp,3,2026-10-03,33,quantile,0.9,6.14
2026-09-12,wk inc covid hosp,-1,2026-09-05,33,quantile,0.95,4.49
2026-09-12,wk inc covid hosp,0,2026-09-12,33,quantile,0.95,5.7
2026-09-12,wk inc covid hosp,1,2026-09-19,33,quantile,0.95,6.63
2026-09-12,wk inc covid hosp,2,2026-09-26,33,quantile,0.95,7.07
2026-09-12,wk inc covid hosp,3,2026-10-03,33,quantile,0.95,6.9
2026-09-12,wk inc covid hosp,-1,2026-09-05,33,quantile,0.975,4.69
2026-09-12,wk inc covid hosp,0,2026-09-12,33,quantile,0.975,6.06
2026-09-12,wk inc covid hosp,1,2026-09-19,33,quantile,0.975,7.16
2026-09-12,wk inc covid hosp,2,2026-09-26,33,quantile,0.975,7.7
2026-09-12,wk inc covid hosp,3,2026-10-03,33,quantile,0.975,7.63
2026-09-12,wk inc covid hosp,-1,2026-09-05,33,quantile,0.99,4.94
2026-09-12,wk inc covid hosp,0,2026-09-12,33,quantile,0.99,6.5
2026-09-12,wk inc covid hosp,1,2026-09-19,33,quantile,0.99,7.82
2026-09-12,wk inc covid hosp,2,2026-09-26,33,quantile,0.99,8.5
2026-09-12,wk inc covid hosp,3,2026-10-03,33,quantile,0.99,8.54
2026-09-12,wk inc covid hosp,-1,2026-09-05,34,quantile,0.01,99.51
2026-09-12,wk inc covid hosp,0,2026-09-12,34,quantile,0.01,98.13
2026-09-12,wk inc covid hosp,1,2026-09-19,34,quantile,0.01,90.12
2026-09-12,wk inc covid hosp,2,2026-09-26,34,quantile,0.01,80.99
2026-09-12,wk inc covid hosp,3,2026-10-03,34,quantile,0.01,71.29
2026-09-12,wk inc covid hosp,-1,2026-09-05,34,quantile,0.025,102.44
2026-09-12,wk inc covid hosp,0,2026-09-12,34,quantile,0.025,102.22
2026-09-12,wk inc covid hosp,1,2026-09-19,34,quantile,0.025,95.26
2026-09-12,wk inc covid hosp,2,2026-09-26,34,quantile,0.025,86.56
2026-09-12,wk inc covid hosp,3,2026-10-03,34,quantile,0.025,77.02
2026-09-12,wk inc covid hosp,-1,2026-09-05,34,quantile,0.05,105.02
2026-09-12,wk inc covid hosp,0,2026-09-12,34,quantile,0.05,105.85
2026-09-12,wk inc covid hosp,1,2026-09-19,34,quantile,0.05,99.88
2026-09-12,wk inc covid hosp,2,2026-09-26,34,quantile,0.05,91.6
2026-09-12,wk inc covid hosp,3,2026-10-03,34,quantile,0.05,82.25
2026-09-12,wk inc covid hosp,-1,2026-09-05,34,quantile,0.1,108.06
2026-09-12,wk inc covid hosp,0,2026-09-12,34,quantile,0.1,110.17
2026-09-12,wk inc covid hosp,1,2026-09-19,34,quantile,0.1,105.43
2026-09-12,wk inc covid hosp,2,2026-09-26,34,quantile,0.1,97.71
2026-09-12,wk inc covid hosp,3,2026-10-03,34,quantile,0.1,88.64
2026-09-12,wk inc covid hosp,-1,2026-09-05,34,quantile,0.15,110.15
2026-09-12,wk inc covid hosp,0,2026-09-12,34,quantile,0.15,113.16
2026-09-12,wk inc covid hosp,1,2026-09-19,34,quantile,0.15,109.33
2026-09-12,wk inc covid hosp,2,2026-09-26,34,quantile,0.15,102.03
2026-09-12,wk inc covid hosp,3,2026-10-03,34,quantile,0.15,93.19
2026-09-12,wk inc covid hosp,-1,2026-09-05,34,quantile,0.2,111.84
2026-09-12,wk inc covid hosp,0,2026-09-12,34,quantile,0.2,115.59
2026-09-12,wk inc covid hosp,1,2026-09-19,34,quantile,0.2,112.5
2026-09-12,wk inc covid hosp,2,2026-09-26,34,quantile,0.2,105.57
2026-09-12,wk inc covid hosp,3,2026-10-03,34,quantile,0.2,96.94
2026-09-12,wk inc covid hosp,-1,2026-09-05,34,quantile,0.25,113.3
2026-09-12,wk inc covid hosp,0,2026-09-12,34,quantile,0.25,117.71
2026-09-12,wk inc covid hosp,1,2026-09-19,34,quantile,0.25,115.29
2026-09-12,wk inc covid hosp,2,2026-09-26,34,quantile,0.25,108.69
2026-09-12,wk inc covid hosp,3,2026-10-03,34,quantile,0.25,100.25
2026-09-12,wk inc covid hosp,-1,2026-09-05,34,quantile,0.3,114.63
2026-09-12,wk inc covid hosp,0,2026-09-12,34,quantile,0.3,119.64
2026-09-12,wk inc covid hosp,1,2026-09-19,34,quantile,0.3,117.84
2026-09-12,wk inc covid hosp,2,2026-09-26,34,quantile,0.3,111.56
2026-09-12,wk inc covid hosp,3,2026-10-03,34,quantile,0.3,103.31
2026-09-12,wk inc covid hosp,-1,2026-09-05,34,quantile,0.35,115.87
2026-09-12,wk inc covid hosp,0,2026-09-12,34,quantile,0.35,121.46
2026-09-12,wk inc covid hosp,1,2026-09-19,34,quantile,0.35,120.25
2026-09-12,wk inc covid hosp,2,2026-09-26,34,quantile,0.35,114.28
2026-09-12,wk inc covid hosp,3,2026-10-03,34,quantile,0.35,106.22
2026-09-12,wk inc covid hosp,-1,2026-09-05,34,quantile,0.4,117.06
2026-09-12,wk inc covid hosp,0,2026-09-12,34,quantile,0.4,123.2
2026-09-12,wk inc covid hosp,1,2026-09-19,34,quantile,0.4,122.57
2026-09-12,wk inc covid hosp,2,2026-09-26,34,quantile,0.4,116.9
2026-09-12,wk inc covid hosp,3,2026-10-03,34,quantile,0.4,109.03
2026-09-12,wk inc covid hosp,-1,2026-09-05,34,quantile,0.45,118.22
2026-09-12,wk inc covid hosp,0,2026-09-12,34,quantile,0.45,124.9
2026-09-12,wk inc covid hosp,1,2026-09-19,34,quantile,0.45,124.85
2026-09-12,wk inc covid hosp,2,2026-09-26,34,quantile,0.45,119.49
2026-09-12,wk inc covid hosp,3,2026-10-03,34,quantile,0.45,111.82
2026-09-12,wk inc covid hosp,-1,2026-09-05,34,quantile,0.5,119.37
2026-09-12,wk inc covid hosp,0,2026-09-12,34,quantile,0.5,126.6
2026-09-12,wk inc covid hosp,1,2026-09-19,34,quantile,0.5,127.13
2026-09-12,wk inc covid hosp,2,2026-09-26,34,quantile,0.5,122.08
2026-09-12,wk inc covid hosp,3,2026-10-03,34,quantile,0.5,114.62
2026-09-12,wk inc covid hosp,-1,2026-09-05,34,quantile,0.55,120.53
2026-09-12,wk inc covid hosp,0,2026-09-12,34,quantile,0.55,128.31
2026-09-12,wk inc covid hosp,1,2026-09-19,34,quantile,0.55,129.45
2026-09-12,wk inc covid hosp,2,2026-09-26,34,quantile,0.55,124.72
2026-09-12,wk inc covid hosp,3,2026-10-03,34,quantile,0.55,117.48
2026-09-12,wk inc covid hosp,-1,2026-09-05,34,quantile,0.6,121.72
2026-09-12,wk inc covid hosp,0,2026-09-12,34,quantile,0.6,130.08
2026-09-12,wk inc covid hosp,1,2026-09-19,34,quantile,0.6,131.84
2026-09-12,wk inc covid hosp,2,2026-09-26,34,quantile,0.6,127.46
2026-09-12,wk inc covid hosp,3,2026-10-03,34,quantile,0.6,120.44
2026-09-12,wk inc covid hosp,-1,2026-09-05,34,quantile,0.65,122.96
2026-09-12,wk inc covid hosp,0,2026-09-12,34,quantile,0.65,131.92
2026-09-12,wk inc covid hosp,1,2026-09-19,34,quantile,0.65,134.34
2026-09-12,wk inc covid hosp,2,2026-09-26,34,quantile,0.65,130.33
2026-09-12,wk inc covid hosp,3,2026-10-03,34,quantile,0.65,123.57
2026-09-12,wk inc covid hosp,-1,2026-09-05,34,quantile,0.7,124.28
2026-09-12,wk inc covid hosp,0,2026-09-12,34,quantile,0.7,133.89
2026-09-12,wk inc covid hosp,1,2026-09-19,34,quantile,0.7,137.03
2026-09-12,wk inc covid hosp,2,2026-09-26,34,quantile,0.7,133.42
2026-09-12,wk inc covid hosp,3,2026-10-03,34,quantile,0.7,126.94
2026-09-12,wk inc covid hosp,-1,2026-09-05,34,quantile,0.75,125.71
2026-09-12,wk inc covid hosp,0,2026-09-12,34,quantile,0.75,136.03
2026-09-12,wk inc covid hosp,1,2026-09-19,34,quantile,0.75,139.97
2026-09-12,wk inc covid hosp,2,2026-09-26,34,quantile,0.75,136.82
2026-09-12,wk inc covid hosp,3,2026-10-03,34,quantile,0.75,130.66
2026-09-12,wk inc covid hosp,-1,2026-09-05,34,quantile,0.8,127.33
2026-09-12,wk inc covid hosp,0,2026-09-12,34,quantile,0.8,138.46
2026-09-12,wk inc covid hosp,1,2026-09-19,34,quantile,0.8,143.32
2026-09-12,wk inc covid hosp,2,2026-09-26,34,quantile,0.8,140.69
2026-09-12,wk inc covid hosp,3,2026-10-03,34,quantile,0.8,134.91
2026-09-12,wk inc covid hosp,-1,2026-09-05,34,quantile,0.85,129.23
2026-09-12,wk inc covid hosp,0,2026-09-12,34,quantile,0.85,141.34
2026-09-12,wk inc covid hosp,1,2026-09-19,34,quantile,0.85,147.3
2026-09-12,wk inc covid hosp,2,2026-09-26,34,quantile,0.85,145.32
2026-09-12,wk inc covid hosp,3,2026-10-03,34,quantile,0.85,140.01
2026-09-12,wk inc covid hosp,-1,2026-09-05,34,quantile,0.9,131.66
2026-09-12,wk inc covid hosp,0,2026-09-12,34,quantile,0.9,145.02
2026-09-12,wk inc covid hosp,1,2026-09-19,34,quantile,0.9,152.44
2026-09-12,wk inc covid hosp,2,2026-09-26,34,quantile,0.9,151.32
2026-09-12,wk inc covid hosp,3,2026-10-03,34,quantile,0.9,146.65
2026-09-12,wk inc covid hosp,-1,2026-09-05,34,quantile,0.95,135.33
2026-09-12,wk inc covid hosp,0,2026-09-12,34,quantile,0.95,150.63
2026-09-12,wk inc covid hosp,1,2026-09-19,34,quantile,0.95,160.33
2026-09-12,wk inc covid hosp,2,2026-09-26,34,quantile,0.95,160.59
2026-09-12,wk inc covid hosp,3,2026-10-03,34,quantile,0.95,156.97
2026-09-12,wk inc covid hosp,-1,2026-09-05,34,quantile,0.975,138.58
2026-09-12,wk inc covid hosp,0,2026-09-12,34,quantile,0.975,155.64
2026-09-12,wk inc covid hosp,1,2026-09-19,34,quantile,0.975,167.44
2026-09-12,wk inc covid hosp,2,2026-09-26,34,quantile,0.975,169.01
2026-09-12,wk inc covid hosp,3,2026-10-03,34,quantile,0.975,166.41
2026-09-12,wk inc covid hosp,-1,2026-09-05,34,quantile,0.99,142.44
2026-09-12,wk inc covid hosp,0,2026-09-12,34,quantile,0.99,161.64
2026-09-12,wk inc covid hosp,1,2026-09-19,34,quantile,0.99,176.04
2026-09-12,wk inc covid hosp,2,2026-09-26,34,quantile,0.99,179.26
2026-09-12,wk inc covid hosp,3,2026-10-03,34,quantile,0.99,177.97
2026-09-12,wk inc covid hosp,-1,2026-09-05,35,quantile,0.01,13.0
2026-09-12,wk inc covid hosp,0,2026-09-12,35,quantile,0.01,12.11
2026-09-12,wk inc covid hosp,1,2026-09-19,35,quantile,0.01,10.9
2026-09-12,wk inc covid hosp,2,2026-09-26,35,quantile,0.01,9.35
2026-09-12,wk inc covid hosp,3,2026-10-03,35,quantile,0.01,7.67
2026-09-12,wk inc covid hosp,-1,2026-09-05,35,quantile,0.025,13.32
2026-09-12,wk inc covid hosp,0,2026-09-12,35,quantile,0.025,12.57
2026-09-12,wk inc covid hosp,1,2026-09-19,35,quantile,0.025,11.48
2026-09-12,wk inc covid hosp,2,2026-09-26,35,quantile,0.025,9.97
2026-09-12,wk inc covid hosp,3,2026-10-03,35,quantile,0.025,8.28
2026-09-12,wk inc covid hosp,-1,2026-09-05,35,quantile,0.05,13.6
2026-09-12,wk inc covid hosp,0,2026-09-12,35,quantile,0.05,12.98
2026-09-12,wk inc covid hosp,1,2026-09-19,35,quantile,0.05,12.0
2026-09-12,wk inc covid hosp,2,2026-09-26,35,quantile,0.05,10.53
2026-09-12,wk inc covid hosp,3,2026-10-03,35,quantile,0.05,8.83
2026-09-12,wk inc covid hosp,-1,2026-09-05,35,quantile,0.1,13.93
2026-09-12,wk inc covid hosp,0,2026-09-12,35,quantile,0.1,13.47
2026-09-12,wk inc covid hosp,1,2026-09-19,35,quantile,0.1,12.62
2026-09-12,wk inc covid hosp,2,2026-09-26,35,quantile,0.1,11.2
2026-09-12,wk inc covid hosp,3,2026-10-03,35,quantile,0.1,9.5
2026-09-12,wk inc covid hosp,-1,2026-09-05,35,quantile,0.15,14.16
2026-09-12,wk inc covid hosp,0,2026-09-12,35,quantile,0.15,13.81
2026-09-12,wk inc covid hosp,1,2026-09-19,35,quantile,0.15,13.05
2026-09-12,wk inc covid hosp,2,2026-09-26,35,quantile,0.15,11.68
2026-09-12,wk inc covid hosp,3,2026-10-03,35,quantile,0.15,9.98
2026-09-12,wk inc covid hosp,-1,2026-09-05,35,quantile,0.2,14.34
2026-09-12,wk inc covid hosp,0,2026-09-12,35,quantile,0.2,14.08
2026-09-12,wk inc covid hosp,1,2026-09-19,35,quantile,0.2,13.4
2026-09-12,wk inc covid hosp,2,2026-09-26,35,quantile,0.2,12.08
2026-09-12,wk inc covid hosp,3,2026-10-03,35,quantile,0.2,10.37
2026-09-12,wk inc covid hosp,-1,2026-09-05,35,quantile,0.25,14.5
2026-09-12,wk inc covid hosp,0,2026-09-12,35,quantile,0.25,14.32
2026-09-12,wk inc covid hosp,1,2026-09-19,35,quantile,0.25,13.71
2026-09-12,wk inc covid hosp,2,2026-09-26,35,quantile,0.25,12.42
2026-09-12,wk inc covid hosp,3,2026-10-03,35,quantile,0.25,10.72
2026-09-12,wk inc covid hosp,-1,2026-09-05,35,quantile,0.3,14.64
2026-09-12,wk inc covid hosp,0,2026-09-12,35,quantile,0.3,14.53
2026-09-12,wk inc covid hosp,1,2026-09-19,35,quantile,0.3,13.99
2026-09-12,wk inc covid hosp,2,2026-09-26,35,quantile,0.3,12.74
2026-09-12,wk inc covid hosp,3,2026-10-03,35,quantile,0.3,11.04
2026-09-12,wk inc covid hosp,-1,2026-09-05,35,quantile,0.35,14.78
2026-09-12,wk inc covid hosp,0,2026-09-12,35,quantile,0.35,14.74
2026-09-12,wk inc covid hosp,1,2026-09-19,35,quantile,0.35,14.26
2026-09-12,wk inc covid hosp,2,2026-09-26,35,quantile,0.35,13.04
2026-09-12,wk inc covid hosp,3,2026-10-03,35,quantile,0.35,11.35
2026-09-12,wk inc covid hosp,-1,2026-09-05,35,quantile,0.4,14.9
2026-09-12,wk inc covid hosp,0,2026-09-12,35,quantile,0.4,14.93
2026-09-12,wk inc covid hosp,1,2026-09-19,35,quantile,0.4,14.51
2026-09-12,wk inc covid hosp,2,2026-09-26,35,quantile,0.4,13.33
2026-09-12,wk inc covid hosp,3,2026-10-03,35,quantile,0.4,11.64
2026-09-12,wk inc covid hosp,-1,2026-09-05,35,quantile,0.45,15.03
2026-09-12,wk inc covid hosp,0,2026-09-12,35,quantile,0.45,15.12
2026-09-12,wk inc covid hosp,1,2026-09-19,35,quantile,0.45,14.76
2026-09-12,wk inc covid hosp,2,2026-09-26,35,quantile,0.45,13.61
2026-09-12,wk inc covid hosp,3,2026-10-03,35,quantile,0.45,11.94
2026-09-12,wk inc covid hosp,-1,2026-09-05,35,quantile,0.5,15.15
2026-09-12,wk inc covid hosp,0,2026-09-12,35,quantile,0.5,15.31
2026-09-12,wk inc covid hosp,1,2026-09-19,35,quantile,0.5,15.02
2026-09-12,wk inc covid hosp,2,2026-09-26,35,quantile,0.5,13.9
2026-09-12,wk inc covid hosp,3,2026-10-03,35,quantile,0.5,12.23
2026-09-12,wk inc covid hosp,-1,2026-09-05,35,quantile,0.55,15.28
2026-09-12,wk inc covid hosp,0,2026-09-12,35,quantile,0.55,15.5
2026-09-12,wk inc covid hosp,1,2026-09-19,35,quantile,0.55,15.27
2026-09-12,wk inc covid hosp,2,2026-09-26,35,quantile,0.55,14.19
2026-09-12,wk inc covid hosp,3,2026-10-03,35,quantile,0.55,12.53
2026-09-12,wk inc covid hosp,-1,2026-09-05,35,quantile,0.6,15.4
2026-09-12,wk inc covid hosp,0,2026-09-12,35,quantile,0.6,15.7
2026-09-12,wk inc covid hosp,1,2026-09-19,35,quantile,0.6,15.53
2026-09-12,wk inc covid hosp,2,2026-09-26,35,quantile,0.6,14.49
2026-09-12,wk inc covid hosp,3,2026-10-03,35,quantile,0.6,12.84
2026-09-12,wk inc covid hosp,-1,2026-09-05,35,quantile,0.65,15.54
2026-09-12,wk inc covid hosp,0,2026-09-12,35,quantile,0.65,15.91
2026-09-12,wk inc covid hosp,1,2026-09-19,35,quantile,0.65,15.81
2026-09-12,wk inc covid hosp,2,2026-09-26,35,quantile,0.65,14.81
2026-09-12,wk inc covid hosp,3,2026-10-03,35,quantile,0.65,13.17
2026-09-12,wk inc covid hosp,-1,2026-09-05,35,quantile,0.7,15.68
2026-09-12,wk inc covid hosp,0,2026-09-12,35,quantile,0.7,16.13
2026-09-12,wk inc covid hosp,1,2026-09-19,35,quantile,0.7,16.1
2026-09-12,wk inc covid hosp,2,2026-09-26,35,quantile,0.7,15.14
2026-09-12,wk inc covid hosp,3,2026-10-03,35,quantile,0.7,13.52
2026-09-12,wk inc covid hosp,-1,2026-09-05,35,quantile,0.75,15.83
2026-09-12,wk inc covid hosp,0,2026-09-12,35,quantile,0.75,16.36
2026-09-12,wk inc covid hosp,1,2026-09-19,35,quantile,0.75,16.42
2026-09-12,wk inc covid hosp,2,2026-09-26,35,quantile,0.75,15.52
2026-09-12,wk inc covid hosp,3,2026-10-03,35,quantile,0.75,13.91
2026-09-12,wk inc covid hosp,-1,2026-09-05,35,quantile,0.8,16.0
2026-09-12,wk inc covid hosp,0,2026-09-12,35,quantile,0.8,16.63
2026-09-12,wk inc covid hosp,1,2026-09-19,35,quantile,0.8,16.79
2026-09-12,wk inc covid hosp,2,2026-09-26,35,quantile,0.8,15.94
2026-09-12,wk inc covid hosp,3,2026-10-03,35,quantile,0.8,14.35
2026-09-12,wk inc covid hosp,-1,2026-09-05,35,quantile,0.85,16.2
2026-09-12,wk inc covid hosp,0,2026-09-12,35,quantile,0.85,16.95
2026-09-12,wk inc covid hosp,1,2026-09-19,35,quantile,0.85,17.23
2026-09-12,wk inc covid hosp,2,2026-09-26,35,quantile,0.85,16.45
2026-09-12,wk inc covid hosp,3,2026-10-03,35,quantile,0.85,14.89
2026-09-12,wk inc covid hosp,-1,2026-09-05,35,quantile,0.9,16.46
2026-09-12,wk inc covid hosp,0,2026-09-12,35,quantile,0.9,17.36
2026-09-12,wk inc covid hosp,1,2026-09-19,35,quantile,0.9,17.79
2026-09-12,wk inc covid hosp,2,2026-09-26,35,quantile,0.9,17.11
2026-09-12,wk inc covid hosp,3,2026-10-03,35,quantile,0.9,15.58
2026-09-12,wk inc covid hosp,-1,2026-09-05,35,quantile,0.95,16.85
2026-09-12,wk inc covid hosp,0,2026-09-12,35,quantile,0.95,17.98
2026-09-12,wk inc covid hosp,1,2026-09-19,35,quantile,0.95,18.64
2026-09-12,wk inc covid hosp,2,2026-09-26,35,quantile,0.95,18.12
2026-09-12,wk inc covid hosp,3,2026-10-03,35,quantile,0.95,16.66
2026-09-12,wk inc covid hosp,-1,2026-09-05,35,quantile,0.975,17.19
2026-09-12,wk inc covid hosp,0,2026-09-12,35,quantile,0.975,18.54
2026-09-12,wk inc covid hosp,1,2026-09-19,35,quantile,0.975,19.42
2026-09-12,wk inc covid hosp,2,2026-09-26,35,quantile,0.975,19.04
2026-09-12,wk inc covid hosp,3,2026-10-03,35,quantile,0.975,17.64
2026-09-12,wk inc covid hosp,-1,2026-09-05,35,quantile,0.99,17.6
2026-09-12,wk inc covid hosp,0,2026-09-12,35,quantile,0.99,19.2
2026-09-12,wk inc covid hosp,1,2026-09-19,35,quantile,0.99,20.35
2026-09-12,wk inc covid hosp,2,2026-09-26,35,quantile,0.99,20.16
2026-09-12,wk inc covid hosp,3,2026-10-03,35,quantile,0.99,18.85
2026-09-12,wk inc covid hosp,-1,2026-09-05,36,quantile,0.01,192.56
2026-09-12,wk inc covid hosp,0,2026-09-12,36,quantile,0.01,188.22
2026-09-12,wk inc covid hosp,1,2026-09-19,36,quantile,0.01,168.95
2026-09-12,wk inc covid hosp,2,2026-09-26,36,quantile,0.01,151.5
2026-09-12,wk inc covid hosp,3,2026-10-03,36,quantile,0.01,131.35
2026-09-12,wk inc covid hosp,-1,2026-09-05,36,quantile,0.025,198.27
2026-09-12,wk inc covid hosp,0,2026-09-12,36,quantile,0.025,196.17
2026-09-12,wk inc covid hosp,1,2026-09-19,36,quantile,0.025,178.83
2026-09-12,wk inc covid hosp,2,2026-09-26,36,quantile,0.025,162.22
2026-09-12,wk inc covid hosp,3,2026-10-03,36,quantile,0.025,142.02
2026-09-12,wk inc covid hosp,-1,2026-09-05,36,quantile,0.05,203.3
2026-09-12,wk inc covid hosp,0,2026-09-12,36,quantile,0.05,203.24
2026-09-12,wk inc covid hosp,1,2026-09-19,36,quantile,0.05,187.7
2026-09-12,wk inc covid hosp,2,2026-09-26,36,quantile,0.05,171.94
2026-09-12,wk inc covid hosp,3,2026-10-03,36,quantile,0.05,151.77
2026-09-12,wk inc covid hosp,-1,2026-09-05,36,quantile,0.1,209.23
2026-09-12,wk inc covid hosp,0,2026-09-12,36,quantile,0.1,211.64
2026-09-12,wk inc covid hosp,1,2026-09-19,36,quantile,0.1,198.39
2026-09-12,wk inc covid hosp,2,2026-09-26,36,quantile,0.1,183.76
2026-09-12,wk inc covid hosp,3,2026-10-03,36,quantile,0.1,163.7
2026-09-12,wk inc covid hosp,-1,2026-09-05,36,quantile,0.15,213.31
2026-09-12,wk inc covid hosp,0,2026-09-12,36,quantile,0.15,217.47
2026-09-12,wk inc covid hosp,1,2026-09-19,36,quantile,0.15,205.89
2026-09-12,wk inc covid hosp,2,2026-09-26,36,quantile,0.15,192.1
2026-09-12,wk inc covid hosp,3,2026-10-03,36,quantile,0.15,172.19
2026-09-12,wk inc covid hosp,-1,2026-09-05,36,quantile,0.2,216.6
2026-09-12,wk inc covid hosp,0,2026-09-12,36,quantile,0.2,222.2
2026-09-12,wk inc covid hosp,1,2026-09-19,36,quantile,0.2,212.02
2026-09-12,wk inc covid hosp,2,2026-09-26,36,quantile,0.2,198.96
2026-09-12,wk inc covid hosp,3,2026-10-03,36,quantile,0.2,179.19
2026-09-12,wk inc covid hosp,-1,2026-09-05,36,quantile,0.25,219.45
2026-09-12,wk inc covid hosp,0,2026-09-12,36,quantile,0.25,226.33
2026-09-12,wk inc covid hosp,1,2026-09-19,36,quantile,0.25,217.39
2026-09-12,wk inc covid hosp,2,2026-09-26,36,quantile,0.25,205.01
2026-09-12,wk inc covid hosp,3,2026-10-03,36,quantile,0.25,185.38
2026-09-12,wk inc covid hosp,-1,2026-09-05,36,quantile,0.3,222.05
2026-09-12,wk inc covid hosp,0,2026-09-12,36,quantile,0.3,230.09
2026-09-12,wk inc covid hosp,1,2026-09-19,36,quantile,0.3,222.32
2026-09-12,wk inc covid hosp,2,2026-09-26,36,quantile,0.3,210.56
2026-09-12,wk inc covid hosp,3,2026-10-03,36,quantile,0.3,191.1
2026-09-12,wk inc covid hosp,-1,2026-09-05,36,quantile,0.35,224.47
2026-09-12,wk inc covid hosp,0,2026-09-12,36,quantile,0.35,233.62
2026-09-12,wk inc covid hosp,1,2026-09-19,36,quantile,0.35,226.96
2026-09-12,wk inc covid hosp,2,2026-09-26,36,quantile,0.35,215.83
2026-09-12,wk inc covid hosp,3,2026-10-03,36,quantile,0.35,196.53
2026-09-12,wk inc covid hosp,-1,2026-09-05,36,quantile,0.4,226.79
2026-09-12,wk inc covid hosp,0,2026-09-12,36,quantile,0.4,237.01
2026-09-12,wk inc covid hosp,1,2026-09-19,36,quantile,0.4,231.45
2026-09-12,wk inc covid hosp,2,2026-09-26,36,quantile,0.4,220.92
2026-09-12,wk inc covid hosp,3,2026-10-03,36,quantile,0.4,201.79
2026-09-12,wk inc covid hosp,-1,2026-09-05,36,quantile,0.45,229.06
2026-09-12,wk inc covid hosp,0,2026-09-12,36,quantile,0.45,240.33
2026-09-12,wk inc covid hosp,1,2026-09-19,36,quantile,0.45,235.85
2026-09-12,wk inc covid hosp,2,2026-09-26,36,quantile,0.45,225.95
2026-09-12,wk inc covid hosp,3,2026-10-03,36,quantile,0.45,207.0
2026-09-12,wk inc covid hosp,-1,2026-09-05,36,quantile,0.5,231.3
2026-09-12,wk inc covid hosp,0,2026-09-12,36,quantile,0.5,243.64
2026-09-12,wk inc covid hosp,1,2026-09-19,36,quantile,0.5,240.26
2026-09-12,wk inc covid hosp,2,2026-09-26,36,quantile,0.5,230.98
2026-09-12,wk inc covid hosp,3,2026-10-03,36,quantile,0.5,212.24
2026-09-12,wk inc covid hosp,-1,2026-09-05,36,quantile,0.55,233.57
2026-09-12,wk inc covid hosp,0,2026-09-12,36,quantile,0.55,246.98
2026-09-12,wk inc covid hosp,1,2026-09-19,36,quantile,0.55,244.73
2026-09-12,wk inc covid hosp,2,2026-09-26,36,quantile,0.55,236.11
2026-09-12,wk inc covid hosp,3,2026-10-03,36,quantile,0.55,217.58
2026-09-12,wk inc covid hosp,-1,2026-09-05,36,quantile,0.6,235.89
2026-09-12,wk inc covid hosp,0,2026-09-12,36,quantile,0.6,250.42
2026-09-12,wk inc covid hosp,1,2026-09-19,36,quantile,0.6,249.35
2026-09-12,wk inc covid hosp,2,2026-09-26,36,quantile,0.6,241.42
2026-09-12,wk inc covid hosp,3,2026-10-03,36,quantile,0.6,223.13
2026-09-12,wk inc covid hosp,-1,2026-09-05,36,quantile,0.65,238.31
2026-09-12,wk inc covid hosp,0,2026-09-12,36,quantile,0.65,254.01
2026-09-12,wk inc covid hosp,1,2026-09-19,36,quantile,0.65,254.2
2026-09-12,wk inc covid hosp,2,2026-09-26,36,quantile,0.65,247.02
2026-09-12,wk inc covid hosp,3,2026-10-03,36,quantile,0.65,228.98
2026-09-12,wk inc covid hosp,-1,2026-09-05,36,quantile,0.7,240.88
2026-09-12,wk inc covid hosp,0,2026-09-12,36,quantile,0.7,257.85
2026-09-12,wk inc covid hosp,1,2026-09-19,36,quantile,0.7,259.39
2026-09-12,wk inc covid hosp,2,2026-09-26,36,quantile,0.7,253.03
2026-09-12,wk inc covid hosp,3,2026-10-03,36,quantile,0.7,235.29
2026-09-12,wk inc covid hosp,-1,2026-09-05,36,quantile,0.75,243.68
2026-09-12,wk inc covid hosp,0,2026-09-12,36,quantile,0.75,262.04
2026-09-12,wk inc covid hosp,1,2026-09-19,36,quantile,0.75,265.1
2026-09-12,wk inc covid hosp,2,2026-09-26,36,quantile,0.75,259.65
2026-09-12,wk inc covid hosp,3,2026-10-03,36,quantile,0.75,242.26
2026-09-12,wk inc covid hosp,-1,2026-09-05,36,quantile,0.8,246.83
2026-09-12,wk inc covid hosp,0,2026-09-12,36,quantile,0.8,266.77
2026-09-12,wk inc covid hosp,1,2026-09-19,36,quantile,0.8,271.57
2026-09-12,wk inc covid hosp,2,2026-09-26,36,quantile,0.8,267.19
2026-09-12,wk inc covid hosp,3,2026-10-03,36,quantile,0.8,250.22
2026-09-12,wk inc covid hosp,-1,2026-09-05,36,quantile,0.85,250.55
2026-09-12,wk inc covid hosp,0,2026-09-12,36,quantile,0.85,272.38
2026-09-12,wk inc covid hosp,1,2026-09-19,36,quantile,0.85,279.28
2026-09-12,wk inc covid hosp,2,2026-09-26,36,quantile,0.85,276.21
2026-09-12,wk inc covid hosp,3,2026-10-03,36,quantile,0.85,259.77
2026-09-12,wk inc covid hosp,-1,2026-09-05,36,quantile,0.9,255.29
2026-09-12,wk inc covid hosp,0,2026-09-12,36,quantile,0.9,279.57
2026-09-12,wk inc covid hosp,1,2026-09-19,36,quantile,0.9,289.24
2026-09-12,wk inc covid hosp,2,2026-09-26,36,quantile,0.9,287.92
2026-09-12,wk inc covid hosp,3,2026-10-03,36,quantile,0.9,272.22
2026-09-12,wk inc covid hosp,-1,2026-09-05,36,quantile,0.95,262.45
2026-09-12,wk inc covid hosp,0,2026-09-12,36,quantile,0.95,290.53
2026-09-12,wk inc covid hosp,1,2026-09-19,36,quantile,0.95,304.55
2026-09-12,wk inc covid hosp,2,2026-09-26,36,quantile,0.95,306.03
2026-09-12,wk inc covid hosp,3,2026-10-03,36,quantile,0.95,291.58
2026-09-12,wk inc covid hosp,-1,2026-09-05,36,quantile,0.975,268.8
2026-09-12,wk inc covid hosp,0,2026-09-12,36,quantile,0.975,300.31
2026-09-12,wk inc covid hosp,1,2026-09-19,36,quantile,0.975,318.36
2026-09-12,wk inc covid hosp,2,2026-09-26,36,quantile,0.975,322.5
2026-09-12,wk inc covid hosp,3,2026-10-03,36,quantile,0.975,309.28
2026-09-12,wk inc covid hosp,-1,2026-09-05,36,quantile,0.99,276.34
2026-09-12,wk inc covid hosp,0,2026-09-12,36,quantile,0.99,312.03
2026-09-12,wk inc covid hosp,1,2026-09-19,36,quantile,0.99,335.07
2026-09-12,wk inc covid hosp,2,2026-09-26,36,quantile,0.99,342.56
2026-09-12,wk inc covid hosp,3,2026-10-03,36,quantile,0.99,330.97
2026-09-12,wk inc covid hosp,-1,2026-09-05,37,quantile,0.01,122.04
2026-09-12,wk inc covid hosp,0,2026-09-12,37,quantile,0.01,114.49
2026-09-12,wk inc covid hosp,1,2026-09-19,37,quantile,0.01,103.98
2026-09-12,wk inc covid hosp,2,2026-09-26,37,quantile,0.01,89.96
2026-09-12,wk inc covid hosp,3,2026-10-03,37,quantile,0.01,75.16
2026-09-12,wk inc covid hosp,-1,2026-09-05,37,quantile,0.025,125.82
2026-09-12,wk inc covid hosp,0,2026-09-12,37,quantile,0.025,119.74
2026-09-12,wk inc covid hosp,1,2026-09-19,37,quantile,0.025,110.42
2026-09-12,wk inc covid hosp,2,2026-09-26,37,quantile,0.025,96.89
2026-09-12,wk inc covid hosp,3,2026-10-03,37,quantile,0.025,82.05
2026-09-12,wk inc covid hosp,-1,2026-09-05,37,quantile,0.05,129.15
2026-09-12,wk inc covid hosp,0,2026-09-12,37,quantile,0.05,124.42
2026-09-12,wk inc covid hosp,1,2026-09-19,37,quantile,0.05,116.23
2026-09-12,wk inc covid hosp,2,2026-09-26,37,quantile,0.05,103.21
2026-09-12,wk inc covid hosp,3,2026-10-03,37,quantile,0.05,88.4
2026-09-12,wk inc covid hosp,-1,2026-09-05,37,quantile,0.1,133.08
2026-09-12,wk inc covid hosp,0,2026-09-12,37,quantile,0.1,130.0
2026-09-12,wk inc covid hosp,1,2026-09-19,37,quantile,0.1,123.24
2026-09-12,wk inc covid hosp,2,2026-09-26,37,quantile,0.1,110.92
2026-09-12,wk inc covid hosp,3,2026-10-03,37,quantile,0.1,96.23
2026-09-12,wk inc covid hosp,-1,2026-09-05,37,quantile,0.15,135.78
2026-09-12,wk inc covid hosp,0,2026-09-12,37,quantile,0.15,133.88
2026-09-12,wk inc covid hosp,1,2026-09-19,37,quantile,0.15,128.16
2026-09-12,wk inc covid hosp,2,2026-09-26,37,quantile,0.15,116.39
2026-09-12,wk inc covid hosp,3,2026-10-03,37,quantile,0.15,101.83
2026-09-12,wk inc covid hosp,-1,2026-09-05,37,quantile,0.2,137.97
2026-09-12,wk inc covid hosp,0,2026-09-12,37,quantile,0.2,137.04
2026-09-12,wk inc covid hosp,1,2026-09-19,37,quantile,0.2,132.2
2026-09-12,wk inc covid hosp,2,2026-09-26,37,quantile,0.2,120.89
2026-09-12,wk inc covid hosp,3,2026-10-03,37,quantile,0.2,106.47
2026-09-12,wk inc covid hosp,-1,2026-09-05,37,quantile,0.25,139.87
2026-09-12,wk inc covid hosp,0,2026-09-12,37,quantile,0.25,139.79
2026-09-12,wk inc covid hosp,1,2026-09-19,37,quantile,0.25,135.74
2026-09-12,wk inc covid hosp,2,2026-09-26,37,quantile,0.25,124.87
2026-09-12,wk inc covid hosp,3,2026-10-03,37,quantile,0.25,110.6
2026-09-12,wk inc covid hosp,-1,2026-09-05,37,quantile,0.3,141.59
2026-09-12,wk inc covid hosp,0,2026-09-12,37,quantile,0.3,142.31
2026-09-12,wk inc covid hosp,1,2026-09-19,37,quantile,0.3,138.99
2026-09-12,wk inc covid hosp,2,2026-09-26,37,quantile,0.3,128.54
2026-09-12,wk inc covid hosp,3,2026-10-03,37,quantile,0.3,114.41
2026-09-12,wk inc covid hosp,-1,2026-09-05,37,quantile,0.35,143.2
2026-09-12,wk inc covid hosp,0,2026-09-12,37,quantile,0.35,144.67
2026-09-12,wk inc covid hosp,1,2026-09-19,37,quantile,0.35,142.06
2026-09-12,wk inc covid hosp,2,2026-09-26,37,quantile,0.35,132.02
2026-09-12,wk inc covid hosp,3,2026-10-03,37,quantile,0.35,118.05
2026-09-12,wk inc covid hosp,-1,2026-09-05,37,quantile,0.4,144.74
2026-09-12,wk inc covid hosp,0,2026-09-12,37,quantile,0.4,146.94
2026-09-12,wk inc covid hosp,1,2026-09-19,37,quantile,0.4,145.02
2026-09-12,wk inc covid hosp,2,2026-09-26,37,quantile,0.4,135.39
2026-09-12,wk inc covid hosp,3,2026-10-03,37,quantile,0.4,121.59
2026-09-12,wk inc covid hosp,-1,2026-09-05,37,quantile,0.45,146.25
2026-09-12,wk inc covid hosp,0,2026-09-12,37,quantile,0.45,149.17
2026-09-12,wk inc covid hosp,1,2026-09-19,37,quantile,0.45,147.94
2026-09-12,wk inc covid hosp,2,2026-09-26,37,quantile,0.45,138.72
2026-09-12,wk inc covid hosp,3,2026-10-03,37,quantile,0.45,125.09
2026-09-12,wk inc covid hosp,-1,2026-09-05,37,quantile,0.5,147.75
2026-09-12,wk inc covid hosp,0,2026-09-12,37,quantile,0.5,151.39
2026-09-12,wk inc covid hosp,1,2026-09-19,37,quantile,0.5,150.85
2026-09-12,wk inc covid hosp,2,2026-09-26,37,quantile,0.5,142.06
2026-09-12,wk inc covid hosp,3,2026-10-03,37,quantile,0.5,128.62
2026-09-12,wk inc covid hosp,-1,2026-09-05,37,quantile,0.55,149.25
2026-09-12,wk inc covid hosp,0,2026-09-12,37,quantile,0.55,153.63
2026-09-12,wk inc covid hosp,1,2026-09-19,37,quantile,0.55,153.82
2026-09-12,wk inc covid hosp,2,2026-09-26,37,quantile,0.55,145.47
2026-09-12,wk inc covid hosp,3,2026-10-03,37,quantile,0.55,132.24
2026-09-12,wk inc covid hosp,-1,2026-09-05,37,quantile,0.6,150.8
2026-09-12,wk inc covid hosp,0,2026-09-12,37,quantile,0.6,155.94
2026-09-12,wk inc covid hosp,1,2026-09-19,37,quantile,0.6,156.88
2026-09-12,wk inc covid hosp,2,2026-09-26,37,quantile,0.6,149.01
2026-09-12,wk inc covid hosp,3,2026-10-03,37,quantile,0.6,136.0
2026-09-12,wk inc covid hosp,-1,2026-09-05,37,quantile,0.65,152.41
2026-09-12,wk inc covid hosp,0,2026-09-12,37,quantile,0.65,158.36
2026-09-12,wk inc covid hosp,1,2026-09-19,37,quantile,0.65,160.1
2026-09-12,wk inc covid hosp,2,2026-09-26,37,quantile,0.65,152.74
2026-09-12,wk inc covid hosp,3,2026-10-03,37,quantile,0.65,139.98
2026-09-12,wk inc covid hosp,-1,2026-09-05,37,quantile,0.7,154.13
2026-09-12,wk inc covid hosp,0,2026-09-12,37,quantile,0.7,160.94
2026-09-12,wk inc covid hosp,1,2026-09-19,37,quantile,0.7,163.55
2026-09-12,wk inc covid hosp,2,2026-09-26,37,quantile,0.7,156.76
2026-09-12,wk inc covid hosp,3,2026-10-03,37,quantile,0.7,144.28
2026-09-12,wk inc covid hosp,-1,2026-09-05,37,quantile,0.75,155.99
2026-09-12,wk inc covid hosp,0,2026-09-12,37,quantile,0.75,163.77
2026-09-12,wk inc covid hosp,1,2026-09-19,37,quantile,0.75,167.34
2026-09-12,wk inc covid hosp,2,2026-09-26,37,quantile,0.75,161.19
2026-09-12,wk inc covid hosp,3,2026-10-03,37,quantile,0.75,149.04
2026-09-12,wk inc covid hosp,-1,2026-09-05,37,quantile,0.8,158.09
2026-09-12,wk inc covid hosp,0,2026-09-12,37,quantile,0.8,166.97
2026-09-12,wk inc covid hosp,1,2026-09-19,37,quantile,0.8,171.65
2026-09-12,wk inc covid hosp,2,2026-09-26,37,quantile,0.8,166.24
2026-09-12,wk inc covid hosp,3,2026-10-03,37,quantile,0.8,154.49
2026-09-12,wk inc covid hosp,-1,2026-09-05,37,quantile,0.85,160.57
2026-09-12,wk inc covid hosp,0,2026-09-12,37,quantile,0.85,170.76
2026-09-12,wk inc covid hosp,1,2026-09-19,37,quantile,0.85,176.79
2026-09-12,wk inc covid hosp,2,2026-09-26,37,quantile,0.85,172.3
2026-09-12,wk inc covid hosp,3,2026-10-03,37,quantile,0.85,161.06
2026-09-12,wk inc covid hosp,-1,2026-09-05,37,quantile,0.9,163.74
2026-09-12,wk inc covid hosp,0,2026-09-12,37,quantile,0.9,175.63
2026-09-12,wk inc covid hosp,1,2026-09-19,37,quantile,0.9,183.44
2026-09-12,wk inc covid hosp,2,2026-09-26,37,quantile,0.9,180.18
2026-09-12,wk inc covid hosp,3,2026-10-03,37,quantile,0.9,169.65
2026-09-12,wk inc covid hosp,-1,2026-09-05,37,quantile,0.95,168.53
2026-09-12,wk inc covid hosp,0,2026-09-12,37,quantile,0.95,183.06
2026-09-12,wk inc covid hosp,1,2026-09-19,37,quantile,0.95,193.68
2026-09-12,wk inc covid hosp,2,2026-09-26,37,quantile,0.95,192.41
2026-09-12,wk inc covid hosp,3,2026-10-03,37,quantile,0.95,183.07
2026-09-12,wk inc covid hosp,-1,2026-09-05,37,quantile,0.975,172.77
2026-09-12,wk inc covid hosp,0,2026-09-12,37,quantile,0.975,189.71
2026-09-12,wk inc covid hosp,1,2026-09-19,37,quantile,0.975,202.94
2026-09-12,wk inc covid hosp,2,2026-09-26,37,quantile,0.975,203.57
2026-09-12,wk inc covid hosp,3,2026-10-03,37,quantile,0.975,195.42
2026-09-12,wk inc covid hosp,-1,2026-09-05,37,quantile,0.99,177.82
2026-09-12,wk inc covid hosp,0,2026-09-12,37,quantile,0.99,197.7
2026-09-12,wk inc covid hosp,1,2026-09-19,37,quantile,0.99,214.16
2026-09-12,wk inc covid hosp,2,2026-09-26,37,quantile,0.99,217.22
2026-09-12,wk inc covid hosp,3,2026-10-03,37,quantile,0.99,210.63
2026-09-12,wk inc covid hosp,-1,2026-09-05,38,quantile,0.01,0.08
2026-09-12,wk inc covid hosp,0,2026-09-12,38,quantile,0.01,0.08
2026-09-12,wk inc covid hosp,1,2026-09-19,38,quantile,0.01,0.09
2026-09-12,wk inc covid hosp,2,2026-09-26,38,quantile,0.01,0.08
2026-09-12,wk inc covid hosp,3,2026-10-03,38,quantile,0.01,0.05
2026-09-12,wk inc covid hosp,-1,2026-09-05,38,quantile,0.025,0.1
2026-09-12,wk inc covid hosp,0,2026-09-12,38,quantile,0.025,0.11
2026-09-12,wk inc covid hosp,1,2026-09-19,38,quantile,0.025,0.12
2026-09-12,wk inc covid hosp,2,2026-09-26,38,quantile,0.025,0.11
2026-09-12,wk inc covid hosp,3,2026-10-03,38,quantile,0.025,0.07
2026-09-12,wk inc covid hosp,-1,2026-09-05,38,quantile,0.05,0.11
2026-09-12,wk inc covid hosp,0,2026-09-12,38,quantile,0.05,0.13
2026-09-12,wk inc covid hosp,1,2026-09-19,38,quantile,0.05,0.15
2026-09-12,wk inc covid hosp,2,2026-09-26,38,quantile,0.05,0.15
2026-09-12,wk inc covid hosp,3,2026-10-03,38,quantile,0.05,0.1
2026-09-12,wk inc covid hosp,-1,2026-09-05,38,quantile,0.1,0.14
2026-09-12,wk inc covid hosp,0,2026-09-12,38,quantile,0.1,0.16
2026-09-12,wk inc covid hosp,1,2026-09-19,38,quantile,0.1,0.19
2026-09-12,wk inc covid hosp,2,2026-09-26,38,quantile,0.1,0.2
2026-09-12,wk inc covid hosp,3,2026-10-03,38,quantile,0.1,0.14
2026-09-12,wk inc covid hosp,-1,2026-09-05,38,quantile,0.15,0.15
2026-09-12,wk inc covid hosp,0,2026-09-12,38,quantile,0.15,0.19
2026-09-12,wk inc covid hosp,1,2026-09-19,38,quantile,0.15,0.23
2026-09-12,wk inc covid hosp,2,2026-09-26,38,quantile,0.15,0.24
2026-09-12,wk inc covid hosp,3,2026-10-03,38,quantile,0.15,0.17
2026-09-12,wk inc covid hosp,-1,2026-09-05,38,quantile,0.2,0.17
2026-09-12,wk inc covid hosp,0,2026-09-12,38,quantile,0.2,0.21
2026-09-12,wk inc covid hosp,1,2026-09-19,38,quantile,0.2,0.26
2026-09-12,wk inc covid hosp,2,2026-09-26,38,quantile,0.2,0.27
2026-09-12,wk inc covid hosp,3,2026-10-03,38,quantile,0.2,0.21
2026-09-12,wk inc covid hosp,-1,2026-09-05,38,quantile,0.25,0.18
2026-09-12,wk inc covid hosp,0,2026-09-12,38,quantile,0.25,0.24
2026-09-12,wk inc covid hosp,1,2026-09-19,38,quantile,0.25,0.29
2026-09-12,wk inc covid hosp,2,2026-09-26,38,quantile,0.25,0.31
2026-09-12,wk inc covid hosp,3,2026-10-03,38,quantile,0.25,0.24
2026-09-12,wk inc covid hosp,-1,2026-09-05,38,quantile,0.3,0.19
2026-09-12,wk inc covid hosp,0,2026-09-12,38,quantile,0.3,0.26
2026-09-12,wk inc covid hosp,1,2026-09-19,38,quantile,0.3,0.32
2026-09-12,wk inc covid hosp,2,2026-09-26,38,quantile,0.3,0.35
2026-09-12,wk inc covid hosp,3,2026-10-03,38,quantile,0.3,0.27
2026-09-12,wk inc covid hosp,-1,2026-09-05,38,quantile,0.35,0.21
2026-09-12,wk inc covid hosp,0,2026-09-12,38,quantile,0.35,0.28
2026-09-12,wk inc covid hosp,1,2026-09-19,38,quantile,0.35,0.36
2026-09-12,wk inc covid hosp,2,2026-09-26,38,quantile,0.35,0.38
2026-09-12,wk inc covid hosp,3,2026-10-03,38,quantile,0.35,0.31
2026-09-12,wk inc covid hosp,-1,2026-09-05,38,quantile,0.4,0.22
2026-09-12,wk inc covid hosp,0,2026-09-12,38,quantile,0.4,0.3
2026-09-12,wk inc covid hosp,1,2026-09-19,38,quantile,0.4,0.39
2026-09-12,wk inc covid hosp,2,2026-09-26,38,quantile,0.4,0.42
2026-09-12,wk inc covid hosp,3,2026-10-03,38,quantile,0.4,0.34
2026-09-12,wk inc covid hosp,-1,2026-09-05,38,quantile,0.45,0.23
2026-09-12,wk inc covid hosp,0,2026-09-12,38,quantile,0.45,0.32
2026-09-12,wk inc covid hosp,1,2026-09-19,38,quantile,0.45,0.42
2026-09-12,wk inc covid hosp,2,2026-09-26,38,quantile,0.45,0.46
2026-09-12,wk inc covid hosp,3,2026-10-03,38,quantile,0.45,0.38
2026-09-12,wk inc covid hosp,-1,2026-09-05,38,quantile,0.5,0.25
2026-09-12,wk inc covid hosp,0,2026-09-12,38,quantile,0.5,0.35
2026-09-12,wk inc covid hosp,1,2026-09-19,38,quantile,0.5,0.46
2026-09-12,wk inc covid hosp,2,2026-09-26,38,quantile,0.5,0.5
2026-09-12,wk inc covid hosp,3,2026-10-03,38,quantile,0.5,0.42
2026-09-12,wk inc covid hosp,-1,2026-09-05,38,quantile,0.55,0.26
2026-09-12,wk inc covid hosp,0,2026-09-12,38,quantile,0.55,0.37
2026-09-12,wk inc covid hosp,1,2026-09-19,38,quantile,0.55,0.49
2026-09-12,wk inc covid hosp,2,2026-09-26,38,quantile,0.55,0.55
2026-09-12,wk inc covid hosp,3,2026-10-03,38,quantile,0.55,0.47
2026-09-12,wk inc covid hosp,-1,2026-09-05,38,quantile,0.6,0.28
2026-09-12,wk inc covid hosp,0,2026-09-12,38,quantile,0.6,0.4
2026-09-12,wk inc covid hosp,1,2026-09-19,38,quantile,0.6,0.53
2026-09-12,wk inc covid hosp,2,2026-09-26,38,quantile,0.6,0.6
2026-09-12,wk inc covid hosp,3,2026-10-03,38,quantile,0.6,0.52
2026-09-12,wk inc covid hosp,-1,2026-09-05,38,quantile,0.65,0.29
2026-09-12,wk inc covid hosp,0,2026-09-12,38,quantile,0.65,0.42
2026-09-12,wk inc covid hosp,1,2026-09-19,38,quantile,0.65,0.58
2026-09-12,wk inc covid hosp,2,2026-09-26,38,quantile,0.65,0.65
2026-09-12,wk inc covid hosp,3,2026-10-03,38,quantile,0.65,0.57
2026-09-12,wk inc covid hosp,-1,2026-09-05,38,quantile,0.7,0.31
2026-09-12,wk inc covid hosp,0,2026-09-12,38,quantile,0.7,0.46
2026-09-12,wk inc covid hosp,1,2026-09-19,38,quantile,0.7,0.63
2026-09-12,wk inc covid hosp,2,2026-09-26,38,quantile,0.7,0.71
2026-09-12,wk inc covid hosp,3,2026-10-03,38,quantile,0.7,0.64
2026-09-12,wk inc covid hosp,-1,2026-09-05,38,quantile,0.75,0.33
2026-09-12,wk inc covid hosp,0,2026-09-12,38,quantile,0.75,0.49
2026-09-12,wk inc covid hosp,1,2026-09-19,38,quantile,0.75,0.69
2026-09-12,wk inc covid hosp,2,2026-09-26,38,quantile,0.75,0.78
2026-09-12,wk inc covid hosp,3,2026-10-03,38,quantile,0.75,0.71
2026-09-12,wk inc covid hosp,-1,2026-09-05,38,quantile,0.8,0.35
2026-09-12,wk inc covid hosp,0,2026-09-12,38,quantile,0.8,0.54
2026-09-12,wk inc covid hosp,1,2026-09-19,38,quantile,0.8,0.76
2026-09-12,wk inc covid hosp,2,2026-09-26,38,quantile,0.8,0.87
2026-09-12,wk inc covid hosp,3,2026-10-03,38,quantile,0.8,0.8
2026-09-12,wk inc covid hosp,-1,2026-09-05,38,quantile,0.85,0.38
2026-09-12,wk inc covid hosp,0,2026-09-12,38,quantile,0.85,0.59
2026-09-12,wk inc covid hosp,1,2026-09-19,38,quantile,0.85,0.85
2026-09-12,wk inc covid hosp,2,2026-09-26,38,quantile,0.85,0.98
2026-09-12,wk inc covid hosp,3,2026-10-03,38,quantile,0.85,0.92
2026-09-12,wk inc covid hosp,-1,2026-09-05,38,quantile,0.9,0.42
2026-09-12,wk inc covid hosp,0,2026-09-12,38,quantile,0.9,0.67
2026-09-12,wk inc covid hosp,1,2026-09-19,38,quantile,0.9,0.97
2026-09-12,wk inc covid hosp,2,2026-09-26,38,quantile,0.9,1.14
2026-09-12,wk inc covid hosp,3,2026-10-03,38,quantile,0.9,1.1
2026-09-12,wk inc covid hosp,-1,2026-09-05,38,quantile,0.95,0.49
2026-09-12,wk inc covid hosp,0,2026-09-12,38,quantile,0.95,0.8
2026-09-12,wk inc covid hosp,1,2026-09-19,38,quantile,0.95,1.18
2026-09-12,wk inc covid hosp,2,2026-09-26,38,quantile,0.95,1.41
2026-09-12,wk inc covid hosp,3,2026-10-03,38,quantile,0.95,1.4
2026-09-12,wk inc covid hosp,-1,2026-09-05,38,quantile,0.975,0.56
2026-09-12,wk inc covid hosp,0,2026-09-12,38,quantile,0.975,0.92
2026-09-12,wk inc covid hosp,1,2026-09-19,38,quantile,0.975,1.39
2026-09-12,wk inc covid hosp,2,2026-09-26,38,quantile,0.975,1.68
2026-09-12,wk inc covid hosp,3,2026-10-03,38,quantile,0.975,1.71
2026-09-12,wk inc covid hosp,-1,2026-09-05,38,quantile,0.99,0.64
2026-09-12,wk inc covid hosp,0,2026-09-12,38,quantile,0.99,1.09
2026-09-12,wk inc covid hosp,1,2026-09-19,38,quantile,0.99,1.68
2026-09-12,wk inc covid hosp,2,2026-09-26,38,quantile,0.99,2.05
2026-09-12,wk inc covid hosp,3,2026-10-03,38,quantile,0.99,2.15
2026-09-12,wk inc covid hosp,-1,2026-09-05,39,quantile,0.01,41.82
2026-09-12,wk inc covid hosp,0,2026-09-12,39,quantile,0.01,38.91
2026-09-12,wk inc covid hosp,1,2026-09-19,39,quantile,0.01,35.01
2026-09-12,wk inc covid hosp,2,2026-09-26,39,quantile,0.01,29.23
2026-09-12,wk inc covid hosp,3,2026-10-03,39,quantile,0.01,23.99
2026-09-12,wk inc covid hosp,-1,2026-09-05,39,quantile,0.025,43.38
2026-09-12,wk inc covid hosp,0,2026-09-12,39,quantile,0.025,41.08
2026-09-12,wk inc covid hosp,1,2026-09-19,39,quantile,0.025,37.64
2026-09-12,wk inc covid hosp,2,2026-09-26,39,quantile,0.025,32.04
2026-09-12,wk inc covid hosp,3,2026-10-03,39,quantile,0.025,26.71
2026-09-12,wk inc covid hosp,-1,2026-09-05,39,quantile,0.05,44.75
2026-09-12,wk inc covid hosp,0,2026-09-12,39,quantile,0.05,43.02
2026-09-12,wk inc covid hosp,1,2026-09-19,39,quantile,0.05,40.04
2026-09-12,wk inc covid hosp,2,2026-09-26,39,quantile,0.05,34.64
2026-09-12,wk inc covid hosp,3,2026-10-03,39,quantile,0.05,29.24
2026-09-12,wk inc covid hosp,-1,2026-09-05,39,quantile,0.1,46.39
2026-09-12,wk inc covid hosp,0,2026-09-12,39,quantile,0.1,45.36
2026-09-12,wk inc covid hosp,1,2026-09-19,39,quantile,0.1,42.96
2026-09-12,wk inc covid hosp,2,2026-09-26,39,quantile,0.1,37.85
2026-09-12,wk inc covid hosp,3,2026-10-03,39,quantile,0.1,32.42
2026-09-12,wk inc covid hosp,-1,2026-09-05,39,quantile,0.15,47.52
2026-09-12,wk inc covid hosp,0,2026-09-12,39,quantile,0.15,47.0
2026-09-12,wk inc covid hosp,1,2026-09-19,39,quantile,0.15,45.03
2026-09-12,wk inc covid hosp,2,2026-09-26,39,quantile,0.15,40.16
2026-09-12,wk inc covid hosp,3,2026-10-03,39,quantile,0.15,34.72
2026-09-12,wk inc covid hosp,-1,2026-09-05,39,quantile,0.2,48.43
2026-09-12,wk inc covid hosp,0,2026-09-12,39,quantile,0.2,48.33
2026-09-12,wk inc covid hosp,1,2026-09-19,39,quantile,0.2,46.74
2026-09-12,wk inc covid hosp,2,2026-09-26,39,quantile,0.2,42.07
2026-09-12,wk inc covid hosp,3,2026-10-03,39,quantile,0.2,36.64
2026-09-12,wk inc covid hosp,-1,2026-09-05,39,quantile,0.25,49.23
2026-09-12,wk inc covid hosp,0,2026-09-12,39,quantile,0.25,49.51
2026-09-12,wk inc covid hosp,1,2026-09-19,39,quantile,0.25,48.24
2026-09-12,wk inc covid hosp,2,2026-09-26,39,quantile,0.25,43.77
2026-09-12,wk inc covid hosp,3,2026-10-03,39,quantile,0.25,38.36
2026-09-12,wk inc covid hosp,-1,2026-09-05,39,quantile,0.3,49.95
2026-09-12,wk inc covid hosp,0,2026-09-12,39,quantile,0.3,50.58
2026-09-12,wk inc covid hosp,1,2026-09-19,39,quantile,0.3,49.63
2026-09-12,wk inc covid hosp,2,2026-09-26,39,quantile,0.3,45.35
2026-09-12,wk inc covid hosp,3,2026-10-03,39,quantile,0.3,39.97
2026-09-12,wk inc covid hosp,-1,2026-09-05,39,quantile,0.35,50.63
2026-09-12,wk inc covid hosp,0,2026-09-12,39,quantile,0.35,51.59
2026-09-12,wk inc covid hosp,1,2026-09-19,39,quantile,0.35,50.94
2026-09-12,wk inc covid hosp,2,2026-09-26,39,quantile,0.35,46.86
2026-09-12,wk inc covid hosp,3,2026-10-03,39,quantile,0.35,41.5
2026-09-12,wk inc covid hosp,-1,2026-09-05,39,quantile,0.4,51.28
2026-09-12,wk inc covid hosp,0,2026-09-12,39,quantile,0.4,52.56
2026-09-12,wk inc covid hosp,1,2026-09-19,39,quantile,0.4,52.21
2026-09-12,wk inc covid hosp,2,2026-09-26,39,quantile,0.4,48.32
2026-09-12,wk inc covid hosp,3,2026-10-03,39,quantile,0.4,43.0
2026-09-12,wk inc covid hosp,-1,2026-09-05,39,quantile,0.45,51.92
2026-09-12,wk inc covid hosp,0,2026-09-12,39,quantile,0.45,53.52
2026-09-12,wk inc covid hosp,1,2026-09-19,39,quantile,0.45,53.47
2026-09-12,wk inc covid hosp,2,2026-09-26,39,quantile,0.45,49.78
2026-09-12,wk inc covid hosp,3,2026-10-03,39,quantile,0.45,44.5
2026-09-12,wk inc covid hosp,-1,2026-09-05,39,quantile,0.5,52.55
2026-09-12,wk inc covid hosp,0,2026-09-12,39,quantile,0.5,54.47
2026-09-12,wk inc covid hosp,1,2026-09-19,39,quantile,0.5,54.73
2026-09-12,wk inc covid hosp,2,2026-09-26,39,quantile,0.5,51.24
2026-09-12,wk inc covid hosp,3,2026-10-03,39,quantile,0.5,46.01
2026-09-12,wk inc covid hosp,-1,2026-09-05,39,quantile,0.55,53.19
2026-09-12,wk inc covid hosp,0,2026-09-12,39,quantile,0.55,55.45
2026-09-12,wk inc covid hosp,1,2026-09-19,39,quantile,0.55,56.02
2026-09-12,wk inc covid hosp,2,2026-09-26,39,quantile,0.55,52.74
2026-09-12,wk inc covid hosp,3,2026-10-03,39,quantile,0.55,47.57
2026-09-12,wk inc covid hosp,-1,2026-09-05,39,quantile,0.6,53.85
2026-09-12,wk inc covid hosp,0,2026-09-12,39,quantile,0.6,56.45
2026-09-12,wk inc covid hosp,1,2026-09-19,39,quantile,0.6,57.35
2026-09-12,wk inc covid hosp,2,2026-09-26,39,quantile,0.6,54.31
2026-09-12,wk inc covid hosp,3,2026-10-03,39,quantile,0.6,49.2
2026-09-12,wk inc covid hosp,-1,2026-09-05,39,quantile,0.65,54.53
2026-09-12,wk inc covid hosp,0,2026-09-12,39,quantile,0.65,57.5
2026-09-12,wk inc covid hosp,1,2026-09-19,39,quantile,0.65,58.75
2026-09-12,wk inc covid hosp,2,2026-09-26,39,quantile,0.65,55.97
2026-09-12,wk inc covid hosp,3,2026-10-03,39,quantile,0.65,50.92
2026-09-12,wk inc covid hosp,-1,2026-09-05,39,quantile,0.7,55.26
2026-09-12,wk inc covid hosp,0,2026-09-12,39,quantile,0.7,58.62
2026-09-12,wk inc covid hosp,1,2026-09-19,39,quantile,0.7,60.27
2026-09-12,wk inc covid hosp,2,2026-09-26,39,quantile,0.7,57.76
2026-09-12,wk inc covid hosp,3,2026-10-03,39,quantile,0.7,52.8
2026-09-12,wk inc covid hosp,-1,2026-09-05,39,quantile,0.75,56.06
2026-09-12,wk inc covid hosp,0,2026-09-12,39,quantile,0.75,59.85
2026-09-12,wk inc covid hosp,1,2026-09-19,39,quantile,0.75,61.93
2026-09-12,wk inc covid hosp,2,2026-09-26,39,quantile,0.75,59.74
2026-09-12,wk inc covid hosp,3,2026-10-03,39,quantile,0.75,54.89
2026-09-12,wk inc covid hosp,-1,2026-09-05,39,quantile,0.8,56.96
2026-09-12,wk inc covid hosp,0,2026-09-12,39,quantile,0.8,61.25
2026-09-12,wk inc covid hosp,1,2026-09-19,39,quantile,0.8,63.83
2026-09-12,wk inc covid hosp,2,2026-09-26,39,quantile,0.8,62.02
2026-09-12,wk inc covid hosp,3,2026-10-03,39,quantile,0.8,57.3
2026-09-12,wk inc covid hosp,-1,2026-09-05,39,quantile,0.85,58.02
2026-09-12,wk inc covid hosp,0,2026-09-12,39,quantile,0.85,62.92
2026-09-12,wk inc covid hosp,1,2026-09-19,39,quantile,0.85,66.11
2026-09-12,wk inc covid hosp,2,2026-09-26,39,quantile,0.85,64.77
2026-09-12,wk inc covid hosp,3,2026-10-03,39,quantile,0.85,60.22
2026-09-12,wk inc covid hosp,-1,2026-09-05,39,quantile,0.9,59.39
2026-09-12,wk inc covid hosp,0,2026-09-12,39,quantile,0.9,65.06
2026-09-12,wk inc covid hosp,1,2026-09-19,39,quantile,0.9,69.07
2026-09-12,wk inc covid hosp,2,2026-09-26,39,quantile,0.9,68.37
2026-09-12,wk inc covid hosp,3,2026-10-03,39,quantile,0.9,64.06
2026-09-12,wk inc covid hosp,-1,2026-09-05,39,quantile,0.95,61.45
2026-09-12,wk inc covid hosp,0,2026-09-12,39,quantile,0.95,68.36
2026-09-12,wk inc covid hosp,1,2026-09-19,39,quantile,0.95,73.66
2026-09-12,wk inc covid hosp,2,2026-09-26,39,quantile,0.95,74.01
2026-09-12,wk inc covid hosp,3,2026-10-03,39,quantile,0.95,70.13
2026-09-12,wk inc covid hosp,-1,2026-09-05,39,quantile,0.975,63.29
2026-09-12,wk inc covid hosp,0,2026-09-12,39,quantile,0.975,71.33
2026-09-12,wk inc covid hosp,1,2026-09-19,39,quantile,0.975,77.85
2026-09-12,wk inc covid hosp,2,2026-09-26,39,quantile,0.975,79.2
2026-09-12,wk inc covid hosp,3,2026-10-03,39,quantile,0.975,75.77
2026-09-12,wk inc covid hosp,-1,2026-09-05,39,quantile,0.99,65.49
2026-09-12,wk inc covid hosp,0,2026-09-12,39,quantile,0.99,74.91
2026-09-12,wk inc covid hosp,1,2026-09-19,39,quantile,0.99,82.96
2026-09-12,wk inc covid hosp,2,2026-09-26,39,quantile,0.99,85.62
2026-09-12,wk inc covid hosp,3,2026-10-03,39,quantile,0.99,82.8
2026-09-12,wk inc covid hosp,-1,2026-09-05,40,quantile,0.01,15.92
2026-09-12,wk inc covid hosp,0,2026-09-12,40,quantile,0.01,14.5
2026-09-12,wk inc covid hosp,1,2026-09-19,40,quantile,0.01,12.41
2026-09-12,wk inc covid hosp,2,2026-09-26,40,quantile,0.01,10.77
2026-09-12,wk inc covid hosp,3,2026-10-03,40,quantile,0.01,8.48
2026-09-12,wk inc covid hosp,-1,2026-09-05,40,quantile,0.025,16.53
2026-09-12,wk inc covid hosp,0,2026-09-12,40,quantile,0.025,15.36
2026-09-12,wk inc covid hosp,1,2026-09-19,40,quantile,0.025,13.4
2026-09-12,wk inc covid hosp,2,2026-09-26,40,quantile,0.025,11.82
2026-09-12,wk inc covid hosp,3,2026-10-03,40,quantile,0.025,9.47
2026-09-12,wk inc covid hosp,-1,2026-09-05,40,quantile,0.05,17.08
2026-09-12,wk inc covid hosp,0,2026-09-12,40,quantile,0.05,16.13
2026-09-12,wk inc covid hosp,1,2026-09-19,40,quantile,0.05,14.3
2026-09-12,wk inc covid hosp,2,2026-09-26,40,quantile,0.05,12.79
2026-09-12,wk inc covid hosp,3,2026-10-03,40,quantile,0.05,10.39
2026-09-12,wk inc covid hosp,-1,2026-09-05,40,quantile,0.1,17.73
2026-09-12,wk inc covid hosp,0,2026-09-12,40,quantile,0.1,17.05
2026-09-12,wk inc covid hosp,1,2026-09-19,40,quantile,0.1,15.4
2026-09-12,wk inc covid hosp,2,2026-09-26,40,quantile,0.1,13.99
2026-09-12,wk inc covid hosp,3,2026-10-03,40,quantile,0.1,11.55
2026-09-12,wk inc covid hosp,-1,2026-09-05,40,quantile,0.15,18.18
2026-09-12,wk inc covid hosp,0,2026-09-12,40,quantile,0.15,17.7
2026-09-12,wk inc covid hosp,1,2026-09-19,40,quantile,0.15,16.18
2026-09-12,wk inc covid hosp,2,2026-09-26,40,quantile,0.15,14.85
2026-09-12,wk inc covid hosp,3,2026-10-03,40,quantile,0.15,12.39
2026-09-12,wk inc covid hosp,-1,2026-09-05,40,quantile,0.2,18.55
2026-09-12,wk inc covid hosp,0,2026-09-12,40,quantile,0.2,18.24
2026-09-12,wk inc covid hosp,1,2026-09-19,40,quantile,0.2,16.83
2026-09-12,wk inc covid hosp,2,2026-09-26,40,quantile,0.2,15.57
2026-09-12,wk inc covid hosp,3,2026-10-03,40,quantile,0.2,13.09
2026-09-12,wk inc covid hosp,-1,2026-09-05,40,quantile,0.25,18.87
2026-09-12,wk inc covid hosp,0,2026-09-12,40,quantile,0.25,18.7
2026-09-12,wk inc covid hosp,1,2026-09-19,40,quantile,0.25,17.4
2026-09-12,wk inc covid hosp,2,2026-09-26,40,quantile,0.25,16.21
2026-09-12,wk inc covid hosp,3,2026-10-03,40,quantile,0.25,13.72
2026-09-12,wk inc covid hosp,-1,2026-09-05,40,quantile,0.3,19.16
2026-09-12,wk inc covid hosp,0,2026-09-12,40,quantile,0.3,19.13
2026-09-12,wk inc covid hosp,1,2026-09-19,40,quantile,0.3,17.93
2026-09-12,wk inc covid hosp,2,2026-09-26,40,quantile,0.3,16.8
2026-09-12,wk inc covid hosp,3,2026-10-03,40,quantile,0.3,14.31
2026-09-12,wk inc covid hosp,-1,2026-09-05,40,quantile,0.35,19.43
2026-09-12,wk inc covid hosp,0,2026-09-12,40,quantile,0.35,19.53
2026-09-12,wk inc covid hosp,1,2026-09-19,40,quantile,0.35,18.43
2026-09-12,wk inc covid hosp,2,2026-09-26,40,quantile,0.35,17.36
2026-09-12,wk inc covid hosp,3,2026-10-03,40,quantile,0.35,14.87
2026-09-12,wk inc covid hosp,-1,2026-09-05,40,quantile,0.4,19.69
2026-09-12,wk inc covid hosp,0,2026-09-12,40,quantile,0.4,19.92
2026-09-12,wk inc covid hosp,1,2026-09-19,40,quantile,0.4,18.91
2026-09-12,wk inc covid hosp,2,2026-09-26,40,quantile,0.4,17.91
2026-09-12,wk inc covid hosp,3,2026-10-03,40,quantile,0.4,15.43
2026-09-12,wk inc covid hosp,-1,2026-09-05,40,quantile,0.45,19.94
2026-09-12,wk inc covid hosp,0,2026-09-12,40,quantile,0.45,20.31
2026-09-12,wk inc covid hosp,1,2026-09-19,40,quantile,0.45,19.39
2026-09-12,wk inc covid hosp,2,2026-09-26,40,quantile,0.45,18.46
2026-09-12,wk inc covid hosp,3,2026-10-03,40,quantile,0.45,15.97
2026-09-12,wk inc covid hosp,-1,2026-09-05,40,quantile,0.5,20.2
2026-09-12,wk inc covid hosp,0,2026-09-12,40,quantile,0.5,20.69
2026-09-12,wk inc covid hosp,1,2026-09-19,40,quantile,0.5,19.87
2026-09-12,wk inc covid hosp,2,2026-09-26,40,quantile,0.5,19.01
2026-09-12,wk inc covid hosp,3,2026-10-03,40,quantile,0.5,16.53
2026-09-12,wk inc covid hosp,-1,2026-09-05,40,quantile,0.55,20.45
2026-09-12,wk inc covid hosp,0,2026-09-12,40,quantile,0.55,21.08
2026-09-12,wk inc covid hosp,1,2026-09-19,40,quantile,0.55,20.36
2026-09-12,wk inc covid hosp,2,2026-09-26,40,quantile,0.55,19.57
2026-09-12,wk inc covid hosp,3,2026-10-03,40,quantile,0.55,17.1
2026-09-12,wk inc covid hosp,-1,2026-09-05,40,quantile,0.6,20.72
2026-09-12,wk inc covid hosp,0,2026-09-12,40,quantile,0.6,21.48
2026-09-12,wk inc covid hosp,1,2026-09-19,40,quantile,0.6,20.87
2026-09-12,wk inc covid hosp,2,2026-09-26,40,quantile,0.6,20.16
2026-09-12,wk inc covid hosp,3,2026-10-03,40,quantile,0.6,17.7
2026-09-12,wk inc covid hosp,-1,2026-09-05,40,quantile,0.65,20.99
2026-09-12,wk inc covid hosp,0,2026-09-12,40,quantile,0.65,21.9
2026-09-12,wk inc covid hosp,1,2026-09-19,40,quantile,0.65,21.41
2026-09-12,wk inc covid hosp,2,2026-09-26,40,quantile,0.65,20.78
2026-09-12,wk inc covid hosp,3,2026-10-03,40,quantile,0.65,18.34
2026-09-12,wk inc covid hosp,-1,2026-09-05,40,quantile,0.7,21.29
2026-09-12,wk inc covid hosp,0,2026-09-12,40,quantile,0.7,22.35
2026-09-12,wk inc covid hosp,1,2026-09-19,40,quantile,0.7,21.99
2026-09-12,wk inc covid hosp,2,2026-09-26,40,quantile,0.7,21.46
2026-09-12,wk inc covid hosp,3,2026-10-03,40,quantile,0.7,19.03
2026-09-12,wk inc covid hosp,-1,2026-09-05,40,quantile,0.75,21.61
2026-09-12,wk inc covid hosp,0,2026-09-12,40,quantile,0.75,22.85
2026-09-12,wk inc covid hosp,1,2026-09-19,40,quantile,0.75,22.63
2026-09-12,wk inc covid hosp,2,2026-09-26,40,quantile,0.75,22.2
2026-09-12,wk inc covid hosp,3,2026-10-03,40,quantile,0.75,19.8
2026-09-12,wk inc covid hosp,-1,2026-09-05,40,quantile,0.8,21.97
2026-09-12,wk inc covid hosp,0,2026-09-12,40,quantile,0.8,23.41
2026-09-12,wk inc covid hosp,1,2026-09-19,40,quantile,0.8,23.36
2026-09-12,wk inc covid hosp,2,2026-09-26,40,quantile,0.8,23.06
2026-09-12,wk inc covid hosp,3,2026-10-03,40,quantile,0.8,20.69
2026-09-12,wk inc covid hosp,-1,2026-09-05,40,quantile,0.85,22.39
2026-09-12,wk inc covid hosp,0,2026-09-12,40,quantile,0.85,24.08
2026-09-12,wk inc covid hosp,1,2026-09-19,40,quantile,0.85,24.24
2026-09-12,wk inc covid hosp,2,2026-09-26,40,quantile,0.85,24.09
2026-09-12,wk inc covid hosp,3,2026-10-03,40,quantile,0.85,21.77
2026-09-12,wk inc covid hosp,-1,2026-09-05,40,quantile,0.9,22.94
2026-09-12,wk inc covid hosp,0,2026-09-12,40,quantile,0.9,24.95
2026-09-12,wk inc covid hosp,1,2026-09-19,40,quantile,0.9,25.38
2026-09-12,wk inc covid hosp,2,2026-09-26,40,quantile,0.9,25.45
2026-09-12,wk inc covid hosp,3,2026-10-03,40,quantile,0.9,23.19
2026-09-12,wk inc covid hosp,-1,2026-09-05,40,quantile,0.95,23.77
2026-09-12,wk inc covid hosp,0,2026-09-12,40,quantile,0.95,26.28
2026-09-12,wk inc covid hosp,1,2026-09-19,40,quantile,0.95,27.15
2026-09-12,wk inc covid hosp,2,2026-09-26,40,quantile,0.95,27.57
2026-09-12,wk inc covid hosp,3,2026-10-03,40,quantile,0.95,25.44
2026-09-12,wk inc covid hosp,-1,2026-09-05,40,quantile,0.975,24.51
2026-09-12,wk inc covid hosp,0,2026-09-12,40,quantile,0.975,27.48
2026-09-12,wk inc covid hosp,1,2026-09-19,40,quantile,0.975,28.77
2026-09-12,wk inc covid hosp,2,2026-09-26,40,quantile,0.975,29.53
2026-09-12,wk inc covid hosp,3,2026-10-03,40,quantile,0.975,27.54
2026-09-12,wk inc covid hosp,-1,2026-09-05,40,quantile,0.99,25.4
2026-09-12,wk inc covid hosp,0,2026-09-12,40,quantile,0.99,28.94
2026-09-12,wk inc covid hosp,1,2026-09-19,40,quantile,0.99,30.75
2026-09-12,wk inc covid hosp,2,2026-09-26,40,quantile,0.99,31.95
2026-09-12,wk inc covid hosp,3,2026-10-03,40,quantile,0.99,30.15
2026-09-12,wk inc covid hosp,-1,2026-09-05,41,quantile,0.01,17.37
2026-09-12,wk inc covid hosp,0,2026-09-12,41,quantile,0.01,16.01
2026-09-12,wk inc covid hosp,1,2026-09-19,41,quantile,0.01,14.08
2026-09-12,wk inc covid hosp,2,2026-09-26,41,quantile,0.01,12.33
2026-09-12,wk inc covid hosp,3,2026-10-03,41,quantile,0.01,10.41
2026-09-12,wk inc covid hosp,-1,2026-09-05,41,quantile,0.025,17.84
2026-09-12,wk inc covid hosp,0,2026-09-12,41,quantile,0.025,16.68
2026-09-12,wk inc covid hosp,1,2026-09-19,41,quantile,0.025,14.89
2026-09-12,wk inc covid hosp,2,2026-09-26,41,quantile,0.025,13.19
2026-09-12,wk inc covid hosp,3,2026-10-03,41,quantile,0.025,11.26
2026-09-12,wk inc covid hosp,-1,2026-09-05,41,quantile,0.05,18.25
2026-09-12,wk inc covid hosp,0,2026-09-12,41,quantile,0.05,17.27
2026-09-12,wk inc covid hosp,1,2026-09-19,41,quantile,0.05,15.62
2026-09-12,wk inc covid hosp,2,2026-09-26,41,quantile,0.05,13.97
2026-09-12,wk inc covid hosp,3,2026-10-03,41,quantile,0.05,12.04
2026-09-12,wk inc covid hosp,-1,2026-09-05,41,quantile,0.1,18.74
2026-09-12,wk inc covid hosp,0,2026-09-12,41,quantile,0.1,17.97
2026-09-12,wk inc covid hosp,1,2026-09-19,41,quantile,0.1,16.49
2026-09-12,wk inc covid hosp,2,2026-09-26,41,quantile,0.1,14.91
2026-09-12,wk inc covid hosp,3,2026-10-03,41,quantile,0.1,13.0
2026-09-12,wk inc covid hosp,-1,2026-09-05,41,quantile,0.15,19.07
2026-09-12,wk inc covid hosp,0,2026-09-12,41,quantile,0.15,18.46
2026-09-12,wk inc covid hosp,1,2026-09-19,41,quantile,0.15,17.1
2026-09-12,wk inc covid hosp,2,2026-09-26,41,quantile,0.15,15.58
2026-09-12,wk inc covid hosp,3,2026-10-03,41,quantile,0.15,13.68
2026-09-12,wk inc covid hosp,-1,2026-09-05,41,quantile,0.2,19.34
2026-09-12,wk inc covid hosp,0,2026-09-12,41,quantile,0.2,18.86
2026-09-12,wk inc covid hosp,1,2026-09-19,41,quantile,0.2,17.6
2026-09-12,wk inc covid hosp,2,2026-09-26,41,quantile,0.2,16.13
2026-09-12,wk inc covid hosp,3,2026-10-03,41,quantile,0.2,14.24
2026-09-12,wk inc covid hosp,-1,2026-09-05,41,quantile,0.25,19.58
2026-09-12,wk inc covid hosp,0,2026-09-12,41,quantile,0.25,19.2
2026-09-12,wk inc covid hosp,1,2026-09-19,41,quantile,0.25,18.04
2026-09-12,wk inc covid hosp,2,2026-09-26,41,quantile,0.25,16.61
2026-09-12,wk inc covid hosp,3,2026-10-03,41,quantile,0.25,14.74
2026-09-12,wk inc covid hosp,-1,2026-09-05,41,quantile,0.3,19.79
2026-09-12,wk inc covid hosp,0,2026-09-12,41,quantile,0.3,19.52
2026-09-12,wk inc covid hosp,1,2026-09-19,41,quantile,0.3,18.44
2026-09-12,wk inc covid hosp,2,2026-09-26,41,quantile,0.3,17.05
2026-09-12,wk inc covid hosp,3,2026-10-03,41,quantile,0.3,15.2
2026-09-12,wk inc covid hosp,-1,2026-09-05,41,quantile,0.35,19.99
2026-09-12,wk inc covid hosp,0,2026-09-12,41,quantile,0.35,19.81
2026-09-12,wk inc covid hosp,1,2026-09-19,41,quantile,0.35,18.82
2026-09-12,wk inc covid hosp,2,2026-09-26,41,quantile,0.35,17.47
2026-09-12,wk inc covid hosp,3,2026-10-03,41,quantile,0.35,15.64
2026-09-12,wk inc covid hosp,-1,2026-09-05,41,quantile,0.4,20.18
2026-09-12,wk inc covid hosp,0,2026-09-12,41,quantile,0.4,20.09
2026-09-12,wk inc covid hosp,1,2026-09-19,41,quantile,0.4,19.19
2026-09-12,wk inc covid hosp,2,2026-09-26,41,quantile,0.4,17.88
2026-09-12,wk inc covid hosp,3,2026-10-03,41,quantile,0.4,16.06
2026-09-12,wk inc covid hosp,-1,2026-09-05,41,quantile,0.45,20.36
2026-09-12,wk inc covid hosp,0,2026-09-12,41,quantile,0.45,20.37
2026-09-12,wk inc covid hosp,1,2026-09-19,41,quantile,0.45,19.55
2026-09-12,wk inc covid hosp,2,2026-09-26,41,quantile,0.45,18.28
2026-09-12,wk inc covid hosp,3,2026-10-03,41,quantile,0.45,16.48
2026-09-12,wk inc covid hosp,-1,2026-09-05,41,quantile,0.5,20.55
2026-09-12,wk inc covid hosp,0,2026-09-12,41,quantile,0.5,20.65
2026-09-12,wk inc covid hosp,1,2026-09-19,41,quantile,0.5,19.9
2026-09-12,wk inc covid hosp,2,2026-09-26,41,quantile,0.5,18.68
2026-09-12,wk inc covid hosp,3,2026-10-03,41,quantile,0.5,16.9
2026-09-12,wk inc covid hosp,-1,2026-09-05,41,quantile,0.55,20.73
2026-09-12,wk inc covid hosp,0,2026-09-12,41,quantile,0.55,20.93
2026-09-12,wk inc covid hosp,1,2026-09-19,41,quantile,0.55,20.27
2026-09-12,wk inc covid hosp,2,2026-09-26,41,quantile,0.55,19.09
2026-09-12,wk inc covid hosp,3,2026-10-03,41,quantile,0.55,17.33
2026-09-12,wk inc covid hosp,-1,2026-09-05,41,quantile,0.6,20.92
2026-09-12,wk inc covid hosp,0,2026-09-12,41,quantile,0.6,21.21
2026-09-12,wk inc covid hosp,1,2026-09-19,41,quantile,0.6,20.65
2026-09-12,wk inc covid hosp,2,2026-09-26,41,quantile,0.6,19.51
2026-09-12,wk inc covid hosp,3,2026-10-03,41,quantile,0.6,17.77
2026-09-12,wk inc covid hosp,-1,2026-09-05,41,quantile,0.65,21.12
2026-09-12,wk inc covid hosp,0,2026-09-12,41,quantile,0.65,21.51
2026-09-12,wk inc covid hosp,1,2026-09-19,41,quantile,0.65,21.04
2026-09-12,wk inc covid hosp,2,2026-09-26,41,quantile,0.65,19.95
2026-09-12,wk inc covid hosp,3,2026-10-03,41,quantile,0.65,18.24
2026-09-12,wk inc covid hosp,-1,2026-09-05,41,quantile,0.7,21.33
2026-09-12,wk inc covid hosp,0,2026-09-12,41,quantile,0.7,21.83
2026-09-12,wk inc covid hosp,1,2026-09-19,41,quantile,0.7,21.46
2026-09-12,wk inc covid hosp,2,2026-09-26,41,quantile,0.7,20.43
2026-09-12,wk inc covid hosp,3,2026-10-03,41,quantile,0.7,18.75
2026-09-12,wk inc covid hosp,-1,2026-09-05,41,quantile,0.75,21.55
2026-09-12,wk inc covid hosp,0,2026-09-12,41,quantile,0.75,22.18
2026-09-12,wk inc covid hosp,1,2026-09-19,41,quantile,0.75,21.93
2026-09-12,wk inc covid hosp,2,2026-09-26,41,quantile,0.75,20.96
2026-09-12,wk inc covid hosp,3,2026-10-03,41,quantile,0.75,19.31
2026-09-12,wk inc covid hosp,-1,2026-09-05,41,quantile,0.8,21.81
2026-09-12,wk inc covid hosp,0,2026-09-12,41,quantile,0.8,22.58
2026-09-12,wk inc covid hosp,1,2026-09-19,41,quantile,0.8,22.45
2026-09-12,wk inc covid hosp,2,2026-09-26,41,quantile,0.8,21.56
2026-09-12,wk inc covid hosp,3,2026-10-03,41,quantile,0.8,19.95
2026-09-12,wk inc covid hosp,-1,2026-09-05,41,quantile,0.85,22.11
2026-09-12,wk inc covid hosp,0,2026-09-12,41,quantile,0.85,23.05
2026-09-12,wk inc covid hosp,1,2026-09-19,41,quantile,0.85,23.08
2026-09-12,wk inc covid hosp,2,2026-09-26,41,quantile,0.85,22.27
2026-09-12,wk inc covid hosp,3,2026-10-03,41,quantile,0.85,20.72
2026-09-12,wk inc covid hosp,-1,2026-09-05,41,quantile,0.9,22.49
2026-09-12,wk inc covid hosp,0,2026-09-12,41,quantile,0.9,23.65
2026-09-12,wk inc covid hosp,1,2026-09-19,41,quantile,0.9,23.89
2026-09-12,wk inc covid hosp,2,2026-09-26,41,quantile,0.9,23.2
2026-09-12,wk inc covid hosp,3,2026-10-03,41,quantile,0.9,21.72
2026-09-12,wk inc covid hosp,-1,2026-09-05,41,quantile,0.95,23.07
2026-09-12,wk inc covid hosp,0,2026-09-12,41,quantile,0.95,24.56
2026-09-12,wk inc covid hosp,1,2026-09-19,41,quantile,0.95,25.13
2026-09-12,wk inc covid hosp,2,2026-09-26,41,quantile,0.95,24.64
2026-09-12,wk inc covid hosp,3,2026-10-03,41,quantile,0.95,23.28
2026-09-12,wk inc covid hosp,-1,2026-09-05,41,quantile,0.975,23.59
2026-09-12,wk inc covid hosp,0,2026-09-12,41,quantile,0.975,25.37
2026-09-12,wk inc covid hosp,1,2026-09-19,41,quantile,0.975,26.25
2026-09-12,wk inc covid hosp,2,2026-09-26,41,quantile,0.975,25.94
2026-09-12,wk inc covid hosp,3,2026-10-03,41,quantile,0.975,24.71
2026-09-12,wk inc covid hosp,-1,2026-09-05,41,quantile,0.99,24.19
2026-09-12,wk inc covid hosp,0,2026-09-12,41,quantile,0.99,26.35
2026-09-12,wk inc covid hosp,1,2026-09-19,41,quantile,0.99,27.61
2026-09-12,wk inc covid hosp,2,2026-09-26,41,quantile,0.99,27.53
2026-09-12,wk inc covid hosp,3,2026-10-03,41,quantile,0.99,26.46
2026-09-12,wk inc covid hosp,-1,2026-09-05,42,quantile,0.01,62.98
2026-09-12,wk inc covid hosp,0,2026-09-12,42,quantile,0.01,63.04
2026-09-12,wk inc covid hosp,1,2026-09-19,42,quantile,0.01,59.43
2026-09-12,wk inc covid hosp,2,2026-09-26,42,quantile,0.01,55.06
2026-09-12,wk inc covid hosp,3,2026-10-03,42,quantile,0.01,48.15
2026-09-12,wk inc covid hosp,-1,2026-09-05,42,quantile,0.025,65.95
2026-09-12,wk inc covid hosp,0,2026-09-12,42,quantile,0.025,67.29
2026-09-12,wk inc covid hosp,1,2026-09-19,42,quantile,0.025,64.69
2026-09-12,wk inc covid hosp,2,2026-09-26,42,quantile,0.025,60.89
2026-09-12,wk inc covid hosp,3,2026-10-03,42,quantile,0.025,54.1
2026-09-12,wk inc covid hosp,-1,2026-09-05,42,quantile,0.05,68.6
2026-09-12,wk inc covid hosp,0,2026-09-12,42,quantile,0.05,71.15
2026-09-12,wk inc covid hosp,1,2026-09-19,42,quantile,0.05,69.51
2026-09-12,wk inc covid hosp,2,2026-09-26,42,quantile,0.05,66.32
2026-09-12,wk inc covid hosp,3,2026-10-03,42,quantile,0.05,59.7
2026-09-12,wk inc covid hosp,-1,2026-09-05,42,quantile,0.1,71.77
2026-09-12,wk inc covid hosp,0,2026-09-12,42,quantile,0.1,75.82
2026-09-12,wk inc covid hosp,1,2026-09-19,42,quantile,0.1,75.45
2026-09-12,wk inc covid hosp,2,2026-09-26,42,quantile,0.1,73.07
2026-09-12,wk inc covid hosp,3,2026-10-03,42,quantile,0.1,66.75
2026-09-12,wk inc covid hosp,-1,2026-09-05,42,quantile,0.15,73.97
2026-09-12,wk inc covid hosp,0,2026-09-12,42,quantile,0.15,79.11
2026-09-12,wk inc covid hosp,1,2026-09-19,42,quantile,0.15,79.69
2026-09-12,wk inc covid hosp,2,2026-09-26,42,quantile,0.15,77.94
2026-09-12,wk inc covid hosp,3,2026-10-03,42,quantile,0.15,71.89
2026-09-12,wk inc covid hosp,-1,2026-09-05,42,quantile,0.2,75.76
2026-09-12,wk inc covid hosp,0,2026-09-12,42,quantile,0.2,81.81
2026-09-12,wk inc covid hosp,1,2026-09-19,42,quantile,0.2,83.2
2026-09-12,wk inc covid hosp,2,2026-09-26,42,quantile,0.2,82.0
2026-09-12,wk inc covid hosp,3,2026-10-03,42,quantile,0.2,76.21
2026-09-12,wk inc covid hosp,-1,2026-09-05,42,quantile,0.25,77.33
2026-09-12,wk inc covid hosp,0,2026-09-12,42,quantile,0.25,84.19
2026-09-12,wk inc covid hosp,1,2026-09-19,42,quantile,0.25,86.32
2026-09-12,wk inc covid hosp,2,2026-09-26,42,quantile,0.25,85.63
2026-09-12,wk inc covid hosp,3,2026-10-03,42,quantile,0.25,80.09
2026-09-12,wk inc covid hosp,-1,2026-09-05,42,quantile,0.3,78.75
2026-09-12,wk inc covid hosp,0,2026-09-12,42,quantile,0.3,86.37
2026-09-12,wk inc covid hosp,1,2026-09-19,42,quantile,0.3,89.2
2026-09-12,wk inc covid hosp,2,2026-09-26,42,quantile,0.3,89.0
2026-09-12,wk inc covid hosp,3,2026-10-03,42,quantile,0.3,83.71
2026-09-12,wk inc covid hosp,-1,2026-09-05,42,quantile,0.35,80.1
2026-09-12,wk inc covid hosp,0,2026-09-12,42,quantile,0.35,88.44
2026-09-12,wk inc covid hosp,1,2026-09-19,42,quantile,0.35,91.94
2026-09-12,wk inc covid hosp,2,2026-09-26,42,quantile,0.35,92.22
2026-09-12,wk inc covid hosp,3,2026-10-03,42,quantile,0.35,87.19
2026-09-12,wk inc covid hosp,-1,2026-09-05,42,quantile,0.4,81.39
2026-09-12,wk inc covid hosp,0,2026-09-12,42,quantile,0.4,90.44
2026-09-12,wk inc covid hosp,1,2026-09-19,42,quantile,0.4,94.6
2026-09-12,wk inc covid hosp,2,2026-09-26,42,quantile,0.4,95.37
2026-09-12,wk inc covid hosp,3,2026-10-03,42,quantile,0.4,90.6
2026-09-12,wk inc covid hosp,-1,2026-09-05,42,quantile,0.45,82.66
2026-09-12,wk inc covid hosp,0,2026-09-12,42,quantile,0.45,92.41
2026-09-12,wk inc covid hosp,1,2026-09-19,42,quantile,0.45,97.24
2026-09-12,wk inc covid hosp,2,2026-09-26,42,quantile,0.45,98.5
2026-09-12,wk inc covid hosp,3,2026-10-03,42,quantile,0.45,94.0
2026-09-12,wk inc covid hosp,-1,2026-09-05,42,quantile,0.5,83.92
2026-09-12,wk inc covid hosp,0,2026-09-12,42,quantile,0.5,94.38
2026-09-12,wk inc covid hosp,1,2026-09-19,42,quantile,0.5,99.89
2026-09-12,wk inc covid hosp,2,2026-09-26,42,quantile,0.5,101.66
2026-09-12,wk inc covid hosp,3,2026-10-03,42,quantile,0.5,97.45
2026-09-12,wk inc covid hosp,-1,2026-09-05,42,quantile,0.55,85.2
2026-09-12,wk inc covid hosp,0,2026-09-12,42,quantile,0.55,96.39
2026-09-12,wk inc covid hosp,1,2026-09-19,42,quantile,0.55,102.61
2026-09-12,wk inc covid hosp,2,2026-09-26,42,quantile,0.55,104.9
2026-09-12,wk inc covid hosp,3,2026-10-03,42,quantile,0.55,101.01
2026-09-12,wk inc covid hosp,-1,2026-09-05,42,quantile,0.6,86.51
2026-09-12,wk inc covid hosp,0,2026-09-12,42,quantile,0.6,98.47
2026-09-12,wk inc covid hosp,1,2026-09-19,42,quantile,0.6,105.43
2026-09-12,wk inc covid hosp,2,2026-09-26,42,quantile,0.6,108.29
2026-09-12,wk inc covid hosp,3,2026-10-03,42,quantile,0.6,104.74
2026-09-12,wk inc covid hosp,-1,2026-09-05,42,quantile,0.65,87.89
2026-09-12,wk inc covid hosp,0,2026-09-12,42,quantile,0.65,100.66
2026-09-12,wk inc covid hosp,1,2026-09-19,42,quantile,0.65,108.42
2026-09-12,wk inc covid hosp,2,2026-09-26,42,quantile,0.65,111.89
2026-09-12,wk inc covid hosp,3,2026-10-03,42,quantile,0.65,108.71
2026-09-12,wk inc covid hosp,-1,2026-09-05,42,quantile,0.7,89.36
2026-09-12,wk inc covid hosp,0,2026-09-12,42,quantile,0.7,103.0
2026-09-12,wk inc covid hosp,1,2026-09-19,42,quantile,0.7,111.64
2026-09-12,wk inc covid hosp,2,2026-09-26,42,quantile,0.7,115.78
2026-09-12,wk inc covid hosp,3,2026-10-03,42,quantile,0.7,113.03
2026-09-12,wk inc covid hosp,-1,2026-09-05,42,quantile,0.75,90.98
2026-09-12,wk inc covid hosp,0,2026-09-12,42,quantile,0.75,105.59
2026-09-12,wk inc covid hosp,1,2026-09-19,42,quantile,0.75,115.21
2026-09-12,wk inc covid hosp,2,2026-09-26,42,quantile,0.75,120.11
2026-09-12,wk inc covid hosp,3,2026-10-03,42,quantile,0.75,117.85
2026-09-12,wk inc covid hosp,-1,2026-09-05,42,quantile,0.8,92.8
2026-09-12,wk inc covid hosp,0,2026-09-12,42,quantile,0.8,108.53
2026-09-12,wk inc covid hosp,1,2026-09-19,42,quantile,0.8,119.29
2026-09-12,wk inc covid hosp,2,2026-09-26,42,quantile,0.8,125.09
2026-09-12,wk inc covid hosp,3,2026-10-03,42,quantile,0.8,123.42
2026-09-12,wk inc covid hosp,-1,2026-09-05,42,quantile,0.85,94.96
2026-09-12,wk inc covid hosp,0,2026-09-12,42,quantile,0.85,112.04
2026-09-12,wk inc covid hosp,1,2026-09-19,42,quantile,0.85,124.2
2026-09-12,wk inc covid hosp,2,2026-09-26,42,quantile,0.85,131.11
2026-09-12,wk inc covid hosp,3,2026-10-03,42,quantile,0.85,130.18
2026-09-12,wk inc covid hosp,-1,2026-09-05,42,quantile,0.9,97.74
2026-09-12,wk inc covid hosp,0,2026-09-12,42,quantile,0.9,116.6
2026-09-12,wk inc covid hosp,1,2026-09-19,42,quantile,0.9,130.61
2026-09-12,wk inc covid hosp,2,2026-09-26,42,quantile,0.9,139.03
2026-09-12,wk inc covid hosp,3,2026-10-03,42,quantile,0.9,139.13
2026-09-12,wk inc covid hosp,-1,2026-09-05,42,quantile,0.95,101.99
2026-09-12,wk inc covid hosp,0,2026-09-12,42,quantile,0.95,123.63
2026-09-12,wk inc covid hosp,1,2026-09-19,42,quantile,0.95,140.62
2026-09-12,wk inc covid hosp,2,2026-09-26,42,quantile,0.95,151.48
2026-09-12,wk inc covid hosp,3,2026-10-03,42,quantile,0.95,153.31
2026-09-12,wk inc covid hosp,-1,2026-09-05,42,quantile,0.975,105.8
2026-09-12,wk inc covid hosp,0,2026-09-12,42,quantile,0.975,130.01
2026-09-12,wk inc covid hosp,1,2026-09-19,42,quantile,0.975,149.81
2026-09-12,wk inc covid hosp,2,2026-09-26,42,quantile,0.975,163.02
2026-09-12,wk inc covid hosp,3,2026-10-03,42,quantile,0.975,166.57
2026-09-12,wk inc covid hosp,-1,2026-09-05,42,quantile,0.99,110.37
2026-09-12,wk inc covid hosp,0,2026-09-12,42,quantile,0.99,137.77
2026-09-12,wk inc covid hosp,1,2026-09-19,42,quantile,0.99,161.11
2026-09-12,wk inc covid hosp,2,2026-09-26,42,quantile,0.99,177.34
2026-09-12,wk inc covid hosp,3,2026-10-03,42,quantile,0.99,183.16
2026-09-12,wk inc covid hosp,-1,2026-09-05,44,quantile,0.01,2.17
2026-09-12,wk inc covid hosp,0,2026-09-12,44,quantile,0.01,2.12
2026-09-12,wk inc covid hosp,1,2026-09-19,44,quantile,0.01,1.85
2026-09-12,wk inc covid hosp,2,2026-09-26,44,quantile,0.01,1.62
2026-09-12,wk inc covid hosp,3,2026-10-03,44,quantile,0.01,1.31
2026-09-12,wk inc covid hosp,-1,2026-09-05,44,quantile,0.025,2.29
2026-09-12,wk inc covid hosp,0,2026-09-12,44,quantile,0.025,2.29
2026-09-12,wk inc covid hosp,1,2026-09-19,44,quantile,0.025,2.06
2026-09-12,wk inc covid hosp,2,2026-09-26,44,quantile,0.025,1.84
2026-09-12,wk inc covid hosp,3,2026-10-03,44,quantile,0.025,1.52
2026-09-12,wk inc covid hosp,-1,2026-09-05,44,quantile,0.05,2.41
2026-09-12,wk inc covid hosp,0,2026-09-12,44,quantile,0.05,2.46
2026-09-12,wk inc covid hosp,1,2026-09-19,44,quantile,0.05,2.26
2026-09-12,wk inc covid hosp,2,2026-09-26,44,quantile,0.05,2.05
2026-09-12,wk inc covid hosp,3,2026-10-03,44,quantile,0.05,1.73
2026-09-12,wk inc covid hosp,-1,2026-09-05,44,quantile,0.1,2.54
2026-09-12,wk inc covid hosp,0,2026-09-12,44,quantile,0.1,2.66
2026-09-12,wk inc covid hosp,1,2026-09-19,44,quantile,0.1,2.51
2026-09-12,wk inc covid hosp,2,2026-09-26,44,quantile,0.1,2.32
2026-09-12,wk inc covid hosp,3,2026-10-03,44,quantile,0.1,2.0
2026-09-12,wk inc covid hosp,-1,2026-09-05,44,quantile,0.15,2.64
2026-09-12,wk inc covid hosp,0,2026-09-12,44,quantile,0.15,2.8
2026-09-12,wk inc covid hosp,1,2026-09-19,44,quantile,0.15,2.69
2026-09-12,wk inc covid hosp,2,2026-09-26,44,quantile,0.15,2.51
2026-09-12,wk inc covid hosp,3,2026-10-03,44,quantile,0.15,2.21
2026-09-12,wk inc covid hosp,-1,2026-09-05,44,quantile,0.2,2.72
2026-09-12,wk inc covid hosp,0,2026-09-12,44,quantile,0.2,2.91
2026-09-12,wk inc covid hosp,1,2026-09-19,44,quantile,0.2,2.84
2026-09-12,wk inc covid hosp,2,2026-09-26,44,quantile,0.2,2.68
2026-09-12,wk inc covid hosp,3,2026-10-03,44,quantile,0.2,2.38
2026-09-12,wk inc covid hosp,-1,2026-09-05,44,quantile,0.25,2.79
2026-09-12,wk inc covid hosp,0,2026-09-12,44,quantile,0.25,3.02
2026-09-12,wk inc covid hosp,1,2026-09-19,44,quantile,0.25,2.98
2026-09-12,wk inc covid hosp,2,2026-09-26,44,quantile,0.25,2.83
2026-09-12,wk inc covid hosp,3,2026-10-03,44,quantile,0.25,2.54
2026-09-12,wk inc covid hosp,-1,2026-09-05,44,quantile,0.3,2.85
2026-09-12,wk inc covid hosp,0,2026-09-12,44,quantile,0.3,3.11
2026-09-12,wk inc covid hosp,1,2026-09-19,44,quantile,0.3,3.11
2026-09-12,wk inc covid hosp,2,2026-09-26,44,quantile,0.3,2.97
2026-09-12,wk inc covid hosp,3,2026-10-03,44,quantile,0.3,2.68
2026-09-12,wk inc covid hosp,-1,2026-09-05,44,quantile,0.35,2.91
2026-09-12,wk inc covid hosp,0,2026-09-12,44,quantile,0.35,3.21
2026-09-12,wk inc covid hosp,1,2026-09-19,44,quantile,0.35,3.23
2026-09-12,wk inc covid hosp,2,2026-09-26,44,quantile,0.35,3.11
2026-09-12,wk inc covid hosp,3,2026-10-03,44,quantile,0.35,2.83
2026-09-12,wk inc covid hosp,-1,2026-09-05,44,quantile,0.4,2.96
2026-09-12,wk inc covid hosp,0,2026-09-12,44,quantile,0.4,3.29
2026-09-12,wk inc covid hosp,1,2026-09-19,44,quantile,0.4,3.34
2026-09-12,wk inc covid hosp,2,2026-09-26,44,quantile,0.4,3.24
2026-09-12,wk inc covid hosp,3,2026-10-03,44,quantile,0.4,2.97
2026-09-12,wk inc covid hosp,-1,2026-09-05,44,quantile,0.45,3.02
2026-09-12,wk inc covid hosp,0,2026-09-12,44,quantile,0.45,3.38
2026-09-12,wk inc covid hosp,1,2026-09-19,44,quantile,0.45,3.46
2026-09-12,wk inc covid hosp,2,2026-09-26,44,quantile,0.45,3.37
2026-09-12,wk inc covid hosp,3,2026-10-03,44,quantile,0.45,3.11
2026-09-12,wk inc covid hosp,-1,2026-09-05,44,quantile,0.5,3.08
2026-09-12,wk inc covid hosp,0,2026-09-12,44,quantile,0.5,3.47
2026-09-12,wk inc covid hosp,1,2026-09-19,44,quantile,0.5,3.58
2026-09-12,wk inc covid hosp,2,2026-09-26,44,quantile,0.5,3.51
2026-09-12,wk inc covid hosp,3,2026-10-03,44,quantile,0.5,3.26
2026-09-12,wk inc covid hosp,-1,2026-09-05,44,quantile,0.55,3.13
2026-09-12,wk inc covid hosp,0,2026-09-12,44,quantile,0.55,3.56
2026-09-12,wk inc covid hosp,1,2026-09-19,44,quantile,0.55,3.71
2026-09-12,wk inc covid hosp,2,2026-09-26,44,quantile,0.55,3.65
2026-09-12,wk inc covid hosp,3,2026-10-03,44,quantile,0.55,3.41
2026-09-12,wk inc covid hosp,-1,2026-09-05,44,quantile,0.6,3.19
2026-09-12,wk inc covid hosp,0,2026-09-12,44,quantile,0.6,3.65
2026-09-12,wk inc covid hosp,1,2026-09-19,44,quantile,0.6,3.83
2026-09-12,wk inc covid hosp,2,2026-09-26,44,quantile,0.6,3.8
2026-09-12,wk inc covid hosp,3,2026-10-03,44,quantile,0.6,3.57
2026-09-12,wk inc covid hosp,-1,2026-09-05,44,quantile,0.65,3.26
2026-09-12,wk inc covid hosp,0,2026-09-12,44,quantile,0.65,3.75
2026-09-12,wk inc covid hosp,1,2026-09-19,44,quantile,0.65,3.97
2026-09-12,wk inc covid hosp,2,2026-09-26,44,quantile,0.65,3.96
2026-09-12,wk inc covid hosp,3,2026-10-03,44,quantile,0.65,3.75
2026-09-12,wk inc covid hosp,-1,2026-09-05,44,quantile,0.7,3.32
2026-09-12,wk inc covid hosp,0,2026-09-12,44,quantile,0.7,3.86
2026-09-12,wk inc covid hosp,1,2026-09-19,44,quantile,0.7,4.12
2026-09-12,wk inc covid hosp,2,2026-09-26,44,quantile,0.7,4.13
2026-09-12,wk inc covid hosp,3,2026-10-03,44,quantile,0.7,3.94
2026-09-12,wk inc covid hosp,-1,2026-09-05,44,quantile,0.75,3.4
2026-09-12,wk inc covid hosp,0,2026-09-12,44,quantile,0.75,3.97
2026-09-12,wk inc covid hosp,1,2026-09-19,44,quantile,0.75,4.28
2026-09-12,wk inc covid hosp,2,2026-09-26,44,quantile,0.75,4.32
2026-09-12,wk inc covid hosp,3,2026-10-03,44,quantile,0.75,4.15
2026-09-12,wk inc covid hosp,-1,2026-09-05,44,quantile,0.8,3.48
2026-09-12,wk inc covid hosp,0,2026-09-12,44,quantile,0.8,4.11
2026-09-12,wk inc covid hosp,1,2026-09-19,44,quantile,0.8,4.47
2026-09-12,wk inc covid hosp,2,2026-09-26,44,quantile,0.8,4.54
2026-09-12,wk inc covid hosp,3,2026-10-03,44,quantile,0.8,4.4
2026-09-12,wk inc covid hosp,-1,2026-09-05,44,quantile,0.85,3.58
2026-09-12,wk inc covid hosp,0,2026-09-12,44,quantile,0.85,4.27
2026-09-12,wk inc covid hosp,1,2026-09-19,44,quantile,0.85,4.7
2026-09-12,wk inc covid hosp,2,2026-09-26,44,quantile,0.85,4.82
2026-09-12,wk inc covid hosp,3,2026-10-03,44,quantile,0.85,4.71
2026-09-12,wk inc covid hosp,-1,2026-09-05,44,quantile,0.9,3.7
2026-09-12,wk inc covid hosp,0,2026-09-12,44,quantile,0.9,4.48
2026-09-12,wk inc covid hosp,1,2026-09-19,44,quantile,0.9,5.01
2026-09-12,wk inc covid hosp,2,2026-09-26,44,quantile,0.9,5.18
2026-09-12,wk inc covid hosp,3,2026-10-03,44,quantile,0.9,5.12
2026-09-12,wk inc covid hosp,-1,2026-09-05,44,quantile,0.95,3.9
2026-09-12,wk inc covid hosp,0,2026-09-12,44,quantile,0.95,4.81
2026-09-12,wk inc covid hosp,1,2026-09-19,44,quantile,0.95,5.49
2026-09-12,wk inc covid hosp,2,2026-09-26,44,quantile,0.95,5.75
2026-09-12,wk inc covid hosp,3,2026-10-03,44,quantile,0.95,5.78
2026-09-12,wk inc covid hosp,-1,2026-09-05,44,quantile,0.975,4.08
2026-09-12,wk inc covid hosp,0,2026-09-12,44,quantile,0.975,5.11
2026-09-12,wk inc covid hosp,1,2026-09-19,44,quantile,0.975,5.94
2026-09-12,wk inc covid hosp,2,2026-09-26,44,quantile,0.975,6.3
2026-09-12,wk inc covid hosp,3,2026-10-03,44,quantile,0.975,6.41
2026-09-12,wk inc covid hosp,-1,2026-09-05,44,quantile,0.99,4.29
2026-09-12,wk inc covid hosp,0,2026-09-12,44,quantile,0.99,5.48
2026-09-12,wk inc covid hosp,1,2026-09-19,44,quantile,0.99,6.5
2026-09-12,wk inc covid hosp,2,2026-09-26,44,quantile,0.99,6.98
2026-09-12,wk inc covid hosp,3,2026-10-03,44,quantile,0.99,7.21
2026-09-12,wk inc covid hosp,-1,2026-09-05,45,quantile,0.01,62.22
2026-09-12,wk inc covid hosp,0,2026-09-12,45,quantile,0.01,61.21
2026-09-12,wk inc covid hosp,1,2026-09-19,45,quantile,0.01,56.77
2026-09-12,wk inc covid hosp,2,2026-09-26,45,quantile,0.01,51.9
2026-09-12,wk inc covid hosp,3,2026-10-03,45,quantile,0.01,45.16
2026-09-12,wk inc covid hosp,-1,2026-09-05,45,quantile,0.025,63.73
2026-09-12,wk inc covid hosp,0,2026-09-12,45,quantile,0.025,63.4
2026-09-12,wk inc covid hosp,1,2026-09-19,45,quantile,0.025,59.5
2026-09-12,wk inc covid hosp,2,2026-09-26,45,quantile,0.025,54.88
2026-09-12,wk inc covid hosp,3,2026-10-03,45,quantile,0.025,48.22
2026-09-12,wk inc covid hosp,-1,2026-09-05,45,quantile,0.05,65.06
2026-09-12,wk inc covid hosp,0,2026-09-12,45,quantile,0.05,65.34
2026-09-12,wk inc covid hosp,1,2026-09-19,45,quantile,0.05,61.92
2026-09-12,wk inc covid hosp,2,2026-09-26,45,quantile,0.05,57.55
2026-09-12,wk inc covid hosp,3,2026-10-03,45,quantile,0.05,50.98
2026-09-12,wk inc covid hosp,-1,2026-09-05,45,quantile,0.1,66.62
2026-09-12,wk inc covid hosp,0,2026-09-12,45,quantile,0.1,67.63
2026-09-12,wk inc covid hosp,1,2026-09-19,45,quantile,0.1,64.82
2026-09-12,wk inc covid hosp,2,2026-09-26,45,quantile,0.1,60.77
2026-09-12,wk inc covid hosp,3,2026-10-03,45,quantile,0.1,54.33
2026-09-12,wk inc covid hosp,-1,2026-09-05,45,quantile,0.15,67.69
2026-09-12,wk inc covid hosp,0,2026-09-12,45,quantile,0.15,69.22
2026-09-12,wk inc covid hosp,1,2026-09-19,45,quantile,0.15,66.84
2026-09-12,wk inc covid hosp,2,2026-09-26,45,quantile,0.15,63.03
2026-09-12,wk inc covid hosp,3,2026-10-03,45,quantile,0.15,56.7
2026-09-12,wk inc covid hosp,-1,2026-09-05,45,quantile,0.2,68.55
2026-09-12,wk inc covid hosp,0,2026-09-12,45,quantile,0.2,70.51
2026-09-12,wk inc covid hosp,1,2026-09-19,45,quantile,0.2,68.48
2026-09-12,wk inc covid hosp,2,2026-09-26,45,quantile,0.2,64.87
2026-09-12,wk inc covid hosp,3,2026-10-03,45,quantile,0.2,58.64
2026-09-12,wk inc covid hosp,-1,2026-09-05,45,quantile,0.25,69.3
2026-09-12,wk inc covid hosp,0,2026-09-12,45,quantile,0.25,71.62
2026-09-12,wk inc covid hosp,1,2026-09-19,45,quantile,0.25,69.92
2026-09-12,wk inc covid hosp,2,2026-09-26,45,quantile,0.25,66.49
2026-09-12,wk inc covid hosp,3,2026-10-03,45,quantile,0.25,60.34
2026-09-12,wk inc covid hosp,-1,2026-09-05,45,quantile,0.3,69.97
2026-09-12,wk inc covid hosp,0,2026-09-12,45,quantile,0.3,72.64
2026-09-12,wk inc covid hosp,1,2026-09-19,45,quantile,0.3,71.23
2026-09-12,wk inc covid hosp,2,2026-09-26,45,quantile,0.3,67.97
2026-09-12,wk inc covid hosp,3,2026-10-03,45,quantile,0.3,61.91
2026-09-12,wk inc covid hosp,-1,2026-09-05,45,quantile,0.35,70.61
2026-09-12,wk inc covid hosp,0,2026-09-12,45,quantile,0.35,73.59
2026-09-12,wk inc covid hosp,1,2026-09-19,45,quantile,0.35,72.46
2026-09-12,wk inc covid hosp,2,2026-09-26,45,quantile,0.35,69.37
2026-09-12,wk inc covid hosp,3,2026-10-03,45,quantile,0.35,63.39
2026-09-12,wk inc covid hosp,-1,2026-09-05,45,quantile,0.4,71.21
2026-09-12,wk inc covid hosp,0,2026-09-12,45,quantile,0.4,74.5
2026-09-12,wk inc covid hosp,1,2026-09-19,45,quantile,0.4,73.65
2026-09-12,wk inc covid hosp,2,2026-09-26,45,quantile,0.4,70.71
2026-09-12,wk inc covid hosp,3,2026-10-03,45,quantile,0.4,64.83
2026-09-12,wk inc covid hosp,-1,2026-09-05,45,quantile,0.45,71.8
2026-09-12,wk inc covid hosp,0,2026-09-12,45,quantile,0.45,75.39
2026-09-12,wk inc covid hosp,1,2026-09-19,45,quantile,0.45,74.81
2026-09-12,wk inc covid hosp,2,2026-09-26,45,quantile,0.45,72.04
2026-09-12,wk inc covid hosp,3,2026-10-03,45,quantile,0.45,66.24
2026-09-12,wk inc covid hosp,-1,2026-09-05,45,quantile,0.5,72.38
2026-09-12,wk inc covid hosp,0,2026-09-12,45,quantile,0.5,76.28
2026-09-12,wk inc covid hosp,1,2026-09-19,45,quantile,0.5,75.97
2026-09-12,wk inc covid hosp,2,2026-09-26,45,quantile,0.5,73.36
2026-09-12,wk inc covid hosp,3,2026-10-03,45,quantile,0.5,67.66
2026-09-12,wk inc covid hosp,-1,2026-09-05,45,quantile,0.55,72.96
2026-09-12,wk inc covid hosp,0,2026-09-12,45,quantile,0.55,77.18
2026-09-12,wk inc covid hosp,1,2026-09-19,45,quantile,0.55,77.15
2026-09-12,wk inc covid hosp,2,2026-09-26,45,quantile,0.55,74.7
2026-09-12,wk inc covid hosp,3,2026-10-03,45,quantile,0.55,69.1
2026-09-12,wk inc covid hosp,-1,2026-09-05,45,quantile,0.6,73.56
2026-09-12,wk inc covid hosp,0,2026-09-12,45,quantile,0.6,78.09
2026-09-12,wk inc covid hosp,1,2026-09-19,45,quantile,0.6,78.35
2026-09-12,wk inc covid hosp,2,2026-09-26,45,quantile,0.6,76.09
2026-09-12,wk inc covid hosp,3,2026-10-03,45,quantile,0.6,70.59
2026-09-12,wk inc covid hosp,-1,2026-09-05,45,quantile,0.65,74.19
2026-09-12,wk inc covid hosp,0,2026-09-12,45,quantile,0.65,79.05
2026-09-12,wk inc covid hosp,1,2026-09-19,45,quantile,0.65,79.62
2026-09-12,wk inc covid hosp,2,2026-09-26,45,quantile,0.65,77.54
2026-09-12,wk inc covid hosp,3,2026-10-03,45,quantile,0.65,72.16
2026-09-12,wk inc covid hosp,-1,2026-09-05,45,quantile,0.7,74.85
2026-09-12,wk inc covid hosp,0,2026-09-12,45,quantile,0.7,80.08
2026-09-12,wk inc covid hosp,1,2026-09-19,45,quantile,0.7,80.97
2026-09-12,wk inc covid hosp,2,2026-09-26,45,quantile,0.7,79.1
2026-09-12,wk inc covid hosp,3,2026-10-03,45,quantile,0.7,73.85
2026-09-12,wk inc covid hosp,-1,2026-09-05,45,quantile,0.75,75.57
2026-09-12,wk inc covid hosp,0,2026-09-12,45,quantile,0.75,81.19
2026-09-12,wk inc covid hosp,1,2026-09-19,45,quantile,0.75,82.45
2026-09-12,wk inc covid hosp,2,2026-09-26,45,quantile,0.75,80.81
2026-09-12,wk inc covid hosp,3,2026-10-03,45,quantile,0.75,75.7
2026-09-12,wk inc covid hosp,-1,2026-09-05,45,quantile,0.8,76.38
2026-09-12,wk inc covid hosp,0,2026-09-12,45,quantile,0.8,82.45
2026-09-12,wk inc covid hosp,1,2026-09-19,45,quantile,0.8,84.13
2026-09-12,wk inc covid hosp,2,2026-09-26,45,quantile,0.8,82.75
2026-09-12,wk inc covid hosp,3,2026-10-03,45,quantile,0.8,77.82
2026-09-12,wk inc covid hosp,-1,2026-09-05,45,quantile,0.85,77.33
2026-09-12,wk inc covid hosp,0,2026-09-12,45,quantile,0.85,83.93
2026-09-12,wk inc covid hosp,1,2026-09-19,45,quantile,0.85,86.12
2026-09-12,wk inc covid hosp,2,2026-09-26,45,quantile,0.85,85.06
2026-09-12,wk inc covid hosp,3,2026-10-03,45,quantile,0.85,80.34
2026-09-12,wk inc covid hosp,-1,2026-09-05,45,quantile,0.9,78.54
2026-09-12,wk inc covid hosp,0,2026-09-12,45,quantile,0.9,85.83
2026-09-12,wk inc covid hosp,1,2026-09-19,45,quantile,0.9,88.68
2026-09-12,wk inc covid hosp,2,2026-09-26,45,quantile,0.9,88.05
2026-09-12,wk inc covid hosp,3,2026-10-03,45,quantile,0.9,83.61
2026-09-12,wk inc covid hosp,-1,2026-09-05,45,quantile,0.95,80.37
2026-09-12,wk inc covid hosp,0,2026-09-12,45,quantile,0.95,88.71
2026-09-12,wk inc covid hosp,1,2026-09-19,45,quantile,0.95,92.58
2026-09-12,wk inc covid hosp,2,2026-09-26,45,quantile,0.95,92.63
2026-09-12,wk inc covid hosp,3,2026-10-03,45,quantile,0.95,88.66
2026-09-12,wk inc covid hosp,-1,2026-09-05,45,quantile,0.975,81.98
2026-09-12,wk inc covid hosp,0,2026-09-12,45,quantile,0.975,91.27
2026-09-12,wk inc covid hosp,1,2026-09-19,45,quantile,0.975,96.09
2026-09-12,wk inc covid hosp,2,2026-09-26,45,quantile,0.975,96.76
2026-09-12,wk inc covid hosp,3,2026-10-03,45,quantile,0.975,93.24
2026-09-12,wk inc covid hosp,-1,2026-09-05,45,quantile,0.99,83.88
2026-09-12,wk inc covid hosp,0,2026-09-12,45,quantile,0.99,94.33
2026-09-12,wk inc covid hosp,1,2026-09-19,45,quantile,0.99,100.3
2026-09-12,wk inc covid hosp,2,2026-09-26,45,quantile,0.99,101.76
2026-09-12,wk inc covid hosp,3,2026-10-03,45,quantile,0.99,98.82
2026-09-12,wk inc covid hosp,-1,2026-09-05,46,quantile,0.01,3.75
2026-09-12,wk inc covid hosp,0,2026-09-12,46,quantile,0.01,3.69
2026-09-12,wk inc covid hosp,1,2026-09-19,46,quantile,0.01,3.61
2026-09-12,wk inc covid hosp,2,2026-09-26,46,quantile,0.01,3.18
2026-09-12,wk inc covid hosp,3,2026-10-03,46,quantile,0.01,2.75
2026-09-12,wk inc covid hosp,-1,2026-09-05,46,quantile,0.025,3.88
2026-09-12,wk inc covid hosp,0,2026-09-12,46,quantile,0.025,3.87
2026-09-12,wk inc covid hosp,1,2026-09-19,46,quantile,0.025,3.84
2026-09-12,wk inc covid hosp,2,2026-09-26,46,quantile,0.025,3.43
2026-09-12,wk inc covid hosp,3,2026-10-03,46,quantile,0.025,3.0
2026-09-12,wk inc covid hosp,-1,2026-09-05,46,quantile,0.05,3.99
2026-09-12,wk inc covid hosp,0,2026-09-12,46,quantile,0.05,4.04
2026-09-12,wk inc covid hosp,1,2026-09-19,46,quantile,0.05,4.05
2026-09-12,wk inc covid hosp,2,2026-09-26,46,quantile,0.05,3.67
2026-09-12,wk inc covid hosp,3,2026-10-03,46,quantile,0.05,3.23
2026-09-12,wk inc covid hosp,-1,2026-09-05,46,quantile,0.1,4.12
2026-09-12,wk inc covid hosp,0,2026-09-12,46,quantile,0.1,4.23
2026-09-12,wk inc covid hosp,1,2026-09-19,46,quantile,0.1,4.31
2026-09-12,wk inc covid hosp,2,2026-09-26,46,quantile,0.1,3.95
2026-09-12,wk inc covid hosp,3,2026-10-03,46,quantile,0.1,3.51
2026-09-12,wk inc covid hosp,-1,2026-09-05,46,quantile,0.15,4.21
2026-09-12,wk inc covid hosp,0,2026-09-12,46,quantile,0.15,4.37
2026-09-12,wk inc covid hosp,1,2026-09-19,46,quantile,0.15,4.49
2026-09-12,wk inc covid hosp,2,2026-09-26,46,quantile,0.15,4.16
2026-09-12,wk inc covid hosp,3,2026-10-03,46,quantile,0.15,3.71
2026-09-12,wk inc covid hosp,-1,2026-09-05,46,quantile,0.2,4.28
2026-09-12,wk inc covid hosp,0,2026-09-12,46,quantile,0.2,4.48
2026-09-12,wk inc covid hosp,1,2026-09-19,46,quantile,0.2,4.64
2026-09-12,wk inc covid hosp,2,2026-09-26,46,quantile,0.2,4.33
2026-09-12,wk inc covid hosp,3,2026-10-03,46,quantile,0.2,3.88
2026-09-12,wk inc covid hosp,-1,2026-09-05,46,quantile,0.25,4.35
2026-09-12,wk inc covid hosp,0,2026-09-12,46,quantile,0.25,4.58
2026-09-12,wk inc covid hosp,1,2026-09-19,46,quantile,0.25,4.77
2026-09-12,wk inc covid hosp,2,2026-09-26,46,quantile,0.25,4.47
2026-09-12,wk inc covid hosp,3,2026-10-03,46,quantile,0.25,4.02
2026-09-12,wk inc covid hosp,-1,2026-09-05,46,quantile,0.3,4.4
2026-09-12,wk inc covid hosp,0,2026-09-12,46,quantile,0.3,4.67
2026-09-12,wk inc covid hosp,1,2026-09-19,46,quantile,0.3,4.89
2026-09-12,wk inc covid hosp,2,2026-09-26,46,quantile,0.3,4.61
2026-09-12,wk inc covid hosp,3,2026-10-03,46,quantile,0.3,4.16
2026-09-12,wk inc covid hosp,-1,2026-09-05,46,quantile,0.35,4.46
2026-09-12,wk inc covid hosp,0,2026-09-12,46,quantile,0.35,4.75
2026-09-12,wk inc covid hosp,1,2026-09-19,46,quantile,0.35,5.0
2026-09-12,wk inc covid hosp,2,2026-09-26,46,quantile,0.35,4.74
2026-09-12,wk inc covid hosp,3,2026-10-03,46,quantile,0.35,4.29
2026-09-12,wk inc covid hosp,-1,2026-09-05,46,quantile,0.4,4.51
2026-09-12,wk inc covid hosp,0,2026-09-12,46,quantile,0.4,4.83
2026-09-12,wk inc covid hosp,1,2026-09-19,46,quantile,0.4,5.11
2026-09-12,wk inc covid hosp,2,2026-09-26,46,quantile,0.4,4.87
2026-09-12,wk inc covid hosp,3,2026-10-03,46,quantile,0.4,4.42
2026-09-12,wk inc covid hosp,-1,2026-09-05,46,quantile,0.45,4.56
2026-09-12,wk inc covid hosp,0,2026-09-12,46,quantile,0.45,4.91
2026-09-12,wk inc covid hosp,1,2026-09-19,46,quantile,0.45,5.22
2026-09-12,wk inc covid hosp,2,2026-09-26,46,quantile,0.45,4.99
2026-09-12,wk inc covid hosp,3,2026-10-03,46,quantile,0.45,4.54
2026-09-12,wk inc covid hosp,-1,2026-09-05,46,quantile,0.5,4.61
2026-09-12,wk inc covid hosp,0,2026-09-12,46,quantile,0.5,4.99
2026-09-12,wk inc covid hosp,1,2026-09-19,46,quantile,0.5,5.33
2026-09-12,wk inc covid hosp,2,2026-09-26,46,quantile,0.5,5.12
2026-09-12,wk inc covid hosp,3,2026-10-03,46,quantile,0.5,4.67
2026-09-12,wk inc covid hosp,-1,2026-09-05,46,quantile,0.55,4.66
2026-09-12,wk inc covid hosp,0,2026-09-12,46,quantile,0.55,5.07
2026-09-12,wk inc covid hosp,1,2026-09-19,46,quantile,0.55,5.44
2026-09-12,wk inc covid hosp,2,2026-09-26,46,quantile,0.55,5.25
2026-09-12,wk inc covid hosp,3,2026-10-03,46,quantile,0.55,4.8
2026-09-12,wk inc covid hosp,-1,2026-09-05,46,quantile,0.6,4.71
2026-09-12,wk inc covid hosp,0,2026-09-12,46,quantile,0.6,5.15
2026-09-12,wk inc covid hosp,1,2026-09-19,46,quantile,0.6,5.55
2026-09-12,wk inc covid hosp,2,2026-09-26,46,quantile,0.6,5.38
2026-09-12,wk inc covid hosp,3,2026-10-03,46,quantile,0.6,4.93
2026-09-12,wk inc covid hosp,-1,2026-09-05,46,quantile,0.65,4.77
2026-09-12,wk inc covid hosp,0,2026-09-12,46,quantile,0.65,5.24
2026-09-12,wk inc covid hosp,1,2026-09-19,46,quantile,0.65,5.67
2026-09-12,wk inc covid hosp,2,2026-09-26,46,quantile,0.65,5.52
2026-09-12,wk inc covid hosp,3,2026-10-03,46,quantile,0.65,5.07
2026-09-12,wk inc covid hosp,-1,2026-09-05,46,quantile,0.7,4.82
2026-09-12,wk inc covid hosp,0,2026-09-12,46,quantile,0.7,5.33
2026-09-12,wk inc covid hosp,1,2026-09-19,46,quantile,0.7,5.8
2026-09-12,wk inc covid hosp,2,2026-09-26,46,quantile,0.7,5.67
2026-09-12,wk inc covid hosp,3,2026-10-03,46,quantile,0.7,5.23
2026-09-12,wk inc covid hosp,-1,2026-09-05,46,quantile,0.75,4.89
2026-09-12,wk inc covid hosp,0,2026-09-12,46,quantile,0.75,5.43
2026-09-12,wk inc covid hosp,1,2026-09-19,46,quantile,0.75,5.94
2026-09-12,wk inc covid hosp,2,2026-09-26,46,quantile,0.75,5.84
2026-09-12,wk inc covid hosp,3,2026-10-03,46,quantile,0.75,5.4
2026-09-12,wk inc covid hosp,-1,2026-09-05,46,quantile,0.8,4.96
2026-09-12,wk inc covid hosp,0,2026-09-12,46,quantile,0.8,5.55
2026-09-12,wk inc covid hosp,1,2026-09-19,46,quantile,0.8,6.1
2026-09-12,wk inc covid hosp,2,2026-09-26,46,quantile,0.8,6.03
2026-09-12,wk inc covid hosp,3,2026-10-03,46,quantile,0.8,5.59
2026-09-12,wk inc covid hosp,-1,2026-09-05,46,quantile,0.85,5.04
2026-09-12,wk inc covid hosp,0,2026-09-12,46,quantile,0.85,5.68
2026-09-12,wk inc covid hosp,1,2026-09-19,46,quantile,0.85,6.29
2026-09-12,wk inc covid hosp,2,2026-09-26,46,quantile,0.85,6.26
2026-09-12,wk inc covid hosp,3,2026-10-03,46,quantile,0.85,5.83
2026-09-12,wk inc covid hosp,-1,2026-09-05,46,quantile,0.9,5.15
2026-09-12,wk inc covid hosp,0,2026-09-12,46,quantile,0.9,5.86
2026-09-12,wk inc covid hosp,1,2026-09-19,46,quantile,0.9,6.54
2026-09-12,wk inc covid hosp,2,2026-09-26,46,quantile,0.9,6.55
2026-09-12,wk inc covid hosp,3,2026-10-03,46,quantile,0.9,6.13
2026-09-12,wk inc covid hosp,-1,2026-09-05,46,quantile,0.95,5.31
2026-09-12,wk inc covid hosp,0,2026-09-12,46,quantile,0.95,6.12
2026-09-12,wk inc covid hosp,1,2026-09-19,46,quantile,0.95,6.92
2026-09-12,wk inc covid hosp,2,2026-09-26,46,quantile,0.95,7.02
2026-09-12,wk inc covid hosp,3,2026-10-03,46,quantile,0.95,6.61
2026-09-12,wk inc covid hosp,-1,2026-09-05,46,quantile,0.975,5.45
2026-09-12,wk inc covid hosp,0,2026-09-12,46,quantile,0.975,6.36
2026-09-12,wk inc covid hosp,1,2026-09-19,46,quantile,0.975,7.27
2026-09-12,wk inc covid hosp,2,2026-09-26,46,quantile,0.975,7.44
2026-09-12,wk inc covid hosp,3,2026-10-03,46,quantile,0.975,7.05
2026-09-12,wk inc covid hosp,-1,2026-09-05,46,quantile,0.99,5.62
2026-09-12,wk inc covid hosp,0,2026-09-12,46,quantile,0.99,6.65
2026-09-12,wk inc covid hosp,1,2026-09-19,46,quantile,0.99,7.69
2026-09-12,wk inc covid hosp,2,2026-09-26,46,quantile,0.99,7.96
2026-09-12,wk inc covid hosp,3,2026-10-03,46,quantile,0.99,7.59
2026-09-12,wk inc covid hosp,-1,2026-09-05,47,quantile,0.01,79.14
2026-09-12,wk inc covid hosp,0,2026-09-12,47,quantile,0.01,77.24
2026-09-12,wk inc covid hosp,1,2026-09-19,47,quantile,0.01,71.51
2026-09-12,wk inc covid hosp,2,2026-09-26,47,quantile,0.01,63.5
2026-09-12,wk inc covid hosp,3,2026-10-03,47,quantile,0.01,54.89
2026-09-12,wk inc covid hosp,-1,2026-09-05,47,quantile,0.025,81.44
2026-09-12,wk inc covid hosp,0,2026-09-12,47,quantile,0.025,80.49
2026-09-12,wk inc covid hosp,1,2026-09-19,47,quantile,0.025,75.51
2026-09-12,wk inc covid hosp,2,2026-09-26,47,quantile,0.025,67.82
2026-09-12,wk inc covid hosp,3,2026-10-03,47,quantile,0.025,59.32
2026-09-12,wk inc covid hosp,-1,2026-09-05,47,quantile,0.05,83.46
2026-09-12,wk inc covid hosp,0,2026-09-12,47,quantile,0.05,83.37
2026-09-12,wk inc covid hosp,1,2026-09-19,47,quantile,0.05,79.1
2026-09-12,wk inc covid hosp,2,2026-09-26,47,quantile,0.05,71.73
2026-09-12,wk inc covid hosp,3,2026-10-03,47,quantile,0.05,63.36
2026-09-12,wk inc covid hosp,-1,2026-09-05,47,quantile,0.1,85.85
2026-09-12,wk inc covid hosp,0,2026-09-12,47,quantile,0.1,86.81
2026-09-12,wk inc covid hosp,1,2026-09-19,47,quantile,0.1,83.42
2026-09-12,wk inc covid hosp,2,2026-09-26,47,quantile,0.1,76.47
2026-09-12,wk inc covid hosp,3,2026-10-03,47,quantile,0.1,68.3
2026-09-12,wk inc covid hosp,-1,2026-09-05,47,quantile,0.15,87.49
2026-09-12,wk inc covid hosp,0,2026-09-12,47,quantile,0.15,89.19
2026-09-12,wk inc covid hosp,1,2026-09-19,47,quantile,0.15,86.44
2026-09-12,wk inc covid hosp,2,2026-09-26,47,quantile,0.15,79.81
2026-09-12,wk inc covid hosp,3,2026-10-03,47,quantile,0.15,71.82
2026-09-12,wk inc covid hosp,-1,2026-09-05,47,quantile,0.2,88.81
2026-09-12,wk inc covid hosp,0,2026-09-12,47,quantile,0.2,91.12
2026-09-12,wk inc covid hosp,1,2026-09-19,47,quantile,0.2,88.9
2026-09-12,wk inc covid hosp,2,2026-09-26,47,quantile,0.2,82.56
2026-09-12,wk inc covid hosp,3,2026-10-03,47,quantile,0.2,74.72
2026-09-12,wk inc covid hosp,-1,2026-09-05,47,quantile,0.25,89.96
2026-09-12,wk inc covid hosp,0,2026-09-12,47,quantile,0.25,92.81
2026-09-12,wk inc covid hosp,1,2026-09-19,47,quantile,0.25,91.06
2026-09-12,wk inc covid hosp,2,2026-09-26,47,quantile,0.25,84.97
2026-09-12,wk inc covid hosp,3,2026-10-03,47,quantile,0.25,77.28
2026-09-12,wk inc covid hosp,-1,2026-09-05,47,quantile,0.3,91.0
2026-09-12,wk inc covid hosp,0,2026-09-12,47,quantile,0.3,94.34
2026-09-12,wk inc covid hosp,1,2026-09-19,47,quantile,0.3,93.04
2026-09-12,wk inc covid hosp,2,2026-09-26,47,quantile,0.3,87.19
2026-09-12,wk inc covid hosp,3,2026-10-03,47,quantile,0.3,79.65
2026-09-12,wk inc covid hosp,-1,2026-09-05,47,quantile,0.35,91.98
2026-09-12,wk inc covid hosp,0,2026-09-12,47,quantile,0.35,95.78
2026-09-12,wk inc covid hosp,1,2026-09-19,47,quantile,0.35,94.9
2026-09-12,wk inc covid hosp,2,2026-09-26,47,quantile,0.35,89.29
2026-09-12,wk inc covid hosp,3,2026-10-03,47,quantile,0.35,81.9
2026-09-12,wk inc covid hosp,-1,2026-09-05,47,quantile,0.4,92.91
2026-09-12,wk inc covid hosp,0,2026-09-12,47,quantile,0.4,97.17
2026-09-12,wk inc covid hosp,1,2026-09-19,47,quantile,0.4,96.7
2026-09-12,wk inc covid hosp,2,2026-09-26,47,quantile,0.4,91.33
2026-09-12,wk inc covid hosp,3,2026-10-03,47,quantile,0.4,84.08
2026-09-12,wk inc covid hosp,-1,2026-09-05,47,quantile,0.45,93.82
2026-09-12,wk inc covid hosp,0,2026-09-12,47,quantile,0.45,98.53
2026-09-12,wk inc covid hosp,1,2026-09-19,47,quantile,0.45,98.47
2026-09-12,wk inc covid hosp,2,2026-09-26,47,quantile,0.45,93.33
2026-09-12,wk inc covid hosp,3,2026-10-03,47,quantile,0.45,86.23
2026-09-12,wk inc covid hosp,-1,2026-09-05,47,quantile,0.5,94.72
2026-09-12,wk inc covid hosp,0,2026-09-12,47,quantile,0.5,99.88
2026-09-12,wk inc covid hosp,1,2026-09-19,47,quantile,0.5,100.23
2026-09-12,wk inc covid hosp,2,2026-09-26,47,quantile,0.5,95.33
2026-09-12,wk inc covid hosp,3,2026-10-03,47,quantile,0.5,88.4
2026-09-12,wk inc covid hosp,-1,2026-09-05,47,quantile,0.55,95.63
2026-09-12,wk inc covid hosp,0,2026-09-12,47,quantile,0.55,101.24
2026-09-12,wk inc covid hosp,1,2026-09-19,47,quantile,0.55,102.02
2026-09-12,wk inc covid hosp,2,2026-09-26,47,quantile,0.55,97.38
2026-09-12,wk inc covid hosp,3,2026-10-03,47,quantile,0.55,90.61
2026-09-12,wk inc covid hosp,-1,2026-09-05,47,quantile,0.6,96.56
2026-09-12,wk inc covid hosp,0,2026-09-12,47,quantile,0.6,102.64
2026-09-12,wk inc covid hosp,1,2026-09-19,47,quantile,0.6,103.87
2026-09-12,wk inc covid hosp,2,2026-09-26,47,quantile,0.6,99.49
2026-09-12,wk inc covid hosp,3,2026-10-03,47,quantile,0.6,92.9
2026-09-12,wk inc covid hosp,-1,2026-09-05,47,quantile,0.65,97.53
2026-09-12,wk inc covid hosp,0,2026-09-12,47,quantile,0.65,104.11
2026-09-12,wk inc covid hosp,1,2026-09-19,47,quantile,0.65,105.81
2026-09-12,wk inc covid hosp,2,2026-09-26,47,quantile,0.65,101.71
2026-09-12,wk inc covid hosp,3,2026-10-03,47,quantile,0.65,95.32
2026-09-12,wk inc covid hosp,-1,2026-09-05,47,quantile,0.7,98.56
2026-09-12,wk inc covid hosp,0,2026-09-12,47,quantile,0.7,105.68
2026-09-12,wk inc covid hosp,1,2026-09-19,47,quantile,0.7,107.88
2026-09-12,wk inc covid hosp,2,2026-09-26,47,quantile,0.7,104.1
2026-09-12,wk inc covid hosp,3,2026-10-03,47,quantile,0.7,97.93
2026-09-12,wk inc covid hosp,-1,2026-09-05,47,quantile,0.75,99.69
2026-09-12,wk inc covid hosp,0,2026-09-12,47,quantile,0.75,107.39
2026-09-12,wk inc covid hosp,1,2026-09-19,47,quantile,0.75,110.16
2026-09-12,wk inc covid hosp,2,2026-09-26,47,quantile,0.75,106.73
2026-09-12,wk inc covid hosp,3,2026-10-03,47,quantile,0.75,100.81
2026-09-12,wk inc covid hosp,-1,2026-09-05,47,quantile,0.8,100.95
2026-09-12,wk inc covid hosp,0,2026-09-12,47,quantile,0.8,109.32
2026-09-12,wk inc covid hosp,1,2026-09-19,47,quantile,0.8,112.75
2026-09-12,wk inc covid hosp,2,2026-09-26,47,quantile,0.8,109.72
2026-09-12,wk inc covid hosp,3,2026-10-03,47,quantile,0.8,104.1
2026-09-12,wk inc covid hosp,-1,2026-09-05,47,quantile,0.85,102.44
2026-09-12,wk inc covid hosp,0,2026-09-12,47,quantile,0.85,111.61
2026-09-12,wk inc covid hosp,1,2026-09-19,47,quantile,0.85,115.82
2026-09-12,wk inc covid hosp,2,2026-09-26,47,quantile,0.85,113.3
2026-09-12,wk inc covid hosp,3,2026-10-03,47,quantile,0.85,108.05
2026-09-12,wk inc covid hosp,-1,2026-09-05,47,quantile,0.9,104.34
2026-09-12,wk inc covid hosp,0,2026-09-12,47,quantile,0.9,114.54
2026-09-12,wk inc covid hosp,1,2026-09-19,47,quantile,0.9,119.79
2026-09-12,wk inc covid hosp,2,2026-09-26,47,quantile,0.9,117.93
2026-09-12,wk inc covid hosp,3,2026-10-03,47,quantile,0.9,113.19
2026-09-12,wk inc covid hosp,-1,2026-09-05,47,quantile,0.95,107.21
2026-09-12,wk inc covid hosp,0,2026-09-12,47,quantile,0.95,119.01
2026-09-12,wk inc covid hosp,1,2026-09-19,47,quantile,0.95,125.87
2026-09-12,wk inc covid hosp,2,2026-09-26,47,quantile,0.95,125.09
2026-09-12,wk inc covid hosp,3,2026-10-03,47,quantile,0.95,121.19
2026-09-12,wk inc covid hosp,-1,2026-09-05,47,quantile,0.975,109.76
2026-09-12,wk inc covid hosp,0,2026-09-12,47,quantile,0.975,123.0
2026-09-12,wk inc covid hosp,1,2026-09-19,47,quantile,0.975,131.36
2026-09-12,wk inc covid hosp,2,2026-09-26,47,quantile,0.975,131.59
2026-09-12,wk inc covid hosp,3,2026-10-03,47,quantile,0.975,128.5
2026-09-12,wk inc covid hosp,-1,2026-09-05,47,quantile,0.99,112.78
2026-09-12,wk inc covid hosp,0,2026-09-12,47,quantile,0.99,127.79
2026-09-12,wk inc covid hosp,1,2026-09-19,47,quantile,0.99,137.98
2026-09-12,wk inc covid hosp,2,2026-09-26,47,quantile,0.99,139.49
2026-09-12,wk inc covid hosp,3,2026-10-03,47,quantile,0.99,137.45
2026-09-12,wk inc covid hosp,-1,2026-09-05,48,quantile,0.01,425.49
2026-09-12,wk inc covid hosp,0,2026-09-12,48,quantile,0.01,367.37
2026-09-12,wk inc covid hosp,1,2026-09-19,48,quantile,0.01,312.39
2026-09-12,wk inc covid hosp,2,2026-09-26,48,quantile,0.01,261.1
2026-09-12,wk inc covid hosp,3,2026-10-03,48,quantile,0.01,210.72
2026-09-12,wk inc covid hosp,-1,2026-09-05,48,quantile,0.025,436.81
2026-09-12,wk inc covid hosp,0,2026-09-12,48,quantile,0.025,382.69
2026-09-12,wk inc covid hosp,1,2026-09-19,48,quantile,0.025,329.87
2026-09-12,wk inc covid hosp,2,2026-09-26,48,quantile,0.025,278.84
2026-09-12,wk inc covid hosp,3,2026-10-03,48,quantile,0.025,227.88
2026-09-12,wk inc covid hosp,-1,2026-09-05,48,quantile,0.05,446.74
2026-09-12,wk inc covid hosp,0,2026-09-12,48,quantile,0.05,396.3
2026-09-12,wk inc covid hosp,1,2026-09-19,48,quantile,0.05,345.54
2026-09-12,wk inc covid hosp,2,2026-09-26,48,quantile,0.05,294.89
2026-09-12,wk inc covid hosp,3,2026-10-03,48,quantile,0.05,243.57
2026-09-12,wk inc covid hosp,-1,2026-09-05,48,quantile,0.1,458.43
2026-09-12,wk inc covid hosp,0,2026-09-12,48,quantile,0.1,412.48
2026-09-12,wk inc covid hosp,1,2026-09-19,48,quantile,0.1,364.39
2026-09-12,wk inc covid hosp,2,2026-09-26,48,quantile,0.1,314.35
2026-09-12,wk inc covid hosp,3,2026-10-03,48,quantile,0.1,262.77
2026-09-12,wk inc covid hosp,-1,2026-09-05,48,quantile,0.15,466.45
2026-09-12,wk inc covid hosp,0,2026-09-12,48,quantile,0.15,423.7
2026-09-12,wk inc covid hosp,1,2026-09-19,48,quantile,0.15,377.58
2026-09-12,wk inc covid hosp,2,2026-09-26,48,quantile,0.15,328.08
2026-09-12,wk inc covid hosp,3,2026-10-03,48,quantile,0.15,276.42
2026-09-12,wk inc covid hosp,-1,2026-09-05,48,quantile,0.2,472.92
2026-09-12,wk inc covid hosp,0,2026-09-12,48,quantile,0.2,432.8
2026-09-12,wk inc covid hosp,1,2026-09-19,48,quantile,0.2,388.35
2026-09-12,wk inc covid hosp,2,2026-09-26,48,quantile,0.2,339.35
2026-09-12,wk inc covid hosp,3,2026-10-03,48,quantile,0.2,287.69
2026-09-12,wk inc covid hosp,-1,2026-09-05,48,quantile,0.25,478.52
2026-09-12,wk inc covid hosp,0,2026-09-12,48,quantile,0.25,440.74
2026-09-12,wk inc covid hosp,1,2026-09-19,48,quantile,0.25,397.79
2026-09-12,wk inc covid hosp,2,2026-09-26,48,quantile,0.25,349.27
2026-09-12,wk inc covid hosp,3,2026-10-03,48,quantile,0.25,297.67
2026-09-12,wk inc covid hosp,-1,2026-09-05,48,quantile,0.3,483.6
2026-09-12,wk inc covid hosp,0,2026-09-12,48,quantile,0.3,447.97
2026-09-12,wk inc covid hosp,1,2026-09-19,48,quantile,0.3,406.43
2026-09-12,wk inc covid hosp,2,2026-09-26,48,quantile,0.3,358.39
2026-09-12,wk inc covid hosp,3,2026-10-03,48,quantile,0.3,306.87
2026-09-12,wk inc covid hosp,-1,2026-09-05,48,quantile,0.35,488.35
2026-09-12,wk inc covid hosp,0,2026-09-12,48,quantile,0.35,454.76
2026-09-12,wk inc covid hosp,1,2026-09-19,48,quantile,0.35,414.57
2026-09-12,wk inc covid hosp,2,2026-09-26,48,quantile,0.35,367.01
2026-09-12,wk inc covid hosp,3,2026-10-03,48,quantile,0.35,315.61
2026-09-12,wk inc covid hosp,-1,2026-09-05,48,quantile,0.4,492.89
2026-09-12,wk inc covid hosp,0,2026-09-12,48,quantile,0.4,461.29
2026-09-12,wk inc covid hosp,1,2026-09-19,48,quantile,0.4,422.43
2026-09-12,wk inc covid hosp,2,2026-09-26,48,quantile,0.4,375.35
2026-09-12,wk inc covid hosp,3,2026-10-03,48,quantile,0.4,324.09
2026-09-12,wk inc covid hosp,-1,2026-09-05,48,quantile,0.45,497.31
2026-09-12,wk inc covid hosp,0,2026-09-12,48,quantile,0.45,467.67
2026-09-12,wk inc covid hosp,1,2026-09-19,48,quantile,0.45,430.14
2026-09-12,wk inc covid hosp,2,2026-09-26,48,quantile,0.45,383.57
2026-09-12,wk inc covid hosp,3,2026-10-03,48,quantile,0.45,332.48
2026-09-12,wk inc covid hosp,-1,2026-09-05,48,quantile,0.5,501.7
2026-09-12,wk inc covid hosp,0,2026-09-12,48,quantile,0.5,474.03
2026-09-12,wk inc covid hosp,1,2026-09-19,48,quantile,0.5,437.85
2026-09-12,wk inc covid hosp,2,2026-09-26,48,quantile,0.5,391.81
2026-09-12,wk inc covid hosp,3,2026-10-03,48,quantile,0.5,340.91
2026-09-12,wk inc covid hosp,-1,2026-09-05,48,quantile,0.55,506.12
2026-09-12,wk inc covid hosp,0,2026-09-12,48,quantile,0.55,480.45
2026-09-12,wk inc covid hosp,1,2026-09-19,48,quantile,0.55,445.68
2026-09-12,wk inc covid hosp,2,2026-09-26,48,quantile,0.55,400.19
2026-09-12,wk inc covid hosp,3,2026-10-03,48,quantile,0.55,349.51
2026-09-12,wk inc covid hosp,-1,2026-09-05,48,quantile,0.6,510.65
2026-09-12,wk inc covid hosp,0,2026-09-12,48,quantile,0.6,487.06
2026-09-12,wk inc covid hosp,1,2026-09-19,48,quantile,0.6,453.75
2026-09-12,wk inc covid hosp,2,2026-09-26,48,quantile,0.6,408.86
2026-09-12,wk inc covid hosp,3,2026-10-03,48,quantile,0.6,358.44
2026-09-12,wk inc covid hosp,-1,2026-09-05,48,quantile,0.65,515.36
2026-09-12,wk inc covid hosp,0,2026-09-12,48,quantile,0.65,493.96
2026-09-12,wk inc covid hosp,1,2026-09-19,48,quantile,0.65,462.22
2026-09-12,wk inc covid hosp,2,2026-09-26,48,quantile,0.65,417.98
2026-09-12,wk inc covid hosp,3,2026-10-03,48,quantile,0.65,367.87
2026-09-12,wk inc covid hosp,-1,2026-09-05,48,quantile,0.7,520.36
2026-09-12,wk inc covid hosp,0,2026-09-12,48,quantile,0.7,501.33
2026-09-12,wk inc covid hosp,1,2026-09-19,48,quantile,0.7,471.28
2026-09-12,wk inc covid hosp,2,2026-09-26,48,quantile,0.7,427.78
2026-09-12,wk inc covid hosp,3,2026-10-03,48,quantile,0.7,378.03
2026-09-12,wk inc covid hosp,-1,2026-09-05,48,quantile,0.75,525.81
2026-09-12,wk inc covid hosp,0,2026-09-12,48,quantile,0.75,509.38
2026-09-12,wk inc covid hosp,1,2026-09-19,48,quantile,0.75,481.23
2026-09-12,wk inc covid hosp,2,2026-09-26,48,quantile,0.75,438.57
2026-09-12,wk inc covid hosp,3,2026-10-03,48,quantile,0.75,389.26
2026-09-12,wk inc covid hosp,-1,2026-09-05,48,quantile,0.8,531.93
2026-09-12,wk inc covid hosp,0,2026-09-12,48,quantile,0.8,518.47
2026-09-12,wk inc covid hosp,1,2026-09-19,48,quantile,0.8,492.51
2026-09-12,wk inc covid hosp,2,2026-09-26,48,quantile,0.8,450.85
2026-09-12,wk inc covid hosp,3,2026-10-03,48,quantile,0.8,402.08
2026-09-12,wk inc covid hosp,-1,2026-09-05,48,quantile,0.85,539.14
2026-09-12,wk inc covid hosp,0,2026-09-12,48,quantile,0.85,529.24
2026-09-12,wk inc covid hosp,1,2026-09-19,48,quantile,0.85,505.94
2026-09-12,wk inc covid hosp,2,2026-09-26,48,quantile,0.85,465.53
2026-09-12,wk inc covid hosp,3,2026-10-03,48,quantile,0.85,417.47
2026-09-12,wk inc covid hosp,-1,2026-09-05,48,quantile,0.9,548.33
2026-09-12,wk inc covid hosp,0,2026-09-12,48,quantile,0.9,543.05
2026-09-12,wk inc covid hosp,1,2026-09-19,48,quantile,0.9,523.27
2026-09-12,wk inc covid hosp,2,2026-09-26,48,quantile,0.9,484.55
2026-09-12,wk inc covid hosp,3,2026-10-03,48,quantile,0.9,437.53
2026-09-12,wk inc covid hosp,-1,2026-09-05,48,quantile,0.95,562.18
2026-09-12,wk inc covid hosp,0,2026-09-12,48,quantile,0.95,564.07
2026-09-12,wk inc covid hosp,1,2026-09-19,48,quantile,0.95,549.86
2026-09-12,wk inc covid hosp,2,2026-09-26,48,quantile,0.95,513.93
2026-09-12,wk inc covid hosp,3,2026-10-03,48,quantile,0.95,468.72
2026-09-12,wk inc covid hosp,-1,2026-09-05,48,quantile,0.975,574.44
2026-09-12,wk inc covid hosp,0,2026-09-12,48,quantile,0.975,582.84
2026-09-12,wk inc covid hosp,1,2026-09-19,48,quantile,0.975,573.82
2026-09-12,wk inc covid hosp,2,2026-09-26,48,quantile,0.975,540.59
2026-09-12,wk inc covid hosp,3,2026-10-03,48,quantile,0.975,497.24
2026-09-12,wk inc covid hosp,-1,2026-09-05,48,quantile,0.99,588.96
2026-09-12,wk inc covid hosp,0,2026-09-12,48,quantile,0.99,605.32
2026-09-12,wk inc covid hosp,1,2026-09-19,48,quantile,0.99,602.76
2026-09-12,wk inc covid hosp,2,2026-09-26,48,quantile,0.99,573.03
2026-09-12,wk inc covid hosp,3,2026-10-03,48,quantile,0.99,532.2
2026-09-12,wk inc covid hosp,-1,2026-09-05,49,quantile,0.01,8.32
2026-09-12,wk inc covid hosp,0,2026-09-12,49,quantile,0.01,8.11
2026-09-12,wk inc covid hosp,1,2026-09-19,49,quantile,0.01,7.52
2026-09-12,wk inc covid hosp,2,2026-09-26,49,quantile,0.01,6.76
2026-09-12,wk inc covid hosp,3,2026-10-03,49,quantile,0.01,5.85
2026-09-12,wk inc covid hosp,-1,2026-09-05,49,quantile,0.025,8.6
2026-09-12,wk inc covid hosp,0,2026-09-12,49,quantile,0.025,8.51
2026-09-12,wk inc covid hosp,1,2026-09-19,49,quantile,0.025,8.0
2026-09-12,wk inc covid hosp,2,2026-09-26,49,quantile,0.025,7.28
2026-09-12,wk inc covid hosp,3,2026-10-03,49,quantile,0.025,6.37
2026-09-12,wk inc covid hosp,-1,2026-09-05,49,quantile,0.05,8.84
2026-09-12,wk inc covid hosp,0,2026-09-12,49,quantile,0.05,8.87
2026-09-12,wk inc covid hosp,1,2026-09-19,49,quantile,0.05,8.44
2026-09-12,wk inc covid hosp,2,2026-09-26,49,quantile,0.05,7.75
2026-09-12,wk inc covid hosp,3,2026-10-03,49,quantile,0.05,6.84
2026-09-12,wk inc covid hosp,-1,2026-09-05,49,quantile,0.1,9.13
2026-09-12,wk inc covid hosp,0,2026-09-12,49,quantile,0.1,9.3
2026-09-12,wk inc covid hosp,1,2026-09-19,49,quantile,0.1,8.96
2026-09-12,wk inc covid hosp,2,2026-09-26,49,quantile,0.1,8.32
2026-09-12,wk inc covid hosp,3,2026-10-03,49,quantile,0.1,7.43
2026-09-12,wk inc covid hosp,-1,2026-09-05,49,quantile,0.15,9.34
2026-09-12,wk inc covid hosp,0,2026-09-12,49,quantile,0.15,9.6
2026-09-12,wk inc covid hosp,1,2026-09-19,49,quantile,0.15,9.33
2026-09-12,wk inc covid hosp,2,2026-09-26,49,quantile,0.15,8.73
2026-09-12,wk inc covid hosp,3,2026-10-03,49,quantile,0.15,7.85
2026-09-12,wk inc covid hosp,-1,2026-09-05,49,quantile,0.2,9.5
2026-09-12,wk inc covid hosp,0,2026-09-12,49,quantile,0.2,9.84
2026-09-12,wk inc covid hosp,1,2026-09-19,49,quantile,0.2,9.64
2026-09-12,wk inc covid hosp,2,2026-09-26,49,quantile,0.2,9.06
2026-09-12,wk inc covid hosp,3,2026-10-03,49,quantile,0.2,8.19
2026-09-12,wk inc covid hosp,-1,2026-09-05,49,quantile,0.25,9.64
2026-09-12,wk inc covid hosp,0,2026-09-12,49,quantile,0.25,10.05
2026-09-12,wk inc covid hosp,1,2026-09-19,49,quantile,0.25,9.91
2026-09-12,wk inc covid hosp,2,2026-09-26,49,quantile,0.25,9.36
2026-09-12,wk inc covid hosp,3,2026-10-03,49,quantile,0.25,8.5
2026-09-12,wk inc covid hosp,-1,2026-09-05,49,quantile,0.3,9.77
2026-09-12,wk inc covid hosp,0,2026-09-12,49,quantile,0.3,10.25
2026-09-12,wk inc covid hosp,1,2026-09-19,49,quantile,0.3,10.15
2026-09-12,wk inc covid hosp,2,2026-09-26,49,quantile,0.3,9.63
2026-09-12,wk inc covid hosp,3,2026-10-03,49,quantile,0.3,8.78
2026-09-12,wk inc covid hosp,-1,2026-09-05,49,quantile,0.35,9.89
2026-09-12,wk inc covid hosp,0,2026-09-12,49,quantile,0.35,10.43
2026-09-12,wk inc covid hosp,1,2026-09-19,49,quantile,0.35,10.38
2026-09-12,wk inc covid hosp,2,2026-09-26,49,quantile,0.35,9.89
2026-09-12,wk inc covid hosp,3,2026-10-03,49,quantile,0.35,9.05
2026-09-12,wk inc covid hosp,-1,2026-09-05,49,quantile,0.4,10.0
2026-09-12,wk inc covid hosp,0,2026-09-12,49,quantile,0.4,10.61
2026-09-12,wk inc covid hosp,1,2026-09-19,49,quantile,0.4,10.61
2026-09-12,wk inc covid hosp,2,2026-09-26,49,quantile,0.4,10.14
2026-09-12,wk inc covid hosp,3,2026-10-03,49,quantile,0.4,9.32
2026-09-12,wk inc covid hosp,-1,2026-09-05,49,quantile,0.45,10.11
2026-09-12,wk inc covid hosp,0,2026-09-12,49,quantile,0.45,10.78
2026-09-12,wk inc covid hosp,1,2026-09-19,49,quantile,0.45,10.83
2026-09-12,wk inc covid hosp,2,2026-09-26,49,quantile,0.45,10.38
2026-09-12,wk inc covid hosp,3,2026-10-03,49,quantile,0.45,9.58
2026-09-12,wk inc covid hosp,-1,2026-09-05,49,quantile,0.5,10.22
2026-09-12,wk inc covid hosp,0,2026-09-12,49,quantile,0.5,10.95
2026-09-12,wk inc covid hosp,1,2026-09-19,49,quantile,0.5,11.05
2026-09-12,wk inc covid hosp,2,2026-09-26,49,quantile,0.5,10.63
2026-09-12,wk inc covid hosp,3,2026-10-03,49,quantile,0.5,9.84
2026-09-12,wk inc covid hosp,-1,2026-09-05,49,quantile,0.55,10.34
2026-09-12,wk inc covid hosp,0,2026-09-12,49,quantile,0.55,11.13
2026-09-12,wk inc covid hosp,1,2026-09-19,49,quantile,0.55,11.27
2026-09-12,wk inc covid hosp,2,2026-09-26,49,quantile,0.55,10.88
2026-09-12,wk inc covid hosp,3,2026-10-03,49,quantile,0.55,10.11
2026-09-12,wk inc covid hosp,-1,2026-09-05,49,quantile,0.6,10.45
2026-09-12,wk inc covid hosp,0,2026-09-12,49,quantile,0.6,11.31
2026-09-12,wk inc covid hosp,1,2026-09-19,49,quantile,0.6,11.5
2026-09-12,wk inc covid hosp,2,2026-09-26,49,quantile,0.6,11.15
2026-09-12,wk inc covid hosp,3,2026-10-03,49,quantile,0.6,10.39
2026-09-12,wk inc covid hosp,-1,2026-09-05,49,quantile,0.65,10.57
2026-09-12,wk inc covid hosp,0,2026-09-12,49,quantile,0.65,11.49
2026-09-12,wk inc covid hosp,1,2026-09-19,49,quantile,0.65,11.75
2026-09-12,wk inc covid hosp,2,2026-09-26,49,quantile,0.65,11.42
2026-09-12,wk inc covid hosp,3,2026-10-03,49,quantile,0.65,10.68
2026-09-12,wk inc covid hosp,-1,2026-09-05,49,quantile,0.7,10.7
2026-09-12,wk inc covid hosp,0,2026-09-12,49,quantile,0.7,11.7
2026-09-12,wk inc covid hosp,1,2026-09-19,49,quantile,0.7,12.01
2026-09-12,wk inc covid hosp,2,2026-09-26,49,quantile,0.7,11.72
2026-09-12,wk inc covid hosp,3,2026-10-03,49,quantile,0.7,11.0
2026-09-12,wk inc covid hosp,-1,2026-09-05,49,quantile,0.75,10.84
2026-09-12,wk inc covid hosp,0,2026-09-12,49,quantile,0.75,11.92
2026-09-12,wk inc covid hosp,1,2026-09-19,49,quantile,0.75,12.3
2026-09-12,wk inc covid hosp,2,2026-09-26,49,quantile,0.75,12.05
2026-09-12,wk inc covid hosp,3,2026-10-03,49,quantile,0.75,11.35
2026-09-12,wk inc covid hosp,-1,2026-09-05,49,quantile,0.8,11.0
2026-09-12,wk inc covid hosp,0,2026-09-12,49,quantile,0.8,12.17
2026-09-12,wk inc covid hosp,1,2026-09-19,49,quantile,0.8,12.62
2026-09-12,wk inc covid hosp,2,2026-09-26,49,quantile,0.8,12.42
2026-09-12,wk inc covid hosp,3,2026-10-03,49,quantile,0.8,11.75
2026-09-12,wk inc covid hosp,-1,2026-09-05,49,quantile,0.85,11.18
2026-09-12,wk inc covid hosp,0,2026-09-12,49,quantile,0.85,12.46
2026-09-12,wk inc covid hosp,1,2026-09-19,49,quantile,0.85,13.01
2026-09-12,wk inc covid hosp,2,2026-09-26,49,quantile,0.85,12.87
2026-09-12,wk inc covid hosp,3,2026-10-03,49,quantile,0.85,12.24
2026-09-12,wk inc covid hosp,-1,2026-09-05,49,quantile,0.9,11.42
2026-09-12,wk inc covid hosp,0,2026-09-12,49,quantile,0.9,12.85
2026-09-12,wk inc covid hosp,1,2026-09-19,49,quantile,0.9,13.52
2026-09-12,wk inc covid hosp,2,2026-09-26,49,quantile,0.9,13.46
2026-09-12,wk inc covid hosp,3,2026-10-03,49,quantile,0.9,12.87
2026-09-12,wk inc covid hosp,-1,2026-09-05,49,quantile,0.95,11.78
2026-09-12,wk inc covid hosp,0,2026-09-12,49,quantile,0.95,13.43
2026-09-12,wk inc covid hosp,1,2026-09-19,49,quantile,0.95,14.3
2026-09-12,wk inc covid hosp,2,2026-09-26,49,quantile,0.95,14.36
2026-09-12,wk inc covid hosp,3,2026-10-03,49,quantile,0.95,13.86
2026-09-12,wk inc covid hosp,-1,2026-09-05,49,quantile,0.975,12.1
2026-09-12,wk inc covid hosp,0,2026-09-12,49,quantile,0.975,13.95
2026-09-12,wk inc covid hosp,1,2026-09-19,49,quantile,0.975,15.0
2026-09-12,wk inc covid hosp,2,2026-09-26,49,quantile,0.975,15.19
2026-09-12,wk inc covid hosp,3,2026-10-03,49,quantile,0.975,14.77
2026-09-12,wk inc covid hosp,-1,2026-09-05,49,quantile,0.99,12.48
2026-09-12,wk inc covid hosp,0,2026-09-12,49,quantile,0.99,14.58
2026-09-12,wk inc covid hosp,1,2026-09-19,49,quantile,0.99,15.86
2026-09-12,wk inc covid hosp,2,2026-09-26,49,quantile,0.99,16.2
2026-09-12,wk inc covid hosp,3,2026-10-03,49,quantile,0.99,15.88
2026-09-12,wk inc covid hosp,-1,2026-09-05,50,quantile,0.01,0.78
2026-09-12,wk inc covid hosp,0,2026-09-12,50,quantile,0.01,0.71
2026-09-12,wk inc covid hosp,1,2026-09-19,50,quantile,0.01,0.66
2026-09-12,wk inc covid hosp,2,2026-09-26,50,quantile,0.01,0.6
2026-09-12,wk inc covid hosp,3,2026-10-03,50,quantile,0.01,0.5
2026-09-12,wk inc covid hosp,-1,2026-09-05,50,quantile,0.025,0.82
2026-09-12,wk inc covid hosp,0,2026-09-12,50,quantile,0.025,0.77
2026-09-12,wk inc covid hosp,1,2026-09-19,50,quantile,0.025,0.73
2026-09-12,wk inc covid hosp,2,2026-09-26,50,quantile,0.025,0.68
2026-09-12,wk inc covid hosp,3,2026-10-03,50,quantile,0.025,0.58
2026-09-12,wk inc covid hosp,-1,2026-09-05,50,quantile,0.05,0.85
2026-09-12,wk inc covid hosp,0,2026-09-12,50,quantile,0.05,0.82
2026-09-12,wk inc covid hosp,1,2026-09-19,50,quantile,0.05,0.79
2026-09-12,wk inc covid hosp,2,2026-09-26,50,quantile,0.05,0.75
2026-09-12,wk inc covid hosp,3,2026-10-03,50,quantile,0.05,0.65
2026-09-12,wk inc covid hosp,-1,2026-09-05,50,quantile,0.1,0.9
2026-09-12,wk inc covid hosp,0,2026-09-12,50,quantile,0.1,0.88
2026-09-12,wk inc covid hosp,1,2026-09-19,50,quantile,0.1,0.87
2026-09-12,wk inc covid hosp,2,2026-09-26,50,quantile,0.1,0.84
2026-09-12,wk inc covid hosp,3,2026-10-03,50,quantile,0.1,0.73
2026-09-12,wk inc covid hosp,-1,2026-09-05,50,quantile,0.15,0.93
2026-09-12,wk inc covid hosp,0,2026-09-12,50,quantile,0.15,0.93
2026-09-12,wk inc covid hosp,1,2026-09-19,50,quantile,0.15,0.93
2026-09-12,wk inc covid hosp,2,2026-09-26,50,quantile,0.15,0.9
2026-09-12,wk inc covid hosp,3,2026-10-03,50,quantile,0.15,0.8
2026-09-12,wk inc covid hosp,-1,2026-09-05,50,quantile,0.2,0.96
2026-09-12,wk inc covid hosp,0,2026-09-12,50,quantile,0.2,0.97
2026-09-12,wk inc covid hosp,1,2026-09-19,50,quantile,0.2,0.98
2026-09-12,wk inc covid hosp,2,2026-09-26,50,quantile,0.2,0.96
2026-09-12,wk inc covid hosp,3,2026-10-03,50,quantile,0.2,0.85
2026-09-12,wk inc covid hosp,-1,2026-09-05,50,quantile,0.25,0.98
2026-09-12,wk inc covid hosp,0,2026-09-12,50,quantile,0.25,1.0
2026-09-12,wk inc covid hosp,1,2026-09-19,50,quantile,0.25,1.02
2026-09-12,wk inc covid hosp,2,2026-09-26,50,quantile,0.25,1.0
2026-09-12,wk inc covid hosp,3,2026-10-03,50,quantile,0.25,0.9
2026-09-12,wk inc covid hosp,-1,2026-09-05,50,quantile,0.3,1.0
2026-09-12,wk inc covid hosp,0,2026-09-12,50,quantile,0.3,1.03
2026-09-12,wk inc covid hosp,1,2026-09-19,50,quantile,0.3,1.06
2026-09-12,wk inc covid hosp,2,2026-09-26,50,quantile,0.3,1.05
2026-09-12,wk inc covid hosp,3,2026-10-03,50,quantile,0.3,0.95
2026-09-12,wk inc covid hosp,-1,2026-09-05,50,quantile,0.35,1.02
2026-09-12,wk inc covid hosp,0,2026-09-12,50,quantile,0.35,1.06
2026-09-12,wk inc covid hosp,1,2026-09-19,50,quantile,0.35,1.1
2026-09-12,wk inc covid hosp,2,2026-09-26,50,quantile,0.35,1.09
2026-09-12,wk inc covid hosp,3,2026-10-03,50,quantile,0.35,1.0
2026-09-12,wk inc covid hosp,-1,2026-09-05,50,quantile,0.4,1.04
2026-09-12,wk inc covid hosp,0,2026-09-12,50,quantile,0.4,1.09
2026-09-12,wk inc covid hosp,1,2026-09-19,50,quantile,0.4,1.14
2026-09-12,wk inc covid hosp,2,2026-09-26,50,quantile,0.4,1.14
2026-09-12,wk inc covid hosp,3,2026-10-03,50,quantile,0.4,1.04
2026-09-12,wk inc covid hosp,-1,2026-09-05,50,quantile,0.45,1.06
2026-09-12,wk inc covid hosp,0,2026-09-12,50,quantile,0.45,1.12
2026-09-12,wk inc covid hosp,1,2026-09-19,50,quantile,0.45,1.17
2026-09-12,wk inc covid hosp,2,2026-09-26,50,quantile,0.45,1.18
2026-09-12,wk inc covid hosp,3,2026-10-03,50,quantile,0.45,1.08
2026-09-12,wk inc covid hosp,-1,2026-09-05,50,quantile,0.5,1.08
2026-09-12,wk inc covid hosp,0,2026-09-12,50,quantile,0.5,1.15
2026-09-12,wk inc covid hosp,1,2026-09-19,50,quantile,0.5,1.21
2026-09-12,wk inc covid hosp,2,2026-09-26,50,quantile,0.5,1.22
2026-09-12,wk inc covid hosp,3,2026-10-03,50,quantile,0.5,1.13
2026-09-12,wk inc covid hosp,-1,2026-09-05,50,quantile,0.55,1.09
2026-09-12,wk inc covid hosp,0,2026-09-12,50,quantile,0.55,1.17
2026-09-12,wk inc covid hosp,1,2026-09-19,50,quantile,0.55,1.25
2026-09-12,wk inc covid hosp,2,2026-09-26,50,quantile,0.55,1.27
2026-09-12,wk inc covid hosp,3,2026-10-03,50,quantile,0.55,1.18
2026-09-12,wk inc covid hosp,-1,2026-09-05,50,quantile,0.6,1.11
2026-09-12,wk inc covid hosp,0,2026-09-12,50,quantile,0.6,1.2
2026-09-12,wk inc covid hosp,1,2026-09-19,50,quantile,0.6,1.29
2026-09-12,wk inc covid hosp,2,2026-09-26,50,quantile,0.6,1.31
2026-09-12,wk inc covid hosp,3,2026-10-03,50,quantile,0.6,1.23
2026-09-12,wk inc covid hosp,-1,2026-09-05,50,quantile,0.65,1.13
2026-09-12,wk inc covid hosp,0,2026-09-12,50,quantile,0.65,1.24
2026-09-12,wk inc covid hosp,1,2026-09-19,50,quantile,0.65,1.33
2026-09-12,wk inc covid hosp,2,2026-09-26,50,quantile,0.65,1.36
2026-09-12,wk inc covid hosp,3,2026-10-03,50,quantile,0.65,1.28
2026-09-12,wk inc covid hosp,-1,2026-09-05,50,quantile,0.7,1.16
2026-09-12,wk inc covid hosp,0,2026-09-12,50,quantile,0.7,1.27
2026-09-12,wk inc covid hosp,1,2026-09-19,50,quantile,0.7,1.38
2026-09-12,wk inc covid hosp,2,2026-09-26,50,quantile,0.7,1.42
2026-09-12,wk inc covid hosp,3,2026-10-03,50,quantile,0.7,1.34
2026-09-12,wk inc covid hosp,-1,2026-09-05,50,quantile,0.75,1.18
2026-09-12,wk inc covid hosp,0,2026-09-12,50,quantile,0.75,1.31
2026-09-12,wk inc covid hosp,1,2026-09-19,50,quantile,0.75,1.43
2026-09-12,wk inc covid hosp,2,2026-09-26,50,quantile,0.75,1.48
2026-09-12,wk inc covid hosp,3,2026-10-03,50,quantile,0.75,1.4
2026-09-12,wk inc covid hosp,-1,2026-09-05,50,quantile,0.8,1.21
2026-09-12,wk inc covid hosp,0,2026-09-12,50,quantile,0.8,1.35
2026-09-12,wk inc covid hosp,1,2026-09-19,50,quantile,0.8,1.49
2026-09-12,wk inc covid hosp,2,2026-09-26,50,quantile,0.8,1.55
2026-09-12,wk inc covid hosp,3,2026-10-03,50,quantile,0.8,1.48
2026-09-12,wk inc covid hosp,-1,2026-09-05,50,quantile,0.85,1.24
2026-09-12,wk inc covid hosp,0,2026-09-12,50,quantile,0.85,1.4
2026-09-12,wk inc covid hosp,1,2026-09-19,50,quantile,0.85,1.56
2026-09-12,wk inc covid hosp,2,2026-09-26,50,quantile,0.85,1.64
2026-09-12,wk inc covid hosp,3,2026-10-03,50,quantile,0.85,1.57
2026-09-12,wk inc covid hosp,-1,2026-09-05,50,quantile,0.9,1.28
2026-09-12,wk inc covid hosp,0,2026-09-12,50,quantile,0.9,1.47
2026-09-12,wk inc covid hosp,1,2026-09-19,50,quantile,0.9,1.66
2026-09-12,wk inc covid hosp,2,2026-09-26,50,quantile,0.9,1.75
2026-09-12,wk inc covid hosp,3,2026-10-03,50,quantile,0.9,1.69
2026-09-12,wk inc covid hosp,-1,2026-09-05,50,quantile,0.95,1.34
2026-09-12,wk inc covid hosp,0,2026-09-12,50,quantile,0.95,1.57
2026-09-12,wk inc covid hosp,1,2026-09-19,50,quantile,0.95,1.81
2026-09-12,wk inc covid hosp,2,2026-09-26,50,quantile,0.95,1.93
2026-09-12,wk inc covid hosp,3,2026-10-03,50,quantile,0.95,1.89
2026-09-12,wk inc covid hosp,-1,2026-09-05,50,quantile,0.975,1.4
2026-09-12,wk inc covid hosp,0,2026-09-12,50,quantile,0.975,1.67
2026-09-12,wk inc covid hosp,1,2026-09-19,50,quantile,0.975,1.95
2026-09-12,wk inc covid hosp,2,2026-09-26,50,quantile,0.975,2.1
2026-09-12,wk inc covid hosp,3,2026-10-03,50,quantile,0.975,2.07
2026-09-12,wk inc covid hosp,-1,2026-09-05,50,quantile,0.99,1.47
2026-09-12,wk inc covid hosp,0,2026-09-12,50,quantile,0.99,1.79
2026-09-12,wk inc covid hosp,1,2026-09-19,50,quantile,0.99,2.12
2026-09-12,wk inc covid hosp,2,2026-09-26,50,quantile,0.99,2.3
2026-09-12,wk inc covid hosp,3,2026-10-03,50,quantile,0.99,2.31
2026-09-12,wk inc covid hosp,-1,2026-09-05,51,quantile,0.01,35.66
2026-09-12,wk inc covid hosp,0,2026-09-12,51,quantile,0.01,34.47
2026-09-12,wk inc covid hosp,1,2026-09-19,51,quantile,0.01,32.46
2026-09-12,wk inc covid hosp,2,2026-09-26,51,quantile,0.01,29.56
2026-09-12,wk inc covid hosp,3,2026-10-03,51,quantile,0.01,24.66
2026-09-12,wk inc covid hosp,-1,2026-09-05,51,quantile,0.025,36.95
2026-09-12,wk inc covid hosp,0,2026-09-12,51,quantile,0.025,36.29
2026-09-12,wk inc covid hosp,1,2026-09-19,51,quantile,0.025,34.73
2026-09-12,wk inc covid hosp,2,2026-09-26,51,quantile,0.025,32.0
2026-09-12,wk inc covid hosp,3,2026-10-03,51,quantile,0.025,27.07
2026-09-12,wk inc covid hosp,-1,2026-09-05,51,quantile,0.05,38.09
2026-09-12,wk inc covid hosp,0,2026-09-12,51,quantile,0.05,37.93
2026-09-12,wk inc covid hosp,1,2026-09-19,51,quantile,0.05,36.78
2026-09-12,wk inc covid hosp,2,2026-09-26,51,quantile,0.05,34.22
2026-09-12,wk inc covid hosp,3,2026-10-03,51,quantile,0.05,29.3
2026-09-12,wk inc covid hosp,-1,2026-09-05,51,quantile,0.1,39.44
2026-09-12,wk inc covid hosp,0,2026-09-12,51,quantile,0.1,39.89
2026-09-12,wk inc covid hosp,1,2026-09-19,51,quantile,0.1,39.27
2026-09-12,wk inc covid hosp,2,2026-09-26,51,quantile,0.1,36.95
2026-09-12,wk inc covid hosp,3,2026-10-03,51,quantile,0.1,32.06
2026-09-12,wk inc covid hosp,-1,2026-09-05,51,quantile,0.15,40.38
2026-09-12,wk inc covid hosp,0,2026-09-12,51,quantile,0.15,41.26
2026-09-12,wk inc covid hosp,1,2026-09-19,51,quantile,0.15,41.02
2026-09-12,wk inc covid hosp,2,2026-09-26,51,quantile,0.15,38.89
2026-09-12,wk inc covid hosp,3,2026-10-03,51,quantile,0.15,34.04
2026-09-12,wk inc covid hosp,-1,2026-09-05,51,quantile,0.2,41.13
2026-09-12,wk inc covid hosp,0,2026-09-12,51,quantile,0.2,42.37
2026-09-12,wk inc covid hosp,1,2026-09-19,51,quantile,0.2,42.47
2026-09-12,wk inc covid hosp,2,2026-09-26,51,quantile,0.2,40.49
2026-09-12,wk inc covid hosp,3,2026-10-03,51,quantile,0.2,35.69
2026-09-12,wk inc covid hosp,-1,2026-09-05,51,quantile,0.25,41.79
2026-09-12,wk inc covid hosp,0,2026-09-12,51,quantile,0.25,43.35
2026-09-12,wk inc covid hosp,1,2026-09-19,51,quantile,0.25,43.74
2026-09-12,wk inc covid hosp,2,2026-09-26,51,quantile,0.25,41.91
2026-09-12,wk inc covid hosp,3,2026-10-03,51,quantile,0.25,37.16
2026-09-12,wk inc covid hosp,-1,2026-09-05,51,quantile,0.3,42.39
2026-09-12,wk inc covid hosp,0,2026-09-12,51,quantile,0.3,44.25
2026-09-12,wk inc covid hosp,1,2026-09-19,51,quantile,0.3,44.91
2026-09-12,wk inc covid hosp,2,2026-09-26,51,quantile,0.3,43.22
2026-09-12,wk inc covid hosp,3,2026-10-03,51,quantile,0.3,38.52
2026-09-12,wk inc covid hosp,-1,2026-09-05,51,quantile,0.35,42.95
2026-09-12,wk inc covid hosp,0,2026-09-12,51,quantile,0.35,45.09
2026-09-12,wk inc covid hosp,1,2026-09-19,51,quantile,0.35,46.02
2026-09-12,wk inc covid hosp,2,2026-09-26,51,quantile,0.35,44.46
2026-09-12,wk inc covid hosp,3,2026-10-03,51,quantile,0.35,39.82
2026-09-12,wk inc covid hosp,-1,2026-09-05,51,quantile,0.4,43.49
2026-09-12,wk inc covid hosp,0,2026-09-12,51,quantile,0.4,45.9
2026-09-12,wk inc covid hosp,1,2026-09-19,51,quantile,0.4,47.09
2026-09-12,wk inc covid hosp,2,2026-09-26,51,quantile,0.4,45.67
2026-09-12,wk inc covid hosp,3,2026-10-03,51,quantile,0.4,41.08
2026-09-12,wk inc covid hosp,-1,2026-09-05,51,quantile,0.45,44.01
2026-09-12,wk inc covid hosp,0,2026-09-12,51,quantile,0.45,46.7
2026-09-12,wk inc covid hosp,1,2026-09-19,51,quantile,0.45,48.14
2026-09-12,wk inc covid hosp,2,2026-09-26,51,quantile,0.45,46.86
2026-09-12,wk inc covid hosp,3,2026-10-03,51,quantile,0.45,42.34
2026-09-12,wk inc covid hosp,-1,2026-09-05,51,quantile,0.5,44.54
2026-09-12,wk inc covid hosp,0,2026-09-12,51,quantile,0.5,47.49
2026-09-12,wk inc covid hosp,1,2026-09-19,51,quantile,0.5,49.2
2026-09-12,wk inc covid hosp,2,2026-09-26,51,quantile,0.5,48.06
2026-09-12,wk inc covid hosp,3,2026-10-03,51,quantile,0.5,43.61
2026-09-12,wk inc covid hosp,-1,2026-09-05,51,quantile,0.55,45.06
2026-09-12,wk inc covid hosp,0,2026-09-12,51,quantile,0.55,48.3
2026-09-12,wk inc covid hosp,1,2026-09-19,51,quantile,0.55,50.28
2026-09-12,wk inc covid hosp,2,2026-09-26,51,quantile,0.55,49.29
2026-09-12,wk inc covid hosp,3,2026-10-03,51,quantile,0.55,44.91
2026-09-12,wk inc covid hosp,-1,2026-09-05,51,quantile,0.6,45.61
2026-09-12,wk inc covid hosp,0,2026-09-12,51,quantile,0.6,49.13
2026-09-12,wk inc covid hosp,1,2026-09-19,51,quantile,0.6,51.39
2026-09-12,wk inc covid hosp,2,2026-09-26,51,quantile,0.6,50.56
2026-09-12,wk inc covid hosp,3,2026-10-03,51,quantile,0.6,46.26
2026-09-12,wk inc covid hosp,-1,2026-09-05,51,quantile,0.65,46.17
2026-09-12,wk inc covid hosp,0,2026-09-12,51,quantile,0.65,50.0
2026-09-12,wk inc covid hosp,1,2026-09-19,51,quantile,0.65,52.57
2026-09-12,wk inc covid hosp,2,2026-09-26,51,quantile,0.65,51.9
2026-09-12,wk inc covid hosp,3,2026-10-03,51,quantile,0.65,47.69
2026-09-12,wk inc covid hosp,-1,2026-09-05,51,quantile,0.7,46.77
2026-09-12,wk inc covid hosp,0,2026-09-12,51,quantile,0.7,50.94
2026-09-12,wk inc covid hosp,1,2026-09-19,51,quantile,0.7,53.83
2026-09-12,wk inc covid hosp,2,2026-09-26,51,quantile,0.7,53.35
2026-09-12,wk inc covid hosp,3,2026-10-03,51,quantile,0.7,49.24
2026-09-12,wk inc covid hosp,-1,2026-09-05,51,quantile,0.75,47.43
2026-09-12,wk inc covid hosp,0,2026-09-12,51,quantile,0.75,51.96
2026-09-12,wk inc covid hosp,1,2026-09-19,51,quantile,0.75,55.22
2026-09-12,wk inc covid hosp,2,2026-09-26,51,quantile,0.75,54.95
2026-09-12,wk inc covid hosp,3,2026-10-03,51,quantile,0.75,50.96
2026-09-12,wk inc covid hosp,-1,2026-09-05,51,quantile,0.8,48.17
2026-09-12,wk inc covid hosp,0,2026-09-12,51,quantile,0.8,53.12
2026-09-12,wk inc covid hosp,1,2026-09-19,51,quantile,0.8,56.8
2026-09-12,wk inc covid hosp,2,2026-09-26,51,quantile,0.8,56.77
2026-09-12,wk inc covid hosp,3,2026-10-03,51,quantile,0.8,52.93
2026-09-12,wk inc covid hosp,-1,2026-09-05,51,quantile,0.85,49.05
2026-09-12,wk inc covid hosp,0,2026-09-12,51,quantile,0.85,54.5
2026-09-12,wk inc covid hosp,1,2026-09-19,51,quantile,0.85,58.69
2026-09-12,wk inc covid hosp,2,2026-09-26,51,quantile,0.85,58.97
2026-09-12,wk inc covid hosp,3,2026-10-03,51,quantile,0.85,55.31
2026-09-12,wk inc covid hosp,-1,2026-09-05,51,quantile,0.9,50.17
2026-09-12,wk inc covid hosp,0,2026-09-12,51,quantile,0.9,56.27
2026-09-12,wk inc covid hosp,1,2026-09-19,51,quantile,0.9,61.15
2026-09-12,wk inc covid hosp,2,2026-09-26,51,quantile,0.9,61.83
2026-09-12,wk inc covid hosp,3,2026-10-03,51,quantile,0.9,58.43
2026-09-12,wk inc covid hosp,-1,2026-09-05,51,quantile,0.95,51.87
2026-09-12,wk inc covid hosp,0,2026-09-12,51,quantile,0.95,58.99
2026-09-12,wk inc covid hosp,1,2026-09-19,51,quantile,0.95,64.94
2026-09-12,wk inc covid hosp,2,2026-09-26,51,quantile,0.95,66.28
2026-09-12,wk inc covid hosp,3,2026-10-03,51,quantile,0.95,63.32
2026-09-12,wk inc covid hosp,-1,2026-09-05,51,quantile,0.975,53.38
2026-09-12,wk inc covid hosp,0,2026-09-12,51,quantile,0.975,61.44
2026-09-12,wk inc covid hosp,1,2026-09-19,51,quantile,0.975,68.39
2026-09-12,wk inc covid hosp,2,2026-09-26,51,quantile,0.975,70.35
2026-09-12,wk inc covid hosp,3,2026-10-03,51,quantile,0.975,67.83
2026-09-12,wk inc covid hosp,-1,2026-09-05,51,quantile,0.99,55.19
2026-09-12,wk inc covid hosp,0,2026-09-12,51,quantile,0.99,64.39
2026-09-12,wk inc covid hosp,1,2026-09-19,51,quantile,0.99,72.59
2026-09-12,wk inc covid hosp,2,2026-09-26,51,quantile,0.99,75.34
2026-09-12,wk inc covid hosp,3,2026-10-03,51,quantile,0.99,73.41
2026-09-12,wk inc covid hosp,-1,2026-09-05,53,quantile,0.01,52.78
2026-09-12,wk inc covid hosp,0,2026-09-12,53,quantile,0.01,47.87
2026-09-12,wk inc covid hosp,1,2026-09-19,53,quantile,0.01,40.3
2026-09-12,wk inc covid hosp,2,2026-09-26,53,quantile,0.01,33.09
2026-09-12,wk inc covid hosp,3,2026-10-03,53,quantile,0.01,26.58
2026-09-12,wk inc covid hosp,-1,2026-09-05,53,quantile,0.025,54.07
2026-09-12,wk inc covid hosp,0,2026-09-12,53,quantile,0.025,49.65
2026-09-12,wk inc covid hosp,1,2026-09-19,53,quantile,0.025,42.41
2026-09-12,wk inc covid hosp,2,2026-09-26,53,quantile,0.025,35.34
2026-09-12,wk inc covid hosp,3,2026-10-03,53,quantile,0.025,28.74
2026-09-12,wk inc covid hosp,-1,2026-09-05,53,quantile,0.05,55.2
2026-09-12,wk inc covid hosp,0,2026-09-12,53,quantile,0.05,51.23
2026-09-12,wk inc covid hosp,1,2026-09-19,53,quantile,0.05,44.31
2026-09-12,wk inc covid hosp,2,2026-09-26,53,quantile,0.05,37.37
2026-09-12,wk inc covid hosp,3,2026-10-03,53,quantile,0.05,30.72
2026-09-12,wk inc covid hosp,-1,2026-09-05,53,quantile,0.1,56.52
2026-09-12,wk inc covid hosp,0,2026-09-12,53,quantile,0.1,53.1
2026-09-12,wk inc covid hosp,1,2026-09-19,53,quantile,0.1,46.57
2026-09-12,wk inc covid hosp,2,2026-09-26,53,quantile,0.1,39.83
2026-09-12,wk inc covid hosp,3,2026-10-03,53,quantile,0.1,33.14
2026-09-12,wk inc covid hosp,-1,2026-09-05,53,quantile,0.15,57.43
2026-09-12,wk inc covid hosp,0,2026-09-12,53,quantile,0.15,54.39
2026-09-12,wk inc covid hosp,1,2026-09-19,53,quantile,0.15,48.16
2026-09-12,wk inc covid hosp,2,2026-09-26,53,quantile,0.15,41.56
2026-09-12,wk inc covid hosp,3,2026-10-03,53,quantile,0.15,34.87
2026-09-12,wk inc covid hosp,-1,2026-09-05,53,quantile,0.2,58.16
2026-09-12,wk inc covid hosp,0,2026-09-12,53,quantile,0.2,55.44
2026-09-12,wk inc covid hosp,1,2026-09-19,53,quantile,0.2,49.45
2026-09-12,wk inc covid hosp,2,2026-09-26,53,quantile,0.2,42.99
2026-09-12,wk inc covid hosp,3,2026-10-03,53,quantile,0.2,36.29
2026-09-12,wk inc covid hosp,-1,2026-09-05,53,quantile,0.25,58.79
2026-09-12,wk inc covid hosp,0,2026-09-12,53,quantile,0.25,56.35
2026-09-12,wk inc covid hosp,1,2026-09-19,53,quantile,0.25,50.58
2026-09-12,wk inc covid hosp,2,2026-09-26,53,quantile,0.25,44.24
2026-09-12,wk inc covid hosp,3,2026-10-03,53,quantile,0.25,37.55
2026-09-12,wk inc covid hosp,-1,2026-09-05,53,quantile,0.3,59.36
2026-09-12,wk inc covid hosp,0,2026-09-12,53,quantile,0.3,57.17
2026-09-12,wk inc covid hosp,1,2026-09-19,53,quantile,0.3,51.61
2026-09-12,wk inc covid hosp,2,2026-09-26,53,quantile,0.3,45.39
2026-09-12,wk inc covid hosp,3,2026-10-03,53,quantile,0.3,38.71
2026-09-12,wk inc covid hosp,-1,2026-09-05,53,quantile,0.35,59.9
2026-09-12,wk inc covid hosp,0,2026-09-12,53,quantile,0.35,57.95
2026-09-12,wk inc covid hosp,1,2026-09-19,53,quantile,0.35,52.59
2026-09-12,wk inc covid hosp,2,2026-09-26,53,quantile,0.35,46.48
2026-09-12,wk inc covid hosp,3,2026-10-03,53,quantile,0.35,39.81
2026-09-12,wk inc covid hosp,-1,2026-09-05,53,quantile,0.4,60.41
2026-09-12,wk inc covid hosp,0,2026-09-12,53,quantile,0.4,58.69
2026-09-12,wk inc covid hosp,1,2026-09-19,53,quantile,0.4,53.53
2026-09-12,wk inc covid hosp,2,2026-09-26,53,quantile,0.4,47.54
2026-09-12,wk inc covid hosp,3,2026-10-03,53,quantile,0.4,40.88
2026-09-12,wk inc covid hosp,-1,2026-09-05,53,quantile,0.45,60.91
2026-09-12,wk inc covid hosp,0,2026-09-12,53,quantile,0.45,59.42
2026-09-12,wk inc covid hosp,1,2026-09-19,53,quantile,0.45,54.45
2026-09-12,wk inc covid hosp,2,2026-09-26,53,quantile,0.45,48.58
2026-09-12,wk inc covid hosp,3,2026-10-03,53,quantile,0.45,41.94
2026-09-12,wk inc covid hosp,-1,2026-09-05,53,quantile,0.5,61.4
2026-09-12,wk inc covid hosp,0,2026-09-12,53,quantile,0.5,60.15
2026-09-12,wk inc covid hosp,1,2026-09-19,53,quantile,0.5,55.37
2026-09-12,wk inc covid hosp,2,2026-09-26,53,quantile,0.5,49.62
2026-09-12,wk inc covid hosp,3,2026-10-03,53,quantile,0.5,43.01
2026-09-12,wk inc covid hosp,-1,2026-09-05,53,quantile,0.55,61.9
2026-09-12,wk inc covid hosp,0,2026-09-12,53,quantile,0.55,60.88
2026-09-12,wk inc covid hosp,1,2026-09-19,53,quantile,0.55,56.3
2026-09-12,wk inc covid hosp,2,2026-09-26,53,quantile,0.55,50.68
2026-09-12,wk inc covid hosp,3,2026-10-03,53,quantile,0.55,44.09
2026-09-12,wk inc covid hosp,-1,2026-09-05,53,quantile,0.6,62.41
2026-09-12,wk inc covid hosp,0,2026-09-12,53,quantile,0.6,61.63
2026-09-12,wk inc covid hosp,1,2026-09-19,53,quantile,0.6,57.26
2026-09-12,wk inc covid hosp,2,2026-09-26,53,quantile,0.6,51.77
2026-09-12,wk inc covid hosp,3,2026-10-03,53,quantile,0.6,45.22
2026-09-12,wk inc covid hosp,-1,2026-09-05,53,quantile,0.65,62.94
2026-09-12,wk inc covid hosp,0,2026-09-12,53,quantile,0.65,62.41
2026-09-12,wk inc covid hosp,1,2026-09-19,53,quantile,0.65,58.27
2026-09-12,wk inc covid hosp,2,2026-09-26,53,quantile,0.65,52.93
2026-09-12,wk inc covid hosp,3,2026-10-03,53,quantile,0.65,46.41
2026-09-12,wk inc covid hosp,-1,2026-09-05,53,quantile,0.7,63.5
2026-09-12,wk inc covid hosp,0,2026-09-12,53,quantile,0.7,63.25
2026-09-12,wk inc covid hosp,1,2026-09-19,53,quantile,0.7,59.34
2026-09-12,wk inc covid hosp,2,2026-09-26,53,quantile,0.7,54.17
2026-09-12,wk inc covid hosp,3,2026-10-03,53,quantile,0.7,47.69
2026-09-12,wk inc covid hosp,-1,2026-09-05,53,quantile,0.75,64.11
2026-09-12,wk inc covid hosp,0,2026-09-12,53,quantile,0.75,64.16
2026-09-12,wk inc covid hosp,1,2026-09-19,53,quantile,0.75,60.52
2026-09-12,wk inc covid hosp,2,2026-09-26,53,quantile,0.75,55.53
2026-09-12,wk inc covid hosp,3,2026-10-03,53,quantile,0.75,49.11
2026-09-12,wk inc covid hosp,-1,2026-09-05,53,quantile,0.8,64.79
2026-09-12,wk inc covid hosp,0,2026-09-12,53,quantile,0.8,65.19
2026-09-12,wk inc covid hosp,1,2026-09-19,53,quantile,0.8,61.86
2026-09-12,wk inc covid hosp,2,2026-09-26,53,quantile,0.8,57.08
2026-09-12,wk inc covid hosp,3,2026-10-03,53,quantile,0.8,50.73
2026-09-12,wk inc covid hosp,-1,2026-09-05,53,quantile,0.85,65.6
2026-09-12,wk inc covid hosp,0,2026-09-12,53,quantile,0.85,66.4
2026-09-12,wk inc covid hosp,1,2026-09-19,53,quantile,0.85,63.45
2026-09-12,wk inc covid hosp,2,2026-09-26,53,quantile,0.85,58.94
2026-09-12,wk inc covid hosp,3,2026-10-03,53,quantile,0.85,52.67
2026-09-12,wk inc covid hosp,-1,2026-09-05,53,quantile,0.9,66.63
2026-09-12,wk inc covid hosp,0,2026-09-12,53,quantile,0.9,67.96
2026-09-12,wk inc covid hosp,1,2026-09-19,53,quantile,0.9,65.5
2026-09-12,wk inc covid hosp,2,2026-09-26,53,quantile,0.9,61.34
2026-09-12,wk inc covid hosp,3,2026-10-03,53,quantile,0.9,55.2
2026-09-12,wk inc covid hosp,-1,2026-09-05,53,quantile,0.95,68.18
2026-09-12,wk inc covid hosp,0,2026-09-12,53,quantile,0.95,70.32
2026-09-12,wk inc covid hosp,1,2026-09-19,53,quantile,0.95,68.64
2026-09-12,wk inc covid hosp,2,2026-09-26,53,quantile,0.95,65.05
2026-09-12,wk inc covid hosp,3,2026-10-03,53,quantile,0.95,59.14
2026-09-12,wk inc covid hosp,-1,2026-09-05,53,quantile,0.975,69.54
2026-09-12,wk inc covid hosp,0,2026-09-12,53,quantile,0.975,72.43
2026-09-12,wk inc covid hosp,1,2026-09-19,53,quantile,0.975,71.46
2026-09-12,wk inc covid hosp,2,2026-09-26,53,quantile,0.975,68.42
2026-09-12,wk inc covid hosp,3,2026-10-03,53,quantile,0.975,62.74
2026-09-12,wk inc covid hosp,-1,2026-09-05,53,quantile,0.99,71.16
2026-09-12,wk inc covid hosp,0,2026-09-12,53,quantile,0.99,74.94
2026-09-12,wk inc covid hosp,1,2026-09-19,53,quantile,0.99,74.86
2026-09-12,wk inc covid hosp,2,2026-09-26,53,quantile,0.99,72.52
2026-09-12,wk inc covid hosp,3,2026-10-03,53,quantile,0.99,67.15
2026-09-12,wk inc covid hosp,-1,2026-09-05,54,quantile,0.01,3.16
2026-09-12,wk inc covid hosp,0,2026-09-12,54,quantile,0.01,2.91
2026-09-12,wk inc covid hosp,1,2026-09-19,54,quantile,0.01,2.62
2026-09-12,wk inc covid hosp,2,2026-09-26,54,quantile,0.01,2.34
2026-09-12,wk inc covid hosp,3,2026-10-03,54,quantile,0.01,1.77
2026-09-12,wk inc covid hosp,-1,2026-09-05,54,quantile,0.025,3.34
2026-09-12,wk inc covid hosp,0,2026-09-12,54,quantile,0.025,3.15
2026-09-12,wk inc covid hosp,1,2026-09-19,54,quantile,0.025,2.91
2026-09-12,wk inc covid hosp,2,2026-09-26,54,quantile,0.025,2.65
2026-09-12,wk inc covid hosp,3,2026-10-03,54,quantile,0.025,2.06
2026-09-12,wk inc covid hosp,-1,2026-09-05,54,quantile,0.05,3.5
2026-09-12,wk inc covid hosp,0,2026-09-12,54,quantile,0.05,3.37
2026-09-12,wk inc covid hosp,1,2026-09-19,54,quantile,0.05,3.19
2026-09-12,wk inc covid hosp,2,2026-09-26,54,quantile,0.05,2.95
2026-09-12,wk inc covid hosp,3,2026-10-03,54,quantile,0.05,2.34
2026-09-12,wk inc covid hosp,-1,2026-09-05,54,quantile,0.1,3.69
2026-09-12,wk inc covid hosp,0,2026-09-12,54,quantile,0.1,3.64
2026-09-12,wk inc covid hosp,1,2026-09-19,54,quantile,0.1,3.53
2026-09-12,wk inc covid hosp,2,2026-09-26,54,quantile,0.1,3.32
2026-09-12,wk inc covid hosp,3,2026-10-03,54,quantile,0.1,2.69
2026-09-12,wk inc covid hosp,-1,2026-09-05,54,quantile,0.15,3.83
2026-09-12,wk inc covid hosp,0,2026-09-12,54,quantile,0.15,3.83
2026-09-12,wk inc covid hosp,1,2026-09-19,54,quantile,0.15,3.78
2026-09-12,wk inc covid hosp,2,2026-09-26,54,quantile,0.15,3.6
2026-09-12,wk inc covid hosp,3,2026-10-03,54,quantile,0.15,2.96
2026-09-12,wk inc covid hosp,-1,2026-09-05,54,quantile,0.2,3.94
2026-09-12,wk inc covid hosp,0,2026-09-12,54,quantile,0.2,3.99
2026-09-12,wk inc covid hosp,1,2026-09-19,54,quantile,0.2,3.99
2026-09-12,wk inc covid hosp,2,2026-09-26,54,quantile,0.2,3.83
2026-09-12,wk inc covid hosp,3,2026-10-03,54,quantile,0.2,3.19
2026-09-12,wk inc covid hosp,-1,2026-09-05,54,quantile,0.25,4.04
2026-09-12,wk inc covid hosp,0,2026-09-12,54,quantile,0.25,4.13
2026-09-12,wk inc covid hosp,1,2026-09-19,54,quantile,0.25,4.17
2026-09-12,wk inc covid hosp,2,2026-09-26,54,quantile,0.25,4.04
2026-09-12,wk inc covid hosp,3,2026-10-03,54,quantile,0.25,3.39
2026-09-12,wk inc covid hosp,-1,2026-09-05,54,quantile,0.3,4.12
2026-09-12,wk inc covid hosp,0,2026-09-12,54,quantile,0.3,4.26
2026-09-12,wk inc covid hosp,1,2026-09-19,54,quantile,0.3,4.35
2026-09-12,wk inc covid hosp,2,2026-09-26,54,quantile,0.3,4.23
2026-09-12,wk inc covid hosp,3,2026-10-03,54,quantile,0.3,3.59
2026-09-12,wk inc covid hosp,-1,2026-09-05,54,quantile,0.35,4.21
2026-09-12,wk inc covid hosp,0,2026-09-12,54,quantile,0.35,4.38
2026-09-12,wk inc covid hosp,1,2026-09-19,54,quantile,0.35,4.51
2026-09-12,wk inc covid hosp,2,2026-09-26,54,quantile,0.35,4.42
2026-09-12,wk inc covid hosp,3,2026-10-03,54,quantile,0.35,3.78
2026-09-12,wk inc covid hosp,-1,2026-09-05,54,quantile,0.4,4.29
2026-09-12,wk inc covid hosp,0,2026-09-12,54,quantile,0.4,4.5
2026-09-12,wk inc covid hosp,1,2026-09-19,54,quantile,0.4,4.68
2026-09-12,wk inc covid hosp,2,2026-09-26,54,quantile,0.4,4.61
2026-09-12,wk inc covid hosp,3,2026-10-03,54,quantile,0.4,3.96
2026-09-12,wk inc covid hosp,-1,2026-09-05,54,quantile,0.45,4.37
2026-09-12,wk inc covid hosp,0,2026-09-12,54,quantile,0.45,4.62
2026-09-12,wk inc covid hosp,1,2026-09-19,54,quantile,0.45,4.84
2026-09-12,wk inc covid hosp,2,2026-09-26,54,quantile,0.45,4.79
2026-09-12,wk inc covid hosp,3,2026-10-03,54,quantile,0.45,4.15
2026-09-12,wk inc covid hosp,-1,2026-09-05,54,quantile,0.5,4.45
2026-09-12,wk inc covid hosp,0,2026-09-12,54,quantile,0.5,4.74
2026-09-12,wk inc covid hosp,1,2026-09-19,54,quantile,0.5,5.0
2026-09-12,wk inc covid hosp,2,2026-09-26,54,quantile,0.5,4.98
2026-09-12,wk inc covid hosp,3,2026-10-03,54,quantile,0.5,4.34
2026-09-12,wk inc covid hosp,-1,2026-09-05,54,quantile,0.55,4.53
2026-09-12,wk inc covid hosp,0,2026-09-12,54,quantile,0.55,4.86
2026-09-12,wk inc covid hosp,1,2026-09-19,54,quantile,0.55,5.17
2026-09-12,wk inc covid hosp,2,2026-09-26,54,quantile,0.55,5.17
2026-09-12,wk inc covid hosp,3,2026-10-03,54,quantile,0.55,4.54
2026-09-12,wk inc covid hosp,-1,2026-09-05,54,quantile,0.6,4.61
2026-09-12,wk inc covid hosp,0,2026-09-12,54,quantile,0.6,4.99
2026-09-12,wk inc covid hosp,1,2026-09-19,54,quantile,0.6,5.35
2026-09-12,wk inc covid hosp,2,2026-09-26,54,quantile,0.6,5.38
2026-09-12,wk inc covid hosp,3,2026-10-03,54,quantile,0.6,4.76
2026-09-12,wk inc covid hosp,-1,2026-09-05,54,quantile,0.65,4.7
2026-09-12,wk inc covid hosp,0,2026-09-12,54,quantile,0.65,5.12
2026-09-12,wk inc covid hosp,1,2026-09-19,54,quantile,0.65,5.54
2026-09-12,wk inc covid hosp,2,2026-09-26,54,quantile,0.65,5.59
2026-09-12,wk inc covid hosp,3,2026-10-03,54,quantile,0.65,4.98
2026-09-12,wk inc covid hosp,-1,2026-09-05,54,quantile,0.7,4.79
2026-09-12,wk inc covid hosp,0,2026-09-12,54,quantile,0.7,5.27
2026-09-12,wk inc covid hosp,1,2026-09-19,54,quantile,0.7,5.74
2026-09-12,wk inc covid hosp,2,2026-09-26,54,quantile,0.7,5.83
2026-09-12,wk inc covid hosp,3,2026-10-03,54,quantile,0.7,5.23
2026-09-12,wk inc covid hosp,-1,2026-09-05,54,quantile,0.75,4.89
2026-09-12,wk inc covid hosp,0,2026-09-12,54,quantile,0.75,5.42
2026-09-12,wk inc covid hosp,1,2026-09-19,54,quantile,0.75,5.97
2026-09-12,wk inc covid hosp,2,2026-09-26,54,quantile,0.75,6.1
2026-09-12,wk inc covid hosp,3,2026-10-03,54,quantile,0.75,5.51
2026-09-12,wk inc covid hosp,-1,2026-09-05,54,quantile,0.8,5.01
2026-09-12,wk inc covid hosp,0,2026-09-12,54,quantile,0.8,5.61
2026-09-12,wk inc covid hosp,1,2026-09-19,54,quantile,0.8,6.23
2026-09-12,wk inc covid hosp,2,2026-09-26,54,quantile,0.8,6.4
2026-09-12,wk inc covid hosp,3,2026-10-03,54,quantile,0.8,5.83
2026-09-12,wk inc covid hosp,-1,2026-09-05,54,quantile,0.85,5.14
2026-09-12,wk inc covid hosp,0,2026-09-12,54,quantile,0.85,5.82
2026-09-12,wk inc covid hosp,1,2026-09-19,54,quantile,0.85,6.54
2026-09-12,wk inc covid hosp,2,2026-09-26,54,quantile,0.85,6.78
2026-09-12,wk inc covid hosp,3,2026-10-03,54,quantile,0.85,6.23
2026-09-12,wk inc covid hosp,-1,2026-09-05,54,quantile,0.9,5.32
2026-09-12,wk inc covid hosp,0,2026-09-12,54,quantile,0.9,6.11
2026-09-12,wk inc covid hosp,1,2026-09-19,54,quantile,0.9,6.96
2026-09-12,wk inc covid hosp,2,2026-09-26,54,quantile,0.9,7.27
2026-09-12,wk inc covid hosp,3,2026-10-03,54,quantile,0.9,6.77
2026-09-12,wk inc covid hosp,-1,2026-09-05,54,quantile,0.95,5.59
2026-09-12,wk inc covid hosp,0,2026-09-12,54,quantile,0.95,6.55
2026-09-12,wk inc covid hosp,1,2026-09-19,54,quantile,0.95,7.61
2026-09-12,wk inc covid hosp,2,2026-09-26,54,quantile,0.95,8.06
2026-09-12,wk inc covid hosp,3,2026-10-03,54,quantile,0.95,7.63
2026-09-12,wk inc covid hosp,-1,2026-09-05,54,quantile,0.975,5.84
2026-09-12,wk inc covid hosp,0,2026-09-12,54,quantile,0.975,6.95
2026-09-12,wk inc covid hosp,1,2026-09-19,54,quantile,0.975,8.22
2026-09-12,wk inc covid hosp,2,2026-09-26,54,quantile,0.975,8.8
2026-09-12,wk inc covid hosp,3,2026-10-03,54,quantile,0.975,8.44
2026-09-12,wk inc covid hosp,-1,2026-09-05,54,quantile,0.99,6.14
2026-09-12,wk inc covid hosp,0,2026-09-12,54,quantile,0.99,7.45
2026-09-12,wk inc covid hosp,1,2026-09-19,54,quantile,0.99,8.98
2026-09-12,wk inc covid hosp,2,2026-09-26,54,quantile,0.99,9.73
2026-09-12,wk inc covid hosp,3,2026-10-03,54,quantile,0.99,9.48
2026-09-12,wk inc covid hosp,-1,2026-09-05,55,quantile,0.01,31.01
2026-09-12,wk inc covid hosp,0,2026-09-12,55,quantile,0.01,30.1
2026-09-12,wk inc covid hosp,1,2026-09-19,55,quantile,0.01,28.08
2026-09-12,wk inc covid hosp,2,2026-09-26,55,quantile,0.01,24.1
2026-09-12,wk inc covid hosp,3,2026-10-03,55,quantile,0.01,20.51
2026-09-12,wk inc covid hosp,-1,2026-09-05,55,quantile,0.025,31.97
2026-09-12,wk inc covid hosp,0,2026-09-12,55,quantile,0.025,31.46
2026-09-12,wk inc covid hosp,1,2026-09-19,55,quantile,0.025,29.77
2026-09-12,wk inc covid hosp,2,2026-09-26,55,quantile,0.025,25.96
2026-09-12,wk inc covid hosp,3,2026-10-03,55,quantile,0.025,22.29
2026-09-12,wk inc covid hosp,-1,2026-09-05,55,quantile,0.05,32.81
2026-09-12,wk inc covid hosp,0,2026-09-12,55,quantile,0.05,32.66
2026-09-12,wk inc covid hosp,1,2026-09-19,55,quantile,0.05,31.29
2026-09-12,wk inc covid hosp,2,2026-09-26,55,quantile,0.05,27.65
2026-09-12,wk inc covid hosp,3,2026-10-03,55,quantile,0.05,23.91
2026-09-12,wk inc covid hosp,-1,2026-09-05,55,quantile,0.1,33.8
2026-09-12,wk inc covid hosp,0,2026-09-12,55,quantile,0.1,34.1
2026-09-12,wk inc covid hosp,1,2026-09-19,55,quantile,0.1,33.13
2026-09-12,wk inc covid hosp,2,2026-09-26,55,quantile,0.1,29.72
2026-09-12,wk inc covid hosp,3,2026-10-03,55,quantile,0.1,25.9
2026-09-12,wk inc covid hosp,-1,2026-09-05,55,quantile,0.15,34.48
2026-09-12,wk inc covid hosp,0,2026-09-12,55,quantile,0.15,35.1
2026-09-12,wk inc covid hosp,1,2026-09-19,55,quantile,0.15,34.42
2026-09-12,wk inc covid hosp,2,2026-09-26,55,quantile,0.15,31.18
2026-09-12,wk inc covid hosp,3,2026-10-03,55,quantile,0.15,27.33
2026-09-12,wk inc covid hosp,-1,2026-09-05,55,quantile,0.2,35.03
2026-09-12,wk inc covid hosp,0,2026-09-12,55,quantile,0.2,35.92
2026-09-12,wk inc covid hosp,1,2026-09-19,55,quantile,0.2,35.47
2026-09-12,wk inc covid hosp,2,2026-09-26,55,quantile,0.2,32.39
2026-09-12,wk inc covid hosp,3,2026-10-03,55,quantile,0.2,28.51
2026-09-12,wk inc covid hosp,-1,2026-09-05,55,quantile,0.25,35.51
2026-09-12,wk inc covid hosp,0,2026-09-12,55,quantile,0.25,36.63
2026-09-12,wk inc covid hosp,1,2026-09-19,55,quantile,0.25,36.4
2026-09-12,wk inc covid hosp,2,2026-09-26,55,quantile,0.25,33.45
2026-09-12,wk inc covid hosp,3,2026-10-03,55,quantile,0.25,29.55
2026-09-12,wk inc covid hosp,-1,2026-09-05,55,quantile,0.3,35.94
2026-09-12,wk inc covid hosp,0,2026-09-12,55,quantile,0.3,37.27
2026-09-12,wk inc covid hosp,1,2026-09-19,55,quantile,0.3,37.25
2026-09-12,wk inc covid hosp,2,2026-09-26,55,quantile,0.3,34.43
2026-09-12,wk inc covid hosp,3,2026-10-03,55,quantile,0.3,30.51
2026-09-12,wk inc covid hosp,-1,2026-09-05,55,quantile,0.35,36.35
2026-09-12,wk inc covid hosp,0,2026-09-12,55,quantile,0.35,37.88
2026-09-12,wk inc covid hosp,1,2026-09-19,55,quantile,0.35,38.05
2026-09-12,wk inc covid hosp,2,2026-09-26,55,quantile,0.35,35.37
2026-09-12,wk inc covid hosp,3,2026-10-03,55,quantile,0.35,31.43
2026-09-12,wk inc covid hosp,-1,2026-09-05,55,quantile,0.4,36.74
2026-09-12,wk inc covid hosp,0,2026-09-12,55,quantile,0.4,38.46
2026-09-12,wk inc covid hosp,1,2026-09-19,55,quantile,0.4,38.82
2026-09-12,wk inc covid hosp,2,2026-09-26,55,quantile,0.4,36.27
2026-09-12,wk inc covid hosp,3,2026-10-03,55,quantile,0.4,32.32
2026-09-12,wk inc covid hosp,-1,2026-09-05,55,quantile,0.45,37.12
2026-09-12,wk inc covid hosp,0,2026-09-12,55,quantile,0.45,39.04
2026-09-12,wk inc covid hosp,1,2026-09-19,55,quantile,0.45,39.58
2026-09-12,wk inc covid hosp,2,2026-09-26,55,quantile,0.45,37.16
2026-09-12,wk inc covid hosp,3,2026-10-03,55,quantile,0.45,33.2
2026-09-12,wk inc covid hosp,-1,2026-09-05,55,quantile,0.5,37.49
2026-09-12,wk inc covid hosp,0,2026-09-12,55,quantile,0.5,39.61
2026-09-12,wk inc covid hosp,1,2026-09-19,55,quantile,0.5,40.34
2026-09-12,wk inc covid hosp,2,2026-09-26,55,quantile,0.5,38.06
2026-09-12,wk inc covid hosp,3,2026-10-03,55,quantile,0.5,34.09
2026-09-12,wk inc covid hosp,-1,2026-09-05,55,quantile,0.55,37.87
2026-09-12,wk inc covid hosp,0,2026-09-12,55,quantile,0.55,40.19
2026-09-12,wk inc covid hosp,1,2026-09-19,55,quantile,0.55,41.12
2026-09-12,wk inc covid hosp,2,2026-09-26,55,quantile,0.55,38.97
2026-09-12,wk inc covid hosp,3,2026-10-03,55,quantile,0.55,35.0
2026-09-12,wk inc covid hosp,-1,2026-09-05,55,quantile,0.6,38.26
2026-09-12,wk inc covid hosp,0,2026-09-12,55,quantile,0.6,40.78
2026-09-12,wk inc covid hosp,1,2026-09-19,55,quantile,0.6,41.91
2026-09-12,wk inc covid hosp,2,2026-09-26,55,quantile,0.6,39.92
2026-09-12,wk inc covid hosp,3,2026-10-03,55,quantile,0.6,35.94
2026-09-12,wk inc covid hosp,-1,2026-09-05,55,quantile,0.65,38.67
2026-09-12,wk inc covid hosp,0,2026-09-12,55,quantile,0.65,41.4
2026-09-12,wk inc covid hosp,1,2026-09-19,55,quantile,0.65,42.75
2026-09-12,wk inc covid hosp,2,2026-09-26,55,quantile,0.65,40.92
2026-09-12,wk inc covid hosp,3,2026-10-03,55,quantile,0.65,36.94
2026-09-12,wk inc covid hosp,-1,2026-09-05,55,quantile,0.7,39.1
2026-09-12,wk inc covid hosp,0,2026-09-12,55,quantile,0.7,42.07
2026-09-12,wk inc covid hosp,1,2026-09-19,55,quantile,0.7,43.65
2026-09-12,wk inc covid hosp,2,2026-09-26,55,quantile,0.7,41.99
2026-09-12,wk inc covid hosp,3,2026-10-03,55,quantile,0.7,38.01
2026-09-12,wk inc covid hosp,-1,2026-09-05,55,quantile,0.75,39.57
2026-09-12,wk inc covid hosp,0,2026-09-12,55,quantile,0.75,42.79
2026-09-12,wk inc covid hosp,1,2026-09-19,55,quantile,0.75,44.64
2026-09-12,wk inc covid hosp,2,2026-09-26,55,quantile,0.75,43.18
2026-09-12,wk inc covid hosp,3,2026-10-03,55,quantile,0.75,39.2
2026-09-12,wk inc covid hosp,-1,2026-09-05,55,quantile,0.8,40.1
2026-09-12,wk inc covid hosp,0,2026-09-12,55,quantile,0.8,43.61
2026-09-12,wk inc covid hosp,1,2026-09-19,55,quantile,0.8,45.76
2026-09-12,wk inc covid hosp,2,2026-09-26,55,quantile,0.8,44.53
2026-09-12,wk inc covid hosp,3,2026-10-03,55,quantile,0.8,40.56
2026-09-12,wk inc covid hosp,-1,2026-09-05,55,quantile,0.85,40.72
2026-09-12,wk inc covid hosp,0,2026-09-12,55,quantile,0.85,44.59
2026-09-12,wk inc covid hosp,1,2026-09-19,55,quantile,0.85,47.09
2026-09-12,wk inc covid hosp,2,2026-09-26,55,quantile,0.85,46.16
2026-09-12,wk inc covid hosp,3,2026-10-03,55,quantile,0.85,42.19
2026-09-12,wk inc covid hosp,-1,2026-09-05,55,quantile,0.9,41.52
2026-09-12,wk inc covid hosp,0,2026-09-12,55,quantile,0.9,45.84
2026-09-12,wk inc covid hosp,1,2026-09-19,55,quantile,0.9,48.82
2026-09-12,wk inc covid hosp,2,2026-09-26,55,quantile,0.9,48.27
2026-09-12,wk inc covid hosp,3,2026-10-03,55,quantile,0.9,44.33
2026-09-12,wk inc covid hosp,-1,2026-09-05,55,quantile,0.95,42.72
2026-09-12,wk inc covid hosp,0,2026-09-12,55,quantile,0.95,47.74
2026-09-12,wk inc covid hosp,1,2026-09-19,55,quantile,0.95,51.48
2026-09-12,wk inc covid hosp,2,2026-09-26,55,quantile,0.95,51.54
2026-09-12,wk inc covid hosp,3,2026-10-03,55,quantile,0.95,47.66
2026-09-12,wk inc covid hosp,-1,2026-09-05,55,quantile,0.975,43.79
2026-09-12,wk inc covid hosp,0,2026-09-12,55,quantile,0.975,49.45
2026-09-12,wk inc covid hosp,1,2026-09-19,55,quantile,0.975,53.88
2026-09-12,wk inc covid hosp,2,2026-09-26,55,quantile,0.975,54.53
2026-09-12,wk inc covid hosp,3,2026-10-03,55,quantile,0.975,50.71
2026-09-12,wk inc covid hosp,-1,2026-09-05,55,quantile,0.99,45.06
2026-09-12,wk inc covid hosp,0,2026-09-12,55,quantile,0.99,51.5
2026-09-12,wk inc covid hosp,1,2026-09-19,55,quantile,0.99,56.78
2026-09-12,wk inc covid hosp,2,2026-09-26,55,quantile,0.99,58.18
2026-09-12,wk inc covid hosp,3,2026-10-03,55,quantile,0.99,54.45
2026-09-12,wk inc covid hosp,-1,2026-09-05,56,quantile,0.01,2.6
2026-09-12,wk inc covid hosp,0,2026-09-12,56,quantile,0.01,2.62
2026-09-12,wk inc covid hosp,1,2026-09-19,56,quantile,0.01,2.52
2026-09-12,wk inc covid hosp,2,2026-09-26,56,quantile,0.01,2.37
2026-09-12,wk inc covid hosp,3,2026-10-03,56,quantile,0.01,2.08
2026-09-12,wk inc covid hosp,-1,2026-09-05,56,quantile,0.025,2.72
2026-09-12,wk inc covid hosp,0,2026-09-12,56,quantile,0.025,2.79
2026-09-12,wk inc covid hosp,1,2026-09-19,56,quantile,0.025,2.73
2026-09-12,wk inc covid hosp,2,2026-09-26,56,quantile,0.025,2.6
2026-09-12,wk inc covid hosp,3,2026-10-03,56,quantile,0.025,2.31
2026-09-12,wk inc covid hosp,-1,2026-09-05,56,quantile,0.05,2.82
2026-09-12,wk inc covid hosp,0,2026-09-12,56,quantile,0.05,2.94
2026-09-12,wk inc covid hosp,1,2026-09-19,56,quantile,0.05,2.93
2026-09-12,wk inc covid hosp,2,2026-09-26,56,quantile,0.05,2.82
2026-09-12,wk inc covid hosp,3,2026-10-03,56,quantile,0.05,2.53
2026-09-12,wk inc covid hosp,-1,2026-09-05,56,quantile,0.1,2.95
2026-09-12,wk inc covid hosp,0,2026-09-12,56,quantile,0.1,3.13
2026-09-12,wk inc covid hosp,1,2026-09-19,56,quantile,0.1,3.16
2026-09-12,wk inc covid hosp,2,2026-09-26,56,quantile,0.1,3.08
2026-09-12,wk inc covid hosp,3,2026-10-03,56,quantile,0.1,2.8
2026-09-12,wk inc covid hosp,-1,2026-09-05,56,quantile,0.15,3.04
2026-09-12,wk inc covid hosp,0,2026-09-12,56,quantile,0.15,3.26
2026-09-12,wk inc covid hosp,1,2026-09-19,56,quantile,0.15,3.33
2026-09-12,wk inc covid hosp,2,2026-09-26,56,quantile,0.15,3.27
2026-09-12,wk inc covid hosp,3,2026-10-03,56,quantile,0.15,3.0
2026-09-12,wk inc covid hosp,-1,2026-09-05,56,quantile,0.2,3.11
2026-09-12,wk inc covid hosp,0,2026-09-12,56,quantile,0.2,3.37
2026-09-12,wk inc covid hosp,1,2026-09-19,56,quantile,0.2,3.47
2026-09-12,wk inc covid hosp,2,2026-09-26,56,quantile,0.2,3.43
2026-09-12,wk inc covid hosp,3,2026-10-03,56,quantile,0.2,3.16
2026-09-12,wk inc covid hosp,-1,2026-09-05,56,quantile,0.25,3.17
2026-09-12,wk inc covid hosp,0,2026-09-12,56,quantile,0.25,3.46
2026-09-12,wk inc covid hosp,1,2026-09-19,56,quantile,0.25,3.6
2026-09-12,wk inc covid hosp,2,2026-09-26,56,quantile,0.25,3.57
2026-09-12,wk inc covid hosp,3,2026-10-03,56,quantile,0.25,3.31
2026-09-12,wk inc covid hosp,-1,2026-09-05,56,quantile,0.3,3.23
2026-09-12,wk inc covid hosp,0,2026-09-12,56,quantile,0.3,3.55
2026-09-12,wk inc covid hosp,1,2026-09-19,56,quantile,0.3,3.71
2026-09-12,wk inc covid hosp,2,2026-09-26,56,quantile,0.3,3.7
2026-09-12,wk inc covid hosp,3,2026-10-03,56,quantile,0.3,3.45
2026-09-12,wk inc covid hosp,-1,2026-09-05,56,quantile,0.35,3.28
2026-09-12,wk inc covid hosp,0,2026-09-12,56,quantile,0.35,3.63
2026-09-12,wk inc covid hosp,1,2026-09-19,56,quantile,0.35,3.82
2026-09-12,wk inc covid hosp,2,2026-09-26,56,quantile,0.35,3.83
2026-09-12,wk inc covid hosp,3,2026-10-03,56,quantile,0.35,3.58
2026-09-12,wk inc covid hosp,-1,2026-09-05,56,quantile,0.4,3.33
2026-09-12,wk inc covid hosp,0,2026-09-12,56,quantile,0.4,3.71
2026-09-12,wk inc covid hosp,1,2026-09-19,56,quantile,0.4,3.93
2026-09-12,wk inc covid hosp,2,2026-09-26,56,quantile,0.4,3.95
2026-09-12,wk inc covid hosp,3,2026-10-03,56,quantile,0.4,3.7
2026-09-12,wk inc covid hosp,-1,2026-09-05,56,quantile,0.45,3.38
2026-09-12,wk inc covid hosp,0,2026-09-12,56,quantile,0.45,3.79
2026-09-12,wk inc covid hosp,1,2026-09-19,56,quantile,0.45,4.03
2026-09-12,wk inc covid hosp,2,2026-09-26,56,quantile,0.45,4.07
2026-09-12,wk inc covid hosp,3,2026-10-03,56,quantile,0.45,3.83
2026-09-12,wk inc covid hosp,-1,2026-09-05,56,quantile,0.5,3.43
2026-09-12,wk inc covid hosp,0,2026-09-12,56,quantile,0.5,3.87
2026-09-12,wk inc covid hosp,1,2026-09-19,56,quantile,0.5,4.14
2026-09-12,wk inc covid hosp,2,2026-09-26,56,quantile,0.5,4.2
2026-09-12,wk inc covid hosp,3,2026-10-03,56,quantile,0.5,3.96
2026-09-12,wk inc covid hosp,-1,2026-09-05,56,quantile,0.55,3.48
2026-09-12,wk inc covid hosp,0,2026-09-12,56,quantile,0.55,3.94
2026-09-12,wk inc covid hosp,1,2026-09-19,56,quantile,0.55,4.24
2026-09-12,wk inc covid hosp,2,2026-09-26,56,quantile,0.55,4.32
2026-09-12,wk inc covid hosp,3,2026-10-03,56,quantile,0.55,4.09
2026-09-12,wk inc covid hosp,-1,2026-09-05,56,quantile,0.6,3.54
2026-09-12,wk inc covid hosp,0,2026-09-12,56,quantile,0.6,4.03
2026-09-12,wk inc covid hosp,1,2026-09-19,56,quantile,0.6,4.35
2026-09-12,wk inc covid hosp,2,2026-09-26,56,quantile,0.6,4.45
2026-09-12,wk inc covid hosp,3,2026-10-03,56,quantile,0.6,4.23
2026-09-12,wk inc covid hosp,-1,2026-09-05,56,quantile,0.65,3.59
2026-09-12,wk inc covid hosp,0,2026-09-12,56,quantile,0.65,4.11
2026-09-12,wk inc covid hosp,1,2026-09-19,56,quantile,0.65,4.47
2026-09-12,wk inc covid hosp,2,2026-09-26,56,quantile,0.65,4.59
2026-09-12,wk inc covid hosp,3,2026-10-03,56,quantile,0.65,4.38
2026-09-12,wk inc covid hosp,-1,2026-09-05,56,quantile,0.7,3.65
2026-09-12,wk inc covid hosp,0,2026-09-12,56,quantile,0.7,4.21
2026-09-12,wk inc covid hosp,1,2026-09-19,56,quantile,0.7,4.6
2026-09-12,wk inc covid hosp,2,2026-09-26,56,quantile,0.7,4.74
2026-09-12,wk inc covid hosp,3,2026-10-03,56,quantile,0.7,4.54
2026-09-12,wk inc covid hosp,-1,2026-09-05,56,quantile,0.75,3.71
2026-09-12,wk inc covid hosp,0,2026-09-12,56,quantile,0.75,4.31
2026-09-12,wk inc covid hosp,1,2026-09-19,56,quantile,0.75,4.74
2026-09-12,wk inc covid hosp,2,2026-09-26,56,quantile,0.75,4.9
2026-09-12,wk inc covid hosp,3,2026-10-03,56,quantile,0.75,4.72
2026-09-12,wk inc covid hosp,-1,2026-09-05,56,quantile,0.8,3.78
2026-09-12,wk inc covid hosp,0,2026-09-12,56,quantile,0.8,4.42
2026-09-12,wk inc covid hosp,1,2026-09-19,56,quantile,0.8,4.9
2026-09-12,wk inc covid hosp,2,2026-09-26,56,quantile,0.8,5.09
2026-09-12,wk inc covid hosp,3,2026-10-03,56,quantile,0.8,4.92
2026-09-12,wk inc covid hosp,-1,2026-09-05,56,quantile,0.85,3.87
2026-09-12,wk inc covid hosp,0,2026-09-12,56,quantile,0.85,4.56
2026-09-12,wk inc covid hosp,1,2026-09-19,56,quantile,0.85,5.09
2026-09-12,wk inc covid hosp,2,2026-09-26,56,quantile,0.85,5.32
2026-09-12,wk inc covid hosp,3,2026-10-03,56,quantile,0.85,5.17
2026-09-12,wk inc covid hosp,-1,2026-09-05,56,quantile,0.9,3.98
2026-09-12,wk inc covid hosp,0,2026-09-12,56,quantile,0.9,4.74
2026-09-12,wk inc covid hosp,1,2026-09-19,56,quantile,0.9,5.34
2026-09-12,wk inc covid hosp,2,2026-09-26,56,quantile,0.9,5.62
2026-09-12,wk inc covid hosp,3,2026-10-03,56,quantile,0.9,5.5
2026-09-12,wk inc covid hosp,-1,2026-09-05,56,quantile,0.95,4.15
2026-09-12,wk inc covid hosp,0,2026-09-12,56,quantile,0.95,5.02
2026-09-12,wk inc covid hosp,1,2026-09-19,56,quantile,0.95,5.74
2026-09-12,wk inc covid hosp,2,2026-09-26,56,quantile,0.95,6.1
2026-09-12,wk inc covid hosp,3,2026-10-03,56,quantile,0.95,6.02
2026-09-12,wk inc covid hosp,-1,2026-09-05,56,quantile,0.975,4.3
2026-09-12,wk inc covid hosp,0,2026-09-12,56,quantile,0.975,5.27
2026-09-12,wk inc covid hosp,1,2026-09-19,56,quantile,0.975,6.1
2026-09-12,wk inc covid hosp,2,2026-09-26,56,quantile,0.975,6.53
2026-09-12,wk inc covid hosp,3,2026-10-03,56,quantile,0.975,6.5
2026-09-12,wk inc covid hosp,-1,2026-09-05,56,quantile,0.99,4.48
2026-09-12,wk inc covid hosp,0,2026-09-12,56,quantile,0.99,5.57
2026-09-12,wk inc covid hosp,1,2026-09-19,56,quantile,0.99,6.54
2026-09-12,wk inc covid hosp,2,2026-09-26,56,quantile,0.99,7.07
2026-09-12,wk inc covid hosp,3,2026-10-03,56,quantile,0.99,7.09
2026-09-12,wk inc covid hosp,-1,2026-09-05,72,quantile,0.01,95.18
2026-09-12,wk inc covid hosp,0,2026-09-12,72,quantile,0.01,84.38
2026-09-12,wk inc covid hosp,1,2026-09-19,72,quantile,0.01,73.47
2026-09-12,wk inc covid hosp,2,2026-09-26,72,quantile,0.01,61.04
2026-09-12,wk inc covid hosp,3,2026-10-03,72,quantile,0.01,49.49
2026-09-12,wk inc covid hosp,-1,2026-09-05,72,quantile,0.025,97.26
2026-09-12,wk inc covid hosp,0,2026-09-12,72,quantile,0.025,87.27
2026-09-12,wk inc covid hosp,1,2026-09-19,72,quantile,0.025,76.89
2026-09-12,wk inc covid hosp,2,2026-09-26,72,quantile,0.025,64.65
2026-09-12,wk inc covid hosp,3,2026-10-03,72,quantile,0.025,52.9
2026-09-12,wk inc covid hosp,-1,2026-09-05,72,quantile,0.05,99.08
2026-09-12,wk inc covid hosp,0,2026-09-12,72,quantile,0.05,89.83
2026-09-12,wk inc covid hosp,1,2026-09-19,72,quantile,0.05,79.94
2026-09-12,wk inc covid hosp,2,2026-09-26,72,quantile,0.05,67.89
2026-09-12,wk inc covid hosp,3,2026-10-03,72,quantile,0.05,55.99
2026-09-12,wk inc covid hosp,-1,2026-09-05,72,quantile,0.1,101.22
2026-09-12,wk inc covid hosp,0,2026-09-12,72,quantile,0.1,92.85
2026-09-12,wk inc covid hosp,1,2026-09-19,72,quantile,0.1,83.58
2026-09-12,wk inc covid hosp,2,2026-09-26,72,quantile,0.1,71.79
2026-09-12,wk inc covid hosp,3,2026-10-03,72,quantile,0.1,59.74
2026-09-12,wk inc covid hosp,-1,2026-09-05,72,quantile,0.15,102.68
2026-09-12,wk inc covid hosp,0,2026-09-12,72,quantile,0.15,94.94
2026-09-12,wk inc covid hosp,1,2026-09-19,72,quantile,0.15,86.11
2026-09-12,wk inc covid hosp,2,2026-09-26,72,quantile,0.15,74.53
2026-09-12,wk inc covid hosp,3,2026-10-03,72,quantile,0.15,62.39
2026-09-12,wk inc covid hosp,-1,2026-09-05,72,quantile,0.2,103.86
2026-09-12,wk inc covid hosp,0,2026-09-12,72,quantile,0.2,96.63
2026-09-12,wk inc covid hosp,1,2026-09-19,72,quantile,0.2,88.17
2026-09-12,wk inc covid hosp,2,2026-09-26,72,quantile,0.2,76.76
2026-09-12,wk inc covid hosp,3,2026-10-03,72,quantile,0.2,64.56
2026-09-12,wk inc covid hosp,-1,2026-09-05,72,quantile,0.25,104.87
2026-09-12,wk inc covid hosp,0,2026-09-12,72,quantile,0.25,98.1
2026-09-12,wk inc covid hosp,1,2026-09-19,72,quantile,0.25,89.97
2026-09-12,wk inc covid hosp,2,2026-09-26,72,quantile,0.25,78.73
2026-09-12,wk inc covid hosp,3,2026-10-03,72,quantile,0.25,66.47
2026-09-12,wk inc covid hosp,-1,2026-09-05,72,quantile,0.3,105.79
2026-09-12,wk inc covid hosp,0,2026-09-12,72,quantile,0.3,99.43
2026-09-12,wk inc covid hosp,1,2026-09-19,72,quantile,0.3,91.61
2026-09-12,wk inc covid hosp,2,2026-09-26,72,quantile,0.3,80.53
2026-09-12,wk inc covid hosp,3,2026-10-03,72,quantile,0.3,68.23
2026-09-12,wk inc covid hosp,-1,2026-09-05,72,quantile,0.35,106.65
2026-09-12,wk inc covid hosp,0,2026-09-12,72,quantile,0.35,100.68
2026-09-12,wk inc covid hosp,1,2026-09-19,72,quantile,0.35,93.15
2026-09-12,wk inc covid hosp,2,2026-09-26,72,quantile,0.35,82.22
2026-09-12,wk inc covid hosp,3,2026-10-03,72,quantile,0.35,69.89
2026-09-12,wk inc covid hosp,-1,2026-09-05,72,quantile,0.4,107.47
2026-09-12,wk inc covid hosp,0,2026-09-12,72,quantile,0.4,101.88
2026-09-12,wk inc covid hosp,1,2026-09-19,72,quantile,0.4,94.64
2026-09-12,wk inc covid hosp,2,2026-09-26,72,quantile,0.4,83.86
2026-09-12,wk inc covid hosp,3,2026-10-03,72,quantile,0.4,71.5
2026-09-12,wk inc covid hosp,-1,2026-09-05,72,quantile,0.45,108.27
2026-09-12,wk inc covid hosp,0,2026-09-12,72,quantile,0.45,103.05
2026-09-12,wk inc covid hosp,1,2026-09-19,72,quantile,0.45,96.09
2026-09-12,wk inc covid hosp,2,2026-09-26,72,quantile,0.45,85.47
2026-09-12,wk inc covid hosp,3,2026-10-03,72,quantile,0.45,73.09
2026-09-12,wk inc covid hosp,-1,2026-09-05,72,quantile,0.5,109.06
2026-09-12,wk inc covid hosp,0,2026-09-12,72,quantile,0.5,104.21
2026-09-12,wk inc covid hosp,1,2026-09-19,72,quantile,0.5,97.54
2026-09-12,wk inc covid hosp,2,2026-09-26,72,quantile,0.5,87.08
2026-09-12,wk inc covid hosp,3,2026-10-03,72,quantile,0.5,74.68
2026-09-12,wk inc covid hosp,-1,2026-09-05,72,quantile,0.55,109.85
2026-09-12,wk inc covid hosp,0,2026-09-12,72,quantile,0.55,105.38
2026-09-12,wk inc covid hosp,1,2026-09-19,72,quantile,0.55,99.01
2026-09-12,wk inc covid hosp,2,2026-09-26,72,quantile,0.55,88.72
2026-09-12,wk inc covid hosp,3,2026-10-03,72,quantile,0.55,76.3
2026-09-12,wk inc covid hosp,-1,2026-09-05,72,quantile,0.6,110.67
2026-09-12,wk inc covid hosp,0,2026-09-12,72,quantile,0.6,106.59
2026-09-12,wk inc covid hosp,1,2026-09-19,72,quantile,0.6,100.52
2026-09-12,wk inc covid hosp,2,2026-09-26,72,quantile,0.6,90.41
2026-09-12,wk inc covid hosp,3,2026-10-03,72,quantile,0.6,77.97
2026-09-12,wk inc covid hosp,-1,2026-09-05,72,quantile,0.65,111.51
2026-09-12,wk inc covid hosp,0,2026-09-12,72,quantile,0.65,107.84
2026-09-12,wk inc covid hosp,1,2026-09-19,72,quantile,0.65,102.1
2026-09-12,wk inc covid hosp,2,2026-09-26,72,quantile,0.65,92.18
2026-09-12,wk inc covid hosp,3,2026-10-03,72,quantile,0.65,79.74
2026-09-12,wk inc covid hosp,-1,2026-09-05,72,quantile,0.7,112.41
2026-09-12,wk inc covid hosp,0,2026-09-12,72,quantile,0.7,109.18
2026-09-12,wk inc covid hosp,1,2026-09-19,72,quantile,0.7,103.79
2026-09-12,wk inc covid hosp,2,2026-09-26,72,quantile,0.7,94.08
2026-09-12,wk inc covid hosp,3,2026-10-03,72,quantile,0.7,81.63
2026-09-12,wk inc covid hosp,-1,2026-09-05,72,quantile,0.75,113.38
2026-09-12,wk inc covid hosp,0,2026-09-12,72,quantile,0.75,110.64
2026-09-12,wk inc covid hosp,1,2026-09-19,72,quantile,0.75,105.64
2026-09-12,wk inc covid hosp,2,2026-09-26,72,quantile,0.75,96.17
2026-09-12,wk inc covid hosp,3,2026-10-03,72,quantile,0.75,83.71
2026-09-12,wk inc covid hosp,-1,2026-09-05,72,quantile,0.8,114.48
2026-09-12,wk inc covid hosp,0,2026-09-12,72,quantile,0.8,112.28
2026-09-12,wk inc covid hosp,1,2026-09-19,72,quantile,0.8,107.73
2026-09-12,wk inc covid hosp,2,2026-09-26,72,quantile,0.8,98.54
2026-09-12,wk inc covid hosp,3,2026-10-03,72,quantile,0.8,86.09
2026-09-12,wk inc covid hosp,-1,2026-09-05,72,quantile,0.85,115.76
2026-09-12,wk inc covid hosp,0,2026-09-12,72,quantile,0.85,114.22
2026-09-12,wk inc covid hosp,1,2026-09-19,72,quantile,0.85,110.21
2026-09-12,wk inc covid hosp,2,2026-09-26,72,quantile,0.85,101.36
2026-09-12,wk inc covid hosp,3,2026-10-03,72,quantile,0.85,88.93
2026-09-12,wk inc covid hosp,-1,2026-09-05,72,quantile,0.9,117.4
2026-09-12,wk inc covid hosp,0,2026-09-12,72,quantile,0.9,116.7
2026-09-12,wk inc covid hosp,1,2026-09-19,72,quantile,0.9,113.39
2026-09-12,wk inc covid hosp,2,2026-09-26,72,quantile,0.9,105.0
2026-09-12,wk inc covid hosp,3,2026-10-03,72,quantile,0.9,92.61
2026-09-12,wk inc covid hosp,-1,2026-09-05,72,quantile,0.95,119.86
2026-09-12,wk inc covid hosp,0,2026-09-12,72,quantile,0.95,120.46
2026-09-12,wk inc covid hosp,1,2026-09-19,72,quantile,0.95,118.26
2026-09-12,wk inc covid hosp,2,2026-09-26,72,quantile,0.95,110.61
2026-09-12,wk inc covid hosp,3,2026-10-03,72,quantile,0.95,98.3
2026-09-12,wk inc covid hosp,-1,2026-09-05,72,quantile,0.975,122.02
2026-09-12,wk inc covid hosp,0,2026-09-12,72,quantile,0.975,123.8
2026-09-12,wk inc covid hosp,1,2026-09-19,72,quantile,0.975,122.62
2026-09-12,wk inc covid hosp,2,2026-09-26,72,quantile,0.975,115.67
2026-09-12,wk inc covid hosp,3,2026-10-03,72,quantile,0.975,103.46
2026-09-12,wk inc covid hosp,-1,2026-09-05,72,quantile,0.99,124.59
2026-09-12,wk inc covid hosp,0,2026-09-12,72,quantile,0.99,127.79
2026-09-12,wk inc covid hosp,1,2026-09-19,72,quantile,0.99,127.85
2026-09-12,wk inc covid hosp,2,2026-09-26,72,quantile,0.99,121.79
2026-09-12,wk inc covid hosp,3,2026-10-03,72,quantile,0.99,109.75
2026-09-12,wk inc covid hosp,-1,2026-09-05,US,quantile,0.01,2948.02
2026-09-12,wk inc covid hosp,0,2026-09-12,US,quantile,0.01,2706.65
2026-09-12,wk inc covid hosp,1,2026-09-19,US,quantile,0.01,2380.03
2026-09-12,wk inc covid hosp,2,2026-09-26,US,quantile,0.01,2051.67
2026-09-12,wk inc covid hosp,3,2026-10-03,US,quantile,0.01,1707.51
2026-09-12,wk inc covid hosp,-1,2026-09-05,US,quantile,0.025,3027.29
2026-09-12,wk inc covid hosp,0,2026-09-12,US,quantile,0.025,2818.45
2026-09-12,wk inc covid hosp,1,2026-09-19,US,quantile,0.025,2515.38
2026-09-12,wk inc covid hosp,2,2026-09-26,US,quantile,0.025,2196.69
2026-09-12,wk inc covid hosp,3,2026-10-03,US,quantile,0.025,1851.78
2026-09-12,wk inc covid hosp,-1,2026-09-05,US,quantile,0.05,3096.6
2026-09-12,wk inc covid hosp,0,2026-09-12,US,quantile,0.05,2917.08
2026-09-12,wk inc covid hosp,1,2026-09-19,US,quantile,0.05,2635.91
2026-09-12,wk inc covid hosp,2,2026-09-26,US,quantile,0.05,2326.91
2026-09-12,wk inc covid hosp,3,2026-10-03,US,quantile,0.05,1982.41
2026-09-12,wk inc covid hosp,-1,2026-09-05,US,quantile,0.1,3177.84
2026-09-12,wk inc covid hosp,0,2026-09-12,US,quantile,0.1,3033.65
2026-09-12,wk inc covid hosp,1,2026-09-19,US,quantile,0.1,2779.69
2026-09-12,wk inc covid hosp,2,2026-09-26,US,quantile,0.1,2483.47
2026-09-12,wk inc covid hosp,3,2026-10-03,US,quantile,0.1,2140.71
2026-09-12,wk inc covid hosp,-1,2026-09-05,US,quantile,0.15,3233.45
2026-09-12,wk inc covid hosp,0,2026-09-12,US,quantile,0.15,3114.06
2026-09-12,wk inc covid hosp,1,2026-09-19,US,quantile,0.15,2879.63
2026-09-12,wk inc covid hosp,2,2026-09-26,US,quantile,0.15,2593.06
2026-09-12,wk inc covid hosp,3,2026-10-03,US,quantile,0.15,2252.26
2026-09-12,wk inc covid hosp,-1,2026-09-05,US,quantile,0.2,3278.1
2026-09-12,wk inc covid hosp,0,2026-09-12,US,quantile,0.2,3178.97
2026-09-12,wk inc covid hosp,1,2026-09-19,US,quantile,0.2,2960.78
2026-09-12,wk inc covid hosp,2,2026-09-26,US,quantile,0.2,2682.46
2026-09-12,wk inc covid hosp,3,2026-10-03,US,quantile,0.2,2343.67
2026-09-12,wk inc covid hosp,-1,2026-09-05,US,quantile,0.25,3316.75
2026-09-12,wk inc covid hosp,0,2026-09-12,US,quantile,0.25,3235.38
2026-09-12,wk inc covid hosp,1,2026-09-19,US,quantile,0.25,3031.61
2026-09-12,wk inc covid hosp,2,2026-09-26,US,quantile,0.25,2760.79
2026-09-12,wk inc covid hosp,3,2026-10-03,US,quantile,0.25,2424.07
2026-09-12,wk inc covid hosp,-1,2026-09-05,US,quantile,0.3,3351.71
2026-09-12,wk inc covid hosp,0,2026-09-12,US,quantile,0.3,3286.61
2026-09-12,wk inc covid hosp,1,2026-09-19,US,quantile,0.3,3096.18
2026-09-12,wk inc covid hosp,2,2026-09-26,US,quantile,0.3,2832.44
2026-09-12,wk inc covid hosp,3,2026-10-03,US,quantile,0.3,2497.84
2026-09-12,wk inc covid hosp,-1,2026-09-05,US,quantile,0.35,3384.32
2026-09-12,wk inc covid hosp,0,2026-09-12,US,quantile,0.35,3334.56
2026-09-12,wk inc covid hosp,1,2026-09-19,US,quantile,0.35,3156.83
2026-09-12,wk inc covid hosp,2,2026-09-26,US,quantile,0.35,2899.93
2026-09-12,wk inc covid hosp,3,2026-10-03,US,quantile,0.35,2567.54
2026-09-12,wk inc covid hosp,-1,2026-09-05,US,quantile,0.4,3415.46
2026-09-12,wk inc covid hosp,0,2026-09-12,US,quantile,0.4,3380.5
2026-09-12,wk inc covid hosp,1,2026-09-19,US,quantile,0.4,3215.12
2026-09-12,wk inc covid hosp,2,2026-09-26,US,quantile,0.4,2964.97
2026-09-12,wk inc covid hosp,3,2026-10-03,US,quantile,0.4,2634.87
2026-09-12,wk inc covid hosp,-1,2026-09-05,US,quantile,0.45,3445.78
2026-09-12,wk inc covid hosp,0,2026-09-12,US,quantile,0.45,3425.34
2026-09-12,wk inc covid hosp,1,2026-09-19,US,quantile,0.45,3272.19
2026-09-12,wk inc covid hosp,2,2026-09-26,US,quantile,0.45,3028.82
2026-09-12,wk inc covid hosp,3,2026-10-03,US,quantile,0.45,2701.13
2026-09-12,wk inc covid hosp,-1,2026-09-05,US,quantile,0.5,3475.78
2026-09-12,wk inc covid hosp,0,2026-09-12,US,quantile,0.5,3469.86
2026-09-12,wk inc covid hosp,1,2026-09-19,US,quantile,0.5,3329.02
2026-09-12,wk inc covid hosp,2,2026-09-26,US,quantile,0.5,3092.55
2026-09-12,wk inc covid hosp,3,2026-10-03,US,quantile,0.5,2767.42
2026-09-12,wk inc covid hosp,-1,2026-09-05,US,quantile,0.55,3505.97
2026-09-12,wk inc covid hosp,0,2026-09-12,US,quantile,0.55,3514.76
2026-09-12,wk inc covid hosp,1,2026-09-19,US,quantile,0.55,3386.5
2026-09-12,wk inc covid hosp,2,2026-09-26,US,quantile,0.55,3157.16
2026-09-12,wk inc covid hosp,3,2026-10-03,US,quantile,0.55,2834.78
2026-09-12,wk inc covid hosp,-1,2026-09-05,US,quantile,0.6,3536.81
2026-09-12,wk inc covid hosp,0,2026-09-12,US,quantile,0.6,3560.78
2026-09-12,wk inc covid hosp,1,2026-09-19,US,quantile,0.6,3445.57
2026-09-12,wk inc covid hosp,2,2026-09-26,US,quantile,0.6,3223.73
2026-09-12,wk inc covid hosp,3,2026-10-03,US,quantile,0.6,2904.34
2026-09-12,wk inc covid hosp,-1,2026-09-05,US,quantile,0.65,3568.88
2026-09-12,wk inc covid hosp,0,2026-09-12,US,quantile,0.65,3608.76
2026-09-12,wk inc covid hosp,1,2026-09-19,US,quantile,0.65,3507.35
2026-09-12,wk inc covid hosp,2,2026-09-26,US,quantile,0.65,3293.51
2026-09-12,wk inc covid hosp,3,2026-10-03,US,quantile,0.65,2977.42
2026-09-12,wk inc covid hosp,-1,2026-09-05,US,quantile,0.7,3602.89
2026-09-12,wk inc covid hosp,0,2026-09-12,US,quantile,0.7,3659.79
2026-09-12,wk inc covid hosp,1,2026-09-19,US,quantile,0.7,3573.25
2026-09-12,wk inc covid hosp,2,2026-09-26,US,quantile,0.7,3368.12
2026-09-12,wk inc covid hosp,3,2026-10-03,US,quantile,0.7,3055.75
2026-09-12,wk inc covid hosp,-1,2026-09-05,US,quantile,0.75,3639.83
2026-09-12,wk inc covid hosp,0,2026-09-12,US,quantile,0.75,3715.4
2026-09-12,wk inc covid hosp,1,2026-09-19,US,quantile,0.75,3645.28
2026-09-12,wk inc covid hosp,2,2026-09-26,US,quantile,0.75,3449.89
2026-09-12,wk inc covid hosp,3,2026-10-03,US,quantile,0.75,3141.79
2026-09-12,wk inc covid hosp,-1,2026-09-05,US,quantile,0.8,3681.26
2026-09-12,wk inc covid hosp,0,2026-09-12,US,quantile,0.8,3777.97
2026-09-12,wk inc covid hosp,1,2026-09-19,US,quantile,0.8,3726.61
2026-09-12,wk inc covid hosp,2,2026-09-26,US,quantile,0.8,3542.48
2026-09-12,wk inc covid hosp,3,2026-10-03,US,quantile,0.8,3239.46
2026-09-12,wk inc covid hosp,-1,2026-09-05,US,quantile,0.85,3729.94
2026-09-12,wk inc covid hosp,0,2026-09-12,US,quantile,0.85,3851.79
2026-09-12,wk inc covid hosp,1,2026-09-19,US,quantile,0.85,3822.91
2026-09-12,wk inc covid hosp,2,2026-09-26,US,quantile,0.85,3652.45
2026-09-12,wk inc covid hosp,3,2026-10-03,US,quantile,0.85,3355.81
2026-09-12,wk inc covid hosp,-1,2026-09-05,US,quantile,0.9,3791.8
2026-09-12,wk inc covid hosp,0,2026-09-12,US,quantile,0.9,3946.01
2026-09-12,wk inc covid hosp,1,2026-09-19,US,quantile,0.9,3946.39
2026-09-12,wk inc covid hosp,2,2026-09-26,US,quantile,0.9,3793.97
2026-09-12,wk inc covid hosp,3,2026-10-03,US,quantile,0.9,3506.06
2026-09-12,wk inc covid hosp,-1,2026-09-05,US,quantile,0.95,3884.73
2026-09-12,wk inc covid hosp,0,2026-09-12,US,quantile,0.95,4088.44
2026-09-12,wk inc covid hosp,1,2026-09-19,US,quantile,0.95,4134.19
2026-09-12,wk inc covid hosp,2,2026-09-26,US,quantile,0.95,4010.27
2026-09-12,wk inc covid hosp,3,2026-10-03,US,quantile,0.95,3736.74
2026-09-12,wk inc covid hosp,-1,2026-09-05,US,quantile,0.975,3966.54
2026-09-12,wk inc covid hosp,0,2026-09-12,US,quantile,0.975,4214.68
2026-09-12,wk inc covid hosp,1,2026-09-19,US,quantile,0.975,4301.74
2026-09-12,wk inc covid hosp,2,2026-09-26,US,quantile,0.975,4204.28
2026-09-12,wk inc covid hosp,3,2026-10-03,US,quantile,0.975,3944.64
2026-09-12,wk inc covid hosp,-1,2026-09-05,US,quantile,0.99,4063.08
2026-09-12,wk inc covid hosp,0,2026-09-12,US,quantile,0.99,4364.64
2026-09-12,wk inc covid hosp,1,2026-09-19,US,quantile,0.99,4502.05
2026-09-12,wk inc covid hosp,2,2026-09-26,US,quantile,0.99,4437.39
2026-09-12,wk inc covid hosp,3,2026-10-03,US,quantile,0.99,4195.61
