reference_date,target,horizon,target_end_date,location,output_type,output_type_id,value
2026-09-19,wk inc covid hosp,0,2026-09-19,01,quantile,0.01,55
2026-09-19,wk inc covid hosp,0,2026-09-19,01,quantile,0.025,60
2026-09-19,wk inc covid hosp,0,2026-09-19,01,quantile,0.05,65
2026-09-19,wk inc covid hosp,0,2026-09-19,01,quantile,0.1,70
2026-09-19,wk inc covid hosp,0,2026-09-19,01,quantile,0.15,74
2026-09-19,wk inc covid hosp,0,2026-09-19,01,quantile,0.2,77
2026-09-19,wk inc covid hosp,0,2026-09-19,01,quantile,0.25,80
2026-09-19,wk inc covid hosp,0,2026-09-19,01,quantile,0.3,82
2026-09-19,wk inc covid hosp,0,2026-09-19,01,quantile,0.35,85
2026-09-19,wk inc covid hosp,0,2026-09-19,01,quantile,0.4,88
2026-09-19,wk inc covid hosp,0,2026-09-19,01,quantile,0.45,90
2026-09-19,wk inc covid hosp,0,2026-09-19,01,quantile,0.5,93
2026-09-19,wk inc covid hosp,0,2026-09-19,01,quantile,0.55,95
2026-09-19,wk inc covid hosp,0,2026-09-19,01,quantile,0.6,98
2026-09-19,wk inc covid hosp,0,2026-09-19,01,quantile,0.65,100
2026-09-19,wk inc covid hosp,0,2026-09-19,01,quantile,0.7,103
2026-09-19,wk inc covid hosp,0,2026-09-19,01,quantile,0.75,106
2026-09-19,wk inc covid hosp,0,2026-09-19,01,quantile,0.8,110
2026-09-19,wk inc covid hosp,0,2026-09-19,01,quantile,0.85,115
2026-09-19,wk inc covid hosp,0,2026-09-19,01,quantile,0.9,121
2026-09-19,wk inc covid hosp,0,2026-09-19,01,quantile,0.95,130
2026-09-19,wk inc covid hosp,0,2026-09-19,01,quantile,0.975,139
2026-09-19,wk inc covid hosp,0,2026-09-19,01,quantile,0.99,150
2026-09-19,wk inc covid hosp,0,2026-09-19,02,quantile,0.01,0
2026-09-19,wk inc covid hosp,0,2026-09-19,02,quantile,0.025,1
2026-09-19,wk inc covid hosp,0,2026-09-19,02,quantile,0.05,1
2026-09-19,wk inc covid hosp,0,2026-09-19,02,quantile,0.1,2
2026-09-19,wk inc covid hosp,0,2026-09-19,02,quantile,0.15,2
2026-09-19,wk inc covid hosp,0,2026-09-19,02,quantile,0.2,3
2026-09-19,wk inc covid hosp,0,2026-09-19,02,quantile,0.25,3
2026-09-19,wk inc covid hosp,0,2026-09-19,02,quantile,0.3,3
2026-09-19,wk inc covid hosp,0,2026-09-19,02,quantile,0.35,4
2026-09-19,wk inc covid hosp,0,2026-09-19,02,quantile,0.4,4
2026-09-19,wk inc covid hosp,0,2026-09-19,02,quantile,0.45,5
2026-09-19,wk inc covid hosp,0,2026-09-19,02,quantile,0.5,5
2026-09-19,wk inc covid hosp,0,2026-09-19,02,quantile,0.55,5
2026-09-19,wk inc covid hosp,0,2026-09-19,02,quantile,0.6,6
2026-09-19,wk inc covid hosp,0,2026-09-19,02,quantile,0.65,6
2026-09-19,wk inc covid hosp,0,2026-09-19,02,quantile,0.7,7
2026-09-19,wk inc covid hosp,0,2026-09-19,02,quantile,0.75,7
2026-09-19,wk inc covid hosp,0,2026-09-19,02,quantile,0.8,8
2026-09-19,wk inc covid hosp,0,2026-09-19,02,quantile,0.85,9
2026-09-19,wk inc covid hosp,0,2026-09-19,02,quantile,0.9,10
2026-09-19,wk inc covid hosp,0,2026-09-19,02,quantile,0.95,12
2026-09-19,wk inc covid hosp,0,2026-09-19,02,quantile,0.975,13
2026-09-19,wk inc covid hosp,0,2026-09-19,02,quantile,0.99,16
2026-09-19,wk inc covid hosp,0,2026-09-19,04,quantile,0.01,55
2026-09-19,wk inc covid hosp,0,2026-09-19,04,quantile,0.025,60
2026-09-19,wk inc covid hosp,0,2026-09-19,04,quantile,0.05,65
2026-09-19,wk inc covid hosp,0,2026-09-19,04,quantile,0.1,72
2026-09-19,wk inc covid hosp,0,2026-09-19,04,quantile,0.15,76
2026-09-19,wk inc covid hosp,0,2026-09-19,04,quantile,0.2,79
2026-09-19,wk inc covid hosp,0,2026-09-19,04,quantile,0.25,82
2026-09-19,wk inc covid hosp,0,2026-09-19,04,quantile,0.3,85
2026-09-19,wk inc covid hosp,0,2026-09-19,04,quantile,0.35,87
2026-09-19,wk inc covid hosp,0,2026-09-19,04,quantile,0.4,90
2026-09-19,wk inc covid hosp,0,2026-09-19,04,quantile,0.45,92
2026-09-19,wk inc covid hosp,0,2026-09-19,04,quantile,0.5,95
2026-09-19,wk inc covid hosp,0,2026-09-19,04,quantile,0.55,97
2026-09-19,wk inc covid hosp,0,2026-09-19,04,quantile,0.6,100
2026-09-19,wk inc covid hosp,0,2026-09-19,04,quantile,0.65,103
2026-09-19,wk inc covid hosp,0,2026-09-19,04,quantile,0.7,106
2026-09-19,wk inc covid hosp,0,2026-09-19,04,quantile,0.75,109
2026-09-19,wk inc covid hosp,0,2026-09-19,04,quantile,0.8,112.20000000000027
2026-09-19,wk inc covid hosp,0,2026-09-19,04,quantile,0.85,117
2026-09-19,wk inc covid hosp,0,2026-09-19,04,quantile,0.9,123
2026-09-19,wk inc covid hosp,0,2026-09-19,04,quantile,0.95,132
2026-09-19,wk inc covid hosp,0,2026-09-19,04,quantile,0.975,139
2026-09-19,wk inc covid hosp,0,2026-09-19,04,quantile,0.99,149
2026-09-19,wk inc covid hosp,0,2026-09-19,05,quantile,0.01,7
2026-09-19,wk inc covid hosp,0,2026-09-19,05,quantile,0.025,8
2026-09-19,wk inc covid hosp,0,2026-09-19,05,quantile,0.05,10
2026-09-19,wk inc covid hosp,0,2026-09-19,05,quantile,0.1,11
2026-09-19,wk inc covid hosp,0,2026-09-19,05,quantile,0.15,12
2026-09-19,wk inc covid hosp,0,2026-09-19,05,quantile,0.2,13
2026-09-19,wk inc covid hosp,0,2026-09-19,05,quantile,0.25,14
2026-09-19,wk inc covid hosp,0,2026-09-19,05,quantile,0.3,15
2026-09-19,wk inc covid hosp,0,2026-09-19,05,quantile,0.35,15
2026-09-19,wk inc covid hosp,0,2026-09-19,05,quantile,0.4,16
2026-09-19,wk inc covid hosp,0,2026-09-19,05,quantile,0.45,17
2026-09-19,wk inc covid hosp,0,2026-09-19,05,quantile,0.5,17
2026-09-19,wk inc covid hosp,0,2026-09-19,05,quantile,0.55,18
2026-09-19,wk inc covid hosp,0,2026-09-19,05,quantile,0.6,19
2026-09-19,wk inc covid hosp,0,2026-09-19,05,quantile,0.65,20
2026-09-19,wk inc covid hosp,0,2026-09-19,05,quantile,0.7,20
2026-09-19,wk inc covid hosp,0,2026-09-19,05,quantile,0.75,21
2026-09-19,wk inc covid hosp,0,2026-09-19,05,quantile,0.8,22
2026-09-19,wk inc covid hosp,0,2026-09-19,05,quantile,0.85,24
2026-09-19,wk inc covid hosp,0,2026-09-19,05,quantile,0.9,25
2026-09-19,wk inc covid hosp,0,2026-09-19,05,quantile,0.95,28
2026-09-19,wk inc covid hosp,0,2026-09-19,05,quantile,0.975,30
2026-09-19,wk inc covid hosp,0,2026-09-19,05,quantile,0.99,33
2026-09-19,wk inc covid hosp,0,2026-09-19,06,quantile,0.01,543.99
2026-09-19,wk inc covid hosp,0,2026-09-19,06,quantile,0.025,582
2026-09-19,wk inc covid hosp,0,2026-09-19,06,quantile,0.05,617.95
2026-09-19,wk inc covid hosp,0,2026-09-19,06,quantile,0.1,658.9
2026-09-19,wk inc covid hosp,0,2026-09-19,06,quantile,0.15,691
2026-09-19,wk inc covid hosp,0,2026-09-19,06,quantile,0.2,720
2026-09-19,wk inc covid hosp,0,2026-09-19,06,quantile,0.25,742.75
2026-09-19,wk inc covid hosp,0,2026-09-19,06,quantile,0.3,765
2026-09-19,wk inc covid hosp,0,2026-09-19,06,quantile,0.35,788
2026-09-19,wk inc covid hosp,0,2026-09-19,06,quantile,0.4,807
2026-09-19,wk inc covid hosp,0,2026-09-19,06,quantile,0.45,827.5500000000002
2026-09-19,wk inc covid hosp,0,2026-09-19,06,quantile,0.5,849
2026-09-19,wk inc covid hosp,0,2026-09-19,06,quantile,0.55,868
2026-09-19,wk inc covid hosp,0,2026-09-19,06,quantile,0.6,890
2026-09-19,wk inc covid hosp,0,2026-09-19,06,quantile,0.65,912
2026-09-19,wk inc covid hosp,0,2026-09-19,06,quantile,0.7,936
2026-09-19,wk inc covid hosp,0,2026-09-19,06,quantile,0.75,963
2026-09-19,wk inc covid hosp,0,2026-09-19,06,quantile,0.8,991
2026-09-19,wk inc covid hosp,0,2026-09-19,06,quantile,0.85,1028
2026-09-19,wk inc covid hosp,0,2026-09-19,06,quantile,0.9,1076
2026-09-19,wk inc covid hosp,0,2026-09-19,06,quantile,0.95,1149
2026-09-19,wk inc covid hosp,0,2026-09-19,06,quantile,0.975,1210
2026-09-19,wk inc covid hosp,0,2026-09-19,06,quantile,0.99,1301.0400000000009
2026-09-19,wk inc covid hosp,0,2026-09-19,08,quantile,0.01,13
2026-09-19,wk inc covid hosp,0,2026-09-19,08,quantile,0.025,15
2026-09-19,wk inc covid hosp,0,2026-09-19,08,quantile,0.05,17
2026-09-19,wk inc covid hosp,0,2026-09-19,08,quantile,0.1,19
2026-09-19,wk inc covid hosp,0,2026-09-19,08,quantile,0.15,21
2026-09-19,wk inc covid hosp,0,2026-09-19,08,quantile,0.2,22
2026-09-19,wk inc covid hosp,0,2026-09-19,08,quantile,0.25,23
2026-09-19,wk inc covid hosp,0,2026-09-19,08,quantile,0.3,24
2026-09-19,wk inc covid hosp,0,2026-09-19,08,quantile,0.35,25
2026-09-19,wk inc covid hosp,0,2026-09-19,08,quantile,0.4,26
2026-09-19,wk inc covid hosp,0,2026-09-19,08,quantile,0.45,27
2026-09-19,wk inc covid hosp,0,2026-09-19,08,quantile,0.5,28
2026-09-19,wk inc covid hosp,0,2026-09-19,08,quantile,0.55,29
2026-09-19,wk inc covid hosp,0,2026-09-19,08,quantile,0.6,30
2026-09-19,wk inc covid hosp,0,2026-09-19,08,quantile,0.65,31
2026-09-19,wk inc covid hosp,0,2026-09-19,08,quantile,0.7,32
2026-09-19,wk inc covid hosp,0,2026-09-19,08,quantile,0.75,33
2026-09-19,wk inc covid hosp,0,2026-09-19,08,quantile,0.8,35
2026-09-19,wk inc covid hosp,0,2026-09-19,08,quantile,0.85,36
2026-09-19,wk inc covid hosp,0,2026-09-19,08,quantile,0.9,39
2026-09-19,wk inc covid hosp,0,2026-09-19,08,quantile,0.95,42
2026-09-19,wk inc covid hosp,0,2026-09-19,08,quantile,0.975,45
2026-09-19,wk inc covid hosp,0,2026-09-19,08,quantile,0.99,48
2026-09-19,wk inc covid hosp,0,2026-09-19,09,quantile,0.01,5
2026-09-19,wk inc covid hosp,0,2026-09-19,09,quantile,0.025,6
2026-09-19,wk inc covid hosp,0,2026-09-19,09,quantile,0.05,8
2026-09-19,wk inc covid hosp,0,2026-09-19,09,quantile,0.1,9
2026-09-19,wk inc covid hosp,0,2026-09-19,09,quantile,0.15,10
2026-09-19,wk inc covid hosp,0,2026-09-19,09,quantile,0.2,11
2026-09-19,wk inc covid hosp,0,2026-09-19,09,quantile,0.25,12
2026-09-19,wk inc covid hosp,0,2026-09-19,09,quantile,0.3,12
2026-09-19,wk inc covid hosp,0,2026-09-19,09,quantile,0.35,13
2026-09-19,wk inc covid hosp,0,2026-09-19,09,quantile,0.4,14
2026-09-19,wk inc covid hosp,0,2026-09-19,09,quantile,0.45,14
2026-09-19,wk inc covid hosp,0,2026-09-19,09,quantile,0.5,15
2026-09-19,wk inc covid hosp,0,2026-09-19,09,quantile,0.55,16
2026-09-19,wk inc covid hosp,0,2026-09-19,09,quantile,0.6,16
2026-09-19,wk inc covid hosp,0,2026-09-19,09,quantile,0.65,17
2026-09-19,wk inc covid hosp,0,2026-09-19,09,quantile,0.7,18
2026-09-19,wk inc covid hosp,0,2026-09-19,09,quantile,0.75,19
2026-09-19,wk inc covid hosp,0,2026-09-19,09,quantile,0.8,20
2026-09-19,wk inc covid hosp,0,2026-09-19,09,quantile,0.85,21
2026-09-19,wk inc covid hosp,0,2026-09-19,09,quantile,0.9,23
2026-09-19,wk inc covid hosp,0,2026-09-19,09,quantile,0.95,26
2026-09-19,wk inc covid hosp,0,2026-09-19,09,quantile,0.975,28
2026-09-19,wk inc covid hosp,0,2026-09-19,09,quantile,0.99,31
2026-09-19,wk inc covid hosp,0,2026-09-19,10,quantile,0.01,2
2026-09-19,wk inc covid hosp,0,2026-09-19,10,quantile,0.025,2
2026-09-19,wk inc covid hosp,0,2026-09-19,10,quantile,0.05,3
2026-09-19,wk inc covid hosp,0,2026-09-19,10,quantile,0.1,4
2026-09-19,wk inc covid hosp,0,2026-09-19,10,quantile,0.15,5
2026-09-19,wk inc covid hosp,0,2026-09-19,10,quantile,0.2,5
2026-09-19,wk inc covid hosp,0,2026-09-19,10,quantile,0.25,6
2026-09-19,wk inc covid hosp,0,2026-09-19,10,quantile,0.3,6
2026-09-19,wk inc covid hosp,0,2026-09-19,10,quantile,0.35,7
2026-09-19,wk inc covid hosp,0,2026-09-19,10,quantile,0.4,7
2026-09-19,wk inc covid hosp,0,2026-09-19,10,quantile,0.45,7
2026-09-19,wk inc covid hosp,0,2026-09-19,10,quantile,0.5,8
2026-09-19,wk inc covid hosp,0,2026-09-19,10,quantile,0.55,8
2026-09-19,wk inc covid hosp,0,2026-09-19,10,quantile,0.6,9
2026-09-19,wk inc covid hosp,0,2026-09-19,10,quantile,0.65,9
2026-09-19,wk inc covid hosp,0,2026-09-19,10,quantile,0.7,10
2026-09-19,wk inc covid hosp,0,2026-09-19,10,quantile,0.75,10
2026-09-19,wk inc covid hosp,0,2026-09-19,10,quantile,0.8,11
2026-09-19,wk inc covid hosp,0,2026-09-19,10,quantile,0.85,12
2026-09-19,wk inc covid hosp,0,2026-09-19,10,quantile,0.9,13
2026-09-19,wk inc covid hosp,0,2026-09-19,10,quantile,0.95,15
2026-09-19,wk inc covid hosp,0,2026-09-19,10,quantile,0.975,17
2026-09-19,wk inc covid hosp,0,2026-09-19,10,quantile,0.99,19
2026-09-19,wk inc covid hosp,0,2026-09-19,11,quantile,0.01,1
2026-09-19,wk inc covid hosp,0,2026-09-19,11,quantile,0.025,1
2026-09-19,wk inc covid hosp,0,2026-09-19,11,quantile,0.05,2
2026-09-19,wk inc covid hosp,0,2026-09-19,11,quantile,0.1,2
2026-09-19,wk inc covid hosp,0,2026-09-19,11,quantile,0.15,3
2026-09-19,wk inc covid hosp,0,2026-09-19,11,quantile,0.2,3
2026-09-19,wk inc covid hosp,0,2026-09-19,11,quantile,0.25,4
2026-09-19,wk inc covid hosp,0,2026-09-19,11,quantile,0.3,4
2026-09-19,wk inc covid hosp,0,2026-09-19,11,quantile,0.35,4
2026-09-19,wk inc covid hosp,0,2026-09-19,11,quantile,0.4,5
2026-09-19,wk inc covid hosp,0,2026-09-19,11,quantile,0.45,5
2026-09-19,wk inc covid hosp,0,2026-09-19,11,quantile,0.5,5
2026-09-19,wk inc covid hosp,0,2026-09-19,11,quantile,0.55,6
2026-09-19,wk inc covid hosp,0,2026-09-19,11,quantile,0.6,6
2026-09-19,wk inc covid hosp,0,2026-09-19,11,quantile,0.65,7
2026-09-19,wk inc covid hosp,0,2026-09-19,11,quantile,0.7,7
2026-09-19,wk inc covid hosp,0,2026-09-19,11,quantile,0.75,8
2026-09-19,wk inc covid hosp,0,2026-09-19,11,quantile,0.8,8
2026-09-19,wk inc covid hosp,0,2026-09-19,11,quantile,0.85,9
2026-09-19,wk inc covid hosp,0,2026-09-19,11,quantile,0.9,10
2026-09-19,wk inc covid hosp,0,2026-09-19,11,quantile,0.95,11
2026-09-19,wk inc covid hosp,0,2026-09-19,11,quantile,0.975,13
2026-09-19,wk inc covid hosp,0,2026-09-19,11,quantile,0.99,14
2026-09-19,wk inc covid hosp,0,2026-09-19,12,quantile,0.01,331.98999999999995
2026-09-19,wk inc covid hosp,0,2026-09-19,12,quantile,0.025,358
2026-09-19,wk inc covid hosp,0,2026-09-19,12,quantile,0.05,384
2026-09-19,wk inc covid hosp,0,2026-09-19,12,quantile,0.1,414
2026-09-19,wk inc covid hosp,0,2026-09-19,12,quantile,0.15,435
2026-09-19,wk inc covid hosp,0,2026-09-19,12,quantile,0.2,452
2026-09-19,wk inc covid hosp,0,2026-09-19,12,quantile,0.25,469
2026-09-19,wk inc covid hosp,0,2026-09-19,12,quantile,0.3,483
2026-09-19,wk inc covid hosp,0,2026-09-19,12,quantile,0.35,499
2026-09-19,wk inc covid hosp,0,2026-09-19,12,quantile,0.4,514
2026-09-19,wk inc covid hosp,0,2026-09-19,12,quantile,0.45,530
2026-09-19,wk inc covid hosp,0,2026-09-19,12,quantile,0.5,543
2026-09-19,wk inc covid hosp,0,2026-09-19,12,quantile,0.55,558
2026-09-19,wk inc covid hosp,0,2026-09-19,12,quantile,0.6,573
2026-09-19,wk inc covid hosp,0,2026-09-19,12,quantile,0.65,590
2026-09-19,wk inc covid hosp,0,2026-09-19,12,quantile,0.7,607
2026-09-19,wk inc covid hosp,0,2026-09-19,12,quantile,0.75,625
2026-09-19,wk inc covid hosp,0,2026-09-19,12,quantile,0.8,648
2026-09-19,wk inc covid hosp,0,2026-09-19,12,quantile,0.85,677
2026-09-19,wk inc covid hosp,0,2026-09-19,12,quantile,0.9,708
2026-09-19,wk inc covid hosp,0,2026-09-19,12,quantile,0.95,761
2026-09-19,wk inc covid hosp,0,2026-09-19,12,quantile,0.975,802
2026-09-19,wk inc covid hosp,0,2026-09-19,12,quantile,0.99,878.0100000000002
2026-09-19,wk inc covid hosp,0,2026-09-19,13,quantile,0.01,54
2026-09-19,wk inc covid hosp,0,2026-09-19,13,quantile,0.025,60
2026-09-19,wk inc covid hosp,0,2026-09-19,13,quantile,0.05,65
2026-09-19,wk inc covid hosp,0,2026-09-19,13,quantile,0.1,70
2026-09-19,wk inc covid hosp,0,2026-09-19,13,quantile,0.15,74
2026-09-19,wk inc covid hosp,0,2026-09-19,13,quantile,0.2,77
2026-09-19,wk inc covid hosp,0,2026-09-19,13,quantile,0.25,80
2026-09-19,wk inc covid hosp,0,2026-09-19,13,quantile,0.3,83
2026-09-19,wk inc covid hosp,0,2026-09-19,13,quantile,0.35,85
2026-09-19,wk inc covid hosp,0,2026-09-19,13,quantile,0.4,88
2026-09-19,wk inc covid hosp,0,2026-09-19,13,quantile,0.45,90
2026-09-19,wk inc covid hosp,0,2026-09-19,13,quantile,0.5,92
2026-09-19,wk inc covid hosp,0,2026-09-19,13,quantile,0.55,95
2026-09-19,wk inc covid hosp,0,2026-09-19,13,quantile,0.6,97
2026-09-19,wk inc covid hosp,0,2026-09-19,13,quantile,0.65,100
2026-09-19,wk inc covid hosp,0,2026-09-19,13,quantile,0.7,103
2026-09-19,wk inc covid hosp,0,2026-09-19,13,quantile,0.75,106
2026-09-19,wk inc covid hosp,0,2026-09-19,13,quantile,0.8,109
2026-09-19,wk inc covid hosp,0,2026-09-19,13,quantile,0.85,114
2026-09-19,wk inc covid hosp,0,2026-09-19,13,quantile,0.9,119
2026-09-19,wk inc covid hosp,0,2026-09-19,13,quantile,0.95,129
2026-09-19,wk inc covid hosp,0,2026-09-19,13,quantile,0.975,138
2026-09-19,wk inc covid hosp,0,2026-09-19,13,quantile,0.99,146
2026-09-19,wk inc covid hosp,0,2026-09-19,15,quantile,0.01,10
2026-09-19,wk inc covid hosp,0,2026-09-19,15,quantile,0.025,12
2026-09-19,wk inc covid hosp,0,2026-09-19,15,quantile,0.05,15
2026-09-19,wk inc covid hosp,0,2026-09-19,15,quantile,0.1,18
2026-09-19,wk inc covid hosp,0,2026-09-19,15,quantile,0.15,20
2026-09-19,wk inc covid hosp,0,2026-09-19,15,quantile,0.2,21
2026-09-19,wk inc covid hosp,0,2026-09-19,15,quantile,0.25,23
2026-09-19,wk inc covid hosp,0,2026-09-19,15,quantile,0.3,24
2026-09-19,wk inc covid hosp,0,2026-09-19,15,quantile,0.35,25
2026-09-19,wk inc covid hosp,0,2026-09-19,15,quantile,0.4,27
2026-09-19,wk inc covid hosp,0,2026-09-19,15,quantile,0.45,28
2026-09-19,wk inc covid hosp,0,2026-09-19,15,quantile,0.5,29
2026-09-19,wk inc covid hosp,0,2026-09-19,15,quantile,0.55,31
2026-09-19,wk inc covid hosp,0,2026-09-19,15,quantile,0.6,32
2026-09-19,wk inc covid hosp,0,2026-09-19,15,quantile,0.65,34
2026-09-19,wk inc covid hosp,0,2026-09-19,15,quantile,0.7,36
2026-09-19,wk inc covid hosp,0,2026-09-19,15,quantile,0.75,38
2026-09-19,wk inc covid hosp,0,2026-09-19,15,quantile,0.8,40
2026-09-19,wk inc covid hosp,0,2026-09-19,15,quantile,0.85,43
2026-09-19,wk inc covid hosp,0,2026-09-19,15,quantile,0.9,47
2026-09-19,wk inc covid hosp,0,2026-09-19,15,quantile,0.95,53
2026-09-19,wk inc covid hosp,0,2026-09-19,15,quantile,0.975,59
2026-09-19,wk inc covid hosp,0,2026-09-19,15,quantile,0.99,66
2026-09-19,wk inc covid hosp,0,2026-09-19,16,quantile,0.01,3
2026-09-19,wk inc covid hosp,0,2026-09-19,16,quantile,0.025,4
2026-09-19,wk inc covid hosp,0,2026-09-19,16,quantile,0.05,5
2026-09-19,wk inc covid hosp,0,2026-09-19,16,quantile,0.1,6
2026-09-19,wk inc covid hosp,0,2026-09-19,16,quantile,0.15,6
2026-09-19,wk inc covid hosp,0,2026-09-19,16,quantile,0.2,7
2026-09-19,wk inc covid hosp,0,2026-09-19,16,quantile,0.25,8
2026-09-19,wk inc covid hosp,0,2026-09-19,16,quantile,0.3,8
2026-09-19,wk inc covid hosp,0,2026-09-19,16,quantile,0.35,9
2026-09-19,wk inc covid hosp,0,2026-09-19,16,quantile,0.4,9
2026-09-19,wk inc covid hosp,0,2026-09-19,16,quantile,0.45,10
2026-09-19,wk inc covid hosp,0,2026-09-19,16,quantile,0.5,10
2026-09-19,wk inc covid hosp,0,2026-09-19,16,quantile,0.55,11
2026-09-19,wk inc covid hosp,0,2026-09-19,16,quantile,0.6,11
2026-09-19,wk inc covid hosp,0,2026-09-19,16,quantile,0.65,12
2026-09-19,wk inc covid hosp,0,2026-09-19,16,quantile,0.7,12
2026-09-19,wk inc covid hosp,0,2026-09-19,16,quantile,0.75,13
2026-09-19,wk inc covid hosp,0,2026-09-19,16,quantile,0.8,14
2026-09-19,wk inc covid hosp,0,2026-09-19,16,quantile,0.85,15
2026-09-19,wk inc covid hosp,0,2026-09-19,16,quantile,0.9,16
2026-09-19,wk inc covid hosp,0,2026-09-19,16,quantile,0.95,18
2026-09-19,wk inc covid hosp,0,2026-09-19,16,quantile,0.975,19
2026-09-19,wk inc covid hosp,0,2026-09-19,16,quantile,0.99,21
2026-09-19,wk inc covid hosp,0,2026-09-19,17,quantile,0.01,27
2026-09-19,wk inc covid hosp,0,2026-09-19,17,quantile,0.025,31
2026-09-19,wk inc covid hosp,0,2026-09-19,17,quantile,0.05,33
2026-09-19,wk inc covid hosp,0,2026-09-19,17,quantile,0.1,37
2026-09-19,wk inc covid hosp,0,2026-09-19,17,quantile,0.15,39
2026-09-19,wk inc covid hosp,0,2026-09-19,17,quantile,0.2,41
2026-09-19,wk inc covid hosp,0,2026-09-19,17,quantile,0.25,43
2026-09-19,wk inc covid hosp,0,2026-09-19,17,quantile,0.3,44
2026-09-19,wk inc covid hosp,0,2026-09-19,17,quantile,0.35,46
2026-09-19,wk inc covid hosp,0,2026-09-19,17,quantile,0.4,47
2026-09-19,wk inc covid hosp,0,2026-09-19,17,quantile,0.45,49
2026-09-19,wk inc covid hosp,0,2026-09-19,17,quantile,0.5,50
2026-09-19,wk inc covid hosp,0,2026-09-19,17,quantile,0.55,51
2026-09-19,wk inc covid hosp,0,2026-09-19,17,quantile,0.6,53
2026-09-19,wk inc covid hosp,0,2026-09-19,17,quantile,0.65,55
2026-09-19,wk inc covid hosp,0,2026-09-19,17,quantile,0.7,56
2026-09-19,wk inc covid hosp,0,2026-09-19,17,quantile,0.75,59
2026-09-19,wk inc covid hosp,0,2026-09-19,17,quantile,0.8,61
2026-09-19,wk inc covid hosp,0,2026-09-19,17,quantile,0.85,63
2026-09-19,wk inc covid hosp,0,2026-09-19,17,quantile,0.9,67
2026-09-19,wk inc covid hosp,0,2026-09-19,17,quantile,0.95,72
2026-09-19,wk inc covid hosp,0,2026-09-19,17,quantile,0.975,77
2026-09-19,wk inc covid hosp,0,2026-09-19,17,quantile,0.99,83
2026-09-19,wk inc covid hosp,0,2026-09-19,18,quantile,0.01,17.990000000000002
2026-09-19,wk inc covid hosp,0,2026-09-19,18,quantile,0.025,20
2026-09-19,wk inc covid hosp,0,2026-09-19,18,quantile,0.05,22
2026-09-19,wk inc covid hosp,0,2026-09-19,18,quantile,0.1,24
2026-09-19,wk inc covid hosp,0,2026-09-19,18,quantile,0.15,26
2026-09-19,wk inc covid hosp,0,2026-09-19,18,quantile,0.2,28
2026-09-19,wk inc covid hosp,0,2026-09-19,18,quantile,0.25,29
2026-09-19,wk inc covid hosp,0,2026-09-19,18,quantile,0.3,30
2026-09-19,wk inc covid hosp,0,2026-09-19,18,quantile,0.35,32
2026-09-19,wk inc covid hosp,0,2026-09-19,18,quantile,0.4,33
2026-09-19,wk inc covid hosp,0,2026-09-19,18,quantile,0.45,34
2026-09-19,wk inc covid hosp,0,2026-09-19,18,quantile,0.5,35
2026-09-19,wk inc covid hosp,0,2026-09-19,18,quantile,0.55,36
2026-09-19,wk inc covid hosp,0,2026-09-19,18,quantile,0.6,37
2026-09-19,wk inc covid hosp,0,2026-09-19,18,quantile,0.65,39
2026-09-19,wk inc covid hosp,0,2026-09-19,18,quantile,0.7,40
2026-09-19,wk inc covid hosp,0,2026-09-19,18,quantile,0.75,42
2026-09-19,wk inc covid hosp,0,2026-09-19,18,quantile,0.8,43
2026-09-19,wk inc covid hosp,0,2026-09-19,18,quantile,0.85,45
2026-09-19,wk inc covid hosp,0,2026-09-19,18,quantile,0.9,48
2026-09-19,wk inc covid hosp,0,2026-09-19,18,quantile,0.95,53
2026-09-19,wk inc covid hosp,0,2026-09-19,18,quantile,0.975,56
2026-09-19,wk inc covid hosp,0,2026-09-19,18,quantile,0.99,61
2026-09-19,wk inc covid hosp,0,2026-09-19,19,quantile,0.01,4
2026-09-19,wk inc covid hosp,0,2026-09-19,19,quantile,0.025,5
2026-09-19,wk inc covid hosp,0,2026-09-19,19,quantile,0.05,6
2026-09-19,wk inc covid hosp,0,2026-09-19,19,quantile,0.1,7
2026-09-19,wk inc covid hosp,0,2026-09-19,19,quantile,0.15,8
2026-09-19,wk inc covid hosp,0,2026-09-19,19,quantile,0.2,9
2026-09-19,wk inc covid hosp,0,2026-09-19,19,quantile,0.25,9
2026-09-19,wk inc covid hosp,0,2026-09-19,19,quantile,0.3,10
2026-09-19,wk inc covid hosp,0,2026-09-19,19,quantile,0.35,10
2026-09-19,wk inc covid hosp,0,2026-09-19,19,quantile,0.4,11
2026-09-19,wk inc covid hosp,0,2026-09-19,19,quantile,0.45,11
2026-09-19,wk inc covid hosp,0,2026-09-19,19,quantile,0.5,12
2026-09-19,wk inc covid hosp,0,2026-09-19,19,quantile,0.55,12
2026-09-19,wk inc covid hosp,0,2026-09-19,19,quantile,0.6,13
2026-09-19,wk inc covid hosp,0,2026-09-19,19,quantile,0.65,14
2026-09-19,wk inc covid hosp,0,2026-09-19,19,quantile,0.7,14
2026-09-19,wk inc covid hosp,0,2026-09-19,19,quantile,0.75,15
2026-09-19,wk inc covid hosp,0,2026-09-19,19,quantile,0.8,16
2026-09-19,wk inc covid hosp,0,2026-09-19,19,quantile,0.85,17
2026-09-19,wk inc covid hosp,0,2026-09-19,19,quantile,0.9,18
2026-09-19,wk inc covid hosp,0,2026-09-19,19,quantile,0.95,20
2026-09-19,wk inc covid hosp,0,2026-09-19,19,quantile,0.975,22
2026-09-19,wk inc covid hosp,0,2026-09-19,19,quantile,0.99,24
2026-09-19,wk inc covid hosp,0,2026-09-19,20,quantile,0.01,3
2026-09-19,wk inc covid hosp,0,2026-09-19,20,quantile,0.025,4
2026-09-19,wk inc covid hosp,0,2026-09-19,20,quantile,0.05,5
2026-09-19,wk inc covid hosp,0,2026-09-19,20,quantile,0.1,6
2026-09-19,wk inc covid hosp,0,2026-09-19,20,quantile,0.15,7
2026-09-19,wk inc covid hosp,0,2026-09-19,20,quantile,0.2,8
2026-09-19,wk inc covid hosp,0,2026-09-19,20,quantile,0.25,8
2026-09-19,wk inc covid hosp,0,2026-09-19,20,quantile,0.3,9
2026-09-19,wk inc covid hosp,0,2026-09-19,20,quantile,0.35,9
2026-09-19,wk inc covid hosp,0,2026-09-19,20,quantile,0.4,10
2026-09-19,wk inc covid hosp,0,2026-09-19,20,quantile,0.45,10
2026-09-19,wk inc covid hosp,0,2026-09-19,20,quantile,0.5,11
2026-09-19,wk inc covid hosp,0,2026-09-19,20,quantile,0.55,12
2026-09-19,wk inc covid hosp,0,2026-09-19,20,quantile,0.6,12
2026-09-19,wk inc covid hosp,0,2026-09-19,20,quantile,0.65,13
2026-09-19,wk inc covid hosp,0,2026-09-19,20,quantile,0.7,13
2026-09-19,wk inc covid hosp,0,2026-09-19,20,quantile,0.75,14
2026-09-19,wk inc covid hosp,0,2026-09-19,20,quantile,0.8,15
2026-09-19,wk inc covid hosp,0,2026-09-19,20,quantile,0.85,16
2026-09-19,wk inc covid hosp,0,2026-09-19,20,quantile,0.9,17
2026-09-19,wk inc covid hosp,0,2026-09-19,20,quantile,0.95,19
2026-09-19,wk inc covid hosp,0,2026-09-19,20,quantile,0.975,21
2026-09-19,wk inc covid hosp,0,2026-09-19,20,quantile,0.99,23
2026-09-19,wk inc covid hosp,0,2026-09-19,21,quantile,0.01,12
2026-09-19,wk inc covid hosp,0,2026-09-19,21,quantile,0.025,13
2026-09-19,wk inc covid hosp,0,2026-09-19,21,quantile,0.05,15
2026-09-19,wk inc covid hosp,0,2026-09-19,21,quantile,0.1,17
2026-09-19,wk inc covid hosp,0,2026-09-19,21,quantile,0.15,18
2026-09-19,wk inc covid hosp,0,2026-09-19,21,quantile,0.2,19
2026-09-19,wk inc covid hosp,0,2026-09-19,21,quantile,0.25,20
2026-09-19,wk inc covid hosp,0,2026-09-19,21,quantile,0.3,21
2026-09-19,wk inc covid hosp,0,2026-09-19,21,quantile,0.35,22
2026-09-19,wk inc covid hosp,0,2026-09-19,21,quantile,0.4,23
2026-09-19,wk inc covid hosp,0,2026-09-19,21,quantile,0.45,24
2026-09-19,wk inc covid hosp,0,2026-09-19,21,quantile,0.5,25
2026-09-19,wk inc covid hosp,0,2026-09-19,21,quantile,0.55,26
2026-09-19,wk inc covid hosp,0,2026-09-19,21,quantile,0.6,27
2026-09-19,wk inc covid hosp,0,2026-09-19,21,quantile,0.65,28
2026-09-19,wk inc covid hosp,0,2026-09-19,21,quantile,0.7,29
2026-09-19,wk inc covid hosp,0,2026-09-19,21,quantile,0.75,30
2026-09-19,wk inc covid hosp,0,2026-09-19,21,quantile,0.8,31
2026-09-19,wk inc covid hosp,0,2026-09-19,21,quantile,0.85,33
2026-09-19,wk inc covid hosp,0,2026-09-19,21,quantile,0.9,35
2026-09-19,wk inc covid hosp,0,2026-09-19,21,quantile,0.95,38
2026-09-19,wk inc covid hosp,0,2026-09-19,21,quantile,0.975,40.024999999999636
2026-09-19,wk inc covid hosp,0,2026-09-19,21,quantile,0.99,44
2026-09-19,wk inc covid hosp,0,2026-09-19,22,quantile,0.01,39
2026-09-19,wk inc covid hosp,0,2026-09-19,22,quantile,0.025,43
2026-09-19,wk inc covid hosp,0,2026-09-19,22,quantile,0.05,46
2026-09-19,wk inc covid hosp,0,2026-09-19,22,quantile,0.1,51
2026-09-19,wk inc covid hosp,0,2026-09-19,22,quantile,0.15,54
2026-09-19,wk inc covid hosp,0,2026-09-19,22,quantile,0.2,56
2026-09-19,wk inc covid hosp,0,2026-09-19,22,quantile,0.25,59
2026-09-19,wk inc covid hosp,0,2026-09-19,22,quantile,0.3,61
2026-09-19,wk inc covid hosp,0,2026-09-19,22,quantile,0.35,63
2026-09-19,wk inc covid hosp,0,2026-09-19,22,quantile,0.4,65
2026-09-19,wk inc covid hosp,0,2026-09-19,22,quantile,0.45,67
2026-09-19,wk inc covid hosp,0,2026-09-19,22,quantile,0.5,70
2026-09-19,wk inc covid hosp,0,2026-09-19,22,quantile,0.55,72
2026-09-19,wk inc covid hosp,0,2026-09-19,22,quantile,0.6,74
2026-09-19,wk inc covid hosp,0,2026-09-19,22,quantile,0.65,76
2026-09-19,wk inc covid hosp,0,2026-09-19,22,quantile,0.7,79
2026-09-19,wk inc covid hosp,0,2026-09-19,22,quantile,0.75,82
2026-09-19,wk inc covid hosp,0,2026-09-19,22,quantile,0.8,85
2026-09-19,wk inc covid hosp,0,2026-09-19,22,quantile,0.85,88
2026-09-19,wk inc covid hosp,0,2026-09-19,22,quantile,0.9,93
2026-09-19,wk inc covid hosp,0,2026-09-19,22,quantile,0.95,100
2026-09-19,wk inc covid hosp,0,2026-09-19,22,quantile,0.975,107
2026-09-19,wk inc covid hosp,0,2026-09-19,22,quantile,0.99,114
2026-09-19,wk inc covid hosp,0,2026-09-19,23,quantile,0.01,0
2026-09-19,wk inc covid hosp,0,2026-09-19,23,quantile,0.025,0
2026-09-19,wk inc covid hosp,0,2026-09-19,23,quantile,0.05,0
2026-09-19,wk inc covid hosp,0,2026-09-19,23,quantile,0.1,0
2026-09-19,wk inc covid hosp,0,2026-09-19,23,quantile,0.15,0
2026-09-19,wk inc covid hosp,0,2026-09-19,23,quantile,0.2,1
2026-09-19,wk inc covid hosp,0,2026-09-19,23,quantile,0.25,1
2026-09-19,wk inc covid hosp,0,2026-09-19,23,quantile,0.3,1
2026-09-19,wk inc covid hosp,0,2026-09-19,23,quantile,0.35,1
2026-09-19,wk inc covid hosp,0,2026-09-19,23,quantile,0.4,1
2026-09-19,wk inc covid hosp,0,2026-09-19,23,quantile,0.45,1
2026-09-19,wk inc covid hosp,0,2026-09-19,23,quantile,0.5,2
2026-09-19,wk inc covid hosp,0,2026-09-19,23,quantile,0.55,2
2026-09-19,wk inc covid hosp,0,2026-09-19,23,quantile,0.6,2
2026-09-19,wk inc covid hosp,0,2026-09-19,23,quantile,0.65,2
2026-09-19,wk inc covid hosp,0,2026-09-19,23,quantile,0.7,3
2026-09-19,wk inc covid hosp,0,2026-09-19,23,quantile,0.75,3
2026-09-19,wk inc covid hosp,0,2026-09-19,23,quantile,0.8,3
2026-09-19,wk inc covid hosp,0,2026-09-19,23,quantile,0.85,4
2026-09-19,wk inc covid hosp,0,2026-09-19,23,quantile,0.9,4
2026-09-19,wk inc covid hosp,0,2026-09-19,23,quantile,0.95,5
2026-09-19,wk inc covid hosp,0,2026-09-19,23,quantile,0.975,6
2026-09-19,wk inc covid hosp,0,2026-09-19,23,quantile,0.99,7
2026-09-19,wk inc covid hosp,0,2026-09-19,24,quantile,0.01,8
2026-09-19,wk inc covid hosp,0,2026-09-19,24,quantile,0.025,9
2026-09-19,wk inc covid hosp,0,2026-09-19,24,quantile,0.05,11
2026-09-19,wk inc covid hosp,0,2026-09-19,24,quantile,0.1,12
2026-09-19,wk inc covid hosp,0,2026-09-19,24,quantile,0.15,14
2026-09-19,wk inc covid hosp,0,2026-09-19,24,quantile,0.2,15
2026-09-19,wk inc covid hosp,0,2026-09-19,24,quantile,0.25,15
2026-09-19,wk inc covid hosp,0,2026-09-19,24,quantile,0.3,16
2026-09-19,wk inc covid hosp,0,2026-09-19,24,quantile,0.35,17
2026-09-19,wk inc covid hosp,0,2026-09-19,24,quantile,0.4,18
2026-09-19,wk inc covid hosp,0,2026-09-19,24,quantile,0.45,18
2026-09-19,wk inc covid hosp,0,2026-09-19,24,quantile,0.5,19
2026-09-19,wk inc covid hosp,0,2026-09-19,24,quantile,0.55,20
2026-09-19,wk inc covid hosp,0,2026-09-19,24,quantile,0.6,21
2026-09-19,wk inc covid hosp,0,2026-09-19,24,quantile,0.65,22
2026-09-19,wk inc covid hosp,0,2026-09-19,24,quantile,0.7,23
2026-09-19,wk inc covid hosp,0,2026-09-19,24,quantile,0.75,24
2026-09-19,wk inc covid hosp,0,2026-09-19,24,quantile,0.8,25
2026-09-19,wk inc covid hosp,0,2026-09-19,24,quantile,0.85,26
2026-09-19,wk inc covid hosp,0,2026-09-19,24,quantile,0.9,28
2026-09-19,wk inc covid hosp,0,2026-09-19,24,quantile,0.95,31
2026-09-19,wk inc covid hosp,0,2026-09-19,24,quantile,0.975,33
2026-09-19,wk inc covid hosp,0,2026-09-19,24,quantile,0.99,38
2026-09-19,wk inc covid hosp,0,2026-09-19,25,quantile,0.01,15
2026-09-19,wk inc covid hosp,0,2026-09-19,25,quantile,0.025,17
2026-09-19,wk inc covid hosp,0,2026-09-19,25,quantile,0.05,19
2026-09-19,wk inc covid hosp,0,2026-09-19,25,quantile,0.1,21
2026-09-19,wk inc covid hosp,0,2026-09-19,25,quantile,0.15,23
2026-09-19,wk inc covid hosp,0,2026-09-19,25,quantile,0.2,24
2026-09-19,wk inc covid hosp,0,2026-09-19,25,quantile,0.25,26
2026-09-19,wk inc covid hosp,0,2026-09-19,25,quantile,0.3,27
2026-09-19,wk inc covid hosp,0,2026-09-19,25,quantile,0.35,28
2026-09-19,wk inc covid hosp,0,2026-09-19,25,quantile,0.4,29
2026-09-19,wk inc covid hosp,0,2026-09-19,25,quantile,0.45,30
2026-09-19,wk inc covid hosp,0,2026-09-19,25,quantile,0.5,31
2026-09-19,wk inc covid hosp,0,2026-09-19,25,quantile,0.55,32
2026-09-19,wk inc covid hosp,0,2026-09-19,25,quantile,0.6,33
2026-09-19,wk inc covid hosp,0,2026-09-19,25,quantile,0.65,35
2026-09-19,wk inc covid hosp,0,2026-09-19,25,quantile,0.7,36
2026-09-19,wk inc covid hosp,0,2026-09-19,25,quantile,0.75,37
2026-09-19,wk inc covid hosp,0,2026-09-19,25,quantile,0.8,39
2026-09-19,wk inc covid hosp,0,2026-09-19,25,quantile,0.85,41
2026-09-19,wk inc covid hosp,0,2026-09-19,25,quantile,0.9,44
2026-09-19,wk inc covid hosp,0,2026-09-19,25,quantile,0.95,48
2026-09-19,wk inc covid hosp,0,2026-09-19,25,quantile,0.975,51.024999999999636
2026-09-19,wk inc covid hosp,0,2026-09-19,25,quantile,0.99,57
2026-09-19,wk inc covid hosp,0,2026-09-19,26,quantile,0.01,16
2026-09-19,wk inc covid hosp,0,2026-09-19,26,quantile,0.025,19
2026-09-19,wk inc covid hosp,0,2026-09-19,26,quantile,0.05,21
2026-09-19,wk inc covid hosp,0,2026-09-19,26,quantile,0.1,23
2026-09-19,wk inc covid hosp,0,2026-09-19,26,quantile,0.15,25
2026-09-19,wk inc covid hosp,0,2026-09-19,26,quantile,0.2,27
2026-09-19,wk inc covid hosp,0,2026-09-19,26,quantile,0.25,28
2026-09-19,wk inc covid hosp,0,2026-09-19,26,quantile,0.3,29
2026-09-19,wk inc covid hosp,0,2026-09-19,26,quantile,0.35,31
2026-09-19,wk inc covid hosp,0,2026-09-19,26,quantile,0.4,32
2026-09-19,wk inc covid hosp,0,2026-09-19,26,quantile,0.45,33
2026-09-19,wk inc covid hosp,0,2026-09-19,26,quantile,0.5,34
2026-09-19,wk inc covid hosp,0,2026-09-19,26,quantile,0.55,35
2026-09-19,wk inc covid hosp,0,2026-09-19,26,quantile,0.6,37
2026-09-19,wk inc covid hosp,0,2026-09-19,26,quantile,0.65,38
2026-09-19,wk inc covid hosp,0,2026-09-19,26,quantile,0.7,39
2026-09-19,wk inc covid hosp,0,2026-09-19,26,quantile,0.75,41
2026-09-19,wk inc covid hosp,0,2026-09-19,26,quantile,0.8,43
2026-09-19,wk inc covid hosp,0,2026-09-19,26,quantile,0.85,45
2026-09-19,wk inc covid hosp,0,2026-09-19,26,quantile,0.9,48
2026-09-19,wk inc covid hosp,0,2026-09-19,26,quantile,0.95,52
2026-09-19,wk inc covid hosp,0,2026-09-19,26,quantile,0.975,56
2026-09-19,wk inc covid hosp,0,2026-09-19,26,quantile,0.99,61
2026-09-19,wk inc covid hosp,0,2026-09-19,27,quantile,0.01,8
2026-09-19,wk inc covid hosp,0,2026-09-19,27,quantile,0.025,10
2026-09-19,wk inc covid hosp,0,2026-09-19,27,quantile,0.05,11
2026-09-19,wk inc covid hosp,0,2026-09-19,27,quantile,0.1,13
2026-09-19,wk inc covid hosp,0,2026-09-19,27,quantile,0.15,14
2026-09-19,wk inc covid hosp,0,2026-09-19,27,quantile,0.2,15
2026-09-19,wk inc covid hosp,0,2026-09-19,27,quantile,0.25,16
2026-09-19,wk inc covid hosp,0,2026-09-19,27,quantile,0.3,17
2026-09-19,wk inc covid hosp,0,2026-09-19,27,quantile,0.35,18
2026-09-19,wk inc covid hosp,0,2026-09-19,27,quantile,0.4,19
2026-09-19,wk inc covid hosp,0,2026-09-19,27,quantile,0.45,19
2026-09-19,wk inc covid hosp,0,2026-09-19,27,quantile,0.5,20
2026-09-19,wk inc covid hosp,0,2026-09-19,27,quantile,0.55,21
2026-09-19,wk inc covid hosp,0,2026-09-19,27,quantile,0.6,22
2026-09-19,wk inc covid hosp,0,2026-09-19,27,quantile,0.65,22
2026-09-19,wk inc covid hosp,0,2026-09-19,27,quantile,0.7,23
2026-09-19,wk inc covid hosp,0,2026-09-19,27,quantile,0.75,24
2026-09-19,wk inc covid hosp,0,2026-09-19,27,quantile,0.8,26
2026-09-19,wk inc covid hosp,0,2026-09-19,27,quantile,0.85,27
2026-09-19,wk inc covid hosp,0,2026-09-19,27,quantile,0.9,29
2026-09-19,wk inc covid hosp,0,2026-09-19,27,quantile,0.95,33
2026-09-19,wk inc covid hosp,0,2026-09-19,27,quantile,0.975,35
2026-09-19,wk inc covid hosp,0,2026-09-19,27,quantile,0.99,39
2026-09-19,wk inc covid hosp,0,2026-09-19,28,quantile,0.01,17
2026-09-19,wk inc covid hosp,0,2026-09-19,28,quantile,0.025,20
2026-09-19,wk inc covid hosp,0,2026-09-19,28,quantile,0.05,22
2026-09-19,wk inc covid hosp,0,2026-09-19,28,quantile,0.1,24
2026-09-19,wk inc covid hosp,0,2026-09-19,28,quantile,0.15,26
2026-09-19,wk inc covid hosp,0,2026-09-19,28,quantile,0.2,28
2026-09-19,wk inc covid hosp,0,2026-09-19,28,quantile,0.25,29
2026-09-19,wk inc covid hosp,0,2026-09-19,28,quantile,0.3,30
2026-09-19,wk inc covid hosp,0,2026-09-19,28,quantile,0.35,32
2026-09-19,wk inc covid hosp,0,2026-09-19,28,quantile,0.4,33
2026-09-19,wk inc covid hosp,0,2026-09-19,28,quantile,0.45,34
2026-09-19,wk inc covid hosp,0,2026-09-19,28,quantile,0.5,35
2026-09-19,wk inc covid hosp,0,2026-09-19,28,quantile,0.55,36
2026-09-19,wk inc covid hosp,0,2026-09-19,28,quantile,0.6,38
2026-09-19,wk inc covid hosp,0,2026-09-19,28,quantile,0.65,39
2026-09-19,wk inc covid hosp,0,2026-09-19,28,quantile,0.7,40
2026-09-19,wk inc covid hosp,0,2026-09-19,28,quantile,0.75,42
2026-09-19,wk inc covid hosp,0,2026-09-19,28,quantile,0.8,43
2026-09-19,wk inc covid hosp,0,2026-09-19,28,quantile,0.85,46
2026-09-19,wk inc covid hosp,0,2026-09-19,28,quantile,0.9,48
2026-09-19,wk inc covid hosp,0,2026-09-19,28,quantile,0.95,52
2026-09-19,wk inc covid hosp,0,2026-09-19,28,quantile,0.975,56
2026-09-19,wk inc covid hosp,0,2026-09-19,28,quantile,0.99,62
2026-09-19,wk inc covid hosp,0,2026-09-19,29,quantile,0.01,22
2026-09-19,wk inc covid hosp,0,2026-09-19,29,quantile,0.025,24
2026-09-19,wk inc covid hosp,0,2026-09-19,29,quantile,0.05,27
2026-09-19,wk inc covid hosp,0,2026-09-19,29,quantile,0.1,29.900000000000034
2026-09-19,wk inc covid hosp,0,2026-09-19,29,quantile,0.15,32
2026-09-19,wk inc covid hosp,0,2026-09-19,29,quantile,0.2,33
2026-09-19,wk inc covid hosp,0,2026-09-19,29,quantile,0.25,35
2026-09-19,wk inc covid hosp,0,2026-09-19,29,quantile,0.3,36
2026-09-19,wk inc covid hosp,0,2026-09-19,29,quantile,0.35,37
2026-09-19,wk inc covid hosp,0,2026-09-19,29,quantile,0.4,38
2026-09-19,wk inc covid hosp,0,2026-09-19,29,quantile,0.45,39
2026-09-19,wk inc covid hosp,0,2026-09-19,29,quantile,0.5,41
2026-09-19,wk inc covid hosp,0,2026-09-19,29,quantile,0.55,42
2026-09-19,wk inc covid hosp,0,2026-09-19,29,quantile,0.6,43
2026-09-19,wk inc covid hosp,0,2026-09-19,29,quantile,0.65,44
2026-09-19,wk inc covid hosp,0,2026-09-19,29,quantile,0.7,46
2026-09-19,wk inc covid hosp,0,2026-09-19,29,quantile,0.75,48
2026-09-19,wk inc covid hosp,0,2026-09-19,29,quantile,0.8,49
2026-09-19,wk inc covid hosp,0,2026-09-19,29,quantile,0.85,51
2026-09-19,wk inc covid hosp,0,2026-09-19,29,quantile,0.9,54
2026-09-19,wk inc covid hosp,0,2026-09-19,29,quantile,0.95,59
2026-09-19,wk inc covid hosp,0,2026-09-19,29,quantile,0.975,62
2026-09-19,wk inc covid hosp,0,2026-09-19,29,quantile,0.99,67
2026-09-19,wk inc covid hosp,0,2026-09-19,30,quantile,0.01,1
2026-09-19,wk inc covid hosp,0,2026-09-19,30,quantile,0.025,1
2026-09-19,wk inc covid hosp,0,2026-09-19,30,quantile,0.05,2
2026-09-19,wk inc covid hosp,0,2026-09-19,30,quantile,0.1,3
2026-09-19,wk inc covid hosp,0,2026-09-19,30,quantile,0.15,3
2026-09-19,wk inc covid hosp,0,2026-09-19,30,quantile,0.2,4
2026-09-19,wk inc covid hosp,0,2026-09-19,30,quantile,0.25,4
2026-09-19,wk inc covid hosp,0,2026-09-19,30,quantile,0.3,5
2026-09-19,wk inc covid hosp,0,2026-09-19,30,quantile,0.35,5
2026-09-19,wk inc covid hosp,0,2026-09-19,30,quantile,0.4,5
2026-09-19,wk inc covid hosp,0,2026-09-19,30,quantile,0.45,6
2026-09-19,wk inc covid hosp,0,2026-09-19,30,quantile,0.5,6
2026-09-19,wk inc covid hosp,0,2026-09-19,30,quantile,0.55,6
2026-09-19,wk inc covid hosp,0,2026-09-19,30,quantile,0.6,7
2026-09-19,wk inc covid hosp,0,2026-09-19,30,quantile,0.65,7
2026-09-19,wk inc covid hosp,0,2026-09-19,30,quantile,0.7,8
2026-09-19,wk inc covid hosp,0,2026-09-19,30,quantile,0.75,8
2026-09-19,wk inc covid hosp,0,2026-09-19,30,quantile,0.8,9
2026-09-19,wk inc covid hosp,0,2026-09-19,30,quantile,0.85,9
2026-09-19,wk inc covid hosp,0,2026-09-19,30,quantile,0.9,10
2026-09-19,wk inc covid hosp,0,2026-09-19,30,quantile,0.95,12
2026-09-19,wk inc covid hosp,0,2026-09-19,30,quantile,0.975,13
2026-09-19,wk inc covid hosp,0,2026-09-19,30,quantile,0.99,15
2026-09-19,wk inc covid hosp,0,2026-09-19,31,quantile,0.01,1
2026-09-19,wk inc covid hosp,0,2026-09-19,31,quantile,0.025,2
2026-09-19,wk inc covid hosp,0,2026-09-19,31,quantile,0.05,2
2026-09-19,wk inc covid hosp,0,2026-09-19,31,quantile,0.1,3
2026-09-19,wk inc covid hosp,0,2026-09-19,31,quantile,0.15,4
2026-09-19,wk inc covid hosp,0,2026-09-19,31,quantile,0.2,4
2026-09-19,wk inc covid hosp,0,2026-09-19,31,quantile,0.25,5
2026-09-19,wk inc covid hosp,0,2026-09-19,31,quantile,0.3,5
2026-09-19,wk inc covid hosp,0,2026-09-19,31,quantile,0.35,5
2026-09-19,wk inc covid hosp,0,2026-09-19,31,quantile,0.4,6
2026-09-19,wk inc covid hosp,0,2026-09-19,31,quantile,0.45,6
2026-09-19,wk inc covid hosp,0,2026-09-19,31,quantile,0.5,7
2026-09-19,wk inc covid hosp,0,2026-09-19,31,quantile,0.55,7
2026-09-19,wk inc covid hosp,0,2026-09-19,31,quantile,0.6,7
2026-09-19,wk inc covid hosp,0,2026-09-19,31,quantile,0.65,8
2026-09-19,wk inc covid hosp,0,2026-09-19,31,quantile,0.7,8
2026-09-19,wk inc covid hosp,0,2026-09-19,31,quantile,0.75,9
2026-09-19,wk inc covid hosp,0,2026-09-19,31,quantile,0.8,9
2026-09-19,wk inc covid hosp,0,2026-09-19,31,quantile,0.85,10
2026-09-19,wk inc covid hosp,0,2026-09-19,31,quantile,0.9,11
2026-09-19,wk inc covid hosp,0,2026-09-19,31,quantile,0.95,12
2026-09-19,wk inc covid hosp,0,2026-09-19,31,quantile,0.975,14
2026-09-19,wk inc covid hosp,0,2026-09-19,31,quantile,0.99,15
2026-09-19,wk inc covid hosp,0,2026-09-19,32,quantile,0.01,17
2026-09-19,wk inc covid hosp,0,2026-09-19,32,quantile,0.025,19
2026-09-19,wk inc covid hosp,0,2026-09-19,32,quantile,0.05,21
2026-09-19,wk inc covid hosp,0,2026-09-19,32,quantile,0.1,24
2026-09-19,wk inc covid hosp,0,2026-09-19,32,quantile,0.15,25
2026-09-19,wk inc covid hosp,0,2026-09-19,32,quantile,0.2,27
2026-09-19,wk inc covid hosp,0,2026-09-19,32,quantile,0.25,28
2026-09-19,wk inc covid hosp,0,2026-09-19,32,quantile,0.3,29
2026-09-19,wk inc covid hosp,0,2026-09-19,32,quantile,0.35,31
2026-09-19,wk inc covid hosp,0,2026-09-19,32,quantile,0.4,32
2026-09-19,wk inc covid hosp,0,2026-09-19,32,quantile,0.45,33
2026-09-19,wk inc covid hosp,0,2026-09-19,32,quantile,0.5,34
2026-09-19,wk inc covid hosp,0,2026-09-19,32,quantile,0.55,35
2026-09-19,wk inc covid hosp,0,2026-09-19,32,quantile,0.6,36
2026-09-19,wk inc covid hosp,0,2026-09-19,32,quantile,0.65,38
2026-09-19,wk inc covid hosp,0,2026-09-19,32,quantile,0.7,39
2026-09-19,wk inc covid hosp,0,2026-09-19,32,quantile,0.75,40
2026-09-19,wk inc covid hosp,0,2026-09-19,32,quantile,0.8,42
2026-09-19,wk inc covid hosp,0,2026-09-19,32,quantile,0.85,44
2026-09-19,wk inc covid hosp,0,2026-09-19,32,quantile,0.9,47
2026-09-19,wk inc covid hosp,0,2026-09-19,32,quantile,0.95,51
2026-09-19,wk inc covid hosp,0,2026-09-19,32,quantile,0.975,54
2026-09-19,wk inc covid hosp,0,2026-09-19,32,quantile,0.99,59.01000000000022
2026-09-19,wk inc covid hosp,0,2026-09-19,33,quantile,0.01,1
2026-09-19,wk inc covid hosp,0,2026-09-19,33,quantile,0.025,1
2026-09-19,wk inc covid hosp,0,2026-09-19,33,quantile,0.05,2
2026-09-19,wk inc covid hosp,0,2026-09-19,33,quantile,0.1,3
2026-09-19,wk inc covid hosp,0,2026-09-19,33,quantile,0.15,3
2026-09-19,wk inc covid hosp,0,2026-09-19,33,quantile,0.2,4
2026-09-19,wk inc covid hosp,0,2026-09-19,33,quantile,0.25,4
2026-09-19,wk inc covid hosp,0,2026-09-19,33,quantile,0.3,4
2026-09-19,wk inc covid hosp,0,2026-09-19,33,quantile,0.35,5
2026-09-19,wk inc covid hosp,0,2026-09-19,33,quantile,0.4,5
2026-09-19,wk inc covid hosp,0,2026-09-19,33,quantile,0.45,5
2026-09-19,wk inc covid hosp,0,2026-09-19,33,quantile,0.5,6
2026-09-19,wk inc covid hosp,0,2026-09-19,33,quantile,0.55,6
2026-09-19,wk inc covid hosp,0,2026-09-19,33,quantile,0.6,7
2026-09-19,wk inc covid hosp,0,2026-09-19,33,quantile,0.65,7
2026-09-19,wk inc covid hosp,0,2026-09-19,33,quantile,0.7,8
2026-09-19,wk inc covid hosp,0,2026-09-19,33,quantile,0.75,8
2026-09-19,wk inc covid hosp,0,2026-09-19,33,quantile,0.8,9
2026-09-19,wk inc covid hosp,0,2026-09-19,33,quantile,0.85,9
2026-09-19,wk inc covid hosp,0,2026-09-19,33,quantile,0.9,10
2026-09-19,wk inc covid hosp,0,2026-09-19,33,quantile,0.95,12
2026-09-19,wk inc covid hosp,0,2026-09-19,33,quantile,0.975,13
2026-09-19,wk inc covid hosp,0,2026-09-19,33,quantile,0.99,15
2026-09-19,wk inc covid hosp,0,2026-09-19,34,quantile,0.01,65
2026-09-19,wk inc covid hosp,0,2026-09-19,34,quantile,0.025,72
2026-09-19,wk inc covid hosp,0,2026-09-19,34,quantile,0.05,77
2026-09-19,wk inc covid hosp,0,2026-09-19,34,quantile,0.1,84
2026-09-19,wk inc covid hosp,0,2026-09-19,34,quantile,0.15,89
2026-09-19,wk inc covid hosp,0,2026-09-19,34,quantile,0.2,93
2026-09-19,wk inc covid hosp,0,2026-09-19,34,quantile,0.25,97
2026-09-19,wk inc covid hosp,0,2026-09-19,34,quantile,0.3,100
2026-09-19,wk inc covid hosp,0,2026-09-19,34,quantile,0.35,104
2026-09-19,wk inc covid hosp,0,2026-09-19,34,quantile,0.4,106
2026-09-19,wk inc covid hosp,0,2026-09-19,34,quantile,0.45,109
2026-09-19,wk inc covid hosp,0,2026-09-19,34,quantile,0.5,113
2026-09-19,wk inc covid hosp,0,2026-09-19,34,quantile,0.55,116
2026-09-19,wk inc covid hosp,0,2026-09-19,34,quantile,0.6,119
2026-09-19,wk inc covid hosp,0,2026-09-19,34,quantile,0.65,122
2026-09-19,wk inc covid hosp,0,2026-09-19,34,quantile,0.7,125
2026-09-19,wk inc covid hosp,0,2026-09-19,34,quantile,0.75,129
2026-09-19,wk inc covid hosp,0,2026-09-19,34,quantile,0.8,134
2026-09-19,wk inc covid hosp,0,2026-09-19,34,quantile,0.85,140
2026-09-19,wk inc covid hosp,0,2026-09-19,34,quantile,0.9,147
2026-09-19,wk inc covid hosp,0,2026-09-19,34,quantile,0.95,159
2026-09-19,wk inc covid hosp,0,2026-09-19,34,quantile,0.975,171
2026-09-19,wk inc covid hosp,0,2026-09-19,34,quantile,0.99,189
2026-09-19,wk inc covid hosp,0,2026-09-19,35,quantile,0.01,6
2026-09-19,wk inc covid hosp,0,2026-09-19,35,quantile,0.025,8
2026-09-19,wk inc covid hosp,0,2026-09-19,35,quantile,0.05,9
2026-09-19,wk inc covid hosp,0,2026-09-19,35,quantile,0.1,10
2026-09-19,wk inc covid hosp,0,2026-09-19,35,quantile,0.15,11
2026-09-19,wk inc covid hosp,0,2026-09-19,35,quantile,0.2,12
2026-09-19,wk inc covid hosp,0,2026-09-19,35,quantile,0.25,13
2026-09-19,wk inc covid hosp,0,2026-09-19,35,quantile,0.3,14
2026-09-19,wk inc covid hosp,0,2026-09-19,35,quantile,0.35,15
2026-09-19,wk inc covid hosp,0,2026-09-19,35,quantile,0.4,15
2026-09-19,wk inc covid hosp,0,2026-09-19,35,quantile,0.45,16
2026-09-19,wk inc covid hosp,0,2026-09-19,35,quantile,0.5,17
2026-09-19,wk inc covid hosp,0,2026-09-19,35,quantile,0.55,17
2026-09-19,wk inc covid hosp,0,2026-09-19,35,quantile,0.6,18
2026-09-19,wk inc covid hosp,0,2026-09-19,35,quantile,0.65,19
2026-09-19,wk inc covid hosp,0,2026-09-19,35,quantile,0.7,19
2026-09-19,wk inc covid hosp,0,2026-09-19,35,quantile,0.75,20
2026-09-19,wk inc covid hosp,0,2026-09-19,35,quantile,0.8,21
2026-09-19,wk inc covid hosp,0,2026-09-19,35,quantile,0.85,23
2026-09-19,wk inc covid hosp,0,2026-09-19,35,quantile,0.9,24
2026-09-19,wk inc covid hosp,0,2026-09-19,35,quantile,0.95,27
2026-09-19,wk inc covid hosp,0,2026-09-19,35,quantile,0.975,29
2026-09-19,wk inc covid hosp,0,2026-09-19,35,quantile,0.99,31
2026-09-19,wk inc covid hosp,0,2026-09-19,36,quantile,0.01,132
2026-09-19,wk inc covid hosp,0,2026-09-19,36,quantile,0.025,142
2026-09-19,wk inc covid hosp,0,2026-09-19,36,quantile,0.05,150.95000000000002
2026-09-19,wk inc covid hosp,0,2026-09-19,36,quantile,0.1,161
2026-09-19,wk inc covid hosp,0,2026-09-19,36,quantile,0.15,169
2026-09-19,wk inc covid hosp,0,2026-09-19,36,quantile,0.2,176
2026-09-19,wk inc covid hosp,0,2026-09-19,36,quantile,0.25,182
2026-09-19,wk inc covid hosp,0,2026-09-19,36,quantile,0.3,187
2026-09-19,wk inc covid hosp,0,2026-09-19,36,quantile,0.35,191
2026-09-19,wk inc covid hosp,0,2026-09-19,36,quantile,0.4,196
2026-09-19,wk inc covid hosp,0,2026-09-19,36,quantile,0.45,200
2026-09-19,wk inc covid hosp,0,2026-09-19,36,quantile,0.5,206
2026-09-19,wk inc covid hosp,0,2026-09-19,36,quantile,0.55,211
2026-09-19,wk inc covid hosp,0,2026-09-19,36,quantile,0.6,216
2026-09-19,wk inc covid hosp,0,2026-09-19,36,quantile,0.65,221.35000000000082
2026-09-19,wk inc covid hosp,0,2026-09-19,36,quantile,0.7,227
2026-09-19,wk inc covid hosp,0,2026-09-19,36,quantile,0.75,234
2026-09-19,wk inc covid hosp,0,2026-09-19,36,quantile,0.8,240
2026-09-19,wk inc covid hosp,0,2026-09-19,36,quantile,0.85,249
2026-09-19,wk inc covid hosp,0,2026-09-19,36,quantile,0.9,259
2026-09-19,wk inc covid hosp,0,2026-09-19,36,quantile,0.95,277
2026-09-19,wk inc covid hosp,0,2026-09-19,36,quantile,0.975,293
2026-09-19,wk inc covid hosp,0,2026-09-19,36,quantile,0.99,314
2026-09-19,wk inc covid hosp,0,2026-09-19,37,quantile,0.01,111
2026-09-19,wk inc covid hosp,0,2026-09-19,37,quantile,0.025,119
2026-09-19,wk inc covid hosp,0,2026-09-19,37,quantile,0.05,127
2026-09-19,wk inc covid hosp,0,2026-09-19,37,quantile,0.1,137
2026-09-19,wk inc covid hosp,0,2026-09-19,37,quantile,0.15,144
2026-09-19,wk inc covid hosp,0,2026-09-19,37,quantile,0.2,149
2026-09-19,wk inc covid hosp,0,2026-09-19,37,quantile,0.25,154
2026-09-19,wk inc covid hosp,0,2026-09-19,37,quantile,0.3,159
2026-09-19,wk inc covid hosp,0,2026-09-19,37,quantile,0.35,164
2026-09-19,wk inc covid hosp,0,2026-09-19,37,quantile,0.4,168
2026-09-19,wk inc covid hosp,0,2026-09-19,37,quantile,0.45,172
2026-09-19,wk inc covid hosp,0,2026-09-19,37,quantile,0.5,176
2026-09-19,wk inc covid hosp,0,2026-09-19,37,quantile,0.55,180
2026-09-19,wk inc covid hosp,0,2026-09-19,37,quantile,0.6,185
2026-09-19,wk inc covid hosp,0,2026-09-19,37,quantile,0.65,190
2026-09-19,wk inc covid hosp,0,2026-09-19,37,quantile,0.7,195
2026-09-19,wk inc covid hosp,0,2026-09-19,37,quantile,0.75,201
2026-09-19,wk inc covid hosp,0,2026-09-19,37,quantile,0.8,207
2026-09-19,wk inc covid hosp,0,2026-09-19,37,quantile,0.85,215
2026-09-19,wk inc covid hosp,0,2026-09-19,37,quantile,0.9,225
2026-09-19,wk inc covid hosp,0,2026-09-19,37,quantile,0.95,242
2026-09-19,wk inc covid hosp,0,2026-09-19,37,quantile,0.975,256
2026-09-19,wk inc covid hosp,0,2026-09-19,37,quantile,0.99,278
2026-09-19,wk inc covid hosp,0,2026-09-19,38,quantile,0.01,0
2026-09-19,wk inc covid hosp,0,2026-09-19,38,quantile,0.025,0
2026-09-19,wk inc covid hosp,0,2026-09-19,38,quantile,0.05,0
2026-09-19,wk inc covid hosp,0,2026-09-19,38,quantile,0.1,0
2026-09-19,wk inc covid hosp,0,2026-09-19,38,quantile,0.15,1
2026-09-19,wk inc covid hosp,0,2026-09-19,38,quantile,0.2,1
2026-09-19,wk inc covid hosp,0,2026-09-19,38,quantile,0.25,1
2026-09-19,wk inc covid hosp,0,2026-09-19,38,quantile,0.3,1
2026-09-19,wk inc covid hosp,0,2026-09-19,38,quantile,0.35,1
2026-09-19,wk inc covid hosp,0,2026-09-19,38,quantile,0.4,2
2026-09-19,wk inc covid hosp,0,2026-09-19,38,quantile,0.45,2
2026-09-19,wk inc covid hosp,0,2026-09-19,38,quantile,0.5,2
2026-09-19,wk inc covid hosp,0,2026-09-19,38,quantile,0.55,2
2026-09-19,wk inc covid hosp,0,2026-09-19,38,quantile,0.6,3
2026-09-19,wk inc covid hosp,0,2026-09-19,38,quantile,0.65,3
2026-09-19,wk inc covid hosp,0,2026-09-19,38,quantile,0.7,3
2026-09-19,wk inc covid hosp,0,2026-09-19,38,quantile,0.75,3
2026-09-19,wk inc covid hosp,0,2026-09-19,38,quantile,0.8,4
2026-09-19,wk inc covid hosp,0,2026-09-19,38,quantile,0.85,4
2026-09-19,wk inc covid hosp,0,2026-09-19,38,quantile,0.9,5
2026-09-19,wk inc covid hosp,0,2026-09-19,38,quantile,0.95,6
2026-09-19,wk inc covid hosp,0,2026-09-19,38,quantile,0.975,6
2026-09-19,wk inc covid hosp,0,2026-09-19,38,quantile,0.99,7
2026-09-19,wk inc covid hosp,0,2026-09-19,39,quantile,0.01,42
2026-09-19,wk inc covid hosp,0,2026-09-19,39,quantile,0.025,45
2026-09-19,wk inc covid hosp,0,2026-09-19,39,quantile,0.05,49
2026-09-19,wk inc covid hosp,0,2026-09-19,39,quantile,0.1,53
2026-09-19,wk inc covid hosp,0,2026-09-19,39,quantile,0.15,57
2026-09-19,wk inc covid hosp,0,2026-09-19,39,quantile,0.2,59
2026-09-19,wk inc covid hosp,0,2026-09-19,39,quantile,0.25,61
2026-09-19,wk inc covid hosp,0,2026-09-19,39,quantile,0.3,63
2026-09-19,wk inc covid hosp,0,2026-09-19,39,quantile,0.35,66
2026-09-19,wk inc covid hosp,0,2026-09-19,39,quantile,0.4,68
2026-09-19,wk inc covid hosp,0,2026-09-19,39,quantile,0.45,70
2026-09-19,wk inc covid hosp,0,2026-09-19,39,quantile,0.5,72
2026-09-19,wk inc covid hosp,0,2026-09-19,39,quantile,0.55,74
2026-09-19,wk inc covid hosp,0,2026-09-19,39,quantile,0.6,76
2026-09-19,wk inc covid hosp,0,2026-09-19,39,quantile,0.65,78
2026-09-19,wk inc covid hosp,0,2026-09-19,39,quantile,0.7,80
2026-09-19,wk inc covid hosp,0,2026-09-19,39,quantile,0.75,83
2026-09-19,wk inc covid hosp,0,2026-09-19,39,quantile,0.8,86
2026-09-19,wk inc covid hosp,0,2026-09-19,39,quantile,0.85,89
2026-09-19,wk inc covid hosp,0,2026-09-19,39,quantile,0.9,94
2026-09-19,wk inc covid hosp,0,2026-09-19,39,quantile,0.95,101
2026-09-19,wk inc covid hosp,0,2026-09-19,39,quantile,0.975,108
2026-09-19,wk inc covid hosp,0,2026-09-19,39,quantile,0.99,115
2026-09-19,wk inc covid hosp,0,2026-09-19,40,quantile,0.01,12
2026-09-19,wk inc covid hosp,0,2026-09-19,40,quantile,0.025,13
2026-09-19,wk inc covid hosp,0,2026-09-19,40,quantile,0.05,15
2026-09-19,wk inc covid hosp,0,2026-09-19,40,quantile,0.1,17
2026-09-19,wk inc covid hosp,0,2026-09-19,40,quantile,0.15,18
2026-09-19,wk inc covid hosp,0,2026-09-19,40,quantile,0.2,20
2026-09-19,wk inc covid hosp,0,2026-09-19,40,quantile,0.25,21
2026-09-19,wk inc covid hosp,0,2026-09-19,40,quantile,0.3,22
2026-09-19,wk inc covid hosp,0,2026-09-19,40,quantile,0.35,23
2026-09-19,wk inc covid hosp,0,2026-09-19,40,quantile,0.4,24
2026-09-19,wk inc covid hosp,0,2026-09-19,40,quantile,0.45,24
2026-09-19,wk inc covid hosp,0,2026-09-19,40,quantile,0.5,25
2026-09-19,wk inc covid hosp,0,2026-09-19,40,quantile,0.55,26
2026-09-19,wk inc covid hosp,0,2026-09-19,40,quantile,0.6,27
2026-09-19,wk inc covid hosp,0,2026-09-19,40,quantile,0.65,28
2026-09-19,wk inc covid hosp,0,2026-09-19,40,quantile,0.7,29
2026-09-19,wk inc covid hosp,0,2026-09-19,40,quantile,0.75,30
2026-09-19,wk inc covid hosp,0,2026-09-19,40,quantile,0.8,32
2026-09-19,wk inc covid hosp,0,2026-09-19,40,quantile,0.85,33
2026-09-19,wk inc covid hosp,0,2026-09-19,40,quantile,0.9,36
2026-09-19,wk inc covid hosp,0,2026-09-19,40,quantile,0.95,39
2026-09-19,wk inc covid hosp,0,2026-09-19,40,quantile,0.975,42
2026-09-19,wk inc covid hosp,0,2026-09-19,40,quantile,0.99,45
2026-09-19,wk inc covid hosp,0,2026-09-19,41,quantile,0.01,9
2026-09-19,wk inc covid hosp,0,2026-09-19,41,quantile,0.025,11
2026-09-19,wk inc covid hosp,0,2026-09-19,41,quantile,0.05,13
2026-09-19,wk inc covid hosp,0,2026-09-19,41,quantile,0.1,15
2026-09-19,wk inc covid hosp,0,2026-09-19,41,quantile,0.15,16
2026-09-19,wk inc covid hosp,0,2026-09-19,41,quantile,0.2,17
2026-09-19,wk inc covid hosp,0,2026-09-19,41,quantile,0.25,18
2026-09-19,wk inc covid hosp,0,2026-09-19,41,quantile,0.3,19
2026-09-19,wk inc covid hosp,0,2026-09-19,41,quantile,0.35,20
2026-09-19,wk inc covid hosp,0,2026-09-19,41,quantile,0.4,21
2026-09-19,wk inc covid hosp,0,2026-09-19,41,quantile,0.45,21
2026-09-19,wk inc covid hosp,0,2026-09-19,41,quantile,0.5,22
2026-09-19,wk inc covid hosp,0,2026-09-19,41,quantile,0.55,23
2026-09-19,wk inc covid hosp,0,2026-09-19,41,quantile,0.6,24
2026-09-19,wk inc covid hosp,0,2026-09-19,41,quantile,0.65,25
2026-09-19,wk inc covid hosp,0,2026-09-19,41,quantile,0.7,26
2026-09-19,wk inc covid hosp,0,2026-09-19,41,quantile,0.75,28
2026-09-19,wk inc covid hosp,0,2026-09-19,41,quantile,0.8,29
2026-09-19,wk inc covid hosp,0,2026-09-19,41,quantile,0.85,31
2026-09-19,wk inc covid hosp,0,2026-09-19,41,quantile,0.9,33
2026-09-19,wk inc covid hosp,0,2026-09-19,41,quantile,0.95,36
2026-09-19,wk inc covid hosp,0,2026-09-19,41,quantile,0.975,39
2026-09-19,wk inc covid hosp,0,2026-09-19,41,quantile,0.99,43
2026-09-19,wk inc covid hosp,0,2026-09-19,42,quantile,0.01,78
2026-09-19,wk inc covid hosp,0,2026-09-19,42,quantile,0.025,85
2026-09-19,wk inc covid hosp,0,2026-09-19,42,quantile,0.05,90
2026-09-19,wk inc covid hosp,0,2026-09-19,42,quantile,0.1,98
2026-09-19,wk inc covid hosp,0,2026-09-19,42,quantile,0.15,102
2026-09-19,wk inc covid hosp,0,2026-09-19,42,quantile,0.2,106
2026-09-19,wk inc covid hosp,0,2026-09-19,42,quantile,0.25,110
2026-09-19,wk inc covid hosp,0,2026-09-19,42,quantile,0.3,113
2026-09-19,wk inc covid hosp,0,2026-09-19,42,quantile,0.35,116
2026-09-19,wk inc covid hosp,0,2026-09-19,42,quantile,0.4,119
2026-09-19,wk inc covid hosp,0,2026-09-19,42,quantile,0.45,122
2026-09-19,wk inc covid hosp,0,2026-09-19,42,quantile,0.5,126
2026-09-19,wk inc covid hosp,0,2026-09-19,42,quantile,0.55,129
2026-09-19,wk inc covid hosp,0,2026-09-19,42,quantile,0.6,132
2026-09-19,wk inc covid hosp,0,2026-09-19,42,quantile,0.65,135
2026-09-19,wk inc covid hosp,0,2026-09-19,42,quantile,0.7,139
2026-09-19,wk inc covid hosp,0,2026-09-19,42,quantile,0.75,143
2026-09-19,wk inc covid hosp,0,2026-09-19,42,quantile,0.8,148
2026-09-19,wk inc covid hosp,0,2026-09-19,42,quantile,0.85,153
2026-09-19,wk inc covid hosp,0,2026-09-19,42,quantile,0.9,160
2026-09-19,wk inc covid hosp,0,2026-09-19,42,quantile,0.95,171
2026-09-19,wk inc covid hosp,0,2026-09-19,42,quantile,0.975,181
2026-09-19,wk inc covid hosp,0,2026-09-19,42,quantile,0.99,193
2026-09-19,wk inc covid hosp,0,2026-09-19,44,quantile,0.01,1
2026-09-19,wk inc covid hosp,0,2026-09-19,44,quantile,0.025,1
2026-09-19,wk inc covid hosp,0,2026-09-19,44,quantile,0.05,2
2026-09-19,wk inc covid hosp,0,2026-09-19,44,quantile,0.1,3
2026-09-19,wk inc covid hosp,0,2026-09-19,44,quantile,0.15,3
2026-09-19,wk inc covid hosp,0,2026-09-19,44,quantile,0.2,4
2026-09-19,wk inc covid hosp,0,2026-09-19,44,quantile,0.25,4
2026-09-19,wk inc covid hosp,0,2026-09-19,44,quantile,0.3,4
2026-09-19,wk inc covid hosp,0,2026-09-19,44,quantile,0.35,5
2026-09-19,wk inc covid hosp,0,2026-09-19,44,quantile,0.4,5
2026-09-19,wk inc covid hosp,0,2026-09-19,44,quantile,0.45,6
2026-09-19,wk inc covid hosp,0,2026-09-19,44,quantile,0.5,6
2026-09-19,wk inc covid hosp,0,2026-09-19,44,quantile,0.55,6
2026-09-19,wk inc covid hosp,0,2026-09-19,44,quantile,0.6,7
2026-09-19,wk inc covid hosp,0,2026-09-19,44,quantile,0.65,7
2026-09-19,wk inc covid hosp,0,2026-09-19,44,quantile,0.7,8
2026-09-19,wk inc covid hosp,0,2026-09-19,44,quantile,0.75,8
2026-09-19,wk inc covid hosp,0,2026-09-19,44,quantile,0.8,9
2026-09-19,wk inc covid hosp,0,2026-09-19,44,quantile,0.85,10
2026-09-19,wk inc covid hosp,0,2026-09-19,44,quantile,0.9,10
2026-09-19,wk inc covid hosp,0,2026-09-19,44,quantile,0.95,12
2026-09-19,wk inc covid hosp,0,2026-09-19,44,quantile,0.975,13
2026-09-19,wk inc covid hosp,0,2026-09-19,44,quantile,0.99,15
2026-09-19,wk inc covid hosp,0,2026-09-19,45,quantile,0.01,40
2026-09-19,wk inc covid hosp,0,2026-09-19,45,quantile,0.025,45
2026-09-19,wk inc covid hosp,0,2026-09-19,45,quantile,0.05,50
2026-09-19,wk inc covid hosp,0,2026-09-19,45,quantile,0.1,56
2026-09-19,wk inc covid hosp,0,2026-09-19,45,quantile,0.15,59
2026-09-19,wk inc covid hosp,0,2026-09-19,45,quantile,0.2,62.80000000000007
2026-09-19,wk inc covid hosp,0,2026-09-19,45,quantile,0.25,65
2026-09-19,wk inc covid hosp,0,2026-09-19,45,quantile,0.3,68
2026-09-19,wk inc covid hosp,0,2026-09-19,45,quantile,0.35,70
2026-09-19,wk inc covid hosp,0,2026-09-19,45,quantile,0.4,72
2026-09-19,wk inc covid hosp,0,2026-09-19,45,quantile,0.45,75
2026-09-19,wk inc covid hosp,0,2026-09-19,45,quantile,0.5,77
2026-09-19,wk inc covid hosp,0,2026-09-19,45,quantile,0.55,79
2026-09-19,wk inc covid hosp,0,2026-09-19,45,quantile,0.6,82
2026-09-19,wk inc covid hosp,0,2026-09-19,45,quantile,0.65,84
2026-09-19,wk inc covid hosp,0,2026-09-19,45,quantile,0.7,87
2026-09-19,wk inc covid hosp,0,2026-09-19,45,quantile,0.75,91
2026-09-19,wk inc covid hosp,0,2026-09-19,45,quantile,0.8,94
2026-09-19,wk inc covid hosp,0,2026-09-19,45,quantile,0.85,99
2026-09-19,wk inc covid hosp,0,2026-09-19,45,quantile,0.9,104
2026-09-19,wk inc covid hosp,0,2026-09-19,45,quantile,0.95,114
2026-09-19,wk inc covid hosp,0,2026-09-19,45,quantile,0.975,123
2026-09-19,wk inc covid hosp,0,2026-09-19,45,quantile,0.99,135
2026-09-19,wk inc covid hosp,0,2026-09-19,46,quantile,0.01,0
2026-09-19,wk inc covid hosp,0,2026-09-19,46,quantile,0.025,0
2026-09-19,wk inc covid hosp,0,2026-09-19,46,quantile,0.05,1
2026-09-19,wk inc covid hosp,0,2026-09-19,46,quantile,0.1,1
2026-09-19,wk inc covid hosp,0,2026-09-19,46,quantile,0.15,2
2026-09-19,wk inc covid hosp,0,2026-09-19,46,quantile,0.2,2
2026-09-19,wk inc covid hosp,0,2026-09-19,46,quantile,0.25,2
2026-09-19,wk inc covid hosp,0,2026-09-19,46,quantile,0.3,3
2026-09-19,wk inc covid hosp,0,2026-09-19,46,quantile,0.35,3
2026-09-19,wk inc covid hosp,0,2026-09-19,46,quantile,0.4,3
2026-09-19,wk inc covid hosp,0,2026-09-19,46,quantile,0.45,3
2026-09-19,wk inc covid hosp,0,2026-09-19,46,quantile,0.5,4
2026-09-19,wk inc covid hosp,0,2026-09-19,46,quantile,0.55,4
2026-09-19,wk inc covid hosp,0,2026-09-19,46,quantile,0.6,4
2026-09-19,wk inc covid hosp,0,2026-09-19,46,quantile,0.65,5
2026-09-19,wk inc covid hosp,0,2026-09-19,46,quantile,0.7,5
2026-09-19,wk inc covid hosp,0,2026-09-19,46,quantile,0.75,5
2026-09-19,wk inc covid hosp,0,2026-09-19,46,quantile,0.8,6
2026-09-19,wk inc covid hosp,0,2026-09-19,46,quantile,0.85,6
2026-09-19,wk inc covid hosp,0,2026-09-19,46,quantile,0.9,7
2026-09-19,wk inc covid hosp,0,2026-09-19,46,quantile,0.95,8
2026-09-19,wk inc covid hosp,0,2026-09-19,46,quantile,0.975,9
2026-09-19,wk inc covid hosp,0,2026-09-19,46,quantile,0.99,10
2026-09-19,wk inc covid hosp,0,2026-09-19,47,quantile,0.01,50
2026-09-19,wk inc covid hosp,0,2026-09-19,47,quantile,0.025,55
2026-09-19,wk inc covid hosp,0,2026-09-19,47,quantile,0.05,59
2026-09-19,wk inc covid hosp,0,2026-09-19,47,quantile,0.1,64
2026-09-19,wk inc covid hosp,0,2026-09-19,47,quantile,0.15,67
2026-09-19,wk inc covid hosp,0,2026-09-19,47,quantile,0.2,70
2026-09-19,wk inc covid hosp,0,2026-09-19,47,quantile,0.25,73
2026-09-19,wk inc covid hosp,0,2026-09-19,47,quantile,0.3,75
2026-09-19,wk inc covid hosp,0,2026-09-19,47,quantile,0.35,77
2026-09-19,wk inc covid hosp,0,2026-09-19,47,quantile,0.4,79
2026-09-19,wk inc covid hosp,0,2026-09-19,47,quantile,0.45,81
2026-09-19,wk inc covid hosp,0,2026-09-19,47,quantile,0.5,83
2026-09-19,wk inc covid hosp,0,2026-09-19,47,quantile,0.55,85
2026-09-19,wk inc covid hosp,0,2026-09-19,47,quantile,0.6,88
2026-09-19,wk inc covid hosp,0,2026-09-19,47,quantile,0.65,90
2026-09-19,wk inc covid hosp,0,2026-09-19,47,quantile,0.7,92
2026-09-19,wk inc covid hosp,0,2026-09-19,47,quantile,0.75,95
2026-09-19,wk inc covid hosp,0,2026-09-19,47,quantile,0.8,98
2026-09-19,wk inc covid hosp,0,2026-09-19,47,quantile,0.85,102
2026-09-19,wk inc covid hosp,0,2026-09-19,47,quantile,0.9,106
2026-09-19,wk inc covid hosp,0,2026-09-19,47,quantile,0.95,114
2026-09-19,wk inc covid hosp,0,2026-09-19,47,quantile,0.975,120
2026-09-19,wk inc covid hosp,0,2026-09-19,47,quantile,0.99,129.01000000000022
2026-09-19,wk inc covid hosp,0,2026-09-19,48,quantile,0.01,337
2026-09-19,wk inc covid hosp,0,2026-09-19,48,quantile,0.025,357
2026-09-19,wk inc covid hosp,0,2026-09-19,48,quantile,0.05,380.95000000000005
2026-09-19,wk inc covid hosp,0,2026-09-19,48,quantile,0.1,407
2026-09-19,wk inc covid hosp,0,2026-09-19,48,quantile,0.15,426
2026-09-19,wk inc covid hosp,0,2026-09-19,48,quantile,0.2,440
2026-09-19,wk inc covid hosp,0,2026-09-19,48,quantile,0.25,453
2026-09-19,wk inc covid hosp,0,2026-09-19,48,quantile,0.3,464
2026-09-19,wk inc covid hosp,0,2026-09-19,48,quantile,0.35,476
2026-09-19,wk inc covid hosp,0,2026-09-19,48,quantile,0.4,488
2026-09-19,wk inc covid hosp,0,2026-09-19,48,quantile,0.45,499
2026-09-19,wk inc covid hosp,0,2026-09-19,48,quantile,0.5,511
2026-09-19,wk inc covid hosp,0,2026-09-19,48,quantile,0.55,524
2026-09-19,wk inc covid hosp,0,2026-09-19,48,quantile,0.6,536
2026-09-19,wk inc covid hosp,0,2026-09-19,48,quantile,0.65,549
2026-09-19,wk inc covid hosp,0,2026-09-19,48,quantile,0.7,563
2026-09-19,wk inc covid hosp,0,2026-09-19,48,quantile,0.75,579
2026-09-19,wk inc covid hosp,0,2026-09-19,48,quantile,0.8,598
2026-09-19,wk inc covid hosp,0,2026-09-19,48,quantile,0.85,619
2026-09-19,wk inc covid hosp,0,2026-09-19,48,quantile,0.9,646
2026-09-19,wk inc covid hosp,0,2026-09-19,48,quantile,0.95,690
2026-09-19,wk inc covid hosp,0,2026-09-19,48,quantile,0.975,722.0249999999996
2026-09-19,wk inc covid hosp,0,2026-09-19,48,quantile,0.99,767
2026-09-19,wk inc covid hosp,0,2026-09-19,49,quantile,0.01,5
2026-09-19,wk inc covid hosp,0,2026-09-19,49,quantile,0.025,6
2026-09-19,wk inc covid hosp,0,2026-09-19,49,quantile,0.05,7
2026-09-19,wk inc covid hosp,0,2026-09-19,49,quantile,0.1,8
2026-09-19,wk inc covid hosp,0,2026-09-19,49,quantile,0.15,9
2026-09-19,wk inc covid hosp,0,2026-09-19,49,quantile,0.2,10
2026-09-19,wk inc covid hosp,0,2026-09-19,49,quantile,0.25,10
2026-09-19,wk inc covid hosp,0,2026-09-19,49,quantile,0.3,11
2026-09-19,wk inc covid hosp,0,2026-09-19,49,quantile,0.35,12
2026-09-19,wk inc covid hosp,0,2026-09-19,49,quantile,0.4,12
2026-09-19,wk inc covid hosp,0,2026-09-19,49,quantile,0.45,13
2026-09-19,wk inc covid hosp,0,2026-09-19,49,quantile,0.5,13
2026-09-19,wk inc covid hosp,0,2026-09-19,49,quantile,0.55,14
2026-09-19,wk inc covid hosp,0,2026-09-19,49,quantile,0.6,15
2026-09-19,wk inc covid hosp,0,2026-09-19,49,quantile,0.65,15
2026-09-19,wk inc covid hosp,0,2026-09-19,49,quantile,0.7,16
2026-09-19,wk inc covid hosp,0,2026-09-19,49,quantile,0.75,17
2026-09-19,wk inc covid hosp,0,2026-09-19,49,quantile,0.8,18
2026-09-19,wk inc covid hosp,0,2026-09-19,49,quantile,0.85,19
2026-09-19,wk inc covid hosp,0,2026-09-19,49,quantile,0.9,20
2026-09-19,wk inc covid hosp,0,2026-09-19,49,quantile,0.95,22
2026-09-19,wk inc covid hosp,0,2026-09-19,49,quantile,0.975,24
2026-09-19,wk inc covid hosp,0,2026-09-19,49,quantile,0.99,26
2026-09-19,wk inc covid hosp,0,2026-09-19,50,quantile,0.01,0
2026-09-19,wk inc covid hosp,0,2026-09-19,50,quantile,0.025,0
2026-09-19,wk inc covid hosp,0,2026-09-19,50,quantile,0.05,0
2026-09-19,wk inc covid hosp,0,2026-09-19,50,quantile,0.1,1
2026-09-19,wk inc covid hosp,0,2026-09-19,50,quantile,0.15,1
2026-09-19,wk inc covid hosp,0,2026-09-19,50,quantile,0.2,1
2026-09-19,wk inc covid hosp,0,2026-09-19,50,quantile,0.25,2
2026-09-19,wk inc covid hosp,0,2026-09-19,50,quantile,0.3,2
2026-09-19,wk inc covid hosp,0,2026-09-19,50,quantile,0.35,2
2026-09-19,wk inc covid hosp,0,2026-09-19,50,quantile,0.4,2
2026-09-19,wk inc covid hosp,0,2026-09-19,50,quantile,0.45,3
2026-09-19,wk inc covid hosp,0,2026-09-19,50,quantile,0.5,3
2026-09-19,wk inc covid hosp,0,2026-09-19,50,quantile,0.55,3
2026-09-19,wk inc covid hosp,0,2026-09-19,50,quantile,0.6,3
2026-09-19,wk inc covid hosp,0,2026-09-19,50,quantile,0.65,4
2026-09-19,wk inc covid hosp,0,2026-09-19,50,quantile,0.7,4
2026-09-19,wk inc covid hosp,0,2026-09-19,50,quantile,0.75,4
2026-09-19,wk inc covid hosp,0,2026-09-19,50,quantile,0.8,5
2026-09-19,wk inc covid hosp,0,2026-09-19,50,quantile,0.85,5
2026-09-19,wk inc covid hosp,0,2026-09-19,50,quantile,0.9,6
2026-09-19,wk inc covid hosp,0,2026-09-19,50,quantile,0.95,7
2026-09-19,wk inc covid hosp,0,2026-09-19,50,quantile,0.975,8
2026-09-19,wk inc covid hosp,0,2026-09-19,50,quantile,0.99,9
2026-09-19,wk inc covid hosp,0,2026-09-19,51,quantile,0.01,23
2026-09-19,wk inc covid hosp,0,2026-09-19,51,quantile,0.025,26
2026-09-19,wk inc covid hosp,0,2026-09-19,51,quantile,0.05,28
2026-09-19,wk inc covid hosp,0,2026-09-19,51,quantile,0.1,31
2026-09-19,wk inc covid hosp,0,2026-09-19,51,quantile,0.15,33
2026-09-19,wk inc covid hosp,0,2026-09-19,51,quantile,0.2,35
2026-09-19,wk inc covid hosp,0,2026-09-19,51,quantile,0.25,37
2026-09-19,wk inc covid hosp,0,2026-09-19,51,quantile,0.3,38
2026-09-19,wk inc covid hosp,0,2026-09-19,51,quantile,0.35,39
2026-09-19,wk inc covid hosp,0,2026-09-19,51,quantile,0.4,41
2026-09-19,wk inc covid hosp,0,2026-09-19,51,quantile,0.45,42
2026-09-19,wk inc covid hosp,0,2026-09-19,51,quantile,0.5,43
2026-09-19,wk inc covid hosp,0,2026-09-19,51,quantile,0.55,45
2026-09-19,wk inc covid hosp,0,2026-09-19,51,quantile,0.6,46
2026-09-19,wk inc covid hosp,0,2026-09-19,51,quantile,0.65,48
2026-09-19,wk inc covid hosp,0,2026-09-19,51,quantile,0.7,49
2026-09-19,wk inc covid hosp,0,2026-09-19,51,quantile,0.75,51
2026-09-19,wk inc covid hosp,0,2026-09-19,51,quantile,0.8,52.20000000000027
2026-09-19,wk inc covid hosp,0,2026-09-19,51,quantile,0.85,55
2026-09-19,wk inc covid hosp,0,2026-09-19,51,quantile,0.9,58
2026-09-19,wk inc covid hosp,0,2026-09-19,51,quantile,0.95,62
2026-09-19,wk inc covid hosp,0,2026-09-19,51,quantile,0.975,67
2026-09-19,wk inc covid hosp,0,2026-09-19,51,quantile,0.99,73
2026-09-19,wk inc covid hosp,0,2026-09-19,53,quantile,0.01,50
2026-09-19,wk inc covid hosp,0,2026-09-19,53,quantile,0.025,55
2026-09-19,wk inc covid hosp,0,2026-09-19,53,quantile,0.05,60
2026-09-19,wk inc covid hosp,0,2026-09-19,53,quantile,0.1,66
2026-09-19,wk inc covid hosp,0,2026-09-19,53,quantile,0.15,70
2026-09-19,wk inc covid hosp,0,2026-09-19,53,quantile,0.2,74
2026-09-19,wk inc covid hosp,0,2026-09-19,53,quantile,0.25,77
2026-09-19,wk inc covid hosp,0,2026-09-19,53,quantile,0.3,80
2026-09-19,wk inc covid hosp,0,2026-09-19,53,quantile,0.35,83
2026-09-19,wk inc covid hosp,0,2026-09-19,53,quantile,0.4,85
2026-09-19,wk inc covid hosp,0,2026-09-19,53,quantile,0.45,88
2026-09-19,wk inc covid hosp,0,2026-09-19,53,quantile,0.5,90
2026-09-19,wk inc covid hosp,0,2026-09-19,53,quantile,0.55,93
2026-09-19,wk inc covid hosp,0,2026-09-19,53,quantile,0.6,96
2026-09-19,wk inc covid hosp,0,2026-09-19,53,quantile,0.65,100
2026-09-19,wk inc covid hosp,0,2026-09-19,53,quantile,0.7,103
2026-09-19,wk inc covid hosp,0,2026-09-19,53,quantile,0.75,107
2026-09-19,wk inc covid hosp,0,2026-09-19,53,quantile,0.8,111
2026-09-19,wk inc covid hosp,0,2026-09-19,53,quantile,0.85,116
2026-09-19,wk inc covid hosp,0,2026-09-19,53,quantile,0.9,123
2026-09-19,wk inc covid hosp,0,2026-09-19,53,quantile,0.95,134
2026-09-19,wk inc covid hosp,0,2026-09-19,53,quantile,0.975,143.02499999999964
2026-09-19,wk inc covid hosp,0,2026-09-19,53,quantile,0.99,155
2026-09-19,wk inc covid hosp,0,2026-09-19,54,quantile,0.01,2
2026-09-19,wk inc covid hosp,0,2026-09-19,54,quantile,0.025,3
2026-09-19,wk inc covid hosp,0,2026-09-19,54,quantile,0.05,4
2026-09-19,wk inc covid hosp,0,2026-09-19,54,quantile,0.1,5
2026-09-19,wk inc covid hosp,0,2026-09-19,54,quantile,0.15,5
2026-09-19,wk inc covid hosp,0,2026-09-19,54,quantile,0.2,6
2026-09-19,wk inc covid hosp,0,2026-09-19,54,quantile,0.25,6
2026-09-19,wk inc covid hosp,0,2026-09-19,54,quantile,0.3,7
2026-09-19,wk inc covid hosp,0,2026-09-19,54,quantile,0.35,7
2026-09-19,wk inc covid hosp,0,2026-09-19,54,quantile,0.4,8
2026-09-19,wk inc covid hosp,0,2026-09-19,54,quantile,0.45,8
2026-09-19,wk inc covid hosp,0,2026-09-19,54,quantile,0.5,9
2026-09-19,wk inc covid hosp,0,2026-09-19,54,quantile,0.55,9
2026-09-19,wk inc covid hosp,0,2026-09-19,54,quantile,0.6,9
2026-09-19,wk inc covid hosp,0,2026-09-19,54,quantile,0.65,10
2026-09-19,wk inc covid hosp,0,2026-09-19,54,quantile,0.7,11
2026-09-19,wk inc covid hosp,0,2026-09-19,54,quantile,0.75,11
2026-09-19,wk inc covid hosp,0,2026-09-19,54,quantile,0.8,12
2026-09-19,wk inc covid hosp,0,2026-09-19,54,quantile,0.85,13
2026-09-19,wk inc covid hosp,0,2026-09-19,54,quantile,0.9,14
2026-09-19,wk inc covid hosp,0,2026-09-19,54,quantile,0.95,16
2026-09-19,wk inc covid hosp,0,2026-09-19,54,quantile,0.975,17
2026-09-19,wk inc covid hosp,0,2026-09-19,54,quantile,0.99,19
2026-09-19,wk inc covid hosp,0,2026-09-19,55,quantile,0.01,10.990000000000002
2026-09-19,wk inc covid hosp,0,2026-09-19,55,quantile,0.025,12
2026-09-19,wk inc covid hosp,0,2026-09-19,55,quantile,0.05,14
2026-09-19,wk inc covid hosp,0,2026-09-19,55,quantile,0.1,16
2026-09-19,wk inc covid hosp,0,2026-09-19,55,quantile,0.15,17
2026-09-19,wk inc covid hosp,0,2026-09-19,55,quantile,0.2,18
2026-09-19,wk inc covid hosp,0,2026-09-19,55,quantile,0.25,19
2026-09-19,wk inc covid hosp,0,2026-09-19,55,quantile,0.3,20
2026-09-19,wk inc covid hosp,0,2026-09-19,55,quantile,0.35,21
2026-09-19,wk inc covid hosp,0,2026-09-19,55,quantile,0.4,22
2026-09-19,wk inc covid hosp,0,2026-09-19,55,quantile,0.45,23
2026-09-19,wk inc covid hosp,0,2026-09-19,55,quantile,0.5,24
2026-09-19,wk inc covid hosp,0,2026-09-19,55,quantile,0.55,25
2026-09-19,wk inc covid hosp,0,2026-09-19,55,quantile,0.6,26
2026-09-19,wk inc covid hosp,0,2026-09-19,55,quantile,0.65,27
2026-09-19,wk inc covid hosp,0,2026-09-19,55,quantile,0.7,28
2026-09-19,wk inc covid hosp,0,2026-09-19,55,quantile,0.75,29
2026-09-19,wk inc covid hosp,0,2026-09-19,55,quantile,0.8,30
2026-09-19,wk inc covid hosp,0,2026-09-19,55,quantile,0.85,32
2026-09-19,wk inc covid hosp,0,2026-09-19,55,quantile,0.9,34
2026-09-19,wk inc covid hosp,0,2026-09-19,55,quantile,0.95,37
2026-09-19,wk inc covid hosp,0,2026-09-19,55,quantile,0.975,41
2026-09-19,wk inc covid hosp,0,2026-09-19,55,quantile,0.99,44
2026-09-19,wk inc covid hosp,0,2026-09-19,56,quantile,0.01,0
2026-09-19,wk inc covid hosp,0,2026-09-19,56,quantile,0.025,0
2026-09-19,wk inc covid hosp,0,2026-09-19,56,quantile,0.05,0
2026-09-19,wk inc covid hosp,0,2026-09-19,56,quantile,0.1,1
2026-09-19,wk inc covid hosp,0,2026-09-19,56,quantile,0.15,1
2026-09-19,wk inc covid hosp,0,2026-09-19,56,quantile,0.2,1
2026-09-19,wk inc covid hosp,0,2026-09-19,56,quantile,0.25,2
2026-09-19,wk inc covid hosp,0,2026-09-19,56,quantile,0.3,2
2026-09-19,wk inc covid hosp,0,2026-09-19,56,quantile,0.35,2
2026-09-19,wk inc covid hosp,0,2026-09-19,56,quantile,0.4,2
2026-09-19,wk inc covid hosp,0,2026-09-19,56,quantile,0.45,3
2026-09-19,wk inc covid hosp,0,2026-09-19,56,quantile,0.5,3
2026-09-19,wk inc covid hosp,0,2026-09-19,56,quantile,0.55,3
2026-09-19,wk inc covid hosp,0,2026-09-19,56,quantile,0.6,3
2026-09-19,wk inc covid hosp,0,2026-09-19,56,quantile,0.65,4
2026-09-19,wk inc covid hosp,0,2026-09-19,56,quantile,0.7,4
2026-09-19,wk inc covid hosp,0,2026-09-19,56,quantile,0.75,4
2026-09-19,wk inc covid hosp,0,2026-09-19,56,quantile,0.8,5
2026-09-19,wk inc covid hosp,0,2026-09-19,56,quantile,0.85,5
2026-09-19,wk inc covid hosp,0,2026-09-19,56,quantile,0.9,6
2026-09-19,wk inc covid hosp,0,2026-09-19,56,quantile,0.95,7
2026-09-19,wk inc covid hosp,0,2026-09-19,56,quantile,0.975,8
2026-09-19,wk inc covid hosp,0,2026-09-19,56,quantile,0.99,9
2026-09-19,wk inc covid hosp,0,2026-09-19,72,quantile,0.01,45
2026-09-19,wk inc covid hosp,0,2026-09-19,72,quantile,0.025,51
2026-09-19,wk inc covid hosp,0,2026-09-19,72,quantile,0.05,57
2026-09-19,wk inc covid hosp,0,2026-09-19,72,quantile,0.1,66
2026-09-19,wk inc covid hosp,0,2026-09-19,72,quantile,0.15,72
2026-09-19,wk inc covid hosp,0,2026-09-19,72,quantile,0.2,77
2026-09-19,wk inc covid hosp,0,2026-09-19,72,quantile,0.25,81
2026-09-19,wk inc covid hosp,0,2026-09-19,72,quantile,0.3,85
2026-09-19,wk inc covid hosp,0,2026-09-19,72,quantile,0.35,89
2026-09-19,wk inc covid hosp,0,2026-09-19,72,quantile,0.4,93
2026-09-19,wk inc covid hosp,0,2026-09-19,72,quantile,0.45,97
2026-09-19,wk inc covid hosp,0,2026-09-19,72,quantile,0.5,101
2026-09-19,wk inc covid hosp,0,2026-09-19,72,quantile,0.55,105
2026-09-19,wk inc covid hosp,0,2026-09-19,72,quantile,0.6,109
2026-09-19,wk inc covid hosp,0,2026-09-19,72,quantile,0.65,114
2026-09-19,wk inc covid hosp,0,2026-09-19,72,quantile,0.7,119
2026-09-19,wk inc covid hosp,0,2026-09-19,72,quantile,0.75,126
2026-09-19,wk inc covid hosp,0,2026-09-19,72,quantile,0.8,132
2026-09-19,wk inc covid hosp,0,2026-09-19,72,quantile,0.85,142
2026-09-19,wk inc covid hosp,0,2026-09-19,72,quantile,0.9,153
2026-09-19,wk inc covid hosp,0,2026-09-19,72,quantile,0.95,170
2026-09-19,wk inc covid hosp,0,2026-09-19,72,quantile,0.975,189
2026-09-19,wk inc covid hosp,0,2026-09-19,72,quantile,0.99,215.01000000000022
2026-09-19,wk inc covid hosp,0,2026-09-19,US,quantile,0.01,3043.8999999999996
2026-09-19,wk inc covid hosp,0,2026-09-19,US,quantile,0.025,3186.95
2026-09-19,wk inc covid hosp,0,2026-09-19,US,quantile,0.05,3309.95
2026-09-19,wk inc covid hosp,0,2026-09-19,US,quantile,0.1,3458
2026-09-19,wk inc covid hosp,0,2026-09-19,US,quantile,0.15,3561
2026-09-19,wk inc covid hosp,0,2026-09-19,US,quantile,0.2,3640
2026-09-19,wk inc covid hosp,0,2026-09-19,US,quantile,0.25,3709.75
2026-09-19,wk inc covid hosp,0,2026-09-19,US,quantile,0.3,3778
2026-09-19,wk inc covid hosp,0,2026-09-19,US,quantile,0.35,3841
2026-09-19,wk inc covid hosp,0,2026-09-19,US,quantile,0.4,3896.6000000000004
2026-09-19,wk inc covid hosp,0,2026-09-19,US,quantile,0.45,3953.55
2026-09-19,wk inc covid hosp,0,2026-09-19,US,quantile,0.5,4012.5
2026-09-19,wk inc covid hosp,0,2026-09-19,US,quantile,0.55,4067
2026-09-19,wk inc covid hosp,0,2026-09-19,US,quantile,0.6,4126
2026-09-19,wk inc covid hosp,0,2026-09-19,US,quantile,0.65,4183
2026-09-19,wk inc covid hosp,0,2026-09-19,US,quantile,0.7,4247.3
2026-09-19,wk inc covid hosp,0,2026-09-19,US,quantile,0.75,4321
2026-09-19,wk inc covid hosp,0,2026-09-19,US,quantile,0.8,4407
2026-09-19,wk inc covid hosp,0,2026-09-19,US,quantile,0.85,4506
2026-09-19,wk inc covid hosp,0,2026-09-19,US,quantile,0.9,4633
2026-09-19,wk inc covid hosp,0,2026-09-19,US,quantile,0.95,4828
2026-09-19,wk inc covid hosp,0,2026-09-19,US,quantile,0.975,4989.1749999999975
2026-09-19,wk inc covid hosp,0,2026-09-19,US,quantile,0.99,5242.01
2026-09-19,wk inc covid hosp,1,2026-09-26,01,quantile,0.01,45.99
2026-09-19,wk inc covid hosp,1,2026-09-26,01,quantile,0.025,50
2026-09-19,wk inc covid hosp,1,2026-09-26,01,quantile,0.05,56
2026-09-19,wk inc covid hosp,1,2026-09-26,01,quantile,0.1,62
2026-09-19,wk inc covid hosp,1,2026-09-26,01,quantile,0.15,67
2026-09-19,wk inc covid hosp,1,2026-09-26,01,quantile,0.2,70
2026-09-19,wk inc covid hosp,1,2026-09-26,01,quantile,0.25,74
2026-09-19,wk inc covid hosp,1,2026-09-26,01,quantile,0.3,77
2026-09-19,wk inc covid hosp,1,2026-09-26,01,quantile,0.35,79
2026-09-19,wk inc covid hosp,1,2026-09-26,01,quantile,0.4,82
2026-09-19,wk inc covid hosp,1,2026-09-26,01,quantile,0.45,85
2026-09-19,wk inc covid hosp,1,2026-09-26,01,quantile,0.5,89
2026-09-19,wk inc covid hosp,1,2026-09-26,01,quantile,0.55,92
2026-09-19,wk inc covid hosp,1,2026-09-26,01,quantile,0.6,95
2026-09-19,wk inc covid hosp,1,2026-09-26,01,quantile,0.65,98
2026-09-19,wk inc covid hosp,1,2026-09-26,01,quantile,0.7,102
2026-09-19,wk inc covid hosp,1,2026-09-26,01,quantile,0.75,106
2026-09-19,wk inc covid hosp,1,2026-09-26,01,quantile,0.8,111
2026-09-19,wk inc covid hosp,1,2026-09-26,01,quantile,0.85,116
2026-09-19,wk inc covid hosp,1,2026-09-26,01,quantile,0.9,125
2026-09-19,wk inc covid hosp,1,2026-09-26,01,quantile,0.95,137
2026-09-19,wk inc covid hosp,1,2026-09-26,01,quantile,0.975,148
2026-09-19,wk inc covid hosp,1,2026-09-26,01,quantile,0.99,163
2026-09-19,wk inc covid hosp,1,2026-09-26,02,quantile,0.01,0
2026-09-19,wk inc covid hosp,1,2026-09-26,02,quantile,0.025,0
2026-09-19,wk inc covid hosp,1,2026-09-26,02,quantile,0.05,1
2026-09-19,wk inc covid hosp,1,2026-09-26,02,quantile,0.1,2
2026-09-19,wk inc covid hosp,1,2026-09-26,02,quantile,0.15,2
2026-09-19,wk inc covid hosp,1,2026-09-26,02,quantile,0.2,2
2026-09-19,wk inc covid hosp,1,2026-09-26,02,quantile,0.25,3
2026-09-19,wk inc covid hosp,1,2026-09-26,02,quantile,0.3,3
2026-09-19,wk inc covid hosp,1,2026-09-26,02,quantile,0.35,4
2026-09-19,wk inc covid hosp,1,2026-09-26,02,quantile,0.4,4
2026-09-19,wk inc covid hosp,1,2026-09-26,02,quantile,0.45,4
2026-09-19,wk inc covid hosp,1,2026-09-26,02,quantile,0.5,5
2026-09-19,wk inc covid hosp,1,2026-09-26,02,quantile,0.55,5
2026-09-19,wk inc covid hosp,1,2026-09-26,02,quantile,0.6,6
2026-09-19,wk inc covid hosp,1,2026-09-26,02,quantile,0.65,6
2026-09-19,wk inc covid hosp,1,2026-09-26,02,quantile,0.7,7
2026-09-19,wk inc covid hosp,1,2026-09-26,02,quantile,0.75,7
2026-09-19,wk inc covid hosp,1,2026-09-26,02,quantile,0.8,8
2026-09-19,wk inc covid hosp,1,2026-09-26,02,quantile,0.85,9
2026-09-19,wk inc covid hosp,1,2026-09-26,02,quantile,0.9,10
2026-09-19,wk inc covid hosp,1,2026-09-26,02,quantile,0.95,13
2026-09-19,wk inc covid hosp,1,2026-09-26,02,quantile,0.975,15
2026-09-19,wk inc covid hosp,1,2026-09-26,02,quantile,0.99,18
2026-09-19,wk inc covid hosp,1,2026-09-26,04,quantile,0.01,46
2026-09-19,wk inc covid hosp,1,2026-09-26,04,quantile,0.025,52
2026-09-19,wk inc covid hosp,1,2026-09-26,04,quantile,0.05,58
2026-09-19,wk inc covid hosp,1,2026-09-26,04,quantile,0.1,64
2026-09-19,wk inc covid hosp,1,2026-09-26,04,quantile,0.15,69
2026-09-19,wk inc covid hosp,1,2026-09-26,04,quantile,0.2,73
2026-09-19,wk inc covid hosp,1,2026-09-26,04,quantile,0.25,76
2026-09-19,wk inc covid hosp,1,2026-09-26,04,quantile,0.3,79
2026-09-19,wk inc covid hosp,1,2026-09-26,04,quantile,0.35,82
2026-09-19,wk inc covid hosp,1,2026-09-26,04,quantile,0.4,86
2026-09-19,wk inc covid hosp,1,2026-09-26,04,quantile,0.45,88
2026-09-19,wk inc covid hosp,1,2026-09-26,04,quantile,0.5,91
2026-09-19,wk inc covid hosp,1,2026-09-26,04,quantile,0.55,95
2026-09-19,wk inc covid hosp,1,2026-09-26,04,quantile,0.6,97
2026-09-19,wk inc covid hosp,1,2026-09-26,04,quantile,0.65,101
2026-09-19,wk inc covid hosp,1,2026-09-26,04,quantile,0.7,105
2026-09-19,wk inc covid hosp,1,2026-09-26,04,quantile,0.75,109
2026-09-19,wk inc covid hosp,1,2026-09-26,04,quantile,0.8,114
2026-09-19,wk inc covid hosp,1,2026-09-26,04,quantile,0.85,119
2026-09-19,wk inc covid hosp,1,2026-09-26,04,quantile,0.9,127
2026-09-19,wk inc covid hosp,1,2026-09-26,04,quantile,0.95,137
2026-09-19,wk inc covid hosp,1,2026-09-26,04,quantile,0.975,148
2026-09-19,wk inc covid hosp,1,2026-09-26,04,quantile,0.99,161
2026-09-19,wk inc covid hosp,1,2026-09-26,05,quantile,0.01,6
2026-09-19,wk inc covid hosp,1,2026-09-26,05,quantile,0.025,7
2026-09-19,wk inc covid hosp,1,2026-09-26,05,quantile,0.05,9
2026-09-19,wk inc covid hosp,1,2026-09-26,05,quantile,0.1,10.900000000000034
2026-09-19,wk inc covid hosp,1,2026-09-26,05,quantile,0.15,12
2026-09-19,wk inc covid hosp,1,2026-09-26,05,quantile,0.2,13
2026-09-19,wk inc covid hosp,1,2026-09-26,05,quantile,0.25,13
2026-09-19,wk inc covid hosp,1,2026-09-26,05,quantile,0.3,14
2026-09-19,wk inc covid hosp,1,2026-09-26,05,quantile,0.35,15
2026-09-19,wk inc covid hosp,1,2026-09-26,05,quantile,0.4,16
2026-09-19,wk inc covid hosp,1,2026-09-26,05,quantile,0.45,16
2026-09-19,wk inc covid hosp,1,2026-09-26,05,quantile,0.5,17
2026-09-19,wk inc covid hosp,1,2026-09-26,05,quantile,0.55,18
2026-09-19,wk inc covid hosp,1,2026-09-26,05,quantile,0.6,19
2026-09-19,wk inc covid hosp,1,2026-09-26,05,quantile,0.65,19
2026-09-19,wk inc covid hosp,1,2026-09-26,05,quantile,0.7,20
2026-09-19,wk inc covid hosp,1,2026-09-26,05,quantile,0.75,21
2026-09-19,wk inc covid hosp,1,2026-09-26,05,quantile,0.8,22
2026-09-19,wk inc covid hosp,1,2026-09-26,05,quantile,0.85,24
2026-09-19,wk inc covid hosp,1,2026-09-26,05,quantile,0.9,26
2026-09-19,wk inc covid hosp,1,2026-09-26,05,quantile,0.95,29
2026-09-19,wk inc covid hosp,1,2026-09-26,05,quantile,0.975,32
2026-09-19,wk inc covid hosp,1,2026-09-26,05,quantile,0.99,35.01000000000022
2026-09-19,wk inc covid hosp,1,2026-09-26,06,quantile,0.01,422
2026-09-19,wk inc covid hosp,1,2026-09-26,06,quantile,0.025,470
2026-09-19,wk inc covid hosp,1,2026-09-26,06,quantile,0.05,510
2026-09-19,wk inc covid hosp,1,2026-09-26,06,quantile,0.1,565
2026-09-19,wk inc covid hosp,1,2026-09-26,06,quantile,0.15,603
2026-09-19,wk inc covid hosp,1,2026-09-26,06,quantile,0.2,631
2026-09-19,wk inc covid hosp,1,2026-09-26,06,quantile,0.25,656
2026-09-19,wk inc covid hosp,1,2026-09-26,06,quantile,0.3,683
2026-09-19,wk inc covid hosp,1,2026-09-26,06,quantile,0.35,712
2026-09-19,wk inc covid hosp,1,2026-09-26,06,quantile,0.4,738
2026-09-19,wk inc covid hosp,1,2026-09-26,06,quantile,0.45,759.5500000000002
2026-09-19,wk inc covid hosp,1,2026-09-26,06,quantile,0.5,783
2026-09-19,wk inc covid hosp,1,2026-09-26,06,quantile,0.55,808
2026-09-19,wk inc covid hosp,1,2026-09-26,06,quantile,0.6,836
2026-09-19,wk inc covid hosp,1,2026-09-26,06,quantile,0.65,865
2026-09-19,wk inc covid hosp,1,2026-09-26,06,quantile,0.7,899
2026-09-19,wk inc covid hosp,1,2026-09-26,06,quantile,0.75,934
2026-09-19,wk inc covid hosp,1,2026-09-26,06,quantile,0.8,973
2026-09-19,wk inc covid hosp,1,2026-09-26,06,quantile,0.85,1023
2026-09-19,wk inc covid hosp,1,2026-09-26,06,quantile,0.9,1094.1000000000004
2026-09-19,wk inc covid hosp,1,2026-09-26,06,quantile,0.95,1201
2026-09-19,wk inc covid hosp,1,2026-09-26,06,quantile,0.975,1295.0249999999996
2026-09-19,wk inc covid hosp,1,2026-09-26,06,quantile,0.99,1410.1200000000026
2026-09-19,wk inc covid hosp,1,2026-09-26,08,quantile,0.01,12
2026-09-19,wk inc covid hosp,1,2026-09-26,08,quantile,0.025,14
2026-09-19,wk inc covid hosp,1,2026-09-26,08,quantile,0.05,16
2026-09-19,wk inc covid hosp,1,2026-09-26,08,quantile,0.1,18
2026-09-19,wk inc covid hosp,1,2026-09-26,08,quantile,0.15,20
2026-09-19,wk inc covid hosp,1,2026-09-26,08,quantile,0.2,21
2026-09-19,wk inc covid hosp,1,2026-09-26,08,quantile,0.25,22
2026-09-19,wk inc covid hosp,1,2026-09-26,08,quantile,0.3,23
2026-09-19,wk inc covid hosp,1,2026-09-26,08,quantile,0.35,24
2026-09-19,wk inc covid hosp,1,2026-09-26,08,quantile,0.4,25
2026-09-19,wk inc covid hosp,1,2026-09-26,08,quantile,0.45,26
2026-09-19,wk inc covid hosp,1,2026-09-26,08,quantile,0.5,27
2026-09-19,wk inc covid hosp,1,2026-09-26,08,quantile,0.55,29
2026-09-19,wk inc covid hosp,1,2026-09-26,08,quantile,0.6,30
2026-09-19,wk inc covid hosp,1,2026-09-26,08,quantile,0.65,31
2026-09-19,wk inc covid hosp,1,2026-09-26,08,quantile,0.7,32
2026-09-19,wk inc covid hosp,1,2026-09-26,08,quantile,0.75,34
2026-09-19,wk inc covid hosp,1,2026-09-26,08,quantile,0.8,35
2026-09-19,wk inc covid hosp,1,2026-09-26,08,quantile,0.85,37
2026-09-19,wk inc covid hosp,1,2026-09-26,08,quantile,0.9,40
2026-09-19,wk inc covid hosp,1,2026-09-26,08,quantile,0.95,44
2026-09-19,wk inc covid hosp,1,2026-09-26,08,quantile,0.975,47
2026-09-19,wk inc covid hosp,1,2026-09-26,08,quantile,0.99,52
2026-09-19,wk inc covid hosp,1,2026-09-26,09,quantile,0.01,5
2026-09-19,wk inc covid hosp,1,2026-09-26,09,quantile,0.025,6
2026-09-19,wk inc covid hosp,1,2026-09-26,09,quantile,0.05,7
2026-09-19,wk inc covid hosp,1,2026-09-26,09,quantile,0.1,9
2026-09-19,wk inc covid hosp,1,2026-09-26,09,quantile,0.15,10
2026-09-19,wk inc covid hosp,1,2026-09-26,09,quantile,0.2,10
2026-09-19,wk inc covid hosp,1,2026-09-26,09,quantile,0.25,11
2026-09-19,wk inc covid hosp,1,2026-09-26,09,quantile,0.3,12
2026-09-19,wk inc covid hosp,1,2026-09-26,09,quantile,0.35,13
2026-09-19,wk inc covid hosp,1,2026-09-26,09,quantile,0.4,13
2026-09-19,wk inc covid hosp,1,2026-09-26,09,quantile,0.45,14
2026-09-19,wk inc covid hosp,1,2026-09-26,09,quantile,0.5,15
2026-09-19,wk inc covid hosp,1,2026-09-26,09,quantile,0.55,16
2026-09-19,wk inc covid hosp,1,2026-09-26,09,quantile,0.6,17
2026-09-19,wk inc covid hosp,1,2026-09-26,09,quantile,0.65,18
2026-09-19,wk inc covid hosp,1,2026-09-26,09,quantile,0.7,19
2026-09-19,wk inc covid hosp,1,2026-09-26,09,quantile,0.75,20
2026-09-19,wk inc covid hosp,1,2026-09-26,09,quantile,0.8,21
2026-09-19,wk inc covid hosp,1,2026-09-26,09,quantile,0.85,22
2026-09-19,wk inc covid hosp,1,2026-09-26,09,quantile,0.9,24
2026-09-19,wk inc covid hosp,1,2026-09-26,09,quantile,0.95,28
2026-09-19,wk inc covid hosp,1,2026-09-26,09,quantile,0.975,31
2026-09-19,wk inc covid hosp,1,2026-09-26,09,quantile,0.99,35
2026-09-19,wk inc covid hosp,1,2026-09-26,10,quantile,0.01,1
2026-09-19,wk inc covid hosp,1,2026-09-26,10,quantile,0.025,2
2026-09-19,wk inc covid hosp,1,2026-09-26,10,quantile,0.05,3
2026-09-19,wk inc covid hosp,1,2026-09-26,10,quantile,0.1,4
2026-09-19,wk inc covid hosp,1,2026-09-26,10,quantile,0.15,4
2026-09-19,wk inc covid hosp,1,2026-09-26,10,quantile,0.2,5
2026-09-19,wk inc covid hosp,1,2026-09-26,10,quantile,0.25,5
2026-09-19,wk inc covid hosp,1,2026-09-26,10,quantile,0.3,6
2026-09-19,wk inc covid hosp,1,2026-09-26,10,quantile,0.35,6
2026-09-19,wk inc covid hosp,1,2026-09-26,10,quantile,0.4,7
2026-09-19,wk inc covid hosp,1,2026-09-26,10,quantile,0.45,7
2026-09-19,wk inc covid hosp,1,2026-09-26,10,quantile,0.5,8
2026-09-19,wk inc covid hosp,1,2026-09-26,10,quantile,0.55,8
2026-09-19,wk inc covid hosp,1,2026-09-26,10,quantile,0.6,9
2026-09-19,wk inc covid hosp,1,2026-09-26,10,quantile,0.65,9
2026-09-19,wk inc covid hosp,1,2026-09-26,10,quantile,0.7,10
2026-09-19,wk inc covid hosp,1,2026-09-26,10,quantile,0.75,11
2026-09-19,wk inc covid hosp,1,2026-09-26,10,quantile,0.8,11
2026-09-19,wk inc covid hosp,1,2026-09-26,10,quantile,0.85,12
2026-09-19,wk inc covid hosp,1,2026-09-26,10,quantile,0.9,14
2026-09-19,wk inc covid hosp,1,2026-09-26,10,quantile,0.95,15
2026-09-19,wk inc covid hosp,1,2026-09-26,10,quantile,0.975,17
2026-09-19,wk inc covid hosp,1,2026-09-26,10,quantile,0.99,20
2026-09-19,wk inc covid hosp,1,2026-09-26,11,quantile,0.01,1
2026-09-19,wk inc covid hosp,1,2026-09-26,11,quantile,0.025,1
2026-09-19,wk inc covid hosp,1,2026-09-26,11,quantile,0.05,1
2026-09-19,wk inc covid hosp,1,2026-09-26,11,quantile,0.1,2
2026-09-19,wk inc covid hosp,1,2026-09-26,11,quantile,0.15,3
2026-09-19,wk inc covid hosp,1,2026-09-26,11,quantile,0.2,3
2026-09-19,wk inc covid hosp,1,2026-09-26,11,quantile,0.25,3
2026-09-19,wk inc covid hosp,1,2026-09-26,11,quantile,0.3,4
2026-09-19,wk inc covid hosp,1,2026-09-26,11,quantile,0.35,4
2026-09-19,wk inc covid hosp,1,2026-09-26,11,quantile,0.4,4
2026-09-19,wk inc covid hosp,1,2026-09-26,11,quantile,0.45,5
2026-09-19,wk inc covid hosp,1,2026-09-26,11,quantile,0.5,5
2026-09-19,wk inc covid hosp,1,2026-09-26,11,quantile,0.55,6
2026-09-19,wk inc covid hosp,1,2026-09-26,11,quantile,0.6,6
2026-09-19,wk inc covid hosp,1,2026-09-26,11,quantile,0.65,6
2026-09-19,wk inc covid hosp,1,2026-09-26,11,quantile,0.7,7
2026-09-19,wk inc covid hosp,1,2026-09-26,11,quantile,0.75,8
2026-09-19,wk inc covid hosp,1,2026-09-26,11,quantile,0.8,8
2026-09-19,wk inc covid hosp,1,2026-09-26,11,quantile,0.85,9
2026-09-19,wk inc covid hosp,1,2026-09-26,11,quantile,0.9,10
2026-09-19,wk inc covid hosp,1,2026-09-26,11,quantile,0.95,12
2026-09-19,wk inc covid hosp,1,2026-09-26,11,quantile,0.975,13
2026-09-19,wk inc covid hosp,1,2026-09-26,11,quantile,0.99,15
2026-09-19,wk inc covid hosp,1,2026-09-26,12,quantile,0.01,270
2026-09-19,wk inc covid hosp,1,2026-09-26,12,quantile,0.025,298
2026-09-19,wk inc covid hosp,1,2026-09-26,12,quantile,0.05,323.95000000000005
2026-09-19,wk inc covid hosp,1,2026-09-26,12,quantile,0.1,357
2026-09-19,wk inc covid hosp,1,2026-09-26,12,quantile,0.15,383
2026-09-19,wk inc covid hosp,1,2026-09-26,12,quantile,0.2,402
2026-09-19,wk inc covid hosp,1,2026-09-26,12,quantile,0.25,422
2026-09-19,wk inc covid hosp,1,2026-09-26,12,quantile,0.3,441
2026-09-19,wk inc covid hosp,1,2026-09-26,12,quantile,0.35,459
2026-09-19,wk inc covid hosp,1,2026-09-26,12,quantile,0.4,476
2026-09-19,wk inc covid hosp,1,2026-09-26,12,quantile,0.45,493
2026-09-19,wk inc covid hosp,1,2026-09-26,12,quantile,0.5,512
2026-09-19,wk inc covid hosp,1,2026-09-26,12,quantile,0.55,530
2026-09-19,wk inc covid hosp,1,2026-09-26,12,quantile,0.6,550
2026-09-19,wk inc covid hosp,1,2026-09-26,12,quantile,0.65,572
2026-09-19,wk inc covid hosp,1,2026-09-26,12,quantile,0.7,595
2026-09-19,wk inc covid hosp,1,2026-09-26,12,quantile,0.75,620
2026-09-19,wk inc covid hosp,1,2026-09-26,12,quantile,0.8,647.2000000000003
2026-09-19,wk inc covid hosp,1,2026-09-26,12,quantile,0.85,685
2026-09-19,wk inc covid hosp,1,2026-09-26,12,quantile,0.9,733
2026-09-19,wk inc covid hosp,1,2026-09-26,12,quantile,0.95,814
2026-09-19,wk inc covid hosp,1,2026-09-26,12,quantile,0.975,887
2026-09-19,wk inc covid hosp,1,2026-09-26,12,quantile,0.99,991
2026-09-19,wk inc covid hosp,1,2026-09-26,13,quantile,0.01,46
2026-09-19,wk inc covid hosp,1,2026-09-26,13,quantile,0.025,51
2026-09-19,wk inc covid hosp,1,2026-09-26,13,quantile,0.05,57
2026-09-19,wk inc covid hosp,1,2026-09-26,13,quantile,0.1,63
2026-09-19,wk inc covid hosp,1,2026-09-26,13,quantile,0.15,67
2026-09-19,wk inc covid hosp,1,2026-09-26,13,quantile,0.2,71
2026-09-19,wk inc covid hosp,1,2026-09-26,13,quantile,0.25,74
2026-09-19,wk inc covid hosp,1,2026-09-26,13,quantile,0.3,78
2026-09-19,wk inc covid hosp,1,2026-09-26,13,quantile,0.35,81
2026-09-19,wk inc covid hosp,1,2026-09-26,13,quantile,0.4,84
2026-09-19,wk inc covid hosp,1,2026-09-26,13,quantile,0.45,87
2026-09-19,wk inc covid hosp,1,2026-09-26,13,quantile,0.5,89
2026-09-19,wk inc covid hosp,1,2026-09-26,13,quantile,0.55,92
2026-09-19,wk inc covid hosp,1,2026-09-26,13,quantile,0.6,95
2026-09-19,wk inc covid hosp,1,2026-09-26,13,quantile,0.65,99
2026-09-19,wk inc covid hosp,1,2026-09-26,13,quantile,0.7,102
2026-09-19,wk inc covid hosp,1,2026-09-26,13,quantile,0.75,106
2026-09-19,wk inc covid hosp,1,2026-09-26,13,quantile,0.8,111
2026-09-19,wk inc covid hosp,1,2026-09-26,13,quantile,0.85,116.15000000000055
2026-09-19,wk inc covid hosp,1,2026-09-26,13,quantile,0.9,124
2026-09-19,wk inc covid hosp,1,2026-09-26,13,quantile,0.95,136
2026-09-19,wk inc covid hosp,1,2026-09-26,13,quantile,0.975,148
2026-09-19,wk inc covid hosp,1,2026-09-26,13,quantile,0.99,160
2026-09-19,wk inc covid hosp,1,2026-09-26,15,quantile,0.01,7
2026-09-19,wk inc covid hosp,1,2026-09-26,15,quantile,0.025,9
2026-09-19,wk inc covid hosp,1,2026-09-26,15,quantile,0.05,12
2026-09-19,wk inc covid hosp,1,2026-09-26,15,quantile,0.1,14
2026-09-19,wk inc covid hosp,1,2026-09-26,15,quantile,0.15,16
2026-09-19,wk inc covid hosp,1,2026-09-26,15,quantile,0.2,18
2026-09-19,wk inc covid hosp,1,2026-09-26,15,quantile,0.25,20
2026-09-19,wk inc covid hosp,1,2026-09-26,15,quantile,0.3,21
2026-09-19,wk inc covid hosp,1,2026-09-26,15,quantile,0.35,23
2026-09-19,wk inc covid hosp,1,2026-09-26,15,quantile,0.4,24
2026-09-19,wk inc covid hosp,1,2026-09-26,15,quantile,0.45,26
2026-09-19,wk inc covid hosp,1,2026-09-26,15,quantile,0.5,28
2026-09-19,wk inc covid hosp,1,2026-09-26,15,quantile,0.55,29
2026-09-19,wk inc covid hosp,1,2026-09-26,15,quantile,0.6,31
2026-09-19,wk inc covid hosp,1,2026-09-26,15,quantile,0.65,33
2026-09-19,wk inc covid hosp,1,2026-09-26,15,quantile,0.7,34
2026-09-19,wk inc covid hosp,1,2026-09-26,15,quantile,0.75,37
2026-09-19,wk inc covid hosp,1,2026-09-26,15,quantile,0.8,40
2026-09-19,wk inc covid hosp,1,2026-09-26,15,quantile,0.85,43
2026-09-19,wk inc covid hosp,1,2026-09-26,15,quantile,0.9,48
2026-09-19,wk inc covid hosp,1,2026-09-26,15,quantile,0.95,57
2026-09-19,wk inc covid hosp,1,2026-09-26,15,quantile,0.975,66
2026-09-19,wk inc covid hosp,1,2026-09-26,15,quantile,0.99,77.01000000000022
2026-09-19,wk inc covid hosp,1,2026-09-26,16,quantile,0.01,2
2026-09-19,wk inc covid hosp,1,2026-09-26,16,quantile,0.025,3
2026-09-19,wk inc covid hosp,1,2026-09-26,16,quantile,0.05,4
2026-09-19,wk inc covid hosp,1,2026-09-26,16,quantile,0.1,5
2026-09-19,wk inc covid hosp,1,2026-09-26,16,quantile,0.15,6
2026-09-19,wk inc covid hosp,1,2026-09-26,16,quantile,0.2,7
2026-09-19,wk inc covid hosp,1,2026-09-26,16,quantile,0.25,7
2026-09-19,wk inc covid hosp,1,2026-09-26,16,quantile,0.3,8
2026-09-19,wk inc covid hosp,1,2026-09-26,16,quantile,0.35,8
2026-09-19,wk inc covid hosp,1,2026-09-26,16,quantile,0.4,9
2026-09-19,wk inc covid hosp,1,2026-09-26,16,quantile,0.45,9
2026-09-19,wk inc covid hosp,1,2026-09-26,16,quantile,0.5,10
2026-09-19,wk inc covid hosp,1,2026-09-26,16,quantile,0.55,10
2026-09-19,wk inc covid hosp,1,2026-09-26,16,quantile,0.6,11
2026-09-19,wk inc covid hosp,1,2026-09-26,16,quantile,0.65,11
2026-09-19,wk inc covid hosp,1,2026-09-26,16,quantile,0.7,12
2026-09-19,wk inc covid hosp,1,2026-09-26,16,quantile,0.75,13
2026-09-19,wk inc covid hosp,1,2026-09-26,16,quantile,0.8,13
2026-09-19,wk inc covid hosp,1,2026-09-26,16,quantile,0.85,14
2026-09-19,wk inc covid hosp,1,2026-09-26,16,quantile,0.9,16
2026-09-19,wk inc covid hosp,1,2026-09-26,16,quantile,0.95,18
2026-09-19,wk inc covid hosp,1,2026-09-26,16,quantile,0.975,20
2026-09-19,wk inc covid hosp,1,2026-09-26,16,quantile,0.99,22
2026-09-19,wk inc covid hosp,1,2026-09-26,17,quantile,0.01,25
2026-09-19,wk inc covid hosp,1,2026-09-26,17,quantile,0.025,28
2026-09-19,wk inc covid hosp,1,2026-09-26,17,quantile,0.05,31
2026-09-19,wk inc covid hosp,1,2026-09-26,17,quantile,0.1,35
2026-09-19,wk inc covid hosp,1,2026-09-26,17,quantile,0.15,37
2026-09-19,wk inc covid hosp,1,2026-09-26,17,quantile,0.2,40
2026-09-19,wk inc covid hosp,1,2026-09-26,17,quantile,0.25,42
2026-09-19,wk inc covid hosp,1,2026-09-26,17,quantile,0.3,43.700000000000045
2026-09-19,wk inc covid hosp,1,2026-09-26,17,quantile,0.35,45
2026-09-19,wk inc covid hosp,1,2026-09-26,17,quantile,0.4,47
2026-09-19,wk inc covid hosp,1,2026-09-26,17,quantile,0.45,49
2026-09-19,wk inc covid hosp,1,2026-09-26,17,quantile,0.5,50
2026-09-19,wk inc covid hosp,1,2026-09-26,17,quantile,0.55,52
2026-09-19,wk inc covid hosp,1,2026-09-26,17,quantile,0.6,54
2026-09-19,wk inc covid hosp,1,2026-09-26,17,quantile,0.65,56
2026-09-19,wk inc covid hosp,1,2026-09-26,17,quantile,0.7,58
2026-09-19,wk inc covid hosp,1,2026-09-26,17,quantile,0.75,60
2026-09-19,wk inc covid hosp,1,2026-09-26,17,quantile,0.8,63
2026-09-19,wk inc covid hosp,1,2026-09-26,17,quantile,0.85,67
2026-09-19,wk inc covid hosp,1,2026-09-26,17,quantile,0.9,71
2026-09-19,wk inc covid hosp,1,2026-09-26,17,quantile,0.95,78
2026-09-19,wk inc covid hosp,1,2026-09-26,17,quantile,0.975,85
2026-09-19,wk inc covid hosp,1,2026-09-26,17,quantile,0.99,92.01000000000022
2026-09-19,wk inc covid hosp,1,2026-09-26,18,quantile,0.01,16
2026-09-19,wk inc covid hosp,1,2026-09-26,18,quantile,0.025,18
2026-09-19,wk inc covid hosp,1,2026-09-26,18,quantile,0.05,21
2026-09-19,wk inc covid hosp,1,2026-09-26,18,quantile,0.1,23
2026-09-19,wk inc covid hosp,1,2026-09-26,18,quantile,0.15,25
2026-09-19,wk inc covid hosp,1,2026-09-26,18,quantile,0.2,27
2026-09-19,wk inc covid hosp,1,2026-09-26,18,quantile,0.25,29
2026-09-19,wk inc covid hosp,1,2026-09-26,18,quantile,0.3,30
2026-09-19,wk inc covid hosp,1,2026-09-26,18,quantile,0.35,31
2026-09-19,wk inc covid hosp,1,2026-09-26,18,quantile,0.4,33
2026-09-19,wk inc covid hosp,1,2026-09-26,18,quantile,0.45,34
2026-09-19,wk inc covid hosp,1,2026-09-26,18,quantile,0.5,35
2026-09-19,wk inc covid hosp,1,2026-09-26,18,quantile,0.55,37
2026-09-19,wk inc covid hosp,1,2026-09-26,18,quantile,0.6,38
2026-09-19,wk inc covid hosp,1,2026-09-26,18,quantile,0.65,39
2026-09-19,wk inc covid hosp,1,2026-09-26,18,quantile,0.7,41
2026-09-19,wk inc covid hosp,1,2026-09-26,18,quantile,0.75,43
2026-09-19,wk inc covid hosp,1,2026-09-26,18,quantile,0.8,45
2026-09-19,wk inc covid hosp,1,2026-09-26,18,quantile,0.85,48
2026-09-19,wk inc covid hosp,1,2026-09-26,18,quantile,0.9,51
2026-09-19,wk inc covid hosp,1,2026-09-26,18,quantile,0.95,57
2026-09-19,wk inc covid hosp,1,2026-09-26,18,quantile,0.975,62
2026-09-19,wk inc covid hosp,1,2026-09-26,18,quantile,0.99,70
2026-09-19,wk inc covid hosp,1,2026-09-26,19,quantile,0.01,3
2026-09-19,wk inc covid hosp,1,2026-09-26,19,quantile,0.025,5
2026-09-19,wk inc covid hosp,1,2026-09-26,19,quantile,0.05,6
2026-09-19,wk inc covid hosp,1,2026-09-26,19,quantile,0.1,7
2026-09-19,wk inc covid hosp,1,2026-09-26,19,quantile,0.15,8
2026-09-19,wk inc covid hosp,1,2026-09-26,19,quantile,0.2,8
2026-09-19,wk inc covid hosp,1,2026-09-26,19,quantile,0.25,9
2026-09-19,wk inc covid hosp,1,2026-09-26,19,quantile,0.3,10
2026-09-19,wk inc covid hosp,1,2026-09-26,19,quantile,0.35,10
2026-09-19,wk inc covid hosp,1,2026-09-26,19,quantile,0.4,11
2026-09-19,wk inc covid hosp,1,2026-09-26,19,quantile,0.45,12
2026-09-19,wk inc covid hosp,1,2026-09-26,19,quantile,0.5,12
2026-09-19,wk inc covid hosp,1,2026-09-26,19,quantile,0.55,13
2026-09-19,wk inc covid hosp,1,2026-09-26,19,quantile,0.6,13
2026-09-19,wk inc covid hosp,1,2026-09-26,19,quantile,0.65,14
2026-09-19,wk inc covid hosp,1,2026-09-26,19,quantile,0.7,15
2026-09-19,wk inc covid hosp,1,2026-09-26,19,quantile,0.75,15
2026-09-19,wk inc covid hosp,1,2026-09-26,19,quantile,0.8,16
2026-09-19,wk inc covid hosp,1,2026-09-26,19,quantile,0.85,17
2026-09-19,wk inc covid hosp,1,2026-09-26,19,quantile,0.9,19
2026-09-19,wk inc covid hosp,1,2026-09-26,19,quantile,0.95,21
2026-09-19,wk inc covid hosp,1,2026-09-26,19,quantile,0.975,23
2026-09-19,wk inc covid hosp,1,2026-09-26,19,quantile,0.99,26
2026-09-19,wk inc covid hosp,1,2026-09-26,20,quantile,0.01,3
2026-09-19,wk inc covid hosp,1,2026-09-26,20,quantile,0.025,4
2026-09-19,wk inc covid hosp,1,2026-09-26,20,quantile,0.05,5
2026-09-19,wk inc covid hosp,1,2026-09-26,20,quantile,0.1,6
2026-09-19,wk inc covid hosp,1,2026-09-26,20,quantile,0.15,7
2026-09-19,wk inc covid hosp,1,2026-09-26,20,quantile,0.2,7
2026-09-19,wk inc covid hosp,1,2026-09-26,20,quantile,0.25,8
2026-09-19,wk inc covid hosp,1,2026-09-26,20,quantile,0.3,9
2026-09-19,wk inc covid hosp,1,2026-09-26,20,quantile,0.35,9
2026-09-19,wk inc covid hosp,1,2026-09-26,20,quantile,0.4,10
2026-09-19,wk inc covid hosp,1,2026-09-26,20,quantile,0.45,10
2026-09-19,wk inc covid hosp,1,2026-09-26,20,quantile,0.5,11
2026-09-19,wk inc covid hosp,1,2026-09-26,20,quantile,0.55,11
2026-09-19,wk inc covid hosp,1,2026-09-26,20,quantile,0.6,12
2026-09-19,wk inc covid hosp,1,2026-09-26,20,quantile,0.65,13
2026-09-19,wk inc covid hosp,1,2026-09-26,20,quantile,0.7,13
2026-09-19,wk inc covid hosp,1,2026-09-26,20,quantile,0.75,14
2026-09-19,wk inc covid hosp,1,2026-09-26,20,quantile,0.8,15
2026-09-19,wk inc covid hosp,1,2026-09-26,20,quantile,0.85,16
2026-09-19,wk inc covid hosp,1,2026-09-26,20,quantile,0.9,17
2026-09-19,wk inc covid hosp,1,2026-09-26,20,quantile,0.95,20
2026-09-19,wk inc covid hosp,1,2026-09-26,20,quantile,0.975,22
2026-09-19,wk inc covid hosp,1,2026-09-26,20,quantile,0.99,25
2026-09-19,wk inc covid hosp,1,2026-09-26,21,quantile,0.01,11
2026-09-19,wk inc covid hosp,1,2026-09-26,21,quantile,0.025,12
2026-09-19,wk inc covid hosp,1,2026-09-26,21,quantile,0.05,14
2026-09-19,wk inc covid hosp,1,2026-09-26,21,quantile,0.1,16
2026-09-19,wk inc covid hosp,1,2026-09-26,21,quantile,0.15,18
2026-09-19,wk inc covid hosp,1,2026-09-26,21,quantile,0.2,19
2026-09-19,wk inc covid hosp,1,2026-09-26,21,quantile,0.25,20
2026-09-19,wk inc covid hosp,1,2026-09-26,21,quantile,0.3,21
2026-09-19,wk inc covid hosp,1,2026-09-26,21,quantile,0.35,22
2026-09-19,wk inc covid hosp,1,2026-09-26,21,quantile,0.4,23
2026-09-19,wk inc covid hosp,1,2026-09-26,21,quantile,0.45,24
2026-09-19,wk inc covid hosp,1,2026-09-26,21,quantile,0.5,25
2026-09-19,wk inc covid hosp,1,2026-09-26,21,quantile,0.55,26
2026-09-19,wk inc covid hosp,1,2026-09-26,21,quantile,0.6,27
2026-09-19,wk inc covid hosp,1,2026-09-26,21,quantile,0.65,28
2026-09-19,wk inc covid hosp,1,2026-09-26,21,quantile,0.7,29
2026-09-19,wk inc covid hosp,1,2026-09-26,21,quantile,0.75,30
2026-09-19,wk inc covid hosp,1,2026-09-26,21,quantile,0.8,32
2026-09-19,wk inc covid hosp,1,2026-09-26,21,quantile,0.85,34
2026-09-19,wk inc covid hosp,1,2026-09-26,21,quantile,0.9,36
2026-09-19,wk inc covid hosp,1,2026-09-26,21,quantile,0.95,40
2026-09-19,wk inc covid hosp,1,2026-09-26,21,quantile,0.975,44
2026-09-19,wk inc covid hosp,1,2026-09-26,21,quantile,0.99,49
2026-09-19,wk inc covid hosp,1,2026-09-26,22,quantile,0.01,31
2026-09-19,wk inc covid hosp,1,2026-09-26,22,quantile,0.025,36
2026-09-19,wk inc covid hosp,1,2026-09-26,22,quantile,0.05,40
2026-09-19,wk inc covid hosp,1,2026-09-26,22,quantile,0.1,45
2026-09-19,wk inc covid hosp,1,2026-09-26,22,quantile,0.15,49
2026-09-19,wk inc covid hosp,1,2026-09-26,22,quantile,0.2,52
2026-09-19,wk inc covid hosp,1,2026-09-26,22,quantile,0.25,54
2026-09-19,wk inc covid hosp,1,2026-09-26,22,quantile,0.3,57
2026-09-19,wk inc covid hosp,1,2026-09-26,22,quantile,0.35,59
2026-09-19,wk inc covid hosp,1,2026-09-26,22,quantile,0.4,62
2026-09-19,wk inc covid hosp,1,2026-09-26,22,quantile,0.45,64
2026-09-19,wk inc covid hosp,1,2026-09-26,22,quantile,0.5,67
2026-09-19,wk inc covid hosp,1,2026-09-26,22,quantile,0.55,69
2026-09-19,wk inc covid hosp,1,2026-09-26,22,quantile,0.6,72
2026-09-19,wk inc covid hosp,1,2026-09-26,22,quantile,0.65,74
2026-09-19,wk inc covid hosp,1,2026-09-26,22,quantile,0.7,78
2026-09-19,wk inc covid hosp,1,2026-09-26,22,quantile,0.75,81
2026-09-19,wk inc covid hosp,1,2026-09-26,22,quantile,0.8,85
2026-09-19,wk inc covid hosp,1,2026-09-26,22,quantile,0.85,90
2026-09-19,wk inc covid hosp,1,2026-09-26,22,quantile,0.9,96
2026-09-19,wk inc covid hosp,1,2026-09-26,22,quantile,0.95,106
2026-09-19,wk inc covid hosp,1,2026-09-26,22,quantile,0.975,115
2026-09-19,wk inc covid hosp,1,2026-09-26,22,quantile,0.99,125
2026-09-19,wk inc covid hosp,1,2026-09-26,23,quantile,0.01,0
2026-09-19,wk inc covid hosp,1,2026-09-26,23,quantile,0.025,0
2026-09-19,wk inc covid hosp,1,2026-09-26,23,quantile,0.05,0
2026-09-19,wk inc covid hosp,1,2026-09-26,23,quantile,0.1,0
2026-09-19,wk inc covid hosp,1,2026-09-26,23,quantile,0.15,0
2026-09-19,wk inc covid hosp,1,2026-09-26,23,quantile,0.2,1
2026-09-19,wk inc covid hosp,1,2026-09-26,23,quantile,0.25,1
2026-09-19,wk inc covid hosp,1,2026-09-26,23,quantile,0.3,1
2026-09-19,wk inc covid hosp,1,2026-09-26,23,quantile,0.35,1
2026-09-19,wk inc covid hosp,1,2026-09-26,23,quantile,0.4,1
2026-09-19,wk inc covid hosp,1,2026-09-26,23,quantile,0.45,2
2026-09-19,wk inc covid hosp,1,2026-09-26,23,quantile,0.5,2
2026-09-19,wk inc covid hosp,1,2026-09-26,23,quantile,0.55,2
2026-09-19,wk inc covid hosp,1,2026-09-26,23,quantile,0.6,2
2026-09-19,wk inc covid hosp,1,2026-09-26,23,quantile,0.65,2
2026-09-19,wk inc covid hosp,1,2026-09-26,23,quantile,0.7,3
2026-09-19,wk inc covid hosp,1,2026-09-26,23,quantile,0.75,3
2026-09-19,wk inc covid hosp,1,2026-09-26,23,quantile,0.8,3
2026-09-19,wk inc covid hosp,1,2026-09-26,23,quantile,0.85,4
2026-09-19,wk inc covid hosp,1,2026-09-26,23,quantile,0.9,4
2026-09-19,wk inc covid hosp,1,2026-09-26,23,quantile,0.95,5
2026-09-19,wk inc covid hosp,1,2026-09-26,23,quantile,0.975,6
2026-09-19,wk inc covid hosp,1,2026-09-26,23,quantile,0.99,8
2026-09-19,wk inc covid hosp,1,2026-09-26,24,quantile,0.01,7
2026-09-19,wk inc covid hosp,1,2026-09-26,24,quantile,0.025,9
2026-09-19,wk inc covid hosp,1,2026-09-26,24,quantile,0.05,10
2026-09-19,wk inc covid hosp,1,2026-09-26,24,quantile,0.1,12
2026-09-19,wk inc covid hosp,1,2026-09-26,24,quantile,0.15,13
2026-09-19,wk inc covid hosp,1,2026-09-26,24,quantile,0.2,14
2026-09-19,wk inc covid hosp,1,2026-09-26,24,quantile,0.25,15
2026-09-19,wk inc covid hosp,1,2026-09-26,24,quantile,0.3,16
2026-09-19,wk inc covid hosp,1,2026-09-26,24,quantile,0.35,17
2026-09-19,wk inc covid hosp,1,2026-09-26,24,quantile,0.4,18
2026-09-19,wk inc covid hosp,1,2026-09-26,24,quantile,0.45,18
2026-09-19,wk inc covid hosp,1,2026-09-26,24,quantile,0.5,19
2026-09-19,wk inc covid hosp,1,2026-09-26,24,quantile,0.55,20
2026-09-19,wk inc covid hosp,1,2026-09-26,24,quantile,0.6,21
2026-09-19,wk inc covid hosp,1,2026-09-26,24,quantile,0.65,22
2026-09-19,wk inc covid hosp,1,2026-09-26,24,quantile,0.7,23
2026-09-19,wk inc covid hosp,1,2026-09-26,24,quantile,0.75,24
2026-09-19,wk inc covid hosp,1,2026-09-26,24,quantile,0.8,25
2026-09-19,wk inc covid hosp,1,2026-09-26,24,quantile,0.85,27
2026-09-19,wk inc covid hosp,1,2026-09-26,24,quantile,0.9,29
2026-09-19,wk inc covid hosp,1,2026-09-26,24,quantile,0.95,32
2026-09-19,wk inc covid hosp,1,2026-09-26,24,quantile,0.975,35
2026-09-19,wk inc covid hosp,1,2026-09-26,24,quantile,0.99,39
2026-09-19,wk inc covid hosp,1,2026-09-26,25,quantile,0.01,13.990000000000002
2026-09-19,wk inc covid hosp,1,2026-09-26,25,quantile,0.025,16
2026-09-19,wk inc covid hosp,1,2026-09-26,25,quantile,0.05,18
2026-09-19,wk inc covid hosp,1,2026-09-26,25,quantile,0.1,20
2026-09-19,wk inc covid hosp,1,2026-09-26,25,quantile,0.15,22
2026-09-19,wk inc covid hosp,1,2026-09-26,25,quantile,0.2,24
2026-09-19,wk inc covid hosp,1,2026-09-26,25,quantile,0.25,25
2026-09-19,wk inc covid hosp,1,2026-09-26,25,quantile,0.3,27
2026-09-19,wk inc covid hosp,1,2026-09-26,25,quantile,0.35,28
2026-09-19,wk inc covid hosp,1,2026-09-26,25,quantile,0.4,29
2026-09-19,wk inc covid hosp,1,2026-09-26,25,quantile,0.45,30
2026-09-19,wk inc covid hosp,1,2026-09-26,25,quantile,0.5,31
2026-09-19,wk inc covid hosp,1,2026-09-26,25,quantile,0.55,33
2026-09-19,wk inc covid hosp,1,2026-09-26,25,quantile,0.6,34
2026-09-19,wk inc covid hosp,1,2026-09-26,25,quantile,0.65,35
2026-09-19,wk inc covid hosp,1,2026-09-26,25,quantile,0.7,37
2026-09-19,wk inc covid hosp,1,2026-09-26,25,quantile,0.75,39
2026-09-19,wk inc covid hosp,1,2026-09-26,25,quantile,0.8,41
2026-09-19,wk inc covid hosp,1,2026-09-26,25,quantile,0.85,43
2026-09-19,wk inc covid hosp,1,2026-09-26,25,quantile,0.9,46
2026-09-19,wk inc covid hosp,1,2026-09-26,25,quantile,0.95,51
2026-09-19,wk inc covid hosp,1,2026-09-26,25,quantile,0.975,57
2026-09-19,wk inc covid hosp,1,2026-09-26,25,quantile,0.99,63
2026-09-19,wk inc covid hosp,1,2026-09-26,26,quantile,0.01,14
2026-09-19,wk inc covid hosp,1,2026-09-26,26,quantile,0.025,17
2026-09-19,wk inc covid hosp,1,2026-09-26,26,quantile,0.05,19
2026-09-19,wk inc covid hosp,1,2026-09-26,26,quantile,0.1,22
2026-09-19,wk inc covid hosp,1,2026-09-26,26,quantile,0.15,24
2026-09-19,wk inc covid hosp,1,2026-09-26,26,quantile,0.2,26
2026-09-19,wk inc covid hosp,1,2026-09-26,26,quantile,0.25,28
2026-09-19,wk inc covid hosp,1,2026-09-26,26,quantile,0.3,29
2026-09-19,wk inc covid hosp,1,2026-09-26,26,quantile,0.35,30
2026-09-19,wk inc covid hosp,1,2026-09-26,26,quantile,0.4,32
2026-09-19,wk inc covid hosp,1,2026-09-26,26,quantile,0.45,34
2026-09-19,wk inc covid hosp,1,2026-09-26,26,quantile,0.5,35
2026-09-19,wk inc covid hosp,1,2026-09-26,26,quantile,0.55,36
2026-09-19,wk inc covid hosp,1,2026-09-26,26,quantile,0.6,38
2026-09-19,wk inc covid hosp,1,2026-09-26,26,quantile,0.65,39
2026-09-19,wk inc covid hosp,1,2026-09-26,26,quantile,0.7,41
2026-09-19,wk inc covid hosp,1,2026-09-26,26,quantile,0.75,43
2026-09-19,wk inc covid hosp,1,2026-09-26,26,quantile,0.8,45
2026-09-19,wk inc covid hosp,1,2026-09-26,26,quantile,0.85,48
2026-09-19,wk inc covid hosp,1,2026-09-26,26,quantile,0.9,51
2026-09-19,wk inc covid hosp,1,2026-09-26,26,quantile,0.95,58
2026-09-19,wk inc covid hosp,1,2026-09-26,26,quantile,0.975,63
2026-09-19,wk inc covid hosp,1,2026-09-26,26,quantile,0.99,71
2026-09-19,wk inc covid hosp,1,2026-09-26,27,quantile,0.01,7
2026-09-19,wk inc covid hosp,1,2026-09-26,27,quantile,0.025,9
2026-09-19,wk inc covid hosp,1,2026-09-26,27,quantile,0.05,10
2026-09-19,wk inc covid hosp,1,2026-09-26,27,quantile,0.1,12
2026-09-19,wk inc covid hosp,1,2026-09-26,27,quantile,0.15,14
2026-09-19,wk inc covid hosp,1,2026-09-26,27,quantile,0.2,15
2026-09-19,wk inc covid hosp,1,2026-09-26,27,quantile,0.25,16
2026-09-19,wk inc covid hosp,1,2026-09-26,27,quantile,0.3,17
2026-09-19,wk inc covid hosp,1,2026-09-26,27,quantile,0.35,18
2026-09-19,wk inc covid hosp,1,2026-09-26,27,quantile,0.4,19
2026-09-19,wk inc covid hosp,1,2026-09-26,27,quantile,0.45,20
2026-09-19,wk inc covid hosp,1,2026-09-26,27,quantile,0.5,21
2026-09-19,wk inc covid hosp,1,2026-09-26,27,quantile,0.55,21
2026-09-19,wk inc covid hosp,1,2026-09-26,27,quantile,0.6,22
2026-09-19,wk inc covid hosp,1,2026-09-26,27,quantile,0.65,23
2026-09-19,wk inc covid hosp,1,2026-09-26,27,quantile,0.7,24
2026-09-19,wk inc covid hosp,1,2026-09-26,27,quantile,0.75,26
2026-09-19,wk inc covid hosp,1,2026-09-26,27,quantile,0.8,27
2026-09-19,wk inc covid hosp,1,2026-09-26,27,quantile,0.85,29
2026-09-19,wk inc covid hosp,1,2026-09-26,27,quantile,0.9,31
2026-09-19,wk inc covid hosp,1,2026-09-26,27,quantile,0.95,35
2026-09-19,wk inc covid hosp,1,2026-09-26,27,quantile,0.975,38
2026-09-19,wk inc covid hosp,1,2026-09-26,27,quantile,0.99,43
2026-09-19,wk inc covid hosp,1,2026-09-26,28,quantile,0.01,15
2026-09-19,wk inc covid hosp,1,2026-09-26,28,quantile,0.025,17
2026-09-19,wk inc covid hosp,1,2026-09-26,28,quantile,0.05,19
2026-09-19,wk inc covid hosp,1,2026-09-26,28,quantile,0.1,22
2026-09-19,wk inc covid hosp,1,2026-09-26,28,quantile,0.15,24
2026-09-19,wk inc covid hosp,1,2026-09-26,28,quantile,0.2,25
2026-09-19,wk inc covid hosp,1,2026-09-26,28,quantile,0.25,27
2026-09-19,wk inc covid hosp,1,2026-09-26,28,quantile,0.3,28
2026-09-19,wk inc covid hosp,1,2026-09-26,28,quantile,0.35,30
2026-09-19,wk inc covid hosp,1,2026-09-26,28,quantile,0.4,31
2026-09-19,wk inc covid hosp,1,2026-09-26,28,quantile,0.45,32
2026-09-19,wk inc covid hosp,1,2026-09-26,28,quantile,0.5,34
2026-09-19,wk inc covid hosp,1,2026-09-26,28,quantile,0.55,35
2026-09-19,wk inc covid hosp,1,2026-09-26,28,quantile,0.6,36
2026-09-19,wk inc covid hosp,1,2026-09-26,28,quantile,0.65,38
2026-09-19,wk inc covid hosp,1,2026-09-26,28,quantile,0.7,39
2026-09-19,wk inc covid hosp,1,2026-09-26,28,quantile,0.75,41
2026-09-19,wk inc covid hosp,1,2026-09-26,28,quantile,0.8,43
2026-09-19,wk inc covid hosp,1,2026-09-26,28,quantile,0.85,46
2026-09-19,wk inc covid hosp,1,2026-09-26,28,quantile,0.9,50
2026-09-19,wk inc covid hosp,1,2026-09-26,28,quantile,0.95,55
2026-09-19,wk inc covid hosp,1,2026-09-26,28,quantile,0.975,59
2026-09-19,wk inc covid hosp,1,2026-09-26,28,quantile,0.99,65.01000000000022
2026-09-19,wk inc covid hosp,1,2026-09-26,29,quantile,0.01,19
2026-09-19,wk inc covid hosp,1,2026-09-26,29,quantile,0.025,22
2026-09-19,wk inc covid hosp,1,2026-09-26,29,quantile,0.05,25
2026-09-19,wk inc covid hosp,1,2026-09-26,29,quantile,0.1,28
2026-09-19,wk inc covid hosp,1,2026-09-26,29,quantile,0.15,30
2026-09-19,wk inc covid hosp,1,2026-09-26,29,quantile,0.2,32
2026-09-19,wk inc covid hosp,1,2026-09-26,29,quantile,0.25,33
2026-09-19,wk inc covid hosp,1,2026-09-26,29,quantile,0.3,35
2026-09-19,wk inc covid hosp,1,2026-09-26,29,quantile,0.35,36
2026-09-19,wk inc covid hosp,1,2026-09-26,29,quantile,0.4,37
2026-09-19,wk inc covid hosp,1,2026-09-26,29,quantile,0.45,39
2026-09-19,wk inc covid hosp,1,2026-09-26,29,quantile,0.5,40
2026-09-19,wk inc covid hosp,1,2026-09-26,29,quantile,0.55,41
2026-09-19,wk inc covid hosp,1,2026-09-26,29,quantile,0.6,43
2026-09-19,wk inc covid hosp,1,2026-09-26,29,quantile,0.65,44
2026-09-19,wk inc covid hosp,1,2026-09-26,29,quantile,0.7,46
2026-09-19,wk inc covid hosp,1,2026-09-26,29,quantile,0.75,48
2026-09-19,wk inc covid hosp,1,2026-09-26,29,quantile,0.8,50
2026-09-19,wk inc covid hosp,1,2026-09-26,29,quantile,0.85,53
2026-09-19,wk inc covid hosp,1,2026-09-26,29,quantile,0.9,56
2026-09-19,wk inc covid hosp,1,2026-09-26,29,quantile,0.95,61
2026-09-19,wk inc covid hosp,1,2026-09-26,29,quantile,0.975,66
2026-09-19,wk inc covid hosp,1,2026-09-26,29,quantile,0.99,73
2026-09-19,wk inc covid hosp,1,2026-09-26,30,quantile,0.01,1
2026-09-19,wk inc covid hosp,1,2026-09-26,30,quantile,0.025,1
2026-09-19,wk inc covid hosp,1,2026-09-26,30,quantile,0.05,2
2026-09-19,wk inc covid hosp,1,2026-09-26,30,quantile,0.1,3
2026-09-19,wk inc covid hosp,1,2026-09-26,30,quantile,0.15,3
2026-09-19,wk inc covid hosp,1,2026-09-26,30,quantile,0.2,4
2026-09-19,wk inc covid hosp,1,2026-09-26,30,quantile,0.25,4
2026-09-19,wk inc covid hosp,1,2026-09-26,30,quantile,0.3,4
2026-09-19,wk inc covid hosp,1,2026-09-26,30,quantile,0.35,5
2026-09-19,wk inc covid hosp,1,2026-09-26,30,quantile,0.4,5
2026-09-19,wk inc covid hosp,1,2026-09-26,30,quantile,0.45,6
2026-09-19,wk inc covid hosp,1,2026-09-26,30,quantile,0.5,6
2026-09-19,wk inc covid hosp,1,2026-09-26,30,quantile,0.55,6
2026-09-19,wk inc covid hosp,1,2026-09-26,30,quantile,0.6,7
2026-09-19,wk inc covid hosp,1,2026-09-26,30,quantile,0.65,7
2026-09-19,wk inc covid hosp,1,2026-09-26,30,quantile,0.7,8
2026-09-19,wk inc covid hosp,1,2026-09-26,30,quantile,0.75,8
2026-09-19,wk inc covid hosp,1,2026-09-26,30,quantile,0.8,9
2026-09-19,wk inc covid hosp,1,2026-09-26,30,quantile,0.85,10
2026-09-19,wk inc covid hosp,1,2026-09-26,30,quantile,0.9,11
2026-09-19,wk inc covid hosp,1,2026-09-26,30,quantile,0.95,12
2026-09-19,wk inc covid hosp,1,2026-09-26,30,quantile,0.975,14
2026-09-19,wk inc covid hosp,1,2026-09-26,30,quantile,0.99,16
2026-09-19,wk inc covid hosp,1,2026-09-26,31,quantile,0.01,1
2026-09-19,wk inc covid hosp,1,2026-09-26,31,quantile,0.025,2
2026-09-19,wk inc covid hosp,1,2026-09-26,31,quantile,0.05,2
2026-09-19,wk inc covid hosp,1,2026-09-26,31,quantile,0.1,3
2026-09-19,wk inc covid hosp,1,2026-09-26,31,quantile,0.15,4
2026-09-19,wk inc covid hosp,1,2026-09-26,31,quantile,0.2,4
2026-09-19,wk inc covid hosp,1,2026-09-26,31,quantile,0.25,5
2026-09-19,wk inc covid hosp,1,2026-09-26,31,quantile,0.3,5
2026-09-19,wk inc covid hosp,1,2026-09-26,31,quantile,0.35,5
2026-09-19,wk inc covid hosp,1,2026-09-26,31,quantile,0.4,6
2026-09-19,wk inc covid hosp,1,2026-09-26,31,quantile,0.45,6
2026-09-19,wk inc covid hosp,1,2026-09-26,31,quantile,0.5,7
2026-09-19,wk inc covid hosp,1,2026-09-26,31,quantile,0.55,7
2026-09-19,wk inc covid hosp,1,2026-09-26,31,quantile,0.6,7
2026-09-19,wk inc covid hosp,1,2026-09-26,31,quantile,0.65,8
2026-09-19,wk inc covid hosp,1,2026-09-26,31,quantile,0.7,8
2026-09-19,wk inc covid hosp,1,2026-09-26,31,quantile,0.75,9
2026-09-19,wk inc covid hosp,1,2026-09-26,31,quantile,0.8,10
2026-09-19,wk inc covid hosp,1,2026-09-26,31,quantile,0.85,10
2026-09-19,wk inc covid hosp,1,2026-09-26,31,quantile,0.9,11
2026-09-19,wk inc covid hosp,1,2026-09-26,31,quantile,0.95,13
2026-09-19,wk inc covid hosp,1,2026-09-26,31,quantile,0.975,15
2026-09-19,wk inc covid hosp,1,2026-09-26,31,quantile,0.99,16
2026-09-19,wk inc covid hosp,1,2026-09-26,32,quantile,0.01,14
2026-09-19,wk inc covid hosp,1,2026-09-26,32,quantile,0.025,17
2026-09-19,wk inc covid hosp,1,2026-09-26,32,quantile,0.05,19
2026-09-19,wk inc covid hosp,1,2026-09-26,32,quantile,0.1,22
2026-09-19,wk inc covid hosp,1,2026-09-26,32,quantile,0.15,24
2026-09-19,wk inc covid hosp,1,2026-09-26,32,quantile,0.2,25
2026-09-19,wk inc covid hosp,1,2026-09-26,32,quantile,0.25,26
2026-09-19,wk inc covid hosp,1,2026-09-26,32,quantile,0.3,28
2026-09-19,wk inc covid hosp,1,2026-09-26,32,quantile,0.35,29
2026-09-19,wk inc covid hosp,1,2026-09-26,32,quantile,0.4,30
2026-09-19,wk inc covid hosp,1,2026-09-26,32,quantile,0.45,32
2026-09-19,wk inc covid hosp,1,2026-09-26,32,quantile,0.5,33
2026-09-19,wk inc covid hosp,1,2026-09-26,32,quantile,0.55,34
2026-09-19,wk inc covid hosp,1,2026-09-26,32,quantile,0.6,35
2026-09-19,wk inc covid hosp,1,2026-09-26,32,quantile,0.65,37
2026-09-19,wk inc covid hosp,1,2026-09-26,32,quantile,0.7,38
2026-09-19,wk inc covid hosp,1,2026-09-26,32,quantile,0.75,40
2026-09-19,wk inc covid hosp,1,2026-09-26,32,quantile,0.8,42
2026-09-19,wk inc covid hosp,1,2026-09-26,32,quantile,0.85,45
2026-09-19,wk inc covid hosp,1,2026-09-26,32,quantile,0.9,48
2026-09-19,wk inc covid hosp,1,2026-09-26,32,quantile,0.95,52
2026-09-19,wk inc covid hosp,1,2026-09-26,32,quantile,0.975,57
2026-09-19,wk inc covid hosp,1,2026-09-26,32,quantile,0.99,63
2026-09-19,wk inc covid hosp,1,2026-09-26,33,quantile,0.01,1
2026-09-19,wk inc covid hosp,1,2026-09-26,33,quantile,0.025,1
2026-09-19,wk inc covid hosp,1,2026-09-26,33,quantile,0.05,2
2026-09-19,wk inc covid hosp,1,2026-09-26,33,quantile,0.1,3
2026-09-19,wk inc covid hosp,1,2026-09-26,33,quantile,0.15,3
2026-09-19,wk inc covid hosp,1,2026-09-26,33,quantile,0.2,3
2026-09-19,wk inc covid hosp,1,2026-09-26,33,quantile,0.25,4
2026-09-19,wk inc covid hosp,1,2026-09-26,33,quantile,0.3,4
2026-09-19,wk inc covid hosp,1,2026-09-26,33,quantile,0.35,5
2026-09-19,wk inc covid hosp,1,2026-09-26,33,quantile,0.4,5
2026-09-19,wk inc covid hosp,1,2026-09-26,33,quantile,0.45,6
2026-09-19,wk inc covid hosp,1,2026-09-26,33,quantile,0.5,6
2026-09-19,wk inc covid hosp,1,2026-09-26,33,quantile,0.55,6
2026-09-19,wk inc covid hosp,1,2026-09-26,33,quantile,0.6,7
2026-09-19,wk inc covid hosp,1,2026-09-26,33,quantile,0.65,7
2026-09-19,wk inc covid hosp,1,2026-09-26,33,quantile,0.7,8
2026-09-19,wk inc covid hosp,1,2026-09-26,33,quantile,0.75,8
2026-09-19,wk inc covid hosp,1,2026-09-26,33,quantile,0.8,9
2026-09-19,wk inc covid hosp,1,2026-09-26,33,quantile,0.85,10
2026-09-19,wk inc covid hosp,1,2026-09-26,33,quantile,0.9,11
2026-09-19,wk inc covid hosp,1,2026-09-26,33,quantile,0.95,13
2026-09-19,wk inc covid hosp,1,2026-09-26,33,quantile,0.975,14
2026-09-19,wk inc covid hosp,1,2026-09-26,33,quantile,0.99,16
2026-09-19,wk inc covid hosp,1,2026-09-26,34,quantile,0.01,53
2026-09-19,wk inc covid hosp,1,2026-09-26,34,quantile,0.025,61
2026-09-19,wk inc covid hosp,1,2026-09-26,34,quantile,0.05,67
2026-09-19,wk inc covid hosp,1,2026-09-26,34,quantile,0.1,75
2026-09-19,wk inc covid hosp,1,2026-09-26,34,quantile,0.15,81
2026-09-19,wk inc covid hosp,1,2026-09-26,34,quantile,0.2,85
2026-09-19,wk inc covid hosp,1,2026-09-26,34,quantile,0.25,90
2026-09-19,wk inc covid hosp,1,2026-09-26,34,quantile,0.3,94
2026-09-19,wk inc covid hosp,1,2026-09-26,34,quantile,0.35,98
2026-09-19,wk inc covid hosp,1,2026-09-26,34,quantile,0.4,101
2026-09-19,wk inc covid hosp,1,2026-09-26,34,quantile,0.45,105
2026-09-19,wk inc covid hosp,1,2026-09-26,34,quantile,0.5,109
2026-09-19,wk inc covid hosp,1,2026-09-26,34,quantile,0.55,113
2026-09-19,wk inc covid hosp,1,2026-09-26,34,quantile,0.6,117
2026-09-19,wk inc covid hosp,1,2026-09-26,34,quantile,0.65,122
2026-09-19,wk inc covid hosp,1,2026-09-26,34,quantile,0.7,126
2026-09-19,wk inc covid hosp,1,2026-09-26,34,quantile,0.75,132
2026-09-19,wk inc covid hosp,1,2026-09-26,34,quantile,0.8,138
2026-09-19,wk inc covid hosp,1,2026-09-26,34,quantile,0.85,146
2026-09-19,wk inc covid hosp,1,2026-09-26,34,quantile,0.9,156
2026-09-19,wk inc covid hosp,1,2026-09-26,34,quantile,0.95,171.05000000000018
2026-09-19,wk inc covid hosp,1,2026-09-26,34,quantile,0.975,185.02499999999964
2026-09-19,wk inc covid hosp,1,2026-09-26,34,quantile,0.99,205
2026-09-19,wk inc covid hosp,1,2026-09-26,35,quantile,0.01,6
2026-09-19,wk inc covid hosp,1,2026-09-26,35,quantile,0.025,7
2026-09-19,wk inc covid hosp,1,2026-09-26,35,quantile,0.05,8
2026-09-19,wk inc covid hosp,1,2026-09-26,35,quantile,0.1,10
2026-09-19,wk inc covid hosp,1,2026-09-26,35,quantile,0.15,11
2026-09-19,wk inc covid hosp,1,2026-09-26,35,quantile,0.2,12
2026-09-19,wk inc covid hosp,1,2026-09-26,35,quantile,0.25,13
2026-09-19,wk inc covid hosp,1,2026-09-26,35,quantile,0.3,13
2026-09-19,wk inc covid hosp,1,2026-09-26,35,quantile,0.35,14
2026-09-19,wk inc covid hosp,1,2026-09-26,35,quantile,0.4,15
2026-09-19,wk inc covid hosp,1,2026-09-26,35,quantile,0.45,16
2026-09-19,wk inc covid hosp,1,2026-09-26,35,quantile,0.5,16
2026-09-19,wk inc covid hosp,1,2026-09-26,35,quantile,0.55,17
2026-09-19,wk inc covid hosp,1,2026-09-26,35,quantile,0.6,18
2026-09-19,wk inc covid hosp,1,2026-09-26,35,quantile,0.65,19
2026-09-19,wk inc covid hosp,1,2026-09-26,35,quantile,0.7,20
2026-09-19,wk inc covid hosp,1,2026-09-26,35,quantile,0.75,21
2026-09-19,wk inc covid hosp,1,2026-09-26,35,quantile,0.8,22
2026-09-19,wk inc covid hosp,1,2026-09-26,35,quantile,0.85,23
2026-09-19,wk inc covid hosp,1,2026-09-26,35,quantile,0.9,25
2026-09-19,wk inc covid hosp,1,2026-09-26,35,quantile,0.95,28
2026-09-19,wk inc covid hosp,1,2026-09-26,35,quantile,0.975,30
2026-09-19,wk inc covid hosp,1,2026-09-26,35,quantile,0.99,34
2026-09-19,wk inc covid hosp,1,2026-09-26,36,quantile,0.01,110
2026-09-19,wk inc covid hosp,1,2026-09-26,36,quantile,0.025,122
2026-09-19,wk inc covid hosp,1,2026-09-26,36,quantile,0.05,132
2026-09-19,wk inc covid hosp,1,2026-09-26,36,quantile,0.1,145
2026-09-19,wk inc covid hosp,1,2026-09-26,36,quantile,0.15,155
2026-09-19,wk inc covid hosp,1,2026-09-26,36,quantile,0.2,162
2026-09-19,wk inc covid hosp,1,2026-09-26,36,quantile,0.25,169
2026-09-19,wk inc covid hosp,1,2026-09-26,36,quantile,0.3,175
2026-09-19,wk inc covid hosp,1,2026-09-26,36,quantile,0.35,181
2026-09-19,wk inc covid hosp,1,2026-09-26,36,quantile,0.4,187
2026-09-19,wk inc covid hosp,1,2026-09-26,36,quantile,0.45,194
2026-09-19,wk inc covid hosp,1,2026-09-26,36,quantile,0.5,200
2026-09-19,wk inc covid hosp,1,2026-09-26,36,quantile,0.55,206
2026-09-19,wk inc covid hosp,1,2026-09-26,36,quantile,0.6,213
2026-09-19,wk inc covid hosp,1,2026-09-26,36,quantile,0.65,220
2026-09-19,wk inc covid hosp,1,2026-09-26,36,quantile,0.7,228
2026-09-19,wk inc covid hosp,1,2026-09-26,36,quantile,0.75,235
2026-09-19,wk inc covid hosp,1,2026-09-26,36,quantile,0.8,244
2026-09-19,wk inc covid hosp,1,2026-09-26,36,quantile,0.85,257
2026-09-19,wk inc covid hosp,1,2026-09-26,36,quantile,0.9,274
2026-09-19,wk inc covid hosp,1,2026-09-26,36,quantile,0.95,297
2026-09-19,wk inc covid hosp,1,2026-09-26,36,quantile,0.975,318
2026-09-19,wk inc covid hosp,1,2026-09-26,36,quantile,0.99,349.02000000000044
2026-09-19,wk inc covid hosp,1,2026-09-26,37,quantile,0.01,88
2026-09-19,wk inc covid hosp,1,2026-09-26,37,quantile,0.025,100
2026-09-19,wk inc covid hosp,1,2026-09-26,37,quantile,0.05,108.95000000000002
2026-09-19,wk inc covid hosp,1,2026-09-26,37,quantile,0.1,119.90000000000003
2026-09-19,wk inc covid hosp,1,2026-09-26,37,quantile,0.15,128.85000000000014
2026-09-19,wk inc covid hosp,1,2026-09-26,37,quantile,0.2,135
2026-09-19,wk inc covid hosp,1,2026-09-26,37,quantile,0.25,141
2026-09-19,wk inc covid hosp,1,2026-09-26,37,quantile,0.3,146
2026-09-19,wk inc covid hosp,1,2026-09-26,37,quantile,0.35,152
2026-09-19,wk inc covid hosp,1,2026-09-26,37,quantile,0.4,157
2026-09-19,wk inc covid hosp,1,2026-09-26,37,quantile,0.45,163
2026-09-19,wk inc covid hosp,1,2026-09-26,37,quantile,0.5,168
2026-09-19,wk inc covid hosp,1,2026-09-26,37,quantile,0.55,173
2026-09-19,wk inc covid hosp,1,2026-09-26,37,quantile,0.6,178
2026-09-19,wk inc covid hosp,1,2026-09-26,37,quantile,0.65,185
2026-09-19,wk inc covid hosp,1,2026-09-26,37,quantile,0.7,191
2026-09-19,wk inc covid hosp,1,2026-09-26,37,quantile,0.75,198
2026-09-19,wk inc covid hosp,1,2026-09-26,37,quantile,0.8,206
2026-09-19,wk inc covid hosp,1,2026-09-26,37,quantile,0.85,216.15000000000055
2026-09-19,wk inc covid hosp,1,2026-09-26,37,quantile,0.9,231
2026-09-19,wk inc covid hosp,1,2026-09-26,37,quantile,0.95,255
2026-09-19,wk inc covid hosp,1,2026-09-26,37,quantile,0.975,272
2026-09-19,wk inc covid hosp,1,2026-09-26,37,quantile,0.99,297.0100000000002
2026-09-19,wk inc covid hosp,1,2026-09-26,38,quantile,0.01,0
2026-09-19,wk inc covid hosp,1,2026-09-26,38,quantile,0.025,0
2026-09-19,wk inc covid hosp,1,2026-09-26,38,quantile,0.05,0
2026-09-19,wk inc covid hosp,1,2026-09-26,38,quantile,0.1,0
2026-09-19,wk inc covid hosp,1,2026-09-26,38,quantile,0.15,1
2026-09-19,wk inc covid hosp,1,2026-09-26,38,quantile,0.2,1
2026-09-19,wk inc covid hosp,1,2026-09-26,38,quantile,0.25,1
2026-09-19,wk inc covid hosp,1,2026-09-26,38,quantile,0.3,1
2026-09-19,wk inc covid hosp,1,2026-09-26,38,quantile,0.35,2
2026-09-19,wk inc covid hosp,1,2026-09-26,38,quantile,0.4,2
2026-09-19,wk inc covid hosp,1,2026-09-26,38,quantile,0.45,2
2026-09-19,wk inc covid hosp,1,2026-09-26,38,quantile,0.5,2
2026-09-19,wk inc covid hosp,1,2026-09-26,38,quantile,0.55,3
2026-09-19,wk inc covid hosp,1,2026-09-26,38,quantile,0.6,3
2026-09-19,wk inc covid hosp,1,2026-09-26,38,quantile,0.65,3
2026-09-19,wk inc covid hosp,1,2026-09-26,38,quantile,0.7,3
2026-09-19,wk inc covid hosp,1,2026-09-26,38,quantile,0.75,4
2026-09-19,wk inc covid hosp,1,2026-09-26,38,quantile,0.8,4
2026-09-19,wk inc covid hosp,1,2026-09-26,38,quantile,0.85,4
2026-09-19,wk inc covid hosp,1,2026-09-26,38,quantile,0.9,5
2026-09-19,wk inc covid hosp,1,2026-09-26,38,quantile,0.95,6
2026-09-19,wk inc covid hosp,1,2026-09-26,38,quantile,0.975,7
2026-09-19,wk inc covid hosp,1,2026-09-26,38,quantile,0.99,8
2026-09-19,wk inc covid hosp,1,2026-09-26,39,quantile,0.01,36
2026-09-19,wk inc covid hosp,1,2026-09-26,39,quantile,0.025,40
2026-09-19,wk inc covid hosp,1,2026-09-26,39,quantile,0.05,45
2026-09-19,wk inc covid hosp,1,2026-09-26,39,quantile,0.1,50
2026-09-19,wk inc covid hosp,1,2026-09-26,39,quantile,0.15,53
2026-09-19,wk inc covid hosp,1,2026-09-26,39,quantile,0.2,56
2026-09-19,wk inc covid hosp,1,2026-09-26,39,quantile,0.25,59
2026-09-19,wk inc covid hosp,1,2026-09-26,39,quantile,0.3,62
2026-09-19,wk inc covid hosp,1,2026-09-26,39,quantile,0.35,64
2026-09-19,wk inc covid hosp,1,2026-09-26,39,quantile,0.4,67
2026-09-19,wk inc covid hosp,1,2026-09-26,39,quantile,0.45,69
2026-09-19,wk inc covid hosp,1,2026-09-26,39,quantile,0.5,71
2026-09-19,wk inc covid hosp,1,2026-09-26,39,quantile,0.55,74
2026-09-19,wk inc covid hosp,1,2026-09-26,39,quantile,0.6,76
2026-09-19,wk inc covid hosp,1,2026-09-26,39,quantile,0.65,79
2026-09-19,wk inc covid hosp,1,2026-09-26,39,quantile,0.7,82
2026-09-19,wk inc covid hosp,1,2026-09-26,39,quantile,0.75,85
2026-09-19,wk inc covid hosp,1,2026-09-26,39,quantile,0.8,89
2026-09-19,wk inc covid hosp,1,2026-09-26,39,quantile,0.85,93
2026-09-19,wk inc covid hosp,1,2026-09-26,39,quantile,0.9,99
2026-09-19,wk inc covid hosp,1,2026-09-26,39,quantile,0.95,109
2026-09-19,wk inc covid hosp,1,2026-09-26,39,quantile,0.975,118.02499999999964
2026-09-19,wk inc covid hosp,1,2026-09-26,39,quantile,0.99,130.01000000000022
2026-09-19,wk inc covid hosp,1,2026-09-26,40,quantile,0.01,10
2026-09-19,wk inc covid hosp,1,2026-09-26,40,quantile,0.025,12
2026-09-19,wk inc covid hosp,1,2026-09-26,40,quantile,0.05,14
2026-09-19,wk inc covid hosp,1,2026-09-26,40,quantile,0.1,16
2026-09-19,wk inc covid hosp,1,2026-09-26,40,quantile,0.15,17
2026-09-19,wk inc covid hosp,1,2026-09-26,40,quantile,0.2,19
2026-09-19,wk inc covid hosp,1,2026-09-26,40,quantile,0.25,20
2026-09-19,wk inc covid hosp,1,2026-09-26,40,quantile,0.3,21
2026-09-19,wk inc covid hosp,1,2026-09-26,40,quantile,0.35,22
2026-09-19,wk inc covid hosp,1,2026-09-26,40,quantile,0.4,23
2026-09-19,wk inc covid hosp,1,2026-09-26,40,quantile,0.45,24
2026-09-19,wk inc covid hosp,1,2026-09-26,40,quantile,0.5,25
2026-09-19,wk inc covid hosp,1,2026-09-26,40,quantile,0.55,26
2026-09-19,wk inc covid hosp,1,2026-09-26,40,quantile,0.6,27
2026-09-19,wk inc covid hosp,1,2026-09-26,40,quantile,0.65,28
2026-09-19,wk inc covid hosp,1,2026-09-26,40,quantile,0.7,29
2026-09-19,wk inc covid hosp,1,2026-09-26,40,quantile,0.75,31
2026-09-19,wk inc covid hosp,1,2026-09-26,40,quantile,0.8,32
2026-09-19,wk inc covid hosp,1,2026-09-26,40,quantile,0.85,34
2026-09-19,wk inc covid hosp,1,2026-09-26,40,quantile,0.9,36.100000000000364
2026-09-19,wk inc covid hosp,1,2026-09-26,40,quantile,0.95,41
2026-09-19,wk inc covid hosp,1,2026-09-26,40,quantile,0.975,45
2026-09-19,wk inc covid hosp,1,2026-09-26,40,quantile,0.99,49
2026-09-19,wk inc covid hosp,1,2026-09-26,41,quantile,0.01,8
2026-09-19,wk inc covid hosp,1,2026-09-26,41,quantile,0.025,10
2026-09-19,wk inc covid hosp,1,2026-09-26,41,quantile,0.05,11
2026-09-19,wk inc covid hosp,1,2026-09-26,41,quantile,0.1,13
2026-09-19,wk inc covid hosp,1,2026-09-26,41,quantile,0.15,15
2026-09-19,wk inc covid hosp,1,2026-09-26,41,quantile,0.2,16
2026-09-19,wk inc covid hosp,1,2026-09-26,41,quantile,0.25,17
2026-09-19,wk inc covid hosp,1,2026-09-26,41,quantile,0.3,18
2026-09-19,wk inc covid hosp,1,2026-09-26,41,quantile,0.35,19
2026-09-19,wk inc covid hosp,1,2026-09-26,41,quantile,0.4,20
2026-09-19,wk inc covid hosp,1,2026-09-26,41,quantile,0.45,21
2026-09-19,wk inc covid hosp,1,2026-09-26,41,quantile,0.5,22
2026-09-19,wk inc covid hosp,1,2026-09-26,41,quantile,0.55,23
2026-09-19,wk inc covid hosp,1,2026-09-26,41,quantile,0.6,24
2026-09-19,wk inc covid hosp,1,2026-09-26,41,quantile,0.65,25
2026-09-19,wk inc covid hosp,1,2026-09-26,41,quantile,0.7,26
2026-09-19,wk inc covid hosp,1,2026-09-26,41,quantile,0.75,27
2026-09-19,wk inc covid hosp,1,2026-09-26,41,quantile,0.8,29
2026-09-19,wk inc covid hosp,1,2026-09-26,41,quantile,0.85,31
2026-09-19,wk inc covid hosp,1,2026-09-26,41,quantile,0.9,33
2026-09-19,wk inc covid hosp,1,2026-09-26,41,quantile,0.95,37
2026-09-19,wk inc covid hosp,1,2026-09-26,41,quantile,0.975,41
2026-09-19,wk inc covid hosp,1,2026-09-26,41,quantile,0.99,45
2026-09-19,wk inc covid hosp,1,2026-09-26,42,quantile,0.01,68
2026-09-19,wk inc covid hosp,1,2026-09-26,42,quantile,0.025,74.97500000000001
2026-09-19,wk inc covid hosp,1,2026-09-26,42,quantile,0.05,81
2026-09-19,wk inc covid hosp,1,2026-09-26,42,quantile,0.1,90
2026-09-19,wk inc covid hosp,1,2026-09-26,42,quantile,0.15,96
2026-09-19,wk inc covid hosp,1,2026-09-26,42,quantile,0.2,100
2026-09-19,wk inc covid hosp,1,2026-09-26,42,quantile,0.25,105
2026-09-19,wk inc covid hosp,1,2026-09-26,42,quantile,0.3,108
2026-09-19,wk inc covid hosp,1,2026-09-26,42,quantile,0.35,112
2026-09-19,wk inc covid hosp,1,2026-09-26,42,quantile,0.4,116
2026-09-19,wk inc covid hosp,1,2026-09-26,42,quantile,0.45,119.55000000000018
2026-09-19,wk inc covid hosp,1,2026-09-26,42,quantile,0.5,123
2026-09-19,wk inc covid hosp,1,2026-09-26,42,quantile,0.55,127
2026-09-19,wk inc covid hosp,1,2026-09-26,42,quantile,0.6,130.40000000000055
2026-09-19,wk inc covid hosp,1,2026-09-26,42,quantile,0.65,135
2026-09-19,wk inc covid hosp,1,2026-09-26,42,quantile,0.7,140
2026-09-19,wk inc covid hosp,1,2026-09-26,42,quantile,0.75,145
2026-09-19,wk inc covid hosp,1,2026-09-26,42,quantile,0.8,151
2026-09-19,wk inc covid hosp,1,2026-09-26,42,quantile,0.85,158
2026-09-19,wk inc covid hosp,1,2026-09-26,42,quantile,0.9,167
2026-09-19,wk inc covid hosp,1,2026-09-26,42,quantile,0.95,182
2026-09-19,wk inc covid hosp,1,2026-09-26,42,quantile,0.975,197
2026-09-19,wk inc covid hosp,1,2026-09-26,42,quantile,0.99,217
2026-09-19,wk inc covid hosp,1,2026-09-26,44,quantile,0.01,1
2026-09-19,wk inc covid hosp,1,2026-09-26,44,quantile,0.025,1
2026-09-19,wk inc covid hosp,1,2026-09-26,44,quantile,0.05,2
2026-09-19,wk inc covid hosp,1,2026-09-26,44,quantile,0.1,3
2026-09-19,wk inc covid hosp,1,2026-09-26,44,quantile,0.15,3
2026-09-19,wk inc covid hosp,1,2026-09-26,44,quantile,0.2,4
2026-09-19,wk inc covid hosp,1,2026-09-26,44,quantile,0.25,4
2026-09-19,wk inc covid hosp,1,2026-09-26,44,quantile,0.3,4
2026-09-19,wk inc covid hosp,1,2026-09-26,44,quantile,0.35,5
2026-09-19,wk inc covid hosp,1,2026-09-26,44,quantile,0.4,5
2026-09-19,wk inc covid hosp,1,2026-09-26,44,quantile,0.45,6
2026-09-19,wk inc covid hosp,1,2026-09-26,44,quantile,0.5,6
2026-09-19,wk inc covid hosp,1,2026-09-26,44,quantile,0.55,6
2026-09-19,wk inc covid hosp,1,2026-09-26,44,quantile,0.6,7
2026-09-19,wk inc covid hosp,1,2026-09-26,44,quantile,0.65,7
2026-09-19,wk inc covid hosp,1,2026-09-26,44,quantile,0.7,8
2026-09-19,wk inc covid hosp,1,2026-09-26,44,quantile,0.75,8
2026-09-19,wk inc covid hosp,1,2026-09-26,44,quantile,0.8,9
2026-09-19,wk inc covid hosp,1,2026-09-26,44,quantile,0.85,10
2026-09-19,wk inc covid hosp,1,2026-09-26,44,quantile,0.9,11
2026-09-19,wk inc covid hosp,1,2026-09-26,44,quantile,0.95,12
2026-09-19,wk inc covid hosp,1,2026-09-26,44,quantile,0.975,14
2026-09-19,wk inc covid hosp,1,2026-09-26,44,quantile,0.99,16
2026-09-19,wk inc covid hosp,1,2026-09-26,45,quantile,0.01,34
2026-09-19,wk inc covid hosp,1,2026-09-26,45,quantile,0.025,38
2026-09-19,wk inc covid hosp,1,2026-09-26,45,quantile,0.05,43
2026-09-19,wk inc covid hosp,1,2026-09-26,45,quantile,0.1,49
2026-09-19,wk inc covid hosp,1,2026-09-26,45,quantile,0.15,52
2026-09-19,wk inc covid hosp,1,2026-09-26,45,quantile,0.2,56
2026-09-19,wk inc covid hosp,1,2026-09-26,45,quantile,0.25,59
2026-09-19,wk inc covid hosp,1,2026-09-26,45,quantile,0.3,62
2026-09-19,wk inc covid hosp,1,2026-09-26,45,quantile,0.35,65
2026-09-19,wk inc covid hosp,1,2026-09-26,45,quantile,0.4,68
2026-09-19,wk inc covid hosp,1,2026-09-26,45,quantile,0.45,70
2026-09-19,wk inc covid hosp,1,2026-09-26,45,quantile,0.5,73
2026-09-19,wk inc covid hosp,1,2026-09-26,45,quantile,0.55,76
2026-09-19,wk inc covid hosp,1,2026-09-26,45,quantile,0.6,79
2026-09-19,wk inc covid hosp,1,2026-09-26,45,quantile,0.65,82
2026-09-19,wk inc covid hosp,1,2026-09-26,45,quantile,0.7,86
2026-09-19,wk inc covid hosp,1,2026-09-26,45,quantile,0.75,89
2026-09-19,wk inc covid hosp,1,2026-09-26,45,quantile,0.8,94
2026-09-19,wk inc covid hosp,1,2026-09-26,45,quantile,0.85,100
2026-09-19,wk inc covid hosp,1,2026-09-26,45,quantile,0.9,108
2026-09-19,wk inc covid hosp,1,2026-09-26,45,quantile,0.95,121
2026-09-19,wk inc covid hosp,1,2026-09-26,45,quantile,0.975,133
2026-09-19,wk inc covid hosp,1,2026-09-26,45,quantile,0.99,148
2026-09-19,wk inc covid hosp,1,2026-09-26,46,quantile,0.01,0
2026-09-19,wk inc covid hosp,1,2026-09-26,46,quantile,0.025,0
2026-09-19,wk inc covid hosp,1,2026-09-26,46,quantile,0.05,1
2026-09-19,wk inc covid hosp,1,2026-09-26,46,quantile,0.1,1
2026-09-19,wk inc covid hosp,1,2026-09-26,46,quantile,0.15,2
2026-09-19,wk inc covid hosp,1,2026-09-26,46,quantile,0.2,2
2026-09-19,wk inc covid hosp,1,2026-09-26,46,quantile,0.25,2
2026-09-19,wk inc covid hosp,1,2026-09-26,46,quantile,0.3,3
2026-09-19,wk inc covid hosp,1,2026-09-26,46,quantile,0.35,3
2026-09-19,wk inc covid hosp,1,2026-09-26,46,quantile,0.4,3
2026-09-19,wk inc covid hosp,1,2026-09-26,46,quantile,0.45,3
2026-09-19,wk inc covid hosp,1,2026-09-26,46,quantile,0.5,4
2026-09-19,wk inc covid hosp,1,2026-09-26,46,quantile,0.55,4
2026-09-19,wk inc covid hosp,1,2026-09-26,46,quantile,0.6,4
2026-09-19,wk inc covid hosp,1,2026-09-26,46,quantile,0.65,5
2026-09-19,wk inc covid hosp,1,2026-09-26,46,quantile,0.7,5
2026-09-19,wk inc covid hosp,1,2026-09-26,46,quantile,0.75,5
2026-09-19,wk inc covid hosp,1,2026-09-26,46,quantile,0.8,6
2026-09-19,wk inc covid hosp,1,2026-09-26,46,quantile,0.85,6
2026-09-19,wk inc covid hosp,1,2026-09-26,46,quantile,0.9,7
2026-09-19,wk inc covid hosp,1,2026-09-26,46,quantile,0.95,8
2026-09-19,wk inc covid hosp,1,2026-09-26,46,quantile,0.975,9
2026-09-19,wk inc covid hosp,1,2026-09-26,46,quantile,0.99,11
2026-09-19,wk inc covid hosp,1,2026-09-26,47,quantile,0.01,44
2026-09-19,wk inc covid hosp,1,2026-09-26,47,quantile,0.025,48.97500000000001
2026-09-19,wk inc covid hosp,1,2026-09-26,47,quantile,0.05,53
2026-09-19,wk inc covid hosp,1,2026-09-26,47,quantile,0.1,58
2026-09-19,wk inc covid hosp,1,2026-09-26,47,quantile,0.15,62
2026-09-19,wk inc covid hosp,1,2026-09-26,47,quantile,0.2,65
2026-09-19,wk inc covid hosp,1,2026-09-26,47,quantile,0.25,68
2026-09-19,wk inc covid hosp,1,2026-09-26,47,quantile,0.3,71
2026-09-19,wk inc covid hosp,1,2026-09-26,47,quantile,0.35,73
2026-09-19,wk inc covid hosp,1,2026-09-26,47,quantile,0.4,76
2026-09-19,wk inc covid hosp,1,2026-09-26,47,quantile,0.45,78
2026-09-19,wk inc covid hosp,1,2026-09-26,47,quantile,0.5,81
2026-09-19,wk inc covid hosp,1,2026-09-26,47,quantile,0.55,83
2026-09-19,wk inc covid hosp,1,2026-09-26,47,quantile,0.6,86
2026-09-19,wk inc covid hosp,1,2026-09-26,47,quantile,0.65,88
2026-09-19,wk inc covid hosp,1,2026-09-26,47,quantile,0.7,92
2026-09-19,wk inc covid hosp,1,2026-09-26,47,quantile,0.75,95
2026-09-19,wk inc covid hosp,1,2026-09-26,47,quantile,0.8,99
2026-09-19,wk inc covid hosp,1,2026-09-26,47,quantile,0.85,103
2026-09-19,wk inc covid hosp,1,2026-09-26,47,quantile,0.9,109
2026-09-19,wk inc covid hosp,1,2026-09-26,47,quantile,0.95,118
2026-09-19,wk inc covid hosp,1,2026-09-26,47,quantile,0.975,127
2026-09-19,wk inc covid hosp,1,2026-09-26,47,quantile,0.99,137
2026-09-19,wk inc covid hosp,1,2026-09-26,48,quantile,0.01,270
2026-09-19,wk inc covid hosp,1,2026-09-26,48,quantile,0.025,296
2026-09-19,wk inc covid hosp,1,2026-09-26,48,quantile,0.05,320
2026-09-19,wk inc covid hosp,1,2026-09-26,48,quantile,0.1,351
2026-09-19,wk inc covid hosp,1,2026-09-26,48,quantile,0.15,374
2026-09-19,wk inc covid hosp,1,2026-09-26,48,quantile,0.2,391
2026-09-19,wk inc covid hosp,1,2026-09-26,48,quantile,0.25,407
2026-09-19,wk inc covid hosp,1,2026-09-26,48,quantile,0.3,422
2026-09-19,wk inc covid hosp,1,2026-09-26,48,quantile,0.35,437
2026-09-19,wk inc covid hosp,1,2026-09-26,48,quantile,0.4,453
2026-09-19,wk inc covid hosp,1,2026-09-26,48,quantile,0.45,467
2026-09-19,wk inc covid hosp,1,2026-09-26,48,quantile,0.5,481
2026-09-19,wk inc covid hosp,1,2026-09-26,48,quantile,0.55,495
2026-09-19,wk inc covid hosp,1,2026-09-26,48,quantile,0.6,512
2026-09-19,wk inc covid hosp,1,2026-09-26,48,quantile,0.65,530
2026-09-19,wk inc covid hosp,1,2026-09-26,48,quantile,0.7,548
2026-09-19,wk inc covid hosp,1,2026-09-26,48,quantile,0.75,570
2026-09-19,wk inc covid hosp,1,2026-09-26,48,quantile,0.8,592
2026-09-19,wk inc covid hosp,1,2026-09-26,48,quantile,0.85,618
2026-09-19,wk inc covid hosp,1,2026-09-26,48,quantile,0.9,658
2026-09-19,wk inc covid hosp,1,2026-09-26,48,quantile,0.95,719
2026-09-19,wk inc covid hosp,1,2026-09-26,48,quantile,0.975,778.0249999999996
2026-09-19,wk inc covid hosp,1,2026-09-26,48,quantile,0.99,843.0200000000004
2026-09-19,wk inc covid hosp,1,2026-09-26,49,quantile,0.01,4
2026-09-19,wk inc covid hosp,1,2026-09-26,49,quantile,0.025,5
2026-09-19,wk inc covid hosp,1,2026-09-26,49,quantile,0.05,6
2026-09-19,wk inc covid hosp,1,2026-09-26,49,quantile,0.1,8
2026-09-19,wk inc covid hosp,1,2026-09-26,49,quantile,0.15,9
2026-09-19,wk inc covid hosp,1,2026-09-26,49,quantile,0.2,9
2026-09-19,wk inc covid hosp,1,2026-09-26,49,quantile,0.25,10
2026-09-19,wk inc covid hosp,1,2026-09-26,49,quantile,0.3,11
2026-09-19,wk inc covid hosp,1,2026-09-26,49,quantile,0.35,11
2026-09-19,wk inc covid hosp,1,2026-09-26,49,quantile,0.4,12
2026-09-19,wk inc covid hosp,1,2026-09-26,49,quantile,0.45,13
2026-09-19,wk inc covid hosp,1,2026-09-26,49,quantile,0.5,13
2026-09-19,wk inc covid hosp,1,2026-09-26,49,quantile,0.55,14
2026-09-19,wk inc covid hosp,1,2026-09-26,49,quantile,0.6,15
2026-09-19,wk inc covid hosp,1,2026-09-26,49,quantile,0.65,15
2026-09-19,wk inc covid hosp,1,2026-09-26,49,quantile,0.7,16
2026-09-19,wk inc covid hosp,1,2026-09-26,49,quantile,0.75,17
2026-09-19,wk inc covid hosp,1,2026-09-26,49,quantile,0.8,18
2026-09-19,wk inc covid hosp,1,2026-09-26,49,quantile,0.85,19
2026-09-19,wk inc covid hosp,1,2026-09-26,49,quantile,0.9,21
2026-09-19,wk inc covid hosp,1,2026-09-26,49,quantile,0.95,24
2026-09-19,wk inc covid hosp,1,2026-09-26,49,quantile,0.975,26
2026-09-19,wk inc covid hosp,1,2026-09-26,49,quantile,0.99,29
2026-09-19,wk inc covid hosp,1,2026-09-26,50,quantile,0.01,0
2026-09-19,wk inc covid hosp,1,2026-09-26,50,quantile,0.025,0
2026-09-19,wk inc covid hosp,1,2026-09-26,50,quantile,0.05,0
2026-09-19,wk inc covid hosp,1,2026-09-26,50,quantile,0.1,1
2026-09-19,wk inc covid hosp,1,2026-09-26,50,quantile,0.15,1
2026-09-19,wk inc covid hosp,1,2026-09-26,50,quantile,0.2,1
2026-09-19,wk inc covid hosp,1,2026-09-26,50,quantile,0.25,2
2026-09-19,wk inc covid hosp,1,2026-09-26,50,quantile,0.3,2
2026-09-19,wk inc covid hosp,1,2026-09-26,50,quantile,0.35,2
2026-09-19,wk inc covid hosp,1,2026-09-26,50,quantile,0.4,2
2026-09-19,wk inc covid hosp,1,2026-09-26,50,quantile,0.45,3
2026-09-19,wk inc covid hosp,1,2026-09-26,50,quantile,0.5,3
2026-09-19,wk inc covid hosp,1,2026-09-26,50,quantile,0.55,3
2026-09-19,wk inc covid hosp,1,2026-09-26,50,quantile,0.6,3
2026-09-19,wk inc covid hosp,1,2026-09-26,50,quantile,0.65,4
2026-09-19,wk inc covid hosp,1,2026-09-26,50,quantile,0.7,4
2026-09-19,wk inc covid hosp,1,2026-09-26,50,quantile,0.75,4
2026-09-19,wk inc covid hosp,1,2026-09-26,50,quantile,0.8,5
2026-09-19,wk inc covid hosp,1,2026-09-26,50,quantile,0.85,5
2026-09-19,wk inc covid hosp,1,2026-09-26,50,quantile,0.9,6
2026-09-19,wk inc covid hosp,1,2026-09-26,50,quantile,0.95,7
2026-09-19,wk inc covid hosp,1,2026-09-26,50,quantile,0.975,8
2026-09-19,wk inc covid hosp,1,2026-09-26,50,quantile,0.99,9
2026-09-19,wk inc covid hosp,1,2026-09-26,51,quantile,0.01,21
2026-09-19,wk inc covid hosp,1,2026-09-26,51,quantile,0.025,24
2026-09-19,wk inc covid hosp,1,2026-09-26,51,quantile,0.05,26
2026-09-19,wk inc covid hosp,1,2026-09-26,51,quantile,0.1,29
2026-09-19,wk inc covid hosp,1,2026-09-26,51,quantile,0.15,32
2026-09-19,wk inc covid hosp,1,2026-09-26,51,quantile,0.2,33
2026-09-19,wk inc covid hosp,1,2026-09-26,51,quantile,0.25,35
2026-09-19,wk inc covid hosp,1,2026-09-26,51,quantile,0.3,37
2026-09-19,wk inc covid hosp,1,2026-09-26,51,quantile,0.35,38
2026-09-19,wk inc covid hosp,1,2026-09-26,51,quantile,0.4,40
2026-09-19,wk inc covid hosp,1,2026-09-26,51,quantile,0.45,41
2026-09-19,wk inc covid hosp,1,2026-09-26,51,quantile,0.5,43
2026-09-19,wk inc covid hosp,1,2026-09-26,51,quantile,0.55,44
2026-09-19,wk inc covid hosp,1,2026-09-26,51,quantile,0.6,46
2026-09-19,wk inc covid hosp,1,2026-09-26,51,quantile,0.65,48
2026-09-19,wk inc covid hosp,1,2026-09-26,51,quantile,0.7,49
2026-09-19,wk inc covid hosp,1,2026-09-26,51,quantile,0.75,52
2026-09-19,wk inc covid hosp,1,2026-09-26,51,quantile,0.8,54
2026-09-19,wk inc covid hosp,1,2026-09-26,51,quantile,0.85,57
2026-09-19,wk inc covid hosp,1,2026-09-26,51,quantile,0.9,60
2026-09-19,wk inc covid hosp,1,2026-09-26,51,quantile,0.95,66
2026-09-19,wk inc covid hosp,1,2026-09-26,51,quantile,0.975,72
2026-09-19,wk inc covid hosp,1,2026-09-26,51,quantile,0.99,77
2026-09-19,wk inc covid hosp,1,2026-09-26,53,quantile,0.01,40
2026-09-19,wk inc covid hosp,1,2026-09-26,53,quantile,0.025,47
2026-09-19,wk inc covid hosp,1,2026-09-26,53,quantile,0.05,52
2026-09-19,wk inc covid hosp,1,2026-09-26,53,quantile,0.1,57
2026-09-19,wk inc covid hosp,1,2026-09-26,53,quantile,0.15,62
2026-09-19,wk inc covid hosp,1,2026-09-26,53,quantile,0.2,66
2026-09-19,wk inc covid hosp,1,2026-09-26,53,quantile,0.25,69
2026-09-19,wk inc covid hosp,1,2026-09-26,53,quantile,0.3,73
2026-09-19,wk inc covid hosp,1,2026-09-26,53,quantile,0.35,76
2026-09-19,wk inc covid hosp,1,2026-09-26,53,quantile,0.4,79
2026-09-19,wk inc covid hosp,1,2026-09-26,53,quantile,0.45,83
2026-09-19,wk inc covid hosp,1,2026-09-26,53,quantile,0.5,86
2026-09-19,wk inc covid hosp,1,2026-09-26,53,quantile,0.55,89
2026-09-19,wk inc covid hosp,1,2026-09-26,53,quantile,0.6,93
2026-09-19,wk inc covid hosp,1,2026-09-26,53,quantile,0.65,97
2026-09-19,wk inc covid hosp,1,2026-09-26,53,quantile,0.7,102
2026-09-19,wk inc covid hosp,1,2026-09-26,53,quantile,0.75,107
2026-09-19,wk inc covid hosp,1,2026-09-26,53,quantile,0.8,112
2026-09-19,wk inc covid hosp,1,2026-09-26,53,quantile,0.85,119
2026-09-19,wk inc covid hosp,1,2026-09-26,53,quantile,0.9,128
2026-09-19,wk inc covid hosp,1,2026-09-26,53,quantile,0.95,143
2026-09-19,wk inc covid hosp,1,2026-09-26,53,quantile,0.975,155
2026-09-19,wk inc covid hosp,1,2026-09-26,53,quantile,0.99,174
2026-09-19,wk inc covid hosp,1,2026-09-26,54,quantile,0.01,2
2026-09-19,wk inc covid hosp,1,2026-09-26,54,quantile,0.025,3
2026-09-19,wk inc covid hosp,1,2026-09-26,54,quantile,0.05,3
2026-09-19,wk inc covid hosp,1,2026-09-26,54,quantile,0.1,4
2026-09-19,wk inc covid hosp,1,2026-09-26,54,quantile,0.15,5
2026-09-19,wk inc covid hosp,1,2026-09-26,54,quantile,0.2,6
2026-09-19,wk inc covid hosp,1,2026-09-26,54,quantile,0.25,6
2026-09-19,wk inc covid hosp,1,2026-09-26,54,quantile,0.3,7
2026-09-19,wk inc covid hosp,1,2026-09-26,54,quantile,0.35,7
2026-09-19,wk inc covid hosp,1,2026-09-26,54,quantile,0.4,8
2026-09-19,wk inc covid hosp,1,2026-09-26,54,quantile,0.45,8
2026-09-19,wk inc covid hosp,1,2026-09-26,54,quantile,0.5,9
2026-09-19,wk inc covid hosp,1,2026-09-26,54,quantile,0.55,9
2026-09-19,wk inc covid hosp,1,2026-09-26,54,quantile,0.6,10
2026-09-19,wk inc covid hosp,1,2026-09-26,54,quantile,0.65,10
2026-09-19,wk inc covid hosp,1,2026-09-26,54,quantile,0.7,11
2026-09-19,wk inc covid hosp,1,2026-09-26,54,quantile,0.75,11
2026-09-19,wk inc covid hosp,1,2026-09-26,54,quantile,0.8,12
2026-09-19,wk inc covid hosp,1,2026-09-26,54,quantile,0.85,13
2026-09-19,wk inc covid hosp,1,2026-09-26,54,quantile,0.9,14.100000000000364
2026-09-19,wk inc covid hosp,1,2026-09-26,54,quantile,0.95,16
2026-09-19,wk inc covid hosp,1,2026-09-26,54,quantile,0.975,18
2026-09-19,wk inc covid hosp,1,2026-09-26,54,quantile,0.99,21
2026-09-19,wk inc covid hosp,1,2026-09-26,55,quantile,0.01,9
2026-09-19,wk inc covid hosp,1,2026-09-26,55,quantile,0.025,11
2026-09-19,wk inc covid hosp,1,2026-09-26,55,quantile,0.05,13
2026-09-19,wk inc covid hosp,1,2026-09-26,55,quantile,0.1,15
2026-09-19,wk inc covid hosp,1,2026-09-26,55,quantile,0.15,17
2026-09-19,wk inc covid hosp,1,2026-09-26,55,quantile,0.2,18
2026-09-19,wk inc covid hosp,1,2026-09-26,55,quantile,0.25,19
2026-09-19,wk inc covid hosp,1,2026-09-26,55,quantile,0.3,20
2026-09-19,wk inc covid hosp,1,2026-09-26,55,quantile,0.35,21
2026-09-19,wk inc covid hosp,1,2026-09-26,55,quantile,0.4,22
2026-09-19,wk inc covid hosp,1,2026-09-26,55,quantile,0.45,23
2026-09-19,wk inc covid hosp,1,2026-09-26,55,quantile,0.5,24
2026-09-19,wk inc covid hosp,1,2026-09-26,55,quantile,0.55,25
2026-09-19,wk inc covid hosp,1,2026-09-26,55,quantile,0.6,26
2026-09-19,wk inc covid hosp,1,2026-09-26,55,quantile,0.65,27
2026-09-19,wk inc covid hosp,1,2026-09-26,55,quantile,0.7,29
2026-09-19,wk inc covid hosp,1,2026-09-26,55,quantile,0.75,30
2026-09-19,wk inc covid hosp,1,2026-09-26,55,quantile,0.8,32
2026-09-19,wk inc covid hosp,1,2026-09-26,55,quantile,0.85,33
2026-09-19,wk inc covid hosp,1,2026-09-26,55,quantile,0.9,36
2026-09-19,wk inc covid hosp,1,2026-09-26,55,quantile,0.95,40
2026-09-19,wk inc covid hosp,1,2026-09-26,55,quantile,0.975,44
2026-09-19,wk inc covid hosp,1,2026-09-26,55,quantile,0.99,48.01000000000022
2026-09-19,wk inc covid hosp,1,2026-09-26,56,quantile,0.01,0
2026-09-19,wk inc covid hosp,1,2026-09-26,56,quantile,0.025,0
2026-09-19,wk inc covid hosp,1,2026-09-26,56,quantile,0.05,0
2026-09-19,wk inc covid hosp,1,2026-09-26,56,quantile,0.1,1
2026-09-19,wk inc covid hosp,1,2026-09-26,56,quantile,0.15,1
2026-09-19,wk inc covid hosp,1,2026-09-26,56,quantile,0.2,1
2026-09-19,wk inc covid hosp,1,2026-09-26,56,quantile,0.25,2
2026-09-19,wk inc covid hosp,1,2026-09-26,56,quantile,0.3,2
2026-09-19,wk inc covid hosp,1,2026-09-26,56,quantile,0.35,2
2026-09-19,wk inc covid hosp,1,2026-09-26,56,quantile,0.4,2
2026-09-19,wk inc covid hosp,1,2026-09-26,56,quantile,0.45,3
2026-09-19,wk inc covid hosp,1,2026-09-26,56,quantile,0.5,3
2026-09-19,wk inc covid hosp,1,2026-09-26,56,quantile,0.55,3
2026-09-19,wk inc covid hosp,1,2026-09-26,56,quantile,0.6,4
2026-09-19,wk inc covid hosp,1,2026-09-26,56,quantile,0.65,4
2026-09-19,wk inc covid hosp,1,2026-09-26,56,quantile,0.7,4
2026-09-19,wk inc covid hosp,1,2026-09-26,56,quantile,0.75,4
2026-09-19,wk inc covid hosp,1,2026-09-26,56,quantile,0.8,5
2026-09-19,wk inc covid hosp,1,2026-09-26,56,quantile,0.85,5
2026-09-19,wk inc covid hosp,1,2026-09-26,56,quantile,0.9,6
2026-09-19,wk inc covid hosp,1,2026-09-26,56,quantile,0.95,7
2026-09-19,wk inc covid hosp,1,2026-09-26,56,quantile,0.975,8
2026-09-19,wk inc covid hosp,1,2026-09-26,56,quantile,0.99,9
2026-09-19,wk inc covid hosp,1,2026-09-26,72,quantile,0.01,31
2026-09-19,wk inc covid hosp,1,2026-09-26,72,quantile,0.025,37
2026-09-19,wk inc covid hosp,1,2026-09-26,72,quantile,0.05,43.95000000000002
2026-09-19,wk inc covid hosp,1,2026-09-26,72,quantile,0.1,51.900000000000034
2026-09-19,wk inc covid hosp,1,2026-09-26,72,quantile,0.15,57
2026-09-19,wk inc covid hosp,1,2026-09-26,72,quantile,0.2,63
2026-09-19,wk inc covid hosp,1,2026-09-26,72,quantile,0.25,68
2026-09-19,wk inc covid hosp,1,2026-09-26,72,quantile,0.3,72
2026-09-19,wk inc covid hosp,1,2026-09-26,72,quantile,0.35,77
2026-09-19,wk inc covid hosp,1,2026-09-26,72,quantile,0.4,82
2026-09-19,wk inc covid hosp,1,2026-09-26,72,quantile,0.45,86
2026-09-19,wk inc covid hosp,1,2026-09-26,72,quantile,0.5,91
2026-09-19,wk inc covid hosp,1,2026-09-26,72,quantile,0.55,96
2026-09-19,wk inc covid hosp,1,2026-09-26,72,quantile,0.6,102
2026-09-19,wk inc covid hosp,1,2026-09-26,72,quantile,0.65,108
2026-09-19,wk inc covid hosp,1,2026-09-26,72,quantile,0.7,115
2026-09-19,wk inc covid hosp,1,2026-09-26,72,quantile,0.75,122
2026-09-19,wk inc covid hosp,1,2026-09-26,72,quantile,0.8,131
2026-09-19,wk inc covid hosp,1,2026-09-26,72,quantile,0.85,143
2026-09-19,wk inc covid hosp,1,2026-09-26,72,quantile,0.9,159
2026-09-19,wk inc covid hosp,1,2026-09-26,72,quantile,0.95,183
2026-09-19,wk inc covid hosp,1,2026-09-26,72,quantile,0.975,207
2026-09-19,wk inc covid hosp,1,2026-09-26,72,quantile,0.99,244
2026-09-19,wk inc covid hosp,1,2026-09-26,US,quantile,0.01,2671.98
2026-09-19,wk inc covid hosp,1,2026-09-26,US,quantile,0.025,2816
2026-09-19,wk inc covid hosp,1,2026-09-26,US,quantile,0.05,2968.95
2026-09-19,wk inc covid hosp,1,2026-09-26,US,quantile,0.1,3139
2026-09-19,wk inc covid hosp,1,2026-09-26,US,quantile,0.15,3259.8500000000004
2026-09-19,wk inc covid hosp,1,2026-09-26,US,quantile,0.2,3363
2026-09-19,wk inc covid hosp,1,2026-09-26,US,quantile,0.25,3455.75
2026-09-19,wk inc covid hosp,1,2026-09-26,US,quantile,0.3,3540
2026-09-19,wk inc covid hosp,1,2026-09-26,US,quantile,0.35,3624
2026-09-19,wk inc covid hosp,1,2026-09-26,US,quantile,0.4,3702
2026-09-19,wk inc covid hosp,1,2026-09-26,US,quantile,0.45,3789
2026-09-19,wk inc covid hosp,1,2026-09-26,US,quantile,0.5,3873
2026-09-19,wk inc covid hosp,1,2026-09-26,US,quantile,0.55,3946
2026-09-19,wk inc covid hosp,1,2026-09-26,US,quantile,0.6,4024
2026-09-19,wk inc covid hosp,1,2026-09-26,US,quantile,0.65,4099
2026-09-19,wk inc covid hosp,1,2026-09-26,US,quantile,0.7,4193.3
2026-09-19,wk inc covid hosp,1,2026-09-26,US,quantile,0.75,4288
2026-09-19,wk inc covid hosp,1,2026-09-26,US,quantile,0.8,4411.200000000001
2026-09-19,wk inc covid hosp,1,2026-09-26,US,quantile,0.85,4551.1500000000005
2026-09-19,wk inc covid hosp,1,2026-09-26,US,quantile,0.9,4706.1
2026-09-19,wk inc covid hosp,1,2026-09-26,US,quantile,0.95,4984
2026-09-19,wk inc covid hosp,1,2026-09-26,US,quantile,0.975,5218.074999999999
2026-09-19,wk inc covid hosp,1,2026-09-26,US,quantile,0.99,5533.050000000001
2026-09-19,wk inc covid hosp,2,2026-10-03,01,quantile,0.01,37
2026-09-19,wk inc covid hosp,2,2026-10-03,01,quantile,0.025,42
2026-09-19,wk inc covid hosp,2,2026-10-03,01,quantile,0.05,47
2026-09-19,wk inc covid hosp,2,2026-10-03,01,quantile,0.1,54
2026-09-19,wk inc covid hosp,2,2026-10-03,01,quantile,0.15,59
2026-09-19,wk inc covid hosp,2,2026-10-03,01,quantile,0.2,63
2026-09-19,wk inc covid hosp,2,2026-10-03,01,quantile,0.25,66
2026-09-19,wk inc covid hosp,2,2026-10-03,01,quantile,0.3,69
2026-09-19,wk inc covid hosp,2,2026-10-03,01,quantile,0.35,72
2026-09-19,wk inc covid hosp,2,2026-10-03,01,quantile,0.4,76
2026-09-19,wk inc covid hosp,2,2026-10-03,01,quantile,0.45,79
2026-09-19,wk inc covid hosp,2,2026-10-03,01,quantile,0.5,82
2026-09-19,wk inc covid hosp,2,2026-10-03,01,quantile,0.55,86
2026-09-19,wk inc covid hosp,2,2026-10-03,01,quantile,0.6,89
2026-09-19,wk inc covid hosp,2,2026-10-03,01,quantile,0.65,93
2026-09-19,wk inc covid hosp,2,2026-10-03,01,quantile,0.7,97
2026-09-19,wk inc covid hosp,2,2026-10-03,01,quantile,0.75,101
2026-09-19,wk inc covid hosp,2,2026-10-03,01,quantile,0.8,107
2026-09-19,wk inc covid hosp,2,2026-10-03,01,quantile,0.85,113
2026-09-19,wk inc covid hosp,2,2026-10-03,01,quantile,0.9,123
2026-09-19,wk inc covid hosp,2,2026-10-03,01,quantile,0.95,138
2026-09-19,wk inc covid hosp,2,2026-10-03,01,quantile,0.975,151.02499999999964
2026-09-19,wk inc covid hosp,2,2026-10-03,01,quantile,0.99,168.01000000000022
2026-09-19,wk inc covid hosp,2,2026-10-03,02,quantile,0.01,0
2026-09-19,wk inc covid hosp,2,2026-10-03,02,quantile,0.025,0
2026-09-19,wk inc covid hosp,2,2026-10-03,02,quantile,0.05,1
2026-09-19,wk inc covid hosp,2,2026-10-03,02,quantile,0.1,1
2026-09-19,wk inc covid hosp,2,2026-10-03,02,quantile,0.15,2
2026-09-19,wk inc covid hosp,2,2026-10-03,02,quantile,0.2,2
2026-09-19,wk inc covid hosp,2,2026-10-03,02,quantile,0.25,3
2026-09-19,wk inc covid hosp,2,2026-10-03,02,quantile,0.3,3
2026-09-19,wk inc covid hosp,2,2026-10-03,02,quantile,0.35,3
2026-09-19,wk inc covid hosp,2,2026-10-03,02,quantile,0.4,4
2026-09-19,wk inc covid hosp,2,2026-10-03,02,quantile,0.45,4
2026-09-19,wk inc covid hosp,2,2026-10-03,02,quantile,0.5,5
2026-09-19,wk inc covid hosp,2,2026-10-03,02,quantile,0.55,5
2026-09-19,wk inc covid hosp,2,2026-10-03,02,quantile,0.6,5
2026-09-19,wk inc covid hosp,2,2026-10-03,02,quantile,0.65,6
2026-09-19,wk inc covid hosp,2,2026-10-03,02,quantile,0.7,6
2026-09-19,wk inc covid hosp,2,2026-10-03,02,quantile,0.75,7
2026-09-19,wk inc covid hosp,2,2026-10-03,02,quantile,0.8,8
2026-09-19,wk inc covid hosp,2,2026-10-03,02,quantile,0.85,9
2026-09-19,wk inc covid hosp,2,2026-10-03,02,quantile,0.9,10
2026-09-19,wk inc covid hosp,2,2026-10-03,02,quantile,0.95,13
2026-09-19,wk inc covid hosp,2,2026-10-03,02,quantile,0.975,15
2026-09-19,wk inc covid hosp,2,2026-10-03,02,quantile,0.99,19
2026-09-19,wk inc covid hosp,2,2026-10-03,04,quantile,0.01,40
2026-09-19,wk inc covid hosp,2,2026-10-03,04,quantile,0.025,46
2026-09-19,wk inc covid hosp,2,2026-10-03,04,quantile,0.05,51
2026-09-19,wk inc covid hosp,2,2026-10-03,04,quantile,0.1,57
2026-09-19,wk inc covid hosp,2,2026-10-03,04,quantile,0.15,62
2026-09-19,wk inc covid hosp,2,2026-10-03,04,quantile,0.2,66
2026-09-19,wk inc covid hosp,2,2026-10-03,04,quantile,0.25,70
2026-09-19,wk inc covid hosp,2,2026-10-03,04,quantile,0.3,73
2026-09-19,wk inc covid hosp,2,2026-10-03,04,quantile,0.35,77
2026-09-19,wk inc covid hosp,2,2026-10-03,04,quantile,0.4,80
2026-09-19,wk inc covid hosp,2,2026-10-03,04,quantile,0.45,83
2026-09-19,wk inc covid hosp,2,2026-10-03,04,quantile,0.5,86
2026-09-19,wk inc covid hosp,2,2026-10-03,04,quantile,0.55,90
2026-09-19,wk inc covid hosp,2,2026-10-03,04,quantile,0.6,93
2026-09-19,wk inc covid hosp,2,2026-10-03,04,quantile,0.65,97
2026-09-19,wk inc covid hosp,2,2026-10-03,04,quantile,0.7,101
2026-09-19,wk inc covid hosp,2,2026-10-03,04,quantile,0.75,106
2026-09-19,wk inc covid hosp,2,2026-10-03,04,quantile,0.8,112
2026-09-19,wk inc covid hosp,2,2026-10-03,04,quantile,0.85,118
2026-09-19,wk inc covid hosp,2,2026-10-03,04,quantile,0.9,127
2026-09-19,wk inc covid hosp,2,2026-10-03,04,quantile,0.95,140
2026-09-19,wk inc covid hosp,2,2026-10-03,04,quantile,0.975,153
2026-09-19,wk inc covid hosp,2,2026-10-03,04,quantile,0.99,169
2026-09-19,wk inc covid hosp,2,2026-10-03,05,quantile,0.01,5
2026-09-19,wk inc covid hosp,2,2026-10-03,05,quantile,0.025,7
2026-09-19,wk inc covid hosp,2,2026-10-03,05,quantile,0.05,8
2026-09-19,wk inc covid hosp,2,2026-10-03,05,quantile,0.1,9
2026-09-19,wk inc covid hosp,2,2026-10-03,05,quantile,0.15,11
2026-09-19,wk inc covid hosp,2,2026-10-03,05,quantile,0.2,12
2026-09-19,wk inc covid hosp,2,2026-10-03,05,quantile,0.25,12
2026-09-19,wk inc covid hosp,2,2026-10-03,05,quantile,0.3,13
2026-09-19,wk inc covid hosp,2,2026-10-03,05,quantile,0.35,14
2026-09-19,wk inc covid hosp,2,2026-10-03,05,quantile,0.4,15
2026-09-19,wk inc covid hosp,2,2026-10-03,05,quantile,0.45,16
2026-09-19,wk inc covid hosp,2,2026-10-03,05,quantile,0.5,16
2026-09-19,wk inc covid hosp,2,2026-10-03,05,quantile,0.55,17
2026-09-19,wk inc covid hosp,2,2026-10-03,05,quantile,0.6,18
2026-09-19,wk inc covid hosp,2,2026-10-03,05,quantile,0.65,19
2026-09-19,wk inc covid hosp,2,2026-10-03,05,quantile,0.7,20
2026-09-19,wk inc covid hosp,2,2026-10-03,05,quantile,0.75,21
2026-09-19,wk inc covid hosp,2,2026-10-03,05,quantile,0.8,22
2026-09-19,wk inc covid hosp,2,2026-10-03,05,quantile,0.85,24
2026-09-19,wk inc covid hosp,2,2026-10-03,05,quantile,0.9,26
2026-09-19,wk inc covid hosp,2,2026-10-03,05,quantile,0.95,29
2026-09-19,wk inc covid hosp,2,2026-10-03,05,quantile,0.975,32
2026-09-19,wk inc covid hosp,2,2026-10-03,05,quantile,0.99,37
2026-09-19,wk inc covid hosp,2,2026-10-03,06,quantile,0.01,345
2026-09-19,wk inc covid hosp,2,2026-10-03,06,quantile,0.025,386
2026-09-19,wk inc covid hosp,2,2026-10-03,06,quantile,0.05,423
2026-09-19,wk inc covid hosp,2,2026-10-03,06,quantile,0.1,479
2026-09-19,wk inc covid hosp,2,2026-10-03,06,quantile,0.15,517.8500000000001
2026-09-19,wk inc covid hosp,2,2026-10-03,06,quantile,0.2,547
2026-09-19,wk inc covid hosp,2,2026-10-03,06,quantile,0.25,574
2026-09-19,wk inc covid hosp,2,2026-10-03,06,quantile,0.3,605
2026-09-19,wk inc covid hosp,2,2026-10-03,06,quantile,0.35,632
2026-09-19,wk inc covid hosp,2,2026-10-03,06,quantile,0.4,660
2026-09-19,wk inc covid hosp,2,2026-10-03,06,quantile,0.45,685
2026-09-19,wk inc covid hosp,2,2026-10-03,06,quantile,0.5,716
2026-09-19,wk inc covid hosp,2,2026-10-03,06,quantile,0.55,744
2026-09-19,wk inc covid hosp,2,2026-10-03,06,quantile,0.6,772
2026-09-19,wk inc covid hosp,2,2026-10-03,06,quantile,0.65,802
2026-09-19,wk inc covid hosp,2,2026-10-03,06,quantile,0.7,837
2026-09-19,wk inc covid hosp,2,2026-10-03,06,quantile,0.75,877
2026-09-19,wk inc covid hosp,2,2026-10-03,06,quantile,0.8,919
2026-09-19,wk inc covid hosp,2,2026-10-03,06,quantile,0.85,977
2026-09-19,wk inc covid hosp,2,2026-10-03,06,quantile,0.9,1059.1000000000004
2026-09-19,wk inc covid hosp,2,2026-10-03,06,quantile,0.95,1193
2026-09-19,wk inc covid hosp,2,2026-10-03,06,quantile,0.975,1315.0249999999996
2026-09-19,wk inc covid hosp,2,2026-10-03,06,quantile,0.99,1472
2026-09-19,wk inc covid hosp,2,2026-10-03,08,quantile,0.01,11
2026-09-19,wk inc covid hosp,2,2026-10-03,08,quantile,0.025,13
2026-09-19,wk inc covid hosp,2,2026-10-03,08,quantile,0.05,15
2026-09-19,wk inc covid hosp,2,2026-10-03,08,quantile,0.1,17
2026-09-19,wk inc covid hosp,2,2026-10-03,08,quantile,0.15,18
2026-09-19,wk inc covid hosp,2,2026-10-03,08,quantile,0.2,20
2026-09-19,wk inc covid hosp,2,2026-10-03,08,quantile,0.25,21
2026-09-19,wk inc covid hosp,2,2026-10-03,08,quantile,0.3,22
2026-09-19,wk inc covid hosp,2,2026-10-03,08,quantile,0.35,23
2026-09-19,wk inc covid hosp,2,2026-10-03,08,quantile,0.4,24
2026-09-19,wk inc covid hosp,2,2026-10-03,08,quantile,0.45,26
2026-09-19,wk inc covid hosp,2,2026-10-03,08,quantile,0.5,27
2026-09-19,wk inc covid hosp,2,2026-10-03,08,quantile,0.55,28
2026-09-19,wk inc covid hosp,2,2026-10-03,08,quantile,0.6,29
2026-09-19,wk inc covid hosp,2,2026-10-03,08,quantile,0.65,30
2026-09-19,wk inc covid hosp,2,2026-10-03,08,quantile,0.7,32
2026-09-19,wk inc covid hosp,2,2026-10-03,08,quantile,0.75,34
2026-09-19,wk inc covid hosp,2,2026-10-03,08,quantile,0.8,35
2026-09-19,wk inc covid hosp,2,2026-10-03,08,quantile,0.85,37
2026-09-19,wk inc covid hosp,2,2026-10-03,08,quantile,0.9,40
2026-09-19,wk inc covid hosp,2,2026-10-03,08,quantile,0.95,44
2026-09-19,wk inc covid hosp,2,2026-10-03,08,quantile,0.975,48
2026-09-19,wk inc covid hosp,2,2026-10-03,08,quantile,0.99,53
2026-09-19,wk inc covid hosp,2,2026-10-03,09,quantile,0.01,4
2026-09-19,wk inc covid hosp,2,2026-10-03,09,quantile,0.025,5
2026-09-19,wk inc covid hosp,2,2026-10-03,09,quantile,0.05,6
2026-09-19,wk inc covid hosp,2,2026-10-03,09,quantile,0.1,8
2026-09-19,wk inc covid hosp,2,2026-10-03,09,quantile,0.15,9
2026-09-19,wk inc covid hosp,2,2026-10-03,09,quantile,0.2,10
2026-09-19,wk inc covid hosp,2,2026-10-03,09,quantile,0.25,11
2026-09-19,wk inc covid hosp,2,2026-10-03,09,quantile,0.3,12
2026-09-19,wk inc covid hosp,2,2026-10-03,09,quantile,0.35,12
2026-09-19,wk inc covid hosp,2,2026-10-03,09,quantile,0.4,13
2026-09-19,wk inc covid hosp,2,2026-10-03,09,quantile,0.45,14
2026-09-19,wk inc covid hosp,2,2026-10-03,09,quantile,0.5,15
2026-09-19,wk inc covid hosp,2,2026-10-03,09,quantile,0.55,16
2026-09-19,wk inc covid hosp,2,2026-10-03,09,quantile,0.6,17
2026-09-19,wk inc covid hosp,2,2026-10-03,09,quantile,0.65,18
2026-09-19,wk inc covid hosp,2,2026-10-03,09,quantile,0.7,19
2026-09-19,wk inc covid hosp,2,2026-10-03,09,quantile,0.75,20
2026-09-19,wk inc covid hosp,2,2026-10-03,09,quantile,0.8,21
2026-09-19,wk inc covid hosp,2,2026-10-03,09,quantile,0.85,23
2026-09-19,wk inc covid hosp,2,2026-10-03,09,quantile,0.9,25
2026-09-19,wk inc covid hosp,2,2026-10-03,09,quantile,0.95,29
2026-09-19,wk inc covid hosp,2,2026-10-03,09,quantile,0.975,33
2026-09-19,wk inc covid hosp,2,2026-10-03,09,quantile,0.99,37
2026-09-19,wk inc covid hosp,2,2026-10-03,10,quantile,0.01,1
2026-09-19,wk inc covid hosp,2,2026-10-03,10,quantile,0.025,2
2026-09-19,wk inc covid hosp,2,2026-10-03,10,quantile,0.05,2.950000000000017
2026-09-19,wk inc covid hosp,2,2026-10-03,10,quantile,0.1,3
2026-09-19,wk inc covid hosp,2,2026-10-03,10,quantile,0.15,4
2026-09-19,wk inc covid hosp,2,2026-10-03,10,quantile,0.2,5
2026-09-19,wk inc covid hosp,2,2026-10-03,10,quantile,0.25,5
2026-09-19,wk inc covid hosp,2,2026-10-03,10,quantile,0.3,6
2026-09-19,wk inc covid hosp,2,2026-10-03,10,quantile,0.35,6
2026-09-19,wk inc covid hosp,2,2026-10-03,10,quantile,0.4,7
2026-09-19,wk inc covid hosp,2,2026-10-03,10,quantile,0.45,7
2026-09-19,wk inc covid hosp,2,2026-10-03,10,quantile,0.5,8
2026-09-19,wk inc covid hosp,2,2026-10-03,10,quantile,0.55,8
2026-09-19,wk inc covid hosp,2,2026-10-03,10,quantile,0.6,9
2026-09-19,wk inc covid hosp,2,2026-10-03,10,quantile,0.65,9
2026-09-19,wk inc covid hosp,2,2026-10-03,10,quantile,0.7,10
2026-09-19,wk inc covid hosp,2,2026-10-03,10,quantile,0.75,10
2026-09-19,wk inc covid hosp,2,2026-10-03,10,quantile,0.8,11
2026-09-19,wk inc covid hosp,2,2026-10-03,10,quantile,0.85,12
2026-09-19,wk inc covid hosp,2,2026-10-03,10,quantile,0.9,13
2026-09-19,wk inc covid hosp,2,2026-10-03,10,quantile,0.95,15
2026-09-19,wk inc covid hosp,2,2026-10-03,10,quantile,0.975,17
2026-09-19,wk inc covid hosp,2,2026-10-03,10,quantile,0.99,20
2026-09-19,wk inc covid hosp,2,2026-10-03,11,quantile,0.01,0
2026-09-19,wk inc covid hosp,2,2026-10-03,11,quantile,0.025,1
2026-09-19,wk inc covid hosp,2,2026-10-03,11,quantile,0.05,1
2026-09-19,wk inc covid hosp,2,2026-10-03,11,quantile,0.1,2
2026-09-19,wk inc covid hosp,2,2026-10-03,11,quantile,0.15,2
2026-09-19,wk inc covid hosp,2,2026-10-03,11,quantile,0.2,3
2026-09-19,wk inc covid hosp,2,2026-10-03,11,quantile,0.25,3
2026-09-19,wk inc covid hosp,2,2026-10-03,11,quantile,0.3,4
2026-09-19,wk inc covid hosp,2,2026-10-03,11,quantile,0.35,4
2026-09-19,wk inc covid hosp,2,2026-10-03,11,quantile,0.4,4
2026-09-19,wk inc covid hosp,2,2026-10-03,11,quantile,0.45,5
2026-09-19,wk inc covid hosp,2,2026-10-03,11,quantile,0.5,5
2026-09-19,wk inc covid hosp,2,2026-10-03,11,quantile,0.55,5
2026-09-19,wk inc covid hosp,2,2026-10-03,11,quantile,0.6,6
2026-09-19,wk inc covid hosp,2,2026-10-03,11,quantile,0.65,6
2026-09-19,wk inc covid hosp,2,2026-10-03,11,quantile,0.7,7
2026-09-19,wk inc covid hosp,2,2026-10-03,11,quantile,0.75,7
2026-09-19,wk inc covid hosp,2,2026-10-03,11,quantile,0.8,8
2026-09-19,wk inc covid hosp,2,2026-10-03,11,quantile,0.85,9
2026-09-19,wk inc covid hosp,2,2026-10-03,11,quantile,0.9,10
2026-09-19,wk inc covid hosp,2,2026-10-03,11,quantile,0.95,12
2026-09-19,wk inc covid hosp,2,2026-10-03,11,quantile,0.975,13
2026-09-19,wk inc covid hosp,2,2026-10-03,11,quantile,0.99,15
2026-09-19,wk inc covid hosp,2,2026-10-03,12,quantile,0.01,221
2026-09-19,wk inc covid hosp,2,2026-10-03,12,quantile,0.025,244
2026-09-19,wk inc covid hosp,2,2026-10-03,12,quantile,0.05,273
2026-09-19,wk inc covid hosp,2,2026-10-03,12,quantile,0.1,305
2026-09-19,wk inc covid hosp,2,2026-10-03,12,quantile,0.15,330
2026-09-19,wk inc covid hosp,2,2026-10-03,12,quantile,0.2,352.80000000000007
2026-09-19,wk inc covid hosp,2,2026-10-03,12,quantile,0.25,373
2026-09-19,wk inc covid hosp,2,2026-10-03,12,quantile,0.3,392
2026-09-19,wk inc covid hosp,2,2026-10-03,12,quantile,0.35,411
2026-09-19,wk inc covid hosp,2,2026-10-03,12,quantile,0.4,429
2026-09-19,wk inc covid hosp,2,2026-10-03,12,quantile,0.45,448
2026-09-19,wk inc covid hosp,2,2026-10-03,12,quantile,0.5,469.5
2026-09-19,wk inc covid hosp,2,2026-10-03,12,quantile,0.55,488
2026-09-19,wk inc covid hosp,2,2026-10-03,12,quantile,0.6,512
2026-09-19,wk inc covid hosp,2,2026-10-03,12,quantile,0.65,535
2026-09-19,wk inc covid hosp,2,2026-10-03,12,quantile,0.7,558.3000000000002
2026-09-19,wk inc covid hosp,2,2026-10-03,12,quantile,0.75,587
2026-09-19,wk inc covid hosp,2,2026-10-03,12,quantile,0.8,623
2026-09-19,wk inc covid hosp,2,2026-10-03,12,quantile,0.85,672
2026-09-19,wk inc covid hosp,2,2026-10-03,12,quantile,0.9,730
2026-09-19,wk inc covid hosp,2,2026-10-03,12,quantile,0.95,835.1000000000004
2026-09-19,wk inc covid hosp,2,2026-10-03,12,quantile,0.975,938.0249999999996
2026-09-19,wk inc covid hosp,2,2026-10-03,12,quantile,0.99,1060.0100000000002
2026-09-19,wk inc covid hosp,2,2026-10-03,13,quantile,0.01,39.99
2026-09-19,wk inc covid hosp,2,2026-10-03,13,quantile,0.025,45
2026-09-19,wk inc covid hosp,2,2026-10-03,13,quantile,0.05,50
2026-09-19,wk inc covid hosp,2,2026-10-03,13,quantile,0.1,56
2026-09-19,wk inc covid hosp,2,2026-10-03,13,quantile,0.15,61
2026-09-19,wk inc covid hosp,2,2026-10-03,13,quantile,0.2,65
2026-09-19,wk inc covid hosp,2,2026-10-03,13,quantile,0.25,68
2026-09-19,wk inc covid hosp,2,2026-10-03,13,quantile,0.3,72
2026-09-19,wk inc covid hosp,2,2026-10-03,13,quantile,0.35,75
2026-09-19,wk inc covid hosp,2,2026-10-03,13,quantile,0.4,78
2026-09-19,wk inc covid hosp,2,2026-10-03,13,quantile,0.45,81
2026-09-19,wk inc covid hosp,2,2026-10-03,13,quantile,0.5,84
2026-09-19,wk inc covid hosp,2,2026-10-03,13,quantile,0.55,88
2026-09-19,wk inc covid hosp,2,2026-10-03,13,quantile,0.6,91
2026-09-19,wk inc covid hosp,2,2026-10-03,13,quantile,0.65,95
2026-09-19,wk inc covid hosp,2,2026-10-03,13,quantile,0.7,99
2026-09-19,wk inc covid hosp,2,2026-10-03,13,quantile,0.75,104
2026-09-19,wk inc covid hosp,2,2026-10-03,13,quantile,0.8,109
2026-09-19,wk inc covid hosp,2,2026-10-03,13,quantile,0.85,116
2026-09-19,wk inc covid hosp,2,2026-10-03,13,quantile,0.9,124
2026-09-19,wk inc covid hosp,2,2026-10-03,13,quantile,0.95,139
2026-09-19,wk inc covid hosp,2,2026-10-03,13,quantile,0.975,151.02499999999964
2026-09-19,wk inc covid hosp,2,2026-10-03,13,quantile,0.99,169
2026-09-19,wk inc covid hosp,2,2026-10-03,15,quantile,0.01,5
2026-09-19,wk inc covid hosp,2,2026-10-03,15,quantile,0.025,7
2026-09-19,wk inc covid hosp,2,2026-10-03,15,quantile,0.05,9
2026-09-19,wk inc covid hosp,2,2026-10-03,15,quantile,0.1,11.900000000000034
2026-09-19,wk inc covid hosp,2,2026-10-03,15,quantile,0.15,14
2026-09-19,wk inc covid hosp,2,2026-10-03,15,quantile,0.2,15
2026-09-19,wk inc covid hosp,2,2026-10-03,15,quantile,0.25,17
2026-09-19,wk inc covid hosp,2,2026-10-03,15,quantile,0.3,18
2026-09-19,wk inc covid hosp,2,2026-10-03,15,quantile,0.35,20
2026-09-19,wk inc covid hosp,2,2026-10-03,15,quantile,0.4,21
2026-09-19,wk inc covid hosp,2,2026-10-03,15,quantile,0.45,23
2026-09-19,wk inc covid hosp,2,2026-10-03,15,quantile,0.5,25
2026-09-19,wk inc covid hosp,2,2026-10-03,15,quantile,0.55,26
2026-09-19,wk inc covid hosp,2,2026-10-03,15,quantile,0.6,28
2026-09-19,wk inc covid hosp,2,2026-10-03,15,quantile,0.65,31
2026-09-19,wk inc covid hosp,2,2026-10-03,15,quantile,0.7,33
2026-09-19,wk inc covid hosp,2,2026-10-03,15,quantile,0.75,36
2026-09-19,wk inc covid hosp,2,2026-10-03,15,quantile,0.8,39
2026-09-19,wk inc covid hosp,2,2026-10-03,15,quantile,0.85,43
2026-09-19,wk inc covid hosp,2,2026-10-03,15,quantile,0.9,49
2026-09-19,wk inc covid hosp,2,2026-10-03,15,quantile,0.95,60
2026-09-19,wk inc covid hosp,2,2026-10-03,15,quantile,0.975,71
2026-09-19,wk inc covid hosp,2,2026-10-03,15,quantile,0.99,85.01000000000022
2026-09-19,wk inc covid hosp,2,2026-10-03,16,quantile,0.01,2
2026-09-19,wk inc covid hosp,2,2026-10-03,16,quantile,0.025,3
2026-09-19,wk inc covid hosp,2,2026-10-03,16,quantile,0.05,4
2026-09-19,wk inc covid hosp,2,2026-10-03,16,quantile,0.1,5
2026-09-19,wk inc covid hosp,2,2026-10-03,16,quantile,0.15,5
2026-09-19,wk inc covid hosp,2,2026-10-03,16,quantile,0.2,6
2026-09-19,wk inc covid hosp,2,2026-10-03,16,quantile,0.25,7
2026-09-19,wk inc covid hosp,2,2026-10-03,16,quantile,0.3,7
2026-09-19,wk inc covid hosp,2,2026-10-03,16,quantile,0.35,8
2026-09-19,wk inc covid hosp,2,2026-10-03,16,quantile,0.4,8
2026-09-19,wk inc covid hosp,2,2026-10-03,16,quantile,0.45,9
2026-09-19,wk inc covid hosp,2,2026-10-03,16,quantile,0.5,9
2026-09-19,wk inc covid hosp,2,2026-10-03,16,quantile,0.55,10
2026-09-19,wk inc covid hosp,2,2026-10-03,16,quantile,0.6,10
2026-09-19,wk inc covid hosp,2,2026-10-03,16,quantile,0.65,11
2026-09-19,wk inc covid hosp,2,2026-10-03,16,quantile,0.7,11
2026-09-19,wk inc covid hosp,2,2026-10-03,16,quantile,0.75,12
2026-09-19,wk inc covid hosp,2,2026-10-03,16,quantile,0.8,13
2026-09-19,wk inc covid hosp,2,2026-10-03,16,quantile,0.85,14
2026-09-19,wk inc covid hosp,2,2026-10-03,16,quantile,0.9,15
2026-09-19,wk inc covid hosp,2,2026-10-03,16,quantile,0.95,17
2026-09-19,wk inc covid hosp,2,2026-10-03,16,quantile,0.975,20
2026-09-19,wk inc covid hosp,2,2026-10-03,16,quantile,0.99,22
2026-09-19,wk inc covid hosp,2,2026-10-03,17,quantile,0.01,21
2026-09-19,wk inc covid hosp,2,2026-10-03,17,quantile,0.025,25
2026-09-19,wk inc covid hosp,2,2026-10-03,17,quantile,0.05,28
2026-09-19,wk inc covid hosp,2,2026-10-03,17,quantile,0.1,32
2026-09-19,wk inc covid hosp,2,2026-10-03,17,quantile,0.15,35
2026-09-19,wk inc covid hosp,2,2026-10-03,17,quantile,0.2,37
2026-09-19,wk inc covid hosp,2,2026-10-03,17,quantile,0.25,40
2026-09-19,wk inc covid hosp,2,2026-10-03,17,quantile,0.3,41
2026-09-19,wk inc covid hosp,2,2026-10-03,17,quantile,0.35,43
2026-09-19,wk inc covid hosp,2,2026-10-03,17,quantile,0.4,45
2026-09-19,wk inc covid hosp,2,2026-10-03,17,quantile,0.45,47
2026-09-19,wk inc covid hosp,2,2026-10-03,17,quantile,0.5,49
2026-09-19,wk inc covid hosp,2,2026-10-03,17,quantile,0.55,51
2026-09-19,wk inc covid hosp,2,2026-10-03,17,quantile,0.6,53
2026-09-19,wk inc covid hosp,2,2026-10-03,17,quantile,0.65,56
2026-09-19,wk inc covid hosp,2,2026-10-03,17,quantile,0.7,58
2026-09-19,wk inc covid hosp,2,2026-10-03,17,quantile,0.75,61
2026-09-19,wk inc covid hosp,2,2026-10-03,17,quantile,0.8,64
2026-09-19,wk inc covid hosp,2,2026-10-03,17,quantile,0.85,68
2026-09-19,wk inc covid hosp,2,2026-10-03,17,quantile,0.9,73
2026-09-19,wk inc covid hosp,2,2026-10-03,17,quantile,0.95,81
2026-09-19,wk inc covid hosp,2,2026-10-03,17,quantile,0.975,89
2026-09-19,wk inc covid hosp,2,2026-10-03,17,quantile,0.99,99.01000000000022
2026-09-19,wk inc covid hosp,2,2026-10-03,18,quantile,0.01,13
2026-09-19,wk inc covid hosp,2,2026-10-03,18,quantile,0.025,16
2026-09-19,wk inc covid hosp,2,2026-10-03,18,quantile,0.05,18
2026-09-19,wk inc covid hosp,2,2026-10-03,18,quantile,0.1,21
2026-09-19,wk inc covid hosp,2,2026-10-03,18,quantile,0.15,24
2026-09-19,wk inc covid hosp,2,2026-10-03,18,quantile,0.2,25
2026-09-19,wk inc covid hosp,2,2026-10-03,18,quantile,0.25,27
2026-09-19,wk inc covid hosp,2,2026-10-03,18,quantile,0.3,28
2026-09-19,wk inc covid hosp,2,2026-10-03,18,quantile,0.35,30
2026-09-19,wk inc covid hosp,2,2026-10-03,18,quantile,0.4,32
2026-09-19,wk inc covid hosp,2,2026-10-03,18,quantile,0.45,33
2026-09-19,wk inc covid hosp,2,2026-10-03,18,quantile,0.5,35
2026-09-19,wk inc covid hosp,2,2026-10-03,18,quantile,0.55,36
2026-09-19,wk inc covid hosp,2,2026-10-03,18,quantile,0.6,38
2026-09-19,wk inc covid hosp,2,2026-10-03,18,quantile,0.65,40
2026-09-19,wk inc covid hosp,2,2026-10-03,18,quantile,0.7,42
2026-09-19,wk inc covid hosp,2,2026-10-03,18,quantile,0.75,44
2026-09-19,wk inc covid hosp,2,2026-10-03,18,quantile,0.8,46
2026-09-19,wk inc covid hosp,2,2026-10-03,18,quantile,0.85,49
2026-09-19,wk inc covid hosp,2,2026-10-03,18,quantile,0.9,53
2026-09-19,wk inc covid hosp,2,2026-10-03,18,quantile,0.95,58
2026-09-19,wk inc covid hosp,2,2026-10-03,18,quantile,0.975,64
2026-09-19,wk inc covid hosp,2,2026-10-03,18,quantile,0.99,73
2026-09-19,wk inc covid hosp,2,2026-10-03,19,quantile,0.01,3
2026-09-19,wk inc covid hosp,2,2026-10-03,19,quantile,0.025,4
2026-09-19,wk inc covid hosp,2,2026-10-03,19,quantile,0.05,5
2026-09-19,wk inc covid hosp,2,2026-10-03,19,quantile,0.1,6
2026-09-19,wk inc covid hosp,2,2026-10-03,19,quantile,0.15,7
2026-09-19,wk inc covid hosp,2,2026-10-03,19,quantile,0.2,8
2026-09-19,wk inc covid hosp,2,2026-10-03,19,quantile,0.25,9
2026-09-19,wk inc covid hosp,2,2026-10-03,19,quantile,0.3,9
2026-09-19,wk inc covid hosp,2,2026-10-03,19,quantile,0.35,10
2026-09-19,wk inc covid hosp,2,2026-10-03,19,quantile,0.4,11
2026-09-19,wk inc covid hosp,2,2026-10-03,19,quantile,0.45,11
2026-09-19,wk inc covid hosp,2,2026-10-03,19,quantile,0.5,12
2026-09-19,wk inc covid hosp,2,2026-10-03,19,quantile,0.55,12
2026-09-19,wk inc covid hosp,2,2026-10-03,19,quantile,0.6,13
2026-09-19,wk inc covid hosp,2,2026-10-03,19,quantile,0.65,14
2026-09-19,wk inc covid hosp,2,2026-10-03,19,quantile,0.7,14
2026-09-19,wk inc covid hosp,2,2026-10-03,19,quantile,0.75,15
2026-09-19,wk inc covid hosp,2,2026-10-03,19,quantile,0.8,16
2026-09-19,wk inc covid hosp,2,2026-10-03,19,quantile,0.85,17
2026-09-19,wk inc covid hosp,2,2026-10-03,19,quantile,0.9,19
2026-09-19,wk inc covid hosp,2,2026-10-03,19,quantile,0.95,21.050000000000182
2026-09-19,wk inc covid hosp,2,2026-10-03,19,quantile,0.975,24
2026-09-19,wk inc covid hosp,2,2026-10-03,19,quantile,0.99,26
2026-09-19,wk inc covid hosp,2,2026-10-03,20,quantile,0.01,2
2026-09-19,wk inc covid hosp,2,2026-10-03,20,quantile,0.025,4
2026-09-19,wk inc covid hosp,2,2026-10-03,20,quantile,0.05,4
2026-09-19,wk inc covid hosp,2,2026-10-03,20,quantile,0.1,6
2026-09-19,wk inc covid hosp,2,2026-10-03,20,quantile,0.15,6
2026-09-19,wk inc covid hosp,2,2026-10-03,20,quantile,0.2,7
2026-09-19,wk inc covid hosp,2,2026-10-03,20,quantile,0.25,8
2026-09-19,wk inc covid hosp,2,2026-10-03,20,quantile,0.3,8
2026-09-19,wk inc covid hosp,2,2026-10-03,20,quantile,0.35,9
2026-09-19,wk inc covid hosp,2,2026-10-03,20,quantile,0.4,9
2026-09-19,wk inc covid hosp,2,2026-10-03,20,quantile,0.45,10
2026-09-19,wk inc covid hosp,2,2026-10-03,20,quantile,0.5,10
2026-09-19,wk inc covid hosp,2,2026-10-03,20,quantile,0.55,11
2026-09-19,wk inc covid hosp,2,2026-10-03,20,quantile,0.6,12
2026-09-19,wk inc covid hosp,2,2026-10-03,20,quantile,0.65,12
2026-09-19,wk inc covid hosp,2,2026-10-03,20,quantile,0.7,13
2026-09-19,wk inc covid hosp,2,2026-10-03,20,quantile,0.75,14
2026-09-19,wk inc covid hosp,2,2026-10-03,20,quantile,0.8,15
2026-09-19,wk inc covid hosp,2,2026-10-03,20,quantile,0.85,16
2026-09-19,wk inc covid hosp,2,2026-10-03,20,quantile,0.9,17
2026-09-19,wk inc covid hosp,2,2026-10-03,20,quantile,0.95,20
2026-09-19,wk inc covid hosp,2,2026-10-03,20,quantile,0.975,23
2026-09-19,wk inc covid hosp,2,2026-10-03,20,quantile,0.99,26
2026-09-19,wk inc covid hosp,2,2026-10-03,21,quantile,0.01,9
2026-09-19,wk inc covid hosp,2,2026-10-03,21,quantile,0.025,11
2026-09-19,wk inc covid hosp,2,2026-10-03,21,quantile,0.05,13
2026-09-19,wk inc covid hosp,2,2026-10-03,21,quantile,0.1,15
2026-09-19,wk inc covid hosp,2,2026-10-03,21,quantile,0.15,17
2026-09-19,wk inc covid hosp,2,2026-10-03,21,quantile,0.2,18
2026-09-19,wk inc covid hosp,2,2026-10-03,21,quantile,0.25,19
2026-09-19,wk inc covid hosp,2,2026-10-03,21,quantile,0.3,20
2026-09-19,wk inc covid hosp,2,2026-10-03,21,quantile,0.35,21
2026-09-19,wk inc covid hosp,2,2026-10-03,21,quantile,0.4,22
2026-09-19,wk inc covid hosp,2,2026-10-03,21,quantile,0.45,23
2026-09-19,wk inc covid hosp,2,2026-10-03,21,quantile,0.5,24
2026-09-19,wk inc covid hosp,2,2026-10-03,21,quantile,0.55,25
2026-09-19,wk inc covid hosp,2,2026-10-03,21,quantile,0.6,26
2026-09-19,wk inc covid hosp,2,2026-10-03,21,quantile,0.65,28
2026-09-19,wk inc covid hosp,2,2026-10-03,21,quantile,0.7,29
2026-09-19,wk inc covid hosp,2,2026-10-03,21,quantile,0.75,30
2026-09-19,wk inc covid hosp,2,2026-10-03,21,quantile,0.8,32
2026-09-19,wk inc covid hosp,2,2026-10-03,21,quantile,0.85,34
2026-09-19,wk inc covid hosp,2,2026-10-03,21,quantile,0.9,37
2026-09-19,wk inc covid hosp,2,2026-10-03,21,quantile,0.95,41
2026-09-19,wk inc covid hosp,2,2026-10-03,21,quantile,0.975,45
2026-09-19,wk inc covid hosp,2,2026-10-03,21,quantile,0.99,49
2026-09-19,wk inc covid hosp,2,2026-10-03,22,quantile,0.01,25
2026-09-19,wk inc covid hosp,2,2026-10-03,22,quantile,0.025,30
2026-09-19,wk inc covid hosp,2,2026-10-03,22,quantile,0.05,34
2026-09-19,wk inc covid hosp,2,2026-10-03,22,quantile,0.1,39
2026-09-19,wk inc covid hosp,2,2026-10-03,22,quantile,0.15,43
2026-09-19,wk inc covid hosp,2,2026-10-03,22,quantile,0.2,46
2026-09-19,wk inc covid hosp,2,2026-10-03,22,quantile,0.25,49
2026-09-19,wk inc covid hosp,2,2026-10-03,22,quantile,0.3,52
2026-09-19,wk inc covid hosp,2,2026-10-03,22,quantile,0.35,54
2026-09-19,wk inc covid hosp,2,2026-10-03,22,quantile,0.4,57
2026-09-19,wk inc covid hosp,2,2026-10-03,22,quantile,0.45,59
2026-09-19,wk inc covid hosp,2,2026-10-03,22,quantile,0.5,62
2026-09-19,wk inc covid hosp,2,2026-10-03,22,quantile,0.55,64
2026-09-19,wk inc covid hosp,2,2026-10-03,22,quantile,0.6,67
2026-09-19,wk inc covid hosp,2,2026-10-03,22,quantile,0.65,70
2026-09-19,wk inc covid hosp,2,2026-10-03,22,quantile,0.7,74
2026-09-19,wk inc covid hosp,2,2026-10-03,22,quantile,0.75,78
2026-09-19,wk inc covid hosp,2,2026-10-03,22,quantile,0.8,82
2026-09-19,wk inc covid hosp,2,2026-10-03,22,quantile,0.85,87
2026-09-19,wk inc covid hosp,2,2026-10-03,22,quantile,0.9,94
2026-09-19,wk inc covid hosp,2,2026-10-03,22,quantile,0.95,106
2026-09-19,wk inc covid hosp,2,2026-10-03,22,quantile,0.975,117
2026-09-19,wk inc covid hosp,2,2026-10-03,22,quantile,0.99,136
2026-09-19,wk inc covid hosp,2,2026-10-03,23,quantile,0.01,0
2026-09-19,wk inc covid hosp,2,2026-10-03,23,quantile,0.025,0
2026-09-19,wk inc covid hosp,2,2026-10-03,23,quantile,0.05,0
2026-09-19,wk inc covid hosp,2,2026-10-03,23,quantile,0.1,0
2026-09-19,wk inc covid hosp,2,2026-10-03,23,quantile,0.15,0
2026-09-19,wk inc covid hosp,2,2026-10-03,23,quantile,0.2,1
2026-09-19,wk inc covid hosp,2,2026-10-03,23,quantile,0.25,1
2026-09-19,wk inc covid hosp,2,2026-10-03,23,quantile,0.3,1
2026-09-19,wk inc covid hosp,2,2026-10-03,23,quantile,0.35,1
2026-09-19,wk inc covid hosp,2,2026-10-03,23,quantile,0.4,1
2026-09-19,wk inc covid hosp,2,2026-10-03,23,quantile,0.45,2
2026-09-19,wk inc covid hosp,2,2026-10-03,23,quantile,0.5,2
2026-09-19,wk inc covid hosp,2,2026-10-03,23,quantile,0.55,2
2026-09-19,wk inc covid hosp,2,2026-10-03,23,quantile,0.6,2
2026-09-19,wk inc covid hosp,2,2026-10-03,23,quantile,0.65,2
2026-09-19,wk inc covid hosp,2,2026-10-03,23,quantile,0.7,3
2026-09-19,wk inc covid hosp,2,2026-10-03,23,quantile,0.75,3
2026-09-19,wk inc covid hosp,2,2026-10-03,23,quantile,0.8,3
2026-09-19,wk inc covid hosp,2,2026-10-03,23,quantile,0.85,4
2026-09-19,wk inc covid hosp,2,2026-10-03,23,quantile,0.9,5
2026-09-19,wk inc covid hosp,2,2026-10-03,23,quantile,0.95,6
2026-09-19,wk inc covid hosp,2,2026-10-03,23,quantile,0.975,7
2026-09-19,wk inc covid hosp,2,2026-10-03,23,quantile,0.99,8
2026-09-19,wk inc covid hosp,2,2026-10-03,24,quantile,0.01,6
2026-09-19,wk inc covid hosp,2,2026-10-03,24,quantile,0.025,8
2026-09-19,wk inc covid hosp,2,2026-10-03,24,quantile,0.05,9
2026-09-19,wk inc covid hosp,2,2026-10-03,24,quantile,0.1,11
2026-09-19,wk inc covid hosp,2,2026-10-03,24,quantile,0.15,12
2026-09-19,wk inc covid hosp,2,2026-10-03,24,quantile,0.2,13
2026-09-19,wk inc covid hosp,2,2026-10-03,24,quantile,0.25,14
2026-09-19,wk inc covid hosp,2,2026-10-03,24,quantile,0.3,15
2026-09-19,wk inc covid hosp,2,2026-10-03,24,quantile,0.35,16
2026-09-19,wk inc covid hosp,2,2026-10-03,24,quantile,0.4,17
2026-09-19,wk inc covid hosp,2,2026-10-03,24,quantile,0.45,18
2026-09-19,wk inc covid hosp,2,2026-10-03,24,quantile,0.5,19
2026-09-19,wk inc covid hosp,2,2026-10-03,24,quantile,0.55,19
2026-09-19,wk inc covid hosp,2,2026-10-03,24,quantile,0.6,21
2026-09-19,wk inc covid hosp,2,2026-10-03,24,quantile,0.65,22
2026-09-19,wk inc covid hosp,2,2026-10-03,24,quantile,0.7,23
2026-09-19,wk inc covid hosp,2,2026-10-03,24,quantile,0.75,24
2026-09-19,wk inc covid hosp,2,2026-10-03,24,quantile,0.8,25
2026-09-19,wk inc covid hosp,2,2026-10-03,24,quantile,0.85,27
2026-09-19,wk inc covid hosp,2,2026-10-03,24,quantile,0.9,29
2026-09-19,wk inc covid hosp,2,2026-10-03,24,quantile,0.95,33
2026-09-19,wk inc covid hosp,2,2026-10-03,24,quantile,0.975,37
2026-09-19,wk inc covid hosp,2,2026-10-03,24,quantile,0.99,41
2026-09-19,wk inc covid hosp,2,2026-10-03,25,quantile,0.01,12
2026-09-19,wk inc covid hosp,2,2026-10-03,25,quantile,0.025,14
2026-09-19,wk inc covid hosp,2,2026-10-03,25,quantile,0.05,16
2026-09-19,wk inc covid hosp,2,2026-10-03,25,quantile,0.1,19
2026-09-19,wk inc covid hosp,2,2026-10-03,25,quantile,0.15,21
2026-09-19,wk inc covid hosp,2,2026-10-03,25,quantile,0.2,22
2026-09-19,wk inc covid hosp,2,2026-10-03,25,quantile,0.25,24
2026-09-19,wk inc covid hosp,2,2026-10-03,25,quantile,0.3,26
2026-09-19,wk inc covid hosp,2,2026-10-03,25,quantile,0.35,27
2026-09-19,wk inc covid hosp,2,2026-10-03,25,quantile,0.4,28
2026-09-19,wk inc covid hosp,2,2026-10-03,25,quantile,0.45,30
2026-09-19,wk inc covid hosp,2,2026-10-03,25,quantile,0.5,31
2026-09-19,wk inc covid hosp,2,2026-10-03,25,quantile,0.55,32.45000000000027
2026-09-19,wk inc covid hosp,2,2026-10-03,25,quantile,0.6,34
2026-09-19,wk inc covid hosp,2,2026-10-03,25,quantile,0.65,36
2026-09-19,wk inc covid hosp,2,2026-10-03,25,quantile,0.7,38
2026-09-19,wk inc covid hosp,2,2026-10-03,25,quantile,0.75,40
2026-09-19,wk inc covid hosp,2,2026-10-03,25,quantile,0.8,42
2026-09-19,wk inc covid hosp,2,2026-10-03,25,quantile,0.85,45
2026-09-19,wk inc covid hosp,2,2026-10-03,25,quantile,0.9,49
2026-09-19,wk inc covid hosp,2,2026-10-03,25,quantile,0.95,55
2026-09-19,wk inc covid hosp,2,2026-10-03,25,quantile,0.975,62
2026-09-19,wk inc covid hosp,2,2026-10-03,25,quantile,0.99,71
2026-09-19,wk inc covid hosp,2,2026-10-03,26,quantile,0.01,13
2026-09-19,wk inc covid hosp,2,2026-10-03,26,quantile,0.025,15
2026-09-19,wk inc covid hosp,2,2026-10-03,26,quantile,0.05,18
2026-09-19,wk inc covid hosp,2,2026-10-03,26,quantile,0.1,21
2026-09-19,wk inc covid hosp,2,2026-10-03,26,quantile,0.15,23
2026-09-19,wk inc covid hosp,2,2026-10-03,26,quantile,0.2,25
2026-09-19,wk inc covid hosp,2,2026-10-03,26,quantile,0.25,27
2026-09-19,wk inc covid hosp,2,2026-10-03,26,quantile,0.3,28
2026-09-19,wk inc covid hosp,2,2026-10-03,26,quantile,0.35,30
2026-09-19,wk inc covid hosp,2,2026-10-03,26,quantile,0.4,32
2026-09-19,wk inc covid hosp,2,2026-10-03,26,quantile,0.45,33
2026-09-19,wk inc covid hosp,2,2026-10-03,26,quantile,0.5,34
2026-09-19,wk inc covid hosp,2,2026-10-03,26,quantile,0.55,36
2026-09-19,wk inc covid hosp,2,2026-10-03,26,quantile,0.6,38
2026-09-19,wk inc covid hosp,2,2026-10-03,26,quantile,0.65,39
2026-09-19,wk inc covid hosp,2,2026-10-03,26,quantile,0.7,41
2026-09-19,wk inc covid hosp,2,2026-10-03,26,quantile,0.75,44
2026-09-19,wk inc covid hosp,2,2026-10-03,26,quantile,0.8,46
2026-09-19,wk inc covid hosp,2,2026-10-03,26,quantile,0.85,49
2026-09-19,wk inc covid hosp,2,2026-10-03,26,quantile,0.9,54
2026-09-19,wk inc covid hosp,2,2026-10-03,26,quantile,0.95,60
2026-09-19,wk inc covid hosp,2,2026-10-03,26,quantile,0.975,67
2026-09-19,wk inc covid hosp,2,2026-10-03,26,quantile,0.99,74.01000000000022
2026-09-19,wk inc covid hosp,2,2026-10-03,27,quantile,0.01,7
2026-09-19,wk inc covid hosp,2,2026-10-03,27,quantile,0.025,8
2026-09-19,wk inc covid hosp,2,2026-10-03,27,quantile,0.05,10
2026-09-19,wk inc covid hosp,2,2026-10-03,27,quantile,0.1,11
2026-09-19,wk inc covid hosp,2,2026-10-03,27,quantile,0.15,13
2026-09-19,wk inc covid hosp,2,2026-10-03,27,quantile,0.2,14
2026-09-19,wk inc covid hosp,2,2026-10-03,27,quantile,0.25,15
2026-09-19,wk inc covid hosp,2,2026-10-03,27,quantile,0.3,16
2026-09-19,wk inc covid hosp,2,2026-10-03,27,quantile,0.35,17
2026-09-19,wk inc covid hosp,2,2026-10-03,27,quantile,0.4,18
2026-09-19,wk inc covid hosp,2,2026-10-03,27,quantile,0.45,19
2026-09-19,wk inc covid hosp,2,2026-10-03,27,quantile,0.5,20
2026-09-19,wk inc covid hosp,2,2026-10-03,27,quantile,0.55,21
2026-09-19,wk inc covid hosp,2,2026-10-03,27,quantile,0.6,22
2026-09-19,wk inc covid hosp,2,2026-10-03,27,quantile,0.65,23
2026-09-19,wk inc covid hosp,2,2026-10-03,27,quantile,0.7,24
2026-09-19,wk inc covid hosp,2,2026-10-03,27,quantile,0.75,25
2026-09-19,wk inc covid hosp,2,2026-10-03,27,quantile,0.8,27
2026-09-19,wk inc covid hosp,2,2026-10-03,27,quantile,0.85,29
2026-09-19,wk inc covid hosp,2,2026-10-03,27,quantile,0.9,32
2026-09-19,wk inc covid hosp,2,2026-10-03,27,quantile,0.95,36
2026-09-19,wk inc covid hosp,2,2026-10-03,27,quantile,0.975,40
2026-09-19,wk inc covid hosp,2,2026-10-03,27,quantile,0.99,45
2026-09-19,wk inc covid hosp,2,2026-10-03,28,quantile,0.01,12
2026-09-19,wk inc covid hosp,2,2026-10-03,28,quantile,0.025,14
2026-09-19,wk inc covid hosp,2,2026-10-03,28,quantile,0.05,16.950000000000017
2026-09-19,wk inc covid hosp,2,2026-10-03,28,quantile,0.1,19
2026-09-19,wk inc covid hosp,2,2026-10-03,28,quantile,0.15,21
2026-09-19,wk inc covid hosp,2,2026-10-03,28,quantile,0.2,22
2026-09-19,wk inc covid hosp,2,2026-10-03,28,quantile,0.25,24
2026-09-19,wk inc covid hosp,2,2026-10-03,28,quantile,0.3,25
2026-09-19,wk inc covid hosp,2,2026-10-03,28,quantile,0.35,27
2026-09-19,wk inc covid hosp,2,2026-10-03,28,quantile,0.4,28
2026-09-19,wk inc covid hosp,2,2026-10-03,28,quantile,0.45,29
2026-09-19,wk inc covid hosp,2,2026-10-03,28,quantile,0.5,31
2026-09-19,wk inc covid hosp,2,2026-10-03,28,quantile,0.55,32
2026-09-19,wk inc covid hosp,2,2026-10-03,28,quantile,0.6,34
2026-09-19,wk inc covid hosp,2,2026-10-03,28,quantile,0.65,35
2026-09-19,wk inc covid hosp,2,2026-10-03,28,quantile,0.7,37
2026-09-19,wk inc covid hosp,2,2026-10-03,28,quantile,0.75,39
2026-09-19,wk inc covid hosp,2,2026-10-03,28,quantile,0.8,41
2026-09-19,wk inc covid hosp,2,2026-10-03,28,quantile,0.85,44
2026-09-19,wk inc covid hosp,2,2026-10-03,28,quantile,0.9,47
2026-09-19,wk inc covid hosp,2,2026-10-03,28,quantile,0.95,53
2026-09-19,wk inc covid hosp,2,2026-10-03,28,quantile,0.975,58
2026-09-19,wk inc covid hosp,2,2026-10-03,28,quantile,0.99,66
2026-09-19,wk inc covid hosp,2,2026-10-03,29,quantile,0.01,17
2026-09-19,wk inc covid hosp,2,2026-10-03,29,quantile,0.025,20
2026-09-19,wk inc covid hosp,2,2026-10-03,29,quantile,0.05,22
2026-09-19,wk inc covid hosp,2,2026-10-03,29,quantile,0.1,25
2026-09-19,wk inc covid hosp,2,2026-10-03,29,quantile,0.15,27
2026-09-19,wk inc covid hosp,2,2026-10-03,29,quantile,0.2,29
2026-09-19,wk inc covid hosp,2,2026-10-03,29,quantile,0.25,31
2026-09-19,wk inc covid hosp,2,2026-10-03,29,quantile,0.3,32
2026-09-19,wk inc covid hosp,2,2026-10-03,29,quantile,0.35,34
2026-09-19,wk inc covid hosp,2,2026-10-03,29,quantile,0.4,35
2026-09-19,wk inc covid hosp,2,2026-10-03,29,quantile,0.45,37
2026-09-19,wk inc covid hosp,2,2026-10-03,29,quantile,0.5,38
2026-09-19,wk inc covid hosp,2,2026-10-03,29,quantile,0.55,40
2026-09-19,wk inc covid hosp,2,2026-10-03,29,quantile,0.6,41
2026-09-19,wk inc covid hosp,2,2026-10-03,29,quantile,0.65,43
2026-09-19,wk inc covid hosp,2,2026-10-03,29,quantile,0.7,45
2026-09-19,wk inc covid hosp,2,2026-10-03,29,quantile,0.75,47
2026-09-19,wk inc covid hosp,2,2026-10-03,29,quantile,0.8,49
2026-09-19,wk inc covid hosp,2,2026-10-03,29,quantile,0.85,52
2026-09-19,wk inc covid hosp,2,2026-10-03,29,quantile,0.9,56
2026-09-19,wk inc covid hosp,2,2026-10-03,29,quantile,0.95,61
2026-09-19,wk inc covid hosp,2,2026-10-03,29,quantile,0.975,68
2026-09-19,wk inc covid hosp,2,2026-10-03,29,quantile,0.99,75
2026-09-19,wk inc covid hosp,2,2026-10-03,30,quantile,0.01,1
2026-09-19,wk inc covid hosp,2,2026-10-03,30,quantile,0.025,1
2026-09-19,wk inc covid hosp,2,2026-10-03,30,quantile,0.05,2
2026-09-19,wk inc covid hosp,2,2026-10-03,30,quantile,0.1,2
2026-09-19,wk inc covid hosp,2,2026-10-03,30,quantile,0.15,3
2026-09-19,wk inc covid hosp,2,2026-10-03,30,quantile,0.2,3
2026-09-19,wk inc covid hosp,2,2026-10-03,30,quantile,0.25,4
2026-09-19,wk inc covid hosp,2,2026-10-03,30,quantile,0.3,4
2026-09-19,wk inc covid hosp,2,2026-10-03,30,quantile,0.35,5
2026-09-19,wk inc covid hosp,2,2026-10-03,30,quantile,0.4,5
2026-09-19,wk inc covid hosp,2,2026-10-03,30,quantile,0.45,5
2026-09-19,wk inc covid hosp,2,2026-10-03,30,quantile,0.5,6
2026-09-19,wk inc covid hosp,2,2026-10-03,30,quantile,0.55,6
2026-09-19,wk inc covid hosp,2,2026-10-03,30,quantile,0.6,7
2026-09-19,wk inc covid hosp,2,2026-10-03,30,quantile,0.65,7
2026-09-19,wk inc covid hosp,2,2026-10-03,30,quantile,0.7,8
2026-09-19,wk inc covid hosp,2,2026-10-03,30,quantile,0.75,8
2026-09-19,wk inc covid hosp,2,2026-10-03,30,quantile,0.8,9
2026-09-19,wk inc covid hosp,2,2026-10-03,30,quantile,0.85,10
2026-09-19,wk inc covid hosp,2,2026-10-03,30,quantile,0.9,11
2026-09-19,wk inc covid hosp,2,2026-10-03,30,quantile,0.95,12
2026-09-19,wk inc covid hosp,2,2026-10-03,30,quantile,0.975,14
2026-09-19,wk inc covid hosp,2,2026-10-03,30,quantile,0.99,16
2026-09-19,wk inc covid hosp,2,2026-10-03,31,quantile,0.01,1
2026-09-19,wk inc covid hosp,2,2026-10-03,31,quantile,0.025,2
2026-09-19,wk inc covid hosp,2,2026-10-03,31,quantile,0.05,2
2026-09-19,wk inc covid hosp,2,2026-10-03,31,quantile,0.1,3
2026-09-19,wk inc covid hosp,2,2026-10-03,31,quantile,0.15,4
2026-09-19,wk inc covid hosp,2,2026-10-03,31,quantile,0.2,4
2026-09-19,wk inc covid hosp,2,2026-10-03,31,quantile,0.25,4
2026-09-19,wk inc covid hosp,2,2026-10-03,31,quantile,0.3,5
2026-09-19,wk inc covid hosp,2,2026-10-03,31,quantile,0.35,5
2026-09-19,wk inc covid hosp,2,2026-10-03,31,quantile,0.4,6
2026-09-19,wk inc covid hosp,2,2026-10-03,31,quantile,0.45,6
2026-09-19,wk inc covid hosp,2,2026-10-03,31,quantile,0.5,6
2026-09-19,wk inc covid hosp,2,2026-10-03,31,quantile,0.55,7
2026-09-19,wk inc covid hosp,2,2026-10-03,31,quantile,0.6,7
2026-09-19,wk inc covid hosp,2,2026-10-03,31,quantile,0.65,8
2026-09-19,wk inc covid hosp,2,2026-10-03,31,quantile,0.7,8
2026-09-19,wk inc covid hosp,2,2026-10-03,31,quantile,0.75,9
2026-09-19,wk inc covid hosp,2,2026-10-03,31,quantile,0.8,10
2026-09-19,wk inc covid hosp,2,2026-10-03,31,quantile,0.85,10
2026-09-19,wk inc covid hosp,2,2026-10-03,31,quantile,0.9,11
2026-09-19,wk inc covid hosp,2,2026-10-03,31,quantile,0.95,13
2026-09-19,wk inc covid hosp,2,2026-10-03,31,quantile,0.975,15
2026-09-19,wk inc covid hosp,2,2026-10-03,31,quantile,0.99,16
2026-09-19,wk inc covid hosp,2,2026-10-03,32,quantile,0.01,12
2026-09-19,wk inc covid hosp,2,2026-10-03,32,quantile,0.025,14
2026-09-19,wk inc covid hosp,2,2026-10-03,32,quantile,0.05,16
2026-09-19,wk inc covid hosp,2,2026-10-03,32,quantile,0.1,19
2026-09-19,wk inc covid hosp,2,2026-10-03,32,quantile,0.15,21
2026-09-19,wk inc covid hosp,2,2026-10-03,32,quantile,0.2,23
2026-09-19,wk inc covid hosp,2,2026-10-03,32,quantile,0.25,24
2026-09-19,wk inc covid hosp,2,2026-10-03,32,quantile,0.3,25
2026-09-19,wk inc covid hosp,2,2026-10-03,32,quantile,0.35,27
2026-09-19,wk inc covid hosp,2,2026-10-03,32,quantile,0.4,28
2026-09-19,wk inc covid hosp,2,2026-10-03,32,quantile,0.45,29
2026-09-19,wk inc covid hosp,2,2026-10-03,32,quantile,0.5,31
2026-09-19,wk inc covid hosp,2,2026-10-03,32,quantile,0.55,32
2026-09-19,wk inc covid hosp,2,2026-10-03,32,quantile,0.6,33
2026-09-19,wk inc covid hosp,2,2026-10-03,32,quantile,0.65,35
2026-09-19,wk inc covid hosp,2,2026-10-03,32,quantile,0.7,36
2026-09-19,wk inc covid hosp,2,2026-10-03,32,quantile,0.75,38
2026-09-19,wk inc covid hosp,2,2026-10-03,32,quantile,0.8,40
2026-09-19,wk inc covid hosp,2,2026-10-03,32,quantile,0.85,43
2026-09-19,wk inc covid hosp,2,2026-10-03,32,quantile,0.9,47
2026-09-19,wk inc covid hosp,2,2026-10-03,32,quantile,0.95,53
2026-09-19,wk inc covid hosp,2,2026-10-03,32,quantile,0.975,58
2026-09-19,wk inc covid hosp,2,2026-10-03,32,quantile,0.99,65
2026-09-19,wk inc covid hosp,2,2026-10-03,33,quantile,0.01,1
2026-09-19,wk inc covid hosp,2,2026-10-03,33,quantile,0.025,1
2026-09-19,wk inc covid hosp,2,2026-10-03,33,quantile,0.05,2
2026-09-19,wk inc covid hosp,2,2026-10-03,33,quantile,0.1,2
2026-09-19,wk inc covid hosp,2,2026-10-03,33,quantile,0.15,3
2026-09-19,wk inc covid hosp,2,2026-10-03,33,quantile,0.2,3
2026-09-19,wk inc covid hosp,2,2026-10-03,33,quantile,0.25,4
2026-09-19,wk inc covid hosp,2,2026-10-03,33,quantile,0.3,4
2026-09-19,wk inc covid hosp,2,2026-10-03,33,quantile,0.35,5
2026-09-19,wk inc covid hosp,2,2026-10-03,33,quantile,0.4,5
2026-09-19,wk inc covid hosp,2,2026-10-03,33,quantile,0.45,5
2026-09-19,wk inc covid hosp,2,2026-10-03,33,quantile,0.5,6
2026-09-19,wk inc covid hosp,2,2026-10-03,33,quantile,0.55,6
2026-09-19,wk inc covid hosp,2,2026-10-03,33,quantile,0.6,7
2026-09-19,wk inc covid hosp,2,2026-10-03,33,quantile,0.65,7
2026-09-19,wk inc covid hosp,2,2026-10-03,33,quantile,0.7,8
2026-09-19,wk inc covid hosp,2,2026-10-03,33,quantile,0.75,8
2026-09-19,wk inc covid hosp,2,2026-10-03,33,quantile,0.8,9
2026-09-19,wk inc covid hosp,2,2026-10-03,33,quantile,0.85,10
2026-09-19,wk inc covid hosp,2,2026-10-03,33,quantile,0.9,11
2026-09-19,wk inc covid hosp,2,2026-10-03,33,quantile,0.95,13
2026-09-19,wk inc covid hosp,2,2026-10-03,33,quantile,0.975,15
2026-09-19,wk inc covid hosp,2,2026-10-03,33,quantile,0.99,18
2026-09-19,wk inc covid hosp,2,2026-10-03,34,quantile,0.01,46
2026-09-19,wk inc covid hosp,2,2026-10-03,34,quantile,0.025,53
2026-09-19,wk inc covid hosp,2,2026-10-03,34,quantile,0.05,59
2026-09-19,wk inc covid hosp,2,2026-10-03,34,quantile,0.1,66
2026-09-19,wk inc covid hosp,2,2026-10-03,34,quantile,0.15,72
2026-09-19,wk inc covid hosp,2,2026-10-03,34,quantile,0.2,77
2026-09-19,wk inc covid hosp,2,2026-10-03,34,quantile,0.25,82
2026-09-19,wk inc covid hosp,2,2026-10-03,34,quantile,0.3,87
2026-09-19,wk inc covid hosp,2,2026-10-03,34,quantile,0.35,91
2026-09-19,wk inc covid hosp,2,2026-10-03,34,quantile,0.4,95
2026-09-19,wk inc covid hosp,2,2026-10-03,34,quantile,0.45,99
2026-09-19,wk inc covid hosp,2,2026-10-03,34,quantile,0.5,103
2026-09-19,wk inc covid hosp,2,2026-10-03,34,quantile,0.55,108
2026-09-19,wk inc covid hosp,2,2026-10-03,34,quantile,0.6,112
2026-09-19,wk inc covid hosp,2,2026-10-03,34,quantile,0.65,117
2026-09-19,wk inc covid hosp,2,2026-10-03,34,quantile,0.7,123
2026-09-19,wk inc covid hosp,2,2026-10-03,34,quantile,0.75,129.25000000000045
2026-09-19,wk inc covid hosp,2,2026-10-03,34,quantile,0.8,136
2026-09-19,wk inc covid hosp,2,2026-10-03,34,quantile,0.85,145
2026-09-19,wk inc covid hosp,2,2026-10-03,34,quantile,0.9,156
2026-09-19,wk inc covid hosp,2,2026-10-03,34,quantile,0.95,173
2026-09-19,wk inc covid hosp,2,2026-10-03,34,quantile,0.975,189
2026-09-19,wk inc covid hosp,2,2026-10-03,34,quantile,0.99,210.01000000000022
2026-09-19,wk inc covid hosp,2,2026-10-03,35,quantile,0.01,5
2026-09-19,wk inc covid hosp,2,2026-10-03,35,quantile,0.025,6
2026-09-19,wk inc covid hosp,2,2026-10-03,35,quantile,0.05,7
2026-09-19,wk inc covid hosp,2,2026-10-03,35,quantile,0.1,9
2026-09-19,wk inc covid hosp,2,2026-10-03,35,quantile,0.15,10
2026-09-19,wk inc covid hosp,2,2026-10-03,35,quantile,0.2,11
2026-09-19,wk inc covid hosp,2,2026-10-03,35,quantile,0.25,12
2026-09-19,wk inc covid hosp,2,2026-10-03,35,quantile,0.3,12
2026-09-19,wk inc covid hosp,2,2026-10-03,35,quantile,0.35,13
2026-09-19,wk inc covid hosp,2,2026-10-03,35,quantile,0.4,14
2026-09-19,wk inc covid hosp,2,2026-10-03,35,quantile,0.45,14
2026-09-19,wk inc covid hosp,2,2026-10-03,35,quantile,0.5,15
2026-09-19,wk inc covid hosp,2,2026-10-03,35,quantile,0.55,16
2026-09-19,wk inc covid hosp,2,2026-10-03,35,quantile,0.6,17
2026-09-19,wk inc covid hosp,2,2026-10-03,35,quantile,0.65,18
2026-09-19,wk inc covid hosp,2,2026-10-03,35,quantile,0.7,19
2026-09-19,wk inc covid hosp,2,2026-10-03,35,quantile,0.75,20
2026-09-19,wk inc covid hosp,2,2026-10-03,35,quantile,0.8,21
2026-09-19,wk inc covid hosp,2,2026-10-03,35,quantile,0.85,22
2026-09-19,wk inc covid hosp,2,2026-10-03,35,quantile,0.9,24
2026-09-19,wk inc covid hosp,2,2026-10-03,35,quantile,0.95,28
2026-09-19,wk inc covid hosp,2,2026-10-03,35,quantile,0.975,31
2026-09-19,wk inc covid hosp,2,2026-10-03,35,quantile,0.99,35
2026-09-19,wk inc covid hosp,2,2026-10-03,36,quantile,0.01,94
2026-09-19,wk inc covid hosp,2,2026-10-03,36,quantile,0.025,106
2026-09-19,wk inc covid hosp,2,2026-10-03,36,quantile,0.05,116
2026-09-19,wk inc covid hosp,2,2026-10-03,36,quantile,0.1,128.90000000000003
2026-09-19,wk inc covid hosp,2,2026-10-03,36,quantile,0.15,138
2026-09-19,wk inc covid hosp,2,2026-10-03,36,quantile,0.2,146
2026-09-19,wk inc covid hosp,2,2026-10-03,36,quantile,0.25,154
2026-09-19,wk inc covid hosp,2,2026-10-03,36,quantile,0.3,161
2026-09-19,wk inc covid hosp,2,2026-10-03,36,quantile,0.35,168
2026-09-19,wk inc covid hosp,2,2026-10-03,36,quantile,0.4,175
2026-09-19,wk inc covid hosp,2,2026-10-03,36,quantile,0.45,182
2026-09-19,wk inc covid hosp,2,2026-10-03,36,quantile,0.5,188
2026-09-19,wk inc covid hosp,2,2026-10-03,36,quantile,0.55,195
2026-09-19,wk inc covid hosp,2,2026-10-03,36,quantile,0.6,203
2026-09-19,wk inc covid hosp,2,2026-10-03,36,quantile,0.65,210
2026-09-19,wk inc covid hosp,2,2026-10-03,36,quantile,0.7,219
2026-09-19,wk inc covid hosp,2,2026-10-03,36,quantile,0.75,229
2026-09-19,wk inc covid hosp,2,2026-10-03,36,quantile,0.8,242
2026-09-19,wk inc covid hosp,2,2026-10-03,36,quantile,0.85,256
2026-09-19,wk inc covid hosp,2,2026-10-03,36,quantile,0.9,274
2026-09-19,wk inc covid hosp,2,2026-10-03,36,quantile,0.95,305.0500000000002
2026-09-19,wk inc covid hosp,2,2026-10-03,36,quantile,0.975,330
2026-09-19,wk inc covid hosp,2,2026-10-03,36,quantile,0.99,364.0100000000002
2026-09-19,wk inc covid hosp,2,2026-10-03,37,quantile,0.01,73
2026-09-19,wk inc covid hosp,2,2026-10-03,37,quantile,0.025,84
2026-09-19,wk inc covid hosp,2,2026-10-03,37,quantile,0.05,94
2026-09-19,wk inc covid hosp,2,2026-10-03,37,quantile,0.1,104
2026-09-19,wk inc covid hosp,2,2026-10-03,37,quantile,0.15,112
2026-09-19,wk inc covid hosp,2,2026-10-03,37,quantile,0.2,119
2026-09-19,wk inc covid hosp,2,2026-10-03,37,quantile,0.25,126
2026-09-19,wk inc covid hosp,2,2026-10-03,37,quantile,0.3,131
2026-09-19,wk inc covid hosp,2,2026-10-03,37,quantile,0.35,137
2026-09-19,wk inc covid hosp,2,2026-10-03,37,quantile,0.4,143
2026-09-19,wk inc covid hosp,2,2026-10-03,37,quantile,0.45,149
2026-09-19,wk inc covid hosp,2,2026-10-03,37,quantile,0.5,155
2026-09-19,wk inc covid hosp,2,2026-10-03,37,quantile,0.55,162
2026-09-19,wk inc covid hosp,2,2026-10-03,37,quantile,0.6,169
2026-09-19,wk inc covid hosp,2,2026-10-03,37,quantile,0.65,175
2026-09-19,wk inc covid hosp,2,2026-10-03,37,quantile,0.7,183
2026-09-19,wk inc covid hosp,2,2026-10-03,37,quantile,0.75,191
2026-09-19,wk inc covid hosp,2,2026-10-03,37,quantile,0.8,200
2026-09-19,wk inc covid hosp,2,2026-10-03,37,quantile,0.85,211
2026-09-19,wk inc covid hosp,2,2026-10-03,37,quantile,0.9,227
2026-09-19,wk inc covid hosp,2,2026-10-03,37,quantile,0.95,252
2026-09-19,wk inc covid hosp,2,2026-10-03,37,quantile,0.975,279
2026-09-19,wk inc covid hosp,2,2026-10-03,37,quantile,0.99,314
2026-09-19,wk inc covid hosp,2,2026-10-03,38,quantile,0.01,0
2026-09-19,wk inc covid hosp,2,2026-10-03,38,quantile,0.025,0
2026-09-19,wk inc covid hosp,2,2026-10-03,38,quantile,0.05,0
2026-09-19,wk inc covid hosp,2,2026-10-03,38,quantile,0.1,0
2026-09-19,wk inc covid hosp,2,2026-10-03,38,quantile,0.15,1
2026-09-19,wk inc covid hosp,2,2026-10-03,38,quantile,0.2,1
2026-09-19,wk inc covid hosp,2,2026-10-03,38,quantile,0.25,1
2026-09-19,wk inc covid hosp,2,2026-10-03,38,quantile,0.3,1
2026-09-19,wk inc covid hosp,2,2026-10-03,38,quantile,0.35,2
2026-09-19,wk inc covid hosp,2,2026-10-03,38,quantile,0.4,2
2026-09-19,wk inc covid hosp,2,2026-10-03,38,quantile,0.45,2
2026-09-19,wk inc covid hosp,2,2026-10-03,38,quantile,0.5,2
2026-09-19,wk inc covid hosp,2,2026-10-03,38,quantile,0.55,2
2026-09-19,wk inc covid hosp,2,2026-10-03,38,quantile,0.6,3
2026-09-19,wk inc covid hosp,2,2026-10-03,38,quantile,0.65,3
2026-09-19,wk inc covid hosp,2,2026-10-03,38,quantile,0.7,3
2026-09-19,wk inc covid hosp,2,2026-10-03,38,quantile,0.75,3
2026-09-19,wk inc covid hosp,2,2026-10-03,38,quantile,0.8,4
2026-09-19,wk inc covid hosp,2,2026-10-03,38,quantile,0.85,4
2026-09-19,wk inc covid hosp,2,2026-10-03,38,quantile,0.9,5
2026-09-19,wk inc covid hosp,2,2026-10-03,38,quantile,0.95,6
2026-09-19,wk inc covid hosp,2,2026-10-03,38,quantile,0.975,7
2026-09-19,wk inc covid hosp,2,2026-10-03,38,quantile,0.99,8
2026-09-19,wk inc covid hosp,2,2026-10-03,39,quantile,0.01,32
2026-09-19,wk inc covid hosp,2,2026-10-03,39,quantile,0.025,37
2026-09-19,wk inc covid hosp,2,2026-10-03,39,quantile,0.05,41
2026-09-19,wk inc covid hosp,2,2026-10-03,39,quantile,0.1,46
2026-09-19,wk inc covid hosp,2,2026-10-03,39,quantile,0.15,50
2026-09-19,wk inc covid hosp,2,2026-10-03,39,quantile,0.2,53
2026-09-19,wk inc covid hosp,2,2026-10-03,39,quantile,0.25,56
2026-09-19,wk inc covid hosp,2,2026-10-03,39,quantile,0.3,59
2026-09-19,wk inc covid hosp,2,2026-10-03,39,quantile,0.35,61
2026-09-19,wk inc covid hosp,2,2026-10-03,39,quantile,0.4,64
2026-09-19,wk inc covid hosp,2,2026-10-03,39,quantile,0.45,67
2026-09-19,wk inc covid hosp,2,2026-10-03,39,quantile,0.5,69
2026-09-19,wk inc covid hosp,2,2026-10-03,39,quantile,0.55,72
2026-09-19,wk inc covid hosp,2,2026-10-03,39,quantile,0.6,75
2026-09-19,wk inc covid hosp,2,2026-10-03,39,quantile,0.65,78
2026-09-19,wk inc covid hosp,2,2026-10-03,39,quantile,0.7,81
2026-09-19,wk inc covid hosp,2,2026-10-03,39,quantile,0.75,85
2026-09-19,wk inc covid hosp,2,2026-10-03,39,quantile,0.8,89
2026-09-19,wk inc covid hosp,2,2026-10-03,39,quantile,0.85,94
2026-09-19,wk inc covid hosp,2,2026-10-03,39,quantile,0.9,101
2026-09-19,wk inc covid hosp,2,2026-10-03,39,quantile,0.95,113
2026-09-19,wk inc covid hosp,2,2026-10-03,39,quantile,0.975,124
2026-09-19,wk inc covid hosp,2,2026-10-03,39,quantile,0.99,137.02000000000044
2026-09-19,wk inc covid hosp,2,2026-10-03,40,quantile,0.01,9
2026-09-19,wk inc covid hosp,2,2026-10-03,40,quantile,0.025,11
2026-09-19,wk inc covid hosp,2,2026-10-03,40,quantile,0.05,13
2026-09-19,wk inc covid hosp,2,2026-10-03,40,quantile,0.1,15
2026-09-19,wk inc covid hosp,2,2026-10-03,40,quantile,0.15,16
2026-09-19,wk inc covid hosp,2,2026-10-03,40,quantile,0.2,17
2026-09-19,wk inc covid hosp,2,2026-10-03,40,quantile,0.25,18
2026-09-19,wk inc covid hosp,2,2026-10-03,40,quantile,0.3,19
2026-09-19,wk inc covid hosp,2,2026-10-03,40,quantile,0.35,20
2026-09-19,wk inc covid hosp,2,2026-10-03,40,quantile,0.4,21
2026-09-19,wk inc covid hosp,2,2026-10-03,40,quantile,0.45,23
2026-09-19,wk inc covid hosp,2,2026-10-03,40,quantile,0.5,24
2026-09-19,wk inc covid hosp,2,2026-10-03,40,quantile,0.55,25
2026-09-19,wk inc covid hosp,2,2026-10-03,40,quantile,0.6,26
2026-09-19,wk inc covid hosp,2,2026-10-03,40,quantile,0.65,27
2026-09-19,wk inc covid hosp,2,2026-10-03,40,quantile,0.7,29
2026-09-19,wk inc covid hosp,2,2026-10-03,40,quantile,0.75,30
2026-09-19,wk inc covid hosp,2,2026-10-03,40,quantile,0.8,32
2026-09-19,wk inc covid hosp,2,2026-10-03,40,quantile,0.85,34
2026-09-19,wk inc covid hosp,2,2026-10-03,40,quantile,0.9,36
2026-09-19,wk inc covid hosp,2,2026-10-03,40,quantile,0.95,41
2026-09-19,wk inc covid hosp,2,2026-10-03,40,quantile,0.975,45
2026-09-19,wk inc covid hosp,2,2026-10-03,40,quantile,0.99,49
2026-09-19,wk inc covid hosp,2,2026-10-03,41,quantile,0.01,7
2026-09-19,wk inc covid hosp,2,2026-10-03,41,quantile,0.025,9
2026-09-19,wk inc covid hosp,2,2026-10-03,41,quantile,0.05,10
2026-09-19,wk inc covid hosp,2,2026-10-03,41,quantile,0.1,12
2026-09-19,wk inc covid hosp,2,2026-10-03,41,quantile,0.15,13
2026-09-19,wk inc covid hosp,2,2026-10-03,41,quantile,0.2,15
2026-09-19,wk inc covid hosp,2,2026-10-03,41,quantile,0.25,16
2026-09-19,wk inc covid hosp,2,2026-10-03,41,quantile,0.3,17
2026-09-19,wk inc covid hosp,2,2026-10-03,41,quantile,0.35,17
2026-09-19,wk inc covid hosp,2,2026-10-03,41,quantile,0.4,19
2026-09-19,wk inc covid hosp,2,2026-10-03,41,quantile,0.45,20
2026-09-19,wk inc covid hosp,2,2026-10-03,41,quantile,0.5,20
2026-09-19,wk inc covid hosp,2,2026-10-03,41,quantile,0.55,21
2026-09-19,wk inc covid hosp,2,2026-10-03,41,quantile,0.6,23
2026-09-19,wk inc covid hosp,2,2026-10-03,41,quantile,0.65,24
2026-09-19,wk inc covid hosp,2,2026-10-03,41,quantile,0.7,25
2026-09-19,wk inc covid hosp,2,2026-10-03,41,quantile,0.75,26
2026-09-19,wk inc covid hosp,2,2026-10-03,41,quantile,0.8,28
2026-09-19,wk inc covid hosp,2,2026-10-03,41,quantile,0.85,30
2026-09-19,wk inc covid hosp,2,2026-10-03,41,quantile,0.9,32
2026-09-19,wk inc covid hosp,2,2026-10-03,41,quantile,0.95,37
2026-09-19,wk inc covid hosp,2,2026-10-03,41,quantile,0.975,41
2026-09-19,wk inc covid hosp,2,2026-10-03,41,quantile,0.99,46
2026-09-19,wk inc covid hosp,2,2026-10-03,42,quantile,0.01,58.99
2026-09-19,wk inc covid hosp,2,2026-10-03,42,quantile,0.025,66
2026-09-19,wk inc covid hosp,2,2026-10-03,42,quantile,0.05,72
2026-09-19,wk inc covid hosp,2,2026-10-03,42,quantile,0.1,81
2026-09-19,wk inc covid hosp,2,2026-10-03,42,quantile,0.15,87
2026-09-19,wk inc covid hosp,2,2026-10-03,42,quantile,0.2,92
2026-09-19,wk inc covid hosp,2,2026-10-03,42,quantile,0.25,97
2026-09-19,wk inc covid hosp,2,2026-10-03,42,quantile,0.3,101
2026-09-19,wk inc covid hosp,2,2026-10-03,42,quantile,0.35,105
2026-09-19,wk inc covid hosp,2,2026-10-03,42,quantile,0.4,109
2026-09-19,wk inc covid hosp,2,2026-10-03,42,quantile,0.45,114
2026-09-19,wk inc covid hosp,2,2026-10-03,42,quantile,0.5,118
2026-09-19,wk inc covid hosp,2,2026-10-03,42,quantile,0.55,122
2026-09-19,wk inc covid hosp,2,2026-10-03,42,quantile,0.6,126
2026-09-19,wk inc covid hosp,2,2026-10-03,42,quantile,0.65,131
2026-09-19,wk inc covid hosp,2,2026-10-03,42,quantile,0.7,137
2026-09-19,wk inc covid hosp,2,2026-10-03,42,quantile,0.75,142
2026-09-19,wk inc covid hosp,2,2026-10-03,42,quantile,0.8,149
2026-09-19,wk inc covid hosp,2,2026-10-03,42,quantile,0.85,157
2026-09-19,wk inc covid hosp,2,2026-10-03,42,quantile,0.9,170
2026-09-19,wk inc covid hosp,2,2026-10-03,42,quantile,0.95,187
2026-09-19,wk inc covid hosp,2,2026-10-03,42,quantile,0.975,203
2026-09-19,wk inc covid hosp,2,2026-10-03,42,quantile,0.99,227.01000000000022
2026-09-19,wk inc covid hosp,2,2026-10-03,44,quantile,0.01,0
2026-09-19,wk inc covid hosp,2,2026-10-03,44,quantile,0.025,1
2026-09-19,wk inc covid hosp,2,2026-10-03,44,quantile,0.05,1
2026-09-19,wk inc covid hosp,2,2026-10-03,44,quantile,0.1,2
2026-09-19,wk inc covid hosp,2,2026-10-03,44,quantile,0.15,3
2026-09-19,wk inc covid hosp,2,2026-10-03,44,quantile,0.2,3
2026-09-19,wk inc covid hosp,2,2026-10-03,44,quantile,0.25,4
2026-09-19,wk inc covid hosp,2,2026-10-03,44,quantile,0.3,4
2026-09-19,wk inc covid hosp,2,2026-10-03,44,quantile,0.35,4
2026-09-19,wk inc covid hosp,2,2026-10-03,44,quantile,0.4,5
2026-09-19,wk inc covid hosp,2,2026-10-03,44,quantile,0.45,5
2026-09-19,wk inc covid hosp,2,2026-10-03,44,quantile,0.5,6
2026-09-19,wk inc covid hosp,2,2026-10-03,44,quantile,0.55,6
2026-09-19,wk inc covid hosp,2,2026-10-03,44,quantile,0.6,6
2026-09-19,wk inc covid hosp,2,2026-10-03,44,quantile,0.65,7
2026-09-19,wk inc covid hosp,2,2026-10-03,44,quantile,0.7,7
2026-09-19,wk inc covid hosp,2,2026-10-03,44,quantile,0.75,8
2026-09-19,wk inc covid hosp,2,2026-10-03,44,quantile,0.8,9
2026-09-19,wk inc covid hosp,2,2026-10-03,44,quantile,0.85,10
2026-09-19,wk inc covid hosp,2,2026-10-03,44,quantile,0.9,11
2026-09-19,wk inc covid hosp,2,2026-10-03,44,quantile,0.95,13
2026-09-19,wk inc covid hosp,2,2026-10-03,44,quantile,0.975,15
2026-09-19,wk inc covid hosp,2,2026-10-03,44,quantile,0.99,17
2026-09-19,wk inc covid hosp,2,2026-10-03,45,quantile,0.01,28
2026-09-19,wk inc covid hosp,2,2026-10-03,45,quantile,0.025,32
2026-09-19,wk inc covid hosp,2,2026-10-03,45,quantile,0.05,36
2026-09-19,wk inc covid hosp,2,2026-10-03,45,quantile,0.1,43
2026-09-19,wk inc covid hosp,2,2026-10-03,45,quantile,0.15,47
2026-09-19,wk inc covid hosp,2,2026-10-03,45,quantile,0.2,50
2026-09-19,wk inc covid hosp,2,2026-10-03,45,quantile,0.25,54
2026-09-19,wk inc covid hosp,2,2026-10-03,45,quantile,0.3,56
2026-09-19,wk inc covid hosp,2,2026-10-03,45,quantile,0.35,59
2026-09-19,wk inc covid hosp,2,2026-10-03,45,quantile,0.4,63
2026-09-19,wk inc covid hosp,2,2026-10-03,45,quantile,0.45,65.55000000000018
2026-09-19,wk inc covid hosp,2,2026-10-03,45,quantile,0.5,69
2026-09-19,wk inc covid hosp,2,2026-10-03,45,quantile,0.55,72
2026-09-19,wk inc covid hosp,2,2026-10-03,45,quantile,0.6,75
2026-09-19,wk inc covid hosp,2,2026-10-03,45,quantile,0.65,79
2026-09-19,wk inc covid hosp,2,2026-10-03,45,quantile,0.7,82
2026-09-19,wk inc covid hosp,2,2026-10-03,45,quantile,0.75,87
2026-09-19,wk inc covid hosp,2,2026-10-03,45,quantile,0.8,92
2026-09-19,wk inc covid hosp,2,2026-10-03,45,quantile,0.85,98
2026-09-19,wk inc covid hosp,2,2026-10-03,45,quantile,0.9,107
2026-09-19,wk inc covid hosp,2,2026-10-03,45,quantile,0.95,121
2026-09-19,wk inc covid hosp,2,2026-10-03,45,quantile,0.975,136
2026-09-19,wk inc covid hosp,2,2026-10-03,45,quantile,0.99,159.01000000000022
2026-09-19,wk inc covid hosp,2,2026-10-03,46,quantile,0.01,0
2026-09-19,wk inc covid hosp,2,2026-10-03,46,quantile,0.025,0
2026-09-19,wk inc covid hosp,2,2026-10-03,46,quantile,0.05,1
2026-09-19,wk inc covid hosp,2,2026-10-03,46,quantile,0.1,1
2026-09-19,wk inc covid hosp,2,2026-10-03,46,quantile,0.15,2
2026-09-19,wk inc covid hosp,2,2026-10-03,46,quantile,0.2,2
2026-09-19,wk inc covid hosp,2,2026-10-03,46,quantile,0.25,2
2026-09-19,wk inc covid hosp,2,2026-10-03,46,quantile,0.3,2
2026-09-19,wk inc covid hosp,2,2026-10-03,46,quantile,0.35,3
2026-09-19,wk inc covid hosp,2,2026-10-03,46,quantile,0.4,3
2026-09-19,wk inc covid hosp,2,2026-10-03,46,quantile,0.45,3
2026-09-19,wk inc covid hosp,2,2026-10-03,46,quantile,0.5,4
2026-09-19,wk inc covid hosp,2,2026-10-03,46,quantile,0.55,4
2026-09-19,wk inc covid hosp,2,2026-10-03,46,quantile,0.6,4
2026-09-19,wk inc covid hosp,2,2026-10-03,46,quantile,0.65,5
2026-09-19,wk inc covid hosp,2,2026-10-03,46,quantile,0.7,5
2026-09-19,wk inc covid hosp,2,2026-10-03,46,quantile,0.75,5
2026-09-19,wk inc covid hosp,2,2026-10-03,46,quantile,0.8,6
2026-09-19,wk inc covid hosp,2,2026-10-03,46,quantile,0.85,6
2026-09-19,wk inc covid hosp,2,2026-10-03,46,quantile,0.9,7
2026-09-19,wk inc covid hosp,2,2026-10-03,46,quantile,0.95,8
2026-09-19,wk inc covid hosp,2,2026-10-03,46,quantile,0.975,9
2026-09-19,wk inc covid hosp,2,2026-10-03,46,quantile,0.99,11
2026-09-19,wk inc covid hosp,2,2026-10-03,47,quantile,0.01,38
2026-09-19,wk inc covid hosp,2,2026-10-03,47,quantile,0.025,43
2026-09-19,wk inc covid hosp,2,2026-10-03,47,quantile,0.05,46
2026-09-19,wk inc covid hosp,2,2026-10-03,47,quantile,0.1,52
2026-09-19,wk inc covid hosp,2,2026-10-03,47,quantile,0.15,56
2026-09-19,wk inc covid hosp,2,2026-10-03,47,quantile,0.2,59.80000000000007
2026-09-19,wk inc covid hosp,2,2026-10-03,47,quantile,0.25,63
2026-09-19,wk inc covid hosp,2,2026-10-03,47,quantile,0.3,65
2026-09-19,wk inc covid hosp,2,2026-10-03,47,quantile,0.35,68
2026-09-19,wk inc covid hosp,2,2026-10-03,47,quantile,0.4,70
2026-09-19,wk inc covid hosp,2,2026-10-03,47,quantile,0.45,73
2026-09-19,wk inc covid hosp,2,2026-10-03,47,quantile,0.5,76
2026-09-19,wk inc covid hosp,2,2026-10-03,47,quantile,0.55,79
2026-09-19,wk inc covid hosp,2,2026-10-03,47,quantile,0.6,81
2026-09-19,wk inc covid hosp,2,2026-10-03,47,quantile,0.65,84
2026-09-19,wk inc covid hosp,2,2026-10-03,47,quantile,0.7,88
2026-09-19,wk inc covid hosp,2,2026-10-03,47,quantile,0.75,92
2026-09-19,wk inc covid hosp,2,2026-10-03,47,quantile,0.8,96
2026-09-19,wk inc covid hosp,2,2026-10-03,47,quantile,0.85,101
2026-09-19,wk inc covid hosp,2,2026-10-03,47,quantile,0.9,108
2026-09-19,wk inc covid hosp,2,2026-10-03,47,quantile,0.95,119
2026-09-19,wk inc covid hosp,2,2026-10-03,47,quantile,0.975,129
2026-09-19,wk inc covid hosp,2,2026-10-03,47,quantile,0.99,140.01000000000022
2026-09-19,wk inc covid hosp,2,2026-10-03,48,quantile,0.01,229.98
2026-09-19,wk inc covid hosp,2,2026-10-03,48,quantile,0.025,249.97500000000002
2026-09-19,wk inc covid hosp,2,2026-10-03,48,quantile,0.05,271
2026-09-19,wk inc covid hosp,2,2026-10-03,48,quantile,0.1,301
2026-09-19,wk inc covid hosp,2,2026-10-03,48,quantile,0.15,325
2026-09-19,wk inc covid hosp,2,2026-10-03,48,quantile,0.2,343
2026-09-19,wk inc covid hosp,2,2026-10-03,48,quantile,0.25,360
2026-09-19,wk inc covid hosp,2,2026-10-03,48,quantile,0.3,376
2026-09-19,wk inc covid hosp,2,2026-10-03,48,quantile,0.35,391
2026-09-19,wk inc covid hosp,2,2026-10-03,48,quantile,0.4,408
2026-09-19,wk inc covid hosp,2,2026-10-03,48,quantile,0.45,424
2026-09-19,wk inc covid hosp,2,2026-10-03,48,quantile,0.5,439
2026-09-19,wk inc covid hosp,2,2026-10-03,48,quantile,0.55,455.4500000000003
2026-09-19,wk inc covid hosp,2,2026-10-03,48,quantile,0.6,474
2026-09-19,wk inc covid hosp,2,2026-10-03,48,quantile,0.65,490
2026-09-19,wk inc covid hosp,2,2026-10-03,48,quantile,0.7,511
2026-09-19,wk inc covid hosp,2,2026-10-03,48,quantile,0.75,536
2026-09-19,wk inc covid hosp,2,2026-10-03,48,quantile,0.8,560
2026-09-19,wk inc covid hosp,2,2026-10-03,48,quantile,0.85,593
2026-09-19,wk inc covid hosp,2,2026-10-03,48,quantile,0.9,643
2026-09-19,wk inc covid hosp,2,2026-10-03,48,quantile,0.95,716
2026-09-19,wk inc covid hosp,2,2026-10-03,48,quantile,0.975,780.0249999999996
2026-09-19,wk inc covid hosp,2,2026-10-03,48,quantile,0.99,871.0200000000004
2026-09-19,wk inc covid hosp,2,2026-10-03,49,quantile,0.01,4
2026-09-19,wk inc covid hosp,2,2026-10-03,49,quantile,0.025,5
2026-09-19,wk inc covid hosp,2,2026-10-03,49,quantile,0.05,6
2026-09-19,wk inc covid hosp,2,2026-10-03,49,quantile,0.1,7
2026-09-19,wk inc covid hosp,2,2026-10-03,49,quantile,0.15,8
2026-09-19,wk inc covid hosp,2,2026-10-03,49,quantile,0.2,9
2026-09-19,wk inc covid hosp,2,2026-10-03,49,quantile,0.25,10
2026-09-19,wk inc covid hosp,2,2026-10-03,49,quantile,0.3,11
2026-09-19,wk inc covid hosp,2,2026-10-03,49,quantile,0.35,11
2026-09-19,wk inc covid hosp,2,2026-10-03,49,quantile,0.4,12
2026-09-19,wk inc covid hosp,2,2026-10-03,49,quantile,0.45,13
2026-09-19,wk inc covid hosp,2,2026-10-03,49,quantile,0.5,13
2026-09-19,wk inc covid hosp,2,2026-10-03,49,quantile,0.55,14
2026-09-19,wk inc covid hosp,2,2026-10-03,49,quantile,0.6,15
2026-09-19,wk inc covid hosp,2,2026-10-03,49,quantile,0.65,15
2026-09-19,wk inc covid hosp,2,2026-10-03,49,quantile,0.7,16
2026-09-19,wk inc covid hosp,2,2026-10-03,49,quantile,0.75,17
2026-09-19,wk inc covid hosp,2,2026-10-03,49,quantile,0.8,18
2026-09-19,wk inc covid hosp,2,2026-10-03,49,quantile,0.85,19
2026-09-19,wk inc covid hosp,2,2026-10-03,49,quantile,0.9,21
2026-09-19,wk inc covid hosp,2,2026-10-03,49,quantile,0.95,24
2026-09-19,wk inc covid hosp,2,2026-10-03,49,quantile,0.975,26
2026-09-19,wk inc covid hosp,2,2026-10-03,49,quantile,0.99,29
2026-09-19,wk inc covid hosp,2,2026-10-03,50,quantile,0.01,0
2026-09-19,wk inc covid hosp,2,2026-10-03,50,quantile,0.025,0
2026-09-19,wk inc covid hosp,2,2026-10-03,50,quantile,0.05,0
2026-09-19,wk inc covid hosp,2,2026-10-03,50,quantile,0.1,1
2026-09-19,wk inc covid hosp,2,2026-10-03,50,quantile,0.15,1
2026-09-19,wk inc covid hosp,2,2026-10-03,50,quantile,0.2,1
2026-09-19,wk inc covid hosp,2,2026-10-03,50,quantile,0.25,1
2026-09-19,wk inc covid hosp,2,2026-10-03,50,quantile,0.3,2
2026-09-19,wk inc covid hosp,2,2026-10-03,50,quantile,0.35,2
2026-09-19,wk inc covid hosp,2,2026-10-03,50,quantile,0.4,2
2026-09-19,wk inc covid hosp,2,2026-10-03,50,quantile,0.45,2
2026-09-19,wk inc covid hosp,2,2026-10-03,50,quantile,0.5,3
2026-09-19,wk inc covid hosp,2,2026-10-03,50,quantile,0.55,3
2026-09-19,wk inc covid hosp,2,2026-10-03,50,quantile,0.6,3
2026-09-19,wk inc covid hosp,2,2026-10-03,50,quantile,0.65,3
2026-09-19,wk inc covid hosp,2,2026-10-03,50,quantile,0.7,4
2026-09-19,wk inc covid hosp,2,2026-10-03,50,quantile,0.75,4
2026-09-19,wk inc covid hosp,2,2026-10-03,50,quantile,0.8,5
2026-09-19,wk inc covid hosp,2,2026-10-03,50,quantile,0.85,5
2026-09-19,wk inc covid hosp,2,2026-10-03,50,quantile,0.9,6
2026-09-19,wk inc covid hosp,2,2026-10-03,50,quantile,0.95,7
2026-09-19,wk inc covid hosp,2,2026-10-03,50,quantile,0.975,8
2026-09-19,wk inc covid hosp,2,2026-10-03,50,quantile,0.99,9
2026-09-19,wk inc covid hosp,2,2026-10-03,51,quantile,0.01,18
2026-09-19,wk inc covid hosp,2,2026-10-03,51,quantile,0.025,21
2026-09-19,wk inc covid hosp,2,2026-10-03,51,quantile,0.05,23.950000000000017
2026-09-19,wk inc covid hosp,2,2026-10-03,51,quantile,0.1,26
2026-09-19,wk inc covid hosp,2,2026-10-03,51,quantile,0.15,29
2026-09-19,wk inc covid hosp,2,2026-10-03,51,quantile,0.2,31
2026-09-19,wk inc covid hosp,2,2026-10-03,51,quantile,0.25,33
2026-09-19,wk inc covid hosp,2,2026-10-03,51,quantile,0.3,34
2026-09-19,wk inc covid hosp,2,2026-10-03,51,quantile,0.35,36
2026-09-19,wk inc covid hosp,2,2026-10-03,51,quantile,0.4,38
2026-09-19,wk inc covid hosp,2,2026-10-03,51,quantile,0.45,39
2026-09-19,wk inc covid hosp,2,2026-10-03,51,quantile,0.5,41
2026-09-19,wk inc covid hosp,2,2026-10-03,51,quantile,0.55,43
2026-09-19,wk inc covid hosp,2,2026-10-03,51,quantile,0.6,44
2026-09-19,wk inc covid hosp,2,2026-10-03,51,quantile,0.65,46
2026-09-19,wk inc covid hosp,2,2026-10-03,51,quantile,0.7,48
2026-09-19,wk inc covid hosp,2,2026-10-03,51,quantile,0.75,51
2026-09-19,wk inc covid hosp,2,2026-10-03,51,quantile,0.8,53
2026-09-19,wk inc covid hosp,2,2026-10-03,51,quantile,0.85,57
2026-09-19,wk inc covid hosp,2,2026-10-03,51,quantile,0.9,61
2026-09-19,wk inc covid hosp,2,2026-10-03,51,quantile,0.95,67
2026-09-19,wk inc covid hosp,2,2026-10-03,51,quantile,0.975,74
2026-09-19,wk inc covid hosp,2,2026-10-03,51,quantile,0.99,83
2026-09-19,wk inc covid hosp,2,2026-10-03,53,quantile,0.01,33
2026-09-19,wk inc covid hosp,2,2026-10-03,53,quantile,0.025,38
2026-09-19,wk inc covid hosp,2,2026-10-03,53,quantile,0.05,43
2026-09-19,wk inc covid hosp,2,2026-10-03,53,quantile,0.1,50
2026-09-19,wk inc covid hosp,2,2026-10-03,53,quantile,0.15,55
2026-09-19,wk inc covid hosp,2,2026-10-03,53,quantile,0.2,59
2026-09-19,wk inc covid hosp,2,2026-10-03,53,quantile,0.25,62
2026-09-19,wk inc covid hosp,2,2026-10-03,53,quantile,0.3,66
2026-09-19,wk inc covid hosp,2,2026-10-03,53,quantile,0.35,70
2026-09-19,wk inc covid hosp,2,2026-10-03,53,quantile,0.4,73
2026-09-19,wk inc covid hosp,2,2026-10-03,53,quantile,0.45,76.55000000000018
2026-09-19,wk inc covid hosp,2,2026-10-03,53,quantile,0.5,80
2026-09-19,wk inc covid hosp,2,2026-10-03,53,quantile,0.55,84
2026-09-19,wk inc covid hosp,2,2026-10-03,53,quantile,0.6,88
2026-09-19,wk inc covid hosp,2,2026-10-03,53,quantile,0.65,93
2026-09-19,wk inc covid hosp,2,2026-10-03,53,quantile,0.7,97
2026-09-19,wk inc covid hosp,2,2026-10-03,53,quantile,0.75,103
2026-09-19,wk inc covid hosp,2,2026-10-03,53,quantile,0.8,109
2026-09-19,wk inc covid hosp,2,2026-10-03,53,quantile,0.85,117
2026-09-19,wk inc covid hosp,2,2026-10-03,53,quantile,0.9,128
2026-09-19,wk inc covid hosp,2,2026-10-03,53,quantile,0.95,146
2026-09-19,wk inc covid hosp,2,2026-10-03,53,quantile,0.975,161
2026-09-19,wk inc covid hosp,2,2026-10-03,53,quantile,0.99,179
2026-09-19,wk inc covid hosp,2,2026-10-03,54,quantile,0.01,2
2026-09-19,wk inc covid hosp,2,2026-10-03,54,quantile,0.025,2
2026-09-19,wk inc covid hosp,2,2026-10-03,54,quantile,0.05,3
2026-09-19,wk inc covid hosp,2,2026-10-03,54,quantile,0.1,4
2026-09-19,wk inc covid hosp,2,2026-10-03,54,quantile,0.15,5
2026-09-19,wk inc covid hosp,2,2026-10-03,54,quantile,0.2,6
2026-09-19,wk inc covid hosp,2,2026-10-03,54,quantile,0.25,6
2026-09-19,wk inc covid hosp,2,2026-10-03,54,quantile,0.3,7
2026-09-19,wk inc covid hosp,2,2026-10-03,54,quantile,0.35,7
2026-09-19,wk inc covid hosp,2,2026-10-03,54,quantile,0.4,8
2026-09-19,wk inc covid hosp,2,2026-10-03,54,quantile,0.45,8
2026-09-19,wk inc covid hosp,2,2026-10-03,54,quantile,0.5,9
2026-09-19,wk inc covid hosp,2,2026-10-03,54,quantile,0.55,9
2026-09-19,wk inc covid hosp,2,2026-10-03,54,quantile,0.6,10
2026-09-19,wk inc covid hosp,2,2026-10-03,54,quantile,0.65,10
2026-09-19,wk inc covid hosp,2,2026-10-03,54,quantile,0.7,11
2026-09-19,wk inc covid hosp,2,2026-10-03,54,quantile,0.75,12
2026-09-19,wk inc covid hosp,2,2026-10-03,54,quantile,0.8,12
2026-09-19,wk inc covid hosp,2,2026-10-03,54,quantile,0.85,13
2026-09-19,wk inc covid hosp,2,2026-10-03,54,quantile,0.9,15
2026-09-19,wk inc covid hosp,2,2026-10-03,54,quantile,0.95,17
2026-09-19,wk inc covid hosp,2,2026-10-03,54,quantile,0.975,19
2026-09-19,wk inc covid hosp,2,2026-10-03,54,quantile,0.99,21
2026-09-19,wk inc covid hosp,2,2026-10-03,55,quantile,0.01,8
2026-09-19,wk inc covid hosp,2,2026-10-03,55,quantile,0.025,10
2026-09-19,wk inc covid hosp,2,2026-10-03,55,quantile,0.05,12
2026-09-19,wk inc covid hosp,2,2026-10-03,55,quantile,0.1,14
2026-09-19,wk inc covid hosp,2,2026-10-03,55,quantile,0.15,15
2026-09-19,wk inc covid hosp,2,2026-10-03,55,quantile,0.2,17
2026-09-19,wk inc covid hosp,2,2026-10-03,55,quantile,0.25,18
2026-09-19,wk inc covid hosp,2,2026-10-03,55,quantile,0.3,19
2026-09-19,wk inc covid hosp,2,2026-10-03,55,quantile,0.35,20
2026-09-19,wk inc covid hosp,2,2026-10-03,55,quantile,0.4,22
2026-09-19,wk inc covid hosp,2,2026-10-03,55,quantile,0.45,23
2026-09-19,wk inc covid hosp,2,2026-10-03,55,quantile,0.5,24
2026-09-19,wk inc covid hosp,2,2026-10-03,55,quantile,0.55,25
2026-09-19,wk inc covid hosp,2,2026-10-03,55,quantile,0.6,26
2026-09-19,wk inc covid hosp,2,2026-10-03,55,quantile,0.65,28
2026-09-19,wk inc covid hosp,2,2026-10-03,55,quantile,0.7,29
2026-09-19,wk inc covid hosp,2,2026-10-03,55,quantile,0.75,31
2026-09-19,wk inc covid hosp,2,2026-10-03,55,quantile,0.8,32
2026-09-19,wk inc covid hosp,2,2026-10-03,55,quantile,0.85,35
2026-09-19,wk inc covid hosp,2,2026-10-03,55,quantile,0.9,38
2026-09-19,wk inc covid hosp,2,2026-10-03,55,quantile,0.95,42
2026-09-19,wk inc covid hosp,2,2026-10-03,55,quantile,0.975,47
2026-09-19,wk inc covid hosp,2,2026-10-03,55,quantile,0.99,53
2026-09-19,wk inc covid hosp,2,2026-10-03,56,quantile,0.01,0
2026-09-19,wk inc covid hosp,2,2026-10-03,56,quantile,0.025,0
2026-09-19,wk inc covid hosp,2,2026-10-03,56,quantile,0.05,0
2026-09-19,wk inc covid hosp,2,2026-10-03,56,quantile,0.1,1
2026-09-19,wk inc covid hosp,2,2026-10-03,56,quantile,0.15,1
2026-09-19,wk inc covid hosp,2,2026-10-03,56,quantile,0.2,1
2026-09-19,wk inc covid hosp,2,2026-10-03,56,quantile,0.25,2
2026-09-19,wk inc covid hosp,2,2026-10-03,56,quantile,0.3,2
2026-09-19,wk inc covid hosp,2,2026-10-03,56,quantile,0.35,2
2026-09-19,wk inc covid hosp,2,2026-10-03,56,quantile,0.4,2
2026-09-19,wk inc covid hosp,2,2026-10-03,56,quantile,0.45,3
2026-09-19,wk inc covid hosp,2,2026-10-03,56,quantile,0.5,3
2026-09-19,wk inc covid hosp,2,2026-10-03,56,quantile,0.55,3
2026-09-19,wk inc covid hosp,2,2026-10-03,56,quantile,0.6,3
2026-09-19,wk inc covid hosp,2,2026-10-03,56,quantile,0.65,4
2026-09-19,wk inc covid hosp,2,2026-10-03,56,quantile,0.7,4
2026-09-19,wk inc covid hosp,2,2026-10-03,56,quantile,0.75,4
2026-09-19,wk inc covid hosp,2,2026-10-03,56,quantile,0.8,5
2026-09-19,wk inc covid hosp,2,2026-10-03,56,quantile,0.85,5
2026-09-19,wk inc covid hosp,2,2026-10-03,56,quantile,0.9,6
2026-09-19,wk inc covid hosp,2,2026-10-03,56,quantile,0.95,7
2026-09-19,wk inc covid hosp,2,2026-10-03,56,quantile,0.975,8
2026-09-19,wk inc covid hosp,2,2026-10-03,56,quantile,0.99,9
2026-09-19,wk inc covid hosp,2,2026-10-03,72,quantile,0.01,24
2026-09-19,wk inc covid hosp,2,2026-10-03,72,quantile,0.025,28
2026-09-19,wk inc covid hosp,2,2026-10-03,72,quantile,0.05,33
2026-09-19,wk inc covid hosp,2,2026-10-03,72,quantile,0.1,41
2026-09-19,wk inc covid hosp,2,2026-10-03,72,quantile,0.15,47
2026-09-19,wk inc covid hosp,2,2026-10-03,72,quantile,0.2,52
2026-09-19,wk inc covid hosp,2,2026-10-03,72,quantile,0.25,56
2026-09-19,wk inc covid hosp,2,2026-10-03,72,quantile,0.3,61
2026-09-19,wk inc covid hosp,2,2026-10-03,72,quantile,0.35,65.65000000000009
2026-09-19,wk inc covid hosp,2,2026-10-03,72,quantile,0.4,71
2026-09-19,wk inc covid hosp,2,2026-10-03,72,quantile,0.45,75
2026-09-19,wk inc covid hosp,2,2026-10-03,72,quantile,0.5,80
2026-09-19,wk inc covid hosp,2,2026-10-03,72,quantile,0.55,87
2026-09-19,wk inc covid hosp,2,2026-10-03,72,quantile,0.6,92
2026-09-19,wk inc covid hosp,2,2026-10-03,72,quantile,0.65,98
2026-09-19,wk inc covid hosp,2,2026-10-03,72,quantile,0.7,105
2026-09-19,wk inc covid hosp,2,2026-10-03,72,quantile,0.75,113
2026-09-19,wk inc covid hosp,2,2026-10-03,72,quantile,0.8,123
2026-09-19,wk inc covid hosp,2,2026-10-03,72,quantile,0.85,135
2026-09-19,wk inc covid hosp,2,2026-10-03,72,quantile,0.9,151
2026-09-19,wk inc covid hosp,2,2026-10-03,72,quantile,0.95,182
2026-09-19,wk inc covid hosp,2,2026-10-03,72,quantile,0.975,211.02499999999964
2026-09-19,wk inc covid hosp,2,2026-10-03,72,quantile,0.99,262.0100000000002
2026-09-19,wk inc covid hosp,2,2026-10-03,US,quantile,0.01,2299
2026-09-19,wk inc covid hosp,2,2026-10-03,US,quantile,0.025,2478.975
2026-09-19,wk inc covid hosp,2,2026-10-03,US,quantile,0.05,2626.9
2026-09-19,wk inc covid hosp,2,2026-10-03,US,quantile,0.1,2809
2026-09-19,wk inc covid hosp,2,2026-10-03,US,quantile,0.15,2954.85
2026-09-19,wk inc covid hosp,2,2026-10-03,US,quantile,0.2,3071
2026-09-19,wk inc covid hosp,2,2026-10-03,US,quantile,0.25,3159
2026-09-19,wk inc covid hosp,2,2026-10-03,US,quantile,0.3,3254.7000000000003
2026-09-19,wk inc covid hosp,2,2026-10-03,US,quantile,0.35,3347.65
2026-09-19,wk inc covid hosp,2,2026-10-03,US,quantile,0.4,3445.6000000000004
2026-09-19,wk inc covid hosp,2,2026-10-03,US,quantile,0.45,3529
2026-09-19,wk inc covid hosp,2,2026-10-03,US,quantile,0.5,3616
2026-09-19,wk inc covid hosp,2,2026-10-03,US,quantile,0.55,3696.4500000000003
2026-09-19,wk inc covid hosp,2,2026-10-03,US,quantile,0.6,3790
2026-09-19,wk inc covid hosp,2,2026-10-03,US,quantile,0.65,3901
2026-09-19,wk inc covid hosp,2,2026-10-03,US,quantile,0.7,4004
2026-09-19,wk inc covid hosp,2,2026-10-03,US,quantile,0.75,4132
2026-09-19,wk inc covid hosp,2,2026-10-03,US,quantile,0.8,4248.200000000001
2026-09-19,wk inc covid hosp,2,2026-10-03,US,quantile,0.85,4409.1500000000005
2026-09-19,wk inc covid hosp,2,2026-10-03,US,quantile,0.9,4630.1
2026-09-19,wk inc covid hosp,2,2026-10-03,US,quantile,0.95,4979.05
2026-09-19,wk inc covid hosp,2,2026-10-03,US,quantile,0.975,5294.149999999998
2026-09-19,wk inc covid hosp,2,2026-10-03,US,quantile,0.99,5730.060000000001
2026-09-19,wk inc covid hosp,3,2026-10-10,01,quantile,0.01,31
2026-09-19,wk inc covid hosp,3,2026-10-10,01,quantile,0.025,36
2026-09-19,wk inc covid hosp,3,2026-10-10,01,quantile,0.05,41
2026-09-19,wk inc covid hosp,3,2026-10-10,01,quantile,0.1,48
2026-09-19,wk inc covid hosp,3,2026-10-10,01,quantile,0.15,52
2026-09-19,wk inc covid hosp,3,2026-10-10,01,quantile,0.2,56
2026-09-19,wk inc covid hosp,3,2026-10-10,01,quantile,0.25,59
2026-09-19,wk inc covid hosp,3,2026-10-10,01,quantile,0.3,62
2026-09-19,wk inc covid hosp,3,2026-10-10,01,quantile,0.35,66
2026-09-19,wk inc covid hosp,3,2026-10-10,01,quantile,0.4,69
2026-09-19,wk inc covid hosp,3,2026-10-10,01,quantile,0.45,73
2026-09-19,wk inc covid hosp,3,2026-10-10,01,quantile,0.5,76
2026-09-19,wk inc covid hosp,3,2026-10-10,01,quantile,0.55,79
2026-09-19,wk inc covid hosp,3,2026-10-10,01,quantile,0.6,83
2026-09-19,wk inc covid hosp,3,2026-10-10,01,quantile,0.65,87
2026-09-19,wk inc covid hosp,3,2026-10-10,01,quantile,0.7,91
2026-09-19,wk inc covid hosp,3,2026-10-10,01,quantile,0.75,96
2026-09-19,wk inc covid hosp,3,2026-10-10,01,quantile,0.8,102
2026-09-19,wk inc covid hosp,3,2026-10-10,01,quantile,0.85,109
2026-09-19,wk inc covid hosp,3,2026-10-10,01,quantile,0.9,119
2026-09-19,wk inc covid hosp,3,2026-10-10,01,quantile,0.95,136
2026-09-19,wk inc covid hosp,3,2026-10-10,01,quantile,0.975,150.02499999999964
2026-09-19,wk inc covid hosp,3,2026-10-10,01,quantile,0.99,174
2026-09-19,wk inc covid hosp,3,2026-10-10,02,quantile,0.01,0
2026-09-19,wk inc covid hosp,3,2026-10-10,02,quantile,0.025,0
2026-09-19,wk inc covid hosp,3,2026-10-10,02,quantile,0.05,0.950000000000017
2026-09-19,wk inc covid hosp,3,2026-10-10,02,quantile,0.1,1
2026-09-19,wk inc covid hosp,3,2026-10-10,02,quantile,0.15,2
2026-09-19,wk inc covid hosp,3,2026-10-10,02,quantile,0.2,2
2026-09-19,wk inc covid hosp,3,2026-10-10,02,quantile,0.25,2
2026-09-19,wk inc covid hosp,3,2026-10-10,02,quantile,0.3,3
2026-09-19,wk inc covid hosp,3,2026-10-10,02,quantile,0.35,3
2026-09-19,wk inc covid hosp,3,2026-10-10,02,quantile,0.4,3
2026-09-19,wk inc covid hosp,3,2026-10-10,02,quantile,0.45,4
2026-09-19,wk inc covid hosp,3,2026-10-10,02,quantile,0.5,4
2026-09-19,wk inc covid hosp,3,2026-10-10,02,quantile,0.55,5
2026-09-19,wk inc covid hosp,3,2026-10-10,02,quantile,0.6,5
2026-09-19,wk inc covid hosp,3,2026-10-10,02,quantile,0.65,6
2026-09-19,wk inc covid hosp,3,2026-10-10,02,quantile,0.7,6
2026-09-19,wk inc covid hosp,3,2026-10-10,02,quantile,0.75,7
2026-09-19,wk inc covid hosp,3,2026-10-10,02,quantile,0.8,8
2026-09-19,wk inc covid hosp,3,2026-10-10,02,quantile,0.85,9
2026-09-19,wk inc covid hosp,3,2026-10-10,02,quantile,0.9,10
2026-09-19,wk inc covid hosp,3,2026-10-10,02,quantile,0.95,13
2026-09-19,wk inc covid hosp,3,2026-10-10,02,quantile,0.975,16
2026-09-19,wk inc covid hosp,3,2026-10-10,02,quantile,0.99,19
2026-09-19,wk inc covid hosp,3,2026-10-10,04,quantile,0.01,34
2026-09-19,wk inc covid hosp,3,2026-10-10,04,quantile,0.025,39
2026-09-19,wk inc covid hosp,3,2026-10-10,04,quantile,0.05,45
2026-09-19,wk inc covid hosp,3,2026-10-10,04,quantile,0.1,51
2026-09-19,wk inc covid hosp,3,2026-10-10,04,quantile,0.15,56
2026-09-19,wk inc covid hosp,3,2026-10-10,04,quantile,0.2,60
2026-09-19,wk inc covid hosp,3,2026-10-10,04,quantile,0.25,63
2026-09-19,wk inc covid hosp,3,2026-10-10,04,quantile,0.3,67
2026-09-19,wk inc covid hosp,3,2026-10-10,04,quantile,0.35,70
2026-09-19,wk inc covid hosp,3,2026-10-10,04,quantile,0.4,74
2026-09-19,wk inc covid hosp,3,2026-10-10,04,quantile,0.45,77
2026-09-19,wk inc covid hosp,3,2026-10-10,04,quantile,0.5,80
2026-09-19,wk inc covid hosp,3,2026-10-10,04,quantile,0.55,84
2026-09-19,wk inc covid hosp,3,2026-10-10,04,quantile,0.6,88
2026-09-19,wk inc covid hosp,3,2026-10-10,04,quantile,0.65,92
2026-09-19,wk inc covid hosp,3,2026-10-10,04,quantile,0.7,96
2026-09-19,wk inc covid hosp,3,2026-10-10,04,quantile,0.75,100
2026-09-19,wk inc covid hosp,3,2026-10-10,04,quantile,0.8,106
2026-09-19,wk inc covid hosp,3,2026-10-10,04,quantile,0.85,113
2026-09-19,wk inc covid hosp,3,2026-10-10,04,quantile,0.9,122
2026-09-19,wk inc covid hosp,3,2026-10-10,04,quantile,0.95,138
2026-09-19,wk inc covid hosp,3,2026-10-10,04,quantile,0.975,153
2026-09-19,wk inc covid hosp,3,2026-10-10,04,quantile,0.99,169.01000000000022
2026-09-19,wk inc covid hosp,3,2026-10-10,05,quantile,0.01,5
2026-09-19,wk inc covid hosp,3,2026-10-10,05,quantile,0.025,6
2026-09-19,wk inc covid hosp,3,2026-10-10,05,quantile,0.05,7
2026-09-19,wk inc covid hosp,3,2026-10-10,05,quantile,0.1,9
2026-09-19,wk inc covid hosp,3,2026-10-10,05,quantile,0.15,10
2026-09-19,wk inc covid hosp,3,2026-10-10,05,quantile,0.2,11
2026-09-19,wk inc covid hosp,3,2026-10-10,05,quantile,0.25,11.75
2026-09-19,wk inc covid hosp,3,2026-10-10,05,quantile,0.3,12
2026-09-19,wk inc covid hosp,3,2026-10-10,05,quantile,0.35,13
2026-09-19,wk inc covid hosp,3,2026-10-10,05,quantile,0.4,14
2026-09-19,wk inc covid hosp,3,2026-10-10,05,quantile,0.45,15
2026-09-19,wk inc covid hosp,3,2026-10-10,05,quantile,0.5,15
2026-09-19,wk inc covid hosp,3,2026-10-10,05,quantile,0.55,16
2026-09-19,wk inc covid hosp,3,2026-10-10,05,quantile,0.6,17
2026-09-19,wk inc covid hosp,3,2026-10-10,05,quantile,0.65,18
2026-09-19,wk inc covid hosp,3,2026-10-10,05,quantile,0.7,19
2026-09-19,wk inc covid hosp,3,2026-10-10,05,quantile,0.75,20
2026-09-19,wk inc covid hosp,3,2026-10-10,05,quantile,0.8,21
2026-09-19,wk inc covid hosp,3,2026-10-10,05,quantile,0.85,23
2026-09-19,wk inc covid hosp,3,2026-10-10,05,quantile,0.9,25
2026-09-19,wk inc covid hosp,3,2026-10-10,05,quantile,0.95,29
2026-09-19,wk inc covid hosp,3,2026-10-10,05,quantile,0.975,32
2026-09-19,wk inc covid hosp,3,2026-10-10,05,quantile,0.99,36
2026-09-19,wk inc covid hosp,3,2026-10-10,06,quantile,0.01,275.99
2026-09-19,wk inc covid hosp,3,2026-10-10,06,quantile,0.025,319.975
2026-09-19,wk inc covid hosp,3,2026-10-10,06,quantile,0.05,358
2026-09-19,wk inc covid hosp,3,2026-10-10,06,quantile,0.1,411.90000000000003
2026-09-19,wk inc covid hosp,3,2026-10-10,06,quantile,0.15,444
2026-09-19,wk inc covid hosp,3,2026-10-10,06,quantile,0.2,475
2026-09-19,wk inc covid hosp,3,2026-10-10,06,quantile,0.25,504.75
2026-09-19,wk inc covid hosp,3,2026-10-10,06,quantile,0.3,535
2026-09-19,wk inc covid hosp,3,2026-10-10,06,quantile,0.35,560
2026-09-19,wk inc covid hosp,3,2026-10-10,06,quantile,0.4,587
2026-09-19,wk inc covid hosp,3,2026-10-10,06,quantile,0.45,611
2026-09-19,wk inc covid hosp,3,2026-10-10,06,quantile,0.5,639
2026-09-19,wk inc covid hosp,3,2026-10-10,06,quantile,0.55,666
2026-09-19,wk inc covid hosp,3,2026-10-10,06,quantile,0.6,697.4000000000005
2026-09-19,wk inc covid hosp,3,2026-10-10,06,quantile,0.65,733
2026-09-19,wk inc covid hosp,3,2026-10-10,06,quantile,0.7,770
2026-09-19,wk inc covid hosp,3,2026-10-10,06,quantile,0.75,814.2500000000005
2026-09-19,wk inc covid hosp,3,2026-10-10,06,quantile,0.8,861.2000000000003
2026-09-19,wk inc covid hosp,3,2026-10-10,06,quantile,0.85,920
2026-09-19,wk inc covid hosp,3,2026-10-10,06,quantile,0.9,994
2026-09-19,wk inc covid hosp,3,2026-10-10,06,quantile,0.95,1147
2026-09-19,wk inc covid hosp,3,2026-10-10,06,quantile,0.975,1305.1249999999982
2026-09-19,wk inc covid hosp,3,2026-10-10,06,quantile,0.99,1497.0300000000007
2026-09-19,wk inc covid hosp,3,2026-10-10,08,quantile,0.01,9
2026-09-19,wk inc covid hosp,3,2026-10-10,08,quantile,0.025,11
2026-09-19,wk inc covid hosp,3,2026-10-10,08,quantile,0.05,13
2026-09-19,wk inc covid hosp,3,2026-10-10,08,quantile,0.1,15
2026-09-19,wk inc covid hosp,3,2026-10-10,08,quantile,0.15,17
2026-09-19,wk inc covid hosp,3,2026-10-10,08,quantile,0.2,18
2026-09-19,wk inc covid hosp,3,2026-10-10,08,quantile,0.25,20
2026-09-19,wk inc covid hosp,3,2026-10-10,08,quantile,0.3,21
2026-09-19,wk inc covid hosp,3,2026-10-10,08,quantile,0.35,22
2026-09-19,wk inc covid hosp,3,2026-10-10,08,quantile,0.4,23
2026-09-19,wk inc covid hosp,3,2026-10-10,08,quantile,0.45,24
2026-09-19,wk inc covid hosp,3,2026-10-10,08,quantile,0.5,25
2026-09-19,wk inc covid hosp,3,2026-10-10,08,quantile,0.55,27
2026-09-19,wk inc covid hosp,3,2026-10-10,08,quantile,0.6,28
2026-09-19,wk inc covid hosp,3,2026-10-10,08,quantile,0.65,29
2026-09-19,wk inc covid hosp,3,2026-10-10,08,quantile,0.7,31
2026-09-19,wk inc covid hosp,3,2026-10-10,08,quantile,0.75,32
2026-09-19,wk inc covid hosp,3,2026-10-10,08,quantile,0.8,34
2026-09-19,wk inc covid hosp,3,2026-10-10,08,quantile,0.85,37
2026-09-19,wk inc covid hosp,3,2026-10-10,08,quantile,0.9,40
2026-09-19,wk inc covid hosp,3,2026-10-10,08,quantile,0.95,45
2026-09-19,wk inc covid hosp,3,2026-10-10,08,quantile,0.975,50
2026-09-19,wk inc covid hosp,3,2026-10-10,08,quantile,0.99,56
2026-09-19,wk inc covid hosp,3,2026-10-10,09,quantile,0.01,3
2026-09-19,wk inc covid hosp,3,2026-10-10,09,quantile,0.025,5
2026-09-19,wk inc covid hosp,3,2026-10-10,09,quantile,0.05,6
2026-09-19,wk inc covid hosp,3,2026-10-10,09,quantile,0.1,7
2026-09-19,wk inc covid hosp,3,2026-10-10,09,quantile,0.15,9
2026-09-19,wk inc covid hosp,3,2026-10-10,09,quantile,0.2,9
2026-09-19,wk inc covid hosp,3,2026-10-10,09,quantile,0.25,10
2026-09-19,wk inc covid hosp,3,2026-10-10,09,quantile,0.3,11
2026-09-19,wk inc covid hosp,3,2026-10-10,09,quantile,0.35,12
2026-09-19,wk inc covid hosp,3,2026-10-10,09,quantile,0.4,13
2026-09-19,wk inc covid hosp,3,2026-10-10,09,quantile,0.45,14
2026-09-19,wk inc covid hosp,3,2026-10-10,09,quantile,0.5,15
2026-09-19,wk inc covid hosp,3,2026-10-10,09,quantile,0.55,15
2026-09-19,wk inc covid hosp,3,2026-10-10,09,quantile,0.6,16
2026-09-19,wk inc covid hosp,3,2026-10-10,09,quantile,0.65,17
2026-09-19,wk inc covid hosp,3,2026-10-10,09,quantile,0.7,18
2026-09-19,wk inc covid hosp,3,2026-10-10,09,quantile,0.75,20
2026-09-19,wk inc covid hosp,3,2026-10-10,09,quantile,0.8,21
2026-09-19,wk inc covid hosp,3,2026-10-10,09,quantile,0.85,23
2026-09-19,wk inc covid hosp,3,2026-10-10,09,quantile,0.9,25
2026-09-19,wk inc covid hosp,3,2026-10-10,09,quantile,0.95,29
2026-09-19,wk inc covid hosp,3,2026-10-10,09,quantile,0.975,33
2026-09-19,wk inc covid hosp,3,2026-10-10,09,quantile,0.99,38
2026-09-19,wk inc covid hosp,3,2026-10-10,10,quantile,0.01,1
2026-09-19,wk inc covid hosp,3,2026-10-10,10,quantile,0.025,2
2026-09-19,wk inc covid hosp,3,2026-10-10,10,quantile,0.05,2
2026-09-19,wk inc covid hosp,3,2026-10-10,10,quantile,0.1,3
2026-09-19,wk inc covid hosp,3,2026-10-10,10,quantile,0.15,4
2026-09-19,wk inc covid hosp,3,2026-10-10,10,quantile,0.2,4
2026-09-19,wk inc covid hosp,3,2026-10-10,10,quantile,0.25,5
2026-09-19,wk inc covid hosp,3,2026-10-10,10,quantile,0.3,5
2026-09-19,wk inc covid hosp,3,2026-10-10,10,quantile,0.35,6
2026-09-19,wk inc covid hosp,3,2026-10-10,10,quantile,0.4,6
2026-09-19,wk inc covid hosp,3,2026-10-10,10,quantile,0.45,7
2026-09-19,wk inc covid hosp,3,2026-10-10,10,quantile,0.5,7
2026-09-19,wk inc covid hosp,3,2026-10-10,10,quantile,0.55,8
2026-09-19,wk inc covid hosp,3,2026-10-10,10,quantile,0.6,8
2026-09-19,wk inc covid hosp,3,2026-10-10,10,quantile,0.65,9
2026-09-19,wk inc covid hosp,3,2026-10-10,10,quantile,0.7,9
2026-09-19,wk inc covid hosp,3,2026-10-10,10,quantile,0.75,10
2026-09-19,wk inc covid hosp,3,2026-10-10,10,quantile,0.8,11
2026-09-19,wk inc covid hosp,3,2026-10-10,10,quantile,0.85,12
2026-09-19,wk inc covid hosp,3,2026-10-10,10,quantile,0.9,13
2026-09-19,wk inc covid hosp,3,2026-10-10,10,quantile,0.95,15
2026-09-19,wk inc covid hosp,3,2026-10-10,10,quantile,0.975,18
2026-09-19,wk inc covid hosp,3,2026-10-10,10,quantile,0.99,20
2026-09-19,wk inc covid hosp,3,2026-10-10,11,quantile,0.01,0
2026-09-19,wk inc covid hosp,3,2026-10-10,11,quantile,0.025,1
2026-09-19,wk inc covid hosp,3,2026-10-10,11,quantile,0.05,1
2026-09-19,wk inc covid hosp,3,2026-10-10,11,quantile,0.1,2
2026-09-19,wk inc covid hosp,3,2026-10-10,11,quantile,0.15,2
2026-09-19,wk inc covid hosp,3,2026-10-10,11,quantile,0.2,3
2026-09-19,wk inc covid hosp,3,2026-10-10,11,quantile,0.25,3
2026-09-19,wk inc covid hosp,3,2026-10-10,11,quantile,0.3,3
2026-09-19,wk inc covid hosp,3,2026-10-10,11,quantile,0.35,4
2026-09-19,wk inc covid hosp,3,2026-10-10,11,quantile,0.4,4
2026-09-19,wk inc covid hosp,3,2026-10-10,11,quantile,0.45,4
2026-09-19,wk inc covid hosp,3,2026-10-10,11,quantile,0.5,5
2026-09-19,wk inc covid hosp,3,2026-10-10,11,quantile,0.55,5
2026-09-19,wk inc covid hosp,3,2026-10-10,11,quantile,0.6,6
2026-09-19,wk inc covid hosp,3,2026-10-10,11,quantile,0.65,6
2026-09-19,wk inc covid hosp,3,2026-10-10,11,quantile,0.7,7
2026-09-19,wk inc covid hosp,3,2026-10-10,11,quantile,0.75,7
2026-09-19,wk inc covid hosp,3,2026-10-10,11,quantile,0.8,8
2026-09-19,wk inc covid hosp,3,2026-10-10,11,quantile,0.85,9
2026-09-19,wk inc covid hosp,3,2026-10-10,11,quantile,0.9,10
2026-09-19,wk inc covid hosp,3,2026-10-10,11,quantile,0.95,11
2026-09-19,wk inc covid hosp,3,2026-10-10,11,quantile,0.975,13
2026-09-19,wk inc covid hosp,3,2026-10-10,11,quantile,0.99,16
2026-09-19,wk inc covid hosp,3,2026-10-10,12,quantile,0.01,175.99
2026-09-19,wk inc covid hosp,3,2026-10-10,12,quantile,0.025,202
2026-09-19,wk inc covid hosp,3,2026-10-10,12,quantile,0.05,227
2026-09-19,wk inc covid hosp,3,2026-10-10,12,quantile,0.1,261.90000000000003
2026-09-19,wk inc covid hosp,3,2026-10-10,12,quantile,0.15,289.85000000000014
2026-09-19,wk inc covid hosp,3,2026-10-10,12,quantile,0.2,310.80000000000007
2026-09-19,wk inc covid hosp,3,2026-10-10,12,quantile,0.25,331
2026-09-19,wk inc covid hosp,3,2026-10-10,12,quantile,0.3,352
2026-09-19,wk inc covid hosp,3,2026-10-10,12,quantile,0.35,370
2026-09-19,wk inc covid hosp,3,2026-10-10,12,quantile,0.4,390
2026-09-19,wk inc covid hosp,3,2026-10-10,12,quantile,0.45,408
2026-09-19,wk inc covid hosp,3,2026-10-10,12,quantile,0.5,431
2026-09-19,wk inc covid hosp,3,2026-10-10,12,quantile,0.55,450.4500000000003
2026-09-19,wk inc covid hosp,3,2026-10-10,12,quantile,0.6,471
2026-09-19,wk inc covid hosp,3,2026-10-10,12,quantile,0.65,497
2026-09-19,wk inc covid hosp,3,2026-10-10,12,quantile,0.7,527
2026-09-19,wk inc covid hosp,3,2026-10-10,12,quantile,0.75,555
2026-09-19,wk inc covid hosp,3,2026-10-10,12,quantile,0.8,596
2026-09-19,wk inc covid hosp,3,2026-10-10,12,quantile,0.85,642
2026-09-19,wk inc covid hosp,3,2026-10-10,12,quantile,0.9,707
2026-09-19,wk inc covid hosp,3,2026-10-10,12,quantile,0.95,825.1000000000004
2026-09-19,wk inc covid hosp,3,2026-10-10,12,quantile,0.975,946.0999999999985
2026-09-19,wk inc covid hosp,3,2026-10-10,12,quantile,0.99,1100.0100000000002
2026-09-19,wk inc covid hosp,3,2026-10-10,13,quantile,0.01,35
2026-09-19,wk inc covid hosp,3,2026-10-10,13,quantile,0.025,39.97500000000001
2026-09-19,wk inc covid hosp,3,2026-10-10,13,quantile,0.05,44
2026-09-19,wk inc covid hosp,3,2026-10-10,13,quantile,0.1,50
2026-09-19,wk inc covid hosp,3,2026-10-10,13,quantile,0.15,55
2026-09-19,wk inc covid hosp,3,2026-10-10,13,quantile,0.2,59
2026-09-19,wk inc covid hosp,3,2026-10-10,13,quantile,0.25,63
2026-09-19,wk inc covid hosp,3,2026-10-10,13,quantile,0.3,66
2026-09-19,wk inc covid hosp,3,2026-10-10,13,quantile,0.35,69
2026-09-19,wk inc covid hosp,3,2026-10-10,13,quantile,0.4,72
2026-09-19,wk inc covid hosp,3,2026-10-10,13,quantile,0.45,75
2026-09-19,wk inc covid hosp,3,2026-10-10,13,quantile,0.5,79
2026-09-19,wk inc covid hosp,3,2026-10-10,13,quantile,0.55,83
2026-09-19,wk inc covid hosp,3,2026-10-10,13,quantile,0.6,87
2026-09-19,wk inc covid hosp,3,2026-10-10,13,quantile,0.65,91
2026-09-19,wk inc covid hosp,3,2026-10-10,13,quantile,0.7,95
2026-09-19,wk inc covid hosp,3,2026-10-10,13,quantile,0.75,100
2026-09-19,wk inc covid hosp,3,2026-10-10,13,quantile,0.8,106
2026-09-19,wk inc covid hosp,3,2026-10-10,13,quantile,0.85,113
2026-09-19,wk inc covid hosp,3,2026-10-10,13,quantile,0.9,122
2026-09-19,wk inc covid hosp,3,2026-10-10,13,quantile,0.95,138
2026-09-19,wk inc covid hosp,3,2026-10-10,13,quantile,0.975,156
2026-09-19,wk inc covid hosp,3,2026-10-10,13,quantile,0.99,172
2026-09-19,wk inc covid hosp,3,2026-10-10,15,quantile,0.01,4
2026-09-19,wk inc covid hosp,3,2026-10-10,15,quantile,0.025,6
2026-09-19,wk inc covid hosp,3,2026-10-10,15,quantile,0.05,7
2026-09-19,wk inc covid hosp,3,2026-10-10,15,quantile,0.1,10
2026-09-19,wk inc covid hosp,3,2026-10-10,15,quantile,0.15,11
2026-09-19,wk inc covid hosp,3,2026-10-10,15,quantile,0.2,13
2026-09-19,wk inc covid hosp,3,2026-10-10,15,quantile,0.25,14
2026-09-19,wk inc covid hosp,3,2026-10-10,15,quantile,0.3,16
2026-09-19,wk inc covid hosp,3,2026-10-10,15,quantile,0.35,17
2026-09-19,wk inc covid hosp,3,2026-10-10,15,quantile,0.4,19
2026-09-19,wk inc covid hosp,3,2026-10-10,15,quantile,0.45,21
2026-09-19,wk inc covid hosp,3,2026-10-10,15,quantile,0.5,22
2026-09-19,wk inc covid hosp,3,2026-10-10,15,quantile,0.55,24
2026-09-19,wk inc covid hosp,3,2026-10-10,15,quantile,0.6,26
2026-09-19,wk inc covid hosp,3,2026-10-10,15,quantile,0.65,28
2026-09-19,wk inc covid hosp,3,2026-10-10,15,quantile,0.7,31
2026-09-19,wk inc covid hosp,3,2026-10-10,15,quantile,0.75,34
2026-09-19,wk inc covid hosp,3,2026-10-10,15,quantile,0.8,37
2026-09-19,wk inc covid hosp,3,2026-10-10,15,quantile,0.85,42
2026-09-19,wk inc covid hosp,3,2026-10-10,15,quantile,0.9,50
2026-09-19,wk inc covid hosp,3,2026-10-10,15,quantile,0.95,61
2026-09-19,wk inc covid hosp,3,2026-10-10,15,quantile,0.975,74
2026-09-19,wk inc covid hosp,3,2026-10-10,15,quantile,0.99,86.01000000000022
2026-09-19,wk inc covid hosp,3,2026-10-10,16,quantile,0.01,2
2026-09-19,wk inc covid hosp,3,2026-10-10,16,quantile,0.025,2
2026-09-19,wk inc covid hosp,3,2026-10-10,16,quantile,0.05,3
2026-09-19,wk inc covid hosp,3,2026-10-10,16,quantile,0.1,4
2026-09-19,wk inc covid hosp,3,2026-10-10,16,quantile,0.15,5
2026-09-19,wk inc covid hosp,3,2026-10-10,16,quantile,0.2,5
2026-09-19,wk inc covid hosp,3,2026-10-10,16,quantile,0.25,6
2026-09-19,wk inc covid hosp,3,2026-10-10,16,quantile,0.3,7
2026-09-19,wk inc covid hosp,3,2026-10-10,16,quantile,0.35,7
2026-09-19,wk inc covid hosp,3,2026-10-10,16,quantile,0.4,7
2026-09-19,wk inc covid hosp,3,2026-10-10,16,quantile,0.45,8
2026-09-19,wk inc covid hosp,3,2026-10-10,16,quantile,0.5,9
2026-09-19,wk inc covid hosp,3,2026-10-10,16,quantile,0.55,9
2026-09-19,wk inc covid hosp,3,2026-10-10,16,quantile,0.6,10
2026-09-19,wk inc covid hosp,3,2026-10-10,16,quantile,0.65,10
2026-09-19,wk inc covid hosp,3,2026-10-10,16,quantile,0.7,11
2026-09-19,wk inc covid hosp,3,2026-10-10,16,quantile,0.75,12
2026-09-19,wk inc covid hosp,3,2026-10-10,16,quantile,0.8,12
2026-09-19,wk inc covid hosp,3,2026-10-10,16,quantile,0.85,14
2026-09-19,wk inc covid hosp,3,2026-10-10,16,quantile,0.9,15
2026-09-19,wk inc covid hosp,3,2026-10-10,16,quantile,0.95,17
2026-09-19,wk inc covid hosp,3,2026-10-10,16,quantile,0.975,19
2026-09-19,wk inc covid hosp,3,2026-10-10,16,quantile,0.99,22
2026-09-19,wk inc covid hosp,3,2026-10-10,17,quantile,0.01,19
2026-09-19,wk inc covid hosp,3,2026-10-10,17,quantile,0.025,22
2026-09-19,wk inc covid hosp,3,2026-10-10,17,quantile,0.05,25
2026-09-19,wk inc covid hosp,3,2026-10-10,17,quantile,0.1,30
2026-09-19,wk inc covid hosp,3,2026-10-10,17,quantile,0.15,33
2026-09-19,wk inc covid hosp,3,2026-10-10,17,quantile,0.2,35
2026-09-19,wk inc covid hosp,3,2026-10-10,17,quantile,0.25,37
2026-09-19,wk inc covid hosp,3,2026-10-10,17,quantile,0.3,40
2026-09-19,wk inc covid hosp,3,2026-10-10,17,quantile,0.35,42
2026-09-19,wk inc covid hosp,3,2026-10-10,17,quantile,0.4,44
2026-09-19,wk inc covid hosp,3,2026-10-10,17,quantile,0.45,46
2026-09-19,wk inc covid hosp,3,2026-10-10,17,quantile,0.5,48
2026-09-19,wk inc covid hosp,3,2026-10-10,17,quantile,0.55,50
2026-09-19,wk inc covid hosp,3,2026-10-10,17,quantile,0.6,52
2026-09-19,wk inc covid hosp,3,2026-10-10,17,quantile,0.65,55
2026-09-19,wk inc covid hosp,3,2026-10-10,17,quantile,0.7,58
2026-09-19,wk inc covid hosp,3,2026-10-10,17,quantile,0.75,60
2026-09-19,wk inc covid hosp,3,2026-10-10,17,quantile,0.8,64
2026-09-19,wk inc covid hosp,3,2026-10-10,17,quantile,0.85,68
2026-09-19,wk inc covid hosp,3,2026-10-10,17,quantile,0.9,74
2026-09-19,wk inc covid hosp,3,2026-10-10,17,quantile,0.95,83
2026-09-19,wk inc covid hosp,3,2026-10-10,17,quantile,0.975,93
2026-09-19,wk inc covid hosp,3,2026-10-10,17,quantile,0.99,106
2026-09-19,wk inc covid hosp,3,2026-10-10,18,quantile,0.01,12
2026-09-19,wk inc covid hosp,3,2026-10-10,18,quantile,0.025,14
2026-09-19,wk inc covid hosp,3,2026-10-10,18,quantile,0.05,17
2026-09-19,wk inc covid hosp,3,2026-10-10,18,quantile,0.1,20
2026-09-19,wk inc covid hosp,3,2026-10-10,18,quantile,0.15,22
2026-09-19,wk inc covid hosp,3,2026-10-10,18,quantile,0.2,24
2026-09-19,wk inc covid hosp,3,2026-10-10,18,quantile,0.25,26
2026-09-19,wk inc covid hosp,3,2026-10-10,18,quantile,0.3,27
2026-09-19,wk inc covid hosp,3,2026-10-10,18,quantile,0.35,29
2026-09-19,wk inc covid hosp,3,2026-10-10,18,quantile,0.4,30
2026-09-19,wk inc covid hosp,3,2026-10-10,18,quantile,0.45,32
2026-09-19,wk inc covid hosp,3,2026-10-10,18,quantile,0.5,33
2026-09-19,wk inc covid hosp,3,2026-10-10,18,quantile,0.55,35
2026-09-19,wk inc covid hosp,3,2026-10-10,18,quantile,0.6,37
2026-09-19,wk inc covid hosp,3,2026-10-10,18,quantile,0.65,38
2026-09-19,wk inc covid hosp,3,2026-10-10,18,quantile,0.7,40
2026-09-19,wk inc covid hosp,3,2026-10-10,18,quantile,0.75,43
2026-09-19,wk inc covid hosp,3,2026-10-10,18,quantile,0.8,46
2026-09-19,wk inc covid hosp,3,2026-10-10,18,quantile,0.85,49
2026-09-19,wk inc covid hosp,3,2026-10-10,18,quantile,0.9,53
2026-09-19,wk inc covid hosp,3,2026-10-10,18,quantile,0.95,61
2026-09-19,wk inc covid hosp,3,2026-10-10,18,quantile,0.975,68
2026-09-19,wk inc covid hosp,3,2026-10-10,18,quantile,0.99,77
2026-09-19,wk inc covid hosp,3,2026-10-10,19,quantile,0.01,3
2026-09-19,wk inc covid hosp,3,2026-10-10,19,quantile,0.025,4
2026-09-19,wk inc covid hosp,3,2026-10-10,19,quantile,0.05,5
2026-09-19,wk inc covid hosp,3,2026-10-10,19,quantile,0.1,6
2026-09-19,wk inc covid hosp,3,2026-10-10,19,quantile,0.15,7
2026-09-19,wk inc covid hosp,3,2026-10-10,19,quantile,0.2,7
2026-09-19,wk inc covid hosp,3,2026-10-10,19,quantile,0.25,8
2026-09-19,wk inc covid hosp,3,2026-10-10,19,quantile,0.3,9
2026-09-19,wk inc covid hosp,3,2026-10-10,19,quantile,0.35,9
2026-09-19,wk inc covid hosp,3,2026-10-10,19,quantile,0.4,10
2026-09-19,wk inc covid hosp,3,2026-10-10,19,quantile,0.45,11
2026-09-19,wk inc covid hosp,3,2026-10-10,19,quantile,0.5,11
2026-09-19,wk inc covid hosp,3,2026-10-10,19,quantile,0.55,12
2026-09-19,wk inc covid hosp,3,2026-10-10,19,quantile,0.6,13
2026-09-19,wk inc covid hosp,3,2026-10-10,19,quantile,0.65,13
2026-09-19,wk inc covid hosp,3,2026-10-10,19,quantile,0.7,14
2026-09-19,wk inc covid hosp,3,2026-10-10,19,quantile,0.75,15
2026-09-19,wk inc covid hosp,3,2026-10-10,19,quantile,0.8,16
2026-09-19,wk inc covid hosp,3,2026-10-10,19,quantile,0.85,18
2026-09-19,wk inc covid hosp,3,2026-10-10,19,quantile,0.9,19
2026-09-19,wk inc covid hosp,3,2026-10-10,19,quantile,0.95,22
2026-09-19,wk inc covid hosp,3,2026-10-10,19,quantile,0.975,25
2026-09-19,wk inc covid hosp,3,2026-10-10,19,quantile,0.99,29
2026-09-19,wk inc covid hosp,3,2026-10-10,20,quantile,0.01,2
2026-09-19,wk inc covid hosp,3,2026-10-10,20,quantile,0.025,3
2026-09-19,wk inc covid hosp,3,2026-10-10,20,quantile,0.05,4
2026-09-19,wk inc covid hosp,3,2026-10-10,20,quantile,0.1,5
2026-09-19,wk inc covid hosp,3,2026-10-10,20,quantile,0.15,6
2026-09-19,wk inc covid hosp,3,2026-10-10,20,quantile,0.2,6
2026-09-19,wk inc covid hosp,3,2026-10-10,20,quantile,0.25,7
2026-09-19,wk inc covid hosp,3,2026-10-10,20,quantile,0.3,8
2026-09-19,wk inc covid hosp,3,2026-10-10,20,quantile,0.35,8
2026-09-19,wk inc covid hosp,3,2026-10-10,20,quantile,0.4,9
2026-09-19,wk inc covid hosp,3,2026-10-10,20,quantile,0.45,9
2026-09-19,wk inc covid hosp,3,2026-10-10,20,quantile,0.5,10
2026-09-19,wk inc covid hosp,3,2026-10-10,20,quantile,0.55,11
2026-09-19,wk inc covid hosp,3,2026-10-10,20,quantile,0.6,11
2026-09-19,wk inc covid hosp,3,2026-10-10,20,quantile,0.65,12
2026-09-19,wk inc covid hosp,3,2026-10-10,20,quantile,0.7,13
2026-09-19,wk inc covid hosp,3,2026-10-10,20,quantile,0.75,14
2026-09-19,wk inc covid hosp,3,2026-10-10,20,quantile,0.8,15
2026-09-19,wk inc covid hosp,3,2026-10-10,20,quantile,0.85,16
2026-09-19,wk inc covid hosp,3,2026-10-10,20,quantile,0.9,18
2026-09-19,wk inc covid hosp,3,2026-10-10,20,quantile,0.95,20
2026-09-19,wk inc covid hosp,3,2026-10-10,20,quantile,0.975,23
2026-09-19,wk inc covid hosp,3,2026-10-10,20,quantile,0.99,27
2026-09-19,wk inc covid hosp,3,2026-10-10,21,quantile,0.01,8
2026-09-19,wk inc covid hosp,3,2026-10-10,21,quantile,0.025,10
2026-09-19,wk inc covid hosp,3,2026-10-10,21,quantile,0.05,12
2026-09-19,wk inc covid hosp,3,2026-10-10,21,quantile,0.1,14
2026-09-19,wk inc covid hosp,3,2026-10-10,21,quantile,0.15,15
2026-09-19,wk inc covid hosp,3,2026-10-10,21,quantile,0.2,17
2026-09-19,wk inc covid hosp,3,2026-10-10,21,quantile,0.25,18
2026-09-19,wk inc covid hosp,3,2026-10-10,21,quantile,0.3,19
2026-09-19,wk inc covid hosp,3,2026-10-10,21,quantile,0.35,20
2026-09-19,wk inc covid hosp,3,2026-10-10,21,quantile,0.4,21
2026-09-19,wk inc covid hosp,3,2026-10-10,21,quantile,0.45,22
2026-09-19,wk inc covid hosp,3,2026-10-10,21,quantile,0.5,23
2026-09-19,wk inc covid hosp,3,2026-10-10,21,quantile,0.55,24
2026-09-19,wk inc covid hosp,3,2026-10-10,21,quantile,0.6,26
2026-09-19,wk inc covid hosp,3,2026-10-10,21,quantile,0.65,27
2026-09-19,wk inc covid hosp,3,2026-10-10,21,quantile,0.7,28
2026-09-19,wk inc covid hosp,3,2026-10-10,21,quantile,0.75,30
2026-09-19,wk inc covid hosp,3,2026-10-10,21,quantile,0.8,31
2026-09-19,wk inc covid hosp,3,2026-10-10,21,quantile,0.85,34
2026-09-19,wk inc covid hosp,3,2026-10-10,21,quantile,0.9,36
2026-09-19,wk inc covid hosp,3,2026-10-10,21,quantile,0.95,41
2026-09-19,wk inc covid hosp,3,2026-10-10,21,quantile,0.975,46
2026-09-19,wk inc covid hosp,3,2026-10-10,21,quantile,0.99,52
2026-09-19,wk inc covid hosp,3,2026-10-10,22,quantile,0.01,22
2026-09-19,wk inc covid hosp,3,2026-10-10,22,quantile,0.025,26
2026-09-19,wk inc covid hosp,3,2026-10-10,22,quantile,0.05,30
2026-09-19,wk inc covid hosp,3,2026-10-10,22,quantile,0.1,34
2026-09-19,wk inc covid hosp,3,2026-10-10,22,quantile,0.15,38
2026-09-19,wk inc covid hosp,3,2026-10-10,22,quantile,0.2,41
2026-09-19,wk inc covid hosp,3,2026-10-10,22,quantile,0.25,44
2026-09-19,wk inc covid hosp,3,2026-10-10,22,quantile,0.3,47
2026-09-19,wk inc covid hosp,3,2026-10-10,22,quantile,0.35,49
2026-09-19,wk inc covid hosp,3,2026-10-10,22,quantile,0.4,52
2026-09-19,wk inc covid hosp,3,2026-10-10,22,quantile,0.45,54
2026-09-19,wk inc covid hosp,3,2026-10-10,22,quantile,0.5,57
2026-09-19,wk inc covid hosp,3,2026-10-10,22,quantile,0.55,61
2026-09-19,wk inc covid hosp,3,2026-10-10,22,quantile,0.6,63
2026-09-19,wk inc covid hosp,3,2026-10-10,22,quantile,0.65,67
2026-09-19,wk inc covid hosp,3,2026-10-10,22,quantile,0.7,70
2026-09-19,wk inc covid hosp,3,2026-10-10,22,quantile,0.75,74
2026-09-19,wk inc covid hosp,3,2026-10-10,22,quantile,0.8,79
2026-09-19,wk inc covid hosp,3,2026-10-10,22,quantile,0.85,84
2026-09-19,wk inc covid hosp,3,2026-10-10,22,quantile,0.9,92
2026-09-19,wk inc covid hosp,3,2026-10-10,22,quantile,0.95,106
2026-09-19,wk inc covid hosp,3,2026-10-10,22,quantile,0.975,119.02499999999964
2026-09-19,wk inc covid hosp,3,2026-10-10,22,quantile,0.99,135.01000000000022
2026-09-19,wk inc covid hosp,3,2026-10-10,23,quantile,0.01,0
2026-09-19,wk inc covid hosp,3,2026-10-10,23,quantile,0.025,0
2026-09-19,wk inc covid hosp,3,2026-10-10,23,quantile,0.05,0
2026-09-19,wk inc covid hosp,3,2026-10-10,23,quantile,0.1,0
2026-09-19,wk inc covid hosp,3,2026-10-10,23,quantile,0.15,0
2026-09-19,wk inc covid hosp,3,2026-10-10,23,quantile,0.2,1
2026-09-19,wk inc covid hosp,3,2026-10-10,23,quantile,0.25,1
2026-09-19,wk inc covid hosp,3,2026-10-10,23,quantile,0.3,1
2026-09-19,wk inc covid hosp,3,2026-10-10,23,quantile,0.35,1
2026-09-19,wk inc covid hosp,3,2026-10-10,23,quantile,0.4,1
2026-09-19,wk inc covid hosp,3,2026-10-10,23,quantile,0.45,2
2026-09-19,wk inc covid hosp,3,2026-10-10,23,quantile,0.5,2
2026-09-19,wk inc covid hosp,3,2026-10-10,23,quantile,0.55,2
2026-09-19,wk inc covid hosp,3,2026-10-10,23,quantile,0.6,2
2026-09-19,wk inc covid hosp,3,2026-10-10,23,quantile,0.65,2
2026-09-19,wk inc covid hosp,3,2026-10-10,23,quantile,0.7,3
2026-09-19,wk inc covid hosp,3,2026-10-10,23,quantile,0.75,3
2026-09-19,wk inc covid hosp,3,2026-10-10,23,quantile,0.8,3
2026-09-19,wk inc covid hosp,3,2026-10-10,23,quantile,0.85,4
2026-09-19,wk inc covid hosp,3,2026-10-10,23,quantile,0.9,5
2026-09-19,wk inc covid hosp,3,2026-10-10,23,quantile,0.95,6
2026-09-19,wk inc covid hosp,3,2026-10-10,23,quantile,0.975,7
2026-09-19,wk inc covid hosp,3,2026-10-10,23,quantile,0.99,8
2026-09-19,wk inc covid hosp,3,2026-10-10,24,quantile,0.01,5
2026-09-19,wk inc covid hosp,3,2026-10-10,24,quantile,0.025,7
2026-09-19,wk inc covid hosp,3,2026-10-10,24,quantile,0.05,8
2026-09-19,wk inc covid hosp,3,2026-10-10,24,quantile,0.1,10
2026-09-19,wk inc covid hosp,3,2026-10-10,24,quantile,0.15,11
2026-09-19,wk inc covid hosp,3,2026-10-10,24,quantile,0.2,12
2026-09-19,wk inc covid hosp,3,2026-10-10,24,quantile,0.25,13
2026-09-19,wk inc covid hosp,3,2026-10-10,24,quantile,0.3,14
2026-09-19,wk inc covid hosp,3,2026-10-10,24,quantile,0.35,15
2026-09-19,wk inc covid hosp,3,2026-10-10,24,quantile,0.4,16
2026-09-19,wk inc covid hosp,3,2026-10-10,24,quantile,0.45,17
2026-09-19,wk inc covid hosp,3,2026-10-10,24,quantile,0.5,18
2026-09-19,wk inc covid hosp,3,2026-10-10,24,quantile,0.55,19
2026-09-19,wk inc covid hosp,3,2026-10-10,24,quantile,0.6,20
2026-09-19,wk inc covid hosp,3,2026-10-10,24,quantile,0.65,21
2026-09-19,wk inc covid hosp,3,2026-10-10,24,quantile,0.7,22
2026-09-19,wk inc covid hosp,3,2026-10-10,24,quantile,0.75,23
2026-09-19,wk inc covid hosp,3,2026-10-10,24,quantile,0.8,25
2026-09-19,wk inc covid hosp,3,2026-10-10,24,quantile,0.85,27
2026-09-19,wk inc covid hosp,3,2026-10-10,24,quantile,0.9,29
2026-09-19,wk inc covid hosp,3,2026-10-10,24,quantile,0.95,33
2026-09-19,wk inc covid hosp,3,2026-10-10,24,quantile,0.975,37
2026-09-19,wk inc covid hosp,3,2026-10-10,24,quantile,0.99,41.01000000000022
2026-09-19,wk inc covid hosp,3,2026-10-10,25,quantile,0.01,10
2026-09-19,wk inc covid hosp,3,2026-10-10,25,quantile,0.025,13
2026-09-19,wk inc covid hosp,3,2026-10-10,25,quantile,0.05,15
2026-09-19,wk inc covid hosp,3,2026-10-10,25,quantile,0.1,18
2026-09-19,wk inc covid hosp,3,2026-10-10,25,quantile,0.15,20
2026-09-19,wk inc covid hosp,3,2026-10-10,25,quantile,0.2,21
2026-09-19,wk inc covid hosp,3,2026-10-10,25,quantile,0.25,23
2026-09-19,wk inc covid hosp,3,2026-10-10,25,quantile,0.3,24
2026-09-19,wk inc covid hosp,3,2026-10-10,25,quantile,0.35,26
2026-09-19,wk inc covid hosp,3,2026-10-10,25,quantile,0.4,27
2026-09-19,wk inc covid hosp,3,2026-10-10,25,quantile,0.45,29
2026-09-19,wk inc covid hosp,3,2026-10-10,25,quantile,0.5,30
2026-09-19,wk inc covid hosp,3,2026-10-10,25,quantile,0.55,32
2026-09-19,wk inc covid hosp,3,2026-10-10,25,quantile,0.6,33
2026-09-19,wk inc covid hosp,3,2026-10-10,25,quantile,0.65,35
2026-09-19,wk inc covid hosp,3,2026-10-10,25,quantile,0.7,37
2026-09-19,wk inc covid hosp,3,2026-10-10,25,quantile,0.75,39
2026-09-19,wk inc covid hosp,3,2026-10-10,25,quantile,0.8,41
2026-09-19,wk inc covid hosp,3,2026-10-10,25,quantile,0.85,44
2026-09-19,wk inc covid hosp,3,2026-10-10,25,quantile,0.9,49
2026-09-19,wk inc covid hosp,3,2026-10-10,25,quantile,0.95,55
2026-09-19,wk inc covid hosp,3,2026-10-10,25,quantile,0.975,62
2026-09-19,wk inc covid hosp,3,2026-10-10,25,quantile,0.99,72
2026-09-19,wk inc covid hosp,3,2026-10-10,26,quantile,0.01,12
2026-09-19,wk inc covid hosp,3,2026-10-10,26,quantile,0.025,14
2026-09-19,wk inc covid hosp,3,2026-10-10,26,quantile,0.05,16
2026-09-19,wk inc covid hosp,3,2026-10-10,26,quantile,0.1,20
2026-09-19,wk inc covid hosp,3,2026-10-10,26,quantile,0.15,22
2026-09-19,wk inc covid hosp,3,2026-10-10,26,quantile,0.2,24
2026-09-19,wk inc covid hosp,3,2026-10-10,26,quantile,0.25,25
2026-09-19,wk inc covid hosp,3,2026-10-10,26,quantile,0.3,27
2026-09-19,wk inc covid hosp,3,2026-10-10,26,quantile,0.35,29
2026-09-19,wk inc covid hosp,3,2026-10-10,26,quantile,0.4,30
2026-09-19,wk inc covid hosp,3,2026-10-10,26,quantile,0.45,32
2026-09-19,wk inc covid hosp,3,2026-10-10,26,quantile,0.5,33
2026-09-19,wk inc covid hosp,3,2026-10-10,26,quantile,0.55,35
2026-09-19,wk inc covid hosp,3,2026-10-10,26,quantile,0.6,37
2026-09-19,wk inc covid hosp,3,2026-10-10,26,quantile,0.65,39
2026-09-19,wk inc covid hosp,3,2026-10-10,26,quantile,0.7,41
2026-09-19,wk inc covid hosp,3,2026-10-10,26,quantile,0.75,43.250000000000455
2026-09-19,wk inc covid hosp,3,2026-10-10,26,quantile,0.8,46
2026-09-19,wk inc covid hosp,3,2026-10-10,26,quantile,0.85,50
2026-09-19,wk inc covid hosp,3,2026-10-10,26,quantile,0.9,54
2026-09-19,wk inc covid hosp,3,2026-10-10,26,quantile,0.95,62
2026-09-19,wk inc covid hosp,3,2026-10-10,26,quantile,0.975,70
2026-09-19,wk inc covid hosp,3,2026-10-10,26,quantile,0.99,81
2026-09-19,wk inc covid hosp,3,2026-10-10,27,quantile,0.01,6
2026-09-19,wk inc covid hosp,3,2026-10-10,27,quantile,0.025,7
2026-09-19,wk inc covid hosp,3,2026-10-10,27,quantile,0.05,9
2026-09-19,wk inc covid hosp,3,2026-10-10,27,quantile,0.1,11
2026-09-19,wk inc covid hosp,3,2026-10-10,27,quantile,0.15,12
2026-09-19,wk inc covid hosp,3,2026-10-10,27,quantile,0.2,13
2026-09-19,wk inc covid hosp,3,2026-10-10,27,quantile,0.25,14
2026-09-19,wk inc covid hosp,3,2026-10-10,27,quantile,0.3,15
2026-09-19,wk inc covid hosp,3,2026-10-10,27,quantile,0.35,16
2026-09-19,wk inc covid hosp,3,2026-10-10,27,quantile,0.4,17
2026-09-19,wk inc covid hosp,3,2026-10-10,27,quantile,0.45,18
2026-09-19,wk inc covid hosp,3,2026-10-10,27,quantile,0.5,19
2026-09-19,wk inc covid hosp,3,2026-10-10,27,quantile,0.55,20
2026-09-19,wk inc covid hosp,3,2026-10-10,27,quantile,0.6,21
2026-09-19,wk inc covid hosp,3,2026-10-10,27,quantile,0.65,22
2026-09-19,wk inc covid hosp,3,2026-10-10,27,quantile,0.7,23
2026-09-19,wk inc covid hosp,3,2026-10-10,27,quantile,0.75,25
2026-09-19,wk inc covid hosp,3,2026-10-10,27,quantile,0.8,26
2026-09-19,wk inc covid hosp,3,2026-10-10,27,quantile,0.85,28
2026-09-19,wk inc covid hosp,3,2026-10-10,27,quantile,0.9,32
2026-09-19,wk inc covid hosp,3,2026-10-10,27,quantile,0.95,37
2026-09-19,wk inc covid hosp,3,2026-10-10,27,quantile,0.975,40
2026-09-19,wk inc covid hosp,3,2026-10-10,27,quantile,0.99,46
2026-09-19,wk inc covid hosp,3,2026-10-10,28,quantile,0.01,9
2026-09-19,wk inc covid hosp,3,2026-10-10,28,quantile,0.025,12
2026-09-19,wk inc covid hosp,3,2026-10-10,28,quantile,0.05,14
2026-09-19,wk inc covid hosp,3,2026-10-10,28,quantile,0.1,16
2026-09-19,wk inc covid hosp,3,2026-10-10,28,quantile,0.15,18
2026-09-19,wk inc covid hosp,3,2026-10-10,28,quantile,0.2,20
2026-09-19,wk inc covid hosp,3,2026-10-10,28,quantile,0.25,21
2026-09-19,wk inc covid hosp,3,2026-10-10,28,quantile,0.3,23
2026-09-19,wk inc covid hosp,3,2026-10-10,28,quantile,0.35,24
2026-09-19,wk inc covid hosp,3,2026-10-10,28,quantile,0.4,26
2026-09-19,wk inc covid hosp,3,2026-10-10,28,quantile,0.45,27
2026-09-19,wk inc covid hosp,3,2026-10-10,28,quantile,0.5,28
2026-09-19,wk inc covid hosp,3,2026-10-10,28,quantile,0.55,30
2026-09-19,wk inc covid hosp,3,2026-10-10,28,quantile,0.6,31
2026-09-19,wk inc covid hosp,3,2026-10-10,28,quantile,0.65,33
2026-09-19,wk inc covid hosp,3,2026-10-10,28,quantile,0.7,35
2026-09-19,wk inc covid hosp,3,2026-10-10,28,quantile,0.75,37
2026-09-19,wk inc covid hosp,3,2026-10-10,28,quantile,0.8,39
2026-09-19,wk inc covid hosp,3,2026-10-10,28,quantile,0.85,42
2026-09-19,wk inc covid hosp,3,2026-10-10,28,quantile,0.9,45
2026-09-19,wk inc covid hosp,3,2026-10-10,28,quantile,0.95,52
2026-09-19,wk inc covid hosp,3,2026-10-10,28,quantile,0.975,58
2026-09-19,wk inc covid hosp,3,2026-10-10,28,quantile,0.99,66
2026-09-19,wk inc covid hosp,3,2026-10-10,29,quantile,0.01,15
2026-09-19,wk inc covid hosp,3,2026-10-10,29,quantile,0.025,18
2026-09-19,wk inc covid hosp,3,2026-10-10,29,quantile,0.05,20
2026-09-19,wk inc covid hosp,3,2026-10-10,29,quantile,0.1,23
2026-09-19,wk inc covid hosp,3,2026-10-10,29,quantile,0.15,25
2026-09-19,wk inc covid hosp,3,2026-10-10,29,quantile,0.2,27
2026-09-19,wk inc covid hosp,3,2026-10-10,29,quantile,0.25,29
2026-09-19,wk inc covid hosp,3,2026-10-10,29,quantile,0.3,30
2026-09-19,wk inc covid hosp,3,2026-10-10,29,quantile,0.35,32
2026-09-19,wk inc covid hosp,3,2026-10-10,29,quantile,0.4,34
2026-09-19,wk inc covid hosp,3,2026-10-10,29,quantile,0.45,35
2026-09-19,wk inc covid hosp,3,2026-10-10,29,quantile,0.5,37
2026-09-19,wk inc covid hosp,3,2026-10-10,29,quantile,0.55,38
2026-09-19,wk inc covid hosp,3,2026-10-10,29,quantile,0.6,40
2026-09-19,wk inc covid hosp,3,2026-10-10,29,quantile,0.65,42
2026-09-19,wk inc covid hosp,3,2026-10-10,29,quantile,0.7,44
2026-09-19,wk inc covid hosp,3,2026-10-10,29,quantile,0.75,46
2026-09-19,wk inc covid hosp,3,2026-10-10,29,quantile,0.8,48
2026-09-19,wk inc covid hosp,3,2026-10-10,29,quantile,0.85,51
2026-09-19,wk inc covid hosp,3,2026-10-10,29,quantile,0.9,55
2026-09-19,wk inc covid hosp,3,2026-10-10,29,quantile,0.95,61
2026-09-19,wk inc covid hosp,3,2026-10-10,29,quantile,0.975,67
2026-09-19,wk inc covid hosp,3,2026-10-10,29,quantile,0.99,76.01000000000022
2026-09-19,wk inc covid hosp,3,2026-10-10,30,quantile,0.01,0
2026-09-19,wk inc covid hosp,3,2026-10-10,30,quantile,0.025,1
2026-09-19,wk inc covid hosp,3,2026-10-10,30,quantile,0.05,1
2026-09-19,wk inc covid hosp,3,2026-10-10,30,quantile,0.1,2
2026-09-19,wk inc covid hosp,3,2026-10-10,30,quantile,0.15,3
2026-09-19,wk inc covid hosp,3,2026-10-10,30,quantile,0.2,3
2026-09-19,wk inc covid hosp,3,2026-10-10,30,quantile,0.25,4
2026-09-19,wk inc covid hosp,3,2026-10-10,30,quantile,0.3,4
2026-09-19,wk inc covid hosp,3,2026-10-10,30,quantile,0.35,4
2026-09-19,wk inc covid hosp,3,2026-10-10,30,quantile,0.4,5
2026-09-19,wk inc covid hosp,3,2026-10-10,30,quantile,0.45,5
2026-09-19,wk inc covid hosp,3,2026-10-10,30,quantile,0.5,6
2026-09-19,wk inc covid hosp,3,2026-10-10,30,quantile,0.55,6
2026-09-19,wk inc covid hosp,3,2026-10-10,30,quantile,0.6,6
2026-09-19,wk inc covid hosp,3,2026-10-10,30,quantile,0.65,7
2026-09-19,wk inc covid hosp,3,2026-10-10,30,quantile,0.7,7
2026-09-19,wk inc covid hosp,3,2026-10-10,30,quantile,0.75,8
2026-09-19,wk inc covid hosp,3,2026-10-10,30,quantile,0.8,9
2026-09-19,wk inc covid hosp,3,2026-10-10,30,quantile,0.85,9
2026-09-19,wk inc covid hosp,3,2026-10-10,30,quantile,0.9,11
2026-09-19,wk inc covid hosp,3,2026-10-10,30,quantile,0.95,12
2026-09-19,wk inc covid hosp,3,2026-10-10,30,quantile,0.975,14
2026-09-19,wk inc covid hosp,3,2026-10-10,30,quantile,0.99,16
2026-09-19,wk inc covid hosp,3,2026-10-10,31,quantile,0.01,1
2026-09-19,wk inc covid hosp,3,2026-10-10,31,quantile,0.025,1
2026-09-19,wk inc covid hosp,3,2026-10-10,31,quantile,0.05,2
2026-09-19,wk inc covid hosp,3,2026-10-10,31,quantile,0.1,3
2026-09-19,wk inc covid hosp,3,2026-10-10,31,quantile,0.15,3
2026-09-19,wk inc covid hosp,3,2026-10-10,31,quantile,0.2,4
2026-09-19,wk inc covid hosp,3,2026-10-10,31,quantile,0.25,4
2026-09-19,wk inc covid hosp,3,2026-10-10,31,quantile,0.3,5
2026-09-19,wk inc covid hosp,3,2026-10-10,31,quantile,0.35,5
2026-09-19,wk inc covid hosp,3,2026-10-10,31,quantile,0.4,5
2026-09-19,wk inc covid hosp,3,2026-10-10,31,quantile,0.45,6
2026-09-19,wk inc covid hosp,3,2026-10-10,31,quantile,0.5,6
2026-09-19,wk inc covid hosp,3,2026-10-10,31,quantile,0.55,7
2026-09-19,wk inc covid hosp,3,2026-10-10,31,quantile,0.6,7
2026-09-19,wk inc covid hosp,3,2026-10-10,31,quantile,0.65,8
2026-09-19,wk inc covid hosp,3,2026-10-10,31,quantile,0.7,8
2026-09-19,wk inc covid hosp,3,2026-10-10,31,quantile,0.75,9
2026-09-19,wk inc covid hosp,3,2026-10-10,31,quantile,0.8,10
2026-09-19,wk inc covid hosp,3,2026-10-10,31,quantile,0.85,10
2026-09-19,wk inc covid hosp,3,2026-10-10,31,quantile,0.9,11
2026-09-19,wk inc covid hosp,3,2026-10-10,31,quantile,0.95,13
2026-09-19,wk inc covid hosp,3,2026-10-10,31,quantile,0.975,15
2026-09-19,wk inc covid hosp,3,2026-10-10,31,quantile,0.99,17
2026-09-19,wk inc covid hosp,3,2026-10-10,32,quantile,0.01,10
2026-09-19,wk inc covid hosp,3,2026-10-10,32,quantile,0.025,12
2026-09-19,wk inc covid hosp,3,2026-10-10,32,quantile,0.05,14
2026-09-19,wk inc covid hosp,3,2026-10-10,32,quantile,0.1,17
2026-09-19,wk inc covid hosp,3,2026-10-10,32,quantile,0.15,19
2026-09-19,wk inc covid hosp,3,2026-10-10,32,quantile,0.2,20
2026-09-19,wk inc covid hosp,3,2026-10-10,32,quantile,0.25,22
2026-09-19,wk inc covid hosp,3,2026-10-10,32,quantile,0.3,23
2026-09-19,wk inc covid hosp,3,2026-10-10,32,quantile,0.35,24
2026-09-19,wk inc covid hosp,3,2026-10-10,32,quantile,0.4,26
2026-09-19,wk inc covid hosp,3,2026-10-10,32,quantile,0.45,27
2026-09-19,wk inc covid hosp,3,2026-10-10,32,quantile,0.5,28
2026-09-19,wk inc covid hosp,3,2026-10-10,32,quantile,0.55,30
2026-09-19,wk inc covid hosp,3,2026-10-10,32,quantile,0.6,31
2026-09-19,wk inc covid hosp,3,2026-10-10,32,quantile,0.65,33
2026-09-19,wk inc covid hosp,3,2026-10-10,32,quantile,0.7,35
2026-09-19,wk inc covid hosp,3,2026-10-10,32,quantile,0.75,37
2026-09-19,wk inc covid hosp,3,2026-10-10,32,quantile,0.8,39
2026-09-19,wk inc covid hosp,3,2026-10-10,32,quantile,0.85,42
2026-09-19,wk inc covid hosp,3,2026-10-10,32,quantile,0.9,45
2026-09-19,wk inc covid hosp,3,2026-10-10,32,quantile,0.95,51
2026-09-19,wk inc covid hosp,3,2026-10-10,32,quantile,0.975,57
2026-09-19,wk inc covid hosp,3,2026-10-10,32,quantile,0.99,64.01000000000022
2026-09-19,wk inc covid hosp,3,2026-10-10,33,quantile,0.01,1
2026-09-19,wk inc covid hosp,3,2026-10-10,33,quantile,0.025,1
2026-09-19,wk inc covid hosp,3,2026-10-10,33,quantile,0.05,1
2026-09-19,wk inc covid hosp,3,2026-10-10,33,quantile,0.1,2
2026-09-19,wk inc covid hosp,3,2026-10-10,33,quantile,0.15,3
2026-09-19,wk inc covid hosp,3,2026-10-10,33,quantile,0.2,3
2026-09-19,wk inc covid hosp,3,2026-10-10,33,quantile,0.25,4
2026-09-19,wk inc covid hosp,3,2026-10-10,33,quantile,0.3,4
2026-09-19,wk inc covid hosp,3,2026-10-10,33,quantile,0.35,4
2026-09-19,wk inc covid hosp,3,2026-10-10,33,quantile,0.4,5
2026-09-19,wk inc covid hosp,3,2026-10-10,33,quantile,0.45,5
2026-09-19,wk inc covid hosp,3,2026-10-10,33,quantile,0.5,6
2026-09-19,wk inc covid hosp,3,2026-10-10,33,quantile,0.55,6
2026-09-19,wk inc covid hosp,3,2026-10-10,33,quantile,0.6,7
2026-09-19,wk inc covid hosp,3,2026-10-10,33,quantile,0.65,7
2026-09-19,wk inc covid hosp,3,2026-10-10,33,quantile,0.7,8
2026-09-19,wk inc covid hosp,3,2026-10-10,33,quantile,0.75,8
2026-09-19,wk inc covid hosp,3,2026-10-10,33,quantile,0.8,9
2026-09-19,wk inc covid hosp,3,2026-10-10,33,quantile,0.85,10
2026-09-19,wk inc covid hosp,3,2026-10-10,33,quantile,0.9,11
2026-09-19,wk inc covid hosp,3,2026-10-10,33,quantile,0.95,13
2026-09-19,wk inc covid hosp,3,2026-10-10,33,quantile,0.975,15
2026-09-19,wk inc covid hosp,3,2026-10-10,33,quantile,0.99,18
2026-09-19,wk inc covid hosp,3,2026-10-10,34,quantile,0.01,39
2026-09-19,wk inc covid hosp,3,2026-10-10,34,quantile,0.025,46
2026-09-19,wk inc covid hosp,3,2026-10-10,34,quantile,0.05,52
2026-09-19,wk inc covid hosp,3,2026-10-10,34,quantile,0.1,58
2026-09-19,wk inc covid hosp,3,2026-10-10,34,quantile,0.15,65
2026-09-19,wk inc covid hosp,3,2026-10-10,34,quantile,0.2,70
2026-09-19,wk inc covid hosp,3,2026-10-10,34,quantile,0.25,75
2026-09-19,wk inc covid hosp,3,2026-10-10,34,quantile,0.3,79
2026-09-19,wk inc covid hosp,3,2026-10-10,34,quantile,0.35,84
2026-09-19,wk inc covid hosp,3,2026-10-10,34,quantile,0.4,88
2026-09-19,wk inc covid hosp,3,2026-10-10,34,quantile,0.45,92
2026-09-19,wk inc covid hosp,3,2026-10-10,34,quantile,0.5,97
2026-09-19,wk inc covid hosp,3,2026-10-10,34,quantile,0.55,101
2026-09-19,wk inc covid hosp,3,2026-10-10,34,quantile,0.6,106
2026-09-19,wk inc covid hosp,3,2026-10-10,34,quantile,0.65,111
2026-09-19,wk inc covid hosp,3,2026-10-10,34,quantile,0.7,117
2026-09-19,wk inc covid hosp,3,2026-10-10,34,quantile,0.75,123
2026-09-19,wk inc covid hosp,3,2026-10-10,34,quantile,0.8,130
2026-09-19,wk inc covid hosp,3,2026-10-10,34,quantile,0.85,140
2026-09-19,wk inc covid hosp,3,2026-10-10,34,quantile,0.9,153
2026-09-19,wk inc covid hosp,3,2026-10-10,34,quantile,0.95,176
2026-09-19,wk inc covid hosp,3,2026-10-10,34,quantile,0.975,196
2026-09-19,wk inc covid hosp,3,2026-10-10,34,quantile,0.99,220.01000000000022
2026-09-19,wk inc covid hosp,3,2026-10-10,35,quantile,0.01,4
2026-09-19,wk inc covid hosp,3,2026-10-10,35,quantile,0.025,5
2026-09-19,wk inc covid hosp,3,2026-10-10,35,quantile,0.05,6
2026-09-19,wk inc covid hosp,3,2026-10-10,35,quantile,0.1,8
2026-09-19,wk inc covid hosp,3,2026-10-10,35,quantile,0.15,9
2026-09-19,wk inc covid hosp,3,2026-10-10,35,quantile,0.2,10
2026-09-19,wk inc covid hosp,3,2026-10-10,35,quantile,0.25,11
2026-09-19,wk inc covid hosp,3,2026-10-10,35,quantile,0.3,11
2026-09-19,wk inc covid hosp,3,2026-10-10,35,quantile,0.35,12
2026-09-19,wk inc covid hosp,3,2026-10-10,35,quantile,0.4,13
2026-09-19,wk inc covid hosp,3,2026-10-10,35,quantile,0.45,14
2026-09-19,wk inc covid hosp,3,2026-10-10,35,quantile,0.5,14
2026-09-19,wk inc covid hosp,3,2026-10-10,35,quantile,0.55,15
2026-09-19,wk inc covid hosp,3,2026-10-10,35,quantile,0.6,16
2026-09-19,wk inc covid hosp,3,2026-10-10,35,quantile,0.65,17
2026-09-19,wk inc covid hosp,3,2026-10-10,35,quantile,0.7,18
2026-09-19,wk inc covid hosp,3,2026-10-10,35,quantile,0.75,19
2026-09-19,wk inc covid hosp,3,2026-10-10,35,quantile,0.8,20
2026-09-19,wk inc covid hosp,3,2026-10-10,35,quantile,0.85,22
2026-09-19,wk inc covid hosp,3,2026-10-10,35,quantile,0.9,24
2026-09-19,wk inc covid hosp,3,2026-10-10,35,quantile,0.95,28
2026-09-19,wk inc covid hosp,3,2026-10-10,35,quantile,0.975,31
2026-09-19,wk inc covid hosp,3,2026-10-10,35,quantile,0.99,35
2026-09-19,wk inc covid hosp,3,2026-10-10,36,quantile,0.01,80
2026-09-19,wk inc covid hosp,3,2026-10-10,36,quantile,0.025,91
2026-09-19,wk inc covid hosp,3,2026-10-10,36,quantile,0.05,102
2026-09-19,wk inc covid hosp,3,2026-10-10,36,quantile,0.1,115
2026-09-19,wk inc covid hosp,3,2026-10-10,36,quantile,0.15,124
2026-09-19,wk inc covid hosp,3,2026-10-10,36,quantile,0.2,133
2026-09-19,wk inc covid hosp,3,2026-10-10,36,quantile,0.25,141
2026-09-19,wk inc covid hosp,3,2026-10-10,36,quantile,0.3,149
2026-09-19,wk inc covid hosp,3,2026-10-10,36,quantile,0.35,156
2026-09-19,wk inc covid hosp,3,2026-10-10,36,quantile,0.4,163
2026-09-19,wk inc covid hosp,3,2026-10-10,36,quantile,0.45,169
2026-09-19,wk inc covid hosp,3,2026-10-10,36,quantile,0.5,177
2026-09-19,wk inc covid hosp,3,2026-10-10,36,quantile,0.55,185
2026-09-19,wk inc covid hosp,3,2026-10-10,36,quantile,0.6,192
2026-09-19,wk inc covid hosp,3,2026-10-10,36,quantile,0.65,200
2026-09-19,wk inc covid hosp,3,2026-10-10,36,quantile,0.7,210
2026-09-19,wk inc covid hosp,3,2026-10-10,36,quantile,0.75,220
2026-09-19,wk inc covid hosp,3,2026-10-10,36,quantile,0.8,232
2026-09-19,wk inc covid hosp,3,2026-10-10,36,quantile,0.85,248
2026-09-19,wk inc covid hosp,3,2026-10-10,36,quantile,0.9,269
2026-09-19,wk inc covid hosp,3,2026-10-10,36,quantile,0.95,302
2026-09-19,wk inc covid hosp,3,2026-10-10,36,quantile,0.975,329.02499999999964
2026-09-19,wk inc covid hosp,3,2026-10-10,36,quantile,0.99,365
2026-09-19,wk inc covid hosp,3,2026-10-10,37,quantile,0.01,62
2026-09-19,wk inc covid hosp,3,2026-10-10,37,quantile,0.025,71.97500000000001
2026-09-19,wk inc covid hosp,3,2026-10-10,37,quantile,0.05,80
2026-09-19,wk inc covid hosp,3,2026-10-10,37,quantile,0.1,91
2026-09-19,wk inc covid hosp,3,2026-10-10,37,quantile,0.15,100
2026-09-19,wk inc covid hosp,3,2026-10-10,37,quantile,0.2,107
2026-09-19,wk inc covid hosp,3,2026-10-10,37,quantile,0.25,113
2026-09-19,wk inc covid hosp,3,2026-10-10,37,quantile,0.3,119
2026-09-19,wk inc covid hosp,3,2026-10-10,37,quantile,0.35,125
2026-09-19,wk inc covid hosp,3,2026-10-10,37,quantile,0.4,131
2026-09-19,wk inc covid hosp,3,2026-10-10,37,quantile,0.45,136
2026-09-19,wk inc covid hosp,3,2026-10-10,37,quantile,0.5,142
2026-09-19,wk inc covid hosp,3,2026-10-10,37,quantile,0.55,149
2026-09-19,wk inc covid hosp,3,2026-10-10,37,quantile,0.6,155
2026-09-19,wk inc covid hosp,3,2026-10-10,37,quantile,0.65,163
2026-09-19,wk inc covid hosp,3,2026-10-10,37,quantile,0.7,171
2026-09-19,wk inc covid hosp,3,2026-10-10,37,quantile,0.75,180
2026-09-19,wk inc covid hosp,3,2026-10-10,37,quantile,0.8,190
2026-09-19,wk inc covid hosp,3,2026-10-10,37,quantile,0.85,202
2026-09-19,wk inc covid hosp,3,2026-10-10,37,quantile,0.9,220
2026-09-19,wk inc covid hosp,3,2026-10-10,37,quantile,0.95,248
2026-09-19,wk inc covid hosp,3,2026-10-10,37,quantile,0.975,278
2026-09-19,wk inc covid hosp,3,2026-10-10,37,quantile,0.99,312.0100000000002
2026-09-19,wk inc covid hosp,3,2026-10-10,38,quantile,0.01,0
2026-09-19,wk inc covid hosp,3,2026-10-10,38,quantile,0.025,0
2026-09-19,wk inc covid hosp,3,2026-10-10,38,quantile,0.05,0
2026-09-19,wk inc covid hosp,3,2026-10-10,38,quantile,0.1,0
2026-09-19,wk inc covid hosp,3,2026-10-10,38,quantile,0.15,1
2026-09-19,wk inc covid hosp,3,2026-10-10,38,quantile,0.2,1
2026-09-19,wk inc covid hosp,3,2026-10-10,38,quantile,0.25,1
2026-09-19,wk inc covid hosp,3,2026-10-10,38,quantile,0.3,1
2026-09-19,wk inc covid hosp,3,2026-10-10,38,quantile,0.35,2
2026-09-19,wk inc covid hosp,3,2026-10-10,38,quantile,0.4,2
2026-09-19,wk inc covid hosp,3,2026-10-10,38,quantile,0.45,2
2026-09-19,wk inc covid hosp,3,2026-10-10,38,quantile,0.5,2
2026-09-19,wk inc covid hosp,3,2026-10-10,38,quantile,0.55,2
2026-09-19,wk inc covid hosp,3,2026-10-10,38,quantile,0.6,3
2026-09-19,wk inc covid hosp,3,2026-10-10,38,quantile,0.65,3
2026-09-19,wk inc covid hosp,3,2026-10-10,38,quantile,0.7,3
2026-09-19,wk inc covid hosp,3,2026-10-10,38,quantile,0.75,4
2026-09-19,wk inc covid hosp,3,2026-10-10,38,quantile,0.8,4
2026-09-19,wk inc covid hosp,3,2026-10-10,38,quantile,0.85,4
2026-09-19,wk inc covid hosp,3,2026-10-10,38,quantile,0.9,5
2026-09-19,wk inc covid hosp,3,2026-10-10,38,quantile,0.95,6
2026-09-19,wk inc covid hosp,3,2026-10-10,38,quantile,0.975,7
2026-09-19,wk inc covid hosp,3,2026-10-10,38,quantile,0.99,9
2026-09-19,wk inc covid hosp,3,2026-10-10,39,quantile,0.01,28
2026-09-19,wk inc covid hosp,3,2026-10-10,39,quantile,0.025,32
2026-09-19,wk inc covid hosp,3,2026-10-10,39,quantile,0.05,37
2026-09-19,wk inc covid hosp,3,2026-10-10,39,quantile,0.1,42
2026-09-19,wk inc covid hosp,3,2026-10-10,39,quantile,0.15,46
2026-09-19,wk inc covid hosp,3,2026-10-10,39,quantile,0.2,50
2026-09-19,wk inc covid hosp,3,2026-10-10,39,quantile,0.25,53
2026-09-19,wk inc covid hosp,3,2026-10-10,39,quantile,0.3,56
2026-09-19,wk inc covid hosp,3,2026-10-10,39,quantile,0.35,58
2026-09-19,wk inc covid hosp,3,2026-10-10,39,quantile,0.4,61
2026-09-19,wk inc covid hosp,3,2026-10-10,39,quantile,0.45,64
2026-09-19,wk inc covid hosp,3,2026-10-10,39,quantile,0.5,66.5
2026-09-19,wk inc covid hosp,3,2026-10-10,39,quantile,0.55,69
2026-09-19,wk inc covid hosp,3,2026-10-10,39,quantile,0.6,72
2026-09-19,wk inc covid hosp,3,2026-10-10,39,quantile,0.65,76
2026-09-19,wk inc covid hosp,3,2026-10-10,39,quantile,0.7,79
2026-09-19,wk inc covid hosp,3,2026-10-10,39,quantile,0.75,84
2026-09-19,wk inc covid hosp,3,2026-10-10,39,quantile,0.8,89
2026-09-19,wk inc covid hosp,3,2026-10-10,39,quantile,0.85,94
2026-09-19,wk inc covid hosp,3,2026-10-10,39,quantile,0.9,103
2026-09-19,wk inc covid hosp,3,2026-10-10,39,quantile,0.95,116
2026-09-19,wk inc covid hosp,3,2026-10-10,39,quantile,0.975,126
2026-09-19,wk inc covid hosp,3,2026-10-10,39,quantile,0.99,141
2026-09-19,wk inc covid hosp,3,2026-10-10,40,quantile,0.01,8
2026-09-19,wk inc covid hosp,3,2026-10-10,40,quantile,0.025,9
2026-09-19,wk inc covid hosp,3,2026-10-10,40,quantile,0.05,11
2026-09-19,wk inc covid hosp,3,2026-10-10,40,quantile,0.1,13
2026-09-19,wk inc covid hosp,3,2026-10-10,40,quantile,0.15,15
2026-09-19,wk inc covid hosp,3,2026-10-10,40,quantile,0.2,16
2026-09-19,wk inc covid hosp,3,2026-10-10,40,quantile,0.25,17
2026-09-19,wk inc covid hosp,3,2026-10-10,40,quantile,0.3,18
2026-09-19,wk inc covid hosp,3,2026-10-10,40,quantile,0.35,19
2026-09-19,wk inc covid hosp,3,2026-10-10,40,quantile,0.4,20
2026-09-19,wk inc covid hosp,3,2026-10-10,40,quantile,0.45,21
2026-09-19,wk inc covid hosp,3,2026-10-10,40,quantile,0.5,22
2026-09-19,wk inc covid hosp,3,2026-10-10,40,quantile,0.55,23
2026-09-19,wk inc covid hosp,3,2026-10-10,40,quantile,0.6,25
2026-09-19,wk inc covid hosp,3,2026-10-10,40,quantile,0.65,26
2026-09-19,wk inc covid hosp,3,2026-10-10,40,quantile,0.7,27
2026-09-19,wk inc covid hosp,3,2026-10-10,40,quantile,0.75,29
2026-09-19,wk inc covid hosp,3,2026-10-10,40,quantile,0.8,31
2026-09-19,wk inc covid hosp,3,2026-10-10,40,quantile,0.85,33
2026-09-19,wk inc covid hosp,3,2026-10-10,40,quantile,0.9,36
2026-09-19,wk inc covid hosp,3,2026-10-10,40,quantile,0.95,40
2026-09-19,wk inc covid hosp,3,2026-10-10,40,quantile,0.975,45
2026-09-19,wk inc covid hosp,3,2026-10-10,40,quantile,0.99,51
2026-09-19,wk inc covid hosp,3,2026-10-10,41,quantile,0.01,6
2026-09-19,wk inc covid hosp,3,2026-10-10,41,quantile,0.025,7
2026-09-19,wk inc covid hosp,3,2026-10-10,41,quantile,0.05,9
2026-09-19,wk inc covid hosp,3,2026-10-10,41,quantile,0.1,11
2026-09-19,wk inc covid hosp,3,2026-10-10,41,quantile,0.15,12
2026-09-19,wk inc covid hosp,3,2026-10-10,41,quantile,0.2,13
2026-09-19,wk inc covid hosp,3,2026-10-10,41,quantile,0.25,14
2026-09-19,wk inc covid hosp,3,2026-10-10,41,quantile,0.3,15
2026-09-19,wk inc covid hosp,3,2026-10-10,41,quantile,0.35,16
2026-09-19,wk inc covid hosp,3,2026-10-10,41,quantile,0.4,17
2026-09-19,wk inc covid hosp,3,2026-10-10,41,quantile,0.45,18
2026-09-19,wk inc covid hosp,3,2026-10-10,41,quantile,0.5,19
2026-09-19,wk inc covid hosp,3,2026-10-10,41,quantile,0.55,20
2026-09-19,wk inc covid hosp,3,2026-10-10,41,quantile,0.6,21
2026-09-19,wk inc covid hosp,3,2026-10-10,41,quantile,0.65,23
2026-09-19,wk inc covid hosp,3,2026-10-10,41,quantile,0.7,24
2026-09-19,wk inc covid hosp,3,2026-10-10,41,quantile,0.75,25
2026-09-19,wk inc covid hosp,3,2026-10-10,41,quantile,0.8,27
2026-09-19,wk inc covid hosp,3,2026-10-10,41,quantile,0.85,29
2026-09-19,wk inc covid hosp,3,2026-10-10,41,quantile,0.9,32
2026-09-19,wk inc covid hosp,3,2026-10-10,41,quantile,0.95,37
2026-09-19,wk inc covid hosp,3,2026-10-10,41,quantile,0.975,42
2026-09-19,wk inc covid hosp,3,2026-10-10,41,quantile,0.99,48
2026-09-19,wk inc covid hosp,3,2026-10-10,42,quantile,0.01,51
2026-09-19,wk inc covid hosp,3,2026-10-10,42,quantile,0.025,58
2026-09-19,wk inc covid hosp,3,2026-10-10,42,quantile,0.05,65
2026-09-19,wk inc covid hosp,3,2026-10-10,42,quantile,0.1,73
2026-09-19,wk inc covid hosp,3,2026-10-10,42,quantile,0.15,80
2026-09-19,wk inc covid hosp,3,2026-10-10,42,quantile,0.2,85
2026-09-19,wk inc covid hosp,3,2026-10-10,42,quantile,0.25,90
2026-09-19,wk inc covid hosp,3,2026-10-10,42,quantile,0.3,94
2026-09-19,wk inc covid hosp,3,2026-10-10,42,quantile,0.35,99
2026-09-19,wk inc covid hosp,3,2026-10-10,42,quantile,0.4,103
2026-09-19,wk inc covid hosp,3,2026-10-10,42,quantile,0.45,108
2026-09-19,wk inc covid hosp,3,2026-10-10,42,quantile,0.5,112
2026-09-19,wk inc covid hosp,3,2026-10-10,42,quantile,0.55,117
2026-09-19,wk inc covid hosp,3,2026-10-10,42,quantile,0.6,122
2026-09-19,wk inc covid hosp,3,2026-10-10,42,quantile,0.65,127
2026-09-19,wk inc covid hosp,3,2026-10-10,42,quantile,0.7,133
2026-09-19,wk inc covid hosp,3,2026-10-10,42,quantile,0.75,139
2026-09-19,wk inc covid hosp,3,2026-10-10,42,quantile,0.8,147
2026-09-19,wk inc covid hosp,3,2026-10-10,42,quantile,0.85,157
2026-09-19,wk inc covid hosp,3,2026-10-10,42,quantile,0.9,170
2026-09-19,wk inc covid hosp,3,2026-10-10,42,quantile,0.95,188
2026-09-19,wk inc covid hosp,3,2026-10-10,42,quantile,0.975,208.02499999999964
2026-09-19,wk inc covid hosp,3,2026-10-10,42,quantile,0.99,236.02000000000044
2026-09-19,wk inc covid hosp,3,2026-10-10,44,quantile,0.01,0
2026-09-19,wk inc covid hosp,3,2026-10-10,44,quantile,0.025,1
2026-09-19,wk inc covid hosp,3,2026-10-10,44,quantile,0.05,1
2026-09-19,wk inc covid hosp,3,2026-10-10,44,quantile,0.1,2
2026-09-19,wk inc covid hosp,3,2026-10-10,44,quantile,0.15,2
2026-09-19,wk inc covid hosp,3,2026-10-10,44,quantile,0.2,3
2026-09-19,wk inc covid hosp,3,2026-10-10,44,quantile,0.25,3
2026-09-19,wk inc covid hosp,3,2026-10-10,44,quantile,0.3,4
2026-09-19,wk inc covid hosp,3,2026-10-10,44,quantile,0.35,4
2026-09-19,wk inc covid hosp,3,2026-10-10,44,quantile,0.4,5
2026-09-19,wk inc covid hosp,3,2026-10-10,44,quantile,0.45,5
2026-09-19,wk inc covid hosp,3,2026-10-10,44,quantile,0.5,5
2026-09-19,wk inc covid hosp,3,2026-10-10,44,quantile,0.55,6
2026-09-19,wk inc covid hosp,3,2026-10-10,44,quantile,0.6,6
2026-09-19,wk inc covid hosp,3,2026-10-10,44,quantile,0.65,7
2026-09-19,wk inc covid hosp,3,2026-10-10,44,quantile,0.7,7
2026-09-19,wk inc covid hosp,3,2026-10-10,44,quantile,0.75,8
2026-09-19,wk inc covid hosp,3,2026-10-10,44,quantile,0.8,9
2026-09-19,wk inc covid hosp,3,2026-10-10,44,quantile,0.85,9
2026-09-19,wk inc covid hosp,3,2026-10-10,44,quantile,0.9,11
2026-09-19,wk inc covid hosp,3,2026-10-10,44,quantile,0.95,13
2026-09-19,wk inc covid hosp,3,2026-10-10,44,quantile,0.975,15
2026-09-19,wk inc covid hosp,3,2026-10-10,44,quantile,0.99,17
2026-09-19,wk inc covid hosp,3,2026-10-10,45,quantile,0.01,23
2026-09-19,wk inc covid hosp,3,2026-10-10,45,quantile,0.025,27.97500000000001
2026-09-19,wk inc covid hosp,3,2026-10-10,45,quantile,0.05,31
2026-09-19,wk inc covid hosp,3,2026-10-10,45,quantile,0.1,37
2026-09-19,wk inc covid hosp,3,2026-10-10,45,quantile,0.15,41
2026-09-19,wk inc covid hosp,3,2026-10-10,45,quantile,0.2,44
2026-09-19,wk inc covid hosp,3,2026-10-10,45,quantile,0.25,48
2026-09-19,wk inc covid hosp,3,2026-10-10,45,quantile,0.3,51
2026-09-19,wk inc covid hosp,3,2026-10-10,45,quantile,0.35,54
2026-09-19,wk inc covid hosp,3,2026-10-10,45,quantile,0.4,57
2026-09-19,wk inc covid hosp,3,2026-10-10,45,quantile,0.45,60
2026-09-19,wk inc covid hosp,3,2026-10-10,45,quantile,0.5,63
2026-09-19,wk inc covid hosp,3,2026-10-10,45,quantile,0.55,66
2026-09-19,wk inc covid hosp,3,2026-10-10,45,quantile,0.6,70
2026-09-19,wk inc covid hosp,3,2026-10-10,45,quantile,0.65,73
2026-09-19,wk inc covid hosp,3,2026-10-10,45,quantile,0.7,78
2026-09-19,wk inc covid hosp,3,2026-10-10,45,quantile,0.75,82
2026-09-19,wk inc covid hosp,3,2026-10-10,45,quantile,0.8,88
2026-09-19,wk inc covid hosp,3,2026-10-10,45,quantile,0.85,95
2026-09-19,wk inc covid hosp,3,2026-10-10,45,quantile,0.9,103
2026-09-19,wk inc covid hosp,3,2026-10-10,45,quantile,0.95,120
2026-09-19,wk inc covid hosp,3,2026-10-10,45,quantile,0.975,138
2026-09-19,wk inc covid hosp,3,2026-10-10,45,quantile,0.99,154.03000000000065
2026-09-19,wk inc covid hosp,3,2026-10-10,46,quantile,0.01,0
2026-09-19,wk inc covid hosp,3,2026-10-10,46,quantile,0.025,0
2026-09-19,wk inc covid hosp,3,2026-10-10,46,quantile,0.05,1
2026-09-19,wk inc covid hosp,3,2026-10-10,46,quantile,0.1,1
2026-09-19,wk inc covid hosp,3,2026-10-10,46,quantile,0.15,1
2026-09-19,wk inc covid hosp,3,2026-10-10,46,quantile,0.2,2
2026-09-19,wk inc covid hosp,3,2026-10-10,46,quantile,0.25,2
2026-09-19,wk inc covid hosp,3,2026-10-10,46,quantile,0.3,2
2026-09-19,wk inc covid hosp,3,2026-10-10,46,quantile,0.35,3
2026-09-19,wk inc covid hosp,3,2026-10-10,46,quantile,0.4,3
2026-09-19,wk inc covid hosp,3,2026-10-10,46,quantile,0.45,3
2026-09-19,wk inc covid hosp,3,2026-10-10,46,quantile,0.5,3
2026-09-19,wk inc covid hosp,3,2026-10-10,46,quantile,0.55,4
2026-09-19,wk inc covid hosp,3,2026-10-10,46,quantile,0.6,4
2026-09-19,wk inc covid hosp,3,2026-10-10,46,quantile,0.65,4
2026-09-19,wk inc covid hosp,3,2026-10-10,46,quantile,0.7,5
2026-09-19,wk inc covid hosp,3,2026-10-10,46,quantile,0.75,5
2026-09-19,wk inc covid hosp,3,2026-10-10,46,quantile,0.8,6
2026-09-19,wk inc covid hosp,3,2026-10-10,46,quantile,0.85,6
2026-09-19,wk inc covid hosp,3,2026-10-10,46,quantile,0.9,7
2026-09-19,wk inc covid hosp,3,2026-10-10,46,quantile,0.95,8
2026-09-19,wk inc covid hosp,3,2026-10-10,46,quantile,0.975,9
2026-09-19,wk inc covid hosp,3,2026-10-10,46,quantile,0.99,11
2026-09-19,wk inc covid hosp,3,2026-10-10,47,quantile,0.01,31
2026-09-19,wk inc covid hosp,3,2026-10-10,47,quantile,0.025,36.97500000000001
2026-09-19,wk inc covid hosp,3,2026-10-10,47,quantile,0.05,41
2026-09-19,wk inc covid hosp,3,2026-10-10,47,quantile,0.1,46
2026-09-19,wk inc covid hosp,3,2026-10-10,47,quantile,0.15,50
2026-09-19,wk inc covid hosp,3,2026-10-10,47,quantile,0.2,54
2026-09-19,wk inc covid hosp,3,2026-10-10,47,quantile,0.25,57
2026-09-19,wk inc covid hosp,3,2026-10-10,47,quantile,0.3,60
2026-09-19,wk inc covid hosp,3,2026-10-10,47,quantile,0.35,63
2026-09-19,wk inc covid hosp,3,2026-10-10,47,quantile,0.4,66
2026-09-19,wk inc covid hosp,3,2026-10-10,47,quantile,0.45,68
2026-09-19,wk inc covid hosp,3,2026-10-10,47,quantile,0.5,71
2026-09-19,wk inc covid hosp,3,2026-10-10,47,quantile,0.55,74
2026-09-19,wk inc covid hosp,3,2026-10-10,47,quantile,0.6,77
2026-09-19,wk inc covid hosp,3,2026-10-10,47,quantile,0.65,80
2026-09-19,wk inc covid hosp,3,2026-10-10,47,quantile,0.7,83
2026-09-19,wk inc covid hosp,3,2026-10-10,47,quantile,0.75,88
2026-09-19,wk inc covid hosp,3,2026-10-10,47,quantile,0.8,93
2026-09-19,wk inc covid hosp,3,2026-10-10,47,quantile,0.85,97.15000000000055
2026-09-19,wk inc covid hosp,3,2026-10-10,47,quantile,0.9,105
2026-09-19,wk inc covid hosp,3,2026-10-10,47,quantile,0.95,118
2026-09-19,wk inc covid hosp,3,2026-10-10,47,quantile,0.975,130
2026-09-19,wk inc covid hosp,3,2026-10-10,47,quantile,0.99,146
2026-09-19,wk inc covid hosp,3,2026-10-10,48,quantile,0.01,182.99
2026-09-19,wk inc covid hosp,3,2026-10-10,48,quantile,0.025,205.97500000000002
2026-09-19,wk inc covid hosp,3,2026-10-10,48,quantile,0.05,231
2026-09-19,wk inc covid hosp,3,2026-10-10,48,quantile,0.1,262.90000000000003
2026-09-19,wk inc covid hosp,3,2026-10-10,48,quantile,0.15,283
2026-09-19,wk inc covid hosp,3,2026-10-10,48,quantile,0.2,302
2026-09-19,wk inc covid hosp,3,2026-10-10,48,quantile,0.25,319
2026-09-19,wk inc covid hosp,3,2026-10-10,48,quantile,0.3,336
2026-09-19,wk inc covid hosp,3,2026-10-10,48,quantile,0.35,354
2026-09-19,wk inc covid hosp,3,2026-10-10,48,quantile,0.4,370
2026-09-19,wk inc covid hosp,3,2026-10-10,48,quantile,0.45,385
2026-09-19,wk inc covid hosp,3,2026-10-10,48,quantile,0.5,401
2026-09-19,wk inc covid hosp,3,2026-10-10,48,quantile,0.55,417
2026-09-19,wk inc covid hosp,3,2026-10-10,48,quantile,0.6,434
2026-09-19,wk inc covid hosp,3,2026-10-10,48,quantile,0.65,454
2026-09-19,wk inc covid hosp,3,2026-10-10,48,quantile,0.7,474
2026-09-19,wk inc covid hosp,3,2026-10-10,48,quantile,0.75,498
2026-09-19,wk inc covid hosp,3,2026-10-10,48,quantile,0.8,528
2026-09-19,wk inc covid hosp,3,2026-10-10,48,quantile,0.85,562.1500000000005
2026-09-19,wk inc covid hosp,3,2026-10-10,48,quantile,0.9,612.1000000000004
2026-09-19,wk inc covid hosp,3,2026-10-10,48,quantile,0.95,688
2026-09-19,wk inc covid hosp,3,2026-10-10,48,quantile,0.975,764.0249999999996
2026-09-19,wk inc covid hosp,3,2026-10-10,48,quantile,0.99,855.0700000000015
2026-09-19,wk inc covid hosp,3,2026-10-10,49,quantile,0.01,3
2026-09-19,wk inc covid hosp,3,2026-10-10,49,quantile,0.025,4
2026-09-19,wk inc covid hosp,3,2026-10-10,49,quantile,0.05,5
2026-09-19,wk inc covid hosp,3,2026-10-10,49,quantile,0.1,7
2026-09-19,wk inc covid hosp,3,2026-10-10,49,quantile,0.15,8
2026-09-19,wk inc covid hosp,3,2026-10-10,49,quantile,0.2,8
2026-09-19,wk inc covid hosp,3,2026-10-10,49,quantile,0.25,9
2026-09-19,wk inc covid hosp,3,2026-10-10,49,quantile,0.3,10
2026-09-19,wk inc covid hosp,3,2026-10-10,49,quantile,0.35,10
2026-09-19,wk inc covid hosp,3,2026-10-10,49,quantile,0.4,11
2026-09-19,wk inc covid hosp,3,2026-10-10,49,quantile,0.45,12
2026-09-19,wk inc covid hosp,3,2026-10-10,49,quantile,0.5,13
2026-09-19,wk inc covid hosp,3,2026-10-10,49,quantile,0.55,13
2026-09-19,wk inc covid hosp,3,2026-10-10,49,quantile,0.6,14
2026-09-19,wk inc covid hosp,3,2026-10-10,49,quantile,0.65,15
2026-09-19,wk inc covid hosp,3,2026-10-10,49,quantile,0.7,16
2026-09-19,wk inc covid hosp,3,2026-10-10,49,quantile,0.75,16
2026-09-19,wk inc covid hosp,3,2026-10-10,49,quantile,0.8,18
2026-09-19,wk inc covid hosp,3,2026-10-10,49,quantile,0.85,19
2026-09-19,wk inc covid hosp,3,2026-10-10,49,quantile,0.9,21
2026-09-19,wk inc covid hosp,3,2026-10-10,49,quantile,0.95,24
2026-09-19,wk inc covid hosp,3,2026-10-10,49,quantile,0.975,27
2026-09-19,wk inc covid hosp,3,2026-10-10,49,quantile,0.99,31
2026-09-19,wk inc covid hosp,3,2026-10-10,50,quantile,0.01,0
2026-09-19,wk inc covid hosp,3,2026-10-10,50,quantile,0.025,0
2026-09-19,wk inc covid hosp,3,2026-10-10,50,quantile,0.05,0
2026-09-19,wk inc covid hosp,3,2026-10-10,50,quantile,0.1,1
2026-09-19,wk inc covid hosp,3,2026-10-10,50,quantile,0.15,1
2026-09-19,wk inc covid hosp,3,2026-10-10,50,quantile,0.2,1
2026-09-19,wk inc covid hosp,3,2026-10-10,50,quantile,0.25,1
2026-09-19,wk inc covid hosp,3,2026-10-10,50,quantile,0.3,2
2026-09-19,wk inc covid hosp,3,2026-10-10,50,quantile,0.35,2
2026-09-19,wk inc covid hosp,3,2026-10-10,50,quantile,0.4,2
2026-09-19,wk inc covid hosp,3,2026-10-10,50,quantile,0.45,2
2026-09-19,wk inc covid hosp,3,2026-10-10,50,quantile,0.5,3
2026-09-19,wk inc covid hosp,3,2026-10-10,50,quantile,0.55,3
2026-09-19,wk inc covid hosp,3,2026-10-10,50,quantile,0.6,3
2026-09-19,wk inc covid hosp,3,2026-10-10,50,quantile,0.65,3
2026-09-19,wk inc covid hosp,3,2026-10-10,50,quantile,0.7,4
2026-09-19,wk inc covid hosp,3,2026-10-10,50,quantile,0.75,4
2026-09-19,wk inc covid hosp,3,2026-10-10,50,quantile,0.8,5
2026-09-19,wk inc covid hosp,3,2026-10-10,50,quantile,0.85,5
2026-09-19,wk inc covid hosp,3,2026-10-10,50,quantile,0.9,6
2026-09-19,wk inc covid hosp,3,2026-10-10,50,quantile,0.95,7
2026-09-19,wk inc covid hosp,3,2026-10-10,50,quantile,0.975,8
2026-09-19,wk inc covid hosp,3,2026-10-10,50,quantile,0.99,9
2026-09-19,wk inc covid hosp,3,2026-10-10,51,quantile,0.01,16
2026-09-19,wk inc covid hosp,3,2026-10-10,51,quantile,0.025,19
2026-09-19,wk inc covid hosp,3,2026-10-10,51,quantile,0.05,21
2026-09-19,wk inc covid hosp,3,2026-10-10,51,quantile,0.1,24
2026-09-19,wk inc covid hosp,3,2026-10-10,51,quantile,0.15,27
2026-09-19,wk inc covid hosp,3,2026-10-10,51,quantile,0.2,29
2026-09-19,wk inc covid hosp,3,2026-10-10,51,quantile,0.25,31
2026-09-19,wk inc covid hosp,3,2026-10-10,51,quantile,0.3,32.700000000000045
2026-09-19,wk inc covid hosp,3,2026-10-10,51,quantile,0.35,34
2026-09-19,wk inc covid hosp,3,2026-10-10,51,quantile,0.4,36
2026-09-19,wk inc covid hosp,3,2026-10-10,51,quantile,0.45,37
2026-09-19,wk inc covid hosp,3,2026-10-10,51,quantile,0.5,39
2026-09-19,wk inc covid hosp,3,2026-10-10,51,quantile,0.55,41
2026-09-19,wk inc covid hosp,3,2026-10-10,51,quantile,0.6,43
2026-09-19,wk inc covid hosp,3,2026-10-10,51,quantile,0.65,45
2026-09-19,wk inc covid hosp,3,2026-10-10,51,quantile,0.7,47
2026-09-19,wk inc covid hosp,3,2026-10-10,51,quantile,0.75,49
2026-09-19,wk inc covid hosp,3,2026-10-10,51,quantile,0.8,52
2026-09-19,wk inc covid hosp,3,2026-10-10,51,quantile,0.85,56
2026-09-19,wk inc covid hosp,3,2026-10-10,51,quantile,0.9,61
2026-09-19,wk inc covid hosp,3,2026-10-10,51,quantile,0.95,68
2026-09-19,wk inc covid hosp,3,2026-10-10,51,quantile,0.975,75
2026-09-19,wk inc covid hosp,3,2026-10-10,51,quantile,0.99,87
2026-09-19,wk inc covid hosp,3,2026-10-10,53,quantile,0.01,27
2026-09-19,wk inc covid hosp,3,2026-10-10,53,quantile,0.025,32
2026-09-19,wk inc covid hosp,3,2026-10-10,53,quantile,0.05,37
2026-09-19,wk inc covid hosp,3,2026-10-10,53,quantile,0.1,43
2026-09-19,wk inc covid hosp,3,2026-10-10,53,quantile,0.15,48
2026-09-19,wk inc covid hosp,3,2026-10-10,53,quantile,0.2,52
2026-09-19,wk inc covid hosp,3,2026-10-10,53,quantile,0.25,55
2026-09-19,wk inc covid hosp,3,2026-10-10,53,quantile,0.3,59
2026-09-19,wk inc covid hosp,3,2026-10-10,53,quantile,0.35,63
2026-09-19,wk inc covid hosp,3,2026-10-10,53,quantile,0.4,66
2026-09-19,wk inc covid hosp,3,2026-10-10,53,quantile,0.45,70
2026-09-19,wk inc covid hosp,3,2026-10-10,53,quantile,0.5,74
2026-09-19,wk inc covid hosp,3,2026-10-10,53,quantile,0.55,77
2026-09-19,wk inc covid hosp,3,2026-10-10,53,quantile,0.6,82
2026-09-19,wk inc covid hosp,3,2026-10-10,53,quantile,0.65,86
2026-09-19,wk inc covid hosp,3,2026-10-10,53,quantile,0.7,91
2026-09-19,wk inc covid hosp,3,2026-10-10,53,quantile,0.75,97.25000000000045
2026-09-19,wk inc covid hosp,3,2026-10-10,53,quantile,0.8,103
2026-09-19,wk inc covid hosp,3,2026-10-10,53,quantile,0.85,112
2026-09-19,wk inc covid hosp,3,2026-10-10,53,quantile,0.9,123
2026-09-19,wk inc covid hosp,3,2026-10-10,53,quantile,0.95,142.05000000000018
2026-09-19,wk inc covid hosp,3,2026-10-10,53,quantile,0.975,163
2026-09-19,wk inc covid hosp,3,2026-10-10,53,quantile,0.99,195.01000000000022
2026-09-19,wk inc covid hosp,3,2026-10-10,54,quantile,0.01,2
2026-09-19,wk inc covid hosp,3,2026-10-10,54,quantile,0.025,2
2026-09-19,wk inc covid hosp,3,2026-10-10,54,quantile,0.05,3
2026-09-19,wk inc covid hosp,3,2026-10-10,54,quantile,0.1,4
2026-09-19,wk inc covid hosp,3,2026-10-10,54,quantile,0.15,5
2026-09-19,wk inc covid hosp,3,2026-10-10,54,quantile,0.2,5
2026-09-19,wk inc covid hosp,3,2026-10-10,54,quantile,0.25,6
2026-09-19,wk inc covid hosp,3,2026-10-10,54,quantile,0.3,6
2026-09-19,wk inc covid hosp,3,2026-10-10,54,quantile,0.35,7
2026-09-19,wk inc covid hosp,3,2026-10-10,54,quantile,0.4,7
2026-09-19,wk inc covid hosp,3,2026-10-10,54,quantile,0.45,8
2026-09-19,wk inc covid hosp,3,2026-10-10,54,quantile,0.5,8
2026-09-19,wk inc covid hosp,3,2026-10-10,54,quantile,0.55,9
2026-09-19,wk inc covid hosp,3,2026-10-10,54,quantile,0.6,10
2026-09-19,wk inc covid hosp,3,2026-10-10,54,quantile,0.65,10
2026-09-19,wk inc covid hosp,3,2026-10-10,54,quantile,0.7,11
2026-09-19,wk inc covid hosp,3,2026-10-10,54,quantile,0.75,12
2026-09-19,wk inc covid hosp,3,2026-10-10,54,quantile,0.8,12
2026-09-19,wk inc covid hosp,3,2026-10-10,54,quantile,0.85,13
2026-09-19,wk inc covid hosp,3,2026-10-10,54,quantile,0.9,15
2026-09-19,wk inc covid hosp,3,2026-10-10,54,quantile,0.95,17
2026-09-19,wk inc covid hosp,3,2026-10-10,54,quantile,0.975,19
2026-09-19,wk inc covid hosp,3,2026-10-10,54,quantile,0.99,22
2026-09-19,wk inc covid hosp,3,2026-10-10,55,quantile,0.01,8
2026-09-19,wk inc covid hosp,3,2026-10-10,55,quantile,0.025,9
2026-09-19,wk inc covid hosp,3,2026-10-10,55,quantile,0.05,11
2026-09-19,wk inc covid hosp,3,2026-10-10,55,quantile,0.1,13
2026-09-19,wk inc covid hosp,3,2026-10-10,55,quantile,0.15,15
2026-09-19,wk inc covid hosp,3,2026-10-10,55,quantile,0.2,16
2026-09-19,wk inc covid hosp,3,2026-10-10,55,quantile,0.25,17
2026-09-19,wk inc covid hosp,3,2026-10-10,55,quantile,0.3,19
2026-09-19,wk inc covid hosp,3,2026-10-10,55,quantile,0.35,20
2026-09-19,wk inc covid hosp,3,2026-10-10,55,quantile,0.4,21
2026-09-19,wk inc covid hosp,3,2026-10-10,55,quantile,0.45,22
2026-09-19,wk inc covid hosp,3,2026-10-10,55,quantile,0.5,23
2026-09-19,wk inc covid hosp,3,2026-10-10,55,quantile,0.55,25
2026-09-19,wk inc covid hosp,3,2026-10-10,55,quantile,0.6,26
2026-09-19,wk inc covid hosp,3,2026-10-10,55,quantile,0.65,27
2026-09-19,wk inc covid hosp,3,2026-10-10,55,quantile,0.7,29
2026-09-19,wk inc covid hosp,3,2026-10-10,55,quantile,0.75,30
2026-09-19,wk inc covid hosp,3,2026-10-10,55,quantile,0.8,32
2026-09-19,wk inc covid hosp,3,2026-10-10,55,quantile,0.85,35
2026-09-19,wk inc covid hosp,3,2026-10-10,55,quantile,0.9,38
2026-09-19,wk inc covid hosp,3,2026-10-10,55,quantile,0.95,44
2026-09-19,wk inc covid hosp,3,2026-10-10,55,quantile,0.975,49.024999999999636
2026-09-19,wk inc covid hosp,3,2026-10-10,55,quantile,0.99,56
2026-09-19,wk inc covid hosp,3,2026-10-10,56,quantile,0.01,0
2026-09-19,wk inc covid hosp,3,2026-10-10,56,quantile,0.025,0
2026-09-19,wk inc covid hosp,3,2026-10-10,56,quantile,0.05,0
2026-09-19,wk inc covid hosp,3,2026-10-10,56,quantile,0.1,1
2026-09-19,wk inc covid hosp,3,2026-10-10,56,quantile,0.15,1
2026-09-19,wk inc covid hosp,3,2026-10-10,56,quantile,0.2,1
2026-09-19,wk inc covid hosp,3,2026-10-10,56,quantile,0.25,2
2026-09-19,wk inc covid hosp,3,2026-10-10,56,quantile,0.3,2
2026-09-19,wk inc covid hosp,3,2026-10-10,56,quantile,0.35,2
2026-09-19,wk inc covid hosp,3,2026-10-10,56,quantile,0.4,2
2026-09-19,wk inc covid hosp,3,2026-10-10,56,quantile,0.45,3
2026-09-19,wk inc covid hosp,3,2026-10-10,56,quantile,0.5,3
2026-09-19,wk inc covid hosp,3,2026-10-10,56,quantile,0.55,3
2026-09-19,wk inc covid hosp,3,2026-10-10,56,quantile,0.6,3
2026-09-19,wk inc covid hosp,3,2026-10-10,56,quantile,0.65,4
2026-09-19,wk inc covid hosp,3,2026-10-10,56,quantile,0.7,4
2026-09-19,wk inc covid hosp,3,2026-10-10,56,quantile,0.75,4
2026-09-19,wk inc covid hosp,3,2026-10-10,56,quantile,0.8,5
2026-09-19,wk inc covid hosp,3,2026-10-10,56,quantile,0.85,5
2026-09-19,wk inc covid hosp,3,2026-10-10,56,quantile,0.9,6
2026-09-19,wk inc covid hosp,3,2026-10-10,56,quantile,0.95,7
2026-09-19,wk inc covid hosp,3,2026-10-10,56,quantile,0.975,8
2026-09-19,wk inc covid hosp,3,2026-10-10,56,quantile,0.99,9
2026-09-19,wk inc covid hosp,3,2026-10-10,72,quantile,0.01,17
2026-09-19,wk inc covid hosp,3,2026-10-10,72,quantile,0.025,21
2026-09-19,wk inc covid hosp,3,2026-10-10,72,quantile,0.05,26
2026-09-19,wk inc covid hosp,3,2026-10-10,72,quantile,0.1,33
2026-09-19,wk inc covid hosp,3,2026-10-10,72,quantile,0.15,38
2026-09-19,wk inc covid hosp,3,2026-10-10,72,quantile,0.2,43
2026-09-19,wk inc covid hosp,3,2026-10-10,72,quantile,0.25,47
2026-09-19,wk inc covid hosp,3,2026-10-10,72,quantile,0.3,51
2026-09-19,wk inc covid hosp,3,2026-10-10,72,quantile,0.35,56
2026-09-19,wk inc covid hosp,3,2026-10-10,72,quantile,0.4,61
2026-09-19,wk inc covid hosp,3,2026-10-10,72,quantile,0.45,65
2026-09-19,wk inc covid hosp,3,2026-10-10,72,quantile,0.5,70
2026-09-19,wk inc covid hosp,3,2026-10-10,72,quantile,0.55,76
2026-09-19,wk inc covid hosp,3,2026-10-10,72,quantile,0.6,82
2026-09-19,wk inc covid hosp,3,2026-10-10,72,quantile,0.65,88
2026-09-19,wk inc covid hosp,3,2026-10-10,72,quantile,0.7,95
2026-09-19,wk inc covid hosp,3,2026-10-10,72,quantile,0.75,104
2026-09-19,wk inc covid hosp,3,2026-10-10,72,quantile,0.8,114
2026-09-19,wk inc covid hosp,3,2026-10-10,72,quantile,0.85,127
2026-09-19,wk inc covid hosp,3,2026-10-10,72,quantile,0.9,147
2026-09-19,wk inc covid hosp,3,2026-10-10,72,quantile,0.95,180
2026-09-19,wk inc covid hosp,3,2026-10-10,72,quantile,0.975,210.02499999999964
2026-09-19,wk inc covid hosp,3,2026-10-10,72,quantile,0.99,253.02000000000044
2026-09-19,wk inc covid hosp,3,2026-10-10,US,quantile,0.01,2004
2026-09-19,wk inc covid hosp,3,2026-10-10,US,quantile,0.025,2143.925
2026-09-19,wk inc covid hosp,3,2026-10-10,US,quantile,0.05,2310
2026-09-19,wk inc covid hosp,3,2026-10-10,US,quantile,0.1,2517
2026-09-19,wk inc covid hosp,3,2026-10-10,US,quantile,0.15,2654.85
2026-09-19,wk inc covid hosp,3,2026-10-10,US,quantile,0.2,2790.8
2026-09-19,wk inc covid hosp,3,2026-10-10,US,quantile,0.25,2893.75
2026-09-19,wk inc covid hosp,3,2026-10-10,US,quantile,0.3,2994
2026-09-19,wk inc covid hosp,3,2026-10-10,US,quantile,0.35,3082.65
2026-09-19,wk inc covid hosp,3,2026-10-10,US,quantile,0.4,3186
2026-09-19,wk inc covid hosp,3,2026-10-10,US,quantile,0.45,3275.55
2026-09-19,wk inc covid hosp,3,2026-10-10,US,quantile,0.5,3367
2026-09-19,wk inc covid hosp,3,2026-10-10,US,quantile,0.55,3456.4500000000003
2026-09-19,wk inc covid hosp,3,2026-10-10,US,quantile,0.6,3545
2026-09-19,wk inc covid hosp,3,2026-10-10,US,quantile,0.65,3640
2026-09-19,wk inc covid hosp,3,2026-10-10,US,quantile,0.7,3758.3
2026-09-19,wk inc covid hosp,3,2026-10-10,US,quantile,0.75,3889.500000000001
2026-09-19,wk inc covid hosp,3,2026-10-10,US,quantile,0.8,4054.2000000000003
2026-09-19,wk inc covid hosp,3,2026-10-10,US,quantile,0.85,4229.1500000000005
2026-09-19,wk inc covid hosp,3,2026-10-10,US,quantile,0.9,4483.1
2026-09-19,wk inc covid hosp,3,2026-10-10,US,quantile,0.95,4835.4000000000015
2026-09-19,wk inc covid hosp,3,2026-10-10,US,quantile,0.975,5254.025
2026-09-19,wk inc covid hosp,3,2026-10-10,US,quantile,0.99,5828.220000000005
2026-09-19,wk inc covid prop ed visits,0,2026-09-19,01,quantile,0.01,0.004458277711832588
2026-09-19,wk inc covid prop ed visits,0,2026-09-19,01,quantile,0.025,0.004821748818063957
2026-09-19,wk inc covid prop ed visits,0,2026-09-19,01,quantile,0.05,0.005152322597557475
2026-09-19,wk inc covid prop ed visits,0,2026-09-19,01,quantile,0.1,0.005565680260981353
2026-09-19,wk inc covid prop ed visits,0,2026-09-19,01,quantile,0.15,0.005849447872014818
2026-09-19,wk inc covid prop ed visits,0,2026-09-19,01,quantile,0.2,0.0060768554437738796
2026-09-19,wk inc covid prop ed visits,0,2026-09-19,01,quantile,0.25,0.006268663179101346
2026-09-19,wk inc covid prop ed visits,0,2026-09-19,01,quantile,0.3,0.006473555002943745
2026-09-19,wk inc covid prop ed visits,0,2026-09-19,01,quantile,0.35,0.006656563919808495
2026-09-19,wk inc covid prop ed visits,0,2026-09-19,01,quantile,0.4,0.006833710837511349
2026-09-19,wk inc covid prop ed visits,0,2026-09-19,01,quantile,0.45,0.006992651742873874
2026-09-19,wk inc covid prop ed visits,0,2026-09-19,01,quantile,0.5,0.007155882989873132
2026-09-19,wk inc covid prop ed visits,0,2026-09-19,01,quantile,0.55,0.0073429803969726065
2026-09-19,wk inc covid prop ed visits,0,2026-09-19,01,quantile,0.6,0.00752834180155737
2026-09-19,wk inc covid prop ed visits,0,2026-09-19,01,quantile,0.65,0.007726610021260639
2026-09-19,wk inc covid prop ed visits,0,2026-09-19,01,quantile,0.7,0.007954493997258975
2026-09-19,wk inc covid prop ed visits,0,2026-09-19,01,quantile,0.75,0.008182399202226838
2026-09-19,wk inc covid prop ed visits,0,2026-09-19,01,quantile,0.8,0.008447104823510916
2026-09-19,wk inc covid prop ed visits,0,2026-09-19,01,quantile,0.85,0.00877401475506758
2026-09-19,wk inc covid prop ed visits,0,2026-09-19,01,quantile,0.9,0.009204167277572348
2026-09-19,wk inc covid prop ed visits,0,2026-09-19,01,quantile,0.95,0.009810517990893476
2026-09-19,wk inc covid prop ed visits,0,2026-09-19,01,quantile,0.975,0.0103951479447663
2026-09-19,wk inc covid prop ed visits,0,2026-09-19,01,quantile,0.99,0.011005009435352524
2026-09-19,wk inc covid prop ed visits,0,2026-09-19,02,quantile,0.01,0.002345037579481873
2026-09-19,wk inc covid prop ed visits,0,2026-09-19,02,quantile,0.025,0.0025826574459149165
2026-09-19,wk inc covid prop ed visits,0,2026-09-19,02,quantile,0.05,0.0028156352943770535
2026-09-19,wk inc covid prop ed visits,0,2026-09-19,02,quantile,0.1,0.003058096879743818
2026-09-19,wk inc covid prop ed visits,0,2026-09-19,02,quantile,0.15,0.0032678940822863218
2026-09-19,wk inc covid prop ed visits,0,2026-09-19,02,quantile,0.2,0.003422057915066557
2026-09-19,wk inc covid prop ed visits,0,2026-09-19,02,quantile,0.25,0.003563230572063672
2026-09-19,wk inc covid prop ed visits,0,2026-09-19,02,quantile,0.3,0.00369010788456976
2026-09-19,wk inc covid prop ed visits,0,2026-09-19,02,quantile,0.35,0.0038238263163725018
2026-09-19,wk inc covid prop ed visits,0,2026-09-19,02,quantile,0.4,0.003935427099581538
2026-09-19,wk inc covid prop ed visits,0,2026-09-19,02,quantile,0.45,0.004057929033656895
2026-09-19,wk inc covid prop ed visits,0,2026-09-19,02,quantile,0.5,0.0041765776103693895
2026-09-19,wk inc covid prop ed visits,0,2026-09-19,02,quantile,0.55,0.004306491425558383
2026-09-19,wk inc covid prop ed visits,0,2026-09-19,02,quantile,0.6,0.0044239265924042115
2026-09-19,wk inc covid prop ed visits,0,2026-09-19,02,quantile,0.65,0.004555505566636633
2026-09-19,wk inc covid prop ed visits,0,2026-09-19,02,quantile,0.7,0.0046992810857129
2026-09-19,wk inc covid prop ed visits,0,2026-09-19,02,quantile,0.75,0.0048784404872022034
2026-09-19,wk inc covid prop ed visits,0,2026-09-19,02,quantile,0.8,0.005052549062957578
2026-09-19,wk inc covid prop ed visits,0,2026-09-19,02,quantile,0.85,0.005253719677342528
2026-09-19,wk inc covid prop ed visits,0,2026-09-19,02,quantile,0.9,0.005540805207656118
2026-09-19,wk inc covid prop ed visits,0,2026-09-19,02,quantile,0.95,0.005978403819668457
2026-09-19,wk inc covid prop ed visits,0,2026-09-19,02,quantile,0.975,0.006325168179211739
2026-09-19,wk inc covid prop ed visits,0,2026-09-19,02,quantile,0.99,0.006848655694351531
2026-09-19,wk inc covid prop ed visits,0,2026-09-19,04,quantile,0.01,0.003289106125588875
2026-09-19,wk inc covid prop ed visits,0,2026-09-19,04,quantile,0.025,0.0036079942809350914
2026-09-19,wk inc covid prop ed visits,0,2026-09-19,04,quantile,0.05,0.003864144632282289
2026-09-19,wk inc covid prop ed visits,0,2026-09-19,04,quantile,0.1,0.0041968374525133975
2026-09-19,wk inc covid prop ed visits,0,2026-09-19,04,quantile,0.15,0.004427356052514414
2026-09-19,wk inc covid prop ed visits,0,2026-09-19,04,quantile,0.2,0.004630182876893502
2026-09-19,wk inc covid prop ed visits,0,2026-09-19,04,quantile,0.25,0.004800045080668336
2026-09-19,wk inc covid prop ed visits,0,2026-09-19,04,quantile,0.3,0.004958424325952164
2026-09-19,wk inc covid prop ed visits,0,2026-09-19,04,quantile,0.35,0.0050968232124363804
2026-09-19,wk inc covid prop ed visits,0,2026-09-19,04,quantile,0.4,0.005257725561671204
2026-09-19,wk inc covid prop ed visits,0,2026-09-19,04,quantile,0.45,0.005410462944287627
2026-09-19,wk inc covid prop ed visits,0,2026-09-19,04,quantile,0.5,0.00556438021230933
2026-09-19,wk inc covid prop ed visits,0,2026-09-19,04,quantile,0.55,0.00571402388920169
2026-09-19,wk inc covid prop ed visits,0,2026-09-19,04,quantile,0.6,0.005874034958848438
2026-09-19,wk inc covid prop ed visits,0,2026-09-19,04,quantile,0.65,0.006039261060811378
2026-09-19,wk inc covid prop ed visits,0,2026-09-19,04,quantile,0.7,0.006239111806336368
2026-09-19,wk inc covid prop ed visits,0,2026-09-19,04,quantile,0.75,0.006417975503537809
2026-09-19,wk inc covid prop ed visits,0,2026-09-19,04,quantile,0.8,0.0066197614065293155
2026-09-19,wk inc covid prop ed visits,0,2026-09-19,04,quantile,0.85,0.006888212393468418
2026-09-19,wk inc covid prop ed visits,0,2026-09-19,04,quantile,0.9,0.007214928008365984
2026-09-19,wk inc covid prop ed visits,0,2026-09-19,04,quantile,0.95,0.007761402401165258
2026-09-19,wk inc covid prop ed visits,0,2026-09-19,04,quantile,0.975,0.008237912967748569
2026-09-19,wk inc covid prop ed visits,0,2026-09-19,04,quantile,0.99,0.00888130144254638
2026-09-19,wk inc covid prop ed visits,0,2026-09-19,05,quantile,0.01,0.0025049089848250424
2026-09-19,wk inc covid prop ed visits,0,2026-09-19,05,quantile,0.025,0.002735541966719965
2026-09-19,wk inc covid prop ed visits,0,2026-09-19,05,quantile,0.05,0.0029948675545949416
2026-09-19,wk inc covid prop ed visits,0,2026-09-19,05,quantile,0.1,0.00328157727670006
2026-09-19,wk inc covid prop ed visits,0,2026-09-19,05,quantile,0.15,0.0034721079079297577
2026-09-19,wk inc covid prop ed visits,0,2026-09-19,05,quantile,0.2,0.0036221120874004985
2026-09-19,wk inc covid prop ed visits,0,2026-09-19,05,quantile,0.25,0.003770818648145504
2026-09-19,wk inc covid prop ed visits,0,2026-09-19,05,quantile,0.3,0.003905748758884359
2026-09-19,wk inc covid prop ed visits,0,2026-09-19,05,quantile,0.35,0.0040211652532524764
2026-09-19,wk inc covid prop ed visits,0,2026-09-19,05,quantile,0.4,0.004150762417186802
2026-09-19,wk inc covid prop ed visits,0,2026-09-19,05,quantile,0.45,0.004258070366046045
2026-09-19,wk inc covid prop ed visits,0,2026-09-19,05,quantile,0.5,0.004376273596606124
2026-09-19,wk inc covid prop ed visits,0,2026-09-19,05,quantile,0.55,0.004487812571065205
2026-09-19,wk inc covid prop ed visits,0,2026-09-19,05,quantile,0.6,0.004605126829665105
2026-09-19,wk inc covid prop ed visits,0,2026-09-19,05,quantile,0.65,0.004753087713415113
2026-09-19,wk inc covid prop ed visits,0,2026-09-19,05,quantile,0.7,0.004891898523756624
2026-09-19,wk inc covid prop ed visits,0,2026-09-19,05,quantile,0.75,0.0050585236599660025
2026-09-19,wk inc covid prop ed visits,0,2026-09-19,05,quantile,0.8,0.0052493745882697986
2026-09-19,wk inc covid prop ed visits,0,2026-09-19,05,quantile,0.85,0.005457659881205739
2026-09-19,wk inc covid prop ed visits,0,2026-09-19,05,quantile,0.9,0.0057618140964345275
2026-09-19,wk inc covid prop ed visits,0,2026-09-19,05,quantile,0.95,0.006219484956843443
2026-09-19,wk inc covid prop ed visits,0,2026-09-19,05,quantile,0.975,0.006609966118222361
2026-09-19,wk inc covid prop ed visits,0,2026-09-19,05,quantile,0.99,0.007195419092216115
2026-09-19,wk inc covid prop ed visits,0,2026-09-19,06,quantile,0.01,0.004892942019403102
2026-09-19,wk inc covid prop ed visits,0,2026-09-19,06,quantile,0.025,0.005337466124549127
2026-09-19,wk inc covid prop ed visits,0,2026-09-19,06,quantile,0.05,0.005766678322675511
2026-09-19,wk inc covid prop ed visits,0,2026-09-19,06,quantile,0.1,0.006190845529710373
2026-09-19,wk inc covid prop ed visits,0,2026-09-19,06,quantile,0.15,0.006487578389216555
2026-09-19,wk inc covid prop ed visits,0,2026-09-19,06,quantile,0.2,0.006748709434966206
2026-09-19,wk inc covid prop ed visits,0,2026-09-19,06,quantile,0.25,0.006985245855696703
2026-09-19,wk inc covid prop ed visits,0,2026-09-19,06,quantile,0.3,0.007217307494550505
2026-09-19,wk inc covid prop ed visits,0,2026-09-19,06,quantile,0.35,0.0074208721672773
2026-09-19,wk inc covid prop ed visits,0,2026-09-19,06,quantile,0.4,0.0075944025725794735
2026-09-19,wk inc covid prop ed visits,0,2026-09-19,06,quantile,0.45,0.00777006198078992
2026-09-19,wk inc covid prop ed visits,0,2026-09-19,06,quantile,0.5,0.00797420012095897
2026-09-19,wk inc covid prop ed visits,0,2026-09-19,06,quantile,0.55,0.008169988989478856
2026-09-19,wk inc covid prop ed visits,0,2026-09-19,06,quantile,0.6,0.008347541875957322
2026-09-19,wk inc covid prop ed visits,0,2026-09-19,06,quantile,0.65,0.008570284901172434
2026-09-19,wk inc covid prop ed visits,0,2026-09-19,06,quantile,0.7,0.008813715357871739
2026-09-19,wk inc covid prop ed visits,0,2026-09-19,06,quantile,0.75,0.009058346504809942
2026-09-19,wk inc covid prop ed visits,0,2026-09-19,06,quantile,0.8,0.009374205311258835
2026-09-19,wk inc covid prop ed visits,0,2026-09-19,06,quantile,0.85,0.009740086267183515
2026-09-19,wk inc covid prop ed visits,0,2026-09-19,06,quantile,0.9,0.01017711227660591
2026-09-19,wk inc covid prop ed visits,0,2026-09-19,06,quantile,0.95,0.010863191472772616
2026-09-19,wk inc covid prop ed visits,0,2026-09-19,06,quantile,0.975,0.011454240528907653
2026-09-19,wk inc covid prop ed visits,0,2026-09-19,06,quantile,0.99,0.012229810961761286
2026-09-19,wk inc covid prop ed visits,0,2026-09-19,08,quantile,0.01,0.0011655898974895025
2026-09-19,wk inc covid prop ed visits,0,2026-09-19,08,quantile,0.025,0.0013060728499202745
2026-09-19,wk inc covid prop ed visits,0,2026-09-19,08,quantile,0.05,0.0014502244718113786
2026-09-19,wk inc covid prop ed visits,0,2026-09-19,08,quantile,0.1,0.001625486390967535
2026-09-19,wk inc covid prop ed visits,0,2026-09-19,08,quantile,0.15,0.0017481356816709957
2026-09-19,wk inc covid prop ed visits,0,2026-09-19,08,quantile,0.2,0.0018473277860869249
2026-09-19,wk inc covid prop ed visits,0,2026-09-19,08,quantile,0.25,0.0019343014684699304
2026-09-19,wk inc covid prop ed visits,0,2026-09-19,08,quantile,0.3,0.002024473066307863
2026-09-19,wk inc covid prop ed visits,0,2026-09-19,08,quantile,0.35,0.0021010524299678334
2026-09-19,wk inc covid prop ed visits,0,2026-09-19,08,quantile,0.4,0.0021862450225167305
2026-09-19,wk inc covid prop ed visits,0,2026-09-19,08,quantile,0.45,0.002267041732724087
2026-09-19,wk inc covid prop ed visits,0,2026-09-19,08,quantile,0.5,0.0023386069374538294
2026-09-19,wk inc covid prop ed visits,0,2026-09-19,08,quantile,0.55,0.002415230114214889
2026-09-19,wk inc covid prop ed visits,0,2026-09-19,08,quantile,0.6,0.002503195268361968
2026-09-19,wk inc covid prop ed visits,0,2026-09-19,08,quantile,0.65,0.002587839366064606
2026-09-19,wk inc covid prop ed visits,0,2026-09-19,08,quantile,0.7,0.002684084779766897
2026-09-19,wk inc covid prop ed visits,0,2026-09-19,08,quantile,0.75,0.0027859106062992304
2026-09-19,wk inc covid prop ed visits,0,2026-09-19,08,quantile,0.8,0.002905937610326092
2026-09-19,wk inc covid prop ed visits,0,2026-09-19,08,quantile,0.85,0.0030502026559781972
2026-09-19,wk inc covid prop ed visits,0,2026-09-19,08,quantile,0.9,0.003227405296925649
2026-09-19,wk inc covid prop ed visits,0,2026-09-19,08,quantile,0.95,0.003512369199243044
2026-09-19,wk inc covid prop ed visits,0,2026-09-19,08,quantile,0.975,0.0037931498078507225
2026-09-19,wk inc covid prop ed visits,0,2026-09-19,08,quantile,0.99,0.004228886890383051
2026-09-19,wk inc covid prop ed visits,0,2026-09-19,09,quantile,0.01,0.002323117044951856
2026-09-19,wk inc covid prop ed visits,0,2026-09-19,09,quantile,0.025,0.0025731643263302256
2026-09-19,wk inc covid prop ed visits,0,2026-09-19,09,quantile,0.05,0.0027905031255942583
2026-09-19,wk inc covid prop ed visits,0,2026-09-19,09,quantile,0.1,0.003075771965609464
2026-09-19,wk inc covid prop ed visits,0,2026-09-19,09,quantile,0.15,0.0032724621560701207
2026-09-19,wk inc covid prop ed visits,0,2026-09-19,09,quantile,0.2,0.003441855351524095
2026-09-19,wk inc covid prop ed visits,0,2026-09-19,09,quantile,0.25,0.00359242755847754
2026-09-19,wk inc covid prop ed visits,0,2026-09-19,09,quantile,0.3,0.003720616461503103
2026-09-19,wk inc covid prop ed visits,0,2026-09-19,09,quantile,0.35,0.0038383438459417226
2026-09-19,wk inc covid prop ed visits,0,2026-09-19,09,quantile,0.4,0.003949457723958633
2026-09-19,wk inc covid prop ed visits,0,2026-09-19,09,quantile,0.45,0.004073240638439315
2026-09-19,wk inc covid prop ed visits,0,2026-09-19,09,quantile,0.5,0.004199693994611736
2026-09-19,wk inc covid prop ed visits,0,2026-09-19,09,quantile,0.55,0.004331981428889001
2026-09-19,wk inc covid prop ed visits,0,2026-09-19,09,quantile,0.6,0.004451342519724854
2026-09-19,wk inc covid prop ed visits,0,2026-09-19,09,quantile,0.65,0.004577743349680528
2026-09-19,wk inc covid prop ed visits,0,2026-09-19,09,quantile,0.7,0.004710196600059623
2026-09-19,wk inc covid prop ed visits,0,2026-09-19,09,quantile,0.75,0.0048690954689558
2026-09-19,wk inc covid prop ed visits,0,2026-09-19,09,quantile,0.8,0.005056099456046813
2026-09-19,wk inc covid prop ed visits,0,2026-09-19,09,quantile,0.85,0.005261730430541944
2026-09-19,wk inc covid prop ed visits,0,2026-09-19,09,quantile,0.9,0.00551043514348981
2026-09-19,wk inc covid prop ed visits,0,2026-09-19,09,quantile,0.95,0.00596685041376956
2026-09-19,wk inc covid prop ed visits,0,2026-09-19,09,quantile,0.975,0.006367321702459819
2026-09-19,wk inc covid prop ed visits,0,2026-09-19,09,quantile,0.99,0.006801793324255413
2026-09-19,wk inc covid prop ed visits,0,2026-09-19,10,quantile,0.01,0.0018301847924213923
2026-09-19,wk inc covid prop ed visits,0,2026-09-19,10,quantile,0.025,0.002026292876906835
2026-09-19,wk inc covid prop ed visits,0,2026-09-19,10,quantile,0.05,0.002221622968038427
2026-09-19,wk inc covid prop ed visits,0,2026-09-19,10,quantile,0.1,0.0024492239669495113
2026-09-19,wk inc covid prop ed visits,0,2026-09-19,10,quantile,0.15,0.002626205097483054
2026-09-19,wk inc covid prop ed visits,0,2026-09-19,10,quantile,0.2,0.00274638174128734
2026-09-19,wk inc covid prop ed visits,0,2026-09-19,10,quantile,0.25,0.0028605764440582295
2026-09-19,wk inc covid prop ed visits,0,2026-09-19,10,quantile,0.3,0.0029714773510438183
2026-09-19,wk inc covid prop ed visits,0,2026-09-19,10,quantile,0.35,0.0030776599493703947
2026-09-19,wk inc covid prop ed visits,0,2026-09-19,10,quantile,0.4,0.003174909068676105
2026-09-19,wk inc covid prop ed visits,0,2026-09-19,10,quantile,0.45,0.003277232917547592
2026-09-19,wk inc covid prop ed visits,0,2026-09-19,10,quantile,0.5,0.0033890961885410928
2026-09-19,wk inc covid prop ed visits,0,2026-09-19,10,quantile,0.55,0.003502058625095187
2026-09-19,wk inc covid prop ed visits,0,2026-09-19,10,quantile,0.6,0.0035973912345742213
2026-09-19,wk inc covid prop ed visits,0,2026-09-19,10,quantile,0.65,0.003714683923974727
2026-09-19,wk inc covid prop ed visits,0,2026-09-19,10,quantile,0.7,0.003864384169706708
2026-09-19,wk inc covid prop ed visits,0,2026-09-19,10,quantile,0.75,0.003997118184206295
2026-09-19,wk inc covid prop ed visits,0,2026-09-19,10,quantile,0.8,0.0041583042016403214
2026-09-19,wk inc covid prop ed visits,0,2026-09-19,10,quantile,0.85,0.004345499741788109
2026-09-19,wk inc covid prop ed visits,0,2026-09-19,10,quantile,0.9,0.004591345377097459
2026-09-19,wk inc covid prop ed visits,0,2026-09-19,10,quantile,0.95,0.004990237253374993
2026-09-19,wk inc covid prop ed visits,0,2026-09-19,10,quantile,0.975,0.005376988918220036
2026-09-19,wk inc covid prop ed visits,0,2026-09-19,10,quantile,0.99,0.005814797709682407
2026-09-19,wk inc covid prop ed visits,0,2026-09-19,11,quantile,0.01,8.185208281316716e-4
2026-09-19,wk inc covid prop ed visits,0,2026-09-19,11,quantile,0.025,9.28392521782635e-4
2026-09-19,wk inc covid prop ed visits,0,2026-09-19,11,quantile,0.05,0.0010386041951879288
2026-09-19,wk inc covid prop ed visits,0,2026-09-19,11,quantile,0.1,0.0011947587128977588
2026-09-19,wk inc covid prop ed visits,0,2026-09-19,11,quantile,0.15,0.0013057223609992286
2026-09-19,wk inc covid prop ed visits,0,2026-09-19,11,quantile,0.2,0.0013950167577523429
2026-09-19,wk inc covid prop ed visits,0,2026-09-19,11,quantile,0.25,0.0014696914979609155
2026-09-19,wk inc covid prop ed visits,0,2026-09-19,11,quantile,0.3,0.0015476359637692089
2026-09-19,wk inc covid prop ed visits,0,2026-09-19,11,quantile,0.35,0.001618811887763927
2026-09-19,wk inc covid prop ed visits,0,2026-09-19,11,quantile,0.4,0.0016831532315291888
2026-09-19,wk inc covid prop ed visits,0,2026-09-19,11,quantile,0.45,0.001746931979675975
2026-09-19,wk inc covid prop ed visits,0,2026-09-19,11,quantile,0.5,0.001808287651514924
2026-09-19,wk inc covid prop ed visits,0,2026-09-19,11,quantile,0.55,0.00188125858754944
2026-09-19,wk inc covid prop ed visits,0,2026-09-19,11,quantile,0.6,0.0019502249594450798
2026-09-19,wk inc covid prop ed visits,0,2026-09-19,11,quantile,0.65,0.002023300157972392
2026-09-19,wk inc covid prop ed visits,0,2026-09-19,11,quantile,0.7,0.0021097474384256893
2026-09-19,wk inc covid prop ed visits,0,2026-09-19,11,quantile,0.75,0.002198475000391008
2026-09-19,wk inc covid prop ed visits,0,2026-09-19,11,quantile,0.8,0.0023028339486314666
2026-09-19,wk inc covid prop ed visits,0,2026-09-19,11,quantile,0.85,0.002425177083207446
2026-09-19,wk inc covid prop ed visits,0,2026-09-19,11,quantile,0.9,0.0025919820590337116
2026-09-19,wk inc covid prop ed visits,0,2026-09-19,11,quantile,0.95,0.002867278590387777
2026-09-19,wk inc covid prop ed visits,0,2026-09-19,11,quantile,0.975,0.0031049307271628275
2026-09-19,wk inc covid prop ed visits,0,2026-09-19,11,quantile,0.99,0.0033866885925334703
2026-09-19,wk inc covid prop ed visits,0,2026-09-19,12,quantile,0.01,0.006518125577725761
2026-09-19,wk inc covid prop ed visits,0,2026-09-19,12,quantile,0.025,0.007025356014217116
2026-09-19,wk inc covid prop ed visits,0,2026-09-19,12,quantile,0.05,0.007471321759825148
2026-09-19,wk inc covid prop ed visits,0,2026-09-19,12,quantile,0.1,0.007997857588448861
2026-09-19,wk inc covid prop ed visits,0,2026-09-19,12,quantile,0.15,0.00840686822688139
2026-09-19,wk inc covid prop ed visits,0,2026-09-19,12,quantile,0.2,0.008729635783932207
2026-09-19,wk inc covid prop ed visits,0,2026-09-19,12,quantile,0.25,0.00902106370351204
2026-09-19,wk inc covid prop ed visits,0,2026-09-19,12,quantile,0.3,0.009269668215358264
2026-09-19,wk inc covid prop ed visits,0,2026-09-19,12,quantile,0.35,0.009508321963969843
2026-09-19,wk inc covid prop ed visits,0,2026-09-19,12,quantile,0.4,0.009762241891222673
2026-09-19,wk inc covid prop ed visits,0,2026-09-19,12,quantile,0.45,0.009986857729209243
2026-09-19,wk inc covid prop ed visits,0,2026-09-19,12,quantile,0.5,0.010206849128236124
2026-09-19,wk inc covid prop ed visits,0,2026-09-19,12,quantile,0.55,0.010458860355440986
2026-09-19,wk inc covid prop ed visits,0,2026-09-19,12,quantile,0.6,0.010719567545364673
2026-09-19,wk inc covid prop ed visits,0,2026-09-19,12,quantile,0.65,0.010976705789221608
2026-09-19,wk inc covid prop ed visits,0,2026-09-19,12,quantile,0.7,0.0112731250973864
2026-09-19,wk inc covid prop ed visits,0,2026-09-19,12,quantile,0.75,0.011573021998875707
2026-09-19,wk inc covid prop ed visits,0,2026-09-19,12,quantile,0.8,0.011880629035916572
2026-09-19,wk inc covid prop ed visits,0,2026-09-19,12,quantile,0.85,0.012283051477472093
2026-09-19,wk inc covid prop ed visits,0,2026-09-19,12,quantile,0.9,0.012896358221786296
2026-09-19,wk inc covid prop ed visits,0,2026-09-19,12,quantile,0.95,0.013730381616416303
2026-09-19,wk inc covid prop ed visits,0,2026-09-19,12,quantile,0.975,0.014477961218607753
2026-09-19,wk inc covid prop ed visits,0,2026-09-19,12,quantile,0.99,0.01536809622341822
2026-09-19,wk inc covid prop ed visits,0,2026-09-19,13,quantile,0.01,0.0036041575425353974
2026-09-19,wk inc covid prop ed visits,0,2026-09-19,13,quantile,0.025,0.003962836705507115
2026-09-19,wk inc covid prop ed visits,0,2026-09-19,13,quantile,0.05,0.004264184640485049
2026-09-19,wk inc covid prop ed visits,0,2026-09-19,13,quantile,0.1,0.004603362843149761
2026-09-19,wk inc covid prop ed visits,0,2026-09-19,13,quantile,0.15,0.004870960444644188
2026-09-19,wk inc covid prop ed visits,0,2026-09-19,13,quantile,0.2,0.005079119064880073
2026-09-19,wk inc covid prop ed visits,0,2026-09-19,13,quantile,0.25,0.005267001774966361
2026-09-19,wk inc covid prop ed visits,0,2026-09-19,13,quantile,0.3,0.005430622617055141
2026-09-19,wk inc covid prop ed visits,0,2026-09-19,13,quantile,0.35,0.005592970185437192
2026-09-19,wk inc covid prop ed visits,0,2026-09-19,13,quantile,0.4,0.005746328939007644
2026-09-19,wk inc covid prop ed visits,0,2026-09-19,13,quantile,0.45,0.00590571683546011
2026-09-19,wk inc covid prop ed visits,0,2026-09-19,13,quantile,0.5,0.0060654185579048295
2026-09-19,wk inc covid prop ed visits,0,2026-09-19,13,quantile,0.55,0.006203123519805544
2026-09-19,wk inc covid prop ed visits,0,2026-09-19,13,quantile,0.6,0.006369302328347169
2026-09-19,wk inc covid prop ed visits,0,2026-09-19,13,quantile,0.65,0.006523431372830305
2026-09-19,wk inc covid prop ed visits,0,2026-09-19,13,quantile,0.7,0.006709701377731912
2026-09-19,wk inc covid prop ed visits,0,2026-09-19,13,quantile,0.75,0.00691687663748273
2026-09-19,wk inc covid prop ed visits,0,2026-09-19,13,quantile,0.8,0.007159018607801352
2026-09-19,wk inc covid prop ed visits,0,2026-09-19,13,quantile,0.85,0.0074586883299122405
2026-09-19,wk inc covid prop ed visits,0,2026-09-19,13,quantile,0.9,0.00776980398692622
2026-09-19,wk inc covid prop ed visits,0,2026-09-19,13,quantile,0.95,0.008334900025891923
2026-09-19,wk inc covid prop ed visits,0,2026-09-19,13,quantile,0.975,0.0088272573215534
2026-09-19,wk inc covid prop ed visits,0,2026-09-19,13,quantile,0.99,0.009391077779944718
2026-09-19,wk inc covid prop ed visits,0,2026-09-19,15,quantile,0.01,0.009276361887664971
2026-09-19,wk inc covid prop ed visits,0,2026-09-19,15,quantile,0.025,0.00997991607023503
2026-09-19,wk inc covid prop ed visits,0,2026-09-19,15,quantile,0.05,0.010562848176799897
2026-09-19,wk inc covid prop ed visits,0,2026-09-19,15,quantile,0.1,0.011200556623992726
2026-09-19,wk inc covid prop ed visits,0,2026-09-19,15,quantile,0.15,0.01163907024366185
2026-09-19,wk inc covid prop ed visits,0,2026-09-19,15,quantile,0.2,0.01204140978950761
2026-09-19,wk inc covid prop ed visits,0,2026-09-19,15,quantile,0.25,0.01237426025400732
2026-09-19,wk inc covid prop ed visits,0,2026-09-19,15,quantile,0.3,0.012695942324717597
2026-09-19,wk inc covid prop ed visits,0,2026-09-19,15,quantile,0.35,0.013028633126346053
2026-09-19,wk inc covid prop ed visits,0,2026-09-19,15,quantile,0.4,0.01334644241430551
2026-09-19,wk inc covid prop ed visits,0,2026-09-19,15,quantile,0.45,0.01366058759635214
2026-09-19,wk inc covid prop ed visits,0,2026-09-19,15,quantile,0.5,0.013984607581768876
2026-09-19,wk inc covid prop ed visits,0,2026-09-19,15,quantile,0.55,0.014308494163761513
2026-09-19,wk inc covid prop ed visits,0,2026-09-19,15,quantile,0.6,0.01463824691463642
2026-09-19,wk inc covid prop ed visits,0,2026-09-19,15,quantile,0.65,0.014937727999155718
2026-09-19,wk inc covid prop ed visits,0,2026-09-19,15,quantile,0.7,0.015287915329255563
2026-09-19,wk inc covid prop ed visits,0,2026-09-19,15,quantile,0.75,0.01572117354546418
2026-09-19,wk inc covid prop ed visits,0,2026-09-19,15,quantile,0.8,0.016158340531393228
2026-09-19,wk inc covid prop ed visits,0,2026-09-19,15,quantile,0.85,0.01660737089693808
2026-09-19,wk inc covid prop ed visits,0,2026-09-19,15,quantile,0.9,0.017282480803153213
2026-09-19,wk inc covid prop ed visits,0,2026-09-19,15,quantile,0.95,0.018349193111543528
2026-09-19,wk inc covid prop ed visits,0,2026-09-19,15,quantile,0.975,0.019411233257438588
2026-09-19,wk inc covid prop ed visits,0,2026-09-19,15,quantile,0.99,0.020951808973268298
2026-09-19,wk inc covid prop ed visits,0,2026-09-19,16,quantile,0.01,0.002429952218526159
2026-09-19,wk inc covid prop ed visits,0,2026-09-19,16,quantile,0.025,0.0026493626361848923
2026-09-19,wk inc covid prop ed visits,0,2026-09-19,16,quantile,0.05,0.0028961919690125657
2026-09-19,wk inc covid prop ed visits,0,2026-09-19,16,quantile,0.1,0.003155508763414304
2026-09-19,wk inc covid prop ed visits,0,2026-09-19,16,quantile,0.15,0.0033530208225245445
2026-09-19,wk inc covid prop ed visits,0,2026-09-19,16,quantile,0.2,0.003530221137072715
2026-09-19,wk inc covid prop ed visits,0,2026-09-19,16,quantile,0.25,0.0036725370957878855
2026-09-19,wk inc covid prop ed visits,0,2026-09-19,16,quantile,0.3,0.0038229442175344653
2026-09-19,wk inc covid prop ed visits,0,2026-09-19,16,quantile,0.35,0.0039613579942730124
2026-09-19,wk inc covid prop ed visits,0,2026-09-19,16,quantile,0.4,0.004088982158441254
2026-09-19,wk inc covid prop ed visits,0,2026-09-19,16,quantile,0.45,0.004205086497402633
2026-09-19,wk inc covid prop ed visits,0,2026-09-19,16,quantile,0.5,0.004312228576489137
2026-09-19,wk inc covid prop ed visits,0,2026-09-19,16,quantile,0.55,0.004438212165488899
2026-09-19,wk inc covid prop ed visits,0,2026-09-19,16,quantile,0.6,0.004559213842762455
2026-09-19,wk inc covid prop ed visits,0,2026-09-19,16,quantile,0.65,0.004693036996074965
2026-09-19,wk inc covid prop ed visits,0,2026-09-19,16,quantile,0.7,0.004831167799033992
2026-09-19,wk inc covid prop ed visits,0,2026-09-19,16,quantile,0.75,0.004992984189962983
2026-09-19,wk inc covid prop ed visits,0,2026-09-19,16,quantile,0.8,0.005176928921465504
2026-09-19,wk inc covid prop ed visits,0,2026-09-19,16,quantile,0.85,0.005393643419849575
2026-09-19,wk inc covid prop ed visits,0,2026-09-19,16,quantile,0.9,0.005708974830735417
2026-09-19,wk inc covid prop ed visits,0,2026-09-19,16,quantile,0.95,0.006220695790166143
2026-09-19,wk inc covid prop ed visits,0,2026-09-19,16,quantile,0.975,0.006590120745256953
2026-09-19,wk inc covid prop ed visits,0,2026-09-19,16,quantile,0.99,0.007163923699587343
2026-09-19,wk inc covid prop ed visits,0,2026-09-19,17,quantile,0.01,0.0010582087652283995
2026-09-19,wk inc covid prop ed visits,0,2026-09-19,17,quantile,0.025,0.0011967607579881493
2026-09-19,wk inc covid prop ed visits,0,2026-09-19,17,quantile,0.05,0.0013252336753200341
2026-09-19,wk inc covid prop ed visits,0,2026-09-19,17,quantile,0.1,0.0014770130054703819
2026-09-19,wk inc covid prop ed visits,0,2026-09-19,17,quantile,0.15,0.0016037290412175985
2026-09-19,wk inc covid prop ed visits,0,2026-09-19,17,quantile,0.2,0.0017155977506731483
2026-09-19,wk inc covid prop ed visits,0,2026-09-19,17,quantile,0.25,0.001792569412986434
2026-09-19,wk inc covid prop ed visits,0,2026-09-19,17,quantile,0.3,0.001868821121069644
2026-09-19,wk inc covid prop ed visits,0,2026-09-19,17,quantile,0.35,0.0019386089012312405
2026-09-19,wk inc covid prop ed visits,0,2026-09-19,17,quantile,0.4,0.0020146947516740707
2026-09-19,wk inc covid prop ed visits,0,2026-09-19,17,quantile,0.45,0.0020933341549996118
2026-09-19,wk inc covid prop ed visits,0,2026-09-19,17,quantile,0.5,0.0021719493210786735
2026-09-19,wk inc covid prop ed visits,0,2026-09-19,17,quantile,0.55,0.002244624889780145
2026-09-19,wk inc covid prop ed visits,0,2026-09-19,17,quantile,0.6,0.0023206366639587825
2026-09-19,wk inc covid prop ed visits,0,2026-09-19,17,quantile,0.65,0.0024050623179672236
2026-09-19,wk inc covid prop ed visits,0,2026-09-19,17,quantile,0.7,0.002490636449922434
2026-09-19,wk inc covid prop ed visits,0,2026-09-19,17,quantile,0.75,0.002582138891359209
2026-09-19,wk inc covid prop ed visits,0,2026-09-19,17,quantile,0.8,0.0026918130407961637
2026-09-19,wk inc covid prop ed visits,0,2026-09-19,17,quantile,0.85,0.002826145829677914
2026-09-19,wk inc covid prop ed visits,0,2026-09-19,17,quantile,0.9,0.0029942145792771825
2026-09-19,wk inc covid prop ed visits,0,2026-09-19,17,quantile,0.95,0.003259671986719898
2026-09-19,wk inc covid prop ed visits,0,2026-09-19,17,quantile,0.975,0.003527206293008732
2026-09-19,wk inc covid prop ed visits,0,2026-09-19,17,quantile,0.99,0.003823993322021934
2026-09-19,wk inc covid prop ed visits,0,2026-09-19,18,quantile,0.01,8.71301707152364e-4
2026-09-19,wk inc covid prop ed visits,0,2026-09-19,18,quantile,0.025,9.77077554350019e-4
2026-09-19,wk inc covid prop ed visits,0,2026-09-19,18,quantile,0.05,0.0011028051522531837
2026-09-19,wk inc covid prop ed visits,0,2026-09-19,18,quantile,0.1,0.0012491893575344328
2026-09-19,wk inc covid prop ed visits,0,2026-09-19,18,quantile,0.15,0.001340034017973474
2026-09-19,wk inc covid prop ed visits,0,2026-09-19,18,quantile,0.2,0.0014306817023530551
2026-09-19,wk inc covid prop ed visits,0,2026-09-19,18,quantile,0.25,0.0015121149186632177
2026-09-19,wk inc covid prop ed visits,0,2026-09-19,18,quantile,0.3,0.00158429266998891
2026-09-19,wk inc covid prop ed visits,0,2026-09-19,18,quantile,0.35,0.0016503461802162994
2026-09-19,wk inc covid prop ed visits,0,2026-09-19,18,quantile,0.4,0.0017205156613913876
2026-09-19,wk inc covid prop ed visits,0,2026-09-19,18,quantile,0.45,0.001785727274019204
2026-09-19,wk inc covid prop ed visits,0,2026-09-19,18,quantile,0.5,0.0018516399943226537
2026-09-19,wk inc covid prop ed visits,0,2026-09-19,18,quantile,0.55,0.0019264551726323352
2026-09-19,wk inc covid prop ed visits,0,2026-09-19,18,quantile,0.6,0.0019974785797438506
2026-09-19,wk inc covid prop ed visits,0,2026-09-19,18,quantile,0.65,0.0020741802907426866
2026-09-19,wk inc covid prop ed visits,0,2026-09-19,18,quantile,0.7,0.002149346866288469
2026-09-19,wk inc covid prop ed visits,0,2026-09-19,18,quantile,0.75,0.002236476685012981
2026-09-19,wk inc covid prop ed visits,0,2026-09-19,18,quantile,0.8,0.0023469618161572397
2026-09-19,wk inc covid prop ed visits,0,2026-09-19,18,quantile,0.85,0.002476372305551906
2026-09-19,wk inc covid prop ed visits,0,2026-09-19,18,quantile,0.9,0.0026382397215381622
2026-09-19,wk inc covid prop ed visits,0,2026-09-19,18,quantile,0.95,0.002908277172078147
2026-09-19,wk inc covid prop ed visits,0,2026-09-19,18,quantile,0.975,0.003136938144612421
2026-09-19,wk inc covid prop ed visits,0,2026-09-19,18,quantile,0.99,0.0034187145356733228
2026-09-19,wk inc covid prop ed visits,0,2026-09-19,19,quantile,0.01,7.41530785311455e-4
2026-09-19,wk inc covid prop ed visits,0,2026-09-19,19,quantile,0.025,8.506980505731339e-4
2026-09-19,wk inc covid prop ed visits,0,2026-09-19,19,quantile,0.05,9.630210719253533e-4
2026-09-19,wk inc covid prop ed visits,0,2026-09-19,19,quantile,0.1,0.0011005429066055033
2026-09-19,wk inc covid prop ed visits,0,2026-09-19,19,quantile,0.15,0.0012003718339529633
2026-09-19,wk inc covid prop ed visits,0,2026-09-19,19,quantile,0.2,0.0012986332948191188
2026-09-19,wk inc covid prop ed visits,0,2026-09-19,19,quantile,0.25,0.0013725167442759163
2026-09-19,wk inc covid prop ed visits,0,2026-09-19,19,quantile,0.3,0.0014439047468643744
2026-09-19,wk inc covid prop ed visits,0,2026-09-19,19,quantile,0.35,0.0015131792177560412
2026-09-19,wk inc covid prop ed visits,0,2026-09-19,19,quantile,0.4,0.0015796950495484963
2026-09-19,wk inc covid prop ed visits,0,2026-09-19,19,quantile,0.45,0.0016417018459240406
2026-09-19,wk inc covid prop ed visits,0,2026-09-19,19,quantile,0.5,0.0017054753288248785
2026-09-19,wk inc covid prop ed visits,0,2026-09-19,19,quantile,0.55,0.0017724675996953953
2026-09-19,wk inc covid prop ed visits,0,2026-09-19,19,quantile,0.6,0.001837891837475829
2026-09-19,wk inc covid prop ed visits,0,2026-09-19,19,quantile,0.65,0.0019196969003893037
2026-09-19,wk inc covid prop ed visits,0,2026-09-19,19,quantile,0.7,0.001993032949074966
2026-09-19,wk inc covid prop ed visits,0,2026-09-19,19,quantile,0.75,0.002083115647946975
2026-09-19,wk inc covid prop ed visits,0,2026-09-19,19,quantile,0.8,0.002190812406707446
2026-09-19,wk inc covid prop ed visits,0,2026-09-19,19,quantile,0.85,0.002321999524363666
2026-09-19,wk inc covid prop ed visits,0,2026-09-19,19,quantile,0.9,0.002485370866206332
2026-09-19,wk inc covid prop ed visits,0,2026-09-19,19,quantile,0.95,0.0027782210573623622
2026-09-19,wk inc covid prop ed visits,0,2026-09-19,19,quantile,0.975,0.0029814656930458
2026-09-19,wk inc covid prop ed visits,0,2026-09-19,19,quantile,0.99,0.003294092822444192
2026-09-19,wk inc covid prop ed visits,0,2026-09-19,20,quantile,0.01,8.888154293954974e-4
2026-09-19,wk inc covid prop ed visits,0,2026-09-19,20,quantile,0.025,0.0010120583510819729
2026-09-19,wk inc covid prop ed visits,0,2026-09-19,20,quantile,0.05,0.001131264821187772
2026-09-19,wk inc covid prop ed visits,0,2026-09-19,20,quantile,0.1,0.0012733476975624008
2026-09-19,wk inc covid prop ed visits,0,2026-09-19,20,quantile,0.15,0.0013954640309035563
2026-09-19,wk inc covid prop ed visits,0,2026-09-19,20,quantile,0.2,0.0014770245770167683
2026-09-19,wk inc covid prop ed visits,0,2026-09-19,20,quantile,0.25,0.0015637074884475946
2026-09-19,wk inc covid prop ed visits,0,2026-09-19,20,quantile,0.3,0.0016257320935802659
2026-09-19,wk inc covid prop ed visits,0,2026-09-19,20,quantile,0.35,0.001690198573333644
2026-09-19,wk inc covid prop ed visits,0,2026-09-19,20,quantile,0.4,0.0017641263061328209
2026-09-19,wk inc covid prop ed visits,0,2026-09-19,20,quantile,0.45,0.001827419324183897
2026-09-19,wk inc covid prop ed visits,0,2026-09-19,20,quantile,0.5,0.0018949139796288375
2026-09-19,wk inc covid prop ed visits,0,2026-09-19,20,quantile,0.55,0.001959936402816273
2026-09-19,wk inc covid prop ed visits,0,2026-09-19,20,quantile,0.6,0.0020379366980257056
2026-09-19,wk inc covid prop ed visits,0,2026-09-19,20,quantile,0.65,0.0021185496677108605
2026-09-19,wk inc covid prop ed visits,0,2026-09-19,20,quantile,0.7,0.002206490946105166
2026-09-19,wk inc covid prop ed visits,0,2026-09-19,20,quantile,0.75,0.002298756895634186
2026-09-19,wk inc covid prop ed visits,0,2026-09-19,20,quantile,0.8,0.0023987473530304713
2026-09-19,wk inc covid prop ed visits,0,2026-09-19,20,quantile,0.85,0.0025148483435964496
2026-09-19,wk inc covid prop ed visits,0,2026-09-19,20,quantile,0.9,0.0026929078904928388
2026-09-19,wk inc covid prop ed visits,0,2026-09-19,20,quantile,0.95,0.002955450111174999
2026-09-19,wk inc covid prop ed visits,0,2026-09-19,20,quantile,0.975,0.0032032420156239607
2026-09-19,wk inc covid prop ed visits,0,2026-09-19,20,quantile,0.99,0.003537341082058951
2026-09-19,wk inc covid prop ed visits,0,2026-09-19,21,quantile,0.01,0.0017801094403249514
2026-09-19,wk inc covid prop ed visits,0,2026-09-19,21,quantile,0.025,0.0019517379050997467
2026-09-19,wk inc covid prop ed visits,0,2026-09-19,21,quantile,0.05,0.0021677298321789123
2026-09-19,wk inc covid prop ed visits,0,2026-09-19,21,quantile,0.1,0.0023699299839779245
2026-09-19,wk inc covid prop ed visits,0,2026-09-19,21,quantile,0.15,0.0025482367827393978
2026-09-19,wk inc covid prop ed visits,0,2026-09-19,21,quantile,0.2,0.0026905063938838757
2026-09-19,wk inc covid prop ed visits,0,2026-09-19,21,quantile,0.25,0.002800201909731412
2026-09-19,wk inc covid prop ed visits,0,2026-09-19,21,quantile,0.3,0.002917063878662324
2026-09-19,wk inc covid prop ed visits,0,2026-09-19,21,quantile,0.35,0.003014557758129854
2026-09-19,wk inc covid prop ed visits,0,2026-09-19,21,quantile,0.4,0.0031182991271536563
2026-09-19,wk inc covid prop ed visits,0,2026-09-19,21,quantile,0.45,0.0032174357739593205
2026-09-19,wk inc covid prop ed visits,0,2026-09-19,21,quantile,0.5,0.0033198869948837567
2026-09-19,wk inc covid prop ed visits,0,2026-09-19,21,quantile,0.55,0.0034206349836813778
2026-09-19,wk inc covid prop ed visits,0,2026-09-19,21,quantile,0.6,0.0035261927485335668
2026-09-19,wk inc covid prop ed visits,0,2026-09-19,21,quantile,0.65,0.0036369554682869577
2026-09-19,wk inc covid prop ed visits,0,2026-09-19,21,quantile,0.7,0.003761249764032028
2026-09-19,wk inc covid prop ed visits,0,2026-09-19,21,quantile,0.75,0.003890353715178479
2026-09-19,wk inc covid prop ed visits,0,2026-09-19,21,quantile,0.8,0.004034987763215977
2026-09-19,wk inc covid prop ed visits,0,2026-09-19,21,quantile,0.85,0.004209207883634364
2026-09-19,wk inc covid prop ed visits,0,2026-09-19,21,quantile,0.9,0.004438204805123285
2026-09-19,wk inc covid prop ed visits,0,2026-09-19,21,quantile,0.95,0.004799203487559411
2026-09-19,wk inc covid prop ed visits,0,2026-09-19,21,quantile,0.975,0.005127489839745837
2026-09-19,wk inc covid prop ed visits,0,2026-09-19,21,quantile,0.99,0.005482268779300919
2026-09-19,wk inc covid prop ed visits,0,2026-09-19,22,quantile,0.01,0.00680406995552152
2026-09-19,wk inc covid prop ed visits,0,2026-09-19,22,quantile,0.025,0.007321397458509534
2026-09-19,wk inc covid prop ed visits,0,2026-09-19,22,quantile,0.05,0.00780640332227676
2026-09-19,wk inc covid prop ed visits,0,2026-09-19,22,quantile,0.1,0.00843203905269708
2026-09-19,wk inc covid prop ed visits,0,2026-09-19,22,quantile,0.15,0.008822638827759546
2026-09-19,wk inc covid prop ed visits,0,2026-09-19,22,quantile,0.2,0.009173762256489536
2026-09-19,wk inc covid prop ed visits,0,2026-09-19,22,quantile,0.25,0.009424024178582693
2026-09-19,wk inc covid prop ed visits,0,2026-09-19,22,quantile,0.3,0.009703845467717269
2026-09-19,wk inc covid prop ed visits,0,2026-09-19,22,quantile,0.35,0.00994714327527177
2026-09-19,wk inc covid prop ed visits,0,2026-09-19,22,quantile,0.4,0.010197360209622443
2026-09-19,wk inc covid prop ed visits,0,2026-09-19,22,quantile,0.45,0.010442077188868167
2026-09-19,wk inc covid prop ed visits,0,2026-09-19,22,quantile,0.5,0.010697436911924374
2026-09-19,wk inc covid prop ed visits,0,2026-09-19,22,quantile,0.55,0.010952987550381044
2026-09-19,wk inc covid prop ed visits,0,2026-09-19,22,quantile,0.6,0.011197468699701792
2026-09-19,wk inc covid prop ed visits,0,2026-09-19,22,quantile,0.65,0.01147751868548412
2026-09-19,wk inc covid prop ed visits,0,2026-09-19,22,quantile,0.7,0.01178358537675778
2026-09-19,wk inc covid prop ed visits,0,2026-09-19,22,quantile,0.75,0.012108019357701937
2026-09-19,wk inc covid prop ed visits,0,2026-09-19,22,quantile,0.8,0.012447419370224297
2026-09-19,wk inc covid prop ed visits,0,2026-09-19,22,quantile,0.85,0.012893080330376047
2026-09-19,wk inc covid prop ed visits,0,2026-09-19,22,quantile,0.9,0.013460340001910796
2026-09-19,wk inc covid prop ed visits,0,2026-09-19,22,quantile,0.95,0.0143437462347985
2026-09-19,wk inc covid prop ed visits,0,2026-09-19,22,quantile,0.975,0.015173818722029784
2026-09-19,wk inc covid prop ed visits,0,2026-09-19,22,quantile,0.99,0.01614161231745829
2026-09-19,wk inc covid prop ed visits,0,2026-09-19,23,quantile,0.01,3.2085933974537495e-4
2026-09-19,wk inc covid prop ed visits,0,2026-09-19,23,quantile,0.025,3.9362562891657923e-4
2026-09-19,wk inc covid prop ed visits,0,2026-09-19,23,quantile,0.05,4.685306249523792e-4
2026-09-19,wk inc covid prop ed visits,0,2026-09-19,23,quantile,0.1,5.610645381641603e-4
2026-09-19,wk inc covid prop ed visits,0,2026-09-19,23,quantile,0.15,6.289988790136919e-4
2026-09-19,wk inc covid prop ed visits,0,2026-09-19,23,quantile,0.2,6.795453917106716e-4
2026-09-19,wk inc covid prop ed visits,0,2026-09-19,23,quantile,0.25,7.27906323051737e-4
2026-09-19,wk inc covid prop ed visits,0,2026-09-19,23,quantile,0.3,7.713913576408067e-4
2026-09-19,wk inc covid prop ed visits,0,2026-09-19,23,quantile,0.35,8.172385598070787e-4
2026-09-19,wk inc covid prop ed visits,0,2026-09-19,23,quantile,0.4,8.613640394594671e-4
2026-09-19,wk inc covid prop ed visits,0,2026-09-19,23,quantile,0.45,9.050290370638896e-4
2026-09-19,wk inc covid prop ed visits,0,2026-09-19,23,quantile,0.5,9.470170471284354e-4
2026-09-19,wk inc covid prop ed visits,0,2026-09-19,23,quantile,0.55,9.846595622401081e-4
2026-09-19,wk inc covid prop ed visits,0,2026-09-19,23,quantile,0.6,0.0010359280122777394
2026-09-19,wk inc covid prop ed visits,0,2026-09-19,23,quantile,0.65,0.0010836772913416608
2026-09-19,wk inc covid prop ed visits,0,2026-09-19,23,quantile,0.7,0.0011389190376082737
2026-09-19,wk inc covid prop ed visits,0,2026-09-19,23,quantile,0.75,0.0012053547449813447
2026-09-19,wk inc covid prop ed visits,0,2026-09-19,23,quantile,0.8,0.001272163008786516
2026-09-19,wk inc covid prop ed visits,0,2026-09-19,23,quantile,0.85,0.0013616854564251686
2026-09-19,wk inc covid prop ed visits,0,2026-09-19,23,quantile,0.9,0.0014723655835180674
2026-09-19,wk inc covid prop ed visits,0,2026-09-19,23,quantile,0.95,0.001629681487720058
2026-09-19,wk inc covid prop ed visits,0,2026-09-19,23,quantile,0.975,0.001789455711049592
2026-09-19,wk inc covid prop ed visits,0,2026-09-19,23,quantile,0.99,0.002027952039724312
2026-09-19,wk inc covid prop ed visits,0,2026-09-19,24,quantile,0.01,0.0016520188689278879
2026-09-19,wk inc covid prop ed visits,0,2026-09-19,24,quantile,0.025,0.0018504079548689607
2026-09-19,wk inc covid prop ed visits,0,2026-09-19,24,quantile,0.05,0.0020305941537541775
2026-09-19,wk inc covid prop ed visits,0,2026-09-19,24,quantile,0.1,0.0022464407037002055
2026-09-19,wk inc covid prop ed visits,0,2026-09-19,24,quantile,0.15,0.0023905357549033088
2026-09-19,wk inc covid prop ed visits,0,2026-09-19,24,quantile,0.2,0.002520881009545613
2026-09-19,wk inc covid prop ed visits,0,2026-09-19,24,quantile,0.25,0.0026275455121996375
2026-09-19,wk inc covid prop ed visits,0,2026-09-19,24,quantile,0.3,0.002735807962369132
2026-09-19,wk inc covid prop ed visits,0,2026-09-19,24,quantile,0.35,0.0028382984529048668
2026-09-19,wk inc covid prop ed visits,0,2026-09-19,24,quantile,0.4,0.002935924104140674
2026-09-19,wk inc covid prop ed visits,0,2026-09-19,24,quantile,0.45,0.0030240312860663936
2026-09-19,wk inc covid prop ed visits,0,2026-09-19,24,quantile,0.5,0.0031232885138255725
2026-09-19,wk inc covid prop ed visits,0,2026-09-19,24,quantile,0.55,0.003221322624562306
2026-09-19,wk inc covid prop ed visits,0,2026-09-19,24,quantile,0.6,0.0033139556508642413
2026-09-19,wk inc covid prop ed visits,0,2026-09-19,24,quantile,0.65,0.003430149553674587
2026-09-19,wk inc covid prop ed visits,0,2026-09-19,24,quantile,0.7,0.0035461484966060474
2026-09-19,wk inc covid prop ed visits,0,2026-09-19,24,quantile,0.75,0.0036673088239290103
2026-09-19,wk inc covid prop ed visits,0,2026-09-19,24,quantile,0.8,0.003806688441950188
2026-09-19,wk inc covid prop ed visits,0,2026-09-19,24,quantile,0.85,0.003987630551759832
2026-09-19,wk inc covid prop ed visits,0,2026-09-19,24,quantile,0.9,0.004206662525249892
2026-09-19,wk inc covid prop ed visits,0,2026-09-19,24,quantile,0.95,0.0046026176027385455
2026-09-19,wk inc covid prop ed visits,0,2026-09-19,24,quantile,0.975,0.004928294283091466
2026-09-19,wk inc covid prop ed visits,0,2026-09-19,24,quantile,0.99,0.0052844515032393615
2026-09-19,wk inc covid prop ed visits,0,2026-09-19,25,quantile,0.01,0.0012038053736133062
2026-09-19,wk inc covid prop ed visits,0,2026-09-19,25,quantile,0.025,0.001358097538373511
2026-09-19,wk inc covid prop ed visits,0,2026-09-19,25,quantile,0.05,0.0015065260772627956
2026-09-19,wk inc covid prop ed visits,0,2026-09-19,25,quantile,0.1,0.0016908542191233977
2026-09-19,wk inc covid prop ed visits,0,2026-09-19,25,quantile,0.15,0.0018277046383027695
2026-09-19,wk inc covid prop ed visits,0,2026-09-19,25,quantile,0.2,0.0019316319527002044
2026-09-19,wk inc covid prop ed visits,0,2026-09-19,25,quantile,0.25,0.0020297714552021504
2026-09-19,wk inc covid prop ed visits,0,2026-09-19,25,quantile,0.3,0.002116313366150897
2026-09-19,wk inc covid prop ed visits,0,2026-09-19,25,quantile,0.35,0.0021983443196117655
2026-09-19,wk inc covid prop ed visits,0,2026-09-19,25,quantile,0.4,0.002276455321504999
2026-09-19,wk inc covid prop ed visits,0,2026-09-19,25,quantile,0.45,0.0023614733319968113
2026-09-19,wk inc covid prop ed visits,0,2026-09-19,25,quantile,0.5,0.002446821679152737
2026-09-19,wk inc covid prop ed visits,0,2026-09-19,25,quantile,0.55,0.002524111964399686
2026-09-19,wk inc covid prop ed visits,0,2026-09-19,25,quantile,0.6,0.0026118300488736776
2026-09-19,wk inc covid prop ed visits,0,2026-09-19,25,quantile,0.65,0.0026952188186428433
2026-09-19,wk inc covid prop ed visits,0,2026-09-19,25,quantile,0.7,0.002786758213414259
2026-09-19,wk inc covid prop ed visits,0,2026-09-19,25,quantile,0.75,0.0028823216634010123
2026-09-19,wk inc covid prop ed visits,0,2026-09-19,25,quantile,0.8,0.0030007904331604716
2026-09-19,wk inc covid prop ed visits,0,2026-09-19,25,quantile,0.85,0.003160530314298553
2026-09-19,wk inc covid prop ed visits,0,2026-09-19,25,quantile,0.9,0.0033652680317734543
2026-09-19,wk inc covid prop ed visits,0,2026-09-19,25,quantile,0.95,0.0036659159086976
2026-09-19,wk inc covid prop ed visits,0,2026-09-19,25,quantile,0.975,0.003936836876887468
2026-09-19,wk inc covid prop ed visits,0,2026-09-19,25,quantile,0.99,0.00431059176364227
2026-09-19,wk inc covid prop ed visits,0,2026-09-19,26,quantile,0.01,6.46475989072905e-4
2026-09-19,wk inc covid prop ed visits,0,2026-09-19,26,quantile,0.025,7.547163390946299e-4
2026-09-19,wk inc covid prop ed visits,0,2026-09-19,26,quantile,0.05,8.372999721208954e-4
2026-09-19,wk inc covid prop ed visits,0,2026-09-19,26,quantile,0.1,9.620480443408512e-4
2026-09-19,wk inc covid prop ed visits,0,2026-09-19,26,quantile,0.15,0.0010550281504279782
2026-09-19,wk inc covid prop ed visits,0,2026-09-19,26,quantile,0.2,0.0011242965722427223
2026-09-19,wk inc covid prop ed visits,0,2026-09-19,26,quantile,0.25,0.0011829916995540494
2026-09-19,wk inc covid prop ed visits,0,2026-09-19,26,quantile,0.3,0.0012470568554650949
2026-09-19,wk inc covid prop ed visits,0,2026-09-19,26,quantile,0.35,0.0013095878552117969
2026-09-19,wk inc covid prop ed visits,0,2026-09-19,26,quantile,0.4,0.0013663864382732313
2026-09-19,wk inc covid prop ed visits,0,2026-09-19,26,quantile,0.45,0.0014297847246669485
2026-09-19,wk inc covid prop ed visits,0,2026-09-19,26,quantile,0.5,0.0014830674732477112
2026-09-19,wk inc covid prop ed visits,0,2026-09-19,26,quantile,0.55,0.0015484109633643918
2026-09-19,wk inc covid prop ed visits,0,2026-09-19,26,quantile,0.6,0.0016124966394830337
2026-09-19,wk inc covid prop ed visits,0,2026-09-19,26,quantile,0.65,0.001672396124116742
2026-09-19,wk inc covid prop ed visits,0,2026-09-19,26,quantile,0.7,0.0017393153847792484
2026-09-19,wk inc covid prop ed visits,0,2026-09-19,26,quantile,0.75,0.0018171451647836388
2026-09-19,wk inc covid prop ed visits,0,2026-09-19,26,quantile,0.8,0.0019057492461155763
2026-09-19,wk inc covid prop ed visits,0,2026-09-19,26,quantile,0.85,0.0020097065375363184
2026-09-19,wk inc covid prop ed visits,0,2026-09-19,26,quantile,0.9,0.002161309409967974
2026-09-19,wk inc covid prop ed visits,0,2026-09-19,26,quantile,0.95,0.0023891809367993662
2026-09-19,wk inc covid prop ed visits,0,2026-09-19,26,quantile,0.975,0.0025779844675930925
2026-09-19,wk inc covid prop ed visits,0,2026-09-19,26,quantile,0.99,0.002838784458376352
2026-09-19,wk inc covid prop ed visits,0,2026-09-19,27,quantile,0.01,0.0010132476980069195
2026-09-19,wk inc covid prop ed visits,0,2026-09-19,27,quantile,0.025,0.0011649588277991014
2026-09-19,wk inc covid prop ed visits,0,2026-09-19,27,quantile,0.05,0.0013021459952889476
2026-09-19,wk inc covid prop ed visits,0,2026-09-19,27,quantile,0.1,0.0014605719567008977
2026-09-19,wk inc covid prop ed visits,0,2026-09-19,27,quantile,0.15,0.0015688723751165056
2026-09-19,wk inc covid prop ed visits,0,2026-09-19,27,quantile,0.2,0.00166641263698774
2026-09-19,wk inc covid prop ed visits,0,2026-09-19,27,quantile,0.25,0.0017532868002234268
2026-09-19,wk inc covid prop ed visits,0,2026-09-19,27,quantile,0.3,0.001836358682993134
2026-09-19,wk inc covid prop ed visits,0,2026-09-19,27,quantile,0.35,0.001917481318599402
2026-09-19,wk inc covid prop ed visits,0,2026-09-19,27,quantile,0.4,0.0019918663207824307
2026-09-19,wk inc covid prop ed visits,0,2026-09-19,27,quantile,0.45,0.0020680860790188876
2026-09-19,wk inc covid prop ed visits,0,2026-09-19,27,quantile,0.5,0.002151051999768532
2026-09-19,wk inc covid prop ed visits,0,2026-09-19,27,quantile,0.55,0.002222518164400623
2026-09-19,wk inc covid prop ed visits,0,2026-09-19,27,quantile,0.6,0.002303704535307716
2026-09-19,wk inc covid prop ed visits,0,2026-09-19,27,quantile,0.65,0.002383345258869264
2026-09-19,wk inc covid prop ed visits,0,2026-09-19,27,quantile,0.7,0.0024855439424396764
2026-09-19,wk inc covid prop ed visits,0,2026-09-19,27,quantile,0.75,0.0025841193014858954
2026-09-19,wk inc covid prop ed visits,0,2026-09-19,27,quantile,0.8,0.002711535879577828
2026-09-19,wk inc covid prop ed visits,0,2026-09-19,27,quantile,0.85,0.0028518344467231335
2026-09-19,wk inc covid prop ed visits,0,2026-09-19,27,quantile,0.9,0.003022909798527855
2026-09-19,wk inc covid prop ed visits,0,2026-09-19,27,quantile,0.95,0.003270296765658648
2026-09-19,wk inc covid prop ed visits,0,2026-09-19,27,quantile,0.975,0.0035276852590807534
2026-09-19,wk inc covid prop ed visits,0,2026-09-19,27,quantile,0.99,0.003870986736921271
2026-09-19,wk inc covid prop ed visits,0,2026-09-19,28,quantile,0.01,0.003752165970088047
2026-09-19,wk inc covid prop ed visits,0,2026-09-19,28,quantile,0.025,0.0041000938966579
2026-09-19,wk inc covid prop ed visits,0,2026-09-19,28,quantile,0.05,0.004462316171386281
2026-09-19,wk inc covid prop ed visits,0,2026-09-19,28,quantile,0.1,0.004812155259396888
2026-09-19,wk inc covid prop ed visits,0,2026-09-19,28,quantile,0.15,0.005087890863809
2026-09-19,wk inc covid prop ed visits,0,2026-09-19,28,quantile,0.2,0.0052844227853413965
2026-09-19,wk inc covid prop ed visits,0,2026-09-19,28,quantile,0.25,0.005465798948713939
2026-09-19,wk inc covid prop ed visits,0,2026-09-19,28,quantile,0.3,0.005637260502639868
2026-09-19,wk inc covid prop ed visits,0,2026-09-19,28,quantile,0.35,0.005811111494819084
2026-09-19,wk inc covid prop ed visits,0,2026-09-19,28,quantile,0.4,0.0059773422688069715
2026-09-19,wk inc covid prop ed visits,0,2026-09-19,28,quantile,0.45,0.006137778652565736
2026-09-19,wk inc covid prop ed visits,0,2026-09-19,28,quantile,0.5,0.006306351924541746
2026-09-19,wk inc covid prop ed visits,0,2026-09-19,28,quantile,0.55,0.006474993351632562
2026-09-19,wk inc covid prop ed visits,0,2026-09-19,28,quantile,0.6,0.006633369724843359
2026-09-19,wk inc covid prop ed visits,0,2026-09-19,28,quantile,0.65,0.00680253058471361
2026-09-19,wk inc covid prop ed visits,0,2026-09-19,28,quantile,0.7,0.006996008249487312
2026-09-19,wk inc covid prop ed visits,0,2026-09-19,28,quantile,0.75,0.007192514029301898
2026-09-19,wk inc covid prop ed visits,0,2026-09-19,28,quantile,0.8,0.007412434192996676
2026-09-19,wk inc covid prop ed visits,0,2026-09-19,28,quantile,0.85,0.007731982057282786
2026-09-19,wk inc covid prop ed visits,0,2026-09-19,28,quantile,0.9,0.008079432051224472
2026-09-19,wk inc covid prop ed visits,0,2026-09-19,28,quantile,0.95,0.008608849680485675
2026-09-19,wk inc covid prop ed visits,0,2026-09-19,28,quantile,0.975,0.00909440159368546
2026-09-19,wk inc covid prop ed visits,0,2026-09-19,28,quantile,0.99,0.009756956345700857
2026-09-19,wk inc covid prop ed visits,0,2026-09-19,29,quantile,0.01,0.0010944943437600288
2026-09-19,wk inc covid prop ed visits,0,2026-09-19,29,quantile,0.025,0.001243833455765866
2026-09-19,wk inc covid prop ed visits,0,2026-09-19,29,quantile,0.05,0.0013765168596776016
2026-09-19,wk inc covid prop ed visits,0,2026-09-19,29,quantile,0.1,0.0015692672750813534
2026-09-19,wk inc covid prop ed visits,0,2026-09-19,29,quantile,0.15,0.0017001172999328634
2026-09-19,wk inc covid prop ed visits,0,2026-09-19,29,quantile,0.2,0.0018028691999467106
2026-09-19,wk inc covid prop ed visits,0,2026-09-19,29,quantile,0.25,0.0018929308361733015
2026-09-19,wk inc covid prop ed visits,0,2026-09-19,29,quantile,0.3,0.001981462002165695
2026-09-19,wk inc covid prop ed visits,0,2026-09-19,29,quantile,0.35,0.002054780800483938
2026-09-19,wk inc covid prop ed visits,0,2026-09-19,29,quantile,0.4,0.002127942899733839
2026-09-19,wk inc covid prop ed visits,0,2026-09-19,29,quantile,0.45,0.0021987900365007095
2026-09-19,wk inc covid prop ed visits,0,2026-09-19,29,quantile,0.5,0.0022721688009126302
2026-09-19,wk inc covid prop ed visits,0,2026-09-19,29,quantile,0.55,0.002361764880432146
2026-09-19,wk inc covid prop ed visits,0,2026-09-19,29,quantile,0.6,0.002445920094447435
2026-09-19,wk inc covid prop ed visits,0,2026-09-19,29,quantile,0.65,0.0025369889355281628
2026-09-19,wk inc covid prop ed visits,0,2026-09-19,29,quantile,0.7,0.0026269267812654377
2026-09-19,wk inc covid prop ed visits,0,2026-09-19,29,quantile,0.75,0.002737908283414412
2026-09-19,wk inc covid prop ed visits,0,2026-09-19,29,quantile,0.8,0.0028652883488791956
2026-09-19,wk inc covid prop ed visits,0,2026-09-19,29,quantile,0.85,0.0030062610668303586
2026-09-19,wk inc covid prop ed visits,0,2026-09-19,29,quantile,0.9,0.003194220475518113
2026-09-19,wk inc covid prop ed visits,0,2026-09-19,29,quantile,0.95,0.0034758329069370774
2026-09-19,wk inc covid prop ed visits,0,2026-09-19,29,quantile,0.975,0.003731744382242715
2026-09-19,wk inc covid prop ed visits,0,2026-09-19,29,quantile,0.99,0.004106851697432022
2026-09-19,wk inc covid prop ed visits,0,2026-09-19,30,quantile,0.01,7.570342071684684e-4
2026-09-19,wk inc covid prop ed visits,0,2026-09-19,30,quantile,0.025,8.608088733466805e-4
2026-09-19,wk inc covid prop ed visits,0,2026-09-19,30,quantile,0.05,9.742654427262867e-4
2026-09-19,wk inc covid prop ed visits,0,2026-09-19,30,quantile,0.1,0.0011249983522483484
2026-09-19,wk inc covid prop ed visits,0,2026-09-19,30,quantile,0.15,0.0012246231479209836
2026-09-19,wk inc covid prop ed visits,0,2026-09-19,30,quantile,0.2,0.001311014462668095
2026-09-19,wk inc covid prop ed visits,0,2026-09-19,30,quantile,0.25,0.0013830956356476218
2026-09-19,wk inc covid prop ed visits,0,2026-09-19,30,quantile,0.3,0.001456769342863946
2026-09-19,wk inc covid prop ed visits,0,2026-09-19,30,quantile,0.35,0.0015233938978108296
2026-09-19,wk inc covid prop ed visits,0,2026-09-19,30,quantile,0.4,0.0015893539483549214
2026-09-19,wk inc covid prop ed visits,0,2026-09-19,30,quantile,0.45,0.0016580819870100844
2026-09-19,wk inc covid prop ed visits,0,2026-09-19,30,quantile,0.5,0.0017208405726128377
2026-09-19,wk inc covid prop ed visits,0,2026-09-19,30,quantile,0.55,0.0017836572246388172
2026-09-19,wk inc covid prop ed visits,0,2026-09-19,30,quantile,0.6,0.00184803460637285
2026-09-19,wk inc covid prop ed visits,0,2026-09-19,30,quantile,0.65,0.0019224782422509537
2026-09-19,wk inc covid prop ed visits,0,2026-09-19,30,quantile,0.7,0.002001337999530803
2026-09-19,wk inc covid prop ed visits,0,2026-09-19,30,quantile,0.75,0.0020871458680631573
2026-09-19,wk inc covid prop ed visits,0,2026-09-19,30,quantile,0.8,0.002189864255554111
2026-09-19,wk inc covid prop ed visits,0,2026-09-19,30,quantile,0.85,0.0023180734472140353
2026-09-19,wk inc covid prop ed visits,0,2026-09-19,30,quantile,0.9,0.002479681883065223
2026-09-19,wk inc covid prop ed visits,0,2026-09-19,30,quantile,0.95,0.002735524478428196
2026-09-19,wk inc covid prop ed visits,0,2026-09-19,30,quantile,0.975,0.003011015266741244
2026-09-19,wk inc covid prop ed visits,0,2026-09-19,30,quantile,0.99,0.003274208528685224
2026-09-19,wk inc covid prop ed visits,0,2026-09-19,31,quantile,0.01,3.8925765198395576e-4
2026-09-19,wk inc covid prop ed visits,0,2026-09-19,31,quantile,0.025,4.7054458638952395e-4
2026-09-19,wk inc covid prop ed visits,0,2026-09-19,31,quantile,0.05,5.424280383373901e-4
2026-09-19,wk inc covid prop ed visits,0,2026-09-19,31,quantile,0.1,6.346252962797276e-4
2026-09-19,wk inc covid prop ed visits,0,2026-09-19,31,quantile,0.15,7.039628584154523e-4
2026-09-19,wk inc covid prop ed visits,0,2026-09-19,31,quantile,0.2,7.642400753250536e-4
2026-09-19,wk inc covid prop ed visits,0,2026-09-19,31,quantile,0.25,8.178632844564016e-4
2026-09-19,wk inc covid prop ed visits,0,2026-09-19,31,quantile,0.3,8.629210310146654e-4
2026-09-19,wk inc covid prop ed visits,0,2026-09-19,31,quantile,0.35,9.107804966903017e-4
2026-09-19,wk inc covid prop ed visits,0,2026-09-19,31,quantile,0.4,9.570452334052766e-4
2026-09-19,wk inc covid prop ed visits,0,2026-09-19,31,quantile,0.45,0.001003552023669313
2026-09-19,wk inc covid prop ed visits,0,2026-09-19,31,quantile,0.5,0.0010475837746389978
2026-09-19,wk inc covid prop ed visits,0,2026-09-19,31,quantile,0.55,0.001094560965849102
2026-09-19,wk inc covid prop ed visits,0,2026-09-19,31,quantile,0.6,0.001144850895853899
2026-09-19,wk inc covid prop ed visits,0,2026-09-19,31,quantile,0.65,0.0011990571507377553
2026-09-19,wk inc covid prop ed visits,0,2026-09-19,31,quantile,0.7,0.001259533301813968
2026-09-19,wk inc covid prop ed visits,0,2026-09-19,31,quantile,0.75,0.0013260918565359023
2026-09-19,wk inc covid prop ed visits,0,2026-09-19,31,quantile,0.8,0.0013965778027409184
2026-09-19,wk inc covid prop ed visits,0,2026-09-19,31,quantile,0.85,0.001488853452717793
2026-09-19,wk inc covid prop ed visits,0,2026-09-19,31,quantile,0.9,0.0016004814669477716
2026-09-19,wk inc covid prop ed visits,0,2026-09-19,31,quantile,0.95,0.0017999786557371335
2026-09-19,wk inc covid prop ed visits,0,2026-09-19,31,quantile,0.975,0.0019777271181327894
2026-09-19,wk inc covid prop ed visits,0,2026-09-19,31,quantile,0.99,0.002230558752693475
2026-09-19,wk inc covid prop ed visits,0,2026-09-19,32,quantile,0.01,0.003800378967034513
2026-09-19,wk inc covid prop ed visits,0,2026-09-19,32,quantile,0.025,0.004179259455094729
2026-09-19,wk inc covid prop ed visits,0,2026-09-19,32,quantile,0.05,0.00451726908245132
2026-09-19,wk inc covid prop ed visits,0,2026-09-19,32,quantile,0.1,0.004910614476856234
2026-09-19,wk inc covid prop ed visits,0,2026-09-19,32,quantile,0.15,0.005149889448014689
2026-09-19,wk inc covid prop ed visits,0,2026-09-19,32,quantile,0.2,0.0053586671931957
2026-09-19,wk inc covid prop ed visits,0,2026-09-19,32,quantile,0.25,0.005541304361888179
2026-09-19,wk inc covid prop ed visits,0,2026-09-19,32,quantile,0.3,0.005718559878582875
2026-09-19,wk inc covid prop ed visits,0,2026-09-19,32,quantile,0.35,0.005892848513048192
2026-09-19,wk inc covid prop ed visits,0,2026-09-19,32,quantile,0.4,0.006058014078580823
2026-09-19,wk inc covid prop ed visits,0,2026-09-19,32,quantile,0.45,0.006223178899983065
2026-09-19,wk inc covid prop ed visits,0,2026-09-19,32,quantile,0.5,0.006379148162252929
2026-09-19,wk inc covid prop ed visits,0,2026-09-19,32,quantile,0.55,0.006521952124137872
2026-09-19,wk inc covid prop ed visits,0,2026-09-19,32,quantile,0.6,0.006672346350616953
2026-09-19,wk inc covid prop ed visits,0,2026-09-19,32,quantile,0.65,0.006838938181246767
2026-09-19,wk inc covid prop ed visits,0,2026-09-19,32,quantile,0.7,0.007023603362077916
2026-09-19,wk inc covid prop ed visits,0,2026-09-19,32,quantile,0.75,0.007225697248245801
2026-09-19,wk inc covid prop ed visits,0,2026-09-19,32,quantile,0.8,0.00747288811167471
2026-09-19,wk inc covid prop ed visits,0,2026-09-19,32,quantile,0.85,0.007758158892987461
2026-09-19,wk inc covid prop ed visits,0,2026-09-19,32,quantile,0.9,0.008155956384809857
2026-09-19,wk inc covid prop ed visits,0,2026-09-19,32,quantile,0.95,0.008768838124362582
2026-09-19,wk inc covid prop ed visits,0,2026-09-19,32,quantile,0.975,0.009300400871571737
2026-09-19,wk inc covid prop ed visits,0,2026-09-19,32,quantile,0.99,0.009943512257517821
2026-09-19,wk inc covid prop ed visits,0,2026-09-19,33,quantile,0.01,0.0011407470444645613
2026-09-19,wk inc covid prop ed visits,0,2026-09-19,33,quantile,0.025,0.0012895486474296006
2026-09-19,wk inc covid prop ed visits,0,2026-09-19,33,quantile,0.05,0.0014346531668216202
2026-09-19,wk inc covid prop ed visits,0,2026-09-19,33,quantile,0.1,0.001604466442528948
2026-09-19,wk inc covid prop ed visits,0,2026-09-19,33,quantile,0.15,0.0017179575224268902
2026-09-19,wk inc covid prop ed visits,0,2026-09-19,33,quantile,0.2,0.0018191424001276785
2026-09-19,wk inc covid prop ed visits,0,2026-09-19,33,quantile,0.25,0.0019046921923469504
2026-09-19,wk inc covid prop ed visits,0,2026-09-19,33,quantile,0.3,0.0019951991082569212
2026-09-19,wk inc covid prop ed visits,0,2026-09-19,33,quantile,0.35,0.0020703052695924306
2026-09-19,wk inc covid prop ed visits,0,2026-09-19,33,quantile,0.4,0.0021502693519160126
2026-09-19,wk inc covid prop ed visits,0,2026-09-19,33,quantile,0.45,0.0022342648752800317
2026-09-19,wk inc covid prop ed visits,0,2026-09-19,33,quantile,0.5,0.002315848848834796
2026-09-19,wk inc covid prop ed visits,0,2026-09-19,33,quantile,0.55,0.0023939863643232346
2026-09-19,wk inc covid prop ed visits,0,2026-09-19,33,quantile,0.6,0.0024783795284127027
2026-09-19,wk inc covid prop ed visits,0,2026-09-19,33,quantile,0.65,0.002565145527277831
2026-09-19,wk inc covid prop ed visits,0,2026-09-19,33,quantile,0.7,0.002647487505212808
2026-09-19,wk inc covid prop ed visits,0,2026-09-19,33,quantile,0.75,0.0027552206578690054
2026-09-19,wk inc covid prop ed visits,0,2026-09-19,33,quantile,0.8,0.002883132348771616
2026-09-19,wk inc covid prop ed visits,0,2026-09-19,33,quantile,0.85,0.0030279593023087173
2026-09-19,wk inc covid prop ed visits,0,2026-09-19,33,quantile,0.9,0.003224288314335153
2026-09-19,wk inc covid prop ed visits,0,2026-09-19,33,quantile,0.95,0.003502560411786129
2026-09-19,wk inc covid prop ed visits,0,2026-09-19,33,quantile,0.975,0.003766916355900751
2026-09-19,wk inc covid prop ed visits,0,2026-09-19,33,quantile,0.99,0.00409257366072247
2026-09-19,wk inc covid prop ed visits,0,2026-09-19,34,quantile,0.01,0.0024353316658188417
2026-09-19,wk inc covid prop ed visits,0,2026-09-19,34,quantile,0.025,0.0026936898117026218
2026-09-19,wk inc covid prop ed visits,0,2026-09-19,34,quantile,0.05,0.002915950829466159
2026-09-19,wk inc covid prop ed visits,0,2026-09-19,34,quantile,0.1,0.0032093526032939686
2026-09-19,wk inc covid prop ed visits,0,2026-09-19,34,quantile,0.15,0.0034335232954515174
2026-09-19,wk inc covid prop ed visits,0,2026-09-19,34,quantile,0.2,0.003612052161335179
2026-09-19,wk inc covid prop ed visits,0,2026-09-19,34,quantile,0.25,0.0037588023587969274
2026-09-19,wk inc covid prop ed visits,0,2026-09-19,34,quantile,0.3,0.0038945453374034274
2026-09-19,wk inc covid prop ed visits,0,2026-09-19,34,quantile,0.35,0.004008379447238646
2026-09-19,wk inc covid prop ed visits,0,2026-09-19,34,quantile,0.4,0.004140154617273791
2026-09-19,wk inc covid prop ed visits,0,2026-09-19,34,quantile,0.45,0.0042496656635110704
2026-09-19,wk inc covid prop ed visits,0,2026-09-19,34,quantile,0.5,0.004370004192277059
2026-09-19,wk inc covid prop ed visits,0,2026-09-19,34,quantile,0.55,0.004505025267492187
2026-09-19,wk inc covid prop ed visits,0,2026-09-19,34,quantile,0.6,0.0046516640878663754
2026-09-19,wk inc covid prop ed visits,0,2026-09-19,34,quantile,0.65,0.004786000726979413
2026-09-19,wk inc covid prop ed visits,0,2026-09-19,34,quantile,0.7,0.004937943475886046
2026-09-19,wk inc covid prop ed visits,0,2026-09-19,34,quantile,0.75,0.005087627433881853
2026-09-19,wk inc covid prop ed visits,0,2026-09-19,34,quantile,0.8,0.005272075899576564
2026-09-19,wk inc covid prop ed visits,0,2026-09-19,34,quantile,0.85,0.005501666567104259
2026-09-19,wk inc covid prop ed visits,0,2026-09-19,34,quantile,0.9,0.005819590220137834
2026-09-19,wk inc covid prop ed visits,0,2026-09-19,34,quantile,0.95,0.006237183034247097
2026-09-19,wk inc covid prop ed visits,0,2026-09-19,34,quantile,0.975,0.006612398082709496
2026-09-19,wk inc covid prop ed visits,0,2026-09-19,34,quantile,0.99,0.007164612343065692
2026-09-19,wk inc covid prop ed visits,0,2026-09-19,35,quantile,0.01,0.0018168696039452508
2026-09-19,wk inc covid prop ed visits,0,2026-09-19,35,quantile,0.025,0.0020404602062014817
2026-09-19,wk inc covid prop ed visits,0,2026-09-19,35,quantile,0.05,0.0022597826018164496
2026-09-19,wk inc covid prop ed visits,0,2026-09-19,35,quantile,0.1,0.0025027927707787284
2026-09-19,wk inc covid prop ed visits,0,2026-09-19,35,quantile,0.15,0.002662847100456782
2026-09-19,wk inc covid prop ed visits,0,2026-09-19,35,quantile,0.2,0.0027962378319636282
2026-09-19,wk inc covid prop ed visits,0,2026-09-19,35,quantile,0.25,0.0029172424842618277
2026-09-19,wk inc covid prop ed visits,0,2026-09-19,35,quantile,0.3,0.0030247048134335918
2026-09-19,wk inc covid prop ed visits,0,2026-09-19,35,quantile,0.35,0.0031373174739316553
2026-09-19,wk inc covid prop ed visits,0,2026-09-19,35,quantile,0.4,0.0032377346016685933
2026-09-19,wk inc covid prop ed visits,0,2026-09-19,35,quantile,0.45,0.0033279861852029452
2026-09-19,wk inc covid prop ed visits,0,2026-09-19,35,quantile,0.5,0.0034260993566326845
2026-09-19,wk inc covid prop ed visits,0,2026-09-19,35,quantile,0.55,0.0035358536069408724
2026-09-19,wk inc covid prop ed visits,0,2026-09-19,35,quantile,0.6,0.0036431523000775502
2026-09-19,wk inc covid prop ed visits,0,2026-09-19,35,quantile,0.65,0.003760084730532889
2026-09-19,wk inc covid prop ed visits,0,2026-09-19,35,quantile,0.7,0.0038950689157302865
2026-09-19,wk inc covid prop ed visits,0,2026-09-19,35,quantile,0.75,0.004022855332839128
2026-09-19,wk inc covid prop ed visits,0,2026-09-19,35,quantile,0.8,0.004170651699045421
2026-09-19,wk inc covid prop ed visits,0,2026-09-19,35,quantile,0.85,0.004357729348994484
2026-09-19,wk inc covid prop ed visits,0,2026-09-19,35,quantile,0.9,0.004579280166209649
2026-09-19,wk inc covid prop ed visits,0,2026-09-19,35,quantile,0.95,0.0049577749819517776
2026-09-19,wk inc covid prop ed visits,0,2026-09-19,35,quantile,0.975,0.00528082305575827
2026-09-19,wk inc covid prop ed visits,0,2026-09-19,35,quantile,0.99,0.005636891118132759
2026-09-19,wk inc covid prop ed visits,0,2026-09-19,36,quantile,0.01,0.0022833066347553075
2026-09-19,wk inc covid prop ed visits,0,2026-09-19,36,quantile,0.025,0.0024884913352804317
2026-09-19,wk inc covid prop ed visits,0,2026-09-19,36,quantile,0.05,0.00269612988173255
2026-09-19,wk inc covid prop ed visits,0,2026-09-19,36,quantile,0.1,0.0029755174290124224
2026-09-19,wk inc covid prop ed visits,0,2026-09-19,36,quantile,0.15,0.00316597273502551
2026-09-19,wk inc covid prop ed visits,0,2026-09-19,36,quantile,0.2,0.0033398933994426595
2026-09-19,wk inc covid prop ed visits,0,2026-09-19,36,quantile,0.25,0.0034785573012776584
2026-09-19,wk inc covid prop ed visits,0,2026-09-19,36,quantile,0.3,0.00360777316640689
2026-09-19,wk inc covid prop ed visits,0,2026-09-19,36,quantile,0.35,0.0037278192765193
2026-09-19,wk inc covid prop ed visits,0,2026-09-19,36,quantile,0.4,0.0038299890556952
2026-09-19,wk inc covid prop ed visits,0,2026-09-19,36,quantile,0.45,0.003961233655159873
2026-09-19,wk inc covid prop ed visits,0,2026-09-19,36,quantile,0.5,0.004070057375915199
2026-09-19,wk inc covid prop ed visits,0,2026-09-19,36,quantile,0.55,0.0041940116243980256
2026-09-19,wk inc covid prop ed visits,0,2026-09-19,36,quantile,0.6,0.00430227790513063
2026-09-19,wk inc covid prop ed visits,0,2026-09-19,36,quantile,0.65,0.0044261252142180265
2026-09-19,wk inc covid prop ed visits,0,2026-09-19,36,quantile,0.7,0.004568668859706319
2026-09-19,wk inc covid prop ed visits,0,2026-09-19,36,quantile,0.75,0.004719768332052995
2026-09-19,wk inc covid prop ed visits,0,2026-09-19,36,quantile,0.8,0.004903730839555587
2026-09-19,wk inc covid prop ed visits,0,2026-09-19,36,quantile,0.85,0.00512484506106387
2026-09-19,wk inc covid prop ed visits,0,2026-09-19,36,quantile,0.9,0.0053824267847991224
2026-09-19,wk inc covid prop ed visits,0,2026-09-19,36,quantile,0.95,0.005814504190863562
2026-09-19,wk inc covid prop ed visits,0,2026-09-19,36,quantile,0.975,0.006217568027569069
2026-09-19,wk inc covid prop ed visits,0,2026-09-19,36,quantile,0.99,0.006695422319339163
2026-09-19,wk inc covid prop ed visits,0,2026-09-19,37,quantile,0.01,0.0049881175554346594
2026-09-19,wk inc covid prop ed visits,0,2026-09-19,37,quantile,0.025,0.005329260952125587
2026-09-19,wk inc covid prop ed visits,0,2026-09-19,37,quantile,0.05,0.005704141334103477
2026-09-19,wk inc covid prop ed visits,0,2026-09-19,37,quantile,0.1,0.006162375867357685
2026-09-19,wk inc covid prop ed visits,0,2026-09-19,37,quantile,0.15,0.00650107053100192
2026-09-19,wk inc covid prop ed visits,0,2026-09-19,37,quantile,0.2,0.006779798037988576
2026-09-19,wk inc covid prop ed visits,0,2026-09-19,37,quantile,0.25,0.00702928038198105
2026-09-19,wk inc covid prop ed visits,0,2026-09-19,37,quantile,0.3,0.0072662073459557695
2026-09-19,wk inc covid prop ed visits,0,2026-09-19,37,quantile,0.35,0.007453404635084087
2026-09-19,wk inc covid prop ed visits,0,2026-09-19,37,quantile,0.4,0.00764915719579572
2026-09-19,wk inc covid prop ed visits,0,2026-09-19,37,quantile,0.45,0.007836115146814576
2026-09-19,wk inc covid prop ed visits,0,2026-09-19,37,quantile,0.5,0.008024709087411163
2026-09-19,wk inc covid prop ed visits,0,2026-09-19,37,quantile,0.55,0.008192594849640873
2026-09-19,wk inc covid prop ed visits,0,2026-09-19,37,quantile,0.6,0.008386712527622162
2026-09-19,wk inc covid prop ed visits,0,2026-09-19,37,quantile,0.65,0.008609381868374039
2026-09-19,wk inc covid prop ed visits,0,2026-09-19,37,quantile,0.7,0.008837985096560846
2026-09-19,wk inc covid prop ed visits,0,2026-09-19,37,quantile,0.75,0.009087010841648905
2026-09-19,wk inc covid prop ed visits,0,2026-09-19,37,quantile,0.8,0.009384930384527795
2026-09-19,wk inc covid prop ed visits,0,2026-09-19,37,quantile,0.85,0.009723006354864148
2026-09-19,wk inc covid prop ed visits,0,2026-09-19,37,quantile,0.9,0.010158735971774873
2026-09-19,wk inc covid prop ed visits,0,2026-09-19,37,quantile,0.95,0.01085282166887236
2026-09-19,wk inc covid prop ed visits,0,2026-09-19,37,quantile,0.975,0.011562626349331452
2026-09-19,wk inc covid prop ed visits,0,2026-09-19,37,quantile,0.99,0.012348836141333697
2026-09-19,wk inc covid prop ed visits,0,2026-09-19,38,quantile,0.01,3.597985968395296e-4
2026-09-19,wk inc covid prop ed visits,0,2026-09-19,38,quantile,0.025,4.255519949185672e-4
2026-09-19,wk inc covid prop ed visits,0,2026-09-19,38,quantile,0.05,4.92346828656376e-4
2026-09-19,wk inc covid prop ed visits,0,2026-09-19,38,quantile,0.1,5.778006918619544e-4
2026-09-19,wk inc covid prop ed visits,0,2026-09-19,38,quantile,0.15,6.396586753759064e-4
2026-09-19,wk inc covid prop ed visits,0,2026-09-19,38,quantile,0.2,6.950230650406167e-4
2026-09-19,wk inc covid prop ed visits,0,2026-09-19,38,quantile,0.25,7.452161191796987e-4
2026-09-19,wk inc covid prop ed visits,0,2026-09-19,38,quantile,0.3,7.952520915484568e-4
2026-09-19,wk inc covid prop ed visits,0,2026-09-19,38,quantile,0.35,8.365939294613588e-4
2026-09-19,wk inc covid prop ed visits,0,2026-09-19,38,quantile,0.4,8.764475281255303e-4
2026-09-19,wk inc covid prop ed visits,0,2026-09-19,38,quantile,0.45,9.191627566707695e-4
2026-09-19,wk inc covid prop ed visits,0,2026-09-19,38,quantile,0.5,9.602234200195244e-4
2026-09-19,wk inc covid prop ed visits,0,2026-09-19,38,quantile,0.55,0.0010044679895320982
2026-09-19,wk inc covid prop ed visits,0,2026-09-19,38,quantile,0.6,0.0010472005940081943
2026-09-19,wk inc covid prop ed visits,0,2026-09-19,38,quantile,0.65,0.0011052909675016132
2026-09-19,wk inc covid prop ed visits,0,2026-09-19,38,quantile,0.7,0.001160570055486288
2026-09-19,wk inc covid prop ed visits,0,2026-09-19,38,quantile,0.75,0.0012204083970290766
2026-09-19,wk inc covid prop ed visits,0,2026-09-19,38,quantile,0.8,0.0012923553666037218
2026-09-19,wk inc covid prop ed visits,0,2026-09-19,38,quantile,0.85,0.001375750771951048
2026-09-19,wk inc covid prop ed visits,0,2026-09-19,38,quantile,0.9,0.0014913188478574743
2026-09-19,wk inc covid prop ed visits,0,2026-09-19,38,quantile,0.95,0.0016393665083039985
2026-09-19,wk inc covid prop ed visits,0,2026-09-19,38,quantile,0.975,0.0018114430972671442
2026-09-19,wk inc covid prop ed visits,0,2026-09-19,38,quantile,0.99,0.001969389082273604
2026-09-19,wk inc covid prop ed visits,0,2026-09-19,39,quantile,0.01,7.185699186634438e-4
2026-09-19,wk inc covid prop ed visits,0,2026-09-19,39,quantile,0.025,8.060293186459164e-4
2026-09-19,wk inc covid prop ed visits,0,2026-09-19,39,quantile,0.05,9.195133444533175e-4
2026-09-19,wk inc covid prop ed visits,0,2026-09-19,39,quantile,0.1,0.0010612564066694347
2026-09-19,wk inc covid prop ed visits,0,2026-09-19,39,quantile,0.15,0.0011638705553121192
2026-09-19,wk inc covid prop ed visits,0,2026-09-19,39,quantile,0.2,0.0012441366665384892
2026-09-19,wk inc covid prop ed visits,0,2026-09-19,39,quantile,0.25,0.0013159477565090646
2026-09-19,wk inc covid prop ed visits,0,2026-09-19,39,quantile,0.3,0.001383960428154834
2026-09-19,wk inc covid prop ed visits,0,2026-09-19,39,quantile,0.35,0.0014459070682961207
2026-09-19,wk inc covid prop ed visits,0,2026-09-19,39,quantile,0.4,0.0015047280653972548
2026-09-19,wk inc covid prop ed visits,0,2026-09-19,39,quantile,0.45,0.0015616219148027232
2026-09-19,wk inc covid prop ed visits,0,2026-09-19,39,quantile,0.5,0.001627602903656529
2026-09-19,wk inc covid prop ed visits,0,2026-09-19,39,quantile,0.55,0.0016952609349639904
2026-09-19,wk inc covid prop ed visits,0,2026-09-19,39,quantile,0.6,0.0017613254727365131
2026-09-19,wk inc covid prop ed visits,0,2026-09-19,39,quantile,0.65,0.00183439711098482
2026-09-19,wk inc covid prop ed visits,0,2026-09-19,39,quantile,0.7,0.001917479554272448
2026-09-19,wk inc covid prop ed visits,0,2026-09-19,39,quantile,0.75,0.0019998125628747044
2026-09-19,wk inc covid prop ed visits,0,2026-09-19,39,quantile,0.8,0.002103360663368927
2026-09-19,wk inc covid prop ed visits,0,2026-09-19,39,quantile,0.85,0.002212645136865587
2026-09-19,wk inc covid prop ed visits,0,2026-09-19,39,quantile,0.9,0.002364528899365848
2026-09-19,wk inc covid prop ed visits,0,2026-09-19,39,quantile,0.95,0.002618644044803043
2026-09-19,wk inc covid prop ed visits,0,2026-09-19,39,quantile,0.975,0.0028176838510339873
2026-09-19,wk inc covid prop ed visits,0,2026-09-19,39,quantile,0.99,0.0030851484774375494
2026-09-19,wk inc covid prop ed visits,0,2026-09-19,40,quantile,0.01,0.001417877824803611
2026-09-19,wk inc covid prop ed visits,0,2026-09-19,40,quantile,0.025,0.0015665809127402455
2026-09-19,wk inc covid prop ed visits,0,2026-09-19,40,quantile,0.05,0.0017483533886867998
2026-09-19,wk inc covid prop ed visits,0,2026-09-19,40,quantile,0.1,0.0019502775607117065
2026-09-19,wk inc covid prop ed visits,0,2026-09-19,40,quantile,0.15,0.0020837828829532484
2026-09-19,wk inc covid prop ed visits,0,2026-09-19,40,quantile,0.2,0.002190924513074887
2026-09-19,wk inc covid prop ed visits,0,2026-09-19,40,quantile,0.25,0.002294648728465176
2026-09-19,wk inc covid prop ed visits,0,2026-09-19,40,quantile,0.3,0.0023984505865739807
2026-09-19,wk inc covid prop ed visits,0,2026-09-19,40,quantile,0.35,0.002487526591191081
2026-09-19,wk inc covid prop ed visits,0,2026-09-19,40,quantile,0.4,0.002570564537223912
2026-09-19,wk inc covid prop ed visits,0,2026-09-19,40,quantile,0.45,0.0026604608569587773
2026-09-19,wk inc covid prop ed visits,0,2026-09-19,40,quantile,0.5,0.002747605778427772
2026-09-19,wk inc covid prop ed visits,0,2026-09-19,40,quantile,0.55,0.002840760836927507
2026-09-19,wk inc covid prop ed visits,0,2026-09-19,40,quantile,0.6,0.002930049779120336
2026-09-19,wk inc covid prop ed visits,0,2026-09-19,40,quantile,0.65,0.0030252819224921394
2026-09-19,wk inc covid prop ed visits,0,2026-09-19,40,quantile,0.7,0.0031415693090072003
2026-09-19,wk inc covid prop ed visits,0,2026-09-19,40,quantile,0.75,0.0032555454166475206
2026-09-19,wk inc covid prop ed visits,0,2026-09-19,40,quantile,0.8,0.003385034480425629
2026-09-19,wk inc covid prop ed visits,0,2026-09-19,40,quantile,0.85,0.00354929057041335
2026-09-19,wk inc covid prop ed visits,0,2026-09-19,40,quantile,0.9,0.003749360888602769
2026-09-19,wk inc covid prop ed visits,0,2026-09-19,40,quantile,0.95,0.004058583163135181
2026-09-19,wk inc covid prop ed visits,0,2026-09-19,40,quantile,0.975,0.004323084516676414
2026-09-19,wk inc covid prop ed visits,0,2026-09-19,40,quantile,0.99,0.004691791082008734
2026-09-19,wk inc covid prop ed visits,0,2026-09-19,41,quantile,0.01,0.0027335196561671755
2026-09-19,wk inc covid prop ed visits,0,2026-09-19,41,quantile,0.025,0.0030229846599729333
2026-09-19,wk inc covid prop ed visits,0,2026-09-19,41,quantile,0.05,0.0032306026530804135
2026-09-19,wk inc covid prop ed visits,0,2026-09-19,41,quantile,0.1,0.003542959146007494
2026-09-19,wk inc covid prop ed visits,0,2026-09-19,41,quantile,0.15,0.0037726428952497464
2026-09-19,wk inc covid prop ed visits,0,2026-09-19,41,quantile,0.2,0.003967711925099234
2026-09-19,wk inc covid prop ed visits,0,2026-09-19,41,quantile,0.25,0.004133967155923383
2026-09-19,wk inc covid prop ed visits,0,2026-09-19,41,quantile,0.3,0.004265872676276365
2026-09-19,wk inc covid prop ed visits,0,2026-09-19,41,quantile,0.35,0.004395265116038876
2026-09-19,wk inc covid prop ed visits,0,2026-09-19,41,quantile,0.4,0.004523553728030467
2026-09-19,wk inc covid prop ed visits,0,2026-09-19,41,quantile,0.45,0.004635578773445039
2026-09-19,wk inc covid prop ed visits,0,2026-09-19,41,quantile,0.5,0.004752141552966533
2026-09-19,wk inc covid prop ed visits,0,2026-09-19,41,quantile,0.55,0.004897317495621823
2026-09-19,wk inc covid prop ed visits,0,2026-09-19,41,quantile,0.6,0.005040995476221222
2026-09-19,wk inc covid prop ed visits,0,2026-09-19,41,quantile,0.65,0.005179795965712387
2026-09-19,wk inc covid prop ed visits,0,2026-09-19,41,quantile,0.7,0.005336430302853064
2026-09-19,wk inc covid prop ed visits,0,2026-09-19,41,quantile,0.75,0.005500285567207969
2026-09-19,wk inc covid prop ed visits,0,2026-09-19,41,quantile,0.8,0.005710369486776525
2026-09-19,wk inc covid prop ed visits,0,2026-09-19,41,quantile,0.85,0.0059525199715120955
2026-09-19,wk inc covid prop ed visits,0,2026-09-19,41,quantile,0.9,0.00626466533040983
2026-09-19,wk inc covid prop ed visits,0,2026-09-19,41,quantile,0.95,0.0067621175257885175
2026-09-19,wk inc covid prop ed visits,0,2026-09-19,41,quantile,0.975,0.007234102937637147
2026-09-19,wk inc covid prop ed visits,0,2026-09-19,41,quantile,0.99,0.007764865419817939
2026-09-19,wk inc covid prop ed visits,0,2026-09-19,42,quantile,0.01,8.636221898817325e-4
2026-09-19,wk inc covid prop ed visits,0,2026-09-19,42,quantile,0.025,0.0010154034416033366
2026-09-19,wk inc covid prop ed visits,0,2026-09-19,42,quantile,0.05,0.0011292446692247771
2026-09-19,wk inc covid prop ed visits,0,2026-09-19,42,quantile,0.1,0.0012894990212986793
2026-09-19,wk inc covid prop ed visits,0,2026-09-19,42,quantile,0.15,0.0014034137776508836
2026-09-19,wk inc covid prop ed visits,0,2026-09-19,42,quantile,0.2,0.0014958886383491766
2026-09-19,wk inc covid prop ed visits,0,2026-09-19,42,quantile,0.25,0.0015805020985728804
2026-09-19,wk inc covid prop ed visits,0,2026-09-19,42,quantile,0.3,0.0016543854896334874
2026-09-19,wk inc covid prop ed visits,0,2026-09-19,42,quantile,0.35,0.0017215515733407767
2026-09-19,wk inc covid prop ed visits,0,2026-09-19,42,quantile,0.4,0.001794750521387061
2026-09-19,wk inc covid prop ed visits,0,2026-09-19,42,quantile,0.45,0.001866392050132109
2026-09-19,wk inc covid prop ed visits,0,2026-09-19,42,quantile,0.5,0.001937752758135691
2026-09-19,wk inc covid prop ed visits,0,2026-09-19,42,quantile,0.55,0.002003347749154351
2026-09-19,wk inc covid prop ed visits,0,2026-09-19,42,quantile,0.6,0.002070510136768983
2026-09-19,wk inc covid prop ed visits,0,2026-09-19,42,quantile,0.65,0.002150605280490927
2026-09-19,wk inc covid prop ed visits,0,2026-09-19,42,quantile,0.7,0.0022378489890797154
2026-09-19,wk inc covid prop ed visits,0,2026-09-19,42,quantile,0.75,0.0023469031942571204
2026-09-19,wk inc covid prop ed visits,0,2026-09-19,42,quantile,0.8,0.0024627704925757376
2026-09-19,wk inc covid prop ed visits,0,2026-09-19,42,quantile,0.85,0.002586694484005417
2026-09-19,wk inc covid prop ed visits,0,2026-09-19,42,quantile,0.9,0.002770393840891737
2026-09-19,wk inc covid prop ed visits,0,2026-09-19,42,quantile,0.95,0.0030379828423024776
2026-09-19,wk inc covid prop ed visits,0,2026-09-19,42,quantile,0.975,0.0032421925010289905
2026-09-19,wk inc covid prop ed visits,0,2026-09-19,42,quantile,0.99,0.00354683619307085
2026-09-19,wk inc covid prop ed visits,0,2026-09-19,44,quantile,0.01,0.0012681978232813803
2026-09-19,wk inc covid prop ed visits,0,2026-09-19,44,quantile,0.025,0.001415827791828516
2026-09-19,wk inc covid prop ed visits,0,2026-09-19,44,quantile,0.05,0.0015757415959852142
2026-09-19,wk inc covid prop ed visits,0,2026-09-19,44,quantile,0.1,0.0017486596426025936
2026-09-19,wk inc covid prop ed visits,0,2026-09-19,44,quantile,0.15,0.001890547523274025
2026-09-19,wk inc covid prop ed visits,0,2026-09-19,44,quantile,0.2,0.0020103835861461786
2026-09-19,wk inc covid prop ed visits,0,2026-09-19,44,quantile,0.25,0.002117500514607499
2026-09-19,wk inc covid prop ed visits,0,2026-09-19,44,quantile,0.3,0.0022116923780383297
2026-09-19,wk inc covid prop ed visits,0,2026-09-19,44,quantile,0.35,0.0022890926061692584
2026-09-19,wk inc covid prop ed visits,0,2026-09-19,44,quantile,0.4,0.0023719064501252474
2026-09-19,wk inc covid prop ed visits,0,2026-09-19,44,quantile,0.45,0.002460060907151423
2026-09-19,wk inc covid prop ed visits,0,2026-09-19,44,quantile,0.5,0.002544537533060799
2026-09-19,wk inc covid prop ed visits,0,2026-09-19,44,quantile,0.55,0.002630108580976411
2026-09-19,wk inc covid prop ed visits,0,2026-09-19,44,quantile,0.6,0.002714954973868821
2026-09-19,wk inc covid prop ed visits,0,2026-09-19,44,quantile,0.65,0.0028217671648259014
2026-09-19,wk inc covid prop ed visits,0,2026-09-19,44,quantile,0.7,0.0029327813273503705
2026-09-19,wk inc covid prop ed visits,0,2026-09-19,44,quantile,0.75,0.003046117911049806
2026-09-19,wk inc covid prop ed visits,0,2026-09-19,44,quantile,0.8,0.0031676371739879487
2026-09-19,wk inc covid prop ed visits,0,2026-09-19,44,quantile,0.85,0.003340209914664556
2026-09-19,wk inc covid prop ed visits,0,2026-09-19,44,quantile,0.9,0.003531395438074845
2026-09-19,wk inc covid prop ed visits,0,2026-09-19,44,quantile,0.95,0.0038687540091832478
2026-09-19,wk inc covid prop ed visits,0,2026-09-19,44,quantile,0.975,0.00415779339542791
2026-09-19,wk inc covid prop ed visits,0,2026-09-19,44,quantile,0.99,0.004486568083354397
2026-09-19,wk inc covid prop ed visits,0,2026-09-19,45,quantile,0.01,0.0042211892856961015
2026-09-19,wk inc covid prop ed visits,0,2026-09-19,45,quantile,0.025,0.004604939130408807
2026-09-19,wk inc covid prop ed visits,0,2026-09-19,45,quantile,0.05,0.004897080232306865
2026-09-19,wk inc covid prop ed visits,0,2026-09-19,45,quantile,0.1,0.005300027327145931
2026-09-19,wk inc covid prop ed visits,0,2026-09-19,45,quantile,0.15,0.005606718859858018
2026-09-19,wk inc covid prop ed visits,0,2026-09-19,45,quantile,0.2,0.0058530636122503
2026-09-19,wk inc covid prop ed visits,0,2026-09-19,45,quantile,0.25,0.006080345531132722
2026-09-19,wk inc covid prop ed visits,0,2026-09-19,45,quantile,0.3,0.006273660404060192
2026-09-19,wk inc covid prop ed visits,0,2026-09-19,45,quantile,0.35,0.0064495713020763686
2026-09-19,wk inc covid prop ed visits,0,2026-09-19,45,quantile,0.4,0.006633135386095917
2026-09-19,wk inc covid prop ed visits,0,2026-09-19,45,quantile,0.45,0.006798655723658724
2026-09-19,wk inc covid prop ed visits,0,2026-09-19,45,quantile,0.5,0.006958441112883444
2026-09-19,wk inc covid prop ed visits,0,2026-09-19,45,quantile,0.55,0.00713430521489169
2026-09-19,wk inc covid prop ed visits,0,2026-09-19,45,quantile,0.6,0.007320928288308987
2026-09-19,wk inc covid prop ed visits,0,2026-09-19,45,quantile,0.65,0.007511353819388336
2026-09-19,wk inc covid prop ed visits,0,2026-09-19,45,quantile,0.7,0.007712764818470103
2026-09-19,wk inc covid prop ed visits,0,2026-09-19,45,quantile,0.75,0.007950203139691617
2026-09-19,wk inc covid prop ed visits,0,2026-09-19,45,quantile,0.8,0.00819835125268382
2026-09-19,wk inc covid prop ed visits,0,2026-09-19,45,quantile,0.85,0.0084996691380362591
2026-09-19,wk inc covid prop ed visits,0,2026-09-19,45,quantile,0.9,0.008951987134650048
2026-09-19,wk inc covid prop ed visits,0,2026-09-19,45,quantile,0.95,0.009603772770470528
2026-09-19,wk inc covid prop ed visits,0,2026-09-19,45,quantile,0.975,0.010112690562477938
2026-09-19,wk inc covid prop ed visits,0,2026-09-19,45,quantile,0.99,0.010741212050559614
2026-09-19,wk inc covid prop ed visits,0,2026-09-19,46,quantile,0.01,8.322569038331863e-4
2026-09-19,wk inc covid prop ed visits,0,2026-09-19,46,quantile,0.025,9.443595404743405e-4
2026-09-19,wk inc covid prop ed visits,0,2026-09-19,46,quantile,0.05,0.001051326773829161
2026-09-19,wk inc covid prop ed visits,0,2026-09-19,46,quantile,0.1,0.001199407793580516
2026-09-19,wk inc covid prop ed visits,0,2026-09-19,46,quantile,0.15,0.0013002864637332225
2026-09-19,wk inc covid prop ed visits,0,2026-09-19,46,quantile,0.2,0.001387933815307062
2026-09-19,wk inc covid prop ed visits,0,2026-09-19,46,quantile,0.25,0.001471189324808459
2026-09-19,wk inc covid prop ed visits,0,2026-09-19,46,quantile,0.3,0.0015446189436518645
2026-09-19,wk inc covid prop ed visits,0,2026-09-19,46,quantile,0.35,0.001617587799882623
2026-09-19,wk inc covid prop ed visits,0,2026-09-19,46,quantile,0.4,0.0016847744985759613
2026-09-19,wk inc covid prop ed visits,0,2026-09-19,46,quantile,0.45,0.001755420908887714
2026-09-19,wk inc covid prop ed visits,0,2026-09-19,46,quantile,0.5,0.0018239926030547565
2026-09-19,wk inc covid prop ed visits,0,2026-09-19,46,quantile,0.55,0.0018962752257965267
2026-09-19,wk inc covid prop ed visits,0,2026-09-19,46,quantile,0.6,0.001978448775752488
2026-09-19,wk inc covid prop ed visits,0,2026-09-19,46,quantile,0.65,0.00205154048849556
2026-09-19,wk inc covid prop ed visits,0,2026-09-19,46,quantile,0.7,0.0021326983549650393
2026-09-19,wk inc covid prop ed visits,0,2026-09-19,46,quantile,0.75,0.002228947279513393
2026-09-19,wk inc covid prop ed visits,0,2026-09-19,46,quantile,0.8,0.002340370747873597
2026-09-19,wk inc covid prop ed visits,0,2026-09-19,46,quantile,0.85,0.002470577385790997
2026-09-19,wk inc covid prop ed visits,0,2026-09-19,46,quantile,0.9,0.0026319616638839846
2026-09-19,wk inc covid prop ed visits,0,2026-09-19,46,quantile,0.95,0.002867050886994676
2026-09-19,wk inc covid prop ed visits,0,2026-09-19,46,quantile,0.975,0.0031071631563783786
2026-09-19,wk inc covid prop ed visits,0,2026-09-19,46,quantile,0.99,0.003392501301123818
2026-09-19,wk inc covid prop ed visits,0,2026-09-19,47,quantile,0.01,0.002987988674098572
2026-09-19,wk inc covid prop ed visits,0,2026-09-19,47,quantile,0.025,0.0032569408519254974
2026-09-19,wk inc covid prop ed visits,0,2026-09-19,47,quantile,0.05,0.0034897792530135053
2026-09-19,wk inc covid prop ed visits,0,2026-09-19,47,quantile,0.1,0.003781708560867092
2026-09-19,wk inc covid prop ed visits,0,2026-09-19,47,quantile,0.15,0.004008719248495834
2026-09-19,wk inc covid prop ed visits,0,2026-09-19,47,quantile,0.2,0.004214680344384272
2026-09-19,wk inc covid prop ed visits,0,2026-09-19,47,quantile,0.25,0.0043700782653898875
2026-09-19,wk inc covid prop ed visits,0,2026-09-19,47,quantile,0.3,0.004523832880073424
2026-09-19,wk inc covid prop ed visits,0,2026-09-19,47,quantile,0.35,0.004681843905326763
2026-09-19,wk inc covid prop ed visits,0,2026-09-19,47,quantile,0.4,0.004819640313031266
2026-09-19,wk inc covid prop ed visits,0,2026-09-19,47,quantile,0.45,0.0049444377639709
2026-09-19,wk inc covid prop ed visits,0,2026-09-19,47,quantile,0.5,0.005082559875467948
2026-09-19,wk inc covid prop ed visits,0,2026-09-19,47,quantile,0.55,0.005222092301656022
2026-09-19,wk inc covid prop ed visits,0,2026-09-19,47,quantile,0.6,0.00536842562100676
2026-09-19,wk inc covid prop ed visits,0,2026-09-19,47,quantile,0.65,0.0055112786814406544
2026-09-19,wk inc covid prop ed visits,0,2026-09-19,47,quantile,0.7,0.005682482877995107
2026-09-19,wk inc covid prop ed visits,0,2026-09-19,47,quantile,0.75,0.005874092236387272
2026-09-19,wk inc covid prop ed visits,0,2026-09-19,47,quantile,0.8,0.006086698872047334
2026-09-19,wk inc covid prop ed visits,0,2026-09-19,47,quantile,0.85,0.006312551660135552
2026-09-19,wk inc covid prop ed visits,0,2026-09-19,47,quantile,0.9,0.006635070334989736
2026-09-19,wk inc covid prop ed visits,0,2026-09-19,47,quantile,0.95,0.0072013216818410586
2026-09-19,wk inc covid prop ed visits,0,2026-09-19,47,quantile,0.975,0.007585736865557089
2026-09-19,wk inc covid prop ed visits,0,2026-09-19,47,quantile,0.99,0.00815992338927096
2026-09-19,wk inc covid prop ed visits,0,2026-09-19,48,quantile,0.01,0.008281086554199185
2026-09-19,wk inc covid prop ed visits,0,2026-09-19,48,quantile,0.025,0.00882447614597006
2026-09-19,wk inc covid prop ed visits,0,2026-09-19,48,quantile,0.05,0.009294435306313537
2026-09-19,wk inc covid prop ed visits,0,2026-09-19,48,quantile,0.1,0.00994375083446275
2026-09-19,wk inc covid prop ed visits,0,2026-09-19,48,quantile,0.15,0.01040287322031525
2026-09-19,wk inc covid prop ed visits,0,2026-09-19,48,quantile,0.2,0.01080536933275375
2026-09-19,wk inc covid prop ed visits,0,2026-09-19,48,quantile,0.25,0.011144100259455421
2026-09-19,wk inc covid prop ed visits,0,2026-09-19,48,quantile,0.3,0.011485680164291905
2026-09-19,wk inc covid prop ed visits,0,2026-09-19,48,quantile,0.35,0.01176054565357872
2026-09-19,wk inc covid prop ed visits,0,2026-09-19,48,quantile,0.4,0.01203424120536993
2026-09-19,wk inc covid prop ed visits,0,2026-09-19,48,quantile,0.45,0.01233697339150135
2026-09-19,wk inc covid prop ed visits,0,2026-09-19,48,quantile,0.5,0.01259301651243271
2026-09-19,wk inc covid prop ed visits,0,2026-09-19,48,quantile,0.55,0.012863343665789463
2026-09-19,wk inc covid prop ed visits,0,2026-09-19,48,quantile,0.6,0.013166719498003403
2026-09-19,wk inc covid prop ed visits,0,2026-09-19,48,quantile,0.65,0.013491060936032254
2026-09-19,wk inc covid prop ed visits,0,2026-09-19,48,quantile,0.7,0.013816563455111057
2026-09-19,wk inc covid prop ed visits,0,2026-09-19,48,quantile,0.75,0.014149672912187699
2026-09-19,wk inc covid prop ed visits,0,2026-09-19,48,quantile,0.8,0.014588226324425975
2026-09-19,wk inc covid prop ed visits,0,2026-09-19,48,quantile,0.85,0.015073325214916788
2026-09-19,wk inc covid prop ed visits,0,2026-09-19,48,quantile,0.9,0.015746017953440095
2026-09-19,wk inc covid prop ed visits,0,2026-09-19,48,quantile,0.95,0.01672038373484429
2026-09-19,wk inc covid prop ed visits,0,2026-09-19,48,quantile,0.975,0.01758356121220727
2026-09-19,wk inc covid prop ed visits,0,2026-09-19,48,quantile,0.99,0.018766439014160353
2026-09-19,wk inc covid prop ed visits,0,2026-09-19,49,quantile,0.01,0.0015049751506822928
2026-09-19,wk inc covid prop ed visits,0,2026-09-19,49,quantile,0.025,0.0016777707723713666
2026-09-19,wk inc covid prop ed visits,0,2026-09-19,49,quantile,0.05,0.0018371021391964362
2026-09-19,wk inc covid prop ed visits,0,2026-09-19,49,quantile,0.1,0.0020486683096749116
2026-09-19,wk inc covid prop ed visits,0,2026-09-19,49,quantile,0.15,0.0021971948765504025
2026-09-19,wk inc covid prop ed visits,0,2026-09-19,49,quantile,0.2,0.002314405667955572
2026-09-19,wk inc covid prop ed visits,0,2026-09-19,49,quantile,0.25,0.002415997670591225
2026-09-19,wk inc covid prop ed visits,0,2026-09-19,49,quantile,0.3,0.002508530839904373
2026-09-19,wk inc covid prop ed visits,0,2026-09-19,49,quantile,0.35,0.0026047883164167763
2026-09-19,wk inc covid prop ed visits,0,2026-09-19,49,quantile,0.4,0.002703413443546178
2026-09-19,wk inc covid prop ed visits,0,2026-09-19,49,quantile,0.45,0.002796887389517464
2026-09-19,wk inc covid prop ed visits,0,2026-09-19,49,quantile,0.5,0.0028794050815985073
2026-09-19,wk inc covid prop ed visits,0,2026-09-19,49,quantile,0.55,0.0029736508699313197
2026-09-19,wk inc covid prop ed visits,0,2026-09-19,49,quantile,0.6,0.0030738284554815065
2026-09-19,wk inc covid prop ed visits,0,2026-09-19,49,quantile,0.65,0.003182792638404314
2026-09-19,wk inc covid prop ed visits,0,2026-09-19,49,quantile,0.7,0.0032990379617874425
2026-09-19,wk inc covid prop ed visits,0,2026-09-19,49,quantile,0.75,0.003424703135782626
2026-09-19,wk inc covid prop ed visits,0,2026-09-19,49,quantile,0.8,0.0035644707145611196
2026-09-19,wk inc covid prop ed visits,0,2026-09-19,49,quantile,0.85,0.003735811817666777
2026-09-19,wk inc covid prop ed visits,0,2026-09-19,49,quantile,0.9,0.003969893760107091
2026-09-19,wk inc covid prop ed visits,0,2026-09-19,49,quantile,0.95,0.004310343199052965
2026-09-19,wk inc covid prop ed visits,0,2026-09-19,49,quantile,0.975,0.004628969970587347
2026-09-19,wk inc covid prop ed visits,0,2026-09-19,49,quantile,0.99,0.005032735349143581
2026-09-19,wk inc covid prop ed visits,0,2026-09-19,50,quantile,0.01,7.3980820890975e-4
2026-09-19,wk inc covid prop ed visits,0,2026-09-19,50,quantile,0.025,8.503277006883276e-4
2026-09-19,wk inc covid prop ed visits,0,2026-09-19,50,quantile,0.05,9.640558387307656e-4
2026-09-19,wk inc covid prop ed visits,0,2026-09-19,50,quantile,0.1,0.0010994952545843716
2026-09-19,wk inc covid prop ed visits,0,2026-09-19,50,quantile,0.15,0.0011895309754222988
2026-09-19,wk inc covid prop ed visits,0,2026-09-19,50,quantile,0.2,0.0012624716904157947
2026-09-19,wk inc covid prop ed visits,0,2026-09-19,50,quantile,0.25,0.0013438793556542203
2026-09-19,wk inc covid prop ed visits,0,2026-09-19,50,quantile,0.3,0.0014120309491176951
2026-09-19,wk inc covid prop ed visits,0,2026-09-19,50,quantile,0.35,0.001477449723580188
2026-09-19,wk inc covid prop ed visits,0,2026-09-19,50,quantile,0.4,0.001538607975833807
2026-09-19,wk inc covid prop ed visits,0,2026-09-19,50,quantile,0.45,0.001611184302875476
2026-09-19,wk inc covid prop ed visits,0,2026-09-19,50,quantile,0.5,0.0016727498412273645
2026-09-19,wk inc covid prop ed visits,0,2026-09-19,50,quantile,0.55,0.001733454281854012
2026-09-19,wk inc covid prop ed visits,0,2026-09-19,50,quantile,0.6,0.0018007931418791193
2026-09-19,wk inc covid prop ed visits,0,2026-09-19,50,quantile,0.65,0.0018719252667047702
2026-09-19,wk inc covid prop ed visits,0,2026-09-19,50,quantile,0.7,0.0019487486307261607
2026-09-19,wk inc covid prop ed visits,0,2026-09-19,50,quantile,0.75,0.0020284103926226952
2026-09-19,wk inc covid prop ed visits,0,2026-09-19,50,quantile,0.8,0.002132490696304018
2026-09-19,wk inc covid prop ed visits,0,2026-09-19,50,quantile,0.85,0.0022389183687480142
2026-09-19,wk inc covid prop ed visits,0,2026-09-19,50,quantile,0.9,0.0023815673972153602
2026-09-19,wk inc covid prop ed visits,0,2026-09-19,50,quantile,0.95,0.002621249339000827
2026-09-19,wk inc covid prop ed visits,0,2026-09-19,50,quantile,0.975,0.002846659169773538
2026-09-19,wk inc covid prop ed visits,0,2026-09-19,50,quantile,0.99,0.003068601969544064
2026-09-19,wk inc covid prop ed visits,0,2026-09-19,51,quantile,0.01,0.00282738589703552
2026-09-19,wk inc covid prop ed visits,0,2026-09-19,51,quantile,0.025,0.0030989664543080745
2026-09-19,wk inc covid prop ed visits,0,2026-09-19,51,quantile,0.05,0.0033695509047602813
2026-09-19,wk inc covid prop ed visits,0,2026-09-19,51,quantile,0.1,0.0036771276517101634
2026-09-19,wk inc covid prop ed visits,0,2026-09-19,51,quantile,0.15,0.003898173258431256
2026-09-19,wk inc covid prop ed visits,0,2026-09-19,51,quantile,0.2,0.004079148862445381
2026-09-19,wk inc covid prop ed visits,0,2026-09-19,51,quantile,0.25,0.004215611177424767
2026-09-19,wk inc covid prop ed visits,0,2026-09-19,51,quantile,0.3,0.0043518765412841574
2026-09-19,wk inc covid prop ed visits,0,2026-09-19,51,quantile,0.35,0.004489713356817605
2026-09-19,wk inc covid prop ed visits,0,2026-09-19,51,quantile,0.4,0.004631761694645966
2026-09-19,wk inc covid prop ed visits,0,2026-09-19,51,quantile,0.45,0.004769494397726879
2026-09-19,wk inc covid prop ed visits,0,2026-09-19,51,quantile,0.5,0.004919294257736162
2026-09-19,wk inc covid prop ed visits,0,2026-09-19,51,quantile,0.55,0.005052584082886748
2026-09-19,wk inc covid prop ed visits,0,2026-09-19,51,quantile,0.6,0.005185808733128513
2026-09-19,wk inc covid prop ed visits,0,2026-09-19,51,quantile,0.65,0.00533774711018077
2026-09-19,wk inc covid prop ed visits,0,2026-09-19,51,quantile,0.7,0.005510993574632686
2026-09-19,wk inc covid prop ed visits,0,2026-09-19,51,quantile,0.75,0.005700604146650461
2026-09-19,wk inc covid prop ed visits,0,2026-09-19,51,quantile,0.8,0.0059179347072188734
2026-09-19,wk inc covid prop ed visits,0,2026-09-19,51,quantile,0.85,0.0061407073662695134
2026-09-19,wk inc covid prop ed visits,0,2026-09-19,51,quantile,0.9,0.0064477659352001025
2026-09-19,wk inc covid prop ed visits,0,2026-09-19,51,quantile,0.95,0.006932853475432341
2026-09-19,wk inc covid prop ed visits,0,2026-09-19,51,quantile,0.975,0.00733906044102053
2026-09-19,wk inc covid prop ed visits,0,2026-09-19,51,quantile,0.99,0.007874588723083956
2026-09-19,wk inc covid prop ed visits,0,2026-09-19,53,quantile,0.01,0.004442984361930981
2026-09-19,wk inc covid prop ed visits,0,2026-09-19,53,quantile,0.025,0.004788586484452427
2026-09-19,wk inc covid prop ed visits,0,2026-09-19,53,quantile,0.05,0.005137445570289125
2026-09-19,wk inc covid prop ed visits,0,2026-09-19,53,quantile,0.1,0.005585518297421768
2026-09-19,wk inc covid prop ed visits,0,2026-09-19,53,quantile,0.15,0.005865613736656135
2026-09-19,wk inc covid prop ed visits,0,2026-09-19,53,quantile,0.2,0.006102727995515603
2026-09-19,wk inc covid prop ed visits,0,2026-09-19,53,quantile,0.25,0.006316123382417832
2026-09-19,wk inc covid prop ed visits,0,2026-09-19,53,quantile,0.3,0.006501124501208191
2026-09-19,wk inc covid prop ed visits,0,2026-09-19,53,quantile,0.35,0.006693340011596961
2026-09-19,wk inc covid prop ed visits,0,2026-09-19,53,quantile,0.4,0.006885919838899824
2026-09-19,wk inc covid prop ed visits,0,2026-09-19,53,quantile,0.45,0.007060937646373937
2026-09-19,wk inc covid prop ed visits,0,2026-09-19,53,quantile,0.5,0.007238244344557733
2026-09-19,wk inc covid prop ed visits,0,2026-09-19,53,quantile,0.55,0.007411580062136408
2026-09-19,wk inc covid prop ed visits,0,2026-09-19,53,quantile,0.6,0.007605617351870138
2026-09-19,wk inc covid prop ed visits,0,2026-09-19,53,quantile,0.65,0.00781403109392955
2026-09-19,wk inc covid prop ed visits,0,2026-09-19,53,quantile,0.7,0.008021929511688482
2026-09-19,wk inc covid prop ed visits,0,2026-09-19,53,quantile,0.75,0.008271640139858287
2026-09-19,wk inc covid prop ed visits,0,2026-09-19,53,quantile,0.8,0.008537328669391176
2026-09-19,wk inc covid prop ed visits,0,2026-09-19,53,quantile,0.85,0.00884933635953623
2026-09-19,wk inc covid prop ed visits,0,2026-09-19,53,quantile,0.9,0.009246467254073068
2026-09-19,wk inc covid prop ed visits,0,2026-09-19,53,quantile,0.95,0.009985192371624655
2026-09-19,wk inc covid prop ed visits,0,2026-09-19,53,quantile,0.975,0.010576558106728418
2026-09-19,wk inc covid prop ed visits,0,2026-09-19,53,quantile,0.99,0.011279311270851593
2026-09-19,wk inc covid prop ed visits,0,2026-09-19,54,quantile,0.01,0.0012383168201438777
2026-09-19,wk inc covid prop ed visits,0,2026-09-19,54,quantile,0.025,0.001375988412007386
2026-09-19,wk inc covid prop ed visits,0,2026-09-19,54,quantile,0.05,0.0015441536625633967
2026-09-19,wk inc covid prop ed visits,0,2026-09-19,54,quantile,0.1,0.0017233585693692422
2026-09-19,wk inc covid prop ed visits,0,2026-09-19,54,quantile,0.15,0.0018471075952906525
2026-09-19,wk inc covid prop ed visits,0,2026-09-19,54,quantile,0.2,0.0019618510106919115
2026-09-19,wk inc covid prop ed visits,0,2026-09-19,54,quantile,0.25,0.002064864211535392
2026-09-19,wk inc covid prop ed visits,0,2026-09-19,54,quantile,0.3,0.0021647909885548003
2026-09-19,wk inc covid prop ed visits,0,2026-09-19,54,quantile,0.35,0.0022533817104963706
2026-09-19,wk inc covid prop ed visits,0,2026-09-19,54,quantile,0.4,0.002335660254352681
2026-09-19,wk inc covid prop ed visits,0,2026-09-19,54,quantile,0.45,0.002413598413271565
2026-09-19,wk inc covid prop ed visits,0,2026-09-19,54,quantile,0.5,0.0024960596850356074
2026-09-19,wk inc covid prop ed visits,0,2026-09-19,54,quantile,0.55,0.0025799382849241385
2026-09-19,wk inc covid prop ed visits,0,2026-09-19,54,quantile,0.6,0.0026724215922579175
2026-09-19,wk inc covid prop ed visits,0,2026-09-19,54,quantile,0.65,0.0027617849263015196
2026-09-19,wk inc covid prop ed visits,0,2026-09-19,54,quantile,0.7,0.002853836948097421
2026-09-19,wk inc covid prop ed visits,0,2026-09-19,54,quantile,0.75,0.002972329943009437
2026-09-19,wk inc covid prop ed visits,0,2026-09-19,54,quantile,0.8,0.0031101679644586016
2026-09-19,wk inc covid prop ed visits,0,2026-09-19,54,quantile,0.85,0.0032472560932143135
2026-09-19,wk inc covid prop ed visits,0,2026-09-19,54,quantile,0.9,0.003459828260093865
2026-09-19,wk inc covid prop ed visits,0,2026-09-19,54,quantile,0.95,0.0037816214019099495
2026-09-19,wk inc covid prop ed visits,0,2026-09-19,54,quantile,0.975,0.004075155867003423
2026-09-19,wk inc covid prop ed visits,0,2026-09-19,54,quantile,0.99,0.0043999815451749805
2026-09-19,wk inc covid prop ed visits,0,2026-09-19,55,quantile,0.01,5.587305458939643e-4
2026-09-19,wk inc covid prop ed visits,0,2026-09-19,55,quantile,0.025,6.49582829311151e-4
2026-09-19,wk inc covid prop ed visits,0,2026-09-19,55,quantile,0.05,7.457000280872536e-4
2026-09-19,wk inc covid prop ed visits,0,2026-09-19,55,quantile,0.1,8.552698830545229e-4
2026-09-19,wk inc covid prop ed visits,0,2026-09-19,55,quantile,0.15,9.344328769925999e-4
2026-09-19,wk inc covid prop ed visits,0,2026-09-19,55,quantile,0.2,0.0010026381299673985
2026-09-19,wk inc covid prop ed visits,0,2026-09-19,55,quantile,0.25,0.0010702508766477921
2026-09-19,wk inc covid prop ed visits,0,2026-09-19,55,quantile,0.3,0.001135973944506072
2026-09-19,wk inc covid prop ed visits,0,2026-09-19,55,quantile,0.35,0.0011965267951132889
2026-09-19,wk inc covid prop ed visits,0,2026-09-19,55,quantile,0.4,0.0012530690870354892
2026-09-19,wk inc covid prop ed visits,0,2026-09-19,55,quantile,0.45,0.0013110249560642387
2026-09-19,wk inc covid prop ed visits,0,2026-09-19,55,quantile,0.5,0.0013650003283277163
2026-09-19,wk inc covid prop ed visits,0,2026-09-19,55,quantile,0.55,0.0014251076979674344
2026-09-19,wk inc covid prop ed visits,0,2026-09-19,55,quantile,0.6,0.0014875876689056898
2026-09-19,wk inc covid prop ed visits,0,2026-09-19,55,quantile,0.65,0.0015546371084437256
2026-09-19,wk inc covid prop ed visits,0,2026-09-19,55,quantile,0.7,0.0016202328684070413
2026-09-19,wk inc covid prop ed visits,0,2026-09-19,55,quantile,0.75,0.0016962395814169768
2026-09-19,wk inc covid prop ed visits,0,2026-09-19,55,quantile,0.8,0.001787660560949796
2026-09-19,wk inc covid prop ed visits,0,2026-09-19,55,quantile,0.85,0.0018933847389901344
2026-09-19,wk inc covid prop ed visits,0,2026-09-19,55,quantile,0.9,0.0020338647050519173
2026-09-19,wk inc covid prop ed visits,0,2026-09-19,55,quantile,0.95,0.002237065283475569
2026-09-19,wk inc covid prop ed visits,0,2026-09-19,55,quantile,0.975,0.0024438396631875302
2026-09-19,wk inc covid prop ed visits,0,2026-09-19,55,quantile,0.99,0.002694718249396603
2026-09-19,wk inc covid prop ed visits,0,2026-09-19,US,quantile,0.01,0.0034036505963009026
2026-09-19,wk inc covid prop ed visits,0,2026-09-19,US,quantile,0.025,0.0037563462636260323
2026-09-19,wk inc covid prop ed visits,0,2026-09-19,US,quantile,0.05,0.004022095323271499
2026-09-19,wk inc covid prop ed visits,0,2026-09-19,US,quantile,0.1,0.004335936283503214
2026-09-19,wk inc covid prop ed visits,0,2026-09-19,US,quantile,0.15,0.0045975795998233196
2026-09-19,wk inc covid prop ed visits,0,2026-09-19,US,quantile,0.2,0.004804881964667191
2026-09-19,wk inc covid prop ed visits,0,2026-09-19,US,quantile,0.25,0.004972351307971802
2026-09-19,wk inc covid prop ed visits,0,2026-09-19,US,quantile,0.3,0.005126652992747203
2026-09-19,wk inc covid prop ed visits,0,2026-09-19,US,quantile,0.35,0.005287134311064907
2026-09-19,wk inc covid prop ed visits,0,2026-09-19,US,quantile,0.4,0.005418752906123976
2026-09-19,wk inc covid prop ed visits,0,2026-09-19,US,quantile,0.45,0.005569635707018376
2026-09-19,wk inc covid prop ed visits,0,2026-09-19,US,quantile,0.5,0.005740621280226442
2026-09-19,wk inc covid prop ed visits,0,2026-09-19,US,quantile,0.55,0.005888100134735529
2026-09-19,wk inc covid prop ed visits,0,2026-09-19,US,quantile,0.6,0.006048549333696486
2026-09-19,wk inc covid prop ed visits,0,2026-09-19,US,quantile,0.65,0.006219457175252133
2026-09-19,wk inc covid prop ed visits,0,2026-09-19,US,quantile,0.7,0.006379651324740437
2026-09-19,wk inc covid prop ed visits,0,2026-09-19,US,quantile,0.75,0.0065796827071350865
2026-09-19,wk inc covid prop ed visits,0,2026-09-19,US,quantile,0.8,0.006799784486914341
2026-09-19,wk inc covid prop ed visits,0,2026-09-19,US,quantile,0.85,0.007064617494054529
2026-09-19,wk inc covid prop ed visits,0,2026-09-19,US,quantile,0.9,0.007415101673663148
2026-09-19,wk inc covid prop ed visits,0,2026-09-19,US,quantile,0.95,0.007993992903780717
2026-09-19,wk inc covid prop ed visits,0,2026-09-19,US,quantile,0.975,0.008557152205460288
2026-09-19,wk inc covid prop ed visits,0,2026-09-19,US,quantile,0.99,0.009137089090969849
2026-09-19,wk inc covid prop ed visits,1,2026-09-26,01,quantile,0.01,0.0034447503894852066
2026-09-19,wk inc covid prop ed visits,1,2026-09-26,01,quantile,0.025,0.0037964703737744347
2026-09-19,wk inc covid prop ed visits,1,2026-09-26,01,quantile,0.05,0.004170658150867809
2026-09-19,wk inc covid prop ed visits,1,2026-09-26,01,quantile,0.1,0.004603384088099068
2026-09-19,wk inc covid prop ed visits,1,2026-09-26,01,quantile,0.15,0.004888937245998426
2026-09-19,wk inc covid prop ed visits,1,2026-09-26,01,quantile,0.2,0.005132452640035919
2026-09-19,wk inc covid prop ed visits,1,2026-09-26,01,quantile,0.25,0.005365569325900097
2026-09-19,wk inc covid prop ed visits,1,2026-09-26,01,quantile,0.3,0.005558209617612754
2026-09-19,wk inc covid prop ed visits,1,2026-09-26,01,quantile,0.35,0.005767502134520352
2026-09-19,wk inc covid prop ed visits,1,2026-09-26,01,quantile,0.4,0.005951505992464105
2026-09-19,wk inc covid prop ed visits,1,2026-09-26,01,quantile,0.45,0.00614633355701871
2026-09-19,wk inc covid prop ed visits,1,2026-09-26,01,quantile,0.5,0.006329263447371917
2026-09-19,wk inc covid prop ed visits,1,2026-09-26,01,quantile,0.55,0.0065245145011051395
2026-09-19,wk inc covid prop ed visits,1,2026-09-26,01,quantile,0.6,0.006744522003037113
2026-09-19,wk inc covid prop ed visits,1,2026-09-26,01,quantile,0.65,0.006932225619257578
2026-09-19,wk inc covid prop ed visits,1,2026-09-26,01,quantile,0.7,0.0071762402994093345
2026-09-19,wk inc covid prop ed visits,1,2026-09-26,01,quantile,0.75,0.007449656991294594
2026-09-19,wk inc covid prop ed visits,1,2026-09-26,01,quantile,0.8,0.007738958862638995
2026-09-19,wk inc covid prop ed visits,1,2026-09-26,01,quantile,0.85,0.008098027191367126
2026-09-19,wk inc covid prop ed visits,1,2026-09-26,01,quantile,0.9,0.008592815846515374
2026-09-19,wk inc covid prop ed visits,1,2026-09-26,01,quantile,0.95,0.009338731919544077
2026-09-19,wk inc covid prop ed visits,1,2026-09-26,01,quantile,0.975,0.010036473424093067
2026-09-19,wk inc covid prop ed visits,1,2026-09-26,01,quantile,0.99,0.010799446963206246
2026-09-19,wk inc covid prop ed visits,1,2026-09-26,02,quantile,0.01,0.0018160916122038275
2026-09-19,wk inc covid prop ed visits,1,2026-09-26,02,quantile,0.025,0.002093676539270151
2026-09-19,wk inc covid prop ed visits,1,2026-09-26,02,quantile,0.05,0.0023047778763727574
2026-09-19,wk inc covid prop ed visits,1,2026-09-26,02,quantile,0.1,0.0025634479097223044
2026-09-19,wk inc covid prop ed visits,1,2026-09-26,02,quantile,0.15,0.002765081699000504
2026-09-19,wk inc covid prop ed visits,1,2026-09-26,02,quantile,0.2,0.0029109529154527315
2026-09-19,wk inc covid prop ed visits,1,2026-09-26,02,quantile,0.25,0.0030675394723814345
2026-09-19,wk inc covid prop ed visits,1,2026-09-26,02,quantile,0.3,0.003207428183604858
2026-09-19,wk inc covid prop ed visits,1,2026-09-26,02,quantile,0.35,0.003344422034619797
2026-09-19,wk inc covid prop ed visits,1,2026-09-26,02,quantile,0.4,0.003473343147744657
2026-09-19,wk inc covid prop ed visits,1,2026-09-26,02,quantile,0.45,0.003606609961608458
2026-09-19,wk inc covid prop ed visits,1,2026-09-26,02,quantile,0.5,0.003731715377928247
2026-09-19,wk inc covid prop ed visits,1,2026-09-26,02,quantile,0.55,0.0038504699736412345
2026-09-19,wk inc covid prop ed visits,1,2026-09-26,02,quantile,0.6,0.003971999002862991
2026-09-19,wk inc covid prop ed visits,1,2026-09-26,02,quantile,0.65,0.004107112112290423
2026-09-19,wk inc covid prop ed visits,1,2026-09-26,02,quantile,0.7,0.004257409097702966
2026-09-19,wk inc covid prop ed visits,1,2026-09-26,02,quantile,0.75,0.0044179061432031924
2026-09-19,wk inc covid prop ed visits,1,2026-09-26,02,quantile,0.8,0.004625319896983521
2026-09-19,wk inc covid prop ed visits,1,2026-09-26,02,quantile,0.85,0.004860343137763736
2026-09-19,wk inc covid prop ed visits,1,2026-09-26,02,quantile,0.9,0.00521244967000623
2026-09-19,wk inc covid prop ed visits,1,2026-09-26,02,quantile,0.95,0.005700936899170184
2026-09-19,wk inc covid prop ed visits,1,2026-09-26,02,quantile,0.975,0.006160171346724063
2026-09-19,wk inc covid prop ed visits,1,2026-09-26,02,quantile,0.99,0.006894199360975494
2026-09-19,wk inc covid prop ed visits,1,2026-09-26,04,quantile,0.01,0.002531947990442125
2026-09-19,wk inc covid prop ed visits,1,2026-09-26,04,quantile,0.025,0.0028780027852061425
2026-09-19,wk inc covid prop ed visits,1,2026-09-26,04,quantile,0.05,0.0031453581111315562
2026-09-19,wk inc covid prop ed visits,1,2026-09-26,04,quantile,0.1,0.0034687455061699376
2026-09-19,wk inc covid prop ed visits,1,2026-09-26,04,quantile,0.15,0.003739809704308095
2026-09-19,wk inc covid prop ed visits,1,2026-09-26,04,quantile,0.2,0.0039311136355556905
2026-09-19,wk inc covid prop ed visits,1,2026-09-26,04,quantile,0.25,0.004110822696973783
2026-09-19,wk inc covid prop ed visits,1,2026-09-26,04,quantile,0.3,0.00429368164906101
2026-09-19,wk inc covid prop ed visits,1,2026-09-26,04,quantile,0.35,0.0044671820036483526
2026-09-19,wk inc covid prop ed visits,1,2026-09-26,04,quantile,0.4,0.00463156261983295
2026-09-19,wk inc covid prop ed visits,1,2026-09-26,04,quantile,0.45,0.0047937874065919804
2026-09-19,wk inc covid prop ed visits,1,2026-09-26,04,quantile,0.5,0.004941982562875145
2026-09-19,wk inc covid prop ed visits,1,2026-09-26,04,quantile,0.55,0.005104688186934396
2026-09-19,wk inc covid prop ed visits,1,2026-09-26,04,quantile,0.6,0.0052681525728185095
2026-09-19,wk inc covid prop ed visits,1,2026-09-26,04,quantile,0.65,0.00544740090900508
2026-09-19,wk inc covid prop ed visits,1,2026-09-26,04,quantile,0.7,0.005654266283653403
2026-09-19,wk inc covid prop ed visits,1,2026-09-26,04,quantile,0.75,0.005867735135415499
2026-09-19,wk inc covid prop ed visits,1,2026-09-26,04,quantile,0.8,0.00609339399462832
2026-09-19,wk inc covid prop ed visits,1,2026-09-26,04,quantile,0.85,0.006417870365638767
2026-09-19,wk inc covid prop ed visits,1,2026-09-26,04,quantile,0.9,0.0068342390419109415
2026-09-19,wk inc covid prop ed visits,1,2026-09-26,04,quantile,0.95,0.007460749946407359
2026-09-19,wk inc covid prop ed visits,1,2026-09-26,04,quantile,0.975,0.00801555797807507
2026-09-19,wk inc covid prop ed visits,1,2026-09-26,04,quantile,0.99,0.008699540646108405
2026-09-19,wk inc covid prop ed visits,1,2026-09-26,05,quantile,0.01,0.001951295938050276
2026-09-19,wk inc covid prop ed visits,1,2026-09-26,05,quantile,0.025,0.0021912809408651947
2026-09-19,wk inc covid prop ed visits,1,2026-09-26,05,quantile,0.05,0.002415308804867771
2026-09-19,wk inc covid prop ed visits,1,2026-09-26,05,quantile,0.1,0.0027216786676910634
2026-09-19,wk inc covid prop ed visits,1,2026-09-26,05,quantile,0.15,0.002936899963670128
2026-09-19,wk inc covid prop ed visits,1,2026-09-26,05,quantile,0.2,0.0030973829412430137
2026-09-19,wk inc covid prop ed visits,1,2026-09-26,05,quantile,0.25,0.0032377016276528376
2026-09-19,wk inc covid prop ed visits,1,2026-09-26,05,quantile,0.3,0.003386145812743857
2026-09-19,wk inc covid prop ed visits,1,2026-09-26,05,quantile,0.35,0.003514360414197612
2026-09-19,wk inc covid prop ed visits,1,2026-09-26,05,quantile,0.4,0.003650201457752731
2026-09-19,wk inc covid prop ed visits,1,2026-09-26,05,quantile,0.45,0.0037813985136475005
2026-09-19,wk inc covid prop ed visits,1,2026-09-26,05,quantile,0.5,0.003913621216617281
2026-09-19,wk inc covid prop ed visits,1,2026-09-26,05,quantile,0.55,0.004052821099915079
2026-09-19,wk inc covid prop ed visits,1,2026-09-26,05,quantile,0.6,0.0041829231745084145
2026-09-19,wk inc covid prop ed visits,1,2026-09-26,05,quantile,0.65,0.00432398519244902
2026-09-19,wk inc covid prop ed visits,1,2026-09-26,05,quantile,0.7,0.004475659151354965
2026-09-19,wk inc covid prop ed visits,1,2026-09-26,05,quantile,0.75,0.00466075003572075
2026-09-19,wk inc covid prop ed visits,1,2026-09-26,05,quantile,0.8,0.004853217515337134
2026-09-19,wk inc covid prop ed visits,1,2026-09-26,05,quantile,0.85,0.005082203070788904
2026-09-19,wk inc covid prop ed visits,1,2026-09-26,05,quantile,0.9,0.005425194535875253
2026-09-19,wk inc covid prop ed visits,1,2026-09-26,05,quantile,0.95,0.0059373733453410875
2026-09-19,wk inc covid prop ed visits,1,2026-09-26,05,quantile,0.975,0.006429908664916922
2026-09-19,wk inc covid prop ed visits,1,2026-09-26,05,quantile,0.99,0.007125976482400379
2026-09-19,wk inc covid prop ed visits,1,2026-09-26,06,quantile,0.01,0.00388810731564685
2026-09-19,wk inc covid prop ed visits,1,2026-09-26,06,quantile,0.025,0.004302034436129582
2026-09-19,wk inc covid prop ed visits,1,2026-09-26,06,quantile,0.05,0.004683038777210706
2026-09-19,wk inc covid prop ed visits,1,2026-09-26,06,quantile,0.1,0.005162485275596395
2026-09-19,wk inc covid prop ed visits,1,2026-09-26,06,quantile,0.15,0.00547952640797424
2026-09-19,wk inc covid prop ed visits,1,2026-09-26,06,quantile,0.2,0.005725885761457309
2026-09-19,wk inc covid prop ed visits,1,2026-09-26,06,quantile,0.25,0.005945442438848489
2026-09-19,wk inc covid prop ed visits,1,2026-09-26,06,quantile,0.3,0.00615554335889935
2026-09-19,wk inc covid prop ed visits,1,2026-09-26,06,quantile,0.35,0.00638398213690696
2026-09-19,wk inc covid prop ed visits,1,2026-09-26,06,quantile,0.4,0.006586439675486919
2026-09-19,wk inc covid prop ed visits,1,2026-09-26,06,quantile,0.45,0.006802042781141247
2026-09-19,wk inc covid prop ed visits,1,2026-09-26,06,quantile,0.5,0.0070264513169858225
2026-09-19,wk inc covid prop ed visits,1,2026-09-26,06,quantile,0.55,0.007249252379445895
2026-09-19,wk inc covid prop ed visits,1,2026-09-26,06,quantile,0.6,0.00746554378169516
2026-09-19,wk inc covid prop ed visits,1,2026-09-26,06,quantile,0.65,0.007709383788342242
2026-09-19,wk inc covid prop ed visits,1,2026-09-26,06,quantile,0.7,0.007944889588451572
2026-09-19,wk inc covid prop ed visits,1,2026-09-26,06,quantile,0.75,0.008222236074877164
2026-09-19,wk inc covid prop ed visits,1,2026-09-26,06,quantile,0.8,0.008541292418675052
2026-09-19,wk inc covid prop ed visits,1,2026-09-26,06,quantile,0.85,0.008979372613354315
2026-09-19,wk inc covid prop ed visits,1,2026-09-26,06,quantile,0.9,0.009465311804100414
2026-09-19,wk inc covid prop ed visits,1,2026-09-26,06,quantile,0.95,0.010193602074337695
2026-09-19,wk inc covid prop ed visits,1,2026-09-26,06,quantile,0.975,0.011015594778579775
2026-09-19,wk inc covid prop ed visits,1,2026-09-26,06,quantile,0.99,0.0118998860715841
2026-09-19,wk inc covid prop ed visits,1,2026-09-26,08,quantile,0.01,9.047592978006056e-4
2026-09-19,wk inc covid prop ed visits,1,2026-09-26,08,quantile,0.025,0.0010564349032059338
2026-09-19,wk inc covid prop ed visits,1,2026-09-26,08,quantile,0.05,0.0011832269853050785
2026-09-19,wk inc covid prop ed visits,1,2026-09-26,08,quantile,0.1,0.0013408370831353644
2026-09-19,wk inc covid prop ed visits,1,2026-09-26,08,quantile,0.15,0.0014763907070159377
2026-09-19,wk inc covid prop ed visits,1,2026-09-26,08,quantile,0.2,0.001594854412892287
2026-09-19,wk inc covid prop ed visits,1,2026-09-26,08,quantile,0.25,0.001694578283084666
2026-09-19,wk inc covid prop ed visits,1,2026-09-26,08,quantile,0.3,0.0017759333832373144
2026-09-19,wk inc covid prop ed visits,1,2026-09-26,08,quantile,0.35,0.0018520872570275057
2026-09-19,wk inc covid prop ed visits,1,2026-09-26,08,quantile,0.4,0.0019379737339897574
2026-09-19,wk inc covid prop ed visits,1,2026-09-26,08,quantile,0.45,0.0020127588243366436
2026-09-19,wk inc covid prop ed visits,1,2026-09-26,08,quantile,0.5,0.002095896939215215
2026-09-19,wk inc covid prop ed visits,1,2026-09-26,08,quantile,0.55,0.00217513329882745
2026-09-19,wk inc covid prop ed visits,1,2026-09-26,08,quantile,0.6,0.0022634631701241364
2026-09-19,wk inc covid prop ed visits,1,2026-09-26,08,quantile,0.65,0.002362940705899091
2026-09-19,wk inc covid prop ed visits,1,2026-09-26,08,quantile,0.7,0.002464036333761954
2026-09-19,wk inc covid prop ed visits,1,2026-09-26,08,quantile,0.75,0.0025635365239939853
2026-09-19,wk inc covid prop ed visits,1,2026-09-26,08,quantile,0.8,0.0026982738038795486
2026-09-19,wk inc covid prop ed visits,1,2026-09-26,08,quantile,0.85,0.0028686978131066123
2026-09-19,wk inc covid prop ed visits,1,2026-09-26,08,quantile,0.9,0.0030804168074104925
2026-09-19,wk inc covid prop ed visits,1,2026-09-26,08,quantile,0.95,0.003407264991925801
2026-09-19,wk inc covid prop ed visits,1,2026-09-26,08,quantile,0.975,0.0036944160676379537
2026-09-19,wk inc covid prop ed visits,1,2026-09-26,08,quantile,0.99,0.00403724397902518
2026-09-19,wk inc covid prop ed visits,1,2026-09-26,09,quantile,0.01,0.0018619584833573352
2026-09-19,wk inc covid prop ed visits,1,2026-09-26,09,quantile,0.025,0.002092921016497516
2026-09-19,wk inc covid prop ed visits,1,2026-09-26,09,quantile,0.05,0.002312885589201271
2026-09-19,wk inc covid prop ed visits,1,2026-09-26,09,quantile,0.1,0.0025877530321351556
2026-09-19,wk inc covid prop ed visits,1,2026-09-26,09,quantile,0.15,0.0027971847335999155
2026-09-19,wk inc covid prop ed visits,1,2026-09-26,09,quantile,0.2,0.0029564342310366178
2026-09-19,wk inc covid prop ed visits,1,2026-09-26,09,quantile,0.25,0.0031128258972909295
2026-09-19,wk inc covid prop ed visits,1,2026-09-26,09,quantile,0.3,0.0032607866507405716
2026-09-19,wk inc covid prop ed visits,1,2026-09-26,09,quantile,0.35,0.0033961923874836924
2026-09-19,wk inc covid prop ed visits,1,2026-09-26,09,quantile,0.4,0.0035183546619828006
2026-09-19,wk inc covid prop ed visits,1,2026-09-26,09,quantile,0.45,0.003636931150883658
2026-09-19,wk inc covid prop ed visits,1,2026-09-26,09,quantile,0.5,0.0037569393893090433
2026-09-19,wk inc covid prop ed visits,1,2026-09-26,09,quantile,0.55,0.0038869140505563785
2026-09-19,wk inc covid prop ed visits,1,2026-09-26,09,quantile,0.6,0.004016607029394477
2026-09-19,wk inc covid prop ed visits,1,2026-09-26,09,quantile,0.65,0.0041679094072383585
2026-09-19,wk inc covid prop ed visits,1,2026-09-26,09,quantile,0.7,0.004330671375630542
2026-09-19,wk inc covid prop ed visits,1,2026-09-26,09,quantile,0.75,0.004490361625013596
2026-09-19,wk inc covid prop ed visits,1,2026-09-26,09,quantile,0.8,0.0046788984405096296
2026-09-19,wk inc covid prop ed visits,1,2026-09-26,09,quantile,0.85,0.004930853165923051
2026-09-19,wk inc covid prop ed visits,1,2026-09-26,09,quantile,0.9,0.0052310062070763524
2026-09-19,wk inc covid prop ed visits,1,2026-09-26,09,quantile,0.95,0.005775871443403532
2026-09-19,wk inc covid prop ed visits,1,2026-09-26,09,quantile,0.975,0.006201957259565743
2026-09-19,wk inc covid prop ed visits,1,2026-09-26,09,quantile,0.99,0.006769971623538285
2026-09-19,wk inc covid prop ed visits,1,2026-09-26,10,quantile,0.01,0.0014805435550185313
2026-09-19,wk inc covid prop ed visits,1,2026-09-26,10,quantile,0.025,0.0016694191980499698
2026-09-19,wk inc covid prop ed visits,1,2026-09-26,10,quantile,0.05,0.0018282289408956352
2026-09-19,wk inc covid prop ed visits,1,2026-09-26,10,quantile,0.1,0.002065676973541212
2026-09-19,wk inc covid prop ed visits,1,2026-09-26,10,quantile,0.15,0.002228776711603624
2026-09-19,wk inc covid prop ed visits,1,2026-09-26,10,quantile,0.2,0.0023657304849878697
2026-09-19,wk inc covid prop ed visits,1,2026-09-26,10,quantile,0.25,0.0024972064723641483
2026-09-19,wk inc covid prop ed visits,1,2026-09-26,10,quantile,0.3,0.0026180664030273945
2026-09-19,wk inc covid prop ed visits,1,2026-09-26,10,quantile,0.35,0.0027364543184798702
2026-09-19,wk inc covid prop ed visits,1,2026-09-26,10,quantile,0.4,0.0028465786550141716
2026-09-19,wk inc covid prop ed visits,1,2026-09-26,10,quantile,0.45,0.002956143555532527
2026-09-19,wk inc covid prop ed visits,1,2026-09-26,10,quantile,0.5,0.003071490383306008
2026-09-19,wk inc covid prop ed visits,1,2026-09-26,10,quantile,0.55,0.0031811907432323537
2026-09-19,wk inc covid prop ed visits,1,2026-09-26,10,quantile,0.6,0.003303580871065565
2026-09-19,wk inc covid prop ed visits,1,2026-09-26,10,quantile,0.65,0.0034273567198108315
2026-09-19,wk inc covid prop ed visits,1,2026-09-26,10,quantile,0.7,0.0035512480236480587
2026-09-19,wk inc covid prop ed visits,1,2026-09-26,10,quantile,0.75,0.003707089173886033
2026-09-19,wk inc covid prop ed visits,1,2026-09-26,10,quantile,0.8,0.0038787778600431672
2026-09-19,wk inc covid prop ed visits,1,2026-09-26,10,quantile,0.85,0.004084916936953676
2026-09-19,wk inc covid prop ed visits,1,2026-09-26,10,quantile,0.9,0.004388572675259096
2026-09-19,wk inc covid prop ed visits,1,2026-09-26,10,quantile,0.95,0.0048261420848083976
2026-09-19,wk inc covid prop ed visits,1,2026-09-26,10,quantile,0.975,0.005248284672640911
2026-09-19,wk inc covid prop ed visits,1,2026-09-26,10,quantile,0.99,0.005706518511054562
2026-09-19,wk inc covid prop ed visits,1,2026-09-26,11,quantile,0.01,6.383498413412723e-4
2026-09-19,wk inc covid prop ed visits,1,2026-09-26,11,quantile,0.025,7.888537100389433e-4
2026-09-19,wk inc covid prop ed visits,1,2026-09-26,11,quantile,0.05,8.869482444522111e-4
2026-09-19,wk inc covid prop ed visits,1,2026-09-26,11,quantile,0.1,0.001025151536471133
2026-09-19,wk inc covid prop ed visits,1,2026-09-26,11,quantile,0.15,0.0011264972117729227
2026-09-19,wk inc covid prop ed visits,1,2026-09-26,11,quantile,0.2,0.0012207324933338278
2026-09-19,wk inc covid prop ed visits,1,2026-09-26,11,quantile,0.25,0.0012963722779332732
2026-09-19,wk inc covid prop ed visits,1,2026-09-26,11,quantile,0.3,0.0013649029820770155
2026-09-19,wk inc covid prop ed visits,1,2026-09-26,11,quantile,0.35,0.001436716318017042
2026-09-19,wk inc covid prop ed visits,1,2026-09-26,11,quantile,0.4,0.0015064020797403272
2026-09-19,wk inc covid prop ed visits,1,2026-09-26,11,quantile,0.45,0.0015834402950842532
2026-09-19,wk inc covid prop ed visits,1,2026-09-26,11,quantile,0.5,0.001655641717753144
2026-09-19,wk inc covid prop ed visits,1,2026-09-26,11,quantile,0.55,0.0017278578683329866
2026-09-19,wk inc covid prop ed visits,1,2026-09-26,11,quantile,0.6,0.0018013095218183416
2026-09-19,wk inc covid prop ed visits,1,2026-09-26,11,quantile,0.65,0.0018705706864367393
2026-09-19,wk inc covid prop ed visits,1,2026-09-26,11,quantile,0.7,0.0019555662600905335
2026-09-19,wk inc covid prop ed visits,1,2026-09-26,11,quantile,0.75,0.0020528428040210173
2026-09-19,wk inc covid prop ed visits,1,2026-09-26,11,quantile,0.8,0.00215944651508498
2026-09-19,wk inc covid prop ed visits,1,2026-09-26,11,quantile,0.85,0.00228397783519337
2026-09-19,wk inc covid prop ed visits,1,2026-09-26,11,quantile,0.9,0.0024577206204077742
2026-09-19,wk inc covid prop ed visits,1,2026-09-26,11,quantile,0.95,0.0027180967723952772
2026-09-19,wk inc covid prop ed visits,1,2026-09-26,11,quantile,0.975,0.0029571531183250383
2026-09-19,wk inc covid prop ed visits,1,2026-09-26,11,quantile,0.99,0.0032869710396443703
2026-09-19,wk inc covid prop ed visits,1,2026-09-26,12,quantile,0.01,0.005037862956338908
2026-09-19,wk inc covid prop ed visits,1,2026-09-26,12,quantile,0.025,0.005497452855662955
2026-09-19,wk inc covid prop ed visits,1,2026-09-26,12,quantile,0.05,0.006004826909528351
2026-09-19,wk inc covid prop ed visits,1,2026-09-26,12,quantile,0.1,0.006565854184775778
2026-09-19,wk inc covid prop ed visits,1,2026-09-26,12,quantile,0.15,0.006972740163545281
2026-09-19,wk inc covid prop ed visits,1,2026-09-26,12,quantile,0.2,0.007326145536629676
2026-09-19,wk inc covid prop ed visits,1,2026-09-26,12,quantile,0.25,0.007640307387015691
2026-09-19,wk inc covid prop ed visits,1,2026-09-26,12,quantile,0.3,0.007936859937908165
2026-09-19,wk inc covid prop ed visits,1,2026-09-26,12,quantile,0.35,0.008205492069973057
2026-09-19,wk inc covid prop ed visits,1,2026-09-26,12,quantile,0.4,0.008462416143496103
2026-09-19,wk inc covid prop ed visits,1,2026-09-26,12,quantile,0.45,0.00870429539364281
2026-09-19,wk inc covid prop ed visits,1,2026-09-26,12,quantile,0.5,0.008959149927742948
2026-09-19,wk inc covid prop ed visits,1,2026-09-26,12,quantile,0.55,0.00920880851975388
2026-09-19,wk inc covid prop ed visits,1,2026-09-26,12,quantile,0.6,0.009494262450429341
2026-09-19,wk inc covid prop ed visits,1,2026-09-26,12,quantile,0.65,0.009800941364070974
2026-09-19,wk inc covid prop ed visits,1,2026-09-26,12,quantile,0.7,0.010138803255015011
2026-09-19,wk inc covid prop ed visits,1,2026-09-26,12,quantile,0.75,0.010500497460255848
2026-09-19,wk inc covid prop ed visits,1,2026-09-26,12,quantile,0.8,0.010887080703121528
2026-09-19,wk inc covid prop ed visits,1,2026-09-26,12,quantile,0.85,0.011393317649093855
2026-09-19,wk inc covid prop ed visits,1,2026-09-26,12,quantile,0.9,0.012051014198539635
2026-09-19,wk inc covid prop ed visits,1,2026-09-26,12,quantile,0.95,0.013106490140714628
2026-09-19,wk inc covid prop ed visits,1,2026-09-26,12,quantile,0.975,0.014212472193043132
2026-09-19,wk inc covid prop ed visits,1,2026-09-26,12,quantile,0.99,0.015364666776421298
2026-09-19,wk inc covid prop ed visits,1,2026-09-26,13,quantile,0.01,0.0027835454150536413
2026-09-19,wk inc covid prop ed visits,1,2026-09-26,13,quantile,0.025,0.003123789962345469
2026-09-19,wk inc covid prop ed visits,1,2026-09-26,13,quantile,0.05,0.003401485312774816
2026-09-19,wk inc covid prop ed visits,1,2026-09-26,13,quantile,0.1,0.003777068948327507
2026-09-19,wk inc covid prop ed visits,1,2026-09-26,13,quantile,0.15,0.004055412027458439
2026-09-19,wk inc covid prop ed visits,1,2026-09-26,13,quantile,0.2,0.004249823756623752
2026-09-19,wk inc covid prop ed visits,1,2026-09-26,13,quantile,0.25,0.00444007177948914
2026-09-19,wk inc covid prop ed visits,1,2026-09-26,13,quantile,0.3,0.0046147279830476735
2026-09-19,wk inc covid prop ed visits,1,2026-09-26,13,quantile,0.35,0.0047895721464054335
2026-09-19,wk inc covid prop ed visits,1,2026-09-26,13,quantile,0.4,0.004945346175290346
2026-09-19,wk inc covid prop ed visits,1,2026-09-26,13,quantile,0.45,0.005104079217574732
2026-09-19,wk inc covid prop ed visits,1,2026-09-26,13,quantile,0.5,0.005275703957259591
2026-09-19,wk inc covid prop ed visits,1,2026-09-26,13,quantile,0.55,0.005443668285474591
2026-09-19,wk inc covid prop ed visits,1,2026-09-26,13,quantile,0.6,0.005637022791014175
2026-09-19,wk inc covid prop ed visits,1,2026-09-26,13,quantile,0.65,0.005802878542521327
2026-09-19,wk inc covid prop ed visits,1,2026-09-26,13,quantile,0.7,0.006024885377915148
2026-09-19,wk inc covid prop ed visits,1,2026-09-26,13,quantile,0.75,0.006257342325506288
2026-09-19,wk inc covid prop ed visits,1,2026-09-26,13,quantile,0.8,0.006491117045969158
2026-09-19,wk inc covid prop ed visits,1,2026-09-26,13,quantile,0.85,0.00679285916619204
2026-09-19,wk inc covid prop ed visits,1,2026-09-26,13,quantile,0.9,0.007214445672942869
2026-09-19,wk inc covid prop ed visits,1,2026-09-26,13,quantile,0.95,0.007887549051498575
2026-09-19,wk inc covid prop ed visits,1,2026-09-26,13,quantile,0.975,0.008485109618941361
2026-09-19,wk inc covid prop ed visits,1,2026-09-26,13,quantile,0.99,0.009171029284736907
2026-09-19,wk inc covid prop ed visits,1,2026-09-26,15,quantile,0.01,0.007124040825770001
2026-09-19,wk inc covid prop ed visits,1,2026-09-26,15,quantile,0.025,0.007845116605739092
2026-09-19,wk inc covid prop ed visits,1,2026-09-26,15,quantile,0.05,0.008482392246997433
2026-09-19,wk inc covid prop ed visits,1,2026-09-26,15,quantile,0.1,0.009255506704224653
2026-09-19,wk inc covid prop ed visits,1,2026-09-26,15,quantile,0.15,0.009752149044435372
2026-09-19,wk inc covid prop ed visits,1,2026-09-26,15,quantile,0.2,0.01018916471002652
2026-09-19,wk inc covid prop ed visits,1,2026-09-26,15,quantile,0.25,0.010537219292274441
2026-09-19,wk inc covid prop ed visits,1,2026-09-26,15,quantile,0.3,0.010887353811348257
2026-09-19,wk inc covid prop ed visits,1,2026-09-26,15,quantile,0.35,0.011239773930980457
2026-09-19,wk inc covid prop ed visits,1,2026-09-26,15,quantile,0.4,0.011564373123748143
2026-09-19,wk inc covid prop ed visits,1,2026-09-26,15,quantile,0.45,0.011911194549810017
2026-09-19,wk inc covid prop ed visits,1,2026-09-26,15,quantile,0.5,0.012241305938974954
2026-09-19,wk inc covid prop ed visits,1,2026-09-26,15,quantile,0.55,0.01258631253071259
2026-09-19,wk inc covid prop ed visits,1,2026-09-26,15,quantile,0.6,0.01298874263026122
2026-09-19,wk inc covid prop ed visits,1,2026-09-26,15,quantile,0.65,0.013368427795430016
2026-09-19,wk inc covid prop ed visits,1,2026-09-26,15,quantile,0.7,0.013780896492905367
2026-09-19,wk inc covid prop ed visits,1,2026-09-26,15,quantile,0.75,0.014207135369440073
2026-09-19,wk inc covid prop ed visits,1,2026-09-26,15,quantile,0.8,0.014673978772554835
2026-09-19,wk inc covid prop ed visits,1,2026-09-26,15,quantile,0.85,0.015375402052411427
2026-09-19,wk inc covid prop ed visits,1,2026-09-26,15,quantile,0.9,0.016216052594920344
2026-09-19,wk inc covid prop ed visits,1,2026-09-26,15,quantile,0.95,0.017536244258813078
2026-09-19,wk inc covid prop ed visits,1,2026-09-26,15,quantile,0.975,0.01863509939296907
2026-09-19,wk inc covid prop ed visits,1,2026-09-26,15,quantile,0.99,0.02014056463721283
2026-09-19,wk inc covid prop ed visits,1,2026-09-26,16,quantile,0.01,0.0019308693808150798
2026-09-19,wk inc covid prop ed visits,1,2026-09-26,16,quantile,0.025,0.0021621204077079035
2026-09-19,wk inc covid prop ed visits,1,2026-09-26,16,quantile,0.05,0.0023683852752687997
2026-09-19,wk inc covid prop ed visits,1,2026-09-26,16,quantile,0.1,0.002644247121322638
2026-09-19,wk inc covid prop ed visits,1,2026-09-26,16,quantile,0.15,0.002847642144474437
2026-09-19,wk inc covid prop ed visits,1,2026-09-26,16,quantile,0.2,0.0030130863270248663
2026-09-19,wk inc covid prop ed visits,1,2026-09-26,16,quantile,0.25,0.0031629611192705875
2026-09-19,wk inc covid prop ed visits,1,2026-09-26,16,quantile,0.3,0.0033071805715824305
2026-09-19,wk inc covid prop ed visits,1,2026-09-26,16,quantile,0.35,0.003453567246148141
2026-09-19,wk inc covid prop ed visits,1,2026-09-26,16,quantile,0.4,0.0035880957896597026
2026-09-19,wk inc covid prop ed visits,1,2026-09-26,16,quantile,0.45,0.0037151689664646622
2026-09-19,wk inc covid prop ed visits,1,2026-09-26,16,quantile,0.5,0.003846567358893355
2026-09-19,wk inc covid prop ed visits,1,2026-09-26,16,quantile,0.55,0.0039687105884666524
2026-09-19,wk inc covid prop ed visits,1,2026-09-26,16,quantile,0.6,0.004104586123339129
2026-09-19,wk inc covid prop ed visits,1,2026-09-26,16,quantile,0.65,0.004263641446897431
2026-09-19,wk inc covid prop ed visits,1,2026-09-26,16,quantile,0.7,0.004438530229978219
2026-09-19,wk inc covid prop ed visits,1,2026-09-26,16,quantile,0.75,0.004630229494620705
2026-09-19,wk inc covid prop ed visits,1,2026-09-26,16,quantile,0.8,0.004834883378473947
2026-09-19,wk inc covid prop ed visits,1,2026-09-26,16,quantile,0.85,0.005082680842354138
2026-09-19,wk inc covid prop ed visits,1,2026-09-26,16,quantile,0.9,0.005444396860106982
2026-09-19,wk inc covid prop ed visits,1,2026-09-26,16,quantile,0.95,0.005937439411798283
2026-09-19,wk inc covid prop ed visits,1,2026-09-26,16,quantile,0.975,0.0063609161701934465
2026-09-19,wk inc covid prop ed visits,1,2026-09-26,16,quantile,0.99,0.006973686818844331
2026-09-19,wk inc covid prop ed visits,1,2026-09-26,17,quantile,0.01,8.391818701383528e-4
2026-09-19,wk inc covid prop ed visits,1,2026-09-26,17,quantile,0.025,9.663034404046553e-4
2026-09-19,wk inc covid prop ed visits,1,2026-09-26,17,quantile,0.05,0.0011184580586389317
2026-09-19,wk inc covid prop ed visits,1,2026-09-26,17,quantile,0.1,0.001261913224025356
2026-09-19,wk inc covid prop ed visits,1,2026-09-26,17,quantile,0.15,0.0013852056575445611
2026-09-19,wk inc covid prop ed visits,1,2026-09-26,17,quantile,0.2,0.0014804011927633978
2026-09-19,wk inc covid prop ed visits,1,2026-09-26,17,quantile,0.25,0.0015618098610325156
2026-09-19,wk inc covid prop ed visits,1,2026-09-26,17,quantile,0.3,0.0016549487862506408
2026-09-19,wk inc covid prop ed visits,1,2026-09-26,17,quantile,0.35,0.0017337853212564124
2026-09-19,wk inc covid prop ed visits,1,2026-09-26,17,quantile,0.4,0.0018179048770495046
2026-09-19,wk inc covid prop ed visits,1,2026-09-26,17,quantile,0.45,0.0018988671245701956
2026-09-19,wk inc covid prop ed visits,1,2026-09-26,17,quantile,0.5,0.0019781908039567487
2026-09-19,wk inc covid prop ed visits,1,2026-09-26,17,quantile,0.55,0.0020539322575139772
2026-09-19,wk inc covid prop ed visits,1,2026-09-26,17,quantile,0.6,0.0021336068785572848
2026-09-19,wk inc covid prop ed visits,1,2026-09-26,17,quantile,0.65,0.0022228867016161596
2026-09-19,wk inc covid prop ed visits,1,2026-09-26,17,quantile,0.7,0.0023177328772448712
2026-09-19,wk inc covid prop ed visits,1,2026-09-26,17,quantile,0.75,0.0024207759516264873
2026-09-19,wk inc covid prop ed visits,1,2026-09-26,17,quantile,0.8,0.002533846751621954
2026-09-19,wk inc covid prop ed visits,1,2026-09-26,17,quantile,0.85,0.0026806968297552413
2026-09-19,wk inc covid prop ed visits,1,2026-09-26,17,quantile,0.9,0.0028742024373208724
2026-09-19,wk inc covid prop ed visits,1,2026-09-26,17,quantile,0.95,0.0031757521301769326
2026-09-19,wk inc covid prop ed visits,1,2026-09-26,17,quantile,0.975,0.0034235778391058075
2026-09-19,wk inc covid prop ed visits,1,2026-09-26,17,quantile,0.99,0.0037570128816575817
2026-09-19,wk inc covid prop ed visits,1,2026-09-26,18,quantile,0.01,7.089087697023982e-4
2026-09-19,wk inc covid prop ed visits,1,2026-09-26,18,quantile,0.025,8.138709172404099e-4
2026-09-19,wk inc covid prop ed visits,1,2026-09-26,18,quantile,0.05,9.299116971839206e-4
2026-09-19,wk inc covid prop ed visits,1,2026-09-26,18,quantile,0.1,0.0010569063429892705
2026-09-19,wk inc covid prop ed visits,1,2026-09-26,18,quantile,0.15,0.001166688551961324
2026-09-19,wk inc covid prop ed visits,1,2026-09-26,18,quantile,0.2,0.0012485202194786181
2026-09-19,wk inc covid prop ed visits,1,2026-09-26,18,quantile,0.25,0.00132721326363997
2026-09-19,wk inc covid prop ed visits,1,2026-09-26,18,quantile,0.3,0.0014014594295871474
2026-09-19,wk inc covid prop ed visits,1,2026-09-26,18,quantile,0.35,0.001466958933255642
2026-09-19,wk inc covid prop ed visits,1,2026-09-26,18,quantile,0.4,0.0015348234677847602
2026-09-19,wk inc covid prop ed visits,1,2026-09-26,18,quantile,0.45,0.0016055822920351347
2026-09-19,wk inc covid prop ed visits,1,2026-09-26,18,quantile,0.5,0.0016814291623588648
2026-09-19,wk inc covid prop ed visits,1,2026-09-26,18,quantile,0.55,0.0017530544445737647
2026-09-19,wk inc covid prop ed visits,1,2026-09-26,18,quantile,0.6,0.0018225718535639555
2026-09-19,wk inc covid prop ed visits,1,2026-09-26,18,quantile,0.65,0.0019029679862046039
2026-09-19,wk inc covid prop ed visits,1,2026-09-26,18,quantile,0.7,0.001989691177782197
2026-09-19,wk inc covid prop ed visits,1,2026-09-26,18,quantile,0.75,0.0020754303661664154
2026-09-19,wk inc covid prop ed visits,1,2026-09-26,18,quantile,0.8,0.0021802214604786673
2026-09-19,wk inc covid prop ed visits,1,2026-09-26,18,quantile,0.85,0.0023058574943450694
2026-09-19,wk inc covid prop ed visits,1,2026-09-26,18,quantile,0.9,0.0024694120188619327
2026-09-19,wk inc covid prop ed visits,1,2026-09-26,18,quantile,0.95,0.0027315095034180885
2026-09-19,wk inc covid prop ed visits,1,2026-09-26,18,quantile,0.975,0.002997408326060375
2026-09-19,wk inc covid prop ed visits,1,2026-09-26,18,quantile,0.99,0.003293040440398612
2026-09-19,wk inc covid prop ed visits,1,2026-09-26,19,quantile,0.01,5.873150497896876e-4
2026-09-19,wk inc covid prop ed visits,1,2026-09-26,19,quantile,0.025,7.046006876208885e-4
2026-09-19,wk inc covid prop ed visits,1,2026-09-26,19,quantile,0.05,8.03195640461676e-4
2026-09-19,wk inc covid prop ed visits,1,2026-09-26,19,quantile,0.1,9.465297544181058e-4
2026-09-19,wk inc covid prop ed visits,1,2026-09-26,19,quantile,0.15,0.0010511546218758218
2026-09-19,wk inc covid prop ed visits,1,2026-09-26,19,quantile,0.2,0.0011350365683907243
2026-09-19,wk inc covid prop ed visits,1,2026-09-26,19,quantile,0.25,0.0012156574284521923
2026-09-19,wk inc covid prop ed visits,1,2026-09-26,19,quantile,0.3,0.0012864427896100944
2026-09-19,wk inc covid prop ed visits,1,2026-09-26,19,quantile,0.35,0.0013534318928221478
2026-09-19,wk inc covid prop ed visits,1,2026-09-26,19,quantile,0.4,0.0014253675975654336
2026-09-19,wk inc covid prop ed visits,1,2026-09-26,19,quantile,0.45,0.0014907096323678259
2026-09-19,wk inc covid prop ed visits,1,2026-09-26,19,quantile,0.5,0.0015602294187965094
2026-09-19,wk inc covid prop ed visits,1,2026-09-26,19,quantile,0.55,0.0016257850913545967
2026-09-19,wk inc covid prop ed visits,1,2026-09-26,19,quantile,0.6,0.0016966239871533649
2026-09-19,wk inc covid prop ed visits,1,2026-09-26,19,quantile,0.65,0.0017706551821251753
2026-09-19,wk inc covid prop ed visits,1,2026-09-26,19,quantile,0.7,0.00185063489686725
2026-09-19,wk inc covid prop ed visits,1,2026-09-26,19,quantile,0.75,0.0019458172262439301
2026-09-19,wk inc covid prop ed visits,1,2026-09-26,19,quantile,0.8,0.0020498337649316567
2026-09-19,wk inc covid prop ed visits,1,2026-09-26,19,quantile,0.85,0.002167406735463172
2026-09-19,wk inc covid prop ed visits,1,2026-09-26,19,quantile,0.9,0.002343408959496731
2026-09-19,wk inc covid prop ed visits,1,2026-09-26,19,quantile,0.95,0.0026033187604666283
2026-09-19,wk inc covid prop ed visits,1,2026-09-26,19,quantile,0.975,0.0028597649727810713
2026-09-19,wk inc covid prop ed visits,1,2026-09-26,19,quantile,0.99,0.0031790228885610395
2026-09-19,wk inc covid prop ed visits,1,2026-09-26,20,quantile,0.01,6.906641924502102e-4
2026-09-19,wk inc covid prop ed visits,1,2026-09-26,20,quantile,0.025,8.314177604435729e-4
2026-09-19,wk inc covid prop ed visits,1,2026-09-26,20,quantile,0.05,9.553037278956988e-4
2026-09-19,wk inc covid prop ed visits,1,2026-09-26,20,quantile,0.1,0.0011004262866936318
2026-09-19,wk inc covid prop ed visits,1,2026-09-26,20,quantile,0.15,0.0011977568246587746
2026-09-19,wk inc covid prop ed visits,1,2026-09-26,20,quantile,0.2,0.0012889484041878315
2026-09-19,wk inc covid prop ed visits,1,2026-09-26,20,quantile,0.25,0.0013706998901796396
2026-09-19,wk inc covid prop ed visits,1,2026-09-26,20,quantile,0.3,0.0014514759062228015
2026-09-19,wk inc covid prop ed visits,1,2026-09-26,20,quantile,0.35,0.0015254934722899328
2026-09-19,wk inc covid prop ed visits,1,2026-09-26,20,quantile,0.4,0.0015914930915060725
2026-09-19,wk inc covid prop ed visits,1,2026-09-26,20,quantile,0.45,0.0016675794532031532
2026-09-19,wk inc covid prop ed visits,1,2026-09-26,20,quantile,0.5,0.0017406470915073897
2026-09-19,wk inc covid prop ed visits,1,2026-09-26,20,quantile,0.55,0.00180972782612908
2026-09-19,wk inc covid prop ed visits,1,2026-09-26,20,quantile,0.6,0.001883074980546461
2026-09-19,wk inc covid prop ed visits,1,2026-09-26,20,quantile,0.65,0.0019558226942255675
2026-09-19,wk inc covid prop ed visits,1,2026-09-26,20,quantile,0.7,0.002047139217852056
2026-09-19,wk inc covid prop ed visits,1,2026-09-26,20,quantile,0.75,0.002147049616830208
2026-09-19,wk inc covid prop ed visits,1,2026-09-26,20,quantile,0.8,0.002260740324383836
2026-09-19,wk inc covid prop ed visits,1,2026-09-26,20,quantile,0.85,0.0023915040212325713
2026-09-19,wk inc covid prop ed visits,1,2026-09-26,20,quantile,0.9,0.0025920931174782
2026-09-19,wk inc covid prop ed visits,1,2026-09-26,20,quantile,0.95,0.0028649453956916854
2026-09-19,wk inc covid prop ed visits,1,2026-09-26,20,quantile,0.975,0.003120980393539165
2026-09-19,wk inc covid prop ed visits,1,2026-09-26,20,quantile,0.99,0.003414913643541685
2026-09-19,wk inc covid prop ed visits,1,2026-09-26,21,quantile,0.01,0.0014192538961770335
2026-09-19,wk inc covid prop ed visits,1,2026-09-26,21,quantile,0.025,0.0016473606863448922
2026-09-19,wk inc covid prop ed visits,1,2026-09-26,21,quantile,0.05,0.0018141736764388022
2026-09-19,wk inc covid prop ed visits,1,2026-09-26,21,quantile,0.1,0.002029328523281668
2026-09-19,wk inc covid prop ed visits,1,2026-09-26,21,quantile,0.15,0.002180905562603024
2026-09-19,wk inc covid prop ed visits,1,2026-09-26,21,quantile,0.2,0.0023161369452721916
2026-09-19,wk inc covid prop ed visits,1,2026-09-26,21,quantile,0.25,0.002429666055098527
2026-09-19,wk inc covid prop ed visits,1,2026-09-26,21,quantile,0.3,0.002537657455686058
2026-09-19,wk inc covid prop ed visits,1,2026-09-26,21,quantile,0.35,0.002648891251624767
2026-09-19,wk inc covid prop ed visits,1,2026-09-26,21,quantile,0.4,0.0027467329898859397
2026-09-19,wk inc covid prop ed visits,1,2026-09-26,21,quantile,0.45,0.0028528927957343466
2026-09-19,wk inc covid prop ed visits,1,2026-09-26,21,quantile,0.5,0.0029433874477022793
2026-09-19,wk inc covid prop ed visits,1,2026-09-26,21,quantile,0.55,0.003049308276288435
2026-09-19,wk inc covid prop ed visits,1,2026-09-26,21,quantile,0.6,0.0031546654890085117
2026-09-19,wk inc covid prop ed visits,1,2026-09-26,21,quantile,0.65,0.0032867111547815555
2026-09-19,wk inc covid prop ed visits,1,2026-09-26,21,quantile,0.7,0.0034157803723898436
2026-09-19,wk inc covid prop ed visits,1,2026-09-26,21,quantile,0.75,0.0035573524048702647
2026-09-19,wk inc covid prop ed visits,1,2026-09-26,21,quantile,0.8,0.0037330937720128814
2026-09-19,wk inc covid prop ed visits,1,2026-09-26,21,quantile,0.85,0.003957333142383797
2026-09-19,wk inc covid prop ed visits,1,2026-09-26,21,quantile,0.9,0.004216664188426522
2026-09-19,wk inc covid prop ed visits,1,2026-09-26,21,quantile,0.95,0.004596026627379326
2026-09-19,wk inc covid prop ed visits,1,2026-09-26,21,quantile,0.975,0.004983603683744073
2026-09-19,wk inc covid prop ed visits,1,2026-09-26,21,quantile,0.99,0.0054914747906530895
2026-09-19,wk inc covid prop ed visits,1,2026-09-26,22,quantile,0.01,0.005276842317929716
2026-09-19,wk inc covid prop ed visits,1,2026-09-26,22,quantile,0.025,0.005843821778430345
2026-09-19,wk inc covid prop ed visits,1,2026-09-26,22,quantile,0.05,0.006343512538922793
2026-09-19,wk inc covid prop ed visits,1,2026-09-26,22,quantile,0.1,0.0069268114970577905
2026-09-19,wk inc covid prop ed visits,1,2026-09-26,22,quantile,0.15,0.0073466998384192714
2026-09-19,wk inc covid prop ed visits,1,2026-09-26,22,quantile,0.2,0.007711821280842013
2026-09-19,wk inc covid prop ed visits,1,2026-09-26,22,quantile,0.25,0.008043005767810883
2026-09-19,wk inc covid prop ed visits,1,2026-09-26,22,quantile,0.3,0.008317799209900952
2026-09-19,wk inc covid prop ed visits,1,2026-09-26,22,quantile,0.35,0.00856945692898203
2026-09-19,wk inc covid prop ed visits,1,2026-09-26,22,quantile,0.4,0.008820948748819253
2026-09-19,wk inc covid prop ed visits,1,2026-09-26,22,quantile,0.45,0.00909694275433759
2026-09-19,wk inc covid prop ed visits,1,2026-09-26,22,quantile,0.5,0.009368783658012463
2026-09-19,wk inc covid prop ed visits,1,2026-09-26,22,quantile,0.55,0.009626586674761253
2026-09-19,wk inc covid prop ed visits,1,2026-09-26,22,quantile,0.6,0.009868317134889674
2026-09-19,wk inc covid prop ed visits,1,2026-09-26,22,quantile,0.65,0.010192896816768233
2026-09-19,wk inc covid prop ed visits,1,2026-09-26,22,quantile,0.7,0.010530104546126594
2026-09-19,wk inc covid prop ed visits,1,2026-09-26,22,quantile,0.75,0.010875477705574232
2026-09-19,wk inc covid prop ed visits,1,2026-09-26,22,quantile,0.8,0.011343684252074781
2026-09-19,wk inc covid prop ed visits,1,2026-09-26,22,quantile,0.85,0.011863893370992784
2026-09-19,wk inc covid prop ed visits,1,2026-09-26,22,quantile,0.9,0.01259002527202824
2026-09-19,wk inc covid prop ed visits,1,2026-09-26,22,quantile,0.95,0.013625359174484557
2026-09-19,wk inc covid prop ed visits,1,2026-09-26,22,quantile,0.975,0.014596603338427711
2026-09-19,wk inc covid prop ed visits,1,2026-09-26,22,quantile,0.99,0.015730384876655575
2026-09-19,wk inc covid prop ed visits,1,2026-09-26,23,quantile,0.01,2.789181019449104e-4
2026-09-19,wk inc covid prop ed visits,1,2026-09-26,23,quantile,0.025,3.471423185018746e-4
2026-09-19,wk inc covid prop ed visits,1,2026-09-26,23,quantile,0.05,4.0557487860245345e-4
2026-09-19,wk inc covid prop ed visits,1,2026-09-26,23,quantile,0.1,4.8644419743760304e-4
2026-09-19,wk inc covid prop ed visits,1,2026-09-26,23,quantile,0.15,5.53267444175571e-4
2026-09-19,wk inc covid prop ed visits,1,2026-09-26,23,quantile,0.2,6.061489244000311e-4
2026-09-19,wk inc covid prop ed visits,1,2026-09-26,23,quantile,0.25,6.535375251319293e-4
2026-09-19,wk inc covid prop ed visits,1,2026-09-26,23,quantile,0.3,6.961325840350587e-4
2026-09-19,wk inc covid prop ed visits,1,2026-09-26,23,quantile,0.35,7.396198090575516e-4
2026-09-19,wk inc covid prop ed visits,1,2026-09-26,23,quantile,0.4,7.827059718396843e-4
2026-09-19,wk inc covid prop ed visits,1,2026-09-26,23,quantile,0.45,8.261572354374366e-4
2026-09-19,wk inc covid prop ed visits,1,2026-09-26,23,quantile,0.5,8.716320714672411e-4
2026-09-19,wk inc covid prop ed visits,1,2026-09-26,23,quantile,0.55,9.162414191011123e-4
2026-09-19,wk inc covid prop ed visits,1,2026-09-26,23,quantile,0.6,9.616064436999505e-4
2026-09-19,wk inc covid prop ed visits,1,2026-09-26,23,quantile,0.65,0.0010109787489054095
2026-09-19,wk inc covid prop ed visits,1,2026-09-26,23,quantile,0.7,0.0010711364868549716
2026-09-19,wk inc covid prop ed visits,1,2026-09-26,23,quantile,0.75,0.0011418107263592794
2026-09-19,wk inc covid prop ed visits,1,2026-09-26,23,quantile,0.8,0.0012174872398145239
2026-09-19,wk inc covid prop ed visits,1,2026-09-26,23,quantile,0.85,0.0013170755635298669
2026-09-19,wk inc covid prop ed visits,1,2026-09-26,23,quantile,0.9,0.0014498218927463057
2026-09-19,wk inc covid prop ed visits,1,2026-09-26,23,quantile,0.95,0.0016226349825331154
2026-09-19,wk inc covid prop ed visits,1,2026-09-26,23,quantile,0.975,0.0018117428350010064
2026-09-19,wk inc covid prop ed visits,1,2026-09-26,23,quantile,0.99,0.002051375333107359
2026-09-19,wk inc covid prop ed visits,1,2026-09-26,24,quantile,0.01,0.0012927157514882137
2026-09-19,wk inc covid prop ed visits,1,2026-09-26,24,quantile,0.025,0.001452741872279192
2026-09-19,wk inc covid prop ed visits,1,2026-09-26,24,quantile,0.05,0.0016486562314304391
2026-09-19,wk inc covid prop ed visits,1,2026-09-26,24,quantile,0.1,0.0018874686417434375
2026-09-19,wk inc covid prop ed visits,1,2026-09-26,24,quantile,0.15,0.0020491826752637708
2026-09-19,wk inc covid prop ed visits,1,2026-09-26,24,quantile,0.2,0.002186856522341724
2026-09-19,wk inc covid prop ed visits,1,2026-09-26,24,quantile,0.25,0.0022935549149581025
2026-09-19,wk inc covid prop ed visits,1,2026-09-26,24,quantile,0.3,0.002407088898039394
2026-09-19,wk inc covid prop ed visits,1,2026-09-26,24,quantile,0.35,0.0025093651003494154
2026-09-19,wk inc covid prop ed visits,1,2026-09-26,24,quantile,0.4,0.0026113986393172675
2026-09-19,wk inc covid prop ed visits,1,2026-09-26,24,quantile,0.45,0.002722032281186479
2026-09-19,wk inc covid prop ed visits,1,2026-09-26,24,quantile,0.5,0.002828408829208575
2026-09-19,wk inc covid prop ed visits,1,2026-09-26,24,quantile,0.55,0.0029399059692106354
2026-09-19,wk inc covid prop ed visits,1,2026-09-26,24,quantile,0.6,0.0030437065177309304
2026-09-19,wk inc covid prop ed visits,1,2026-09-26,24,quantile,0.65,0.0031547178739680564
2026-09-19,wk inc covid prop ed visits,1,2026-09-26,24,quantile,0.7,0.0032872323927828325
2026-09-19,wk inc covid prop ed visits,1,2026-09-26,24,quantile,0.75,0.003425189615336449
2026-09-19,wk inc covid prop ed visits,1,2026-09-26,24,quantile,0.8,0.0035895332666422025
2026-09-19,wk inc covid prop ed visits,1,2026-09-26,24,quantile,0.85,0.0037758423472281527
2026-09-19,wk inc covid prop ed visits,1,2026-09-26,24,quantile,0.9,0.004020941386669289
2026-09-19,wk inc covid prop ed visits,1,2026-09-26,24,quantile,0.95,0.004437064955302053
2026-09-19,wk inc covid prop ed visits,1,2026-09-26,24,quantile,0.975,0.004765243759878848
2026-09-19,wk inc covid prop ed visits,1,2026-09-26,24,quantile,0.99,0.005207915908517255
2026-09-19,wk inc covid prop ed visits,1,2026-09-26,25,quantile,0.01,9.540240475350107e-4
2026-09-19,wk inc covid prop ed visits,1,2026-09-26,25,quantile,0.025,0.0011023554892581346
2026-09-19,wk inc covid prop ed visits,1,2026-09-26,25,quantile,0.05,0.00126027253319805
2026-09-19,wk inc covid prop ed visits,1,2026-09-26,25,quantile,0.1,0.00144963710882768
2026-09-19,wk inc covid prop ed visits,1,2026-09-26,25,quantile,0.15,0.0015837943623093443
2026-09-19,wk inc covid prop ed visits,1,2026-09-26,25,quantile,0.2,0.0016876220169359457
2026-09-19,wk inc covid prop ed visits,1,2026-09-26,25,quantile,0.25,0.0017850942123759184
2026-09-19,wk inc covid prop ed visits,1,2026-09-26,25,quantile,0.3,0.001874957159361492
2026-09-19,wk inc covid prop ed visits,1,2026-09-26,25,quantile,0.35,0.0019567481453395355
2026-09-19,wk inc covid prop ed visits,1,2026-09-26,25,quantile,0.4,0.002036286308886632
2026-09-19,wk inc covid prop ed visits,1,2026-09-26,25,quantile,0.45,0.0021231959145092735
2026-09-19,wk inc covid prop ed visits,1,2026-09-26,25,quantile,0.5,0.0022031709796215162
2026-09-19,wk inc covid prop ed visits,1,2026-09-26,25,quantile,0.55,0.0022957180018422473
2026-09-19,wk inc covid prop ed visits,1,2026-09-26,25,quantile,0.6,0.0023893673256837602
2026-09-19,wk inc covid prop ed visits,1,2026-09-26,25,quantile,0.65,0.002488255263479683
2026-09-19,wk inc covid prop ed visits,1,2026-09-26,25,quantile,0.7,0.0025905581434205478
2026-09-19,wk inc covid prop ed visits,1,2026-09-26,25,quantile,0.75,0.0027029299070907634
2026-09-19,wk inc covid prop ed visits,1,2026-09-26,25,quantile,0.8,0.0028467780547489336
2026-09-19,wk inc covid prop ed visits,1,2026-09-26,25,quantile,0.85,0.003010187784345547
2026-09-19,wk inc covid prop ed visits,1,2026-09-26,25,quantile,0.9,0.003205816905935773
2026-09-19,wk inc covid prop ed visits,1,2026-09-26,25,quantile,0.95,0.0035630023893191073
2026-09-19,wk inc covid prop ed visits,1,2026-09-26,25,quantile,0.975,0.003940585830965811
2026-09-19,wk inc covid prop ed visits,1,2026-09-26,25,quantile,0.99,0.004386155425140599
2026-09-19,wk inc covid prop ed visits,1,2026-09-26,26,quantile,0.01,5.425525010551177e-4
2026-09-19,wk inc covid prop ed visits,1,2026-09-26,26,quantile,0.025,6.247984896147012e-4
2026-09-19,wk inc covid prop ed visits,1,2026-09-26,26,quantile,0.05,7.109998667887327e-4
2026-09-19,wk inc covid prop ed visits,1,2026-09-26,26,quantile,0.1,8.364207043267862e-4
2026-09-19,wk inc covid prop ed visits,1,2026-09-26,26,quantile,0.15,9.233223385670046e-4
2026-09-19,wk inc covid prop ed visits,1,2026-09-26,26,quantile,0.2,9.919238070325363e-4
2026-09-19,wk inc covid prop ed visits,1,2026-09-26,26,quantile,0.25,0.001059161517866039
2026-09-19,wk inc covid prop ed visits,1,2026-09-26,26,quantile,0.3,0.0011246117112624107
2026-09-19,wk inc covid prop ed visits,1,2026-09-26,26,quantile,0.35,0.0011872815827634446
2026-09-19,wk inc covid prop ed visits,1,2026-09-26,26,quantile,0.4,0.0012444981741929623
2026-09-19,wk inc covid prop ed visits,1,2026-09-26,26,quantile,0.45,0.0013001123397583616
2026-09-19,wk inc covid prop ed visits,1,2026-09-26,26,quantile,0.5,0.0013561233717692364
2026-09-19,wk inc covid prop ed visits,1,2026-09-26,26,quantile,0.55,0.0014220359780862221
2026-09-19,wk inc covid prop ed visits,1,2026-09-26,26,quantile,0.6,0.0014850334778032694
2026-09-19,wk inc covid prop ed visits,1,2026-09-26,26,quantile,0.65,0.0015536506631412077
2026-09-19,wk inc covid prop ed visits,1,2026-09-26,26,quantile,0.7,0.0016210125798672662
2026-09-19,wk inc covid prop ed visits,1,2026-09-26,26,quantile,0.75,0.0017084270813169425
2026-09-19,wk inc covid prop ed visits,1,2026-09-26,26,quantile,0.8,0.0017936961726184044
2026-09-19,wk inc covid prop ed visits,1,2026-09-26,26,quantile,0.85,0.0019027626992836558
2026-09-19,wk inc covid prop ed visits,1,2026-09-26,26,quantile,0.9,0.0020531952796012678
2026-09-19,wk inc covid prop ed visits,1,2026-09-26,26,quantile,0.95,0.002300942281190964
2026-09-19,wk inc covid prop ed visits,1,2026-09-26,26,quantile,0.975,0.0025282275057116636
2026-09-19,wk inc covid prop ed visits,1,2026-09-26,26,quantile,0.99,0.002793037749799802
2026-09-19,wk inc covid prop ed visits,1,2026-09-26,27,quantile,0.01,8.407352271413258e-4
2026-09-19,wk inc covid prop ed visits,1,2026-09-26,27,quantile,0.025,9.749862333174655e-4
2026-09-19,wk inc covid prop ed visits,1,2026-09-26,27,quantile,0.05,0.0010859911121564726
2026-09-19,wk inc covid prop ed visits,1,2026-09-26,27,quantile,0.1,0.0012556303258258123
2026-09-19,wk inc covid prop ed visits,1,2026-09-26,27,quantile,0.15,0.0013796648342143285
2026-09-19,wk inc covid prop ed visits,1,2026-09-26,27,quantile,0.2,0.0014731674326357307
2026-09-19,wk inc covid prop ed visits,1,2026-09-26,27,quantile,0.25,0.0015575059675454936
2026-09-19,wk inc covid prop ed visits,1,2026-09-26,27,quantile,0.3,0.0016376411344114386
2026-09-19,wk inc covid prop ed visits,1,2026-09-26,27,quantile,0.35,0.00171400394747579
2026-09-19,wk inc covid prop ed visits,1,2026-09-26,27,quantile,0.4,0.001793903796214566
2026-09-19,wk inc covid prop ed visits,1,2026-09-26,27,quantile,0.45,0.0018729185726822117
2026-09-19,wk inc covid prop ed visits,1,2026-09-26,27,quantile,0.5,0.0019545002216911594
2026-09-19,wk inc covid prop ed visits,1,2026-09-26,27,quantile,0.55,0.00203450595425906
2026-09-19,wk inc covid prop ed visits,1,2026-09-26,27,quantile,0.6,0.0021133380502695066
2026-09-19,wk inc covid prop ed visits,1,2026-09-26,27,quantile,0.65,0.0021992785748180346
2026-09-19,wk inc covid prop ed visits,1,2026-09-26,27,quantile,0.7,0.002290607371090711
2026-09-19,wk inc covid prop ed visits,1,2026-09-26,27,quantile,0.75,0.002401175975492095
2026-09-19,wk inc covid prop ed visits,1,2026-09-26,27,quantile,0.8,0.002513002694357173
2026-09-19,wk inc covid prop ed visits,1,2026-09-26,27,quantile,0.85,0.002659819053519429
2026-09-19,wk inc covid prop ed visits,1,2026-09-26,27,quantile,0.9,0.002853935929720436
2026-09-19,wk inc covid prop ed visits,1,2026-09-26,27,quantile,0.95,0.0031650062641114616
2026-09-19,wk inc covid prop ed visits,1,2026-09-26,27,quantile,0.975,0.0034289049233476787
2026-09-19,wk inc covid prop ed visits,1,2026-09-26,27,quantile,0.99,0.0038153916525530455
2026-09-19,wk inc covid prop ed visits,1,2026-09-26,28,quantile,0.01,0.002993513174712081
2026-09-19,wk inc covid prop ed visits,1,2026-09-26,28,quantile,0.025,0.0032724650966259824
2026-09-19,wk inc covid prop ed visits,1,2026-09-26,28,quantile,0.05,0.003588321582223533
2026-09-19,wk inc covid prop ed visits,1,2026-09-26,28,quantile,0.1,0.003986516831222644
2026-09-19,wk inc covid prop ed visits,1,2026-09-26,28,quantile,0.15,0.004273302856912594
2026-09-19,wk inc covid prop ed visits,1,2026-09-26,28,quantile,0.2,0.004509646724514803
2026-09-19,wk inc covid prop ed visits,1,2026-09-26,28,quantile,0.25,0.004698106294176777
2026-09-19,wk inc covid prop ed visits,1,2026-09-26,28,quantile,0.3,0.004889671095550934
2026-09-19,wk inc covid prop ed visits,1,2026-09-26,28,quantile,0.35,0.0050606638173037065
2026-09-19,wk inc covid prop ed visits,1,2026-09-26,28,quantile,0.4,0.005225505119873523
2026-09-19,wk inc covid prop ed visits,1,2026-09-26,28,quantile,0.45,0.0054149899456506735
2026-09-19,wk inc covid prop ed visits,1,2026-09-26,28,quantile,0.5,0.00556634341426826
2026-09-19,wk inc covid prop ed visits,1,2026-09-26,28,quantile,0.55,0.005732033271285394
2026-09-19,wk inc covid prop ed visits,1,2026-09-26,28,quantile,0.6,0.005916521452638383
2026-09-19,wk inc covid prop ed visits,1,2026-09-26,28,quantile,0.65,0.006117454101305774
2026-09-19,wk inc covid prop ed visits,1,2026-09-26,28,quantile,0.7,0.006297623346028035
2026-09-19,wk inc covid prop ed visits,1,2026-09-26,28,quantile,0.75,0.006514697876550033
2026-09-19,wk inc covid prop ed visits,1,2026-09-26,28,quantile,0.8,0.006796856329141928
2026-09-19,wk inc covid prop ed visits,1,2026-09-26,28,quantile,0.85,0.007125051640087088
2026-09-19,wk inc covid prop ed visits,1,2026-09-26,28,quantile,0.9,0.007587869119048935
2026-09-19,wk inc covid prop ed visits,1,2026-09-26,28,quantile,0.95,0.008250628490034793
2026-09-19,wk inc covid prop ed visits,1,2026-09-26,28,quantile,0.975,0.008837558299755206
2026-09-19,wk inc covid prop ed visits,1,2026-09-26,28,quantile,0.99,0.009453766835092404
2026-09-19,wk inc covid prop ed visits,1,2026-09-26,29,quantile,0.01,8.538393350440567e-4
2026-09-19,wk inc covid prop ed visits,1,2026-09-26,29,quantile,0.025,0.0010197587709180876
2026-09-19,wk inc covid prop ed visits,1,2026-09-26,29,quantile,0.05,0.0011433533886042574
2026-09-19,wk inc covid prop ed visits,1,2026-09-26,29,quantile,0.1,0.0012939549508144234
2026-09-19,wk inc covid prop ed visits,1,2026-09-26,29,quantile,0.15,0.001424125195418659
2026-09-19,wk inc covid prop ed visits,1,2026-09-26,29,quantile,0.2,0.0015179197720068234
2026-09-19,wk inc covid prop ed visits,1,2026-09-26,29,quantile,0.25,0.0016030948199070659
2026-09-19,wk inc covid prop ed visits,1,2026-09-26,29,quantile,0.3,0.001683081475534016
2026-09-19,wk inc covid prop ed visits,1,2026-09-26,29,quantile,0.35,0.0017652641338397335
2026-09-19,wk inc covid prop ed visits,1,2026-09-26,29,quantile,0.4,0.0018351365371978442
2026-09-19,wk inc covid prop ed visits,1,2026-09-26,29,quantile,0.45,0.001910386657681288
2026-09-19,wk inc covid prop ed visits,1,2026-09-26,29,quantile,0.5,0.0020015700936596497
2026-09-19,wk inc covid prop ed visits,1,2026-09-26,29,quantile,0.55,0.002086374779438329
2026-09-19,wk inc covid prop ed visits,1,2026-09-26,29,quantile,0.6,0.0021694160334264387
2026-09-19,wk inc covid prop ed visits,1,2026-09-26,29,quantile,0.65,0.0022496198256137024
2026-09-19,wk inc covid prop ed visits,1,2026-09-26,29,quantile,0.7,0.002343354114681788
2026-09-19,wk inc covid prop ed visits,1,2026-09-26,29,quantile,0.75,0.0024600852590320344
2026-09-19,wk inc covid prop ed visits,1,2026-09-26,29,quantile,0.8,0.0025812945377010955
2026-09-19,wk inc covid prop ed visits,1,2026-09-26,29,quantile,0.85,0.002731717122341819
2026-09-19,wk inc covid prop ed visits,1,2026-09-26,29,quantile,0.9,0.0029351458524209855
2026-09-19,wk inc covid prop ed visits,1,2026-09-26,29,quantile,0.95,0.0032374504107328264
2026-09-19,wk inc covid prop ed visits,1,2026-09-26,29,quantile,0.975,0.0035755167268843834
2026-09-19,wk inc covid prop ed visits,1,2026-09-26,29,quantile,0.99,0.0038522538335998367
2026-09-19,wk inc covid prop ed visits,1,2026-09-26,30,quantile,0.01,6.025149045004055e-4
2026-09-19,wk inc covid prop ed visits,1,2026-09-26,30,quantile,0.025,7.171849165544551e-4
2026-09-19,wk inc covid prop ed visits,1,2026-09-26,30,quantile,0.05,8.217455279328759e-4
2026-09-19,wk inc covid prop ed visits,1,2026-09-26,30,quantile,0.1,9.634508864708627e-4
2026-09-19,wk inc covid prop ed visits,1,2026-09-26,30,quantile,0.15,0.0010639353995605184
2026-09-19,wk inc covid prop ed visits,1,2026-09-26,30,quantile,0.2,0.0011429659829080253
2026-09-19,wk inc covid prop ed visits,1,2026-09-26,30,quantile,0.25,0.001226560072385033
2026-09-19,wk inc covid prop ed visits,1,2026-09-26,30,quantile,0.3,0.0012870657627205811
2026-09-19,wk inc covid prop ed visits,1,2026-09-26,30,quantile,0.35,0.0013536787940115385
2026-09-19,wk inc covid prop ed visits,1,2026-09-26,30,quantile,0.4,0.0014166964940872774
2026-09-19,wk inc covid prop ed visits,1,2026-09-26,30,quantile,0.45,0.0014910837428078246
2026-09-19,wk inc covid prop ed visits,1,2026-09-26,30,quantile,0.5,0.0015620052421811883
2026-09-19,wk inc covid prop ed visits,1,2026-09-26,30,quantile,0.55,0.0016253107765478436
2026-09-19,wk inc covid prop ed visits,1,2026-09-26,30,quantile,0.6,0.0016896657154191119
2026-09-19,wk inc covid prop ed visits,1,2026-09-26,30,quantile,0.65,0.0017607268547567738
2026-09-19,wk inc covid prop ed visits,1,2026-09-26,30,quantile,0.7,0.001847814747127911
2026-09-19,wk inc covid prop ed visits,1,2026-09-26,30,quantile,0.75,0.001949286388723052
2026-09-19,wk inc covid prop ed visits,1,2026-09-26,30,quantile,0.8,0.0020510299898656853
2026-09-19,wk inc covid prop ed visits,1,2026-09-26,30,quantile,0.85,0.0021755732896019276
2026-09-19,wk inc covid prop ed visits,1,2026-09-26,30,quantile,0.9,0.0023365615303962937
2026-09-19,wk inc covid prop ed visits,1,2026-09-26,30,quantile,0.95,0.002575993530279747
2026-09-19,wk inc covid prop ed visits,1,2026-09-26,30,quantile,0.975,0.002822401922598091
2026-09-19,wk inc covid prop ed visits,1,2026-09-26,30,quantile,0.99,0.0032238528961359607
2026-09-19,wk inc covid prop ed visits,1,2026-09-26,31,quantile,0.01,3.12554263006939e-4
2026-09-19,wk inc covid prop ed visits,1,2026-09-26,31,quantile,0.025,3.924484456215218e-4
2026-09-19,wk inc covid prop ed visits,1,2026-09-26,31,quantile,0.05,4.5695983963794527e-4
2026-09-19,wk inc covid prop ed visits,1,2026-09-26,31,quantile,0.1,5.480374604134758e-4
2026-09-19,wk inc covid prop ed visits,1,2026-09-26,31,quantile,0.15,6.135242680578299e-4
2026-09-19,wk inc covid prop ed visits,1,2026-09-26,31,quantile,0.2,6.73242080637834e-4
2026-09-19,wk inc covid prop ed visits,1,2026-09-26,31,quantile,0.25,7.259282495838068e-4
2026-09-19,wk inc covid prop ed visits,1,2026-09-26,31,quantile,0.3,7.750722085395706e-4
2026-09-19,wk inc covid prop ed visits,1,2026-09-26,31,quantile,0.35,8.200809018271812e-4
2026-09-19,wk inc covid prop ed visits,1,2026-09-26,31,quantile,0.4,8.665893100128271e-4
2026-09-19,wk inc covid prop ed visits,1,2026-09-26,31,quantile,0.45,9.125970334581618e-4
2026-09-19,wk inc covid prop ed visits,1,2026-09-26,31,quantile,0.5,9.604957249547738e-4
2026-09-19,wk inc covid prop ed visits,1,2026-09-26,31,quantile,0.55,0.0010081027748265797
2026-09-19,wk inc covid prop ed visits,1,2026-09-26,31,quantile,0.6,0.0010635950071971872
2026-09-19,wk inc covid prop ed visits,1,2026-09-26,31,quantile,0.65,0.00111863732559437
2026-09-19,wk inc covid prop ed visits,1,2026-09-26,31,quantile,0.7,0.001177751447702604
2026-09-19,wk inc covid prop ed visits,1,2026-09-26,31,quantile,0.75,0.0012401299121650936
2026-09-19,wk inc covid prop ed visits,1,2026-09-26,31,quantile,0.8,0.0013213748977795496
2026-09-19,wk inc covid prop ed visits,1,2026-09-26,31,quantile,0.85,0.0014081523346536591
2026-09-19,wk inc covid prop ed visits,1,2026-09-26,31,quantile,0.9,0.0015319859502015171
2026-09-19,wk inc covid prop ed visits,1,2026-09-26,31,quantile,0.95,0.0017176522978271849
2026-09-19,wk inc covid prop ed visits,1,2026-09-26,31,quantile,0.975,0.0018843493725958585
2026-09-19,wk inc covid prop ed visits,1,2026-09-26,31,quantile,0.99,0.0020603918749050026
2026-09-19,wk inc covid prop ed visits,1,2026-09-26,32,quantile,0.01,0.003046717156630266
2026-09-19,wk inc covid prop ed visits,1,2026-09-26,32,quantile,0.025,0.0033107061154550605
2026-09-19,wk inc covid prop ed visits,1,2026-09-26,32,quantile,0.05,0.003643287772181503
2026-09-19,wk inc covid prop ed visits,1,2026-09-26,32,quantile,0.1,0.004031268152009942
2026-09-19,wk inc covid prop ed visits,1,2026-09-26,32,quantile,0.15,0.004306642062495335
2026-09-19,wk inc covid prop ed visits,1,2026-09-26,32,quantile,0.2,0.004531417915323483
2026-09-19,wk inc covid prop ed visits,1,2026-09-26,32,quantile,0.25,0.004741864232067215
2026-09-19,wk inc covid prop ed visits,1,2026-09-26,32,quantile,0.3,0.004928014880022714
2026-09-19,wk inc covid prop ed visits,1,2026-09-26,32,quantile,0.35,0.00508507009694157
2026-09-19,wk inc covid prop ed visits,1,2026-09-26,32,quantile,0.4,0.005259332539049975
2026-09-19,wk inc covid prop ed visits,1,2026-09-26,32,quantile,0.45,0.005433249994991044
2026-09-19,wk inc covid prop ed visits,1,2026-09-26,32,quantile,0.5,0.005620418694151532
2026-09-19,wk inc covid prop ed visits,1,2026-09-26,32,quantile,0.55,0.005784043935827578
2026-09-19,wk inc covid prop ed visits,1,2026-09-26,32,quantile,0.6,0.005965118744495075
2026-09-19,wk inc covid prop ed visits,1,2026-09-26,32,quantile,0.65,0.006159911395204537
2026-09-19,wk inc covid prop ed visits,1,2026-09-26,32,quantile,0.7,0.006375982276507415
2026-09-19,wk inc covid prop ed visits,1,2026-09-26,32,quantile,0.75,0.0066130202124298435
2026-09-19,wk inc covid prop ed visits,1,2026-09-26,32,quantile,0.8,0.006890149834995253
2026-09-19,wk inc covid prop ed visits,1,2026-09-26,32,quantile,0.85,0.007200665495001224
2026-09-19,wk inc covid prop ed visits,1,2026-09-26,32,quantile,0.9,0.00769285545689412
2026-09-19,wk inc covid prop ed visits,1,2026-09-26,32,quantile,0.95,0.008403450947417101
2026-09-19,wk inc covid prop ed visits,1,2026-09-26,32,quantile,0.975,0.008966378662125386
2026-09-19,wk inc covid prop ed visits,1,2026-09-26,32,quantile,0.99,0.009846252660040212
2026-09-19,wk inc covid prop ed visits,1,2026-09-26,33,quantile,0.01,8.987165471076776e-4
2026-09-19,wk inc covid prop ed visits,1,2026-09-26,33,quantile,0.025,0.001034766793605043
2026-09-19,wk inc covid prop ed visits,1,2026-09-26,33,quantile,0.05,0.0011962941252261058
2026-09-19,wk inc covid prop ed visits,1,2026-09-26,33,quantile,0.1,0.0013578729417666835
2026-09-19,wk inc covid prop ed visits,1,2026-09-26,33,quantile,0.15,0.0014874807925365648
2026-09-19,wk inc covid prop ed visits,1,2026-09-26,33,quantile,0.2,0.0015925508378674112
2026-09-19,wk inc covid prop ed visits,1,2026-09-26,33,quantile,0.25,0.001688930746159983
2026-09-19,wk inc covid prop ed visits,1,2026-09-26,33,quantile,0.3,0.001779842633615319
2026-09-19,wk inc covid prop ed visits,1,2026-09-26,33,quantile,0.35,0.0018533829869345057
2026-09-19,wk inc covid prop ed visits,1,2026-09-26,33,quantile,0.4,0.0019258704878503856
2026-09-19,wk inc covid prop ed visits,1,2026-09-26,33,quantile,0.45,0.0020118892393041644
2026-09-19,wk inc covid prop ed visits,1,2026-09-26,33,quantile,0.5,0.002099338040212317
2026-09-19,wk inc covid prop ed visits,1,2026-09-26,33,quantile,0.55,0.0021846287002385625
2026-09-19,wk inc covid prop ed visits,1,2026-09-26,33,quantile,0.6,0.0022607020845796444
2026-09-19,wk inc covid prop ed visits,1,2026-09-26,33,quantile,0.65,0.0023487803783629464
2026-09-19,wk inc covid prop ed visits,1,2026-09-26,33,quantile,0.7,0.0024494169019882604
2026-09-19,wk inc covid prop ed visits,1,2026-09-26,33,quantile,0.75,0.0025604936050640905
2026-09-19,wk inc covid prop ed visits,1,2026-09-26,33,quantile,0.8,0.0026788629704435577
2026-09-19,wk inc covid prop ed visits,1,2026-09-26,33,quantile,0.85,0.0028327220373950456
2026-09-19,wk inc covid prop ed visits,1,2026-09-26,33,quantile,0.9,0.0030404999744201313
2026-09-19,wk inc covid prop ed visits,1,2026-09-26,33,quantile,0.95,0.003377380169774132
2026-09-19,wk inc covid prop ed visits,1,2026-09-26,33,quantile,0.975,0.0036318519255370066
2026-09-19,wk inc covid prop ed visits,1,2026-09-26,33,quantile,0.99,0.00399835407084767
2026-09-19,wk inc covid prop ed visits,1,2026-09-26,34,quantile,0.01,0.0019673080642777516
2026-09-19,wk inc covid prop ed visits,1,2026-09-26,34,quantile,0.025,0.002228367302983785
2026-09-19,wk inc covid prop ed visits,1,2026-09-26,34,quantile,0.05,0.0024423482990870373
2026-09-19,wk inc covid prop ed visits,1,2026-09-26,34,quantile,0.1,0.0027079132801481227
2026-09-19,wk inc covid prop ed visits,1,2026-09-26,34,quantile,0.15,0.002910869025112157
2026-09-19,wk inc covid prop ed visits,1,2026-09-26,34,quantile,0.2,0.003073938938286166
2026-09-19,wk inc covid prop ed visits,1,2026-09-26,34,quantile,0.25,0.003221976009754518
2026-09-19,wk inc covid prop ed visits,1,2026-09-26,34,quantile,0.3,0.0033599859748918697
2026-09-19,wk inc covid prop ed visits,1,2026-09-26,34,quantile,0.35,0.003499588707017794
2026-09-19,wk inc covid prop ed visits,1,2026-09-26,34,quantile,0.4,0.003623513280268313
2026-09-19,wk inc covid prop ed visits,1,2026-09-26,34,quantile,0.45,0.0037553352790914737
2026-09-19,wk inc covid prop ed visits,1,2026-09-26,34,quantile,0.5,0.0038985775699105557
2026-09-19,wk inc covid prop ed visits,1,2026-09-26,34,quantile,0.55,0.004031896785838591
2026-09-19,wk inc covid prop ed visits,1,2026-09-26,34,quantile,0.6,0.004172125133999671
2026-09-19,wk inc covid prop ed visits,1,2026-09-26,34,quantile,0.65,0.004320588295734064
2026-09-19,wk inc covid prop ed visits,1,2026-09-26,34,quantile,0.7,0.0044821393463030865
2026-09-19,wk inc covid prop ed visits,1,2026-09-26,34,quantile,0.75,0.004657659275148355
2026-09-19,wk inc covid prop ed visits,1,2026-09-26,34,quantile,0.8,0.004855968042535929
2026-09-19,wk inc covid prop ed visits,1,2026-09-26,34,quantile,0.85,0.005129449267329282
2026-09-19,wk inc covid prop ed visits,1,2026-09-26,34,quantile,0.9,0.005464426251987655
2026-09-19,wk inc covid prop ed visits,1,2026-09-26,34,quantile,0.95,0.005993988096424893
2026-09-19,wk inc covid prop ed visits,1,2026-09-26,34,quantile,0.975,0.00642324976284873
2026-09-19,wk inc covid prop ed visits,1,2026-09-26,34,quantile,0.99,0.0070158677394931614
2026-09-19,wk inc covid prop ed visits,1,2026-09-26,35,quantile,0.01,0.0014294234931963353
2026-09-19,wk inc covid prop ed visits,1,2026-09-26,35,quantile,0.025,0.0016714776218016703
2026-09-19,wk inc covid prop ed visits,1,2026-09-26,35,quantile,0.05,0.0018579436473219089
2026-09-19,wk inc covid prop ed visits,1,2026-09-26,35,quantile,0.1,0.00211640431884407
2026-09-19,wk inc covid prop ed visits,1,2026-09-26,35,quantile,0.15,0.0022974107492015564
2026-09-19,wk inc covid prop ed visits,1,2026-09-26,35,quantile,0.2,0.0024458301385145054
2026-09-19,wk inc covid prop ed visits,1,2026-09-26,35,quantile,0.25,0.0025615060382251182
2026-09-19,wk inc covid prop ed visits,1,2026-09-26,35,quantile,0.3,0.0026836687749313636
2026-09-19,wk inc covid prop ed visits,1,2026-09-26,35,quantile,0.35,0.0027853327020707233
2026-09-19,wk inc covid prop ed visits,1,2026-09-26,35,quantile,0.4,0.002901454029751174
2026-09-19,wk inc covid prop ed visits,1,2026-09-26,35,quantile,0.45,0.003005806185141233
2026-09-19,wk inc covid prop ed visits,1,2026-09-26,35,quantile,0.5,0.0031129383588462704
2026-09-19,wk inc covid prop ed visits,1,2026-09-26,35,quantile,0.55,0.0032203208112168667
2026-09-19,wk inc covid prop ed visits,1,2026-09-26,35,quantile,0.6,0.0033291187460327983
2026-09-19,wk inc covid prop ed visits,1,2026-09-26,35,quantile,0.65,0.0034482203223656933
2026-09-19,wk inc covid prop ed visits,1,2026-09-26,35,quantile,0.7,0.0035827833411691537
2026-09-19,wk inc covid prop ed visits,1,2026-09-26,35,quantile,0.75,0.003727040709010086
2026-09-19,wk inc covid prop ed visits,1,2026-09-26,35,quantile,0.8,0.003873626469895401
2026-09-19,wk inc covid prop ed visits,1,2026-09-26,35,quantile,0.85,0.004070381827476919
2026-09-19,wk inc covid prop ed visits,1,2026-09-26,35,quantile,0.9,0.004354906907650778
2026-09-19,wk inc covid prop ed visits,1,2026-09-26,35,quantile,0.95,0.004800844160272985
2026-09-19,wk inc covid prop ed visits,1,2026-09-26,35,quantile,0.975,0.00517866416450996
2026-09-19,wk inc covid prop ed visits,1,2026-09-26,35,quantile,0.99,0.005836389778687695
2026-09-19,wk inc covid prop ed visits,1,2026-09-26,36,quantile,0.01,0.0017926397051559711
2026-09-19,wk inc covid prop ed visits,1,2026-09-26,36,quantile,0.025,0.0020520413753538948
2026-09-19,wk inc covid prop ed visits,1,2026-09-26,36,quantile,0.05,0.0022519510741289875
2026-09-19,wk inc covid prop ed visits,1,2026-09-26,36,quantile,0.1,0.002523885281938855
2026-09-19,wk inc covid prop ed visits,1,2026-09-26,36,quantile,0.15,0.002691981429647854
2026-09-19,wk inc covid prop ed visits,1,2026-09-26,36,quantile,0.2,0.0028512001792928747
2026-09-19,wk inc covid prop ed visits,1,2026-09-26,36,quantile,0.25,0.00298843204644663
2026-09-19,wk inc covid prop ed visits,1,2026-09-26,36,quantile,0.3,0.0031060895728489977
2026-09-19,wk inc covid prop ed visits,1,2026-09-26,36,quantile,0.35,0.003240680180128461
2026-09-19,wk inc covid prop ed visits,1,2026-09-26,36,quantile,0.4,0.003379577278668236
2026-09-19,wk inc covid prop ed visits,1,2026-09-26,36,quantile,0.45,0.0035064154780898296
2026-09-19,wk inc covid prop ed visits,1,2026-09-26,36,quantile,0.5,0.0036371259373966947
2026-09-19,wk inc covid prop ed visits,1,2026-09-26,36,quantile,0.55,0.003756504304135668
2026-09-19,wk inc covid prop ed visits,1,2026-09-26,36,quantile,0.6,0.0038947266146607674
2026-09-19,wk inc covid prop ed visits,1,2026-09-26,36,quantile,0.65,0.004021043316515721
2026-09-19,wk inc covid prop ed visits,1,2026-09-26,36,quantile,0.7,0.004181521628936455
2026-09-19,wk inc covid prop ed visits,1,2026-09-26,36,quantile,0.75,0.0043512480028170125
2026-09-19,wk inc covid prop ed visits,1,2026-09-26,36,quantile,0.8,0.004545274987435967
2026-09-19,wk inc covid prop ed visits,1,2026-09-26,36,quantile,0.85,0.004791598033627761
2026-09-19,wk inc covid prop ed visits,1,2026-09-26,36,quantile,0.9,0.005105754958667714
2026-09-19,wk inc covid prop ed visits,1,2026-09-26,36,quantile,0.95,0.005593865766669999
2026-09-19,wk inc covid prop ed visits,1,2026-09-26,36,quantile,0.975,0.006011031155020428
2026-09-19,wk inc covid prop ed visits,1,2026-09-26,36,quantile,0.99,0.006640187956540932
2026-09-19,wk inc covid prop ed visits,1,2026-09-26,37,quantile,0.01,0.0039669440809417065
2026-09-19,wk inc covid prop ed visits,1,2026-09-26,37,quantile,0.025,0.004343305630760688
2026-09-19,wk inc covid prop ed visits,1,2026-09-26,37,quantile,0.05,0.0046930132967546315
2026-09-19,wk inc covid prop ed visits,1,2026-09-26,37,quantile,0.1,0.0051295938074597865
2026-09-19,wk inc covid prop ed visits,1,2026-09-26,37,quantile,0.15,0.005461185104339434
2026-09-19,wk inc covid prop ed visits,1,2026-09-26,37,quantile,0.2,0.005774366993478124
2026-09-19,wk inc covid prop ed visits,1,2026-09-26,37,quantile,0.25,0.006023919222917587
2026-09-19,wk inc covid prop ed visits,1,2026-09-26,37,quantile,0.3,0.006263102309878328
2026-09-19,wk inc covid prop ed visits,1,2026-09-26,37,quantile,0.35,0.006483974472970362
2026-09-19,wk inc covid prop ed visits,1,2026-09-26,37,quantile,0.4,0.006680697530034375
2026-09-19,wk inc covid prop ed visits,1,2026-09-26,37,quantile,0.45,0.00689242590714717
2026-09-19,wk inc covid prop ed visits,1,2026-09-26,37,quantile,0.5,0.007085565612714259
2026-09-19,wk inc covid prop ed visits,1,2026-09-26,37,quantile,0.55,0.007286211653771456
2026-09-19,wk inc covid prop ed visits,1,2026-09-26,37,quantile,0.6,0.00752714919654199
2026-09-19,wk inc covid prop ed visits,1,2026-09-26,37,quantile,0.65,0.007768288736650437
2026-09-19,wk inc covid prop ed visits,1,2026-09-26,37,quantile,0.7,0.007999090076983108
2026-09-19,wk inc covid prop ed visits,1,2026-09-26,37,quantile,0.75,0.008309629956736076
2026-09-19,wk inc covid prop ed visits,1,2026-09-26,37,quantile,0.8,0.008632691838790599
2026-09-19,wk inc covid prop ed visits,1,2026-09-26,37,quantile,0.85,0.009026169802738133
2026-09-19,wk inc covid prop ed visits,1,2026-09-26,37,quantile,0.9,0.009547357541048471
2026-09-19,wk inc covid prop ed visits,1,2026-09-26,37,quantile,0.95,0.010370964128775384
2026-09-19,wk inc covid prop ed visits,1,2026-09-26,37,quantile,0.975,0.01111153680273393
2026-09-19,wk inc covid prop ed visits,1,2026-09-26,37,quantile,0.99,0.011964096998945071
2026-09-19,wk inc covid prop ed visits,1,2026-09-26,38,quantile,0.01,2.843351206088437e-4
2026-09-19,wk inc covid prop ed visits,1,2026-09-26,38,quantile,0.025,3.5325708931163176e-4
2026-09-19,wk inc covid prop ed visits,1,2026-09-26,38,quantile,0.05,4.1711498798788644e-4
2026-09-19,wk inc covid prop ed visits,1,2026-09-26,38,quantile,0.1,5.000483463757939e-4
2026-09-19,wk inc covid prop ed visits,1,2026-09-26,38,quantile,0.15,5.660984833551097e-4
2026-09-19,wk inc covid prop ed visits,1,2026-09-26,38,quantile,0.2,6.146176522307859e-4
2026-09-19,wk inc covid prop ed visits,1,2026-09-26,38,quantile,0.25,6.61065681862586e-4
2026-09-19,wk inc covid prop ed visits,1,2026-09-26,38,quantile,0.3,7.07081818263032e-4
2026-09-19,wk inc covid prop ed visits,1,2026-09-26,38,quantile,0.35,7.456123262770501e-4
2026-09-19,wk inc covid prop ed visits,1,2026-09-26,38,quantile,0.4,7.829113965407252e-4
2026-09-19,wk inc covid prop ed visits,1,2026-09-26,38,quantile,0.45,8.293618538416801e-4
2026-09-19,wk inc covid prop ed visits,1,2026-09-26,38,quantile,0.5,8.739043973448232e-4
2026-09-19,wk inc covid prop ed visits,1,2026-09-26,38,quantile,0.55,9.201030935138984e-4
2026-09-19,wk inc covid prop ed visits,1,2026-09-26,38,quantile,0.6,9.673570106409934e-4
2026-09-19,wk inc covid prop ed visits,1,2026-09-26,38,quantile,0.65,0.001016747368551711
2026-09-19,wk inc covid prop ed visits,1,2026-09-26,38,quantile,0.7,0.0010724271578442621
2026-09-19,wk inc covid prop ed visits,1,2026-09-26,38,quantile,0.75,0.0011396411735718334
2026-09-19,wk inc covid prop ed visits,1,2026-09-26,38,quantile,0.8,0.001212083554062459
2026-09-19,wk inc covid prop ed visits,1,2026-09-26,38,quantile,0.85,0.0012899160851164153
2026-09-19,wk inc covid prop ed visits,1,2026-09-26,38,quantile,0.9,0.0013910038380317384
2026-09-19,wk inc covid prop ed visits,1,2026-09-26,38,quantile,0.95,0.001592017118637652
2026-09-19,wk inc covid prop ed visits,1,2026-09-26,38,quantile,0.975,0.0017743216972315185
2026-09-19,wk inc covid prop ed visits,1,2026-09-26,38,quantile,0.99,0.0019968820677574222
2026-09-19,wk inc covid prop ed visits,1,2026-09-26,39,quantile,0.01,5.887638620730324e-4
2026-09-19,wk inc covid prop ed visits,1,2026-09-26,39,quantile,0.025,6.891309095156974e-4
2026-09-19,wk inc covid prop ed visits,1,2026-09-26,39,quantile,0.05,7.933717886542469e-4
2026-09-19,wk inc covid prop ed visits,1,2026-09-26,39,quantile,0.1,9.119929490768063e-4
2026-09-19,wk inc covid prop ed visits,1,2026-09-26,39,quantile,0.15,0.0010051904896454778
2026-09-19,wk inc covid prop ed visits,1,2026-09-26,39,quantile,0.2,0.0010829749194052902
2026-09-19,wk inc covid prop ed visits,1,2026-09-26,39,quantile,0.25,0.0011469055728122357
2026-09-19,wk inc covid prop ed visits,1,2026-09-26,39,quantile,0.3,0.0012181832462828627
2026-09-19,wk inc covid prop ed visits,1,2026-09-26,39,quantile,0.35,0.0012798158485827237
2026-09-19,wk inc covid prop ed visits,1,2026-09-26,39,quantile,0.4,0.0013488882030909784
2026-09-19,wk inc covid prop ed visits,1,2026-09-26,39,quantile,0.45,0.0014147601345354504
2026-09-19,wk inc covid prop ed visits,1,2026-09-26,39,quantile,0.5,0.001482401484380496
2026-09-19,wk inc covid prop ed visits,1,2026-09-26,39,quantile,0.55,0.0015453336018469014
2026-09-19,wk inc covid prop ed visits,1,2026-09-26,39,quantile,0.6,0.0016165672755128059
2026-09-19,wk inc covid prop ed visits,1,2026-09-26,39,quantile,0.65,0.001685872608944843
2026-09-19,wk inc covid prop ed visits,1,2026-09-26,39,quantile,0.7,0.0017576403430440363
2026-09-19,wk inc covid prop ed visits,1,2026-09-26,39,quantile,0.75,0.001833851780682304
2026-09-19,wk inc covid prop ed visits,1,2026-09-26,39,quantile,0.8,0.0019427027431200231
2026-09-19,wk inc covid prop ed visits,1,2026-09-26,39,quantile,0.85,0.002077688984394272
2026-09-19,wk inc covid prop ed visits,1,2026-09-26,39,quantile,0.9,0.0022503923553759677
2026-09-19,wk inc covid prop ed visits,1,2026-09-26,39,quantile,0.95,0.0025143875771585517
2026-09-19,wk inc covid prop ed visits,1,2026-09-26,39,quantile,0.975,0.002736303942226917
2026-09-19,wk inc covid prop ed visits,1,2026-09-26,39,quantile,0.99,0.003027610901775212
2026-09-19,wk inc covid prop ed visits,1,2026-09-26,40,quantile,0.01,0.0011022584721911677
2026-09-19,wk inc covid prop ed visits,1,2026-09-26,40,quantile,0.025,0.0012573174267509555
2026-09-19,wk inc covid prop ed visits,1,2026-09-26,40,quantile,0.05,0.001425233460122632
2026-09-19,wk inc covid prop ed visits,1,2026-09-26,40,quantile,0.1,0.0016235599109665827
2026-09-19,wk inc covid prop ed visits,1,2026-09-26,40,quantile,0.15,0.0017838325905462102
2026-09-19,wk inc covid prop ed visits,1,2026-09-26,40,quantile,0.2,0.0018969627872574661
2026-09-19,wk inc covid prop ed visits,1,2026-09-26,40,quantile,0.25,0.001996456312052833
2026-09-19,wk inc covid prop ed visits,1,2026-09-26,40,quantile,0.3,0.0020857757883963046
2026-09-19,wk inc covid prop ed visits,1,2026-09-26,40,quantile,0.35,0.0021874544820995783
2026-09-19,wk inc covid prop ed visits,1,2026-09-26,40,quantile,0.4,0.0022825659831993295
2026-09-19,wk inc covid prop ed visits,1,2026-09-26,40,quantile,0.45,0.002364787069592909
2026-09-19,wk inc covid prop ed visits,1,2026-09-26,40,quantile,0.5,0.0024598520333471547
2026-09-19,wk inc covid prop ed visits,1,2026-09-26,40,quantile,0.55,0.002546857407522256
2026-09-19,wk inc covid prop ed visits,1,2026-09-26,40,quantile,0.6,0.002639931015917479
2026-09-19,wk inc covid prop ed visits,1,2026-09-26,40,quantile,0.65,0.00274869126803307
2026-09-19,wk inc covid prop ed visits,1,2026-09-26,40,quantile,0.7,0.002861718368561798
2026-09-19,wk inc covid prop ed visits,1,2026-09-26,40,quantile,0.75,0.002976193571885206
2026-09-19,wk inc covid prop ed visits,1,2026-09-26,40,quantile,0.8,0.003115127520049181
2026-09-19,wk inc covid prop ed visits,1,2026-09-26,40,quantile,0.85,0.003308211442466888
2026-09-19,wk inc covid prop ed visits,1,2026-09-26,40,quantile,0.9,0.0035342441532107732
2026-09-19,wk inc covid prop ed visits,1,2026-09-26,40,quantile,0.95,0.0038493902733764238
2026-09-19,wk inc covid prop ed visits,1,2026-09-26,40,quantile,0.975,0.004184221700100429
2026-09-19,wk inc covid prop ed visits,1,2026-09-26,40,quantile,0.99,0.004632485625570274
2026-09-19,wk inc covid prop ed visits,1,2026-09-26,41,quantile,0.01,0.00211582309998966
2026-09-19,wk inc covid prop ed visits,1,2026-09-26,41,quantile,0.025,0.002449515218219753
2026-09-19,wk inc covid prop ed visits,1,2026-09-26,41,quantile,0.05,0.0026642233970988944
2026-09-19,wk inc covid prop ed visits,1,2026-09-26,41,quantile,0.1,0.002952510535870119
2026-09-19,wk inc covid prop ed visits,1,2026-09-26,41,quantile,0.15,0.0031751862854631796
2026-09-19,wk inc covid prop ed visits,1,2026-09-26,41,quantile,0.2,0.003361475215671275
2026-09-19,wk inc covid prop ed visits,1,2026-09-26,41,quantile,0.25,0.0035271761771896726
2026-09-19,wk inc covid prop ed visits,1,2026-09-26,41,quantile,0.3,0.003675454266156876
2026-09-19,wk inc covid prop ed visits,1,2026-09-26,41,quantile,0.35,0.0038184648391063353
2026-09-19,wk inc covid prop ed visits,1,2026-09-26,41,quantile,0.4,0.003975164522005768
2026-09-19,wk inc covid prop ed visits,1,2026-09-26,41,quantile,0.45,0.004128646689601813
2026-09-19,wk inc covid prop ed visits,1,2026-09-26,41,quantile,0.5,0.004275917606922988
2026-09-19,wk inc covid prop ed visits,1,2026-09-26,41,quantile,0.55,0.00440819366220047
2026-09-19,wk inc covid prop ed visits,1,2026-09-26,41,quantile,0.6,0.004578445280391952
2026-09-19,wk inc covid prop ed visits,1,2026-09-26,41,quantile,0.65,0.004726222495964099
2026-09-19,wk inc covid prop ed visits,1,2026-09-26,41,quantile,0.7,0.004897229768716228
2026-09-19,wk inc covid prop ed visits,1,2026-09-26,41,quantile,0.75,0.005092116462283219
2026-09-19,wk inc covid prop ed visits,1,2026-09-26,41,quantile,0.8,0.00531266579697967
2026-09-19,wk inc covid prop ed visits,1,2026-09-26,41,quantile,0.85,0.005582868775044101
2026-09-19,wk inc covid prop ed visits,1,2026-09-26,41,quantile,0.9,0.005923439989805203
2026-09-19,wk inc covid prop ed visits,1,2026-09-26,41,quantile,0.95,0.006480999948063118
2026-09-19,wk inc covid prop ed visits,1,2026-09-26,41,quantile,0.975,0.006978860022248583
2026-09-19,wk inc covid prop ed visits,1,2026-09-26,41,quantile,0.99,0.007517695925088991
2026-09-19,wk inc covid prop ed visits,1,2026-09-26,42,quantile,0.01,7.049042547636915e-4
2026-09-19,wk inc covid prop ed visits,1,2026-09-26,42,quantile,0.025,8.241429568281765e-4
2026-09-19,wk inc covid prop ed visits,1,2026-09-26,42,quantile,0.05,9.556813621849573e-4
2026-09-19,wk inc covid prop ed visits,1,2026-09-26,42,quantile,0.1,0.0010992637775249976
2026-09-19,wk inc covid prop ed visits,1,2026-09-26,42,quantile,0.15,0.0012047775586259421
2026-09-19,wk inc covid prop ed visits,1,2026-09-26,42,quantile,0.2,0.0012975843746784355
2026-09-19,wk inc covid prop ed visits,1,2026-09-26,42,quantile,0.25,0.0013835103898364276
2026-09-19,wk inc covid prop ed visits,1,2026-09-26,42,quantile,0.3,0.0014720118307137665
2026-09-19,wk inc covid prop ed visits,1,2026-09-26,42,quantile,0.35,0.0015435987740583961
2026-09-19,wk inc covid prop ed visits,1,2026-09-26,42,quantile,0.4,0.001617738335731593
2026-09-19,wk inc covid prop ed visits,1,2026-09-26,42,quantile,0.45,0.0016944602021248512
2026-09-19,wk inc covid prop ed visits,1,2026-09-26,42,quantile,0.5,0.0017649423957655775
2026-09-19,wk inc covid prop ed visits,1,2026-09-26,42,quantile,0.55,0.0018377643056697315
2026-09-19,wk inc covid prop ed visits,1,2026-09-26,42,quantile,0.6,0.0019110379121140015
2026-09-19,wk inc covid prop ed visits,1,2026-09-26,42,quantile,0.65,0.001989588185890694
2026-09-19,wk inc covid prop ed visits,1,2026-09-26,42,quantile,0.7,0.0020805530205470755
2026-09-19,wk inc covid prop ed visits,1,2026-09-26,42,quantile,0.75,0.0021761012553677414
2026-09-19,wk inc covid prop ed visits,1,2026-09-26,42,quantile,0.8,0.0022841255228895087
2026-09-19,wk inc covid prop ed visits,1,2026-09-26,42,quantile,0.85,0.002417484065083936
2026-09-19,wk inc covid prop ed visits,1,2026-09-26,42,quantile,0.9,0.002625059702238606
2026-09-19,wk inc covid prop ed visits,1,2026-09-26,42,quantile,0.95,0.0029247683460026795
2026-09-19,wk inc covid prop ed visits,1,2026-09-26,42,quantile,0.975,0.003174199922456244
2026-09-19,wk inc covid prop ed visits,1,2026-09-26,42,quantile,0.99,0.00353264804961306
2026-09-19,wk inc covid prop ed visits,1,2026-09-26,44,quantile,0.01,0.0010308611597692272
2026-09-19,wk inc covid prop ed visits,1,2026-09-26,44,quantile,0.025,0.001163663239261406
2026-09-19,wk inc covid prop ed visits,1,2026-09-26,44,quantile,0.05,0.0013352617326543156
2026-09-19,wk inc covid prop ed visits,1,2026-09-26,44,quantile,0.1,0.0015017335992629454
2026-09-19,wk inc covid prop ed visits,1,2026-09-26,44,quantile,0.15,0.001628610526610193
2026-09-19,wk inc covid prop ed visits,1,2026-09-26,44,quantile,0.2,0.0017396134728184724
2026-09-19,wk inc covid prop ed visits,1,2026-09-26,44,quantile,0.25,0.0018466663460562152
2026-09-19,wk inc covid prop ed visits,1,2026-09-26,44,quantile,0.3,0.0019375845807610339
2026-09-19,wk inc covid prop ed visits,1,2026-09-26,44,quantile,0.35,0.0020277438355823076
2026-09-19,wk inc covid prop ed visits,1,2026-09-26,44,quantile,0.4,0.002109184302625573
2026-09-19,wk inc covid prop ed visits,1,2026-09-26,44,quantile,0.45,0.0021968977765808115
2026-09-19,wk inc covid prop ed visits,1,2026-09-26,44,quantile,0.5,0.002284226146256271
2026-09-19,wk inc covid prop ed visits,1,2026-09-26,44,quantile,0.55,0.002378626160418384
2026-09-19,wk inc covid prop ed visits,1,2026-09-26,44,quantile,0.6,0.002467817631894166
2026-09-19,wk inc covid prop ed visits,1,2026-09-26,44,quantile,0.65,0.002576727539975653
2026-09-19,wk inc covid prop ed visits,1,2026-09-26,44,quantile,0.7,0.0026864416554463456
2026-09-19,wk inc covid prop ed visits,1,2026-09-26,44,quantile,0.75,0.0028087694174591745
2026-09-19,wk inc covid prop ed visits,1,2026-09-26,44,quantile,0.8,0.0029560477392361643
2026-09-19,wk inc covid prop ed visits,1,2026-09-26,44,quantile,0.85,0.0031333295012366245
2026-09-19,wk inc covid prop ed visits,1,2026-09-26,44,quantile,0.9,0.003360198658667712
2026-09-19,wk inc covid prop ed visits,1,2026-09-26,44,quantile,0.95,0.003729726628042115
2026-09-19,wk inc covid prop ed visits,1,2026-09-26,44,quantile,0.975,0.004021276252052763
2026-09-19,wk inc covid prop ed visits,1,2026-09-26,44,quantile,0.99,0.004411716622317832
2026-09-19,wk inc covid prop ed visits,1,2026-09-26,45,quantile,0.01,0.0033033396636788052
2026-09-19,wk inc covid prop ed visits,1,2026-09-26,45,quantile,0.025,0.0036692502235137997
2026-09-19,wk inc covid prop ed visits,1,2026-09-26,45,quantile,0.05,0.004007090457114169
2026-09-19,wk inc covid prop ed visits,1,2026-09-26,45,quantile,0.1,0.00442091529667003
2026-09-19,wk inc covid prop ed visits,1,2026-09-26,45,quantile,0.15,0.004717725989296849
2026-09-19,wk inc covid prop ed visits,1,2026-09-26,45,quantile,0.2,0.0049431008679471896
2026-09-19,wk inc covid prop ed visits,1,2026-09-26,45,quantile,0.25,0.005155153324736986
2026-09-19,wk inc covid prop ed visits,1,2026-09-26,45,quantile,0.3,0.005351626738538009
2026-09-19,wk inc covid prop ed visits,1,2026-09-26,45,quantile,0.35,0.005553446288422566
2026-09-19,wk inc covid prop ed visits,1,2026-09-26,45,quantile,0.4,0.0057450893300602605
2026-09-19,wk inc covid prop ed visits,1,2026-09-26,45,quantile,0.45,0.005943656392579453
2026-09-19,wk inc covid prop ed visits,1,2026-09-26,45,quantile,0.5,0.006115007719331204
2026-09-19,wk inc covid prop ed visits,1,2026-09-26,45,quantile,0.55,0.006306773986247684
2026-09-19,wk inc covid prop ed visits,1,2026-09-26,45,quantile,0.6,0.006484094843650411
2026-09-19,wk inc covid prop ed visits,1,2026-09-26,45,quantile,0.65,0.006713224448729266
2026-09-19,wk inc covid prop ed visits,1,2026-09-26,45,quantile,0.7,0.006964356328537864
2026-09-19,wk inc covid prop ed visits,1,2026-09-26,45,quantile,0.75,0.0072100360529235765
2026-09-19,wk inc covid prop ed visits,1,2026-09-26,45,quantile,0.8,0.00746760614833941
2026-09-19,wk inc covid prop ed visits,1,2026-09-26,45,quantile,0.85,0.007808649857715022
2026-09-19,wk inc covid prop ed visits,1,2026-09-26,45,quantile,0.9,0.008296981965427566
2026-09-19,wk inc covid prop ed visits,1,2026-09-26,45,quantile,0.95,0.009007053922974472
2026-09-19,wk inc covid prop ed visits,1,2026-09-26,45,quantile,0.975,0.009713222892609782
2026-09-19,wk inc covid prop ed visits,1,2026-09-26,45,quantile,0.99,0.010712512418290389
2026-09-19,wk inc covid prop ed visits,1,2026-09-26,46,quantile,0.01,6.581957255797773e-4
2026-09-19,wk inc covid prop ed visits,1,2026-09-26,46,quantile,0.025,7.815963916003773e-4
2026-09-19,wk inc covid prop ed visits,1,2026-09-26,46,quantile,0.05,8.801811281399034e-4
2026-09-19,wk inc covid prop ed visits,1,2026-09-26,46,quantile,0.1,0.0010383942042389977
2026-09-19,wk inc covid prop ed visits,1,2026-09-26,46,quantile,0.15,0.0011428607234899352
2026-09-19,wk inc covid prop ed visits,1,2026-09-26,46,quantile,0.2,0.0012290276963735631
2026-09-19,wk inc covid prop ed visits,1,2026-09-26,46,quantile,0.25,0.0013053623032189018
2026-09-19,wk inc covid prop ed visits,1,2026-09-26,46,quantile,0.3,0.001378761350967852
2026-09-19,wk inc covid prop ed visits,1,2026-09-26,46,quantile,0.35,0.0014462378164232723
2026-09-19,wk inc covid prop ed visits,1,2026-09-26,46,quantile,0.4,0.0015177144653493813
2026-09-19,wk inc covid prop ed visits,1,2026-09-26,46,quantile,0.45,0.001582791776303798
2026-09-19,wk inc covid prop ed visits,1,2026-09-26,46,quantile,0.5,0.001651470945818103
2026-09-19,wk inc covid prop ed visits,1,2026-09-26,46,quantile,0.55,0.0017246453306545028
2026-09-19,wk inc covid prop ed visits,1,2026-09-26,46,quantile,0.6,0.0017938396135427658
2026-09-19,wk inc covid prop ed visits,1,2026-09-26,46,quantile,0.65,0.0018801631243831809
2026-09-19,wk inc covid prop ed visits,1,2026-09-26,46,quantile,0.7,0.0019744820721331116
2026-09-19,wk inc covid prop ed visits,1,2026-09-26,46,quantile,0.75,0.0020798438995111297
2026-09-19,wk inc covid prop ed visits,1,2026-09-26,46,quantile,0.8,0.0021805128558408104
2026-09-19,wk inc covid prop ed visits,1,2026-09-26,46,quantile,0.85,0.002302250907755967
2026-09-19,wk inc covid prop ed visits,1,2026-09-26,46,quantile,0.9,0.002503138322615679
2026-09-19,wk inc covid prop ed visits,1,2026-09-26,46,quantile,0.95,0.002745002966998426
2026-09-19,wk inc covid prop ed visits,1,2026-09-26,46,quantile,0.975,0.002996140363500946
2026-09-19,wk inc covid prop ed visits,1,2026-09-26,46,quantile,0.99,0.003325803699143675
2026-09-19,wk inc covid prop ed visits,1,2026-09-26,47,quantile,0.01,0.002362809676388891
2026-09-19,wk inc covid prop ed visits,1,2026-09-26,47,quantile,0.025,0.0026415084784764424
2026-09-19,wk inc covid prop ed visits,1,2026-09-26,47,quantile,0.05,0.002900742728296728
2026-09-19,wk inc covid prop ed visits,1,2026-09-26,47,quantile,0.1,0.003182243987830666
2026-09-19,wk inc covid prop ed visits,1,2026-09-26,47,quantile,0.15,0.0034063439828991193
2026-09-19,wk inc covid prop ed visits,1,2026-09-26,47,quantile,0.2,0.0036105109232968517
2026-09-19,wk inc covid prop ed visits,1,2026-09-26,47,quantile,0.25,0.003764479530408104
2026-09-19,wk inc covid prop ed visits,1,2026-09-26,47,quantile,0.3,0.0039302041446765985
2026-09-19,wk inc covid prop ed visits,1,2026-09-26,47,quantile,0.35,0.004084218965349036
2026-09-19,wk inc covid prop ed visits,1,2026-09-26,47,quantile,0.4,0.0042389633746063035
2026-09-19,wk inc covid prop ed visits,1,2026-09-26,47,quantile,0.45,0.004392470958316926
2026-09-19,wk inc covid prop ed visits,1,2026-09-26,47,quantile,0.5,0.004555934145435963
2026-09-19,wk inc covid prop ed visits,1,2026-09-26,47,quantile,0.55,0.0047059752626931965
2026-09-19,wk inc covid prop ed visits,1,2026-09-26,47,quantile,0.6,0.004871890211333174
2026-09-19,wk inc covid prop ed visits,1,2026-09-26,47,quantile,0.65,0.005027591013820595
2026-09-19,wk inc covid prop ed visits,1,2026-09-26,47,quantile,0.7,0.005206233103678829
2026-09-19,wk inc covid prop ed visits,1,2026-09-26,47,quantile,0.75,0.005399035278252937
2026-09-19,wk inc covid prop ed visits,1,2026-09-26,47,quantile,0.8,0.0056105413656139125
2026-09-19,wk inc covid prop ed visits,1,2026-09-26,47,quantile,0.85,0.005879376938848266
2026-09-19,wk inc covid prop ed visits,1,2026-09-26,47,quantile,0.9,0.006219232309252385
2026-09-19,wk inc covid prop ed visits,1,2026-09-26,47,quantile,0.95,0.006804450666683806
2026-09-19,wk inc covid prop ed visits,1,2026-09-26,47,quantile,0.975,0.007313577698834142
2026-09-19,wk inc covid prop ed visits,1,2026-09-26,47,quantile,0.99,0.008084428568679324
2026-09-19,wk inc covid prop ed visits,1,2026-09-26,48,quantile,0.01,0.0064407698060831905
2026-09-19,wk inc covid prop ed visits,1,2026-09-26,48,quantile,0.025,0.007029337709025026
2026-09-19,wk inc covid prop ed visits,1,2026-09-26,48,quantile,0.05,0.007580610529688195
2026-09-19,wk inc covid prop ed visits,1,2026-09-26,48,quantile,0.1,0.008165275233453282
2026-09-19,wk inc covid prop ed visits,1,2026-09-26,48,quantile,0.15,0.00865958457599283
2026-09-19,wk inc covid prop ed visits,1,2026-09-26,48,quantile,0.2,0.009015891190138611
2026-09-19,wk inc covid prop ed visits,1,2026-09-26,48,quantile,0.25,0.009416332618610948
2026-09-19,wk inc covid prop ed visits,1,2026-09-26,48,quantile,0.3,0.009744190636358292
2026-09-19,wk inc covid prop ed visits,1,2026-09-26,48,quantile,0.35,0.010057876498325959
2026-09-19,wk inc covid prop ed visits,1,2026-09-26,48,quantile,0.4,0.010388158960202263
2026-09-19,wk inc covid prop ed visits,1,2026-09-26,48,quantile,0.45,0.010710705220153851
2026-09-19,wk inc covid prop ed visits,1,2026-09-26,48,quantile,0.5,0.011048468975295302
2026-09-19,wk inc covid prop ed visits,1,2026-09-26,48,quantile,0.55,0.011367054619923836
2026-09-19,wk inc covid prop ed visits,1,2026-09-26,48,quantile,0.6,0.011681529640888432
2026-09-19,wk inc covid prop ed visits,1,2026-09-26,48,quantile,0.65,0.012037356677553509
2026-09-19,wk inc covid prop ed visits,1,2026-09-26,48,quantile,0.7,0.012370686168407542
2026-09-19,wk inc covid prop ed visits,1,2026-09-26,48,quantile,0.75,0.012792985668275726
2026-09-19,wk inc covid prop ed visits,1,2026-09-26,48,quantile,0.8,0.013284603688694045
2026-09-19,wk inc covid prop ed visits,1,2026-09-26,48,quantile,0.85,0.013770194934013618
2026-09-19,wk inc covid prop ed visits,1,2026-09-26,48,quantile,0.9,0.014490037678154889
2026-09-19,wk inc covid prop ed visits,1,2026-09-26,48,quantile,0.95,0.01575602798675369
2026-09-19,wk inc covid prop ed visits,1,2026-09-26,48,quantile,0.975,0.016940624638641953
2026-09-19,wk inc covid prop ed visits,1,2026-09-26,48,quantile,0.99,0.01826263534682752
2026-09-19,wk inc covid prop ed visits,1,2026-09-26,49,quantile,0.01,0.0012276960485440476
2026-09-19,wk inc covid prop ed visits,1,2026-09-26,49,quantile,0.025,0.0013796286560776231
2026-09-19,wk inc covid prop ed visits,1,2026-09-26,49,quantile,0.05,0.0015343040289251056
2026-09-19,wk inc covid prop ed visits,1,2026-09-26,49,quantile,0.1,0.0017373124381560015
2026-09-19,wk inc covid prop ed visits,1,2026-09-26,49,quantile,0.15,0.001869442949879098
2026-09-19,wk inc covid prop ed visits,1,2026-09-26,49,quantile,0.2,0.001991541112011618
2026-09-19,wk inc covid prop ed visits,1,2026-09-26,49,quantile,0.25,0.0020968350015913534
2026-09-19,wk inc covid prop ed visits,1,2026-09-26,49,quantile,0.3,0.002198404574156184
2026-09-19,wk inc covid prop ed visits,1,2026-09-26,49,quantile,0.35,0.002296081268557677
2026-09-19,wk inc covid prop ed visits,1,2026-09-26,49,quantile,0.4,0.00239015970174051
2026-09-19,wk inc covid prop ed visits,1,2026-09-26,49,quantile,0.45,0.0024933877324201962
2026-09-19,wk inc covid prop ed visits,1,2026-09-26,49,quantile,0.5,0.002589554406149256
2026-09-19,wk inc covid prop ed visits,1,2026-09-26,49,quantile,0.55,0.002684231327895934
2026-09-19,wk inc covid prop ed visits,1,2026-09-26,49,quantile,0.6,0.0027847119901854437
2026-09-19,wk inc covid prop ed visits,1,2026-09-26,49,quantile,0.65,0.002902415311181861
2026-09-19,wk inc covid prop ed visits,1,2026-09-26,49,quantile,0.7,0.003024902944517749
2026-09-19,wk inc covid prop ed visits,1,2026-09-26,49,quantile,0.75,0.0031535890724624944
2026-09-19,wk inc covid prop ed visits,1,2026-09-26,49,quantile,0.8,0.0032909724673747414
2026-09-19,wk inc covid prop ed visits,1,2026-09-26,49,quantile,0.85,0.003479777008871199
2026-09-19,wk inc covid prop ed visits,1,2026-09-26,49,quantile,0.9,0.0037036236343624407
2026-09-19,wk inc covid prop ed visits,1,2026-09-26,49,quantile,0.95,0.004081854335393375
2026-09-19,wk inc covid prop ed visits,1,2026-09-26,49,quantile,0.975,0.004448945214529742
2026-09-19,wk inc covid prop ed visits,1,2026-09-26,49,quantile,0.99,0.004945354848975216
2026-09-19,wk inc covid prop ed visits,1,2026-09-26,50,quantile,0.01,6.205561357504316e-4
2026-09-19,wk inc covid prop ed visits,1,2026-09-26,50,quantile,0.025,7.186049358634641e-4
2026-09-19,wk inc covid prop ed visits,1,2026-09-26,50,quantile,0.05,8.251941105584054e-4
2026-09-19,wk inc covid prop ed visits,1,2026-09-26,50,quantile,0.1,9.594859739492863e-4
2026-09-19,wk inc covid prop ed visits,1,2026-09-26,50,quantile,0.15,0.0010599690700021716
2026-09-19,wk inc covid prop ed visits,1,2026-09-26,50,quantile,0.2,0.001141642552354798
2026-09-19,wk inc covid prop ed visits,1,2026-09-26,50,quantile,0.25,0.001211851762934455
2026-09-19,wk inc covid prop ed visits,1,2026-09-26,50,quantile,0.3,0.0012780099680187943
2026-09-19,wk inc covid prop ed visits,1,2026-09-26,50,quantile,0.35,0.0013432481240126762
2026-09-19,wk inc covid prop ed visits,1,2026-09-26,50,quantile,0.4,0.001420908452175193
2026-09-19,wk inc covid prop ed visits,1,2026-09-26,50,quantile,0.45,0.001480037742164007
2026-09-19,wk inc covid prop ed visits,1,2026-09-26,50,quantile,0.5,0.0015439566930142879
2026-09-19,wk inc covid prop ed visits,1,2026-09-26,50,quantile,0.55,0.0016099979851870371
2026-09-19,wk inc covid prop ed visits,1,2026-09-26,50,quantile,0.6,0.0016771631517286823
2026-09-19,wk inc covid prop ed visits,1,2026-09-26,50,quantile,0.65,0.0017513283901017598
2026-09-19,wk inc covid prop ed visits,1,2026-09-26,50,quantile,0.7,0.001827711426027438
2026-09-19,wk inc covid prop ed visits,1,2026-09-26,50,quantile,0.75,0.0019142245934256675
2026-09-19,wk inc covid prop ed visits,1,2026-09-26,50,quantile,0.8,0.0020213659297835724
2026-09-19,wk inc covid prop ed visits,1,2026-09-26,50,quantile,0.85,0.002150216151069503
2026-09-19,wk inc covid prop ed visits,1,2026-09-26,50,quantile,0.9,0.0023241959413917773
2026-09-19,wk inc covid prop ed visits,1,2026-09-26,50,quantile,0.95,0.002578592893473043
2026-09-19,wk inc covid prop ed visits,1,2026-09-26,50,quantile,0.975,0.0028323085606486984
2026-09-19,wk inc covid prop ed visits,1,2026-09-26,50,quantile,0.99,0.0031444168383914046
2026-09-19,wk inc covid prop ed visits,1,2026-09-26,51,quantile,0.01,0.0023005678998352427
2026-09-19,wk inc covid prop ed visits,1,2026-09-26,51,quantile,0.025,0.002544029147629053
2026-09-19,wk inc covid prop ed visits,1,2026-09-26,51,quantile,0.05,0.0028059435528327223
2026-09-19,wk inc covid prop ed visits,1,2026-09-26,51,quantile,0.1,0.003091575763341366
2026-09-19,wk inc covid prop ed visits,1,2026-09-26,51,quantile,0.15,0.003328857828411866
2026-09-19,wk inc covid prop ed visits,1,2026-09-26,51,quantile,0.2,0.0035064417266020744
2026-09-19,wk inc covid prop ed visits,1,2026-09-26,51,quantile,0.25,0.003658681385575252
2026-09-19,wk inc covid prop ed visits,1,2026-09-26,51,quantile,0.3,0.0038195598195983394
2026-09-19,wk inc covid prop ed visits,1,2026-09-26,51,quantile,0.35,0.003965248535220404
2026-09-19,wk inc covid prop ed visits,1,2026-09-26,51,quantile,0.4,0.004124863928654396
2026-09-19,wk inc covid prop ed visits,1,2026-09-26,51,quantile,0.45,0.004262255953136274
2026-09-19,wk inc covid prop ed visits,1,2026-09-26,51,quantile,0.5,0.004393864343388244
2026-09-19,wk inc covid prop ed visits,1,2026-09-26,51,quantile,0.55,0.004544913417627167
2026-09-19,wk inc covid prop ed visits,1,2026-09-26,51,quantile,0.6,0.004708202203277967
2026-09-19,wk inc covid prop ed visits,1,2026-09-26,51,quantile,0.65,0.004862335290514819
2026-09-19,wk inc covid prop ed visits,1,2026-09-26,51,quantile,0.7,0.005050945986572512
2026-09-19,wk inc covid prop ed visits,1,2026-09-26,51,quantile,0.75,0.005242312045116078
2026-09-19,wk inc covid prop ed visits,1,2026-09-26,51,quantile,0.8,0.00547168959473978
2026-09-19,wk inc covid prop ed visits,1,2026-09-26,51,quantile,0.85,0.00575207002289386
2026-09-19,wk inc covid prop ed visits,1,2026-09-26,51,quantile,0.9,0.00609432280856688
2026-09-19,wk inc covid prop ed visits,1,2026-09-26,51,quantile,0.95,0.006673866739216149
2026-09-19,wk inc covid prop ed visits,1,2026-09-26,51,quantile,0.975,0.007177366053627892
2026-09-19,wk inc covid prop ed visits,1,2026-09-26,51,quantile,0.99,0.007833031640780166
2026-09-19,wk inc covid prop ed visits,1,2026-09-26,53,quantile,0.01,0.0035081343291391773
2026-09-19,wk inc covid prop ed visits,1,2026-09-26,53,quantile,0.025,0.0038623482133985925
2026-09-19,wk inc covid prop ed visits,1,2026-09-26,53,quantile,0.05,0.0042566750204974056
2026-09-19,wk inc covid prop ed visits,1,2026-09-26,53,quantile,0.1,0.004662189203585165
2026-09-19,wk inc covid prop ed visits,1,2026-09-26,53,quantile,0.15,0.00494913602858359
2026-09-19,wk inc covid prop ed visits,1,2026-09-26,53,quantile,0.2,0.005201233349796516
2026-09-19,wk inc covid prop ed visits,1,2026-09-26,53,quantile,0.25,0.005418483148667174
2026-09-19,wk inc covid prop ed visits,1,2026-09-26,53,quantile,0.3,0.005628835143776508
2026-09-19,wk inc covid prop ed visits,1,2026-09-26,53,quantile,0.35,0.00582657471107313
2026-09-19,wk inc covid prop ed visits,1,2026-09-26,53,quantile,0.4,0.006007648004204415
2026-09-19,wk inc covid prop ed visits,1,2026-09-26,53,quantile,0.45,0.006200698472659582
2026-09-19,wk inc covid prop ed visits,1,2026-09-26,53,quantile,0.5,0.006405774602439698
2026-09-19,wk inc covid prop ed visits,1,2026-09-26,53,quantile,0.55,0.006610028893947882
2026-09-19,wk inc covid prop ed visits,1,2026-09-26,53,quantile,0.6,0.006842629730432263
2026-09-19,wk inc covid prop ed visits,1,2026-09-26,53,quantile,0.65,0.007045051545681337
2026-09-19,wk inc covid prop ed visits,1,2026-09-26,53,quantile,0.7,0.007305325217311797
2026-09-19,wk inc covid prop ed visits,1,2026-09-26,53,quantile,0.75,0.007583663166927599
2026-09-19,wk inc covid prop ed visits,1,2026-09-26,53,quantile,0.8,0.007878583803571381
2026-09-19,wk inc covid prop ed visits,1,2026-09-26,53,quantile,0.85,0.008247385036257437
2026-09-19,wk inc covid prop ed visits,1,2026-09-26,53,quantile,0.9,0.008734612213175398
2026-09-19,wk inc covid prop ed visits,1,2026-09-26,53,quantile,0.95,0.00949912750390875
2026-09-19,wk inc covid prop ed visits,1,2026-09-26,53,quantile,0.975,0.010233569174523694
2026-09-19,wk inc covid prop ed visits,1,2026-09-26,53,quantile,0.99,0.011144963990690749
2026-09-19,wk inc covid prop ed visits,1,2026-09-26,54,quantile,0.01,0.001001052602084161
2026-09-19,wk inc covid prop ed visits,1,2026-09-26,54,quantile,0.025,0.0011589493654574807
2026-09-19,wk inc covid prop ed visits,1,2026-09-26,54,quantile,0.05,0.0012944963348669304
2026-09-19,wk inc covid prop ed visits,1,2026-09-26,54,quantile,0.1,0.0014897378180844735
2026-09-19,wk inc covid prop ed visits,1,2026-09-26,54,quantile,0.15,0.0016031840667432085
2026-09-19,wk inc covid prop ed visits,1,2026-09-26,54,quantile,0.2,0.0017239785529876114
2026-09-19,wk inc covid prop ed visits,1,2026-09-26,54,quantile,0.25,0.0018187004388076355
2026-09-19,wk inc covid prop ed visits,1,2026-09-26,54,quantile,0.3,0.0019124647075663922
2026-09-19,wk inc covid prop ed visits,1,2026-09-26,54,quantile,0.35,0.002001083338226852
2026-09-19,wk inc covid prop ed visits,1,2026-09-26,54,quantile,0.4,0.002079969286479309
2026-09-19,wk inc covid prop ed visits,1,2026-09-26,54,quantile,0.45,0.002162969489225436
2026-09-19,wk inc covid prop ed visits,1,2026-09-26,54,quantile,0.5,0.0022484568923168452
2026-09-19,wk inc covid prop ed visits,1,2026-09-26,54,quantile,0.55,0.0023403527203260132
2026-09-19,wk inc covid prop ed visits,1,2026-09-26,54,quantile,0.6,0.002434960113725989
2026-09-19,wk inc covid prop ed visits,1,2026-09-26,54,quantile,0.65,0.0025250429019027364
2026-09-19,wk inc covid prop ed visits,1,2026-09-26,54,quantile,0.7,0.002630640309364468
2026-09-19,wk inc covid prop ed visits,1,2026-09-26,54,quantile,0.75,0.002766589252700816
2026-09-19,wk inc covid prop ed visits,1,2026-09-26,54,quantile,0.8,0.002905129432959522
2026-09-19,wk inc covid prop ed visits,1,2026-09-26,54,quantile,0.85,0.0030591055641202487
2026-09-19,wk inc covid prop ed visits,1,2026-09-26,54,quantile,0.9,0.0032422349448874422
2026-09-19,wk inc covid prop ed visits,1,2026-09-26,54,quantile,0.95,0.003550690211877499
2026-09-19,wk inc covid prop ed visits,1,2026-09-26,54,quantile,0.975,0.0038378885660405758
2026-09-19,wk inc covid prop ed visits,1,2026-09-26,54,quantile,0.99,0.004193431306966909
2026-09-19,wk inc covid prop ed visits,1,2026-09-26,55,quantile,0.01,4.409866826711431e-4
2026-09-19,wk inc covid prop ed visits,1,2026-09-26,55,quantile,0.025,5.38443001053647e-4
2026-09-19,wk inc covid prop ed visits,1,2026-09-26,55,quantile,0.05,6.348318135994396e-4
2026-09-19,wk inc covid prop ed visits,1,2026-09-26,55,quantile,0.1,7.381006476868817e-4
2026-09-19,wk inc covid prop ed visits,1,2026-09-26,55,quantile,0.15,8.196383994444415e-4
2026-09-19,wk inc covid prop ed visits,1,2026-09-26,55,quantile,0.2,8.870415980379506e-4
2026-09-19,wk inc covid prop ed visits,1,2026-09-26,55,quantile,0.25,9.453513227885292e-4
2026-09-19,wk inc covid prop ed visits,1,2026-09-26,55,quantile,0.3,0.001005796673175805
2026-09-19,wk inc covid prop ed visits,1,2026-09-26,55,quantile,0.35,0.001064010559293741
2026-09-19,wk inc covid prop ed visits,1,2026-09-26,55,quantile,0.4,0.001120577513165404
2026-09-19,wk inc covid prop ed visits,1,2026-09-26,55,quantile,0.45,0.001183797652302961
2026-09-19,wk inc covid prop ed visits,1,2026-09-26,55,quantile,0.5,0.0012396131864322786
2026-09-19,wk inc covid prop ed visits,1,2026-09-26,55,quantile,0.55,0.0013026480143280216
2026-09-19,wk inc covid prop ed visits,1,2026-09-26,55,quantile,0.6,0.0013662468675590097
2026-09-19,wk inc covid prop ed visits,1,2026-09-26,55,quantile,0.65,0.001431866590447189
2026-09-19,wk inc covid prop ed visits,1,2026-09-26,55,quantile,0.7,0.001500512949544301
2026-09-19,wk inc covid prop ed visits,1,2026-09-26,55,quantile,0.75,0.001575546529574233
2026-09-19,wk inc covid prop ed visits,1,2026-09-26,55,quantile,0.8,0.0016674014492821278
2026-09-19,wk inc covid prop ed visits,1,2026-09-26,55,quantile,0.85,0.0017701123469684545
2026-09-19,wk inc covid prop ed visits,1,2026-09-26,55,quantile,0.9,0.0019221817515635183
2026-09-19,wk inc covid prop ed visits,1,2026-09-26,55,quantile,0.95,0.002143559320937003
2026-09-19,wk inc covid prop ed visits,1,2026-09-26,55,quantile,0.975,0.0023507799447266458
2026-09-19,wk inc covid prop ed visits,1,2026-09-26,55,quantile,0.99,0.002666697258459152
2026-09-19,wk inc covid prop ed visits,1,2026-09-26,US,quantile,0.01,0.002682670445976674
2026-09-19,wk inc covid prop ed visits,1,2026-09-26,US,quantile,0.025,0.003026675568011127
2026-09-19,wk inc covid prop ed visits,1,2026-09-26,US,quantile,0.05,0.003349744358734611
2026-09-19,wk inc covid prop ed visits,1,2026-09-26,US,quantile,0.1,0.0036821967201107297
2026-09-19,wk inc covid prop ed visits,1,2026-09-26,US,quantile,0.15,0.0039197274104251275
2026-09-19,wk inc covid prop ed visits,1,2026-09-26,US,quantile,0.2,0.004127479432922427
2026-09-19,wk inc covid prop ed visits,1,2026-09-26,US,quantile,0.25,0.0042912494956824955
2026-09-19,wk inc covid prop ed visits,1,2026-09-26,US,quantile,0.3,0.0044692986751603166
2026-09-19,wk inc covid prop ed visits,1,2026-09-26,US,quantile,0.35,0.004623764629435733
2026-09-19,wk inc covid prop ed visits,1,2026-09-26,US,quantile,0.4,0.004783723020516397
2026-09-19,wk inc covid prop ed visits,1,2026-09-26,US,quantile,0.45,0.004937482300534174
2026-09-19,wk inc covid prop ed visits,1,2026-09-26,US,quantile,0.5,0.0050990692875196
2026-09-19,wk inc covid prop ed visits,1,2026-09-26,US,quantile,0.55,0.005272713421617078
2026-09-19,wk inc covid prop ed visits,1,2026-09-26,US,quantile,0.6,0.005432785024869005
2026-09-19,wk inc covid prop ed visits,1,2026-09-26,US,quantile,0.65,0.005584909088589621
2026-09-19,wk inc covid prop ed visits,1,2026-09-26,US,quantile,0.7,0.0057852770950664305
2026-09-19,wk inc covid prop ed visits,1,2026-09-26,US,quantile,0.75,0.0059897144897680865
2026-09-19,wk inc covid prop ed visits,1,2026-09-26,US,quantile,0.8,0.006215175296085457
2026-09-19,wk inc covid prop ed visits,1,2026-09-26,US,quantile,0.85,0.006494206558980981
2026-09-19,wk inc covid prop ed visits,1,2026-09-26,US,quantile,0.9,0.006932629383441665
2026-09-19,wk inc covid prop ed visits,1,2026-09-26,US,quantile,0.95,0.007653142249975075
2026-09-19,wk inc covid prop ed visits,1,2026-09-26,US,quantile,0.975,0.008107788045746266
2026-09-19,wk inc covid prop ed visits,1,2026-09-26,US,quantile,0.99,0.008841651697786052
2026-09-19,wk inc covid prop ed visits,2,2026-10-03,01,quantile,0.01,0.0026645165387574584
2026-09-19,wk inc covid prop ed visits,2,2026-10-03,01,quantile,0.025,0.002998361565605578
2026-09-19,wk inc covid prop ed visits,2,2026-10-03,01,quantile,0.05,0.0032898507927729744
2026-09-19,wk inc covid prop ed visits,2,2026-10-03,01,quantile,0.1,0.0036798823203574543
2026-09-19,wk inc covid prop ed visits,2,2026-10-03,01,quantile,0.15,0.0039429900941447505
2026-09-19,wk inc covid prop ed visits,2,2026-10-03,01,quantile,0.2,0.004185898492296384
2026-09-19,wk inc covid prop ed visits,2,2026-10-03,01,quantile,0.25,0.004427607119191709
2026-09-19,wk inc covid prop ed visits,2,2026-10-03,01,quantile,0.3,0.00463446997181672
2026-09-19,wk inc covid prop ed visits,2,2026-10-03,01,quantile,0.35,0.004837673630038357
2026-09-19,wk inc covid prop ed visits,2,2026-10-03,01,quantile,0.4,0.005040016591597458
2026-09-19,wk inc covid prop ed visits,2,2026-10-03,01,quantile,0.45,0.005243999130350891
2026-09-19,wk inc covid prop ed visits,2,2026-10-03,01,quantile,0.5,0.00544281450181416
2026-09-19,wk inc covid prop ed visits,2,2026-10-03,01,quantile,0.55,0.005646896290320915
2026-09-19,wk inc covid prop ed visits,2,2026-10-03,01,quantile,0.6,0.005845014440375498
2026-09-19,wk inc covid prop ed visits,2,2026-10-03,01,quantile,0.65,0.006056356382016502
2026-09-19,wk inc covid prop ed visits,2,2026-10-03,01,quantile,0.7,0.006271640557857525
2026-09-19,wk inc covid prop ed visits,2,2026-10-03,01,quantile,0.75,0.00652245718089831
2026-09-19,wk inc covid prop ed visits,2,2026-10-03,01,quantile,0.8,0.006857677911858922
2026-09-19,wk inc covid prop ed visits,2,2026-10-03,01,quantile,0.85,0.007240647334823333
2026-09-19,wk inc covid prop ed visits,2,2026-10-03,01,quantile,0.9,0.007709856882628555
2026-09-19,wk inc covid prop ed visits,2,2026-10-03,01,quantile,0.95,0.008500512762506773
2026-09-19,wk inc covid prop ed visits,2,2026-10-03,01,quantile,0.975,0.009173200525645764
2026-09-19,wk inc covid prop ed visits,2,2026-10-03,01,quantile,0.99,0.010389178212561382
2026-09-19,wk inc covid prop ed visits,2,2026-10-03,02,quantile,0.01,0.001463036192679647
2026-09-19,wk inc covid prop ed visits,2,2026-10-03,02,quantile,0.025,0.0016626629681517646
2026-09-19,wk inc covid prop ed visits,2,2026-10-03,02,quantile,0.05,0.0018836432650231993
2026-09-19,wk inc covid prop ed visits,2,2026-10-03,02,quantile,0.1,0.0021184391032074397
2026-09-19,wk inc covid prop ed visits,2,2026-10-03,02,quantile,0.15,0.0022878661997066375
2026-09-19,wk inc covid prop ed visits,2,2026-10-03,02,quantile,0.2,0.002435859372787047
2026-09-19,wk inc covid prop ed visits,2,2026-10-03,02,quantile,0.25,0.002573228427200377
2026-09-19,wk inc covid prop ed visits,2,2026-10-03,02,quantile,0.3,0.0026930569083519675
2026-09-19,wk inc covid prop ed visits,2,2026-10-03,02,quantile,0.35,0.0028245374289522385
2026-09-19,wk inc covid prop ed visits,2,2026-10-03,02,quantile,0.4,0.0029471427234811793
2026-09-19,wk inc covid prop ed visits,2,2026-10-03,02,quantile,0.45,0.0030648433573150875
2026-09-19,wk inc covid prop ed visits,2,2026-10-03,02,quantile,0.5,0.003177315992758557
2026-09-19,wk inc covid prop ed visits,2,2026-10-03,02,quantile,0.55,0.003293409544111856
2026-09-19,wk inc covid prop ed visits,2,2026-10-03,02,quantile,0.6,0.0034263194411520504
2026-09-19,wk inc covid prop ed visits,2,2026-10-03,02,quantile,0.65,0.0035694773930338673
2026-09-19,wk inc covid prop ed visits,2,2026-10-03,02,quantile,0.7,0.003716581771223539
2026-09-19,wk inc covid prop ed visits,2,2026-10-03,02,quantile,0.75,0.003907439511618963
2026-09-19,wk inc covid prop ed visits,2,2026-10-03,02,quantile,0.8,0.004088537003810153
2026-09-19,wk inc covid prop ed visits,2,2026-10-03,02,quantile,0.85,0.004352222251083111
2026-09-19,wk inc covid prop ed visits,2,2026-10-03,02,quantile,0.9,0.004691448156208512
2026-09-19,wk inc covid prop ed visits,2,2026-10-03,02,quantile,0.95,0.005222481837279746
2026-09-19,wk inc covid prop ed visits,2,2026-10-03,02,quantile,0.975,0.0056561500680223685
2026-09-19,wk inc covid prop ed visits,2,2026-10-03,02,quantile,0.99,0.006262428558124573
2026-09-19,wk inc covid prop ed visits,2,2026-10-03,04,quantile,0.01,0.0019877176152376373
2026-09-19,wk inc covid prop ed visits,2,2026-10-03,04,quantile,0.025,0.0022738574727392993
2026-09-19,wk inc covid prop ed visits,2,2026-10-03,04,quantile,0.05,0.0025247347507559976
2026-09-19,wk inc covid prop ed visits,2,2026-10-03,04,quantile,0.1,0.002853302027867439
2026-09-19,wk inc covid prop ed visits,2,2026-10-03,04,quantile,0.15,0.003100546936794021
2026-09-19,wk inc covid prop ed visits,2,2026-10-03,04,quantile,0.2,0.0032916610592321044
2026-09-19,wk inc covid prop ed visits,2,2026-10-03,04,quantile,0.25,0.0034708266243237084
2026-09-19,wk inc covid prop ed visits,2,2026-10-03,04,quantile,0.3,0.003632788919864031
2026-09-19,wk inc covid prop ed visits,2,2026-10-03,04,quantile,0.35,0.0037843347083917917
2026-09-19,wk inc covid prop ed visits,2,2026-10-03,04,quantile,0.4,0.003940674984480437
2026-09-19,wk inc covid prop ed visits,2,2026-10-03,04,quantile,0.45,0.004087030879299472
2026-09-19,wk inc covid prop ed visits,2,2026-10-03,04,quantile,0.5,0.004258621730585704
2026-09-19,wk inc covid prop ed visits,2,2026-10-03,04,quantile,0.55,0.0044039158709056545
2026-09-19,wk inc covid prop ed visits,2,2026-10-03,04,quantile,0.6,0.004568808052114715
2026-09-19,wk inc covid prop ed visits,2,2026-10-03,04,quantile,0.65,0.004749287179929251
2026-09-19,wk inc covid prop ed visits,2,2026-10-03,04,quantile,0.7,0.004954114499952621
2026-09-19,wk inc covid prop ed visits,2,2026-10-03,04,quantile,0.75,0.005185105574822976
2026-09-19,wk inc covid prop ed visits,2,2026-10-03,04,quantile,0.8,0.00543804127982668
2026-09-19,wk inc covid prop ed visits,2,2026-10-03,04,quantile,0.85,0.005755578046273751
2026-09-19,wk inc covid prop ed visits,2,2026-10-03,04,quantile,0.9,0.006175889680763034
2026-09-19,wk inc covid prop ed visits,2,2026-10-03,04,quantile,0.95,0.006856788503537266
2026-09-19,wk inc covid prop ed visits,2,2026-10-03,04,quantile,0.975,0.0073822463885643225
2026-09-19,wk inc covid prop ed visits,2,2026-10-03,04,quantile,0.99,0.008197124278119763
2026-09-19,wk inc covid prop ed visits,2,2026-10-03,05,quantile,0.01,0.001513061525502539
2026-09-19,wk inc covid prop ed visits,2,2026-10-03,05,quantile,0.025,0.0017437050412534055
2026-09-19,wk inc covid prop ed visits,2,2026-10-03,05,quantile,0.05,0.001949646528999521
2026-09-19,wk inc covid prop ed visits,2,2026-10-03,05,quantile,0.1,0.002216223685681987
2026-09-19,wk inc covid prop ed visits,2,2026-10-03,05,quantile,0.15,0.0024191001976389417
2026-09-19,wk inc covid prop ed visits,2,2026-10-03,05,quantile,0.2,0.0025687302954521957
2026-09-19,wk inc covid prop ed visits,2,2026-10-03,05,quantile,0.25,0.0027125770299712654
2026-09-19,wk inc covid prop ed visits,2,2026-10-03,05,quantile,0.3,0.0028386429397345907
2026-09-19,wk inc covid prop ed visits,2,2026-10-03,05,quantile,0.35,0.0029658372472995656
2026-09-19,wk inc covid prop ed visits,2,2026-10-03,05,quantile,0.4,0.003098715880506817
2026-09-19,wk inc covid prop ed visits,2,2026-10-03,05,quantile,0.45,0.0032159545512841507
2026-09-19,wk inc covid prop ed visits,2,2026-10-03,05,quantile,0.5,0.003349560888103912
2026-09-19,wk inc covid prop ed visits,2,2026-10-03,05,quantile,0.55,0.003486211245075674
2026-09-19,wk inc covid prop ed visits,2,2026-10-03,05,quantile,0.6,0.0036187627585878047
2026-09-19,wk inc covid prop ed visits,2,2026-10-03,05,quantile,0.65,0.0037575285813068963
2026-09-19,wk inc covid prop ed visits,2,2026-10-03,05,quantile,0.7,0.0039056218768439514
2026-09-19,wk inc covid prop ed visits,2,2026-10-03,05,quantile,0.75,0.004076598414052876
2026-09-19,wk inc covid prop ed visits,2,2026-10-03,05,quantile,0.8,0.004292172422073475
2026-09-19,wk inc covid prop ed visits,2,2026-10-03,05,quantile,0.85,0.0045610694416474105
2026-09-19,wk inc covid prop ed visits,2,2026-10-03,05,quantile,0.9,0.0049083174156867495
2026-09-19,wk inc covid prop ed visits,2,2026-10-03,05,quantile,0.95,0.005465341961093308
2026-09-19,wk inc covid prop ed visits,2,2026-10-03,05,quantile,0.975,0.005992640687892335
2026-09-19,wk inc covid prop ed visits,2,2026-10-03,05,quantile,0.99,0.006586569745158609
2026-09-19,wk inc covid prop ed visits,2,2026-10-03,06,quantile,0.01,0.002863936925163963
2026-09-19,wk inc covid prop ed visits,2,2026-10-03,06,quantile,0.025,0.0033272084666643434
2026-09-19,wk inc covid prop ed visits,2,2026-10-03,06,quantile,0.05,0.003678315874147667
2026-09-19,wk inc covid prop ed visits,2,2026-10-03,06,quantile,0.1,0.004111771300434234
2026-09-19,wk inc covid prop ed visits,2,2026-10-03,06,quantile,0.15,0.00440491699485229
2026-09-19,wk inc covid prop ed visits,2,2026-10-03,06,quantile,0.2,0.004674848336521523
2026-09-19,wk inc covid prop ed visits,2,2026-10-03,06,quantile,0.25,0.0049193567809913685
2026-09-19,wk inc covid prop ed visits,2,2026-10-03,06,quantile,0.3,0.00512653587022263
2026-09-19,wk inc covid prop ed visits,2,2026-10-03,06,quantile,0.35,0.005330407952582269
2026-09-19,wk inc covid prop ed visits,2,2026-10-03,06,quantile,0.4,0.005537455092653925
2026-09-19,wk inc covid prop ed visits,2,2026-10-03,06,quantile,0.45,0.005744867210967336
2026-09-19,wk inc covid prop ed visits,2,2026-10-03,06,quantile,0.5,0.005961868859758926
2026-09-19,wk inc covid prop ed visits,2,2026-10-03,06,quantile,0.55,0.006169160695450775
2026-09-19,wk inc covid prop ed visits,2,2026-10-03,06,quantile,0.6,0.006400063646925113
2026-09-19,wk inc covid prop ed visits,2,2026-10-03,06,quantile,0.65,0.0066222863725241
2026-09-19,wk inc covid prop ed visits,2,2026-10-03,06,quantile,0.7,0.006892208106703525
2026-09-19,wk inc covid prop ed visits,2,2026-10-03,06,quantile,0.75,0.007207293914674607
2026-09-19,wk inc covid prop ed visits,2,2026-10-03,06,quantile,0.8,0.007561087973403868
2026-09-19,wk inc covid prop ed visits,2,2026-10-03,06,quantile,0.85,0.007958670100256407
2026-09-19,wk inc covid prop ed visits,2,2026-10-03,06,quantile,0.9,0.008484351921546111
2026-09-19,wk inc covid prop ed visits,2,2026-10-03,06,quantile,0.95,0.009331905175822754
2026-09-19,wk inc covid prop ed visits,2,2026-10-03,06,quantile,0.975,0.009988007859254848
2026-09-19,wk inc covid prop ed visits,2,2026-10-03,06,quantile,0.99,0.010953688792163704
2026-09-19,wk inc covid prop ed visits,2,2026-10-03,08,quantile,0.01,7.07326531181681e-4
2026-09-19,wk inc covid prop ed visits,2,2026-10-03,08,quantile,0.025,8.19504215868678e-4
2026-09-19,wk inc covid prop ed visits,2,2026-10-03,08,quantile,0.05,9.443186300104535e-4
2026-09-19,wk inc covid prop ed visits,2,2026-10-03,08,quantile,0.1,0.0011137641374714946
2026-09-19,wk inc covid prop ed visits,2,2026-10-03,08,quantile,0.15,0.001232799958527589
2026-09-19,wk inc covid prop ed visits,2,2026-10-03,08,quantile,0.2,0.0013397731375448716
2026-09-19,wk inc covid prop ed visits,2,2026-10-03,08,quantile,0.25,0.0014207949942201818
2026-09-19,wk inc covid prop ed visits,2,2026-10-03,08,quantile,0.3,0.0014982920947447579
2026-09-19,wk inc covid prop ed visits,2,2026-10-03,08,quantile,0.35,0.0015840294742186832
2026-09-19,wk inc covid prop ed visits,2,2026-10-03,08,quantile,0.4,0.001662798213795363
2026-09-19,wk inc covid prop ed visits,2,2026-10-03,08,quantile,0.45,0.001741410147227238
2026-09-19,wk inc covid prop ed visits,2,2026-10-03,08,quantile,0.5,0.001829629710420474
2026-09-19,wk inc covid prop ed visits,2,2026-10-03,08,quantile,0.55,0.0019153523561824465
2026-09-19,wk inc covid prop ed visits,2,2026-10-03,08,quantile,0.6,0.0019953559394883438
2026-09-19,wk inc covid prop ed visits,2,2026-10-03,08,quantile,0.65,0.0020787923546044034
2026-09-19,wk inc covid prop ed visits,2,2026-10-03,08,quantile,0.7,0.0021776233241190797
2026-09-19,wk inc covid prop ed visits,2,2026-10-03,08,quantile,0.75,0.002297790275362712
2026-09-19,wk inc covid prop ed visits,2,2026-10-03,08,quantile,0.8,0.0024188206805389246
2026-09-19,wk inc covid prop ed visits,2,2026-10-03,08,quantile,0.85,0.002565861733565239
2026-09-19,wk inc covid prop ed visits,2,2026-10-03,08,quantile,0.9,0.002773720845135193
2026-09-19,wk inc covid prop ed visits,2,2026-10-03,08,quantile,0.95,0.0031048485951468254
2026-09-19,wk inc covid prop ed visits,2,2026-10-03,08,quantile,0.975,0.0034175285340323058
2026-09-19,wk inc covid prop ed visits,2,2026-10-03,08,quantile,0.99,0.003734282915397628
2026-09-19,wk inc covid prop ed visits,2,2026-10-03,09,quantile,0.01,0.0014393291455280669
2026-09-19,wk inc covid prop ed visits,2,2026-10-03,09,quantile,0.025,0.0016532283724497998
2026-09-19,wk inc covid prop ed visits,2,2026-10-03,09,quantile,0.05,0.0018413701660733033
2026-09-19,wk inc covid prop ed visits,2,2026-10-03,09,quantile,0.1,0.0021223135638672296
2026-09-19,wk inc covid prop ed visits,2,2026-10-03,09,quantile,0.15,0.002318270639664431
2026-09-19,wk inc covid prop ed visits,2,2026-10-03,09,quantile,0.2,0.0024815095676598937
2026-09-19,wk inc covid prop ed visits,2,2026-10-03,09,quantile,0.25,0.0026159183668447157
2026-09-19,wk inc covid prop ed visits,2,2026-10-03,09,quantile,0.3,0.00274622224399591
2026-09-19,wk inc covid prop ed visits,2,2026-10-03,09,quantile,0.35,0.0028608718540618647
2026-09-19,wk inc covid prop ed visits,2,2026-10-03,09,quantile,0.4,0.002973972687045302
2026-09-19,wk inc covid prop ed visits,2,2026-10-03,09,quantile,0.45,0.0030974079784946945
2026-09-19,wk inc covid prop ed visits,2,2026-10-03,09,quantile,0.5,0.0032395380138845976
2026-09-19,wk inc covid prop ed visits,2,2026-10-03,09,quantile,0.55,0.0033818092233982014
2026-09-19,wk inc covid prop ed visits,2,2026-10-03,09,quantile,0.6,0.0035192984263242794
2026-09-19,wk inc covid prop ed visits,2,2026-10-03,09,quantile,0.65,0.0036573133028260174
2026-09-19,wk inc covid prop ed visits,2,2026-10-03,09,quantile,0.7,0.0038002328360065567
2026-09-19,wk inc covid prop ed visits,2,2026-10-03,09,quantile,0.75,0.0039935476793616885
2026-09-19,wk inc covid prop ed visits,2,2026-10-03,09,quantile,0.8,0.004185368098815315
2026-09-19,wk inc covid prop ed visits,2,2026-10-03,09,quantile,0.85,0.004452048173642999
2026-09-19,wk inc covid prop ed visits,2,2026-10-03,09,quantile,0.9,0.00478463182714536
2026-09-19,wk inc covid prop ed visits,2,2026-10-03,09,quantile,0.95,0.0053447802162838775
2026-09-19,wk inc covid prop ed visits,2,2026-10-03,09,quantile,0.975,0.005772151567269396
2026-09-19,wk inc covid prop ed visits,2,2026-10-03,09,quantile,0.99,0.0064073070759326015
2026-09-19,wk inc covid prop ed visits,2,2026-10-03,10,quantile,0.01,0.001131176559799927
2026-09-19,wk inc covid prop ed visits,2,2026-10-03,10,quantile,0.025,0.0012865236458977176
2026-09-19,wk inc covid prop ed visits,2,2026-10-03,10,quantile,0.05,0.001478667486414296
2026-09-19,wk inc covid prop ed visits,2,2026-10-03,10,quantile,0.1,0.0017026567760539007
2026-09-19,wk inc covid prop ed visits,2,2026-10-03,10,quantile,0.15,0.0018415075972622278
2026-09-19,wk inc covid prop ed visits,2,2026-10-03,10,quantile,0.2,0.0019822518320174697
2026-09-19,wk inc covid prop ed visits,2,2026-10-03,10,quantile,0.25,0.002116799713704811
2026-09-19,wk inc covid prop ed visits,2,2026-10-03,10,quantile,0.3,0.0022254017033646947
2026-09-19,wk inc covid prop ed visits,2,2026-10-03,10,quantile,0.35,0.0023344989817305544
2026-09-19,wk inc covid prop ed visits,2,2026-10-03,10,quantile,0.4,0.0024342413520506085
2026-09-19,wk inc covid prop ed visits,2,2026-10-03,10,quantile,0.45,0.0025353914436041913
2026-09-19,wk inc covid prop ed visits,2,2026-10-03,10,quantile,0.5,0.0026503745068851055
2026-09-19,wk inc covid prop ed visits,2,2026-10-03,10,quantile,0.55,0.0027564726459588995
2026-09-19,wk inc covid prop ed visits,2,2026-10-03,10,quantile,0.6,0.0028676588851391793
2026-09-19,wk inc covid prop ed visits,2,2026-10-03,10,quantile,0.65,0.002975781279130182
2026-09-19,wk inc covid prop ed visits,2,2026-10-03,10,quantile,0.7,0.00311457773722723
2026-09-19,wk inc covid prop ed visits,2,2026-10-03,10,quantile,0.75,0.0032531712704869497
2026-09-19,wk inc covid prop ed visits,2,2026-10-03,10,quantile,0.8,0.0034377113715109374
2026-09-19,wk inc covid prop ed visits,2,2026-10-03,10,quantile,0.85,0.00367763246278425
2026-09-19,wk inc covid prop ed visits,2,2026-10-03,10,quantile,0.9,0.003968272163653434
2026-09-19,wk inc covid prop ed visits,2,2026-10-03,10,quantile,0.95,0.004438010235239163
2026-09-19,wk inc covid prop ed visits,2,2026-10-03,10,quantile,0.975,0.004869545570349297
2026-09-19,wk inc covid prop ed visits,2,2026-10-03,10,quantile,0.99,0.005349171199556568
2026-09-19,wk inc covid prop ed visits,2,2026-10-03,11,quantile,0.01,5.389607741436414e-4
2026-09-19,wk inc covid prop ed visits,2,2026-10-03,11,quantile,0.025,6.42154666253149e-4
2026-09-19,wk inc covid prop ed visits,2,2026-10-03,11,quantile,0.05,7.438488361326196e-4
2026-09-19,wk inc covid prop ed visits,2,2026-10-03,11,quantile,0.1,8.566809778143285e-4
2026-09-19,wk inc covid prop ed visits,2,2026-10-03,11,quantile,0.15,9.571223114806492e-4
2026-09-19,wk inc covid prop ed visits,2,2026-10-03,11,quantile,0.2,0.001045500825856009
2026-09-19,wk inc covid prop ed visits,2,2026-10-03,11,quantile,0.25,0.0011085975069121058
2026-09-19,wk inc covid prop ed visits,2,2026-10-03,11,quantile,0.3,0.00117895867507254
2026-09-19,wk inc covid prop ed visits,2,2026-10-03,11,quantile,0.35,0.0012394662592561272
2026-09-19,wk inc covid prop ed visits,2,2026-10-03,11,quantile,0.4,0.0013038478297085505
2026-09-19,wk inc covid prop ed visits,2,2026-10-03,11,quantile,0.45,0.0013693991180659605
2026-09-19,wk inc covid prop ed visits,2,2026-10-03,11,quantile,0.5,0.0014314655108293183
2026-09-19,wk inc covid prop ed visits,2,2026-10-03,11,quantile,0.55,0.0015048353969234947
2026-09-19,wk inc covid prop ed visits,2,2026-10-03,11,quantile,0.6,0.001573974565588394
2026-09-19,wk inc covid prop ed visits,2,2026-10-03,11,quantile,0.65,0.0016589034435078444
2026-09-19,wk inc covid prop ed visits,2,2026-10-03,11,quantile,0.7,0.0017438783885008685
2026-09-19,wk inc covid prop ed visits,2,2026-10-03,11,quantile,0.75,0.0018370309305461457
2026-09-19,wk inc covid prop ed visits,2,2026-10-03,11,quantile,0.8,0.0019423554607464603
2026-09-19,wk inc covid prop ed visits,2,2026-10-03,11,quantile,0.85,0.002078496633225427
2026-09-19,wk inc covid prop ed visits,2,2026-10-03,11,quantile,0.9,0.0022490830184555377
2026-09-19,wk inc covid prop ed visits,2,2026-10-03,11,quantile,0.95,0.0025137288596264315
2026-09-19,wk inc covid prop ed visits,2,2026-10-03,11,quantile,0.975,0.0027699105658435296
2026-09-19,wk inc covid prop ed visits,2,2026-10-03,11,quantile,0.99,0.0031192051576684437
2026-09-19,wk inc covid prop ed visits,2,2026-10-03,12,quantile,0.01,0.0038928606258821466
2026-09-19,wk inc covid prop ed visits,2,2026-10-03,12,quantile,0.025,0.004272436957667698
2026-09-19,wk inc covid prop ed visits,2,2026-10-03,12,quantile,0.05,0.004752490914988411
2026-09-19,wk inc covid prop ed visits,2,2026-10-03,12,quantile,0.1,0.00526800289472809
2026-09-19,wk inc covid prop ed visits,2,2026-10-03,12,quantile,0.15,0.005668039756276309
2026-09-19,wk inc covid prop ed visits,2,2026-10-03,12,quantile,0.2,0.005999998959914637
2026-09-19,wk inc covid prop ed visits,2,2026-10-03,12,quantile,0.25,0.006304298684979621
2026-09-19,wk inc covid prop ed visits,2,2026-10-03,12,quantile,0.3,0.006576319022163344
2026-09-19,wk inc covid prop ed visits,2,2026-10-03,12,quantile,0.35,0.006863588999136092
2026-09-19,wk inc covid prop ed visits,2,2026-10-03,12,quantile,0.4,0.007115014088940693
2026-09-19,wk inc covid prop ed visits,2,2026-10-03,12,quantile,0.45,0.0073781387957309475
2026-09-19,wk inc covid prop ed visits,2,2026-10-03,12,quantile,0.5,0.007610700092671728
2026-09-19,wk inc covid prop ed visits,2,2026-10-03,12,quantile,0.55,0.007864824390949326
2026-09-19,wk inc covid prop ed visits,2,2026-10-03,12,quantile,0.6,0.008159047564441742
2026-09-19,wk inc covid prop ed visits,2,2026-10-03,12,quantile,0.65,0.008451717518550913
2026-09-19,wk inc covid prop ed visits,2,2026-10-03,12,quantile,0.7,0.008766992961858195
2026-09-19,wk inc covid prop ed visits,2,2026-10-03,12,quantile,0.75,0.009168312524885158
2026-09-19,wk inc covid prop ed visits,2,2026-10-03,12,quantile,0.8,0.009569693757660798
2026-09-19,wk inc covid prop ed visits,2,2026-10-03,12,quantile,0.85,0.010055513871626589
2026-09-19,wk inc covid prop ed visits,2,2026-10-03,12,quantile,0.9,0.010716880513306418
2026-09-19,wk inc covid prop ed visits,2,2026-10-03,12,quantile,0.95,0.011717334654779536
2026-09-19,wk inc covid prop ed visits,2,2026-10-03,12,quantile,0.975,0.012735564794191554
2026-09-19,wk inc covid prop ed visits,2,2026-10-03,12,quantile,0.99,0.01399810492560091
2026-09-19,wk inc covid prop ed visits,2,2026-10-03,13,quantile,0.01,0.0020972387591012207
2026-09-19,wk inc covid prop ed visits,2,2026-10-03,13,quantile,0.025,0.0024422099787762062
2026-09-19,wk inc covid prop ed visits,2,2026-10-03,13,quantile,0.05,0.002735757677407684
2026-09-19,wk inc covid prop ed visits,2,2026-10-03,13,quantile,0.1,0.003093648486860585
2026-09-19,wk inc covid prop ed visits,2,2026-10-03,13,quantile,0.15,0.0033345198898566196
2026-09-19,wk inc covid prop ed visits,2,2026-10-03,13,quantile,0.2,0.0035352497733395377
2026-09-19,wk inc covid prop ed visits,2,2026-10-03,13,quantile,0.25,0.003715880993701518
2026-09-19,wk inc covid prop ed visits,2,2026-10-03,13,quantile,0.3,0.003884892274649814
2026-09-19,wk inc covid prop ed visits,2,2026-10-03,13,quantile,0.35,0.0040331601371335676
2026-09-19,wk inc covid prop ed visits,2,2026-10-03,13,quantile,0.4,0.004193748719191306
2026-09-19,wk inc covid prop ed visits,2,2026-10-03,13,quantile,0.45,0.004352407895285541
2026-09-19,wk inc covid prop ed visits,2,2026-10-03,13,quantile,0.5,0.004514132495366524
2026-09-19,wk inc covid prop ed visits,2,2026-10-03,13,quantile,0.55,0.004668509450791085
2026-09-19,wk inc covid prop ed visits,2,2026-10-03,13,quantile,0.6,0.004845999587419157
2026-09-19,wk inc covid prop ed visits,2,2026-10-03,13,quantile,0.65,0.005022283641970687
2026-09-19,wk inc covid prop ed visits,2,2026-10-03,13,quantile,0.7,0.00521273870451134
2026-09-19,wk inc covid prop ed visits,2,2026-10-03,13,quantile,0.75,0.0054472973167958945
2026-09-19,wk inc covid prop ed visits,2,2026-10-03,13,quantile,0.8,0.005698607001394693
2026-09-19,wk inc covid prop ed visits,2,2026-10-03,13,quantile,0.85,0.005999834867303132
2026-09-19,wk inc covid prop ed visits,2,2026-10-03,13,quantile,0.9,0.006405614296234687
2026-09-19,wk inc covid prop ed visits,2,2026-10-03,13,quantile,0.95,0.007037840589814852
2026-09-19,wk inc covid prop ed visits,2,2026-10-03,13,quantile,0.975,0.007637334610954611
2026-09-19,wk inc covid prop ed visits,2,2026-10-03,13,quantile,0.99,0.008481764634668603
2026-09-19,wk inc covid prop ed visits,2,2026-10-03,15,quantile,0.01,0.005546929514039548
2026-09-19,wk inc covid prop ed visits,2,2026-10-03,15,quantile,0.025,0.006052426467664947
2026-09-19,wk inc covid prop ed visits,2,2026-10-03,15,quantile,0.05,0.00661127979722701
2026-09-19,wk inc covid prop ed visits,2,2026-10-03,15,quantile,0.1,0.007346146135216994
2026-09-19,wk inc covid prop ed visits,2,2026-10-03,15,quantile,0.15,0.007910640117482132
2026-09-19,wk inc covid prop ed visits,2,2026-10-03,15,quantile,0.2,0.008353786601959257
2026-09-19,wk inc covid prop ed visits,2,2026-10-03,15,quantile,0.25,0.008716228947889735
2026-09-19,wk inc covid prop ed visits,2,2026-10-03,15,quantile,0.3,0.009060907573698847
2026-09-19,wk inc covid prop ed visits,2,2026-10-03,15,quantile,0.35,0.009412794920051397
2026-09-19,wk inc covid prop ed visits,2,2026-10-03,15,quantile,0.4,0.009770622725333102
2026-09-19,wk inc covid prop ed visits,2,2026-10-03,15,quantile,0.45,0.01007753587648693
2026-09-19,wk inc covid prop ed visits,2,2026-10-03,15,quantile,0.5,0.010432847040117463
2026-09-19,wk inc covid prop ed visits,2,2026-10-03,15,quantile,0.55,0.010762600432249077
2026-09-19,wk inc covid prop ed visits,2,2026-10-03,15,quantile,0.6,0.011135351162006289
2026-09-19,wk inc covid prop ed visits,2,2026-10-03,15,quantile,0.65,0.01150763821458718
2026-09-19,wk inc covid prop ed visits,2,2026-10-03,15,quantile,0.7,0.011952182173684035
2026-09-19,wk inc covid prop ed visits,2,2026-10-03,15,quantile,0.75,0.012420933681042646
2026-09-19,wk inc covid prop ed visits,2,2026-10-03,15,quantile,0.8,0.012983899382027934
2026-09-19,wk inc covid prop ed visits,2,2026-10-03,15,quantile,0.85,0.013659959067942705
2026-09-19,wk inc covid prop ed visits,2,2026-10-03,15,quantile,0.9,0.014498371515670235
2026-09-19,wk inc covid prop ed visits,2,2026-10-03,15,quantile,0.95,0.015846567083478806
2026-09-19,wk inc covid prop ed visits,2,2026-10-03,15,quantile,0.975,0.017032301932343716
2026-09-19,wk inc covid prop ed visits,2,2026-10-03,15,quantile,0.99,0.01845126267540872
2026-09-19,wk inc covid prop ed visits,2,2026-10-03,16,quantile,0.01,0.0014890169631620884
2026-09-19,wk inc covid prop ed visits,2,2026-10-03,16,quantile,0.025,0.0017049174168250224
2026-09-19,wk inc covid prop ed visits,2,2026-10-03,16,quantile,0.05,0.0018937743957557938
2026-09-19,wk inc covid prop ed visits,2,2026-10-03,16,quantile,0.1,0.002186065487866498
2026-09-19,wk inc covid prop ed visits,2,2026-10-03,16,quantile,0.15,0.0023769326645561024
2026-09-19,wk inc covid prop ed visits,2,2026-10-03,16,quantile,0.2,0.002525615241138866
2026-09-19,wk inc covid prop ed visits,2,2026-10-03,16,quantile,0.25,0.002664038178155829
2026-09-19,wk inc covid prop ed visits,2,2026-10-03,16,quantile,0.3,0.0027892552160393666
2026-09-19,wk inc covid prop ed visits,2,2026-10-03,16,quantile,0.35,0.0029238667605447632
2026-09-19,wk inc covid prop ed visits,2,2026-10-03,16,quantile,0.4,0.0030453306241737324
2026-09-19,wk inc covid prop ed visits,2,2026-10-03,16,quantile,0.45,0.0031703314401275093
2026-09-19,wk inc covid prop ed visits,2,2026-10-03,16,quantile,0.5,0.003294397564539177
2026-09-19,wk inc covid prop ed visits,2,2026-10-03,16,quantile,0.55,0.0034162337357808554
2026-09-19,wk inc covid prop ed visits,2,2026-10-03,16,quantile,0.6,0.003553565832991864
2026-09-19,wk inc covid prop ed visits,2,2026-10-03,16,quantile,0.65,0.0037175117180267983
2026-09-19,wk inc covid prop ed visits,2,2026-10-03,16,quantile,0.7,0.003899324428236616
2026-09-19,wk inc covid prop ed visits,2,2026-10-03,16,quantile,0.75,0.004105790789967133
2026-09-19,wk inc covid prop ed visits,2,2026-10-03,16,quantile,0.8,0.004330927732128358
2026-09-19,wk inc covid prop ed visits,2,2026-10-03,16,quantile,0.85,0.004571675401874693
2026-09-19,wk inc covid prop ed visits,2,2026-10-03,16,quantile,0.9,0.004882038791456541
2026-09-19,wk inc covid prop ed visits,2,2026-10-03,16,quantile,0.95,0.005419147785414412
2026-09-19,wk inc covid prop ed visits,2,2026-10-03,16,quantile,0.975,0.0059408680689918714
2026-09-19,wk inc covid prop ed visits,2,2026-10-03,16,quantile,0.99,0.006525869838418242
2026-09-19,wk inc covid prop ed visits,2,2026-10-03,17,quantile,0.01,6.675198210999545e-4
2026-09-19,wk inc covid prop ed visits,2,2026-10-03,17,quantile,0.025,7.650086084062955e-4
2026-09-19,wk inc covid prop ed visits,2,2026-10-03,17,quantile,0.05,8.85134067332989e-4
2026-09-19,wk inc covid prop ed visits,2,2026-10-03,17,quantile,0.1,0.0010378207681314903
2026-09-19,wk inc covid prop ed visits,2,2026-10-03,17,quantile,0.15,0.0011493613052200582
2026-09-19,wk inc covid prop ed visits,2,2026-10-03,17,quantile,0.2,0.0012442239725037013
2026-09-19,wk inc covid prop ed visits,2,2026-10-03,17,quantile,0.25,0.0013215828246872314
2026-09-19,wk inc covid prop ed visits,2,2026-10-03,17,quantile,0.3,0.0014009648423551338
2026-09-19,wk inc covid prop ed visits,2,2026-10-03,17,quantile,0.35,0.0014725708449698442
2026-09-19,wk inc covid prop ed visits,2,2026-10-03,17,quantile,0.4,0.001547447506768831
2026-09-19,wk inc covid prop ed visits,2,2026-10-03,17,quantile,0.45,0.001624140277975629
2026-09-19,wk inc covid prop ed visits,2,2026-10-03,17,quantile,0.5,0.0017017787201115287
2026-09-19,wk inc covid prop ed visits,2,2026-10-03,17,quantile,0.55,0.0017798085230136865
2026-09-19,wk inc covid prop ed visits,2,2026-10-03,17,quantile,0.6,0.0018602769467467245
2026-09-19,wk inc covid prop ed visits,2,2026-10-03,17,quantile,0.65,0.0019435994584781793
2026-09-19,wk inc covid prop ed visits,2,2026-10-03,17,quantile,0.7,0.002038883963827303
2026-09-19,wk inc covid prop ed visits,2,2026-10-03,17,quantile,0.75,0.002140128466895826
2026-09-19,wk inc covid prop ed visits,2,2026-10-03,17,quantile,0.8,0.002259691849618187
2026-09-19,wk inc covid prop ed visits,2,2026-10-03,17,quantile,0.85,0.0024126537607760826
2026-09-19,wk inc covid prop ed visits,2,2026-10-03,17,quantile,0.9,0.0026008115938797555
2026-09-19,wk inc covid prop ed visits,2,2026-10-03,17,quantile,0.95,0.002881339364088991
2026-09-19,wk inc covid prop ed visits,2,2026-10-03,17,quantile,0.975,0.0031945094888492544
2026-09-19,wk inc covid prop ed visits,2,2026-10-03,17,quantile,0.99,0.0035022745694182856
2026-09-19,wk inc covid prop ed visits,2,2026-10-03,18,quantile,0.01,5.667682717431024e-4
2026-09-19,wk inc covid prop ed visits,2,2026-10-03,18,quantile,0.025,6.614423269366191e-4
2026-09-19,wk inc covid prop ed visits,2,2026-10-03,18,quantile,0.05,7.617883587564265e-4
2026-09-19,wk inc covid prop ed visits,2,2026-10-03,18,quantile,0.1,8.918351970916276e-4
2026-09-19,wk inc covid prop ed visits,2,2026-10-03,18,quantile,0.15,9.85010257237573e-4
2026-09-19,wk inc covid prop ed visits,2,2026-10-03,18,quantile,0.2,0.001054557462274393
2026-09-19,wk inc covid prop ed visits,2,2026-10-03,18,quantile,0.25,0.0011267485987109394
2026-09-19,wk inc covid prop ed visits,2,2026-10-03,18,quantile,0.3,0.0011920226680466254
2026-09-19,wk inc covid prop ed visits,2,2026-10-03,18,quantile,0.35,0.0012604489630771683
2026-09-19,wk inc covid prop ed visits,2,2026-10-03,18,quantile,0.4,0.0013231672549560889
2026-09-19,wk inc covid prop ed visits,2,2026-10-03,18,quantile,0.45,0.0013850770447793835
2026-09-19,wk inc covid prop ed visits,2,2026-10-03,18,quantile,0.5,0.0014498377754678024
2026-09-19,wk inc covid prop ed visits,2,2026-10-03,18,quantile,0.55,0.0015180698473892743
2026-09-19,wk inc covid prop ed visits,2,2026-10-03,18,quantile,0.6,0.0015907474807926505
2026-09-19,wk inc covid prop ed visits,2,2026-10-03,18,quantile,0.65,0.001661953798991181
2026-09-19,wk inc covid prop ed visits,2,2026-10-03,18,quantile,0.7,0.00174547553046137
2026-09-19,wk inc covid prop ed visits,2,2026-10-03,18,quantile,0.75,0.0018357210212743462
2026-09-19,wk inc covid prop ed visits,2,2026-10-03,18,quantile,0.8,0.0019505529372206617
2026-09-19,wk inc covid prop ed visits,2,2026-10-03,18,quantile,0.85,0.002090471444645739
2026-09-19,wk inc covid prop ed visits,2,2026-10-03,18,quantile,0.9,0.002268316468341061
2026-09-19,wk inc covid prop ed visits,2,2026-10-03,18,quantile,0.95,0.0025300226353846137
2026-09-19,wk inc covid prop ed visits,2,2026-10-03,18,quantile,0.975,0.0028296715979538828
2026-09-19,wk inc covid prop ed visits,2,2026-10-03,18,quantile,0.99,0.0031629458770588447
2026-09-19,wk inc covid prop ed visits,2,2026-10-03,19,quantile,0.01,4.526744243844498e-4
2026-09-19,wk inc covid prop ed visits,2,2026-10-03,19,quantile,0.025,5.615540368158388e-4
2026-09-19,wk inc covid prop ed visits,2,2026-10-03,19,quantile,0.05,6.557354358598942e-4
2026-09-19,wk inc covid prop ed visits,2,2026-10-03,19,quantile,0.1,7.924585725151657e-4
2026-09-19,wk inc covid prop ed visits,2,2026-10-03,19,quantile,0.15,8.854530442709699e-4
2026-09-19,wk inc covid prop ed visits,2,2026-10-03,19,quantile,0.2,9.649695820630852e-4
2026-09-19,wk inc covid prop ed visits,2,2026-10-03,19,quantile,0.25,0.0010334852536453966
2026-09-19,wk inc covid prop ed visits,2,2026-10-03,19,quantile,0.3,0.0010994443187486846
2026-09-19,wk inc covid prop ed visits,2,2026-10-03,19,quantile,0.35,0.0011688434703257164
2026-09-19,wk inc covid prop ed visits,2,2026-10-03,19,quantile,0.4,0.0012400968701141528
2026-09-19,wk inc covid prop ed visits,2,2026-10-03,19,quantile,0.45,0.0013029667318623977
2026-09-19,wk inc covid prop ed visits,2,2026-10-03,19,quantile,0.5,0.0013696248601341083
2026-09-19,wk inc covid prop ed visits,2,2026-10-03,19,quantile,0.55,0.001439841567164974
2026-09-19,wk inc covid prop ed visits,2,2026-10-03,19,quantile,0.6,0.0015051821626242108
2026-09-19,wk inc covid prop ed visits,2,2026-10-03,19,quantile,0.65,0.0015839075639823166
2026-09-19,wk inc covid prop ed visits,2,2026-10-03,19,quantile,0.7,0.001675064469530945
2026-09-19,wk inc covid prop ed visits,2,2026-10-03,19,quantile,0.75,0.0017668979898688277
2026-09-19,wk inc covid prop ed visits,2,2026-10-03,19,quantile,0.8,0.0018856878499203297
2026-09-19,wk inc covid prop ed visits,2,2026-10-03,19,quantile,0.85,0.002014089121103125
2026-09-19,wk inc covid prop ed visits,2,2026-10-03,19,quantile,0.9,0.0021935996783146363
2026-09-19,wk inc covid prop ed visits,2,2026-10-03,19,quantile,0.95,0.002470087570094713
2026-09-19,wk inc covid prop ed visits,2,2026-10-03,19,quantile,0.975,0.002788066980992103
2026-09-19,wk inc covid prop ed visits,2,2026-10-03,19,quantile,0.99,0.0030979496294894753
2026-09-19,wk inc covid prop ed visits,2,2026-10-03,20,quantile,0.01,5.568774558940782e-4
2026-09-19,wk inc covid prop ed visits,2,2026-10-03,20,quantile,0.025,6.54128278419719e-4
2026-09-19,wk inc covid prop ed visits,2,2026-10-03,20,quantile,0.05,7.54968069814673e-4
2026-09-19,wk inc covid prop ed visits,2,2026-10-03,20,quantile,0.1,9.031220974449377e-4
2026-09-19,wk inc covid prop ed visits,2,2026-10-03,20,quantile,0.15,0.001008314884318481
2026-09-19,wk inc covid prop ed visits,2,2026-10-03,20,quantile,0.2,0.0010852082027925675
2026-09-19,wk inc covid prop ed visits,2,2026-10-03,20,quantile,0.25,0.0011591870910782505
2026-09-19,wk inc covid prop ed visits,2,2026-10-03,20,quantile,0.3,0.0012268091171665873
2026-09-19,wk inc covid prop ed visits,2,2026-10-03,20,quantile,0.35,0.001301496320131735
2026-09-19,wk inc covid prop ed visits,2,2026-10-03,20,quantile,0.4,0.0013718201906494799
2026-09-19,wk inc covid prop ed visits,2,2026-10-03,20,quantile,0.45,0.0014358278671313212
2026-09-19,wk inc covid prop ed visits,2,2026-10-03,20,quantile,0.5,0.0015031849100648094
2026-09-19,wk inc covid prop ed visits,2,2026-10-03,20,quantile,0.55,0.0015671818412185158
2026-09-19,wk inc covid prop ed visits,2,2026-10-03,20,quantile,0.6,0.0016312544473247583
2026-09-19,wk inc covid prop ed visits,2,2026-10-03,20,quantile,0.65,0.00170834989861716
2026-09-19,wk inc covid prop ed visits,2,2026-10-03,20,quantile,0.7,0.0017940937166918088
2026-09-19,wk inc covid prop ed visits,2,2026-10-03,20,quantile,0.75,0.0018941579842430966
2026-09-19,wk inc covid prop ed visits,2,2026-10-03,20,quantile,0.8,0.002011830492754362
2026-09-19,wk inc covid prop ed visits,2,2026-10-03,20,quantile,0.85,0.002156678074256918
2026-09-19,wk inc covid prop ed visits,2,2026-10-03,20,quantile,0.9,0.002340231833183074
2026-09-19,wk inc covid prop ed visits,2,2026-10-03,20,quantile,0.95,0.0026583629881439964
2026-09-19,wk inc covid prop ed visits,2,2026-10-03,20,quantile,0.975,0.0029140687761229013
2026-09-19,wk inc covid prop ed visits,2,2026-10-03,20,quantile,0.99,0.0032478567522977366
2026-09-19,wk inc covid prop ed visits,2,2026-10-03,21,quantile,0.01,0.0010688068446881751
2026-09-19,wk inc covid prop ed visits,2,2026-10-03,21,quantile,0.025,0.0012645042970790392
2026-09-19,wk inc covid prop ed visits,2,2026-10-03,21,quantile,0.05,0.0014376865910118823
2026-09-19,wk inc covid prop ed visits,2,2026-10-03,21,quantile,0.1,0.0016520733848475362
2026-09-19,wk inc covid prop ed visits,2,2026-10-03,21,quantile,0.15,0.0018019750921511495
2026-09-19,wk inc covid prop ed visits,2,2026-10-03,21,quantile,0.2,0.0019455239339886822
2026-09-19,wk inc covid prop ed visits,2,2026-10-03,21,quantile,0.25,0.0020745590267448964
2026-09-19,wk inc covid prop ed visits,2,2026-10-03,21,quantile,0.3,0.002187659742948757
2026-09-19,wk inc covid prop ed visits,2,2026-10-03,21,quantile,0.35,0.0022897150766740012
2026-09-19,wk inc covid prop ed visits,2,2026-10-03,21,quantile,0.4,0.002388692124696368
2026-09-19,wk inc covid prop ed visits,2,2026-10-03,21,quantile,0.45,0.0024913926323084095
2026-09-19,wk inc covid prop ed visits,2,2026-10-03,21,quantile,0.5,0.0026006647695273645
2026-09-19,wk inc covid prop ed visits,2,2026-10-03,21,quantile,0.55,0.0027002612315672105
2026-09-19,wk inc covid prop ed visits,2,2026-10-03,21,quantile,0.6,0.0028051182983527137
2026-09-19,wk inc covid prop ed visits,2,2026-10-03,21,quantile,0.65,0.0029242399675319256
2026-09-19,wk inc covid prop ed visits,2,2026-10-03,21,quantile,0.7,0.003071335499581261
2026-09-19,wk inc covid prop ed visits,2,2026-10-03,21,quantile,0.75,0.0032068907110812347
2026-09-19,wk inc covid prop ed visits,2,2026-10-03,21,quantile,0.8,0.0033676978893609146
2026-09-19,wk inc covid prop ed visits,2,2026-10-03,21,quantile,0.85,0.0035624284631251293
2026-09-19,wk inc covid prop ed visits,2,2026-10-03,21,quantile,0.9,0.0038065857502337956
2026-09-19,wk inc covid prop ed visits,2,2026-10-03,21,quantile,0.95,0.004225804696634193
2026-09-19,wk inc covid prop ed visits,2,2026-10-03,21,quantile,0.975,0.0046607371777658965
2026-09-19,wk inc covid prop ed visits,2,2026-10-03,21,quantile,0.99,0.005148930188765051
2026-09-19,wk inc covid prop ed visits,2,2026-10-03,22,quantile,0.01,0.0041668348928879636
2026-09-19,wk inc covid prop ed visits,2,2026-10-03,22,quantile,0.025,0.004601690056588844
2026-09-19,wk inc covid prop ed visits,2,2026-10-03,22,quantile,0.05,0.005054551138454674
2026-09-19,wk inc covid prop ed visits,2,2026-10-03,22,quantile,0.1,0.005574650015175412
2026-09-19,wk inc covid prop ed visits,2,2026-10-03,22,quantile,0.15,0.005991048895555634
2026-09-19,wk inc covid prop ed visits,2,2026-10-03,22,quantile,0.2,0.006295122243899631
2026-09-19,wk inc covid prop ed visits,2,2026-10-03,22,quantile,0.25,0.006619850738538108
2026-09-19,wk inc covid prop ed visits,2,2026-10-03,22,quantile,0.3,0.006890238275535926
2026-09-19,wk inc covid prop ed visits,2,2026-10-03,22,quantile,0.35,0.007143431070004637
2026-09-19,wk inc covid prop ed visits,2,2026-10-03,22,quantile,0.4,0.0074285320213607255
2026-09-19,wk inc covid prop ed visits,2,2026-10-03,22,quantile,0.45,0.007662646833886443
2026-09-19,wk inc covid prop ed visits,2,2026-10-03,22,quantile,0.5,0.007910561621052952
2026-09-19,wk inc covid prop ed visits,2,2026-10-03,22,quantile,0.55,0.008207661801371027
2026-09-19,wk inc covid prop ed visits,2,2026-10-03,22,quantile,0.6,0.00848875840567578
2026-09-19,wk inc covid prop ed visits,2,2026-10-03,22,quantile,0.65,0.008797097334199117
2026-09-19,wk inc covid prop ed visits,2,2026-10-03,22,quantile,0.7,0.009125345787104604
2026-09-19,wk inc covid prop ed visits,2,2026-10-03,22,quantile,0.75,0.009517282934113084
2026-09-19,wk inc covid prop ed visits,2,2026-10-03,22,quantile,0.8,0.009949836994562207
2026-09-19,wk inc covid prop ed visits,2,2026-10-03,22,quantile,0.85,0.01046327185375925
2026-09-19,wk inc covid prop ed visits,2,2026-10-03,22,quantile,0.9,0.011198102531263649
2026-09-19,wk inc covid prop ed visits,2,2026-10-03,22,quantile,0.95,0.012372437090499937
2026-09-19,wk inc covid prop ed visits,2,2026-10-03,22,quantile,0.975,0.013334021564085448
2026-09-19,wk inc covid prop ed visits,2,2026-10-03,22,quantile,0.99,0.01476935190608043
2026-09-19,wk inc covid prop ed visits,2,2026-10-03,23,quantile,0.01,2.1376541881795277e-4
2026-09-19,wk inc covid prop ed visits,2,2026-10-03,23,quantile,0.025,2.7843257211656095e-4
2026-09-19,wk inc covid prop ed visits,2,2026-10-03,23,quantile,0.05,3.2564535863980313e-4
2026-09-19,wk inc covid prop ed visits,2,2026-10-03,23,quantile,0.1,4.0676727266261573e-4
2026-09-19,wk inc covid prop ed visits,2,2026-10-03,23,quantile,0.15,4.633085905973913e-4
2026-09-19,wk inc covid prop ed visits,2,2026-10-03,23,quantile,0.2,5.144266649766149e-4
2026-09-19,wk inc covid prop ed visits,2,2026-10-03,23,quantile,0.25,5.555976477197493e-4
2026-09-19,wk inc covid prop ed visits,2,2026-10-03,23,quantile,0.3,6.001643123332469e-4
2026-09-19,wk inc covid prop ed visits,2,2026-10-03,23,quantile,0.35,6.449551075103315e-4
2026-09-19,wk inc covid prop ed visits,2,2026-10-03,23,quantile,0.4,6.914740766031881e-4
2026-09-19,wk inc covid prop ed visits,2,2026-10-03,23,quantile,0.45,7.322071757107268e-4
2026-09-19,wk inc covid prop ed visits,2,2026-10-03,23,quantile,0.5,7.752823019382191e-4
2026-09-19,wk inc covid prop ed visits,2,2026-10-03,23,quantile,0.55,8.199641943172204e-4
2026-09-19,wk inc covid prop ed visits,2,2026-10-03,23,quantile,0.6,8.670161609760185e-4
2026-09-19,wk inc covid prop ed visits,2,2026-10-03,23,quantile,0.65,9.236036927197226e-4
2026-09-19,wk inc covid prop ed visits,2,2026-10-03,23,quantile,0.7,9.77550837245022e-4
2026-09-19,wk inc covid prop ed visits,2,2026-10-03,23,quantile,0.75,0.0010389556094423866
2026-09-19,wk inc covid prop ed visits,2,2026-10-03,23,quantile,0.8,0.0011074625244423327
2026-09-19,wk inc covid prop ed visits,2,2026-10-03,23,quantile,0.85,0.0012040873647158582
2026-09-19,wk inc covid prop ed visits,2,2026-10-03,23,quantile,0.9,0.001333843801830215
2026-09-19,wk inc covid prop ed visits,2,2026-10-03,23,quantile,0.95,0.0015171063507180386
2026-09-19,wk inc covid prop ed visits,2,2026-10-03,23,quantile,0.975,0.0016927976657592826
2026-09-19,wk inc covid prop ed visits,2,2026-10-03,23,quantile,0.99,0.0019267470764738257
2026-09-19,wk inc covid prop ed visits,2,2026-10-03,24,quantile,0.01,0.0010434877513160587
2026-09-19,wk inc covid prop ed visits,2,2026-10-03,24,quantile,0.025,0.0012132736710344565
2026-09-19,wk inc covid prop ed visits,2,2026-10-03,24,quantile,0.05,0.0013660303068453836
2026-09-19,wk inc covid prop ed visits,2,2026-10-03,24,quantile,0.1,0.001564175329183559
2026-09-19,wk inc covid prop ed visits,2,2026-10-03,24,quantile,0.15,0.0017056285363982759
2026-09-19,wk inc covid prop ed visits,2,2026-10-03,24,quantile,0.2,0.0018277110180890139
2026-09-19,wk inc covid prop ed visits,2,2026-10-03,24,quantile,0.25,0.0019330301781684404
2026-09-19,wk inc covid prop ed visits,2,2026-10-03,24,quantile,0.3,0.002039102665061022
2026-09-19,wk inc covid prop ed visits,2,2026-10-03,24,quantile,0.35,0.002135957806208131
2026-09-19,wk inc covid prop ed visits,2,2026-10-03,24,quantile,0.4,0.002238320351229689
2026-09-19,wk inc covid prop ed visits,2,2026-10-03,24,quantile,0.45,0.00234801995543544
2026-09-19,wk inc covid prop ed visits,2,2026-10-03,24,quantile,0.5,0.0024476572416032797
2026-09-19,wk inc covid prop ed visits,2,2026-10-03,24,quantile,0.55,0.0025408464688215717
2026-09-19,wk inc covid prop ed visits,2,2026-10-03,24,quantile,0.6,0.00264370751368711
2026-09-19,wk inc covid prop ed visits,2,2026-10-03,24,quantile,0.65,0.0027557756120201874
2026-09-19,wk inc covid prop ed visits,2,2026-10-03,24,quantile,0.7,0.0028894316189997963
2026-09-19,wk inc covid prop ed visits,2,2026-10-03,24,quantile,0.75,0.0030286025191225818
2026-09-19,wk inc covid prop ed visits,2,2026-10-03,24,quantile,0.8,0.003196585270925105
2026-09-19,wk inc covid prop ed visits,2,2026-10-03,24,quantile,0.85,0.003380167255357392
2026-09-19,wk inc covid prop ed visits,2,2026-10-03,24,quantile,0.9,0.0036444443327453883
2026-09-19,wk inc covid prop ed visits,2,2026-10-03,24,quantile,0.95,0.004027272617916402
2026-09-19,wk inc covid prop ed visits,2,2026-10-03,24,quantile,0.975,0.0043970021794739475
2026-09-19,wk inc covid prop ed visits,2,2026-10-03,24,quantile,0.99,0.004850592424657049
2026-09-19,wk inc covid prop ed visits,2,2026-10-03,25,quantile,0.01,7.565376958065927e-4
2026-09-19,wk inc covid prop ed visits,2,2026-10-03,25,quantile,0.025,8.801600288531836e-4
2026-09-19,wk inc covid prop ed visits,2,2026-10-03,25,quantile,0.05,0.0010202609524441548
2026-09-19,wk inc covid prop ed visits,2,2026-10-03,25,quantile,0.1,0.0011896517592500273
2026-09-19,wk inc covid prop ed visits,2,2026-10-03,25,quantile,0.15,0.0013089316252089438
2026-09-19,wk inc covid prop ed visits,2,2026-10-03,25,quantile,0.2,0.001417308556461606
2026-09-19,wk inc covid prop ed visits,2,2026-10-03,25,quantile,0.25,0.0015102061053974304
2026-09-19,wk inc covid prop ed visits,2,2026-10-03,25,quantile,0.3,0.0016035012888941014
2026-09-19,wk inc covid prop ed visits,2,2026-10-03,25,quantile,0.35,0.0016897872926446749
2026-09-19,wk inc covid prop ed visits,2,2026-10-03,25,quantile,0.4,0.0017637457440877044
2026-09-19,wk inc covid prop ed visits,2,2026-10-03,25,quantile,0.45,0.00183951125338334
2026-09-19,wk inc covid prop ed visits,2,2026-10-03,25,quantile,0.5,0.0019311595581449183
2026-09-19,wk inc covid prop ed visits,2,2026-10-03,25,quantile,0.55,0.002017958657708479
2026-09-19,wk inc covid prop ed visits,2,2026-10-03,25,quantile,0.6,0.0021098536204661594
2026-09-19,wk inc covid prop ed visits,2,2026-10-03,25,quantile,0.65,0.0022014945500770274
2026-09-19,wk inc covid prop ed visits,2,2026-10-03,25,quantile,0.7,0.0023172883244382595
2026-09-19,wk inc covid prop ed visits,2,2026-10-03,25,quantile,0.75,0.0024259179569299403
2026-09-19,wk inc covid prop ed visits,2,2026-10-03,25,quantile,0.8,0.002565465797223489
2026-09-19,wk inc covid prop ed visits,2,2026-10-03,25,quantile,0.85,0.0027188019456833258
2026-09-19,wk inc covid prop ed visits,2,2026-10-03,25,quantile,0.9,0.002941534126242751
2026-09-19,wk inc covid prop ed visits,2,2026-10-03,25,quantile,0.95,0.003309136932315698
2026-09-19,wk inc covid prop ed visits,2,2026-10-03,25,quantile,0.975,0.00366505142173773
2026-09-19,wk inc covid prop ed visits,2,2026-10-03,25,quantile,0.99,0.004037637357157574
2026-09-19,wk inc covid prop ed visits,2,2026-10-03,26,quantile,0.01,4.042812745968645e-4
2026-09-19,wk inc covid prop ed visits,2,2026-10-03,26,quantile,0.025,4.962597494312952e-4
2026-09-19,wk inc covid prop ed visits,2,2026-10-03,26,quantile,0.05,5.814113545558568e-4
2026-09-19,wk inc covid prop ed visits,2,2026-10-03,26,quantile,0.1,6.847691921856371e-4
2026-09-19,wk inc covid prop ed visits,2,2026-10-03,26,quantile,0.15,7.71457219487248e-4
2026-09-19,wk inc covid prop ed visits,2,2026-10-03,26,quantile,0.2,8.391113007979339e-4
2026-09-19,wk inc covid prop ed visits,2,2026-10-03,26,quantile,0.25,9.069074237800705e-4
2026-09-19,wk inc covid prop ed visits,2,2026-10-03,26,quantile,0.3,9.70316996131933e-4
2026-09-19,wk inc covid prop ed visits,2,2026-10-03,26,quantile,0.35,0.00102650022977916
2026-09-19,wk inc covid prop ed visits,2,2026-10-03,26,quantile,0.4,0.0010896692444861047
2026-09-19,wk inc covid prop ed visits,2,2026-10-03,26,quantile,0.45,0.0011411706949588998
2026-09-19,wk inc covid prop ed visits,2,2026-10-03,26,quantile,0.5,0.0011967874861536021
2026-09-19,wk inc covid prop ed visits,2,2026-10-03,26,quantile,0.55,0.0012559285291367257
2026-09-19,wk inc covid prop ed visits,2,2026-10-03,26,quantile,0.6,0.0013196943746675927
2026-09-19,wk inc covid prop ed visits,2,2026-10-03,26,quantile,0.65,0.0013906342118492102
2026-09-19,wk inc covid prop ed visits,2,2026-10-03,26,quantile,0.7,0.001456169166784706
2026-09-19,wk inc covid prop ed visits,2,2026-10-03,26,quantile,0.75,0.0015349054185015481
2026-09-19,wk inc covid prop ed visits,2,2026-10-03,26,quantile,0.8,0.0016268593970910738
2026-09-19,wk inc covid prop ed visits,2,2026-10-03,26,quantile,0.85,0.0017439000013654226
2026-09-19,wk inc covid prop ed visits,2,2026-10-03,26,quantile,0.9,0.0018857927821158225
2026-09-19,wk inc covid prop ed visits,2,2026-10-03,26,quantile,0.95,0.002136351241743966
2026-09-19,wk inc covid prop ed visits,2,2026-10-03,26,quantile,0.975,0.0023583205785808335
2026-09-19,wk inc covid prop ed visits,2,2026-10-03,26,quantile,0.99,0.002623363161735979
2026-09-19,wk inc covid prop ed visits,2,2026-10-03,27,quantile,0.01,6.718457403383898e-4
2026-09-19,wk inc covid prop ed visits,2,2026-10-03,27,quantile,0.025,7.888405528240972e-4
2026-09-19,wk inc covid prop ed visits,2,2026-10-03,27,quantile,0.05,9.006240916883165e-4
2026-09-19,wk inc covid prop ed visits,2,2026-10-03,27,quantile,0.1,0.0010579874406626377
2026-09-19,wk inc covid prop ed visits,2,2026-10-03,27,quantile,0.15,0.0011714182010237341
2026-09-19,wk inc covid prop ed visits,2,2026-10-03,27,quantile,0.2,0.0012567733776293812
2026-09-19,wk inc covid prop ed visits,2,2026-10-03,27,quantile,0.25,0.0013303501082108282
2026-09-19,wk inc covid prop ed visits,2,2026-10-03,27,quantile,0.3,0.0014129955626019047
2026-09-19,wk inc covid prop ed visits,2,2026-10-03,27,quantile,0.35,0.0014900580677337852
2026-09-19,wk inc covid prop ed visits,2,2026-10-03,27,quantile,0.4,0.001571465360853511
2026-09-19,wk inc covid prop ed visits,2,2026-10-03,27,quantile,0.45,0.0016409710911380248
2026-09-19,wk inc covid prop ed visits,2,2026-10-03,27,quantile,0.5,0.0017181691173620856
2026-09-19,wk inc covid prop ed visits,2,2026-10-03,27,quantile,0.55,0.0017892886347003873
2026-09-19,wk inc covid prop ed visits,2,2026-10-03,27,quantile,0.6,0.0018717878126032947
2026-09-19,wk inc covid prop ed visits,2,2026-10-03,27,quantile,0.65,0.0019630520461786623
2026-09-19,wk inc covid prop ed visits,2,2026-10-03,27,quantile,0.7,0.002069346254480548
2026-09-19,wk inc covid prop ed visits,2,2026-10-03,27,quantile,0.75,0.0021689912772608275
2026-09-19,wk inc covid prop ed visits,2,2026-10-03,27,quantile,0.8,0.0023002409318900363
2026-09-19,wk inc covid prop ed visits,2,2026-10-03,27,quantile,0.85,0.002444758816170148
2026-09-19,wk inc covid prop ed visits,2,2026-10-03,27,quantile,0.9,0.002623250870207521
2026-09-19,wk inc covid prop ed visits,2,2026-10-03,27,quantile,0.95,0.002979651609783112
2026-09-19,wk inc covid prop ed visits,2,2026-10-03,27,quantile,0.975,0.003288166198611077
2026-09-19,wk inc covid prop ed visits,2,2026-10-03,27,quantile,0.99,0.0036151765821518093
2026-09-19,wk inc covid prop ed visits,2,2026-10-03,28,quantile,0.01,0.0022861275774660856
2026-09-19,wk inc covid prop ed visits,2,2026-10-03,28,quantile,0.025,0.0025949864519918884
2026-09-19,wk inc covid prop ed visits,2,2026-10-03,28,quantile,0.05,0.0028568192373300033
2026-09-19,wk inc covid prop ed visits,2,2026-10-03,28,quantile,0.1,0.0032362668531798937
2026-09-19,wk inc covid prop ed visits,2,2026-10-03,28,quantile,0.15,0.0035212832452847956
2026-09-19,wk inc covid prop ed visits,2,2026-10-03,28,quantile,0.2,0.003730058784233315
2026-09-19,wk inc covid prop ed visits,2,2026-10-03,28,quantile,0.25,0.003924904333796767
2026-09-19,wk inc covid prop ed visits,2,2026-10-03,28,quantile,0.3,0.00411753570604928
2026-09-19,wk inc covid prop ed visits,2,2026-10-03,28,quantile,0.35,0.004276017483268992
2026-09-19,wk inc covid prop ed visits,2,2026-10-03,28,quantile,0.4,0.00442304919525803
2026-09-19,wk inc covid prop ed visits,2,2026-10-03,28,quantile,0.45,0.004590096451286328
2026-09-19,wk inc covid prop ed visits,2,2026-10-03,28,quantile,0.5,0.0047625219877311924
2026-09-19,wk inc covid prop ed visits,2,2026-10-03,28,quantile,0.55,0.004927113402555173
2026-09-19,wk inc covid prop ed visits,2,2026-10-03,28,quantile,0.6,0.0051137913255262036
2026-09-19,wk inc covid prop ed visits,2,2026-10-03,28,quantile,0.65,0.005314049998561242
2026-09-19,wk inc covid prop ed visits,2,2026-10-03,28,quantile,0.7,0.005520070850411059
2026-09-19,wk inc covid prop ed visits,2,2026-10-03,28,quantile,0.75,0.005762957795118736
2026-09-19,wk inc covid prop ed visits,2,2026-10-03,28,quantile,0.8,0.006024419087717517
2026-09-19,wk inc covid prop ed visits,2,2026-10-03,28,quantile,0.85,0.006349473151218034
2026-09-19,wk inc covid prop ed visits,2,2026-10-03,28,quantile,0.9,0.006802998774946964
2026-09-19,wk inc covid prop ed visits,2,2026-10-03,28,quantile,0.95,0.007475124648208005
2026-09-19,wk inc covid prop ed visits,2,2026-10-03,28,quantile,0.975,0.008141885547003878
2026-09-19,wk inc covid prop ed visits,2,2026-10-03,28,quantile,0.99,0.008879011811082277
2026-09-19,wk inc covid prop ed visits,2,2026-10-03,29,quantile,0.01,6.751939454524725e-4
2026-09-19,wk inc covid prop ed visits,2,2026-10-03,29,quantile,0.025,7.843354258293302e-4
2026-09-19,wk inc covid prop ed visits,2,2026-10-03,29,quantile,0.05,8.858153186816651e-4
2026-09-19,wk inc covid prop ed visits,2,2026-10-03,29,quantile,0.1,0.0010439769132105665
2026-09-19,wk inc covid prop ed visits,2,2026-10-03,29,quantile,0.15,0.0011502619201921866
2026-09-19,wk inc covid prop ed visits,2,2026-10-03,29,quantile,0.2,0.0012401483505946561
2026-09-19,wk inc covid prop ed visits,2,2026-10-03,29,quantile,0.25,0.00131974615488156
2026-09-19,wk inc covid prop ed visits,2,2026-10-03,29,quantile,0.3,0.0013940863397726064
2026-09-19,wk inc covid prop ed visits,2,2026-10-03,29,quantile,0.35,0.0014611599395057818
2026-09-19,wk inc covid prop ed visits,2,2026-10-03,29,quantile,0.4,0.0015365612077884406
2026-09-19,wk inc covid prop ed visits,2,2026-10-03,29,quantile,0.45,0.001610371084952756
2026-09-19,wk inc covid prop ed visits,2,2026-10-03,29,quantile,0.5,0.0016859110470000454
2026-09-19,wk inc covid prop ed visits,2,2026-10-03,29,quantile,0.55,0.0017571697324721843
2026-09-19,wk inc covid prop ed visits,2,2026-10-03,29,quantile,0.6,0.0018472515446923943
2026-09-19,wk inc covid prop ed visits,2,2026-10-03,29,quantile,0.65,0.0019366769606536883
2026-09-19,wk inc covid prop ed visits,2,2026-10-03,29,quantile,0.7,0.0020295136730376193
2026-09-19,wk inc covid prop ed visits,2,2026-10-03,29,quantile,0.75,0.0021375192561191576
2026-09-19,wk inc covid prop ed visits,2,2026-10-03,29,quantile,0.8,0.0022503255011317017
2026-09-19,wk inc covid prop ed visits,2,2026-10-03,29,quantile,0.85,0.0024123901721088835
2026-09-19,wk inc covid prop ed visits,2,2026-10-03,29,quantile,0.9,0.0026237003109096818
2026-09-19,wk inc covid prop ed visits,2,2026-10-03,29,quantile,0.95,0.0029261974218727565
2026-09-19,wk inc covid prop ed visits,2,2026-10-03,29,quantile,0.975,0.003234871269125813
2026-09-19,wk inc covid prop ed visits,2,2026-10-03,29,quantile,0.99,0.0035463424154421573
2026-09-19,wk inc covid prop ed visits,2,2026-10-03,30,quantile,0.01,4.943019782184454e-4
2026-09-19,wk inc covid prop ed visits,2,2026-10-03,30,quantile,0.025,5.731866147215476e-4
2026-09-19,wk inc covid prop ed visits,2,2026-10-03,30,quantile,0.05,6.872751326670206e-4
2026-09-19,wk inc covid prop ed visits,2,2026-10-03,30,quantile,0.1,8.036995455696887e-4
2026-09-19,wk inc covid prop ed visits,2,2026-10-03,30,quantile,0.15,9.003936843130811e-4
2026-09-19,wk inc covid prop ed visits,2,2026-10-03,30,quantile,0.2,9.776907420432864e-4
2026-09-19,wk inc covid prop ed visits,2,2026-10-03,30,quantile,0.25,0.0010490416070268464
2026-09-19,wk inc covid prop ed visits,2,2026-10-03,30,quantile,0.3,0.0011123223852630745
2026-09-19,wk inc covid prop ed visits,2,2026-10-03,30,quantile,0.35,0.0011778872844323532
2026-09-19,wk inc covid prop ed visits,2,2026-10-03,30,quantile,0.4,0.0012392330214625782
2026-09-19,wk inc covid prop ed visits,2,2026-10-03,30,quantile,0.45,0.001298255473351606
2026-09-19,wk inc covid prop ed visits,2,2026-10-03,30,quantile,0.5,0.001364165642920797
2026-09-19,wk inc covid prop ed visits,2,2026-10-03,30,quantile,0.55,0.0014233475914871253
2026-09-19,wk inc covid prop ed visits,2,2026-10-03,30,quantile,0.6,0.0014961741508238298
2026-09-19,wk inc covid prop ed visits,2,2026-10-03,30,quantile,0.65,0.0015666060149975014
2026-09-19,wk inc covid prop ed visits,2,2026-10-03,30,quantile,0.7,0.0016458628854943114
2026-09-19,wk inc covid prop ed visits,2,2026-10-03,30,quantile,0.75,0.0017293826246076657
2026-09-19,wk inc covid prop ed visits,2,2026-10-03,30,quantile,0.8,0.001836730080266744
2026-09-19,wk inc covid prop ed visits,2,2026-10-03,30,quantile,0.85,0.0019687522790590786
2026-09-19,wk inc covid prop ed visits,2,2026-10-03,30,quantile,0.9,0.002148816241567552
2026-09-19,wk inc covid prop ed visits,2,2026-10-03,30,quantile,0.95,0.0024158450290061376
2026-09-19,wk inc covid prop ed visits,2,2026-10-03,30,quantile,0.975,0.0026338606465590507
2026-09-19,wk inc covid prop ed visits,2,2026-10-03,30,quantile,0.99,0.0029705114887759575
2026-09-19,wk inc covid prop ed visits,2,2026-10-03,31,quantile,0.01,2.430560530575019e-4
2026-09-19,wk inc covid prop ed visits,2,2026-10-03,31,quantile,0.025,2.998165391168495e-4
2026-09-19,wk inc covid prop ed visits,2,2026-10-03,31,quantile,0.05,3.6193559190912216e-4
2026-09-19,wk inc covid prop ed visits,2,2026-10-03,31,quantile,0.1,4.432523829392258e-4
2026-09-19,wk inc covid prop ed visits,2,2026-10-03,31,quantile,0.15,5.076216032968413e-4
2026-09-19,wk inc covid prop ed visits,2,2026-10-03,31,quantile,0.2,5.579069822576849e-4
2026-09-19,wk inc covid prop ed visits,2,2026-10-03,31,quantile,0.25,6.069638511011707e-4
2026-09-19,wk inc covid prop ed visits,2,2026-10-03,31,quantile,0.3,6.53807944082094e-4
2026-09-19,wk inc covid prop ed visits,2,2026-10-03,31,quantile,0.35,6.97551359720059e-4
2026-09-19,wk inc covid prop ed visits,2,2026-10-03,31,quantile,0.4,7.422710322930114e-4
2026-09-19,wk inc covid prop ed visits,2,2026-10-03,31,quantile,0.45,7.849192441583795e-4
2026-09-19,wk inc covid prop ed visits,2,2026-10-03,31,quantile,0.5,8.28836357334732e-4
2026-09-19,wk inc covid prop ed visits,2,2026-10-03,31,quantile,0.55,8.720225319433566e-4
2026-09-19,wk inc covid prop ed visits,2,2026-10-03,31,quantile,0.6,9.229786804565361e-4
2026-09-19,wk inc covid prop ed visits,2,2026-10-03,31,quantile,0.65,9.811003417894031e-4
2026-09-19,wk inc covid prop ed visits,2,2026-10-03,31,quantile,0.7,0.0010367474264444268
2026-09-19,wk inc covid prop ed visits,2,2026-10-03,31,quantile,0.75,0.0010973811763923264
2026-09-19,wk inc covid prop ed visits,2,2026-10-03,31,quantile,0.8,0.0011773949576398318
2026-09-19,wk inc covid prop ed visits,2,2026-10-03,31,quantile,0.85,0.001272931854095499
2026-09-19,wk inc covid prop ed visits,2,2026-10-03,31,quantile,0.9,0.0014001761497727764
2026-09-19,wk inc covid prop ed visits,2,2026-10-03,31,quantile,0.95,0.0015875297301801978
2026-09-19,wk inc covid prop ed visits,2,2026-10-03,31,quantile,0.975,0.0017771785495619519
2026-09-19,wk inc covid prop ed visits,2,2026-10-03,31,quantile,0.99,0.001966074551612928
2026-09-19,wk inc covid prop ed visits,2,2026-10-03,32,quantile,0.01,0.002334135901909559
2026-09-19,wk inc covid prop ed visits,2,2026-10-03,32,quantile,0.025,0.002604827898736427
2026-09-19,wk inc covid prop ed visits,2,2026-10-03,32,quantile,0.05,0.0028535239529316045
2026-09-19,wk inc covid prop ed visits,2,2026-10-03,32,quantile,0.1,0.0032192607622035627
2026-09-19,wk inc covid prop ed visits,2,2026-10-03,32,quantile,0.15,0.003508051811171157
2026-09-19,wk inc covid prop ed visits,2,2026-10-03,32,quantile,0.2,0.0037013650057770658
2026-09-19,wk inc covid prop ed visits,2,2026-10-03,32,quantile,0.25,0.0038961218321352576
2026-09-19,wk inc covid prop ed visits,2,2026-10-03,32,quantile,0.3,0.004069478526581898
2026-09-19,wk inc covid prop ed visits,2,2026-10-03,32,quantile,0.35,0.004233237665549295
2026-09-19,wk inc covid prop ed visits,2,2026-10-03,32,quantile,0.4,0.004402946698600325
2026-09-19,wk inc covid prop ed visits,2,2026-10-03,32,quantile,0.45,0.004573943892060597
2026-09-19,wk inc covid prop ed visits,2,2026-10-03,32,quantile,0.5,0.004756479097669384
2026-09-19,wk inc covid prop ed visits,2,2026-10-03,32,quantile,0.55,0.004931038098031298
2026-09-19,wk inc covid prop ed visits,2,2026-10-03,32,quantile,0.6,0.0051040586063798
2026-09-19,wk inc covid prop ed visits,2,2026-10-03,32,quantile,0.65,0.005315215131501178
2026-09-19,wk inc covid prop ed visits,2,2026-10-03,32,quantile,0.7,0.005551728123925721
2026-09-19,wk inc covid prop ed visits,2,2026-10-03,32,quantile,0.75,0.005783278247948425
2026-09-19,wk inc covid prop ed visits,2,2026-10-03,32,quantile,0.8,0.006037575319778027
2026-09-19,wk inc covid prop ed visits,2,2026-10-03,32,quantile,0.85,0.006360876291519771
2026-09-19,wk inc covid prop ed visits,2,2026-10-03,32,quantile,0.9,0.006779696572745922
2026-09-19,wk inc covid prop ed visits,2,2026-10-03,32,quantile,0.95,0.007595214489283622
2026-09-19,wk inc covid prop ed visits,2,2026-10-03,32,quantile,0.975,0.008213294338970114
2026-09-19,wk inc covid prop ed visits,2,2026-10-03,32,quantile,0.99,0.009166125099329936
2026-09-19,wk inc covid prop ed visits,2,2026-10-03,33,quantile,0.01,7.176578873352572e-4
2026-09-19,wk inc covid prop ed visits,2,2026-10-03,33,quantile,0.025,8.220083799367068e-4
2026-09-19,wk inc covid prop ed visits,2,2026-10-03,33,quantile,0.05,9.627719406956664e-4
2026-09-19,wk inc covid prop ed visits,2,2026-10-03,33,quantile,0.1,0.001113565797858277
2026-09-19,wk inc covid prop ed visits,2,2026-10-03,33,quantile,0.15,0.00123843275000679
2026-09-19,wk inc covid prop ed visits,2,2026-10-03,33,quantile,0.2,0.0013332603385413106
2026-09-19,wk inc covid prop ed visits,2,2026-10-03,33,quantile,0.25,0.0014194532485952178
2026-09-19,wk inc covid prop ed visits,2,2026-10-03,33,quantile,0.3,0.0015081507504179712
2026-09-19,wk inc covid prop ed visits,2,2026-10-03,33,quantile,0.35,0.0015940544516980207
2026-09-19,wk inc covid prop ed visits,2,2026-10-03,33,quantile,0.4,0.0016737838472118882
2026-09-19,wk inc covid prop ed visits,2,2026-10-03,33,quantile,0.45,0.0017476727022306513
2026-09-19,wk inc covid prop ed visits,2,2026-10-03,33,quantile,0.5,0.0018301780434655593
2026-09-19,wk inc covid prop ed visits,2,2026-10-03,33,quantile,0.55,0.0019135353153693227
2026-09-19,wk inc covid prop ed visits,2,2026-10-03,33,quantile,0.6,0.0020043622566853956
2026-09-19,wk inc covid prop ed visits,2,2026-10-03,33,quantile,0.65,0.0020911081181123575
2026-09-19,wk inc covid prop ed visits,2,2026-10-03,33,quantile,0.7,0.002184091966578988
2026-09-19,wk inc covid prop ed visits,2,2026-10-03,33,quantile,0.75,0.0022926682899519187
2026-09-19,wk inc covid prop ed visits,2,2026-10-03,33,quantile,0.8,0.0024197563289014073
2026-09-19,wk inc covid prop ed visits,2,2026-10-03,33,quantile,0.85,0.0025726060790105345
2026-09-19,wk inc covid prop ed visits,2,2026-10-03,33,quantile,0.9,0.002780387356281354
2026-09-19,wk inc covid prop ed visits,2,2026-10-03,33,quantile,0.95,0.003079696936958935
2026-09-19,wk inc covid prop ed visits,2,2026-10-03,33,quantile,0.975,0.0033799458367985004
2026-09-19,wk inc covid prop ed visits,2,2026-10-03,33,quantile,0.99,0.003771670704516601
2026-09-19,wk inc covid prop ed visits,2,2026-10-03,34,quantile,0.01,0.0015136319430064757
2026-09-19,wk inc covid prop ed visits,2,2026-10-03,34,quantile,0.025,0.0017448129738728464
2026-09-19,wk inc covid prop ed visits,2,2026-10-03,34,quantile,0.05,0.0019489577453469325
2026-09-19,wk inc covid prop ed visits,2,2026-10-03,34,quantile,0.1,0.0022333461840126855
2026-09-19,wk inc covid prop ed visits,2,2026-10-03,34,quantile,0.15,0.0024215975082044383
2026-09-19,wk inc covid prop ed visits,2,2026-10-03,34,quantile,0.2,0.0025800975434688914
2026-09-19,wk inc covid prop ed visits,2,2026-10-03,34,quantile,0.25,0.0027204283914771766
2026-09-19,wk inc covid prop ed visits,2,2026-10-03,34,quantile,0.3,0.002847790306298289
2026-09-19,wk inc covid prop ed visits,2,2026-10-03,34,quantile,0.35,0.002978125732946234
2026-09-19,wk inc covid prop ed visits,2,2026-10-03,34,quantile,0.4,0.00310951528984376
2026-09-19,wk inc covid prop ed visits,2,2026-10-03,34,quantile,0.45,0.003220598803350335
2026-09-19,wk inc covid prop ed visits,2,2026-10-03,34,quantile,0.5,0.003340414409622332
2026-09-19,wk inc covid prop ed visits,2,2026-10-03,34,quantile,0.55,0.0034696139444743714
2026-09-19,wk inc covid prop ed visits,2,2026-10-03,34,quantile,0.6,0.003612391966347059
2026-09-19,wk inc covid prop ed visits,2,2026-10-03,34,quantile,0.65,0.0037690821183014893
2026-09-19,wk inc covid prop ed visits,2,2026-10-03,34,quantile,0.7,0.00392984076421387
2026-09-19,wk inc covid prop ed visits,2,2026-10-03,34,quantile,0.75,0.0041027436455459265
2026-09-19,wk inc covid prop ed visits,2,2026-10-03,34,quantile,0.8,0.00431467885737588
2026-09-19,wk inc covid prop ed visits,2,2026-10-03,34,quantile,0.85,0.004591429385986731
2026-09-19,wk inc covid prop ed visits,2,2026-10-03,34,quantile,0.9,0.00490580083497012
2026-09-19,wk inc covid prop ed visits,2,2026-10-03,34,quantile,0.95,0.005414969126755875
2026-09-19,wk inc covid prop ed visits,2,2026-10-03,34,quantile,0.975,0.005946226848170297
2026-09-19,wk inc covid prop ed visits,2,2026-10-03,34,quantile,0.99,0.0067256303225507255
2026-09-19,wk inc covid prop ed visits,2,2026-10-03,35,quantile,0.01,0.001186831868654296
2026-09-19,wk inc covid prop ed visits,2,2026-10-03,35,quantile,0.025,0.0013575130708960116
2026-09-19,wk inc covid prop ed visits,2,2026-10-03,35,quantile,0.05,0.001514314795878368
2026-09-19,wk inc covid prop ed visits,2,2026-10-03,35,quantile,0.1,0.0017399429822807057
2026-09-19,wk inc covid prop ed visits,2,2026-10-03,35,quantile,0.15,0.0018977490040305975
2026-09-19,wk inc covid prop ed visits,2,2026-10-03,35,quantile,0.2,0.0020346643632379218
2026-09-19,wk inc covid prop ed visits,2,2026-10-03,35,quantile,0.25,0.002142875285492722
2026-09-19,wk inc covid prop ed visits,2,2026-10-03,35,quantile,0.3,0.002256569240368957
2026-09-19,wk inc covid prop ed visits,2,2026-10-03,35,quantile,0.35,0.002363476206504935
2026-09-19,wk inc covid prop ed visits,2,2026-10-03,35,quantile,0.4,0.002470050232109739
2026-09-19,wk inc covid prop ed visits,2,2026-10-03,35,quantile,0.45,0.002568104112602658
2026-09-19,wk inc covid prop ed visits,2,2026-10-03,35,quantile,0.5,0.002679209459891598
2026-09-19,wk inc covid prop ed visits,2,2026-10-03,35,quantile,0.55,0.0027810753867579027
2026-09-19,wk inc covid prop ed visits,2,2026-10-03,35,quantile,0.6,0.0028869355148258046
2026-09-19,wk inc covid prop ed visits,2,2026-10-03,35,quantile,0.65,0.003015616546296972
2026-09-19,wk inc covid prop ed visits,2,2026-10-03,35,quantile,0.7,0.0031438005724474466
2026-09-19,wk inc covid prop ed visits,2,2026-10-03,35,quantile,0.75,0.00328992596249261
2026-09-19,wk inc covid prop ed visits,2,2026-10-03,35,quantile,0.8,0.003472746064076242
2026-09-19,wk inc covid prop ed visits,2,2026-10-03,35,quantile,0.85,0.003698515466018057
2026-09-19,wk inc covid prop ed visits,2,2026-10-03,35,quantile,0.9,0.00394435821468734
2026-09-19,wk inc covid prop ed visits,2,2026-10-03,35,quantile,0.95,0.004467078630979605
2026-09-19,wk inc covid prop ed visits,2,2026-10-03,35,quantile,0.975,0.004869130469590791
2026-09-19,wk inc covid prop ed visits,2,2026-10-03,35,quantile,0.99,0.00543603986685084
2026-09-19,wk inc covid prop ed visits,2,2026-10-03,36,quantile,0.01,0.0013790087804389944
2026-09-19,wk inc covid prop ed visits,2,2026-10-03,36,quantile,0.025,0.0015795992320026054
2026-09-19,wk inc covid prop ed visits,2,2026-10-03,36,quantile,0.05,0.0017900288387781393
2026-09-19,wk inc covid prop ed visits,2,2026-10-03,36,quantile,0.1,0.002033216952366932
2026-09-19,wk inc covid prop ed visits,2,2026-10-03,36,quantile,0.15,0.0022171020009093285
2026-09-19,wk inc covid prop ed visits,2,2026-10-03,36,quantile,0.2,0.0023771113403635745
2026-09-19,wk inc covid prop ed visits,2,2026-10-03,36,quantile,0.25,0.0025153552573842696
2026-09-19,wk inc covid prop ed visits,2,2026-10-03,36,quantile,0.3,0.0026564075979177487
2026-09-19,wk inc covid prop ed visits,2,2026-10-03,36,quantile,0.35,0.002765508325533069
2026-09-19,wk inc covid prop ed visits,2,2026-10-03,36,quantile,0.4,0.0028917999719574048
2026-09-19,wk inc covid prop ed visits,2,2026-10-03,36,quantile,0.45,0.0030173933002457
2026-09-19,wk inc covid prop ed visits,2,2026-10-03,36,quantile,0.5,0.0031271129112673624
2026-09-19,wk inc covid prop ed visits,2,2026-10-03,36,quantile,0.55,0.003251344626520274
2026-09-19,wk inc covid prop ed visits,2,2026-10-03,36,quantile,0.6,0.0033858792453917916
2026-09-19,wk inc covid prop ed visits,2,2026-10-03,36,quantile,0.65,0.0035101786266541935
2026-09-19,wk inc covid prop ed visits,2,2026-10-03,36,quantile,0.7,0.003659805570018007
2026-09-19,wk inc covid prop ed visits,2,2026-10-03,36,quantile,0.75,0.00382676465056606
2026-09-19,wk inc covid prop ed visits,2,2026-10-03,36,quantile,0.8,0.004029964128092669
2026-09-19,wk inc covid prop ed visits,2,2026-10-03,36,quantile,0.85,0.004269488245499428
2026-09-19,wk inc covid prop ed visits,2,2026-10-03,36,quantile,0.9,0.004588960193144566
2026-09-19,wk inc covid prop ed visits,2,2026-10-03,36,quantile,0.95,0.005063650690295161
2026-09-19,wk inc covid prop ed visits,2,2026-10-03,36,quantile,0.975,0.005640366291876671
2026-09-19,wk inc covid prop ed visits,2,2026-10-03,36,quantile,0.99,0.006244751906304395
2026-09-19,wk inc covid prop ed visits,2,2026-10-03,37,quantile,0.01,0.0029822338816578426
2026-09-19,wk inc covid prop ed visits,2,2026-10-03,37,quantile,0.025,0.0034088732782829663
2026-09-19,wk inc covid prop ed visits,2,2026-10-03,37,quantile,0.05,0.0038006783605587847
2026-09-19,wk inc covid prop ed visits,2,2026-10-03,37,quantile,0.1,0.0041835888329072495
2026-09-19,wk inc covid prop ed visits,2,2026-10-03,37,quantile,0.15,0.004482410517823517
2026-09-19,wk inc covid prop ed visits,2,2026-10-03,37,quantile,0.2,0.004770838883888662
2026-09-19,wk inc covid prop ed visits,2,2026-10-03,37,quantile,0.25,0.005010788530164299
2026-09-19,wk inc covid prop ed visits,2,2026-10-03,37,quantile,0.3,0.00521347663682788
2026-09-19,wk inc covid prop ed visits,2,2026-10-03,37,quantile,0.35,0.005419283484613395
2026-09-19,wk inc covid prop ed visits,2,2026-10-03,37,quantile,0.4,0.005631464496239514
2026-09-19,wk inc covid prop ed visits,2,2026-10-03,37,quantile,0.45,0.0058472102638787585
2026-09-19,wk inc covid prop ed visits,2,2026-10-03,37,quantile,0.5,0.006057301221529131
2026-09-19,wk inc covid prop ed visits,2,2026-10-03,37,quantile,0.55,0.006272184213332657
2026-09-19,wk inc covid prop ed visits,2,2026-10-03,37,quantile,0.6,0.006515460649418089
2026-09-19,wk inc covid prop ed visits,2,2026-10-03,37,quantile,0.65,0.00673117003461508
2026-09-19,wk inc covid prop ed visits,2,2026-10-03,37,quantile,0.7,0.006989262607485909
2026-09-19,wk inc covid prop ed visits,2,2026-10-03,37,quantile,0.75,0.007308057523809183
2026-09-19,wk inc covid prop ed visits,2,2026-10-03,37,quantile,0.8,0.007600766390665969
2026-09-19,wk inc covid prop ed visits,2,2026-10-03,37,quantile,0.85,0.008029125591381392
2026-09-19,wk inc covid prop ed visits,2,2026-10-03,37,quantile,0.9,0.008591431527547997
2026-09-19,wk inc covid prop ed visits,2,2026-10-03,37,quantile,0.95,0.009438063891157903
2026-09-19,wk inc covid prop ed visits,2,2026-10-03,37,quantile,0.975,0.010241836182901703
2026-09-19,wk inc covid prop ed visits,2,2026-10-03,37,quantile,0.99,0.0112887736712672
2026-09-19,wk inc covid prop ed visits,2,2026-10-03,38,quantile,0.01,2.1076352389676507e-4
2026-09-19,wk inc covid prop ed visits,2,2026-10-03,38,quantile,0.025,2.7028218802969245e-4
2026-09-19,wk inc covid prop ed visits,2,2026-10-03,38,quantile,0.05,3.3053197015062066e-4
2026-09-19,wk inc covid prop ed visits,2,2026-10-03,38,quantile,0.1,4.100563907839272e-4
2026-09-19,wk inc covid prop ed visits,2,2026-10-03,38,quantile,0.15,4.6066954846775383e-4
2026-09-19,wk inc covid prop ed visits,2,2026-10-03,38,quantile,0.2,5.140559367277731e-4
2026-09-19,wk inc covid prop ed visits,2,2026-10-03,38,quantile,0.25,5.63922713910747e-4
2026-09-19,wk inc covid prop ed visits,2,2026-10-03,38,quantile,0.3,6.083311320368353e-4
2026-09-19,wk inc covid prop ed visits,2,2026-10-03,38,quantile,0.35,6.528963924961817e-4
2026-09-19,wk inc covid prop ed visits,2,2026-10-03,38,quantile,0.4,6.945957996974614e-4
2026-09-19,wk inc covid prop ed visits,2,2026-10-03,38,quantile,0.45,7.392484265280953e-4
2026-09-19,wk inc covid prop ed visits,2,2026-10-03,38,quantile,0.5,7.864679765318751e-4
2026-09-19,wk inc covid prop ed visits,2,2026-10-03,38,quantile,0.55,8.285297626166822e-4
2026-09-19,wk inc covid prop ed visits,2,2026-10-03,38,quantile,0.6,8.765171119505173e-4
2026-09-19,wk inc covid prop ed visits,2,2026-10-03,38,quantile,0.65,9.27641587945296e-4
2026-09-19,wk inc covid prop ed visits,2,2026-10-03,38,quantile,0.7,9.795799640541414e-4
2026-09-19,wk inc covid prop ed visits,2,2026-10-03,38,quantile,0.75,0.0010489376582031762
2026-09-19,wk inc covid prop ed visits,2,2026-10-03,38,quantile,0.8,0.0011149986332131378
2026-09-19,wk inc covid prop ed visits,2,2026-10-03,38,quantile,0.85,0.0012025585411122165
2026-09-19,wk inc covid prop ed visits,2,2026-10-03,38,quantile,0.9,0.0013087549579505755
2026-09-19,wk inc covid prop ed visits,2,2026-10-03,38,quantile,0.95,0.0014854375421881876
2026-09-19,wk inc covid prop ed visits,2,2026-10-03,38,quantile,0.975,0.001649149589074352
2026-09-19,wk inc covid prop ed visits,2,2026-10-03,38,quantile,0.99,0.001872683342158212
2026-09-19,wk inc covid prop ed visits,2,2026-10-03,39,quantile,0.01,4.619921830535199e-4
2026-09-19,wk inc covid prop ed visits,2,2026-10-03,39,quantile,0.025,5.492591182355058e-4
2026-09-19,wk inc covid prop ed visits,2,2026-10-03,39,quantile,0.05,6.438210195234314e-4
2026-09-19,wk inc covid prop ed visits,2,2026-10-03,39,quantile,0.1,7.543387971345211e-4
2026-09-19,wk inc covid prop ed visits,2,2026-10-03,39,quantile,0.15,8.375596989164903e-4
2026-09-19,wk inc covid prop ed visits,2,2026-10-03,39,quantile,0.2,9.164567591022405e-4
2026-09-19,wk inc covid prop ed visits,2,2026-10-03,39,quantile,0.25,9.8817917094424e-4
2026-09-19,wk inc covid prop ed visits,2,2026-10-03,39,quantile,0.3,0.001052295326997381
2026-09-19,wk inc covid prop ed visits,2,2026-10-03,39,quantile,0.35,0.0011156092374129613
2026-09-19,wk inc covid prop ed visits,2,2026-10-03,39,quantile,0.4,0.0011741511995006307
2026-09-19,wk inc covid prop ed visits,2,2026-10-03,39,quantile,0.45,0.001232291166426445
2026-09-19,wk inc covid prop ed visits,2,2026-10-03,39,quantile,0.5,0.0012963374801104534
2026-09-19,wk inc covid prop ed visits,2,2026-10-03,39,quantile,0.55,0.0013618683537246065
2026-09-19,wk inc covid prop ed visits,2,2026-10-03,39,quantile,0.6,0.0014387018460924404
2026-09-19,wk inc covid prop ed visits,2,2026-10-03,39,quantile,0.65,0.0015049282331703515
2026-09-19,wk inc covid prop ed visits,2,2026-10-03,39,quantile,0.7,0.0015751416726816868
2026-09-19,wk inc covid prop ed visits,2,2026-10-03,39,quantile,0.75,0.0016602265772264258
2026-09-19,wk inc covid prop ed visits,2,2026-10-03,39,quantile,0.8,0.0017507245718691488
2026-09-19,wk inc covid prop ed visits,2,2026-10-03,39,quantile,0.85,0.0018622123957676563
2026-09-19,wk inc covid prop ed visits,2,2026-10-03,39,quantile,0.9,0.002011721990859903
2026-09-19,wk inc covid prop ed visits,2,2026-10-03,39,quantile,0.95,0.002273502404494819
2026-09-19,wk inc covid prop ed visits,2,2026-10-03,39,quantile,0.975,0.0025355269918859217
2026-09-19,wk inc covid prop ed visits,2,2026-10-03,39,quantile,0.99,0.002879005635504331
2026-09-19,wk inc covid prop ed visits,2,2026-10-03,40,quantile,0.01,8.559526538130288e-4
2026-09-19,wk inc covid prop ed visits,2,2026-10-03,40,quantile,0.025,0.0010182390380862026
2026-09-19,wk inc covid prop ed visits,2,2026-10-03,40,quantile,0.05,0.0011661487416868405
2026-09-19,wk inc covid prop ed visits,2,2026-10-03,40,quantile,0.1,0.0013513402944121547
2026-09-19,wk inc covid prop ed visits,2,2026-10-03,40,quantile,0.15,0.0014721219420884154
2026-09-19,wk inc covid prop ed visits,2,2026-10-03,40,quantile,0.2,0.0015820571000841619
2026-09-19,wk inc covid prop ed visits,2,2026-10-03,40,quantile,0.25,0.0016992833528813442
2026-09-19,wk inc covid prop ed visits,2,2026-10-03,40,quantile,0.3,0.0018029957470172124
2026-09-19,wk inc covid prop ed visits,2,2026-10-03,40,quantile,0.35,0.0018904351514860908
2026-09-19,wk inc covid prop ed visits,2,2026-10-03,40,quantile,0.4,0.001980319392947311
2026-09-19,wk inc covid prop ed visits,2,2026-10-03,40,quantile,0.45,0.0020637554268067354
2026-09-19,wk inc covid prop ed visits,2,2026-10-03,40,quantile,0.5,0.0021474570590998034
2026-09-19,wk inc covid prop ed visits,2,2026-10-03,40,quantile,0.55,0.0022408441174523487
2026-09-19,wk inc covid prop ed visits,2,2026-10-03,40,quantile,0.6,0.0023275287267339167
2026-09-19,wk inc covid prop ed visits,2,2026-10-03,40,quantile,0.65,0.0024250843171103554
2026-09-19,wk inc covid prop ed visits,2,2026-10-03,40,quantile,0.7,0.0025369329615725386
2026-09-19,wk inc covid prop ed visits,2,2026-10-03,40,quantile,0.75,0.0026608968664392635
2026-09-19,wk inc covid prop ed visits,2,2026-10-03,40,quantile,0.8,0.0027912641655963573
2026-09-19,wk inc covid prop ed visits,2,2026-10-03,40,quantile,0.85,0.0029682602485080127
2026-09-19,wk inc covid prop ed visits,2,2026-10-03,40,quantile,0.9,0.0031988131701390283
2026-09-19,wk inc covid prop ed visits,2,2026-10-03,40,quantile,0.95,0.0036023871140150113
2026-09-19,wk inc covid prop ed visits,2,2026-10-03,40,quantile,0.975,0.003951193065433027
2026-09-19,wk inc covid prop ed visits,2,2026-10-03,40,quantile,0.99,0.004414400593519632
2026-09-19,wk inc covid prop ed visits,2,2026-10-03,41,quantile,0.01,0.0016995690650735984
2026-09-19,wk inc covid prop ed visits,2,2026-10-03,41,quantile,0.025,0.0019183599776746339
2026-09-19,wk inc covid prop ed visits,2,2026-10-03,41,quantile,0.05,0.0021231830588884014
2026-09-19,wk inc covid prop ed visits,2,2026-10-03,41,quantile,0.1,0.002404291570454759
2026-09-19,wk inc covid prop ed visits,2,2026-10-03,41,quantile,0.15,0.002614900541693243
2026-09-19,wk inc covid prop ed visits,2,2026-10-03,41,quantile,0.2,0.002794280652573925
2026-09-19,wk inc covid prop ed visits,2,2026-10-03,41,quantile,0.25,0.002964679831804816
2026-09-19,wk inc covid prop ed visits,2,2026-10-03,41,quantile,0.3,0.0031032033161120876
2026-09-19,wk inc covid prop ed visits,2,2026-10-03,41,quantile,0.35,0.0032538844950291594
2026-09-19,wk inc covid prop ed visits,2,2026-10-03,41,quantile,0.4,0.0033963938083585643
2026-09-19,wk inc covid prop ed visits,2,2026-10-03,41,quantile,0.45,0.0035354109580525827
2026-09-19,wk inc covid prop ed visits,2,2026-10-03,41,quantile,0.5,0.003669905653095411
2026-09-19,wk inc covid prop ed visits,2,2026-10-03,41,quantile,0.55,0.0038184414783516826
2026-09-19,wk inc covid prop ed visits,2,2026-10-03,41,quantile,0.6,0.003976235297277298
2026-09-19,wk inc covid prop ed visits,2,2026-10-03,41,quantile,0.65,0.00412462212317257
2026-09-19,wk inc covid prop ed visits,2,2026-10-03,41,quantile,0.7,0.004273725362805077
2026-09-19,wk inc covid prop ed visits,2,2026-10-03,41,quantile,0.75,0.004473762654168833
2026-09-19,wk inc covid prop ed visits,2,2026-10-03,41,quantile,0.8,0.00470789777435299
2026-09-19,wk inc covid prop ed visits,2,2026-10-03,41,quantile,0.85,0.004978018022181511
2026-09-19,wk inc covid prop ed visits,2,2026-10-03,41,quantile,0.9,0.005314269743583868
2026-09-19,wk inc covid prop ed visits,2,2026-10-03,41,quantile,0.95,0.005813843780017255
2026-09-19,wk inc covid prop ed visits,2,2026-10-03,41,quantile,0.975,0.006325596212620493
2026-09-19,wk inc covid prop ed visits,2,2026-10-03,41,quantile,0.99,0.007149686008830885
2026-09-19,wk inc covid prop ed visits,2,2026-10-03,42,quantile,0.01,5.589858827302498e-4
2026-09-19,wk inc covid prop ed visits,2,2026-10-03,42,quantile,0.025,6.682177358935139e-4
2026-09-19,wk inc covid prop ed visits,2,2026-10-03,42,quantile,0.05,7.678423563619825e-4
2026-09-19,wk inc covid prop ed visits,2,2026-10-03,42,quantile,0.1,9.219667560304685e-4
2026-09-19,wk inc covid prop ed visits,2,2026-10-03,42,quantile,0.15,0.0010189206650415394
2026-09-19,wk inc covid prop ed visits,2,2026-10-03,42,quantile,0.2,0.0011137573405735858
2026-09-19,wk inc covid prop ed visits,2,2026-10-03,42,quantile,0.25,0.0011829334704623951
2026-09-19,wk inc covid prop ed visits,2,2026-10-03,42,quantile,0.3,0.0012523895847725182
2026-09-19,wk inc covid prop ed visits,2,2026-10-03,42,quantile,0.35,0.0013338391498128846
2026-09-19,wk inc covid prop ed visits,2,2026-10-03,42,quantile,0.4,0.00139978610359309
2026-09-19,wk inc covid prop ed visits,2,2026-10-03,42,quantile,0.45,0.0014707955234697025
2026-09-19,wk inc covid prop ed visits,2,2026-10-03,42,quantile,0.5,0.0015373782026497312
2026-09-19,wk inc covid prop ed visits,2,2026-10-03,42,quantile,0.55,0.0016136326716172818
2026-09-19,wk inc covid prop ed visits,2,2026-10-03,42,quantile,0.6,0.0016887509497827283
2026-09-19,wk inc covid prop ed visits,2,2026-10-03,42,quantile,0.65,0.001760403101340206
2026-09-19,wk inc covid prop ed visits,2,2026-10-03,42,quantile,0.7,0.001844466509722564
2026-09-19,wk inc covid prop ed visits,2,2026-10-03,42,quantile,0.75,0.0019474685448268307
2026-09-19,wk inc covid prop ed visits,2,2026-10-03,42,quantile,0.8,0.002060738912343992
2026-09-19,wk inc covid prop ed visits,2,2026-10-03,42,quantile,0.85,0.002213261675022046
2026-09-19,wk inc covid prop ed visits,2,2026-10-03,42,quantile,0.9,0.0023860678982591814
2026-09-19,wk inc covid prop ed visits,2,2026-10-03,42,quantile,0.95,0.0026955676920686423
2026-09-19,wk inc covid prop ed visits,2,2026-10-03,42,quantile,0.975,0.0029970353710227107
2026-09-19,wk inc covid prop ed visits,2,2026-10-03,42,quantile,0.99,0.003265925837975682
2026-09-19,wk inc covid prop ed visits,2,2026-10-03,44,quantile,0.01,8.168989095334974e-4
2026-09-19,wk inc covid prop ed visits,2,2026-10-03,44,quantile,0.025,9.263946496480263e-4
2026-09-19,wk inc covid prop ed visits,2,2026-10-03,44,quantile,0.05,0.0010754165829014288
2026-09-19,wk inc covid prop ed visits,2,2026-10-03,44,quantile,0.1,0.0012329191053206193
2026-09-19,wk inc covid prop ed visits,2,2026-10-03,44,quantile,0.15,0.0013497166180309605
2026-09-19,wk inc covid prop ed visits,2,2026-10-03,44,quantile,0.2,0.0014554877231588944
2026-09-19,wk inc covid prop ed visits,2,2026-10-03,44,quantile,0.25,0.001558690898877663
2026-09-19,wk inc covid prop ed visits,2,2026-10-03,44,quantile,0.3,0.0016458059330697146
2026-09-19,wk inc covid prop ed visits,2,2026-10-03,44,quantile,0.35,0.0017360884761536749
2026-09-19,wk inc covid prop ed visits,2,2026-10-03,44,quantile,0.4,0.001826115983759007
2026-09-19,wk inc covid prop ed visits,2,2026-10-03,44,quantile,0.45,0.001908342687770571
2026-09-19,wk inc covid prop ed visits,2,2026-10-03,44,quantile,0.5,0.001986269528491624
2026-09-19,wk inc covid prop ed visits,2,2026-10-03,44,quantile,0.55,0.002074582576671434
2026-09-19,wk inc covid prop ed visits,2,2026-10-03,44,quantile,0.6,0.002175350921276296
2026-09-19,wk inc covid prop ed visits,2,2026-10-03,44,quantile,0.65,0.002276265764374266
2026-09-19,wk inc covid prop ed visits,2,2026-10-03,44,quantile,0.7,0.0023780047672912635
2026-09-19,wk inc covid prop ed visits,2,2026-10-03,44,quantile,0.75,0.0025011826166201744
2026-09-19,wk inc covid prop ed visits,2,2026-10-03,44,quantile,0.8,0.002642653618326857
2026-09-19,wk inc covid prop ed visits,2,2026-10-03,44,quantile,0.85,0.0028048423610718765
2026-09-19,wk inc covid prop ed visits,2,2026-10-03,44,quantile,0.9,0.003039056358337402
2026-09-19,wk inc covid prop ed visits,2,2026-10-03,44,quantile,0.95,0.003429351987953826
2026-09-19,wk inc covid prop ed visits,2,2026-10-03,44,quantile,0.975,0.0037751702638293026
2026-09-19,wk inc covid prop ed visits,2,2026-10-03,44,quantile,0.99,0.004183964722828548
2026-09-19,wk inc covid prop ed visits,2,2026-10-03,45,quantile,0.01,0.0025351745386143903
2026-09-19,wk inc covid prop ed visits,2,2026-10-03,45,quantile,0.025,0.0028743861300370506
2026-09-19,wk inc covid prop ed visits,2,2026-10-03,45,quantile,0.05,0.00321731123987929
2026-09-19,wk inc covid prop ed visits,2,2026-10-03,45,quantile,0.1,0.003594909082841757
2026-09-19,wk inc covid prop ed visits,2,2026-10-03,45,quantile,0.15,0.00385542356277688
2026-09-19,wk inc covid prop ed visits,2,2026-10-03,45,quantile,0.2,0.004109467356913554
2026-09-19,wk inc covid prop ed visits,2,2026-10-03,45,quantile,0.25,0.004306918640163984
2026-09-19,wk inc covid prop ed visits,2,2026-10-03,45,quantile,0.3,0.00449181164312868
2026-09-19,wk inc covid prop ed visits,2,2026-10-03,45,quantile,0.35,0.00466958880578805
2026-09-19,wk inc covid prop ed visits,2,2026-10-03,45,quantile,0.4,0.004862255629854758
2026-09-19,wk inc covid prop ed visits,2,2026-10-03,45,quantile,0.45,0.005033306586972104
2026-09-19,wk inc covid prop ed visits,2,2026-10-03,45,quantile,0.5,0.005196357205862801
2026-09-19,wk inc covid prop ed visits,2,2026-10-03,45,quantile,0.55,0.005392008867692734
2026-09-19,wk inc covid prop ed visits,2,2026-10-03,45,quantile,0.6,0.00558600845065179
2026-09-19,wk inc covid prop ed visits,2,2026-10-03,45,quantile,0.65,0.005805375966345186
2026-09-19,wk inc covid prop ed visits,2,2026-10-03,45,quantile,0.7,0.006024845910604931
2026-09-19,wk inc covid prop ed visits,2,2026-10-03,45,quantile,0.75,0.006309926996135659
2026-09-19,wk inc covid prop ed visits,2,2026-10-03,45,quantile,0.8,0.006595557944584168
2026-09-19,wk inc covid prop ed visits,2,2026-10-03,45,quantile,0.85,0.006982928010771676
2026-09-19,wk inc covid prop ed visits,2,2026-10-03,45,quantile,0.9,0.007440504331032327
2026-09-19,wk inc covid prop ed visits,2,2026-10-03,45,quantile,0.95,0.00825019545774879
2026-09-19,wk inc covid prop ed visits,2,2026-10-03,45,quantile,0.975,0.008941310963183548
2026-09-19,wk inc covid prop ed visits,2,2026-10-03,45,quantile,0.99,0.009823216623835175
2026-09-19,wk inc covid prop ed visits,2,2026-10-03,46,quantile,0.01,5.180502441845523e-4
2026-09-19,wk inc covid prop ed visits,2,2026-10-03,46,quantile,0.025,6.424057945687763e-4
2026-09-19,wk inc covid prop ed visits,2,2026-10-03,46,quantile,0.05,7.368185655209994e-4
2026-09-19,wk inc covid prop ed visits,2,2026-10-03,46,quantile,0.1,8.645059913892453e-4
2026-09-19,wk inc covid prop ed visits,2,2026-10-03,46,quantile,0.15,9.478787492047948e-4
2026-09-19,wk inc covid prop ed visits,2,2026-10-03,46,quantile,0.2,0.0010393363172459947
2026-09-19,wk inc covid prop ed visits,2,2026-10-03,46,quantile,0.25,0.0011153335478350196
2026-09-19,wk inc covid prop ed visits,2,2026-10-03,46,quantile,0.3,0.0011826891716773336
2026-09-19,wk inc covid prop ed visits,2,2026-10-03,46,quantile,0.35,0.001252758589603098
2026-09-19,wk inc covid prop ed visits,2,2026-10-03,46,quantile,0.4,0.0013159894603443265
2026-09-19,wk inc covid prop ed visits,2,2026-10-03,46,quantile,0.45,0.0013849022371936748
2026-09-19,wk inc covid prop ed visits,2,2026-10-03,46,quantile,0.5,0.0014569178615282136
2026-09-19,wk inc covid prop ed visits,2,2026-10-03,46,quantile,0.55,0.0015194179577545865
2026-09-19,wk inc covid prop ed visits,2,2026-10-03,46,quantile,0.6,0.0015889994300917146
2026-09-19,wk inc covid prop ed visits,2,2026-10-03,46,quantile,0.65,0.0016599621170563998
2026-09-19,wk inc covid prop ed visits,2,2026-10-03,46,quantile,0.7,0.0017397853853908538
2026-09-19,wk inc covid prop ed visits,2,2026-10-03,46,quantile,0.75,0.0018362829134810738
2026-09-19,wk inc covid prop ed visits,2,2026-10-03,46,quantile,0.8,0.001951898469069856
2026-09-19,wk inc covid prop ed visits,2,2026-10-03,46,quantile,0.85,0.0020824332329777034
2026-09-19,wk inc covid prop ed visits,2,2026-10-03,46,quantile,0.9,0.002252877614193095
2026-09-19,wk inc covid prop ed visits,2,2026-10-03,46,quantile,0.95,0.0025350610925267054
2026-09-19,wk inc covid prop ed visits,2,2026-10-03,46,quantile,0.975,0.002776973646510421
2026-09-19,wk inc covid prop ed visits,2,2026-10-03,46,quantile,0.99,0.0030979808168162194
2026-09-19,wk inc covid prop ed visits,2,2026-10-03,47,quantile,0.01,0.001858367758396426
2026-09-19,wk inc covid prop ed visits,2,2026-10-03,47,quantile,0.025,0.002084742247884072
2026-09-19,wk inc covid prop ed visits,2,2026-10-03,47,quantile,0.05,0.0022793520560397936
2026-09-19,wk inc covid prop ed visits,2,2026-10-03,47,quantile,0.1,0.00258597549873057
2026-09-19,wk inc covid prop ed visits,2,2026-10-03,47,quantile,0.15,0.002814490477157643
2026-09-19,wk inc covid prop ed visits,2,2026-10-03,47,quantile,0.2,0.002982206772507315
2026-09-19,wk inc covid prop ed visits,2,2026-10-03,47,quantile,0.25,0.0031750036430088736
2026-09-19,wk inc covid prop ed visits,2,2026-10-03,47,quantile,0.3,0.0033416940285687065
2026-09-19,wk inc covid prop ed visits,2,2026-10-03,47,quantile,0.35,0.003471056371760113
2026-09-19,wk inc covid prop ed visits,2,2026-10-03,47,quantile,0.4,0.003602813575794086
2026-09-19,wk inc covid prop ed visits,2,2026-10-03,47,quantile,0.45,0.00376955151136139
2026-09-19,wk inc covid prop ed visits,2,2026-10-03,47,quantile,0.5,0.003910514534230728
2026-09-19,wk inc covid prop ed visits,2,2026-10-03,47,quantile,0.55,0.004062089417953716
2026-09-19,wk inc covid prop ed visits,2,2026-10-03,47,quantile,0.6,0.004217530746480029
2026-09-19,wk inc covid prop ed visits,2,2026-10-03,47,quantile,0.65,0.004373846097044684
2026-09-19,wk inc covid prop ed visits,2,2026-10-03,47,quantile,0.7,0.0045335603774571045
2026-09-19,wk inc covid prop ed visits,2,2026-10-03,47,quantile,0.75,0.004734431711480665
2026-09-19,wk inc covid prop ed visits,2,2026-10-03,47,quantile,0.8,0.004941740688379255
2026-09-19,wk inc covid prop ed visits,2,2026-10-03,47,quantile,0.85,0.005192126570537854
2026-09-19,wk inc covid prop ed visits,2,2026-10-03,47,quantile,0.9,0.005538570754215485
2026-09-19,wk inc covid prop ed visits,2,2026-10-03,47,quantile,0.95,0.006130058139036262
2026-09-19,wk inc covid prop ed visits,2,2026-10-03,47,quantile,0.975,0.006648271857326172
2026-09-19,wk inc covid prop ed visits,2,2026-10-03,47,quantile,0.99,0.0072419616450256985
2026-09-19,wk inc covid prop ed visits,2,2026-10-03,48,quantile,0.01,0.004820893766781188
2026-09-19,wk inc covid prop ed visits,2,2026-10-03,48,quantile,0.025,0.005386082731079527
2026-09-19,wk inc covid prop ed visits,2,2026-10-03,48,quantile,0.05,0.0058854122861310984
2026-09-19,wk inc covid prop ed visits,2,2026-10-03,48,quantile,0.1,0.0065259995110535365
2026-09-19,wk inc covid prop ed visits,2,2026-10-03,48,quantile,0.15,0.006971008571053817
2026-09-19,wk inc covid prop ed visits,2,2026-10-03,48,quantile,0.2,0.0073896169896034885
2026-09-19,wk inc covid prop ed visits,2,2026-10-03,48,quantile,0.25,0.00772456412701685
2026-09-19,wk inc covid prop ed visits,2,2026-10-03,48,quantile,0.3,0.008044294964662817
2026-09-19,wk inc covid prop ed visits,2,2026-10-03,48,quantile,0.35,0.00834127484276856
2026-09-19,wk inc covid prop ed visits,2,2026-10-03,48,quantile,0.4,0.008655362510518988
2026-09-19,wk inc covid prop ed visits,2,2026-10-03,48,quantile,0.45,0.008955731812508496
2026-09-19,wk inc covid prop ed visits,2,2026-10-03,48,quantile,0.5,0.009257959640016732
2026-09-19,wk inc covid prop ed visits,2,2026-10-03,48,quantile,0.55,0.009605550227840685
2026-09-19,wk inc covid prop ed visits,2,2026-10-03,48,quantile,0.6,0.009955853704520512
2026-09-19,wk inc covid prop ed visits,2,2026-10-03,48,quantile,0.65,0.010358872460615162
2026-09-19,wk inc covid prop ed visits,2,2026-10-03,48,quantile,0.7,0.010720924079681473
2026-09-19,wk inc covid prop ed visits,2,2026-10-03,48,quantile,0.75,0.011152144810148113
2026-09-19,wk inc covid prop ed visits,2,2026-10-03,48,quantile,0.8,0.011629685991742092
2026-09-19,wk inc covid prop ed visits,2,2026-10-03,48,quantile,0.85,0.012284354765243505
2026-09-19,wk inc covid prop ed visits,2,2026-10-03,48,quantile,0.9,0.01303937682748536
2026-09-19,wk inc covid prop ed visits,2,2026-10-03,48,quantile,0.95,0.014291615942950066
2026-09-19,wk inc covid prop ed visits,2,2026-10-03,48,quantile,0.975,0.015289737775523584
2026-09-19,wk inc covid prop ed visits,2,2026-10-03,48,quantile,0.99,0.016818267008766714
2026-09-19,wk inc covid prop ed visits,2,2026-10-03,49,quantile,0.01,9.330151971588194e-4
2026-09-19,wk inc covid prop ed visits,2,2026-10-03,49,quantile,0.025,0.0010876031793895808
2026-09-19,wk inc covid prop ed visits,2,2026-10-03,49,quantile,0.05,0.0012378647894518587
2026-09-19,wk inc covid prop ed visits,2,2026-10-03,49,quantile,0.1,0.0014396337757879264
2026-09-19,wk inc covid prop ed visits,2,2026-10-03,49,quantile,0.15,0.0015759029802401001
2026-09-19,wk inc covid prop ed visits,2,2026-10-03,49,quantile,0.2,0.001686227831350079
2026-09-19,wk inc covid prop ed visits,2,2026-10-03,49,quantile,0.25,0.001791119540548369
2026-09-19,wk inc covid prop ed visits,2,2026-10-03,49,quantile,0.3,0.0018853687735342472
2026-09-19,wk inc covid prop ed visits,2,2026-10-03,49,quantile,0.35,0.0019717473473458615
2026-09-19,wk inc covid prop ed visits,2,2026-10-03,49,quantile,0.4,0.002061523543555065
2026-09-19,wk inc covid prop ed visits,2,2026-10-03,49,quantile,0.45,0.002148073239621821
2026-09-19,wk inc covid prop ed visits,2,2026-10-03,49,quantile,0.5,0.002240773704720503
2026-09-19,wk inc covid prop ed visits,2,2026-10-03,49,quantile,0.55,0.0023351142539450647
2026-09-19,wk inc covid prop ed visits,2,2026-10-03,49,quantile,0.6,0.0024300862361487105
2026-09-19,wk inc covid prop ed visits,2,2026-10-03,49,quantile,0.65,0.002534379800634465
2026-09-19,wk inc covid prop ed visits,2,2026-10-03,49,quantile,0.7,0.002649847668982507
2026-09-19,wk inc covid prop ed visits,2,2026-10-03,49,quantile,0.75,0.0027891765561863986
2026-09-19,wk inc covid prop ed visits,2,2026-10-03,49,quantile,0.8,0.0029386140386802755
2026-09-19,wk inc covid prop ed visits,2,2026-10-03,49,quantile,0.85,0.003120139891786799
2026-09-19,wk inc covid prop ed visits,2,2026-10-03,49,quantile,0.9,0.0033714453993552713
2026-09-19,wk inc covid prop ed visits,2,2026-10-03,49,quantile,0.95,0.0037415462503313656
2026-09-19,wk inc covid prop ed visits,2,2026-10-03,49,quantile,0.975,0.004113694720325337
2026-09-19,wk inc covid prop ed visits,2,2026-10-03,49,quantile,0.99,0.004633369160038342
2026-09-19,wk inc covid prop ed visits,2,2026-10-03,50,quantile,0.01,4.939594851751235e-4
2026-09-19,wk inc covid prop ed visits,2,2026-10-03,50,quantile,0.025,5.845156431449794e-4
2026-09-19,wk inc covid prop ed visits,2,2026-10-03,50,quantile,0.05,6.74651202273141e-4
2026-09-19,wk inc covid prop ed visits,2,2026-10-03,50,quantile,0.1,7.963411504768483e-4
2026-09-19,wk inc covid prop ed visits,2,2026-10-03,50,quantile,0.15,8.884335928758931e-4
2026-09-19,wk inc covid prop ed visits,2,2026-10-03,50,quantile,0.2,9.685999610590215e-4
2026-09-19,wk inc covid prop ed visits,2,2026-10-03,50,quantile,0.25,0.0010396806210150587
2026-09-19,wk inc covid prop ed visits,2,2026-10-03,50,quantile,0.3,0.0011066589784766874
2026-09-19,wk inc covid prop ed visits,2,2026-10-03,50,quantile,0.35,0.0011677767289239595
2026-09-19,wk inc covid prop ed visits,2,2026-10-03,50,quantile,0.4,0.0012322011401345529
2026-09-19,wk inc covid prop ed visits,2,2026-10-03,50,quantile,0.45,0.001286652333407507
2026-09-19,wk inc covid prop ed visits,2,2026-10-03,50,quantile,0.5,0.0013531645346715423
2026-09-19,wk inc covid prop ed visits,2,2026-10-03,50,quantile,0.55,0.0014241090265650067
2026-09-19,wk inc covid prop ed visits,2,2026-10-03,50,quantile,0.6,0.001500692683615283
2026-09-19,wk inc covid prop ed visits,2,2026-10-03,50,quantile,0.65,0.0015664084984768625
2026-09-19,wk inc covid prop ed visits,2,2026-10-03,50,quantile,0.7,0.001646639755512141
2026-09-19,wk inc covid prop ed visits,2,2026-10-03,50,quantile,0.75,0.0017368894934826754
2026-09-19,wk inc covid prop ed visits,2,2026-10-03,50,quantile,0.8,0.0018417908335978904
2026-09-19,wk inc covid prop ed visits,2,2026-10-03,50,quantile,0.85,0.0019656376286313897
2026-09-19,wk inc covid prop ed visits,2,2026-10-03,50,quantile,0.9,0.002116989528928779
2026-09-19,wk inc covid prop ed visits,2,2026-10-03,50,quantile,0.95,0.0023589968334431803
2026-09-19,wk inc covid prop ed visits,2,2026-10-03,50,quantile,0.975,0.002603291395468998
2026-09-19,wk inc covid prop ed visits,2,2026-10-03,50,quantile,0.99,0.0029038261943152765
2026-09-19,wk inc covid prop ed visits,2,2026-10-03,51,quantile,0.01,0.0017588107748069469
2026-09-19,wk inc covid prop ed visits,2,2026-10-03,51,quantile,0.025,0.002012566401578529
2026-09-19,wk inc covid prop ed visits,2,2026-10-03,51,quantile,0.05,0.0022321246254799554
2026-09-19,wk inc covid prop ed visits,2,2026-10-03,51,quantile,0.1,0.002526278442974554
2026-09-19,wk inc covid prop ed visits,2,2026-10-03,51,quantile,0.15,0.0027501745881289845
2026-09-19,wk inc covid prop ed visits,2,2026-10-03,51,quantile,0.2,0.002906777569591378
2026-09-19,wk inc covid prop ed visits,2,2026-10-03,51,quantile,0.25,0.0030534898089155777
2026-09-19,wk inc covid prop ed visits,2,2026-10-03,51,quantile,0.3,0.003197179068283876
2026-09-19,wk inc covid prop ed visits,2,2026-10-03,51,quantile,0.35,0.0033307323773017978
2026-09-19,wk inc covid prop ed visits,2,2026-10-03,51,quantile,0.4,0.0034703980541534963
2026-09-19,wk inc covid prop ed visits,2,2026-10-03,51,quantile,0.45,0.003614230496904935
2026-09-19,wk inc covid prop ed visits,2,2026-10-03,51,quantile,0.5,0.003751911466305303
2026-09-19,wk inc covid prop ed visits,2,2026-10-03,51,quantile,0.55,0.003890870192401174
2026-09-19,wk inc covid prop ed visits,2,2026-10-03,51,quantile,0.6,0.004053459093892962
2026-09-19,wk inc covid prop ed visits,2,2026-10-03,51,quantile,0.65,0.0042353204241027936
2026-09-19,wk inc covid prop ed visits,2,2026-10-03,51,quantile,0.7,0.0044224791479482535
2026-09-19,wk inc covid prop ed visits,2,2026-10-03,51,quantile,0.75,0.0046074464930224105
2026-09-19,wk inc covid prop ed visits,2,2026-10-03,51,quantile,0.8,0.004847995177278458
2026-09-19,wk inc covid prop ed visits,2,2026-10-03,51,quantile,0.85,0.0051190642400717225
2026-09-19,wk inc covid prop ed visits,2,2026-10-03,51,quantile,0.9,0.005499498001250696
2026-09-19,wk inc covid prop ed visits,2,2026-10-03,51,quantile,0.95,0.006080238596759373
2026-09-19,wk inc covid prop ed visits,2,2026-10-03,51,quantile,0.975,0.00663404911821875
2026-09-19,wk inc covid prop ed visits,2,2026-10-03,51,quantile,0.99,0.007237910508021839
2026-09-19,wk inc covid prop ed visits,2,2026-10-03,53,quantile,0.01,0.0028096106593106713
2026-09-19,wk inc covid prop ed visits,2,2026-10-03,53,quantile,0.025,0.0030694925291074185
2026-09-19,wk inc covid prop ed visits,2,2026-10-03,53,quantile,0.05,0.0033746019534468385
2026-09-19,wk inc covid prop ed visits,2,2026-10-03,53,quantile,0.1,0.003756491448241915
2026-09-19,wk inc covid prop ed visits,2,2026-10-03,53,quantile,0.15,0.004054007707172505
2026-09-19,wk inc covid prop ed visits,2,2026-10-03,53,quantile,0.2,0.00429353251626862
2026-09-19,wk inc covid prop ed visits,2,2026-10-03,53,quantile,0.25,0.0045246483841917045
2026-09-19,wk inc covid prop ed visits,2,2026-10-03,53,quantile,0.3,0.004744589680791034
2026-09-19,wk inc covid prop ed visits,2,2026-10-03,53,quantile,0.35,0.004927070766560715
2026-09-19,wk inc covid prop ed visits,2,2026-10-03,53,quantile,0.4,0.005132552164021819
2026-09-19,wk inc covid prop ed visits,2,2026-10-03,53,quantile,0.45,0.0053067033777472045
2026-09-19,wk inc covid prop ed visits,2,2026-10-03,53,quantile,0.5,0.005506619564232946
2026-09-19,wk inc covid prop ed visits,2,2026-10-03,53,quantile,0.55,0.005684545316377054
2026-09-19,wk inc covid prop ed visits,2,2026-10-03,53,quantile,0.6,0.00590760502187776
2026-09-19,wk inc covid prop ed visits,2,2026-10-03,53,quantile,0.65,0.006115780064798402
2026-09-19,wk inc covid prop ed visits,2,2026-10-03,53,quantile,0.7,0.006364826227724527
2026-09-19,wk inc covid prop ed visits,2,2026-10-03,53,quantile,0.75,0.006620090949333909
2026-09-19,wk inc covid prop ed visits,2,2026-10-03,53,quantile,0.8,0.006931029010312661
2026-09-19,wk inc covid prop ed visits,2,2026-10-03,53,quantile,0.85,0.0073099399246538445
2026-09-19,wk inc covid prop ed visits,2,2026-10-03,53,quantile,0.9,0.007819471097141557
2026-09-19,wk inc covid prop ed visits,2,2026-10-03,53,quantile,0.95,0.008576070011912096
2026-09-19,wk inc covid prop ed visits,2,2026-10-03,53,quantile,0.975,0.009353511309934408
2026-09-19,wk inc covid prop ed visits,2,2026-10-03,53,quantile,0.99,0.010209826721408105
2026-09-19,wk inc covid prop ed visits,2,2026-10-03,54,quantile,0.01,7.958617228493606e-4
2026-09-19,wk inc covid prop ed visits,2,2026-10-03,54,quantile,0.025,9.247580342504897e-4
2026-09-19,wk inc covid prop ed visits,2,2026-10-03,54,quantile,0.05,0.0010693279610378033
2026-09-19,wk inc covid prop ed visits,2,2026-10-03,54,quantile,0.1,0.0012365377142626764
2026-09-19,wk inc covid prop ed visits,2,2026-10-03,54,quantile,0.15,0.0013625352643072469
2026-09-19,wk inc covid prop ed visits,2,2026-10-03,54,quantile,0.2,0.0014684924334596142
2026-09-19,wk inc covid prop ed visits,2,2026-10-03,54,quantile,0.25,0.0015639654939013585
2026-09-19,wk inc covid prop ed visits,2,2026-10-03,54,quantile,0.3,0.0016491557786251691
2026-09-19,wk inc covid prop ed visits,2,2026-10-03,54,quantile,0.35,0.0017302250413765937
2026-09-19,wk inc covid prop ed visits,2,2026-10-03,54,quantile,0.4,0.0018099589370228371
2026-09-19,wk inc covid prop ed visits,2,2026-10-03,54,quantile,0.45,0.0018964320048651564
2026-09-19,wk inc covid prop ed visits,2,2026-10-03,54,quantile,0.5,0.0019756428130356827
2026-09-19,wk inc covid prop ed visits,2,2026-10-03,54,quantile,0.55,0.0020586596656713956
2026-09-19,wk inc covid prop ed visits,2,2026-10-03,54,quantile,0.6,0.0021534079819630694
2026-09-19,wk inc covid prop ed visits,2,2026-10-03,54,quantile,0.65,0.0022444843412309868
2026-09-19,wk inc covid prop ed visits,2,2026-10-03,54,quantile,0.7,0.0023442866832866487
2026-09-19,wk inc covid prop ed visits,2,2026-10-03,54,quantile,0.75,0.002462685148617244
2026-09-19,wk inc covid prop ed visits,2,2026-10-03,54,quantile,0.8,0.0026067626289419782
2026-09-19,wk inc covid prop ed visits,2,2026-10-03,54,quantile,0.85,0.0027667913757517906
2026-09-19,wk inc covid prop ed visits,2,2026-10-03,54,quantile,0.9,0.0029716237272060606
2026-09-19,wk inc covid prop ed visits,2,2026-10-03,54,quantile,0.95,0.0033112082443433905
2026-09-19,wk inc covid prop ed visits,2,2026-10-03,54,quantile,0.975,0.0035871357055532586
2026-09-19,wk inc covid prop ed visits,2,2026-10-03,54,quantile,0.99,0.003978103601320947
2026-09-19,wk inc covid prop ed visits,2,2026-10-03,55,quantile,0.01,3.460672329838237e-4
2026-09-19,wk inc covid prop ed visits,2,2026-10-03,55,quantile,0.025,4.227548455849987e-4
2026-09-19,wk inc covid prop ed visits,2,2026-10-03,55,quantile,0.05,5.130183926852393e-4
2026-09-19,wk inc covid prop ed visits,2,2026-10-03,55,quantile,0.1,6.160058887288216e-4
2026-09-19,wk inc covid prop ed visits,2,2026-10-03,55,quantile,0.15,6.999915032984837e-4
2026-09-19,wk inc covid prop ed visits,2,2026-10-03,55,quantile,0.2,7.587979282256479e-4
2026-09-19,wk inc covid prop ed visits,2,2026-10-03,55,quantile,0.25,8.127201591227507e-4
2026-09-19,wk inc covid prop ed visits,2,2026-10-03,55,quantile,0.3,8.728122526791346e-4
2026-09-19,wk inc covid prop ed visits,2,2026-10-03,55,quantile,0.35,9.272420194393614e-4
2026-09-19,wk inc covid prop ed visits,2,2026-10-03,55,quantile,0.4,9.804738411527904e-4
2026-09-19,wk inc covid prop ed visits,2,2026-10-03,55,quantile,0.45,0.0010367811448997368
2026-09-19,wk inc covid prop ed visits,2,2026-10-03,55,quantile,0.5,0.0010972163912634642
2026-09-19,wk inc covid prop ed visits,2,2026-10-03,55,quantile,0.55,0.0011451234923191803
2026-09-19,wk inc covid prop ed visits,2,2026-10-03,55,quantile,0.6,0.0012092569951564535
2026-09-19,wk inc covid prop ed visits,2,2026-10-03,55,quantile,0.65,0.0012716863003067948
2026-09-19,wk inc covid prop ed visits,2,2026-10-03,55,quantile,0.7,0.0013349140773512825
2026-09-19,wk inc covid prop ed visits,2,2026-10-03,55,quantile,0.75,0.001407435908341948
2026-09-19,wk inc covid prop ed visits,2,2026-10-03,55,quantile,0.8,0.001500346369149592
2026-09-19,wk inc covid prop ed visits,2,2026-10-03,55,quantile,0.85,0.001607787255058626
2026-09-19,wk inc covid prop ed visits,2,2026-10-03,55,quantile,0.9,0.0017507518908645577
2026-09-19,wk inc covid prop ed visits,2,2026-10-03,55,quantile,0.95,0.0019912551742994155
2026-09-19,wk inc covid prop ed visits,2,2026-10-03,55,quantile,0.975,0.0021889791333848077
2026-09-19,wk inc covid prop ed visits,2,2026-10-03,55,quantile,0.99,0.002504582411965027
2026-09-19,wk inc covid prop ed visits,2,2026-10-03,US,quantile,0.01,0.0021587293899691597
2026-09-19,wk inc covid prop ed visits,2,2026-10-03,US,quantile,0.025,0.0024032452371435804
2026-09-19,wk inc covid prop ed visits,2,2026-10-03,US,quantile,0.05,0.0026299271859283016
2026-09-19,wk inc covid prop ed visits,2,2026-10-03,US,quantile,0.1,0.0029545368912448646
2026-09-19,wk inc covid prop ed visits,2,2026-10-03,US,quantile,0.15,0.003212098032349447
2026-09-19,wk inc covid prop ed visits,2,2026-10-03,US,quantile,0.2,0.003390235201262926
2026-09-19,wk inc covid prop ed visits,2,2026-10-03,US,quantile,0.25,0.0035639441301754215
2026-09-19,wk inc covid prop ed visits,2,2026-10-03,US,quantile,0.3,0.0037346995386178467
2026-09-19,wk inc covid prop ed visits,2,2026-10-03,US,quantile,0.35,0.0039018846412829243
2026-09-19,wk inc covid prop ed visits,2,2026-10-03,US,quantile,0.4,0.004061860361411923
2026-09-19,wk inc covid prop ed visits,2,2026-10-03,US,quantile,0.45,0.00420744875593795
2026-09-19,wk inc covid prop ed visits,2,2026-10-03,US,quantile,0.5,0.004361259856658547
2026-09-19,wk inc covid prop ed visits,2,2026-10-03,US,quantile,0.55,0.004532098460428865
2026-09-19,wk inc covid prop ed visits,2,2026-10-03,US,quantile,0.6,0.0047034482490346105
2026-09-19,wk inc covid prop ed visits,2,2026-10-03,US,quantile,0.65,0.004872391919863592
2026-09-19,wk inc covid prop ed visits,2,2026-10-03,US,quantile,0.7,0.005079095253599555
2026-09-19,wk inc covid prop ed visits,2,2026-10-03,US,quantile,0.75,0.005293466925561646
2026-09-19,wk inc covid prop ed visits,2,2026-10-03,US,quantile,0.8,0.005547790482623245
2026-09-19,wk inc covid prop ed visits,2,2026-10-03,US,quantile,0.85,0.005849889740637899
2026-09-19,wk inc covid prop ed visits,2,2026-10-03,US,quantile,0.9,0.006249956690769482
2026-09-19,wk inc covid prop ed visits,2,2026-10-03,US,quantile,0.95,0.007000748109674009
2026-09-19,wk inc covid prop ed visits,2,2026-10-03,US,quantile,0.975,0.007608304418607708
2026-09-19,wk inc covid prop ed visits,2,2026-10-03,US,quantile,0.99,0.008436875602940618
2026-09-19,wk inc covid prop ed visits,3,2026-10-10,01,quantile,0.01,0.0021204857525653127
2026-09-19,wk inc covid prop ed visits,3,2026-10-10,01,quantile,0.025,0.0023887368890407918
2026-09-19,wk inc covid prop ed visits,3,2026-10-10,01,quantile,0.05,0.002667897678950258
2026-09-19,wk inc covid prop ed visits,3,2026-10-10,01,quantile,0.1,0.0030413009239931583
2026-09-19,wk inc covid prop ed visits,3,2026-10-10,01,quantile,0.15,0.003295987332358121
2026-09-19,wk inc covid prop ed visits,3,2026-10-10,01,quantile,0.2,0.0035302664245500494
2026-09-19,wk inc covid prop ed visits,3,2026-10-10,01,quantile,0.25,0.0037202221112441875
2026-09-19,wk inc covid prop ed visits,3,2026-10-10,01,quantile,0.3,0.0039159686639060175
2026-09-19,wk inc covid prop ed visits,3,2026-10-10,01,quantile,0.35,0.00409902485392088
2026-09-19,wk inc covid prop ed visits,3,2026-10-10,01,quantile,0.4,0.004264999265823406
2026-09-19,wk inc covid prop ed visits,3,2026-10-10,01,quantile,0.45,0.004438392077697616
2026-09-19,wk inc covid prop ed visits,3,2026-10-10,01,quantile,0.5,0.004626941845248103
2026-09-19,wk inc covid prop ed visits,3,2026-10-10,01,quantile,0.55,0.004814738324479158
2026-09-19,wk inc covid prop ed visits,3,2026-10-10,01,quantile,0.6,0.005009858742497186
2026-09-19,wk inc covid prop ed visits,3,2026-10-10,01,quantile,0.65,0.005228560646487214
2026-09-19,wk inc covid prop ed visits,3,2026-10-10,01,quantile,0.7,0.005469571364342694
2026-09-19,wk inc covid prop ed visits,3,2026-10-10,01,quantile,0.75,0.005727319452927529
2026-09-19,wk inc covid prop ed visits,3,2026-10-10,01,quantile,0.8,0.006003747227505342
2026-09-19,wk inc covid prop ed visits,3,2026-10-10,01,quantile,0.85,0.006333844950310308
2026-09-19,wk inc covid prop ed visits,3,2026-10-10,01,quantile,0.9,0.006817727746199263
2026-09-19,wk inc covid prop ed visits,3,2026-10-10,01,quantile,0.95,0.007569939320261252
2026-09-19,wk inc covid prop ed visits,3,2026-10-10,01,quantile,0.975,0.00833105852466909
2026-09-19,wk inc covid prop ed visits,3,2026-10-10,01,quantile,0.99,0.009490533495512914
2026-09-19,wk inc covid prop ed visits,3,2026-10-10,02,quantile,0.01,0.001166140549247646
2026-09-19,wk inc covid prop ed visits,3,2026-10-10,02,quantile,0.025,0.0013342858957189059
2026-09-19,wk inc covid prop ed visits,3,2026-10-10,02,quantile,0.05,0.0015029640905028228
2026-09-19,wk inc covid prop ed visits,3,2026-10-10,02,quantile,0.1,0.001721408092634859
2026-09-19,wk inc covid prop ed visits,3,2026-10-10,02,quantile,0.15,0.0019010695097026104
2026-09-19,wk inc covid prop ed visits,3,2026-10-10,02,quantile,0.2,0.0020499935766756777
2026-09-19,wk inc covid prop ed visits,3,2026-10-10,02,quantile,0.25,0.002190083399280505
2026-09-19,wk inc covid prop ed visits,3,2026-10-10,02,quantile,0.3,0.0023140864269603767
2026-09-19,wk inc covid prop ed visits,3,2026-10-10,02,quantile,0.35,0.002421986672051072
2026-09-19,wk inc covid prop ed visits,3,2026-10-10,02,quantile,0.4,0.0025420440736037588
2026-09-19,wk inc covid prop ed visits,3,2026-10-10,02,quantile,0.45,0.0026389436149428635
2026-09-19,wk inc covid prop ed visits,3,2026-10-10,02,quantile,0.5,0.002753330975291443
2026-09-19,wk inc covid prop ed visits,3,2026-10-10,02,quantile,0.55,0.002877449758572324
2026-09-19,wk inc covid prop ed visits,3,2026-10-10,02,quantile,0.6,0.003000173408379812
2026-09-19,wk inc covid prop ed visits,3,2026-10-10,02,quantile,0.65,0.0031408560375295854
2026-09-19,wk inc covid prop ed visits,3,2026-10-10,02,quantile,0.7,0.003303269343653741
2026-09-19,wk inc covid prop ed visits,3,2026-10-10,02,quantile,0.75,0.003450079656450542
2026-09-19,wk inc covid prop ed visits,3,2026-10-10,02,quantile,0.8,0.0036443961259759843
2026-09-19,wk inc covid prop ed visits,3,2026-10-10,02,quantile,0.85,0.003875675993992054
2026-09-19,wk inc covid prop ed visits,3,2026-10-10,02,quantile,0.9,0.0041934523169666485
2026-09-19,wk inc covid prop ed visits,3,2026-10-10,02,quantile,0.95,0.00471079609494315
2026-09-19,wk inc covid prop ed visits,3,2026-10-10,02,quantile,0.975,0.005226633873454991
2026-09-19,wk inc covid prop ed visits,3,2026-10-10,02,quantile,0.99,0.005826297119535083
2026-09-19,wk inc covid prop ed visits,3,2026-10-10,04,quantile,0.01,0.0015287887891239995
2026-09-19,wk inc covid prop ed visits,3,2026-10-10,04,quantile,0.025,0.0017733516536582367
2026-09-19,wk inc covid prop ed visits,3,2026-10-10,04,quantile,0.05,0.0020333671020730257
2026-09-19,wk inc covid prop ed visits,3,2026-10-10,04,quantile,0.1,0.0023262487659213584
2026-09-19,wk inc covid prop ed visits,3,2026-10-10,04,quantile,0.15,0.0025512563650571503
2026-09-19,wk inc covid prop ed visits,3,2026-10-10,04,quantile,0.2,0.0027355279965754495
2026-09-19,wk inc covid prop ed visits,3,2026-10-10,04,quantile,0.25,0.002900765446029637
2026-09-19,wk inc covid prop ed visits,3,2026-10-10,04,quantile,0.3,0.0030606114567282806
2026-09-19,wk inc covid prop ed visits,3,2026-10-10,04,quantile,0.35,0.0032147219904108456
2026-09-19,wk inc covid prop ed visits,3,2026-10-10,04,quantile,0.4,0.0033674469637146416
2026-09-19,wk inc covid prop ed visits,3,2026-10-10,04,quantile,0.45,0.0035199743688036993
2026-09-19,wk inc covid prop ed visits,3,2026-10-10,04,quantile,0.5,0.0036582245462675003
2026-09-19,wk inc covid prop ed visits,3,2026-10-10,04,quantile,0.55,0.003812739774420142
2026-09-19,wk inc covid prop ed visits,3,2026-10-10,04,quantile,0.6,0.00399537875409656
2026-09-19,wk inc covid prop ed visits,3,2026-10-10,04,quantile,0.65,0.004186162163191018
2026-09-19,wk inc covid prop ed visits,3,2026-10-10,04,quantile,0.7,0.004360050546835827
2026-09-19,wk inc covid prop ed visits,3,2026-10-10,04,quantile,0.75,0.00457796765377341
2026-09-19,wk inc covid prop ed visits,3,2026-10-10,04,quantile,0.8,0.004811117122244689
2026-09-19,wk inc covid prop ed visits,3,2026-10-10,04,quantile,0.85,0.005109399239632874
2026-09-19,wk inc covid prop ed visits,3,2026-10-10,04,quantile,0.9,0.005518338558613769
2026-09-19,wk inc covid prop ed visits,3,2026-10-10,04,quantile,0.95,0.006204705589655789
2026-09-19,wk inc covid prop ed visits,3,2026-10-10,04,quantile,0.975,0.006944542070644887
2026-09-19,wk inc covid prop ed visits,3,2026-10-10,04,quantile,0.99,0.0076841765825321285
2026-09-19,wk inc covid prop ed visits,3,2026-10-10,05,quantile,0.01,0.0012136702529880032
2026-09-19,wk inc covid prop ed visits,3,2026-10-10,05,quantile,0.025,0.0013856780543684737
2026-09-19,wk inc covid prop ed visits,3,2026-10-10,05,quantile,0.05,0.0015834181742272091
2026-09-19,wk inc covid prop ed visits,3,2026-10-10,05,quantile,0.1,0.0018070654114495997
2026-09-19,wk inc covid prop ed visits,3,2026-10-10,05,quantile,0.15,0.0019753461707080642
2026-09-19,wk inc covid prop ed visits,3,2026-10-10,05,quantile,0.2,0.0021177121218030814
2026-09-19,wk inc covid prop ed visits,3,2026-10-10,05,quantile,0.25,0.0022533056581484283
2026-09-19,wk inc covid prop ed visits,3,2026-10-10,05,quantile,0.3,0.0023818574573584196
2026-09-19,wk inc covid prop ed visits,3,2026-10-10,05,quantile,0.35,0.0025083664427790336
2026-09-19,wk inc covid prop ed visits,3,2026-10-10,05,quantile,0.4,0.0026321066705873057
2026-09-19,wk inc covid prop ed visits,3,2026-10-10,05,quantile,0.45,0.002757343333288309
2026-09-19,wk inc covid prop ed visits,3,2026-10-10,05,quantile,0.5,0.002868924405270008
2026-09-19,wk inc covid prop ed visits,3,2026-10-10,05,quantile,0.55,0.0029992820213941445
2026-09-19,wk inc covid prop ed visits,3,2026-10-10,05,quantile,0.6,0.0031405972192417374
2026-09-19,wk inc covid prop ed visits,3,2026-10-10,05,quantile,0.65,0.003282823442553331
2026-09-19,wk inc covid prop ed visits,3,2026-10-10,05,quantile,0.7,0.0034175244589948897
2026-09-19,wk inc covid prop ed visits,3,2026-10-10,05,quantile,0.75,0.0035836174334480443
2026-09-19,wk inc covid prop ed visits,3,2026-10-10,05,quantile,0.8,0.003807631724211052
2026-09-19,wk inc covid prop ed visits,3,2026-10-10,05,quantile,0.85,0.004052661021609657
2026-09-19,wk inc covid prop ed visits,3,2026-10-10,05,quantile,0.9,0.00439736207012128
2026-09-19,wk inc covid prop ed visits,3,2026-10-10,05,quantile,0.95,0.004899311873188332
2026-09-19,wk inc covid prop ed visits,3,2026-10-10,05,quantile,0.975,0.005395206237390837
2026-09-19,wk inc covid prop ed visits,3,2026-10-10,05,quantile,0.99,0.006027331864128854
2026-09-19,wk inc covid prop ed visits,3,2026-10-10,06,quantile,0.01,0.0023308957055949474
2026-09-19,wk inc covid prop ed visits,3,2026-10-10,06,quantile,0.025,0.0026230816220300284
2026-09-19,wk inc covid prop ed visits,3,2026-10-10,06,quantile,0.05,0.002933410372687767
2026-09-19,wk inc covid prop ed visits,3,2026-10-10,06,quantile,0.1,0.0033432209281234796
2026-09-19,wk inc covid prop ed visits,3,2026-10-10,06,quantile,0.15,0.003640806415591077
2026-09-19,wk inc covid prop ed visits,3,2026-10-10,06,quantile,0.2,0.0038695919867692257
2026-09-19,wk inc covid prop ed visits,3,2026-10-10,06,quantile,0.25,0.004094202812707217
2026-09-19,wk inc covid prop ed visits,3,2026-10-10,06,quantile,0.3,0.0043207966360515266
2026-09-19,wk inc covid prop ed visits,3,2026-10-10,06,quantile,0.35,0.00449849892366154
2026-09-19,wk inc covid prop ed visits,3,2026-10-10,06,quantile,0.4,0.0046893726570843945
2026-09-19,wk inc covid prop ed visits,3,2026-10-10,06,quantile,0.45,0.00489616001509332
2026-09-19,wk inc covid prop ed visits,3,2026-10-10,06,quantile,0.5,0.005068117770549914
2026-09-19,wk inc covid prop ed visits,3,2026-10-10,06,quantile,0.55,0.005242452131812574
2026-09-19,wk inc covid prop ed visits,3,2026-10-10,06,quantile,0.6,0.005444424090428841
2026-09-19,wk inc covid prop ed visits,3,2026-10-10,06,quantile,0.65,0.005678419212692468
2026-09-19,wk inc covid prop ed visits,3,2026-10-10,06,quantile,0.7,0.005941601646518449
2026-09-19,wk inc covid prop ed visits,3,2026-10-10,06,quantile,0.75,0.0062196408037559995
2026-09-19,wk inc covid prop ed visits,3,2026-10-10,06,quantile,0.8,0.006556932799822768
2026-09-19,wk inc covid prop ed visits,3,2026-10-10,06,quantile,0.85,0.0070356750193989095
2026-09-19,wk inc covid prop ed visits,3,2026-10-10,06,quantile,0.9,0.007613367462045527
2026-09-19,wk inc covid prop ed visits,3,2026-10-10,06,quantile,0.95,0.00846787137350263
2026-09-19,wk inc covid prop ed visits,3,2026-10-10,06,quantile,0.975,0.009352004624929845
2026-09-19,wk inc covid prop ed visits,3,2026-10-10,06,quantile,0.99,0.010247377605910157
2026-09-19,wk inc covid prop ed visits,3,2026-10-10,08,quantile,0.01,5.613290863310958e-4
2026-09-19,wk inc covid prop ed visits,3,2026-10-10,08,quantile,0.025,6.778863527419028e-4
2026-09-19,wk inc covid prop ed visits,3,2026-10-10,08,quantile,0.05,7.924398630440454e-4
2026-09-19,wk inc covid prop ed visits,3,2026-10-10,08,quantile,0.1,9.518646609275909e-4
2026-09-19,wk inc covid prop ed visits,3,2026-10-10,08,quantile,0.15,0.0010608316841023383
2026-09-19,wk inc covid prop ed visits,3,2026-10-10,08,quantile,0.2,0.0011531300390239477
2026-09-19,wk inc covid prop ed visits,3,2026-10-10,08,quantile,0.25,0.001236064273425921
2026-09-19,wk inc covid prop ed visits,3,2026-10-10,08,quantile,0.3,0.0013137760428299683
2026-09-19,wk inc covid prop ed visits,3,2026-10-10,08,quantile,0.35,0.0013876387649142756
2026-09-19,wk inc covid prop ed visits,3,2026-10-10,08,quantile,0.4,0.0014564534884191896
2026-09-19,wk inc covid prop ed visits,3,2026-10-10,08,quantile,0.45,0.0015257141047605042
2026-09-19,wk inc covid prop ed visits,3,2026-10-10,08,quantile,0.5,0.0016039944409269066
2026-09-19,wk inc covid prop ed visits,3,2026-10-10,08,quantile,0.55,0.0016831729801423754
2026-09-19,wk inc covid prop ed visits,3,2026-10-10,08,quantile,0.6,0.0017601011718429787
2026-09-19,wk inc covid prop ed visits,3,2026-10-10,08,quantile,0.65,0.0018445640788109026
2026-09-19,wk inc covid prop ed visits,3,2026-10-10,08,quantile,0.7,0.0019323797515031203
2026-09-19,wk inc covid prop ed visits,3,2026-10-10,08,quantile,0.75,0.0020269277386768744
2026-09-19,wk inc covid prop ed visits,3,2026-10-10,08,quantile,0.8,0.0021550558054429254
2026-09-19,wk inc covid prop ed visits,3,2026-10-10,08,quantile,0.85,0.002297704777265617
2026-09-19,wk inc covid prop ed visits,3,2026-10-10,08,quantile,0.9,0.0024923712370236756
2026-09-19,wk inc covid prop ed visits,3,2026-10-10,08,quantile,0.95,0.002793273957989744
2026-09-19,wk inc covid prop ed visits,3,2026-10-10,08,quantile,0.975,0.0031690869901804066
2026-09-19,wk inc covid prop ed visits,3,2026-10-10,08,quantile,0.99,0.0035644615139709237
2026-09-19,wk inc covid prop ed visits,3,2026-10-10,09,quantile,0.01,0.0010937789644142023
2026-09-19,wk inc covid prop ed visits,3,2026-10-10,09,quantile,0.025,0.001310855020323317
2026-09-19,wk inc covid prop ed visits,3,2026-10-10,09,quantile,0.05,0.0015221604836179081
2026-09-19,wk inc covid prop ed visits,3,2026-10-10,09,quantile,0.1,0.0017494064278908376
2026-09-19,wk inc covid prop ed visits,3,2026-10-10,09,quantile,0.15,0.001944824817863961
2026-09-19,wk inc covid prop ed visits,3,2026-10-10,09,quantile,0.2,0.0020980095396660814
2026-09-19,wk inc covid prop ed visits,3,2026-10-10,09,quantile,0.25,0.002217445508308709
2026-09-19,wk inc covid prop ed visits,3,2026-10-10,09,quantile,0.3,0.002330036685501184
2026-09-19,wk inc covid prop ed visits,3,2026-10-10,09,quantile,0.35,0.0024464819180302546
2026-09-19,wk inc covid prop ed visits,3,2026-10-10,09,quantile,0.4,0.002577454604462369
2026-09-19,wk inc covid prop ed visits,3,2026-10-10,09,quantile,0.45,0.0026924198967279984
2026-09-19,wk inc covid prop ed visits,3,2026-10-10,09,quantile,0.5,0.002803774922704329
2026-09-19,wk inc covid prop ed visits,3,2026-10-10,09,quantile,0.55,0.0029210435306952385
2026-09-19,wk inc covid prop ed visits,3,2026-10-10,09,quantile,0.6,0.003057848307317394
2026-09-19,wk inc covid prop ed visits,3,2026-10-10,09,quantile,0.65,0.0032113947639475964
2026-09-19,wk inc covid prop ed visits,3,2026-10-10,09,quantile,0.7,0.0033700880033937794
2026-09-19,wk inc covid prop ed visits,3,2026-10-10,09,quantile,0.75,0.0035402518767535677
2026-09-19,wk inc covid prop ed visits,3,2026-10-10,09,quantile,0.8,0.0037322231552400246
2026-09-19,wk inc covid prop ed visits,3,2026-10-10,09,quantile,0.85,0.0039947649487634485
2026-09-19,wk inc covid prop ed visits,3,2026-10-10,09,quantile,0.9,0.00431881371108676
2026-09-19,wk inc covid prop ed visits,3,2026-10-10,09,quantile,0.95,0.004847602755418135
2026-09-19,wk inc covid prop ed visits,3,2026-10-10,09,quantile,0.975,0.005291961034322712
2026-09-19,wk inc covid prop ed visits,3,2026-10-10,09,quantile,0.99,0.005963475468023275
2026-09-19,wk inc covid prop ed visits,3,2026-10-10,10,quantile,0.01,8.914094290678128e-4
2026-09-19,wk inc covid prop ed visits,3,2026-10-10,10,quantile,0.025,0.0010550710509426055
2026-09-19,wk inc covid prop ed visits,3,2026-10-10,10,quantile,0.05,0.0012111224980904764
2026-09-19,wk inc covid prop ed visits,3,2026-10-10,10,quantile,0.1,0.0014295564588488565
2026-09-19,wk inc covid prop ed visits,3,2026-10-10,10,quantile,0.15,0.0015710318280789397
2026-09-19,wk inc covid prop ed visits,3,2026-10-10,10,quantile,0.2,0.0016914694493887926
2026-09-19,wk inc covid prop ed visits,3,2026-10-10,10,quantile,0.25,0.0018003608488809013
2026-09-19,wk inc covid prop ed visits,3,2026-10-10,10,quantile,0.3,0.0019032960364812716
2026-09-19,wk inc covid prop ed visits,3,2026-10-10,10,quantile,0.35,0.0020057664766431555
2026-09-19,wk inc covid prop ed visits,3,2026-10-10,10,quantile,0.4,0.002096507939536803
2026-09-19,wk inc covid prop ed visits,3,2026-10-10,10,quantile,0.45,0.0021949058324582434
2026-09-19,wk inc covid prop ed visits,3,2026-10-10,10,quantile,0.5,0.002294120357754285
2026-09-19,wk inc covid prop ed visits,3,2026-10-10,10,quantile,0.55,0.0023849279842267828
2026-09-19,wk inc covid prop ed visits,3,2026-10-10,10,quantile,0.6,0.0024992198066129323
2026-09-19,wk inc covid prop ed visits,3,2026-10-10,10,quantile,0.65,0.0026181621934341743
2026-09-19,wk inc covid prop ed visits,3,2026-10-10,10,quantile,0.7,0.002742394848933283
2026-09-19,wk inc covid prop ed visits,3,2026-10-10,10,quantile,0.75,0.002906402530714533
2026-09-19,wk inc covid prop ed visits,3,2026-10-10,10,quantile,0.8,0.003075390629763086
2026-09-19,wk inc covid prop ed visits,3,2026-10-10,10,quantile,0.85,0.003294127192846236
2026-09-19,wk inc covid prop ed visits,3,2026-10-10,10,quantile,0.9,0.0035867052010936985
2026-09-19,wk inc covid prop ed visits,3,2026-10-10,10,quantile,0.95,0.004006078116372431
2026-09-19,wk inc covid prop ed visits,3,2026-10-10,10,quantile,0.975,0.004427136991499271
2026-09-19,wk inc covid prop ed visits,3,2026-10-10,10,quantile,0.99,0.0049380951930937155
2026-09-19,wk inc covid prop ed visits,3,2026-10-10,11,quantile,0.01,3.895160872265729e-4
2026-09-19,wk inc covid prop ed visits,3,2026-10-10,11,quantile,0.025,5.045968306373782e-4
2026-09-19,wk inc covid prop ed visits,3,2026-10-10,11,quantile,0.05,5.906033189524136e-4
2026-09-19,wk inc covid prop ed visits,3,2026-10-10,11,quantile,0.1,7.078180053442634e-4
2026-09-19,wk inc covid prop ed visits,3,2026-10-10,11,quantile,0.15,7.941301185217729e-4
2026-09-19,wk inc covid prop ed visits,3,2026-10-10,11,quantile,0.2,8.773509946428522e-4
2026-09-19,wk inc covid prop ed visits,3,2026-10-10,11,quantile,0.25,9.420985710591743e-4
2026-09-19,wk inc covid prop ed visits,3,2026-10-10,11,quantile,0.3,0.0010089975939596883
2026-09-19,wk inc covid prop ed visits,3,2026-10-10,11,quantile,0.35,0.0010717272755117054
2026-09-19,wk inc covid prop ed visits,3,2026-10-10,11,quantile,0.4,0.0011338021566397018
2026-09-19,wk inc covid prop ed visits,3,2026-10-10,11,quantile,0.45,0.0012011014297714038
2026-09-19,wk inc covid prop ed visits,3,2026-10-10,11,quantile,0.5,0.0012667250505520324
2026-09-19,wk inc covid prop ed visits,3,2026-10-10,11,quantile,0.55,0.001334553952308533
2026-09-19,wk inc covid prop ed visits,3,2026-10-10,11,quantile,0.6,0.001403487920458872
2026-09-19,wk inc covid prop ed visits,3,2026-10-10,11,quantile,0.65,0.001471497276080816
2026-09-19,wk inc covid prop ed visits,3,2026-10-10,11,quantile,0.7,0.0015491728168400792
2026-09-19,wk inc covid prop ed visits,3,2026-10-10,11,quantile,0.75,0.0016408424975647789
2026-09-19,wk inc covid prop ed visits,3,2026-10-10,11,quantile,0.8,0.0017515357303821651
2026-09-19,wk inc covid prop ed visits,3,2026-10-10,11,quantile,0.85,0.0018746894753054726
2026-09-19,wk inc covid prop ed visits,3,2026-10-10,11,quantile,0.9,0.002051030469279435
2026-09-19,wk inc covid prop ed visits,3,2026-10-10,11,quantile,0.95,0.002332806807962983
2026-09-19,wk inc covid prop ed visits,3,2026-10-10,11,quantile,0.975,0.002584164887837785
2026-09-19,wk inc covid prop ed visits,3,2026-10-10,11,quantile,0.99,0.002971880121209006
2026-09-19,wk inc covid prop ed visits,3,2026-10-10,12,quantile,0.01,0.0029828395290140814
2026-09-19,wk inc covid prop ed visits,3,2026-10-10,12,quantile,0.025,0.003375277651160336
2026-09-19,wk inc covid prop ed visits,3,2026-10-10,12,quantile,0.05,0.003749839033748583
2026-09-19,wk inc covid prop ed visits,3,2026-10-10,12,quantile,0.1,0.004236283750995154
2026-09-19,wk inc covid prop ed visits,3,2026-10-10,12,quantile,0.15,0.004615553809311072
2026-09-19,wk inc covid prop ed visits,3,2026-10-10,12,quantile,0.2,0.0049397944084598085
2026-09-19,wk inc covid prop ed visits,3,2026-10-10,12,quantile,0.25,0.005236747059326273
2026-09-19,wk inc covid prop ed visits,3,2026-10-10,12,quantile,0.3,0.0054930556857775035
2026-09-19,wk inc covid prop ed visits,3,2026-10-10,12,quantile,0.35,0.005726177180619139
2026-09-19,wk inc covid prop ed visits,3,2026-10-10,12,quantile,0.4,0.006000425742532182
2026-09-19,wk inc covid prop ed visits,3,2026-10-10,12,quantile,0.45,0.006246470847542943
2026-09-19,wk inc covid prop ed visits,3,2026-10-10,12,quantile,0.5,0.0064972460773878565
2026-09-19,wk inc covid prop ed visits,3,2026-10-10,12,quantile,0.55,0.00673406597142908
2026-09-19,wk inc covid prop ed visits,3,2026-10-10,12,quantile,0.6,0.007006548833383693
2026-09-19,wk inc covid prop ed visits,3,2026-10-10,12,quantile,0.65,0.007313220326280217
2026-09-19,wk inc covid prop ed visits,3,2026-10-10,12,quantile,0.7,0.007622703417174243
2026-09-19,wk inc covid prop ed visits,3,2026-10-10,12,quantile,0.75,0.007977314413084734
2026-09-19,wk inc covid prop ed visits,3,2026-10-10,12,quantile,0.8,0.008379739849328945
2026-09-19,wk inc covid prop ed visits,3,2026-10-10,12,quantile,0.85,0.00883546272875247
2026-09-19,wk inc covid prop ed visits,3,2026-10-10,12,quantile,0.9,0.009468764874054828
2026-09-19,wk inc covid prop ed visits,3,2026-10-10,12,quantile,0.95,0.010631427078220311
2026-09-19,wk inc covid prop ed visits,3,2026-10-10,12,quantile,0.975,0.011735802404349361
2026-09-19,wk inc covid prop ed visits,3,2026-10-10,12,quantile,0.99,0.013310417104106938
2026-09-19,wk inc covid prop ed visits,3,2026-10-10,13,quantile,0.01,0.0015848298457951068
2026-09-19,wk inc covid prop ed visits,3,2026-10-10,13,quantile,0.025,0.0018804904293006942
2026-09-19,wk inc covid prop ed visits,3,2026-10-10,13,quantile,0.05,0.0021540431105151543
2026-09-19,wk inc covid prop ed visits,3,2026-10-10,13,quantile,0.1,0.0024619943471934805
2026-09-19,wk inc covid prop ed visits,3,2026-10-10,13,quantile,0.15,0.002720692515613343
2026-09-19,wk inc covid prop ed visits,3,2026-10-10,13,quantile,0.2,0.0028960066572680534
2026-09-19,wk inc covid prop ed visits,3,2026-10-10,13,quantile,0.25,0.00306409628573522
2026-09-19,wk inc covid prop ed visits,3,2026-10-10,13,quantile,0.3,0.0032309708310442244
2026-09-19,wk inc covid prop ed visits,3,2026-10-10,13,quantile,0.35,0.0033835787349866435
2026-09-19,wk inc covid prop ed visits,3,2026-10-10,13,quantile,0.4,0.0035361837372309187
2026-09-19,wk inc covid prop ed visits,3,2026-10-10,13,quantile,0.45,0.003678253489259555
2026-09-19,wk inc covid prop ed visits,3,2026-10-10,13,quantile,0.5,0.003833512360390038
2026-09-19,wk inc covid prop ed visits,3,2026-10-10,13,quantile,0.55,0.003973930563241182
2026-09-19,wk inc covid prop ed visits,3,2026-10-10,13,quantile,0.6,0.0041460345447365595
2026-09-19,wk inc covid prop ed visits,3,2026-10-10,13,quantile,0.65,0.004350394407883904
2026-09-19,wk inc covid prop ed visits,3,2026-10-10,13,quantile,0.7,0.004518700619146763
2026-09-19,wk inc covid prop ed visits,3,2026-10-10,13,quantile,0.75,0.0047518326574305
2026-09-19,wk inc covid prop ed visits,3,2026-10-10,13,quantile,0.8,0.004991505093549806
2026-09-19,wk inc covid prop ed visits,3,2026-10-10,13,quantile,0.85,0.005287554919031538
2026-09-19,wk inc covid prop ed visits,3,2026-10-10,13,quantile,0.9,0.005665026028520033
2026-09-19,wk inc covid prop ed visits,3,2026-10-10,13,quantile,0.95,0.006420613710789613
2026-09-19,wk inc covid prop ed visits,3,2026-10-10,13,quantile,0.975,0.0071120696137708
2026-09-19,wk inc covid prop ed visits,3,2026-10-10,13,quantile,0.99,0.007876849253049127
2026-09-19,wk inc covid prop ed visits,3,2026-10-10,15,quantile,0.01,0.0041974967157115675
2026-09-19,wk inc covid prop ed visits,3,2026-10-10,15,quantile,0.025,0.004798069350258468
2026-09-19,wk inc covid prop ed visits,3,2026-10-10,15,quantile,0.05,0.005247481362750583
2026-09-19,wk inc covid prop ed visits,3,2026-10-10,15,quantile,0.1,0.005937718063895005
2026-09-19,wk inc covid prop ed visits,3,2026-10-10,15,quantile,0.15,0.0064378402249244
2026-09-19,wk inc covid prop ed visits,3,2026-10-10,15,quantile,0.2,0.006852716527310767
2026-09-19,wk inc covid prop ed visits,3,2026-10-10,15,quantile,0.25,0.007253208636896617
2026-09-19,wk inc covid prop ed visits,3,2026-10-10,15,quantile,0.3,0.0075914094517833906
2026-09-19,wk inc covid prop ed visits,3,2026-10-10,15,quantile,0.35,0.007906512549729242
2026-09-19,wk inc covid prop ed visits,3,2026-10-10,15,quantile,0.4,0.008209728082489032
2026-09-19,wk inc covid prop ed visits,3,2026-10-10,15,quantile,0.45,0.008513057405780292
2026-09-19,wk inc covid prop ed visits,3,2026-10-10,15,quantile,0.5,0.008837340032561201
2026-09-19,wk inc covid prop ed visits,3,2026-10-10,15,quantile,0.55,0.009160690070873296
2026-09-19,wk inc covid prop ed visits,3,2026-10-10,15,quantile,0.6,0.009526489067911785
2026-09-19,wk inc covid prop ed visits,3,2026-10-10,15,quantile,0.65,0.00992507781894593
2026-09-19,wk inc covid prop ed visits,3,2026-10-10,15,quantile,0.7,0.010297224756903601
2026-09-19,wk inc covid prop ed visits,3,2026-10-10,15,quantile,0.75,0.010796111559305165
2026-09-19,wk inc covid prop ed visits,3,2026-10-10,15,quantile,0.8,0.011282549717361316
2026-09-19,wk inc covid prop ed visits,3,2026-10-10,15,quantile,0.85,0.011963230776305634
2026-09-19,wk inc covid prop ed visits,3,2026-10-10,15,quantile,0.9,0.01285394365862942
2026-09-19,wk inc covid prop ed visits,3,2026-10-10,15,quantile,0.95,0.014243016713334292
2026-09-19,wk inc covid prop ed visits,3,2026-10-10,15,quantile,0.975,0.015624221710825122
2026-09-19,wk inc covid prop ed visits,3,2026-10-10,15,quantile,0.99,0.017531150483797636
2026-09-19,wk inc covid prop ed visits,3,2026-10-10,16,quantile,0.01,0.001191847578148339
2026-09-19,wk inc covid prop ed visits,3,2026-10-10,16,quantile,0.025,0.0013853899703171822
2026-09-19,wk inc covid prop ed visits,3,2026-10-10,16,quantile,0.05,0.0015625089634675735
2026-09-19,wk inc covid prop ed visits,3,2026-10-10,16,quantile,0.1,0.0018030310805817506
2026-09-19,wk inc covid prop ed visits,3,2026-10-10,16,quantile,0.15,0.001997949629447951
2026-09-19,wk inc covid prop ed visits,3,2026-10-10,16,quantile,0.2,0.0021353714570137698
2026-09-19,wk inc covid prop ed visits,3,2026-10-10,16,quantile,0.25,0.002262981006678224
2026-09-19,wk inc covid prop ed visits,3,2026-10-10,16,quantile,0.3,0.002387024682553717
2026-09-19,wk inc covid prop ed visits,3,2026-10-10,16,quantile,0.35,0.002503929694062221
2026-09-19,wk inc covid prop ed visits,3,2026-10-10,16,quantile,0.4,0.00261152899549917
2026-09-19,wk inc covid prop ed visits,3,2026-10-10,16,quantile,0.45,0.0027396578773251383
2026-09-19,wk inc covid prop ed visits,3,2026-10-10,16,quantile,0.5,0.0028425817158966287
2026-09-19,wk inc covid prop ed visits,3,2026-10-10,16,quantile,0.55,0.00297660980395732
2026-09-19,wk inc covid prop ed visits,3,2026-10-10,16,quantile,0.6,0.0031287190800643417
2026-09-19,wk inc covid prop ed visits,3,2026-10-10,16,quantile,0.65,0.0032734627859957012
2026-09-19,wk inc covid prop ed visits,3,2026-10-10,16,quantile,0.7,0.0034267599930663337
2026-09-19,wk inc covid prop ed visits,3,2026-10-10,16,quantile,0.75,0.003574393128564452
2026-09-19,wk inc covid prop ed visits,3,2026-10-10,16,quantile,0.8,0.0037817591264925773
2026-09-19,wk inc covid prop ed visits,3,2026-10-10,16,quantile,0.85,0.004041286145457008
2026-09-19,wk inc covid prop ed visits,3,2026-10-10,16,quantile,0.9,0.004375195408097771
2026-09-19,wk inc covid prop ed visits,3,2026-10-10,16,quantile,0.95,0.004869464597828611
2026-09-19,wk inc covid prop ed visits,3,2026-10-10,16,quantile,0.975,0.0053673792044007336
2026-09-19,wk inc covid prop ed visits,3,2026-10-10,16,quantile,0.99,0.0059830060022951735
2026-09-19,wk inc covid prop ed visits,3,2026-10-10,17,quantile,0.01,4.825009823445103e-4
2026-09-19,wk inc covid prop ed visits,3,2026-10-10,17,quantile,0.025,5.901726903867936e-4
2026-09-19,wk inc covid prop ed visits,3,2026-10-10,17,quantile,0.05,6.979545876172126e-4
2026-09-19,wk inc covid prop ed visits,3,2026-10-10,17,quantile,0.1,8.424379330275436e-4
2026-09-19,wk inc covid prop ed visits,3,2026-10-10,17,quantile,0.15,9.522711042778462e-4
2026-09-19,wk inc covid prop ed visits,3,2026-10-10,17,quantile,0.2,0.0010458681100679965
2026-09-19,wk inc covid prop ed visits,3,2026-10-10,17,quantile,0.25,0.001127553682565231
2026-09-19,wk inc covid prop ed visits,3,2026-10-10,17,quantile,0.3,0.0012067526072564235
2026-09-19,wk inc covid prop ed visits,3,2026-10-10,17,quantile,0.35,0.001279174284423031
2026-09-19,wk inc covid prop ed visits,3,2026-10-10,17,quantile,0.4,0.0013521167336207054
2026-09-19,wk inc covid prop ed visits,3,2026-10-10,17,quantile,0.45,0.0014314080072037037
2026-09-19,wk inc covid prop ed visits,3,2026-10-10,17,quantile,0.5,0.0014971617271905
2026-09-19,wk inc covid prop ed visits,3,2026-10-10,17,quantile,0.55,0.0015687665125184585
2026-09-19,wk inc covid prop ed visits,3,2026-10-10,17,quantile,0.6,0.0016436296438992366
2026-09-19,wk inc covid prop ed visits,3,2026-10-10,17,quantile,0.65,0.0017234152957940811
2026-09-19,wk inc covid prop ed visits,3,2026-10-10,17,quantile,0.7,0.0018092993973456806
2026-09-19,wk inc covid prop ed visits,3,2026-10-10,17,quantile,0.75,0.0019099214077964559
2026-09-19,wk inc covid prop ed visits,3,2026-10-10,17,quantile,0.8,0.0020253404022682123
2026-09-19,wk inc covid prop ed visits,3,2026-10-10,17,quantile,0.85,0.00217895816990231
2026-09-19,wk inc covid prop ed visits,3,2026-10-10,17,quantile,0.9,0.0023615772087934215
2026-09-19,wk inc covid prop ed visits,3,2026-10-10,17,quantile,0.95,0.0026957515057513455
2026-09-19,wk inc covid prop ed visits,3,2026-10-10,17,quantile,0.975,0.0030423808236664574
2026-09-19,wk inc covid prop ed visits,3,2026-10-10,17,quantile,0.99,0.003380536048619946
2026-09-19,wk inc covid prop ed visits,3,2026-10-10,18,quantile,0.01,4.156828866959306e-4
2026-09-19,wk inc covid prop ed visits,3,2026-10-10,18,quantile,0.025,5.109425520544557e-4
2026-09-19,wk inc covid prop ed visits,3,2026-10-10,18,quantile,0.05,5.990087447997133e-4
2026-09-19,wk inc covid prop ed visits,3,2026-10-10,18,quantile,0.1,7.158579662332884e-4
2026-09-19,wk inc covid prop ed visits,3,2026-10-10,18,quantile,0.15,8.063422774184297e-4
2026-09-19,wk inc covid prop ed visits,3,2026-10-10,18,quantile,0.2,8.851994960766768e-4
2026-09-19,wk inc covid prop ed visits,3,2026-10-10,18,quantile,0.25,9.590475361702305e-4
2026-09-19,wk inc covid prop ed visits,3,2026-10-10,18,quantile,0.3,0.0010179632386320072
2026-09-19,wk inc covid prop ed visits,3,2026-10-10,18,quantile,0.35,0.0010866969064179182
2026-09-19,wk inc covid prop ed visits,3,2026-10-10,18,quantile,0.4,0.0011413781564235882
2026-09-19,wk inc covid prop ed visits,3,2026-10-10,18,quantile,0.45,0.0012047550138283478
2026-09-19,wk inc covid prop ed visits,3,2026-10-10,18,quantile,0.5,0.001268235252325825
2026-09-19,wk inc covid prop ed visits,3,2026-10-10,18,quantile,0.55,0.0013381953129063626
2026-09-19,wk inc covid prop ed visits,3,2026-10-10,18,quantile,0.6,0.0014065581500604476
2026-09-19,wk inc covid prop ed visits,3,2026-10-10,18,quantile,0.65,0.0014801902264118913
2026-09-19,wk inc covid prop ed visits,3,2026-10-10,18,quantile,0.7,0.001566736390322448
2026-09-19,wk inc covid prop ed visits,3,2026-10-10,18,quantile,0.75,0.0016705899860882858
2026-09-19,wk inc covid prop ed visits,3,2026-10-10,18,quantile,0.8,0.0017705146056632938
2026-09-19,wk inc covid prop ed visits,3,2026-10-10,18,quantile,0.85,0.0018947889629118357
2026-09-19,wk inc covid prop ed visits,3,2026-10-10,18,quantile,0.9,0.002069110399936451
2026-09-19,wk inc covid prop ed visits,3,2026-10-10,18,quantile,0.95,0.002326405069732063
2026-09-19,wk inc covid prop ed visits,3,2026-10-10,18,quantile,0.975,0.0026315396132556923
2026-09-19,wk inc covid prop ed visits,3,2026-10-10,18,quantile,0.99,0.002970116270423856
2026-09-19,wk inc covid prop ed visits,3,2026-10-10,19,quantile,0.01,3.918798283112228e-4
2026-09-19,wk inc covid prop ed visits,3,2026-10-10,19,quantile,0.025,4.84069861220098e-4
2026-09-19,wk inc covid prop ed visits,3,2026-10-10,19,quantile,0.05,5.62606288524366e-4
2026-09-19,wk inc covid prop ed visits,3,2026-10-10,19,quantile,0.1,6.695106351692771e-4
2026-09-19,wk inc covid prop ed visits,3,2026-10-10,19,quantile,0.15,7.580481602733244e-4
2026-09-19,wk inc covid prop ed visits,3,2026-10-10,19,quantile,0.2,8.204409273023202e-4
2026-09-19,wk inc covid prop ed visits,3,2026-10-10,19,quantile,0.25,8.886930896050301e-4
2026-09-19,wk inc covid prop ed visits,3,2026-10-10,19,quantile,0.3,9.511331928849318e-4
2026-09-19,wk inc covid prop ed visits,3,2026-10-10,19,quantile,0.35,0.0010182734981555915
2026-09-19,wk inc covid prop ed visits,3,2026-10-10,19,quantile,0.4,0.0010824484560947316
2026-09-19,wk inc covid prop ed visits,3,2026-10-10,19,quantile,0.45,0.0011319407753611062
2026-09-19,wk inc covid prop ed visits,3,2026-10-10,19,quantile,0.5,0.0011985507045539202
2026-09-19,wk inc covid prop ed visits,3,2026-10-10,19,quantile,0.55,0.0012601874656534137
2026-09-19,wk inc covid prop ed visits,3,2026-10-10,19,quantile,0.6,0.001331083538759627
2026-09-19,wk inc covid prop ed visits,3,2026-10-10,19,quantile,0.65,0.001398864614842543
2026-09-19,wk inc covid prop ed visits,3,2026-10-10,19,quantile,0.7,0.0014793473470603598
2026-09-19,wk inc covid prop ed visits,3,2026-10-10,19,quantile,0.75,0.0015776616789785168
2026-09-19,wk inc covid prop ed visits,3,2026-10-10,19,quantile,0.8,0.0016849932634959866
2026-09-19,wk inc covid prop ed visits,3,2026-10-10,19,quantile,0.85,0.0018114037302371148
2026-09-19,wk inc covid prop ed visits,3,2026-10-10,19,quantile,0.9,0.001984184204867454
2026-09-19,wk inc covid prop ed visits,3,2026-10-10,19,quantile,0.95,0.0022540508661225505
2026-09-19,wk inc covid prop ed visits,3,2026-10-10,19,quantile,0.975,0.002489026232015126
2026-09-19,wk inc covid prop ed visits,3,2026-10-10,19,quantile,0.99,0.0027993481961143176
2026-09-19,wk inc covid prop ed visits,3,2026-10-10,20,quantile,0.01,4.304824172991935e-4
2026-09-19,wk inc covid prop ed visits,3,2026-10-10,20,quantile,0.025,5.355607147349504e-4
2026-09-19,wk inc covid prop ed visits,3,2026-10-10,20,quantile,0.05,6.39228208658248e-4
2026-09-19,wk inc covid prop ed visits,3,2026-10-10,20,quantile,0.1,7.56673852431763e-4
2026-09-19,wk inc covid prop ed visits,3,2026-10-10,20,quantile,0.15,8.405373718820274e-4
2026-09-19,wk inc covid prop ed visits,3,2026-10-10,20,quantile,0.2,9.134389235374156e-4
2026-09-19,wk inc covid prop ed visits,3,2026-10-10,20,quantile,0.25,9.82416858973704e-4
2026-09-19,wk inc covid prop ed visits,3,2026-10-10,20,quantile,0.3,0.0010471427019738146
2026-09-19,wk inc covid prop ed visits,3,2026-10-10,20,quantile,0.35,0.0011273248527995396
2026-09-19,wk inc covid prop ed visits,3,2026-10-10,20,quantile,0.4,0.0011882138068084911
2026-09-19,wk inc covid prop ed visits,3,2026-10-10,20,quantile,0.45,0.0012606403177564036
2026-09-19,wk inc covid prop ed visits,3,2026-10-10,20,quantile,0.5,0.0013203825765979048
2026-09-19,wk inc covid prop ed visits,3,2026-10-10,20,quantile,0.55,0.0013886297699798994
2026-09-19,wk inc covid prop ed visits,3,2026-10-10,20,quantile,0.6,0.001454504211917482
2026-09-19,wk inc covid prop ed visits,3,2026-10-10,20,quantile,0.65,0.0015297617916968387
2026-09-19,wk inc covid prop ed visits,3,2026-10-10,20,quantile,0.7,0.0016159304559511924
2026-09-19,wk inc covid prop ed visits,3,2026-10-10,20,quantile,0.75,0.00170750840027368
2026-09-19,wk inc covid prop ed visits,3,2026-10-10,20,quantile,0.8,0.0018103252816042894
2026-09-19,wk inc covid prop ed visits,3,2026-10-10,20,quantile,0.85,0.0019513737283464792
2026-09-19,wk inc covid prop ed visits,3,2026-10-10,20,quantile,0.9,0.002122703408846371
2026-09-19,wk inc covid prop ed visits,3,2026-10-10,20,quantile,0.95,0.0023624828935269295
2026-09-19,wk inc covid prop ed visits,3,2026-10-10,20,quantile,0.975,0.002646717690302315
2026-09-19,wk inc covid prop ed visits,3,2026-10-10,20,quantile,0.99,0.002989779185777275
2026-09-19,wk inc covid prop ed visits,3,2026-10-10,21,quantile,0.01,8.277506149386864e-4
2026-09-19,wk inc covid prop ed visits,3,2026-10-10,21,quantile,0.025,0.0010141982729375961
2026-09-19,wk inc covid prop ed visits,3,2026-10-10,21,quantile,0.05,0.0011780820975636334
2026-09-19,wk inc covid prop ed visits,3,2026-10-10,21,quantile,0.1,0.0013784300543503846
2026-09-19,wk inc covid prop ed visits,3,2026-10-10,21,quantile,0.15,0.0015301452379604613
2026-09-19,wk inc covid prop ed visits,3,2026-10-10,21,quantile,0.2,0.0016562158731191082
2026-09-19,wk inc covid prop ed visits,3,2026-10-10,21,quantile,0.25,0.0017613750172188075
2026-09-19,wk inc covid prop ed visits,3,2026-10-10,21,quantile,0.3,0.0018648862810315267
2026-09-19,wk inc covid prop ed visits,3,2026-10-10,21,quantile,0.35,0.0019597279389388317
2026-09-19,wk inc covid prop ed visits,3,2026-10-10,21,quantile,0.4,0.002060542296491091
2026-09-19,wk inc covid prop ed visits,3,2026-10-10,21,quantile,0.45,0.0021533759572454573
2026-09-19,wk inc covid prop ed visits,3,2026-10-10,21,quantile,0.5,0.002241732006047423
2026-09-19,wk inc covid prop ed visits,3,2026-10-10,21,quantile,0.55,0.0023348300779399804
2026-09-19,wk inc covid prop ed visits,3,2026-10-10,21,quantile,0.6,0.0024447586296236527
2026-09-19,wk inc covid prop ed visits,3,2026-10-10,21,quantile,0.65,0.0025590607555030375
2026-09-19,wk inc covid prop ed visits,3,2026-10-10,21,quantile,0.7,0.002692167400554068
2026-09-19,wk inc covid prop ed visits,3,2026-10-10,21,quantile,0.75,0.002838970535420969
2026-09-19,wk inc covid prop ed visits,3,2026-10-10,21,quantile,0.8,0.0030084644192218575
2026-09-19,wk inc covid prop ed visits,3,2026-10-10,21,quantile,0.85,0.003214964240757123
2026-09-19,wk inc covid prop ed visits,3,2026-10-10,21,quantile,0.9,0.0034958742248342805
2026-09-19,wk inc covid prop ed visits,3,2026-10-10,21,quantile,0.95,0.0038854998466418583
2026-09-19,wk inc covid prop ed visits,3,2026-10-10,21,quantile,0.975,0.004328718048163538
2026-09-19,wk inc covid prop ed visits,3,2026-10-10,21,quantile,0.99,0.004777215103165574
2026-09-19,wk inc covid prop ed visits,3,2026-10-10,22,quantile,0.01,0.003194324967731695
2026-09-19,wk inc covid prop ed visits,3,2026-10-10,22,quantile,0.025,0.0036171990369413087
2026-09-19,wk inc covid prop ed visits,3,2026-10-10,22,quantile,0.05,0.0039767238115754845
2026-09-19,wk inc covid prop ed visits,3,2026-10-10,22,quantile,0.1,0.004518092026194366
2026-09-19,wk inc covid prop ed visits,3,2026-10-10,22,quantile,0.15,0.004883107417571882
2026-09-19,wk inc covid prop ed visits,3,2026-10-10,22,quantile,0.2,0.0051998964855990435
2026-09-19,wk inc covid prop ed visits,3,2026-10-10,22,quantile,0.25,0.005473301256972159
2026-09-19,wk inc covid prop ed visits,3,2026-10-10,22,quantile,0.3,0.005727352257498427
2026-09-19,wk inc covid prop ed visits,3,2026-10-10,22,quantile,0.35,0.005963873229605901
2026-09-19,wk inc covid prop ed visits,3,2026-10-10,22,quantile,0.4,0.006221729842123155
2026-09-19,wk inc covid prop ed visits,3,2026-10-10,22,quantile,0.45,0.006462309739446856
2026-09-19,wk inc covid prop ed visits,3,2026-10-10,22,quantile,0.5,0.006692232678974214
2026-09-19,wk inc covid prop ed visits,3,2026-10-10,22,quantile,0.55,0.006972632136270366
2026-09-19,wk inc covid prop ed visits,3,2026-10-10,22,quantile,0.6,0.00727609152223871
2026-09-19,wk inc covid prop ed visits,3,2026-10-10,22,quantile,0.65,0.007594223688243284
2026-09-19,wk inc covid prop ed visits,3,2026-10-10,22,quantile,0.7,0.007915384612169073
2026-09-19,wk inc covid prop ed visits,3,2026-10-10,22,quantile,0.75,0.008265901090830294
2026-09-19,wk inc covid prop ed visits,3,2026-10-10,22,quantile,0.8,0.008632336814404316
2026-09-19,wk inc covid prop ed visits,3,2026-10-10,22,quantile,0.85,0.009156112637724473
2026-09-19,wk inc covid prop ed visits,3,2026-10-10,22,quantile,0.9,0.00984702421280439
2026-09-19,wk inc covid prop ed visits,3,2026-10-10,22,quantile,0.95,0.010999020286710712
2026-09-19,wk inc covid prop ed visits,3,2026-10-10,22,quantile,0.975,0.01201892625620625
2026-09-19,wk inc covid prop ed visits,3,2026-10-10,22,quantile,0.99,0.01342809216577649
2026-09-19,wk inc covid prop ed visits,3,2026-10-10,23,quantile,0.01,1.6741994123256715e-4
2026-09-19,wk inc covid prop ed visits,3,2026-10-10,23,quantile,0.025,2.1035311848711645e-4
2026-09-19,wk inc covid prop ed visits,3,2026-10-10,23,quantile,0.05,2.608497331770925e-4
2026-09-19,wk inc covid prop ed visits,3,2026-10-10,23,quantile,0.1,3.373179996197091e-4
2026-09-19,wk inc covid prop ed visits,3,2026-10-10,23,quantile,0.15,3.9247044456750674e-4
2026-09-19,wk inc covid prop ed visits,3,2026-10-10,23,quantile,0.2,4.3857314125796365e-4
2026-09-19,wk inc covid prop ed visits,3,2026-10-10,23,quantile,0.25,4.800012522385041e-4
2026-09-19,wk inc covid prop ed visits,3,2026-10-10,23,quantile,0.3,5.199547725610722e-4
2026-09-19,wk inc covid prop ed visits,3,2026-10-10,23,quantile,0.35,5.591043228581054e-4
2026-09-19,wk inc covid prop ed visits,3,2026-10-10,23,quantile,0.4,5.986210055933894e-4
2026-09-19,wk inc covid prop ed visits,3,2026-10-10,23,quantile,0.45,6.365903715882402e-4
2026-09-19,wk inc covid prop ed visits,3,2026-10-10,23,quantile,0.5,6.780506511720935e-4
2026-09-19,wk inc covid prop ed visits,3,2026-10-10,23,quantile,0.55,7.274692564569409e-4
2026-09-19,wk inc covid prop ed visits,3,2026-10-10,23,quantile,0.6,7.731211123645167e-4
2026-09-19,wk inc covid prop ed visits,3,2026-10-10,23,quantile,0.65,8.224749377780067e-4
2026-09-19,wk inc covid prop ed visits,3,2026-10-10,23,quantile,0.7,8.73915291732459e-4
2026-09-19,wk inc covid prop ed visits,3,2026-10-10,23,quantile,0.75,9.326353583814273e-4
2026-09-19,wk inc covid prop ed visits,3,2026-10-10,23,quantile,0.8,9.989400932785824e-4
2026-09-19,wk inc covid prop ed visits,3,2026-10-10,23,quantile,0.85,0.0010854967982023502
2026-09-19,wk inc covid prop ed visits,3,2026-10-10,23,quantile,0.9,0.0012153890636392034
2026-09-19,wk inc covid prop ed visits,3,2026-10-10,23,quantile,0.95,0.0013981027490507874
2026-09-19,wk inc covid prop ed visits,3,2026-10-10,23,quantile,0.975,0.0016031396621976654
2026-09-19,wk inc covid prop ed visits,3,2026-10-10,23,quantile,0.99,0.0018057637155847836
2026-09-19,wk inc covid prop ed visits,3,2026-10-10,24,quantile,0.01,8.119373622274841e-4
2026-09-19,wk inc covid prop ed visits,3,2026-10-10,24,quantile,0.025,9.406592212795257e-4
2026-09-19,wk inc covid prop ed visits,3,2026-10-10,24,quantile,0.05,0.0010936032426861948
2026-09-19,wk inc covid prop ed visits,3,2026-10-10,24,quantile,0.1,0.0012868113792396958
2026-09-19,wk inc covid prop ed visits,3,2026-10-10,24,quantile,0.15,0.0014355003187774106
2026-09-19,wk inc covid prop ed visits,3,2026-10-10,24,quantile,0.2,0.0015414706651120887
2026-09-19,wk inc covid prop ed visits,3,2026-10-10,24,quantile,0.25,0.001649458699916296
2026-09-19,wk inc covid prop ed visits,3,2026-10-10,24,quantile,0.3,0.0017471525811372196
2026-09-19,wk inc covid prop ed visits,3,2026-10-10,24,quantile,0.35,0.0018367629279744785
2026-09-19,wk inc covid prop ed visits,3,2026-10-10,24,quantile,0.4,0.0019266819922636267
2026-09-19,wk inc covid prop ed visits,3,2026-10-10,24,quantile,0.45,0.0020124379019967695
2026-09-19,wk inc covid prop ed visits,3,2026-10-10,24,quantile,0.5,0.002106298299559446
2026-09-19,wk inc covid prop ed visits,3,2026-10-10,24,quantile,0.55,0.0022044994495639195
2026-09-19,wk inc covid prop ed visits,3,2026-10-10,24,quantile,0.6,0.0023128484992953903
2026-09-19,wk inc covid prop ed visits,3,2026-10-10,24,quantile,0.65,0.0024196537890742594
2026-09-19,wk inc covid prop ed visits,3,2026-10-10,24,quantile,0.7,0.0025276693809644715
2026-09-19,wk inc covid prop ed visits,3,2026-10-10,24,quantile,0.75,0.0026628034369156704
2026-09-19,wk inc covid prop ed visits,3,2026-10-10,24,quantile,0.8,0.0028268222034343875
2026-09-19,wk inc covid prop ed visits,3,2026-10-10,24,quantile,0.85,0.0030048955615828987
2026-09-19,wk inc covid prop ed visits,3,2026-10-10,24,quantile,0.9,0.003286173235729644
2026-09-19,wk inc covid prop ed visits,3,2026-10-10,24,quantile,0.95,0.0036896134488591625
2026-09-19,wk inc covid prop ed visits,3,2026-10-10,24,quantile,0.975,0.004050355142699272
2026-09-19,wk inc covid prop ed visits,3,2026-10-10,24,quantile,0.99,0.004510937201205697
2026-09-19,wk inc covid prop ed visits,3,2026-10-10,25,quantile,0.01,6.089785027257312e-4
2026-09-19,wk inc covid prop ed visits,3,2026-10-10,25,quantile,0.025,7.469579636987777e-4
2026-09-19,wk inc covid prop ed visits,3,2026-10-10,25,quantile,0.05,8.508306285434255e-4
2026-09-19,wk inc covid prop ed visits,3,2026-10-10,25,quantile,0.1,0.0010016104898964572
2026-09-19,wk inc covid prop ed visits,3,2026-10-10,25,quantile,0.15,0.0011159648061094076
2026-09-19,wk inc covid prop ed visits,3,2026-10-10,25,quantile,0.2,0.00120868485775266
2026-09-19,wk inc covid prop ed visits,3,2026-10-10,25,quantile,0.25,0.001283904238753904
2026-09-19,wk inc covid prop ed visits,3,2026-10-10,25,quantile,0.3,0.0013682452668933366
2026-09-19,wk inc covid prop ed visits,3,2026-10-10,25,quantile,0.35,0.0014412998353224979
2026-09-19,wk inc covid prop ed visits,3,2026-10-10,25,quantile,0.4,0.0015242729884201154
2026-09-19,wk inc covid prop ed visits,3,2026-10-10,25,quantile,0.45,0.0016078313042974075
2026-09-19,wk inc covid prop ed visits,3,2026-10-10,25,quantile,0.5,0.0016940934226264545
2026-09-19,wk inc covid prop ed visits,3,2026-10-10,25,quantile,0.55,0.0017764835124105575
2026-09-19,wk inc covid prop ed visits,3,2026-10-10,25,quantile,0.6,0.0018607474195964507
2026-09-19,wk inc covid prop ed visits,3,2026-10-10,25,quantile,0.65,0.00195512386128198
2026-09-19,wk inc covid prop ed visits,3,2026-10-10,25,quantile,0.7,0.002049894904626246
2026-09-19,wk inc covid prop ed visits,3,2026-10-10,25,quantile,0.75,0.0021695845448675803
2026-09-19,wk inc covid prop ed visits,3,2026-10-10,25,quantile,0.8,0.0022979869007708326
2026-09-19,wk inc covid prop ed visits,3,2026-10-10,25,quantile,0.85,0.002451352379275979
2026-09-19,wk inc covid prop ed visits,3,2026-10-10,25,quantile,0.9,0.0026752773310643606
2026-09-19,wk inc covid prop ed visits,3,2026-10-10,25,quantile,0.95,0.0030700786986838304
2026-09-19,wk inc covid prop ed visits,3,2026-10-10,25,quantile,0.975,0.003368805443619508
2026-09-19,wk inc covid prop ed visits,3,2026-10-10,25,quantile,0.99,0.00376307433442171
2026-09-19,wk inc covid prop ed visits,3,2026-10-10,26,quantile,0.01,3.119975735340848e-4
2026-09-19,wk inc covid prop ed visits,3,2026-10-10,26,quantile,0.025,3.893154035709009e-4
2026-09-19,wk inc covid prop ed visits,3,2026-10-10,26,quantile,0.05,4.7459769891160155e-4
2026-09-19,wk inc covid prop ed visits,3,2026-10-10,26,quantile,0.1,5.635476428831874e-4
2026-09-19,wk inc covid prop ed visits,3,2026-10-10,26,quantile,0.15,6.402416434876009e-4
2026-09-19,wk inc covid prop ed visits,3,2026-10-10,26,quantile,0.2,7.085687872820874e-4
2026-09-19,wk inc covid prop ed visits,3,2026-10-10,26,quantile,0.25,7.710163383758329e-4
2026-09-19,wk inc covid prop ed visits,3,2026-10-10,26,quantile,0.3,8.319210622588741e-4
2026-09-19,wk inc covid prop ed visits,3,2026-10-10,26,quantile,0.35,8.87866378464097e-4
2026-09-19,wk inc covid prop ed visits,3,2026-10-10,26,quantile,0.4,9.377129042408513e-4
2026-09-19,wk inc covid prop ed visits,3,2026-10-10,26,quantile,0.45,9.878916607633731e-4
2026-09-19,wk inc covid prop ed visits,3,2026-10-10,26,quantile,0.5,0.001038168262765877
2026-09-19,wk inc covid prop ed visits,3,2026-10-10,26,quantile,0.55,0.0010944137945818981
2026-09-19,wk inc covid prop ed visits,3,2026-10-10,26,quantile,0.6,0.0011509893841009995
2026-09-19,wk inc covid prop ed visits,3,2026-10-10,26,quantile,0.65,0.0012104689078025169
2026-09-19,wk inc covid prop ed visits,3,2026-10-10,26,quantile,0.7,0.0012856511045539372
2026-09-19,wk inc covid prop ed visits,3,2026-10-10,26,quantile,0.75,0.001375754554637074
2026-09-19,wk inc covid prop ed visits,3,2026-10-10,26,quantile,0.8,0.0014735706257581142
2026-09-19,wk inc covid prop ed visits,3,2026-10-10,26,quantile,0.85,0.001582583214753705
2026-09-19,wk inc covid prop ed visits,3,2026-10-10,26,quantile,0.9,0.0017565839868071704
2026-09-19,wk inc covid prop ed visits,3,2026-10-10,26,quantile,0.95,0.002004976653337976
2026-09-19,wk inc covid prop ed visits,3,2026-10-10,26,quantile,0.975,0.0022412042725507876
2026-09-19,wk inc covid prop ed visits,3,2026-10-10,26,quantile,0.99,0.002506358351287777
2026-09-19,wk inc covid prop ed visits,3,2026-10-10,27,quantile,0.01,5.496507335061743e-4
2026-09-19,wk inc covid prop ed visits,3,2026-10-10,27,quantile,0.025,6.34027919592187e-4
2026-09-19,wk inc covid prop ed visits,3,2026-10-10,27,quantile,0.05,7.234303318257266e-4
2026-09-19,wk inc covid prop ed visits,3,2026-10-10,27,quantile,0.1,8.570080771535841e-4
2026-09-19,wk inc covid prop ed visits,3,2026-10-10,27,quantile,0.15,9.65750848030012e-4
2026-09-19,wk inc covid prop ed visits,3,2026-10-10,27,quantile,0.2,0.0010505174996402896
2026-09-19,wk inc covid prop ed visits,3,2026-10-10,27,quantile,0.25,0.0011315083093647673
2026-09-19,wk inc covid prop ed visits,3,2026-10-10,27,quantile,0.3,0.0012006687038182368
2026-09-19,wk inc covid prop ed visits,3,2026-10-10,27,quantile,0.35,0.0012703455068136243
2026-09-19,wk inc covid prop ed visits,3,2026-10-10,27,quantile,0.4,0.0013473692001251692
2026-09-19,wk inc covid prop ed visits,3,2026-10-10,27,quantile,0.45,0.0014180510506485466
2026-09-19,wk inc covid prop ed visits,3,2026-10-10,27,quantile,0.5,0.0014944785967959807
2026-09-19,wk inc covid prop ed visits,3,2026-10-10,27,quantile,0.55,0.001573982220867976
2026-09-19,wk inc covid prop ed visits,3,2026-10-10,27,quantile,0.6,0.0016600265378050698
2026-09-19,wk inc covid prop ed visits,3,2026-10-10,27,quantile,0.65,0.001743208896958798
2026-09-19,wk inc covid prop ed visits,3,2026-10-10,27,quantile,0.7,0.0018391957827051395
2026-09-19,wk inc covid prop ed visits,3,2026-10-10,27,quantile,0.75,0.001943113485438759
2026-09-19,wk inc covid prop ed visits,3,2026-10-10,27,quantile,0.8,0.002075532452386162
2026-09-19,wk inc covid prop ed visits,3,2026-10-10,27,quantile,0.85,0.0022299058789321223
2026-09-19,wk inc covid prop ed visits,3,2026-10-10,27,quantile,0.9,0.0024268528781343037
2026-09-19,wk inc covid prop ed visits,3,2026-10-10,27,quantile,0.95,0.002750749516373205
2026-09-19,wk inc covid prop ed visits,3,2026-10-10,27,quantile,0.975,0.00302949958528236
2026-09-19,wk inc covid prop ed visits,3,2026-10-10,27,quantile,0.99,0.003419549970653048
2026-09-19,wk inc covid prop ed visits,3,2026-10-10,28,quantile,0.01,0.0018013532853879879
2026-09-19,wk inc covid prop ed visits,3,2026-10-10,28,quantile,0.025,0.002104949079394774
2026-09-19,wk inc covid prop ed visits,3,2026-10-10,28,quantile,0.05,0.0023350694906449036
2026-09-19,wk inc covid prop ed visits,3,2026-10-10,28,quantile,0.1,0.0026629017792483105
2026-09-19,wk inc covid prop ed visits,3,2026-10-10,28,quantile,0.15,0.0028829757668918034
2026-09-19,wk inc covid prop ed visits,3,2026-10-10,28,quantile,0.2,0.0030938702374010115
2026-09-19,wk inc covid prop ed visits,3,2026-10-10,28,quantile,0.25,0.003271896771620806
2026-09-19,wk inc covid prop ed visits,3,2026-10-10,28,quantile,0.3,0.0034465736426578415
2026-09-19,wk inc covid prop ed visits,3,2026-10-10,28,quantile,0.35,0.003606897529343662
2026-09-19,wk inc covid prop ed visits,3,2026-10-10,28,quantile,0.4,0.0037626364032821305
2026-09-19,wk inc covid prop ed visits,3,2026-10-10,28,quantile,0.45,0.003919998070814515
2026-09-19,wk inc covid prop ed visits,3,2026-10-10,28,quantile,0.5,0.0040915632661031615
2026-09-19,wk inc covid prop ed visits,3,2026-10-10,28,quantile,0.55,0.0042776774594811785
2026-09-19,wk inc covid prop ed visits,3,2026-10-10,28,quantile,0.6,0.0044464247066847585
2026-09-19,wk inc covid prop ed visits,3,2026-10-10,28,quantile,0.65,0.004641624632651288
2026-09-19,wk inc covid prop ed visits,3,2026-10-10,28,quantile,0.7,0.0048585861443603984
2026-09-19,wk inc covid prop ed visits,3,2026-10-10,28,quantile,0.75,0.005078734508770421
2026-09-19,wk inc covid prop ed visits,3,2026-10-10,28,quantile,0.8,0.005360768962265701
2026-09-19,wk inc covid prop ed visits,3,2026-10-10,28,quantile,0.85,0.005704958273702975
2026-09-19,wk inc covid prop ed visits,3,2026-10-10,28,quantile,0.9,0.006120315269775661
2026-09-19,wk inc covid prop ed visits,3,2026-10-10,28,quantile,0.95,0.006816354894023717
2026-09-19,wk inc covid prop ed visits,3,2026-10-10,28,quantile,0.975,0.007575432273427782
2026-09-19,wk inc covid prop ed visits,3,2026-10-10,28,quantile,0.99,0.008343283251936966
2026-09-19,wk inc covid prop ed visits,3,2026-10-10,29,quantile,0.01,4.727075885343595e-4
2026-09-19,wk inc covid prop ed visits,3,2026-10-10,29,quantile,0.025,5.840051525702223e-4
2026-09-19,wk inc covid prop ed visits,3,2026-10-10,29,quantile,0.05,6.948033456427733e-4
2026-09-19,wk inc covid prop ed visits,3,2026-10-10,29,quantile,0.1,8.120328189092353e-4
2026-09-19,wk inc covid prop ed visits,3,2026-10-10,29,quantile,0.15,9.136866123731087e-4
2026-09-19,wk inc covid prop ed visits,3,2026-10-10,29,quantile,0.2,9.98294714949579e-4
2026-09-19,wk inc covid prop ed visits,3,2026-10-10,29,quantile,0.25,0.0010638399980351751
2026-09-19,wk inc covid prop ed visits,3,2026-10-10,29,quantile,0.3,0.0011338170064978486
2026-09-19,wk inc covid prop ed visits,3,2026-10-10,29,quantile,0.35,0.0012011914608593922
2026-09-19,wk inc covid prop ed visits,3,2026-10-10,29,quantile,0.4,0.0012772019203312023
2026-09-19,wk inc covid prop ed visits,3,2026-10-10,29,quantile,0.45,0.0013478603653278398
2026-09-19,wk inc covid prop ed visits,3,2026-10-10,29,quantile,0.5,0.001418214396185261
2026-09-19,wk inc covid prop ed visits,3,2026-10-10,29,quantile,0.55,0.0015000775385918702
2026-09-19,wk inc covid prop ed visits,3,2026-10-10,29,quantile,0.6,0.0015824974910128432
2026-09-19,wk inc covid prop ed visits,3,2026-10-10,29,quantile,0.65,0.0016736643566260547
2026-09-19,wk inc covid prop ed visits,3,2026-10-10,29,quantile,0.7,0.0017703173100994836
2026-09-19,wk inc covid prop ed visits,3,2026-10-10,29,quantile,0.75,0.001858776638045737
2026-09-19,wk inc covid prop ed visits,3,2026-10-10,29,quantile,0.8,0.0019627237118654862
2026-09-19,wk inc covid prop ed visits,3,2026-10-10,29,quantile,0.85,0.002103305293042089
2026-09-19,wk inc covid prop ed visits,3,2026-10-10,29,quantile,0.9,0.0022850223543243162
2026-09-19,wk inc covid prop ed visits,3,2026-10-10,29,quantile,0.95,0.0025862129690815304
2026-09-19,wk inc covid prop ed visits,3,2026-10-10,29,quantile,0.975,0.0028929811254031898
2026-09-19,wk inc covid prop ed visits,3,2026-10-10,29,quantile,0.99,0.0032806613182519468
2026-09-19,wk inc covid prop ed visits,3,2026-10-10,30,quantile,0.01,3.679206117499053e-4
2026-09-19,wk inc covid prop ed visits,3,2026-10-10,30,quantile,0.025,4.566674336156327e-4
2026-09-19,wk inc covid prop ed visits,3,2026-10-10,30,quantile,0.05,5.524442448892443e-4
2026-09-19,wk inc covid prop ed visits,3,2026-10-10,30,quantile,0.1,6.782182241447895e-4
2026-09-19,wk inc covid prop ed visits,3,2026-10-10,30,quantile,0.15,7.659896503608133e-4
2026-09-19,wk inc covid prop ed visits,3,2026-10-10,30,quantile,0.2,8.405837990288633e-4
2026-09-19,wk inc covid prop ed visits,3,2026-10-10,30,quantile,0.25,9.092025852673777e-4
2026-09-19,wk inc covid prop ed visits,3,2026-10-10,30,quantile,0.3,9.66048329713218e-4
2026-09-19,wk inc covid prop ed visits,3,2026-10-10,30,quantile,0.35,0.001027322545129921
2026-09-19,wk inc covid prop ed visits,3,2026-10-10,30,quantile,0.4,0.0010794612199667036
2026-09-19,wk inc covid prop ed visits,3,2026-10-10,30,quantile,0.45,0.0011445035442325371
2026-09-19,wk inc covid prop ed visits,3,2026-10-10,30,quantile,0.5,0.0012041431676360062
2026-09-19,wk inc covid prop ed visits,3,2026-10-10,30,quantile,0.55,0.0012647914722284655
2026-09-19,wk inc covid prop ed visits,3,2026-10-10,30,quantile,0.6,0.001323500793585031
2026-09-19,wk inc covid prop ed visits,3,2026-10-10,30,quantile,0.65,0.0013959344259621624
2026-09-19,wk inc covid prop ed visits,3,2026-10-10,30,quantile,0.7,0.001464412437684721
2026-09-19,wk inc covid prop ed visits,3,2026-10-10,30,quantile,0.75,0.0015501278959140848
2026-09-19,wk inc covid prop ed visits,3,2026-10-10,30,quantile,0.8,0.001660775331104702
2026-09-19,wk inc covid prop ed visits,3,2026-10-10,30,quantile,0.85,0.0017864115547819358
2026-09-19,wk inc covid prop ed visits,3,2026-10-10,30,quantile,0.9,0.0019468140393547426
2026-09-19,wk inc covid prop ed visits,3,2026-10-10,30,quantile,0.95,0.0022114614327647503
2026-09-19,wk inc covid prop ed visits,3,2026-10-10,30,quantile,0.975,0.0024766129565914736
2026-09-19,wk inc covid prop ed visits,3,2026-10-10,30,quantile,0.99,0.0027631132727754335
2026-09-19,wk inc covid prop ed visits,3,2026-10-10,31,quantile,0.01,1.8306083330783352e-4
2026-09-19,wk inc covid prop ed visits,3,2026-10-10,31,quantile,0.025,2.4379069984047883e-4
2026-09-19,wk inc covid prop ed visits,3,2026-10-10,31,quantile,0.05,3.021527128851235e-4
2026-09-19,wk inc covid prop ed visits,3,2026-10-10,31,quantile,0.1,3.743213589180517e-4
2026-09-19,wk inc covid prop ed visits,3,2026-10-10,31,quantile,0.15,4.304546890099803e-4
2026-09-19,wk inc covid prop ed visits,3,2026-10-10,31,quantile,0.2,4.837233500914897e-4
2026-09-19,wk inc covid prop ed visits,3,2026-10-10,31,quantile,0.25,5.317896916114563e-4
2026-09-19,wk inc covid prop ed visits,3,2026-10-10,31,quantile,0.3,5.764203922752808e-4
2026-09-19,wk inc covid prop ed visits,3,2026-10-10,31,quantile,0.35,6.185789924120937e-4
2026-09-19,wk inc covid prop ed visits,3,2026-10-10,31,quantile,0.4,6.566926311226668e-4
2026-09-19,wk inc covid prop ed visits,3,2026-10-10,31,quantile,0.45,6.978520846583233e-4
2026-09-19,wk inc covid prop ed visits,3,2026-10-10,31,quantile,0.5,7.415982391498746e-4
2026-09-19,wk inc covid prop ed visits,3,2026-10-10,31,quantile,0.55,7.879937505644953e-4
2026-09-19,wk inc covid prop ed visits,3,2026-10-10,31,quantile,0.6,8.332707835451687e-4
2026-09-19,wk inc covid prop ed visits,3,2026-10-10,31,quantile,0.65,8.827586296463134e-4
2026-09-19,wk inc covid prop ed visits,3,2026-10-10,31,quantile,0.7,9.425895307370149e-4
2026-09-19,wk inc covid prop ed visits,3,2026-10-10,31,quantile,0.75,0.0010063526494867813
2026-09-19,wk inc covid prop ed visits,3,2026-10-10,31,quantile,0.8,0.0010811131319185898
2026-09-19,wk inc covid prop ed visits,3,2026-10-10,31,quantile,0.85,0.0011737066035895289
2026-09-19,wk inc covid prop ed visits,3,2026-10-10,31,quantile,0.9,0.0012860531688406495
2026-09-19,wk inc covid prop ed visits,3,2026-10-10,31,quantile,0.95,0.0014768286592484517
2026-09-19,wk inc covid prop ed visits,3,2026-10-10,31,quantile,0.975,0.0016525293717373642
2026-09-19,wk inc covid prop ed visits,3,2026-10-10,31,quantile,0.99,0.0018884189809595152
2026-09-19,wk inc covid prop ed visits,3,2026-10-10,32,quantile,0.01,0.0018170127927880676
2026-09-19,wk inc covid prop ed visits,3,2026-10-10,32,quantile,0.025,0.0020706642340180084
2026-09-19,wk inc covid prop ed visits,3,2026-10-10,32,quantile,0.05,0.0023279244055731505
2026-09-19,wk inc covid prop ed visits,3,2026-10-10,32,quantile,0.1,0.002650279974795235
2026-09-19,wk inc covid prop ed visits,3,2026-10-10,32,quantile,0.15,0.002878916961691091
2026-09-19,wk inc covid prop ed visits,3,2026-10-10,32,quantile,0.2,0.0030766302373287577
2026-09-19,wk inc covid prop ed visits,3,2026-10-10,32,quantile,0.25,0.003237132158180592
2026-09-19,wk inc covid prop ed visits,3,2026-10-10,32,quantile,0.3,0.003398179438476586
2026-09-19,wk inc covid prop ed visits,3,2026-10-10,32,quantile,0.35,0.0035761087999571966
2026-09-19,wk inc covid prop ed visits,3,2026-10-10,32,quantile,0.4,0.0037284713340965964
2026-09-19,wk inc covid prop ed visits,3,2026-10-10,32,quantile,0.45,0.003893460426586814
2026-09-19,wk inc covid prop ed visits,3,2026-10-10,32,quantile,0.5,0.004066565216949109
2026-09-19,wk inc covid prop ed visits,3,2026-10-10,32,quantile,0.55,0.00424627614270389
2026-09-19,wk inc covid prop ed visits,3,2026-10-10,32,quantile,0.6,0.004406401903832853
2026-09-19,wk inc covid prop ed visits,3,2026-10-10,32,quantile,0.65,0.004583889878581043
2026-09-19,wk inc covid prop ed visits,3,2026-10-10,32,quantile,0.7,0.00478464200102223
2026-09-19,wk inc covid prop ed visits,3,2026-10-10,32,quantile,0.75,0.005030147201090054
2026-09-19,wk inc covid prop ed visits,3,2026-10-10,32,quantile,0.8,0.00530889966176108
2026-09-19,wk inc covid prop ed visits,3,2026-10-10,32,quantile,0.85,0.00565614695004182
2026-09-19,wk inc covid prop ed visits,3,2026-10-10,32,quantile,0.9,0.006094434882742628
2026-09-19,wk inc covid prop ed visits,3,2026-10-10,32,quantile,0.95,0.00674048526483407
2026-09-19,wk inc covid prop ed visits,3,2026-10-10,32,quantile,0.975,0.007493130446146424
2026-09-19,wk inc covid prop ed visits,3,2026-10-10,32,quantile,0.99,0.008434878720417491
2026-09-19,wk inc covid prop ed visits,3,2026-10-10,33,quantile,0.01,5.96368523290958e-4
2026-09-19,wk inc covid prop ed visits,3,2026-10-10,33,quantile,0.025,6.937216570740681e-4
2026-09-19,wk inc covid prop ed visits,3,2026-10-10,33,quantile,0.05,7.981159780229819e-4
2026-09-19,wk inc covid prop ed visits,3,2026-10-10,33,quantile,0.1,9.421119067363858e-4
2026-09-19,wk inc covid prop ed visits,3,2026-10-10,33,quantile,0.15,0.001051626780064769
2026-09-19,wk inc covid prop ed visits,3,2026-10-10,33,quantile,0.2,0.0011433098981389151
2026-09-19,wk inc covid prop ed visits,3,2026-10-10,33,quantile,0.25,0.0012295050075013868
2026-09-19,wk inc covid prop ed visits,3,2026-10-10,33,quantile,0.3,0.0013030058293731737
2026-09-19,wk inc covid prop ed visits,3,2026-10-10,33,quantile,0.35,0.0013777888807903888
2026-09-19,wk inc covid prop ed visits,3,2026-10-10,33,quantile,0.4,0.0014557071319276217
2026-09-19,wk inc covid prop ed visits,3,2026-10-10,33,quantile,0.45,0.0015267975243108394
2026-09-19,wk inc covid prop ed visits,3,2026-10-10,33,quantile,0.5,0.0016077582828172093
2026-09-19,wk inc covid prop ed visits,3,2026-10-10,33,quantile,0.55,0.0016866694139082768
2026-09-19,wk inc covid prop ed visits,3,2026-10-10,33,quantile,0.6,0.0017660052330051071
2026-09-19,wk inc covid prop ed visits,3,2026-10-10,33,quantile,0.65,0.0018565388719970054
2026-09-19,wk inc covid prop ed visits,3,2026-10-10,33,quantile,0.7,0.0019511860070882928
2026-09-19,wk inc covid prop ed visits,3,2026-10-10,33,quantile,0.75,0.002065819132973442
2026-09-19,wk inc covid prop ed visits,3,2026-10-10,33,quantile,0.8,0.0021795589083103443
2026-09-19,wk inc covid prop ed visits,3,2026-10-10,33,quantile,0.85,0.002326628478021825
2026-09-19,wk inc covid prop ed visits,3,2026-10-10,33,quantile,0.9,0.0025113601304393024
2026-09-19,wk inc covid prop ed visits,3,2026-10-10,33,quantile,0.95,0.002814928261695851
2026-09-19,wk inc covid prop ed visits,3,2026-10-10,33,quantile,0.975,0.0031115794259925977
2026-09-19,wk inc covid prop ed visits,3,2026-10-10,33,quantile,0.99,0.003571593020725434
2026-09-19,wk inc covid prop ed visits,3,2026-10-10,34,quantile,0.01,0.0012031695237704446
2026-09-19,wk inc covid prop ed visits,3,2026-10-10,34,quantile,0.025,0.0013822575190791401
2026-09-19,wk inc covid prop ed visits,3,2026-10-10,34,quantile,0.05,0.0015645092198683583
2026-09-19,wk inc covid prop ed visits,3,2026-10-10,34,quantile,0.1,0.0018017081163633256
2026-09-19,wk inc covid prop ed visits,3,2026-10-10,34,quantile,0.15,0.0019987308772324817
2026-09-19,wk inc covid prop ed visits,3,2026-10-10,34,quantile,0.2,0.0021488031358614787
2026-09-19,wk inc covid prop ed visits,3,2026-10-10,34,quantile,0.25,0.002291519191268664
2026-09-19,wk inc covid prop ed visits,3,2026-10-10,34,quantile,0.3,0.002422687859225255
2026-09-19,wk inc covid prop ed visits,3,2026-10-10,34,quantile,0.35,0.0025517797136253234
2026-09-19,wk inc covid prop ed visits,3,2026-10-10,34,quantile,0.4,0.002653680986230555
2026-09-19,wk inc covid prop ed visits,3,2026-10-10,34,quantile,0.45,0.0027718235934760683
2026-09-19,wk inc covid prop ed visits,3,2026-10-10,34,quantile,0.5,0.0029074169547998177
2026-09-19,wk inc covid prop ed visits,3,2026-10-10,34,quantile,0.55,0.003025455646762398
2026-09-19,wk inc covid prop ed visits,3,2026-10-10,34,quantile,0.6,0.003146363595426689
2026-09-19,wk inc covid prop ed visits,3,2026-10-10,34,quantile,0.65,0.0032870883677821945
2026-09-19,wk inc covid prop ed visits,3,2026-10-10,34,quantile,0.7,0.0034450334999666025
2026-09-19,wk inc covid prop ed visits,3,2026-10-10,34,quantile,0.75,0.003612198521152408
2026-09-19,wk inc covid prop ed visits,3,2026-10-10,34,quantile,0.8,0.0038153668171908126
2026-09-19,wk inc covid prop ed visits,3,2026-10-10,34,quantile,0.85,0.004082973914417596
2026-09-19,wk inc covid prop ed visits,3,2026-10-10,34,quantile,0.9,0.0044100865616327894
2026-09-19,wk inc covid prop ed visits,3,2026-10-10,34,quantile,0.95,0.00494875397776149
2026-09-19,wk inc covid prop ed visits,3,2026-10-10,34,quantile,0.975,0.00558157200739891
2026-09-19,wk inc covid prop ed visits,3,2026-10-10,34,quantile,0.99,0.00628297316201514
2026-09-19,wk inc covid prop ed visits,3,2026-10-10,35,quantile,0.01,9.53644963571865e-4
2026-09-19,wk inc covid prop ed visits,3,2026-10-10,35,quantile,0.025,0.0011038231389048424
2026-09-19,wk inc covid prop ed visits,3,2026-10-10,35,quantile,0.05,0.0012756575986756565
2026-09-19,wk inc covid prop ed visits,3,2026-10-10,35,quantile,0.1,0.0014602512400851437
2026-09-19,wk inc covid prop ed visits,3,2026-10-10,35,quantile,0.15,0.0016026381488408986
2026-09-19,wk inc covid prop ed visits,3,2026-10-10,35,quantile,0.2,0.001720227204106407
2026-09-19,wk inc covid prop ed visits,3,2026-10-10,35,quantile,0.25,0.001836966636641442
2026-09-19,wk inc covid prop ed visits,3,2026-10-10,35,quantile,0.3,0.0019433258421438612
2026-09-19,wk inc covid prop ed visits,3,2026-10-10,35,quantile,0.35,0.0020661827455390747
2026-09-19,wk inc covid prop ed visits,3,2026-10-10,35,quantile,0.4,0.0021671671867957553
2026-09-19,wk inc covid prop ed visits,3,2026-10-10,35,quantile,0.45,0.0022565991354876642
2026-09-19,wk inc covid prop ed visits,3,2026-10-10,35,quantile,0.5,0.002352947348469114
2026-09-19,wk inc covid prop ed visits,3,2026-10-10,35,quantile,0.55,0.0024587891297612437
2026-09-19,wk inc covid prop ed visits,3,2026-10-10,35,quantile,0.6,0.002561950508424762
2026-09-19,wk inc covid prop ed visits,3,2026-10-10,35,quantile,0.65,0.002686380827027845
2026-09-19,wk inc covid prop ed visits,3,2026-10-10,35,quantile,0.7,0.0028158472312135663
2026-09-19,wk inc covid prop ed visits,3,2026-10-10,35,quantile,0.75,0.0029617492820114264
2026-09-19,wk inc covid prop ed visits,3,2026-10-10,35,quantile,0.8,0.003134498903294751
2026-09-19,wk inc covid prop ed visits,3,2026-10-10,35,quantile,0.85,0.003336650460489607
2026-09-19,wk inc covid prop ed visits,3,2026-10-10,35,quantile,0.9,0.003619179243239748
2026-09-19,wk inc covid prop ed visits,3,2026-10-10,35,quantile,0.95,0.0040568296193780684
2026-09-19,wk inc covid prop ed visits,3,2026-10-10,35,quantile,0.975,0.004481253372972271
2026-09-19,wk inc covid prop ed visits,3,2026-10-10,35,quantile,0.99,0.005054154300880442
2026-09-19,wk inc covid prop ed visits,3,2026-10-10,36,quantile,0.01,0.001073564494868491
2026-09-19,wk inc covid prop ed visits,3,2026-10-10,36,quantile,0.025,0.0012498517732582493
2026-09-19,wk inc covid prop ed visits,3,2026-10-10,36,quantile,0.05,0.0014516604210190502
2026-09-19,wk inc covid prop ed visits,3,2026-10-10,36,quantile,0.1,0.0016630444269055942
2026-09-19,wk inc covid prop ed visits,3,2026-10-10,36,quantile,0.15,0.0018461758429027845
2026-09-19,wk inc covid prop ed visits,3,2026-10-10,36,quantile,0.2,0.0019828675310548344
2026-09-19,wk inc covid prop ed visits,3,2026-10-10,36,quantile,0.25,0.0021051514083906425
2026-09-19,wk inc covid prop ed visits,3,2026-10-10,36,quantile,0.3,0.0022224023887398273
2026-09-19,wk inc covid prop ed visits,3,2026-10-10,36,quantile,0.35,0.0023348783513290135
2026-09-19,wk inc covid prop ed visits,3,2026-10-10,36,quantile,0.4,0.0024534432812596723
2026-09-19,wk inc covid prop ed visits,3,2026-10-10,36,quantile,0.45,0.002568114620731984
2026-09-19,wk inc covid prop ed visits,3,2026-10-10,36,quantile,0.5,0.0026808552790278436
2026-09-19,wk inc covid prop ed visits,3,2026-10-10,36,quantile,0.55,0.0028037192215441212
2026-09-19,wk inc covid prop ed visits,3,2026-10-10,36,quantile,0.6,0.0029356819335311264
2026-09-19,wk inc covid prop ed visits,3,2026-10-10,36,quantile,0.65,0.003077897512160159
2026-09-19,wk inc covid prop ed visits,3,2026-10-10,36,quantile,0.7,0.003234586245682003
2026-09-19,wk inc covid prop ed visits,3,2026-10-10,36,quantile,0.75,0.003385150317928574
2026-09-19,wk inc covid prop ed visits,3,2026-10-10,36,quantile,0.8,0.0035629531421519003
2026-09-19,wk inc covid prop ed visits,3,2026-10-10,36,quantile,0.85,0.0038011905043704463
2026-09-19,wk inc covid prop ed visits,3,2026-10-10,36,quantile,0.9,0.0041438919336374185
2026-09-19,wk inc covid prop ed visits,3,2026-10-10,36,quantile,0.95,0.0046658966617916285
2026-09-19,wk inc covid prop ed visits,3,2026-10-10,36,quantile,0.975,0.005185937437256588
2026-09-19,wk inc covid prop ed visits,3,2026-10-10,36,quantile,0.99,0.005909341220397186
2026-09-19,wk inc covid prop ed visits,3,2026-10-10,37,quantile,0.01,0.002355899642514162
2026-09-19,wk inc covid prop ed visits,3,2026-10-10,37,quantile,0.025,0.0026950154563389864
2026-09-19,wk inc covid prop ed visits,3,2026-10-10,37,quantile,0.05,0.0030190467117141
2026-09-19,wk inc covid prop ed visits,3,2026-10-10,37,quantile,0.1,0.0034531710575693235
2026-09-19,wk inc covid prop ed visits,3,2026-10-10,37,quantile,0.15,0.0037612787809137953
2026-09-19,wk inc covid prop ed visits,3,2026-10-10,37,quantile,0.2,0.003997438512973328
2026-09-19,wk inc covid prop ed visits,3,2026-10-10,37,quantile,0.25,0.004198272475642625
2026-09-19,wk inc covid prop ed visits,3,2026-10-10,37,quantile,0.3,0.004410429934836924
2026-09-19,wk inc covid prop ed visits,3,2026-10-10,37,quantile,0.35,0.004592441632485924
2026-09-19,wk inc covid prop ed visits,3,2026-10-10,37,quantile,0.4,0.004802669830308798
2026-09-19,wk inc covid prop ed visits,3,2026-10-10,37,quantile,0.45,0.005017456141123176
2026-09-19,wk inc covid prop ed visits,3,2026-10-10,37,quantile,0.5,0.005201100041619102
2026-09-19,wk inc covid prop ed visits,3,2026-10-10,37,quantile,0.55,0.005411028262366819
2026-09-19,wk inc covid prop ed visits,3,2026-10-10,37,quantile,0.6,0.005637682322997068
2026-09-19,wk inc covid prop ed visits,3,2026-10-10,37,quantile,0.65,0.005859038945156953
2026-09-19,wk inc covid prop ed visits,3,2026-10-10,37,quantile,0.7,0.006104658457464796
2026-09-19,wk inc covid prop ed visits,3,2026-10-10,37,quantile,0.75,0.0063882788771415094
2026-09-19,wk inc covid prop ed visits,3,2026-10-10,37,quantile,0.8,0.006720994079563005
2026-09-19,wk inc covid prop ed visits,3,2026-10-10,37,quantile,0.85,0.0071417607042836275
2026-09-19,wk inc covid prop ed visits,3,2026-10-10,37,quantile,0.9,0.0077523798658536945
2026-09-19,wk inc covid prop ed visits,3,2026-10-10,37,quantile,0.95,0.008581968519517194
2026-09-19,wk inc covid prop ed visits,3,2026-10-10,37,quantile,0.975,0.009428315569983121
2026-09-19,wk inc covid prop ed visits,3,2026-10-10,37,quantile,0.99,0.01023407873634597
2026-09-19,wk inc covid prop ed visits,3,2026-10-10,38,quantile,0.01,1.6257695226712022e-4
2026-09-19,wk inc covid prop ed visits,3,2026-10-10,38,quantile,0.025,2.156235107235315e-4
2026-09-19,wk inc covid prop ed visits,3,2026-10-10,38,quantile,0.05,2.720983335615456e-4
2026-09-19,wk inc covid prop ed visits,3,2026-10-10,38,quantile,0.1,3.4076244727353807e-4
2026-09-19,wk inc covid prop ed visits,3,2026-10-10,38,quantile,0.15,3.9896666726081323e-4
2026-09-19,wk inc covid prop ed visits,3,2026-10-10,38,quantile,0.2,4.448269106277291e-4
2026-09-19,wk inc covid prop ed visits,3,2026-10-10,38,quantile,0.25,4.881234856176255e-4
2026-09-19,wk inc covid prop ed visits,3,2026-10-10,38,quantile,0.3,5.313835090729306e-4
2026-09-19,wk inc covid prop ed visits,3,2026-10-10,38,quantile,0.35,5.703811902520288e-4
2026-09-19,wk inc covid prop ed visits,3,2026-10-10,38,quantile,0.4,6.11567258053763e-4
2026-09-19,wk inc covid prop ed visits,3,2026-10-10,38,quantile,0.45,6.521375603929307e-4
2026-09-19,wk inc covid prop ed visits,3,2026-10-10,38,quantile,0.5,6.949085808654902e-4
2026-09-19,wk inc covid prop ed visits,3,2026-10-10,38,quantile,0.55,7.352760767913536e-4
2026-09-19,wk inc covid prop ed visits,3,2026-10-10,38,quantile,0.6,7.805733738944479e-4
2026-09-19,wk inc covid prop ed visits,3,2026-10-10,38,quantile,0.65,8.265205242607318e-4
2026-09-19,wk inc covid prop ed visits,3,2026-10-10,38,quantile,0.7,8.762667778329689e-4
2026-09-19,wk inc covid prop ed visits,3,2026-10-10,38,quantile,0.75,9.358469331055836e-4
2026-09-19,wk inc covid prop ed visits,3,2026-10-10,38,quantile,0.8,0.0010066900518356436
2026-09-19,wk inc covid prop ed visits,3,2026-10-10,38,quantile,0.85,0.0010874706184824197
2026-09-19,wk inc covid prop ed visits,3,2026-10-10,38,quantile,0.9,0.0012080247551991626
2026-09-19,wk inc covid prop ed visits,3,2026-10-10,38,quantile,0.95,0.001389518787870798
2026-09-19,wk inc covid prop ed visits,3,2026-10-10,38,quantile,0.975,0.0015546471019803085
2026-09-19,wk inc covid prop ed visits,3,2026-10-10,38,quantile,0.99,0.0017385578307551205
2026-09-19,wk inc covid prop ed visits,3,2026-10-10,39,quantile,0.01,3.465080614587496e-4
2026-09-19,wk inc covid prop ed visits,3,2026-10-10,39,quantile,0.025,4.2835010221312255e-4
2026-09-19,wk inc covid prop ed visits,3,2026-10-10,39,quantile,0.05,5.156343634871326e-4
2026-09-19,wk inc covid prop ed visits,3,2026-10-10,39,quantile,0.1,6.216483541422564e-4
2026-09-19,wk inc covid prop ed visits,3,2026-10-10,39,quantile,0.15,6.992415007390591e-4
2026-09-19,wk inc covid prop ed visits,3,2026-10-10,39,quantile,0.2,7.741186812683035e-4
2026-09-19,wk inc covid prop ed visits,3,2026-10-10,39,quantile,0.25,8.440130485827214e-4
2026-09-19,wk inc covid prop ed visits,3,2026-10-10,39,quantile,0.3,9.060195606058088e-4
2026-09-19,wk inc covid prop ed visits,3,2026-10-10,39,quantile,0.35,9.662945368444813e-4
2026-09-19,wk inc covid prop ed visits,3,2026-10-10,39,quantile,0.4,0.0010244139192378881
2026-09-19,wk inc covid prop ed visits,3,2026-10-10,39,quantile,0.45,0.0010778442867883558
2026-09-19,wk inc covid prop ed visits,3,2026-10-10,39,quantile,0.5,0.0011349817536913443
2026-09-19,wk inc covid prop ed visits,3,2026-10-10,39,quantile,0.55,0.0011982359770362828
2026-09-19,wk inc covid prop ed visits,3,2026-10-10,39,quantile,0.6,0.0012614859591524431
2026-09-19,wk inc covid prop ed visits,3,2026-10-10,39,quantile,0.65,0.0013361453196044056
2026-09-19,wk inc covid prop ed visits,3,2026-10-10,39,quantile,0.7,0.0014076079476275012
2026-09-19,wk inc covid prop ed visits,3,2026-10-10,39,quantile,0.75,0.0014906001352901785
2026-09-19,wk inc covid prop ed visits,3,2026-10-10,39,quantile,0.8,0.0015953522811700052
2026-09-19,wk inc covid prop ed visits,3,2026-10-10,39,quantile,0.85,0.0017150771712828837
2026-09-19,wk inc covid prop ed visits,3,2026-10-10,39,quantile,0.9,0.0018618901762290862
2026-09-19,wk inc covid prop ed visits,3,2026-10-10,39,quantile,0.95,0.002125652956021177
2026-09-19,wk inc covid prop ed visits,3,2026-10-10,39,quantile,0.975,0.0023688483783371236
2026-09-19,wk inc covid prop ed visits,3,2026-10-10,39,quantile,0.99,0.002710092099832339
2026-09-19,wk inc covid prop ed visits,3,2026-10-10,40,quantile,0.01,6.800788866125741e-4
2026-09-19,wk inc covid prop ed visits,3,2026-10-10,40,quantile,0.025,8.113015586200738e-4
2026-09-19,wk inc covid prop ed visits,3,2026-10-10,40,quantile,0.05,9.339107175541942e-4
2026-09-19,wk inc covid prop ed visits,3,2026-10-10,40,quantile,0.1,0.001093322554179245
2026-09-19,wk inc covid prop ed visits,3,2026-10-10,40,quantile,0.15,0.0012249065498988404
2026-09-19,wk inc covid prop ed visits,3,2026-10-10,40,quantile,0.2,0.0013251303479859503
2026-09-19,wk inc covid prop ed visits,3,2026-10-10,40,quantile,0.25,0.0014137708091344695
2026-09-19,wk inc covid prop ed visits,3,2026-10-10,40,quantile,0.3,0.001508508136960224
2026-09-19,wk inc covid prop ed visits,3,2026-10-10,40,quantile,0.35,0.0015973700006173099
2026-09-19,wk inc covid prop ed visits,3,2026-10-10,40,quantile,0.4,0.00167867385055107
2026-09-19,wk inc covid prop ed visits,3,2026-10-10,40,quantile,0.45,0.0017665818211358643
2026-09-19,wk inc covid prop ed visits,3,2026-10-10,40,quantile,0.5,0.001846787888513729
2026-09-19,wk inc covid prop ed visits,3,2026-10-10,40,quantile,0.55,0.001937713300034851
2026-09-19,wk inc covid prop ed visits,3,2026-10-10,40,quantile,0.6,0.002019014710740768
2026-09-19,wk inc covid prop ed visits,3,2026-10-10,40,quantile,0.65,0.0021262875040545274
2026-09-19,wk inc covid prop ed visits,3,2026-10-10,40,quantile,0.7,0.0022318150066438346
2026-09-19,wk inc covid prop ed visits,3,2026-10-10,40,quantile,0.75,0.002346980052994261
2026-09-19,wk inc covid prop ed visits,3,2026-10-10,40,quantile,0.8,0.0024820220205077964
2026-09-19,wk inc covid prop ed visits,3,2026-10-10,40,quantile,0.85,0.0026489962416108626
2026-09-19,wk inc covid prop ed visits,3,2026-10-10,40,quantile,0.9,0.002885183601694907
2026-09-19,wk inc covid prop ed visits,3,2026-10-10,40,quantile,0.95,0.0032854208105646703
2026-09-19,wk inc covid prop ed visits,3,2026-10-10,40,quantile,0.975,0.0036205371025341076
2026-09-19,wk inc covid prop ed visits,3,2026-10-10,40,quantile,0.99,0.004119691627834677
2026-09-19,wk inc covid prop ed visits,3,2026-10-10,41,quantile,0.01,0.0012670931137928761
2026-09-19,wk inc covid prop ed visits,3,2026-10-10,41,quantile,0.025,0.0015044249503915227
2026-09-19,wk inc covid prop ed visits,3,2026-10-10,41,quantile,0.05,0.001730242930134336
2026-09-19,wk inc covid prop ed visits,3,2026-10-10,41,quantile,0.1,0.0019665887210357853
2026-09-19,wk inc covid prop ed visits,3,2026-10-10,41,quantile,0.15,0.002159518782982464
2026-09-19,wk inc covid prop ed visits,3,2026-10-10,41,quantile,0.2,0.0023156785120123716
2026-09-19,wk inc covid prop ed visits,3,2026-10-10,41,quantile,0.25,0.0024765154222158
2026-09-19,wk inc covid prop ed visits,3,2026-10-10,41,quantile,0.3,0.0026151390366588546
2026-09-19,wk inc covid prop ed visits,3,2026-10-10,41,quantile,0.35,0.00275800448589837
2026-09-19,wk inc covid prop ed visits,3,2026-10-10,41,quantile,0.4,0.00290743032713963
2026-09-19,wk inc covid prop ed visits,3,2026-10-10,41,quantile,0.45,0.003026061143176657
2026-09-19,wk inc covid prop ed visits,3,2026-10-10,41,quantile,0.5,0.0031548415481745394
2026-09-19,wk inc covid prop ed visits,3,2026-10-10,41,quantile,0.55,0.0032816427077146286
2026-09-19,wk inc covid prop ed visits,3,2026-10-10,41,quantile,0.6,0.003426869465154375
2026-09-19,wk inc covid prop ed visits,3,2026-10-10,41,quantile,0.65,0.0035850746907286016
2026-09-19,wk inc covid prop ed visits,3,2026-10-10,41,quantile,0.7,0.0037643792939533005
2026-09-19,wk inc covid prop ed visits,3,2026-10-10,41,quantile,0.75,0.0039479061887639794
2026-09-19,wk inc covid prop ed visits,3,2026-10-10,41,quantile,0.8,0.004162853687153451
2026-09-19,wk inc covid prop ed visits,3,2026-10-10,41,quantile,0.85,0.004434231523181821
2026-09-19,wk inc covid prop ed visits,3,2026-10-10,41,quantile,0.9,0.004792080399607371
2026-09-19,wk inc covid prop ed visits,3,2026-10-10,41,quantile,0.95,0.005268277212346906
2026-09-19,wk inc covid prop ed visits,3,2026-10-10,41,quantile,0.975,0.005746021957429983
2026-09-19,wk inc covid prop ed visits,3,2026-10-10,41,quantile,0.99,0.006380939880663555
2026-09-19,wk inc covid prop ed visits,3,2026-10-10,42,quantile,0.01,4.5150676037872885e-4
2026-09-19,wk inc covid prop ed visits,3,2026-10-10,42,quantile,0.025,5.480874734793306e-4
2026-09-19,wk inc covid prop ed visits,3,2026-10-10,42,quantile,0.05,6.465896472210893e-4
2026-09-19,wk inc covid prop ed visits,3,2026-10-10,42,quantile,0.1,7.75171634672169e-4
2026-09-19,wk inc covid prop ed visits,3,2026-10-10,42,quantile,0.15,8.685092398184139e-4
2026-09-19,wk inc covid prop ed visits,3,2026-10-10,42,quantile,0.2,9.428417428871746e-4
2026-09-19,wk inc covid prop ed visits,3,2026-10-10,42,quantile,0.25,0.0010169532642319405
2026-09-19,wk inc covid prop ed visits,3,2026-10-10,42,quantile,0.3,0.0010881786765075513
2026-09-19,wk inc covid prop ed visits,3,2026-10-10,42,quantile,0.35,0.0011515834652491579
2026-09-19,wk inc covid prop ed visits,3,2026-10-10,42,quantile,0.4,0.001209605611038714
2026-09-19,wk inc covid prop ed visits,3,2026-10-10,42,quantile,0.45,0.0012662683289198409
2026-09-19,wk inc covid prop ed visits,3,2026-10-10,42,quantile,0.5,0.001331987760592043
2026-09-19,wk inc covid prop ed visits,3,2026-10-10,42,quantile,0.55,0.0014068898056515777
2026-09-19,wk inc covid prop ed visits,3,2026-10-10,42,quantile,0.6,0.0014734278722385351
2026-09-19,wk inc covid prop ed visits,3,2026-10-10,42,quantile,0.65,0.0015588810085188085
2026-09-19,wk inc covid prop ed visits,3,2026-10-10,42,quantile,0.7,0.0016418695849476717
2026-09-19,wk inc covid prop ed visits,3,2026-10-10,42,quantile,0.75,0.0017339057936003209
2026-09-19,wk inc covid prop ed visits,3,2026-10-10,42,quantile,0.8,0.0018385373236673114
2026-09-19,wk inc covid prop ed visits,3,2026-10-10,42,quantile,0.85,0.0019658274109380417
2026-09-19,wk inc covid prop ed visits,3,2026-10-10,42,quantile,0.9,0.0021728438846522575
2026-09-19,wk inc covid prop ed visits,3,2026-10-10,42,quantile,0.95,0.002475420223493934
2026-09-19,wk inc covid prop ed visits,3,2026-10-10,42,quantile,0.975,0.002743342124999612
2026-09-19,wk inc covid prop ed visits,3,2026-10-10,42,quantile,0.99,0.00305386743398597
2026-09-19,wk inc covid prop ed visits,3,2026-10-10,44,quantile,0.01,6.157012990207081e-4
2026-09-19,wk inc covid prop ed visits,3,2026-10-10,44,quantile,0.025,7.423425768117582e-4
2026-09-19,wk inc covid prop ed visits,3,2026-10-10,44,quantile,0.05,8.686757613058214e-4
2026-09-19,wk inc covid prop ed visits,3,2026-10-10,44,quantile,0.1,0.0010276015225411724
2026-09-19,wk inc covid prop ed visits,3,2026-10-10,44,quantile,0.15,0.001137858200639611
2026-09-19,wk inc covid prop ed visits,3,2026-10-10,44,quantile,0.2,0.0012387045235211103
2026-09-19,wk inc covid prop ed visits,3,2026-10-10,44,quantile,0.25,0.0013222965144738248
2026-09-19,wk inc covid prop ed visits,3,2026-10-10,44,quantile,0.3,0.0013972498499957404
2026-09-19,wk inc covid prop ed visits,3,2026-10-10,44,quantile,0.35,0.0014765534637103282
2026-09-19,wk inc covid prop ed visits,3,2026-10-10,44,quantile,0.4,0.0015567948512425428
2026-09-19,wk inc covid prop ed visits,3,2026-10-10,44,quantile,0.45,0.0016363892577936712
2026-09-19,wk inc covid prop ed visits,3,2026-10-10,44,quantile,0.5,0.0017214371767460335
2026-09-19,wk inc covid prop ed visits,3,2026-10-10,44,quantile,0.55,0.0018008452278411918
2026-09-19,wk inc covid prop ed visits,3,2026-10-10,44,quantile,0.6,0.001884361157776641
2026-09-19,wk inc covid prop ed visits,3,2026-10-10,44,quantile,0.65,0.0019803859383826184
2026-09-19,wk inc covid prop ed visits,3,2026-10-10,44,quantile,0.7,0.0020793115684838714
2026-09-19,wk inc covid prop ed visits,3,2026-10-10,44,quantile,0.75,0.002196708871050349
2026-09-19,wk inc covid prop ed visits,3,2026-10-10,44,quantile,0.8,0.0023366748640951023
2026-09-19,wk inc covid prop ed visits,3,2026-10-10,44,quantile,0.85,0.002531273164527522
2026-09-19,wk inc covid prop ed visits,3,2026-10-10,44,quantile,0.9,0.002758186429908173
2026-09-19,wk inc covid prop ed visits,3,2026-10-10,44,quantile,0.95,0.003133185690451139
2026-09-19,wk inc covid prop ed visits,3,2026-10-10,44,quantile,0.975,0.003456103860372635
2026-09-19,wk inc covid prop ed visits,3,2026-10-10,44,quantile,0.99,0.003922186054040315
2026-09-19,wk inc covid prop ed visits,3,2026-10-10,45,quantile,0.01,0.0020060160676647087
2026-09-19,wk inc covid prop ed visits,3,2026-10-10,45,quantile,0.025,0.0023098331081391355
2026-09-19,wk inc covid prop ed visits,3,2026-10-10,45,quantile,0.05,0.002583890640258957
2026-09-19,wk inc covid prop ed visits,3,2026-10-10,45,quantile,0.1,0.0029273195257452
2026-09-19,wk inc covid prop ed visits,3,2026-10-10,45,quantile,0.15,0.0031775354680675166
2026-09-19,wk inc covid prop ed visits,3,2026-10-10,45,quantile,0.2,0.003389970267821847
2026-09-19,wk inc covid prop ed visits,3,2026-10-10,45,quantile,0.25,0.0035957258802310236
2026-09-19,wk inc covid prop ed visits,3,2026-10-10,45,quantile,0.3,0.0037798659521655733
2026-09-19,wk inc covid prop ed visits,3,2026-10-10,45,quantile,0.35,0.0039505064960555746
2026-09-19,wk inc covid prop ed visits,3,2026-10-10,45,quantile,0.4,0.0041333181949599835
2026-09-19,wk inc covid prop ed visits,3,2026-10-10,45,quantile,0.45,0.004285021321673275
2026-09-19,wk inc covid prop ed visits,3,2026-10-10,45,quantile,0.5,0.004454282394350259
2026-09-19,wk inc covid prop ed visits,3,2026-10-10,45,quantile,0.55,0.004635109159968077
2026-09-19,wk inc covid prop ed visits,3,2026-10-10,45,quantile,0.6,0.004828006266553043
2026-09-19,wk inc covid prop ed visits,3,2026-10-10,45,quantile,0.65,0.005029823961431026
2026-09-19,wk inc covid prop ed visits,3,2026-10-10,45,quantile,0.7,0.005275421982958707
2026-09-19,wk inc covid prop ed visits,3,2026-10-10,45,quantile,0.75,0.0055351644500564075
2026-09-19,wk inc covid prop ed visits,3,2026-10-10,45,quantile,0.8,0.005814933685707794
2026-09-19,wk inc covid prop ed visits,3,2026-10-10,45,quantile,0.85,0.006149464939702781
2026-09-19,wk inc covid prop ed visits,3,2026-10-10,45,quantile,0.9,0.006581014545976956
2026-09-19,wk inc covid prop ed visits,3,2026-10-10,45,quantile,0.95,0.007432777744375202
2026-09-19,wk inc covid prop ed visits,3,2026-10-10,45,quantile,0.975,0.008210139457016154
2026-09-19,wk inc covid prop ed visits,3,2026-10-10,45,quantile,0.99,0.009173183613642855
2026-09-19,wk inc covid prop ed visits,3,2026-10-10,46,quantile,0.01,4.083043733040115e-4
2026-09-19,wk inc covid prop ed visits,3,2026-10-10,46,quantile,0.025,5.155869239336583e-4
2026-09-19,wk inc covid prop ed visits,3,2026-10-10,46,quantile,0.05,6.1056666727553e-4
2026-09-19,wk inc covid prop ed visits,3,2026-10-10,46,quantile,0.1,7.106726901406385e-4
2026-09-19,wk inc covid prop ed visits,3,2026-10-10,46,quantile,0.15,7.973516826803387e-4
2026-09-19,wk inc covid prop ed visits,3,2026-10-10,46,quantile,0.2,8.827713299754498e-4
2026-09-19,wk inc covid prop ed visits,3,2026-10-10,46,quantile,0.25,9.520126134479689e-4
2026-09-19,wk inc covid prop ed visits,3,2026-10-10,46,quantile,0.3,0.0010122644036322356
2026-09-19,wk inc covid prop ed visits,3,2026-10-10,46,quantile,0.35,0.0010717725931650853
2026-09-19,wk inc covid prop ed visits,3,2026-10-10,46,quantile,0.4,0.0011278963960815798
2026-09-19,wk inc covid prop ed visits,3,2026-10-10,46,quantile,0.45,0.001190958374196391
2026-09-19,wk inc covid prop ed visits,3,2026-10-10,46,quantile,0.5,0.0012507547986022756
2026-09-19,wk inc covid prop ed visits,3,2026-10-10,46,quantile,0.55,0.001318570916612798
2026-09-19,wk inc covid prop ed visits,3,2026-10-10,46,quantile,0.6,0.001391199522271298
2026-09-19,wk inc covid prop ed visits,3,2026-10-10,46,quantile,0.65,0.0014588325634416958
2026-09-19,wk inc covid prop ed visits,3,2026-10-10,46,quantile,0.7,0.00154677836664605
2026-09-19,wk inc covid prop ed visits,3,2026-10-10,46,quantile,0.75,0.0016413880052113662
2026-09-19,wk inc covid prop ed visits,3,2026-10-10,46,quantile,0.8,0.001754649027211873
2026-09-19,wk inc covid prop ed visits,3,2026-10-10,46,quantile,0.85,0.001878889147091355
2026-09-19,wk inc covid prop ed visits,3,2026-10-10,46,quantile,0.9,0.0020493644577313317
2026-09-19,wk inc covid prop ed visits,3,2026-10-10,46,quantile,0.95,0.002320502067364229
2026-09-19,wk inc covid prop ed visits,3,2026-10-10,46,quantile,0.975,0.0026143992644629666
2026-09-19,wk inc covid prop ed visits,3,2026-10-10,46,quantile,0.99,0.0029339828707753836
2026-09-19,wk inc covid prop ed visits,3,2026-10-10,47,quantile,0.01,0.0013858237172818242
2026-09-19,wk inc covid prop ed visits,3,2026-10-10,47,quantile,0.025,0.0016646482130702907
2026-09-19,wk inc covid prop ed visits,3,2026-10-10,47,quantile,0.05,0.0018853029705630231
2026-09-19,wk inc covid prop ed visits,3,2026-10-10,47,quantile,0.1,0.0021487777922598403
2026-09-19,wk inc covid prop ed visits,3,2026-10-10,47,quantile,0.15,0.0023280354995981133
2026-09-19,wk inc covid prop ed visits,3,2026-10-10,47,quantile,0.2,0.0025028459102999275
2026-09-19,wk inc covid prop ed visits,3,2026-10-10,47,quantile,0.25,0.0026507961597357875
2026-09-19,wk inc covid prop ed visits,3,2026-10-10,47,quantile,0.3,0.002783254747827316
2026-09-19,wk inc covid prop ed visits,3,2026-10-10,47,quantile,0.35,0.0029209087649149077
2026-09-19,wk inc covid prop ed visits,3,2026-10-10,47,quantile,0.4,0.0030506004706926187
2026-09-19,wk inc covid prop ed visits,3,2026-10-10,47,quantile,0.45,0.003186345697483429
2026-09-19,wk inc covid prop ed visits,3,2026-10-10,47,quantile,0.5,0.003331498967420682
2026-09-19,wk inc covid prop ed visits,3,2026-10-10,47,quantile,0.55,0.0034794984157163226
2026-09-19,wk inc covid prop ed visits,3,2026-10-10,47,quantile,0.6,0.0036363296610195375
2026-09-19,wk inc covid prop ed visits,3,2026-10-10,47,quantile,0.65,0.0037979547253024484
2026-09-19,wk inc covid prop ed visits,3,2026-10-10,47,quantile,0.7,0.003967435932169415
2026-09-19,wk inc covid prop ed visits,3,2026-10-10,47,quantile,0.75,0.004147677001560946
2026-09-19,wk inc covid prop ed visits,3,2026-10-10,47,quantile,0.8,0.004346174856300942
2026-09-19,wk inc covid prop ed visits,3,2026-10-10,47,quantile,0.85,0.004611226820705778
2026-09-19,wk inc covid prop ed visits,3,2026-10-10,47,quantile,0.9,0.0049926464988518165
2026-09-19,wk inc covid prop ed visits,3,2026-10-10,47,quantile,0.95,0.005517679476353354
2026-09-19,wk inc covid prop ed visits,3,2026-10-10,47,quantile,0.975,0.00609082776359971
2026-09-19,wk inc covid prop ed visits,3,2026-10-10,47,quantile,0.99,0.006857760914789553
2026-09-19,wk inc covid prop ed visits,3,2026-10-10,48,quantile,0.01,0.0038550033966440293
2026-09-19,wk inc covid prop ed visits,3,2026-10-10,48,quantile,0.025,0.004351673303408645
2026-09-19,wk inc covid prop ed visits,3,2026-10-10,48,quantile,0.05,0.004743123794095281
2026-09-19,wk inc covid prop ed visits,3,2026-10-10,48,quantile,0.1,0.005293802166305634
2026-09-19,wk inc covid prop ed visits,3,2026-10-10,48,quantile,0.15,0.005684278184286122
2026-09-19,wk inc covid prop ed visits,3,2026-10-10,48,quantile,0.2,0.006038136156690976
2026-09-19,wk inc covid prop ed visits,3,2026-10-10,48,quantile,0.25,0.006369213538242431
2026-09-19,wk inc covid prop ed visits,3,2026-10-10,48,quantile,0.3,0.006674394674443776
2026-09-19,wk inc covid prop ed visits,3,2026-10-10,48,quantile,0.35,0.006998811964773468
2026-09-19,wk inc covid prop ed visits,3,2026-10-10,48,quantile,0.4,0.007284383998929686
2026-09-19,wk inc covid prop ed visits,3,2026-10-10,48,quantile,0.45,0.007546915740231175
2026-09-19,wk inc covid prop ed visits,3,2026-10-10,48,quantile,0.5,0.00781694366234875
2026-09-19,wk inc covid prop ed visits,3,2026-10-10,48,quantile,0.55,0.008111294736125662
2026-09-19,wk inc covid prop ed visits,3,2026-10-10,48,quantile,0.6,0.008463855651225746
2026-09-19,wk inc covid prop ed visits,3,2026-10-10,48,quantile,0.65,0.008848265516728009
2026-09-19,wk inc covid prop ed visits,3,2026-10-10,48,quantile,0.7,0.00922217081966528
2026-09-19,wk inc covid prop ed visits,3,2026-10-10,48,quantile,0.75,0.009658334934641407
2026-09-19,wk inc covid prop ed visits,3,2026-10-10,48,quantile,0.8,0.010133402150609039
2026-09-19,wk inc covid prop ed visits,3,2026-10-10,48,quantile,0.85,0.010726476722267946
2026-09-19,wk inc covid prop ed visits,3,2026-10-10,48,quantile,0.9,0.011565256133822619
2026-09-19,wk inc covid prop ed visits,3,2026-10-10,48,quantile,0.95,0.012812452461811615
2026-09-19,wk inc covid prop ed visits,3,2026-10-10,48,quantile,0.975,0.013930023812390422
2026-09-19,wk inc covid prop ed visits,3,2026-10-10,48,quantile,0.99,0.015471816476851872
2026-09-19,wk inc covid prop ed visits,3,2026-10-10,49,quantile,0.01,7.472276071823812e-4
2026-09-19,wk inc covid prop ed visits,3,2026-10-10,49,quantile,0.025,8.827349301439376e-4
2026-09-19,wk inc covid prop ed visits,3,2026-10-10,49,quantile,0.05,0.001011903752722014
2026-09-19,wk inc covid prop ed visits,3,2026-10-10,49,quantile,0.1,0.0011734987469371727
2026-09-19,wk inc covid prop ed visits,3,2026-10-10,49,quantile,0.15,0.0013154504547898418
2026-09-19,wk inc covid prop ed visits,3,2026-10-10,49,quantile,0.2,0.001429261039393966
2026-09-19,wk inc covid prop ed visits,3,2026-10-10,49,quantile,0.25,0.0015185278792732783
2026-09-19,wk inc covid prop ed visits,3,2026-10-10,49,quantile,0.3,0.0016073111669321271
2026-09-19,wk inc covid prop ed visits,3,2026-10-10,49,quantile,0.35,0.001700429773318564
2026-09-19,wk inc covid prop ed visits,3,2026-10-10,49,quantile,0.4,0.0017848679694878028
2026-09-19,wk inc covid prop ed visits,3,2026-10-10,49,quantile,0.45,0.0018720404893733953
2026-09-19,wk inc covid prop ed visits,3,2026-10-10,49,quantile,0.5,0.0019687614442887857
2026-09-19,wk inc covid prop ed visits,3,2026-10-10,49,quantile,0.55,0.002050607387674217
2026-09-19,wk inc covid prop ed visits,3,2026-10-10,49,quantile,0.6,0.0021537767474974745
2026-09-19,wk inc covid prop ed visits,3,2026-10-10,49,quantile,0.65,0.0022600891280824707
2026-09-19,wk inc covid prop ed visits,3,2026-10-10,49,quantile,0.7,0.0023732201103950335
2026-09-19,wk inc covid prop ed visits,3,2026-10-10,49,quantile,0.75,0.002489308850089631
2026-09-19,wk inc covid prop ed visits,3,2026-10-10,49,quantile,0.8,0.0026430452505556987
2026-09-19,wk inc covid prop ed visits,3,2026-10-10,49,quantile,0.85,0.0028282147712870016
2026-09-19,wk inc covid prop ed visits,3,2026-10-10,49,quantile,0.9,0.0030650236911135102
2026-09-19,wk inc covid prop ed visits,3,2026-10-10,49,quantile,0.95,0.003459767112529896
2026-09-19,wk inc covid prop ed visits,3,2026-10-10,49,quantile,0.975,0.003805270752538622
2026-09-19,wk inc covid prop ed visits,3,2026-10-10,49,quantile,0.99,0.004251600886386078
2026-09-19,wk inc covid prop ed visits,3,2026-10-10,50,quantile,0.01,3.730203735888562e-4
2026-09-19,wk inc covid prop ed visits,3,2026-10-10,50,quantile,0.025,4.5693686653811656e-4
2026-09-19,wk inc covid prop ed visits,3,2026-10-10,50,quantile,0.05,5.4313999584826e-4
2026-09-19,wk inc covid prop ed visits,3,2026-10-10,50,quantile,0.1,6.691509186534145e-4
2026-09-19,wk inc covid prop ed visits,3,2026-10-10,50,quantile,0.15,7.50347444488867e-4
2026-09-19,wk inc covid prop ed visits,3,2026-10-10,50,quantile,0.2,8.3216228388646e-4
2026-09-19,wk inc covid prop ed visits,3,2026-10-10,50,quantile,0.25,8.98673257339572e-4
2026-09-19,wk inc covid prop ed visits,3,2026-10-10,50,quantile,0.3,9.531430922414622e-4
2026-09-19,wk inc covid prop ed visits,3,2026-10-10,50,quantile,0.35,0.0010140453366476807
2026-09-19,wk inc covid prop ed visits,3,2026-10-10,50,quantile,0.4,0.0010678869034407977
2026-09-19,wk inc covid prop ed visits,3,2026-10-10,50,quantile,0.45,0.0011269738395139669
2026-09-19,wk inc covid prop ed visits,3,2026-10-10,50,quantile,0.5,0.0011887063306624053
2026-09-19,wk inc covid prop ed visits,3,2026-10-10,50,quantile,0.55,0.0012466715278896627
2026-09-19,wk inc covid prop ed visits,3,2026-10-10,50,quantile,0.6,0.0013097419681470325
2026-09-19,wk inc covid prop ed visits,3,2026-10-10,50,quantile,0.65,0.001385924174136785
2026-09-19,wk inc covid prop ed visits,3,2026-10-10,50,quantile,0.7,0.0014668694378294862
2026-09-19,wk inc covid prop ed visits,3,2026-10-10,50,quantile,0.75,0.0015509780943245162
2026-09-19,wk inc covid prop ed visits,3,2026-10-10,50,quantile,0.8,0.0016383469803288684
2026-09-19,wk inc covid prop ed visits,3,2026-10-10,50,quantile,0.85,0.001766168350854146
2026-09-19,wk inc covid prop ed visits,3,2026-10-10,50,quantile,0.9,0.001930102184063584
2026-09-19,wk inc covid prop ed visits,3,2026-10-10,50,quantile,0.95,0.00217468588860031
2026-09-19,wk inc covid prop ed visits,3,2026-10-10,50,quantile,0.975,0.0024215701712945134
2026-09-19,wk inc covid prop ed visits,3,2026-10-10,50,quantile,0.99,0.0027344641858996596
2026-09-19,wk inc covid prop ed visits,3,2026-10-10,51,quantile,0.01,0.0013834543937630208
2026-09-19,wk inc covid prop ed visits,3,2026-10-10,51,quantile,0.025,0.001590434403949705
2026-09-19,wk inc covid prop ed visits,3,2026-10-10,51,quantile,0.05,0.0018155715970115253
2026-09-19,wk inc covid prop ed visits,3,2026-10-10,51,quantile,0.1,0.002086785275166386
2026-09-19,wk inc covid prop ed visits,3,2026-10-10,51,quantile,0.15,0.002284327819677351
2026-09-19,wk inc covid prop ed visits,3,2026-10-10,51,quantile,0.2,0.0024467787638002766
2026-09-19,wk inc covid prop ed visits,3,2026-10-10,51,quantile,0.25,0.002610762262542142
2026-09-19,wk inc covid prop ed visits,3,2026-10-10,51,quantile,0.3,0.002746007846679032
2026-09-19,wk inc covid prop ed visits,3,2026-10-10,51,quantile,0.35,0.0028740707590505176
2026-09-19,wk inc covid prop ed visits,3,2026-10-10,51,quantile,0.4,0.0030058634051087964
2026-09-19,wk inc covid prop ed visits,3,2026-10-10,51,quantile,0.45,0.0031558638158212995
2026-09-19,wk inc covid prop ed visits,3,2026-10-10,51,quantile,0.5,0.0032809666603660164
2026-09-19,wk inc covid prop ed visits,3,2026-10-10,51,quantile,0.55,0.003418603314138447
2026-09-19,wk inc covid prop ed visits,3,2026-10-10,51,quantile,0.6,0.0035582022424158945
2026-09-19,wk inc covid prop ed visits,3,2026-10-10,51,quantile,0.65,0.0037140663542503953
2026-09-19,wk inc covid prop ed visits,3,2026-10-10,51,quantile,0.7,0.003891856602011616
2026-09-19,wk inc covid prop ed visits,3,2026-10-10,51,quantile,0.75,0.004061949906894932
2026-09-19,wk inc covid prop ed visits,3,2026-10-10,51,quantile,0.8,0.004268662977436173
2026-09-19,wk inc covid prop ed visits,3,2026-10-10,51,quantile,0.85,0.00453904629600082
2026-09-19,wk inc covid prop ed visits,3,2026-10-10,51,quantile,0.9,0.0049205681870072016
2026-09-19,wk inc covid prop ed visits,3,2026-10-10,51,quantile,0.95,0.005489134130396894
2026-09-19,wk inc covid prop ed visits,3,2026-10-10,51,quantile,0.975,0.00606232672691855
2026-09-19,wk inc covid prop ed visits,3,2026-10-10,51,quantile,0.99,0.0066963096768476
2026-09-19,wk inc covid prop ed visits,3,2026-10-10,53,quantile,0.01,0.0021387836045436456
2026-09-19,wk inc covid prop ed visits,3,2026-10-10,53,quantile,0.025,0.0024469895352337632
2026-09-19,wk inc covid prop ed visits,3,2026-10-10,53,quantile,0.05,0.0027062740694048736
2026-09-19,wk inc covid prop ed visits,3,2026-10-10,53,quantile,0.1,0.0030601695875451442
2026-09-19,wk inc covid prop ed visits,3,2026-10-10,53,quantile,0.15,0.003350350983466407
2026-09-19,wk inc covid prop ed visits,3,2026-10-10,53,quantile,0.2,0.003594363530579503
2026-09-19,wk inc covid prop ed visits,3,2026-10-10,53,quantile,0.25,0.0037968187103618396
2026-09-19,wk inc covid prop ed visits,3,2026-10-10,53,quantile,0.3,0.003980538797410418
2026-09-19,wk inc covid prop ed visits,3,2026-10-10,53,quantile,0.35,0.004161471745488793
2026-09-19,wk inc covid prop ed visits,3,2026-10-10,53,quantile,0.4,0.004340680245185566
2026-09-19,wk inc covid prop ed visits,3,2026-10-10,53,quantile,0.45,0.00451028176029239
2026-09-19,wk inc covid prop ed visits,3,2026-10-10,53,quantile,0.5,0.004690363810619703
2026-09-19,wk inc covid prop ed visits,3,2026-10-10,53,quantile,0.55,0.004874488944445908
2026-09-19,wk inc covid prop ed visits,3,2026-10-10,53,quantile,0.6,0.005081476675547249
2026-09-19,wk inc covid prop ed visits,3,2026-10-10,53,quantile,0.65,0.005298133772189437
2026-09-19,wk inc covid prop ed visits,3,2026-10-10,53,quantile,0.7,0.005520645587970503
2026-09-19,wk inc covid prop ed visits,3,2026-10-10,53,quantile,0.75,0.005770813995025692
2026-09-19,wk inc covid prop ed visits,3,2026-10-10,53,quantile,0.8,0.006113951177009928
2026-09-19,wk inc covid prop ed visits,3,2026-10-10,53,quantile,0.85,0.00648648398508863
2026-09-19,wk inc covid prop ed visits,3,2026-10-10,53,quantile,0.9,0.006978513715067733
2026-09-19,wk inc covid prop ed visits,3,2026-10-10,53,quantile,0.95,0.007804037687589524
2026-09-19,wk inc covid prop ed visits,3,2026-10-10,53,quantile,0.975,0.008682345142049108
2026-09-19,wk inc covid prop ed visits,3,2026-10-10,53,quantile,0.99,0.009663317768154359
2026-09-19,wk inc covid prop ed visits,3,2026-10-10,54,quantile,0.01,6.119811436612877e-4
2026-09-19,wk inc covid prop ed visits,3,2026-10-10,54,quantile,0.025,7.559514104432986e-4
2026-09-19,wk inc covid prop ed visits,3,2026-10-10,54,quantile,0.05,8.585970324883089e-4
2026-09-19,wk inc covid prop ed visits,3,2026-10-10,54,quantile,0.1,0.0010131141746357426
2026-09-19,wk inc covid prop ed visits,3,2026-10-10,54,quantile,0.15,0.001123705635694403
2026-09-19,wk inc covid prop ed visits,3,2026-10-10,54,quantile,0.2,0.0012284786819197154
2026-09-19,wk inc covid prop ed visits,3,2026-10-10,54,quantile,0.25,0.00131776506149068
2026-09-19,wk inc covid prop ed visits,3,2026-10-10,54,quantile,0.3,0.001402214648482105
2026-09-19,wk inc covid prop ed visits,3,2026-10-10,54,quantile,0.35,0.001485495378040724
2026-09-19,wk inc covid prop ed visits,3,2026-10-10,54,quantile,0.4,0.0015661668438783755
2026-09-19,wk inc covid prop ed visits,3,2026-10-10,54,quantile,0.45,0.0016420666097229837
2026-09-19,wk inc covid prop ed visits,3,2026-10-10,54,quantile,0.5,0.001724830830334965
2026-09-19,wk inc covid prop ed visits,3,2026-10-10,54,quantile,0.55,0.0018056941114840195
2026-09-19,wk inc covid prop ed visits,3,2026-10-10,54,quantile,0.6,0.0018931136447030313
2026-09-19,wk inc covid prop ed visits,3,2026-10-10,54,quantile,0.65,0.0019787493152096515
2026-09-19,wk inc covid prop ed visits,3,2026-10-10,54,quantile,0.7,0.0020775414031113043
2026-09-19,wk inc covid prop ed visits,3,2026-10-10,54,quantile,0.75,0.002189736725269016
2026-09-19,wk inc covid prop ed visits,3,2026-10-10,54,quantile,0.8,0.002317794575326925
2026-09-19,wk inc covid prop ed visits,3,2026-10-10,54,quantile,0.85,0.0024894096155279933
2026-09-19,wk inc covid prop ed visits,3,2026-10-10,54,quantile,0.9,0.002696576793740973
2026-09-19,wk inc covid prop ed visits,3,2026-10-10,54,quantile,0.95,0.003032994254308013
2026-09-19,wk inc covid prop ed visits,3,2026-10-10,54,quantile,0.975,0.0033962700920081206
2026-09-19,wk inc covid prop ed visits,3,2026-10-10,54,quantile,0.99,0.0037939623845776953
2026-09-19,wk inc covid prop ed visits,3,2026-10-10,55,quantile,0.01,2.792544898895827e-4
2026-09-19,wk inc covid prop ed visits,3,2026-10-10,55,quantile,0.025,3.6012509524863844e-4
2026-09-19,wk inc covid prop ed visits,3,2026-10-10,55,quantile,0.05,4.30946007785585e-4
2026-09-19,wk inc covid prop ed visits,3,2026-10-10,55,quantile,0.1,5.186290020057968e-4
2026-09-19,wk inc covid prop ed visits,3,2026-10-10,55,quantile,0.15,5.880824270694602e-4
2026-09-19,wk inc covid prop ed visits,3,2026-10-10,55,quantile,0.2,6.509551244186038e-4
2026-09-19,wk inc covid prop ed visits,3,2026-10-10,55,quantile,0.25,7.071480590305729e-4
2026-09-19,wk inc covid prop ed visits,3,2026-10-10,55,quantile,0.3,7.62599455582727e-4
2026-09-19,wk inc covid prop ed visits,3,2026-10-10,55,quantile,0.35,8.179075625550346e-4
2026-09-19,wk inc covid prop ed visits,3,2026-10-10,55,quantile,0.4,8.686591498979595e-4
2026-09-19,wk inc covid prop ed visits,3,2026-10-10,55,quantile,0.45,9.206227042532779e-4
2026-09-19,wk inc covid prop ed visits,3,2026-10-10,55,quantile,0.5,9.736235132959115e-4
2026-09-19,wk inc covid prop ed visits,3,2026-10-10,55,quantile,0.55,0.001024637571048736
2026-09-19,wk inc covid prop ed visits,3,2026-10-10,55,quantile,0.6,0.0010769758073661466
2026-09-19,wk inc covid prop ed visits,3,2026-10-10,55,quantile,0.65,0.0011351309429296376
2026-09-19,wk inc covid prop ed visits,3,2026-10-10,55,quantile,0.7,0.0011983162911448518
2026-09-19,wk inc covid prop ed visits,3,2026-10-10,55,quantile,0.75,0.0012729323957533885
2026-09-19,wk inc covid prop ed visits,3,2026-10-10,55,quantile,0.8,0.0013631112748329899
2026-09-19,wk inc covid prop ed visits,3,2026-10-10,55,quantile,0.85,0.001469098294632497
2026-09-19,wk inc covid prop ed visits,3,2026-10-10,55,quantile,0.9,0.0016115309464266067
2026-09-19,wk inc covid prop ed visits,3,2026-10-10,55,quantile,0.95,0.0018274007930919438
2026-09-19,wk inc covid prop ed visits,3,2026-10-10,55,quantile,0.975,0.0020755430965918756
2026-09-19,wk inc covid prop ed visits,3,2026-10-10,55,quantile,0.99,0.0023649437883219325
2026-09-19,wk inc covid prop ed visits,3,2026-10-10,US,quantile,0.01,0.0016044549374979184
2026-09-19,wk inc covid prop ed visits,3,2026-10-10,US,quantile,0.025,0.001884299639166094
2026-09-19,wk inc covid prop ed visits,3,2026-10-10,US,quantile,0.05,0.0021122572840061487
2026-09-19,wk inc covid prop ed visits,3,2026-10-10,US,quantile,0.1,0.002400326609282578
2026-09-19,wk inc covid prop ed visits,3,2026-10-10,US,quantile,0.15,0.002632191643577095
2026-09-19,wk inc covid prop ed visits,3,2026-10-10,US,quantile,0.2,0.0028261439378620985
2026-09-19,wk inc covid prop ed visits,3,2026-10-10,US,quantile,0.25,0.0029950909196855002
2026-09-19,wk inc covid prop ed visits,3,2026-10-10,US,quantile,0.3,0.00314142659857403
2026-09-19,wk inc covid prop ed visits,3,2026-10-10,US,quantile,0.35,0.003286662573877163
2026-09-19,wk inc covid prop ed visits,3,2026-10-10,US,quantile,0.4,0.0034100447128422875
2026-09-19,wk inc covid prop ed visits,3,2026-10-10,US,quantile,0.45,0.003567803259505907
2026-09-19,wk inc covid prop ed visits,3,2026-10-10,US,quantile,0.5,0.0037315672808666423
2026-09-19,wk inc covid prop ed visits,3,2026-10-10,US,quantile,0.55,0.00389819844318656
2026-09-19,wk inc covid prop ed visits,3,2026-10-10,US,quantile,0.6,0.0040771217253951445
2026-09-19,wk inc covid prop ed visits,3,2026-10-10,US,quantile,0.65,0.004243357675592118
2026-09-19,wk inc covid prop ed visits,3,2026-10-10,US,quantile,0.7,0.004441523869432957
2026-09-19,wk inc covid prop ed visits,3,2026-10-10,US,quantile,0.75,0.004648690144563982
2026-09-19,wk inc covid prop ed visits,3,2026-10-10,US,quantile,0.8,0.004872193649667559
2026-09-19,wk inc covid prop ed visits,3,2026-10-10,US,quantile,0.85,0.005169356682232222
2026-09-19,wk inc covid prop ed visits,3,2026-10-10,US,quantile,0.9,0.005609119229127895
2026-09-19,wk inc covid prop ed visits,3,2026-10-10,US,quantile,0.95,0.006331031497193659
2026-09-19,wk inc covid prop ed visits,3,2026-10-10,US,quantile,0.975,0.0070576231492152286
2026-09-19,wk inc covid prop ed visits,3,2026-10-10,US,quantile,0.99,0.007841696726389178
