reference_date,horizon,target,target_end_date,location,output_type,output_type_id,value
2026-10-03,0,wk inc covid hosp,2026-10-03,01,quantile,0.01,65.08251677496658
2026-10-03,0,wk inc covid hosp,2026-10-03,01,quantile,0.025,65.55416666577342
2026-10-03,0,wk inc covid hosp,2026-10-03,01,quantile,0.05,67.65583584333616
2026-10-03,0,wk inc covid hosp,2026-10-03,01,quantile,0.1,70.48434772539098
2026-10-03,0,wk inc covid hosp,2026-10-03,01,quantile,0.15,75.34915214268364
2026-10-03,0,wk inc covid hosp,2026-10-03,01,quantile,0.2,84.37341074439627
2026-10-03,0,wk inc covid hosp,2026-10-03,01,quantile,0.25,87.69004058680869
2026-10-03,0,wk inc covid hosp,2026-10-03,01,quantile,0.3,91.78569364711517
2026-10-03,0,wk inc covid hosp,2026-10-03,01,quantile,0.35,94.46656792011404
2026-10-03,0,wk inc covid hosp,2026-10-03,01,quantile,0.4,95.9863033869812
2026-10-03,0,wk inc covid hosp,2026-10-03,01,quantile,0.45,97.582823126374
2026-10-03,0,wk inc covid hosp,2026-10-03,01,quantile,0.5,98.91083379280172
2026-10-03,0,wk inc covid hosp,2026-10-03,01,quantile,0.55,100.5959414870176
2026-10-03,0,wk inc covid hosp,2026-10-03,01,quantile,0.6,101.59214737988371
2026-10-03,0,wk inc covid hosp,2026-10-03,01,quantile,0.65,104.16203267935438
2026-10-03,0,wk inc covid hosp,2026-10-03,01,quantile,0.7,110.9106063480817
2026-10-03,0,wk inc covid hosp,2026-10-03,01,quantile,0.75,112.51632315227855
2026-10-03,0,wk inc covid hosp,2026-10-03,01,quantile,0.8,114.81772703395458
2026-10-03,0,wk inc covid hosp,2026-10-03,01,quantile,0.85,119.28270509037871
2026-10-03,0,wk inc covid hosp,2026-10-03,01,quantile,0.9,124.18288929793249
2026-10-03,0,wk inc covid hosp,2026-10-03,01,quantile,0.95,127.23073492271348
2026-10-03,0,wk inc covid hosp,2026-10-03,01,quantile,0.975,131.61174674069878
2026-10-03,0,wk inc covid hosp,2026-10-03,01,quantile,0.99,136.42589626008015
2026-10-03,0,wk inc covid hosp,2026-10-03,02,quantile,0.01,0.0
2026-10-03,0,wk inc covid hosp,2026-10-03,02,quantile,0.025,0.0
2026-10-03,0,wk inc covid hosp,2026-10-03,02,quantile,0.05,0.0
2026-10-03,0,wk inc covid hosp,2026-10-03,02,quantile,0.1,0.02153070034526208
2026-10-03,0,wk inc covid hosp,2026-10-03,02,quantile,0.15,0.04971894391973292
2026-10-03,0,wk inc covid hosp,2026-10-03,02,quantile,0.2,0.4116910643577397
2026-10-03,0,wk inc covid hosp,2026-10-03,02,quantile,0.25,0.4705558211074967
2026-10-03,0,wk inc covid hosp,2026-10-03,02,quantile,0.3,0.6505903982320127
2026-10-03,0,wk inc covid hosp,2026-10-03,02,quantile,0.35,0.9190814246529782
2026-10-03,0,wk inc covid hosp,2026-10-03,02,quantile,0.4,1.0300772349879022
2026-10-03,0,wk inc covid hosp,2026-10-03,02,quantile,0.45,1.0994771063904976
2026-10-03,0,wk inc covid hosp,2026-10-03,02,quantile,0.5,1.28734813274317
2026-10-03,0,wk inc covid hosp,2026-10-03,02,quantile,0.55,1.4153207449134682
2026-10-03,0,wk inc covid hosp,2026-10-03,02,quantile,0.6,1.5425286093921904
2026-10-03,0,wk inc covid hosp,2026-10-03,02,quantile,0.65,1.62991945911413
2026-10-03,0,wk inc covid hosp,2026-10-03,02,quantile,0.7,1.9385510263619556
2026-10-03,0,wk inc covid hosp,2026-10-03,02,quantile,0.75,2.3937506340120995
2026-10-03,0,wk inc covid hosp,2026-10-03,02,quantile,0.8,2.7450274928486316
2026-10-03,0,wk inc covid hosp,2026-10-03,02,quantile,0.85,3.206726784907173
2026-10-03,0,wk inc covid hosp,2026-10-03,02,quantile,0.9,3.376168140053311
2026-10-03,0,wk inc covid hosp,2026-10-03,02,quantile,0.95,4.049159879103472
2026-10-03,0,wk inc covid hosp,2026-10-03,02,quantile,0.975,4.466358119162273
2026-10-03,0,wk inc covid hosp,2026-10-03,02,quantile,0.99,4.770817337896846
2026-10-03,0,wk inc covid hosp,2026-10-03,04,quantile,0.01,22.411431675378807
2026-10-03,0,wk inc covid hosp,2026-10-03,04,quantile,0.025,45.46358794387808
2026-10-03,0,wk inc covid hosp,2026-10-03,04,quantile,0.05,49.559990539685145
2026-10-03,0,wk inc covid hosp,2026-10-03,04,quantile,0.1,52.32385284243939
2026-10-03,0,wk inc covid hosp,2026-10-03,04,quantile,0.15,53.87754182620097
2026-10-03,0,wk inc covid hosp,2026-10-03,04,quantile,0.2,56.123615433239095
2026-10-03,0,wk inc covid hosp,2026-10-03,04,quantile,0.25,58.57330672456094
2026-10-03,0,wk inc covid hosp,2026-10-03,04,quantile,0.3,61.9052666860295
2026-10-03,0,wk inc covid hosp,2026-10-03,04,quantile,0.35,64.17338407334049
2026-10-03,0,wk inc covid hosp,2026-10-03,04,quantile,0.4,65.16901027618177
2026-10-03,0,wk inc covid hosp,2026-10-03,04,quantile,0.45,65.65615268111458
2026-10-03,0,wk inc covid hosp,2026-10-03,04,quantile,0.5,66.70088504313465
2026-10-03,0,wk inc covid hosp,2026-10-03,04,quantile,0.55,68.73245509631597
2026-10-03,0,wk inc covid hosp,2026-10-03,04,quantile,0.6,70.40080636821155
2026-10-03,0,wk inc covid hosp,2026-10-03,04,quantile,0.65,74.7484562246555
2026-10-03,0,wk inc covid hosp,2026-10-03,04,quantile,0.7,77.79738105373194
2026-10-03,0,wk inc covid hosp,2026-10-03,04,quantile,0.75,79.0576987381903
2026-10-03,0,wk inc covid hosp,2026-10-03,04,quantile,0.8,81.2424647642323
2026-10-03,0,wk inc covid hosp,2026-10-03,04,quantile,0.85,81.72046649520988
2026-10-03,0,wk inc covid hosp,2026-10-03,04,quantile,0.9,82.15489943981233
2026-10-03,0,wk inc covid hosp,2026-10-03,04,quantile,0.95,86.67012910018447
2026-10-03,0,wk inc covid hosp,2026-10-03,04,quantile,0.975,104.08124507159266
2026-10-03,0,wk inc covid hosp,2026-10-03,04,quantile,0.99,243.01692144841235
2026-10-03,0,wk inc covid hosp,2026-10-03,05,quantile,0.01,1.8407056840189921
2026-10-03,0,wk inc covid hosp,2026-10-03,05,quantile,0.025,5.1673771866626605
2026-10-03,0,wk inc covid hosp,2026-10-03,05,quantile,0.05,8.76436599979993
2026-10-03,0,wk inc covid hosp,2026-10-03,05,quantile,0.1,11.495842842708297
2026-10-03,0,wk inc covid hosp,2026-10-03,05,quantile,0.15,12.631065886098934
2026-10-03,0,wk inc covid hosp,2026-10-03,05,quantile,0.2,13.288689139467257
2026-10-03,0,wk inc covid hosp,2026-10-03,05,quantile,0.25,15.649033982715904
2026-10-03,0,wk inc covid hosp,2026-10-03,05,quantile,0.3,16.97288791146197
2026-10-03,0,wk inc covid hosp,2026-10-03,05,quantile,0.35,17.54565574841412
2026-10-03,0,wk inc covid hosp,2026-10-03,05,quantile,0.4,18.997256876817406
2026-10-03,0,wk inc covid hosp,2026-10-03,05,quantile,0.45,19.285194691521053
2026-10-03,0,wk inc covid hosp,2026-10-03,05,quantile,0.5,20.018927652895172
2026-10-03,0,wk inc covid hosp,2026-10-03,05,quantile,0.55,20.1792738486604
2026-10-03,0,wk inc covid hosp,2026-10-03,05,quantile,0.6,20.553391673704315
2026-10-03,0,wk inc covid hosp,2026-10-03,05,quantile,0.65,21.84538516150016
2026-10-03,0,wk inc covid hosp,2026-10-03,05,quantile,0.7,22.249222323154825
2026-10-03,0,wk inc covid hosp,2026-10-03,05,quantile,0.75,23.921817586454253
2026-10-03,0,wk inc covid hosp,2026-10-03,05,quantile,0.8,25.461903989902222
2026-10-03,0,wk inc covid hosp,2026-10-03,05,quantile,0.85,26.2167875134259
2026-10-03,0,wk inc covid hosp,2026-10-03,05,quantile,0.9,28.288613168788903
2026-10-03,0,wk inc covid hosp,2026-10-03,05,quantile,0.95,31.205802226589434
2026-10-03,0,wk inc covid hosp,2026-10-03,05,quantile,0.975,33.07295378546853
2026-10-03,0,wk inc covid hosp,2026-10-03,05,quantile,0.99,36.85107947573749
2026-10-03,0,wk inc covid hosp,2026-10-03,06,quantile,0.01,709.7320149338836
2026-10-03,0,wk inc covid hosp,2026-10-03,06,quantile,0.025,773.9266299826554
2026-10-03,0,wk inc covid hosp,2026-10-03,06,quantile,0.05,794.5848997969649
2026-10-03,0,wk inc covid hosp,2026-10-03,06,quantile,0.1,811.496028388149
2026-10-03,0,wk inc covid hosp,2026-10-03,06,quantile,0.15,834.2657533097165
2026-10-03,0,wk inc covid hosp,2026-10-03,06,quantile,0.2,849.0326953054159
2026-10-03,0,wk inc covid hosp,2026-10-03,06,quantile,0.25,855.4333602923416
2026-10-03,0,wk inc covid hosp,2026-10-03,06,quantile,0.3,861.5534711623081
2026-10-03,0,wk inc covid hosp,2026-10-03,06,quantile,0.35,886.439498710115
2026-10-03,0,wk inc covid hosp,2026-10-03,06,quantile,0.4,902.2020852623466
2026-10-03,0,wk inc covid hosp,2026-10-03,06,quantile,0.45,906.6852117172801
2026-10-03,0,wk inc covid hosp,2026-10-03,06,quantile,0.5,911.5892279990783
2026-10-03,0,wk inc covid hosp,2026-10-03,06,quantile,0.55,923.590546812807
2026-10-03,0,wk inc covid hosp,2026-10-03,06,quantile,0.6,930.4858324476252
2026-10-03,0,wk inc covid hosp,2026-10-03,06,quantile,0.65,939.5447453297757
2026-10-03,0,wk inc covid hosp,2026-10-03,06,quantile,0.7,949.3884730867526
2026-10-03,0,wk inc covid hosp,2026-10-03,06,quantile,0.75,956.7036334031594
2026-10-03,0,wk inc covid hosp,2026-10-03,06,quantile,0.8,962.5710562995275
2026-10-03,0,wk inc covid hosp,2026-10-03,06,quantile,0.85,996.0092065658816
2026-10-03,0,wk inc covid hosp,2026-10-03,06,quantile,0.9,1017.5796137948189
2026-10-03,0,wk inc covid hosp,2026-10-03,06,quantile,0.95,1039.5732851056653
2026-10-03,0,wk inc covid hosp,2026-10-03,06,quantile,0.975,1055.6319780303484
2026-10-03,0,wk inc covid hosp,2026-10-03,06,quantile,0.99,1115.6672245101918
2026-10-03,0,wk inc covid hosp,2026-10-03,08,quantile,0.01,13.26419915604935
2026-10-03,0,wk inc covid hosp,2026-10-03,08,quantile,0.025,15.483313379943883
2026-10-03,0,wk inc covid hosp,2026-10-03,08,quantile,0.05,21.94128039914947
2026-10-03,0,wk inc covid hosp,2026-10-03,08,quantile,0.1,24.637435077503824
2026-10-03,0,wk inc covid hosp,2026-10-03,08,quantile,0.15,26.19600147325138
2026-10-03,0,wk inc covid hosp,2026-10-03,08,quantile,0.2,27.120206672472257
2026-10-03,0,wk inc covid hosp,2026-10-03,08,quantile,0.25,27.763819311002603
2026-10-03,0,wk inc covid hosp,2026-10-03,08,quantile,0.3,29.289198937287757
2026-10-03,0,wk inc covid hosp,2026-10-03,08,quantile,0.35,32.744507580699995
2026-10-03,0,wk inc covid hosp,2026-10-03,08,quantile,0.4,34.042860324699234
2026-10-03,0,wk inc covid hosp,2026-10-03,08,quantile,0.45,34.4155361612316
2026-10-03,0,wk inc covid hosp,2026-10-03,08,quantile,0.5,35.56050778867179
2026-10-03,0,wk inc covid hosp,2026-10-03,08,quantile,0.55,36.64689556323042
2026-10-03,0,wk inc covid hosp,2026-10-03,08,quantile,0.6,38.48849818846411
2026-10-03,0,wk inc covid hosp,2026-10-03,08,quantile,0.65,42.30829791189128
2026-10-03,0,wk inc covid hosp,2026-10-03,08,quantile,0.7,43.89258306691524
2026-10-03,0,wk inc covid hosp,2026-10-03,08,quantile,0.75,45.050899905776376
2026-10-03,0,wk inc covid hosp,2026-10-03,08,quantile,0.8,48.3656648359812
2026-10-03,0,wk inc covid hosp,2026-10-03,08,quantile,0.85,52.263447963441244
2026-10-03,0,wk inc covid hosp,2026-10-03,08,quantile,0.9,56.24152932007459
2026-10-03,0,wk inc covid hosp,2026-10-03,08,quantile,0.95,68.78335124805767
2026-10-03,0,wk inc covid hosp,2026-10-03,08,quantile,0.975,92.6735045621374
2026-10-03,0,wk inc covid hosp,2026-10-03,08,quantile,0.99,99.91969080800556
2026-10-03,0,wk inc covid hosp,2026-10-03,09,quantile,0.01,14.412887934448388
2026-10-03,0,wk inc covid hosp,2026-10-03,09,quantile,0.025,18.415480647308932
2026-10-03,0,wk inc covid hosp,2026-10-03,09,quantile,0.05,19.239390058861893
2026-10-03,0,wk inc covid hosp,2026-10-03,09,quantile,0.1,21.89470158695641
2026-10-03,0,wk inc covid hosp,2026-10-03,09,quantile,0.15,23.19430427704936
2026-10-03,0,wk inc covid hosp,2026-10-03,09,quantile,0.2,26.121340194890383
2026-10-03,0,wk inc covid hosp,2026-10-03,09,quantile,0.25,26.990817801713824
2026-10-03,0,wk inc covid hosp,2026-10-03,09,quantile,0.3,27.733078340939883
2026-10-03,0,wk inc covid hosp,2026-10-03,09,quantile,0.35,28.635855032262725
2026-10-03,0,wk inc covid hosp,2026-10-03,09,quantile,0.4,28.79544195970075
2026-10-03,0,wk inc covid hosp,2026-10-03,09,quantile,0.45,29.7300454381811
2026-10-03,0,wk inc covid hosp,2026-10-03,09,quantile,0.5,30.989455853474077
2026-10-03,0,wk inc covid hosp,2026-10-03,09,quantile,0.55,31.41481044065284
2026-10-03,0,wk inc covid hosp,2026-10-03,09,quantile,0.6,34.0744350902521
2026-10-03,0,wk inc covid hosp,2026-10-03,09,quantile,0.65,36.05268699861532
2026-10-03,0,wk inc covid hosp,2026-10-03,09,quantile,0.7,37.683237696062484
2026-10-03,0,wk inc covid hosp,2026-10-03,09,quantile,0.75,40.06445994273105
2026-10-03,0,wk inc covid hosp,2026-10-03,09,quantile,0.8,42.59170908467416
2026-10-03,0,wk inc covid hosp,2026-10-03,09,quantile,0.85,46.10238367236123
2026-10-03,0,wk inc covid hosp,2026-10-03,09,quantile,0.9,48.41325824452196
2026-10-03,0,wk inc covid hosp,2026-10-03,09,quantile,0.95,53.71791423339339
2026-10-03,0,wk inc covid hosp,2026-10-03,09,quantile,0.975,54.36386242561225
2026-10-03,0,wk inc covid hosp,2026-10-03,09,quantile,0.99,58.8208037946993
2026-10-03,0,wk inc covid hosp,2026-10-03,10,quantile,0.01,4.573218923269248
2026-10-03,0,wk inc covid hosp,2026-10-03,10,quantile,0.025,6.329521416641418
2026-10-03,0,wk inc covid hosp,2026-10-03,10,quantile,0.05,6.696304192992097
2026-10-03,0,wk inc covid hosp,2026-10-03,10,quantile,0.1,7.905976674047798
2026-10-03,0,wk inc covid hosp,2026-10-03,10,quantile,0.15,8.964644664685144
2026-10-03,0,wk inc covid hosp,2026-10-03,10,quantile,0.2,9.90378918935873
2026-10-03,0,wk inc covid hosp,2026-10-03,10,quantile,0.25,10.9394722786048
2026-10-03,0,wk inc covid hosp,2026-10-03,10,quantile,0.3,11.684777244251137
2026-10-03,0,wk inc covid hosp,2026-10-03,10,quantile,0.35,12.080895151006224
2026-10-03,0,wk inc covid hosp,2026-10-03,10,quantile,0.4,13.10061654607285
2026-10-03,0,wk inc covid hosp,2026-10-03,10,quantile,0.45,13.937477318706252
2026-10-03,0,wk inc covid hosp,2026-10-03,10,quantile,0.5,14.988319252795906
2026-10-03,0,wk inc covid hosp,2026-10-03,10,quantile,0.55,15.718612654509808
2026-10-03,0,wk inc covid hosp,2026-10-03,10,quantile,0.6,16.107246717836816
2026-10-03,0,wk inc covid hosp,2026-10-03,10,quantile,0.65,16.802084814799997
2026-10-03,0,wk inc covid hosp,2026-10-03,10,quantile,0.7,18.433730837696473
2026-10-03,0,wk inc covid hosp,2026-10-03,10,quantile,0.75,19.227553710346196
2026-10-03,0,wk inc covid hosp,2026-10-03,10,quantile,0.8,20.38689884506727
2026-10-03,0,wk inc covid hosp,2026-10-03,10,quantile,0.85,21.620981394207035
2026-10-03,0,wk inc covid hosp,2026-10-03,10,quantile,0.9,22.488219728909254
2026-10-03,0,wk inc covid hosp,2026-10-03,10,quantile,0.95,24.29150102512793
2026-10-03,0,wk inc covid hosp,2026-10-03,10,quantile,0.975,31.157804442040064
2026-10-03,0,wk inc covid hosp,2026-10-03,10,quantile,0.99,34.63496306059308
2026-10-03,0,wk inc covid hosp,2026-10-03,11,quantile,0.01,2.0421461221501294
2026-10-03,0,wk inc covid hosp,2026-10-03,11,quantile,0.025,2.5270419406656894
2026-10-03,0,wk inc covid hosp,2026-10-03,11,quantile,0.05,3.8132882396736707
2026-10-03,0,wk inc covid hosp,2026-10-03,11,quantile,0.1,5.159588222007349
2026-10-03,0,wk inc covid hosp,2026-10-03,11,quantile,0.15,6.234309386819886
2026-10-03,0,wk inc covid hosp,2026-10-03,11,quantile,0.2,6.413859147341753
2026-10-03,0,wk inc covid hosp,2026-10-03,11,quantile,0.25,7.247962145918801
2026-10-03,0,wk inc covid hosp,2026-10-03,11,quantile,0.3,7.786432533523965
2026-10-03,0,wk inc covid hosp,2026-10-03,11,quantile,0.35,8.878393635567175
2026-10-03,0,wk inc covid hosp,2026-10-03,11,quantile,0.4,9.592910914314464
2026-10-03,0,wk inc covid hosp,2026-10-03,11,quantile,0.45,9.804929093858128
2026-10-03,0,wk inc covid hosp,2026-10-03,11,quantile,0.5,10.612941561768743
2026-10-03,0,wk inc covid hosp,2026-10-03,11,quantile,0.55,11.636766072050523
2026-10-03,0,wk inc covid hosp,2026-10-03,11,quantile,0.6,12.728709503786538
2026-10-03,0,wk inc covid hosp,2026-10-03,11,quantile,0.65,14.189615071345589
2026-10-03,0,wk inc covid hosp,2026-10-03,11,quantile,0.7,14.765873637775167
2026-10-03,0,wk inc covid hosp,2026-10-03,11,quantile,0.75,17.086291428868428
2026-10-03,0,wk inc covid hosp,2026-10-03,11,quantile,0.8,17.77116240080408
2026-10-03,0,wk inc covid hosp,2026-10-03,11,quantile,0.85,18.185348628486764
2026-10-03,0,wk inc covid hosp,2026-10-03,11,quantile,0.9,19.765378476475966
2026-10-03,0,wk inc covid hosp,2026-10-03,11,quantile,0.95,24.88443088380874
2026-10-03,0,wk inc covid hosp,2026-10-03,11,quantile,0.975,25.98023408188025
2026-10-03,0,wk inc covid hosp,2026-10-03,11,quantile,0.99,28.426420672225046
2026-10-03,0,wk inc covid hosp,2026-10-03,12,quantile,0.01,402.8293111251399
2026-10-03,0,wk inc covid hosp,2026-10-03,12,quantile,0.025,407.7332747357649
2026-10-03,0,wk inc covid hosp,2026-10-03,12,quantile,0.05,420.2071961782469
2026-10-03,0,wk inc covid hosp,2026-10-03,12,quantile,0.1,443.9200914714364
2026-10-03,0,wk inc covid hosp,2026-10-03,12,quantile,0.15,462.16664292734436
2026-10-03,0,wk inc covid hosp,2026-10-03,12,quantile,0.2,479.02669704143887
2026-10-03,0,wk inc covid hosp,2026-10-03,12,quantile,0.25,486.08556853084986
2026-10-03,0,wk inc covid hosp,2026-10-03,12,quantile,0.3,496.3375256794372
2026-10-03,0,wk inc covid hosp,2026-10-03,12,quantile,0.35,503.96501543545065
2026-10-03,0,wk inc covid hosp,2026-10-03,12,quantile,0.4,511.29027645419865
2026-10-03,0,wk inc covid hosp,2026-10-03,12,quantile,0.45,520.520633665274
2026-10-03,0,wk inc covid hosp,2026-10-03,12,quantile,0.5,530.3242960594073
2026-10-03,0,wk inc covid hosp,2026-10-03,12,quantile,0.55,548.6128186794134
2026-10-03,0,wk inc covid hosp,2026-10-03,12,quantile,0.6,559.4248534102842
2026-10-03,0,wk inc covid hosp,2026-10-03,12,quantile,0.65,565.7909729898358
2026-10-03,0,wk inc covid hosp,2026-10-03,12,quantile,0.7,586.1878782753304
2026-10-03,0,wk inc covid hosp,2026-10-03,12,quantile,0.75,588.3847948202246
2026-10-03,0,wk inc covid hosp,2026-10-03,12,quantile,0.8,590.8396534182519
2026-10-03,0,wk inc covid hosp,2026-10-03,12,quantile,0.85,602.2312473058878
2026-10-03,0,wk inc covid hosp,2026-10-03,12,quantile,0.9,615.8223596665606
2026-10-03,0,wk inc covid hosp,2026-10-03,12,quantile,0.95,636.6891216703202
2026-10-03,0,wk inc covid hosp,2026-10-03,12,quantile,0.975,668.7494016414548
2026-10-03,0,wk inc covid hosp,2026-10-03,12,quantile,0.99,703.9226838681423
2026-10-03,0,wk inc covid hosp,2026-10-03,13,quantile,0.01,29.87126587233379
2026-10-03,0,wk inc covid hosp,2026-10-03,13,quantile,0.025,42.47443730119981
2026-10-03,0,wk inc covid hosp,2026-10-03,13,quantile,0.05,47.463065421788215
2026-10-03,0,wk inc covid hosp,2026-10-03,13,quantile,0.1,50.021483772682444
2026-10-03,0,wk inc covid hosp,2026-10-03,13,quantile,0.15,55.75771217212478
2026-10-03,0,wk inc covid hosp,2026-10-03,13,quantile,0.2,56.87294684447075
2026-10-03,0,wk inc covid hosp,2026-10-03,13,quantile,0.25,57.74129825105791
2026-10-03,0,wk inc covid hosp,2026-10-03,13,quantile,0.3,59.25284007103835
2026-10-03,0,wk inc covid hosp,2026-10-03,13,quantile,0.35,62.7860399616723
2026-10-03,0,wk inc covid hosp,2026-10-03,13,quantile,0.4,66.31427342340075
2026-10-03,0,wk inc covid hosp,2026-10-03,13,quantile,0.45,67.04527139192149
2026-10-03,0,wk inc covid hosp,2026-10-03,13,quantile,0.5,68.6735551573145
2026-10-03,0,wk inc covid hosp,2026-10-03,13,quantile,0.55,70.03167636022384
2026-10-03,0,wk inc covid hosp,2026-10-03,13,quantile,0.6,74.89955604453857
2026-10-03,0,wk inc covid hosp,2026-10-03,13,quantile,0.65,77.05903912162961
2026-10-03,0,wk inc covid hosp,2026-10-03,13,quantile,0.7,79.02002113852058
2026-10-03,0,wk inc covid hosp,2026-10-03,13,quantile,0.75,84.93764510672315
2026-10-03,0,wk inc covid hosp,2026-10-03,13,quantile,0.8,86.3931708367489
2026-10-03,0,wk inc covid hosp,2026-10-03,13,quantile,0.85,89.05228698223581
2026-10-03,0,wk inc covid hosp,2026-10-03,13,quantile,0.9,90.52822070622494
2026-10-03,0,wk inc covid hosp,2026-10-03,13,quantile,0.95,97.74666077279318
2026-10-03,0,wk inc covid hosp,2026-10-03,13,quantile,0.975,103.84527945095147
2026-10-03,0,wk inc covid hosp,2026-10-03,13,quantile,0.99,105.62893038555421
2026-10-03,0,wk inc covid hosp,2026-10-03,15,quantile,0.01,20.95720664950201
2026-10-03,0,wk inc covid hosp,2026-10-03,15,quantile,0.025,26.752324986777754
2026-10-03,0,wk inc covid hosp,2026-10-03,15,quantile,0.05,28.666364921844867
2026-10-03,0,wk inc covid hosp,2026-10-03,15,quantile,0.1,29.966966723096686
2026-10-03,0,wk inc covid hosp,2026-10-03,15,quantile,0.15,33.80542943530311
2026-10-03,0,wk inc covid hosp,2026-10-03,15,quantile,0.2,36.22739957374585
2026-10-03,0,wk inc covid hosp,2026-10-03,15,quantile,0.25,37.25904797130204
2026-10-03,0,wk inc covid hosp,2026-10-03,15,quantile,0.3,38.43982790910437
2026-10-03,0,wk inc covid hosp,2026-10-03,15,quantile,0.35,39.60756854392726
2026-10-03,0,wk inc covid hosp,2026-10-03,15,quantile,0.4,40.260027164327795
2026-10-03,0,wk inc covid hosp,2026-10-03,15,quantile,0.45,42.617358979954794
2026-10-03,0,wk inc covid hosp,2026-10-03,15,quantile,0.5,44.688170365753045
2026-10-03,0,wk inc covid hosp,2026-10-03,15,quantile,0.55,46.71285227056378
2026-10-03,0,wk inc covid hosp,2026-10-03,15,quantile,0.6,48.40648966770847
2026-10-03,0,wk inc covid hosp,2026-10-03,15,quantile,0.65,51.11801527115495
2026-10-03,0,wk inc covid hosp,2026-10-03,15,quantile,0.7,52.8861577454206
2026-10-03,0,wk inc covid hosp,2026-10-03,15,quantile,0.75,55.19144350816275
2026-10-03,0,wk inc covid hosp,2026-10-03,15,quantile,0.8,56.657442187347336
2026-10-03,0,wk inc covid hosp,2026-10-03,15,quantile,0.85,59.10966184161129
2026-10-03,0,wk inc covid hosp,2026-10-03,15,quantile,0.9,64.36048271073027
2026-10-03,0,wk inc covid hosp,2026-10-03,15,quantile,0.95,74.13719992372731
2026-10-03,0,wk inc covid hosp,2026-10-03,15,quantile,0.975,78.91557656562216
2026-10-03,0,wk inc covid hosp,2026-10-03,15,quantile,0.99,83.44093626646584
2026-10-03,0,wk inc covid hosp,2026-10-03,16,quantile,0.01,6.655095174495854
2026-10-03,0,wk inc covid hosp,2026-10-03,16,quantile,0.025,8.265658926521628
2026-10-03,0,wk inc covid hosp,2026-10-03,16,quantile,0.05,8.797632043444839
2026-10-03,0,wk inc covid hosp,2026-10-03,16,quantile,0.1,9.922963324750045
2026-10-03,0,wk inc covid hosp,2026-10-03,16,quantile,0.15,11.952002379600154
2026-10-03,0,wk inc covid hosp,2026-10-03,16,quantile,0.2,13.20696674337611
2026-10-03,0,wk inc covid hosp,2026-10-03,16,quantile,0.25,15.426177167860454
2026-10-03,0,wk inc covid hosp,2026-10-03,16,quantile,0.3,16.006733900363727
2026-10-03,0,wk inc covid hosp,2026-10-03,16,quantile,0.35,16.557361950417953
2026-10-03,0,wk inc covid hosp,2026-10-03,16,quantile,0.4,17.35949588756704
2026-10-03,0,wk inc covid hosp,2026-10-03,16,quantile,0.45,17.762124874754626
2026-10-03,0,wk inc covid hosp,2026-10-03,16,quantile,0.5,18.39833524307675
2026-10-03,0,wk inc covid hosp,2026-10-03,16,quantile,0.55,21.387504222766182
2026-10-03,0,wk inc covid hosp,2026-10-03,16,quantile,0.6,22.584139691422955
2026-10-03,0,wk inc covid hosp,2026-10-03,16,quantile,0.65,23.780907206046273
2026-10-03,0,wk inc covid hosp,2026-10-03,16,quantile,0.7,25.021464990986292
2026-10-03,0,wk inc covid hosp,2026-10-03,16,quantile,0.75,26.172225953070836
2026-10-03,0,wk inc covid hosp,2026-10-03,16,quantile,0.8,26.902546006426476
2026-10-03,0,wk inc covid hosp,2026-10-03,16,quantile,0.85,28.513055358275256
2026-10-03,0,wk inc covid hosp,2026-10-03,16,quantile,0.9,29.473228361344585
2026-10-03,0,wk inc covid hosp,2026-10-03,16,quantile,0.95,33.09970914139159
2026-10-03,0,wk inc covid hosp,2026-10-03,16,quantile,0.975,35.083850593836274
2026-10-03,0,wk inc covid hosp,2026-10-03,16,quantile,0.99,39.35960601518234
2026-10-03,0,wk inc covid hosp,2026-10-03,17,quantile,0.01,43.40400345510258
2026-10-03,0,wk inc covid hosp,2026-10-03,17,quantile,0.025,43.724681245640596
2026-10-03,0,wk inc covid hosp,2026-10-03,17,quantile,0.05,45.61363112173381
2026-10-03,0,wk inc covid hosp,2026-10-03,17,quantile,0.1,56.57045952290036
2026-10-03,0,wk inc covid hosp,2026-10-03,17,quantile,0.15,57.5673238121948
2026-10-03,0,wk inc covid hosp,2026-10-03,17,quantile,0.2,60.97936467287513
2026-10-03,0,wk inc covid hosp,2026-10-03,17,quantile,0.25,62.862808587074475
2026-10-03,0,wk inc covid hosp,2026-10-03,17,quantile,0.3,66.40710505655247
2026-10-03,0,wk inc covid hosp,2026-10-03,17,quantile,0.35,67.19368964858745
2026-10-03,0,wk inc covid hosp,2026-10-03,17,quantile,0.4,69.90285327473548
2026-10-03,0,wk inc covid hosp,2026-10-03,17,quantile,0.45,72.5723943220759
2026-10-03,0,wk inc covid hosp,2026-10-03,17,quantile,0.5,73.63796101051088
2026-10-03,0,wk inc covid hosp,2026-10-03,17,quantile,0.55,73.72096998103541
2026-10-03,0,wk inc covid hosp,2026-10-03,17,quantile,0.6,76.91151766485174
2026-10-03,0,wk inc covid hosp,2026-10-03,17,quantile,0.65,81.42515816284279
2026-10-03,0,wk inc covid hosp,2026-10-03,17,quantile,0.7,87.5066198031077
2026-10-03,0,wk inc covid hosp,2026-10-03,17,quantile,0.75,91.84378787973512
2026-10-03,0,wk inc covid hosp,2026-10-03,17,quantile,0.8,94.1085017366106
2026-10-03,0,wk inc covid hosp,2026-10-03,17,quantile,0.85,95.89329085476513
2026-10-03,0,wk inc covid hosp,2026-10-03,17,quantile,0.9,98.36360132759955
2026-10-03,0,wk inc covid hosp,2026-10-03,17,quantile,0.95,109.25978426405868
2026-10-03,0,wk inc covid hosp,2026-10-03,17,quantile,0.975,124.44424186828024
2026-10-03,0,wk inc covid hosp,2026-10-03,17,quantile,0.99,150.88895364083456
2026-10-03,0,wk inc covid hosp,2026-10-03,18,quantile,0.01,12.91414654716569
2026-10-03,0,wk inc covid hosp,2026-10-03,18,quantile,0.025,13.491208811540893
2026-10-03,0,wk inc covid hosp,2026-10-03,18,quantile,0.05,14.087359047220312
2026-10-03,0,wk inc covid hosp,2026-10-03,18,quantile,0.1,16.133457110038886
2026-10-03,0,wk inc covid hosp,2026-10-03,18,quantile,0.15,18.254177852574976
2026-10-03,0,wk inc covid hosp,2026-10-03,18,quantile,0.2,19.43319396232093
2026-10-03,0,wk inc covid hosp,2026-10-03,18,quantile,0.25,20.761693569716925
2026-10-03,0,wk inc covid hosp,2026-10-03,18,quantile,0.3,21.16961681803145
2026-10-03,0,wk inc covid hosp,2026-10-03,18,quantile,0.35,22.349825507222416
2026-10-03,0,wk inc covid hosp,2026-10-03,18,quantile,0.4,23.719889248953095
2026-10-03,0,wk inc covid hosp,2026-10-03,18,quantile,0.45,24.66377043051247
2026-10-03,0,wk inc covid hosp,2026-10-03,18,quantile,0.5,24.948738582181488
2026-10-03,0,wk inc covid hosp,2026-10-03,18,quantile,0.55,25.66304993391202
2026-10-03,0,wk inc covid hosp,2026-10-03,18,quantile,0.6,27.657229754692512
2026-10-03,0,wk inc covid hosp,2026-10-03,18,quantile,0.65,29.598319731477226
2026-10-03,0,wk inc covid hosp,2026-10-03,18,quantile,0.7,31.81505291367245
2026-10-03,0,wk inc covid hosp,2026-10-03,18,quantile,0.75,35.43380996582157
2026-10-03,0,wk inc covid hosp,2026-10-03,18,quantile,0.8,39.557949257736986
2026-10-03,0,wk inc covid hosp,2026-10-03,18,quantile,0.85,40.94917392968089
2026-10-03,0,wk inc covid hosp,2026-10-03,18,quantile,0.9,46.34253609431508
2026-10-03,0,wk inc covid hosp,2026-10-03,18,quantile,0.95,49.029513630445166
2026-10-03,0,wk inc covid hosp,2026-10-03,18,quantile,0.975,49.356590260806136
2026-10-03,0,wk inc covid hosp,2026-10-03,18,quantile,0.99,54.25165496218041
2026-10-03,0,wk inc covid hosp,2026-10-03,19,quantile,0.01,4.727758283929017
2026-10-03,0,wk inc covid hosp,2026-10-03,19,quantile,0.025,5.45999195630042
2026-10-03,0,wk inc covid hosp,2026-10-03,19,quantile,0.05,6.299872029619719
2026-10-03,0,wk inc covid hosp,2026-10-03,19,quantile,0.1,7.895097352363689
2026-10-03,0,wk inc covid hosp,2026-10-03,19,quantile,0.15,10.335911766875903
2026-10-03,0,wk inc covid hosp,2026-10-03,19,quantile,0.2,10.931857369744788
2026-10-03,0,wk inc covid hosp,2026-10-03,19,quantile,0.25,11.416129236147299
2026-10-03,0,wk inc covid hosp,2026-10-03,19,quantile,0.3,12.072336587004717
2026-10-03,0,wk inc covid hosp,2026-10-03,19,quantile,0.35,13.376158318048573
2026-10-03,0,wk inc covid hosp,2026-10-03,19,quantile,0.4,14.201930625212803
2026-10-03,0,wk inc covid hosp,2026-10-03,19,quantile,0.45,14.725715340034819
2026-10-03,0,wk inc covid hosp,2026-10-03,19,quantile,0.5,15.873655077858468
2026-10-03,0,wk inc covid hosp,2026-10-03,19,quantile,0.55,17.63199122346926
2026-10-03,0,wk inc covid hosp,2026-10-03,19,quantile,0.6,18.889027305517324
2026-10-03,0,wk inc covid hosp,2026-10-03,19,quantile,0.65,19.584214643913818
2026-10-03,0,wk inc covid hosp,2026-10-03,19,quantile,0.7,20.164094271730438
2026-10-03,0,wk inc covid hosp,2026-10-03,19,quantile,0.75,20.765775850694066
2026-10-03,0,wk inc covid hosp,2026-10-03,19,quantile,0.8,21.880676230065248
2026-10-03,0,wk inc covid hosp,2026-10-03,19,quantile,0.85,25.665316306182014
2026-10-03,0,wk inc covid hosp,2026-10-03,19,quantile,0.9,27.97413753079195
2026-10-03,0,wk inc covid hosp,2026-10-03,19,quantile,0.95,36.80247029028294
2026-10-03,0,wk inc covid hosp,2026-10-03,19,quantile,0.975,48.14463667201548
2026-10-03,0,wk inc covid hosp,2026-10-03,19,quantile,0.99,59.313707351944366
2026-10-03,0,wk inc covid hosp,2026-10-03,20,quantile,0.01,0.4674269664424341
2026-10-03,0,wk inc covid hosp,2026-10-03,20,quantile,0.025,0.6654739800096577
2026-10-03,0,wk inc covid hosp,2026-10-03,20,quantile,0.05,1.1422012603780236
2026-10-03,0,wk inc covid hosp,2026-10-03,20,quantile,0.1,2.2598775256657637
2026-10-03,0,wk inc covid hosp,2026-10-03,20,quantile,0.15,3.145723140348094
2026-10-03,0,wk inc covid hosp,2026-10-03,20,quantile,0.2,3.534704572858055
2026-10-03,0,wk inc covid hosp,2026-10-03,20,quantile,0.25,4.110443780926177
2026-10-03,0,wk inc covid hosp,2026-10-03,20,quantile,0.3,4.425220167737365
2026-10-03,0,wk inc covid hosp,2026-10-03,20,quantile,0.35,4.921985346081437
2026-10-03,0,wk inc covid hosp,2026-10-03,20,quantile,0.4,5.489935750562616
2026-10-03,0,wk inc covid hosp,2026-10-03,20,quantile,0.45,5.918851414205873
2026-10-03,0,wk inc covid hosp,2026-10-03,20,quantile,0.5,6.783316346012106
2026-10-03,0,wk inc covid hosp,2026-10-03,20,quantile,0.55,7.436056058713056
2026-10-03,0,wk inc covid hosp,2026-10-03,20,quantile,0.6,8.380746500569682
2026-10-03,0,wk inc covid hosp,2026-10-03,20,quantile,0.65,9.03176149977929
2026-10-03,0,wk inc covid hosp,2026-10-03,20,quantile,0.7,9.658417940254148
2026-10-03,0,wk inc covid hosp,2026-10-03,20,quantile,0.75,10.23456100405215
2026-10-03,0,wk inc covid hosp,2026-10-03,20,quantile,0.8,10.986849225683091
2026-10-03,0,wk inc covid hosp,2026-10-03,20,quantile,0.85,11.382669475800265
2026-10-03,0,wk inc covid hosp,2026-10-03,20,quantile,0.9,13.17625943960543
2026-10-03,0,wk inc covid hosp,2026-10-03,20,quantile,0.95,16.34527121859316
2026-10-03,0,wk inc covid hosp,2026-10-03,20,quantile,0.975,17.718153557013817
2026-10-03,0,wk inc covid hosp,2026-10-03,20,quantile,0.99,27.36362770030771
2026-10-03,0,wk inc covid hosp,2026-10-03,21,quantile,0.01,2.787380492063636
2026-10-03,0,wk inc covid hosp,2026-10-03,21,quantile,0.025,6.11851679929209
2026-10-03,0,wk inc covid hosp,2026-10-03,21,quantile,0.05,7.590990932725477
2026-10-03,0,wk inc covid hosp,2026-10-03,21,quantile,0.1,8.284402452917522
2026-10-03,0,wk inc covid hosp,2026-10-03,21,quantile,0.15,8.7053319490002
2026-10-03,0,wk inc covid hosp,2026-10-03,21,quantile,0.2,9.398683666242263
2026-10-03,0,wk inc covid hosp,2026-10-03,21,quantile,0.25,10.135487053846633
2026-10-03,0,wk inc covid hosp,2026-10-03,21,quantile,0.3,10.540722875421004
2026-10-03,0,wk inc covid hosp,2026-10-03,21,quantile,0.35,11.042912685987673
2026-10-03,0,wk inc covid hosp,2026-10-03,21,quantile,0.4,11.890116176617967
2026-10-03,0,wk inc covid hosp,2026-10-03,21,quantile,0.45,12.51851884472809
2026-10-03,0,wk inc covid hosp,2026-10-03,21,quantile,0.5,12.841893162612065
2026-10-03,0,wk inc covid hosp,2026-10-03,21,quantile,0.55,13.368760777528113
2026-10-03,0,wk inc covid hosp,2026-10-03,21,quantile,0.6,13.947999812705332
2026-10-03,0,wk inc covid hosp,2026-10-03,21,quantile,0.65,15.611129387461844
2026-10-03,0,wk inc covid hosp,2026-10-03,21,quantile,0.7,16.380193972793002
2026-10-03,0,wk inc covid hosp,2026-10-03,21,quantile,0.75,17.098186024296226
2026-10-03,0,wk inc covid hosp,2026-10-03,21,quantile,0.8,17.99883825906413
2026-10-03,0,wk inc covid hosp,2026-10-03,21,quantile,0.85,21.265409725150544
2026-10-03,0,wk inc covid hosp,2026-10-03,21,quantile,0.9,21.495538235853328
2026-10-03,0,wk inc covid hosp,2026-10-03,21,quantile,0.95,26.74719569519683
2026-10-03,0,wk inc covid hosp,2026-10-03,21,quantile,0.975,28.664345907197372
2026-10-03,0,wk inc covid hosp,2026-10-03,21,quantile,0.99,30.51615457372159
2026-10-03,0,wk inc covid hosp,2026-10-03,22,quantile,0.01,54.92406687775412
2026-10-03,0,wk inc covid hosp,2026-10-03,22,quantile,0.025,55.06051026850061
2026-10-03,0,wk inc covid hosp,2026-10-03,22,quantile,0.05,55.44560103719717
2026-10-03,0,wk inc covid hosp,2026-10-03,22,quantile,0.1,59.854194361176916
2026-10-03,0,wk inc covid hosp,2026-10-03,22,quantile,0.15,62.99881365939377
2026-10-03,0,wk inc covid hosp,2026-10-03,22,quantile,0.2,66.43076571104906
2026-10-03,0,wk inc covid hosp,2026-10-03,22,quantile,0.25,69.76792652658742
2026-10-03,0,wk inc covid hosp,2026-10-03,22,quantile,0.3,70.88429590752305
2026-10-03,0,wk inc covid hosp,2026-10-03,22,quantile,0.35,75.84464168385821
2026-10-03,0,wk inc covid hosp,2026-10-03,22,quantile,0.4,79.2795991698892
2026-10-03,0,wk inc covid hosp,2026-10-03,22,quantile,0.45,80.55580141309912
2026-10-03,0,wk inc covid hosp,2026-10-03,22,quantile,0.5,81.05659024852142
2026-10-03,0,wk inc covid hosp,2026-10-03,22,quantile,0.55,83.1797354884083
2026-10-03,0,wk inc covid hosp,2026-10-03,22,quantile,0.6,86.4994718247471
2026-10-03,0,wk inc covid hosp,2026-10-03,22,quantile,0.65,90.06550968281462
2026-10-03,0,wk inc covid hosp,2026-10-03,22,quantile,0.7,92.03760187670778
2026-10-03,0,wk inc covid hosp,2026-10-03,22,quantile,0.75,93.9472265596367
2026-10-03,0,wk inc covid hosp,2026-10-03,22,quantile,0.8,97.54020918377924
2026-10-03,0,wk inc covid hosp,2026-10-03,22,quantile,0.85,102.42315037417336
2026-10-03,0,wk inc covid hosp,2026-10-03,22,quantile,0.9,106.0256795409278
2026-10-03,0,wk inc covid hosp,2026-10-03,22,quantile,0.95,110.21548967404013
2026-10-03,0,wk inc covid hosp,2026-10-03,22,quantile,0.975,123.93476842968909
2026-10-03,0,wk inc covid hosp,2026-10-03,22,quantile,0.99,127.11101975073129
2026-10-03,0,wk inc covid hosp,2026-10-03,23,quantile,0.01,0.2046901651374304
2026-10-03,0,wk inc covid hosp,2026-10-03,23,quantile,0.025,0.2376584339551774
2026-10-03,0,wk inc covid hosp,2026-10-03,23,quantile,0.05,0.49691714451517105
2026-10-03,0,wk inc covid hosp,2026-10-03,23,quantile,0.1,1.0711796440529662
2026-10-03,0,wk inc covid hosp,2026-10-03,23,quantile,0.15,1.1481432172497297
2026-10-03,0,wk inc covid hosp,2026-10-03,23,quantile,0.2,1.339634055156453
2026-10-03,0,wk inc covid hosp,2026-10-03,23,quantile,0.25,2.1705685199872713
2026-10-03,0,wk inc covid hosp,2026-10-03,23,quantile,0.3,2.4413639749965395
2026-10-03,0,wk inc covid hosp,2026-10-03,23,quantile,0.35,3.0149194938342054
2026-10-03,0,wk inc covid hosp,2026-10-03,23,quantile,0.4,3.4840884996111794
2026-10-03,0,wk inc covid hosp,2026-10-03,23,quantile,0.45,3.6790548059819805
2026-10-03,0,wk inc covid hosp,2026-10-03,23,quantile,0.5,3.8763816711931414
2026-10-03,0,wk inc covid hosp,2026-10-03,23,quantile,0.55,4.114886442303938
2026-10-03,0,wk inc covid hosp,2026-10-03,23,quantile,0.6,4.213978264949683
2026-10-03,0,wk inc covid hosp,2026-10-03,23,quantile,0.65,4.810702428874508
2026-10-03,0,wk inc covid hosp,2026-10-03,23,quantile,0.7,5.4547771454256955
2026-10-03,0,wk inc covid hosp,2026-10-03,23,quantile,0.75,5.966320235413587
2026-10-03,0,wk inc covid hosp,2026-10-03,23,quantile,0.8,6.256647132109812
2026-10-03,0,wk inc covid hosp,2026-10-03,23,quantile,0.85,6.595031279510542
2026-10-03,0,wk inc covid hosp,2026-10-03,23,quantile,0.9,7.391631820466474
2026-10-03,0,wk inc covid hosp,2026-10-03,23,quantile,0.95,8.21085893191642
2026-10-03,0,wk inc covid hosp,2026-10-03,23,quantile,0.975,11.305861114817539
2026-10-03,0,wk inc covid hosp,2026-10-03,23,quantile,0.99,12.574223324171676
2026-10-03,0,wk inc covid hosp,2026-10-03,24,quantile,0.01,11.339914840942132
2026-10-03,0,wk inc covid hosp,2026-10-03,24,quantile,0.025,17.882718792313888
2026-10-03,0,wk inc covid hosp,2026-10-03,24,quantile,0.05,26.547246293803212
2026-10-03,0,wk inc covid hosp,2026-10-03,24,quantile,0.1,31.825296357345227
2026-10-03,0,wk inc covid hosp,2026-10-03,24,quantile,0.15,34.6964140435923
2026-10-03,0,wk inc covid hosp,2026-10-03,24,quantile,0.2,38.46541572444141
2026-10-03,0,wk inc covid hosp,2026-10-03,24,quantile,0.25,40.93889938914968
2026-10-03,0,wk inc covid hosp,2026-10-03,24,quantile,0.3,42.56893281970615
2026-10-03,0,wk inc covid hosp,2026-10-03,24,quantile,0.35,44.48402289996254
2026-10-03,0,wk inc covid hosp,2026-10-03,24,quantile,0.4,44.749132640228
2026-10-03,0,wk inc covid hosp,2026-10-03,24,quantile,0.45,45.71842873787551
2026-10-03,0,wk inc covid hosp,2026-10-03,24,quantile,0.5,47.742213436501885
2026-10-03,0,wk inc covid hosp,2026-10-03,24,quantile,0.55,49.46842202874809
2026-10-03,0,wk inc covid hosp,2026-10-03,24,quantile,0.6,51.39583691653071
2026-10-03,0,wk inc covid hosp,2026-10-03,24,quantile,0.65,53.34729155331353
2026-10-03,0,wk inc covid hosp,2026-10-03,24,quantile,0.7,57.122937443763185
2026-10-03,0,wk inc covid hosp,2026-10-03,24,quantile,0.75,64.51973215934059
2026-10-03,0,wk inc covid hosp,2026-10-03,24,quantile,0.8,67.28040139503757
2026-10-03,0,wk inc covid hosp,2026-10-03,24,quantile,0.85,71.20868464723962
2026-10-03,0,wk inc covid hosp,2026-10-03,24,quantile,0.9,77.46766322374495
2026-10-03,0,wk inc covid hosp,2026-10-03,24,quantile,0.95,81.79713414383598
2026-10-03,0,wk inc covid hosp,2026-10-03,24,quantile,0.975,83.17685121429395
2026-10-03,0,wk inc covid hosp,2026-10-03,24,quantile,0.99,98.25954162165466
2026-10-03,0,wk inc covid hosp,2026-10-03,25,quantile,0.01,3.448759191395663
2026-10-03,0,wk inc covid hosp,2026-10-03,25,quantile,0.025,23.81473091390511
2026-10-03,0,wk inc covid hosp,2026-10-03,25,quantile,0.05,25.38710794662571
2026-10-03,0,wk inc covid hosp,2026-10-03,25,quantile,0.1,33.83959876826848
2026-10-03,0,wk inc covid hosp,2026-10-03,25,quantile,0.15,35.6856771504645
2026-10-03,0,wk inc covid hosp,2026-10-03,25,quantile,0.2,39.84377919134327
2026-10-03,0,wk inc covid hosp,2026-10-03,25,quantile,0.25,43.40520882913846
2026-10-03,0,wk inc covid hosp,2026-10-03,25,quantile,0.3,47.04661913548567
2026-10-03,0,wk inc covid hosp,2026-10-03,25,quantile,0.35,48.71991047821963
2026-10-03,0,wk inc covid hosp,2026-10-03,25,quantile,0.4,49.664423129605105
2026-10-03,0,wk inc covid hosp,2026-10-03,25,quantile,0.45,50.51625578919856
2026-10-03,0,wk inc covid hosp,2026-10-03,25,quantile,0.5,53.37899794339567
2026-10-03,0,wk inc covid hosp,2026-10-03,25,quantile,0.55,53.37899794339567
2026-10-03,0,wk inc covid hosp,2026-10-03,25,quantile,0.6,54.14857568276453
2026-10-03,0,wk inc covid hosp,2026-10-03,25,quantile,0.65,55.55638297214299
2026-10-03,0,wk inc covid hosp,2026-10-03,25,quantile,0.7,58.44813440414905
2026-10-03,0,wk inc covid hosp,2026-10-03,25,quantile,0.75,62.27032682696814
2026-10-03,0,wk inc covid hosp,2026-10-03,25,quantile,0.8,63.78671829128442
2026-10-03,0,wk inc covid hosp,2026-10-03,25,quantile,0.85,66.03503860170679
2026-10-03,0,wk inc covid hosp,2026-10-03,25,quantile,0.9,70.448553736153
2026-10-03,0,wk inc covid hosp,2026-10-03,25,quantile,0.95,82.12354749942781
2026-10-03,0,wk inc covid hosp,2026-10-03,25,quantile,0.975,92.10410933194868
2026-10-03,0,wk inc covid hosp,2026-10-03,25,quantile,0.99,191.901561385175
2026-10-03,0,wk inc covid hosp,2026-10-03,26,quantile,0.01,10.54453086543037
2026-10-03,0,wk inc covid hosp,2026-10-03,26,quantile,0.025,11.338041620349996
2026-10-03,0,wk inc covid hosp,2026-10-03,26,quantile,0.05,17.102294033791225
2026-10-03,0,wk inc covid hosp,2026-10-03,26,quantile,0.1,30.808181050036787
2026-10-03,0,wk inc covid hosp,2026-10-03,26,quantile,0.15,36.306608862114004
2026-10-03,0,wk inc covid hosp,2026-10-03,26,quantile,0.2,39.07675192883745
2026-10-03,0,wk inc covid hosp,2026-10-03,26,quantile,0.25,40.31399682880075
2026-10-03,0,wk inc covid hosp,2026-10-03,26,quantile,0.3,40.68271032325903
2026-10-03,0,wk inc covid hosp,2026-10-03,26,quantile,0.35,43.9261319476923
2026-10-03,0,wk inc covid hosp,2026-10-03,26,quantile,0.4,45.3906653164427
2026-10-03,0,wk inc covid hosp,2026-10-03,26,quantile,0.45,46.23033526600244
2026-10-03,0,wk inc covid hosp,2026-10-03,26,quantile,0.5,46.87211366919661
2026-10-03,0,wk inc covid hosp,2026-10-03,26,quantile,0.55,49.46588452844553
2026-10-03,0,wk inc covid hosp,2026-10-03,26,quantile,0.6,51.18796839575677
2026-10-03,0,wk inc covid hosp,2026-10-03,26,quantile,0.65,52.18237839155931
2026-10-03,0,wk inc covid hosp,2026-10-03,26,quantile,0.7,53.321594744963924
2026-10-03,0,wk inc covid hosp,2026-10-03,26,quantile,0.75,58.101205389838974
2026-10-03,0,wk inc covid hosp,2026-10-03,26,quantile,0.8,62.9687699589281
2026-10-03,0,wk inc covid hosp,2026-10-03,26,quantile,0.85,64.60438480820983
2026-10-03,0,wk inc covid hosp,2026-10-03,26,quantile,0.9,70.26173450598759
2026-10-03,0,wk inc covid hosp,2026-10-03,26,quantile,0.95,90.93707636088924
2026-10-03,0,wk inc covid hosp,2026-10-03,26,quantile,0.975,120.79715172249894
2026-10-03,0,wk inc covid hosp,2026-10-03,26,quantile,0.99,142.70346264622472
2026-10-03,0,wk inc covid hosp,2026-10-03,27,quantile,0.01,4.913682431046306
2026-10-03,0,wk inc covid hosp,2026-10-03,27,quantile,0.025,15.384684136974625
2026-10-03,0,wk inc covid hosp,2026-10-03,27,quantile,0.05,16.80208591917191
2026-10-03,0,wk inc covid hosp,2026-10-03,27,quantile,0.1,17.754523683371854
2026-10-03,0,wk inc covid hosp,2026-10-03,27,quantile,0.15,22.151101928596226
2026-10-03,0,wk inc covid hosp,2026-10-03,27,quantile,0.2,23.926165180079106
2026-10-03,0,wk inc covid hosp,2026-10-03,27,quantile,0.25,24.721625968189723
2026-10-03,0,wk inc covid hosp,2026-10-03,27,quantile,0.3,27.07697720912273
2026-10-03,0,wk inc covid hosp,2026-10-03,27,quantile,0.35,27.569993535501805
2026-10-03,0,wk inc covid hosp,2026-10-03,27,quantile,0.4,29.012746531854884
2026-10-03,0,wk inc covid hosp,2026-10-03,27,quantile,0.45,30.989145698694742
2026-10-03,0,wk inc covid hosp,2026-10-03,27,quantile,0.5,33.63077314732847
2026-10-03,0,wk inc covid hosp,2026-10-03,27,quantile,0.55,35.70332979423124
2026-10-03,0,wk inc covid hosp,2026-10-03,27,quantile,0.6,37.433975101062366
2026-10-03,0,wk inc covid hosp,2026-10-03,27,quantile,0.65,38.356376365314404
2026-10-03,0,wk inc covid hosp,2026-10-03,27,quantile,0.7,39.92795037190875
2026-10-03,0,wk inc covid hosp,2026-10-03,27,quantile,0.75,42.62714528753645
2026-10-03,0,wk inc covid hosp,2026-10-03,27,quantile,0.8,44.63218948624343
2026-10-03,0,wk inc covid hosp,2026-10-03,27,quantile,0.85,47.849309157291415
2026-10-03,0,wk inc covid hosp,2026-10-03,27,quantile,0.9,49.8310506599899
2026-10-03,0,wk inc covid hosp,2026-10-03,27,quantile,0.95,55.94045726618492
2026-10-03,0,wk inc covid hosp,2026-10-03,27,quantile,0.975,61.60635559036531
2026-10-03,0,wk inc covid hosp,2026-10-03,27,quantile,0.99,85.21870870937877
2026-10-03,0,wk inc covid hosp,2026-10-03,28,quantile,0.01,2.45161688577279
2026-10-03,0,wk inc covid hosp,2026-10-03,28,quantile,0.025,9.736232162275684
2026-10-03,0,wk inc covid hosp,2026-10-03,28,quantile,0.05,13.230571570338112
2026-10-03,0,wk inc covid hosp,2026-10-03,28,quantile,0.1,18.006897541016805
2026-10-03,0,wk inc covid hosp,2026-10-03,28,quantile,0.15,18.324571106952277
2026-10-03,0,wk inc covid hosp,2026-10-03,28,quantile,0.2,18.88674579165004
2026-10-03,0,wk inc covid hosp,2026-10-03,28,quantile,0.25,19.163054741968075
2026-10-03,0,wk inc covid hosp,2026-10-03,28,quantile,0.3,20.585760445711983
2026-10-03,0,wk inc covid hosp,2026-10-03,28,quantile,0.35,21.776119551520573
2026-10-03,0,wk inc covid hosp,2026-10-03,28,quantile,0.4,22.890433884160217
2026-10-03,0,wk inc covid hosp,2026-10-03,28,quantile,0.45,24.023984861434087
2026-10-03,0,wk inc covid hosp,2026-10-03,28,quantile,0.5,24.627008545366614
2026-10-03,0,wk inc covid hosp,2026-10-03,28,quantile,0.55,25.133336685663842
2026-10-03,0,wk inc covid hosp,2026-10-03,28,quantile,0.6,26.613800744890934
2026-10-03,0,wk inc covid hosp,2026-10-03,28,quantile,0.65,27.898012172737538
2026-10-03,0,wk inc covid hosp,2026-10-03,28,quantile,0.7,29.833425633457576
2026-10-03,0,wk inc covid hosp,2026-10-03,28,quantile,0.75,32.348271022422495
2026-10-03,0,wk inc covid hosp,2026-10-03,28,quantile,0.8,34.63495939173788
2026-10-03,0,wk inc covid hosp,2026-10-03,28,quantile,0.85,35.816027177268566
2026-10-03,0,wk inc covid hosp,2026-10-03,28,quantile,0.9,36.435888417191926
2026-10-03,0,wk inc covid hosp,2026-10-03,28,quantile,0.95,38.638202212011194
2026-10-03,0,wk inc covid hosp,2026-10-03,28,quantile,0.975,47.14928058225179
2026-10-03,0,wk inc covid hosp,2026-10-03,28,quantile,0.99,53.17882344217402
2026-10-03,0,wk inc covid hosp,2026-10-03,29,quantile,0.01,12.79245779153374
2026-10-03,0,wk inc covid hosp,2026-10-03,29,quantile,0.025,22.215930624523317
2026-10-03,0,wk inc covid hosp,2026-10-03,29,quantile,0.05,24.324590598575828
2026-10-03,0,wk inc covid hosp,2026-10-03,29,quantile,0.1,27.89612052540759
2026-10-03,0,wk inc covid hosp,2026-10-03,29,quantile,0.15,31.693007609619613
2026-10-03,0,wk inc covid hosp,2026-10-03,29,quantile,0.2,33.51686466485679
2026-10-03,0,wk inc covid hosp,2026-10-03,29,quantile,0.25,35.6319169093025
2026-10-03,0,wk inc covid hosp,2026-10-03,29,quantile,0.3,36.48140215766841
2026-10-03,0,wk inc covid hosp,2026-10-03,29,quantile,0.35,38.12886905261819
2026-10-03,0,wk inc covid hosp,2026-10-03,29,quantile,0.4,38.861645492668266
2026-10-03,0,wk inc covid hosp,2026-10-03,29,quantile,0.45,41.37423210220277
2026-10-03,0,wk inc covid hosp,2026-10-03,29,quantile,0.5,42.364768259758854
2026-10-03,0,wk inc covid hosp,2026-10-03,29,quantile,0.55,42.65205756512256
2026-10-03,0,wk inc covid hosp,2026-10-03,29,quantile,0.6,44.019472921037334
2026-10-03,0,wk inc covid hosp,2026-10-03,29,quantile,0.65,44.43420005307708
2026-10-03,0,wk inc covid hosp,2026-10-03,29,quantile,0.7,45.31444180225633
2026-10-03,0,wk inc covid hosp,2026-10-03,29,quantile,0.75,48.27265251703967
2026-10-03,0,wk inc covid hosp,2026-10-03,29,quantile,0.8,55.86608308461372
2026-10-03,0,wk inc covid hosp,2026-10-03,29,quantile,0.85,57.10047837771346
2026-10-03,0,wk inc covid hosp,2026-10-03,29,quantile,0.9,59.726914906543506
2026-10-03,0,wk inc covid hosp,2026-10-03,29,quantile,0.95,72.81183842464291
2026-10-03,0,wk inc covid hosp,2026-10-03,29,quantile,0.975,78.75590854965083
2026-10-03,0,wk inc covid hosp,2026-10-03,29,quantile,0.99,103.33176638525558
2026-10-03,0,wk inc covid hosp,2026-10-03,30,quantile,0.01,0.420573075751325
2026-10-03,0,wk inc covid hosp,2026-10-03,30,quantile,0.025,0.5441430829664959
2026-10-03,0,wk inc covid hosp,2026-10-03,30,quantile,0.05,1.0191263317388835
2026-10-03,0,wk inc covid hosp,2026-10-03,30,quantile,0.1,1.6959792915944878
2026-10-03,0,wk inc covid hosp,2026-10-03,30,quantile,0.15,2.6387209255104476
2026-10-03,0,wk inc covid hosp,2026-10-03,30,quantile,0.2,3.2048841037811773
2026-10-03,0,wk inc covid hosp,2026-10-03,30,quantile,0.25,3.5030853792928225
2026-10-03,0,wk inc covid hosp,2026-10-03,30,quantile,0.3,4.165479982868343
2026-10-03,0,wk inc covid hosp,2026-10-03,30,quantile,0.35,4.537620905660003
2026-10-03,0,wk inc covid hosp,2026-10-03,30,quantile,0.4,5.556971761595496
2026-10-03,0,wk inc covid hosp,2026-10-03,30,quantile,0.45,5.75737938762355
2026-10-03,0,wk inc covid hosp,2026-10-03,30,quantile,0.5,6.277694986140624
2026-10-03,0,wk inc covid hosp,2026-10-03,30,quantile,0.55,6.515941302155364
2026-10-03,0,wk inc covid hosp,2026-10-03,30,quantile,0.6,6.728410457264095
2026-10-03,0,wk inc covid hosp,2026-10-03,30,quantile,0.65,6.941500233848602
2026-10-03,0,wk inc covid hosp,2026-10-03,30,quantile,0.7,6.996071952065882
2026-10-03,0,wk inc covid hosp,2026-10-03,30,quantile,0.75,7.507701552085194
2026-10-03,0,wk inc covid hosp,2026-10-03,30,quantile,0.8,8.233735845182835
2026-10-03,0,wk inc covid hosp,2026-10-03,30,quantile,0.85,8.652655329661455
2026-10-03,0,wk inc covid hosp,2026-10-03,30,quantile,0.9,11.198080867662023
2026-10-03,0,wk inc covid hosp,2026-10-03,30,quantile,0.95,15.418104039980214
2026-10-03,0,wk inc covid hosp,2026-10-03,30,quantile,0.975,17.67828638210691
2026-10-03,0,wk inc covid hosp,2026-10-03,30,quantile,0.99,20.077949906843514
2026-10-03,0,wk inc covid hosp,2026-10-03,31,quantile,0.01,0.887997051894043
2026-10-03,0,wk inc covid hosp,2026-10-03,31,quantile,0.025,1.3990556387491906
2026-10-03,0,wk inc covid hosp,2026-10-03,31,quantile,0.05,1.4909987686297308
2026-10-03,0,wk inc covid hosp,2026-10-03,31,quantile,0.1,1.9761147172232636
2026-10-03,0,wk inc covid hosp,2026-10-03,31,quantile,0.15,2.124737386730673
2026-10-03,0,wk inc covid hosp,2026-10-03,31,quantile,0.2,2.612956500525451
2026-10-03,0,wk inc covid hosp,2026-10-03,31,quantile,0.25,3.0346000695455997
2026-10-03,0,wk inc covid hosp,2026-10-03,31,quantile,0.3,3.138111199288155
2026-10-03,0,wk inc covid hosp,2026-10-03,31,quantile,0.35,3.7103504168521484
2026-10-03,0,wk inc covid hosp,2026-10-03,31,quantile,0.4,4.331057272389894
2026-10-03,0,wk inc covid hosp,2026-10-03,31,quantile,0.45,4.913035158137111
2026-10-03,0,wk inc covid hosp,2026-10-03,31,quantile,0.5,5.493136581619153
2026-10-03,0,wk inc covid hosp,2026-10-03,31,quantile,0.55,6.476300579789264
2026-10-03,0,wk inc covid hosp,2026-10-03,31,quantile,0.6,7.115601808728869
2026-10-03,0,wk inc covid hosp,2026-10-03,31,quantile,0.65,7.862344529408884
2026-10-03,0,wk inc covid hosp,2026-10-03,31,quantile,0.7,8.699525172297967
2026-10-03,0,wk inc covid hosp,2026-10-03,31,quantile,0.75,9.365360182898634
2026-10-03,0,wk inc covid hosp,2026-10-03,31,quantile,0.8,9.934591081132398
2026-10-03,0,wk inc covid hosp,2026-10-03,31,quantile,0.85,10.782586518355409
2026-10-03,0,wk inc covid hosp,2026-10-03,31,quantile,0.9,11.644278758757237
2026-10-03,0,wk inc covid hosp,2026-10-03,31,quantile,0.95,12.099062702465282
2026-10-03,0,wk inc covid hosp,2026-10-03,31,quantile,0.975,13.261644701393095
2026-10-03,0,wk inc covid hosp,2026-10-03,31,quantile,0.99,13.568605208028423
2026-10-03,0,wk inc covid hosp,2026-10-03,32,quantile,0.01,5.4113642039144425
2026-10-03,0,wk inc covid hosp,2026-10-03,32,quantile,0.025,12.318621070205992
2026-10-03,0,wk inc covid hosp,2026-10-03,32,quantile,0.05,15.40941841346969
2026-10-03,0,wk inc covid hosp,2026-10-03,32,quantile,0.1,20.25762023437033
2026-10-03,0,wk inc covid hosp,2026-10-03,32,quantile,0.15,21.95340240227705
2026-10-03,0,wk inc covid hosp,2026-10-03,32,quantile,0.2,23.514613419188823
2026-10-03,0,wk inc covid hosp,2026-10-03,32,quantile,0.25,23.79498398162869
2026-10-03,0,wk inc covid hosp,2026-10-03,32,quantile,0.3,24.46523937078173
2026-10-03,0,wk inc covid hosp,2026-10-03,32,quantile,0.35,25.329173048732493
2026-10-03,0,wk inc covid hosp,2026-10-03,32,quantile,0.4,26.40511352992418
2026-10-03,0,wk inc covid hosp,2026-10-03,32,quantile,0.45,27.275223665529772
2026-10-03,0,wk inc covid hosp,2026-10-03,32,quantile,0.5,28.61166053755548
2026-10-03,0,wk inc covid hosp,2026-10-03,32,quantile,0.55,32.27425832749779
2026-10-03,0,wk inc covid hosp,2026-10-03,32,quantile,0.6,33.60759944828194
2026-10-03,0,wk inc covid hosp,2026-10-03,32,quantile,0.65,34.93222705545959
2026-10-03,0,wk inc covid hosp,2026-10-03,32,quantile,0.7,35.72024153435016
2026-10-03,0,wk inc covid hosp,2026-10-03,32,quantile,0.75,36.0762880169326
2026-10-03,0,wk inc covid hosp,2026-10-03,32,quantile,0.8,36.424358530908556
2026-10-03,0,wk inc covid hosp,2026-10-03,32,quantile,0.85,39.98810234808716
2026-10-03,0,wk inc covid hosp,2026-10-03,32,quantile,0.9,41.700888625775406
2026-10-03,0,wk inc covid hosp,2026-10-03,32,quantile,0.95,52.00913407408484
2026-10-03,0,wk inc covid hosp,2026-10-03,32,quantile,0.975,55.862688001708776
2026-10-03,0,wk inc covid hosp,2026-10-03,32,quantile,0.99,58.633416868444215
2026-10-03,0,wk inc covid hosp,2026-10-03,33,quantile,0.01,4.911581983902951
2026-10-03,0,wk inc covid hosp,2026-10-03,33,quantile,0.025,5.234883478793335
2026-10-03,0,wk inc covid hosp,2026-10-03,33,quantile,0.05,5.988679270961597
2026-10-03,0,wk inc covid hosp,2026-10-03,33,quantile,0.1,7.184755802270329
2026-10-03,0,wk inc covid hosp,2026-10-03,33,quantile,0.15,8.351240174148899
2026-10-03,0,wk inc covid hosp,2026-10-03,33,quantile,0.2,9.151413323765507
2026-10-03,0,wk inc covid hosp,2026-10-03,33,quantile,0.25,9.285720477093072
2026-10-03,0,wk inc covid hosp,2026-10-03,33,quantile,0.3,9.497398975467632
2026-10-03,0,wk inc covid hosp,2026-10-03,33,quantile,0.35,10.528875439361908
2026-10-03,0,wk inc covid hosp,2026-10-03,33,quantile,0.4,12.400061376751443
2026-10-03,0,wk inc covid hosp,2026-10-03,33,quantile,0.45,13.635323995266303
2026-10-03,0,wk inc covid hosp,2026-10-03,33,quantile,0.5,14.0929554194964
2026-10-03,0,wk inc covid hosp,2026-10-03,33,quantile,0.55,14.707086247024826
2026-10-03,0,wk inc covid hosp,2026-10-03,33,quantile,0.6,15.459033453305299
2026-10-03,0,wk inc covid hosp,2026-10-03,33,quantile,0.65,16.558869097042262
2026-10-03,0,wk inc covid hosp,2026-10-03,33,quantile,0.7,17.930926095187726
2026-10-03,0,wk inc covid hosp,2026-10-03,33,quantile,0.75,18.239702313074137
2026-10-03,0,wk inc covid hosp,2026-10-03,33,quantile,0.8,18.54290769368666
2026-10-03,0,wk inc covid hosp,2026-10-03,33,quantile,0.85,20.017343703727057
2026-10-03,0,wk inc covid hosp,2026-10-03,33,quantile,0.9,23.015905000962967
2026-10-03,0,wk inc covid hosp,2026-10-03,33,quantile,0.95,24.701033226826237
2026-10-03,0,wk inc covid hosp,2026-10-03,33,quantile,0.975,26.35777099202955
2026-10-03,0,wk inc covid hosp,2026-10-03,33,quantile,0.99,32.39690816996247
2026-10-03,0,wk inc covid hosp,2026-10-03,34,quantile,0.01,97.1423132793495
2026-10-03,0,wk inc covid hosp,2026-10-03,34,quantile,0.025,110.91480814036218
2026-10-03,0,wk inc covid hosp,2026-10-03,34,quantile,0.05,115.09273174167801
2026-10-03,0,wk inc covid hosp,2026-10-03,34,quantile,0.1,120.44899348096601
2026-10-03,0,wk inc covid hosp,2026-10-03,34,quantile,0.15,127.63552174400324
2026-10-03,0,wk inc covid hosp,2026-10-03,34,quantile,0.2,145.4746170178244
2026-10-03,0,wk inc covid hosp,2026-10-03,34,quantile,0.25,146.93885884110722
2026-10-03,0,wk inc covid hosp,2026-10-03,34,quantile,0.3,148.53595040744383
2026-10-03,0,wk inc covid hosp,2026-10-03,34,quantile,0.35,149.9633329033376
2026-10-03,0,wk inc covid hosp,2026-10-03,34,quantile,0.4,154.43700805224722
2026-10-03,0,wk inc covid hosp,2026-10-03,34,quantile,0.45,155.30206099195573
2026-10-03,0,wk inc covid hosp,2026-10-03,34,quantile,0.5,158.42239885822744
2026-10-03,0,wk inc covid hosp,2026-10-03,34,quantile,0.55,163.45741163129622
2026-10-03,0,wk inc covid hosp,2026-10-03,34,quantile,0.6,169.64762550332443
2026-10-03,0,wk inc covid hosp,2026-10-03,34,quantile,0.65,173.83916588096037
2026-10-03,0,wk inc covid hosp,2026-10-03,34,quantile,0.7,177.53282157416086
2026-10-03,0,wk inc covid hosp,2026-10-03,34,quantile,0.75,181.98978760092947
2026-10-03,0,wk inc covid hosp,2026-10-03,34,quantile,0.8,186.87671912637353
2026-10-03,0,wk inc covid hosp,2026-10-03,34,quantile,0.85,200.73904026141608
2026-10-03,0,wk inc covid hosp,2026-10-03,34,quantile,0.9,207.7955285521372
2026-10-03,0,wk inc covid hosp,2026-10-03,34,quantile,0.95,214.20219927371818
2026-10-03,0,wk inc covid hosp,2026-10-03,34,quantile,0.975,260.42386786618687
2026-10-03,0,wk inc covid hosp,2026-10-03,34,quantile,0.99,294.5376460168544
2026-10-03,0,wk inc covid hosp,2026-10-03,35,quantile,0.01,0.4386624686621193
2026-10-03,0,wk inc covid hosp,2026-10-03,35,quantile,0.025,1.2304056690010012
2026-10-03,0,wk inc covid hosp,2026-10-03,35,quantile,0.05,1.7383195849115896
2026-10-03,0,wk inc covid hosp,2026-10-03,35,quantile,0.1,2.53511927397326
2026-10-03,0,wk inc covid hosp,2026-10-03,35,quantile,0.15,3.480821016470624
2026-10-03,0,wk inc covid hosp,2026-10-03,35,quantile,0.2,3.79011960187601
2026-10-03,0,wk inc covid hosp,2026-10-03,35,quantile,0.25,4.291571502359229
2026-10-03,0,wk inc covid hosp,2026-10-03,35,quantile,0.3,4.619122001755363
2026-10-03,0,wk inc covid hosp,2026-10-03,35,quantile,0.35,5.666487178005787
2026-10-03,0,wk inc covid hosp,2026-10-03,35,quantile,0.4,6.5369974634298265
2026-10-03,0,wk inc covid hosp,2026-10-03,35,quantile,0.45,6.835788146381877
2026-10-03,0,wk inc covid hosp,2026-10-03,35,quantile,0.5,7.00131227841708
2026-10-03,0,wk inc covid hosp,2026-10-03,35,quantile,0.55,7.9626744818280715
2026-10-03,0,wk inc covid hosp,2026-10-03,35,quantile,0.6,8.252210198258837
2026-10-03,0,wk inc covid hosp,2026-10-03,35,quantile,0.65,8.925725260501743
2026-10-03,0,wk inc covid hosp,2026-10-03,35,quantile,0.7,9.394545180205682
2026-10-03,0,wk inc covid hosp,2026-10-03,35,quantile,0.75,9.685410105860923
2026-10-03,0,wk inc covid hosp,2026-10-03,35,quantile,0.8,10.024083492040923
2026-10-03,0,wk inc covid hosp,2026-10-03,35,quantile,0.85,10.353965072054766
2026-10-03,0,wk inc covid hosp,2026-10-03,35,quantile,0.9,11.554495410416353
2026-10-03,0,wk inc covid hosp,2026-10-03,35,quantile,0.95,13.343969221976868
2026-10-03,0,wk inc covid hosp,2026-10-03,35,quantile,0.975,14.236068182066393
2026-10-03,0,wk inc covid hosp,2026-10-03,35,quantile,0.99,18.897195615564026
2026-10-03,0,wk inc covid hosp,2026-10-03,36,quantile,0.01,119.67630679031457
2026-10-03,0,wk inc covid hosp,2026-10-03,36,quantile,0.025,199.1001534428007
2026-10-03,0,wk inc covid hosp,2026-10-03,36,quantile,0.05,208.81818350269555
2026-10-03,0,wk inc covid hosp,2026-10-03,36,quantile,0.1,234.52041097516917
2026-10-03,0,wk inc covid hosp,2026-10-03,36,quantile,0.15,251.4790011024802
2026-10-03,0,wk inc covid hosp,2026-10-03,36,quantile,0.2,256.73258330357555
2026-10-03,0,wk inc covid hosp,2026-10-03,36,quantile,0.25,258.87702236179604
2026-10-03,0,wk inc covid hosp,2026-10-03,36,quantile,0.3,262.0777543646183
2026-10-03,0,wk inc covid hosp,2026-10-03,36,quantile,0.35,275.4373491702361
2026-10-03,0,wk inc covid hosp,2026-10-03,36,quantile,0.4,279.7275025957886
2026-10-03,0,wk inc covid hosp,2026-10-03,36,quantile,0.45,283.18408084873187
2026-10-03,0,wk inc covid hosp,2026-10-03,36,quantile,0.5,286.41539876878267
2026-10-03,0,wk inc covid hosp,2026-10-03,36,quantile,0.55,288.83055182604994
2026-10-03,0,wk inc covid hosp,2026-10-03,36,quantile,0.6,291.986844064106
2026-10-03,0,wk inc covid hosp,2026-10-03,36,quantile,0.65,298.28600139283685
2026-10-03,0,wk inc covid hosp,2026-10-03,36,quantile,0.7,305.03268173004295
2026-10-03,0,wk inc covid hosp,2026-10-03,36,quantile,0.75,313.4745377278321
2026-10-03,0,wk inc covid hosp,2026-10-03,36,quantile,0.8,317.8700215459817
2026-10-03,0,wk inc covid hosp,2026-10-03,36,quantile,0.85,324.26505248443016
2026-10-03,0,wk inc covid hosp,2026-10-03,36,quantile,0.9,339.97010913824863
2026-10-03,0,wk inc covid hosp,2026-10-03,36,quantile,0.95,353.61535513683003
2026-10-03,0,wk inc covid hosp,2026-10-03,36,quantile,0.975,359.15537371672605
2026-10-03,0,wk inc covid hosp,2026-10-03,36,quantile,0.99,449.73997703436993
2026-10-03,0,wk inc covid hosp,2026-10-03,37,quantile,0.01,79.6345084832656
2026-10-03,0,wk inc covid hosp,2026-10-03,37,quantile,0.025,98.79917264081467
2026-10-03,0,wk inc covid hosp,2026-10-03,37,quantile,0.05,115.59874844111488
2026-10-03,0,wk inc covid hosp,2026-10-03,37,quantile,0.1,126.2917253755861
2026-10-03,0,wk inc covid hosp,2026-10-03,37,quantile,0.15,132.8079545356817
2026-10-03,0,wk inc covid hosp,2026-10-03,37,quantile,0.2,134.50347653024681
2026-10-03,0,wk inc covid hosp,2026-10-03,37,quantile,0.25,140.0169204848728
2026-10-03,0,wk inc covid hosp,2026-10-03,37,quantile,0.3,143.8549748143244
2026-10-03,0,wk inc covid hosp,2026-10-03,37,quantile,0.35,147.17475090875618
2026-10-03,0,wk inc covid hosp,2026-10-03,37,quantile,0.4,153.2052059867387
2026-10-03,0,wk inc covid hosp,2026-10-03,37,quantile,0.45,155.9179327659146
2026-10-03,0,wk inc covid hosp,2026-10-03,37,quantile,0.5,157.6895004948724
2026-10-03,0,wk inc covid hosp,2026-10-03,37,quantile,0.55,161.93208628345857
2026-10-03,0,wk inc covid hosp,2026-10-03,37,quantile,0.6,172.40033894816193
2026-10-03,0,wk inc covid hosp,2026-10-03,37,quantile,0.65,175.72269965222404
2026-10-03,0,wk inc covid hosp,2026-10-03,37,quantile,0.7,179.8452377271845
2026-10-03,0,wk inc covid hosp,2026-10-03,37,quantile,0.75,183.62613336891496
2026-10-03,0,wk inc covid hosp,2026-10-03,37,quantile,0.8,189.82189959226886
2026-10-03,0,wk inc covid hosp,2026-10-03,37,quantile,0.85,195.41998938542787
2026-10-03,0,wk inc covid hosp,2026-10-03,37,quantile,0.9,199.3782772590765
2026-10-03,0,wk inc covid hosp,2026-10-03,37,quantile,0.95,211.19618679994574
2026-10-03,0,wk inc covid hosp,2026-10-03,37,quantile,0.975,217.3375443107572
2026-10-03,0,wk inc covid hosp,2026-10-03,37,quantile,0.99,227.54851551188722
2026-10-03,0,wk inc covid hosp,2026-10-03,38,quantile,0.01,0.0
2026-10-03,0,wk inc covid hosp,2026-10-03,38,quantile,0.025,0.0
2026-10-03,0,wk inc covid hosp,2026-10-03,38,quantile,0.05,0.1524246673602404
2026-10-03,0,wk inc covid hosp,2026-10-03,38,quantile,0.1,0.4149021083048692
2026-10-03,0,wk inc covid hosp,2026-10-03,38,quantile,0.15,0.4602272047726213
2026-10-03,0,wk inc covid hosp,2026-10-03,38,quantile,0.2,0.9715695297072499
2026-10-03,0,wk inc covid hosp,2026-10-03,38,quantile,0.25,1.043752208774116
2026-10-03,0,wk inc covid hosp,2026-10-03,38,quantile,0.3,1.3914974146520211
2026-10-03,0,wk inc covid hosp,2026-10-03,38,quantile,0.35,1.5646410134028943
2026-10-03,0,wk inc covid hosp,2026-10-03,38,quantile,0.4,1.738210090130004
2026-10-03,0,wk inc covid hosp,2026-10-03,38,quantile,0.45,1.791348476971761
2026-10-03,0,wk inc covid hosp,2026-10-03,38,quantile,0.5,2.1044190488703904
2026-10-03,0,wk inc covid hosp,2026-10-03,38,quantile,0.55,2.504297768267202
2026-10-03,0,wk inc covid hosp,2026-10-03,38,quantile,0.6,2.7790715425578227
2026-10-03,0,wk inc covid hosp,2026-10-03,38,quantile,0.65,3.0754474416780933
2026-10-03,0,wk inc covid hosp,2026-10-03,38,quantile,0.7,3.3602432623196594
2026-10-03,0,wk inc covid hosp,2026-10-03,38,quantile,0.75,3.4342288086569055
2026-10-03,0,wk inc covid hosp,2026-10-03,38,quantile,0.8,3.6834583052080845
2026-10-03,0,wk inc covid hosp,2026-10-03,38,quantile,0.85,4.342157804814879
2026-10-03,0,wk inc covid hosp,2026-10-03,38,quantile,0.9,5.2240838320987235
2026-10-03,0,wk inc covid hosp,2026-10-03,38,quantile,0.95,5.816081100456051
2026-10-03,0,wk inc covid hosp,2026-10-03,38,quantile,0.975,6.781774572400398
2026-10-03,0,wk inc covid hosp,2026-10-03,38,quantile,0.99,8.229325861071015
2026-10-03,0,wk inc covid hosp,2026-10-03,39,quantile,0.01,18.14387629032858
2026-10-03,0,wk inc covid hosp,2026-10-03,39,quantile,0.025,26.35481294236802
2026-10-03,0,wk inc covid hosp,2026-10-03,39,quantile,0.05,33.79299870145276
2026-10-03,0,wk inc covid hosp,2026-10-03,39,quantile,0.1,44.23003903543946
2026-10-03,0,wk inc covid hosp,2026-10-03,39,quantile,0.15,46.50566146910935
2026-10-03,0,wk inc covid hosp,2026-10-03,39,quantile,0.2,49.67125057078527
2026-10-03,0,wk inc covid hosp,2026-10-03,39,quantile,0.25,52.419502358078006
2026-10-03,0,wk inc covid hosp,2026-10-03,39,quantile,0.3,54.879589648447855
2026-10-03,0,wk inc covid hosp,2026-10-03,39,quantile,0.35,56.67697205508072
2026-10-03,0,wk inc covid hosp,2026-10-03,39,quantile,0.4,57.94676765641352
2026-10-03,0,wk inc covid hosp,2026-10-03,39,quantile,0.45,62.88670985720122
2026-10-03,0,wk inc covid hosp,2026-10-03,39,quantile,0.5,64.3754846765437
2026-10-03,0,wk inc covid hosp,2026-10-03,39,quantile,0.55,66.99521026010856
2026-10-03,0,wk inc covid hosp,2026-10-03,39,quantile,0.6,67.92197902931737
2026-10-03,0,wk inc covid hosp,2026-10-03,39,quantile,0.65,69.60138030738304
2026-10-03,0,wk inc covid hosp,2026-10-03,39,quantile,0.7,70.52217445650254
2026-10-03,0,wk inc covid hosp,2026-10-03,39,quantile,0.75,73.5313045090754
2026-10-03,0,wk inc covid hosp,2026-10-03,39,quantile,0.8,77.61509101659544
2026-10-03,0,wk inc covid hosp,2026-10-03,39,quantile,0.85,83.3427572356029
2026-10-03,0,wk inc covid hosp,2026-10-03,39,quantile,0.9,88.90535722406369
2026-10-03,0,wk inc covid hosp,2026-10-03,39,quantile,0.95,94.45886564242505
2026-10-03,0,wk inc covid hosp,2026-10-03,39,quantile,0.975,111.50660455070418
2026-10-03,0,wk inc covid hosp,2026-10-03,39,quantile,0.99,116.47895099987325
2026-10-03,0,wk inc covid hosp,2026-10-03,40,quantile,0.01,3.4400077693033726
2026-10-03,0,wk inc covid hosp,2026-10-03,40,quantile,0.025,4.833277479518507
2026-10-03,0,wk inc covid hosp,2026-10-03,40,quantile,0.05,6.071554854346965
2026-10-03,0,wk inc covid hosp,2026-10-03,40,quantile,0.1,7.255379837473249
2026-10-03,0,wk inc covid hosp,2026-10-03,40,quantile,0.15,7.900649512681559
2026-10-03,0,wk inc covid hosp,2026-10-03,40,quantile,0.2,8.166010365634191
2026-10-03,0,wk inc covid hosp,2026-10-03,40,quantile,0.25,9.159736360033222
2026-10-03,0,wk inc covid hosp,2026-10-03,40,quantile,0.3,11.282463548647598
2026-10-03,0,wk inc covid hosp,2026-10-03,40,quantile,0.35,12.886654174475195
2026-10-03,0,wk inc covid hosp,2026-10-03,40,quantile,0.4,13.437549532666221
2026-10-03,0,wk inc covid hosp,2026-10-03,40,quantile,0.45,13.84007557655723
2026-10-03,0,wk inc covid hosp,2026-10-03,40,quantile,0.5,14.117674730161623
2026-10-03,0,wk inc covid hosp,2026-10-03,40,quantile,0.55,14.79117750108344
2026-10-03,0,wk inc covid hosp,2026-10-03,40,quantile,0.6,17.269078025337663
2026-10-03,0,wk inc covid hosp,2026-10-03,40,quantile,0.65,17.990050159634063
2026-10-03,0,wk inc covid hosp,2026-10-03,40,quantile,0.7,18.323822552702357
2026-10-03,0,wk inc covid hosp,2026-10-03,40,quantile,0.75,19.885613153974447
2026-10-03,0,wk inc covid hosp,2026-10-03,40,quantile,0.8,20.337041473470258
2026-10-03,0,wk inc covid hosp,2026-10-03,40,quantile,0.85,21.174077661775776
2026-10-03,0,wk inc covid hosp,2026-10-03,40,quantile,0.9,22.15943119623099
2026-10-03,0,wk inc covid hosp,2026-10-03,40,quantile,0.95,26.11473851862133
2026-10-03,0,wk inc covid hosp,2026-10-03,40,quantile,0.975,30.353084073135257
2026-10-03,0,wk inc covid hosp,2026-10-03,40,quantile,0.99,31.708783903130016
2026-10-03,0,wk inc covid hosp,2026-10-03,41,quantile,0.01,27.99435164007424
2026-10-03,0,wk inc covid hosp,2026-10-03,41,quantile,0.025,28.911712347673955
2026-10-03,0,wk inc covid hosp,2026-10-03,41,quantile,0.05,31.260323104333846
2026-10-03,0,wk inc covid hosp,2026-10-03,41,quantile,0.1,35.20324129086939
2026-10-03,0,wk inc covid hosp,2026-10-03,41,quantile,0.15,36.34338169053971
2026-10-03,0,wk inc covid hosp,2026-10-03,41,quantile,0.2,37.60578357041844
2026-10-03,0,wk inc covid hosp,2026-10-03,41,quantile,0.25,39.71526596674364
2026-10-03,0,wk inc covid hosp,2026-10-03,41,quantile,0.3,43.365902510804446
2026-10-03,0,wk inc covid hosp,2026-10-03,41,quantile,0.35,44.572269145374634
2026-10-03,0,wk inc covid hosp,2026-10-03,41,quantile,0.4,45.88879189710879
2026-10-03,0,wk inc covid hosp,2026-10-03,41,quantile,0.45,47.72855694629208
2026-10-03,0,wk inc covid hosp,2026-10-03,41,quantile,0.5,49.39109746715453
2026-10-03,0,wk inc covid hosp,2026-10-03,41,quantile,0.55,50.74765378548321
2026-10-03,0,wk inc covid hosp,2026-10-03,41,quantile,0.6,52.505467470801676
2026-10-03,0,wk inc covid hosp,2026-10-03,41,quantile,0.65,53.48666835390756
2026-10-03,0,wk inc covid hosp,2026-10-03,41,quantile,0.7,57.57125886633506
2026-10-03,0,wk inc covid hosp,2026-10-03,41,quantile,0.75,59.194915829580324
2026-10-03,0,wk inc covid hosp,2026-10-03,41,quantile,0.8,60.83759021963237
2026-10-03,0,wk inc covid hosp,2026-10-03,41,quantile,0.85,62.15877667214956
2026-10-03,0,wk inc covid hosp,2026-10-03,41,quantile,0.9,63.57406379600057
2026-10-03,0,wk inc covid hosp,2026-10-03,41,quantile,0.95,67.49552212753358
2026-10-03,0,wk inc covid hosp,2026-10-03,41,quantile,0.975,72.12736308003797
2026-10-03,0,wk inc covid hosp,2026-10-03,41,quantile,0.99,75.97739061947667
2026-10-03,0,wk inc covid hosp,2026-10-03,42,quantile,0.01,147.6890208341129
2026-10-03,0,wk inc covid hosp,2026-10-03,42,quantile,0.025,148.6585545727559
2026-10-03,0,wk inc covid hosp,2026-10-03,42,quantile,0.05,155.15836834416444
2026-10-03,0,wk inc covid hosp,2026-10-03,42,quantile,0.1,168.30562777258706
2026-10-03,0,wk inc covid hosp,2026-10-03,42,quantile,0.15,174.00201751841354
2026-10-03,0,wk inc covid hosp,2026-10-03,42,quantile,0.2,182.24756677225156
2026-10-03,0,wk inc covid hosp,2026-10-03,42,quantile,0.25,186.22223107708254
2026-10-03,0,wk inc covid hosp,2026-10-03,42,quantile,0.3,192.42122535829006
2026-10-03,0,wk inc covid hosp,2026-10-03,42,quantile,0.35,196.18163741924087
2026-10-03,0,wk inc covid hosp,2026-10-03,42,quantile,0.4,200.34737700420408
2026-10-03,0,wk inc covid hosp,2026-10-03,42,quantile,0.45,202.02371161889664
2026-10-03,0,wk inc covid hosp,2026-10-03,42,quantile,0.5,204.8270076599448
2026-10-03,0,wk inc covid hosp,2026-10-03,42,quantile,0.55,206.68424216529394
2026-10-03,0,wk inc covid hosp,2026-10-03,42,quantile,0.6,211.51206539056597
2026-10-03,0,wk inc covid hosp,2026-10-03,42,quantile,0.65,212.23103358512526
2026-10-03,0,wk inc covid hosp,2026-10-03,42,quantile,0.7,219.9571021031698
2026-10-03,0,wk inc covid hosp,2026-10-03,42,quantile,0.75,223.16387595901256
2026-10-03,0,wk inc covid hosp,2026-10-03,42,quantile,0.8,228.18451905334368
2026-10-03,0,wk inc covid hosp,2026-10-03,42,quantile,0.85,231.67132215813604
2026-10-03,0,wk inc covid hosp,2026-10-03,42,quantile,0.9,248.2162743240995
2026-10-03,0,wk inc covid hosp,2026-10-03,42,quantile,0.95,278.67170673537714
2026-10-03,0,wk inc covid hosp,2026-10-03,42,quantile,0.975,313.0437724691988
2026-10-03,0,wk inc covid hosp,2026-10-03,42,quantile,0.99,331.6130726701714
2026-10-03,0,wk inc covid hosp,2026-10-03,44,quantile,0.01,1.0389885816595257
2026-10-03,0,wk inc covid hosp,2026-10-03,44,quantile,0.025,1.3617325063720793
2026-10-03,0,wk inc covid hosp,2026-10-03,44,quantile,0.05,2.7271359107202113
2026-10-03,0,wk inc covid hosp,2026-10-03,44,quantile,0.1,5.382973756916212
2026-10-03,0,wk inc covid hosp,2026-10-03,44,quantile,0.15,6.647814556597838
2026-10-03,0,wk inc covid hosp,2026-10-03,44,quantile,0.2,7.475441784444158
2026-10-03,0,wk inc covid hosp,2026-10-03,44,quantile,0.25,8.061202988863414
2026-10-03,0,wk inc covid hosp,2026-10-03,44,quantile,0.3,8.669428292894523
2026-10-03,0,wk inc covid hosp,2026-10-03,44,quantile,0.35,8.890570624047733
2026-10-03,0,wk inc covid hosp,2026-10-03,44,quantile,0.4,9.261802784703248
2026-10-03,0,wk inc covid hosp,2026-10-03,44,quantile,0.45,9.816016723714338
2026-10-03,0,wk inc covid hosp,2026-10-03,44,quantile,0.5,10.298704210624377
2026-10-03,0,wk inc covid hosp,2026-10-03,44,quantile,0.55,10.496905301358463
2026-10-03,0,wk inc covid hosp,2026-10-03,44,quantile,0.6,12.80945515042727
2026-10-03,0,wk inc covid hosp,2026-10-03,44,quantile,0.65,15.085472366721918
2026-10-03,0,wk inc covid hosp,2026-10-03,44,quantile,0.7,17.03483856473752
2026-10-03,0,wk inc covid hosp,2026-10-03,44,quantile,0.75,17.98684314085127
2026-10-03,0,wk inc covid hosp,2026-10-03,44,quantile,0.8,18.91473420687173
2026-10-03,0,wk inc covid hosp,2026-10-03,44,quantile,0.85,20.694382138179044
2026-10-03,0,wk inc covid hosp,2026-10-03,44,quantile,0.9,21.68004517126465
2026-10-03,0,wk inc covid hosp,2026-10-03,44,quantile,0.95,22.513938072075195
2026-10-03,0,wk inc covid hosp,2026-10-03,44,quantile,0.975,24.72336671153344
2026-10-03,0,wk inc covid hosp,2026-10-03,44,quantile,0.99,26.308590749902972
2026-10-03,0,wk inc covid hosp,2026-10-03,45,quantile,0.01,18.76733609651758
2026-10-03,0,wk inc covid hosp,2026-10-03,45,quantile,0.025,23.625454871746154
2026-10-03,0,wk inc covid hosp,2026-10-03,45,quantile,0.05,33.16844151268996
2026-10-03,0,wk inc covid hosp,2026-10-03,45,quantile,0.1,40.55279913691231
2026-10-03,0,wk inc covid hosp,2026-10-03,45,quantile,0.15,43.72314794942966
2026-10-03,0,wk inc covid hosp,2026-10-03,45,quantile,0.2,47.632445254654805
2026-10-03,0,wk inc covid hosp,2026-10-03,45,quantile,0.25,53.40063217227785
2026-10-03,0,wk inc covid hosp,2026-10-03,45,quantile,0.3,54.87482769214084
2026-10-03,0,wk inc covid hosp,2026-10-03,45,quantile,0.35,56.737669181372155
2026-10-03,0,wk inc covid hosp,2026-10-03,45,quantile,0.4,60.389670034515525
2026-10-03,0,wk inc covid hosp,2026-10-03,45,quantile,0.45,62.15141857894667
2026-10-03,0,wk inc covid hosp,2026-10-03,45,quantile,0.5,62.994900501316515
2026-10-03,0,wk inc covid hosp,2026-10-03,45,quantile,0.55,67.6140193268143
2026-10-03,0,wk inc covid hosp,2026-10-03,45,quantile,0.6,70.28551704018045
2026-10-03,0,wk inc covid hosp,2026-10-03,45,quantile,0.65,71.36095429669207
2026-10-03,0,wk inc covid hosp,2026-10-03,45,quantile,0.7,72.25321560757527
2026-10-03,0,wk inc covid hosp,2026-10-03,45,quantile,0.75,73.41512485057955
2026-10-03,0,wk inc covid hosp,2026-10-03,45,quantile,0.8,75.47505024794287
2026-10-03,0,wk inc covid hosp,2026-10-03,45,quantile,0.85,80.42142662822282
2026-10-03,0,wk inc covid hosp,2026-10-03,45,quantile,0.9,92.04641193951323
2026-10-03,0,wk inc covid hosp,2026-10-03,45,quantile,0.95,96.40811283110156
2026-10-03,0,wk inc covid hosp,2026-10-03,45,quantile,0.975,97.76157417504356
2026-10-03,0,wk inc covid hosp,2026-10-03,45,quantile,0.99,98.12819380953184
2026-10-03,0,wk inc covid hosp,2026-10-03,46,quantile,0.01,0.0
2026-10-03,0,wk inc covid hosp,2026-10-03,46,quantile,0.025,0.0
2026-10-03,0,wk inc covid hosp,2026-10-03,46,quantile,0.05,0.05058364861120611
2026-10-03,0,wk inc covid hosp,2026-10-03,46,quantile,0.1,0.10809167864955377
2026-10-03,0,wk inc covid hosp,2026-10-03,46,quantile,0.15,0.4730131017128541
2026-10-03,0,wk inc covid hosp,2026-10-03,46,quantile,0.2,0.5151261032066512
2026-10-03,0,wk inc covid hosp,2026-10-03,46,quantile,0.25,0.8206440046940211
2026-10-03,0,wk inc covid hosp,2026-10-03,46,quantile,0.3,1.3970810039108268
2026-10-03,0,wk inc covid hosp,2026-10-03,46,quantile,0.35,1.7927564139067727
2026-10-03,0,wk inc covid hosp,2026-10-03,46,quantile,0.4,2.000980151969314
2026-10-03,0,wk inc covid hosp,2026-10-03,46,quantile,0.45,2.212098402527922
2026-10-03,0,wk inc covid hosp,2026-10-03,46,quantile,0.5,2.547376094059536
2026-10-03,0,wk inc covid hosp,2026-10-03,46,quantile,0.55,2.6382600673802066
2026-10-03,0,wk inc covid hosp,2026-10-03,46,quantile,0.6,3.20046764235384
2026-10-03,0,wk inc covid hosp,2026-10-03,46,quantile,0.65,3.3011168411778087
2026-10-03,0,wk inc covid hosp,2026-10-03,46,quantile,0.7,3.465934209627726
2026-10-03,0,wk inc covid hosp,2026-10-03,46,quantile,0.75,3.634575494847584
2026-10-03,0,wk inc covid hosp,2026-10-03,46,quantile,0.8,3.9549280325082297
2026-10-03,0,wk inc covid hosp,2026-10-03,46,quantile,0.85,4.902678324405195
2026-10-03,0,wk inc covid hosp,2026-10-03,46,quantile,0.9,5.583488258989817
2026-10-03,0,wk inc covid hosp,2026-10-03,46,quantile,0.95,10.045672898612182
2026-10-03,0,wk inc covid hosp,2026-10-03,46,quantile,0.975,12.13023881738089
2026-10-03,0,wk inc covid hosp,2026-10-03,46,quantile,0.99,12.515376981863627
2026-10-03,0,wk inc covid hosp,2026-10-03,47,quantile,0.01,19.694559822077494
2026-10-03,0,wk inc covid hosp,2026-10-03,47,quantile,0.025,22.46600148158134
2026-10-03,0,wk inc covid hosp,2026-10-03,47,quantile,0.05,30.21376679600632
2026-10-03,0,wk inc covid hosp,2026-10-03,47,quantile,0.1,38.34629760532294
2026-10-03,0,wk inc covid hosp,2026-10-03,47,quantile,0.15,45.67052456351838
2026-10-03,0,wk inc covid hosp,2026-10-03,47,quantile,0.2,47.980655951838486
2026-10-03,0,wk inc covid hosp,2026-10-03,47,quantile,0.25,56.23510201595396
2026-10-03,0,wk inc covid hosp,2026-10-03,47,quantile,0.3,58.3285143621276
2026-10-03,0,wk inc covid hosp,2026-10-03,47,quantile,0.35,60.712370522982695
2026-10-03,0,wk inc covid hosp,2026-10-03,47,quantile,0.4,61.842055480741436
2026-10-03,0,wk inc covid hosp,2026-10-03,47,quantile,0.45,63.773473961904635
2026-10-03,0,wk inc covid hosp,2026-10-03,47,quantile,0.5,65.31297618086778
2026-10-03,0,wk inc covid hosp,2026-10-03,47,quantile,0.55,66.35303619241125
2026-10-03,0,wk inc covid hosp,2026-10-03,47,quantile,0.6,69.09212367461443
2026-10-03,0,wk inc covid hosp,2026-10-03,47,quantile,0.65,69.90069543252375
2026-10-03,0,wk inc covid hosp,2026-10-03,47,quantile,0.7,72.46589880095914
2026-10-03,0,wk inc covid hosp,2026-10-03,47,quantile,0.75,75.61088637356664
2026-10-03,0,wk inc covid hosp,2026-10-03,47,quantile,0.8,78.71109412865769
2026-10-03,0,wk inc covid hosp,2026-10-03,47,quantile,0.85,83.49948528148064
2026-10-03,0,wk inc covid hosp,2026-10-03,47,quantile,0.9,91.64982429397361
2026-10-03,0,wk inc covid hosp,2026-10-03,47,quantile,0.95,96.08604260871553
2026-10-03,0,wk inc covid hosp,2026-10-03,47,quantile,0.975,102.1680879703675
2026-10-03,0,wk inc covid hosp,2026-10-03,47,quantile,0.99,154.38244718332973
2026-10-03,0,wk inc covid hosp,2026-10-03,48,quantile,0.01,90.95237149738583
2026-10-03,0,wk inc covid hosp,2026-10-03,48,quantile,0.025,185.14026138015447
2026-10-03,0,wk inc covid hosp,2026-10-03,48,quantile,0.05,248.30380130516707
2026-10-03,0,wk inc covid hosp,2026-10-03,48,quantile,0.1,284.78610273328974
2026-10-03,0,wk inc covid hosp,2026-10-03,48,quantile,0.15,294.80715964622084
2026-10-03,0,wk inc covid hosp,2026-10-03,48,quantile,0.2,324.2821123529835
2026-10-03,0,wk inc covid hosp,2026-10-03,48,quantile,0.25,332.17622149525465
2026-10-03,0,wk inc covid hosp,2026-10-03,48,quantile,0.3,342.456552355128
2026-10-03,0,wk inc covid hosp,2026-10-03,48,quantile,0.35,347.34705161295165
2026-10-03,0,wk inc covid hosp,2026-10-03,48,quantile,0.4,363.2055414349891
2026-10-03,0,wk inc covid hosp,2026-10-03,48,quantile,0.45,368.5726407905422
2026-10-03,0,wk inc covid hosp,2026-10-03,48,quantile,0.5,372.41736347913763
2026-10-03,0,wk inc covid hosp,2026-10-03,48,quantile,0.55,382.888966522763
2026-10-03,0,wk inc covid hosp,2026-10-03,48,quantile,0.6,386.9326521825021
2026-10-03,0,wk inc covid hosp,2026-10-03,48,quantile,0.65,392.1106609860092
2026-10-03,0,wk inc covid hosp,2026-10-03,48,quantile,0.7,404.29430109683994
2026-10-03,0,wk inc covid hosp,2026-10-03,48,quantile,0.75,409.9864290684169
2026-10-03,0,wk inc covid hosp,2026-10-03,48,quantile,0.8,423.7911981135719
2026-10-03,0,wk inc covid hosp,2026-10-03,48,quantile,0.85,435.1986952442982
2026-10-03,0,wk inc covid hosp,2026-10-03,48,quantile,0.9,449.4706043728923
2026-10-03,0,wk inc covid hosp,2026-10-03,48,quantile,0.95,511.0420959190724
2026-10-03,0,wk inc covid hosp,2026-10-03,48,quantile,0.975,525.2128477122732
2026-10-03,0,wk inc covid hosp,2026-10-03,48,quantile,0.99,530.8942396809144
2026-10-03,0,wk inc covid hosp,2026-10-03,49,quantile,0.01,11.20454727666453
2026-10-03,0,wk inc covid hosp,2026-10-03,49,quantile,0.025,11.570604856989062
2026-10-03,0,wk inc covid hosp,2026-10-03,49,quantile,0.05,12.563363084770259
2026-10-03,0,wk inc covid hosp,2026-10-03,49,quantile,0.1,13.900144357525852
2026-10-03,0,wk inc covid hosp,2026-10-03,49,quantile,0.15,14.846990772609523
2026-10-03,0,wk inc covid hosp,2026-10-03,49,quantile,0.2,15.702742073198955
2026-10-03,0,wk inc covid hosp,2026-10-03,49,quantile,0.25,16.426251876202087
2026-10-03,0,wk inc covid hosp,2026-10-03,49,quantile,0.3,17.691473008223365
2026-10-03,0,wk inc covid hosp,2026-10-03,49,quantile,0.35,19.055493658229565
2026-10-03,0,wk inc covid hosp,2026-10-03,49,quantile,0.4,19.783154471423835
2026-10-03,0,wk inc covid hosp,2026-10-03,49,quantile,0.45,21.226346403604687
2026-10-03,0,wk inc covid hosp,2026-10-03,49,quantile,0.5,22.083655935962177
2026-10-03,0,wk inc covid hosp,2026-10-03,49,quantile,0.55,23.69669266947136
2026-10-03,0,wk inc covid hosp,2026-10-03,49,quantile,0.6,25.6084271628242
2026-10-03,0,wk inc covid hosp,2026-10-03,49,quantile,0.65,26.88394157828377
2026-10-03,0,wk inc covid hosp,2026-10-03,49,quantile,0.7,27.559418912495655
2026-10-03,0,wk inc covid hosp,2026-10-03,49,quantile,0.75,29.059587512656638
2026-10-03,0,wk inc covid hosp,2026-10-03,49,quantile,0.8,29.967140332278962
2026-10-03,0,wk inc covid hosp,2026-10-03,49,quantile,0.85,32.16728392394231
2026-10-03,0,wk inc covid hosp,2026-10-03,49,quantile,0.9,33.361399418101115
2026-10-03,0,wk inc covid hosp,2026-10-03,49,quantile,0.95,36.19945957137915
2026-10-03,0,wk inc covid hosp,2026-10-03,49,quantile,0.975,40.651595452176096
2026-10-03,0,wk inc covid hosp,2026-10-03,49,quantile,0.99,43.20432549379066
2026-10-03,0,wk inc covid hosp,2026-10-03,50,quantile,0.01,0.9803557177983142
2026-10-03,0,wk inc covid hosp,2026-10-03,50,quantile,0.025,1.5348018982941847
2026-10-03,0,wk inc covid hosp,2026-10-03,50,quantile,0.05,1.7181412011596446
2026-10-03,0,wk inc covid hosp,2026-10-03,50,quantile,0.1,2.8551565023121706
2026-10-03,0,wk inc covid hosp,2026-10-03,50,quantile,0.15,5.431590559142662
2026-10-03,0,wk inc covid hosp,2026-10-03,50,quantile,0.2,5.629606978451694
2026-10-03,0,wk inc covid hosp,2026-10-03,50,quantile,0.25,6.272080164295168
2026-10-03,0,wk inc covid hosp,2026-10-03,50,quantile,0.3,6.744860180786461
2026-10-03,0,wk inc covid hosp,2026-10-03,50,quantile,0.35,6.846257196684164
2026-10-03,0,wk inc covid hosp,2026-10-03,50,quantile,0.4,7.232824009592994
2026-10-03,0,wk inc covid hosp,2026-10-03,50,quantile,0.45,8.430316685313537
2026-10-03,0,wk inc covid hosp,2026-10-03,50,quantile,0.5,9.217205183358773
2026-10-03,0,wk inc covid hosp,2026-10-03,50,quantile,0.55,9.856638270326554
2026-10-03,0,wk inc covid hosp,2026-10-03,50,quantile,0.6,10.304111198726233
2026-10-03,0,wk inc covid hosp,2026-10-03,50,quantile,0.65,11.078807513443872
2026-10-03,0,wk inc covid hosp,2026-10-03,50,quantile,0.7,11.590050359009316
2026-10-03,0,wk inc covid hosp,2026-10-03,50,quantile,0.75,11.930577287255193
2026-10-03,0,wk inc covid hosp,2026-10-03,50,quantile,0.8,13.10299444106602
2026-10-03,0,wk inc covid hosp,2026-10-03,50,quantile,0.85,13.86937667264357
2026-10-03,0,wk inc covid hosp,2026-10-03,50,quantile,0.9,16.556862575294176
2026-10-03,0,wk inc covid hosp,2026-10-03,50,quantile,0.95,19.276417532644018
2026-10-03,0,wk inc covid hosp,2026-10-03,50,quantile,0.975,19.862502249559768
2026-10-03,0,wk inc covid hosp,2026-10-03,50,quantile,0.99,24.813379269023105
2026-10-03,0,wk inc covid hosp,2026-10-03,51,quantile,0.01,22.742698038230238
2026-10-03,0,wk inc covid hosp,2026-10-03,51,quantile,0.025,24.884415629520113
2026-10-03,0,wk inc covid hosp,2026-10-03,51,quantile,0.05,29.333138117219143
2026-10-03,0,wk inc covid hosp,2026-10-03,51,quantile,0.1,37.47643915270595
2026-10-03,0,wk inc covid hosp,2026-10-03,51,quantile,0.15,40.64535470846528
2026-10-03,0,wk inc covid hosp,2026-10-03,51,quantile,0.2,41.37326727407284
2026-10-03,0,wk inc covid hosp,2026-10-03,51,quantile,0.25,45.18398320777406
2026-10-03,0,wk inc covid hosp,2026-10-03,51,quantile,0.3,46.545511176965356
2026-10-03,0,wk inc covid hosp,2026-10-03,51,quantile,0.35,47.259698295357296
2026-10-03,0,wk inc covid hosp,2026-10-03,51,quantile,0.4,50.54236645756604
2026-10-03,0,wk inc covid hosp,2026-10-03,51,quantile,0.45,53.00001973504803
2026-10-03,0,wk inc covid hosp,2026-10-03,51,quantile,0.5,54.99477821465017
2026-10-03,0,wk inc covid hosp,2026-10-03,51,quantile,0.55,56.23303465666403
2026-10-03,0,wk inc covid hosp,2026-10-03,51,quantile,0.6,57.669571215623755
2026-10-03,0,wk inc covid hosp,2026-10-03,51,quantile,0.65,59.23725117543654
2026-10-03,0,wk inc covid hosp,2026-10-03,51,quantile,0.7,64.56774152005889
2026-10-03,0,wk inc covid hosp,2026-10-03,51,quantile,0.75,65.80682415884615
2026-10-03,0,wk inc covid hosp,2026-10-03,51,quantile,0.8,67.81815735234599
2026-10-03,0,wk inc covid hosp,2026-10-03,51,quantile,0.85,70.41506753108193
2026-10-03,0,wk inc covid hosp,2026-10-03,51,quantile,0.9,73.16233409993933
2026-10-03,0,wk inc covid hosp,2026-10-03,51,quantile,0.95,76.66868595098228
2026-10-03,0,wk inc covid hosp,2026-10-03,51,quantile,0.975,78.83117029946123
2026-10-03,0,wk inc covid hosp,2026-10-03,51,quantile,0.99,79.57051702989148
2026-10-03,0,wk inc covid hosp,2026-10-03,53,quantile,0.01,103.50049334912558
2026-10-03,0,wk inc covid hosp,2026-10-03,53,quantile,0.025,123.49418706059105
2026-10-03,0,wk inc covid hosp,2026-10-03,53,quantile,0.05,137.43861221761597
2026-10-03,0,wk inc covid hosp,2026-10-03,53,quantile,0.1,155.497107699663
2026-10-03,0,wk inc covid hosp,2026-10-03,53,quantile,0.15,166.24189249980893
2026-10-03,0,wk inc covid hosp,2026-10-03,53,quantile,0.2,176.89260286436317
2026-10-03,0,wk inc covid hosp,2026-10-03,53,quantile,0.25,185.3498501061351
2026-10-03,0,wk inc covid hosp,2026-10-03,53,quantile,0.3,187.46291462483464
2026-10-03,0,wk inc covid hosp,2026-10-03,53,quantile,0.35,189.8986097719487
2026-10-03,0,wk inc covid hosp,2026-10-03,53,quantile,0.4,191.20996534538324
2026-10-03,0,wk inc covid hosp,2026-10-03,53,quantile,0.45,193.55352183470038
2026-10-03,0,wk inc covid hosp,2026-10-03,53,quantile,0.5,200.95065059442132
2026-10-03,0,wk inc covid hosp,2026-10-03,53,quantile,0.55,206.8009262367648
2026-10-03,0,wk inc covid hosp,2026-10-03,53,quantile,0.6,211.51420291571026
2026-10-03,0,wk inc covid hosp,2026-10-03,53,quantile,0.65,213.75558529112237
2026-10-03,0,wk inc covid hosp,2026-10-03,53,quantile,0.7,217.58038196759537
2026-10-03,0,wk inc covid hosp,2026-10-03,53,quantile,0.75,223.29580129547645
2026-10-03,0,wk inc covid hosp,2026-10-03,53,quantile,0.8,226.26736655342532
2026-10-03,0,wk inc covid hosp,2026-10-03,53,quantile,0.85,234.95682265193452
2026-10-03,0,wk inc covid hosp,2026-10-03,53,quantile,0.9,249.96766956135068
2026-10-03,0,wk inc covid hosp,2026-10-03,53,quantile,0.95,264.9166421472037
2026-10-03,0,wk inc covid hosp,2026-10-03,53,quantile,0.975,273.78767852658143
2026-10-03,0,wk inc covid hosp,2026-10-03,53,quantile,0.99,276.403832013517
2026-10-03,0,wk inc covid hosp,2026-10-03,54,quantile,0.01,11.143557855357825
2026-10-03,0,wk inc covid hosp,2026-10-03,54,quantile,0.025,12.67089149428622
2026-10-03,0,wk inc covid hosp,2026-10-03,54,quantile,0.05,16.79788448424676
2026-10-03,0,wk inc covid hosp,2026-10-03,54,quantile,0.1,18.166330781399328
2026-10-03,0,wk inc covid hosp,2026-10-03,54,quantile,0.15,22.708542957744957
2026-10-03,0,wk inc covid hosp,2026-10-03,54,quantile,0.2,24.5481038989398
2026-10-03,0,wk inc covid hosp,2026-10-03,54,quantile,0.25,26.569238465985066
2026-10-03,0,wk inc covid hosp,2026-10-03,54,quantile,0.3,27.476223656962276
2026-10-03,0,wk inc covid hosp,2026-10-03,54,quantile,0.35,28.702688944998954
2026-10-03,0,wk inc covid hosp,2026-10-03,54,quantile,0.4,29.858056395809395
2026-10-03,0,wk inc covid hosp,2026-10-03,54,quantile,0.45,30.366431724200066
2026-10-03,0,wk inc covid hosp,2026-10-03,54,quantile,0.5,30.6924166575794
2026-10-03,0,wk inc covid hosp,2026-10-03,54,quantile,0.55,32.875011039658375
2026-10-03,0,wk inc covid hosp,2026-10-03,54,quantile,0.6,34.03531004543418
2026-10-03,0,wk inc covid hosp,2026-10-03,54,quantile,0.65,35.15190972261093
2026-10-03,0,wk inc covid hosp,2026-10-03,54,quantile,0.7,37.120815870496074
2026-10-03,0,wk inc covid hosp,2026-10-03,54,quantile,0.75,39.198525185497815
2026-10-03,0,wk inc covid hosp,2026-10-03,54,quantile,0.8,39.4148496506188
2026-10-03,0,wk inc covid hosp,2026-10-03,54,quantile,0.85,42.63216417828014
2026-10-03,0,wk inc covid hosp,2026-10-03,54,quantile,0.9,53.1836240212936
2026-10-03,0,wk inc covid hosp,2026-10-03,54,quantile,0.95,58.44721460781064
2026-10-03,0,wk inc covid hosp,2026-10-03,54,quantile,0.975,64.64048307021012
2026-10-03,0,wk inc covid hosp,2026-10-03,54,quantile,0.99,80.35767891135083
2026-10-03,0,wk inc covid hosp,2026-10-03,55,quantile,0.01,10.693184017191822
2026-10-03,0,wk inc covid hosp,2026-10-03,55,quantile,0.025,17.889381022484926
2026-10-03,0,wk inc covid hosp,2026-10-03,55,quantile,0.05,18.845602753563497
2026-10-03,0,wk inc covid hosp,2026-10-03,55,quantile,0.1,22.091136002673842
2026-10-03,0,wk inc covid hosp,2026-10-03,55,quantile,0.15,24.4308084405786
2026-10-03,0,wk inc covid hosp,2026-10-03,55,quantile,0.2,27.414455340764224
2026-10-03,0,wk inc covid hosp,2026-10-03,55,quantile,0.25,29.13345740253037
2026-10-03,0,wk inc covid hosp,2026-10-03,55,quantile,0.3,29.47969936511412
2026-10-03,0,wk inc covid hosp,2026-10-03,55,quantile,0.35,32.599405818241316
2026-10-03,0,wk inc covid hosp,2026-10-03,55,quantile,0.4,33.54705783809468
2026-10-03,0,wk inc covid hosp,2026-10-03,55,quantile,0.45,34.15203380805772
2026-10-03,0,wk inc covid hosp,2026-10-03,55,quantile,0.5,36.28295701800821
2026-10-03,0,wk inc covid hosp,2026-10-03,55,quantile,0.55,38.25849874974047
2026-10-03,0,wk inc covid hosp,2026-10-03,55,quantile,0.6,39.59861477856033
2026-10-03,0,wk inc covid hosp,2026-10-03,55,quantile,0.65,40.84597262451574
2026-10-03,0,wk inc covid hosp,2026-10-03,55,quantile,0.7,42.46800859517951
2026-10-03,0,wk inc covid hosp,2026-10-03,55,quantile,0.75,43.52894746295666
2026-10-03,0,wk inc covid hosp,2026-10-03,55,quantile,0.8,45.05377135419406
2026-10-03,0,wk inc covid hosp,2026-10-03,55,quantile,0.85,47.88437039269432
2026-10-03,0,wk inc covid hosp,2026-10-03,55,quantile,0.9,48.936304136086534
2026-10-03,0,wk inc covid hosp,2026-10-03,55,quantile,0.95,64.39422518768093
2026-10-03,0,wk inc covid hosp,2026-10-03,55,quantile,0.975,80.00181531506783
2026-10-03,0,wk inc covid hosp,2026-10-03,55,quantile,0.99,84.01537440198175
2026-10-03,0,wk inc covid hosp,2026-10-03,56,quantile,0.01,0.0
2026-10-03,0,wk inc covid hosp,2026-10-03,56,quantile,0.025,0.0
2026-10-03,0,wk inc covid hosp,2026-10-03,56,quantile,0.05,0.12875550463322663
2026-10-03,0,wk inc covid hosp,2026-10-03,56,quantile,0.1,0.4803014140260476
2026-10-03,0,wk inc covid hosp,2026-10-03,56,quantile,0.15,0.5806010886337405
2026-10-03,0,wk inc covid hosp,2026-10-03,56,quantile,0.2,0.8065152712547912
2026-10-03,0,wk inc covid hosp,2026-10-03,56,quantile,0.25,1.1351941628155842
2026-10-03,0,wk inc covid hosp,2026-10-03,56,quantile,0.3,1.3337551816221334
2026-10-03,0,wk inc covid hosp,2026-10-03,56,quantile,0.35,1.5433459386044892
2026-10-03,0,wk inc covid hosp,2026-10-03,56,quantile,0.4,1.791832836206549
2026-10-03,0,wk inc covid hosp,2026-10-03,56,quantile,0.45,2.190474519426469
2026-10-03,0,wk inc covid hosp,2026-10-03,56,quantile,0.5,2.239497311604209
2026-10-03,0,wk inc covid hosp,2026-10-03,56,quantile,0.55,2.5613682332432486
2026-10-03,0,wk inc covid hosp,2026-10-03,56,quantile,0.6,2.727834105288522
2026-10-03,0,wk inc covid hosp,2026-10-03,56,quantile,0.65,2.918643624041455
2026-10-03,0,wk inc covid hosp,2026-10-03,56,quantile,0.7,3.0436126538108335
2026-10-03,0,wk inc covid hosp,2026-10-03,56,quantile,0.75,3.7766172313992836
2026-10-03,0,wk inc covid hosp,2026-10-03,56,quantile,0.8,4.715309146359587
2026-10-03,0,wk inc covid hosp,2026-10-03,56,quantile,0.85,5.042040047382526
2026-10-03,0,wk inc covid hosp,2026-10-03,56,quantile,0.9,6.130008574233993
2026-10-03,0,wk inc covid hosp,2026-10-03,56,quantile,0.95,6.972501144369849
2026-10-03,0,wk inc covid hosp,2026-10-03,56,quantile,0.975,8.24395802677081
2026-10-03,0,wk inc covid hosp,2026-10-03,56,quantile,0.99,8.59632255692514
2026-10-03,0,wk inc covid hosp,2026-10-03,72,quantile,0.01,34.84710547072569
2026-10-03,0,wk inc covid hosp,2026-10-03,72,quantile,0.025,48.26378312096518
2026-10-03,0,wk inc covid hosp,2026-10-03,72,quantile,0.05,49.3535078315014
2026-10-03,0,wk inc covid hosp,2026-10-03,72,quantile,0.1,55.54197912938811
2026-10-03,0,wk inc covid hosp,2026-10-03,72,quantile,0.15,59.24267735005018
2026-10-03,0,wk inc covid hosp,2026-10-03,72,quantile,0.2,67.14596770193035
2026-10-03,0,wk inc covid hosp,2026-10-03,72,quantile,0.25,74.07677136086289
2026-10-03,0,wk inc covid hosp,2026-10-03,72,quantile,0.3,76.05432503734912
2026-10-03,0,wk inc covid hosp,2026-10-03,72,quantile,0.35,79.26790408535234
2026-10-03,0,wk inc covid hosp,2026-10-03,72,quantile,0.4,81.95939394125949
2026-10-03,0,wk inc covid hosp,2026-10-03,72,quantile,0.45,84.81967660874298
2026-10-03,0,wk inc covid hosp,2026-10-03,72,quantile,0.5,89.03505501781962
2026-10-03,0,wk inc covid hosp,2026-10-03,72,quantile,0.55,91.04780002352413
2026-10-03,0,wk inc covid hosp,2026-10-03,72,quantile,0.6,93.00485927314189
2026-10-03,0,wk inc covid hosp,2026-10-03,72,quantile,0.65,98.94385552652511
2026-10-03,0,wk inc covid hosp,2026-10-03,72,quantile,0.7,102.18931761531584
2026-10-03,0,wk inc covid hosp,2026-10-03,72,quantile,0.75,106.83018051546635
2026-10-03,0,wk inc covid hosp,2026-10-03,72,quantile,0.8,108.56653120375542
2026-10-03,0,wk inc covid hosp,2026-10-03,72,quantile,0.85,118.41178825488686
2026-10-03,0,wk inc covid hosp,2026-10-03,72,quantile,0.9,122.57524712672462
2026-10-03,0,wk inc covid hosp,2026-10-03,72,quantile,0.95,129.09982861900681
2026-10-03,0,wk inc covid hosp,2026-10-03,72,quantile,0.975,168.302560334587
2026-10-03,0,wk inc covid hosp,2026-10-03,72,quantile,0.99,212.20707904403554
2026-10-03,0,wk inc covid hosp,2026-10-03,US,quantile,0.01,2208.578995370402
2026-10-03,0,wk inc covid hosp,2026-10-03,US,quantile,0.025,2575.4165028164853
2026-10-03,0,wk inc covid hosp,2026-10-03,US,quantile,0.05,2756.8975874211874
2026-10-03,0,wk inc covid hosp,2026-10-03,US,quantile,0.1,3300.4580060129783
2026-10-03,0,wk inc covid hosp,2026-10-03,US,quantile,0.15,3675.0045606438443
2026-10-03,0,wk inc covid hosp,2026-10-03,US,quantile,0.2,3718.0146764867727
2026-10-03,0,wk inc covid hosp,2026-10-03,US,quantile,0.25,3802.93018502055
2026-10-03,0,wk inc covid hosp,2026-10-03,US,quantile,0.3,3870.314776472224
2026-10-03,0,wk inc covid hosp,2026-10-03,US,quantile,0.35,3885.2113607074684
2026-10-03,0,wk inc covid hosp,2026-10-03,US,quantile,0.4,3919.9582306627
2026-10-03,0,wk inc covid hosp,2026-10-03,US,quantile,0.45,4023.218580082439
2026-10-03,0,wk inc covid hosp,2026-10-03,US,quantile,0.5,4084.8328262128234
2026-10-03,0,wk inc covid hosp,2026-10-03,US,quantile,0.55,4133.181822639463
2026-10-03,0,wk inc covid hosp,2026-10-03,US,quantile,0.6,4183.245249110464
2026-10-03,0,wk inc covid hosp,2026-10-03,US,quantile,0.65,4225.024817300831
2026-10-03,0,wk inc covid hosp,2026-10-03,US,quantile,0.7,4251.920436980101
2026-10-03,0,wk inc covid hosp,2026-10-03,US,quantile,0.75,4329.405960351405
2026-10-03,0,wk inc covid hosp,2026-10-03,US,quantile,0.8,4421.694031590676
2026-10-03,0,wk inc covid hosp,2026-10-03,US,quantile,0.85,4611.913512528152
2026-10-03,0,wk inc covid hosp,2026-10-03,US,quantile,0.9,4755.196045153725
2026-10-03,0,wk inc covid hosp,2026-10-03,US,quantile,0.95,4933.232877031074
2026-10-03,0,wk inc covid hosp,2026-10-03,US,quantile,0.975,5622.4095783325265
2026-10-03,0,wk inc covid hosp,2026-10-03,US,quantile,0.99,6260.61196219163
2026-10-03,1,wk inc covid hosp,2026-10-10,01,quantile,0.01,43.115008606265924
2026-10-03,1,wk inc covid hosp,2026-10-10,01,quantile,0.025,48.5523062898575
2026-10-03,1,wk inc covid hosp,2026-10-10,01,quantile,0.05,50.8773142923481
2026-10-03,1,wk inc covid hosp,2026-10-10,01,quantile,0.1,61.22031936396704
2026-10-03,1,wk inc covid hosp,2026-10-10,01,quantile,0.15,71.16649669686389
2026-10-03,1,wk inc covid hosp,2026-10-10,01,quantile,0.2,74.79526296518068
2026-10-03,1,wk inc covid hosp,2026-10-10,01,quantile,0.25,76.20428725640178
2026-10-03,1,wk inc covid hosp,2026-10-10,01,quantile,0.3,77.81171454233963
2026-10-03,1,wk inc covid hosp,2026-10-10,01,quantile,0.35,82.47689169803618
2026-10-03,1,wk inc covid hosp,2026-10-10,01,quantile,0.4,84.23741069365434
2026-10-03,1,wk inc covid hosp,2026-10-10,01,quantile,0.45,85.91890693320536
2026-10-03,1,wk inc covid hosp,2026-10-10,01,quantile,0.5,90.65950146391131
2026-10-03,1,wk inc covid hosp,2026-10-10,01,quantile,0.55,93.46889205425393
2026-10-03,1,wk inc covid hosp,2026-10-10,01,quantile,0.6,96.79591838099215
2026-10-03,1,wk inc covid hosp,2026-10-10,01,quantile,0.65,98.7922213937255
2026-10-03,1,wk inc covid hosp,2026-10-10,01,quantile,0.7,100.83896395828287
2026-10-03,1,wk inc covid hosp,2026-10-10,01,quantile,0.75,107.654164755127
2026-10-03,1,wk inc covid hosp,2026-10-10,01,quantile,0.8,110.14853729830676
2026-10-03,1,wk inc covid hosp,2026-10-10,01,quantile,0.85,113.86645149524637
2026-10-03,1,wk inc covid hosp,2026-10-10,01,quantile,0.9,121.84931477588661
2026-10-03,1,wk inc covid hosp,2026-10-10,01,quantile,0.95,133.51695103333907
2026-10-03,1,wk inc covid hosp,2026-10-10,01,quantile,0.975,151.48829632290926
2026-10-03,1,wk inc covid hosp,2026-10-10,01,quantile,0.99,155.34328150664604
2026-10-03,1,wk inc covid hosp,2026-10-10,02,quantile,0.01,0.0
2026-10-03,1,wk inc covid hosp,2026-10-10,02,quantile,0.025,0.0
2026-10-03,1,wk inc covid hosp,2026-10-10,02,quantile,0.05,0.0
2026-10-03,1,wk inc covid hosp,2026-10-10,02,quantile,0.1,0.0
2026-10-03,1,wk inc covid hosp,2026-10-10,02,quantile,0.15,0.2019198665085589
2026-10-03,1,wk inc covid hosp,2026-10-10,02,quantile,0.2,0.28543505796487156
2026-10-03,1,wk inc covid hosp,2026-10-10,02,quantile,0.25,0.5763180956696223
2026-10-03,1,wk inc covid hosp,2026-10-10,02,quantile,0.3,0.7642270879013513
2026-10-03,1,wk inc covid hosp,2026-10-10,02,quantile,0.35,0.9608502986211545
2026-10-03,1,wk inc covid hosp,2026-10-10,02,quantile,0.4,1.1116031410823135
2026-10-03,1,wk inc covid hosp,2026-10-10,02,quantile,0.45,1.2567768668395092
2026-10-03,1,wk inc covid hosp,2026-10-10,02,quantile,0.5,1.357268088789394
2026-10-03,1,wk inc covid hosp,2026-10-10,02,quantile,0.55,1.4698483042785804
2026-10-03,1,wk inc covid hosp,2026-10-10,02,quantile,0.6,1.888644925213416
2026-10-03,1,wk inc covid hosp,2026-10-10,02,quantile,0.65,2.1327565478843837
2026-10-03,1,wk inc covid hosp,2026-10-10,02,quantile,0.7,2.3578259100048387
2026-10-03,1,wk inc covid hosp,2026-10-10,02,quantile,0.75,2.649768604307736
2026-10-03,1,wk inc covid hosp,2026-10-10,02,quantile,0.8,3.1156839723676124
2026-10-03,1,wk inc covid hosp,2026-10-10,02,quantile,0.85,3.180950525240358
2026-10-03,1,wk inc covid hosp,2026-10-10,02,quantile,0.9,3.684169328034988
2026-10-03,1,wk inc covid hosp,2026-10-10,02,quantile,0.95,4.9426111960737416
2026-10-03,1,wk inc covid hosp,2026-10-10,02,quantile,0.975,6.551648123208753
2026-10-03,1,wk inc covid hosp,2026-10-10,02,quantile,0.99,8.03819949914448
2026-10-03,1,wk inc covid hosp,2026-10-10,04,quantile,0.01,38.76768358755003
2026-10-03,1,wk inc covid hosp,2026-10-10,04,quantile,0.025,39.992230440885685
2026-10-03,1,wk inc covid hosp,2026-10-10,04,quantile,0.05,42.194626250920805
2026-10-03,1,wk inc covid hosp,2026-10-10,04,quantile,0.1,45.92856342795906
2026-10-03,1,wk inc covid hosp,2026-10-10,04,quantile,0.15,51.04303687195587
2026-10-03,1,wk inc covid hosp,2026-10-10,04,quantile,0.2,53.193109165009275
2026-10-03,1,wk inc covid hosp,2026-10-10,04,quantile,0.25,55.000077835696
2026-10-03,1,wk inc covid hosp,2026-10-10,04,quantile,0.3,58.47841649176449
2026-10-03,1,wk inc covid hosp,2026-10-10,04,quantile,0.35,60.275081842715124
2026-10-03,1,wk inc covid hosp,2026-10-10,04,quantile,0.4,61.393204623780186
2026-10-03,1,wk inc covid hosp,2026-10-10,04,quantile,0.45,64.24746860749757
2026-10-03,1,wk inc covid hosp,2026-10-10,04,quantile,0.5,65.92669433511688
2026-10-03,1,wk inc covid hosp,2026-10-10,04,quantile,0.55,67.85603071906365
2026-10-03,1,wk inc covid hosp,2026-10-10,04,quantile,0.6,69.50886444727949
2026-10-03,1,wk inc covid hosp,2026-10-10,04,quantile,0.65,70.754478715658
2026-10-03,1,wk inc covid hosp,2026-10-10,04,quantile,0.7,73.55432504479653
2026-10-03,1,wk inc covid hosp,2026-10-10,04,quantile,0.75,75.69207631988881
2026-10-03,1,wk inc covid hosp,2026-10-10,04,quantile,0.8,77.93975967438155
2026-10-03,1,wk inc covid hosp,2026-10-10,04,quantile,0.85,83.33721395850813
2026-10-03,1,wk inc covid hosp,2026-10-10,04,quantile,0.9,92.61327220749288
2026-10-03,1,wk inc covid hosp,2026-10-10,04,quantile,0.95,96.72233507568323
2026-10-03,1,wk inc covid hosp,2026-10-10,04,quantile,0.975,99.84250238722723
2026-10-03,1,wk inc covid hosp,2026-10-10,04,quantile,0.99,241.40568650401906
2026-10-03,1,wk inc covid hosp,2026-10-10,05,quantile,0.01,6.609058666927122
2026-10-03,1,wk inc covid hosp,2026-10-10,05,quantile,0.025,6.904890633347646
2026-10-03,1,wk inc covid hosp,2026-10-10,05,quantile,0.05,7.8700844354062784
2026-10-03,1,wk inc covid hosp,2026-10-10,05,quantile,0.1,9.510123532193331
2026-10-03,1,wk inc covid hosp,2026-10-10,05,quantile,0.15,11.575892342921623
2026-10-03,1,wk inc covid hosp,2026-10-10,05,quantile,0.2,12.430325620828459
2026-10-03,1,wk inc covid hosp,2026-10-10,05,quantile,0.25,13.050876762065451
2026-10-03,1,wk inc covid hosp,2026-10-10,05,quantile,0.3,13.653894196662637
2026-10-03,1,wk inc covid hosp,2026-10-10,05,quantile,0.35,14.152559097076132
2026-10-03,1,wk inc covid hosp,2026-10-10,05,quantile,0.4,15.540175862545363
2026-10-03,1,wk inc covid hosp,2026-10-10,05,quantile,0.45,16.26637501547936
2026-10-03,1,wk inc covid hosp,2026-10-10,05,quantile,0.5,17.41326881973518
2026-10-03,1,wk inc covid hosp,2026-10-10,05,quantile,0.55,17.97503586522338
2026-10-03,1,wk inc covid hosp,2026-10-10,05,quantile,0.6,19.023226463146372
2026-10-03,1,wk inc covid hosp,2026-10-10,05,quantile,0.65,21.249601063091568
2026-10-03,1,wk inc covid hosp,2026-10-10,05,quantile,0.7,25.33756861488738
2026-10-03,1,wk inc covid hosp,2026-10-10,05,quantile,0.75,27.540463398870497
2026-10-03,1,wk inc covid hosp,2026-10-10,05,quantile,0.8,29.294421576871095
2026-10-03,1,wk inc covid hosp,2026-10-10,05,quantile,0.85,30.23341537444731
2026-10-03,1,wk inc covid hosp,2026-10-10,05,quantile,0.9,33.5160286330078
2026-10-03,1,wk inc covid hosp,2026-10-10,05,quantile,0.95,39.4987413934298
2026-10-03,1,wk inc covid hosp,2026-10-10,05,quantile,0.975,45.28267504750086
2026-10-03,1,wk inc covid hosp,2026-10-10,05,quantile,0.99,46.56103577642889
2026-10-03,1,wk inc covid hosp,2026-10-10,06,quantile,0.01,345.7331829838383
2026-10-03,1,wk inc covid hosp,2026-10-10,06,quantile,0.025,522.0877187223301
2026-10-03,1,wk inc covid hosp,2026-10-10,06,quantile,0.05,548.5362464701179
2026-10-03,1,wk inc covid hosp,2026-10-10,06,quantile,0.1,593.072188499941
2026-10-03,1,wk inc covid hosp,2026-10-10,06,quantile,0.15,612.3790018330159
2026-10-03,1,wk inc covid hosp,2026-10-10,06,quantile,0.2,642.506746775072
2026-10-03,1,wk inc covid hosp,2026-10-10,06,quantile,0.25,647.2813968720202
2026-10-03,1,wk inc covid hosp,2026-10-10,06,quantile,0.3,672.3542521308236
2026-10-03,1,wk inc covid hosp,2026-10-10,06,quantile,0.35,684.3309774078764
2026-10-03,1,wk inc covid hosp,2026-10-10,06,quantile,0.4,698.5855977066861
2026-10-03,1,wk inc covid hosp,2026-10-10,06,quantile,0.45,707.1675650835871
2026-10-03,1,wk inc covid hosp,2026-10-10,06,quantile,0.5,733.4993345397143
2026-10-03,1,wk inc covid hosp,2026-10-10,06,quantile,0.55,740.1354109706504
2026-10-03,1,wk inc covid hosp,2026-10-10,06,quantile,0.6,747.6129172145414
2026-10-03,1,wk inc covid hosp,2026-10-10,06,quantile,0.65,783.6908161060652
2026-10-03,1,wk inc covid hosp,2026-10-10,06,quantile,0.7,808.1228380728123
2026-10-03,1,wk inc covid hosp,2026-10-10,06,quantile,0.75,824.1611786039168
2026-10-03,1,wk inc covid hosp,2026-10-10,06,quantile,0.8,850.2036786608364
2026-10-03,1,wk inc covid hosp,2026-10-10,06,quantile,0.85,864.3389106468483
2026-10-03,1,wk inc covid hosp,2026-10-10,06,quantile,0.9,897.114019862474
2026-10-03,1,wk inc covid hosp,2026-10-10,06,quantile,0.95,925.4590523020788
2026-10-03,1,wk inc covid hosp,2026-10-10,06,quantile,0.975,961.840196250344
2026-10-03,1,wk inc covid hosp,2026-10-10,06,quantile,0.99,988.2829528101373
2026-10-03,1,wk inc covid hosp,2026-10-10,08,quantile,0.01,13.734636881414868
2026-10-03,1,wk inc covid hosp,2026-10-10,08,quantile,0.025,23.461662457940275
2026-10-03,1,wk inc covid hosp,2026-10-10,08,quantile,0.05,23.911409658183704
2026-10-03,1,wk inc covid hosp,2026-10-10,08,quantile,0.1,28.25344079062656
2026-10-03,1,wk inc covid hosp,2026-10-10,08,quantile,0.15,31.0886068431431
2026-10-03,1,wk inc covid hosp,2026-10-10,08,quantile,0.2,31.840762462160292
2026-10-03,1,wk inc covid hosp,2026-10-10,08,quantile,0.25,33.37919246307802
2026-10-03,1,wk inc covid hosp,2026-10-10,08,quantile,0.3,36.19494207395384
2026-10-03,1,wk inc covid hosp,2026-10-10,08,quantile,0.35,39.341058463899834
2026-10-03,1,wk inc covid hosp,2026-10-10,08,quantile,0.4,42.54928696091532
2026-10-03,1,wk inc covid hosp,2026-10-10,08,quantile,0.45,44.56447890660787
2026-10-03,1,wk inc covid hosp,2026-10-10,08,quantile,0.5,47.189300117512246
2026-10-03,1,wk inc covid hosp,2026-10-10,08,quantile,0.55,49.267078136077075
2026-10-03,1,wk inc covid hosp,2026-10-10,08,quantile,0.6,53.29808562447809
2026-10-03,1,wk inc covid hosp,2026-10-10,08,quantile,0.65,57.000961097959284
2026-10-03,1,wk inc covid hosp,2026-10-10,08,quantile,0.7,59.65506489261448
2026-10-03,1,wk inc covid hosp,2026-10-10,08,quantile,0.75,62.58297410148373
2026-10-03,1,wk inc covid hosp,2026-10-10,08,quantile,0.8,68.40657505947753
2026-10-03,1,wk inc covid hosp,2026-10-10,08,quantile,0.85,73.0290390986298
2026-10-03,1,wk inc covid hosp,2026-10-10,08,quantile,0.9,83.54651993583369
2026-10-03,1,wk inc covid hosp,2026-10-10,08,quantile,0.95,88.98051094693311
2026-10-03,1,wk inc covid hosp,2026-10-10,08,quantile,0.975,91.90467157715935
2026-10-03,1,wk inc covid hosp,2026-10-10,08,quantile,0.99,105.85590912842888
2026-10-03,1,wk inc covid hosp,2026-10-10,09,quantile,0.01,16.209730953689316
2026-10-03,1,wk inc covid hosp,2026-10-10,09,quantile,0.025,20.718798895545838
2026-10-03,1,wk inc covid hosp,2026-10-10,09,quantile,0.05,21.209085321116575
2026-10-03,1,wk inc covid hosp,2026-10-10,09,quantile,0.1,22.64879426095777
2026-10-03,1,wk inc covid hosp,2026-10-10,09,quantile,0.15,24.40914771768712
2026-10-03,1,wk inc covid hosp,2026-10-10,09,quantile,0.2,26.750303399456833
2026-10-03,1,wk inc covid hosp,2026-10-10,09,quantile,0.25,28.590991229732758
2026-10-03,1,wk inc covid hosp,2026-10-10,09,quantile,0.3,29.323291100540672
2026-10-03,1,wk inc covid hosp,2026-10-10,09,quantile,0.35,31.65079666433529
2026-10-03,1,wk inc covid hosp,2026-10-10,09,quantile,0.4,32.886150378338016
2026-10-03,1,wk inc covid hosp,2026-10-10,09,quantile,0.45,34.69677759331285
2026-10-03,1,wk inc covid hosp,2026-10-10,09,quantile,0.5,35.730183854558504
2026-10-03,1,wk inc covid hosp,2026-10-10,09,quantile,0.55,36.7297155965143
2026-10-03,1,wk inc covid hosp,2026-10-10,09,quantile,0.6,39.26246218504028
2026-10-03,1,wk inc covid hosp,2026-10-10,09,quantile,0.65,44.86928080182156
2026-10-03,1,wk inc covid hosp,2026-10-10,09,quantile,0.7,49.405146560780956
2026-10-03,1,wk inc covid hosp,2026-10-10,09,quantile,0.75,52.16707744926317
2026-10-03,1,wk inc covid hosp,2026-10-10,09,quantile,0.8,58.31492151306305
2026-10-03,1,wk inc covid hosp,2026-10-10,09,quantile,0.85,63.66738229838758
2026-10-03,1,wk inc covid hosp,2026-10-10,09,quantile,0.9,64.12098389599241
2026-10-03,1,wk inc covid hosp,2026-10-10,09,quantile,0.95,68.72500850411984
2026-10-03,1,wk inc covid hosp,2026-10-10,09,quantile,0.975,72.68109328111952
2026-10-03,1,wk inc covid hosp,2026-10-10,09,quantile,0.99,77.74552787656948
2026-10-03,1,wk inc covid hosp,2026-10-10,10,quantile,0.01,4.222167451739219
2026-10-03,1,wk inc covid hosp,2026-10-10,10,quantile,0.025,5.580017810960028
2026-10-03,1,wk inc covid hosp,2026-10-10,10,quantile,0.05,6.353322346704204
2026-10-03,1,wk inc covid hosp,2026-10-10,10,quantile,0.1,8.161673989348968
2026-10-03,1,wk inc covid hosp,2026-10-10,10,quantile,0.15,8.782276851689563
2026-10-03,1,wk inc covid hosp,2026-10-10,10,quantile,0.2,9.560885433791938
2026-10-03,1,wk inc covid hosp,2026-10-10,10,quantile,0.25,9.811807555424298
2026-10-03,1,wk inc covid hosp,2026-10-10,10,quantile,0.3,10.098161502224533
2026-10-03,1,wk inc covid hosp,2026-10-10,10,quantile,0.35,10.88954406544291
2026-10-03,1,wk inc covid hosp,2026-10-10,10,quantile,0.4,11.81112404120444
2026-10-03,1,wk inc covid hosp,2026-10-10,10,quantile,0.45,12.468531133702212
2026-10-03,1,wk inc covid hosp,2026-10-10,10,quantile,0.5,12.98414074599536
2026-10-03,1,wk inc covid hosp,2026-10-10,10,quantile,0.55,13.25606322272889
2026-10-03,1,wk inc covid hosp,2026-10-10,10,quantile,0.6,13.611323490651412
2026-10-03,1,wk inc covid hosp,2026-10-10,10,quantile,0.65,16.996899252995455
2026-10-03,1,wk inc covid hosp,2026-10-10,10,quantile,0.7,21.573770149704828
2026-10-03,1,wk inc covid hosp,2026-10-10,10,quantile,0.75,22.263896312762075
2026-10-03,1,wk inc covid hosp,2026-10-10,10,quantile,0.8,25.245165197901553
2026-10-03,1,wk inc covid hosp,2026-10-10,10,quantile,0.85,26.291864397653015
2026-10-03,1,wk inc covid hosp,2026-10-10,10,quantile,0.9,27.657984926608513
2026-10-03,1,wk inc covid hosp,2026-10-10,10,quantile,0.95,33.72342018508438
2026-10-03,1,wk inc covid hosp,2026-10-10,10,quantile,0.975,34.00483321871355
2026-10-03,1,wk inc covid hosp,2026-10-10,10,quantile,0.99,48.809543780239636
2026-10-03,1,wk inc covid hosp,2026-10-10,11,quantile,0.01,3.015413173838682
2026-10-03,1,wk inc covid hosp,2026-10-10,11,quantile,0.025,3.7811758763716083
2026-10-03,1,wk inc covid hosp,2026-10-10,11,quantile,0.05,4.558398934222168
2026-10-03,1,wk inc covid hosp,2026-10-10,11,quantile,0.1,5.3764914229898215
2026-10-03,1,wk inc covid hosp,2026-10-10,11,quantile,0.15,6.25853013771791
2026-10-03,1,wk inc covid hosp,2026-10-10,11,quantile,0.2,6.808310011525052
2026-10-03,1,wk inc covid hosp,2026-10-10,11,quantile,0.25,7.267694098511748
2026-10-03,1,wk inc covid hosp,2026-10-10,11,quantile,0.3,7.757309698766248
2026-10-03,1,wk inc covid hosp,2026-10-10,11,quantile,0.35,9.57758686176054
2026-10-03,1,wk inc covid hosp,2026-10-10,11,quantile,0.4,10.192547102501564
2026-10-03,1,wk inc covid hosp,2026-10-10,11,quantile,0.45,10.521987627215495
2026-10-03,1,wk inc covid hosp,2026-10-10,11,quantile,0.5,11.314474719263163
2026-10-03,1,wk inc covid hosp,2026-10-10,11,quantile,0.55,12.655023621456685
2026-10-03,1,wk inc covid hosp,2026-10-10,11,quantile,0.6,13.487090433472684
2026-10-03,1,wk inc covid hosp,2026-10-10,11,quantile,0.65,17.02666265323194
2026-10-03,1,wk inc covid hosp,2026-10-10,11,quantile,0.7,17.854835852911446
2026-10-03,1,wk inc covid hosp,2026-10-10,11,quantile,0.75,18.747647293427494
2026-10-03,1,wk inc covid hosp,2026-10-10,11,quantile,0.8,19.53187235637346
2026-10-03,1,wk inc covid hosp,2026-10-10,11,quantile,0.85,21.39873880493753
2026-10-03,1,wk inc covid hosp,2026-10-10,11,quantile,0.9,27.949315195526363
2026-10-03,1,wk inc covid hosp,2026-10-10,11,quantile,0.95,31.602594914177146
2026-10-03,1,wk inc covid hosp,2026-10-10,11,quantile,0.975,34.04919967855524
2026-10-03,1,wk inc covid hosp,2026-10-10,11,quantile,0.99,36.396393732943224
2026-10-03,1,wk inc covid hosp,2026-10-10,12,quantile,0.01,235.07979890055876
2026-10-03,1,wk inc covid hosp,2026-10-10,12,quantile,0.025,279.1413285637333
2026-10-03,1,wk inc covid hosp,2026-10-10,12,quantile,0.05,307.85320383221307
2026-10-03,1,wk inc covid hosp,2026-10-10,12,quantile,0.1,354.8898202165675
2026-10-03,1,wk inc covid hosp,2026-10-10,12,quantile,0.15,374.1723911585458
2026-10-03,1,wk inc covid hosp,2026-10-10,12,quantile,0.2,393.7233246818306
2026-10-03,1,wk inc covid hosp,2026-10-10,12,quantile,0.25,396.5692581466075
2026-10-03,1,wk inc covid hosp,2026-10-10,12,quantile,0.3,422.5077608418068
2026-10-03,1,wk inc covid hosp,2026-10-10,12,quantile,0.35,433.87196839563944
2026-10-03,1,wk inc covid hosp,2026-10-10,12,quantile,0.4,458.7629293569025
2026-10-03,1,wk inc covid hosp,2026-10-10,12,quantile,0.45,484.8602295124522
2026-10-03,1,wk inc covid hosp,2026-10-10,12,quantile,0.5,512.7954268969205
2026-10-03,1,wk inc covid hosp,2026-10-10,12,quantile,0.55,526.5562802430027
2026-10-03,1,wk inc covid hosp,2026-10-10,12,quantile,0.6,533.0720787840945
2026-10-03,1,wk inc covid hosp,2026-10-10,12,quantile,0.65,556.4903257843181
2026-10-03,1,wk inc covid hosp,2026-10-10,12,quantile,0.7,572.8581017877449
2026-10-03,1,wk inc covid hosp,2026-10-10,12,quantile,0.75,592.7403504477714
2026-10-03,1,wk inc covid hosp,2026-10-10,12,quantile,0.8,602.8610632376904
2026-10-03,1,wk inc covid hosp,2026-10-10,12,quantile,0.85,615.0426537202195
2026-10-03,1,wk inc covid hosp,2026-10-10,12,quantile,0.9,632.3387518817931
2026-10-03,1,wk inc covid hosp,2026-10-10,12,quantile,0.95,669.2260384476112
2026-10-03,1,wk inc covid hosp,2026-10-10,12,quantile,0.975,684.4668889872028
2026-10-03,1,wk inc covid hosp,2026-10-10,12,quantile,0.99,748.0276627406358
2026-10-03,1,wk inc covid hosp,2026-10-10,13,quantile,0.01,21.957236346236506
2026-10-03,1,wk inc covid hosp,2026-10-10,13,quantile,0.025,29.7986360810081
2026-10-03,1,wk inc covid hosp,2026-10-10,13,quantile,0.05,30.110260495392353
2026-10-03,1,wk inc covid hosp,2026-10-10,13,quantile,0.1,34.53389650332012
2026-10-03,1,wk inc covid hosp,2026-10-10,13,quantile,0.15,40.692621878579295
2026-10-03,1,wk inc covid hosp,2026-10-10,13,quantile,0.2,44.867069765376044
2026-10-03,1,wk inc covid hosp,2026-10-10,13,quantile,0.25,48.364557754311
2026-10-03,1,wk inc covid hosp,2026-10-10,13,quantile,0.3,52.54043654690123
2026-10-03,1,wk inc covid hosp,2026-10-10,13,quantile,0.35,52.997111874983105
2026-10-03,1,wk inc covid hosp,2026-10-10,13,quantile,0.4,55.98020065924397
2026-10-03,1,wk inc covid hosp,2026-10-10,13,quantile,0.45,61.568579082035
2026-10-03,1,wk inc covid hosp,2026-10-10,13,quantile,0.5,62.47978625586469
2026-10-03,1,wk inc covid hosp,2026-10-10,13,quantile,0.55,62.82510090801731
2026-10-03,1,wk inc covid hosp,2026-10-10,13,quantile,0.6,65.47647936563418
2026-10-03,1,wk inc covid hosp,2026-10-10,13,quantile,0.65,66.61865869080064
2026-10-03,1,wk inc covid hosp,2026-10-10,13,quantile,0.7,67.18767683718926
2026-10-03,1,wk inc covid hosp,2026-10-10,13,quantile,0.75,72.90531949718748
2026-10-03,1,wk inc covid hosp,2026-10-10,13,quantile,0.8,75.08929209120059
2026-10-03,1,wk inc covid hosp,2026-10-10,13,quantile,0.85,79.73554457159057
2026-10-03,1,wk inc covid hosp,2026-10-10,13,quantile,0.9,88.66861418168068
2026-10-03,1,wk inc covid hosp,2026-10-10,13,quantile,0.95,101.25615502762352
2026-10-03,1,wk inc covid hosp,2026-10-10,13,quantile,0.975,118.34195842534434
2026-10-03,1,wk inc covid hosp,2026-10-10,13,quantile,0.99,125.24060081188775
2026-10-03,1,wk inc covid hosp,2026-10-10,15,quantile,0.01,11.46205727487749
2026-10-03,1,wk inc covid hosp,2026-10-10,15,quantile,0.025,13.185162253486126
2026-10-03,1,wk inc covid hosp,2026-10-10,15,quantile,0.05,14.67666771377549
2026-10-03,1,wk inc covid hosp,2026-10-10,15,quantile,0.1,20.311199288072306
2026-10-03,1,wk inc covid hosp,2026-10-10,15,quantile,0.15,24.441305594940854
2026-10-03,1,wk inc covid hosp,2026-10-10,15,quantile,0.2,28.344957200493006
2026-10-03,1,wk inc covid hosp,2026-10-10,15,quantile,0.25,28.80461540053546
2026-10-03,1,wk inc covid hosp,2026-10-10,15,quantile,0.3,30.171883113615845
2026-10-03,1,wk inc covid hosp,2026-10-10,15,quantile,0.35,31.08917529359965
2026-10-03,1,wk inc covid hosp,2026-10-10,15,quantile,0.4,31.7869958184689
2026-10-03,1,wk inc covid hosp,2026-10-10,15,quantile,0.45,34.477560264831006
2026-10-03,1,wk inc covid hosp,2026-10-10,15,quantile,0.5,36.047701651247884
2026-10-03,1,wk inc covid hosp,2026-10-10,15,quantile,0.55,36.908953838451865
2026-10-03,1,wk inc covid hosp,2026-10-10,15,quantile,0.6,39.9000071564319
2026-10-03,1,wk inc covid hosp,2026-10-10,15,quantile,0.65,43.543682184930844
2026-10-03,1,wk inc covid hosp,2026-10-10,15,quantile,0.7,44.767672788293886
2026-10-03,1,wk inc covid hosp,2026-10-10,15,quantile,0.75,46.52610103079464
2026-10-03,1,wk inc covid hosp,2026-10-10,15,quantile,0.8,49.62684593222164
2026-10-03,1,wk inc covid hosp,2026-10-10,15,quantile,0.85,51.87145785108039
2026-10-03,1,wk inc covid hosp,2026-10-10,15,quantile,0.9,55.73298246325602
2026-10-03,1,wk inc covid hosp,2026-10-10,15,quantile,0.95,65.48846425234814
2026-10-03,1,wk inc covid hosp,2026-10-10,15,quantile,0.975,66.32078090176964
2026-10-03,1,wk inc covid hosp,2026-10-10,15,quantile,0.99,71.44475510894931
2026-10-03,1,wk inc covid hosp,2026-10-10,16,quantile,0.01,4.831596801343592
2026-10-03,1,wk inc covid hosp,2026-10-10,16,quantile,0.025,5.203105359483241
2026-10-03,1,wk inc covid hosp,2026-10-10,16,quantile,0.05,7.183282958017314
2026-10-03,1,wk inc covid hosp,2026-10-10,16,quantile,0.1,8.742321789849175
2026-10-03,1,wk inc covid hosp,2026-10-10,16,quantile,0.15,9.722725398561176
2026-10-03,1,wk inc covid hosp,2026-10-10,16,quantile,0.2,11.750435485272497
2026-10-03,1,wk inc covid hosp,2026-10-10,16,quantile,0.25,12.40261214779542
2026-10-03,1,wk inc covid hosp,2026-10-10,16,quantile,0.3,13.049700532847138
2026-10-03,1,wk inc covid hosp,2026-10-10,16,quantile,0.35,14.470743218595254
2026-10-03,1,wk inc covid hosp,2026-10-10,16,quantile,0.4,14.771514779118899
2026-10-03,1,wk inc covid hosp,2026-10-10,16,quantile,0.45,15.132988178370757
2026-10-03,1,wk inc covid hosp,2026-10-10,16,quantile,0.5,15.893271098203698
2026-10-03,1,wk inc covid hosp,2026-10-10,16,quantile,0.55,15.997105807009758
2026-10-03,1,wk inc covid hosp,2026-10-10,16,quantile,0.6,17.29421923046518
2026-10-03,1,wk inc covid hosp,2026-10-10,16,quantile,0.65,18.26532578319995
2026-10-03,1,wk inc covid hosp,2026-10-10,16,quantile,0.7,19.661029237288616
2026-10-03,1,wk inc covid hosp,2026-10-10,16,quantile,0.75,20.356079878298974
2026-10-03,1,wk inc covid hosp,2026-10-10,16,quantile,0.8,21.39186965082043
2026-10-03,1,wk inc covid hosp,2026-10-10,16,quantile,0.85,22.372280242051307
2026-10-03,1,wk inc covid hosp,2026-10-10,16,quantile,0.9,23.418691956265537
2026-10-03,1,wk inc covid hosp,2026-10-10,16,quantile,0.95,25.982786105037583
2026-10-03,1,wk inc covid hosp,2026-10-10,16,quantile,0.975,28.24192990733838
2026-10-03,1,wk inc covid hosp,2026-10-10,16,quantile,0.99,32.24846828276757
2026-10-03,1,wk inc covid hosp,2026-10-10,17,quantile,0.01,34.97787975756151
2026-10-03,1,wk inc covid hosp,2026-10-10,17,quantile,0.025,37.60359644881647
2026-10-03,1,wk inc covid hosp,2026-10-10,17,quantile,0.05,52.5157117912017
2026-10-03,1,wk inc covid hosp,2026-10-10,17,quantile,0.1,59.01609858836444
2026-10-03,1,wk inc covid hosp,2026-10-10,17,quantile,0.15,61.26508166108005
2026-10-03,1,wk inc covid hosp,2026-10-10,17,quantile,0.2,63.19127945084085
2026-10-03,1,wk inc covid hosp,2026-10-10,17,quantile,0.25,65.92319731231315
2026-10-03,1,wk inc covid hosp,2026-10-10,17,quantile,0.3,70.88812532944542
2026-10-03,1,wk inc covid hosp,2026-10-10,17,quantile,0.35,76.34348513586845
2026-10-03,1,wk inc covid hosp,2026-10-10,17,quantile,0.4,78.32677757536707
2026-10-03,1,wk inc covid hosp,2026-10-10,17,quantile,0.45,82.86471868641651
2026-10-03,1,wk inc covid hosp,2026-10-10,17,quantile,0.5,90.37295886561753
2026-10-03,1,wk inc covid hosp,2026-10-10,17,quantile,0.55,93.66399243676966
2026-10-03,1,wk inc covid hosp,2026-10-10,17,quantile,0.6,95.77376314709471
2026-10-03,1,wk inc covid hosp,2026-10-10,17,quantile,0.65,97.12253305568676
2026-10-03,1,wk inc covid hosp,2026-10-10,17,quantile,0.7,99.43997655338552
2026-10-03,1,wk inc covid hosp,2026-10-10,17,quantile,0.75,101.5910380853048
2026-10-03,1,wk inc covid hosp,2026-10-10,17,quantile,0.8,109.69673954448612
2026-10-03,1,wk inc covid hosp,2026-10-10,17,quantile,0.85,114.40414141406742
2026-10-03,1,wk inc covid hosp,2026-10-10,17,quantile,0.9,115.82441368107982
2026-10-03,1,wk inc covid hosp,2026-10-10,17,quantile,0.95,122.59263887230713
2026-10-03,1,wk inc covid hosp,2026-10-10,17,quantile,0.975,196.93719776566107
2026-10-03,1,wk inc covid hosp,2026-10-10,17,quantile,0.99,235.2359118839204
2026-10-03,1,wk inc covid hosp,2026-10-10,18,quantile,0.01,14.661265391888392
2026-10-03,1,wk inc covid hosp,2026-10-10,18,quantile,0.025,15.117428239760288
2026-10-03,1,wk inc covid hosp,2026-10-10,18,quantile,0.05,16.825196867281758
2026-10-03,1,wk inc covid hosp,2026-10-10,18,quantile,0.1,18.99445335506112
2026-10-03,1,wk inc covid hosp,2026-10-10,18,quantile,0.15,20.31782031943609
2026-10-03,1,wk inc covid hosp,2026-10-10,18,quantile,0.2,21.615588831813444
2026-10-03,1,wk inc covid hosp,2026-10-10,18,quantile,0.25,22.703143422453284
2026-10-03,1,wk inc covid hosp,2026-10-10,18,quantile,0.3,25.456676213436392
2026-10-03,1,wk inc covid hosp,2026-10-10,18,quantile,0.35,28.429424360669557
2026-10-03,1,wk inc covid hosp,2026-10-10,18,quantile,0.4,28.961295498188655
2026-10-03,1,wk inc covid hosp,2026-10-10,18,quantile,0.45,31.238024498016664
2026-10-03,1,wk inc covid hosp,2026-10-10,18,quantile,0.5,32.782116948049406
2026-10-03,1,wk inc covid hosp,2026-10-10,18,quantile,0.55,33.347642804517605
2026-10-03,1,wk inc covid hosp,2026-10-10,18,quantile,0.6,39.66769643374812
2026-10-03,1,wk inc covid hosp,2026-10-10,18,quantile,0.65,40.8973709039424
2026-10-03,1,wk inc covid hosp,2026-10-10,18,quantile,0.7,44.61374925935098
2026-10-03,1,wk inc covid hosp,2026-10-10,18,quantile,0.75,45.468917766776826
2026-10-03,1,wk inc covid hosp,2026-10-10,18,quantile,0.8,47.8062605086221
2026-10-03,1,wk inc covid hosp,2026-10-10,18,quantile,0.85,50.049937393806864
2026-10-03,1,wk inc covid hosp,2026-10-10,18,quantile,0.9,56.24600817968072
2026-10-03,1,wk inc covid hosp,2026-10-10,18,quantile,0.95,88.71787758790563
2026-10-03,1,wk inc covid hosp,2026-10-10,18,quantile,0.975,96.70276211820723
2026-10-03,1,wk inc covid hosp,2026-10-10,18,quantile,0.99,115.02097721369961
2026-10-03,1,wk inc covid hosp,2026-10-10,19,quantile,0.01,5.814306979501614
2026-10-03,1,wk inc covid hosp,2026-10-10,19,quantile,0.025,6.243583175999638
2026-10-03,1,wk inc covid hosp,2026-10-10,19,quantile,0.05,8.43622176770771
2026-10-03,1,wk inc covid hosp,2026-10-10,19,quantile,0.1,9.804151470676922
2026-10-03,1,wk inc covid hosp,2026-10-10,19,quantile,0.15,10.627690306569338
2026-10-03,1,wk inc covid hosp,2026-10-10,19,quantile,0.2,13.53867091599074
2026-10-03,1,wk inc covid hosp,2026-10-10,19,quantile,0.25,14.275212135574963
2026-10-03,1,wk inc covid hosp,2026-10-10,19,quantile,0.3,14.976674334248305
2026-10-03,1,wk inc covid hosp,2026-10-10,19,quantile,0.35,15.793969359521789
2026-10-03,1,wk inc covid hosp,2026-10-10,19,quantile,0.4,16.763016640636103
2026-10-03,1,wk inc covid hosp,2026-10-10,19,quantile,0.45,17.259261814854014
2026-10-03,1,wk inc covid hosp,2026-10-10,19,quantile,0.5,19.379285751667226
2026-10-03,1,wk inc covid hosp,2026-10-10,19,quantile,0.55,23.988124793908547
2026-10-03,1,wk inc covid hosp,2026-10-10,19,quantile,0.6,25.18478235769183
2026-10-03,1,wk inc covid hosp,2026-10-10,19,quantile,0.65,26.51503547201942
2026-10-03,1,wk inc covid hosp,2026-10-10,19,quantile,0.7,30.323537083917486
2026-10-03,1,wk inc covid hosp,2026-10-10,19,quantile,0.75,33.9613673187805
2026-10-03,1,wk inc covid hosp,2026-10-10,19,quantile,0.8,38.95304324945551
2026-10-03,1,wk inc covid hosp,2026-10-10,19,quantile,0.85,42.490535837991274
2026-10-03,1,wk inc covid hosp,2026-10-10,19,quantile,0.9,54.372720856995585
2026-10-03,1,wk inc covid hosp,2026-10-10,19,quantile,0.95,62.40359574627585
2026-10-03,1,wk inc covid hosp,2026-10-10,19,quantile,0.975,73.46905824403602
2026-10-03,1,wk inc covid hosp,2026-10-10,19,quantile,0.99,76.11827325728704
2026-10-03,1,wk inc covid hosp,2026-10-10,20,quantile,0.01,0.4334335183055862
2026-10-03,1,wk inc covid hosp,2026-10-10,20,quantile,0.025,0.7490033532650329
2026-10-03,1,wk inc covid hosp,2026-10-10,20,quantile,0.05,1.5531976948915374
2026-10-03,1,wk inc covid hosp,2026-10-10,20,quantile,0.1,2.490890829370774
2026-10-03,1,wk inc covid hosp,2026-10-10,20,quantile,0.15,3.319584508430987
2026-10-03,1,wk inc covid hosp,2026-10-10,20,quantile,0.2,3.488280710781753
2026-10-03,1,wk inc covid hosp,2026-10-10,20,quantile,0.25,3.7491782239590985
2026-10-03,1,wk inc covid hosp,2026-10-10,20,quantile,0.3,4.419683769966815
2026-10-03,1,wk inc covid hosp,2026-10-10,20,quantile,0.35,5.032409366677131
2026-10-03,1,wk inc covid hosp,2026-10-10,20,quantile,0.4,6.023223710906049
2026-10-03,1,wk inc covid hosp,2026-10-10,20,quantile,0.45,6.8919992623633
2026-10-03,1,wk inc covid hosp,2026-10-10,20,quantile,0.5,7.9750628888696005
2026-10-03,1,wk inc covid hosp,2026-10-10,20,quantile,0.55,9.487217998788651
2026-10-03,1,wk inc covid hosp,2026-10-10,20,quantile,0.6,9.621769127531888
2026-10-03,1,wk inc covid hosp,2026-10-10,20,quantile,0.65,10.10672472271677
2026-10-03,1,wk inc covid hosp,2026-10-10,20,quantile,0.7,10.810798722717788
2026-10-03,1,wk inc covid hosp,2026-10-10,20,quantile,0.75,11.863543236631248
2026-10-03,1,wk inc covid hosp,2026-10-10,20,quantile,0.8,14.096540972248196
2026-10-03,1,wk inc covid hosp,2026-10-10,20,quantile,0.85,14.987958145903782
2026-10-03,1,wk inc covid hosp,2026-10-10,20,quantile,0.9,16.22304075562765
2026-10-03,1,wk inc covid hosp,2026-10-10,20,quantile,0.95,18.872109177646
2026-10-03,1,wk inc covid hosp,2026-10-10,20,quantile,0.975,21.706954680865657
2026-10-03,1,wk inc covid hosp,2026-10-10,20,quantile,0.99,39.26972798009349
2026-10-03,1,wk inc covid hosp,2026-10-10,21,quantile,0.01,3.4198353981862084
2026-10-03,1,wk inc covid hosp,2026-10-10,21,quantile,0.025,5.774825809399779
2026-10-03,1,wk inc covid hosp,2026-10-10,21,quantile,0.05,7.79098744555732
2026-10-03,1,wk inc covid hosp,2026-10-10,21,quantile,0.1,10.132564651783689
2026-10-03,1,wk inc covid hosp,2026-10-10,21,quantile,0.15,11.142955234434867
2026-10-03,1,wk inc covid hosp,2026-10-10,21,quantile,0.2,12.714797470982372
2026-10-03,1,wk inc covid hosp,2026-10-10,21,quantile,0.25,14.052993215706032
2026-10-03,1,wk inc covid hosp,2026-10-10,21,quantile,0.3,14.897157398036079
2026-10-03,1,wk inc covid hosp,2026-10-10,21,quantile,0.35,17.120388645093016
2026-10-03,1,wk inc covid hosp,2026-10-10,21,quantile,0.4,19.391306323267628
2026-10-03,1,wk inc covid hosp,2026-10-10,21,quantile,0.45,19.929869463284227
2026-10-03,1,wk inc covid hosp,2026-10-10,21,quantile,0.5,20.782102458149115
2026-10-03,1,wk inc covid hosp,2026-10-10,21,quantile,0.55,21.984189557682978
2026-10-03,1,wk inc covid hosp,2026-10-10,21,quantile,0.6,22.851939375133206
2026-10-03,1,wk inc covid hosp,2026-10-10,21,quantile,0.65,25.197464243513668
2026-10-03,1,wk inc covid hosp,2026-10-10,21,quantile,0.7,28.199047793828793
2026-10-03,1,wk inc covid hosp,2026-10-10,21,quantile,0.75,32.1639960329018
2026-10-03,1,wk inc covid hosp,2026-10-10,21,quantile,0.8,35.71241959642743
2026-10-03,1,wk inc covid hosp,2026-10-10,21,quantile,0.85,37.28826966706573
2026-10-03,1,wk inc covid hosp,2026-10-10,21,quantile,0.9,38.28267354299533
2026-10-03,1,wk inc covid hosp,2026-10-10,21,quantile,0.95,44.395987229074606
2026-10-03,1,wk inc covid hosp,2026-10-10,21,quantile,0.975,45.8659189987214
2026-10-03,1,wk inc covid hosp,2026-10-10,21,quantile,0.99,52.8287895829416
2026-10-03,1,wk inc covid hosp,2026-10-10,22,quantile,0.01,37.21519013226683
2026-10-03,1,wk inc covid hosp,2026-10-10,22,quantile,0.025,47.060831958108906
2026-10-03,1,wk inc covid hosp,2026-10-10,22,quantile,0.05,51.47845453412725
2026-10-03,1,wk inc covid hosp,2026-10-10,22,quantile,0.1,53.14221760178998
2026-10-03,1,wk inc covid hosp,2026-10-10,22,quantile,0.15,60.34550757650486
2026-10-03,1,wk inc covid hosp,2026-10-10,22,quantile,0.2,64.05876357539161
2026-10-03,1,wk inc covid hosp,2026-10-10,22,quantile,0.25,67.6545345798226
2026-10-03,1,wk inc covid hosp,2026-10-10,22,quantile,0.3,69.15740094938168
2026-10-03,1,wk inc covid hosp,2026-10-10,22,quantile,0.35,78.60736877979859
2026-10-03,1,wk inc covid hosp,2026-10-10,22,quantile,0.4,83.35169022794983
2026-10-03,1,wk inc covid hosp,2026-10-10,22,quantile,0.45,84.79011371312689
2026-10-03,1,wk inc covid hosp,2026-10-10,22,quantile,0.5,90.4129984736955
2026-10-03,1,wk inc covid hosp,2026-10-10,22,quantile,0.55,96.07388804414599
2026-10-03,1,wk inc covid hosp,2026-10-10,22,quantile,0.6,99.9052980533003
2026-10-03,1,wk inc covid hosp,2026-10-10,22,quantile,0.65,101.43378101080066
2026-10-03,1,wk inc covid hosp,2026-10-10,22,quantile,0.7,105.0075363801462
2026-10-03,1,wk inc covid hosp,2026-10-10,22,quantile,0.75,112.6593329447279
2026-10-03,1,wk inc covid hosp,2026-10-10,22,quantile,0.8,116.3499872618268
2026-10-03,1,wk inc covid hosp,2026-10-10,22,quantile,0.85,122.43984082074468
2026-10-03,1,wk inc covid hosp,2026-10-10,22,quantile,0.9,136.67644369376114
2026-10-03,1,wk inc covid hosp,2026-10-10,22,quantile,0.95,144.52465258996813
2026-10-03,1,wk inc covid hosp,2026-10-10,22,quantile,0.975,147.940744536196
2026-10-03,1,wk inc covid hosp,2026-10-10,22,quantile,0.99,160.52569022998873
2026-10-03,1,wk inc covid hosp,2026-10-10,23,quantile,0.01,0.03768352601230931
2026-10-03,1,wk inc covid hosp,2026-10-10,23,quantile,0.025,0.3892642290966856
2026-10-03,1,wk inc covid hosp,2026-10-10,23,quantile,0.05,0.7755343410937785
2026-10-03,1,wk inc covid hosp,2026-10-10,23,quantile,0.1,1.3491193428458954
2026-10-03,1,wk inc covid hosp,2026-10-10,23,quantile,0.15,1.8206326597738387
2026-10-03,1,wk inc covid hosp,2026-10-10,23,quantile,0.2,2.3836573272522834
2026-10-03,1,wk inc covid hosp,2026-10-10,23,quantile,0.25,2.511075839275083
2026-10-03,1,wk inc covid hosp,2026-10-10,23,quantile,0.3,2.765728674554212
2026-10-03,1,wk inc covid hosp,2026-10-10,23,quantile,0.35,3.4273394385482177
2026-10-03,1,wk inc covid hosp,2026-10-10,23,quantile,0.4,3.8811935626893383
2026-10-03,1,wk inc covid hosp,2026-10-10,23,quantile,0.45,4.277869123639226
2026-10-03,1,wk inc covid hosp,2026-10-10,23,quantile,0.5,4.867687327527281
2026-10-03,1,wk inc covid hosp,2026-10-10,23,quantile,0.55,5.187544527517876
2026-10-03,1,wk inc covid hosp,2026-10-10,23,quantile,0.6,5.530809574064629
2026-10-03,1,wk inc covid hosp,2026-10-10,23,quantile,0.65,5.898427255246905
2026-10-03,1,wk inc covid hosp,2026-10-10,23,quantile,0.7,6.14401097162987
2026-10-03,1,wk inc covid hosp,2026-10-10,23,quantile,0.75,6.518811207023871
2026-10-03,1,wk inc covid hosp,2026-10-10,23,quantile,0.8,6.97576416116927
2026-10-03,1,wk inc covid hosp,2026-10-10,23,quantile,0.85,8.914005728037573
2026-10-03,1,wk inc covid hosp,2026-10-10,23,quantile,0.9,10.258769189987436
2026-10-03,1,wk inc covid hosp,2026-10-10,23,quantile,0.95,11.05694530151402
2026-10-03,1,wk inc covid hosp,2026-10-10,23,quantile,0.975,11.286230504490097
2026-10-03,1,wk inc covid hosp,2026-10-10,23,quantile,0.99,13.368886339140772
2026-10-03,1,wk inc covid hosp,2026-10-10,24,quantile,0.01,11.585419269977892
2026-10-03,1,wk inc covid hosp,2026-10-10,24,quantile,0.025,21.409598876765408
2026-10-03,1,wk inc covid hosp,2026-10-10,24,quantile,0.05,27.41287372617964
2026-10-03,1,wk inc covid hosp,2026-10-10,24,quantile,0.1,35.02076877769019
2026-10-03,1,wk inc covid hosp,2026-10-10,24,quantile,0.15,38.57360626003157
2026-10-03,1,wk inc covid hosp,2026-10-10,24,quantile,0.2,42.5272282988916
2026-10-03,1,wk inc covid hosp,2026-10-10,24,quantile,0.25,44.13043303903339
2026-10-03,1,wk inc covid hosp,2026-10-10,24,quantile,0.3,48.429633897809374
2026-10-03,1,wk inc covid hosp,2026-10-10,24,quantile,0.35,58.27900446208525
2026-10-03,1,wk inc covid hosp,2026-10-10,24,quantile,0.4,61.013636894045256
2026-10-03,1,wk inc covid hosp,2026-10-10,24,quantile,0.45,64.44531934380016
2026-10-03,1,wk inc covid hosp,2026-10-10,24,quantile,0.5,66.85654431196438
2026-10-03,1,wk inc covid hosp,2026-10-10,24,quantile,0.55,70.27006595094669
2026-10-03,1,wk inc covid hosp,2026-10-10,24,quantile,0.6,72.6016123807404
2026-10-03,1,wk inc covid hosp,2026-10-10,24,quantile,0.65,74.29665167355837
2026-10-03,1,wk inc covid hosp,2026-10-10,24,quantile,0.7,75.23552256725898
2026-10-03,1,wk inc covid hosp,2026-10-10,24,quantile,0.75,77.32340732700246
2026-10-03,1,wk inc covid hosp,2026-10-10,24,quantile,0.8,79.77937274447399
2026-10-03,1,wk inc covid hosp,2026-10-10,24,quantile,0.85,81.59512707800258
2026-10-03,1,wk inc covid hosp,2026-10-10,24,quantile,0.9,87.6634146546952
2026-10-03,1,wk inc covid hosp,2026-10-10,24,quantile,0.95,91.41791282825349
2026-10-03,1,wk inc covid hosp,2026-10-10,24,quantile,0.975,108.75757259815204
2026-10-03,1,wk inc covid hosp,2026-10-10,24,quantile,0.99,143.96284312739868
2026-10-03,1,wk inc covid hosp,2026-10-10,25,quantile,0.01,1.2467932934848256
2026-10-03,1,wk inc covid hosp,2026-10-10,25,quantile,0.025,4.778731807491873
2026-10-03,1,wk inc covid hosp,2026-10-10,25,quantile,0.05,21.474234374337506
2026-10-03,1,wk inc covid hosp,2026-10-10,25,quantile,0.1,33.936606289730484
2026-10-03,1,wk inc covid hosp,2026-10-10,25,quantile,0.15,37.74680799950328
2026-10-03,1,wk inc covid hosp,2026-10-10,25,quantile,0.2,40.021487485785805
2026-10-03,1,wk inc covid hosp,2026-10-10,25,quantile,0.25,42.331547273974294
2026-10-03,1,wk inc covid hosp,2026-10-10,25,quantile,0.3,47.579761932771135
2026-10-03,1,wk inc covid hosp,2026-10-10,25,quantile,0.35,50.0051059861889
2026-10-03,1,wk inc covid hosp,2026-10-10,25,quantile,0.4,59.15546054666762
2026-10-03,1,wk inc covid hosp,2026-10-10,25,quantile,0.45,60.53667407061112
2026-10-03,1,wk inc covid hosp,2026-10-10,25,quantile,0.5,62.09683314643165
2026-10-03,1,wk inc covid hosp,2026-10-10,25,quantile,0.55,63.30209224822697
2026-10-03,1,wk inc covid hosp,2026-10-10,25,quantile,0.6,66.38507514710852
2026-10-03,1,wk inc covid hosp,2026-10-10,25,quantile,0.65,68.23716218217879
2026-10-03,1,wk inc covid hosp,2026-10-10,25,quantile,0.7,69.85477359008044
2026-10-03,1,wk inc covid hosp,2026-10-10,25,quantile,0.75,76.11081267690346
2026-10-03,1,wk inc covid hosp,2026-10-10,25,quantile,0.8,80.38111860984952
2026-10-03,1,wk inc covid hosp,2026-10-10,25,quantile,0.85,83.0569146808615
2026-10-03,1,wk inc covid hosp,2026-10-10,25,quantile,0.9,90.36992281476947
2026-10-03,1,wk inc covid hosp,2026-10-10,25,quantile,0.95,104.25415536401982
2026-10-03,1,wk inc covid hosp,2026-10-10,25,quantile,0.975,121.00874104227434
2026-10-03,1,wk inc covid hosp,2026-10-10,25,quantile,0.99,280.39302916160716
2026-10-03,1,wk inc covid hosp,2026-10-10,26,quantile,0.01,15.425357043297383
2026-10-03,1,wk inc covid hosp,2026-10-10,26,quantile,0.025,23.523144846287455
2026-10-03,1,wk inc covid hosp,2026-10-10,26,quantile,0.05,30.751557178991288
2026-10-03,1,wk inc covid hosp,2026-10-10,26,quantile,0.1,32.76977672261427
2026-10-03,1,wk inc covid hosp,2026-10-10,26,quantile,0.15,35.33546967745598
2026-10-03,1,wk inc covid hosp,2026-10-10,26,quantile,0.2,43.77021593160464
2026-10-03,1,wk inc covid hosp,2026-10-10,26,quantile,0.25,47.09604808706248
2026-10-03,1,wk inc covid hosp,2026-10-10,26,quantile,0.3,50.08820930417356
2026-10-03,1,wk inc covid hosp,2026-10-10,26,quantile,0.35,51.97201568952017
2026-10-03,1,wk inc covid hosp,2026-10-10,26,quantile,0.4,54.40244681429634
2026-10-03,1,wk inc covid hosp,2026-10-10,26,quantile,0.45,55.69449821176353
2026-10-03,1,wk inc covid hosp,2026-10-10,26,quantile,0.5,56.39186370281706
2026-10-03,1,wk inc covid hosp,2026-10-10,26,quantile,0.55,61.74666614647448
2026-10-03,1,wk inc covid hosp,2026-10-10,26,quantile,0.6,63.584151976046996
2026-10-03,1,wk inc covid hosp,2026-10-10,26,quantile,0.65,65.93609453485773
2026-10-03,1,wk inc covid hosp,2026-10-10,26,quantile,0.7,67.14746963171842
2026-10-03,1,wk inc covid hosp,2026-10-10,26,quantile,0.75,69.54078532026652
2026-10-03,1,wk inc covid hosp,2026-10-10,26,quantile,0.8,76.29543549132586
2026-10-03,1,wk inc covid hosp,2026-10-10,26,quantile,0.85,91.60451604734996
2026-10-03,1,wk inc covid hosp,2026-10-10,26,quantile,0.9,102.26056948286836
2026-10-03,1,wk inc covid hosp,2026-10-10,26,quantile,0.95,233.94124772398146
2026-10-03,1,wk inc covid hosp,2026-10-10,26,quantile,0.975,302.7424261105432
2026-10-03,1,wk inc covid hosp,2026-10-10,26,quantile,0.99,321.1641996380584
2026-10-03,1,wk inc covid hosp,2026-10-10,27,quantile,0.01,1.2967480018446684
2026-10-03,1,wk inc covid hosp,2026-10-10,27,quantile,0.025,3.1789089681609255
2026-10-03,1,wk inc covid hosp,2026-10-10,27,quantile,0.05,11.674215631011325
2026-10-03,1,wk inc covid hosp,2026-10-10,27,quantile,0.1,17.527567598106142
2026-10-03,1,wk inc covid hosp,2026-10-10,27,quantile,0.15,20.981539500350852
2026-10-03,1,wk inc covid hosp,2026-10-10,27,quantile,0.2,22.522022948318654
2026-10-03,1,wk inc covid hosp,2026-10-10,27,quantile,0.25,26.160451247446616
2026-10-03,1,wk inc covid hosp,2026-10-10,27,quantile,0.3,29.076432819599713
2026-10-03,1,wk inc covid hosp,2026-10-10,27,quantile,0.35,29.874766816678314
2026-10-03,1,wk inc covid hosp,2026-10-10,27,quantile,0.4,31.972896773172113
2026-10-03,1,wk inc covid hosp,2026-10-10,27,quantile,0.45,36.202431244449734
2026-10-03,1,wk inc covid hosp,2026-10-10,27,quantile,0.5,42.02329164531694
2026-10-03,1,wk inc covid hosp,2026-10-10,27,quantile,0.55,45.95573508074362
2026-10-03,1,wk inc covid hosp,2026-10-10,27,quantile,0.6,48.67863415600216
2026-10-03,1,wk inc covid hosp,2026-10-10,27,quantile,0.65,49.854705804723395
2026-10-03,1,wk inc covid hosp,2026-10-10,27,quantile,0.7,53.61196684346396
2026-10-03,1,wk inc covid hosp,2026-10-10,27,quantile,0.75,54.67418298547051
2026-10-03,1,wk inc covid hosp,2026-10-10,27,quantile,0.8,59.716531024840855
2026-10-03,1,wk inc covid hosp,2026-10-10,27,quantile,0.85,62.710155928143415
2026-10-03,1,wk inc covid hosp,2026-10-10,27,quantile,0.9,72.09848281669812
2026-10-03,1,wk inc covid hosp,2026-10-10,27,quantile,0.95,77.30621691733847
2026-10-03,1,wk inc covid hosp,2026-10-10,27,quantile,0.975,82.22909541561806
2026-10-03,1,wk inc covid hosp,2026-10-10,27,quantile,0.99,95.11482203471853
2026-10-03,1,wk inc covid hosp,2026-10-10,28,quantile,0.01,1.3789487929785065
2026-10-03,1,wk inc covid hosp,2026-10-10,28,quantile,0.025,6.231187824268751
2026-10-03,1,wk inc covid hosp,2026-10-10,28,quantile,0.05,8.22951282670434
2026-10-03,1,wk inc covid hosp,2026-10-10,28,quantile,0.1,13.42295081846472
2026-10-03,1,wk inc covid hosp,2026-10-10,28,quantile,0.15,14.662377455346645
2026-10-03,1,wk inc covid hosp,2026-10-10,28,quantile,0.2,15.597218083253237
2026-10-03,1,wk inc covid hosp,2026-10-10,28,quantile,0.25,17.70873102089488
2026-10-03,1,wk inc covid hosp,2026-10-10,28,quantile,0.3,19.367474714903906
2026-10-03,1,wk inc covid hosp,2026-10-10,28,quantile,0.35,20.47499946123179
2026-10-03,1,wk inc covid hosp,2026-10-10,28,quantile,0.4,21.54054240016361
2026-10-03,1,wk inc covid hosp,2026-10-10,28,quantile,0.45,24.373114666604184
2026-10-03,1,wk inc covid hosp,2026-10-10,28,quantile,0.5,25.17279332035337
2026-10-03,1,wk inc covid hosp,2026-10-10,28,quantile,0.55,25.74983995744497
2026-10-03,1,wk inc covid hosp,2026-10-10,28,quantile,0.6,27.116780062671392
2026-10-03,1,wk inc covid hosp,2026-10-10,28,quantile,0.65,27.78017417820415
2026-10-03,1,wk inc covid hosp,2026-10-10,28,quantile,0.7,29.847769036002372
2026-10-03,1,wk inc covid hosp,2026-10-10,28,quantile,0.75,30.28319555632299
2026-10-03,1,wk inc covid hosp,2026-10-10,28,quantile,0.8,30.7031802160078
2026-10-03,1,wk inc covid hosp,2026-10-10,28,quantile,0.85,32.189223282802786
2026-10-03,1,wk inc covid hosp,2026-10-10,28,quantile,0.9,35.09354493047461
2026-10-03,1,wk inc covid hosp,2026-10-10,28,quantile,0.95,39.97322554005522
2026-10-03,1,wk inc covid hosp,2026-10-10,28,quantile,0.975,46.69797358523431
2026-10-03,1,wk inc covid hosp,2026-10-10,28,quantile,0.99,51.44491323630217
2026-10-03,1,wk inc covid hosp,2026-10-10,29,quantile,0.01,12.609794889707162
2026-10-03,1,wk inc covid hosp,2026-10-10,29,quantile,0.025,28.92915131013275
2026-10-03,1,wk inc covid hosp,2026-10-10,29,quantile,0.05,30.882809572690416
2026-10-03,1,wk inc covid hosp,2026-10-10,29,quantile,0.1,35.40508008593768
2026-10-03,1,wk inc covid hosp,2026-10-10,29,quantile,0.15,43.28764376463688
2026-10-03,1,wk inc covid hosp,2026-10-10,29,quantile,0.2,46.218157646250184
2026-10-03,1,wk inc covid hosp,2026-10-10,29,quantile,0.25,48.277982195563126
2026-10-03,1,wk inc covid hosp,2026-10-10,29,quantile,0.3,48.88547490810102
2026-10-03,1,wk inc covid hosp,2026-10-10,29,quantile,0.35,51.85362591730664
2026-10-03,1,wk inc covid hosp,2026-10-10,29,quantile,0.4,54.80277965693664
2026-10-03,1,wk inc covid hosp,2026-10-10,29,quantile,0.45,55.530451961611874
2026-10-03,1,wk inc covid hosp,2026-10-10,29,quantile,0.5,58.74271400017196
2026-10-03,1,wk inc covid hosp,2026-10-10,29,quantile,0.55,60.94818472844148
2026-10-03,1,wk inc covid hosp,2026-10-10,29,quantile,0.6,65.64651259857791
2026-10-03,1,wk inc covid hosp,2026-10-10,29,quantile,0.65,67.06292325354349
2026-10-03,1,wk inc covid hosp,2026-10-10,29,quantile,0.7,69.0332314012843
2026-10-03,1,wk inc covid hosp,2026-10-10,29,quantile,0.75,78.73936808167478
2026-10-03,1,wk inc covid hosp,2026-10-10,29,quantile,0.8,83.6444120758984
2026-10-03,1,wk inc covid hosp,2026-10-10,29,quantile,0.85,87.61258425036235
2026-10-03,1,wk inc covid hosp,2026-10-10,29,quantile,0.9,97.44856430884677
2026-10-03,1,wk inc covid hosp,2026-10-10,29,quantile,0.95,111.58064798144225
2026-10-03,1,wk inc covid hosp,2026-10-10,29,quantile,0.975,163.18983902062277
2026-10-03,1,wk inc covid hosp,2026-10-10,29,quantile,0.99,232.9460643164094
2026-10-03,1,wk inc covid hosp,2026-10-10,30,quantile,0.01,0.1419383044874508
2026-10-03,1,wk inc covid hosp,2026-10-10,30,quantile,0.025,0.7912999986626092
2026-10-03,1,wk inc covid hosp,2026-10-10,30,quantile,0.05,0.8419103416342345
2026-10-03,1,wk inc covid hosp,2026-10-10,30,quantile,0.1,1.7131678089175397
2026-10-03,1,wk inc covid hosp,2026-10-10,30,quantile,0.15,2.4753212731088037
2026-10-03,1,wk inc covid hosp,2026-10-10,30,quantile,0.2,2.6411504205000167
2026-10-03,1,wk inc covid hosp,2026-10-10,30,quantile,0.25,3.8658583955967645
2026-10-03,1,wk inc covid hosp,2026-10-10,30,quantile,0.3,5.352193954082316
2026-10-03,1,wk inc covid hosp,2026-10-10,30,quantile,0.35,5.924093553484537
2026-10-03,1,wk inc covid hosp,2026-10-10,30,quantile,0.4,6.684453573433225
2026-10-03,1,wk inc covid hosp,2026-10-10,30,quantile,0.45,7.019787371202241
2026-10-03,1,wk inc covid hosp,2026-10-10,30,quantile,0.5,7.8163002190709
2026-10-03,1,wk inc covid hosp,2026-10-10,30,quantile,0.55,7.986313886672645
2026-10-03,1,wk inc covid hosp,2026-10-10,30,quantile,0.6,8.826207869352375
2026-10-03,1,wk inc covid hosp,2026-10-10,30,quantile,0.65,10.15759275883993
2026-10-03,1,wk inc covid hosp,2026-10-10,30,quantile,0.7,10.767389343743492
2026-10-03,1,wk inc covid hosp,2026-10-10,30,quantile,0.75,11.168052659906559
2026-10-03,1,wk inc covid hosp,2026-10-10,30,quantile,0.8,11.753806886049805
2026-10-03,1,wk inc covid hosp,2026-10-10,30,quantile,0.85,13.803811525053233
2026-10-03,1,wk inc covid hosp,2026-10-10,30,quantile,0.9,16.551135253546835
2026-10-03,1,wk inc covid hosp,2026-10-10,30,quantile,0.95,20.219006106676204
2026-10-03,1,wk inc covid hosp,2026-10-10,30,quantile,0.975,23.66252742575649
2026-10-03,1,wk inc covid hosp,2026-10-10,30,quantile,0.99,28.055127371935065
2026-10-03,1,wk inc covid hosp,2026-10-10,31,quantile,0.01,0.7409390814799635
2026-10-03,1,wk inc covid hosp,2026-10-10,31,quantile,0.025,0.9087125563077002
2026-10-03,1,wk inc covid hosp,2026-10-10,31,quantile,0.05,1.6705289041760034
2026-10-03,1,wk inc covid hosp,2026-10-10,31,quantile,0.1,2.1515723467279355
2026-10-03,1,wk inc covid hosp,2026-10-10,31,quantile,0.15,2.5420456951440156
2026-10-03,1,wk inc covid hosp,2026-10-10,31,quantile,0.2,3.1896054042188062
2026-10-03,1,wk inc covid hosp,2026-10-10,31,quantile,0.25,3.5176657725612013
2026-10-03,1,wk inc covid hosp,2026-10-10,31,quantile,0.3,4.336548515736551
2026-10-03,1,wk inc covid hosp,2026-10-10,31,quantile,0.35,5.147972103564975
2026-10-03,1,wk inc covid hosp,2026-10-10,31,quantile,0.4,5.496052287734717
2026-10-03,1,wk inc covid hosp,2026-10-10,31,quantile,0.45,6.856634614020014
2026-10-03,1,wk inc covid hosp,2026-10-10,31,quantile,0.5,7.8755982848937
2026-10-03,1,wk inc covid hosp,2026-10-10,31,quantile,0.55,8.561387203128538
2026-10-03,1,wk inc covid hosp,2026-10-10,31,quantile,0.6,9.078109452857138
2026-10-03,1,wk inc covid hosp,2026-10-10,31,quantile,0.65,10.162001841128166
2026-10-03,1,wk inc covid hosp,2026-10-10,31,quantile,0.7,11.274218652931498
2026-10-03,1,wk inc covid hosp,2026-10-10,31,quantile,0.75,12.303704700391709
2026-10-03,1,wk inc covid hosp,2026-10-10,31,quantile,0.8,13.604934030931252
2026-10-03,1,wk inc covid hosp,2026-10-10,31,quantile,0.85,15.724302475501542
2026-10-03,1,wk inc covid hosp,2026-10-10,31,quantile,0.9,16.956064216772987
2026-10-03,1,wk inc covid hosp,2026-10-10,31,quantile,0.95,17.761520629231516
2026-10-03,1,wk inc covid hosp,2026-10-10,31,quantile,0.975,24.216817298344473
2026-10-03,1,wk inc covid hosp,2026-10-10,31,quantile,0.99,27.50049218649335
2026-10-03,1,wk inc covid hosp,2026-10-10,32,quantile,0.01,3.99148396706462
2026-10-03,1,wk inc covid hosp,2026-10-10,32,quantile,0.025,11.574575360738034
2026-10-03,1,wk inc covid hosp,2026-10-10,32,quantile,0.05,15.331104780925351
2026-10-03,1,wk inc covid hosp,2026-10-10,32,quantile,0.1,19.035383440301295
2026-10-03,1,wk inc covid hosp,2026-10-10,32,quantile,0.15,19.993555288290167
2026-10-03,1,wk inc covid hosp,2026-10-10,32,quantile,0.2,21.07743372571626
2026-10-03,1,wk inc covid hosp,2026-10-10,32,quantile,0.25,21.87830192351833
2026-10-03,1,wk inc covid hosp,2026-10-10,32,quantile,0.3,24.924192511580145
2026-10-03,1,wk inc covid hosp,2026-10-10,32,quantile,0.35,26.23747517922484
2026-10-03,1,wk inc covid hosp,2026-10-10,32,quantile,0.4,26.36335380628114
2026-10-03,1,wk inc covid hosp,2026-10-10,32,quantile,0.45,27.36473411854039
2026-10-03,1,wk inc covid hosp,2026-10-10,32,quantile,0.5,28.711182494451002
2026-10-03,1,wk inc covid hosp,2026-10-10,32,quantile,0.55,29.35543009321801
2026-10-03,1,wk inc covid hosp,2026-10-10,32,quantile,0.6,31.410666131290263
2026-10-03,1,wk inc covid hosp,2026-10-10,32,quantile,0.65,32.17271924651423
2026-10-03,1,wk inc covid hosp,2026-10-10,32,quantile,0.7,34.047831237115474
2026-10-03,1,wk inc covid hosp,2026-10-10,32,quantile,0.75,35.626066623788674
2026-10-03,1,wk inc covid hosp,2026-10-10,32,quantile,0.8,37.07454457291158
2026-10-03,1,wk inc covid hosp,2026-10-10,32,quantile,0.85,38.87660859918293
2026-10-03,1,wk inc covid hosp,2026-10-10,32,quantile,0.9,43.99348426642085
2026-10-03,1,wk inc covid hosp,2026-10-10,32,quantile,0.95,49.9675538184539
2026-10-03,1,wk inc covid hosp,2026-10-10,32,quantile,0.975,54.67354575706639
2026-10-03,1,wk inc covid hosp,2026-10-10,32,quantile,0.99,71.22771000864765
2026-10-03,1,wk inc covid hosp,2026-10-10,33,quantile,0.01,3.025253737190746
2026-10-03,1,wk inc covid hosp,2026-10-10,33,quantile,0.025,3.4970641360747576
2026-10-03,1,wk inc covid hosp,2026-10-10,33,quantile,0.05,4.040741611948544
2026-10-03,1,wk inc covid hosp,2026-10-10,33,quantile,0.1,4.687780954457729
2026-10-03,1,wk inc covid hosp,2026-10-10,33,quantile,0.15,5.624690219662419
2026-10-03,1,wk inc covid hosp,2026-10-10,33,quantile,0.2,7.303688326784688
2026-10-03,1,wk inc covid hosp,2026-10-10,33,quantile,0.25,7.8678407564033614
2026-10-03,1,wk inc covid hosp,2026-10-10,33,quantile,0.3,8.862278474895449
2026-10-03,1,wk inc covid hosp,2026-10-10,33,quantile,0.35,10.628541359688569
2026-10-03,1,wk inc covid hosp,2026-10-10,33,quantile,0.4,12.492109149410162
2026-10-03,1,wk inc covid hosp,2026-10-10,33,quantile,0.45,13.370795865654525
2026-10-03,1,wk inc covid hosp,2026-10-10,33,quantile,0.5,13.72873042901584
2026-10-03,1,wk inc covid hosp,2026-10-10,33,quantile,0.55,14.119630005763995
2026-10-03,1,wk inc covid hosp,2026-10-10,33,quantile,0.6,14.368164543271044
2026-10-03,1,wk inc covid hosp,2026-10-10,33,quantile,0.65,15.260594094302311
2026-10-03,1,wk inc covid hosp,2026-10-10,33,quantile,0.7,15.470911348338394
2026-10-03,1,wk inc covid hosp,2026-10-10,33,quantile,0.75,16.638232402059288
2026-10-03,1,wk inc covid hosp,2026-10-10,33,quantile,0.8,19.145934699921266
2026-10-03,1,wk inc covid hosp,2026-10-10,33,quantile,0.85,21.133188121688548
2026-10-03,1,wk inc covid hosp,2026-10-10,33,quantile,0.9,22.87072826238481
2026-10-03,1,wk inc covid hosp,2026-10-10,33,quantile,0.95,30.463467555973317
2026-10-03,1,wk inc covid hosp,2026-10-10,33,quantile,0.975,35.73792114681418
2026-10-03,1,wk inc covid hosp,2026-10-10,33,quantile,0.99,36.130964416096745
2026-10-03,1,wk inc covid hosp,2026-10-10,34,quantile,0.01,82.07654485679211
2026-10-03,1,wk inc covid hosp,2026-10-10,34,quantile,0.025,88.88947035359429
2026-10-03,1,wk inc covid hosp,2026-10-10,34,quantile,0.05,114.77483417362737
2026-10-03,1,wk inc covid hosp,2026-10-10,34,quantile,0.1,131.1858140456558
2026-10-03,1,wk inc covid hosp,2026-10-10,34,quantile,0.15,136.1216901658322
2026-10-03,1,wk inc covid hosp,2026-10-10,34,quantile,0.2,149.64171778958953
2026-10-03,1,wk inc covid hosp,2026-10-10,34,quantile,0.25,154.171339285165
2026-10-03,1,wk inc covid hosp,2026-10-10,34,quantile,0.3,159.4353199902642
2026-10-03,1,wk inc covid hosp,2026-10-10,34,quantile,0.35,161.2885168112418
2026-10-03,1,wk inc covid hosp,2026-10-10,34,quantile,0.4,164.5662736954584
2026-10-03,1,wk inc covid hosp,2026-10-10,34,quantile,0.45,175.0629030774376
2026-10-03,1,wk inc covid hosp,2026-10-10,34,quantile,0.5,181.2043780026478
2026-10-03,1,wk inc covid hosp,2026-10-10,34,quantile,0.55,187.01994407460577
2026-10-03,1,wk inc covid hosp,2026-10-10,34,quantile,0.6,190.4577350467697
2026-10-03,1,wk inc covid hosp,2026-10-10,34,quantile,0.65,198.77754969914153
2026-10-03,1,wk inc covid hosp,2026-10-10,34,quantile,0.7,205.63370745102185
2026-10-03,1,wk inc covid hosp,2026-10-10,34,quantile,0.75,213.9909406501111
2026-10-03,1,wk inc covid hosp,2026-10-10,34,quantile,0.8,231.38893424003865
2026-10-03,1,wk inc covid hosp,2026-10-10,34,quantile,0.85,251.8571205408385
2026-10-03,1,wk inc covid hosp,2026-10-10,34,quantile,0.9,258.6190975948136
2026-10-03,1,wk inc covid hosp,2026-10-10,34,quantile,0.95,268.8898455330086
2026-10-03,1,wk inc covid hosp,2026-10-10,34,quantile,0.975,283.98904170028203
2026-10-03,1,wk inc covid hosp,2026-10-10,34,quantile,0.99,305.32250733104183
2026-10-03,1,wk inc covid hosp,2026-10-10,35,quantile,0.01,0.14447280496229062
2026-10-03,1,wk inc covid hosp,2026-10-10,35,quantile,0.025,0.7025520814509371
2026-10-03,1,wk inc covid hosp,2026-10-10,35,quantile,0.05,1.094148085814718
2026-10-03,1,wk inc covid hosp,2026-10-10,35,quantile,0.1,2.138449159979964
2026-10-03,1,wk inc covid hosp,2026-10-10,35,quantile,0.15,3.8680296049846676
2026-10-03,1,wk inc covid hosp,2026-10-10,35,quantile,0.2,4.429970321956761
2026-10-03,1,wk inc covid hosp,2026-10-10,35,quantile,0.25,5.05805540325443
2026-10-03,1,wk inc covid hosp,2026-10-10,35,quantile,0.3,5.3333062353217855
2026-10-03,1,wk inc covid hosp,2026-10-10,35,quantile,0.35,6.417958771664572
2026-10-03,1,wk inc covid hosp,2026-10-10,35,quantile,0.4,6.631274849730378
2026-10-03,1,wk inc covid hosp,2026-10-10,35,quantile,0.45,6.696549802530866
2026-10-03,1,wk inc covid hosp,2026-10-10,35,quantile,0.5,6.91127739524469
2026-10-03,1,wk inc covid hosp,2026-10-10,35,quantile,0.55,7.573214099741122
2026-10-03,1,wk inc covid hosp,2026-10-10,35,quantile,0.6,7.987359623947405
2026-10-03,1,wk inc covid hosp,2026-10-10,35,quantile,0.65,8.360913635755097
2026-10-03,1,wk inc covid hosp,2026-10-10,35,quantile,0.7,9.367985310564055
2026-10-03,1,wk inc covid hosp,2026-10-10,35,quantile,0.75,11.211078071484465
2026-10-03,1,wk inc covid hosp,2026-10-10,35,quantile,0.8,11.856085307464275
2026-10-03,1,wk inc covid hosp,2026-10-10,35,quantile,0.85,13.536721989722665
2026-10-03,1,wk inc covid hosp,2026-10-10,35,quantile,0.9,14.002687809107504
2026-10-03,1,wk inc covid hosp,2026-10-10,35,quantile,0.95,17.856061886361758
2026-10-03,1,wk inc covid hosp,2026-10-10,35,quantile,0.975,20.69688823708608
2026-10-03,1,wk inc covid hosp,2026-10-10,35,quantile,0.99,28.181891470636064
2026-10-03,1,wk inc covid hosp,2026-10-10,36,quantile,0.01,100.24904428277691
2026-10-03,1,wk inc covid hosp,2026-10-10,36,quantile,0.025,161.27938222272843
2026-10-03,1,wk inc covid hosp,2026-10-10,36,quantile,0.05,192.31684430966476
2026-10-03,1,wk inc covid hosp,2026-10-10,36,quantile,0.1,210.05228448827194
2026-10-03,1,wk inc covid hosp,2026-10-10,36,quantile,0.15,212.4071358197691
2026-10-03,1,wk inc covid hosp,2026-10-10,36,quantile,0.2,218.28646374341366
2026-10-03,1,wk inc covid hosp,2026-10-10,36,quantile,0.25,224.9226551955581
2026-10-03,1,wk inc covid hosp,2026-10-10,36,quantile,0.3,226.55047536260778
2026-10-03,1,wk inc covid hosp,2026-10-10,36,quantile,0.35,230.92711808733833
2026-10-03,1,wk inc covid hosp,2026-10-10,36,quantile,0.4,237.520186680339
2026-10-03,1,wk inc covid hosp,2026-10-10,36,quantile,0.45,246.07011751118904
2026-10-03,1,wk inc covid hosp,2026-10-10,36,quantile,0.5,269.5240347707931
2026-10-03,1,wk inc covid hosp,2026-10-10,36,quantile,0.55,278.3913671393402
2026-10-03,1,wk inc covid hosp,2026-10-10,36,quantile,0.6,289.8463183172816
2026-10-03,1,wk inc covid hosp,2026-10-10,36,quantile,0.65,296.73389567853167
2026-10-03,1,wk inc covid hosp,2026-10-10,36,quantile,0.7,302.9262230041825
2026-10-03,1,wk inc covid hosp,2026-10-10,36,quantile,0.75,321.06836353647094
2026-10-03,1,wk inc covid hosp,2026-10-10,36,quantile,0.8,326.5650000287715
2026-10-03,1,wk inc covid hosp,2026-10-10,36,quantile,0.85,335.5726825867926
2026-10-03,1,wk inc covid hosp,2026-10-10,36,quantile,0.9,345.5676205268028
2026-10-03,1,wk inc covid hosp,2026-10-10,36,quantile,0.95,348.4762352942298
2026-10-03,1,wk inc covid hosp,2026-10-10,36,quantile,0.975,365.16705345985145
2026-10-03,1,wk inc covid hosp,2026-10-10,36,quantile,0.99,424.5958587977696
2026-10-03,1,wk inc covid hosp,2026-10-10,37,quantile,0.01,13.17588023709448
2026-10-03,1,wk inc covid hosp,2026-10-10,37,quantile,0.025,64.05370612999394
2026-10-03,1,wk inc covid hosp,2026-10-10,37,quantile,0.05,92.69346471370737
2026-10-03,1,wk inc covid hosp,2026-10-10,37,quantile,0.1,102.88787411047883
2026-10-03,1,wk inc covid hosp,2026-10-10,37,quantile,0.15,105.69771033580841
2026-10-03,1,wk inc covid hosp,2026-10-10,37,quantile,0.2,119.98037051640107
2026-10-03,1,wk inc covid hosp,2026-10-10,37,quantile,0.25,132.13899492429348
2026-10-03,1,wk inc covid hosp,2026-10-10,37,quantile,0.3,139.90480790538612
2026-10-03,1,wk inc covid hosp,2026-10-10,37,quantile,0.35,142.90580699228653
2026-10-03,1,wk inc covid hosp,2026-10-10,37,quantile,0.4,148.32976565811722
2026-10-03,1,wk inc covid hosp,2026-10-10,37,quantile,0.45,159.39436816208118
2026-10-03,1,wk inc covid hosp,2026-10-10,37,quantile,0.5,164.33528468081607
2026-10-03,1,wk inc covid hosp,2026-10-10,37,quantile,0.55,170.44308936633135
2026-10-03,1,wk inc covid hosp,2026-10-10,37,quantile,0.6,174.99683135711172
2026-10-03,1,wk inc covid hosp,2026-10-10,37,quantile,0.65,176.03319182756047
2026-10-03,1,wk inc covid hosp,2026-10-10,37,quantile,0.7,185.24465484442257
2026-10-03,1,wk inc covid hosp,2026-10-10,37,quantile,0.75,191.99493691770283
2026-10-03,1,wk inc covid hosp,2026-10-10,37,quantile,0.8,209.3847019476373
2026-10-03,1,wk inc covid hosp,2026-10-10,37,quantile,0.85,214.24477367294654
2026-10-03,1,wk inc covid hosp,2026-10-10,37,quantile,0.9,216.11437612924288
2026-10-03,1,wk inc covid hosp,2026-10-10,37,quantile,0.95,233.8593711382187
2026-10-03,1,wk inc covid hosp,2026-10-10,37,quantile,0.975,244.52319868529565
2026-10-03,1,wk inc covid hosp,2026-10-10,37,quantile,0.99,250.0599316736257
2026-10-03,1,wk inc covid hosp,2026-10-10,38,quantile,0.01,0.22067784248873668
2026-10-03,1,wk inc covid hosp,2026-10-10,38,quantile,0.025,0.29592213222256103
2026-10-03,1,wk inc covid hosp,2026-10-10,38,quantile,0.05,0.3765609793236178
2026-10-03,1,wk inc covid hosp,2026-10-10,38,quantile,0.1,0.6576446679649661
2026-10-03,1,wk inc covid hosp,2026-10-10,38,quantile,0.15,1.1024215057280438
2026-10-03,1,wk inc covid hosp,2026-10-10,38,quantile,0.2,1.2231106564907397
2026-10-03,1,wk inc covid hosp,2026-10-10,38,quantile,0.25,1.444632292500004
2026-10-03,1,wk inc covid hosp,2026-10-10,38,quantile,0.3,1.6676737354141482
2026-10-03,1,wk inc covid hosp,2026-10-10,38,quantile,0.35,1.8723323004190782
2026-10-03,1,wk inc covid hosp,2026-10-10,38,quantile,0.4,2.1249686506589334
2026-10-03,1,wk inc covid hosp,2026-10-10,38,quantile,0.45,2.236159503408618
2026-10-03,1,wk inc covid hosp,2026-10-10,38,quantile,0.5,2.673198154658292
2026-10-03,1,wk inc covid hosp,2026-10-10,38,quantile,0.55,2.9506175234555605
2026-10-03,1,wk inc covid hosp,2026-10-10,38,quantile,0.6,3.127702610770108
2026-10-03,1,wk inc covid hosp,2026-10-10,38,quantile,0.65,3.282751978503689
2026-10-03,1,wk inc covid hosp,2026-10-10,38,quantile,0.7,3.543825240354411
2026-10-03,1,wk inc covid hosp,2026-10-10,38,quantile,0.75,3.908773108384199
2026-10-03,1,wk inc covid hosp,2026-10-10,38,quantile,0.8,4.659634667476897
2026-10-03,1,wk inc covid hosp,2026-10-10,38,quantile,0.85,5.947706306996253
2026-10-03,1,wk inc covid hosp,2026-10-10,38,quantile,0.9,6.807703378158359
2026-10-03,1,wk inc covid hosp,2026-10-10,38,quantile,0.95,8.114084226304914
2026-10-03,1,wk inc covid hosp,2026-10-10,38,quantile,0.975,8.89745013497862
2026-10-03,1,wk inc covid hosp,2026-10-10,38,quantile,0.99,9.302186259104673
2026-10-03,1,wk inc covid hosp,2026-10-10,39,quantile,0.01,32.299250913083576
2026-10-03,1,wk inc covid hosp,2026-10-10,39,quantile,0.025,34.7223289640448
2026-10-03,1,wk inc covid hosp,2026-10-10,39,quantile,0.05,36.52849299016839
2026-10-03,1,wk inc covid hosp,2026-10-10,39,quantile,0.1,46.72602198848857
2026-10-03,1,wk inc covid hosp,2026-10-10,39,quantile,0.15,53.45142913402762
2026-10-03,1,wk inc covid hosp,2026-10-10,39,quantile,0.2,59.49956237701748
2026-10-03,1,wk inc covid hosp,2026-10-10,39,quantile,0.25,62.100297549675524
2026-10-03,1,wk inc covid hosp,2026-10-10,39,quantile,0.3,64.58006914522063
2026-10-03,1,wk inc covid hosp,2026-10-10,39,quantile,0.35,66.19438434807118
2026-10-03,1,wk inc covid hosp,2026-10-10,39,quantile,0.4,68.67294364034666
2026-10-03,1,wk inc covid hosp,2026-10-10,39,quantile,0.45,70.14398990348185
2026-10-03,1,wk inc covid hosp,2026-10-10,39,quantile,0.5,72.4177825176325
2026-10-03,1,wk inc covid hosp,2026-10-10,39,quantile,0.55,75.40976061992458
2026-10-03,1,wk inc covid hosp,2026-10-10,39,quantile,0.6,81.43296111849666
2026-10-03,1,wk inc covid hosp,2026-10-10,39,quantile,0.65,82.44010959716432
2026-10-03,1,wk inc covid hosp,2026-10-10,39,quantile,0.7,85.56923215816522
2026-10-03,1,wk inc covid hosp,2026-10-10,39,quantile,0.75,86.84396298797411
2026-10-03,1,wk inc covid hosp,2026-10-10,39,quantile,0.8,97.10448867477152
2026-10-03,1,wk inc covid hosp,2026-10-10,39,quantile,0.85,99.5190922952291
2026-10-03,1,wk inc covid hosp,2026-10-10,39,quantile,0.9,105.74959714641726
2026-10-03,1,wk inc covid hosp,2026-10-10,39,quantile,0.95,145.40580706041564
2026-10-03,1,wk inc covid hosp,2026-10-10,39,quantile,0.975,158.67443440359978
2026-10-03,1,wk inc covid hosp,2026-10-10,39,quantile,0.99,170.93387645712374
2026-10-03,1,wk inc covid hosp,2026-10-10,40,quantile,0.01,3.705687187717647
2026-10-03,1,wk inc covid hosp,2026-10-10,40,quantile,0.025,5.455547615964884
2026-10-03,1,wk inc covid hosp,2026-10-10,40,quantile,0.05,5.893572816836437
2026-10-03,1,wk inc covid hosp,2026-10-10,40,quantile,0.1,7.467986334194034
2026-10-03,1,wk inc covid hosp,2026-10-10,40,quantile,0.15,8.441583793929212
2026-10-03,1,wk inc covid hosp,2026-10-10,40,quantile,0.2,11.063166376060757
2026-10-03,1,wk inc covid hosp,2026-10-10,40,quantile,0.25,12.97260845642099
2026-10-03,1,wk inc covid hosp,2026-10-10,40,quantile,0.3,14.341163607589722
2026-10-03,1,wk inc covid hosp,2026-10-10,40,quantile,0.35,14.362331173064593
2026-10-03,1,wk inc covid hosp,2026-10-10,40,quantile,0.4,14.643170639623209
2026-10-03,1,wk inc covid hosp,2026-10-10,40,quantile,0.45,15.417567834668196
2026-10-03,1,wk inc covid hosp,2026-10-10,40,quantile,0.5,16.981807481578983
2026-10-03,1,wk inc covid hosp,2026-10-10,40,quantile,0.55,17.356495256168316
2026-10-03,1,wk inc covid hosp,2026-10-10,40,quantile,0.6,18.240747161059076
2026-10-03,1,wk inc covid hosp,2026-10-10,40,quantile,0.65,20.11549450819231
2026-10-03,1,wk inc covid hosp,2026-10-10,40,quantile,0.7,21.902508511026525
2026-10-03,1,wk inc covid hosp,2026-10-10,40,quantile,0.75,24.81416143351598
2026-10-03,1,wk inc covid hosp,2026-10-10,40,quantile,0.8,27.09873808281439
2026-10-03,1,wk inc covid hosp,2026-10-10,40,quantile,0.85,31.48912115844204
2026-10-03,1,wk inc covid hosp,2026-10-10,40,quantile,0.9,34.6608543522037
2026-10-03,1,wk inc covid hosp,2026-10-10,40,quantile,0.95,42.32635051885623
2026-10-03,1,wk inc covid hosp,2026-10-10,40,quantile,0.975,46.04893788306809
2026-10-03,1,wk inc covid hosp,2026-10-10,40,quantile,0.99,51.73090924933646
2026-10-03,1,wk inc covid hosp,2026-10-10,41,quantile,0.01,32.16693071150365
2026-10-03,1,wk inc covid hosp,2026-10-10,41,quantile,0.025,34.131670357189044
2026-10-03,1,wk inc covid hosp,2026-10-10,41,quantile,0.05,36.140714464534305
2026-10-03,1,wk inc covid hosp,2026-10-10,41,quantile,0.1,40.92416325548036
2026-10-03,1,wk inc covid hosp,2026-10-10,41,quantile,0.15,44.722775989132515
2026-10-03,1,wk inc covid hosp,2026-10-10,41,quantile,0.2,46.62412398597832
2026-10-03,1,wk inc covid hosp,2026-10-10,41,quantile,0.25,48.32471501283243
2026-10-03,1,wk inc covid hosp,2026-10-10,41,quantile,0.3,50.010682383261376
2026-10-03,1,wk inc covid hosp,2026-10-10,41,quantile,0.35,50.836897691214446
2026-10-03,1,wk inc covid hosp,2026-10-10,41,quantile,0.4,53.736286865172794
2026-10-03,1,wk inc covid hosp,2026-10-10,41,quantile,0.45,55.01158321950332
2026-10-03,1,wk inc covid hosp,2026-10-10,41,quantile,0.5,56.652871851429055
2026-10-03,1,wk inc covid hosp,2026-10-10,41,quantile,0.55,58.350412573469605
2026-10-03,1,wk inc covid hosp,2026-10-10,41,quantile,0.6,62.78605341001587
2026-10-03,1,wk inc covid hosp,2026-10-10,41,quantile,0.65,67.68964277240563
2026-10-03,1,wk inc covid hosp,2026-10-10,41,quantile,0.7,70.09726236793877
2026-10-03,1,wk inc covid hosp,2026-10-10,41,quantile,0.75,72.33869860324968
2026-10-03,1,wk inc covid hosp,2026-10-10,41,quantile,0.8,76.75038096500732
2026-10-03,1,wk inc covid hosp,2026-10-10,41,quantile,0.85,77.67130699581487
2026-10-03,1,wk inc covid hosp,2026-10-10,41,quantile,0.9,79.94343352161764
2026-10-03,1,wk inc covid hosp,2026-10-10,41,quantile,0.95,83.15473948940587
2026-10-03,1,wk inc covid hosp,2026-10-10,41,quantile,0.975,83.79988312943156
2026-10-03,1,wk inc covid hosp,2026-10-10,41,quantile,0.99,99.43959217910506
2026-10-03,1,wk inc covid hosp,2026-10-10,42,quantile,0.01,151.42015724329218
2026-10-03,1,wk inc covid hosp,2026-10-10,42,quantile,0.025,155.13357273841885
2026-10-03,1,wk inc covid hosp,2026-10-10,42,quantile,0.05,163.48450538871896
2026-10-03,1,wk inc covid hosp,2026-10-10,42,quantile,0.1,183.92478701233912
2026-10-03,1,wk inc covid hosp,2026-10-10,42,quantile,0.15,187.967210985035
2026-10-03,1,wk inc covid hosp,2026-10-10,42,quantile,0.2,209.23713204102242
2026-10-03,1,wk inc covid hosp,2026-10-10,42,quantile,0.25,210.78731349303754
2026-10-03,1,wk inc covid hosp,2026-10-10,42,quantile,0.3,215.95693039630532
2026-10-03,1,wk inc covid hosp,2026-10-10,42,quantile,0.35,228.83985169761607
2026-10-03,1,wk inc covid hosp,2026-10-10,42,quantile,0.4,232.01557139171257
2026-10-03,1,wk inc covid hosp,2026-10-10,42,quantile,0.45,239.59114128272174
2026-10-03,1,wk inc covid hosp,2026-10-10,42,quantile,0.5,245.32638575864388
2026-10-03,1,wk inc covid hosp,2026-10-10,42,quantile,0.55,247.82810557984237
2026-10-03,1,wk inc covid hosp,2026-10-10,42,quantile,0.6,250.34768353930548
2026-10-03,1,wk inc covid hosp,2026-10-10,42,quantile,0.65,253.69429759598538
2026-10-03,1,wk inc covid hosp,2026-10-10,42,quantile,0.7,268.79941123297704
2026-10-03,1,wk inc covid hosp,2026-10-10,42,quantile,0.75,281.7135908390062
2026-10-03,1,wk inc covid hosp,2026-10-10,42,quantile,0.8,297.97800149829465
2026-10-03,1,wk inc covid hosp,2026-10-10,42,quantile,0.85,319.7762794357657
2026-10-03,1,wk inc covid hosp,2026-10-10,42,quantile,0.9,326.12763290047036
2026-10-03,1,wk inc covid hosp,2026-10-10,42,quantile,0.95,408.435957178848
2026-10-03,1,wk inc covid hosp,2026-10-10,42,quantile,0.975,425.85558262213544
2026-10-03,1,wk inc covid hosp,2026-10-10,42,quantile,0.99,434.0119865001779
2026-10-03,1,wk inc covid hosp,2026-10-10,44,quantile,0.01,1.444074395272939
2026-10-03,1,wk inc covid hosp,2026-10-10,44,quantile,0.025,2.026651940818763
2026-10-03,1,wk inc covid hosp,2026-10-10,44,quantile,0.05,2.3549186658575176
2026-10-03,1,wk inc covid hosp,2026-10-10,44,quantile,0.1,5.380808030639976
2026-10-03,1,wk inc covid hosp,2026-10-10,44,quantile,0.15,6.2841417557976165
2026-10-03,1,wk inc covid hosp,2026-10-10,44,quantile,0.2,7.221056696623795
2026-10-03,1,wk inc covid hosp,2026-10-10,44,quantile,0.25,7.448668231186974
2026-10-03,1,wk inc covid hosp,2026-10-10,44,quantile,0.3,9.51115282254795
2026-10-03,1,wk inc covid hosp,2026-10-10,44,quantile,0.35,10.319576017972318
2026-10-03,1,wk inc covid hosp,2026-10-10,44,quantile,0.4,11.226395798241969
2026-10-03,1,wk inc covid hosp,2026-10-10,44,quantile,0.45,11.778563668315547
2026-10-03,1,wk inc covid hosp,2026-10-10,44,quantile,0.5,13.062075321568308
2026-10-03,1,wk inc covid hosp,2026-10-10,44,quantile,0.55,15.346959943298549
2026-10-03,1,wk inc covid hosp,2026-10-10,44,quantile,0.6,16.80145987204966
2026-10-03,1,wk inc covid hosp,2026-10-10,44,quantile,0.65,19.13545979644621
2026-10-03,1,wk inc covid hosp,2026-10-10,44,quantile,0.7,21.29146597444218
2026-10-03,1,wk inc covid hosp,2026-10-10,44,quantile,0.75,23.925774824243152
2026-10-03,1,wk inc covid hosp,2026-10-10,44,quantile,0.8,26.528099076512433
2026-10-03,1,wk inc covid hosp,2026-10-10,44,quantile,0.85,28.396053535908628
2026-10-03,1,wk inc covid hosp,2026-10-10,44,quantile,0.9,36.15002308204248
2026-10-03,1,wk inc covid hosp,2026-10-10,44,quantile,0.95,37.2365087875297
2026-10-03,1,wk inc covid hosp,2026-10-10,44,quantile,0.975,37.39514928951515
2026-10-03,1,wk inc covid hosp,2026-10-10,44,quantile,0.99,52.63042371333124
2026-10-03,1,wk inc covid hosp,2026-10-10,45,quantile,0.01,7.449468998881704
2026-10-03,1,wk inc covid hosp,2026-10-10,45,quantile,0.025,14.009884439473726
2026-10-03,1,wk inc covid hosp,2026-10-10,45,quantile,0.05,18.34009133671254
2026-10-03,1,wk inc covid hosp,2026-10-10,45,quantile,0.1,26.50074560164825
2026-10-03,1,wk inc covid hosp,2026-10-10,45,quantile,0.15,40.325709250382424
2026-10-03,1,wk inc covid hosp,2026-10-10,45,quantile,0.2,44.06513813797726
2026-10-03,1,wk inc covid hosp,2026-10-10,45,quantile,0.25,48.506255970326336
2026-10-03,1,wk inc covid hosp,2026-10-10,45,quantile,0.3,54.18224124860343
2026-10-03,1,wk inc covid hosp,2026-10-10,45,quantile,0.35,55.03264526994315
2026-10-03,1,wk inc covid hosp,2026-10-10,45,quantile,0.4,56.07782458919591
2026-10-03,1,wk inc covid hosp,2026-10-10,45,quantile,0.45,61.78018980013812
2026-10-03,1,wk inc covid hosp,2026-10-10,45,quantile,0.5,64.86165521657773
2026-10-03,1,wk inc covid hosp,2026-10-10,45,quantile,0.55,69.09486963334115
2026-10-03,1,wk inc covid hosp,2026-10-10,45,quantile,0.6,71.15751197415882
2026-10-03,1,wk inc covid hosp,2026-10-10,45,quantile,0.65,76.11513462101394
2026-10-03,1,wk inc covid hosp,2026-10-10,45,quantile,0.7,79.18653350769009
2026-10-03,1,wk inc covid hosp,2026-10-10,45,quantile,0.75,85.46983836129517
2026-10-03,1,wk inc covid hosp,2026-10-10,45,quantile,0.8,88.9999483509761
2026-10-03,1,wk inc covid hosp,2026-10-10,45,quantile,0.85,94.61272086159504
2026-10-03,1,wk inc covid hosp,2026-10-10,45,quantile,0.9,103.31983771942362
2026-10-03,1,wk inc covid hosp,2026-10-10,45,quantile,0.95,116.92467531497844
2026-10-03,1,wk inc covid hosp,2026-10-10,45,quantile,0.975,121.79051650605297
2026-10-03,1,wk inc covid hosp,2026-10-10,45,quantile,0.99,125.68725510499316
2026-10-03,1,wk inc covid hosp,2026-10-10,46,quantile,0.01,0.1927717269245951
2026-10-03,1,wk inc covid hosp,2026-10-10,46,quantile,0.025,0.3479808663913425
2026-10-03,1,wk inc covid hosp,2026-10-10,46,quantile,0.05,0.565490984385591
2026-10-03,1,wk inc covid hosp,2026-10-10,46,quantile,0.1,1.1016156678204874
2026-10-03,1,wk inc covid hosp,2026-10-10,46,quantile,0.15,1.631825772770469
2026-10-03,1,wk inc covid hosp,2026-10-10,46,quantile,0.2,2.2213997098482965
2026-10-03,1,wk inc covid hosp,2026-10-10,46,quantile,0.25,2.9548544676724102
2026-10-03,1,wk inc covid hosp,2026-10-10,46,quantile,0.3,3.616660366427104
2026-10-03,1,wk inc covid hosp,2026-10-10,46,quantile,0.35,3.9516985597713976
2026-10-03,1,wk inc covid hosp,2026-10-10,46,quantile,0.4,4.120079004096931
2026-10-03,1,wk inc covid hosp,2026-10-10,46,quantile,0.45,4.301761427713821
2026-10-03,1,wk inc covid hosp,2026-10-10,46,quantile,0.5,4.99771603159395
2026-10-03,1,wk inc covid hosp,2026-10-10,46,quantile,0.55,5.489853855088116
2026-10-03,1,wk inc covid hosp,2026-10-10,46,quantile,0.6,6.040466005460879
2026-10-03,1,wk inc covid hosp,2026-10-10,46,quantile,0.65,6.611551637635358
2026-10-03,1,wk inc covid hosp,2026-10-10,46,quantile,0.7,7.580771853089779
2026-10-03,1,wk inc covid hosp,2026-10-10,46,quantile,0.75,8.08368645461561
2026-10-03,1,wk inc covid hosp,2026-10-10,46,quantile,0.8,8.915622699485734
2026-10-03,1,wk inc covid hosp,2026-10-10,46,quantile,0.85,9.461664005868794
2026-10-03,1,wk inc covid hosp,2026-10-10,46,quantile,0.9,11.792060752042786
2026-10-03,1,wk inc covid hosp,2026-10-10,46,quantile,0.95,19.103015905196255
2026-10-03,1,wk inc covid hosp,2026-10-10,46,quantile,0.975,22.070530389564738
2026-10-03,1,wk inc covid hosp,2026-10-10,46,quantile,0.99,23.21933784201784
2026-10-03,1,wk inc covid hosp,2026-10-10,47,quantile,0.01,13.04140227478682
2026-10-03,1,wk inc covid hosp,2026-10-10,47,quantile,0.025,22.394453779924714
2026-10-03,1,wk inc covid hosp,2026-10-10,47,quantile,0.05,33.80007865954701
2026-10-03,1,wk inc covid hosp,2026-10-10,47,quantile,0.1,38.744694122380025
2026-10-03,1,wk inc covid hosp,2026-10-10,47,quantile,0.15,42.43942629312205
2026-10-03,1,wk inc covid hosp,2026-10-10,47,quantile,0.2,45.94070445292815
2026-10-03,1,wk inc covid hosp,2026-10-10,47,quantile,0.25,48.117158681042106
2026-10-03,1,wk inc covid hosp,2026-10-10,47,quantile,0.3,50.49464053087642
2026-10-03,1,wk inc covid hosp,2026-10-10,47,quantile,0.35,55.10524582988592
2026-10-03,1,wk inc covid hosp,2026-10-10,47,quantile,0.4,57.161875416756395
2026-10-03,1,wk inc covid hosp,2026-10-10,47,quantile,0.45,61.486686612919044
2026-10-03,1,wk inc covid hosp,2026-10-10,47,quantile,0.5,64.53474300628281
2026-10-03,1,wk inc covid hosp,2026-10-10,47,quantile,0.55,66.59367104615238
2026-10-03,1,wk inc covid hosp,2026-10-10,47,quantile,0.6,68.83483596555595
2026-10-03,1,wk inc covid hosp,2026-10-10,47,quantile,0.65,71.16977816208797
2026-10-03,1,wk inc covid hosp,2026-10-10,47,quantile,0.7,74.33126427959412
2026-10-03,1,wk inc covid hosp,2026-10-10,47,quantile,0.75,78.9893548090976
2026-10-03,1,wk inc covid hosp,2026-10-10,47,quantile,0.8,81.28276220108945
2026-10-03,1,wk inc covid hosp,2026-10-10,47,quantile,0.85,86.79425602716904
2026-10-03,1,wk inc covid hosp,2026-10-10,47,quantile,0.9,96.87033269968265
2026-10-03,1,wk inc covid hosp,2026-10-10,47,quantile,0.95,99.93039699138133
2026-10-03,1,wk inc covid hosp,2026-10-10,47,quantile,0.975,119.80065953086745
2026-10-03,1,wk inc covid hosp,2026-10-10,47,quantile,0.99,188.0138604782767
2026-10-03,1,wk inc covid hosp,2026-10-10,48,quantile,0.01,13.634699167784891
2026-10-03,1,wk inc covid hosp,2026-10-10,48,quantile,0.025,54.95604400407426
2026-10-03,1,wk inc covid hosp,2026-10-10,48,quantile,0.05,187.86799032022134
2026-10-03,1,wk inc covid hosp,2026-10-10,48,quantile,0.1,202.0378844625365
2026-10-03,1,wk inc covid hosp,2026-10-10,48,quantile,0.15,216.25704021118943
2026-10-03,1,wk inc covid hosp,2026-10-10,48,quantile,0.2,241.97725527087454
2026-10-03,1,wk inc covid hosp,2026-10-10,48,quantile,0.25,276.0477304012596
2026-10-03,1,wk inc covid hosp,2026-10-10,48,quantile,0.3,292.010904311546
2026-10-03,1,wk inc covid hosp,2026-10-10,48,quantile,0.35,303.25452564253595
2026-10-03,1,wk inc covid hosp,2026-10-10,48,quantile,0.4,324.8603542327676
2026-10-03,1,wk inc covid hosp,2026-10-10,48,quantile,0.45,343.96543406666717
2026-10-03,1,wk inc covid hosp,2026-10-10,48,quantile,0.5,354.5941663489719
2026-10-03,1,wk inc covid hosp,2026-10-10,48,quantile,0.55,359.39850658213743
2026-10-03,1,wk inc covid hosp,2026-10-10,48,quantile,0.6,387.252404140368
2026-10-03,1,wk inc covid hosp,2026-10-10,48,quantile,0.65,399.2087199384017
2026-10-03,1,wk inc covid hosp,2026-10-10,48,quantile,0.7,409.4529843566145
2026-10-03,1,wk inc covid hosp,2026-10-10,48,quantile,0.75,418.0619757422714
2026-10-03,1,wk inc covid hosp,2026-10-10,48,quantile,0.8,443.29329332415045
2026-10-03,1,wk inc covid hosp,2026-10-10,48,quantile,0.85,448.3336299781665
2026-10-03,1,wk inc covid hosp,2026-10-10,48,quantile,0.9,478.3177971919489
2026-10-03,1,wk inc covid hosp,2026-10-10,48,quantile,0.95,505.1245650274244
2026-10-03,1,wk inc covid hosp,2026-10-10,48,quantile,0.975,538.5033502776748
2026-10-03,1,wk inc covid hosp,2026-10-10,48,quantile,0.99,560.062071311513
2026-10-03,1,wk inc covid hosp,2026-10-10,49,quantile,0.01,14.257212474858699
2026-10-03,1,wk inc covid hosp,2026-10-10,49,quantile,0.025,15.046697375880797
2026-10-03,1,wk inc covid hosp,2026-10-10,49,quantile,0.05,15.597443566410973
2026-10-03,1,wk inc covid hosp,2026-10-10,49,quantile,0.1,17.543641004243277
2026-10-03,1,wk inc covid hosp,2026-10-10,49,quantile,0.15,18.601665989447813
2026-10-03,1,wk inc covid hosp,2026-10-10,49,quantile,0.2,21.94483929785916
2026-10-03,1,wk inc covid hosp,2026-10-10,49,quantile,0.25,22.53291668167555
2026-10-03,1,wk inc covid hosp,2026-10-10,49,quantile,0.3,23.748749891961037
2026-10-03,1,wk inc covid hosp,2026-10-10,49,quantile,0.35,24.910024526162907
2026-10-03,1,wk inc covid hosp,2026-10-10,49,quantile,0.4,25.337524382801007
2026-10-03,1,wk inc covid hosp,2026-10-10,49,quantile,0.45,25.901410226165748
2026-10-03,1,wk inc covid hosp,2026-10-10,49,quantile,0.5,27.65830338090618
2026-10-03,1,wk inc covid hosp,2026-10-10,49,quantile,0.55,33.33548841923979
2026-10-03,1,wk inc covid hosp,2026-10-10,49,quantile,0.6,34.910610902790715
2026-10-03,1,wk inc covid hosp,2026-10-10,49,quantile,0.65,35.75319908445987
2026-10-03,1,wk inc covid hosp,2026-10-10,49,quantile,0.7,38.32556350818291
2026-10-03,1,wk inc covid hosp,2026-10-10,49,quantile,0.75,41.714515133359704
2026-10-03,1,wk inc covid hosp,2026-10-10,49,quantile,0.8,42.827867383552686
2026-10-03,1,wk inc covid hosp,2026-10-10,49,quantile,0.85,43.49564736749979
2026-10-03,1,wk inc covid hosp,2026-10-10,49,quantile,0.9,45.88034642392226
2026-10-03,1,wk inc covid hosp,2026-10-10,49,quantile,0.95,48.550808270577704
2026-10-03,1,wk inc covid hosp,2026-10-10,49,quantile,0.975,53.788455278220766
2026-10-03,1,wk inc covid hosp,2026-10-10,49,quantile,0.99,55.14534316155505
2026-10-03,1,wk inc covid hosp,2026-10-10,50,quantile,0.01,1.273581569075532
2026-10-03,1,wk inc covid hosp,2026-10-10,50,quantile,0.025,1.936793419614493
2026-10-03,1,wk inc covid hosp,2026-10-10,50,quantile,0.05,2.541458998638018
2026-10-03,1,wk inc covid hosp,2026-10-10,50,quantile,0.1,2.858186122141165
2026-10-03,1,wk inc covid hosp,2026-10-10,50,quantile,0.15,3.357713277161114
2026-10-03,1,wk inc covid hosp,2026-10-10,50,quantile,0.2,3.9711548165283723
2026-10-03,1,wk inc covid hosp,2026-10-10,50,quantile,0.25,5.156804104516947
2026-10-03,1,wk inc covid hosp,2026-10-10,50,quantile,0.3,5.891541192639879
2026-10-03,1,wk inc covid hosp,2026-10-10,50,quantile,0.35,6.57073799586686
2026-10-03,1,wk inc covid hosp,2026-10-10,50,quantile,0.4,6.9413374501228375
2026-10-03,1,wk inc covid hosp,2026-10-10,50,quantile,0.45,7.521964776967647
2026-10-03,1,wk inc covid hosp,2026-10-10,50,quantile,0.5,8.208351045819734
2026-10-03,1,wk inc covid hosp,2026-10-10,50,quantile,0.55,8.808208003738724
2026-10-03,1,wk inc covid hosp,2026-10-10,50,quantile,0.6,9.26007537283616
2026-10-03,1,wk inc covid hosp,2026-10-10,50,quantile,0.65,9.686804817136494
2026-10-03,1,wk inc covid hosp,2026-10-10,50,quantile,0.7,10.121800807615434
2026-10-03,1,wk inc covid hosp,2026-10-10,50,quantile,0.75,10.668838977933135
2026-10-03,1,wk inc covid hosp,2026-10-10,50,quantile,0.8,11.933852327087312
2026-10-03,1,wk inc covid hosp,2026-10-10,50,quantile,0.85,16.8658202164405
2026-10-03,1,wk inc covid hosp,2026-10-10,50,quantile,0.9,20.180979360980476
2026-10-03,1,wk inc covid hosp,2026-10-10,50,quantile,0.95,25.91961124083228
2026-10-03,1,wk inc covid hosp,2026-10-10,50,quantile,0.975,31.07839139413946
2026-10-03,1,wk inc covid hosp,2026-10-10,50,quantile,0.99,33.68311860774306
2026-10-03,1,wk inc covid hosp,2026-10-10,51,quantile,0.01,21.675618128590465
2026-10-03,1,wk inc covid hosp,2026-10-10,51,quantile,0.025,27.47665362344592
2026-10-03,1,wk inc covid hosp,2026-10-10,51,quantile,0.05,35.027007533645126
2026-10-03,1,wk inc covid hosp,2026-10-10,51,quantile,0.1,40.39352225946996
2026-10-03,1,wk inc covid hosp,2026-10-10,51,quantile,0.15,41.494714875163424
2026-10-03,1,wk inc covid hosp,2026-10-10,51,quantile,0.2,44.02071777390512
2026-10-03,1,wk inc covid hosp,2026-10-10,51,quantile,0.25,46.529850208642
2026-10-03,1,wk inc covid hosp,2026-10-10,51,quantile,0.3,47.41333438828967
2026-10-03,1,wk inc covid hosp,2026-10-10,51,quantile,0.35,48.9316553311597
2026-10-03,1,wk inc covid hosp,2026-10-10,51,quantile,0.4,50.77076284307577
2026-10-03,1,wk inc covid hosp,2026-10-10,51,quantile,0.45,53.140162192230925
2026-10-03,1,wk inc covid hosp,2026-10-10,51,quantile,0.5,58.05911104583728
2026-10-03,1,wk inc covid hosp,2026-10-10,51,quantile,0.55,62.16810417210116
2026-10-03,1,wk inc covid hosp,2026-10-10,51,quantile,0.6,64.52112719552676
2026-10-03,1,wk inc covid hosp,2026-10-10,51,quantile,0.65,65.44787868029856
2026-10-03,1,wk inc covid hosp,2026-10-10,51,quantile,0.7,68.79076004946192
2026-10-03,1,wk inc covid hosp,2026-10-10,51,quantile,0.75,72.68506513368563
2026-10-03,1,wk inc covid hosp,2026-10-10,51,quantile,0.8,75.47768325051027
2026-10-03,1,wk inc covid hosp,2026-10-10,51,quantile,0.85,81.07823908910676
2026-10-03,1,wk inc covid hosp,2026-10-10,51,quantile,0.9,92.38879424089319
2026-10-03,1,wk inc covid hosp,2026-10-10,51,quantile,0.95,97.37356337605046
2026-10-03,1,wk inc covid hosp,2026-10-10,51,quantile,0.975,100.26455982359434
2026-10-03,1,wk inc covid hosp,2026-10-10,51,quantile,0.99,101.43458321327131
2026-10-03,1,wk inc covid hosp,2026-10-10,53,quantile,0.01,71.31445386626777
2026-10-03,1,wk inc covid hosp,2026-10-10,53,quantile,0.025,101.73965625733949
2026-10-03,1,wk inc covid hosp,2026-10-10,53,quantile,0.05,122.30447263346421
2026-10-03,1,wk inc covid hosp,2026-10-10,53,quantile,0.1,145.81851143773645
2026-10-03,1,wk inc covid hosp,2026-10-10,53,quantile,0.15,154.3238111409426
2026-10-03,1,wk inc covid hosp,2026-10-10,53,quantile,0.2,165.39535064831966
2026-10-03,1,wk inc covid hosp,2026-10-10,53,quantile,0.25,176.4951398998126
2026-10-03,1,wk inc covid hosp,2026-10-10,53,quantile,0.3,182.91626951785378
2026-10-03,1,wk inc covid hosp,2026-10-10,53,quantile,0.35,187.62198226727855
2026-10-03,1,wk inc covid hosp,2026-10-10,53,quantile,0.4,193.80191286983998
2026-10-03,1,wk inc covid hosp,2026-10-10,53,quantile,0.45,196.82478569929617
2026-10-03,1,wk inc covid hosp,2026-10-10,53,quantile,0.5,197.23647228718178
2026-10-03,1,wk inc covid hosp,2026-10-10,53,quantile,0.55,206.54566726249908
2026-10-03,1,wk inc covid hosp,2026-10-10,53,quantile,0.6,210.97751451176885
2026-10-03,1,wk inc covid hosp,2026-10-10,53,quantile,0.65,214.76573189791566
2026-10-03,1,wk inc covid hosp,2026-10-10,53,quantile,0.7,217.6250472582587
2026-10-03,1,wk inc covid hosp,2026-10-10,53,quantile,0.75,223.0921867100595
2026-10-03,1,wk inc covid hosp,2026-10-10,53,quantile,0.8,239.9494399839112
2026-10-03,1,wk inc covid hosp,2026-10-10,53,quantile,0.85,248.29883171061942
2026-10-03,1,wk inc covid hosp,2026-10-10,53,quantile,0.9,280.05149595213067
2026-10-03,1,wk inc covid hosp,2026-10-10,53,quantile,0.95,300.26919536682664
2026-10-03,1,wk inc covid hosp,2026-10-10,53,quantile,0.975,310.5493665846388
2026-10-03,1,wk inc covid hosp,2026-10-10,53,quantile,0.99,331.70321847776387
2026-10-03,1,wk inc covid hosp,2026-10-10,54,quantile,0.01,2.510492899631283
2026-10-03,1,wk inc covid hosp,2026-10-10,54,quantile,0.025,3.5733400234100805
2026-10-03,1,wk inc covid hosp,2026-10-10,54,quantile,0.05,7.033957370221637
2026-10-03,1,wk inc covid hosp,2026-10-10,54,quantile,0.1,15.566666286970449
2026-10-03,1,wk inc covid hosp,2026-10-10,54,quantile,0.15,16.703861583486376
2026-10-03,1,wk inc covid hosp,2026-10-10,54,quantile,0.2,21.39009881959073
2026-10-03,1,wk inc covid hosp,2026-10-10,54,quantile,0.25,23.32493315307106
2026-10-03,1,wk inc covid hosp,2026-10-10,54,quantile,0.3,28.259676856918254
2026-10-03,1,wk inc covid hosp,2026-10-10,54,quantile,0.35,28.989994761971246
2026-10-03,1,wk inc covid hosp,2026-10-10,54,quantile,0.4,29.38147870666124
2026-10-03,1,wk inc covid hosp,2026-10-10,54,quantile,0.45,31.2575338286632
2026-10-03,1,wk inc covid hosp,2026-10-10,54,quantile,0.5,32.22698082441309
2026-10-03,1,wk inc covid hosp,2026-10-10,54,quantile,0.55,33.55287437989477
2026-10-03,1,wk inc covid hosp,2026-10-10,54,quantile,0.6,39.741105747882436
2026-10-03,1,wk inc covid hosp,2026-10-10,54,quantile,0.65,43.33032952016149
2026-10-03,1,wk inc covid hosp,2026-10-10,54,quantile,0.7,46.797507885004094
2026-10-03,1,wk inc covid hosp,2026-10-10,54,quantile,0.75,48.01316827706469
2026-10-03,1,wk inc covid hosp,2026-10-10,54,quantile,0.8,51.362511436895794
2026-10-03,1,wk inc covid hosp,2026-10-10,54,quantile,0.85,53.64853992641753
2026-10-03,1,wk inc covid hosp,2026-10-10,54,quantile,0.9,62.45073111600066
2026-10-03,1,wk inc covid hosp,2026-10-10,54,quantile,0.95,65.56640286630046
2026-10-03,1,wk inc covid hosp,2026-10-10,54,quantile,0.975,69.12276012112662
2026-10-03,1,wk inc covid hosp,2026-10-10,54,quantile,0.99,87.16476421908291
2026-10-03,1,wk inc covid hosp,2026-10-10,55,quantile,0.01,15.240802047584504
2026-10-03,1,wk inc covid hosp,2026-10-10,55,quantile,0.025,16.131057505276694
2026-10-03,1,wk inc covid hosp,2026-10-10,55,quantile,0.05,17.885176550493274
2026-10-03,1,wk inc covid hosp,2026-10-10,55,quantile,0.1,19.262746759923836
2026-10-03,1,wk inc covid hosp,2026-10-10,55,quantile,0.15,24.192566538332553
2026-10-03,1,wk inc covid hosp,2026-10-10,55,quantile,0.2,27.2122832437492
2026-10-03,1,wk inc covid hosp,2026-10-10,55,quantile,0.25,30.628972601222408
2026-10-03,1,wk inc covid hosp,2026-10-10,55,quantile,0.3,32.35512839177196
2026-10-03,1,wk inc covid hosp,2026-10-10,55,quantile,0.35,33.5163297396416
2026-10-03,1,wk inc covid hosp,2026-10-10,55,quantile,0.4,34.373544985577496
2026-10-03,1,wk inc covid hosp,2026-10-10,55,quantile,0.45,39.03966282499425
2026-10-03,1,wk inc covid hosp,2026-10-10,55,quantile,0.5,41.29168552592794
2026-10-03,1,wk inc covid hosp,2026-10-10,55,quantile,0.55,43.09790855625238
2026-10-03,1,wk inc covid hosp,2026-10-10,55,quantile,0.6,48.08848599488698
2026-10-03,1,wk inc covid hosp,2026-10-10,55,quantile,0.65,48.38738309778529
2026-10-03,1,wk inc covid hosp,2026-10-10,55,quantile,0.7,51.41994858799181
2026-10-03,1,wk inc covid hosp,2026-10-10,55,quantile,0.75,54.4106991483849
2026-10-03,1,wk inc covid hosp,2026-10-10,55,quantile,0.8,56.93042253653225
2026-10-03,1,wk inc covid hosp,2026-10-10,55,quantile,0.85,66.6664458538542
2026-10-03,1,wk inc covid hosp,2026-10-10,55,quantile,0.9,69.8535779052019
2026-10-03,1,wk inc covid hosp,2026-10-10,55,quantile,0.95,71.07803392827697
2026-10-03,1,wk inc covid hosp,2026-10-10,55,quantile,0.975,71.93577247531155
2026-10-03,1,wk inc covid hosp,2026-10-10,55,quantile,0.99,92.54949768864077
2026-10-03,1,wk inc covid hosp,2026-10-10,56,quantile,0.01,0.42758278329209565
2026-10-03,1,wk inc covid hosp,2026-10-10,56,quantile,0.025,0.7030958686368691
2026-10-03,1,wk inc covid hosp,2026-10-10,56,quantile,0.05,1.027856348777759
2026-10-03,1,wk inc covid hosp,2026-10-10,56,quantile,0.1,1.3385874127272654
2026-10-03,1,wk inc covid hosp,2026-10-10,56,quantile,0.15,1.5966270182930966
2026-10-03,1,wk inc covid hosp,2026-10-10,56,quantile,0.2,1.7797681576530127
2026-10-03,1,wk inc covid hosp,2026-10-10,56,quantile,0.25,2.132414140605593
2026-10-03,1,wk inc covid hosp,2026-10-10,56,quantile,0.3,2.5435198639214063
2026-10-03,1,wk inc covid hosp,2026-10-10,56,quantile,0.35,3.0001693199113206
2026-10-03,1,wk inc covid hosp,2026-10-10,56,quantile,0.4,3.1859624426234308
2026-10-03,1,wk inc covid hosp,2026-10-10,56,quantile,0.45,3.3276702596658305
2026-10-03,1,wk inc covid hosp,2026-10-10,56,quantile,0.5,3.829951541224143
2026-10-03,1,wk inc covid hosp,2026-10-10,56,quantile,0.55,4.2627950981341165
2026-10-03,1,wk inc covid hosp,2026-10-10,56,quantile,0.6,4.572267583140603
2026-10-03,1,wk inc covid hosp,2026-10-10,56,quantile,0.65,4.94983862227649
2026-10-03,1,wk inc covid hosp,2026-10-10,56,quantile,0.7,6.027140863992182
2026-10-03,1,wk inc covid hosp,2026-10-10,56,quantile,0.75,6.244108156395754
2026-10-03,1,wk inc covid hosp,2026-10-10,56,quantile,0.8,7.232750318421053
2026-10-03,1,wk inc covid hosp,2026-10-10,56,quantile,0.85,7.8210278509419595
2026-10-03,1,wk inc covid hosp,2026-10-10,56,quantile,0.9,9.218283412344215
2026-10-03,1,wk inc covid hosp,2026-10-10,56,quantile,0.95,9.9265494105137
2026-10-03,1,wk inc covid hosp,2026-10-10,56,quantile,0.975,11.104781776460907
2026-10-03,1,wk inc covid hosp,2026-10-10,56,quantile,0.99,17.895562316915814
2026-10-03,1,wk inc covid hosp,2026-10-10,72,quantile,0.01,23.34173600165355
2026-10-03,1,wk inc covid hosp,2026-10-10,72,quantile,0.025,26.744848294912064
2026-10-03,1,wk inc covid hosp,2026-10-10,72,quantile,0.05,34.65441021445928
2026-10-03,1,wk inc covid hosp,2026-10-10,72,quantile,0.1,51.39061926096569
2026-10-03,1,wk inc covid hosp,2026-10-10,72,quantile,0.15,64.37379718514252
2026-10-03,1,wk inc covid hosp,2026-10-10,72,quantile,0.2,68.8560869935041
2026-10-03,1,wk inc covid hosp,2026-10-10,72,quantile,0.25,71.21244577465343
2026-10-03,1,wk inc covid hosp,2026-10-10,72,quantile,0.3,72.04975110992342
2026-10-03,1,wk inc covid hosp,2026-10-10,72,quantile,0.35,74.91720651505696
2026-10-03,1,wk inc covid hosp,2026-10-10,72,quantile,0.4,78.03701631516525
2026-10-03,1,wk inc covid hosp,2026-10-10,72,quantile,0.45,83.10558886811191
2026-10-03,1,wk inc covid hosp,2026-10-10,72,quantile,0.5,84.36689456366366
2026-10-03,1,wk inc covid hosp,2026-10-10,72,quantile,0.55,90.34825959382295
2026-10-03,1,wk inc covid hosp,2026-10-10,72,quantile,0.6,93.48024468238265
2026-10-03,1,wk inc covid hosp,2026-10-10,72,quantile,0.65,97.49595368372883
2026-10-03,1,wk inc covid hosp,2026-10-10,72,quantile,0.7,101.36582342964354
2026-10-03,1,wk inc covid hosp,2026-10-10,72,quantile,0.75,105.43977065880448
2026-10-03,1,wk inc covid hosp,2026-10-10,72,quantile,0.8,109.23008735571486
2026-10-03,1,wk inc covid hosp,2026-10-10,72,quantile,0.85,113.61809342346584
2026-10-03,1,wk inc covid hosp,2026-10-10,72,quantile,0.9,119.67676709472838
2026-10-03,1,wk inc covid hosp,2026-10-10,72,quantile,0.95,126.25642951182276
2026-10-03,1,wk inc covid hosp,2026-10-10,72,quantile,0.975,134.0523518388783
2026-10-03,1,wk inc covid hosp,2026-10-10,72,quantile,0.99,181.04183954446415
2026-10-03,1,wk inc covid hosp,2026-10-10,US,quantile,0.01,1486.7288952703816
2026-10-03,1,wk inc covid hosp,2026-10-10,US,quantile,0.025,1748.8307779078632
2026-10-03,1,wk inc covid hosp,2026-10-10,US,quantile,0.05,2033.1605884521396
2026-10-03,1,wk inc covid hosp,2026-10-10,US,quantile,0.1,2368.3064781221033
2026-10-03,1,wk inc covid hosp,2026-10-10,US,quantile,0.15,3106.1896841970765
2026-10-03,1,wk inc covid hosp,2026-10-10,US,quantile,0.2,3153.738146436848
2026-10-03,1,wk inc covid hosp,2026-10-10,US,quantile,0.25,3173.190891750277
2026-10-03,1,wk inc covid hosp,2026-10-10,US,quantile,0.3,3215.7393334985104
2026-10-03,1,wk inc covid hosp,2026-10-10,US,quantile,0.35,3412.497851395549
2026-10-03,1,wk inc covid hosp,2026-10-10,US,quantile,0.4,3565.889068660749
2026-10-03,1,wk inc covid hosp,2026-10-10,US,quantile,0.45,3587.0914064334434
2026-10-03,1,wk inc covid hosp,2026-10-10,US,quantile,0.5,3677.656081826784
2026-10-03,1,wk inc covid hosp,2026-10-10,US,quantile,0.55,3786.321296019906
2026-10-03,1,wk inc covid hosp,2026-10-10,US,quantile,0.6,3996.416317859533
2026-10-03,1,wk inc covid hosp,2026-10-10,US,quantile,0.65,4131.0053987460915
2026-10-03,1,wk inc covid hosp,2026-10-10,US,quantile,0.7,4211.067181476981
2026-10-03,1,wk inc covid hosp,2026-10-10,US,quantile,0.75,4589.131499663314
2026-10-03,1,wk inc covid hosp,2026-10-10,US,quantile,0.8,4691.2224748725475
2026-10-03,1,wk inc covid hosp,2026-10-10,US,quantile,0.85,4773.835633548617
2026-10-03,1,wk inc covid hosp,2026-10-10,US,quantile,0.9,4977.3539544262185
2026-10-03,1,wk inc covid hosp,2026-10-10,US,quantile,0.95,5070.879365338005
2026-10-03,1,wk inc covid hosp,2026-10-10,US,quantile,0.975,6065.168933863754
2026-10-03,1,wk inc covid hosp,2026-10-10,US,quantile,0.99,7414.5368280803195
2026-10-03,2,wk inc covid hosp,2026-10-17,01,quantile,0.01,19.62756096608468
2026-10-03,2,wk inc covid hosp,2026-10-17,01,quantile,0.025,33.87210259050559
2026-10-03,2,wk inc covid hosp,2026-10-17,01,quantile,0.05,38.48265495205547
2026-10-03,2,wk inc covid hosp,2026-10-17,01,quantile,0.1,59.47308262182477
2026-10-03,2,wk inc covid hosp,2026-10-17,01,quantile,0.15,67.76156948784912
2026-10-03,2,wk inc covid hosp,2026-10-17,01,quantile,0.2,70.97422385286694
2026-10-03,2,wk inc covid hosp,2026-10-17,01,quantile,0.25,76.01402973285136
2026-10-03,2,wk inc covid hosp,2026-10-17,01,quantile,0.3,80.36016953475944
2026-10-03,2,wk inc covid hosp,2026-10-17,01,quantile,0.35,85.22516941920576
2026-10-03,2,wk inc covid hosp,2026-10-17,01,quantile,0.4,88.43224259693724
2026-10-03,2,wk inc covid hosp,2026-10-17,01,quantile,0.45,89.47108372960841
2026-10-03,2,wk inc covid hosp,2026-10-17,01,quantile,0.5,90.22609112863887
2026-10-03,2,wk inc covid hosp,2026-10-17,01,quantile,0.55,97.7430367883625
2026-10-03,2,wk inc covid hosp,2026-10-17,01,quantile,0.6,102.48973941859637
2026-10-03,2,wk inc covid hosp,2026-10-17,01,quantile,0.65,110.27566813950132
2026-10-03,2,wk inc covid hosp,2026-10-17,01,quantile,0.7,114.08565424140826
2026-10-03,2,wk inc covid hosp,2026-10-17,01,quantile,0.75,122.28589181033088
2026-10-03,2,wk inc covid hosp,2026-10-17,01,quantile,0.8,133.03839734409812
2026-10-03,2,wk inc covid hosp,2026-10-17,01,quantile,0.85,147.9100710426418
2026-10-03,2,wk inc covid hosp,2026-10-17,01,quantile,0.9,161.22558058957003
2026-10-03,2,wk inc covid hosp,2026-10-17,01,quantile,0.95,170.16318803494545
2026-10-03,2,wk inc covid hosp,2026-10-17,01,quantile,0.975,214.41679338881974
2026-10-03,2,wk inc covid hosp,2026-10-17,01,quantile,0.99,241.40637181937498
2026-10-03,2,wk inc covid hosp,2026-10-17,02,quantile,0.01,0.0
2026-10-03,2,wk inc covid hosp,2026-10-17,02,quantile,0.025,0.0
2026-10-03,2,wk inc covid hosp,2026-10-17,02,quantile,0.05,0.0070974009075981575
2026-10-03,2,wk inc covid hosp,2026-10-17,02,quantile,0.1,0.2847727381883234
2026-10-03,2,wk inc covid hosp,2026-10-17,02,quantile,0.15,0.5237531647772888
2026-10-03,2,wk inc covid hosp,2026-10-17,02,quantile,0.2,1.0652317098558142
2026-10-03,2,wk inc covid hosp,2026-10-17,02,quantile,0.25,1.3658962572806757
2026-10-03,2,wk inc covid hosp,2026-10-17,02,quantile,0.3,1.4695819561423957
2026-10-03,2,wk inc covid hosp,2026-10-17,02,quantile,0.35,1.9141228321368495
2026-10-03,2,wk inc covid hosp,2026-10-17,02,quantile,0.4,2.2512617365210916
2026-10-03,2,wk inc covid hosp,2026-10-17,02,quantile,0.45,2.4334774975498346
2026-10-03,2,wk inc covid hosp,2026-10-17,02,quantile,0.5,2.644596593073632
2026-10-03,2,wk inc covid hosp,2026-10-17,02,quantile,0.55,2.9929432907249764
2026-10-03,2,wk inc covid hosp,2026-10-17,02,quantile,0.6,3.1604586426561223
2026-10-03,2,wk inc covid hosp,2026-10-17,02,quantile,0.65,3.6423952493988727
2026-10-03,2,wk inc covid hosp,2026-10-17,02,quantile,0.7,3.7709365968079016
2026-10-03,2,wk inc covid hosp,2026-10-17,02,quantile,0.75,3.9718041350078668
2026-10-03,2,wk inc covid hosp,2026-10-17,02,quantile,0.8,4.829612892462708
2026-10-03,2,wk inc covid hosp,2026-10-17,02,quantile,0.85,5.316235168267602
2026-10-03,2,wk inc covid hosp,2026-10-17,02,quantile,0.9,6.396622373019355
2026-10-03,2,wk inc covid hosp,2026-10-17,02,quantile,0.95,7.5353774499474095
2026-10-03,2,wk inc covid hosp,2026-10-17,02,quantile,0.975,8.769237951576894
2026-10-03,2,wk inc covid hosp,2026-10-17,02,quantile,0.99,9.337349994610685
2026-10-03,2,wk inc covid hosp,2026-10-17,04,quantile,0.01,34.392938075412864
2026-10-03,2,wk inc covid hosp,2026-10-17,04,quantile,0.025,36.61233458116433
2026-10-03,2,wk inc covid hosp,2026-10-17,04,quantile,0.05,37.37776328189876
2026-10-03,2,wk inc covid hosp,2026-10-17,04,quantile,0.1,45.1029810358296
2026-10-03,2,wk inc covid hosp,2026-10-17,04,quantile,0.15,54.81294775501597
2026-10-03,2,wk inc covid hosp,2026-10-17,04,quantile,0.2,57.11864214587847
2026-10-03,2,wk inc covid hosp,2026-10-17,04,quantile,0.25,59.938323107002354
2026-10-03,2,wk inc covid hosp,2026-10-17,04,quantile,0.3,63.203376689394304
2026-10-03,2,wk inc covid hosp,2026-10-17,04,quantile,0.35,65.98490443890044
2026-10-03,2,wk inc covid hosp,2026-10-17,04,quantile,0.4,69.08467240299998
2026-10-03,2,wk inc covid hosp,2026-10-17,04,quantile,0.45,72.3218548459538
2026-10-03,2,wk inc covid hosp,2026-10-17,04,quantile,0.5,75.6839303214661
2026-10-03,2,wk inc covid hosp,2026-10-17,04,quantile,0.55,78.92939538409775
2026-10-03,2,wk inc covid hosp,2026-10-17,04,quantile,0.6,81.09909796603678
2026-10-03,2,wk inc covid hosp,2026-10-17,04,quantile,0.65,86.09839661322873
2026-10-03,2,wk inc covid hosp,2026-10-17,04,quantile,0.7,91.68989969334413
2026-10-03,2,wk inc covid hosp,2026-10-17,04,quantile,0.75,92.98337695074414
2026-10-03,2,wk inc covid hosp,2026-10-17,04,quantile,0.8,95.26580720348248
2026-10-03,2,wk inc covid hosp,2026-10-17,04,quantile,0.85,104.24986189925431
2026-10-03,2,wk inc covid hosp,2026-10-17,04,quantile,0.9,110.6846147912502
2026-10-03,2,wk inc covid hosp,2026-10-17,04,quantile,0.95,123.33527583815736
2026-10-03,2,wk inc covid hosp,2026-10-17,04,quantile,0.975,276.35111353070005
2026-10-03,2,wk inc covid hosp,2026-10-17,04,quantile,0.99,477.04639762497584
2026-10-03,2,wk inc covid hosp,2026-10-17,05,quantile,0.01,6.310732316593384
2026-10-03,2,wk inc covid hosp,2026-10-17,05,quantile,0.025,7.761822486782529
2026-10-03,2,wk inc covid hosp,2026-10-17,05,quantile,0.05,8.991240937218317
2026-10-03,2,wk inc covid hosp,2026-10-17,05,quantile,0.1,10.672649273977147
2026-10-03,2,wk inc covid hosp,2026-10-17,05,quantile,0.15,12.620022275729506
2026-10-03,2,wk inc covid hosp,2026-10-17,05,quantile,0.2,13.34161858620438
2026-10-03,2,wk inc covid hosp,2026-10-17,05,quantile,0.25,13.893979293516374
2026-10-03,2,wk inc covid hosp,2026-10-17,05,quantile,0.3,14.983348033070854
2026-10-03,2,wk inc covid hosp,2026-10-17,05,quantile,0.35,15.365684882115671
2026-10-03,2,wk inc covid hosp,2026-10-17,05,quantile,0.4,15.950576493898375
2026-10-03,2,wk inc covid hosp,2026-10-17,05,quantile,0.45,17.221583985531403
2026-10-03,2,wk inc covid hosp,2026-10-17,05,quantile,0.5,18.471209056231732
2026-10-03,2,wk inc covid hosp,2026-10-17,05,quantile,0.55,19.8221593493426
2026-10-03,2,wk inc covid hosp,2026-10-17,05,quantile,0.6,21.516324716745057
2026-10-03,2,wk inc covid hosp,2026-10-17,05,quantile,0.65,22.32799624477895
2026-10-03,2,wk inc covid hosp,2026-10-17,05,quantile,0.7,23.32740209587419
2026-10-03,2,wk inc covid hosp,2026-10-17,05,quantile,0.75,26.607246486766588
2026-10-03,2,wk inc covid hosp,2026-10-17,05,quantile,0.8,26.951330503909034
2026-10-03,2,wk inc covid hosp,2026-10-17,05,quantile,0.85,35.483326320170185
2026-10-03,2,wk inc covid hosp,2026-10-17,05,quantile,0.9,40.79446939023897
2026-10-03,2,wk inc covid hosp,2026-10-17,05,quantile,0.95,51.60336597889627
2026-10-03,2,wk inc covid hosp,2026-10-17,05,quantile,0.975,54.952040315616735
2026-10-03,2,wk inc covid hosp,2026-10-17,05,quantile,0.99,56.934898919766404
2026-10-03,2,wk inc covid hosp,2026-10-17,06,quantile,0.01,238.4964489602816
2026-10-03,2,wk inc covid hosp,2026-10-17,06,quantile,0.025,330.2804544107213
2026-10-03,2,wk inc covid hosp,2026-10-17,06,quantile,0.05,350.561471696533
2026-10-03,2,wk inc covid hosp,2026-10-17,06,quantile,0.1,404.9543943433946
2026-10-03,2,wk inc covid hosp,2026-10-17,06,quantile,0.15,427.0681176545859
2026-10-03,2,wk inc covid hosp,2026-10-17,06,quantile,0.2,473.8969910143041
2026-10-03,2,wk inc covid hosp,2026-10-17,06,quantile,0.25,478.5141260062179
2026-10-03,2,wk inc covid hosp,2026-10-17,06,quantile,0.3,493.5951292740011
2026-10-03,2,wk inc covid hosp,2026-10-17,06,quantile,0.35,522.7578080638993
2026-10-03,2,wk inc covid hosp,2026-10-17,06,quantile,0.4,538.4461333232431
2026-10-03,2,wk inc covid hosp,2026-10-17,06,quantile,0.45,545.2528101627541
2026-10-03,2,wk inc covid hosp,2026-10-17,06,quantile,0.5,557.5279427955626
2026-10-03,2,wk inc covid hosp,2026-10-17,06,quantile,0.55,591.269780201001
2026-10-03,2,wk inc covid hosp,2026-10-17,06,quantile,0.6,599.0005871543833
2026-10-03,2,wk inc covid hosp,2026-10-17,06,quantile,0.65,613.2698939946016
2026-10-03,2,wk inc covid hosp,2026-10-17,06,quantile,0.7,638.3988495314221
2026-10-03,2,wk inc covid hosp,2026-10-17,06,quantile,0.75,660.7079107526397
2026-10-03,2,wk inc covid hosp,2026-10-17,06,quantile,0.8,680.209086211098
2026-10-03,2,wk inc covid hosp,2026-10-17,06,quantile,0.85,746.33980553161
2026-10-03,2,wk inc covid hosp,2026-10-17,06,quantile,0.9,794.6164489456078
2026-10-03,2,wk inc covid hosp,2026-10-17,06,quantile,0.95,837.4540814149558
2026-10-03,2,wk inc covid hosp,2026-10-17,06,quantile,0.975,887.7808942234399
2026-10-03,2,wk inc covid hosp,2026-10-17,06,quantile,0.99,912.0114615775469
2026-10-03,2,wk inc covid hosp,2026-10-17,08,quantile,0.01,13.86811263695092
2026-10-03,2,wk inc covid hosp,2026-10-17,08,quantile,0.025,18.737866012953624
2026-10-03,2,wk inc covid hosp,2026-10-17,08,quantile,0.05,22.406075971440785
2026-10-03,2,wk inc covid hosp,2026-10-17,08,quantile,0.1,27.51453895604297
2026-10-03,2,wk inc covid hosp,2026-10-17,08,quantile,0.15,30.771737332413505
2026-10-03,2,wk inc covid hosp,2026-10-17,08,quantile,0.2,38.57929247244128
2026-10-03,2,wk inc covid hosp,2026-10-17,08,quantile,0.25,40.95737641366851
2026-10-03,2,wk inc covid hosp,2026-10-17,08,quantile,0.3,45.122493045023475
2026-10-03,2,wk inc covid hosp,2026-10-17,08,quantile,0.35,45.531689319582405
2026-10-03,2,wk inc covid hosp,2026-10-17,08,quantile,0.4,46.074029706371405
2026-10-03,2,wk inc covid hosp,2026-10-17,08,quantile,0.45,49.75502110115271
2026-10-03,2,wk inc covid hosp,2026-10-17,08,quantile,0.5,53.019635946812876
2026-10-03,2,wk inc covid hosp,2026-10-17,08,quantile,0.55,59.02510534153774
2026-10-03,2,wk inc covid hosp,2026-10-17,08,quantile,0.6,66.80224009983554
2026-10-03,2,wk inc covid hosp,2026-10-17,08,quantile,0.65,72.32474741351443
2026-10-03,2,wk inc covid hosp,2026-10-17,08,quantile,0.7,80.37950727136118
2026-10-03,2,wk inc covid hosp,2026-10-17,08,quantile,0.75,85.38558546218754
2026-10-03,2,wk inc covid hosp,2026-10-17,08,quantile,0.8,88.24101983846026
2026-10-03,2,wk inc covid hosp,2026-10-17,08,quantile,0.85,94.30290832845145
2026-10-03,2,wk inc covid hosp,2026-10-17,08,quantile,0.9,113.64434124501184
2026-10-03,2,wk inc covid hosp,2026-10-17,08,quantile,0.95,160.3899243988896
2026-10-03,2,wk inc covid hosp,2026-10-17,08,quantile,0.975,171.1502035456436
2026-10-03,2,wk inc covid hosp,2026-10-17,08,quantile,0.99,214.6905539929573
2026-10-03,2,wk inc covid hosp,2026-10-17,09,quantile,0.01,17.488332820549907
2026-10-03,2,wk inc covid hosp,2026-10-17,09,quantile,0.025,20.233984042137422
2026-10-03,2,wk inc covid hosp,2026-10-17,09,quantile,0.05,22.4739146213231
2026-10-03,2,wk inc covid hosp,2026-10-17,09,quantile,0.1,25.683358683959483
2026-10-03,2,wk inc covid hosp,2026-10-17,09,quantile,0.15,26.97497628596801
2026-10-03,2,wk inc covid hosp,2026-10-17,09,quantile,0.2,30.962450825572482
2026-10-03,2,wk inc covid hosp,2026-10-17,09,quantile,0.25,34.658370204491085
2026-10-03,2,wk inc covid hosp,2026-10-17,09,quantile,0.3,35.318344371017275
2026-10-03,2,wk inc covid hosp,2026-10-17,09,quantile,0.35,36.87032769790304
2026-10-03,2,wk inc covid hosp,2026-10-17,09,quantile,0.4,37.661003989330204
2026-10-03,2,wk inc covid hosp,2026-10-17,09,quantile,0.45,41.51049535863041
2026-10-03,2,wk inc covid hosp,2026-10-17,09,quantile,0.5,43.670154887727534
2026-10-03,2,wk inc covid hosp,2026-10-17,09,quantile,0.55,44.59248036733014
2026-10-03,2,wk inc covid hosp,2026-10-17,09,quantile,0.6,46.94918923606968
2026-10-03,2,wk inc covid hosp,2026-10-17,09,quantile,0.65,48.94808618638241
2026-10-03,2,wk inc covid hosp,2026-10-17,09,quantile,0.7,51.076450984922886
2026-10-03,2,wk inc covid hosp,2026-10-17,09,quantile,0.75,57.0497596452924
2026-10-03,2,wk inc covid hosp,2026-10-17,09,quantile,0.8,58.688460157797046
2026-10-03,2,wk inc covid hosp,2026-10-17,09,quantile,0.85,66.52127615425424
2026-10-03,2,wk inc covid hosp,2026-10-17,09,quantile,0.9,75.63481632293329
2026-10-03,2,wk inc covid hosp,2026-10-17,09,quantile,0.95,78.09749832303815
2026-10-03,2,wk inc covid hosp,2026-10-17,09,quantile,0.975,82.49971977818315
2026-10-03,2,wk inc covid hosp,2026-10-17,09,quantile,0.99,88.84589995146442
2026-10-03,2,wk inc covid hosp,2026-10-17,10,quantile,0.01,4.699028563832734
2026-10-03,2,wk inc covid hosp,2026-10-17,10,quantile,0.025,6.725248695157006
2026-10-03,2,wk inc covid hosp,2026-10-17,10,quantile,0.05,7.223749645216874
2026-10-03,2,wk inc covid hosp,2026-10-17,10,quantile,0.1,8.12633142540084
2026-10-03,2,wk inc covid hosp,2026-10-17,10,quantile,0.15,8.624507086267801
2026-10-03,2,wk inc covid hosp,2026-10-17,10,quantile,0.2,8.83896433882243
2026-10-03,2,wk inc covid hosp,2026-10-17,10,quantile,0.25,9.584243748128529
2026-10-03,2,wk inc covid hosp,2026-10-17,10,quantile,0.3,11.525214939161064
2026-10-03,2,wk inc covid hosp,2026-10-17,10,quantile,0.35,12.095536188068234
2026-10-03,2,wk inc covid hosp,2026-10-17,10,quantile,0.4,12.895935928092303
2026-10-03,2,wk inc covid hosp,2026-10-17,10,quantile,0.45,13.673559946458987
2026-10-03,2,wk inc covid hosp,2026-10-17,10,quantile,0.5,14.490742526466232
2026-10-03,2,wk inc covid hosp,2026-10-17,10,quantile,0.55,15.462664621378151
2026-10-03,2,wk inc covid hosp,2026-10-17,10,quantile,0.6,15.94037980350933
2026-10-03,2,wk inc covid hosp,2026-10-17,10,quantile,0.65,17.501332669255717
2026-10-03,2,wk inc covid hosp,2026-10-17,10,quantile,0.7,19.12874356455462
2026-10-03,2,wk inc covid hosp,2026-10-17,10,quantile,0.75,19.823012528132033
2026-10-03,2,wk inc covid hosp,2026-10-17,10,quantile,0.8,20.848601736227007
2026-10-03,2,wk inc covid hosp,2026-10-17,10,quantile,0.85,23.44533695195278
2026-10-03,2,wk inc covid hosp,2026-10-17,10,quantile,0.9,27.404465296134862
2026-10-03,2,wk inc covid hosp,2026-10-17,10,quantile,0.95,33.47536908075544
2026-10-03,2,wk inc covid hosp,2026-10-17,10,quantile,0.975,34.083090949965545
2026-10-03,2,wk inc covid hosp,2026-10-17,10,quantile,0.99,34.388590326564156
2026-10-03,2,wk inc covid hosp,2026-10-17,11,quantile,0.01,1.8698802797760783
2026-10-03,2,wk inc covid hosp,2026-10-17,11,quantile,0.025,2.344487539821709
2026-10-03,2,wk inc covid hosp,2026-10-17,11,quantile,0.05,4.667709861860757
2026-10-03,2,wk inc covid hosp,2026-10-17,11,quantile,0.1,5.096439125878506
2026-10-03,2,wk inc covid hosp,2026-10-17,11,quantile,0.15,6.888791571712637
2026-10-03,2,wk inc covid hosp,2026-10-17,11,quantile,0.2,7.40755908270139
2026-10-03,2,wk inc covid hosp,2026-10-17,11,quantile,0.25,8.458845664304476
2026-10-03,2,wk inc covid hosp,2026-10-17,11,quantile,0.3,9.150325214625083
2026-10-03,2,wk inc covid hosp,2026-10-17,11,quantile,0.35,9.824306730842187
2026-10-03,2,wk inc covid hosp,2026-10-17,11,quantile,0.4,10.247724093510886
2026-10-03,2,wk inc covid hosp,2026-10-17,11,quantile,0.45,10.980739138449009
2026-10-03,2,wk inc covid hosp,2026-10-17,11,quantile,0.5,13.387130856370472
2026-10-03,2,wk inc covid hosp,2026-10-17,11,quantile,0.55,15.915064413670693
2026-10-03,2,wk inc covid hosp,2026-10-17,11,quantile,0.6,18.989294333956693
2026-10-03,2,wk inc covid hosp,2026-10-17,11,quantile,0.65,20.36347356849153
2026-10-03,2,wk inc covid hosp,2026-10-17,11,quantile,0.7,28.938953123328094
2026-10-03,2,wk inc covid hosp,2026-10-17,11,quantile,0.75,32.286821238808386
2026-10-03,2,wk inc covid hosp,2026-10-17,11,quantile,0.8,34.92713983410392
2026-10-03,2,wk inc covid hosp,2026-10-17,11,quantile,0.85,36.03902494522684
2026-10-03,2,wk inc covid hosp,2026-10-17,11,quantile,0.9,40.42713060573265
2026-10-03,2,wk inc covid hosp,2026-10-17,11,quantile,0.95,54.46993138653509
2026-10-03,2,wk inc covid hosp,2026-10-17,11,quantile,0.975,71.6923827603338
2026-10-03,2,wk inc covid hosp,2026-10-17,11,quantile,0.99,80.6343102326637
2026-10-03,2,wk inc covid hosp,2026-10-17,12,quantile,0.01,163.73771506151837
2026-10-03,2,wk inc covid hosp,2026-10-17,12,quantile,0.025,184.39950588261223
2026-10-03,2,wk inc covid hosp,2026-10-17,12,quantile,0.05,208.90241734815368
2026-10-03,2,wk inc covid hosp,2026-10-17,12,quantile,0.1,225.42464715408022
2026-10-03,2,wk inc covid hosp,2026-10-17,12,quantile,0.15,239.59722881365062
2026-10-03,2,wk inc covid hosp,2026-10-17,12,quantile,0.2,249.3217347095442
2026-10-03,2,wk inc covid hosp,2026-10-17,12,quantile,0.25,258.4495516828292
2026-10-03,2,wk inc covid hosp,2026-10-17,12,quantile,0.3,262.4440119123855
2026-10-03,2,wk inc covid hosp,2026-10-17,12,quantile,0.35,272.5824879329183
2026-10-03,2,wk inc covid hosp,2026-10-17,12,quantile,0.4,289.1738969878496
2026-10-03,2,wk inc covid hosp,2026-10-17,12,quantile,0.45,348.3952886016764
2026-10-03,2,wk inc covid hosp,2026-10-17,12,quantile,0.5,375.19601935681385
2026-10-03,2,wk inc covid hosp,2026-10-17,12,quantile,0.55,406.48430849820795
2026-10-03,2,wk inc covid hosp,2026-10-17,12,quantile,0.6,415.50735615132356
2026-10-03,2,wk inc covid hosp,2026-10-17,12,quantile,0.65,430.72551935274646
2026-10-03,2,wk inc covid hosp,2026-10-17,12,quantile,0.7,438.7726469830541
2026-10-03,2,wk inc covid hosp,2026-10-17,12,quantile,0.75,456.4186183047344
2026-10-03,2,wk inc covid hosp,2026-10-17,12,quantile,0.8,485.144010563613
2026-10-03,2,wk inc covid hosp,2026-10-17,12,quantile,0.85,492.2292133014964
2026-10-03,2,wk inc covid hosp,2026-10-17,12,quantile,0.9,501.5706276419062
2026-10-03,2,wk inc covid hosp,2026-10-17,12,quantile,0.95,543.6406968637692
2026-10-03,2,wk inc covid hosp,2026-10-17,12,quantile,0.975,606.0151811548653
2026-10-03,2,wk inc covid hosp,2026-10-17,12,quantile,0.99,660.9951680328877
2026-10-03,2,wk inc covid hosp,2026-10-17,13,quantile,0.01,16.729100360866784
2026-10-03,2,wk inc covid hosp,2026-10-17,13,quantile,0.025,29.492550204635652
2026-10-03,2,wk inc covid hosp,2026-10-17,13,quantile,0.05,32.34067478376681
2026-10-03,2,wk inc covid hosp,2026-10-17,13,quantile,0.1,38.71618914660377
2026-10-03,2,wk inc covid hosp,2026-10-17,13,quantile,0.15,46.49255573021563
2026-10-03,2,wk inc covid hosp,2026-10-17,13,quantile,0.2,47.09438875658565
2026-10-03,2,wk inc covid hosp,2026-10-17,13,quantile,0.25,48.88612849093987
2026-10-03,2,wk inc covid hosp,2026-10-17,13,quantile,0.3,52.91944787001386
2026-10-03,2,wk inc covid hosp,2026-10-17,13,quantile,0.35,56.86398806038362
2026-10-03,2,wk inc covid hosp,2026-10-17,13,quantile,0.4,60.96830818915787
2026-10-03,2,wk inc covid hosp,2026-10-17,13,quantile,0.45,62.36354088150096
2026-10-03,2,wk inc covid hosp,2026-10-17,13,quantile,0.5,67.78251554699091
2026-10-03,2,wk inc covid hosp,2026-10-17,13,quantile,0.55,69.57395953376026
2026-10-03,2,wk inc covid hosp,2026-10-17,13,quantile,0.6,72.14759215968972
2026-10-03,2,wk inc covid hosp,2026-10-17,13,quantile,0.65,74.12877890763325
2026-10-03,2,wk inc covid hosp,2026-10-17,13,quantile,0.7,75.94409867568659
2026-10-03,2,wk inc covid hosp,2026-10-17,13,quantile,0.75,79.85979881744821
2026-10-03,2,wk inc covid hosp,2026-10-17,13,quantile,0.8,84.79640126267867
2026-10-03,2,wk inc covid hosp,2026-10-17,13,quantile,0.85,90.32674585898125
2026-10-03,2,wk inc covid hosp,2026-10-17,13,quantile,0.9,96.87181219303086
2026-10-03,2,wk inc covid hosp,2026-10-17,13,quantile,0.95,113.69449464702957
2026-10-03,2,wk inc covid hosp,2026-10-17,13,quantile,0.975,185.70684509766738
2026-10-03,2,wk inc covid hosp,2026-10-17,13,quantile,0.99,206.92906402571273
2026-10-03,2,wk inc covid hosp,2026-10-17,15,quantile,0.01,10.961312247557974
2026-10-03,2,wk inc covid hosp,2026-10-17,15,quantile,0.025,12.320126205215018
2026-10-03,2,wk inc covid hosp,2026-10-17,15,quantile,0.05,13.826513663673751
2026-10-03,2,wk inc covid hosp,2026-10-17,15,quantile,0.1,16.602433723987442
2026-10-03,2,wk inc covid hosp,2026-10-17,15,quantile,0.15,23.283716904750577
2026-10-03,2,wk inc covid hosp,2026-10-17,15,quantile,0.2,26.173653595122772
2026-10-03,2,wk inc covid hosp,2026-10-17,15,quantile,0.25,28.25964023506667
2026-10-03,2,wk inc covid hosp,2026-10-17,15,quantile,0.3,31.782534660344744
2026-10-03,2,wk inc covid hosp,2026-10-17,15,quantile,0.35,33.791409064359115
2026-10-03,2,wk inc covid hosp,2026-10-17,15,quantile,0.4,34.39510665740298
2026-10-03,2,wk inc covid hosp,2026-10-17,15,quantile,0.45,38.99789161720715
2026-10-03,2,wk inc covid hosp,2026-10-17,15,quantile,0.5,41.96673474429123
2026-10-03,2,wk inc covid hosp,2026-10-17,15,quantile,0.55,43.07811240651004
2026-10-03,2,wk inc covid hosp,2026-10-17,15,quantile,0.6,45.07092138980893
2026-10-03,2,wk inc covid hosp,2026-10-17,15,quantile,0.65,46.324228805520974
2026-10-03,2,wk inc covid hosp,2026-10-17,15,quantile,0.7,48.54423796431692
2026-10-03,2,wk inc covid hosp,2026-10-17,15,quantile,0.75,55.13799829391012
2026-10-03,2,wk inc covid hosp,2026-10-17,15,quantile,0.8,62.38438311581582
2026-10-03,2,wk inc covid hosp,2026-10-17,15,quantile,0.85,68.44528598336917
2026-10-03,2,wk inc covid hosp,2026-10-17,15,quantile,0.9,74.1381192931401
2026-10-03,2,wk inc covid hosp,2026-10-17,15,quantile,0.95,94.40678988075548
2026-10-03,2,wk inc covid hosp,2026-10-17,15,quantile,0.975,111.80291212127771
2026-10-03,2,wk inc covid hosp,2026-10-17,15,quantile,0.99,117.85755889005297
2026-10-03,2,wk inc covid hosp,2026-10-17,16,quantile,0.01,2.9518255390714083
2026-10-03,2,wk inc covid hosp,2026-10-17,16,quantile,0.025,3.206828402361901
2026-10-03,2,wk inc covid hosp,2026-10-17,16,quantile,0.05,4.2971548530191175
2026-10-03,2,wk inc covid hosp,2026-10-17,16,quantile,0.1,6.330764845788238
2026-10-03,2,wk inc covid hosp,2026-10-17,16,quantile,0.15,7.202934216625297
2026-10-03,2,wk inc covid hosp,2026-10-17,16,quantile,0.2,7.811302843576895
2026-10-03,2,wk inc covid hosp,2026-10-17,16,quantile,0.25,9.699564827105316
2026-10-03,2,wk inc covid hosp,2026-10-17,16,quantile,0.3,10.51210316898649
2026-10-03,2,wk inc covid hosp,2026-10-17,16,quantile,0.35,11.145368006159512
2026-10-03,2,wk inc covid hosp,2026-10-17,16,quantile,0.4,12.204023168640141
2026-10-03,2,wk inc covid hosp,2026-10-17,16,quantile,0.45,12.360304128690446
2026-10-03,2,wk inc covid hosp,2026-10-17,16,quantile,0.5,12.750325714721214
2026-10-03,2,wk inc covid hosp,2026-10-17,16,quantile,0.55,14.065962315298048
2026-10-03,2,wk inc covid hosp,2026-10-17,16,quantile,0.6,15.874347528079294
2026-10-03,2,wk inc covid hosp,2026-10-17,16,quantile,0.65,16.44216038718907
2026-10-03,2,wk inc covid hosp,2026-10-17,16,quantile,0.7,17.333041516873436
2026-10-03,2,wk inc covid hosp,2026-10-17,16,quantile,0.75,17.73315585106934
2026-10-03,2,wk inc covid hosp,2026-10-17,16,quantile,0.8,19.240076859015936
2026-10-03,2,wk inc covid hosp,2026-10-17,16,quantile,0.85,21.22042820771466
2026-10-03,2,wk inc covid hosp,2026-10-17,16,quantile,0.9,22.894662744185876
2026-10-03,2,wk inc covid hosp,2026-10-17,16,quantile,0.95,23.574938204037508
2026-10-03,2,wk inc covid hosp,2026-10-17,16,quantile,0.975,26.43658748480815
2026-10-03,2,wk inc covid hosp,2026-10-17,16,quantile,0.99,28.390166226784192
2026-10-03,2,wk inc covid hosp,2026-10-17,17,quantile,0.01,29.24150108723924
2026-10-03,2,wk inc covid hosp,2026-10-17,17,quantile,0.025,43.782143788271014
2026-10-03,2,wk inc covid hosp,2026-10-17,17,quantile,0.05,50.335981586784584
2026-10-03,2,wk inc covid hosp,2026-10-17,17,quantile,0.1,51.83592769157695
2026-10-03,2,wk inc covid hosp,2026-10-17,17,quantile,0.15,57.32553479825465
2026-10-03,2,wk inc covid hosp,2026-10-17,17,quantile,0.2,60.632497121332484
2026-10-03,2,wk inc covid hosp,2026-10-17,17,quantile,0.25,64.80485515516052
2026-10-03,2,wk inc covid hosp,2026-10-17,17,quantile,0.3,73.88359944660844
2026-10-03,2,wk inc covid hosp,2026-10-17,17,quantile,0.35,76.93363859936296
2026-10-03,2,wk inc covid hosp,2026-10-17,17,quantile,0.4,81.01199257554197
2026-10-03,2,wk inc covid hosp,2026-10-17,17,quantile,0.45,88.42069531930599
2026-10-03,2,wk inc covid hosp,2026-10-17,17,quantile,0.5,90.183230389714
2026-10-03,2,wk inc covid hosp,2026-10-17,17,quantile,0.55,94.02353120861363
2026-10-03,2,wk inc covid hosp,2026-10-17,17,quantile,0.6,105.02266268487548
2026-10-03,2,wk inc covid hosp,2026-10-17,17,quantile,0.65,110.18050405500219
2026-10-03,2,wk inc covid hosp,2026-10-17,17,quantile,0.7,118.15685411278152
2026-10-03,2,wk inc covid hosp,2026-10-17,17,quantile,0.75,128.31284927410718
2026-10-03,2,wk inc covid hosp,2026-10-17,17,quantile,0.8,135.97408121161396
2026-10-03,2,wk inc covid hosp,2026-10-17,17,quantile,0.85,144.88382729095812
2026-10-03,2,wk inc covid hosp,2026-10-17,17,quantile,0.9,154.02032354600618
2026-10-03,2,wk inc covid hosp,2026-10-17,17,quantile,0.95,162.6635786955887
2026-10-03,2,wk inc covid hosp,2026-10-17,17,quantile,0.975,191.519777071079
2026-10-03,2,wk inc covid hosp,2026-10-17,17,quantile,0.99,343.714045705486
2026-10-03,2,wk inc covid hosp,2026-10-17,18,quantile,0.01,13.503885261192275
2026-10-03,2,wk inc covid hosp,2026-10-17,18,quantile,0.025,14.586264595068302
2026-10-03,2,wk inc covid hosp,2026-10-17,18,quantile,0.05,16.095750889596886
2026-10-03,2,wk inc covid hosp,2026-10-17,18,quantile,0.1,19.982620887638568
2026-10-03,2,wk inc covid hosp,2026-10-17,18,quantile,0.15,22.555080801730544
2026-10-03,2,wk inc covid hosp,2026-10-17,18,quantile,0.2,23.312476026145294
2026-10-03,2,wk inc covid hosp,2026-10-17,18,quantile,0.25,24.62517011888883
2026-10-03,2,wk inc covid hosp,2026-10-17,18,quantile,0.3,26.870833955446898
2026-10-03,2,wk inc covid hosp,2026-10-17,18,quantile,0.35,30.646752314821022
2026-10-03,2,wk inc covid hosp,2026-10-17,18,quantile,0.4,31.54795787650376
2026-10-03,2,wk inc covid hosp,2026-10-17,18,quantile,0.45,33.51848603180802
2026-10-03,2,wk inc covid hosp,2026-10-17,18,quantile,0.5,35.48094029917732
2026-10-03,2,wk inc covid hosp,2026-10-17,18,quantile,0.55,41.45476284984679
2026-10-03,2,wk inc covid hosp,2026-10-17,18,quantile,0.6,42.56129466237374
2026-10-03,2,wk inc covid hosp,2026-10-17,18,quantile,0.65,47.31737764545033
2026-10-03,2,wk inc covid hosp,2026-10-17,18,quantile,0.7,54.45229065323207
2026-10-03,2,wk inc covid hosp,2026-10-17,18,quantile,0.75,57.28212750152204
2026-10-03,2,wk inc covid hosp,2026-10-17,18,quantile,0.8,63.78138960031068
2026-10-03,2,wk inc covid hosp,2026-10-17,18,quantile,0.85,67.77706182991989
2026-10-03,2,wk inc covid hosp,2026-10-17,18,quantile,0.9,81.1571087664083
2026-10-03,2,wk inc covid hosp,2026-10-17,18,quantile,0.95,112.47775425886718
2026-10-03,2,wk inc covid hosp,2026-10-17,18,quantile,0.975,180.31668297483873
2026-10-03,2,wk inc covid hosp,2026-10-17,18,quantile,0.99,226.14891566209482
2026-10-03,2,wk inc covid hosp,2026-10-17,19,quantile,0.01,7.255489529540049
2026-10-03,2,wk inc covid hosp,2026-10-17,19,quantile,0.025,8.724525483495777
2026-10-03,2,wk inc covid hosp,2026-10-17,19,quantile,0.05,9.650370408212204
2026-10-03,2,wk inc covid hosp,2026-10-17,19,quantile,0.1,11.636061653881805
2026-10-03,2,wk inc covid hosp,2026-10-17,19,quantile,0.15,12.718892178899114
2026-10-03,2,wk inc covid hosp,2026-10-17,19,quantile,0.2,16.001772583073883
2026-10-03,2,wk inc covid hosp,2026-10-17,19,quantile,0.25,17.40146463663117
2026-10-03,2,wk inc covid hosp,2026-10-17,19,quantile,0.3,22.084612981725478
2026-10-03,2,wk inc covid hosp,2026-10-17,19,quantile,0.35,26.004793409946814
2026-10-03,2,wk inc covid hosp,2026-10-17,19,quantile,0.4,29.53821958684819
2026-10-03,2,wk inc covid hosp,2026-10-17,19,quantile,0.45,33.67067151389449
2026-10-03,2,wk inc covid hosp,2026-10-17,19,quantile,0.5,38.42930639277853
2026-10-03,2,wk inc covid hosp,2026-10-17,19,quantile,0.55,44.5960729179707
2026-10-03,2,wk inc covid hosp,2026-10-17,19,quantile,0.6,47.45065481124882
2026-10-03,2,wk inc covid hosp,2026-10-17,19,quantile,0.65,50.17688261648796
2026-10-03,2,wk inc covid hosp,2026-10-17,19,quantile,0.7,53.03006331814312
2026-10-03,2,wk inc covid hosp,2026-10-17,19,quantile,0.75,63.59917414191419
2026-10-03,2,wk inc covid hosp,2026-10-17,19,quantile,0.8,68.8118332443499
2026-10-03,2,wk inc covid hosp,2026-10-17,19,quantile,0.85,71.02271169072105
2026-10-03,2,wk inc covid hosp,2026-10-17,19,quantile,0.9,77.39643485439305
2026-10-03,2,wk inc covid hosp,2026-10-17,19,quantile,0.95,109.766561301091
2026-10-03,2,wk inc covid hosp,2026-10-17,19,quantile,0.975,118.30483942701781
2026-10-03,2,wk inc covid hosp,2026-10-17,19,quantile,0.99,130.07757823255312
2026-10-03,2,wk inc covid hosp,2026-10-17,20,quantile,0.01,0.6472402382238411
2026-10-03,2,wk inc covid hosp,2026-10-17,20,quantile,0.025,1.4946994401429938
2026-10-03,2,wk inc covid hosp,2026-10-17,20,quantile,0.05,2.256052740562034
2026-10-03,2,wk inc covid hosp,2026-10-17,20,quantile,0.1,2.959490994715998
2026-10-03,2,wk inc covid hosp,2026-10-17,20,quantile,0.15,3.3307608263027664
2026-10-03,2,wk inc covid hosp,2026-10-17,20,quantile,0.2,4.1778264914546765
2026-10-03,2,wk inc covid hosp,2026-10-17,20,quantile,0.25,5.5711842782781344
2026-10-03,2,wk inc covid hosp,2026-10-17,20,quantile,0.3,5.947103302780419
2026-10-03,2,wk inc covid hosp,2026-10-17,20,quantile,0.35,6.220974051717739
2026-10-03,2,wk inc covid hosp,2026-10-17,20,quantile,0.4,7.181442509971817
2026-10-03,2,wk inc covid hosp,2026-10-17,20,quantile,0.45,7.920803779469056
2026-10-03,2,wk inc covid hosp,2026-10-17,20,quantile,0.5,8.466778580606338
2026-10-03,2,wk inc covid hosp,2026-10-17,20,quantile,0.55,9.632275994690733
2026-10-03,2,wk inc covid hosp,2026-10-17,20,quantile,0.6,11.597242265046757
2026-10-03,2,wk inc covid hosp,2026-10-17,20,quantile,0.65,12.639912892995252
2026-10-03,2,wk inc covid hosp,2026-10-17,20,quantile,0.7,13.065460691713689
2026-10-03,2,wk inc covid hosp,2026-10-17,20,quantile,0.75,17.347758817476482
2026-10-03,2,wk inc covid hosp,2026-10-17,20,quantile,0.8,20.00021496931507
2026-10-03,2,wk inc covid hosp,2026-10-17,20,quantile,0.85,20.72535296837825
2026-10-03,2,wk inc covid hosp,2026-10-17,20,quantile,0.9,27.39272949242949
2026-10-03,2,wk inc covid hosp,2026-10-17,20,quantile,0.95,39.35781285825986
2026-10-03,2,wk inc covid hosp,2026-10-17,20,quantile,0.975,46.05027878803131
2026-10-03,2,wk inc covid hosp,2026-10-17,20,quantile,0.99,76.73341152018786
2026-10-03,2,wk inc covid hosp,2026-10-17,21,quantile,0.01,2.3341065442657545
2026-10-03,2,wk inc covid hosp,2026-10-17,21,quantile,0.025,5.645773480692735
2026-10-03,2,wk inc covid hosp,2026-10-17,21,quantile,0.05,7.8406114151491755
2026-10-03,2,wk inc covid hosp,2026-10-17,21,quantile,0.1,10.234394873104133
2026-10-03,2,wk inc covid hosp,2026-10-17,21,quantile,0.15,11.290637060610312
2026-10-03,2,wk inc covid hosp,2026-10-17,21,quantile,0.2,12.34565966422262
2026-10-03,2,wk inc covid hosp,2026-10-17,21,quantile,0.25,12.728667871719534
2026-10-03,2,wk inc covid hosp,2026-10-17,21,quantile,0.3,13.735280930740945
2026-10-03,2,wk inc covid hosp,2026-10-17,21,quantile,0.35,15.534212995874851
2026-10-03,2,wk inc covid hosp,2026-10-17,21,quantile,0.4,16.388980133111847
2026-10-03,2,wk inc covid hosp,2026-10-17,21,quantile,0.45,18.272878023212925
2026-10-03,2,wk inc covid hosp,2026-10-17,21,quantile,0.5,19.468077095840467
2026-10-03,2,wk inc covid hosp,2026-10-17,21,quantile,0.55,20.83804874211726
2026-10-03,2,wk inc covid hosp,2026-10-17,21,quantile,0.6,22.388962723176583
2026-10-03,2,wk inc covid hosp,2026-10-17,21,quantile,0.65,24.046651523168563
2026-10-03,2,wk inc covid hosp,2026-10-17,21,quantile,0.7,25.332896685297968
2026-10-03,2,wk inc covid hosp,2026-10-17,21,quantile,0.75,29.3024443333601
2026-10-03,2,wk inc covid hosp,2026-10-17,21,quantile,0.8,32.12717164679902
2026-10-03,2,wk inc covid hosp,2026-10-17,21,quantile,0.85,37.7310509737913
2026-10-03,2,wk inc covid hosp,2026-10-17,21,quantile,0.9,41.38685075584877
2026-10-03,2,wk inc covid hosp,2026-10-17,21,quantile,0.95,43.685043166599385
2026-10-03,2,wk inc covid hosp,2026-10-17,21,quantile,0.975,51.86556687791342
2026-10-03,2,wk inc covid hosp,2026-10-17,21,quantile,0.99,54.1954728805201
2026-10-03,2,wk inc covid hosp,2026-10-17,22,quantile,0.01,6.0791641644908685
2026-10-03,2,wk inc covid hosp,2026-10-17,22,quantile,0.025,22.575493757816822
2026-10-03,2,wk inc covid hosp,2026-10-17,22,quantile,0.05,30.89901054135375
2026-10-03,2,wk inc covid hosp,2026-10-17,22,quantile,0.1,43.79420247851484
2026-10-03,2,wk inc covid hosp,2026-10-17,22,quantile,0.15,56.47758031877069
2026-10-03,2,wk inc covid hosp,2026-10-17,22,quantile,0.2,58.696683430860126
2026-10-03,2,wk inc covid hosp,2026-10-17,22,quantile,0.25,61.811550857514
2026-10-03,2,wk inc covid hosp,2026-10-17,22,quantile,0.3,69.82241829988452
2026-10-03,2,wk inc covid hosp,2026-10-17,22,quantile,0.35,72.91393947701008
2026-10-03,2,wk inc covid hosp,2026-10-17,22,quantile,0.4,75.88623300823085
2026-10-03,2,wk inc covid hosp,2026-10-17,22,quantile,0.45,78.8851521401825
2026-10-03,2,wk inc covid hosp,2026-10-17,22,quantile,0.5,84.2146184792197
2026-10-03,2,wk inc covid hosp,2026-10-17,22,quantile,0.55,88.59890099950115
2026-10-03,2,wk inc covid hosp,2026-10-17,22,quantile,0.6,97.13009751368973
2026-10-03,2,wk inc covid hosp,2026-10-17,22,quantile,0.65,100.75972084433931
2026-10-03,2,wk inc covid hosp,2026-10-17,22,quantile,0.7,106.37596867386475
2026-10-03,2,wk inc covid hosp,2026-10-17,22,quantile,0.75,108.9994386322631
2026-10-03,2,wk inc covid hosp,2026-10-17,22,quantile,0.8,126.86172519370108
2026-10-03,2,wk inc covid hosp,2026-10-17,22,quantile,0.85,141.76481504989343
2026-10-03,2,wk inc covid hosp,2026-10-17,22,quantile,0.9,150.52509470883962
2026-10-03,2,wk inc covid hosp,2026-10-17,22,quantile,0.95,182.0240349786923
2026-10-03,2,wk inc covid hosp,2026-10-17,22,quantile,0.975,204.37856423973219
2026-10-03,2,wk inc covid hosp,2026-10-17,22,quantile,0.99,217.34352056737242
2026-10-03,2,wk inc covid hosp,2026-10-17,23,quantile,0.01,0.19605351179111094
2026-10-03,2,wk inc covid hosp,2026-10-17,23,quantile,0.025,0.4838546942686476
2026-10-03,2,wk inc covid hosp,2026-10-17,23,quantile,0.05,0.7931519764422384
2026-10-03,2,wk inc covid hosp,2026-10-17,23,quantile,0.1,1.4189523222893432
2026-10-03,2,wk inc covid hosp,2026-10-17,23,quantile,0.15,1.981364953774523
2026-10-03,2,wk inc covid hosp,2026-10-17,23,quantile,0.2,3.8616400873412977
2026-10-03,2,wk inc covid hosp,2026-10-17,23,quantile,0.25,4.403871846950927
2026-10-03,2,wk inc covid hosp,2026-10-17,23,quantile,0.3,4.88631040478203
2026-10-03,2,wk inc covid hosp,2026-10-17,23,quantile,0.35,5.648763016997729
2026-10-03,2,wk inc covid hosp,2026-10-17,23,quantile,0.4,6.487256904771967
2026-10-03,2,wk inc covid hosp,2026-10-17,23,quantile,0.45,7.196323342970914
2026-10-03,2,wk inc covid hosp,2026-10-17,23,quantile,0.5,7.349990885580944
2026-10-03,2,wk inc covid hosp,2026-10-17,23,quantile,0.55,8.046314369605032
2026-10-03,2,wk inc covid hosp,2026-10-17,23,quantile,0.6,8.659073623898315
2026-10-03,2,wk inc covid hosp,2026-10-17,23,quantile,0.65,9.93707886480908
2026-10-03,2,wk inc covid hosp,2026-10-17,23,quantile,0.7,10.265716386737676
2026-10-03,2,wk inc covid hosp,2026-10-17,23,quantile,0.75,10.815384715278547
2026-10-03,2,wk inc covid hosp,2026-10-17,23,quantile,0.8,11.649523409581727
2026-10-03,2,wk inc covid hosp,2026-10-17,23,quantile,0.85,14.124036011051654
2026-10-03,2,wk inc covid hosp,2026-10-17,23,quantile,0.9,18.393310699248087
2026-10-03,2,wk inc covid hosp,2026-10-17,23,quantile,0.95,19.499908840252456
2026-10-03,2,wk inc covid hosp,2026-10-17,23,quantile,0.975,21.420981658886504
2026-10-03,2,wk inc covid hosp,2026-10-17,23,quantile,0.99,24.459074991543424
2026-10-03,2,wk inc covid hosp,2026-10-17,24,quantile,0.01,8.754094317329441
2026-10-03,2,wk inc covid hosp,2026-10-17,24,quantile,0.025,17.516261677708975
2026-10-03,2,wk inc covid hosp,2026-10-17,24,quantile,0.05,25.56129364686387
2026-10-03,2,wk inc covid hosp,2026-10-17,24,quantile,0.1,37.39473856172264
2026-10-03,2,wk inc covid hosp,2026-10-17,24,quantile,0.15,40.80858856871986
2026-10-03,2,wk inc covid hosp,2026-10-17,24,quantile,0.2,49.96473785335463
2026-10-03,2,wk inc covid hosp,2026-10-17,24,quantile,0.25,52.6810512833892
2026-10-03,2,wk inc covid hosp,2026-10-17,24,quantile,0.3,54.431357088545596
2026-10-03,2,wk inc covid hosp,2026-10-17,24,quantile,0.35,55.96162347618646
2026-10-03,2,wk inc covid hosp,2026-10-17,24,quantile,0.4,59.380860756235194
2026-10-03,2,wk inc covid hosp,2026-10-17,24,quantile,0.45,64.43043987041949
2026-10-03,2,wk inc covid hosp,2026-10-17,24,quantile,0.5,75.54512519502133
2026-10-03,2,wk inc covid hosp,2026-10-17,24,quantile,0.55,81.07808585577386
2026-10-03,2,wk inc covid hosp,2026-10-17,24,quantile,0.6,81.8955890306806
2026-10-03,2,wk inc covid hosp,2026-10-17,24,quantile,0.65,82.82755561671115
2026-10-03,2,wk inc covid hosp,2026-10-17,24,quantile,0.7,86.49355209654495
2026-10-03,2,wk inc covid hosp,2026-10-17,24,quantile,0.75,93.5437700457945
2026-10-03,2,wk inc covid hosp,2026-10-17,24,quantile,0.8,99.23681762773282
2026-10-03,2,wk inc covid hosp,2026-10-17,24,quantile,0.85,107.01748767344375
2026-10-03,2,wk inc covid hosp,2026-10-17,24,quantile,0.9,109.529973958847
2026-10-03,2,wk inc covid hosp,2026-10-17,24,quantile,0.95,124.70985422757788
2026-10-03,2,wk inc covid hosp,2026-10-17,24,quantile,0.975,137.45267519517546
2026-10-03,2,wk inc covid hosp,2026-10-17,24,quantile,0.99,140.06804667858825
2026-10-03,2,wk inc covid hosp,2026-10-17,25,quantile,0.01,1.6093762258076414
2026-10-03,2,wk inc covid hosp,2026-10-17,25,quantile,0.025,4.9905232352845506
2026-10-03,2,wk inc covid hosp,2026-10-17,25,quantile,0.05,11.081638124052102
2026-10-03,2,wk inc covid hosp,2026-10-17,25,quantile,0.1,29.775422860014622
2026-10-03,2,wk inc covid hosp,2026-10-17,25,quantile,0.15,39.30821931490338
2026-10-03,2,wk inc covid hosp,2026-10-17,25,quantile,0.2,42.29698859898506
2026-10-03,2,wk inc covid hosp,2026-10-17,25,quantile,0.25,48.49610476439918
2026-10-03,2,wk inc covid hosp,2026-10-17,25,quantile,0.3,54.272970489325104
2026-10-03,2,wk inc covid hosp,2026-10-17,25,quantile,0.35,58.28612209882279
2026-10-03,2,wk inc covid hosp,2026-10-17,25,quantile,0.4,61.08569893712916
2026-10-03,2,wk inc covid hosp,2026-10-17,25,quantile,0.45,71.81803315087075
2026-10-03,2,wk inc covid hosp,2026-10-17,25,quantile,0.5,72.82771922103305
2026-10-03,2,wk inc covid hosp,2026-10-17,25,quantile,0.55,73.73162098008584
2026-10-03,2,wk inc covid hosp,2026-10-17,25,quantile,0.6,78.51964125971276
2026-10-03,2,wk inc covid hosp,2026-10-17,25,quantile,0.65,82.54743205871273
2026-10-03,2,wk inc covid hosp,2026-10-17,25,quantile,0.7,85.85198869394591
2026-10-03,2,wk inc covid hosp,2026-10-17,25,quantile,0.75,91.1652715218911
2026-10-03,2,wk inc covid hosp,2026-10-17,25,quantile,0.8,100.37234054897337
2026-10-03,2,wk inc covid hosp,2026-10-17,25,quantile,0.85,116.28258410612233
2026-10-03,2,wk inc covid hosp,2026-10-17,25,quantile,0.9,128.47997101557786
2026-10-03,2,wk inc covid hosp,2026-10-17,25,quantile,0.95,144.20621169567863
2026-10-03,2,wk inc covid hosp,2026-10-17,25,quantile,0.975,172.2552725586728
2026-10-03,2,wk inc covid hosp,2026-10-17,25,quantile,0.99,397.53644884534447
2026-10-03,2,wk inc covid hosp,2026-10-17,26,quantile,0.01,11.538473923840854
2026-10-03,2,wk inc covid hosp,2026-10-17,26,quantile,0.025,14.70776590731719
2026-10-03,2,wk inc covid hosp,2026-10-17,26,quantile,0.05,19.80144441438498
2026-10-03,2,wk inc covid hosp,2026-10-17,26,quantile,0.1,33.26362911974483
2026-10-03,2,wk inc covid hosp,2026-10-17,26,quantile,0.15,36.09485280901012
2026-10-03,2,wk inc covid hosp,2026-10-17,26,quantile,0.2,39.97877315256811
2026-10-03,2,wk inc covid hosp,2026-10-17,26,quantile,0.25,41.30900980251014
2026-10-03,2,wk inc covid hosp,2026-10-17,26,quantile,0.3,42.34822224878146
2026-10-03,2,wk inc covid hosp,2026-10-17,26,quantile,0.35,48.183674167887965
2026-10-03,2,wk inc covid hosp,2026-10-17,26,quantile,0.4,52.97200956765687
2026-10-03,2,wk inc covid hosp,2026-10-17,26,quantile,0.45,59.566373171246326
2026-10-03,2,wk inc covid hosp,2026-10-17,26,quantile,0.5,63.60059600160031
2026-10-03,2,wk inc covid hosp,2026-10-17,26,quantile,0.55,68.75206315846054
2026-10-03,2,wk inc covid hosp,2026-10-17,26,quantile,0.6,73.46908951005163
2026-10-03,2,wk inc covid hosp,2026-10-17,26,quantile,0.65,77.054111039019
2026-10-03,2,wk inc covid hosp,2026-10-17,26,quantile,0.7,77.62313583823784
2026-10-03,2,wk inc covid hosp,2026-10-17,26,quantile,0.75,87.2694612588115
2026-10-03,2,wk inc covid hosp,2026-10-17,26,quantile,0.8,89.36612809256954
2026-10-03,2,wk inc covid hosp,2026-10-17,26,quantile,0.85,104.82855215280793
2026-10-03,2,wk inc covid hosp,2026-10-17,26,quantile,0.9,127.20819577280264
2026-10-03,2,wk inc covid hosp,2026-10-17,26,quantile,0.95,223.4193031859606
2026-10-03,2,wk inc covid hosp,2026-10-17,26,quantile,0.975,487.0686313186722
2026-10-03,2,wk inc covid hosp,2026-10-17,26,quantile,0.99,621.9404402281406
2026-10-03,2,wk inc covid hosp,2026-10-17,27,quantile,0.01,1.0824812579332899
2026-10-03,2,wk inc covid hosp,2026-10-17,27,quantile,0.025,1.3981718610276057
2026-10-03,2,wk inc covid hosp,2026-10-17,27,quantile,0.05,4.466912298483112
2026-10-03,2,wk inc covid hosp,2026-10-17,27,quantile,0.1,17.68835265922001
2026-10-03,2,wk inc covid hosp,2026-10-17,27,quantile,0.15,25.94969901200121
2026-10-03,2,wk inc covid hosp,2026-10-17,27,quantile,0.2,29.211617174353535
2026-10-03,2,wk inc covid hosp,2026-10-17,27,quantile,0.25,33.149991577252884
2026-10-03,2,wk inc covid hosp,2026-10-17,27,quantile,0.3,34.71399089578039
2026-10-03,2,wk inc covid hosp,2026-10-17,27,quantile,0.35,36.20040726497797
2026-10-03,2,wk inc covid hosp,2026-10-17,27,quantile,0.4,41.84098404157635
2026-10-03,2,wk inc covid hosp,2026-10-17,27,quantile,0.45,44.26172007970947
2026-10-03,2,wk inc covid hosp,2026-10-17,27,quantile,0.5,47.141108669180156
2026-10-03,2,wk inc covid hosp,2026-10-17,27,quantile,0.55,52.39648831010544
2026-10-03,2,wk inc covid hosp,2026-10-17,27,quantile,0.6,56.63015866386824
2026-10-03,2,wk inc covid hosp,2026-10-17,27,quantile,0.65,61.00385097351719
2026-10-03,2,wk inc covid hosp,2026-10-17,27,quantile,0.7,70.50505663471506
2026-10-03,2,wk inc covid hosp,2026-10-17,27,quantile,0.75,71.72784851014775
2026-10-03,2,wk inc covid hosp,2026-10-17,27,quantile,0.8,77.77852479528357
2026-10-03,2,wk inc covid hosp,2026-10-17,27,quantile,0.85,84.8282975518349
2026-10-03,2,wk inc covid hosp,2026-10-17,27,quantile,0.9,87.76164373151016
2026-10-03,2,wk inc covid hosp,2026-10-17,27,quantile,0.95,106.78505919018193
2026-10-03,2,wk inc covid hosp,2026-10-17,27,quantile,0.975,136.8720590558115
2026-10-03,2,wk inc covid hosp,2026-10-17,27,quantile,0.99,143.87050198875653
2026-10-03,2,wk inc covid hosp,2026-10-17,28,quantile,0.01,4.394635683381759
2026-10-03,2,wk inc covid hosp,2026-10-17,28,quantile,0.025,4.80347108298798
2026-10-03,2,wk inc covid hosp,2026-10-17,28,quantile,0.05,5.188949929536269
2026-10-03,2,wk inc covid hosp,2026-10-17,28,quantile,0.1,12.737824114324301
2026-10-03,2,wk inc covid hosp,2026-10-17,28,quantile,0.15,15.244764896754807
2026-10-03,2,wk inc covid hosp,2026-10-17,28,quantile,0.2,15.803886130650522
2026-10-03,2,wk inc covid hosp,2026-10-17,28,quantile,0.25,16.387409463654585
2026-10-03,2,wk inc covid hosp,2026-10-17,28,quantile,0.3,16.47987603621748
2026-10-03,2,wk inc covid hosp,2026-10-17,28,quantile,0.35,17.428557522538966
2026-10-03,2,wk inc covid hosp,2026-10-17,28,quantile,0.4,19.562968816425794
2026-10-03,2,wk inc covid hosp,2026-10-17,28,quantile,0.45,19.94225709248551
2026-10-03,2,wk inc covid hosp,2026-10-17,28,quantile,0.5,20.09272361876055
2026-10-03,2,wk inc covid hosp,2026-10-17,28,quantile,0.55,21.14673607446636
2026-10-03,2,wk inc covid hosp,2026-10-17,28,quantile,0.6,21.660803765271236
2026-10-03,2,wk inc covid hosp,2026-10-17,28,quantile,0.65,23.898098534655723
2026-10-03,2,wk inc covid hosp,2026-10-17,28,quantile,0.7,25.784096857547368
2026-10-03,2,wk inc covid hosp,2026-10-17,28,quantile,0.75,28.993392490539684
2026-10-03,2,wk inc covid hosp,2026-10-17,28,quantile,0.8,29.74128672808387
2026-10-03,2,wk inc covid hosp,2026-10-17,28,quantile,0.85,31.47135978695141
2026-10-03,2,wk inc covid hosp,2026-10-17,28,quantile,0.9,33.85052237510576
2026-10-03,2,wk inc covid hosp,2026-10-17,28,quantile,0.95,39.97758841205973
2026-10-03,2,wk inc covid hosp,2026-10-17,28,quantile,0.975,42.49599214486721
2026-10-03,2,wk inc covid hosp,2026-10-17,28,quantile,0.99,45.738457140625286
2026-10-03,2,wk inc covid hosp,2026-10-17,29,quantile,0.01,20.248714030246553
2026-10-03,2,wk inc covid hosp,2026-10-17,29,quantile,0.025,27.067899946056475
2026-10-03,2,wk inc covid hosp,2026-10-17,29,quantile,0.05,31.861377028269157
2026-10-03,2,wk inc covid hosp,2026-10-17,29,quantile,0.1,34.18386406084467
2026-10-03,2,wk inc covid hosp,2026-10-17,29,quantile,0.15,40.21467504787117
2026-10-03,2,wk inc covid hosp,2026-10-17,29,quantile,0.2,44.228924680510914
2026-10-03,2,wk inc covid hosp,2026-10-17,29,quantile,0.25,45.10510313456961
2026-10-03,2,wk inc covid hosp,2026-10-17,29,quantile,0.3,45.8375471776215
2026-10-03,2,wk inc covid hosp,2026-10-17,29,quantile,0.35,47.324470617453215
2026-10-03,2,wk inc covid hosp,2026-10-17,29,quantile,0.4,51.86673417362103
2026-10-03,2,wk inc covid hosp,2026-10-17,29,quantile,0.45,52.517831174498035
2026-10-03,2,wk inc covid hosp,2026-10-17,29,quantile,0.5,56.17167431088063
2026-10-03,2,wk inc covid hosp,2026-10-17,29,quantile,0.55,59.285756630543084
2026-10-03,2,wk inc covid hosp,2026-10-17,29,quantile,0.6,62.25139510914751
2026-10-03,2,wk inc covid hosp,2026-10-17,29,quantile,0.65,68.9683944369199
2026-10-03,2,wk inc covid hosp,2026-10-17,29,quantile,0.7,75.9255745689276
2026-10-03,2,wk inc covid hosp,2026-10-17,29,quantile,0.75,80.23462989730265
2026-10-03,2,wk inc covid hosp,2026-10-17,29,quantile,0.8,88.39060188917574
2026-10-03,2,wk inc covid hosp,2026-10-17,29,quantile,0.85,94.2747459031403
2026-10-03,2,wk inc covid hosp,2026-10-17,29,quantile,0.9,110.26623091552405
2026-10-03,2,wk inc covid hosp,2026-10-17,29,quantile,0.95,167.3983060753074
2026-10-03,2,wk inc covid hosp,2026-10-17,29,quantile,0.975,224.78449672704292
2026-10-03,2,wk inc covid hosp,2026-10-17,29,quantile,0.99,262.35965957030487
2026-10-03,2,wk inc covid hosp,2026-10-17,30,quantile,0.01,0.22938921014094174
2026-10-03,2,wk inc covid hosp,2026-10-17,30,quantile,0.025,0.34511852967907963
2026-10-03,2,wk inc covid hosp,2026-10-17,30,quantile,0.05,1.261123005625487
2026-10-03,2,wk inc covid hosp,2026-10-17,30,quantile,0.1,2.466309530613202
2026-10-03,2,wk inc covid hosp,2026-10-17,30,quantile,0.15,4.11622597081717
2026-10-03,2,wk inc covid hosp,2026-10-17,30,quantile,0.2,4.512241281086044
2026-10-03,2,wk inc covid hosp,2026-10-17,30,quantile,0.25,5.2250454070413905
2026-10-03,2,wk inc covid hosp,2026-10-17,30,quantile,0.3,5.7704306026526675
2026-10-03,2,wk inc covid hosp,2026-10-17,30,quantile,0.35,6.825571649411531
2026-10-03,2,wk inc covid hosp,2026-10-17,30,quantile,0.4,8.118866298841258
2026-10-03,2,wk inc covid hosp,2026-10-17,30,quantile,0.45,8.322604610475931
2026-10-03,2,wk inc covid hosp,2026-10-17,30,quantile,0.5,9.065157140547287
2026-10-03,2,wk inc covid hosp,2026-10-17,30,quantile,0.55,9.589456028388698
2026-10-03,2,wk inc covid hosp,2026-10-17,30,quantile,0.6,10.538447962739024
2026-10-03,2,wk inc covid hosp,2026-10-17,30,quantile,0.65,11.485388297124084
2026-10-03,2,wk inc covid hosp,2026-10-17,30,quantile,0.7,12.34519800078259
2026-10-03,2,wk inc covid hosp,2026-10-17,30,quantile,0.75,13.18268949810569
2026-10-03,2,wk inc covid hosp,2026-10-17,30,quantile,0.8,15.576045024368828
2026-10-03,2,wk inc covid hosp,2026-10-17,30,quantile,0.85,17.15179060894798
2026-10-03,2,wk inc covid hosp,2026-10-17,30,quantile,0.9,20.850411655849825
2026-10-03,2,wk inc covid hosp,2026-10-17,30,quantile,0.95,23.039528129048083
2026-10-03,2,wk inc covid hosp,2026-10-17,30,quantile,0.975,25.264735825138313
2026-10-03,2,wk inc covid hosp,2026-10-17,30,quantile,0.99,27.617061385389043
2026-10-03,2,wk inc covid hosp,2026-10-17,31,quantile,0.01,1.5241483438860626
2026-10-03,2,wk inc covid hosp,2026-10-17,31,quantile,0.025,2.093279653058984
2026-10-03,2,wk inc covid hosp,2026-10-17,31,quantile,0.05,2.510671886519185
2026-10-03,2,wk inc covid hosp,2026-10-17,31,quantile,0.1,3.0934236675644358
2026-10-03,2,wk inc covid hosp,2026-10-17,31,quantile,0.15,3.5359869716802135
2026-10-03,2,wk inc covid hosp,2026-10-17,31,quantile,0.2,4.41728727948802
2026-10-03,2,wk inc covid hosp,2026-10-17,31,quantile,0.25,5.156227085325959
2026-10-03,2,wk inc covid hosp,2026-10-17,31,quantile,0.3,6.164463153480086
2026-10-03,2,wk inc covid hosp,2026-10-17,31,quantile,0.35,6.948394782316625
2026-10-03,2,wk inc covid hosp,2026-10-17,31,quantile,0.4,7.413461086826624
2026-10-03,2,wk inc covid hosp,2026-10-17,31,quantile,0.45,8.993290943357461
2026-10-03,2,wk inc covid hosp,2026-10-17,31,quantile,0.5,9.636320469566204
2026-10-03,2,wk inc covid hosp,2026-10-17,31,quantile,0.55,11.212878132374463
2026-10-03,2,wk inc covid hosp,2026-10-17,31,quantile,0.6,12.222643451193115
2026-10-03,2,wk inc covid hosp,2026-10-17,31,quantile,0.65,13.00504890538851
2026-10-03,2,wk inc covid hosp,2026-10-17,31,quantile,0.7,13.879832582685065
2026-10-03,2,wk inc covid hosp,2026-10-17,31,quantile,0.75,15.433254005363805
2026-10-03,2,wk inc covid hosp,2026-10-17,31,quantile,0.8,15.967866962077071
2026-10-03,2,wk inc covid hosp,2026-10-17,31,quantile,0.85,18.90632048174208
2026-10-03,2,wk inc covid hosp,2026-10-17,31,quantile,0.9,26.194314869526284
2026-10-03,2,wk inc covid hosp,2026-10-17,31,quantile,0.95,31.893594696544575
2026-10-03,2,wk inc covid hosp,2026-10-17,31,quantile,0.975,33.462317100873214
2026-10-03,2,wk inc covid hosp,2026-10-17,31,quantile,0.99,37.69961853284255
2026-10-03,2,wk inc covid hosp,2026-10-17,32,quantile,0.01,5.58379793122665
2026-10-03,2,wk inc covid hosp,2026-10-17,32,quantile,0.025,15.079701911406076
2026-10-03,2,wk inc covid hosp,2026-10-17,32,quantile,0.05,19.733433085633187
2026-10-03,2,wk inc covid hosp,2026-10-17,32,quantile,0.1,19.997653790020234
2026-10-03,2,wk inc covid hosp,2026-10-17,32,quantile,0.15,26.930926132864016
2026-10-03,2,wk inc covid hosp,2026-10-17,32,quantile,0.2,28.00848076028935
2026-10-03,2,wk inc covid hosp,2026-10-17,32,quantile,0.25,28.94332976652749
2026-10-03,2,wk inc covid hosp,2026-10-17,32,quantile,0.3,31.00915179211537
2026-10-03,2,wk inc covid hosp,2026-10-17,32,quantile,0.35,31.81474242193868
2026-10-03,2,wk inc covid hosp,2026-10-17,32,quantile,0.4,34.95555358104665
2026-10-03,2,wk inc covid hosp,2026-10-17,32,quantile,0.45,36.372762384350054
2026-10-03,2,wk inc covid hosp,2026-10-17,32,quantile,0.5,36.80671425743691
2026-10-03,2,wk inc covid hosp,2026-10-17,32,quantile,0.55,39.04987571242143
2026-10-03,2,wk inc covid hosp,2026-10-17,32,quantile,0.6,40.624960818412006
2026-10-03,2,wk inc covid hosp,2026-10-17,32,quantile,0.65,42.00846139051134
2026-10-03,2,wk inc covid hosp,2026-10-17,32,quantile,0.7,43.693133102988554
2026-10-03,2,wk inc covid hosp,2026-10-17,32,quantile,0.75,45.78396964828892
2026-10-03,2,wk inc covid hosp,2026-10-17,32,quantile,0.8,49.63637800120746
2026-10-03,2,wk inc covid hosp,2026-10-17,32,quantile,0.85,59.08438660776641
2026-10-03,2,wk inc covid hosp,2026-10-17,32,quantile,0.9,61.68192864629888
2026-10-03,2,wk inc covid hosp,2026-10-17,32,quantile,0.95,69.02610093069576
2026-10-03,2,wk inc covid hosp,2026-10-17,32,quantile,0.975,102.54849666334673
2026-10-03,2,wk inc covid hosp,2026-10-17,32,quantile,0.99,118.4137313559178
2026-10-03,2,wk inc covid hosp,2026-10-17,33,quantile,0.01,1.8609977427962
2026-10-03,2,wk inc covid hosp,2026-10-17,33,quantile,0.025,2.4125207391366263
2026-10-03,2,wk inc covid hosp,2026-10-17,33,quantile,0.05,4.274163235367513
2026-10-03,2,wk inc covid hosp,2026-10-17,33,quantile,0.1,8.126118987270473
2026-10-03,2,wk inc covid hosp,2026-10-17,33,quantile,0.15,9.956689317514831
2026-10-03,2,wk inc covid hosp,2026-10-17,33,quantile,0.2,10.181404203215868
2026-10-03,2,wk inc covid hosp,2026-10-17,33,quantile,0.25,12.08004150368081
2026-10-03,2,wk inc covid hosp,2026-10-17,33,quantile,0.3,12.89808876337565
2026-10-03,2,wk inc covid hosp,2026-10-17,33,quantile,0.35,16.144771283558512
2026-10-03,2,wk inc covid hosp,2026-10-17,33,quantile,0.4,17.81445400964026
2026-10-03,2,wk inc covid hosp,2026-10-17,33,quantile,0.45,18.70383513518433
2026-10-03,2,wk inc covid hosp,2026-10-17,33,quantile,0.5,21.184683028876304
2026-10-03,2,wk inc covid hosp,2026-10-17,33,quantile,0.55,22.616958192387425
2026-10-03,2,wk inc covid hosp,2026-10-17,33,quantile,0.6,23.4144683384532
2026-10-03,2,wk inc covid hosp,2026-10-17,33,quantile,0.65,25.28991302521026
2026-10-03,2,wk inc covid hosp,2026-10-17,33,quantile,0.7,26.765023816093947
2026-10-03,2,wk inc covid hosp,2026-10-17,33,quantile,0.75,28.279121012253583
2026-10-03,2,wk inc covid hosp,2026-10-17,33,quantile,0.8,30.539341044212076
2026-10-03,2,wk inc covid hosp,2026-10-17,33,quantile,0.85,32.3303771473471
2026-10-03,2,wk inc covid hosp,2026-10-17,33,quantile,0.9,37.03378047527556
2026-10-03,2,wk inc covid hosp,2026-10-17,33,quantile,0.95,44.89968255664597
2026-10-03,2,wk inc covid hosp,2026-10-17,33,quantile,0.975,49.202234328364725
2026-10-03,2,wk inc covid hosp,2026-10-17,33,quantile,0.99,53.8212344747742
2026-10-03,2,wk inc covid hosp,2026-10-17,34,quantile,0.01,78.60956949126314
2026-10-03,2,wk inc covid hosp,2026-10-17,34,quantile,0.025,81.74627765123799
2026-10-03,2,wk inc covid hosp,2026-10-17,34,quantile,0.05,88.67764118076687
2026-10-03,2,wk inc covid hosp,2026-10-17,34,quantile,0.1,115.2520283329392
2026-10-03,2,wk inc covid hosp,2026-10-17,34,quantile,0.15,124.29852473227135
2026-10-03,2,wk inc covid hosp,2026-10-17,34,quantile,0.2,135.72828062065378
2026-10-03,2,wk inc covid hosp,2026-10-17,34,quantile,0.25,145.10776634346087
2026-10-03,2,wk inc covid hosp,2026-10-17,34,quantile,0.3,149.681540484125
2026-10-03,2,wk inc covid hosp,2026-10-17,34,quantile,0.35,157.99251345760882
2026-10-03,2,wk inc covid hosp,2026-10-17,34,quantile,0.4,176.52809782113144
2026-10-03,2,wk inc covid hosp,2026-10-17,34,quantile,0.45,189.90469688640553
2026-10-03,2,wk inc covid hosp,2026-10-17,34,quantile,0.5,192.34258551246148
2026-10-03,2,wk inc covid hosp,2026-10-17,34,quantile,0.55,200.0045396193151
2026-10-03,2,wk inc covid hosp,2026-10-17,34,quantile,0.6,207.95669320603685
2026-10-03,2,wk inc covid hosp,2026-10-17,34,quantile,0.65,215.54979178912407
2026-10-03,2,wk inc covid hosp,2026-10-17,34,quantile,0.7,226.17600424698153
2026-10-03,2,wk inc covid hosp,2026-10-17,34,quantile,0.75,255.72843142539938
2026-10-03,2,wk inc covid hosp,2026-10-17,34,quantile,0.8,271.48158655595256
2026-10-03,2,wk inc covid hosp,2026-10-17,34,quantile,0.85,290.91180251519427
2026-10-03,2,wk inc covid hosp,2026-10-17,34,quantile,0.9,311.6896181322969
2026-10-03,2,wk inc covid hosp,2026-10-17,34,quantile,0.95,356.9823307835397
2026-10-03,2,wk inc covid hosp,2026-10-17,34,quantile,0.975,362.0394323576444
2026-10-03,2,wk inc covid hosp,2026-10-17,34,quantile,0.99,382.607043691683
2026-10-03,2,wk inc covid hosp,2026-10-17,35,quantile,0.01,1.7018717138091006
2026-10-03,2,wk inc covid hosp,2026-10-17,35,quantile,0.025,1.8088331958142942
2026-10-03,2,wk inc covid hosp,2026-10-17,35,quantile,0.05,2.1682409916638035
2026-10-03,2,wk inc covid hosp,2026-10-17,35,quantile,0.1,2.986633177070166
2026-10-03,2,wk inc covid hosp,2026-10-17,35,quantile,0.15,4.461052304733004
2026-10-03,2,wk inc covid hosp,2026-10-17,35,quantile,0.2,5.430468585296583
2026-10-03,2,wk inc covid hosp,2026-10-17,35,quantile,0.25,5.999307548147057
2026-10-03,2,wk inc covid hosp,2026-10-17,35,quantile,0.3,6.960427314119657
2026-10-03,2,wk inc covid hosp,2026-10-17,35,quantile,0.35,8.415983371292478
2026-10-03,2,wk inc covid hosp,2026-10-17,35,quantile,0.4,9.979337128688051
2026-10-03,2,wk inc covid hosp,2026-10-17,35,quantile,0.45,10.784658126831328
2026-10-03,2,wk inc covid hosp,2026-10-17,35,quantile,0.5,11.37415383238033
2026-10-03,2,wk inc covid hosp,2026-10-17,35,quantile,0.55,12.463534893729422
2026-10-03,2,wk inc covid hosp,2026-10-17,35,quantile,0.6,14.727294462458786
2026-10-03,2,wk inc covid hosp,2026-10-17,35,quantile,0.65,15.372063185778662
2026-10-03,2,wk inc covid hosp,2026-10-17,35,quantile,0.7,17.207514314834093
2026-10-03,2,wk inc covid hosp,2026-10-17,35,quantile,0.75,18.637846939857777
2026-10-03,2,wk inc covid hosp,2026-10-17,35,quantile,0.8,20.329585972698766
2026-10-03,2,wk inc covid hosp,2026-10-17,35,quantile,0.85,23.525065711711008
2026-10-03,2,wk inc covid hosp,2026-10-17,35,quantile,0.9,32.07859294070003
2026-10-03,2,wk inc covid hosp,2026-10-17,35,quantile,0.95,51.65048143331414
2026-10-03,2,wk inc covid hosp,2026-10-17,35,quantile,0.975,62.18084463138496
2026-10-03,2,wk inc covid hosp,2026-10-17,35,quantile,0.99,73.36660033804392
2026-10-03,2,wk inc covid hosp,2026-10-17,36,quantile,0.01,76.41885972225957
2026-10-03,2,wk inc covid hosp,2026-10-17,36,quantile,0.025,126.49563695364061
2026-10-03,2,wk inc covid hosp,2026-10-17,36,quantile,0.05,139.41031385905265
2026-10-03,2,wk inc covid hosp,2026-10-17,36,quantile,0.1,176.77129942716834
2026-10-03,2,wk inc covid hosp,2026-10-17,36,quantile,0.15,183.6200441654808
2026-10-03,2,wk inc covid hosp,2026-10-17,36,quantile,0.2,186.17805450085294
2026-10-03,2,wk inc covid hosp,2026-10-17,36,quantile,0.25,194.39653947707518
2026-10-03,2,wk inc covid hosp,2026-10-17,36,quantile,0.3,203.8921042232722
2026-10-03,2,wk inc covid hosp,2026-10-17,36,quantile,0.35,211.95309979386025
2026-10-03,2,wk inc covid hosp,2026-10-17,36,quantile,0.4,217.82112280336474
2026-10-03,2,wk inc covid hosp,2026-10-17,36,quantile,0.45,234.25295367172438
2026-10-03,2,wk inc covid hosp,2026-10-17,36,quantile,0.5,250.36723978844537
2026-10-03,2,wk inc covid hosp,2026-10-17,36,quantile,0.55,263.29942575330324
2026-10-03,2,wk inc covid hosp,2026-10-17,36,quantile,0.6,271.9981447949331
2026-10-03,2,wk inc covid hosp,2026-10-17,36,quantile,0.65,281.68192008258177
2026-10-03,2,wk inc covid hosp,2026-10-17,36,quantile,0.7,298.3089150394595
2026-10-03,2,wk inc covid hosp,2026-10-17,36,quantile,0.75,309.0983096723696
2026-10-03,2,wk inc covid hosp,2026-10-17,36,quantile,0.8,322.0084324964113
2026-10-03,2,wk inc covid hosp,2026-10-17,36,quantile,0.85,343.1464797961085
2026-10-03,2,wk inc covid hosp,2026-10-17,36,quantile,0.9,363.300227034335
2026-10-03,2,wk inc covid hosp,2026-10-17,36,quantile,0.95,389.4507615771186
2026-10-03,2,wk inc covid hosp,2026-10-17,36,quantile,0.975,402.54452935968476
2026-10-03,2,wk inc covid hosp,2026-10-17,36,quantile,0.99,455.291745441398
2026-10-03,2,wk inc covid hosp,2026-10-17,37,quantile,0.01,2.141650476722068
2026-10-03,2,wk inc covid hosp,2026-10-17,37,quantile,0.025,4.58670672464976
2026-10-03,2,wk inc covid hosp,2026-10-17,37,quantile,0.05,61.222224188718144
2026-10-03,2,wk inc covid hosp,2026-10-17,37,quantile,0.1,93.78766664783419
2026-10-03,2,wk inc covid hosp,2026-10-17,37,quantile,0.15,105.88618831787707
2026-10-03,2,wk inc covid hosp,2026-10-17,37,quantile,0.2,122.19961413189883
2026-10-03,2,wk inc covid hosp,2026-10-17,37,quantile,0.25,126.71227384365777
2026-10-03,2,wk inc covid hosp,2026-10-17,37,quantile,0.3,131.8671979895997
2026-10-03,2,wk inc covid hosp,2026-10-17,37,quantile,0.35,145.1092723449351
2026-10-03,2,wk inc covid hosp,2026-10-17,37,quantile,0.4,155.98603511889806
2026-10-03,2,wk inc covid hosp,2026-10-17,37,quantile,0.45,159.42427571183822
2026-10-03,2,wk inc covid hosp,2026-10-17,37,quantile,0.5,170.2152638339159
2026-10-03,2,wk inc covid hosp,2026-10-17,37,quantile,0.55,172.1578187308592
2026-10-03,2,wk inc covid hosp,2026-10-17,37,quantile,0.6,186.59881793137833
2026-10-03,2,wk inc covid hosp,2026-10-17,37,quantile,0.65,201.81250607180465
2026-10-03,2,wk inc covid hosp,2026-10-17,37,quantile,0.7,213.28560596038477
2026-10-03,2,wk inc covid hosp,2026-10-17,37,quantile,0.75,233.39361976671833
2026-10-03,2,wk inc covid hosp,2026-10-17,37,quantile,0.8,255.22507484645283
2026-10-03,2,wk inc covid hosp,2026-10-17,37,quantile,0.85,259.1621391379534
2026-10-03,2,wk inc covid hosp,2026-10-17,37,quantile,0.9,264.702765486001
2026-10-03,2,wk inc covid hosp,2026-10-17,37,quantile,0.95,284.51798907257427
2026-10-03,2,wk inc covid hosp,2026-10-17,37,quantile,0.975,290.87978438117256
2026-10-03,2,wk inc covid hosp,2026-10-17,37,quantile,0.99,297.26439558392514
2026-10-03,2,wk inc covid hosp,2026-10-17,38,quantile,0.01,0.0
2026-10-03,2,wk inc covid hosp,2026-10-17,38,quantile,0.025,0.0
2026-10-03,2,wk inc covid hosp,2026-10-17,38,quantile,0.05,0.23161251362428126
2026-10-03,2,wk inc covid hosp,2026-10-17,38,quantile,0.1,0.32664991614216
2026-10-03,2,wk inc covid hosp,2026-10-17,38,quantile,0.15,0.4636035243426118
2026-10-03,2,wk inc covid hosp,2026-10-17,38,quantile,0.2,1.4324055859915177
2026-10-03,2,wk inc covid hosp,2026-10-17,38,quantile,0.25,1.809882838277788
2026-10-03,2,wk inc covid hosp,2026-10-17,38,quantile,0.3,2.0800266514769503
2026-10-03,2,wk inc covid hosp,2026-10-17,38,quantile,0.35,2.339599236423585
2026-10-03,2,wk inc covid hosp,2026-10-17,38,quantile,0.4,2.522819383711916
2026-10-03,2,wk inc covid hosp,2026-10-17,38,quantile,0.45,2.7317912036106327
2026-10-03,2,wk inc covid hosp,2026-10-17,38,quantile,0.5,2.8997612968313553
2026-10-03,2,wk inc covid hosp,2026-10-17,38,quantile,0.55,3.3265254984835826
2026-10-03,2,wk inc covid hosp,2026-10-17,38,quantile,0.6,3.570614736927889
2026-10-03,2,wk inc covid hosp,2026-10-17,38,quantile,0.65,3.7606969853169288
2026-10-03,2,wk inc covid hosp,2026-10-17,38,quantile,0.7,4.48748545780273
2026-10-03,2,wk inc covid hosp,2026-10-17,38,quantile,0.75,4.690964498085349
2026-10-03,2,wk inc covid hosp,2026-10-17,38,quantile,0.8,5.6161282396348335
2026-10-03,2,wk inc covid hosp,2026-10-17,38,quantile,0.85,5.966787415364891
2026-10-03,2,wk inc covid hosp,2026-10-17,38,quantile,0.9,7.682850391816947
2026-10-03,2,wk inc covid hosp,2026-10-17,38,quantile,0.95,9.7214438575748
2026-10-03,2,wk inc covid hosp,2026-10-17,38,quantile,0.975,10.023680493586436
2026-10-03,2,wk inc covid hosp,2026-10-17,38,quantile,0.99,12.804855425239685
2026-10-03,2,wk inc covid hosp,2026-10-17,39,quantile,0.01,30.69154572736068
2026-10-03,2,wk inc covid hosp,2026-10-17,39,quantile,0.025,35.900075319190314
2026-10-03,2,wk inc covid hosp,2026-10-17,39,quantile,0.05,39.17854086396146
2026-10-03,2,wk inc covid hosp,2026-10-17,39,quantile,0.1,50.66358057035062
2026-10-03,2,wk inc covid hosp,2026-10-17,39,quantile,0.15,56.90428852518347
2026-10-03,2,wk inc covid hosp,2026-10-17,39,quantile,0.2,62.87099724506038
2026-10-03,2,wk inc covid hosp,2026-10-17,39,quantile,0.25,66.81927938257883
2026-10-03,2,wk inc covid hosp,2026-10-17,39,quantile,0.3,70.83194033473374
2026-10-03,2,wk inc covid hosp,2026-10-17,39,quantile,0.35,74.95450496559175
2026-10-03,2,wk inc covid hosp,2026-10-17,39,quantile,0.4,79.03551305943353
2026-10-03,2,wk inc covid hosp,2026-10-17,39,quantile,0.45,86.29564802404437
2026-10-03,2,wk inc covid hosp,2026-10-17,39,quantile,0.5,90.93574217781284
2026-10-03,2,wk inc covid hosp,2026-10-17,39,quantile,0.55,99.56670600363003
2026-10-03,2,wk inc covid hosp,2026-10-17,39,quantile,0.6,101.88250747659484
2026-10-03,2,wk inc covid hosp,2026-10-17,39,quantile,0.65,105.49875492768108
2026-10-03,2,wk inc covid hosp,2026-10-17,39,quantile,0.7,112.90172739371295
2026-10-03,2,wk inc covid hosp,2026-10-17,39,quantile,0.75,125.6850275844218
2026-10-03,2,wk inc covid hosp,2026-10-17,39,quantile,0.8,136.64025438095737
2026-10-03,2,wk inc covid hosp,2026-10-17,39,quantile,0.85,142.46721530440266
2026-10-03,2,wk inc covid hosp,2026-10-17,39,quantile,0.9,164.41575933130505
2026-10-03,2,wk inc covid hosp,2026-10-17,39,quantile,0.95,174.26835312265555
2026-10-03,2,wk inc covid hosp,2026-10-17,39,quantile,0.975,219.92279701050927
2026-10-03,2,wk inc covid hosp,2026-10-17,39,quantile,0.99,263.8483695683957
2026-10-03,2,wk inc covid hosp,2026-10-17,40,quantile,0.01,5.1863040963642675
2026-10-03,2,wk inc covid hosp,2026-10-17,40,quantile,0.025,6.486121184875792
2026-10-03,2,wk inc covid hosp,2026-10-17,40,quantile,0.05,6.678946254990178
2026-10-03,2,wk inc covid hosp,2026-10-17,40,quantile,0.1,6.940551345448777
2026-10-03,2,wk inc covid hosp,2026-10-17,40,quantile,0.15,9.550891008079258
2026-10-03,2,wk inc covid hosp,2026-10-17,40,quantile,0.2,10.399138636466363
2026-10-03,2,wk inc covid hosp,2026-10-17,40,quantile,0.25,11.301204616735514
2026-10-03,2,wk inc covid hosp,2026-10-17,40,quantile,0.3,12.094136442292882
2026-10-03,2,wk inc covid hosp,2026-10-17,40,quantile,0.35,12.753705336748766
2026-10-03,2,wk inc covid hosp,2026-10-17,40,quantile,0.4,14.49732741560243
2026-10-03,2,wk inc covid hosp,2026-10-17,40,quantile,0.45,15.44792986476245
2026-10-03,2,wk inc covid hosp,2026-10-17,40,quantile,0.5,17.39955975385303
2026-10-03,2,wk inc covid hosp,2026-10-17,40,quantile,0.55,18.732976526693385
2026-10-03,2,wk inc covid hosp,2026-10-17,40,quantile,0.6,20.876957432628032
2026-10-03,2,wk inc covid hosp,2026-10-17,40,quantile,0.65,21.8300507161277
2026-10-03,2,wk inc covid hosp,2026-10-17,40,quantile,0.7,25.2223989431053
2026-10-03,2,wk inc covid hosp,2026-10-17,40,quantile,0.75,25.990446747383807
2026-10-03,2,wk inc covid hosp,2026-10-17,40,quantile,0.8,27.746864729944463
2026-10-03,2,wk inc covid hosp,2026-10-17,40,quantile,0.85,32.16655526225018
2026-10-03,2,wk inc covid hosp,2026-10-17,40,quantile,0.9,38.12713182600661
2026-10-03,2,wk inc covid hosp,2026-10-17,40,quantile,0.95,49.808634653240034
2026-10-03,2,wk inc covid hosp,2026-10-17,40,quantile,0.975,56.35432124700794
2026-10-03,2,wk inc covid hosp,2026-10-17,40,quantile,0.99,69.62146936204124
2026-10-03,2,wk inc covid hosp,2026-10-17,41,quantile,0.01,30.816241541184297
2026-10-03,2,wk inc covid hosp,2026-10-17,41,quantile,0.025,32.0471706623214
2026-10-03,2,wk inc covid hosp,2026-10-17,41,quantile,0.05,33.33890082836561
2026-10-03,2,wk inc covid hosp,2026-10-17,41,quantile,0.1,35.363826005562785
2026-10-03,2,wk inc covid hosp,2026-10-17,41,quantile,0.15,36.20598508759721
2026-10-03,2,wk inc covid hosp,2026-10-17,41,quantile,0.2,37.36768785266224
2026-10-03,2,wk inc covid hosp,2026-10-17,41,quantile,0.25,38.28369970516971
2026-10-03,2,wk inc covid hosp,2026-10-17,41,quantile,0.3,41.00880288541853
2026-10-03,2,wk inc covid hosp,2026-10-17,41,quantile,0.35,45.580921099805465
2026-10-03,2,wk inc covid hosp,2026-10-17,41,quantile,0.4,51.08679175464439
2026-10-03,2,wk inc covid hosp,2026-10-17,41,quantile,0.45,52.85040518075766
2026-10-03,2,wk inc covid hosp,2026-10-17,41,quantile,0.5,56.96817605358624
2026-10-03,2,wk inc covid hosp,2026-10-17,41,quantile,0.55,59.232584683609495
2026-10-03,2,wk inc covid hosp,2026-10-17,41,quantile,0.6,63.32227543152167
2026-10-03,2,wk inc covid hosp,2026-10-17,41,quantile,0.65,66.83511114750995
2026-10-03,2,wk inc covid hosp,2026-10-17,41,quantile,0.7,68.36667699470196
2026-10-03,2,wk inc covid hosp,2026-10-17,41,quantile,0.75,73.93242133522861
2026-10-03,2,wk inc covid hosp,2026-10-17,41,quantile,0.8,76.057047463962
2026-10-03,2,wk inc covid hosp,2026-10-17,41,quantile,0.85,80.5596432280334
2026-10-03,2,wk inc covid hosp,2026-10-17,41,quantile,0.9,83.05096034801237
2026-10-03,2,wk inc covid hosp,2026-10-17,41,quantile,0.95,92.05759581531188
2026-10-03,2,wk inc covid hosp,2026-10-17,41,quantile,0.975,101.09298550988115
2026-10-03,2,wk inc covid hosp,2026-10-17,41,quantile,0.99,106.44676185254868
2026-10-03,2,wk inc covid hosp,2026-10-17,42,quantile,0.01,147.27882244401223
2026-10-03,2,wk inc covid hosp,2026-10-17,42,quantile,0.025,179.71413791157792
2026-10-03,2,wk inc covid hosp,2026-10-17,42,quantile,0.05,184.19593702221988
2026-10-03,2,wk inc covid hosp,2026-10-17,42,quantile,0.1,202.50208881034115
2026-10-03,2,wk inc covid hosp,2026-10-17,42,quantile,0.15,215.67007945754807
2026-10-03,2,wk inc covid hosp,2026-10-17,42,quantile,0.2,224.51884499859125
2026-10-03,2,wk inc covid hosp,2026-10-17,42,quantile,0.25,231.85185462042287
2026-10-03,2,wk inc covid hosp,2026-10-17,42,quantile,0.3,244.51566451791624
2026-10-03,2,wk inc covid hosp,2026-10-17,42,quantile,0.35,254.27995449862246
2026-10-03,2,wk inc covid hosp,2026-10-17,42,quantile,0.4,266.2138115339928
2026-10-03,2,wk inc covid hosp,2026-10-17,42,quantile,0.45,268.8354414213876
2026-10-03,2,wk inc covid hosp,2026-10-17,42,quantile,0.5,269.74476694382423
2026-10-03,2,wk inc covid hosp,2026-10-17,42,quantile,0.55,276.89106920417083
2026-10-03,2,wk inc covid hosp,2026-10-17,42,quantile,0.6,283.04003582612756
2026-10-03,2,wk inc covid hosp,2026-10-17,42,quantile,0.65,292.8865864032767
2026-10-03,2,wk inc covid hosp,2026-10-17,42,quantile,0.7,379.7878175177929
2026-10-03,2,wk inc covid hosp,2026-10-17,42,quantile,0.75,390.61475981726704
2026-10-03,2,wk inc covid hosp,2026-10-17,42,quantile,0.8,399.1849756562501
2026-10-03,2,wk inc covid hosp,2026-10-17,42,quantile,0.85,418.79308304935097
2026-10-03,2,wk inc covid hosp,2026-10-17,42,quantile,0.9,450.8971828224947
2026-10-03,2,wk inc covid hosp,2026-10-17,42,quantile,0.95,528.876092705242
2026-10-03,2,wk inc covid hosp,2026-10-17,42,quantile,0.975,595.7360925701809
2026-10-03,2,wk inc covid hosp,2026-10-17,42,quantile,0.99,644.6778333263283
2026-10-03,2,wk inc covid hosp,2026-10-17,44,quantile,0.01,1.9457317654416646
2026-10-03,2,wk inc covid hosp,2026-10-17,44,quantile,0.025,2.6354253507454817
2026-10-03,2,wk inc covid hosp,2026-10-17,44,quantile,0.05,3.410717835209185
2026-10-03,2,wk inc covid hosp,2026-10-17,44,quantile,0.1,4.0089145672077695
2026-10-03,2,wk inc covid hosp,2026-10-17,44,quantile,0.15,5.314222265769809
2026-10-03,2,wk inc covid hosp,2026-10-17,44,quantile,0.2,7.073029652932213
2026-10-03,2,wk inc covid hosp,2026-10-17,44,quantile,0.25,7.54511159240977
2026-10-03,2,wk inc covid hosp,2026-10-17,44,quantile,0.3,8.644542205070586
2026-10-03,2,wk inc covid hosp,2026-10-17,44,quantile,0.35,9.84283657610986
2026-10-03,2,wk inc covid hosp,2026-10-17,44,quantile,0.4,10.163111803964345
2026-10-03,2,wk inc covid hosp,2026-10-17,44,quantile,0.45,10.91177441075304
2026-10-03,2,wk inc covid hosp,2026-10-17,44,quantile,0.5,11.582398923639886
2026-10-03,2,wk inc covid hosp,2026-10-17,44,quantile,0.55,12.557530091976169
2026-10-03,2,wk inc covid hosp,2026-10-17,44,quantile,0.6,14.734099170143681
2026-10-03,2,wk inc covid hosp,2026-10-17,44,quantile,0.65,20.99310902120835
2026-10-03,2,wk inc covid hosp,2026-10-17,44,quantile,0.7,22.345246816346883
2026-10-03,2,wk inc covid hosp,2026-10-17,44,quantile,0.75,23.357813829094678
2026-10-03,2,wk inc covid hosp,2026-10-17,44,quantile,0.8,24.891808639341708
2026-10-03,2,wk inc covid hosp,2026-10-17,44,quantile,0.85,30.228799338256223
2026-10-03,2,wk inc covid hosp,2026-10-17,44,quantile,0.9,35.8621619818985
2026-10-03,2,wk inc covid hosp,2026-10-17,44,quantile,0.95,42.33834503029687
2026-10-03,2,wk inc covid hosp,2026-10-17,44,quantile,0.975,43.301887573677185
2026-10-03,2,wk inc covid hosp,2026-10-17,44,quantile,0.99,47.844176434942284
2026-10-03,2,wk inc covid hosp,2026-10-17,45,quantile,0.01,8.426983375421692
2026-10-03,2,wk inc covid hosp,2026-10-17,45,quantile,0.025,19.524681485188765
2026-10-03,2,wk inc covid hosp,2026-10-17,45,quantile,0.05,22.20457474107802
2026-10-03,2,wk inc covid hosp,2026-10-17,45,quantile,0.1,27.72729820228244
2026-10-03,2,wk inc covid hosp,2026-10-17,45,quantile,0.15,38.45839151581391
2026-10-03,2,wk inc covid hosp,2026-10-17,45,quantile,0.2,49.93128676952318
2026-10-03,2,wk inc covid hosp,2026-10-17,45,quantile,0.25,53.645537866969676
2026-10-03,2,wk inc covid hosp,2026-10-17,45,quantile,0.3,59.83778400771272
2026-10-03,2,wk inc covid hosp,2026-10-17,45,quantile,0.35,66.97831664421801
2026-10-03,2,wk inc covid hosp,2026-10-17,45,quantile,0.4,72.61225220783346
2026-10-03,2,wk inc covid hosp,2026-10-17,45,quantile,0.45,76.71050838340679
2026-10-03,2,wk inc covid hosp,2026-10-17,45,quantile,0.5,79.9552706907546
2026-10-03,2,wk inc covid hosp,2026-10-17,45,quantile,0.55,83.18850625495983
2026-10-03,2,wk inc covid hosp,2026-10-17,45,quantile,0.6,87.23671309088017
2026-10-03,2,wk inc covid hosp,2026-10-17,45,quantile,0.65,91.33279251064525
2026-10-03,2,wk inc covid hosp,2026-10-17,45,quantile,0.7,103.5369327393512
2026-10-03,2,wk inc covid hosp,2026-10-17,45,quantile,0.75,115.18799739663005
2026-10-03,2,wk inc covid hosp,2026-10-17,45,quantile,0.8,130.6576655604611
2026-10-03,2,wk inc covid hosp,2026-10-17,45,quantile,0.85,134.04248100648798
2026-10-03,2,wk inc covid hosp,2026-10-17,45,quantile,0.9,168.25696331607983
2026-10-03,2,wk inc covid hosp,2026-10-17,45,quantile,0.95,174.90965003024718
2026-10-03,2,wk inc covid hosp,2026-10-17,45,quantile,0.975,187.75321955459185
2026-10-03,2,wk inc covid hosp,2026-10-17,45,quantile,0.99,202.65896919489282
2026-10-03,2,wk inc covid hosp,2026-10-17,46,quantile,0.01,0.0
2026-10-03,2,wk inc covid hosp,2026-10-17,46,quantile,0.025,0.032175278225130687
2026-10-03,2,wk inc covid hosp,2026-10-17,46,quantile,0.05,0.24708353866274807
2026-10-03,2,wk inc covid hosp,2026-10-17,46,quantile,0.1,0.5411776872781118
2026-10-03,2,wk inc covid hosp,2026-10-17,46,quantile,0.15,1.375739166132783
2026-10-03,2,wk inc covid hosp,2026-10-17,46,quantile,0.2,1.7748056182393572
2026-10-03,2,wk inc covid hosp,2026-10-17,46,quantile,0.25,2.4930455136550402
2026-10-03,2,wk inc covid hosp,2026-10-17,46,quantile,0.3,2.6647836482689136
2026-10-03,2,wk inc covid hosp,2026-10-17,46,quantile,0.35,3.233212587364334
2026-10-03,2,wk inc covid hosp,2026-10-17,46,quantile,0.4,3.847212808198197
2026-10-03,2,wk inc covid hosp,2026-10-17,46,quantile,0.45,4.020069745359784
2026-10-03,2,wk inc covid hosp,2026-10-17,46,quantile,0.5,4.307408847233671
2026-10-03,2,wk inc covid hosp,2026-10-17,46,quantile,0.55,4.651485779774073
2026-10-03,2,wk inc covid hosp,2026-10-17,46,quantile,0.6,5.10832152167694
2026-10-03,2,wk inc covid hosp,2026-10-17,46,quantile,0.65,5.766955483167591
2026-10-03,2,wk inc covid hosp,2026-10-17,46,quantile,0.7,6.442724562934997
2026-10-03,2,wk inc covid hosp,2026-10-17,46,quantile,0.75,8.06964671331927
2026-10-03,2,wk inc covid hosp,2026-10-17,46,quantile,0.8,10.170291586231103
2026-10-03,2,wk inc covid hosp,2026-10-17,46,quantile,0.85,11.018288761478761
2026-10-03,2,wk inc covid hosp,2026-10-17,46,quantile,0.9,12.992138629175278
2026-10-03,2,wk inc covid hosp,2026-10-17,46,quantile,0.95,17.50816976747088
2026-10-03,2,wk inc covid hosp,2026-10-17,46,quantile,0.975,19.41593645434692
2026-10-03,2,wk inc covid hosp,2026-10-17,46,quantile,0.99,19.78491553071237
2026-10-03,2,wk inc covid hosp,2026-10-17,47,quantile,0.01,14.121590994122716
2026-10-03,2,wk inc covid hosp,2026-10-17,47,quantile,0.025,14.193130851211418
2026-10-03,2,wk inc covid hosp,2026-10-17,47,quantile,0.05,14.826857965461688
2026-10-03,2,wk inc covid hosp,2026-10-17,47,quantile,0.1,23.745614035926003
2026-10-03,2,wk inc covid hosp,2026-10-17,47,quantile,0.15,32.10560609462555
2026-10-03,2,wk inc covid hosp,2026-10-17,47,quantile,0.2,37.84729586211686
2026-10-03,2,wk inc covid hosp,2026-10-17,47,quantile,0.25,40.227191538599094
2026-10-03,2,wk inc covid hosp,2026-10-17,47,quantile,0.3,41.817830417381884
2026-10-03,2,wk inc covid hosp,2026-10-17,47,quantile,0.35,44.353669989246576
2026-10-03,2,wk inc covid hosp,2026-10-17,47,quantile,0.4,49.75139729798265
2026-10-03,2,wk inc covid hosp,2026-10-17,47,quantile,0.45,55.926129800207214
2026-10-03,2,wk inc covid hosp,2026-10-17,47,quantile,0.5,59.269257010006
2026-10-03,2,wk inc covid hosp,2026-10-17,47,quantile,0.55,61.41924418198036
2026-10-03,2,wk inc covid hosp,2026-10-17,47,quantile,0.6,65.52080558803846
2026-10-03,2,wk inc covid hosp,2026-10-17,47,quantile,0.65,73.94509513681479
2026-10-03,2,wk inc covid hosp,2026-10-17,47,quantile,0.7,77.1324847109037
2026-10-03,2,wk inc covid hosp,2026-10-17,47,quantile,0.75,88.29476806737604
2026-10-03,2,wk inc covid hosp,2026-10-17,47,quantile,0.8,98.42905969545663
2026-10-03,2,wk inc covid hosp,2026-10-17,47,quantile,0.85,102.21857099234661
2026-10-03,2,wk inc covid hosp,2026-10-17,47,quantile,0.9,105.71417774434998
2026-10-03,2,wk inc covid hosp,2026-10-17,47,quantile,0.95,114.35636545482804
2026-10-03,2,wk inc covid hosp,2026-10-17,47,quantile,0.975,121.52731108424702
2026-10-03,2,wk inc covid hosp,2026-10-17,47,quantile,0.99,177.8584778332793
2026-10-03,2,wk inc covid hosp,2026-10-17,48,quantile,0.01,9.154792914338143
2026-10-03,2,wk inc covid hosp,2026-10-17,48,quantile,0.025,74.22810920243096
2026-10-03,2,wk inc covid hosp,2026-10-17,48,quantile,0.05,143.49714539510606
2026-10-03,2,wk inc covid hosp,2026-10-17,48,quantile,0.1,168.02333678101354
2026-10-03,2,wk inc covid hosp,2026-10-17,48,quantile,0.15,207.5861467326488
2026-10-03,2,wk inc covid hosp,2026-10-17,48,quantile,0.2,231.2278933521658
2026-10-03,2,wk inc covid hosp,2026-10-17,48,quantile,0.25,253.16961565952235
2026-10-03,2,wk inc covid hosp,2026-10-17,48,quantile,0.3,315.25488790362226
2026-10-03,2,wk inc covid hosp,2026-10-17,48,quantile,0.35,325.57125878063806
2026-10-03,2,wk inc covid hosp,2026-10-17,48,quantile,0.4,343.1086528766244
2026-10-03,2,wk inc covid hosp,2026-10-17,48,quantile,0.45,367.6777058826542
2026-10-03,2,wk inc covid hosp,2026-10-17,48,quantile,0.5,376.97910602074126
2026-10-03,2,wk inc covid hosp,2026-10-17,48,quantile,0.55,395.5589150268494
2026-10-03,2,wk inc covid hosp,2026-10-17,48,quantile,0.6,410.3754742926229
2026-10-03,2,wk inc covid hosp,2026-10-17,48,quantile,0.65,422.100723443853
2026-10-03,2,wk inc covid hosp,2026-10-17,48,quantile,0.7,433.91784985233505
2026-10-03,2,wk inc covid hosp,2026-10-17,48,quantile,0.75,450.700632005957
2026-10-03,2,wk inc covid hosp,2026-10-17,48,quantile,0.8,467.6717429677139
2026-10-03,2,wk inc covid hosp,2026-10-17,48,quantile,0.85,475.974527128771
2026-10-03,2,wk inc covid hosp,2026-10-17,48,quantile,0.9,534.5873519285805
2026-10-03,2,wk inc covid hosp,2026-10-17,48,quantile,0.95,592.2115451192119
2026-10-03,2,wk inc covid hosp,2026-10-17,48,quantile,0.975,627.4122362209273
2026-10-03,2,wk inc covid hosp,2026-10-17,48,quantile,0.99,663.3934814709871
2026-10-03,2,wk inc covid hosp,2026-10-17,49,quantile,0.01,8.00884775694691
2026-10-03,2,wk inc covid hosp,2026-10-17,49,quantile,0.025,9.43084329512185
2026-10-03,2,wk inc covid hosp,2026-10-17,49,quantile,0.05,11.865695871318371
2026-10-03,2,wk inc covid hosp,2026-10-17,49,quantile,0.1,13.387479966263065
2026-10-03,2,wk inc covid hosp,2026-10-17,49,quantile,0.15,14.666695029838976
2026-10-03,2,wk inc covid hosp,2026-10-17,49,quantile,0.2,16.363692680927908
2026-10-03,2,wk inc covid hosp,2026-10-17,49,quantile,0.25,17.613801453252474
2026-10-03,2,wk inc covid hosp,2026-10-17,49,quantile,0.3,19.334753833025182
2026-10-03,2,wk inc covid hosp,2026-10-17,49,quantile,0.35,23.032402193976402
2026-10-03,2,wk inc covid hosp,2026-10-17,49,quantile,0.4,24.49802805117246
2026-10-03,2,wk inc covid hosp,2026-10-17,49,quantile,0.45,25.762371596736973
2026-10-03,2,wk inc covid hosp,2026-10-17,49,quantile,0.5,26.856402093845094
2026-10-03,2,wk inc covid hosp,2026-10-17,49,quantile,0.55,28.77314780801786
2026-10-03,2,wk inc covid hosp,2026-10-17,49,quantile,0.6,30.92674430682413
2026-10-03,2,wk inc covid hosp,2026-10-17,49,quantile,0.65,33.11629075738185
2026-10-03,2,wk inc covid hosp,2026-10-17,49,quantile,0.7,33.639099571905184
2026-10-03,2,wk inc covid hosp,2026-10-17,49,quantile,0.75,34.71187709777339
2026-10-03,2,wk inc covid hosp,2026-10-17,49,quantile,0.8,35.53901237762858
2026-10-03,2,wk inc covid hosp,2026-10-17,49,quantile,0.85,38.519933688697314
2026-10-03,2,wk inc covid hosp,2026-10-17,49,quantile,0.9,43.20808466648981
2026-10-03,2,wk inc covid hosp,2026-10-17,49,quantile,0.95,47.99275866928889
2026-10-03,2,wk inc covid hosp,2026-10-17,49,quantile,0.975,50.12078478976436
2026-10-03,2,wk inc covid hosp,2026-10-17,49,quantile,0.99,52.141054604064436
2026-10-03,2,wk inc covid hosp,2026-10-17,50,quantile,0.01,1.3919821073788734
2026-10-03,2,wk inc covid hosp,2026-10-17,50,quantile,0.025,1.5509365653302778
2026-10-03,2,wk inc covid hosp,2026-10-17,50,quantile,0.05,2.1771275642195183
2026-10-03,2,wk inc covid hosp,2026-10-17,50,quantile,0.1,3.3834095539525286
2026-10-03,2,wk inc covid hosp,2026-10-17,50,quantile,0.15,3.907850110658016
2026-10-03,2,wk inc covid hosp,2026-10-17,50,quantile,0.2,4.76541364186599
2026-10-03,2,wk inc covid hosp,2026-10-17,50,quantile,0.25,6.108239335467073
2026-10-03,2,wk inc covid hosp,2026-10-17,50,quantile,0.3,7.015522946772057
2026-10-03,2,wk inc covid hosp,2026-10-17,50,quantile,0.35,7.59648164351108
2026-10-03,2,wk inc covid hosp,2026-10-17,50,quantile,0.4,7.955106492675237
2026-10-03,2,wk inc covid hosp,2026-10-17,50,quantile,0.45,8.143287061679047
2026-10-03,2,wk inc covid hosp,2026-10-17,50,quantile,0.5,10.786819368015706
2026-10-03,2,wk inc covid hosp,2026-10-17,50,quantile,0.55,12.289296640129578
2026-10-03,2,wk inc covid hosp,2026-10-17,50,quantile,0.6,14.23447789907457
2026-10-03,2,wk inc covid hosp,2026-10-17,50,quantile,0.65,16.28667883825661
2026-10-03,2,wk inc covid hosp,2026-10-17,50,quantile,0.7,17.106753864173434
2026-10-03,2,wk inc covid hosp,2026-10-17,50,quantile,0.75,17.648496103672066
2026-10-03,2,wk inc covid hosp,2026-10-17,50,quantile,0.8,18.378933615519166
2026-10-03,2,wk inc covid hosp,2026-10-17,50,quantile,0.85,21.930529730125947
2026-10-03,2,wk inc covid hosp,2026-10-17,50,quantile,0.9,25.076961358332397
2026-10-03,2,wk inc covid hosp,2026-10-17,50,quantile,0.95,30.845939698228854
2026-10-03,2,wk inc covid hosp,2026-10-17,50,quantile,0.975,39.19771551537231
2026-10-03,2,wk inc covid hosp,2026-10-17,50,quantile,0.99,45.561269287354726
2026-10-03,2,wk inc covid hosp,2026-10-17,51,quantile,0.01,18.38473422615541
2026-10-03,2,wk inc covid hosp,2026-10-17,51,quantile,0.025,19.64283235195522
2026-10-03,2,wk inc covid hosp,2026-10-17,51,quantile,0.05,26.08918016918077
2026-10-03,2,wk inc covid hosp,2026-10-17,51,quantile,0.1,35.19006560336906
2026-10-03,2,wk inc covid hosp,2026-10-17,51,quantile,0.15,39.21860887863939
2026-10-03,2,wk inc covid hosp,2026-10-17,51,quantile,0.2,44.53643387674104
2026-10-03,2,wk inc covid hosp,2026-10-17,51,quantile,0.25,48.639054490948205
2026-10-03,2,wk inc covid hosp,2026-10-17,51,quantile,0.3,54.91718736266991
2026-10-03,2,wk inc covid hosp,2026-10-17,51,quantile,0.35,57.39599072029994
2026-10-03,2,wk inc covid hosp,2026-10-17,51,quantile,0.4,58.90527598402619
2026-10-03,2,wk inc covid hosp,2026-10-17,51,quantile,0.45,62.99409917102459
2026-10-03,2,wk inc covid hosp,2026-10-17,51,quantile,0.5,65.23194212220164
2026-10-03,2,wk inc covid hosp,2026-10-17,51,quantile,0.55,69.75696559050645
2026-10-03,2,wk inc covid hosp,2026-10-17,51,quantile,0.6,73.2170449474556
2026-10-03,2,wk inc covid hosp,2026-10-17,51,quantile,0.65,76.47073976915203
2026-10-03,2,wk inc covid hosp,2026-10-17,51,quantile,0.7,81.27178778966014
2026-10-03,2,wk inc covid hosp,2026-10-17,51,quantile,0.75,86.83222551864998
2026-10-03,2,wk inc covid hosp,2026-10-17,51,quantile,0.8,89.45699854252038
2026-10-03,2,wk inc covid hosp,2026-10-17,51,quantile,0.85,102.38743982874593
2026-10-03,2,wk inc covid hosp,2026-10-17,51,quantile,0.9,104.61369112632937
2026-10-03,2,wk inc covid hosp,2026-10-17,51,quantile,0.95,119.18675243345069
2026-10-03,2,wk inc covid hosp,2026-10-17,51,quantile,0.975,124.35208706606056
2026-10-03,2,wk inc covid hosp,2026-10-17,51,quantile,0.99,128.27868320552258
2026-10-03,2,wk inc covid hosp,2026-10-17,53,quantile,0.01,61.724182960040736
2026-10-03,2,wk inc covid hosp,2026-10-17,53,quantile,0.025,88.51990868809483
2026-10-03,2,wk inc covid hosp,2026-10-17,53,quantile,0.05,106.04532170468705
2026-10-03,2,wk inc covid hosp,2026-10-17,53,quantile,0.1,132.7522792622392
2026-10-03,2,wk inc covid hosp,2026-10-17,53,quantile,0.15,153.64259790481623
2026-10-03,2,wk inc covid hosp,2026-10-17,53,quantile,0.2,158.57260372384238
2026-10-03,2,wk inc covid hosp,2026-10-17,53,quantile,0.25,165.69483787061614
2026-10-03,2,wk inc covid hosp,2026-10-17,53,quantile,0.3,170.1990980873211
2026-10-03,2,wk inc covid hosp,2026-10-17,53,quantile,0.35,173.87206306269786
2026-10-03,2,wk inc covid hosp,2026-10-17,53,quantile,0.4,177.28643197973014
2026-10-03,2,wk inc covid hosp,2026-10-17,53,quantile,0.45,178.6810745601583
2026-10-03,2,wk inc covid hosp,2026-10-17,53,quantile,0.5,186.1950780019087
2026-10-03,2,wk inc covid hosp,2026-10-17,53,quantile,0.55,188.93280933193574
2026-10-03,2,wk inc covid hosp,2026-10-17,53,quantile,0.6,198.60596033397388
2026-10-03,2,wk inc covid hosp,2026-10-17,53,quantile,0.65,213.47087299261383
2026-10-03,2,wk inc covid hosp,2026-10-17,53,quantile,0.7,223.30965843396368
2026-10-03,2,wk inc covid hosp,2026-10-17,53,quantile,0.75,228.36035206486844
2026-10-03,2,wk inc covid hosp,2026-10-17,53,quantile,0.8,236.37420115581247
2026-10-03,2,wk inc covid hosp,2026-10-17,53,quantile,0.85,255.98355881852217
2026-10-03,2,wk inc covid hosp,2026-10-17,53,quantile,0.9,304.43002012073265
2026-10-03,2,wk inc covid hosp,2026-10-17,53,quantile,0.95,320.5496802933927
2026-10-03,2,wk inc covid hosp,2026-10-17,53,quantile,0.975,338.46297380541955
2026-10-03,2,wk inc covid hosp,2026-10-17,53,quantile,0.99,353.77154155896255
2026-10-03,2,wk inc covid hosp,2026-10-17,54,quantile,0.01,0.691147033055589
2026-10-03,2,wk inc covid hosp,2026-10-17,54,quantile,0.025,2.259384085585986
2026-10-03,2,wk inc covid hosp,2026-10-17,54,quantile,0.05,5.0971492159810134
2026-10-03,2,wk inc covid hosp,2026-10-17,54,quantile,0.1,12.737794540785796
2026-10-03,2,wk inc covid hosp,2026-10-17,54,quantile,0.15,13.90008819143417
2026-10-03,2,wk inc covid hosp,2026-10-17,54,quantile,0.2,15.175275461848791
2026-10-03,2,wk inc covid hosp,2026-10-17,54,quantile,0.25,20.01989854950787
2026-10-03,2,wk inc covid hosp,2026-10-17,54,quantile,0.3,22.88145880142602
2026-10-03,2,wk inc covid hosp,2026-10-17,54,quantile,0.35,24.70939168434748
2026-10-03,2,wk inc covid hosp,2026-10-17,54,quantile,0.4,26.218218523400893
2026-10-03,2,wk inc covid hosp,2026-10-17,54,quantile,0.45,29.17179680366577
2026-10-03,2,wk inc covid hosp,2026-10-17,54,quantile,0.5,32.61387011617916
2026-10-03,2,wk inc covid hosp,2026-10-17,54,quantile,0.55,36.60663329014593
2026-10-03,2,wk inc covid hosp,2026-10-17,54,quantile,0.6,37.88566806311778
2026-10-03,2,wk inc covid hosp,2026-10-17,54,quantile,0.65,43.74124811214803
2026-10-03,2,wk inc covid hosp,2026-10-17,54,quantile,0.7,47.25401420456129
2026-10-03,2,wk inc covid hosp,2026-10-17,54,quantile,0.75,48.22602291257377
2026-10-03,2,wk inc covid hosp,2026-10-17,54,quantile,0.8,51.410160911210696
2026-10-03,2,wk inc covid hosp,2026-10-17,54,quantile,0.85,60.20245212633568
2026-10-03,2,wk inc covid hosp,2026-10-17,54,quantile,0.9,63.104897293179555
2026-10-03,2,wk inc covid hosp,2026-10-17,54,quantile,0.95,70.29909940332165
2026-10-03,2,wk inc covid hosp,2026-10-17,54,quantile,0.975,91.62178667178308
2026-10-03,2,wk inc covid hosp,2026-10-17,54,quantile,0.99,102.46357290062184
2026-10-03,2,wk inc covid hosp,2026-10-17,55,quantile,0.01,15.244995573571181
2026-10-03,2,wk inc covid hosp,2026-10-17,55,quantile,0.025,18.903784775984903
2026-10-03,2,wk inc covid hosp,2026-10-17,55,quantile,0.05,20.627155621510095
2026-10-03,2,wk inc covid hosp,2026-10-17,55,quantile,0.1,26.833603761900818
2026-10-03,2,wk inc covid hosp,2026-10-17,55,quantile,0.15,30.100269362933037
2026-10-03,2,wk inc covid hosp,2026-10-17,55,quantile,0.2,35.76491316245385
2026-10-03,2,wk inc covid hosp,2026-10-17,55,quantile,0.25,37.34064206146044
2026-10-03,2,wk inc covid hosp,2026-10-17,55,quantile,0.3,37.83852490752227
2026-10-03,2,wk inc covid hosp,2026-10-17,55,quantile,0.35,39.252295222616766
2026-10-03,2,wk inc covid hosp,2026-10-17,55,quantile,0.4,41.13515125355845
2026-10-03,2,wk inc covid hosp,2026-10-17,55,quantile,0.45,43.09799192406947
2026-10-03,2,wk inc covid hosp,2026-10-17,55,quantile,0.5,46.7003496424702
2026-10-03,2,wk inc covid hosp,2026-10-17,55,quantile,0.55,52.63614686960088
2026-10-03,2,wk inc covid hosp,2026-10-17,55,quantile,0.6,53.990420106474396
2026-10-03,2,wk inc covid hosp,2026-10-17,55,quantile,0.65,57.314182443094985
2026-10-03,2,wk inc covid hosp,2026-10-17,55,quantile,0.7,59.90157113529683
2026-10-03,2,wk inc covid hosp,2026-10-17,55,quantile,0.75,65.70888598375372
2026-10-03,2,wk inc covid hosp,2026-10-17,55,quantile,0.8,70.80655443140762
2026-10-03,2,wk inc covid hosp,2026-10-17,55,quantile,0.85,77.1562540804328
2026-10-03,2,wk inc covid hosp,2026-10-17,55,quantile,0.9,88.27603219231952
2026-10-03,2,wk inc covid hosp,2026-10-17,55,quantile,0.95,107.46510209777267
2026-10-03,2,wk inc covid hosp,2026-10-17,55,quantile,0.975,112.07592783461403
2026-10-03,2,wk inc covid hosp,2026-10-17,55,quantile,0.99,152.92853975136273
2026-10-03,2,wk inc covid hosp,2026-10-17,56,quantile,0.01,0.22257842274792733
2026-10-03,2,wk inc covid hosp,2026-10-17,56,quantile,0.025,0.5153796757357887
2026-10-03,2,wk inc covid hosp,2026-10-17,56,quantile,0.05,0.6344768626245035
2026-10-03,2,wk inc covid hosp,2026-10-17,56,quantile,0.1,1.2193928548494442
2026-10-03,2,wk inc covid hosp,2026-10-17,56,quantile,0.15,1.4247768891531218
2026-10-03,2,wk inc covid hosp,2026-10-17,56,quantile,0.2,2.0670681964139925
2026-10-03,2,wk inc covid hosp,2026-10-17,56,quantile,0.25,2.4516930343431667
2026-10-03,2,wk inc covid hosp,2026-10-17,56,quantile,0.3,2.688340465272736
2026-10-03,2,wk inc covid hosp,2026-10-17,56,quantile,0.35,2.8158389329064346
2026-10-03,2,wk inc covid hosp,2026-10-17,56,quantile,0.4,3.251972155414613
2026-10-03,2,wk inc covid hosp,2026-10-17,56,quantile,0.45,4.258954597915775
2026-10-03,2,wk inc covid hosp,2026-10-17,56,quantile,0.5,4.785505156282619
2026-10-03,2,wk inc covid hosp,2026-10-17,56,quantile,0.55,4.935194497653184
2026-10-03,2,wk inc covid hosp,2026-10-17,56,quantile,0.6,5.508947620799341
2026-10-03,2,wk inc covid hosp,2026-10-17,56,quantile,0.65,6.173562554189135
2026-10-03,2,wk inc covid hosp,2026-10-17,56,quantile,0.7,6.934830682711665
2026-10-03,2,wk inc covid hosp,2026-10-17,56,quantile,0.75,7.990995205335138
2026-10-03,2,wk inc covid hosp,2026-10-17,56,quantile,0.8,8.84674579214676
2026-10-03,2,wk inc covid hosp,2026-10-17,56,quantile,0.85,9.28028592122547
2026-10-03,2,wk inc covid hosp,2026-10-17,56,quantile,0.9,10.883825571986277
2026-10-03,2,wk inc covid hosp,2026-10-17,56,quantile,0.95,13.761848712566964
2026-10-03,2,wk inc covid hosp,2026-10-17,56,quantile,0.975,14.78713987882199
2026-10-03,2,wk inc covid hosp,2026-10-17,56,quantile,0.99,23.517523626187977
2026-10-03,2,wk inc covid hosp,2026-10-17,72,quantile,0.01,19.76964138251836
2026-10-03,2,wk inc covid hosp,2026-10-17,72,quantile,0.025,21.949805502348887
2026-10-03,2,wk inc covid hosp,2026-10-17,72,quantile,0.05,30.3850008086431
2026-10-03,2,wk inc covid hosp,2026-10-17,72,quantile,0.1,35.46953352337531
2026-10-03,2,wk inc covid hosp,2026-10-17,72,quantile,0.15,44.82248911278711
2026-10-03,2,wk inc covid hosp,2026-10-17,72,quantile,0.2,48.86780108277627
2026-10-03,2,wk inc covid hosp,2026-10-17,72,quantile,0.25,54.56649177699978
2026-10-03,2,wk inc covid hosp,2026-10-17,72,quantile,0.3,60.5299082999146
2026-10-03,2,wk inc covid hosp,2026-10-17,72,quantile,0.35,62.80299845403299
2026-10-03,2,wk inc covid hosp,2026-10-17,72,quantile,0.4,69.65935248656736
2026-10-03,2,wk inc covid hosp,2026-10-17,72,quantile,0.45,79.1961404175926
2026-10-03,2,wk inc covid hosp,2026-10-17,72,quantile,0.5,87.27953154457174
2026-10-03,2,wk inc covid hosp,2026-10-17,72,quantile,0.55,95.0925670457193
2026-10-03,2,wk inc covid hosp,2026-10-17,72,quantile,0.6,101.72304255172129
2026-10-03,2,wk inc covid hosp,2026-10-17,72,quantile,0.65,102.79647115822887
2026-10-03,2,wk inc covid hosp,2026-10-17,72,quantile,0.7,107.58590181139692
2026-10-03,2,wk inc covid hosp,2026-10-17,72,quantile,0.75,110.54149006914129
2026-10-03,2,wk inc covid hosp,2026-10-17,72,quantile,0.8,117.00550460347878
2026-10-03,2,wk inc covid hosp,2026-10-17,72,quantile,0.85,122.77117524804812
2026-10-03,2,wk inc covid hosp,2026-10-17,72,quantile,0.9,133.13467487496928
2026-10-03,2,wk inc covid hosp,2026-10-17,72,quantile,0.95,155.31082118357338
2026-10-03,2,wk inc covid hosp,2026-10-17,72,quantile,0.975,175.1142676761727
2026-10-03,2,wk inc covid hosp,2026-10-17,72,quantile,0.99,194.71484273990433
2026-10-03,2,wk inc covid hosp,2026-10-17,US,quantile,0.01,1156.9696997355966
2026-10-03,2,wk inc covid hosp,2026-10-17,US,quantile,0.025,1400.411568689608
2026-10-03,2,wk inc covid hosp,2026-10-17,US,quantile,0.05,1845.0321074312149
2026-10-03,2,wk inc covid hosp,2026-10-17,US,quantile,0.1,2247.748821952341
2026-10-03,2,wk inc covid hosp,2026-10-17,US,quantile,0.15,2564.8059931198804
2026-10-03,2,wk inc covid hosp,2026-10-17,US,quantile,0.2,2794.5507935374344
2026-10-03,2,wk inc covid hosp,2026-10-17,US,quantile,0.25,3069.367152251483
2026-10-03,2,wk inc covid hosp,2026-10-17,US,quantile,0.3,3249.1127620763864
2026-10-03,2,wk inc covid hosp,2026-10-17,US,quantile,0.35,3354.1521167757173
2026-10-03,2,wk inc covid hosp,2026-10-17,US,quantile,0.4,3415.2048507271347
2026-10-03,2,wk inc covid hosp,2026-10-17,US,quantile,0.45,3494.1534010664213
2026-10-03,2,wk inc covid hosp,2026-10-17,US,quantile,0.5,3658.2081858809975
2026-10-03,2,wk inc covid hosp,2026-10-17,US,quantile,0.55,3826.6344968447875
2026-10-03,2,wk inc covid hosp,2026-10-17,US,quantile,0.6,4013.0292984645116
2026-10-03,2,wk inc covid hosp,2026-10-17,US,quantile,0.65,4266.316925607185
2026-10-03,2,wk inc covid hosp,2026-10-17,US,quantile,0.7,4449.668584226558
2026-10-03,2,wk inc covid hosp,2026-10-17,US,quantile,0.75,4636.034192252128
2026-10-03,2,wk inc covid hosp,2026-10-17,US,quantile,0.8,5176.796800717785
2026-10-03,2,wk inc covid hosp,2026-10-17,US,quantile,0.85,5794.836946163894
2026-10-03,2,wk inc covid hosp,2026-10-17,US,quantile,0.9,5867.086007267324
2026-10-03,2,wk inc covid hosp,2026-10-17,US,quantile,0.95,6236.937648781022
2026-10-03,2,wk inc covid hosp,2026-10-17,US,quantile,0.975,6681.558247987266
2026-10-03,2,wk inc covid hosp,2026-10-17,US,quantile,0.99,7473.393100155865
2026-10-03,3,wk inc covid hosp,2026-10-24,01,quantile,0.01,13.81335403923635
2026-10-03,3,wk inc covid hosp,2026-10-24,01,quantile,0.025,22.20960112489023
2026-10-03,3,wk inc covid hosp,2026-10-24,01,quantile,0.05,40.252698577379775
2026-10-03,3,wk inc covid hosp,2026-10-24,01,quantile,0.1,54.90010021334247
2026-10-03,3,wk inc covid hosp,2026-10-24,01,quantile,0.15,72.59546275352638
2026-10-03,3,wk inc covid hosp,2026-10-24,01,quantile,0.2,74.89735982004396
2026-10-03,3,wk inc covid hosp,2026-10-24,01,quantile,0.25,80.83688292637191
2026-10-03,3,wk inc covid hosp,2026-10-24,01,quantile,0.3,83.1730092661108
2026-10-03,3,wk inc covid hosp,2026-10-24,01,quantile,0.35,86.21212830701192
2026-10-03,3,wk inc covid hosp,2026-10-24,01,quantile,0.4,91.60995025560398
2026-10-03,3,wk inc covid hosp,2026-10-24,01,quantile,0.45,100.51413126722541
2026-10-03,3,wk inc covid hosp,2026-10-24,01,quantile,0.5,105.01951756397497
2026-10-03,3,wk inc covid hosp,2026-10-24,01,quantile,0.55,110.86184051667966
2026-10-03,3,wk inc covid hosp,2026-10-24,01,quantile,0.6,114.85991139182617
2026-10-03,3,wk inc covid hosp,2026-10-24,01,quantile,0.65,117.59541934044134
2026-10-03,3,wk inc covid hosp,2026-10-24,01,quantile,0.7,120.88703217492998
2026-10-03,3,wk inc covid hosp,2026-10-24,01,quantile,0.75,135.95856957598022
2026-10-03,3,wk inc covid hosp,2026-10-24,01,quantile,0.8,153.9928940461004
2026-10-03,3,wk inc covid hosp,2026-10-24,01,quantile,0.85,160.6265408822362
2026-10-03,3,wk inc covid hosp,2026-10-24,01,quantile,0.9,166.44126530348177
2026-10-03,3,wk inc covid hosp,2026-10-24,01,quantile,0.95,230.65367940677336
2026-10-03,3,wk inc covid hosp,2026-10-24,01,quantile,0.975,293.90322831284357
2026-10-03,3,wk inc covid hosp,2026-10-24,01,quantile,0.99,330.93659454076203
2026-10-03,3,wk inc covid hosp,2026-10-24,02,quantile,0.01,0.1591917963009874
2026-10-03,3,wk inc covid hosp,2026-10-24,02,quantile,0.025,0.4172176614854666
2026-10-03,3,wk inc covid hosp,2026-10-24,02,quantile,0.05,0.720701224154523
2026-10-03,3,wk inc covid hosp,2026-10-24,02,quantile,0.1,0.88658691865313
2026-10-03,3,wk inc covid hosp,2026-10-24,02,quantile,0.15,1.083703862766271
2026-10-03,3,wk inc covid hosp,2026-10-24,02,quantile,0.2,1.70294106263677
2026-10-03,3,wk inc covid hosp,2026-10-24,02,quantile,0.25,2.5600662086922052
2026-10-03,3,wk inc covid hosp,2026-10-24,02,quantile,0.3,3.1785081141188716
2026-10-03,3,wk inc covid hosp,2026-10-24,02,quantile,0.35,3.378049907633387
2026-10-03,3,wk inc covid hosp,2026-10-24,02,quantile,0.4,3.7710827015601507
2026-10-03,3,wk inc covid hosp,2026-10-24,02,quantile,0.45,4.157356795144466
2026-10-03,3,wk inc covid hosp,2026-10-24,02,quantile,0.5,4.389561679446263
2026-10-03,3,wk inc covid hosp,2026-10-24,02,quantile,0.55,4.759610508647334
2026-10-03,3,wk inc covid hosp,2026-10-24,02,quantile,0.6,4.914382915085543
2026-10-03,3,wk inc covid hosp,2026-10-24,02,quantile,0.65,5.698891940810573
2026-10-03,3,wk inc covid hosp,2026-10-24,02,quantile,0.7,6.001222614576104
2026-10-03,3,wk inc covid hosp,2026-10-24,02,quantile,0.75,7.650131366981362
2026-10-03,3,wk inc covid hosp,2026-10-24,02,quantile,0.8,8.53345042416724
2026-10-03,3,wk inc covid hosp,2026-10-24,02,quantile,0.85,11.323697525447697
2026-10-03,3,wk inc covid hosp,2026-10-24,02,quantile,0.9,12.111711250518448
2026-10-03,3,wk inc covid hosp,2026-10-24,02,quantile,0.95,12.882307013106029
2026-10-03,3,wk inc covid hosp,2026-10-24,02,quantile,0.975,13.154255736407926
2026-10-03,3,wk inc covid hosp,2026-10-24,02,quantile,0.99,14.985006390935645
2026-10-03,3,wk inc covid hosp,2026-10-24,04,quantile,0.01,23.62933122262261
2026-10-03,3,wk inc covid hosp,2026-10-24,04,quantile,0.025,28.0638905030442
2026-10-03,3,wk inc covid hosp,2026-10-24,04,quantile,0.05,31.847130854545885
2026-10-03,3,wk inc covid hosp,2026-10-24,04,quantile,0.1,39.52854629869156
2026-10-03,3,wk inc covid hosp,2026-10-24,04,quantile,0.15,42.31291946380923
2026-10-03,3,wk inc covid hosp,2026-10-24,04,quantile,0.2,50.179954048998404
2026-10-03,3,wk inc covid hosp,2026-10-24,04,quantile,0.25,51.35049504482021
2026-10-03,3,wk inc covid hosp,2026-10-24,04,quantile,0.3,56.38397318141247
2026-10-03,3,wk inc covid hosp,2026-10-24,04,quantile,0.35,57.64583472628372
2026-10-03,3,wk inc covid hosp,2026-10-24,04,quantile,0.4,60.587534595637884
2026-10-03,3,wk inc covid hosp,2026-10-24,04,quantile,0.45,62.808610157962704
2026-10-03,3,wk inc covid hosp,2026-10-24,04,quantile,0.5,64.88391477525933
2026-10-03,3,wk inc covid hosp,2026-10-24,04,quantile,0.55,70.13409140788312
2026-10-03,3,wk inc covid hosp,2026-10-24,04,quantile,0.6,71.6322246590651
2026-10-03,3,wk inc covid hosp,2026-10-24,04,quantile,0.65,73.45251252421012
2026-10-03,3,wk inc covid hosp,2026-10-24,04,quantile,0.7,79.02417064619144
2026-10-03,3,wk inc covid hosp,2026-10-24,04,quantile,0.75,87.44370490423178
2026-10-03,3,wk inc covid hosp,2026-10-24,04,quantile,0.8,96.4286630023149
2026-10-03,3,wk inc covid hosp,2026-10-24,04,quantile,0.85,104.6431803917451
2026-10-03,3,wk inc covid hosp,2026-10-24,04,quantile,0.9,120.31569235205808
2026-10-03,3,wk inc covid hosp,2026-10-24,04,quantile,0.95,139.7263361594019
2026-10-03,3,wk inc covid hosp,2026-10-24,04,quantile,0.975,279.74842525001486
2026-10-03,3,wk inc covid hosp,2026-10-24,04,quantile,0.99,453.91228148791475
2026-10-03,3,wk inc covid hosp,2026-10-24,05,quantile,0.01,7.332527805674322
2026-10-03,3,wk inc covid hosp,2026-10-24,05,quantile,0.025,7.6078147042707736
2026-10-03,3,wk inc covid hosp,2026-10-24,05,quantile,0.05,9.135017041323254
2026-10-03,3,wk inc covid hosp,2026-10-24,05,quantile,0.1,10.50310689297835
2026-10-03,3,wk inc covid hosp,2026-10-24,05,quantile,0.15,11.402992326726693
2026-10-03,3,wk inc covid hosp,2026-10-24,05,quantile,0.2,12.760013631769844
2026-10-03,3,wk inc covid hosp,2026-10-24,05,quantile,0.25,15.168443064678746
2026-10-03,3,wk inc covid hosp,2026-10-24,05,quantile,0.3,16.072322562047436
2026-10-03,3,wk inc covid hosp,2026-10-24,05,quantile,0.35,16.670580770631766
2026-10-03,3,wk inc covid hosp,2026-10-24,05,quantile,0.4,17.285931370719194
2026-10-03,3,wk inc covid hosp,2026-10-24,05,quantile,0.45,19.244909576459307
2026-10-03,3,wk inc covid hosp,2026-10-24,05,quantile,0.5,20.723278617447736
2026-10-03,3,wk inc covid hosp,2026-10-24,05,quantile,0.55,21.28966742252043
2026-10-03,3,wk inc covid hosp,2026-10-24,05,quantile,0.6,21.529971901085744
2026-10-03,3,wk inc covid hosp,2026-10-24,05,quantile,0.65,23.054979726117587
2026-10-03,3,wk inc covid hosp,2026-10-24,05,quantile,0.7,28.330900542959725
2026-10-03,3,wk inc covid hosp,2026-10-24,05,quantile,0.75,32.73019907134073
2026-10-03,3,wk inc covid hosp,2026-10-24,05,quantile,0.8,37.49671907731275
2026-10-03,3,wk inc covid hosp,2026-10-24,05,quantile,0.85,61.22950687879825
2026-10-03,3,wk inc covid hosp,2026-10-24,05,quantile,0.9,66.09079038087972
2026-10-03,3,wk inc covid hosp,2026-10-24,05,quantile,0.95,68.90979018344703
2026-10-03,3,wk inc covid hosp,2026-10-24,05,quantile,0.975,72.33422215685628
2026-10-03,3,wk inc covid hosp,2026-10-24,05,quantile,0.99,72.85591365028989
2026-10-03,3,wk inc covid hosp,2026-10-24,06,quantile,0.01,217.08804625999858
2026-10-03,3,wk inc covid hosp,2026-10-24,06,quantile,0.025,236.04911358865158
2026-10-03,3,wk inc covid hosp,2026-10-24,06,quantile,0.05,245.25952030014452
2026-10-03,3,wk inc covid hosp,2026-10-24,06,quantile,0.1,283.9356917210451
2026-10-03,3,wk inc covid hosp,2026-10-24,06,quantile,0.15,349.9820654969819
2026-10-03,3,wk inc covid hosp,2026-10-24,06,quantile,0.2,363.05970550568344
2026-10-03,3,wk inc covid hosp,2026-10-24,06,quantile,0.25,371.45718106128743
2026-10-03,3,wk inc covid hosp,2026-10-24,06,quantile,0.3,387.7345178893387
2026-10-03,3,wk inc covid hosp,2026-10-24,06,quantile,0.35,401.0978780262344
2026-10-03,3,wk inc covid hosp,2026-10-24,06,quantile,0.4,422.6018323443458
2026-10-03,3,wk inc covid hosp,2026-10-24,06,quantile,0.45,434.28874457471846
2026-10-03,3,wk inc covid hosp,2026-10-24,06,quantile,0.5,442.9968624350738
2026-10-03,3,wk inc covid hosp,2026-10-24,06,quantile,0.55,448.9559572186815
2026-10-03,3,wk inc covid hosp,2026-10-24,06,quantile,0.6,475.6606613474733
2026-10-03,3,wk inc covid hosp,2026-10-24,06,quantile,0.65,525.1852171481589
2026-10-03,3,wk inc covid hosp,2026-10-24,06,quantile,0.7,537.5821590024243
2026-10-03,3,wk inc covid hosp,2026-10-24,06,quantile,0.75,561.4934295983082
2026-10-03,3,wk inc covid hosp,2026-10-24,06,quantile,0.8,591.726321476468
2026-10-03,3,wk inc covid hosp,2026-10-24,06,quantile,0.85,654.0150923881987
2026-10-03,3,wk inc covid hosp,2026-10-24,06,quantile,0.9,751.5164301732409
2026-10-03,3,wk inc covid hosp,2026-10-24,06,quantile,0.95,832.4213947498624
2026-10-03,3,wk inc covid hosp,2026-10-24,06,quantile,0.975,866.9643896276137
2026-10-03,3,wk inc covid hosp,2026-10-24,06,quantile,0.99,891.8634021909397
2026-10-03,3,wk inc covid hosp,2026-10-24,08,quantile,0.01,12.289499893978286
2026-10-03,3,wk inc covid hosp,2026-10-24,08,quantile,0.025,17.322674889366283
2026-10-03,3,wk inc covid hosp,2026-10-24,08,quantile,0.05,27.202844034657005
2026-10-03,3,wk inc covid hosp,2026-10-24,08,quantile,0.1,32.5596670792589
2026-10-03,3,wk inc covid hosp,2026-10-24,08,quantile,0.15,37.05979962390664
2026-10-03,3,wk inc covid hosp,2026-10-24,08,quantile,0.2,41.327744671276896
2026-10-03,3,wk inc covid hosp,2026-10-24,08,quantile,0.25,43.476257715614665
2026-10-03,3,wk inc covid hosp,2026-10-24,08,quantile,0.3,52.24191673899266
2026-10-03,3,wk inc covid hosp,2026-10-24,08,quantile,0.35,60.26804378436965
2026-10-03,3,wk inc covid hosp,2026-10-24,08,quantile,0.4,64.01931820611522
2026-10-03,3,wk inc covid hosp,2026-10-24,08,quantile,0.45,65.15400936259036
2026-10-03,3,wk inc covid hosp,2026-10-24,08,quantile,0.5,71.54691122109467
2026-10-03,3,wk inc covid hosp,2026-10-24,08,quantile,0.55,73.51710487903847
2026-10-03,3,wk inc covid hosp,2026-10-24,08,quantile,0.6,75.63345977911558
2026-10-03,3,wk inc covid hosp,2026-10-24,08,quantile,0.65,78.16821454224238
2026-10-03,3,wk inc covid hosp,2026-10-24,08,quantile,0.7,79.52737387974545
2026-10-03,3,wk inc covid hosp,2026-10-24,08,quantile,0.75,87.86262670129182
2026-10-03,3,wk inc covid hosp,2026-10-24,08,quantile,0.8,100.79142803933297
2026-10-03,3,wk inc covid hosp,2026-10-24,08,quantile,0.85,124.92622528729527
2026-10-03,3,wk inc covid hosp,2026-10-24,08,quantile,0.9,136.63686535403576
2026-10-03,3,wk inc covid hosp,2026-10-24,08,quantile,0.95,146.80501363883474
2026-10-03,3,wk inc covid hosp,2026-10-24,08,quantile,0.975,168.0949461159994
2026-10-03,3,wk inc covid hosp,2026-10-24,08,quantile,0.99,191.2050415208407
2026-10-03,3,wk inc covid hosp,2026-10-24,09,quantile,0.01,15.057978145627088
2026-10-03,3,wk inc covid hosp,2026-10-24,09,quantile,0.025,15.887988371461306
2026-10-03,3,wk inc covid hosp,2026-10-24,09,quantile,0.05,16.426266696148442
2026-10-03,3,wk inc covid hosp,2026-10-24,09,quantile,0.1,18.63247286988324
2026-10-03,3,wk inc covid hosp,2026-10-24,09,quantile,0.15,19.592098946971912
2026-10-03,3,wk inc covid hosp,2026-10-24,09,quantile,0.2,22.211077738237893
2026-10-03,3,wk inc covid hosp,2026-10-24,09,quantile,0.25,23.67157111304426
2026-10-03,3,wk inc covid hosp,2026-10-24,09,quantile,0.3,26.693994310227396
2026-10-03,3,wk inc covid hosp,2026-10-24,09,quantile,0.35,29.641198300147025
2026-10-03,3,wk inc covid hosp,2026-10-24,09,quantile,0.4,30.672533195464286
2026-10-03,3,wk inc covid hosp,2026-10-24,09,quantile,0.45,32.6580723975578
2026-10-03,3,wk inc covid hosp,2026-10-24,09,quantile,0.5,33.78392080647809
2026-10-03,3,wk inc covid hosp,2026-10-24,09,quantile,0.55,34.28624321047429
2026-10-03,3,wk inc covid hosp,2026-10-24,09,quantile,0.6,36.19732049843465
2026-10-03,3,wk inc covid hosp,2026-10-24,09,quantile,0.65,40.591191905360006
2026-10-03,3,wk inc covid hosp,2026-10-24,09,quantile,0.7,41.73391341230463
2026-10-03,3,wk inc covid hosp,2026-10-24,09,quantile,0.75,46.45419574686849
2026-10-03,3,wk inc covid hosp,2026-10-24,09,quantile,0.8,55.9386631120622
2026-10-03,3,wk inc covid hosp,2026-10-24,09,quantile,0.85,63.697110195510994
2026-10-03,3,wk inc covid hosp,2026-10-24,09,quantile,0.9,70.83176100615695
2026-10-03,3,wk inc covid hosp,2026-10-24,09,quantile,0.95,79.96484847317225
2026-10-03,3,wk inc covid hosp,2026-10-24,09,quantile,0.975,88.26000819805758
2026-10-03,3,wk inc covid hosp,2026-10-24,09,quantile,0.99,89.93478236336972
2026-10-03,3,wk inc covid hosp,2026-10-24,10,quantile,0.01,4.433562565647605
2026-10-03,3,wk inc covid hosp,2026-10-24,10,quantile,0.025,6.478624614382635
2026-10-03,3,wk inc covid hosp,2026-10-24,10,quantile,0.05,6.701339623610641
2026-10-03,3,wk inc covid hosp,2026-10-24,10,quantile,0.1,8.150608723893715
2026-10-03,3,wk inc covid hosp,2026-10-24,10,quantile,0.15,8.582910686513266
2026-10-03,3,wk inc covid hosp,2026-10-24,10,quantile,0.2,8.94960666170256
2026-10-03,3,wk inc covid hosp,2026-10-24,10,quantile,0.25,9.7015628753704
2026-10-03,3,wk inc covid hosp,2026-10-24,10,quantile,0.3,10.076647295758555
2026-10-03,3,wk inc covid hosp,2026-10-24,10,quantile,0.35,11.057584521698235
2026-10-03,3,wk inc covid hosp,2026-10-24,10,quantile,0.4,13.311640180960586
2026-10-03,3,wk inc covid hosp,2026-10-24,10,quantile,0.45,14.42552936246322
2026-10-03,3,wk inc covid hosp,2026-10-24,10,quantile,0.5,15.128370135403998
2026-10-03,3,wk inc covid hosp,2026-10-24,10,quantile,0.55,16.261304283461477
2026-10-03,3,wk inc covid hosp,2026-10-24,10,quantile,0.6,19.747548068248754
2026-10-03,3,wk inc covid hosp,2026-10-24,10,quantile,0.65,21.439403263076223
2026-10-03,3,wk inc covid hosp,2026-10-24,10,quantile,0.7,22.10062238977036
2026-10-03,3,wk inc covid hosp,2026-10-24,10,quantile,0.75,25.2052480123086
2026-10-03,3,wk inc covid hosp,2026-10-24,10,quantile,0.8,26.568988149970085
2026-10-03,3,wk inc covid hosp,2026-10-24,10,quantile,0.85,30.003740739262163
2026-10-03,3,wk inc covid hosp,2026-10-24,10,quantile,0.9,33.73125961572391
2026-10-03,3,wk inc covid hosp,2026-10-24,10,quantile,0.95,37.36711171704374
2026-10-03,3,wk inc covid hosp,2026-10-24,10,quantile,0.975,40.50733166555693
2026-10-03,3,wk inc covid hosp,2026-10-24,10,quantile,0.99,41.16925729515125
2026-10-03,3,wk inc covid hosp,2026-10-24,11,quantile,0.01,2.0804867807647827
2026-10-03,3,wk inc covid hosp,2026-10-24,11,quantile,0.025,2.419271532122835
2026-10-03,3,wk inc covid hosp,2026-10-24,11,quantile,0.05,4.800500533562582
2026-10-03,3,wk inc covid hosp,2026-10-24,11,quantile,0.1,6.528043533910788
2026-10-03,3,wk inc covid hosp,2026-10-24,11,quantile,0.15,7.6872235215525695
2026-10-03,3,wk inc covid hosp,2026-10-24,11,quantile,0.2,8.93116196789945
2026-10-03,3,wk inc covid hosp,2026-10-24,11,quantile,0.25,9.494572815664966
2026-10-03,3,wk inc covid hosp,2026-10-24,11,quantile,0.3,10.9152709593657
2026-10-03,3,wk inc covid hosp,2026-10-24,11,quantile,0.35,12.188732888274716
2026-10-03,3,wk inc covid hosp,2026-10-24,11,quantile,0.4,14.709428166852677
2026-10-03,3,wk inc covid hosp,2026-10-24,11,quantile,0.45,15.735954929784535
2026-10-03,3,wk inc covid hosp,2026-10-24,11,quantile,0.5,18.38502139848561
2026-10-03,3,wk inc covid hosp,2026-10-24,11,quantile,0.55,21.293501839217846
2026-10-03,3,wk inc covid hosp,2026-10-24,11,quantile,0.6,27.7780500544766
2026-10-03,3,wk inc covid hosp,2026-10-24,11,quantile,0.65,28.9147710628861
2026-10-03,3,wk inc covid hosp,2026-10-24,11,quantile,0.7,33.575628492083716
2026-10-03,3,wk inc covid hosp,2026-10-24,11,quantile,0.75,39.10647419293799
2026-10-03,3,wk inc covid hosp,2026-10-24,11,quantile,0.8,40.835492649188694
2026-10-03,3,wk inc covid hosp,2026-10-24,11,quantile,0.85,52.11881447634869
2026-10-03,3,wk inc covid hosp,2026-10-24,11,quantile,0.9,78.82177295269642
2026-10-03,3,wk inc covid hosp,2026-10-24,11,quantile,0.95,93.87033711364697
2026-10-03,3,wk inc covid hosp,2026-10-24,11,quantile,0.975,101.15009643279926
2026-10-03,3,wk inc covid hosp,2026-10-24,11,quantile,0.99,110.04319821832985
2026-10-03,3,wk inc covid hosp,2026-10-24,12,quantile,0.01,27.661934007577017
2026-10-03,3,wk inc covid hosp,2026-10-24,12,quantile,0.025,107.13351126102542
2026-10-03,3,wk inc covid hosp,2026-10-24,12,quantile,0.05,137.50618098447666
2026-10-03,3,wk inc covid hosp,2026-10-24,12,quantile,0.1,143.91330100201134
2026-10-03,3,wk inc covid hosp,2026-10-24,12,quantile,0.15,152.42057337765445
2026-10-03,3,wk inc covid hosp,2026-10-24,12,quantile,0.2,164.98732064213988
2026-10-03,3,wk inc covid hosp,2026-10-24,12,quantile,0.25,170.84290197418412
2026-10-03,3,wk inc covid hosp,2026-10-24,12,quantile,0.3,181.60142668724177
2026-10-03,3,wk inc covid hosp,2026-10-24,12,quantile,0.35,200.20079956845524
2026-10-03,3,wk inc covid hosp,2026-10-24,12,quantile,0.4,212.7996426752973
2026-10-03,3,wk inc covid hosp,2026-10-24,12,quantile,0.45,279.63196427728474
2026-10-03,3,wk inc covid hosp,2026-10-24,12,quantile,0.5,308.689153027167
2026-10-03,3,wk inc covid hosp,2026-10-24,12,quantile,0.55,324.8382379222509
2026-10-03,3,wk inc covid hosp,2026-10-24,12,quantile,0.6,348.4995228467649
2026-10-03,3,wk inc covid hosp,2026-10-24,12,quantile,0.65,356.32018113426335
2026-10-03,3,wk inc covid hosp,2026-10-24,12,quantile,0.7,376.83077133548056
2026-10-03,3,wk inc covid hosp,2026-10-24,12,quantile,0.75,403.0456718039417
2026-10-03,3,wk inc covid hosp,2026-10-24,12,quantile,0.8,412.38098151270077
2026-10-03,3,wk inc covid hosp,2026-10-24,12,quantile,0.85,444.02810795011084
2026-10-03,3,wk inc covid hosp,2026-10-24,12,quantile,0.9,484.83952929914096
2026-10-03,3,wk inc covid hosp,2026-10-24,12,quantile,0.95,547.9518782934596
2026-10-03,3,wk inc covid hosp,2026-10-24,12,quantile,0.975,601.8025473899842
2026-10-03,3,wk inc covid hosp,2026-10-24,12,quantile,0.99,668.7544844055725
2026-10-03,3,wk inc covid hosp,2026-10-24,13,quantile,0.01,13.539614252802387
2026-10-03,3,wk inc covid hosp,2026-10-24,13,quantile,0.025,17.971812182805305
2026-10-03,3,wk inc covid hosp,2026-10-24,13,quantile,0.05,34.12475709746989
2026-10-03,3,wk inc covid hosp,2026-10-24,13,quantile,0.1,37.62170318149976
2026-10-03,3,wk inc covid hosp,2026-10-24,13,quantile,0.15,43.19263383665335
2026-10-03,3,wk inc covid hosp,2026-10-24,13,quantile,0.2,51.23308296264793
2026-10-03,3,wk inc covid hosp,2026-10-24,13,quantile,0.25,56.64523012192326
2026-10-03,3,wk inc covid hosp,2026-10-24,13,quantile,0.3,59.12325271625829
2026-10-03,3,wk inc covid hosp,2026-10-24,13,quantile,0.35,63.731305824253354
2026-10-03,3,wk inc covid hosp,2026-10-24,13,quantile,0.4,67.37484379236295
2026-10-03,3,wk inc covid hosp,2026-10-24,13,quantile,0.45,69.61788069049308
2026-10-03,3,wk inc covid hosp,2026-10-24,13,quantile,0.5,78.63077890139625
2026-10-03,3,wk inc covid hosp,2026-10-24,13,quantile,0.55,80.77461093316296
2026-10-03,3,wk inc covid hosp,2026-10-24,13,quantile,0.6,83.27161017710435
2026-10-03,3,wk inc covid hosp,2026-10-24,13,quantile,0.65,89.7232524272933
2026-10-03,3,wk inc covid hosp,2026-10-24,13,quantile,0.7,98.06238717011371
2026-10-03,3,wk inc covid hosp,2026-10-24,13,quantile,0.75,108.0920349633769
2026-10-03,3,wk inc covid hosp,2026-10-24,13,quantile,0.8,123.67140963808741
2026-10-03,3,wk inc covid hosp,2026-10-24,13,quantile,0.85,127.12531428398592
2026-10-03,3,wk inc covid hosp,2026-10-24,13,quantile,0.9,155.27947077838357
2026-10-03,3,wk inc covid hosp,2026-10-24,13,quantile,0.95,194.47933828349548
2026-10-03,3,wk inc covid hosp,2026-10-24,13,quantile,0.975,262.62263846944086
2026-10-03,3,wk inc covid hosp,2026-10-24,13,quantile,0.99,308.25936772927696
2026-10-03,3,wk inc covid hosp,2026-10-24,15,quantile,0.01,10.204436395437634
2026-10-03,3,wk inc covid hosp,2026-10-24,15,quantile,0.025,10.580837492563498
2026-10-03,3,wk inc covid hosp,2026-10-24,15,quantile,0.05,11.695875707440404
2026-10-03,3,wk inc covid hosp,2026-10-24,15,quantile,0.1,14.99135793970141
2026-10-03,3,wk inc covid hosp,2026-10-24,15,quantile,0.15,17.307720929453595
2026-10-03,3,wk inc covid hosp,2026-10-24,15,quantile,0.2,20.243249164250724
2026-10-03,3,wk inc covid hosp,2026-10-24,15,quantile,0.25,21.817847545741714
2026-10-03,3,wk inc covid hosp,2026-10-24,15,quantile,0.3,22.434238868326943
2026-10-03,3,wk inc covid hosp,2026-10-24,15,quantile,0.35,24.238694054500005
2026-10-03,3,wk inc covid hosp,2026-10-24,15,quantile,0.4,26.678600531340905
2026-10-03,3,wk inc covid hosp,2026-10-24,15,quantile,0.45,29.28949326171606
2026-10-03,3,wk inc covid hosp,2026-10-24,15,quantile,0.5,32.0812343500356
2026-10-03,3,wk inc covid hosp,2026-10-24,15,quantile,0.55,35.31720026302079
2026-10-03,3,wk inc covid hosp,2026-10-24,15,quantile,0.6,36.671242188039464
2026-10-03,3,wk inc covid hosp,2026-10-24,15,quantile,0.65,40.079035774681444
2026-10-03,3,wk inc covid hosp,2026-10-24,15,quantile,0.7,47.63486325945514
2026-10-03,3,wk inc covid hosp,2026-10-24,15,quantile,0.75,49.24645010701627
2026-10-03,3,wk inc covid hosp,2026-10-24,15,quantile,0.8,51.083138019967606
2026-10-03,3,wk inc covid hosp,2026-10-24,15,quantile,0.85,58.183690312398205
2026-10-03,3,wk inc covid hosp,2026-10-24,15,quantile,0.9,76.83152763321873
2026-10-03,3,wk inc covid hosp,2026-10-24,15,quantile,0.95,91.0064273080626
2026-10-03,3,wk inc covid hosp,2026-10-24,15,quantile,0.975,96.05716122394907
2026-10-03,3,wk inc covid hosp,2026-10-24,15,quantile,0.99,101.9278599235233
2026-10-03,3,wk inc covid hosp,2026-10-24,16,quantile,0.01,2.587436905838142
2026-10-03,3,wk inc covid hosp,2026-10-24,16,quantile,0.025,3.6121385021990555
2026-10-03,3,wk inc covid hosp,2026-10-24,16,quantile,0.05,4.800811697110716
2026-10-03,3,wk inc covid hosp,2026-10-24,16,quantile,0.1,7.503286860434858
2026-10-03,3,wk inc covid hosp,2026-10-24,16,quantile,0.15,7.674421291499083
2026-10-03,3,wk inc covid hosp,2026-10-24,16,quantile,0.2,9.160366920068094
2026-10-03,3,wk inc covid hosp,2026-10-24,16,quantile,0.25,9.902935031103283
2026-10-03,3,wk inc covid hosp,2026-10-24,16,quantile,0.3,11.367801611420047
2026-10-03,3,wk inc covid hosp,2026-10-24,16,quantile,0.35,12.757104041502634
2026-10-03,3,wk inc covid hosp,2026-10-24,16,quantile,0.4,12.967852399654316
2026-10-03,3,wk inc covid hosp,2026-10-24,16,quantile,0.45,14.54191816395282
2026-10-03,3,wk inc covid hosp,2026-10-24,16,quantile,0.5,16.077523311001315
2026-10-03,3,wk inc covid hosp,2026-10-24,16,quantile,0.55,16.698638143091653
2026-10-03,3,wk inc covid hosp,2026-10-24,16,quantile,0.6,17.889656282463307
2026-10-03,3,wk inc covid hosp,2026-10-24,16,quantile,0.65,19.257075188023236
2026-10-03,3,wk inc covid hosp,2026-10-24,16,quantile,0.7,19.38023594301877
2026-10-03,3,wk inc covid hosp,2026-10-24,16,quantile,0.75,20.958138733871802
2026-10-03,3,wk inc covid hosp,2026-10-24,16,quantile,0.8,23.603752379055372
2026-10-03,3,wk inc covid hosp,2026-10-24,16,quantile,0.85,26.481199634107945
2026-10-03,3,wk inc covid hosp,2026-10-24,16,quantile,0.9,30.683135501842923
2026-10-03,3,wk inc covid hosp,2026-10-24,16,quantile,0.95,32.21433687503566
2026-10-03,3,wk inc covid hosp,2026-10-24,16,quantile,0.975,32.774469312257494
2026-10-03,3,wk inc covid hosp,2026-10-24,16,quantile,0.99,33.97209331503828
2026-10-03,3,wk inc covid hosp,2026-10-24,17,quantile,0.01,27.971646773303213
2026-10-03,3,wk inc covid hosp,2026-10-24,17,quantile,0.025,32.1187654221856
2026-10-03,3,wk inc covid hosp,2026-10-24,17,quantile,0.05,37.661882101458055
2026-10-03,3,wk inc covid hosp,2026-10-24,17,quantile,0.1,50.92905461723374
2026-10-03,3,wk inc covid hosp,2026-10-24,17,quantile,0.15,56.058143790467106
2026-10-03,3,wk inc covid hosp,2026-10-24,17,quantile,0.2,59.404905921420394
2026-10-03,3,wk inc covid hosp,2026-10-24,17,quantile,0.25,65.80841802472894
2026-10-03,3,wk inc covid hosp,2026-10-24,17,quantile,0.3,72.54146189242499
2026-10-03,3,wk inc covid hosp,2026-10-24,17,quantile,0.35,85.47648210867217
2026-10-03,3,wk inc covid hosp,2026-10-24,17,quantile,0.4,99.04660883323902
2026-10-03,3,wk inc covid hosp,2026-10-24,17,quantile,0.45,105.02291134392586
2026-10-03,3,wk inc covid hosp,2026-10-24,17,quantile,0.5,108.9172268194922
2026-10-03,3,wk inc covid hosp,2026-10-24,17,quantile,0.55,120.59105961196356
2026-10-03,3,wk inc covid hosp,2026-10-24,17,quantile,0.6,129.96498373547027
2026-10-03,3,wk inc covid hosp,2026-10-24,17,quantile,0.65,137.69272131849687
2026-10-03,3,wk inc covid hosp,2026-10-24,17,quantile,0.7,156.0259340882061
2026-10-03,3,wk inc covid hosp,2026-10-24,17,quantile,0.75,171.19088548141022
2026-10-03,3,wk inc covid hosp,2026-10-24,17,quantile,0.8,174.92159202664223
2026-10-03,3,wk inc covid hosp,2026-10-24,17,quantile,0.85,188.87079300589016
2026-10-03,3,wk inc covid hosp,2026-10-24,17,quantile,0.9,248.45989385587987
2026-10-03,3,wk inc covid hosp,2026-10-24,17,quantile,0.95,277.25577777671765
2026-10-03,3,wk inc covid hosp,2026-10-24,17,quantile,0.975,299.61887057599785
2026-10-03,3,wk inc covid hosp,2026-10-24,17,quantile,0.99,406.4949619287361
2026-10-03,3,wk inc covid hosp,2026-10-24,18,quantile,0.01,14.852368588022179
2026-10-03,3,wk inc covid hosp,2026-10-24,18,quantile,0.025,16.37301091573698
2026-10-03,3,wk inc covid hosp,2026-10-24,18,quantile,0.05,18.42868160955742
2026-10-03,3,wk inc covid hosp,2026-10-24,18,quantile,0.1,21.403184814014764
2026-10-03,3,wk inc covid hosp,2026-10-24,18,quantile,0.15,22.00287628825472
2026-10-03,3,wk inc covid hosp,2026-10-24,18,quantile,0.2,24.912221585055775
2026-10-03,3,wk inc covid hosp,2026-10-24,18,quantile,0.25,26.898893119204704
2026-10-03,3,wk inc covid hosp,2026-10-24,18,quantile,0.3,27.883601967229332
2026-10-03,3,wk inc covid hosp,2026-10-24,18,quantile,0.35,27.963995378935874
2026-10-03,3,wk inc covid hosp,2026-10-24,18,quantile,0.4,30.201981993436522
2026-10-03,3,wk inc covid hosp,2026-10-24,18,quantile,0.45,37.818659627444106
2026-10-03,3,wk inc covid hosp,2026-10-24,18,quantile,0.5,41.71721839873887
2026-10-03,3,wk inc covid hosp,2026-10-24,18,quantile,0.55,45.50595588637108
2026-10-03,3,wk inc covid hosp,2026-10-24,18,quantile,0.6,46.22657213267644
2026-10-03,3,wk inc covid hosp,2026-10-24,18,quantile,0.65,49.40644087839928
2026-10-03,3,wk inc covid hosp,2026-10-24,18,quantile,0.7,52.98229153147288
2026-10-03,3,wk inc covid hosp,2026-10-24,18,quantile,0.75,64.29301604351731
2026-10-03,3,wk inc covid hosp,2026-10-24,18,quantile,0.8,82.93502959462614
2026-10-03,3,wk inc covid hosp,2026-10-24,18,quantile,0.85,87.6138910774477
2026-10-03,3,wk inc covid hosp,2026-10-24,18,quantile,0.9,98.358970039755
2026-10-03,3,wk inc covid hosp,2026-10-24,18,quantile,0.95,121.26641424718746
2026-10-03,3,wk inc covid hosp,2026-10-24,18,quantile,0.975,180.91398214414627
2026-10-03,3,wk inc covid hosp,2026-10-24,18,quantile,0.99,254.3149905559536
2026-10-03,3,wk inc covid hosp,2026-10-24,19,quantile,0.01,8.091634619317178
2026-10-03,3,wk inc covid hosp,2026-10-24,19,quantile,0.025,8.155833777349022
2026-10-03,3,wk inc covid hosp,2026-10-24,19,quantile,0.05,8.443315870022516
2026-10-03,3,wk inc covid hosp,2026-10-24,19,quantile,0.1,10.516297573159894
2026-10-03,3,wk inc covid hosp,2026-10-24,19,quantile,0.15,15.46646150673149
2026-10-03,3,wk inc covid hosp,2026-10-24,19,quantile,0.2,16.85888636732196
2026-10-03,3,wk inc covid hosp,2026-10-24,19,quantile,0.25,18.52766305523802
2026-10-03,3,wk inc covid hosp,2026-10-24,19,quantile,0.3,21.023075290763288
2026-10-03,3,wk inc covid hosp,2026-10-24,19,quantile,0.35,26.541963794253032
2026-10-03,3,wk inc covid hosp,2026-10-24,19,quantile,0.4,34.52867407263087
2026-10-03,3,wk inc covid hosp,2026-10-24,19,quantile,0.45,37.785127592391376
2026-10-03,3,wk inc covid hosp,2026-10-24,19,quantile,0.5,41.189939657675396
2026-10-03,3,wk inc covid hosp,2026-10-24,19,quantile,0.55,46.847453807605916
2026-10-03,3,wk inc covid hosp,2026-10-24,19,quantile,0.6,49.35818797363905
2026-10-03,3,wk inc covid hosp,2026-10-24,19,quantile,0.65,55.95725731883644
2026-10-03,3,wk inc covid hosp,2026-10-24,19,quantile,0.7,65.57551446542293
2026-10-03,3,wk inc covid hosp,2026-10-24,19,quantile,0.75,79.5302488318119
2026-10-03,3,wk inc covid hosp,2026-10-24,19,quantile,0.8,91.48026963816176
2026-10-03,3,wk inc covid hosp,2026-10-24,19,quantile,0.85,108.92686055682384
2026-10-03,3,wk inc covid hosp,2026-10-24,19,quantile,0.9,115.68226936839379
2026-10-03,3,wk inc covid hosp,2026-10-24,19,quantile,0.95,130.07317353060597
2026-10-03,3,wk inc covid hosp,2026-10-24,19,quantile,0.975,149.1807984041272
2026-10-03,3,wk inc covid hosp,2026-10-24,19,quantile,0.99,179.1575675869336
2026-10-03,3,wk inc covid hosp,2026-10-24,20,quantile,0.01,1.3673302647301862
2026-10-03,3,wk inc covid hosp,2026-10-24,20,quantile,0.025,1.5479627158564822
2026-10-03,3,wk inc covid hosp,2026-10-24,20,quantile,0.05,1.741152554269508
2026-10-03,3,wk inc covid hosp,2026-10-24,20,quantile,0.1,2.1296688194266027
2026-10-03,3,wk inc covid hosp,2026-10-24,20,quantile,0.15,2.7748080628626677
2026-10-03,3,wk inc covid hosp,2026-10-24,20,quantile,0.2,3.190644291586597
2026-10-03,3,wk inc covid hosp,2026-10-24,20,quantile,0.25,3.671022204555258
2026-10-03,3,wk inc covid hosp,2026-10-24,20,quantile,0.3,4.101490720519336
2026-10-03,3,wk inc covid hosp,2026-10-24,20,quantile,0.35,4.616884961807241
2026-10-03,3,wk inc covid hosp,2026-10-24,20,quantile,0.4,5.295511838701879
2026-10-03,3,wk inc covid hosp,2026-10-24,20,quantile,0.45,5.853592180896044
2026-10-03,3,wk inc covid hosp,2026-10-24,20,quantile,0.5,9.745174024735274
2026-10-03,3,wk inc covid hosp,2026-10-24,20,quantile,0.55,10.311451537338598
2026-10-03,3,wk inc covid hosp,2026-10-24,20,quantile,0.6,10.838996841074614
2026-10-03,3,wk inc covid hosp,2026-10-24,20,quantile,0.65,11.652173969964284
2026-10-03,3,wk inc covid hosp,2026-10-24,20,quantile,0.7,14.188967875490187
2026-10-03,3,wk inc covid hosp,2026-10-24,20,quantile,0.75,16.21816052991882
2026-10-03,3,wk inc covid hosp,2026-10-24,20,quantile,0.8,20.205272706191412
2026-10-03,3,wk inc covid hosp,2026-10-24,20,quantile,0.85,23.537363011058694
2026-10-03,3,wk inc covid hosp,2026-10-24,20,quantile,0.9,26.12944791167436
2026-10-03,3,wk inc covid hosp,2026-10-24,20,quantile,0.95,35.634932472968835
2026-10-03,3,wk inc covid hosp,2026-10-24,20,quantile,0.975,50.20972710781279
2026-10-03,3,wk inc covid hosp,2026-10-24,20,quantile,0.99,86.66016629256343
2026-10-03,3,wk inc covid hosp,2026-10-24,21,quantile,0.01,9.152799162340205
2026-10-03,3,wk inc covid hosp,2026-10-24,21,quantile,0.025,9.879190498544288
2026-10-03,3,wk inc covid hosp,2026-10-24,21,quantile,0.05,11.912597532212855
2026-10-03,3,wk inc covid hosp,2026-10-24,21,quantile,0.1,13.771115189194388
2026-10-03,3,wk inc covid hosp,2026-10-24,21,quantile,0.15,15.302192518040147
2026-10-03,3,wk inc covid hosp,2026-10-24,21,quantile,0.2,17.116340131870835
2026-10-03,3,wk inc covid hosp,2026-10-24,21,quantile,0.25,17.847779958362874
2026-10-03,3,wk inc covid hosp,2026-10-24,21,quantile,0.3,20.03608122236505
2026-10-03,3,wk inc covid hosp,2026-10-24,21,quantile,0.35,21.114940301894613
2026-10-03,3,wk inc covid hosp,2026-10-24,21,quantile,0.4,24.10943264801669
2026-10-03,3,wk inc covid hosp,2026-10-24,21,quantile,0.45,25.43721115933688
2026-10-03,3,wk inc covid hosp,2026-10-24,21,quantile,0.5,27.35523500279146
2026-10-03,3,wk inc covid hosp,2026-10-24,21,quantile,0.55,32.26671115931065
2026-10-03,3,wk inc covid hosp,2026-10-24,21,quantile,0.6,33.990728746161764
2026-10-03,3,wk inc covid hosp,2026-10-24,21,quantile,0.65,36.10393841503524
2026-10-03,3,wk inc covid hosp,2026-10-24,21,quantile,0.7,36.719691436324645
2026-10-03,3,wk inc covid hosp,2026-10-24,21,quantile,0.75,42.59902430637836
2026-10-03,3,wk inc covid hosp,2026-10-24,21,quantile,0.8,47.871585131758685
2026-10-03,3,wk inc covid hosp,2026-10-24,21,quantile,0.85,54.731086343631304
2026-10-03,3,wk inc covid hosp,2026-10-24,21,quantile,0.9,62.324475586294234
2026-10-03,3,wk inc covid hosp,2026-10-24,21,quantile,0.95,80.12602865590249
2026-10-03,3,wk inc covid hosp,2026-10-24,21,quantile,0.975,94.17506424521736
2026-10-03,3,wk inc covid hosp,2026-10-24,21,quantile,0.99,99.82846493666912
2026-10-03,3,wk inc covid hosp,2026-10-24,22,quantile,0.01,4.719182081215285
2026-10-03,3,wk inc covid hosp,2026-10-24,22,quantile,0.025,19.730317582717362
2026-10-03,3,wk inc covid hosp,2026-10-24,22,quantile,0.05,22.4153193417521
2026-10-03,3,wk inc covid hosp,2026-10-24,22,quantile,0.1,29.603072434478896
2026-10-03,3,wk inc covid hosp,2026-10-24,22,quantile,0.15,43.680766916336864
2026-10-03,3,wk inc covid hosp,2026-10-24,22,quantile,0.2,48.66389146719714
2026-10-03,3,wk inc covid hosp,2026-10-24,22,quantile,0.25,55.47936447580069
2026-10-03,3,wk inc covid hosp,2026-10-24,22,quantile,0.3,61.51845683016928
2026-10-03,3,wk inc covid hosp,2026-10-24,22,quantile,0.35,63.92491272895916
2026-10-03,3,wk inc covid hosp,2026-10-24,22,quantile,0.4,71.87085562347889
2026-10-03,3,wk inc covid hosp,2026-10-24,22,quantile,0.45,73.67986300812233
2026-10-03,3,wk inc covid hosp,2026-10-24,22,quantile,0.5,77.11997894570669
2026-10-03,3,wk inc covid hosp,2026-10-24,22,quantile,0.55,78.6824853198193
2026-10-03,3,wk inc covid hosp,2026-10-24,22,quantile,0.6,89.577833019575
2026-10-03,3,wk inc covid hosp,2026-10-24,22,quantile,0.65,91.40613784615356
2026-10-03,3,wk inc covid hosp,2026-10-24,22,quantile,0.7,113.24089753307365
2026-10-03,3,wk inc covid hosp,2026-10-24,22,quantile,0.75,116.95536122371999
2026-10-03,3,wk inc covid hosp,2026-10-24,22,quantile,0.8,123.976774703477
2026-10-03,3,wk inc covid hosp,2026-10-24,22,quantile,0.85,158.02408068835518
2026-10-03,3,wk inc covid hosp,2026-10-24,22,quantile,0.9,177.93464159917835
2026-10-03,3,wk inc covid hosp,2026-10-24,22,quantile,0.95,202.79224921193185
2026-10-03,3,wk inc covid hosp,2026-10-24,22,quantile,0.975,212.21092247944338
2026-10-03,3,wk inc covid hosp,2026-10-24,22,quantile,0.99,214.38097588015387
2026-10-03,3,wk inc covid hosp,2026-10-24,23,quantile,0.01,0.13673497465420908
2026-10-03,3,wk inc covid hosp,2026-10-24,23,quantile,0.025,0.24678834822489795
2026-10-03,3,wk inc covid hosp,2026-10-24,23,quantile,0.05,0.4313743851047306
2026-10-03,3,wk inc covid hosp,2026-10-24,23,quantile,0.1,0.6071425823853036
2026-10-03,3,wk inc covid hosp,2026-10-24,23,quantile,0.15,1.1465076316274256
2026-10-03,3,wk inc covid hosp,2026-10-24,23,quantile,0.2,1.679157528155534
2026-10-03,3,wk inc covid hosp,2026-10-24,23,quantile,0.25,1.8451343979277615
2026-10-03,3,wk inc covid hosp,2026-10-24,23,quantile,0.3,2.023865154630881
2026-10-03,3,wk inc covid hosp,2026-10-24,23,quantile,0.35,2.545519906797899
2026-10-03,3,wk inc covid hosp,2026-10-24,23,quantile,0.4,3.2172076795334226
2026-10-03,3,wk inc covid hosp,2026-10-24,23,quantile,0.45,4.433528393013993
2026-10-03,3,wk inc covid hosp,2026-10-24,23,quantile,0.5,4.9233992765165695
2026-10-03,3,wk inc covid hosp,2026-10-24,23,quantile,0.55,5.3708662126739934
2026-10-03,3,wk inc covid hosp,2026-10-24,23,quantile,0.6,6.27328627346445
2026-10-03,3,wk inc covid hosp,2026-10-24,23,quantile,0.65,6.742322625065011
2026-10-03,3,wk inc covid hosp,2026-10-24,23,quantile,0.7,7.161763233821926
2026-10-03,3,wk inc covid hosp,2026-10-24,23,quantile,0.75,7.64953720070981
2026-10-03,3,wk inc covid hosp,2026-10-24,23,quantile,0.8,8.255711723182667
2026-10-03,3,wk inc covid hosp,2026-10-24,23,quantile,0.85,9.063135634982613
2026-10-03,3,wk inc covid hosp,2026-10-24,23,quantile,0.9,10.784096017194017
2026-10-03,3,wk inc covid hosp,2026-10-24,23,quantile,0.95,13.516785908541957
2026-10-03,3,wk inc covid hosp,2026-10-24,23,quantile,0.975,17.309858798920775
2026-10-03,3,wk inc covid hosp,2026-10-24,23,quantile,0.99,19.22378940805428
2026-10-03,3,wk inc covid hosp,2026-10-24,24,quantile,0.01,13.121639386654266
2026-10-03,3,wk inc covid hosp,2026-10-24,24,quantile,0.025,16.92817642775323
2026-10-03,3,wk inc covid hosp,2026-10-24,24,quantile,0.05,20.239805899681663
2026-10-03,3,wk inc covid hosp,2026-10-24,24,quantile,0.1,32.1648788577754
2026-10-03,3,wk inc covid hosp,2026-10-24,24,quantile,0.15,42.162548850742866
2026-10-03,3,wk inc covid hosp,2026-10-24,24,quantile,0.2,50.2530338299502
2026-10-03,3,wk inc covid hosp,2026-10-24,24,quantile,0.25,52.21675827936633
2026-10-03,3,wk inc covid hosp,2026-10-24,24,quantile,0.3,62.6607897010621
2026-10-03,3,wk inc covid hosp,2026-10-24,24,quantile,0.35,65.02009245895836
2026-10-03,3,wk inc covid hosp,2026-10-24,24,quantile,0.4,69.17299360481121
2026-10-03,3,wk inc covid hosp,2026-10-24,24,quantile,0.45,71.17730081653126
2026-10-03,3,wk inc covid hosp,2026-10-24,24,quantile,0.5,75.65725033817445
2026-10-03,3,wk inc covid hosp,2026-10-24,24,quantile,0.55,80.58962499651264
2026-10-03,3,wk inc covid hosp,2026-10-24,24,quantile,0.6,94.06354933748369
2026-10-03,3,wk inc covid hosp,2026-10-24,24,quantile,0.65,103.84105610899302
2026-10-03,3,wk inc covid hosp,2026-10-24,24,quantile,0.7,112.36369014240361
2026-10-03,3,wk inc covid hosp,2026-10-24,24,quantile,0.75,116.58324081003154
2026-10-03,3,wk inc covid hosp,2026-10-24,24,quantile,0.8,121.35209858619665
2026-10-03,3,wk inc covid hosp,2026-10-24,24,quantile,0.85,125.01585621549346
2026-10-03,3,wk inc covid hosp,2026-10-24,24,quantile,0.9,139.73649377985487
2026-10-03,3,wk inc covid hosp,2026-10-24,24,quantile,0.95,157.00002187812552
2026-10-03,3,wk inc covid hosp,2026-10-24,24,quantile,0.975,173.27225637858328
2026-10-03,3,wk inc covid hosp,2026-10-24,24,quantile,0.99,183.85972111370108
2026-10-03,3,wk inc covid hosp,2026-10-24,25,quantile,0.01,1.566869110088846
2026-10-03,3,wk inc covid hosp,2026-10-24,25,quantile,0.025,3.4681829244604483
2026-10-03,3,wk inc covid hosp,2026-10-24,25,quantile,0.05,6.944240865219677
2026-10-03,3,wk inc covid hosp,2026-10-24,25,quantile,0.1,29.38479533133591
2026-10-03,3,wk inc covid hosp,2026-10-24,25,quantile,0.15,36.059263081730585
2026-10-03,3,wk inc covid hosp,2026-10-24,25,quantile,0.2,38.01075027583991
2026-10-03,3,wk inc covid hosp,2026-10-24,25,quantile,0.25,41.483382920728616
2026-10-03,3,wk inc covid hosp,2026-10-24,25,quantile,0.3,51.09897010716117
2026-10-03,3,wk inc covid hosp,2026-10-24,25,quantile,0.35,54.02429520929679
2026-10-03,3,wk inc covid hosp,2026-10-24,25,quantile,0.4,59.376056646513234
2026-10-03,3,wk inc covid hosp,2026-10-24,25,quantile,0.45,66.4414531162283
2026-10-03,3,wk inc covid hosp,2026-10-24,25,quantile,0.5,74.55546960339761
2026-10-03,3,wk inc covid hosp,2026-10-24,25,quantile,0.55,78.62428470026589
2026-10-03,3,wk inc covid hosp,2026-10-24,25,quantile,0.6,86.17804852144118
2026-10-03,3,wk inc covid hosp,2026-10-24,25,quantile,0.65,101.28570667055504
2026-10-03,3,wk inc covid hosp,2026-10-24,25,quantile,0.7,119.45080035103095
2026-10-03,3,wk inc covid hosp,2026-10-24,25,quantile,0.75,135.16380374947693
2026-10-03,3,wk inc covid hosp,2026-10-24,25,quantile,0.8,149.87637933872395
2026-10-03,3,wk inc covid hosp,2026-10-24,25,quantile,0.85,174.1563929801478
2026-10-03,3,wk inc covid hosp,2026-10-24,25,quantile,0.9,196.21280956511168
2026-10-03,3,wk inc covid hosp,2026-10-24,25,quantile,0.95,252.15605416922747
2026-10-03,3,wk inc covid hosp,2026-10-24,25,quantile,0.975,264.2207801295107
2026-10-03,3,wk inc covid hosp,2026-10-24,25,quantile,0.99,526.3652004075037
2026-10-03,3,wk inc covid hosp,2026-10-24,26,quantile,0.01,11.674226502448462
2026-10-03,3,wk inc covid hosp,2026-10-24,26,quantile,0.025,15.646019773799033
2026-10-03,3,wk inc covid hosp,2026-10-24,26,quantile,0.05,19.278052070399255
2026-10-03,3,wk inc covid hosp,2026-10-24,26,quantile,0.1,24.962339504406692
2026-10-03,3,wk inc covid hosp,2026-10-24,26,quantile,0.15,35.20069392351879
2026-10-03,3,wk inc covid hosp,2026-10-24,26,quantile,0.2,38.3699985754808
2026-10-03,3,wk inc covid hosp,2026-10-24,26,quantile,0.25,42.54460678929223
2026-10-03,3,wk inc covid hosp,2026-10-24,26,quantile,0.3,45.52347675914194
2026-10-03,3,wk inc covid hosp,2026-10-24,26,quantile,0.35,50.75990793389798
2026-10-03,3,wk inc covid hosp,2026-10-24,26,quantile,0.4,52.494340053923935
2026-10-03,3,wk inc covid hosp,2026-10-24,26,quantile,0.45,63.02640396438412
2026-10-03,3,wk inc covid hosp,2026-10-24,26,quantile,0.5,70.2478045800955
2026-10-03,3,wk inc covid hosp,2026-10-24,26,quantile,0.55,74.65868050158014
2026-10-03,3,wk inc covid hosp,2026-10-24,26,quantile,0.6,81.24215118268376
2026-10-03,3,wk inc covid hosp,2026-10-24,26,quantile,0.65,90.53941064435219
2026-10-03,3,wk inc covid hosp,2026-10-24,26,quantile,0.7,97.52898348286999
2026-10-03,3,wk inc covid hosp,2026-10-24,26,quantile,0.75,104.8738161399383
2026-10-03,3,wk inc covid hosp,2026-10-24,26,quantile,0.8,125.36911748686313
2026-10-03,3,wk inc covid hosp,2026-10-24,26,quantile,0.85,170.55427896217256
2026-10-03,3,wk inc covid hosp,2026-10-24,26,quantile,0.9,211.82854707379562
2026-10-03,3,wk inc covid hosp,2026-10-24,26,quantile,0.95,335.710400543016
2026-10-03,3,wk inc covid hosp,2026-10-24,26,quantile,0.975,618.370099185651
2026-10-03,3,wk inc covid hosp,2026-10-24,26,quantile,0.99,1293.7427212326447
2026-10-03,3,wk inc covid hosp,2026-10-24,27,quantile,0.01,2.0494223703956083
2026-10-03,3,wk inc covid hosp,2026-10-24,27,quantile,0.025,2.335942643590599
2026-10-03,3,wk inc covid hosp,2026-10-24,27,quantile,0.05,5.277499002672155
2026-10-03,3,wk inc covid hosp,2026-10-24,27,quantile,0.1,16.376336767549013
2026-10-03,3,wk inc covid hosp,2026-10-24,27,quantile,0.15,19.851135572700485
2026-10-03,3,wk inc covid hosp,2026-10-24,27,quantile,0.2,29.730890844952693
2026-10-03,3,wk inc covid hosp,2026-10-24,27,quantile,0.25,34.253477990131415
2026-10-03,3,wk inc covid hosp,2026-10-24,27,quantile,0.3,44.77696202053943
2026-10-03,3,wk inc covid hosp,2026-10-24,27,quantile,0.35,50.43465367933219
2026-10-03,3,wk inc covid hosp,2026-10-24,27,quantile,0.4,57.71613702179566
2026-10-03,3,wk inc covid hosp,2026-10-24,27,quantile,0.45,61.75261468513523
2026-10-03,3,wk inc covid hosp,2026-10-24,27,quantile,0.5,70.82261299883979
2026-10-03,3,wk inc covid hosp,2026-10-24,27,quantile,0.55,74.7581151457073
2026-10-03,3,wk inc covid hosp,2026-10-24,27,quantile,0.6,77.97194148679367
2026-10-03,3,wk inc covid hosp,2026-10-24,27,quantile,0.65,82.24712036152798
2026-10-03,3,wk inc covid hosp,2026-10-24,27,quantile,0.7,88.27129746209786
2026-10-03,3,wk inc covid hosp,2026-10-24,27,quantile,0.75,93.54381423638314
2026-10-03,3,wk inc covid hosp,2026-10-24,27,quantile,0.8,105.15347385064359
2026-10-03,3,wk inc covid hosp,2026-10-24,27,quantile,0.85,134.5191520460643
2026-10-03,3,wk inc covid hosp,2026-10-24,27,quantile,0.9,142.97970960731377
2026-10-03,3,wk inc covid hosp,2026-10-24,27,quantile,0.95,165.49861595426634
2026-10-03,3,wk inc covid hosp,2026-10-24,27,quantile,0.975,190.03620236474075
2026-10-03,3,wk inc covid hosp,2026-10-24,27,quantile,0.99,201.6999387225472
2026-10-03,3,wk inc covid hosp,2026-10-24,28,quantile,0.01,4.057075217451776
2026-10-03,3,wk inc covid hosp,2026-10-24,28,quantile,0.025,5.74298770069351
2026-10-03,3,wk inc covid hosp,2026-10-24,28,quantile,0.05,6.758584672197182
2026-10-03,3,wk inc covid hosp,2026-10-24,28,quantile,0.1,9.83288083816519
2026-10-03,3,wk inc covid hosp,2026-10-24,28,quantile,0.15,10.59576178228771
2026-10-03,3,wk inc covid hosp,2026-10-24,28,quantile,0.2,12.382895492488963
2026-10-03,3,wk inc covid hosp,2026-10-24,28,quantile,0.25,12.863726459237741
2026-10-03,3,wk inc covid hosp,2026-10-24,28,quantile,0.3,13.998766944740332
2026-10-03,3,wk inc covid hosp,2026-10-24,28,quantile,0.35,15.306113637614267
2026-10-03,3,wk inc covid hosp,2026-10-24,28,quantile,0.4,16.962172414985893
2026-10-03,3,wk inc covid hosp,2026-10-24,28,quantile,0.45,17.952697139039834
2026-10-03,3,wk inc covid hosp,2026-10-24,28,quantile,0.5,18.955566400037398
2026-10-03,3,wk inc covid hosp,2026-10-24,28,quantile,0.55,20.028370159570912
2026-10-03,3,wk inc covid hosp,2026-10-24,28,quantile,0.6,21.5475765876217
2026-10-03,3,wk inc covid hosp,2026-10-24,28,quantile,0.65,24.297600188417658
2026-10-03,3,wk inc covid hosp,2026-10-24,28,quantile,0.7,26.204701749704334
2026-10-03,3,wk inc covid hosp,2026-10-24,28,quantile,0.75,26.95007581529779
2026-10-03,3,wk inc covid hosp,2026-10-24,28,quantile,0.8,32.312295860733926
2026-10-03,3,wk inc covid hosp,2026-10-24,28,quantile,0.85,32.843588164004785
2026-10-03,3,wk inc covid hosp,2026-10-24,28,quantile,0.9,37.50491269610236
2026-10-03,3,wk inc covid hosp,2026-10-24,28,quantile,0.95,48.26642810904943
2026-10-03,3,wk inc covid hosp,2026-10-24,28,quantile,0.975,59.502376992612305
2026-10-03,3,wk inc covid hosp,2026-10-24,28,quantile,0.99,63.42031228439988
2026-10-03,3,wk inc covid hosp,2026-10-24,29,quantile,0.01,15.773778694054927
2026-10-03,3,wk inc covid hosp,2026-10-24,29,quantile,0.025,17.675993925050708
2026-10-03,3,wk inc covid hosp,2026-10-24,29,quantile,0.05,20.62140464274363
2026-10-03,3,wk inc covid hosp,2026-10-24,29,quantile,0.1,29.136032262142326
2026-10-03,3,wk inc covid hosp,2026-10-24,29,quantile,0.15,36.93046709533166
2026-10-03,3,wk inc covid hosp,2026-10-24,29,quantile,0.2,39.5025046562343
2026-10-03,3,wk inc covid hosp,2026-10-24,29,quantile,0.25,41.955437217410186
2026-10-03,3,wk inc covid hosp,2026-10-24,29,quantile,0.3,43.929756119653455
2026-10-03,3,wk inc covid hosp,2026-10-24,29,quantile,0.35,45.90538407491193
2026-10-03,3,wk inc covid hosp,2026-10-24,29,quantile,0.4,48.08074954003498
2026-10-03,3,wk inc covid hosp,2026-10-24,29,quantile,0.45,50.94248077616343
2026-10-03,3,wk inc covid hosp,2026-10-24,29,quantile,0.5,53.51641041334525
2026-10-03,3,wk inc covid hosp,2026-10-24,29,quantile,0.55,55.2351116666164
2026-10-03,3,wk inc covid hosp,2026-10-24,29,quantile,0.6,63.648758223829695
2026-10-03,3,wk inc covid hosp,2026-10-24,29,quantile,0.65,67.52219935734536
2026-10-03,3,wk inc covid hosp,2026-10-24,29,quantile,0.7,73.31399725436563
2026-10-03,3,wk inc covid hosp,2026-10-24,29,quantile,0.75,76.59377977837306
2026-10-03,3,wk inc covid hosp,2026-10-24,29,quantile,0.8,91.45775054188832
2026-10-03,3,wk inc covid hosp,2026-10-24,29,quantile,0.85,104.5383292236099
2026-10-03,3,wk inc covid hosp,2026-10-24,29,quantile,0.9,136.63916425263187
2026-10-03,3,wk inc covid hosp,2026-10-24,29,quantile,0.95,166.47084936687497
2026-10-03,3,wk inc covid hosp,2026-10-24,29,quantile,0.975,216.09286418867507
2026-10-03,3,wk inc covid hosp,2026-10-24,29,quantile,0.99,248.26449227427102
2026-10-03,3,wk inc covid hosp,2026-10-24,30,quantile,0.01,0.054172975161758
2026-10-03,3,wk inc covid hosp,2026-10-24,30,quantile,0.025,0.18517989199089002
2026-10-03,3,wk inc covid hosp,2026-10-24,30,quantile,0.05,1.0825593328140806
2026-10-03,3,wk inc covid hosp,2026-10-24,30,quantile,0.1,1.8078784871697324
2026-10-03,3,wk inc covid hosp,2026-10-24,30,quantile,0.15,3.374815995533843
2026-10-03,3,wk inc covid hosp,2026-10-24,30,quantile,0.2,4.396160826166031
2026-10-03,3,wk inc covid hosp,2026-10-24,30,quantile,0.25,4.633098145092533
2026-10-03,3,wk inc covid hosp,2026-10-24,30,quantile,0.3,5.557138263586939
2026-10-03,3,wk inc covid hosp,2026-10-24,30,quantile,0.35,6.836455652640886
2026-10-03,3,wk inc covid hosp,2026-10-24,30,quantile,0.4,7.437617954197819
2026-10-03,3,wk inc covid hosp,2026-10-24,30,quantile,0.45,7.992299321993741
2026-10-03,3,wk inc covid hosp,2026-10-24,30,quantile,0.5,8.997919634466733
2026-10-03,3,wk inc covid hosp,2026-10-24,30,quantile,0.55,9.874510995854049
2026-10-03,3,wk inc covid hosp,2026-10-24,30,quantile,0.6,10.812776229673357
2026-10-03,3,wk inc covid hosp,2026-10-24,30,quantile,0.65,11.504283605210631
2026-10-03,3,wk inc covid hosp,2026-10-24,30,quantile,0.7,12.256693825941309
2026-10-03,3,wk inc covid hosp,2026-10-24,30,quantile,0.75,13.852005080911505
2026-10-03,3,wk inc covid hosp,2026-10-24,30,quantile,0.8,14.865871055787823
2026-10-03,3,wk inc covid hosp,2026-10-24,30,quantile,0.85,18.292480958622335
2026-10-03,3,wk inc covid hosp,2026-10-24,30,quantile,0.9,19.71365526909081
2026-10-03,3,wk inc covid hosp,2026-10-24,30,quantile,0.95,20.968762811767252
2026-10-03,3,wk inc covid hosp,2026-10-24,30,quantile,0.975,25.948649688503703
2026-10-03,3,wk inc covid hosp,2026-10-24,30,quantile,0.99,30.69238513742433
2026-10-03,3,wk inc covid hosp,2026-10-24,31,quantile,0.01,0.7711286981064736
2026-10-03,3,wk inc covid hosp,2026-10-24,31,quantile,0.025,0.9949874981648327
2026-10-03,3,wk inc covid hosp,2026-10-24,31,quantile,0.05,1.9824117877453682
2026-10-03,3,wk inc covid hosp,2026-10-24,31,quantile,0.1,3.1559807568408877
2026-10-03,3,wk inc covid hosp,2026-10-24,31,quantile,0.15,3.9529846006436804
2026-10-03,3,wk inc covid hosp,2026-10-24,31,quantile,0.2,4.761738052437788
2026-10-03,3,wk inc covid hosp,2026-10-24,31,quantile,0.25,5.982991801756247
2026-10-03,3,wk inc covid hosp,2026-10-24,31,quantile,0.3,6.510288127042955
2026-10-03,3,wk inc covid hosp,2026-10-24,31,quantile,0.35,7.410248770377452
2026-10-03,3,wk inc covid hosp,2026-10-24,31,quantile,0.4,8.537866620034755
2026-10-03,3,wk inc covid hosp,2026-10-24,31,quantile,0.45,9.387019090898603
2026-10-03,3,wk inc covid hosp,2026-10-24,31,quantile,0.5,10.688497195511193
2026-10-03,3,wk inc covid hosp,2026-10-24,31,quantile,0.55,11.573845807169576
2026-10-03,3,wk inc covid hosp,2026-10-24,31,quantile,0.6,13.740104493037133
2026-10-03,3,wk inc covid hosp,2026-10-24,31,quantile,0.65,14.945802068716498
2026-10-03,3,wk inc covid hosp,2026-10-24,31,quantile,0.7,16.185690871003416
2026-10-03,3,wk inc covid hosp,2026-10-24,31,quantile,0.75,18.90106132917465
2026-10-03,3,wk inc covid hosp,2026-10-24,31,quantile,0.8,20.255293323405837
2026-10-03,3,wk inc covid hosp,2026-10-24,31,quantile,0.85,27.753648698625987
2026-10-03,3,wk inc covid hosp,2026-10-24,31,quantile,0.9,31.8737886406167
2026-10-03,3,wk inc covid hosp,2026-10-24,31,quantile,0.95,38.1505489648652
2026-10-03,3,wk inc covid hosp,2026-10-24,31,quantile,0.975,42.15511020481394
2026-10-03,3,wk inc covid hosp,2026-10-24,31,quantile,0.99,48.75793336723609
2026-10-03,3,wk inc covid hosp,2026-10-24,32,quantile,0.01,5.067909170958837
2026-10-03,3,wk inc covid hosp,2026-10-24,32,quantile,0.025,9.730924589013414
2026-10-03,3,wk inc covid hosp,2026-10-24,32,quantile,0.05,14.713349844709333
2026-10-03,3,wk inc covid hosp,2026-10-24,32,quantile,0.1,17.318883463884905
2026-10-03,3,wk inc covid hosp,2026-10-24,32,quantile,0.15,20.215563860378438
2026-10-03,3,wk inc covid hosp,2026-10-24,32,quantile,0.2,22.07993924295487
2026-10-03,3,wk inc covid hosp,2026-10-24,32,quantile,0.25,23.46120566956041
2026-10-03,3,wk inc covid hosp,2026-10-24,32,quantile,0.3,24.72052886001469
2026-10-03,3,wk inc covid hosp,2026-10-24,32,quantile,0.35,25.96089997312086
2026-10-03,3,wk inc covid hosp,2026-10-24,32,quantile,0.4,28.25658968599601
2026-10-03,3,wk inc covid hosp,2026-10-24,32,quantile,0.45,31.501474010243246
2026-10-03,3,wk inc covid hosp,2026-10-24,32,quantile,0.5,32.284724044078416
2026-10-03,3,wk inc covid hosp,2026-10-24,32,quantile,0.55,33.51325145250511
2026-10-03,3,wk inc covid hosp,2026-10-24,32,quantile,0.6,37.37666518413175
2026-10-03,3,wk inc covid hosp,2026-10-24,32,quantile,0.65,38.05391871353589
2026-10-03,3,wk inc covid hosp,2026-10-24,32,quantile,0.7,39.16482157541036
2026-10-03,3,wk inc covid hosp,2026-10-24,32,quantile,0.75,42.07193951806295
2026-10-03,3,wk inc covid hosp,2026-10-24,32,quantile,0.8,46.526604333682904
2026-10-03,3,wk inc covid hosp,2026-10-24,32,quantile,0.85,53.32815506013161
2026-10-03,3,wk inc covid hosp,2026-10-24,32,quantile,0.9,56.22363811562477
2026-10-03,3,wk inc covid hosp,2026-10-24,32,quantile,0.95,62.85914684194154
2026-10-03,3,wk inc covid hosp,2026-10-24,32,quantile,0.975,72.47643237586801
2026-10-03,3,wk inc covid hosp,2026-10-24,32,quantile,0.99,81.91685654314087
2026-10-03,3,wk inc covid hosp,2026-10-24,33,quantile,0.01,3.3598920414064537
2026-10-03,3,wk inc covid hosp,2026-10-24,33,quantile,0.025,4.927059065012509
2026-10-03,3,wk inc covid hosp,2026-10-24,33,quantile,0.05,5.385628934889761
2026-10-03,3,wk inc covid hosp,2026-10-24,33,quantile,0.1,6.426326951883738
2026-10-03,3,wk inc covid hosp,2026-10-24,33,quantile,0.15,7.014166851076907
2026-10-03,3,wk inc covid hosp,2026-10-24,33,quantile,0.2,7.556705854875877
2026-10-03,3,wk inc covid hosp,2026-10-24,33,quantile,0.25,8.572338987901558
2026-10-03,3,wk inc covid hosp,2026-10-24,33,quantile,0.3,11.32648052157325
2026-10-03,3,wk inc covid hosp,2026-10-24,33,quantile,0.35,12.757966373775298
2026-10-03,3,wk inc covid hosp,2026-10-24,33,quantile,0.4,14.103965574312067
2026-10-03,3,wk inc covid hosp,2026-10-24,33,quantile,0.45,14.418256966633823
2026-10-03,3,wk inc covid hosp,2026-10-24,33,quantile,0.5,15.621485107624904
2026-10-03,3,wk inc covid hosp,2026-10-24,33,quantile,0.55,17.307013658439452
2026-10-03,3,wk inc covid hosp,2026-10-24,33,quantile,0.6,18.520507922010427
2026-10-03,3,wk inc covid hosp,2026-10-24,33,quantile,0.65,20.86671343952084
2026-10-03,3,wk inc covid hosp,2026-10-24,33,quantile,0.7,23.806245776414883
2026-10-03,3,wk inc covid hosp,2026-10-24,33,quantile,0.75,26.835357970584468
2026-10-03,3,wk inc covid hosp,2026-10-24,33,quantile,0.8,32.05222039581117
2026-10-03,3,wk inc covid hosp,2026-10-24,33,quantile,0.85,35.34688591246055
2026-10-03,3,wk inc covid hosp,2026-10-24,33,quantile,0.9,38.45134858021532
2026-10-03,3,wk inc covid hosp,2026-10-24,33,quantile,0.95,45.345613390965255
2026-10-03,3,wk inc covid hosp,2026-10-24,33,quantile,0.975,48.344206094007816
2026-10-03,3,wk inc covid hosp,2026-10-24,33,quantile,0.99,50.34846648246511
2026-10-03,3,wk inc covid hosp,2026-10-24,34,quantile,0.01,73.10082203458293
2026-10-03,3,wk inc covid hosp,2026-10-24,34,quantile,0.025,80.09422491180611
2026-10-03,3,wk inc covid hosp,2026-10-24,34,quantile,0.05,86.82176131263773
2026-10-03,3,wk inc covid hosp,2026-10-24,34,quantile,0.1,118.69381013069518
2026-10-03,3,wk inc covid hosp,2026-10-24,34,quantile,0.15,132.77999869425366
2026-10-03,3,wk inc covid hosp,2026-10-24,34,quantile,0.2,138.38524619661894
2026-10-03,3,wk inc covid hosp,2026-10-24,34,quantile,0.25,151.88269244908096
2026-10-03,3,wk inc covid hosp,2026-10-24,34,quantile,0.3,166.76005721618617
2026-10-03,3,wk inc covid hosp,2026-10-24,34,quantile,0.35,173.87914993069558
2026-10-03,3,wk inc covid hosp,2026-10-24,34,quantile,0.4,186.45443254891745
2026-10-03,3,wk inc covid hosp,2026-10-24,34,quantile,0.45,198.25022424370408
2026-10-03,3,wk inc covid hosp,2026-10-24,34,quantile,0.5,226.33468658683913
2026-10-03,3,wk inc covid hosp,2026-10-24,34,quantile,0.55,240.22831678129347
2026-10-03,3,wk inc covid hosp,2026-10-24,34,quantile,0.6,249.62549171568202
2026-10-03,3,wk inc covid hosp,2026-10-24,34,quantile,0.65,282.6419886472726
2026-10-03,3,wk inc covid hosp,2026-10-24,34,quantile,0.7,303.97195780173325
2026-10-03,3,wk inc covid hosp,2026-10-24,34,quantile,0.75,316.05898874346235
2026-10-03,3,wk inc covid hosp,2026-10-24,34,quantile,0.8,332.10430670155813
2026-10-03,3,wk inc covid hosp,2026-10-24,34,quantile,0.85,378.41969804474815
2026-10-03,3,wk inc covid hosp,2026-10-24,34,quantile,0.9,399.4739634303877
2026-10-03,3,wk inc covid hosp,2026-10-24,34,quantile,0.95,464.8831580293885
2026-10-03,3,wk inc covid hosp,2026-10-24,34,quantile,0.975,518.7397254246634
2026-10-03,3,wk inc covid hosp,2026-10-24,34,quantile,0.99,525.4585678852726
2026-10-03,3,wk inc covid hosp,2026-10-24,35,quantile,0.01,1.0699632135167334
2026-10-03,3,wk inc covid hosp,2026-10-24,35,quantile,0.025,1.6392593359838776
2026-10-03,3,wk inc covid hosp,2026-10-24,35,quantile,0.05,2.2725954568905675
2026-10-03,3,wk inc covid hosp,2026-10-24,35,quantile,0.1,3.1010819516413703
2026-10-03,3,wk inc covid hosp,2026-10-24,35,quantile,0.15,3.9929564685059313
2026-10-03,3,wk inc covid hosp,2026-10-24,35,quantile,0.2,5.865098572310104
2026-10-03,3,wk inc covid hosp,2026-10-24,35,quantile,0.25,7.650999739946601
2026-10-03,3,wk inc covid hosp,2026-10-24,35,quantile,0.3,8.564819250262053
2026-10-03,3,wk inc covid hosp,2026-10-24,35,quantile,0.35,9.508410093458844
2026-10-03,3,wk inc covid hosp,2026-10-24,35,quantile,0.4,10.605095172858155
2026-10-03,3,wk inc covid hosp,2026-10-24,35,quantile,0.45,13.088621420864552
2026-10-03,3,wk inc covid hosp,2026-10-24,35,quantile,0.5,13.457970248164603
2026-10-03,3,wk inc covid hosp,2026-10-24,35,quantile,0.55,14.284010264844998
2026-10-03,3,wk inc covid hosp,2026-10-24,35,quantile,0.6,16.460785214690173
2026-10-03,3,wk inc covid hosp,2026-10-24,35,quantile,0.65,17.27294035451283
2026-10-03,3,wk inc covid hosp,2026-10-24,35,quantile,0.7,17.497834723705402
2026-10-03,3,wk inc covid hosp,2026-10-24,35,quantile,0.75,18.73945642145308
2026-10-03,3,wk inc covid hosp,2026-10-24,35,quantile,0.8,20.705165185073785
2026-10-03,3,wk inc covid hosp,2026-10-24,35,quantile,0.85,24.92401768823232
2026-10-03,3,wk inc covid hosp,2026-10-24,35,quantile,0.9,46.14343649928587
2026-10-03,3,wk inc covid hosp,2026-10-24,35,quantile,0.95,51.24160330776621
2026-10-03,3,wk inc covid hosp,2026-10-24,35,quantile,0.975,57.2082761665835
2026-10-03,3,wk inc covid hosp,2026-10-24,35,quantile,0.99,66.76345993770325
2026-10-03,3,wk inc covid hosp,2026-10-24,36,quantile,0.01,65.786552026845
2026-10-03,3,wk inc covid hosp,2026-10-24,36,quantile,0.025,97.78186206722614
2026-10-03,3,wk inc covid hosp,2026-10-24,36,quantile,0.05,115.82740310178164
2026-10-03,3,wk inc covid hosp,2026-10-24,36,quantile,0.1,160.15836704822968
2026-10-03,3,wk inc covid hosp,2026-10-24,36,quantile,0.15,164.45652798326313
2026-10-03,3,wk inc covid hosp,2026-10-24,36,quantile,0.2,181.3289532611563
2026-10-03,3,wk inc covid hosp,2026-10-24,36,quantile,0.25,186.06926088130504
2026-10-03,3,wk inc covid hosp,2026-10-24,36,quantile,0.3,198.44532707470907
2026-10-03,3,wk inc covid hosp,2026-10-24,36,quantile,0.35,217.18503174318616
2026-10-03,3,wk inc covid hosp,2026-10-24,36,quantile,0.4,239.44756324171993
2026-10-03,3,wk inc covid hosp,2026-10-24,36,quantile,0.45,255.2277076948522
2026-10-03,3,wk inc covid hosp,2026-10-24,36,quantile,0.5,260.88593281594956
2026-10-03,3,wk inc covid hosp,2026-10-24,36,quantile,0.55,269.4299101899175
2026-10-03,3,wk inc covid hosp,2026-10-24,36,quantile,0.6,275.3609928275703
2026-10-03,3,wk inc covid hosp,2026-10-24,36,quantile,0.65,294.9976699728045
2026-10-03,3,wk inc covid hosp,2026-10-24,36,quantile,0.7,309.68945751832894
2026-10-03,3,wk inc covid hosp,2026-10-24,36,quantile,0.75,339.324631569772
2026-10-03,3,wk inc covid hosp,2026-10-24,36,quantile,0.8,344.64035322424905
2026-10-03,3,wk inc covid hosp,2026-10-24,36,quantile,0.85,397.7436821921703
2026-10-03,3,wk inc covid hosp,2026-10-24,36,quantile,0.9,423.4672677242062
2026-10-03,3,wk inc covid hosp,2026-10-24,36,quantile,0.95,457.1532174001176
2026-10-03,3,wk inc covid hosp,2026-10-24,36,quantile,0.975,478.7943005535676
2026-10-03,3,wk inc covid hosp,2026-10-24,36,quantile,0.99,498.6882399203643
2026-10-03,3,wk inc covid hosp,2026-10-24,37,quantile,0.01,1.3034096558665083
2026-10-03,3,wk inc covid hosp,2026-10-24,37,quantile,0.025,2.015415131228627
2026-10-03,3,wk inc covid hosp,2026-10-24,37,quantile,0.05,10.436508425167876
2026-10-03,3,wk inc covid hosp,2026-10-24,37,quantile,0.1,110.36901584154862
2026-10-03,3,wk inc covid hosp,2026-10-24,37,quantile,0.15,128.43924483323366
2026-10-03,3,wk inc covid hosp,2026-10-24,37,quantile,0.2,133.11073043876226
2026-10-03,3,wk inc covid hosp,2026-10-24,37,quantile,0.25,146.91196068826707
2026-10-03,3,wk inc covid hosp,2026-10-24,37,quantile,0.3,153.8284134747223
2026-10-03,3,wk inc covid hosp,2026-10-24,37,quantile,0.35,162.18586409464982
2026-10-03,3,wk inc covid hosp,2026-10-24,37,quantile,0.4,162.6892345623683
2026-10-03,3,wk inc covid hosp,2026-10-24,37,quantile,0.45,166.32417747253925
2026-10-03,3,wk inc covid hosp,2026-10-24,37,quantile,0.5,172.05354657962027
2026-10-03,3,wk inc covid hosp,2026-10-24,37,quantile,0.55,189.62641120897234
2026-10-03,3,wk inc covid hosp,2026-10-24,37,quantile,0.6,227.46489388095645
2026-10-03,3,wk inc covid hosp,2026-10-24,37,quantile,0.65,236.6397874113167
2026-10-03,3,wk inc covid hosp,2026-10-24,37,quantile,0.7,248.51923222367833
2026-10-03,3,wk inc covid hosp,2026-10-24,37,quantile,0.75,275.4903286435579
2026-10-03,3,wk inc covid hosp,2026-10-24,37,quantile,0.8,322.698586980926
2026-10-03,3,wk inc covid hosp,2026-10-24,37,quantile,0.85,352.6338947353122
2026-10-03,3,wk inc covid hosp,2026-10-24,37,quantile,0.9,392.22733412685005
2026-10-03,3,wk inc covid hosp,2026-10-24,37,quantile,0.95,400.77557851710225
2026-10-03,3,wk inc covid hosp,2026-10-24,37,quantile,0.975,426.1518053733312
2026-10-03,3,wk inc covid hosp,2026-10-24,37,quantile,0.99,435.9760382938748
2026-10-03,3,wk inc covid hosp,2026-10-24,38,quantile,0.01,0.00995140974226628
2026-10-03,3,wk inc covid hosp,2026-10-24,38,quantile,0.025,0.06134170073150355
2026-10-03,3,wk inc covid hosp,2026-10-24,38,quantile,0.05,0.1942503585719632
2026-10-03,3,wk inc covid hosp,2026-10-24,38,quantile,0.1,0.43939558493213515
2026-10-03,3,wk inc covid hosp,2026-10-24,38,quantile,0.15,1.202474919944962
2026-10-03,3,wk inc covid hosp,2026-10-24,38,quantile,0.2,1.7727222128021363
2026-10-03,3,wk inc covid hosp,2026-10-24,38,quantile,0.25,2.14009707858096
2026-10-03,3,wk inc covid hosp,2026-10-24,38,quantile,0.3,2.6171199861295835
2026-10-03,3,wk inc covid hosp,2026-10-24,38,quantile,0.35,2.983205851290508
2026-10-03,3,wk inc covid hosp,2026-10-24,38,quantile,0.4,3.370430043090408
2026-10-03,3,wk inc covid hosp,2026-10-24,38,quantile,0.45,3.561722812303399
2026-10-03,3,wk inc covid hosp,2026-10-24,38,quantile,0.5,3.677071733467429
2026-10-03,3,wk inc covid hosp,2026-10-24,38,quantile,0.55,3.9524668706551527
2026-10-03,3,wk inc covid hosp,2026-10-24,38,quantile,0.6,4.212292461547651
2026-10-03,3,wk inc covid hosp,2026-10-24,38,quantile,0.65,4.744814436281014
2026-10-03,3,wk inc covid hosp,2026-10-24,38,quantile,0.7,5.474529964504898
2026-10-03,3,wk inc covid hosp,2026-10-24,38,quantile,0.75,6.762287880925886
2026-10-03,3,wk inc covid hosp,2026-10-24,38,quantile,0.8,7.237392434833333
2026-10-03,3,wk inc covid hosp,2026-10-24,38,quantile,0.85,8.734808925915251
2026-10-03,3,wk inc covid hosp,2026-10-24,38,quantile,0.9,11.563832516721789
2026-10-03,3,wk inc covid hosp,2026-10-24,38,quantile,0.95,14.124964128352703
2026-10-03,3,wk inc covid hosp,2026-10-24,38,quantile,0.975,15.364746423501762
2026-10-03,3,wk inc covid hosp,2026-10-24,38,quantile,0.99,17.295467335373313
2026-10-03,3,wk inc covid hosp,2026-10-24,39,quantile,0.01,28.861489015494712
2026-10-03,3,wk inc covid hosp,2026-10-24,39,quantile,0.025,33.008325070098905
2026-10-03,3,wk inc covid hosp,2026-10-24,39,quantile,0.05,36.079722690505456
2026-10-03,3,wk inc covid hosp,2026-10-24,39,quantile,0.1,62.15475158811933
2026-10-03,3,wk inc covid hosp,2026-10-24,39,quantile,0.15,64.9590141497293
2026-10-03,3,wk inc covid hosp,2026-10-24,39,quantile,0.2,70.56576210630574
2026-10-03,3,wk inc covid hosp,2026-10-24,39,quantile,0.25,76.70580252474383
2026-10-03,3,wk inc covid hosp,2026-10-24,39,quantile,0.3,88.89536809194297
2026-10-03,3,wk inc covid hosp,2026-10-24,39,quantile,0.35,90.74116462022049
2026-10-03,3,wk inc covid hosp,2026-10-24,39,quantile,0.4,105.70110867178806
2026-10-03,3,wk inc covid hosp,2026-10-24,39,quantile,0.45,109.3373281607619
2026-10-03,3,wk inc covid hosp,2026-10-24,39,quantile,0.5,113.66382450624988
2026-10-03,3,wk inc covid hosp,2026-10-24,39,quantile,0.55,123.33363216702797
2026-10-03,3,wk inc covid hosp,2026-10-24,39,quantile,0.6,133.03147835798268
2026-10-03,3,wk inc covid hosp,2026-10-24,39,quantile,0.65,140.49725049902165
2026-10-03,3,wk inc covid hosp,2026-10-24,39,quantile,0.7,149.1699477779568
2026-10-03,3,wk inc covid hosp,2026-10-24,39,quantile,0.75,158.3761873756917
2026-10-03,3,wk inc covid hosp,2026-10-24,39,quantile,0.8,164.78246805443558
2026-10-03,3,wk inc covid hosp,2026-10-24,39,quantile,0.85,170.59898140650589
2026-10-03,3,wk inc covid hosp,2026-10-24,39,quantile,0.9,199.54680499615375
2026-10-03,3,wk inc covid hosp,2026-10-24,39,quantile,0.95,225.95550039330294
2026-10-03,3,wk inc covid hosp,2026-10-24,39,quantile,0.975,280.27475146727517
2026-10-03,3,wk inc covid hosp,2026-10-24,39,quantile,0.99,299.3760707194101
2026-10-03,3,wk inc covid hosp,2026-10-24,40,quantile,0.01,5.7105592215901275
2026-10-03,3,wk inc covid hosp,2026-10-24,40,quantile,0.025,6.162781297065003
2026-10-03,3,wk inc covid hosp,2026-10-24,40,quantile,0.05,6.256866575704682
2026-10-03,3,wk inc covid hosp,2026-10-24,40,quantile,0.1,7.221078353979024
2026-10-03,3,wk inc covid hosp,2026-10-24,40,quantile,0.15,8.304613272480838
2026-10-03,3,wk inc covid hosp,2026-10-24,40,quantile,0.2,8.814272356024377
2026-10-03,3,wk inc covid hosp,2026-10-24,40,quantile,0.25,9.723576330984415
2026-10-03,3,wk inc covid hosp,2026-10-24,40,quantile,0.3,11.10374565110411
2026-10-03,3,wk inc covid hosp,2026-10-24,40,quantile,0.35,14.496352857109514
2026-10-03,3,wk inc covid hosp,2026-10-24,40,quantile,0.4,14.924918636806384
2026-10-03,3,wk inc covid hosp,2026-10-24,40,quantile,0.45,16.38092751152687
2026-10-03,3,wk inc covid hosp,2026-10-24,40,quantile,0.5,17.729914158912493
2026-10-03,3,wk inc covid hosp,2026-10-24,40,quantile,0.55,19.16601513440274
2026-10-03,3,wk inc covid hosp,2026-10-24,40,quantile,0.6,20.270886099875952
2026-10-03,3,wk inc covid hosp,2026-10-24,40,quantile,0.65,20.726873433097435
2026-10-03,3,wk inc covid hosp,2026-10-24,40,quantile,0.7,21.670011221359808
2026-10-03,3,wk inc covid hosp,2026-10-24,40,quantile,0.75,24.55736051727956
2026-10-03,3,wk inc covid hosp,2026-10-24,40,quantile,0.8,26.529413098395736
2026-10-03,3,wk inc covid hosp,2026-10-24,40,quantile,0.85,36.96779873597949
2026-10-03,3,wk inc covid hosp,2026-10-24,40,quantile,0.9,41.440631590089026
2026-10-03,3,wk inc covid hosp,2026-10-24,40,quantile,0.95,55.022071480290705
2026-10-03,3,wk inc covid hosp,2026-10-24,40,quantile,0.975,68.04205710470983
2026-10-03,3,wk inc covid hosp,2026-10-24,40,quantile,0.99,74.06827531346578
2026-10-03,3,wk inc covid hosp,2026-10-24,41,quantile,0.01,34.868656898463364
2026-10-03,3,wk inc covid hosp,2026-10-24,41,quantile,0.025,35.27679258648283
2026-10-03,3,wk inc covid hosp,2026-10-24,41,quantile,0.05,36.47632706548143
2026-10-03,3,wk inc covid hosp,2026-10-24,41,quantile,0.1,39.12887022978619
2026-10-03,3,wk inc covid hosp,2026-10-24,41,quantile,0.15,41.51364773410621
2026-10-03,3,wk inc covid hosp,2026-10-24,41,quantile,0.2,45.44296336164688
2026-10-03,3,wk inc covid hosp,2026-10-24,41,quantile,0.25,49.529795280423
2026-10-03,3,wk inc covid hosp,2026-10-24,41,quantile,0.3,49.85132886599451
2026-10-03,3,wk inc covid hosp,2026-10-24,41,quantile,0.35,51.48234424302576
2026-10-03,3,wk inc covid hosp,2026-10-24,41,quantile,0.4,52.949068634947906
2026-10-03,3,wk inc covid hosp,2026-10-24,41,quantile,0.45,56.15219577777073
2026-10-03,3,wk inc covid hosp,2026-10-24,41,quantile,0.5,57.05015510739644
2026-10-03,3,wk inc covid hosp,2026-10-24,41,quantile,0.55,58.490073097037964
2026-10-03,3,wk inc covid hosp,2026-10-24,41,quantile,0.6,62.75180055426959
2026-10-03,3,wk inc covid hosp,2026-10-24,41,quantile,0.65,75.21475263749456
2026-10-03,3,wk inc covid hosp,2026-10-24,41,quantile,0.7,80.34042628974302
2026-10-03,3,wk inc covid hosp,2026-10-24,41,quantile,0.75,83.49171164686958
2026-10-03,3,wk inc covid hosp,2026-10-24,41,quantile,0.8,84.29937317928582
2026-10-03,3,wk inc covid hosp,2026-10-24,41,quantile,0.85,84.93326106136772
2026-10-03,3,wk inc covid hosp,2026-10-24,41,quantile,0.9,95.93507066379715
2026-10-03,3,wk inc covid hosp,2026-10-24,41,quantile,0.95,109.91593866869316
2026-10-03,3,wk inc covid hosp,2026-10-24,41,quantile,0.975,122.00324619666493
2026-10-03,3,wk inc covid hosp,2026-10-24,41,quantile,0.99,142.16820016581312
2026-10-03,3,wk inc covid hosp,2026-10-24,42,quantile,0.01,134.24249826283335
2026-10-03,3,wk inc covid hosp,2026-10-24,42,quantile,0.025,141.5463278881381
2026-10-03,3,wk inc covid hosp,2026-10-24,42,quantile,0.05,170.47386378441968
2026-10-03,3,wk inc covid hosp,2026-10-24,42,quantile,0.1,188.98062880983872
2026-10-03,3,wk inc covid hosp,2026-10-24,42,quantile,0.15,204.58420881858964
2026-10-03,3,wk inc covid hosp,2026-10-24,42,quantile,0.2,212.57890662993066
2026-10-03,3,wk inc covid hosp,2026-10-24,42,quantile,0.25,224.54137683834819
2026-10-03,3,wk inc covid hosp,2026-10-24,42,quantile,0.3,227.519454896941
2026-10-03,3,wk inc covid hosp,2026-10-24,42,quantile,0.35,236.48033130455775
2026-10-03,3,wk inc covid hosp,2026-10-24,42,quantile,0.4,254.36163625753866
2026-10-03,3,wk inc covid hosp,2026-10-24,42,quantile,0.45,291.41399824871166
2026-10-03,3,wk inc covid hosp,2026-10-24,42,quantile,0.5,299.4455223245245
2026-10-03,3,wk inc covid hosp,2026-10-24,42,quantile,0.55,303.68912131479505
2026-10-03,3,wk inc covid hosp,2026-10-24,42,quantile,0.6,329.4530884457106
2026-10-03,3,wk inc covid hosp,2026-10-24,42,quantile,0.65,382.15197810216364
2026-10-03,3,wk inc covid hosp,2026-10-24,42,quantile,0.7,416.65206410661614
2026-10-03,3,wk inc covid hosp,2026-10-24,42,quantile,0.75,479.7074734810781
2026-10-03,3,wk inc covid hosp,2026-10-24,42,quantile,0.8,493.91497329377347
2026-10-03,3,wk inc covid hosp,2026-10-24,42,quantile,0.85,514.409187674368
2026-10-03,3,wk inc covid hosp,2026-10-24,42,quantile,0.9,571.3345876716505
2026-10-03,3,wk inc covid hosp,2026-10-24,42,quantile,0.95,651.4995343828539
2026-10-03,3,wk inc covid hosp,2026-10-24,42,quantile,0.975,700.1175711828739
2026-10-03,3,wk inc covid hosp,2026-10-24,42,quantile,0.99,823.1214037710895
2026-10-03,3,wk inc covid hosp,2026-10-24,44,quantile,0.01,1.8144598469530981
2026-10-03,3,wk inc covid hosp,2026-10-24,44,quantile,0.025,3.6831199840240485
2026-10-03,3,wk inc covid hosp,2026-10-24,44,quantile,0.05,5.516995239414872
2026-10-03,3,wk inc covid hosp,2026-10-24,44,quantile,0.1,8.761023181253064
2026-10-03,3,wk inc covid hosp,2026-10-24,44,quantile,0.15,10.509975690141314
2026-10-03,3,wk inc covid hosp,2026-10-24,44,quantile,0.2,11.502816914864917
2026-10-03,3,wk inc covid hosp,2026-10-24,44,quantile,0.25,11.882225206480658
2026-10-03,3,wk inc covid hosp,2026-10-24,44,quantile,0.3,12.661470426492265
2026-10-03,3,wk inc covid hosp,2026-10-24,44,quantile,0.35,16.224601864373433
2026-10-03,3,wk inc covid hosp,2026-10-24,44,quantile,0.4,17.483269348946216
2026-10-03,3,wk inc covid hosp,2026-10-24,44,quantile,0.45,20.13251333177666
2026-10-03,3,wk inc covid hosp,2026-10-24,44,quantile,0.5,21.36662330213875
2026-10-03,3,wk inc covid hosp,2026-10-24,44,quantile,0.55,23.800526172996936
2026-10-03,3,wk inc covid hosp,2026-10-24,44,quantile,0.6,24.64004030200498
2026-10-03,3,wk inc covid hosp,2026-10-24,44,quantile,0.65,26.29628876966457
2026-10-03,3,wk inc covid hosp,2026-10-24,44,quantile,0.7,26.631405259067606
2026-10-03,3,wk inc covid hosp,2026-10-24,44,quantile,0.75,36.9091166707946
2026-10-03,3,wk inc covid hosp,2026-10-24,44,quantile,0.8,42.90850378712155
2026-10-03,3,wk inc covid hosp,2026-10-24,44,quantile,0.85,47.14961691099664
2026-10-03,3,wk inc covid hosp,2026-10-24,44,quantile,0.9,52.791099439423945
2026-10-03,3,wk inc covid hosp,2026-10-24,44,quantile,0.95,54.181140855080415
2026-10-03,3,wk inc covid hosp,2026-10-24,44,quantile,0.975,54.94516130152033
2026-10-03,3,wk inc covid hosp,2026-10-24,44,quantile,0.99,60.013002349351176
2026-10-03,3,wk inc covid hosp,2026-10-24,45,quantile,0.01,23.50225219277352
2026-10-03,3,wk inc covid hosp,2026-10-24,45,quantile,0.025,25.896347543334088
2026-10-03,3,wk inc covid hosp,2026-10-24,45,quantile,0.05,28.04485146942043
2026-10-03,3,wk inc covid hosp,2026-10-24,45,quantile,0.1,32.7614365964974
2026-10-03,3,wk inc covid hosp,2026-10-24,45,quantile,0.15,43.550620876613536
2026-10-03,3,wk inc covid hosp,2026-10-24,45,quantile,0.2,54.372064052717924
2026-10-03,3,wk inc covid hosp,2026-10-24,45,quantile,0.25,60.97793767707217
2026-10-03,3,wk inc covid hosp,2026-10-24,45,quantile,0.3,66.14278823512822
2026-10-03,3,wk inc covid hosp,2026-10-24,45,quantile,0.35,74.36954813297102
2026-10-03,3,wk inc covid hosp,2026-10-24,45,quantile,0.4,80.95371075929684
2026-10-03,3,wk inc covid hosp,2026-10-24,45,quantile,0.45,93.55793008693156
2026-10-03,3,wk inc covid hosp,2026-10-24,45,quantile,0.5,96.58116377354919
2026-10-03,3,wk inc covid hosp,2026-10-24,45,quantile,0.55,100.03386778045657
2026-10-03,3,wk inc covid hosp,2026-10-24,45,quantile,0.6,103.87994870571958
2026-10-03,3,wk inc covid hosp,2026-10-24,45,quantile,0.65,123.14484753546664
2026-10-03,3,wk inc covid hosp,2026-10-24,45,quantile,0.7,127.76298181396776
2026-10-03,3,wk inc covid hosp,2026-10-24,45,quantile,0.75,155.8021619506472
2026-10-03,3,wk inc covid hosp,2026-10-24,45,quantile,0.8,180.54230508708747
2026-10-03,3,wk inc covid hosp,2026-10-24,45,quantile,0.85,213.4321223282774
2026-10-03,3,wk inc covid hosp,2026-10-24,45,quantile,0.9,245.4632277024953
2026-10-03,3,wk inc covid hosp,2026-10-24,45,quantile,0.95,291.3520807465272
2026-10-03,3,wk inc covid hosp,2026-10-24,45,quantile,0.975,318.12695393897485
2026-10-03,3,wk inc covid hosp,2026-10-24,45,quantile,0.99,324.6766144411415
2026-10-03,3,wk inc covid hosp,2026-10-24,46,quantile,0.01,0.0
2026-10-03,3,wk inc covid hosp,2026-10-24,46,quantile,0.025,0.0
2026-10-03,3,wk inc covid hosp,2026-10-24,46,quantile,0.05,0.0
2026-10-03,3,wk inc covid hosp,2026-10-24,46,quantile,0.1,0.2642236773498436
2026-10-03,3,wk inc covid hosp,2026-10-24,46,quantile,0.15,0.43682345341105766
2026-10-03,3,wk inc covid hosp,2026-10-24,46,quantile,0.2,0.8945580769691559
2026-10-03,3,wk inc covid hosp,2026-10-24,46,quantile,0.25,1.8949290419299392
2026-10-03,3,wk inc covid hosp,2026-10-24,46,quantile,0.3,2.098753103191001
2026-10-03,3,wk inc covid hosp,2026-10-24,46,quantile,0.35,2.5996004791053426
2026-10-03,3,wk inc covid hosp,2026-10-24,46,quantile,0.4,3.0971765309660415
2026-10-03,3,wk inc covid hosp,2026-10-24,46,quantile,0.45,3.770400244559244
2026-10-03,3,wk inc covid hosp,2026-10-24,46,quantile,0.5,4.53371996709577
2026-10-03,3,wk inc covid hosp,2026-10-24,46,quantile,0.55,4.679146964576949
2026-10-03,3,wk inc covid hosp,2026-10-24,46,quantile,0.6,5.092879665767956
2026-10-03,3,wk inc covid hosp,2026-10-24,46,quantile,0.65,5.54461552925096
2026-10-03,3,wk inc covid hosp,2026-10-24,46,quantile,0.7,6.000670001920175
2026-10-03,3,wk inc covid hosp,2026-10-24,46,quantile,0.75,6.133609431845241
2026-10-03,3,wk inc covid hosp,2026-10-24,46,quantile,0.8,7.02207353762426
2026-10-03,3,wk inc covid hosp,2026-10-24,46,quantile,0.85,7.818874170663472
2026-10-03,3,wk inc covid hosp,2026-10-24,46,quantile,0.9,9.528964745364563
2026-10-03,3,wk inc covid hosp,2026-10-24,46,quantile,0.95,18.76042800935288
2026-10-03,3,wk inc covid hosp,2026-10-24,46,quantile,0.975,21.031794529584495
2026-10-03,3,wk inc covid hosp,2026-10-24,46,quantile,0.99,24.862271000317108
2026-10-03,3,wk inc covid hosp,2026-10-24,47,quantile,0.01,7.715667190801524
2026-10-03,3,wk inc covid hosp,2026-10-24,47,quantile,0.025,13.943917250306708
2026-10-03,3,wk inc covid hosp,2026-10-24,47,quantile,0.05,18.29984238364363
2026-10-03,3,wk inc covid hosp,2026-10-24,47,quantile,0.1,26.753760476886015
2026-10-03,3,wk inc covid hosp,2026-10-24,47,quantile,0.15,33.626176095039845
2026-10-03,3,wk inc covid hosp,2026-10-24,47,quantile,0.2,34.80879845495582
2026-10-03,3,wk inc covid hosp,2026-10-24,47,quantile,0.25,38.69224678185583
2026-10-03,3,wk inc covid hosp,2026-10-24,47,quantile,0.3,42.38003627652857
2026-10-03,3,wk inc covid hosp,2026-10-24,47,quantile,0.35,47.11528102174334
2026-10-03,3,wk inc covid hosp,2026-10-24,47,quantile,0.4,51.126504149459386
2026-10-03,3,wk inc covid hosp,2026-10-24,47,quantile,0.45,54.56790744289223
2026-10-03,3,wk inc covid hosp,2026-10-24,47,quantile,0.5,57.050791609219154
2026-10-03,3,wk inc covid hosp,2026-10-24,47,quantile,0.55,60.751889939084315
2026-10-03,3,wk inc covid hosp,2026-10-24,47,quantile,0.6,68.11087982713323
2026-10-03,3,wk inc covid hosp,2026-10-24,47,quantile,0.65,71.04442675727273
2026-10-03,3,wk inc covid hosp,2026-10-24,47,quantile,0.7,76.82685437126464
2026-10-03,3,wk inc covid hosp,2026-10-24,47,quantile,0.75,83.94074642573098
2026-10-03,3,wk inc covid hosp,2026-10-24,47,quantile,0.8,97.24441971068964
2026-10-03,3,wk inc covid hosp,2026-10-24,47,quantile,0.85,106.69976029454878
2026-10-03,3,wk inc covid hosp,2026-10-24,47,quantile,0.9,113.71815866980309
2026-10-03,3,wk inc covid hosp,2026-10-24,47,quantile,0.95,143.45346721305702
2026-10-03,3,wk inc covid hosp,2026-10-24,47,quantile,0.975,159.17138686310932
2026-10-03,3,wk inc covid hosp,2026-10-24,47,quantile,0.99,167.98521104093209
2026-10-03,3,wk inc covid hosp,2026-10-24,48,quantile,0.01,13.350035287402973
2026-10-03,3,wk inc covid hosp,2026-10-24,48,quantile,0.025,103.00442632134545
2026-10-03,3,wk inc covid hosp,2026-10-24,48,quantile,0.05,112.27384051118507
2026-10-03,3,wk inc covid hosp,2026-10-24,48,quantile,0.1,147.71699506432998
2026-10-03,3,wk inc covid hosp,2026-10-24,48,quantile,0.15,202.67310607165285
2026-10-03,3,wk inc covid hosp,2026-10-24,48,quantile,0.2,230.86958936054424
2026-10-03,3,wk inc covid hosp,2026-10-24,48,quantile,0.25,245.31640631732463
2026-10-03,3,wk inc covid hosp,2026-10-24,48,quantile,0.3,265.0131394057852
2026-10-03,3,wk inc covid hosp,2026-10-24,48,quantile,0.35,300.4121317182476
2026-10-03,3,wk inc covid hosp,2026-10-24,48,quantile,0.4,322.18277953642
2026-10-03,3,wk inc covid hosp,2026-10-24,48,quantile,0.45,336.11876647901823
2026-10-03,3,wk inc covid hosp,2026-10-24,48,quantile,0.5,365.0321469472241
2026-10-03,3,wk inc covid hosp,2026-10-24,48,quantile,0.55,397.1164524818614
2026-10-03,3,wk inc covid hosp,2026-10-24,48,quantile,0.6,414.33041695798164
2026-10-03,3,wk inc covid hosp,2026-10-24,48,quantile,0.65,430.55943301622403
2026-10-03,3,wk inc covid hosp,2026-10-24,48,quantile,0.7,456.6290890464399
2026-10-03,3,wk inc covid hosp,2026-10-24,48,quantile,0.75,466.3501162079375
2026-10-03,3,wk inc covid hosp,2026-10-24,48,quantile,0.8,484.49451171415217
2026-10-03,3,wk inc covid hosp,2026-10-24,48,quantile,0.85,491.43919888813616
2026-10-03,3,wk inc covid hosp,2026-10-24,48,quantile,0.9,546.1235215837974
2026-10-03,3,wk inc covid hosp,2026-10-24,48,quantile,0.95,626.3143168537686
2026-10-03,3,wk inc covid hosp,2026-10-24,48,quantile,0.975,697.466274903873
2026-10-03,3,wk inc covid hosp,2026-10-24,48,quantile,0.99,720.0673026463826
2026-10-03,3,wk inc covid hosp,2026-10-24,49,quantile,0.01,6.158216683589844
2026-10-03,3,wk inc covid hosp,2026-10-24,49,quantile,0.025,8.746180265981243
2026-10-03,3,wk inc covid hosp,2026-10-24,49,quantile,0.05,9.003350215059962
2026-10-03,3,wk inc covid hosp,2026-10-24,49,quantile,0.1,11.336263375002842
2026-10-03,3,wk inc covid hosp,2026-10-24,49,quantile,0.15,15.47086550733109
2026-10-03,3,wk inc covid hosp,2026-10-24,49,quantile,0.2,19.62117457918846
2026-10-03,3,wk inc covid hosp,2026-10-24,49,quantile,0.25,20.309941545352046
2026-10-03,3,wk inc covid hosp,2026-10-24,49,quantile,0.3,21.93718664990831
2026-10-03,3,wk inc covid hosp,2026-10-24,49,quantile,0.35,22.354066122983106
2026-10-03,3,wk inc covid hosp,2026-10-24,49,quantile,0.4,23.91766385827708
2026-10-03,3,wk inc covid hosp,2026-10-24,49,quantile,0.45,26.089724561571842
2026-10-03,3,wk inc covid hosp,2026-10-24,49,quantile,0.5,28.61294917010079
2026-10-03,3,wk inc covid hosp,2026-10-24,49,quantile,0.55,33.52621549237269
2026-10-03,3,wk inc covid hosp,2026-10-24,49,quantile,0.6,35.753768508606555
2026-10-03,3,wk inc covid hosp,2026-10-24,49,quantile,0.65,38.35964123858275
2026-10-03,3,wk inc covid hosp,2026-10-24,49,quantile,0.7,40.598075402645726
2026-10-03,3,wk inc covid hosp,2026-10-24,49,quantile,0.75,43.405509332123664
2026-10-03,3,wk inc covid hosp,2026-10-24,49,quantile,0.8,45.64229873961759
2026-10-03,3,wk inc covid hosp,2026-10-24,49,quantile,0.85,47.94924455488413
2026-10-03,3,wk inc covid hosp,2026-10-24,49,quantile,0.9,50.33752011813923
2026-10-03,3,wk inc covid hosp,2026-10-24,49,quantile,0.95,58.32025388336599
2026-10-03,3,wk inc covid hosp,2026-10-24,49,quantile,0.975,61.02087254518708
2026-10-03,3,wk inc covid hosp,2026-10-24,49,quantile,0.99,66.03968667029149
2026-10-03,3,wk inc covid hosp,2026-10-24,50,quantile,0.01,1.446640052487075
2026-10-03,3,wk inc covid hosp,2026-10-24,50,quantile,0.025,1.7313065298354657
2026-10-03,3,wk inc covid hosp,2026-10-24,50,quantile,0.05,2.56554523583288
2026-10-03,3,wk inc covid hosp,2026-10-24,50,quantile,0.1,3.783418537864363
2026-10-03,3,wk inc covid hosp,2026-10-24,50,quantile,0.15,4.052050826955565
2026-10-03,3,wk inc covid hosp,2026-10-24,50,quantile,0.2,5.175412399190104
2026-10-03,3,wk inc covid hosp,2026-10-24,50,quantile,0.25,5.562956368738822
2026-10-03,3,wk inc covid hosp,2026-10-24,50,quantile,0.3,5.804210907936043
2026-10-03,3,wk inc covid hosp,2026-10-24,50,quantile,0.35,7.283435854034587
2026-10-03,3,wk inc covid hosp,2026-10-24,50,quantile,0.4,7.671949497118198
2026-10-03,3,wk inc covid hosp,2026-10-24,50,quantile,0.45,7.821480299246814
2026-10-03,3,wk inc covid hosp,2026-10-24,50,quantile,0.5,8.481953564393594
2026-10-03,3,wk inc covid hosp,2026-10-24,50,quantile,0.55,10.874762785325952
2026-10-03,3,wk inc covid hosp,2026-10-24,50,quantile,0.6,11.952499186523676
2026-10-03,3,wk inc covid hosp,2026-10-24,50,quantile,0.65,13.668771623169057
2026-10-03,3,wk inc covid hosp,2026-10-24,50,quantile,0.7,15.508113391102395
2026-10-03,3,wk inc covid hosp,2026-10-24,50,quantile,0.75,16.702449979473972
2026-10-03,3,wk inc covid hosp,2026-10-24,50,quantile,0.8,20.816082186765584
2026-10-03,3,wk inc covid hosp,2026-10-24,50,quantile,0.85,26.828731110374363
2026-10-03,3,wk inc covid hosp,2026-10-24,50,quantile,0.9,29.15110516640609
2026-10-03,3,wk inc covid hosp,2026-10-24,50,quantile,0.95,33.81979590641095
2026-10-03,3,wk inc covid hosp,2026-10-24,50,quantile,0.975,40.09950945420134
2026-10-03,3,wk inc covid hosp,2026-10-24,50,quantile,0.99,45.84594278143457
2026-10-03,3,wk inc covid hosp,2026-10-24,51,quantile,0.01,16.039402026398715
2026-10-03,3,wk inc covid hosp,2026-10-24,51,quantile,0.025,19.199934504803977
2026-10-03,3,wk inc covid hosp,2026-10-24,51,quantile,0.05,21.743199782528684
2026-10-03,3,wk inc covid hosp,2026-10-24,51,quantile,0.1,27.315979780688966
2026-10-03,3,wk inc covid hosp,2026-10-24,51,quantile,0.15,41.485793614119714
2026-10-03,3,wk inc covid hosp,2026-10-24,51,quantile,0.2,49.14854955375571
2026-10-03,3,wk inc covid hosp,2026-10-24,51,quantile,0.25,51.098528633527366
2026-10-03,3,wk inc covid hosp,2026-10-24,51,quantile,0.3,53.746753028173615
2026-10-03,3,wk inc covid hosp,2026-10-24,51,quantile,0.35,59.33022524313583
2026-10-03,3,wk inc covid hosp,2026-10-24,51,quantile,0.4,62.54488941697285
2026-10-03,3,wk inc covid hosp,2026-10-24,51,quantile,0.45,67.57110873298251
2026-10-03,3,wk inc covid hosp,2026-10-24,51,quantile,0.5,77.89112843713735
2026-10-03,3,wk inc covid hosp,2026-10-24,51,quantile,0.55,83.66181759532861
2026-10-03,3,wk inc covid hosp,2026-10-24,51,quantile,0.6,88.86338486744438
2026-10-03,3,wk inc covid hosp,2026-10-24,51,quantile,0.65,93.1807311794465
2026-10-03,3,wk inc covid hosp,2026-10-24,51,quantile,0.7,95.23978796910697
2026-10-03,3,wk inc covid hosp,2026-10-24,51,quantile,0.75,97.57393643269327
2026-10-03,3,wk inc covid hosp,2026-10-24,51,quantile,0.8,106.01407747768972
2026-10-03,3,wk inc covid hosp,2026-10-24,51,quantile,0.85,111.26036465874883
2026-10-03,3,wk inc covid hosp,2026-10-24,51,quantile,0.9,125.62255121614098
2026-10-03,3,wk inc covid hosp,2026-10-24,51,quantile,0.95,147.30989929532393
2026-10-03,3,wk inc covid hosp,2026-10-24,51,quantile,0.975,152.33273994635698
2026-10-03,3,wk inc covid hosp,2026-10-24,51,quantile,0.99,166.30719624286598
2026-10-03,3,wk inc covid hosp,2026-10-24,53,quantile,0.01,55.000953187145875
2026-10-03,3,wk inc covid hosp,2026-10-24,53,quantile,0.025,64.09481346145832
2026-10-03,3,wk inc covid hosp,2026-10-24,53,quantile,0.05,80.53075715275375
2026-10-03,3,wk inc covid hosp,2026-10-24,53,quantile,0.1,111.7008319260949
2026-10-03,3,wk inc covid hosp,2026-10-24,53,quantile,0.15,135.9873716355233
2026-10-03,3,wk inc covid hosp,2026-10-24,53,quantile,0.2,151.10810151350816
2026-10-03,3,wk inc covid hosp,2026-10-24,53,quantile,0.25,155.86608070872194
2026-10-03,3,wk inc covid hosp,2026-10-24,53,quantile,0.3,158.6667772903313
2026-10-03,3,wk inc covid hosp,2026-10-24,53,quantile,0.35,164.6447143030726
2026-10-03,3,wk inc covid hosp,2026-10-24,53,quantile,0.4,166.60669204256112
2026-10-03,3,wk inc covid hosp,2026-10-24,53,quantile,0.45,171.38385478276928
2026-10-03,3,wk inc covid hosp,2026-10-24,53,quantile,0.5,177.73639515441067
2026-10-03,3,wk inc covid hosp,2026-10-24,53,quantile,0.55,182.51964272750251
2026-10-03,3,wk inc covid hosp,2026-10-24,53,quantile,0.6,200.94431717506384
2026-10-03,3,wk inc covid hosp,2026-10-24,53,quantile,0.65,207.5390648001595
2026-10-03,3,wk inc covid hosp,2026-10-24,53,quantile,0.7,219.1390668074009
2026-10-03,3,wk inc covid hosp,2026-10-24,53,quantile,0.75,230.6277387626554
2026-10-03,3,wk inc covid hosp,2026-10-24,53,quantile,0.8,252.96294395690353
2026-10-03,3,wk inc covid hosp,2026-10-24,53,quantile,0.85,282.97615078221014
2026-10-03,3,wk inc covid hosp,2026-10-24,53,quantile,0.9,321.42848961050464
2026-10-03,3,wk inc covid hosp,2026-10-24,53,quantile,0.95,379.03784665991145
2026-10-03,3,wk inc covid hosp,2026-10-24,53,quantile,0.975,412.0875968475559
2026-10-03,3,wk inc covid hosp,2026-10-24,53,quantile,0.99,441.13497431635744
2026-10-03,3,wk inc covid hosp,2026-10-24,54,quantile,0.01,0.9429279295778807
2026-10-03,3,wk inc covid hosp,2026-10-24,54,quantile,0.025,2.9087339865577033
2026-10-03,3,wk inc covid hosp,2026-10-24,54,quantile,0.05,4.82409499846394
2026-10-03,3,wk inc covid hosp,2026-10-24,54,quantile,0.1,10.783357823683104
2026-10-03,3,wk inc covid hosp,2026-10-24,54,quantile,0.15,14.853926794726883
2026-10-03,3,wk inc covid hosp,2026-10-24,54,quantile,0.2,18.494106848902376
2026-10-03,3,wk inc covid hosp,2026-10-24,54,quantile,0.25,22.552530661326074
2026-10-03,3,wk inc covid hosp,2026-10-24,54,quantile,0.3,26.70928671062738
2026-10-03,3,wk inc covid hosp,2026-10-24,54,quantile,0.35,32.85543752010309
2026-10-03,3,wk inc covid hosp,2026-10-24,54,quantile,0.4,34.40534229477333
2026-10-03,3,wk inc covid hosp,2026-10-24,54,quantile,0.45,37.131024039804586
2026-10-03,3,wk inc covid hosp,2026-10-24,54,quantile,0.5,37.90104851851628
2026-10-03,3,wk inc covid hosp,2026-10-24,54,quantile,0.55,40.31336505256678
2026-10-03,3,wk inc covid hosp,2026-10-24,54,quantile,0.6,46.022566662011045
2026-10-03,3,wk inc covid hosp,2026-10-24,54,quantile,0.65,52.17856429592764
2026-10-03,3,wk inc covid hosp,2026-10-24,54,quantile,0.7,56.76329283519414
2026-10-03,3,wk inc covid hosp,2026-10-24,54,quantile,0.75,62.28377744119173
2026-10-03,3,wk inc covid hosp,2026-10-24,54,quantile,0.8,72.31709731890818
2026-10-03,3,wk inc covid hosp,2026-10-24,54,quantile,0.85,78.96236076638719
2026-10-03,3,wk inc covid hosp,2026-10-24,54,quantile,0.9,101.25347262877958
2026-10-03,3,wk inc covid hosp,2026-10-24,54,quantile,0.95,131.96791476929064
2026-10-03,3,wk inc covid hosp,2026-10-24,54,quantile,0.975,141.44162781717026
2026-10-03,3,wk inc covid hosp,2026-10-24,54,quantile,0.99,158.8755996081496
2026-10-03,3,wk inc covid hosp,2026-10-24,55,quantile,0.01,8.640473512326954
2026-10-03,3,wk inc covid hosp,2026-10-24,55,quantile,0.025,12.260947886576153
2026-10-03,3,wk inc covid hosp,2026-10-24,55,quantile,0.05,20.466470599642854
2026-10-03,3,wk inc covid hosp,2026-10-24,55,quantile,0.1,24.628468132764908
2026-10-03,3,wk inc covid hosp,2026-10-24,55,quantile,0.15,28.864409597146846
2026-10-03,3,wk inc covid hosp,2026-10-24,55,quantile,0.2,37.201183245894974
2026-10-03,3,wk inc covid hosp,2026-10-24,55,quantile,0.25,39.53045301237385
2026-10-03,3,wk inc covid hosp,2026-10-24,55,quantile,0.3,43.01495874117225
2026-10-03,3,wk inc covid hosp,2026-10-24,55,quantile,0.35,45.891781748634244
2026-10-03,3,wk inc covid hosp,2026-10-24,55,quantile,0.4,49.351813814917996
2026-10-03,3,wk inc covid hosp,2026-10-24,55,quantile,0.45,52.340322178717145
2026-10-03,3,wk inc covid hosp,2026-10-24,55,quantile,0.5,58.60872565086987
2026-10-03,3,wk inc covid hosp,2026-10-24,55,quantile,0.55,63.595245272782485
2026-10-03,3,wk inc covid hosp,2026-10-24,55,quantile,0.6,68.17551719928309
2026-10-03,3,wk inc covid hosp,2026-10-24,55,quantile,0.65,71.50305958323283
2026-10-03,3,wk inc covid hosp,2026-10-24,55,quantile,0.7,78.39734808200798
2026-10-03,3,wk inc covid hosp,2026-10-24,55,quantile,0.75,83.27453329739546
2026-10-03,3,wk inc covid hosp,2026-10-24,55,quantile,0.8,98.92755281352854
2026-10-03,3,wk inc covid hosp,2026-10-24,55,quantile,0.85,107.83215308422875
2026-10-03,3,wk inc covid hosp,2026-10-24,55,quantile,0.9,135.34871657481594
2026-10-03,3,wk inc covid hosp,2026-10-24,55,quantile,0.95,152.7392365309088
2026-10-03,3,wk inc covid hosp,2026-10-24,55,quantile,0.975,167.50939552570492
2026-10-03,3,wk inc covid hosp,2026-10-24,55,quantile,0.99,174.0808213389638
2026-10-03,3,wk inc covid hosp,2026-10-24,56,quantile,0.01,0.32912433270381264
2026-10-03,3,wk inc covid hosp,2026-10-24,56,quantile,0.025,0.5177421574778984
2026-10-03,3,wk inc covid hosp,2026-10-24,56,quantile,0.05,1.4644481343367795
2026-10-03,3,wk inc covid hosp,2026-10-24,56,quantile,0.1,1.7633069352560875
2026-10-03,3,wk inc covid hosp,2026-10-24,56,quantile,0.15,2.1224342369867095
2026-10-03,3,wk inc covid hosp,2026-10-24,56,quantile,0.2,2.429918354610299
2026-10-03,3,wk inc covid hosp,2026-10-24,56,quantile,0.25,3.285059139825088
2026-10-03,3,wk inc covid hosp,2026-10-24,56,quantile,0.3,3.8729245757618056
2026-10-03,3,wk inc covid hosp,2026-10-24,56,quantile,0.35,4.977111817908013
2026-10-03,3,wk inc covid hosp,2026-10-24,56,quantile,0.4,6.006443665963584
2026-10-03,3,wk inc covid hosp,2026-10-24,56,quantile,0.45,6.800596893072814
2026-10-03,3,wk inc covid hosp,2026-10-24,56,quantile,0.5,7.10375826250864
2026-10-03,3,wk inc covid hosp,2026-10-24,56,quantile,0.55,7.596468680493264
2026-10-03,3,wk inc covid hosp,2026-10-24,56,quantile,0.6,8.177391802520159
2026-10-03,3,wk inc covid hosp,2026-10-24,56,quantile,0.65,8.737053022069814
2026-10-03,3,wk inc covid hosp,2026-10-24,56,quantile,0.7,9.744151378613964
2026-10-03,3,wk inc covid hosp,2026-10-24,56,quantile,0.75,10.202598656365275
2026-10-03,3,wk inc covid hosp,2026-10-24,56,quantile,0.8,10.741278181114076
2026-10-03,3,wk inc covid hosp,2026-10-24,56,quantile,0.85,11.061990729467142
2026-10-03,3,wk inc covid hosp,2026-10-24,56,quantile,0.9,13.156325263171137
2026-10-03,3,wk inc covid hosp,2026-10-24,56,quantile,0.95,19.761995768906093
2026-10-03,3,wk inc covid hosp,2026-10-24,56,quantile,0.975,24.449219029373122
2026-10-03,3,wk inc covid hosp,2026-10-24,56,quantile,0.99,41.63019766885217
2026-10-03,3,wk inc covid hosp,2026-10-24,72,quantile,0.01,22.52712946924514
2026-10-03,3,wk inc covid hosp,2026-10-24,72,quantile,0.025,25.00571845701323
2026-10-03,3,wk inc covid hosp,2026-10-24,72,quantile,0.05,28.5173644738032
2026-10-03,3,wk inc covid hosp,2026-10-24,72,quantile,0.1,44.29401326973674
2026-10-03,3,wk inc covid hosp,2026-10-24,72,quantile,0.15,53.598097184149225
2026-10-03,3,wk inc covid hosp,2026-10-24,72,quantile,0.2,55.48914862065864
2026-10-03,3,wk inc covid hosp,2026-10-24,72,quantile,0.25,62.89057402211823
2026-10-03,3,wk inc covid hosp,2026-10-24,72,quantile,0.3,67.5747352223708
2026-10-03,3,wk inc covid hosp,2026-10-24,72,quantile,0.35,70.21630542306822
2026-10-03,3,wk inc covid hosp,2026-10-24,72,quantile,0.4,73.408861883996
2026-10-03,3,wk inc covid hosp,2026-10-24,72,quantile,0.45,84.45061784358482
2026-10-03,3,wk inc covid hosp,2026-10-24,72,quantile,0.5,90.63741575854404
2026-10-03,3,wk inc covid hosp,2026-10-24,72,quantile,0.55,96.445533894812
2026-10-03,3,wk inc covid hosp,2026-10-24,72,quantile,0.6,104.91519062452733
2026-10-03,3,wk inc covid hosp,2026-10-24,72,quantile,0.65,116.70924452757484
2026-10-03,3,wk inc covid hosp,2026-10-24,72,quantile,0.7,119.4470221303008
2026-10-03,3,wk inc covid hosp,2026-10-24,72,quantile,0.75,126.4521363068472
2026-10-03,3,wk inc covid hosp,2026-10-24,72,quantile,0.8,145.01320501164486
2026-10-03,3,wk inc covid hosp,2026-10-24,72,quantile,0.85,158.45529567687993
2026-10-03,3,wk inc covid hosp,2026-10-24,72,quantile,0.9,167.6548735605282
2026-10-03,3,wk inc covid hosp,2026-10-24,72,quantile,0.95,172.33534042300994
2026-10-03,3,wk inc covid hosp,2026-10-24,72,quantile,0.975,187.93817788628917
2026-10-03,3,wk inc covid hosp,2026-10-24,72,quantile,0.99,219.76639463421148
2026-10-03,3,wk inc covid hosp,2026-10-24,US,quantile,0.01,1257.8556469322498
2026-10-03,3,wk inc covid hosp,2026-10-24,US,quantile,0.025,1583.576871370149
2026-10-03,3,wk inc covid hosp,2026-10-24,US,quantile,0.05,1763.2800720916794
2026-10-03,3,wk inc covid hosp,2026-10-24,US,quantile,0.1,2271.765554112651
2026-10-03,3,wk inc covid hosp,2026-10-24,US,quantile,0.15,2425.5670936734473
2026-10-03,3,wk inc covid hosp,2026-10-24,US,quantile,0.2,2612.354359635736
2026-10-03,3,wk inc covid hosp,2026-10-24,US,quantile,0.25,2804.0939103374876
2026-10-03,3,wk inc covid hosp,2026-10-24,US,quantile,0.3,3073.8494570390117
2026-10-03,3,wk inc covid hosp,2026-10-24,US,quantile,0.35,3288.3269742522725
2026-10-03,3,wk inc covid hosp,2026-10-24,US,quantile,0.4,3361.9949402222023
2026-10-03,3,wk inc covid hosp,2026-10-24,US,quantile,0.45,3530.1475014263256
2026-10-03,3,wk inc covid hosp,2026-10-24,US,quantile,0.5,3710.6467545004302
2026-10-03,3,wk inc covid hosp,2026-10-24,US,quantile,0.55,3796.1406072909303
2026-10-03,3,wk inc covid hosp,2026-10-24,US,quantile,0.6,4252.930184564099
2026-10-03,3,wk inc covid hosp,2026-10-24,US,quantile,0.65,4565.136595613194
2026-10-03,3,wk inc covid hosp,2026-10-24,US,quantile,0.7,4755.278128542707
2026-10-03,3,wk inc covid hosp,2026-10-24,US,quantile,0.75,5032.772682151963
2026-10-03,3,wk inc covid hosp,2026-10-24,US,quantile,0.8,5165.0528428122925
2026-10-03,3,wk inc covid hosp,2026-10-24,US,quantile,0.85,6249.803252523383
2026-10-03,3,wk inc covid hosp,2026-10-24,US,quantile,0.9,7361.271265429565
2026-10-03,3,wk inc covid hosp,2026-10-24,US,quantile,0.95,7812.240099921961
2026-10-03,3,wk inc covid hosp,2026-10-24,US,quantile,0.975,8225.811527647447
2026-10-03,3,wk inc covid hosp,2026-10-24,US,quantile,0.99,8368.714252455846
