location,reference_date,horizon,target_end_date,target,output_type,output_type_id,value
01,2026-09-05,0,2026-09-05,wk inc covid hosp,quantile,0.01,38.77085398122798
02,2026-09-05,0,2026-09-05,wk inc covid hosp,quantile,0.01,0.45286881766452464
04,2026-09-05,0,2026-09-05,wk inc covid hosp,quantile,0.01,42.552433298269136
05,2026-09-05,0,2026-09-05,wk inc covid hosp,quantile,0.01,0.7473259839823811
06,2026-09-05,0,2026-09-05,wk inc covid hosp,quantile,0.01,316.71409403026394
08,2026-09-05,0,2026-09-05,wk inc covid hosp,quantile,0.01,6.838591155193162
09,2026-09-05,0,2026-09-05,wk inc covid hosp,quantile,0.01,4.703910451851069
10,2026-09-05,0,2026-09-05,wk inc covid hosp,quantile,0.01,1.172071512668461
11,2026-09-05,0,2026-09-05,wk inc covid hosp,quantile,0.01,0.6993984131372772
12,2026-09-05,0,2026-09-05,wk inc covid hosp,quantile,0.01,192.71924813610084
13,2026-09-05,0,2026-09-05,wk inc covid hosp,quantile,0.01,66.3172630324239
15,2026-09-05,0,2026-09-05,wk inc covid hosp,quantile,0.01,13.133831080739261
16,2026-09-05,0,2026-09-05,wk inc covid hosp,quantile,0.01,4.802837256052756
17,2026-09-05,0,2026-09-05,wk inc covid hosp,quantile,0.01,10.121986811863401
18,2026-09-05,0,2026-09-05,wk inc covid hosp,quantile,0.01,0.04055290713589238
19,2026-09-05,0,2026-09-05,wk inc covid hosp,quantile,0.01,0.0
20,2026-09-05,0,2026-09-05,wk inc covid hosp,quantile,0.01,1.1734746520013066
21,2026-09-05,0,2026-09-05,wk inc covid hosp,quantile,0.01,7.02532585429682
22,2026-09-05,0,2026-09-05,wk inc covid hosp,quantile,0.01,33.85427885740055
23,2026-09-05,0,2026-09-05,wk inc covid hosp,quantile,0.01,0.0
24,2026-09-05,0,2026-09-05,wk inc covid hosp,quantile,0.01,0.0
25,2026-09-05,0,2026-09-05,wk inc covid hosp,quantile,0.01,13.537311009486523
26,2026-09-05,0,2026-09-05,wk inc covid hosp,quantile,0.01,5.045801469650253
27,2026-09-05,0,2026-09-05,wk inc covid hosp,quantile,0.01,4.782611378592248
28,2026-09-05,0,2026-09-05,wk inc covid hosp,quantile,0.01,9.419803812722911
29,2026-09-05,0,2026-09-05,wk inc covid hosp,quantile,0.01,14.310047654718398
30,2026-09-05,0,2026-09-05,wk inc covid hosp,quantile,0.01,0.5547150602578304
31,2026-09-05,0,2026-09-05,wk inc covid hosp,quantile,0.01,0.8256545313746418
32,2026-09-05,0,2026-09-05,wk inc covid hosp,quantile,0.01,1.2687041155029732
33,2026-09-05,0,2026-09-05,wk inc covid hosp,quantile,0.01,0.11627254594572782
34,2026-09-05,0,2026-09-05,wk inc covid hosp,quantile,0.01,53.37874995399313
35,2026-09-05,0,2026-09-05,wk inc covid hosp,quantile,0.01,4.219231552581673
36,2026-09-05,0,2026-09-05,wk inc covid hosp,quantile,0.01,105.81319351515825
37,2026-09-05,0,2026-09-05,wk inc covid hosp,quantile,0.01,73.67651483118847
38,2026-09-05,0,2026-09-05,wk inc covid hosp,quantile,0.01,0.0
39,2026-09-05,0,2026-09-05,wk inc covid hosp,quantile,0.01,17.327417610495804
40,2026-09-05,0,2026-09-05,wk inc covid hosp,quantile,0.01,5.068322270997719
41,2026-09-05,0,2026-09-05,wk inc covid hosp,quantile,0.01,5.78401611775189
42,2026-09-05,0,2026-09-05,wk inc covid hosp,quantile,0.01,38.8197342802761
44,2026-09-05,0,2026-09-05,wk inc covid hosp,quantile,0.01,0.28266959020337273
45,2026-09-05,0,2026-09-05,wk inc covid hosp,quantile,0.01,29.852903789180022
46,2026-09-05,0,2026-09-05,wk inc covid hosp,quantile,0.01,0.6532093450106491
47,2026-09-05,0,2026-09-05,wk inc covid hosp,quantile,0.01,45.05669488376373
48,2026-09-05,0,2026-09-05,wk inc covid hosp,quantile,0.01,247.62484658720496
49,2026-09-05,0,2026-09-05,wk inc covid hosp,quantile,0.01,0.27396991962904654
50,2026-09-05,0,2026-09-05,wk inc covid hosp,quantile,0.01,0.0
51,2026-09-05,0,2026-09-05,wk inc covid hosp,quantile,0.01,14.817230512610891
53,2026-09-05,0,2026-09-05,wk inc covid hosp,quantile,0.01,29.709103398385597
54,2026-09-05,0,2026-09-05,wk inc covid hosp,quantile,0.01,0.29450983169976136
55,2026-09-05,0,2026-09-05,wk inc covid hosp,quantile,0.01,10.153856964759362
56,2026-09-05,0,2026-09-05,wk inc covid hosp,quantile,0.01,0.22122309047009014
72,2026-09-05,0,2026-09-05,wk inc covid hosp,quantile,0.01,81.54764364824005
US,2026-09-05,0,2026-09-05,wk inc covid hosp,quantile,0.01,1969.7338807001452
01,2026-09-05,1,2026-09-12,wk inc covid hosp,quantile,0.01,33.94513066157462
02,2026-09-05,1,2026-09-12,wk inc covid hosp,quantile,0.01,0.3557453986519195
04,2026-09-05,1,2026-09-12,wk inc covid hosp,quantile,0.01,39.27382120214622
05,2026-09-05,1,2026-09-12,wk inc covid hosp,quantile,0.01,0.31750659136987125
06,2026-09-05,1,2026-09-12,wk inc covid hosp,quantile,0.01,284.5526145027815
08,2026-09-05,1,2026-09-12,wk inc covid hosp,quantile,0.01,5.854921836507912
09,2026-09-05,1,2026-09-12,wk inc covid hosp,quantile,0.01,4.085839340198962
10,2026-09-05,1,2026-09-12,wk inc covid hosp,quantile,0.01,1.0554069257059857
11,2026-09-05,1,2026-09-12,wk inc covid hosp,quantile,0.01,0.6267169989384226
12,2026-09-05,1,2026-09-12,wk inc covid hosp,quantile,0.01,166.38564905410203
13,2026-09-05,1,2026-09-12,wk inc covid hosp,quantile,0.01,61.49672565413301
15,2026-09-05,1,2026-09-12,wk inc covid hosp,quantile,0.01,11.638730761081245
16,2026-09-05,1,2026-09-12,wk inc covid hosp,quantile,0.01,4.41433693430709
17,2026-09-05,1,2026-09-12,wk inc covid hosp,quantile,0.01,9.706451829732318
18,2026-09-05,1,2026-09-12,wk inc covid hosp,quantile,0.01,0.0
19,2026-09-05,1,2026-09-12,wk inc covid hosp,quantile,0.01,0.0
20,2026-09-05,1,2026-09-12,wk inc covid hosp,quantile,0.01,0.9345386403802952
21,2026-09-05,1,2026-09-12,wk inc covid hosp,quantile,0.01,6.593250009983968
22,2026-09-05,1,2026-09-12,wk inc covid hosp,quantile,0.01,30.86473912985665
23,2026-09-05,1,2026-09-12,wk inc covid hosp,quantile,0.01,0.0
24,2026-09-05,1,2026-09-12,wk inc covid hosp,quantile,0.01,0.0
25,2026-09-05,1,2026-09-12,wk inc covid hosp,quantile,0.01,11.959689030472113
26,2026-09-05,1,2026-09-12,wk inc covid hosp,quantile,0.01,4.480117372373554
27,2026-09-05,1,2026-09-12,wk inc covid hosp,quantile,0.01,4.070166839145475
28,2026-09-05,1,2026-09-12,wk inc covid hosp,quantile,0.01,7.914428093549678
29,2026-09-05,1,2026-09-12,wk inc covid hosp,quantile,0.01,11.9432395976641
30,2026-09-05,1,2026-09-12,wk inc covid hosp,quantile,0.01,0.3537707944115179
31,2026-09-05,1,2026-09-12,wk inc covid hosp,quantile,0.01,0.7378545297761375
32,2026-09-05,1,2026-09-12,wk inc covid hosp,quantile,0.01,0.5090013424596262
33,2026-09-05,1,2026-09-12,wk inc covid hosp,quantile,0.01,0.01550383790212543
34,2026-09-05,1,2026-09-12,wk inc covid hosp,quantile,0.01,51.578737260986884
35,2026-09-05,1,2026-09-12,wk inc covid hosp,quantile,0.01,3.9864815823894144
36,2026-09-05,1,2026-09-12,wk inc covid hosp,quantile,0.01,95.40490439780086
37,2026-09-05,1,2026-09-12,wk inc covid hosp,quantile,0.01,66.60406141855653
38,2026-09-05,1,2026-09-12,wk inc covid hosp,quantile,0.01,0.0
39,2026-09-05,1,2026-09-12,wk inc covid hosp,quantile,0.01,15.565219445450975
40,2026-09-05,1,2026-09-12,wk inc covid hosp,quantile,0.01,4.262460789385226
41,2026-09-05,1,2026-09-12,wk inc covid hosp,quantile,0.01,4.914636252024674
42,2026-09-05,1,2026-09-12,wk inc covid hosp,quantile,0.01,36.65325723120055
44,2026-09-05,1,2026-09-12,wk inc covid hosp,quantile,0.01,0.0985578802953494
45,2026-09-05,1,2026-09-12,wk inc covid hosp,quantile,0.01,28.87292697043359
46,2026-09-05,1,2026-09-12,wk inc covid hosp,quantile,0.01,0.4195201844383153
47,2026-09-05,1,2026-09-12,wk inc covid hosp,quantile,0.01,38.880825773645775
48,2026-09-05,1,2026-09-12,wk inc covid hosp,quantile,0.01,223.31787377434577
49,2026-09-05,1,2026-09-12,wk inc covid hosp,quantile,0.01,0.0
50,2026-09-05,1,2026-09-12,wk inc covid hosp,quantile,0.01,0.0
51,2026-09-05,1,2026-09-12,wk inc covid hosp,quantile,0.01,11.868042425941917
53,2026-09-05,1,2026-09-12,wk inc covid hosp,quantile,0.01,26.091915126424894
54,2026-09-05,1,2026-09-12,wk inc covid hosp,quantile,0.01,0.19957281862244206
55,2026-09-05,1,2026-09-12,wk inc covid hosp,quantile,0.01,9.06957144730527
56,2026-09-05,1,2026-09-12,wk inc covid hosp,quantile,0.01,0.1522881706979143
72,2026-09-05,1,2026-09-12,wk inc covid hosp,quantile,0.01,76.66845568128518
US,2026-09-05,1,2026-09-12,wk inc covid hosp,quantile,0.01,1765.2782386126682
01,2026-09-05,2,2026-09-19,wk inc covid hosp,quantile,0.01,31.14422610801823
02,2026-09-05,2,2026-09-19,wk inc covid hosp,quantile,0.01,0.24536418723723855
04,2026-09-05,2,2026-09-19,wk inc covid hosp,quantile,0.01,35.4161624117647
05,2026-09-05,2,2026-09-19,wk inc covid hosp,quantile,0.01,0.04159666888544406
06,2026-09-05,2,2026-09-19,wk inc covid hosp,quantile,0.01,259.28330366366833
08,2026-09-05,2,2026-09-19,wk inc covid hosp,quantile,0.01,4.737117368992291
09,2026-09-05,2,2026-09-19,wk inc covid hosp,quantile,0.01,3.562294786359816
10,2026-09-05,2,2026-09-19,wk inc covid hosp,quantile,0.01,0.9101253671763343
11,2026-09-05,2,2026-09-19,wk inc covid hosp,quantile,0.01,0.4303775476680104
12,2026-09-05,2,2026-09-19,wk inc covid hosp,quantile,0.01,138.78324317518408
13,2026-09-05,2,2026-09-19,wk inc covid hosp,quantile,0.01,56.81467970051015
15,2026-09-05,2,2026-09-19,wk inc covid hosp,quantile,0.01,10.496574577351588
16,2026-09-05,2,2026-09-19,wk inc covid hosp,quantile,0.01,3.9023397777438014
17,2026-09-05,2,2026-09-19,wk inc covid hosp,quantile,0.01,8.88945228490023
18,2026-09-05,2,2026-09-19,wk inc covid hosp,quantile,0.01,0.0
19,2026-09-05,2,2026-09-19,wk inc covid hosp,quantile,0.01,0.0
20,2026-09-05,2,2026-09-19,wk inc covid hosp,quantile,0.01,0.8095461038071
21,2026-09-05,2,2026-09-19,wk inc covid hosp,quantile,0.01,6.321283215800713
22,2026-09-05,2,2026-09-19,wk inc covid hosp,quantile,0.01,27.943601627138335
23,2026-09-05,2,2026-09-19,wk inc covid hosp,quantile,0.01,0.0
24,2026-09-05,2,2026-09-19,wk inc covid hosp,quantile,0.01,0.0
25,2026-09-05,2,2026-09-19,wk inc covid hosp,quantile,0.01,11.081423001098107
26,2026-09-05,2,2026-09-19,wk inc covid hosp,quantile,0.01,3.7401683565903117
27,2026-09-05,2,2026-09-19,wk inc covid hosp,quantile,0.01,3.6059544742597622
28,2026-09-05,2,2026-09-19,wk inc covid hosp,quantile,0.01,7.166153921761292
29,2026-09-05,2,2026-09-19,wk inc covid hosp,quantile,0.01,11.05306187271833
30,2026-09-05,2,2026-09-19,wk inc covid hosp,quantile,0.01,0.02637077955333892
31,2026-09-05,2,2026-09-19,wk inc covid hosp,quantile,0.01,0.460703016583194
32,2026-09-05,2,2026-09-19,wk inc covid hosp,quantile,0.01,0.2416262249607821
33,2026-09-05,2,2026-09-19,wk inc covid hosp,quantile,0.01,0.0
34,2026-09-05,2,2026-09-19,wk inc covid hosp,quantile,0.01,45.11591090804757
35,2026-09-05,2,2026-09-19,wk inc covid hosp,quantile,0.01,3.759687279485524
36,2026-09-05,2,2026-09-19,wk inc covid hosp,quantile,0.01,84.06888733114792
37,2026-09-05,2,2026-09-19,wk inc covid hosp,quantile,0.01,61.18808023305448
38,2026-09-05,2,2026-09-19,wk inc covid hosp,quantile,0.01,0.0
39,2026-09-05,2,2026-09-19,wk inc covid hosp,quantile,0.01,14.371303194770945
40,2026-09-05,2,2026-09-19,wk inc covid hosp,quantile,0.01,3.459358967763307
41,2026-09-05,2,2026-09-19,wk inc covid hosp,quantile,0.01,4.371975325373401
42,2026-09-05,2,2026-09-19,wk inc covid hosp,quantile,0.01,36.238884984759025
44,2026-09-05,2,2026-09-19,wk inc covid hosp,quantile,0.01,0.1482034811587116
45,2026-09-05,2,2026-09-19,wk inc covid hosp,quantile,0.01,27.26055042874089
46,2026-09-05,2,2026-09-19,wk inc covid hosp,quantile,0.01,0.3605121513123821
47,2026-09-05,2,2026-09-19,wk inc covid hosp,quantile,0.01,37.6055499655161
48,2026-09-05,2,2026-09-19,wk inc covid hosp,quantile,0.01,196.44585239266556
49,2026-09-05,2,2026-09-19,wk inc covid hosp,quantile,0.01,0.0
50,2026-09-05,2,2026-09-19,wk inc covid hosp,quantile,0.01,0.0
51,2026-09-05,2,2026-09-19,wk inc covid hosp,quantile,0.01,10.163277971077578
53,2026-09-05,2,2026-09-19,wk inc covid hosp,quantile,0.01,25.049921574557704
54,2026-09-05,2,2026-09-19,wk inc covid hosp,quantile,0.01,0.16021057051497029
55,2026-09-05,2,2026-09-19,wk inc covid hosp,quantile,0.01,8.14243244574004
56,2026-09-05,2,2026-09-19,wk inc covid hosp,quantile,0.01,0.16198067282488288
72,2026-09-05,2,2026-09-19,wk inc covid hosp,quantile,0.01,71.93702596973438
US,2026-09-05,2,2026-09-19,wk inc covid hosp,quantile,0.01,1678.5197512782288
01,2026-09-05,3,2026-09-26,wk inc covid hosp,quantile,0.01,28.4399702318253
02,2026-09-05,3,2026-09-26,wk inc covid hosp,quantile,0.01,0.2388263323651923
04,2026-09-05,3,2026-09-26,wk inc covid hosp,quantile,0.01,32.914548496923565
05,2026-09-05,3,2026-09-26,wk inc covid hosp,quantile,0.01,0.0
06,2026-09-05,3,2026-09-26,wk inc covid hosp,quantile,0.01,220.4599774016592
08,2026-09-05,3,2026-09-26,wk inc covid hosp,quantile,0.01,3.6326944103743246
09,2026-09-05,3,2026-09-26,wk inc covid hosp,quantile,0.01,3.4653892035676197
10,2026-09-05,3,2026-09-26,wk inc covid hosp,quantile,0.01,0.8730614819786379
11,2026-09-05,3,2026-09-26,wk inc covid hosp,quantile,0.01,0.41465022698449605
12,2026-09-05,3,2026-09-26,wk inc covid hosp,quantile,0.01,119.9511334972339
13,2026-09-05,3,2026-09-26,wk inc covid hosp,quantile,0.01,49.826261344020104
15,2026-09-05,3,2026-09-26,wk inc covid hosp,quantile,0.01,9.806817921838912
16,2026-09-05,3,2026-09-26,wk inc covid hosp,quantile,0.01,3.6200662544723037
17,2026-09-05,3,2026-09-26,wk inc covid hosp,quantile,0.01,6.753982245777488
18,2026-09-05,3,2026-09-26,wk inc covid hosp,quantile,0.01,0.0
19,2026-09-05,3,2026-09-26,wk inc covid hosp,quantile,0.01,0.0
20,2026-09-05,3,2026-09-26,wk inc covid hosp,quantile,0.01,0.6527312679674504
21,2026-09-05,3,2026-09-26,wk inc covid hosp,quantile,0.01,6.0083084312276
22,2026-09-05,3,2026-09-26,wk inc covid hosp,quantile,0.01,25.438179642309816
23,2026-09-05,3,2026-09-26,wk inc covid hosp,quantile,0.01,0.0
24,2026-09-05,3,2026-09-26,wk inc covid hosp,quantile,0.01,0.0
25,2026-09-05,3,2026-09-26,wk inc covid hosp,quantile,0.01,9.667035193722372
26,2026-09-05,3,2026-09-26,wk inc covid hosp,quantile,0.01,2.2026012448176537
27,2026-09-05,3,2026-09-26,wk inc covid hosp,quantile,0.01,3.348916756056441
28,2026-09-05,3,2026-09-26,wk inc covid hosp,quantile,0.01,6.23846039397159
29,2026-09-05,3,2026-09-26,wk inc covid hosp,quantile,0.01,9.654938919740275
30,2026-09-05,3,2026-09-26,wk inc covid hosp,quantile,0.01,0.12064712659120577
31,2026-09-05,3,2026-09-26,wk inc covid hosp,quantile,0.01,0.32120919379981094
32,2026-09-05,3,2026-09-26,wk inc covid hosp,quantile,0.01,0.0
33,2026-09-05,3,2026-09-26,wk inc covid hosp,quantile,0.01,0.0
34,2026-09-05,3,2026-09-26,wk inc covid hosp,quantile,0.01,42.378325175314394
35,2026-09-05,3,2026-09-26,wk inc covid hosp,quantile,0.01,3.67250593972907
36,2026-09-05,3,2026-09-26,wk inc covid hosp,quantile,0.01,80.46670945657485
37,2026-09-05,3,2026-09-26,wk inc covid hosp,quantile,0.01,55.023409888388535
38,2026-09-05,3,2026-09-26,wk inc covid hosp,quantile,0.01,0.0
39,2026-09-05,3,2026-09-26,wk inc covid hosp,quantile,0.01,12.93762522295243
40,2026-09-05,3,2026-09-26,wk inc covid hosp,quantile,0.01,2.9365342432401857
41,2026-09-05,3,2026-09-26,wk inc covid hosp,quantile,0.01,3.723887471064296
42,2026-09-05,3,2026-09-26,wk inc covid hosp,quantile,0.01,33.945058562874976
44,2026-09-05,3,2026-09-26,wk inc covid hosp,quantile,0.01,0.106841055058365
45,2026-09-05,3,2026-09-26,wk inc covid hosp,quantile,0.01,24.54839796242057
46,2026-09-05,3,2026-09-26,wk inc covid hosp,quantile,0.01,0.3778483771171278
47,2026-09-05,3,2026-09-26,wk inc covid hosp,quantile,0.01,37.10128369055122
48,2026-09-05,3,2026-09-26,wk inc covid hosp,quantile,0.01,187.18495238301654
49,2026-09-05,3,2026-09-26,wk inc covid hosp,quantile,0.01,0.0
50,2026-09-05,3,2026-09-26,wk inc covid hosp,quantile,0.01,0.0
51,2026-09-05,3,2026-09-26,wk inc covid hosp,quantile,0.01,8.857229801009304
53,2026-09-05,3,2026-09-26,wk inc covid hosp,quantile,0.01,23.57843378242061
54,2026-09-05,3,2026-09-26,wk inc covid hosp,quantile,0.01,0.06056637078990352
55,2026-09-05,3,2026-09-26,wk inc covid hosp,quantile,0.01,6.9697869734334965
56,2026-09-05,3,2026-09-26,wk inc covid hosp,quantile,0.01,0.1720357666518109
72,2026-09-05,3,2026-09-26,wk inc covid hosp,quantile,0.01,62.875075255215826
US,2026-09-05,3,2026-09-26,wk inc covid hosp,quantile,0.01,1534.5293699967658
01,2026-09-05,0,2026-09-05,wk inc covid hosp,quantile,0.025,52.00797860505797
02,2026-09-05,0,2026-09-05,wk inc covid hosp,quantile,0.025,0.6379066949302582
04,2026-09-05,0,2026-09-05,wk inc covid hosp,quantile,0.025,51.4529421352388
05,2026-09-05,0,2026-09-05,wk inc covid hosp,quantile,0.025,2.30670923273783
06,2026-09-05,0,2026-09-05,wk inc covid hosp,quantile,0.025,424.89435107534473
08,2026-09-05,0,2026-09-05,wk inc covid hosp,quantile,0.025,11.228732413989043
09,2026-09-05,0,2026-09-05,wk inc covid hosp,quantile,0.025,7.130220020094241
10,2026-09-05,0,2026-09-05,wk inc covid hosp,quantile,0.025,1.5256119362031217
11,2026-09-05,0,2026-09-05,wk inc covid hosp,quantile,0.025,1.0368920667402781
12,2026-09-05,0,2026-09-05,wk inc covid hosp,quantile,0.025,297.3214710424719
13,2026-09-05,0,2026-09-05,wk inc covid hosp,quantile,0.025,86.58572658525321
15,2026-09-05,0,2026-09-05,wk inc covid hosp,quantile,0.025,16.79383374731369
16,2026-09-05,0,2026-09-05,wk inc covid hosp,quantile,0.025,6.144421916896477
17,2026-09-05,0,2026-09-05,wk inc covid hosp,quantile,0.025,19.97077956116603
18,2026-09-05,0,2026-09-05,wk inc covid hosp,quantile,0.025,3.7933096588941586
19,2026-09-05,0,2026-09-05,wk inc covid hosp,quantile,0.025,1.343454599315049
20,2026-09-05,0,2026-09-05,wk inc covid hosp,quantile,0.025,2.863409591543221
21,2026-09-05,0,2026-09-05,wk inc covid hosp,quantile,0.025,9.103186699952852
22,2026-09-05,0,2026-09-05,wk inc covid hosp,quantile,0.025,47.36391099584063
23,2026-09-05,0,2026-09-05,wk inc covid hosp,quantile,0.025,0.0
24,2026-09-05,0,2026-09-05,wk inc covid hosp,quantile,0.025,0.1927590933866227
25,2026-09-05,0,2026-09-05,wk inc covid hosp,quantile,0.025,17.53724961703358
26,2026-09-05,0,2026-09-05,wk inc covid hosp,quantile,0.025,9.480440884602679
27,2026-09-05,0,2026-09-05,wk inc covid hosp,quantile,0.025,7.333039441866044
28,2026-09-05,0,2026-09-05,wk inc covid hosp,quantile,0.025,13.885731765843136
29,2026-09-05,0,2026-09-05,wk inc covid hosp,quantile,0.025,18.812202037942676
30,2026-09-05,0,2026-09-05,wk inc covid hosp,quantile,0.025,0.7327808538191268
31,2026-09-05,0,2026-09-05,wk inc covid hosp,quantile,0.025,1.5527386463018846
32,2026-09-05,0,2026-09-05,wk inc covid hosp,quantile,0.025,3.2612105317320843
33,2026-09-05,0,2026-09-05,wk inc covid hosp,quantile,0.025,0.9707180477846027
34,2026-09-05,0,2026-09-05,wk inc covid hosp,quantile,0.025,68.84528789810027
35,2026-09-05,0,2026-09-05,wk inc covid hosp,quantile,0.025,5.424811917543565
36,2026-09-05,0,2026-09-05,wk inc covid hosp,quantile,0.025,146.0672419443798
37,2026-09-05,0,2026-09-05,wk inc covid hosp,quantile,0.025,90.30049902932642
38,2026-09-05,0,2026-09-05,wk inc covid hosp,quantile,0.025,0.0
39,2026-09-05,0,2026-09-05,wk inc covid hosp,quantile,0.025,25.82178480762417
40,2026-09-05,0,2026-09-05,wk inc covid hosp,quantile,0.025,7.200222748389721
41,2026-09-05,0,2026-09-05,wk inc covid hosp,quantile,0.025,8.870747675473218
42,2026-09-05,0,2026-09-05,wk inc covid hosp,quantile,0.025,51.49837249196118
44,2026-09-05,0,2026-09-05,wk inc covid hosp,quantile,0.025,0.6818590741938666
45,2026-09-05,0,2026-09-05,wk inc covid hosp,quantile,0.025,39.81784561855528
46,2026-09-05,0,2026-09-05,wk inc covid hosp,quantile,0.025,0.6887310668817382
47,2026-09-05,0,2026-09-05,wk inc covid hosp,quantile,0.025,53.232995153747844
48,2026-09-05,0,2026-09-05,wk inc covid hosp,quantile,0.025,372.706084748698
49,2026-09-05,0,2026-09-05,wk inc covid hosp,quantile,0.025,2.04508361662541
50,2026-09-05,0,2026-09-05,wk inc covid hosp,quantile,0.025,0.0
51,2026-09-05,0,2026-09-05,wk inc covid hosp,quantile,0.025,21.83710176127534
53,2026-09-05,0,2026-09-05,wk inc covid hosp,quantile,0.025,37.904955541467395
54,2026-09-05,0,2026-09-05,wk inc covid hosp,quantile,0.025,1.8516400236228696
55,2026-09-05,0,2026-09-05,wk inc covid hosp,quantile,0.025,12.334956691093533
56,2026-09-05,0,2026-09-05,wk inc covid hosp,quantile,0.025,0.23201172315616397
72,2026-09-05,0,2026-09-05,wk inc covid hosp,quantile,0.025,91.56961358381568
US,2026-09-05,0,2026-09-05,wk inc covid hosp,quantile,0.025,2615.0074876189287
01,2026-09-05,1,2026-09-12,wk inc covid hosp,quantile,0.025,46.06434060500464
02,2026-09-05,1,2026-09-12,wk inc covid hosp,quantile,0.025,0.5637489493277498
04,2026-09-05,1,2026-09-12,wk inc covid hosp,quantile,0.025,49.52101088499991
05,2026-09-05,1,2026-09-12,wk inc covid hosp,quantile,0.025,1.9666768642743382
06,2026-09-05,1,2026-09-12,wk inc covid hosp,quantile,0.025,386.3077002926512
08,2026-09-05,1,2026-09-12,wk inc covid hosp,quantile,0.025,9.519735219214304
09,2026-09-05,1,2026-09-12,wk inc covid hosp,quantile,0.025,6.204612974345493
10,2026-09-05,1,2026-09-12,wk inc covid hosp,quantile,0.025,1.463497534932742
11,2026-09-05,1,2026-09-12,wk inc covid hosp,quantile,0.025,1.1134544624094318
12,2026-09-05,1,2026-09-12,wk inc covid hosp,quantile,0.025,253.493851319958
13,2026-09-05,1,2026-09-12,wk inc covid hosp,quantile,0.025,78.52478231847016
15,2026-09-05,1,2026-09-12,wk inc covid hosp,quantile,0.025,14.536449410350414
16,2026-09-05,1,2026-09-12,wk inc covid hosp,quantile,0.025,5.235376524451169
17,2026-09-05,1,2026-09-12,wk inc covid hosp,quantile,0.025,18.988694863908417
18,2026-09-05,1,2026-09-12,wk inc covid hosp,quantile,0.025,3.8188815659741016
19,2026-09-05,1,2026-09-12,wk inc covid hosp,quantile,0.025,1.0452135738109998
20,2026-09-05,1,2026-09-12,wk inc covid hosp,quantile,0.025,2.486158311632329
21,2026-09-05,1,2026-09-12,wk inc covid hosp,quantile,0.025,8.49757802607864
22,2026-09-05,1,2026-09-12,wk inc covid hosp,quantile,0.025,41.57266341112609
23,2026-09-05,1,2026-09-12,wk inc covid hosp,quantile,0.025,0.0
24,2026-09-05,1,2026-09-12,wk inc covid hosp,quantile,0.025,0.0
25,2026-09-05,1,2026-09-12,wk inc covid hosp,quantile,0.025,15.673364110360714
26,2026-09-05,1,2026-09-12,wk inc covid hosp,quantile,0.025,7.979049908215188
27,2026-09-05,1,2026-09-12,wk inc covid hosp,quantile,0.025,6.909244471468956
28,2026-09-05,1,2026-09-12,wk inc covid hosp,quantile,0.025,11.80233078877578
29,2026-09-05,1,2026-09-12,wk inc covid hosp,quantile,0.025,16.619344306544043
30,2026-09-05,1,2026-09-12,wk inc covid hosp,quantile,0.025,0.7466893277270729
31,2026-09-05,1,2026-09-12,wk inc covid hosp,quantile,0.025,1.2946495559641846
32,2026-09-05,1,2026-09-12,wk inc covid hosp,quantile,0.025,2.384653269292808
33,2026-09-05,1,2026-09-12,wk inc covid hosp,quantile,0.025,0.8145487502339882
34,2026-09-05,1,2026-09-12,wk inc covid hosp,quantile,0.025,66.2199786657791
35,2026-09-05,1,2026-09-12,wk inc covid hosp,quantile,0.025,4.841764927296742
36,2026-09-05,1,2026-09-12,wk inc covid hosp,quantile,0.025,138.06264160720096
37,2026-09-05,1,2026-09-12,wk inc covid hosp,quantile,0.025,83.86855922564783
38,2026-09-05,1,2026-09-12,wk inc covid hosp,quantile,0.025,0.0
39,2026-09-05,1,2026-09-12,wk inc covid hosp,quantile,0.025,24.54841677350844
40,2026-09-05,1,2026-09-12,wk inc covid hosp,quantile,0.025,6.339499945395099
41,2026-09-05,1,2026-09-12,wk inc covid hosp,quantile,0.025,8.27418094145732
42,2026-09-05,1,2026-09-12,wk inc covid hosp,quantile,0.025,49.30792246608978
44,2026-09-05,1,2026-09-12,wk inc covid hosp,quantile,0.025,0.7320321862306076
45,2026-09-05,1,2026-09-12,wk inc covid hosp,quantile,0.025,37.05668814837704
46,2026-09-05,1,2026-09-12,wk inc covid hosp,quantile,0.025,0.671526482693478
47,2026-09-05,1,2026-09-12,wk inc covid hosp,quantile,0.025,50.3846095155511
48,2026-09-05,1,2026-09-12,wk inc covid hosp,quantile,0.025,329.66172359835883
49,2026-09-05,1,2026-09-12,wk inc covid hosp,quantile,0.025,1.3278203945492202
50,2026-09-05,1,2026-09-12,wk inc covid hosp,quantile,0.025,0.0
51,2026-09-05,1,2026-09-12,wk inc covid hosp,quantile,0.025,18.955917020039045
53,2026-09-05,1,2026-09-12,wk inc covid hosp,quantile,0.025,34.62391780880015
54,2026-09-05,1,2026-09-12,wk inc covid hosp,quantile,0.025,1.5535295724535312
55,2026-09-05,1,2026-09-12,wk inc covid hosp,quantile,0.025,11.973093260179423
56,2026-09-05,1,2026-09-12,wk inc covid hosp,quantile,0.025,0.25902383523284195
72,2026-09-05,1,2026-09-12,wk inc covid hosp,quantile,0.025,84.78334780243186
US,2026-09-05,1,2026-09-12,wk inc covid hosp,quantile,0.025,2528.0380928610775
01,2026-09-05,2,2026-09-19,wk inc covid hosp,quantile,0.025,40.94952111259614
02,2026-09-05,2,2026-09-19,wk inc covid hosp,quantile,0.025,0.5065071584217311
04,2026-09-05,2,2026-09-19,wk inc covid hosp,quantile,0.025,46.38173815999315
05,2026-09-05,2,2026-09-19,wk inc covid hosp,quantile,0.025,2.01032983334162
06,2026-09-05,2,2026-09-19,wk inc covid hosp,quantile,0.025,355.8062354032618
08,2026-09-05,2,2026-09-19,wk inc covid hosp,quantile,0.025,9.048910439656545
09,2026-09-05,2,2026-09-19,wk inc covid hosp,quantile,0.025,6.147244351771179
10,2026-09-05,2,2026-09-19,wk inc covid hosp,quantile,0.025,1.5513521511296797
11,2026-09-05,2,2026-09-19,wk inc covid hosp,quantile,0.025,1.161260122439995
12,2026-09-05,2,2026-09-19,wk inc covid hosp,quantile,0.025,233.77740082440988
13,2026-09-05,2,2026-09-19,wk inc covid hosp,quantile,0.025,71.66978419434434
15,2026-09-05,2,2026-09-19,wk inc covid hosp,quantile,0.025,13.667246843254555
16,2026-09-05,2,2026-09-19,wk inc covid hosp,quantile,0.025,5.058293093572313
17,2026-09-05,2,2026-09-19,wk inc covid hosp,quantile,0.025,17.840996703037945
18,2026-09-05,2,2026-09-19,wk inc covid hosp,quantile,0.025,3.015746088976692
19,2026-09-05,2,2026-09-19,wk inc covid hosp,quantile,0.025,0.8349731791991396
20,2026-09-05,2,2026-09-19,wk inc covid hosp,quantile,0.025,2.4218218377856338
21,2026-09-05,2,2026-09-19,wk inc covid hosp,quantile,0.025,8.145788638777352
22,2026-09-05,2,2026-09-19,wk inc covid hosp,quantile,0.025,36.40203142056864
23,2026-09-05,2,2026-09-19,wk inc covid hosp,quantile,0.025,0.0
24,2026-09-05,2,2026-09-19,wk inc covid hosp,quantile,0.025,0.0
25,2026-09-05,2,2026-09-19,wk inc covid hosp,quantile,0.025,14.646956337578464
26,2026-09-05,2,2026-09-19,wk inc covid hosp,quantile,0.025,7.64552492960138
27,2026-09-05,2,2026-09-19,wk inc covid hosp,quantile,0.025,6.3876685917425595
28,2026-09-05,2,2026-09-19,wk inc covid hosp,quantile,0.025,11.485690274820698
29,2026-09-05,2,2026-09-19,wk inc covid hosp,quantile,0.025,15.877661475572683
30,2026-09-05,2,2026-09-19,wk inc covid hosp,quantile,0.025,0.8078601373188301
31,2026-09-05,2,2026-09-19,wk inc covid hosp,quantile,0.025,1.2191169698423665
32,2026-09-05,2,2026-09-19,wk inc covid hosp,quantile,0.025,1.9417876895859596
33,2026-09-05,2,2026-09-19,wk inc covid hosp,quantile,0.025,0.7188348956192618
34,2026-09-05,2,2026-09-19,wk inc covid hosp,quantile,0.025,62.44271295198964
35,2026-09-05,2,2026-09-19,wk inc covid hosp,quantile,0.025,4.659777999960363
36,2026-09-05,2,2026-09-19,wk inc covid hosp,quantile,0.025,131.10853880610068
37,2026-09-05,2,2026-09-19,wk inc covid hosp,quantile,0.025,76.0777638744082
38,2026-09-05,2,2026-09-19,wk inc covid hosp,quantile,0.025,0.0
39,2026-09-05,2,2026-09-19,wk inc covid hosp,quantile,0.025,23.087495982741263
40,2026-09-05,2,2026-09-19,wk inc covid hosp,quantile,0.025,5.5521028703812325
41,2026-09-05,2,2026-09-19,wk inc covid hosp,quantile,0.025,7.02667583281098
42,2026-09-05,2,2026-09-19,wk inc covid hosp,quantile,0.025,47.73767295510829
44,2026-09-05,2,2026-09-19,wk inc covid hosp,quantile,0.025,0.8403829091261666
45,2026-09-05,2,2026-09-19,wk inc covid hosp,quantile,0.025,35.38143595510838
46,2026-09-05,2,2026-09-19,wk inc covid hosp,quantile,0.025,0.7074567795529179
47,2026-09-05,2,2026-09-19,wk inc covid hosp,quantile,0.025,45.859328629567464
48,2026-09-05,2,2026-09-19,wk inc covid hosp,quantile,0.025,296.18374611897605
49,2026-09-05,2,2026-09-19,wk inc covid hosp,quantile,0.025,1.1715868490366808
50,2026-09-05,2,2026-09-19,wk inc covid hosp,quantile,0.025,0.0
51,2026-09-05,2,2026-09-19,wk inc covid hosp,quantile,0.025,17.924083160764162
53,2026-09-05,2,2026-09-19,wk inc covid hosp,quantile,0.025,32.74070610915416
54,2026-09-05,2,2026-09-19,wk inc covid hosp,quantile,0.025,1.5605684338374775
55,2026-09-05,2,2026-09-19,wk inc covid hosp,quantile,0.025,11.367344201330315
56,2026-09-05,2,2026-09-19,wk inc covid hosp,quantile,0.025,0.26104714080019037
72,2026-09-05,2,2026-09-19,wk inc covid hosp,quantile,0.025,80.16281745633238
US,2026-09-05,2,2026-09-19,wk inc covid hosp,quantile,0.025,2384.0995037396606
01,2026-09-05,3,2026-09-26,wk inc covid hosp,quantile,0.025,36.23767948891697
02,2026-09-05,3,2026-09-26,wk inc covid hosp,quantile,0.025,0.47601264847426256
04,2026-09-05,3,2026-09-26,wk inc covid hosp,quantile,0.025,42.08746368826067
05,2026-09-05,3,2026-09-26,wk inc covid hosp,quantile,0.025,1.7641957023272017
06,2026-09-05,3,2026-09-26,wk inc covid hosp,quantile,0.025,336.8014943378701
08,2026-09-05,3,2026-09-26,wk inc covid hosp,quantile,0.025,7.5870063954355995
09,2026-09-05,3,2026-09-26,wk inc covid hosp,quantile,0.025,4.904126607946384
10,2026-09-05,3,2026-09-26,wk inc covid hosp,quantile,0.025,1.5090539404038692
11,2026-09-05,3,2026-09-26,wk inc covid hosp,quantile,0.025,1.242792924288568
12,2026-09-05,3,2026-09-26,wk inc covid hosp,quantile,0.025,201.95410436823164
13,2026-09-05,3,2026-09-26,wk inc covid hosp,quantile,0.025,58.80549637685516
15,2026-09-05,3,2026-09-26,wk inc covid hosp,quantile,0.025,12.46122492223497
16,2026-09-05,3,2026-09-26,wk inc covid hosp,quantile,0.025,4.810898328700663
17,2026-09-05,3,2026-09-26,wk inc covid hosp,quantile,0.025,15.360639404448152
18,2026-09-05,3,2026-09-26,wk inc covid hosp,quantile,0.025,1.9758948213263972
19,2026-09-05,3,2026-09-26,wk inc covid hosp,quantile,0.025,0.5961216931296893
20,2026-09-05,3,2026-09-26,wk inc covid hosp,quantile,0.025,2.152501978886635
21,2026-09-05,3,2026-09-26,wk inc covid hosp,quantile,0.025,7.740423089209023
22,2026-09-05,3,2026-09-26,wk inc covid hosp,quantile,0.025,35.42157083982456
23,2026-09-05,3,2026-09-26,wk inc covid hosp,quantile,0.025,0.0
24,2026-09-05,3,2026-09-26,wk inc covid hosp,quantile,0.025,0.0
25,2026-09-05,3,2026-09-26,wk inc covid hosp,quantile,0.025,13.386244230115903
26,2026-09-05,3,2026-09-26,wk inc covid hosp,quantile,0.025,6.736781355825247
27,2026-09-05,3,2026-09-26,wk inc covid hosp,quantile,0.025,6.094934909039127
28,2026-09-05,3,2026-09-26,wk inc covid hosp,quantile,0.025,9.941024199780843
29,2026-09-05,3,2026-09-26,wk inc covid hosp,quantile,0.025,14.748676060158068
30,2026-09-05,3,2026-09-26,wk inc covid hosp,quantile,0.025,0.8956039546980671
31,2026-09-05,3,2026-09-26,wk inc covid hosp,quantile,0.025,1.129899990277162
32,2026-09-05,3,2026-09-26,wk inc covid hosp,quantile,0.025,1.3089301749636226
33,2026-09-05,3,2026-09-26,wk inc covid hosp,quantile,0.025,0.7041239969003438
34,2026-09-05,3,2026-09-26,wk inc covid hosp,quantile,0.025,56.380273277730595
35,2026-09-05,3,2026-09-26,wk inc covid hosp,quantile,0.025,4.430413471154867
36,2026-09-05,3,2026-09-26,wk inc covid hosp,quantile,0.025,122.50183901054363
37,2026-09-05,3,2026-09-26,wk inc covid hosp,quantile,0.025,66.40827005977263
38,2026-09-05,3,2026-09-26,wk inc covid hosp,quantile,0.025,0.0
39,2026-09-05,3,2026-09-26,wk inc covid hosp,quantile,0.025,21.111427491551446
40,2026-09-05,3,2026-09-26,wk inc covid hosp,quantile,0.025,5.255485960913577
41,2026-09-05,3,2026-09-26,wk inc covid hosp,quantile,0.025,6.088634243462271
42,2026-09-05,3,2026-09-26,wk inc covid hosp,quantile,0.025,45.02469274343314
44,2026-09-05,3,2026-09-26,wk inc covid hosp,quantile,0.025,0.6835259232064945
45,2026-09-05,3,2026-09-26,wk inc covid hosp,quantile,0.025,30.20120901411726
46,2026-09-05,3,2026-09-26,wk inc covid hosp,quantile,0.025,0.6452555236564359
47,2026-09-05,3,2026-09-26,wk inc covid hosp,quantile,0.025,41.09784555083065
48,2026-09-05,3,2026-09-26,wk inc covid hosp,quantile,0.025,270.79404325029043
49,2026-09-05,3,2026-09-26,wk inc covid hosp,quantile,0.025,0.5825103992631787
50,2026-09-05,3,2026-09-26,wk inc covid hosp,quantile,0.025,0.0
51,2026-09-05,3,2026-09-26,wk inc covid hosp,quantile,0.025,16.565222800236246
53,2026-09-05,3,2026-09-26,wk inc covid hosp,quantile,0.025,29.15213716143458
54,2026-09-05,3,2026-09-26,wk inc covid hosp,quantile,0.025,1.5629125794778225
55,2026-09-05,3,2026-09-26,wk inc covid hosp,quantile,0.025,10.951604533789244
56,2026-09-05,3,2026-09-26,wk inc covid hosp,quantile,0.025,0.32933256236078173
72,2026-09-05,3,2026-09-26,wk inc covid hosp,quantile,0.025,73.28548863691984
US,2026-09-05,3,2026-09-26,wk inc covid hosp,quantile,0.025,2207.3703983175606
01,2026-09-05,0,2026-09-05,wk inc covid hosp,quantile,0.05,55.20317073237377
02,2026-09-05,0,2026-09-05,wk inc covid hosp,quantile,0.05,0.9673817444496465
04,2026-09-05,0,2026-09-05,wk inc covid hosp,quantile,0.05,58.90610517597037
05,2026-09-05,0,2026-09-05,wk inc covid hosp,quantile,0.05,3.6075609452032547
06,2026-09-05,0,2026-09-05,wk inc covid hosp,quantile,0.05,458.55324903291927
08,2026-09-05,0,2026-09-05,wk inc covid hosp,quantile,0.05,12.774185899899742
09,2026-09-05,0,2026-09-05,wk inc covid hosp,quantile,0.05,8.197135413975316
10,2026-09-05,0,2026-09-05,wk inc covid hosp,quantile,0.05,1.5823666505622482
11,2026-09-05,0,2026-09-05,wk inc covid hosp,quantile,0.05,1.506461771801212
12,2026-09-05,0,2026-09-05,wk inc covid hosp,quantile,0.05,355.28855839137486
13,2026-09-05,0,2026-09-05,wk inc covid hosp,quantile,0.05,99.68871708543692
15,2026-09-05,0,2026-09-05,wk inc covid hosp,quantile,0.05,17.88418628526455
16,2026-09-05,0,2026-09-05,wk inc covid hosp,quantile,0.05,7.368828068376921
17,2026-09-05,0,2026-09-05,wk inc covid hosp,quantile,0.05,25.379681122330297
18,2026-09-05,0,2026-09-05,wk inc covid hosp,quantile,0.05,5.975945223826446
19,2026-09-05,0,2026-09-05,wk inc covid hosp,quantile,0.05,2.1147168894911093
20,2026-09-05,0,2026-09-05,wk inc covid hosp,quantile,0.05,3.633023899072912
21,2026-09-05,0,2026-09-05,wk inc covid hosp,quantile,0.05,9.80634819979227
22,2026-09-05,0,2026-09-05,wk inc covid hosp,quantile,0.05,53.39663788616648
23,2026-09-05,0,2026-09-05,wk inc covid hosp,quantile,0.05,0.0
24,2026-09-05,0,2026-09-05,wk inc covid hosp,quantile,0.05,1.0533415351583948
25,2026-09-05,0,2026-09-05,wk inc covid hosp,quantile,0.05,18.389299811146838
26,2026-09-05,0,2026-09-05,wk inc covid hosp,quantile,0.05,12.832958028718732
27,2026-09-05,0,2026-09-05,wk inc covid hosp,quantile,0.05,8.746400567449198
28,2026-09-05,0,2026-09-05,wk inc covid hosp,quantile,0.05,17.55552472227529
29,2026-09-05,0,2026-09-05,wk inc covid hosp,quantile,0.05,19.644743113613092
30,2026-09-05,0,2026-09-05,wk inc covid hosp,quantile,0.05,1.3693480720313962
31,2026-09-05,0,2026-09-05,wk inc covid hosp,quantile,0.05,2.505346535837271
32,2026-09-05,0,2026-09-05,wk inc covid hosp,quantile,0.05,5.413768857998881
33,2026-09-05,0,2026-09-05,wk inc covid hosp,quantile,0.05,1.4594928857661862
34,2026-09-05,0,2026-09-05,wk inc covid hosp,quantile,0.05,79.55817682811765
35,2026-09-05,0,2026-09-05,wk inc covid hosp,quantile,0.05,6.679328754603551
36,2026-09-05,0,2026-09-05,wk inc covid hosp,quantile,0.05,166.17137684147053
37,2026-09-05,0,2026-09-05,wk inc covid hosp,quantile,0.05,101.44109388779775
38,2026-09-05,0,2026-09-05,wk inc covid hosp,quantile,0.05,0.0
39,2026-09-05,0,2026-09-05,wk inc covid hosp,quantile,0.05,29.929623377534547
40,2026-09-05,0,2026-09-05,wk inc covid hosp,quantile,0.05,8.557719382382658
41,2026-09-05,0,2026-09-05,wk inc covid hosp,quantile,0.05,10.943613159243439
42,2026-09-05,0,2026-09-05,wk inc covid hosp,quantile,0.05,60.6575910661452
44,2026-09-05,0,2026-09-05,wk inc covid hosp,quantile,0.05,1.0925007286521318
45,2026-09-05,0,2026-09-05,wk inc covid hosp,quantile,0.05,43.60546935509611
46,2026-09-05,0,2026-09-05,wk inc covid hosp,quantile,0.05,1.0270753110083828
47,2026-09-05,0,2026-09-05,wk inc covid hosp,quantile,0.05,59.268436359229206
48,2026-09-05,0,2026-09-05,wk inc covid hosp,quantile,0.05,405.3287848703283
49,2026-09-05,0,2026-09-05,wk inc covid hosp,quantile,0.05,3.987406470113887
50,2026-09-05,0,2026-09-05,wk inc covid hosp,quantile,0.05,0.0
51,2026-09-05,0,2026-09-05,wk inc covid hosp,quantile,0.05,26.07094954776742
53,2026-09-05,0,2026-09-05,wk inc covid hosp,quantile,0.05,42.72173485944278
54,2026-09-05,0,2026-09-05,wk inc covid hosp,quantile,0.05,2.032823062598339
55,2026-09-05,0,2026-09-05,wk inc covid hosp,quantile,0.05,15.43904436235446
56,2026-09-05,0,2026-09-05,wk inc covid hosp,quantile,0.05,0.4305331422728361
72,2026-09-05,0,2026-09-05,wk inc covid hosp,quantile,0.05,93.93385961024286
US,2026-09-05,0,2026-09-05,wk inc covid hosp,quantile,0.05,2920.9099503822385
01,2026-09-05,1,2026-09-12,wk inc covid hosp,quantile,0.05,52.23308340225338
02,2026-09-05,1,2026-09-12,wk inc covid hosp,quantile,0.05,0.8679672324953294
04,2026-09-05,1,2026-09-12,wk inc covid hosp,quantile,0.05,57.08438078479118
05,2026-09-05,1,2026-09-12,wk inc covid hosp,quantile,0.05,3.2331870515616283
06,2026-09-05,1,2026-09-12,wk inc covid hosp,quantile,0.05,440.5952802802536
08,2026-09-05,1,2026-09-12,wk inc covid hosp,quantile,0.05,12.433944003736249
09,2026-09-05,1,2026-09-12,wk inc covid hosp,quantile,0.05,7.850466068259115
10,2026-09-05,1,2026-09-12,wk inc covid hosp,quantile,0.05,1.5616783972143446
11,2026-09-05,1,2026-09-12,wk inc covid hosp,quantile,0.05,1.3595051931899216
12,2026-09-05,1,2026-09-12,wk inc covid hosp,quantile,0.05,325.8081103138825
13,2026-09-05,1,2026-09-12,wk inc covid hosp,quantile,0.05,94.95327692488272
15,2026-09-05,1,2026-09-12,wk inc covid hosp,quantile,0.05,16.087446729819902
16,2026-09-05,1,2026-09-12,wk inc covid hosp,quantile,0.05,6.519116617446125
17,2026-09-05,1,2026-09-12,wk inc covid hosp,quantile,0.05,23.939596173416028
18,2026-09-05,1,2026-09-12,wk inc covid hosp,quantile,0.05,5.533705297852286
19,2026-09-05,1,2026-09-12,wk inc covid hosp,quantile,0.05,1.919557422100156
20,2026-09-05,1,2026-09-12,wk inc covid hosp,quantile,0.05,3.3818787150757403
21,2026-09-05,1,2026-09-12,wk inc covid hosp,quantile,0.05,9.239398449912242
22,2026-09-05,1,2026-09-12,wk inc covid hosp,quantile,0.05,46.54495108876021
23,2026-09-05,1,2026-09-12,wk inc covid hosp,quantile,0.05,0.0
24,2026-09-05,1,2026-09-12,wk inc covid hosp,quantile,0.05,0.4613827348890881
25,2026-09-05,1,2026-09-12,wk inc covid hosp,quantile,0.05,17.486044888478492
26,2026-09-05,1,2026-09-12,wk inc covid hosp,quantile,0.05,12.67534942135433
27,2026-09-05,1,2026-09-12,wk inc covid hosp,quantile,0.05,7.738637340880511
28,2026-09-05,1,2026-09-12,wk inc covid hosp,quantile,0.05,14.740022789654443
29,2026-09-05,1,2026-09-12,wk inc covid hosp,quantile,0.05,19.064131229229123
30,2026-09-05,1,2026-09-12,wk inc covid hosp,quantile,0.05,1.1659121433510702
31,2026-09-05,1,2026-09-12,wk inc covid hosp,quantile,0.05,2.3194086422760725
32,2026-09-05,1,2026-09-12,wk inc covid hosp,quantile,0.05,4.360362873558536
33,2026-09-05,1,2026-09-12,wk inc covid hosp,quantile,0.05,1.4395710309141843
34,2026-09-05,1,2026-09-12,wk inc covid hosp,quantile,0.05,76.94129771476548
35,2026-09-05,1,2026-09-12,wk inc covid hosp,quantile,0.05,5.661715019450953
36,2026-09-05,1,2026-09-12,wk inc covid hosp,quantile,0.05,162.51247019014494
37,2026-09-05,1,2026-09-12,wk inc covid hosp,quantile,0.05,93.70950391068045
38,2026-09-05,1,2026-09-12,wk inc covid hosp,quantile,0.05,0.0
39,2026-09-05,1,2026-09-12,wk inc covid hosp,quantile,0.05,27.529609348475834
40,2026-09-05,1,2026-09-12,wk inc covid hosp,quantile,0.05,8.349816520952947
41,2026-09-05,1,2026-09-12,wk inc covid hosp,quantile,0.05,10.136906540906624
42,2026-09-05,1,2026-09-12,wk inc covid hosp,quantile,0.05,57.569849103932015
44,2026-09-05,1,2026-09-12,wk inc covid hosp,quantile,0.05,1.0957865403466844
45,2026-09-05,1,2026-09-12,wk inc covid hosp,quantile,0.05,42.35581766345014
46,2026-09-05,1,2026-09-12,wk inc covid hosp,quantile,0.05,0.975294216614091
47,2026-09-05,1,2026-09-12,wk inc covid hosp,quantile,0.05,56.80293933015975
48,2026-09-05,1,2026-09-12,wk inc covid hosp,quantile,0.05,368.16602390863187
49,2026-09-05,1,2026-09-12,wk inc covid hosp,quantile,0.05,3.661321398439163
50,2026-09-05,1,2026-09-12,wk inc covid hosp,quantile,0.05,0.0
51,2026-09-05,1,2026-09-12,wk inc covid hosp,quantile,0.05,25.37562773899588
53,2026-09-05,1,2026-09-12,wk inc covid hosp,quantile,0.05,41.135375751268484
54,2026-09-05,1,2026-09-12,wk inc covid hosp,quantile,0.05,2.0858525735650586
55,2026-09-05,1,2026-09-12,wk inc covid hosp,quantile,0.05,14.904131134743002
56,2026-09-05,1,2026-09-12,wk inc covid hosp,quantile,0.05,0.44814471304257575
72,2026-09-05,1,2026-09-12,wk inc covid hosp,quantile,0.05,85.85711994295262
US,2026-09-05,1,2026-09-12,wk inc covid hosp,quantile,0.05,2845.2004690396775
01,2026-09-05,2,2026-09-19,wk inc covid hosp,quantile,0.05,48.22697173894964
02,2026-09-05,2,2026-09-19,wk inc covid hosp,quantile,0.05,0.9126762511781848
04,2026-09-05,2,2026-09-19,wk inc covid hosp,quantile,0.05,54.616523975113246
05,2026-09-05,2,2026-09-19,wk inc covid hosp,quantile,0.05,3.3001002060295304
06,2026-09-05,2,2026-09-19,wk inc covid hosp,quantile,0.05,410.50033906804396
08,2026-09-05,2,2026-09-19,wk inc covid hosp,quantile,0.05,12.024437086478816
09,2026-09-05,2,2026-09-19,wk inc covid hosp,quantile,0.05,7.798030251085613
10,2026-09-05,2,2026-09-19,wk inc covid hosp,quantile,0.05,1.588759652430903
11,2026-09-05,2,2026-09-19,wk inc covid hosp,quantile,0.05,1.3355745364373617
12,2026-09-05,2,2026-09-19,wk inc covid hosp,quantile,0.05,296.69007443830435
13,2026-09-05,2,2026-09-19,wk inc covid hosp,quantile,0.05,90.39972758185209
15,2026-09-05,2,2026-09-19,wk inc covid hosp,quantile,0.05,15.643049340260534
16,2026-09-05,2,2026-09-19,wk inc covid hosp,quantile,0.05,6.482666537838787
17,2026-09-05,2,2026-09-19,wk inc covid hosp,quantile,0.05,23.708322585878157
18,2026-09-05,2,2026-09-19,wk inc covid hosp,quantile,0.05,5.162635941957729
19,2026-09-05,2,2026-09-19,wk inc covid hosp,quantile,0.05,1.7929177394389364
20,2026-09-05,2,2026-09-19,wk inc covid hosp,quantile,0.05,3.404900941252683
21,2026-09-05,2,2026-09-19,wk inc covid hosp,quantile,0.05,9.154072395313765
22,2026-09-05,2,2026-09-19,wk inc covid hosp,quantile,0.05,40.69517245819461
23,2026-09-05,2,2026-09-19,wk inc covid hosp,quantile,0.05,0.0
24,2026-09-05,2,2026-09-19,wk inc covid hosp,quantile,0.05,0.6835421473146553
25,2026-09-05,2,2026-09-19,wk inc covid hosp,quantile,0.05,16.959175061484522
26,2026-09-05,2,2026-09-19,wk inc covid hosp,quantile,0.05,12.343674378038244
27,2026-09-05,2,2026-09-19,wk inc covid hosp,quantile,0.05,7.709733149640219
28,2026-09-05,2,2026-09-19,wk inc covid hosp,quantile,0.05,13.79847521871188
29,2026-09-05,2,2026-09-19,wk inc covid hosp,quantile,0.05,18.377825543649376
30,2026-09-05,2,2026-09-19,wk inc covid hosp,quantile,0.05,1.209188207585893
31,2026-09-05,2,2026-09-19,wk inc covid hosp,quantile,0.05,2.1867191298447315
32,2026-09-05,2,2026-09-19,wk inc covid hosp,quantile,0.05,4.003048599561044
33,2026-09-05,2,2026-09-19,wk inc covid hosp,quantile,0.05,1.4783214359775623
34,2026-09-05,2,2026-09-19,wk inc covid hosp,quantile,0.05,71.57272124432474
35,2026-09-05,2,2026-09-19,wk inc covid hosp,quantile,0.05,5.581403172275893
36,2026-09-05,2,2026-09-19,wk inc covid hosp,quantile,0.05,160.63427320686483
37,2026-09-05,2,2026-09-19,wk inc covid hosp,quantile,0.05,82.87630391608403
38,2026-09-05,2,2026-09-19,wk inc covid hosp,quantile,0.05,0.0
39,2026-09-05,2,2026-09-19,wk inc covid hosp,quantile,0.05,27.159094715164265
40,2026-09-05,2,2026-09-19,wk inc covid hosp,quantile,0.05,7.369008686629202
41,2026-09-05,2,2026-09-19,wk inc covid hosp,quantile,0.05,9.470730963271098
42,2026-09-05,2,2026-09-19,wk inc covid hosp,quantile,0.05,56.073366797157625
44,2026-09-05,2,2026-09-19,wk inc covid hosp,quantile,0.05,1.2776893874948234
45,2026-09-05,2,2026-09-19,wk inc covid hosp,quantile,0.05,40.775046750164194
46,2026-09-05,2,2026-09-19,wk inc covid hosp,quantile,0.05,1.1195505641556454
47,2026-09-05,2,2026-09-19,wk inc covid hosp,quantile,0.05,53.92762623369395
48,2026-09-05,2,2026-09-19,wk inc covid hosp,quantile,0.05,351.26251910003305
49,2026-09-05,2,2026-09-19,wk inc covid hosp,quantile,0.05,3.7679150138768995
50,2026-09-05,2,2026-09-19,wk inc covid hosp,quantile,0.05,0.0
51,2026-09-05,2,2026-09-19,wk inc covid hosp,quantile,0.05,24.671239115719946
53,2026-09-05,2,2026-09-19,wk inc covid hosp,quantile,0.05,41.06966322602882
54,2026-09-05,2,2026-09-19,wk inc covid hosp,quantile,0.05,2.3429216465944456
55,2026-09-05,2,2026-09-19,wk inc covid hosp,quantile,0.05,14.25035286764675
56,2026-09-05,2,2026-09-19,wk inc covid hosp,quantile,0.05,0.45441129702182737
72,2026-09-05,2,2026-09-19,wk inc covid hosp,quantile,0.05,81.01705610757305
US,2026-09-05,2,2026-09-19,wk inc covid hosp,quantile,0.05,2728.9256560358226
01,2026-09-05,3,2026-09-26,wk inc covid hosp,quantile,0.05,42.89634932013768
02,2026-09-05,3,2026-09-26,wk inc covid hosp,quantile,0.05,0.7740877487734751
04,2026-09-05,3,2026-09-26,wk inc covid hosp,quantile,0.05,50.80857379048462
05,2026-09-05,3,2026-09-26,wk inc covid hosp,quantile,0.05,2.9946445711332426
06,2026-09-05,3,2026-09-26,wk inc covid hosp,quantile,0.05,383.02494917367846
08,2026-09-05,3,2026-09-26,wk inc covid hosp,quantile,0.05,9.642652592951164
09,2026-09-05,3,2026-09-26,wk inc covid hosp,quantile,0.05,7.422135554216553
10,2026-09-05,3,2026-09-26,wk inc covid hosp,quantile,0.05,1.5822992749361267
11,2026-09-05,3,2026-09-26,wk inc covid hosp,quantile,0.05,1.3444719857912697
12,2026-09-05,3,2026-09-26,wk inc covid hosp,quantile,0.05,270.83288848256956
13,2026-09-05,3,2026-09-26,wk inc covid hosp,quantile,0.05,80.31077501104244
15,2026-09-05,3,2026-09-26,wk inc covid hosp,quantile,0.05,14.81547294897287
16,2026-09-05,3,2026-09-26,wk inc covid hosp,quantile,0.05,6.191368406103508
17,2026-09-05,3,2026-09-26,wk inc covid hosp,quantile,0.05,22.69186351514375
18,2026-09-05,3,2026-09-26,wk inc covid hosp,quantile,0.05,4.477761360597471
19,2026-09-05,3,2026-09-26,wk inc covid hosp,quantile,0.05,1.3489627420449652
20,2026-09-05,3,2026-09-26,wk inc covid hosp,quantile,0.05,3.2716558072998994
21,2026-09-05,3,2026-09-26,wk inc covid hosp,quantile,0.05,8.202433222724279
22,2026-09-05,3,2026-09-26,wk inc covid hosp,quantile,0.05,39.19135511858376
23,2026-09-05,3,2026-09-26,wk inc covid hosp,quantile,0.05,0.0
24,2026-09-05,3,2026-09-26,wk inc covid hosp,quantile,0.05,0.0
25,2026-09-05,3,2026-09-26,wk inc covid hosp,quantile,0.05,16.240836014164913
26,2026-09-05,3,2026-09-26,wk inc covid hosp,quantile,0.05,11.374658604987353
27,2026-09-05,3,2026-09-26,wk inc covid hosp,quantile,0.05,6.906288413143539
28,2026-09-05,3,2026-09-26,wk inc covid hosp,quantile,0.05,12.634736155105196
29,2026-09-05,3,2026-09-26,wk inc covid hosp,quantile,0.05,16.4485423799287
30,2026-09-05,3,2026-09-26,wk inc covid hosp,quantile,0.05,1.223062365620265
31,2026-09-05,3,2026-09-26,wk inc covid hosp,quantile,0.05,1.9858559334994654
32,2026-09-05,3,2026-09-26,wk inc covid hosp,quantile,0.05,3.74100098308702
33,2026-09-05,3,2026-09-26,wk inc covid hosp,quantile,0.05,1.2584385127081739
34,2026-09-05,3,2026-09-26,wk inc covid hosp,quantile,0.05,68.36609655918062
35,2026-09-05,3,2026-09-26,wk inc covid hosp,quantile,0.05,5.363655817400832
36,2026-09-05,3,2026-09-26,wk inc covid hosp,quantile,0.05,142.65487604394892
37,2026-09-05,3,2026-09-26,wk inc covid hosp,quantile,0.05,75.32528517447425
38,2026-09-05,3,2026-09-26,wk inc covid hosp,quantile,0.05,0.0
39,2026-09-05,3,2026-09-26,wk inc covid hosp,quantile,0.05,24.87221075306045
40,2026-09-05,3,2026-09-26,wk inc covid hosp,quantile,0.05,6.6073019983021855
41,2026-09-05,3,2026-09-26,wk inc covid hosp,quantile,0.05,8.02201277797722
42,2026-09-05,3,2026-09-26,wk inc covid hosp,quantile,0.05,52.37030532914062
44,2026-09-05,3,2026-09-26,wk inc covid hosp,quantile,0.05,1.1440918942317133
45,2026-09-05,3,2026-09-26,wk inc covid hosp,quantile,0.05,37.26941694537021
46,2026-09-05,3,2026-09-26,wk inc covid hosp,quantile,0.05,1.0006785495156263
47,2026-09-05,3,2026-09-26,wk inc covid hosp,quantile,0.05,49.587411167103454
48,2026-09-05,3,2026-09-26,wk inc covid hosp,quantile,0.05,319.6605081416299
49,2026-09-05,3,2026-09-26,wk inc covid hosp,quantile,0.05,2.8275609979464034
50,2026-09-05,3,2026-09-26,wk inc covid hosp,quantile,0.05,0.0
51,2026-09-05,3,2026-09-26,wk inc covid hosp,quantile,0.05,21.667224832612245
53,2026-09-05,3,2026-09-26,wk inc covid hosp,quantile,0.05,36.167258994755
54,2026-09-05,3,2026-09-26,wk inc covid hosp,quantile,0.05,2.034612747424889
55,2026-09-05,3,2026-09-26,wk inc covid hosp,quantile,0.05,13.641195784955078
56,2026-09-05,3,2026-09-26,wk inc covid hosp,quantile,0.05,0.582614184770482
72,2026-09-05,3,2026-09-26,wk inc covid hosp,quantile,0.05,78.30240931515674
US,2026-09-05,3,2026-09-26,wk inc covid hosp,quantile,0.05,2516.6237328222987
01,2026-09-05,0,2026-09-05,wk inc covid hosp,quantile,0.1,59.74373706914433
02,2026-09-05,0,2026-09-05,wk inc covid hosp,quantile,0.1,1.513339413215933
04,2026-09-05,0,2026-09-05,wk inc covid hosp,quantile,0.1,67.66090660698778
05,2026-09-05,0,2026-09-05,wk inc covid hosp,quantile,0.1,4.773646881173805
06,2026-09-05,0,2026-09-05,wk inc covid hosp,quantile,0.1,490.1824523279487
08,2026-09-05,0,2026-09-05,wk inc covid hosp,quantile,0.1,16.22508960028742
09,2026-09-05,0,2026-09-05,wk inc covid hosp,quantile,0.1,10.20737318850278
10,2026-09-05,0,2026-09-05,wk inc covid hosp,quantile,0.1,2.1020213405044847
11,2026-09-05,0,2026-09-05,wk inc covid hosp,quantile,0.1,2.056543464268185
12,2026-09-05,0,2026-09-05,wk inc covid hosp,quantile,0.1,369.315923985726
13,2026-09-05,0,2026-09-05,wk inc covid hosp,quantile,0.1,113.1838267887862
15,2026-09-05,0,2026-09-05,wk inc covid hosp,quantile,0.1,19.284809182312245
16,2026-09-05,0,2026-09-05,wk inc covid hosp,quantile,0.1,8.427083878124447
17,2026-09-05,0,2026-09-05,wk inc covid hosp,quantile,0.1,28.012759160164453
18,2026-09-05,0,2026-09-05,wk inc covid hosp,quantile,0.1,7.997778827173517
19,2026-09-05,0,2026-09-05,wk inc covid hosp,quantile,0.1,3.020764233698705
20,2026-09-05,0,2026-09-05,wk inc covid hosp,quantile,0.1,4.947148626001337
21,2026-09-05,0,2026-09-05,wk inc covid hosp,quantile,0.1,11.279824128522081
22,2026-09-05,0,2026-09-05,wk inc covid hosp,quantile,0.1,59.04880481070267
23,2026-09-05,0,2026-09-05,wk inc covid hosp,quantile,0.1,0.0
24,2026-09-05,0,2026-09-05,wk inc covid hosp,quantile,0.1,3.0716897392667697
25,2026-09-05,0,2026-09-05,wk inc covid hosp,quantile,0.1,21.737395488435816
26,2026-09-05,0,2026-09-05,wk inc covid hosp,quantile,0.1,17.367876529137188
27,2026-09-05,0,2026-09-05,wk inc covid hosp,quantile,0.1,10.485294654447545
28,2026-09-05,0,2026-09-05,wk inc covid hosp,quantile,0.1,19.564425675930888
29,2026-09-05,0,2026-09-05,wk inc covid hosp,quantile,0.1,22.48604008663092
30,2026-09-05,0,2026-09-05,wk inc covid hosp,quantile,0.1,1.7578194600843942
31,2026-09-05,0,2026-09-05,wk inc covid hosp,quantile,0.1,3.4448649068799697
32,2026-09-05,0,2026-09-05,wk inc covid hosp,quantile,0.1,7.13966635407401
33,2026-09-05,0,2026-09-05,wk inc covid hosp,quantile,0.1,1.8813985548965784
34,2026-09-05,0,2026-09-05,wk inc covid hosp,quantile,0.1,91.87670885029334
35,2026-09-05,0,2026-09-05,wk inc covid hosp,quantile,0.1,7.66876222082804
36,2026-09-05,0,2026-09-05,wk inc covid hosp,quantile,0.1,188.4928593978144
37,2026-09-05,0,2026-09-05,wk inc covid hosp,quantile,0.1,109.9136173481955
38,2026-09-05,0,2026-09-05,wk inc covid hosp,quantile,0.1,0.0
39,2026-09-05,0,2026-09-05,wk inc covid hosp,quantile,0.1,34.58422141696229
40,2026-09-05,0,2026-09-05,wk inc covid hosp,quantile,0.1,10.898596536381675
41,2026-09-05,0,2026-09-05,wk inc covid hosp,quantile,0.1,13.247659129000136
42,2026-09-05,0,2026-09-05,wk inc covid hosp,quantile,0.1,62.370962517678116
44,2026-09-05,0,2026-09-05,wk inc covid hosp,quantile,0.1,1.745478510585567
45,2026-09-05,0,2026-09-05,wk inc covid hosp,quantile,0.1,48.17072956449138
46,2026-09-05,0,2026-09-05,wk inc covid hosp,quantile,0.1,1.1512091504996305
47,2026-09-05,0,2026-09-05,wk inc covid hosp,quantile,0.1,65.00528662963454
48,2026-09-05,0,2026-09-05,wk inc covid hosp,quantile,0.1,435.58362844323193
49,2026-09-05,0,2026-09-05,wk inc covid hosp,quantile,0.1,5.786539665079686
50,2026-09-05,0,2026-09-05,wk inc covid hosp,quantile,0.1,0.0
51,2026-09-05,0,2026-09-05,wk inc covid hosp,quantile,0.1,32.98868483677643
53,2026-09-05,0,2026-09-05,wk inc covid hosp,quantile,0.1,49.130587054832326
54,2026-09-05,0,2026-09-05,wk inc covid hosp,quantile,0.1,2.7702990508415253
55,2026-09-05,0,2026-09-05,wk inc covid hosp,quantile,0.1,17.715334864881267
56,2026-09-05,0,2026-09-05,wk inc covid hosp,quantile,0.1,0.4428828106647582
72,2026-09-05,0,2026-09-05,wk inc covid hosp,quantile,0.1,98.92752899263515
US,2026-09-05,0,2026-09-05,wk inc covid hosp,quantile,0.1,3264.6019076998145
01,2026-09-05,1,2026-09-12,wk inc covid hosp,quantile,0.1,55.73695047507721
02,2026-09-05,1,2026-09-12,wk inc covid hosp,quantile,0.1,1.4834512736688068
04,2026-09-05,1,2026-09-12,wk inc covid hosp,quantile,0.1,64.82358413450542
05,2026-09-05,1,2026-09-12,wk inc covid hosp,quantile,0.1,4.564144844761375
06,2026-09-05,1,2026-09-12,wk inc covid hosp,quantile,0.1,484.15016115185
08,2026-09-05,1,2026-09-12,wk inc covid hosp,quantile,0.1,15.945155940820367
09,2026-09-05,1,2026-09-12,wk inc covid hosp,quantile,0.1,10.113643156811419
10,2026-09-05,1,2026-09-12,wk inc covid hosp,quantile,0.1,2.067985165234124
11,2026-09-05,1,2026-09-12,wk inc covid hosp,quantile,0.1,2.173060426856415
12,2026-09-05,1,2026-09-12,wk inc covid hosp,quantile,0.1,343.19467332225
13,2026-09-05,1,2026-09-12,wk inc covid hosp,quantile,0.1,108.90846519114938
15,2026-09-05,1,2026-09-12,wk inc covid hosp,quantile,0.1,17.84154832317899
16,2026-09-05,1,2026-09-12,wk inc covid hosp,quantile,0.1,8.244821291838164
17,2026-09-05,1,2026-09-12,wk inc covid hosp,quantile,0.1,28.09425022876069
18,2026-09-05,1,2026-09-12,wk inc covid hosp,quantile,0.1,8.548094582568591
19,2026-09-05,1,2026-09-12,wk inc covid hosp,quantile,0.1,2.854084081680555
20,2026-09-05,1,2026-09-12,wk inc covid hosp,quantile,0.1,4.745005125013578
21,2026-09-05,1,2026-09-12,wk inc covid hosp,quantile,0.1,10.858821404705699
22,2026-09-05,1,2026-09-12,wk inc covid hosp,quantile,0.1,55.365617437283284
23,2026-09-05,1,2026-09-12,wk inc covid hosp,quantile,0.1,0.0
24,2026-09-05,1,2026-09-12,wk inc covid hosp,quantile,0.1,2.902153157123563
25,2026-09-05,1,2026-09-12,wk inc covid hosp,quantile,0.1,20.821606817597804
26,2026-09-05,1,2026-09-12,wk inc covid hosp,quantile,0.1,17.286047428859
27,2026-09-05,1,2026-09-12,wk inc covid hosp,quantile,0.1,10.361651970936842
28,2026-09-05,1,2026-09-12,wk inc covid hosp,quantile,0.1,18.89157697402611
29,2026-09-05,1,2026-09-12,wk inc covid hosp,quantile,0.1,22.461053535105655
30,2026-09-05,1,2026-09-12,wk inc covid hosp,quantile,0.1,1.7204359374055296
31,2026-09-05,1,2026-09-12,wk inc covid hosp,quantile,0.1,3.274667751653882
32,2026-09-05,1,2026-09-12,wk inc covid hosp,quantile,0.1,6.87711635500695
33,2026-09-05,1,2026-09-12,wk inc covid hosp,quantile,0.1,2.033782739216627
34,2026-09-05,1,2026-09-12,wk inc covid hosp,quantile,0.1,92.4991110477485
35,2026-09-05,1,2026-09-12,wk inc covid hosp,quantile,0.1,7.613832924004838
36,2026-09-05,1,2026-09-12,wk inc covid hosp,quantile,0.1,184.06706167457406
37,2026-09-05,1,2026-09-12,wk inc covid hosp,quantile,0.1,103.28975448371753
38,2026-09-05,1,2026-09-12,wk inc covid hosp,quantile,0.1,0.0
39,2026-09-05,1,2026-09-12,wk inc covid hosp,quantile,0.1,33.9360215774352
40,2026-09-05,1,2026-09-12,wk inc covid hosp,quantile,0.1,10.704154209533531
41,2026-09-05,1,2026-09-12,wk inc covid hosp,quantile,0.1,12.90914035364222
42,2026-09-05,1,2026-09-12,wk inc covid hosp,quantile,0.1,62.16129155946958
44,2026-09-05,1,2026-09-12,wk inc covid hosp,quantile,0.1,1.7136879667619243
45,2026-09-05,1,2026-09-12,wk inc covid hosp,quantile,0.1,46.6981524835701
46,2026-09-05,1,2026-09-12,wk inc covid hosp,quantile,0.1,1.1301420848802095
47,2026-09-05,1,2026-09-12,wk inc covid hosp,quantile,0.1,63.38098513867243
48,2026-09-05,1,2026-09-12,wk inc covid hosp,quantile,0.1,417.2431793520601
49,2026-09-05,1,2026-09-12,wk inc covid hosp,quantile,0.1,5.811080582590945
50,2026-09-05,1,2026-09-12,wk inc covid hosp,quantile,0.1,0.0
51,2026-09-05,1,2026-09-12,wk inc covid hosp,quantile,0.1,34.3702710913994
53,2026-09-05,1,2026-09-12,wk inc covid hosp,quantile,0.1,47.13043813592841
54,2026-09-05,1,2026-09-12,wk inc covid hosp,quantile,0.1,2.713260359399757
55,2026-09-05,1,2026-09-12,wk inc covid hosp,quantile,0.1,17.588420615032756
56,2026-09-05,1,2026-09-12,wk inc covid hosp,quantile,0.1,0.46008799666529654
72,2026-09-05,1,2026-09-12,wk inc covid hosp,quantile,0.1,88.44619648313919
US,2026-09-05,1,2026-09-12,wk inc covid hosp,quantile,0.1,3221.6075083276282
01,2026-09-05,2,2026-09-19,wk inc covid hosp,quantile,0.1,52.09954788273666
02,2026-09-05,2,2026-09-19,wk inc covid hosp,quantile,0.1,1.3279136120213706
04,2026-09-05,2,2026-09-19,wk inc covid hosp,quantile,0.1,64.36027969880398
05,2026-09-05,2,2026-09-19,wk inc covid hosp,quantile,0.1,4.723572195899229
06,2026-09-05,2,2026-09-19,wk inc covid hosp,quantile,0.1,462.5294157536773
08,2026-09-05,2,2026-09-19,wk inc covid hosp,quantile,0.1,16.038692113682277
09,2026-09-05,2,2026-09-19,wk inc covid hosp,quantile,0.1,9.54160643337247
10,2026-09-05,2,2026-09-19,wk inc covid hosp,quantile,0.1,2.0179332140503137
11,2026-09-05,2,2026-09-19,wk inc covid hosp,quantile,0.1,2.159437094266394
12,2026-09-05,2,2026-09-19,wk inc covid hosp,quantile,0.1,326.70005321920036
13,2026-09-05,2,2026-09-19,wk inc covid hosp,quantile,0.1,102.92200661930023
15,2026-09-05,2,2026-09-19,wk inc covid hosp,quantile,0.1,17.673292038356305
16,2026-09-05,2,2026-09-19,wk inc covid hosp,quantile,0.1,8.419470113023417
17,2026-09-05,2,2026-09-19,wk inc covid hosp,quantile,0.1,26.833450939022022
18,2026-09-05,2,2026-09-19,wk inc covid hosp,quantile,0.1,8.614757090628895
19,2026-09-05,2,2026-09-19,wk inc covid hosp,quantile,0.1,2.660734119841639
20,2026-09-05,2,2026-09-19,wk inc covid hosp,quantile,0.1,4.63325107681928
21,2026-09-05,2,2026-09-19,wk inc covid hosp,quantile,0.1,10.440220824261626
22,2026-09-05,2,2026-09-19,wk inc covid hosp,quantile,0.1,52.02458642180587
23,2026-09-05,2,2026-09-19,wk inc covid hosp,quantile,0.1,0.0
24,2026-09-05,2,2026-09-19,wk inc covid hosp,quantile,0.1,2.572548883738276
25,2026-09-05,2,2026-09-19,wk inc covid hosp,quantile,0.1,20.26511298839164
26,2026-09-05,2,2026-09-19,wk inc covid hosp,quantile,0.1,18.459334657491418
27,2026-09-05,2,2026-09-19,wk inc covid hosp,quantile,0.1,10.836733078383098
28,2026-09-05,2,2026-09-19,wk inc covid hosp,quantile,0.1,17.96620752730404
29,2026-09-05,2,2026-09-19,wk inc covid hosp,quantile,0.1,22.025669573634776
30,2026-09-05,2,2026-09-19,wk inc covid hosp,quantile,0.1,1.8542210454184787
31,2026-09-05,2,2026-09-19,wk inc covid hosp,quantile,0.1,3.248393826371903
32,2026-09-05,2,2026-09-19,wk inc covid hosp,quantile,0.1,6.565355124564916
33,2026-09-05,2,2026-09-19,wk inc covid hosp,quantile,0.1,2.00141693966076
34,2026-09-05,2,2026-09-19,wk inc covid hosp,quantile,0.1,90.55954148914607
35,2026-09-05,2,2026-09-19,wk inc covid hosp,quantile,0.1,7.627271499469551
36,2026-09-05,2,2026-09-19,wk inc covid hosp,quantile,0.1,177.70351683483221
37,2026-09-05,2,2026-09-19,wk inc covid hosp,quantile,0.1,98.08283992461593
38,2026-09-05,2,2026-09-19,wk inc covid hosp,quantile,0.1,0.0
39,2026-09-05,2,2026-09-19,wk inc covid hosp,quantile,0.1,31.022518524062313
40,2026-09-05,2,2026-09-19,wk inc covid hosp,quantile,0.1,10.942400909299304
41,2026-09-05,2,2026-09-19,wk inc covid hosp,quantile,0.1,12.310453382018082
42,2026-09-05,2,2026-09-19,wk inc covid hosp,quantile,0.1,60.88508233890855
44,2026-09-05,2,2026-09-19,wk inc covid hosp,quantile,0.1,1.798548555986919
45,2026-09-05,2,2026-09-19,wk inc covid hosp,quantile,0.1,45.17784112568913
46,2026-09-05,2,2026-09-19,wk inc covid hosp,quantile,0.1,1.1520064309842744
47,2026-09-05,2,2026-09-19,wk inc covid hosp,quantile,0.1,62.16835735184569
48,2026-09-05,2,2026-09-19,wk inc covid hosp,quantile,0.1,404.139235110512
49,2026-09-05,2,2026-09-19,wk inc covid hosp,quantile,0.1,5.6710912645849865
50,2026-09-05,2,2026-09-19,wk inc covid hosp,quantile,0.1,0.0
51,2026-09-05,2,2026-09-19,wk inc covid hosp,quantile,0.1,33.821181763731495
53,2026-09-05,2,2026-09-19,wk inc covid hosp,quantile,0.1,46.12545106340017
54,2026-09-05,2,2026-09-19,wk inc covid hosp,quantile,0.1,2.889764545827201
55,2026-09-05,2,2026-09-19,wk inc covid hosp,quantile,0.1,18.009194938355403
56,2026-09-05,2,2026-09-19,wk inc covid hosp,quantile,0.1,0.5264670958413763
72,2026-09-05,2,2026-09-19,wk inc covid hosp,quantile,0.1,83.9815003576174
US,2026-09-05,2,2026-09-19,wk inc covid hosp,quantile,0.1,3177.979676932146
01,2026-09-05,3,2026-09-26,wk inc covid hosp,quantile,0.1,48.765791498281324
02,2026-09-05,3,2026-09-26,wk inc covid hosp,quantile,0.1,1.2872220354273936
04,2026-09-05,3,2026-09-26,wk inc covid hosp,quantile,0.1,60.416571973896
05,2026-09-05,3,2026-09-26,wk inc covid hosp,quantile,0.1,4.403322583064743
06,2026-09-05,3,2026-09-26,wk inc covid hosp,quantile,0.1,437.5725417920146
08,2026-09-05,3,2026-09-26,wk inc covid hosp,quantile,0.1,13.88588074671803
09,2026-09-05,3,2026-09-26,wk inc covid hosp,quantile,0.1,8.921603342729968
10,2026-09-05,3,2026-09-26,wk inc covid hosp,quantile,0.1,2.092336317710064
11,2026-09-05,3,2026-09-26,wk inc covid hosp,quantile,0.1,2.1269441428966163
12,2026-09-05,3,2026-09-26,wk inc covid hosp,quantile,0.1,292.5094732849628
13,2026-09-05,3,2026-09-26,wk inc covid hosp,quantile,0.1,98.72637331439469
15,2026-09-05,3,2026-09-26,wk inc covid hosp,quantile,0.1,16.56746461145281
16,2026-09-05,3,2026-09-26,wk inc covid hosp,quantile,0.1,8.558526062948554
17,2026-09-05,3,2026-09-26,wk inc covid hosp,quantile,0.1,25.46780406082387
18,2026-09-05,3,2026-09-26,wk inc covid hosp,quantile,0.1,8.885160989959857
19,2026-09-05,3,2026-09-26,wk inc covid hosp,quantile,0.1,2.512662809310469
20,2026-09-05,3,2026-09-26,wk inc covid hosp,quantile,0.1,4.382279615526082
21,2026-09-05,3,2026-09-26,wk inc covid hosp,quantile,0.1,9.951119833445379
22,2026-09-05,3,2026-09-26,wk inc covid hosp,quantile,0.1,48.78470897895442
23,2026-09-05,3,2026-09-26,wk inc covid hosp,quantile,0.1,0.0
24,2026-09-05,3,2026-09-26,wk inc covid hosp,quantile,0.1,1.907459127861858
25,2026-09-05,3,2026-09-26,wk inc covid hosp,quantile,0.1,19.587032959035678
26,2026-09-05,3,2026-09-26,wk inc covid hosp,quantile,0.1,18.153743681687455
27,2026-09-05,3,2026-09-26,wk inc covid hosp,quantile,0.1,10.050914942799249
28,2026-09-05,3,2026-09-26,wk inc covid hosp,quantile,0.1,16.58743297742322
29,2026-09-05,3,2026-09-26,wk inc covid hosp,quantile,0.1,20.670876925871216
30,2026-09-05,3,2026-09-26,wk inc covid hosp,quantile,0.1,1.8564998066381933
31,2026-09-05,3,2026-09-26,wk inc covid hosp,quantile,0.1,3.086281426817362
32,2026-09-05,3,2026-09-26,wk inc covid hosp,quantile,0.1,5.848305305132981
33,2026-09-05,3,2026-09-26,wk inc covid hosp,quantile,0.1,1.7404670507606854
34,2026-09-05,3,2026-09-26,wk inc covid hosp,quantile,0.1,86.62966700673165
35,2026-09-05,3,2026-09-26,wk inc covid hosp,quantile,0.1,7.447746998488036
36,2026-09-05,3,2026-09-26,wk inc covid hosp,quantile,0.1,163.8897571073276
37,2026-09-05,3,2026-09-26,wk inc covid hosp,quantile,0.1,92.36556991540725
38,2026-09-05,3,2026-09-26,wk inc covid hosp,quantile,0.1,0.0
39,2026-09-05,3,2026-09-26,wk inc covid hosp,quantile,0.1,29.389152516493127
40,2026-09-05,3,2026-09-26,wk inc covid hosp,quantile,0.1,9.591676784287683
41,2026-09-05,3,2026-09-26,wk inc covid hosp,quantile,0.1,11.340881713342208
42,2026-09-05,3,2026-09-26,wk inc covid hosp,quantile,0.1,56.933315635673516
44,2026-09-05,3,2026-09-26,wk inc covid hosp,quantile,0.1,1.7845659451734979
45,2026-09-05,3,2026-09-26,wk inc covid hosp,quantile,0.1,41.534378836772106
46,2026-09-05,3,2026-09-26,wk inc covid hosp,quantile,0.1,1.046681175278083
47,2026-09-05,3,2026-09-26,wk inc covid hosp,quantile,0.1,58.48508113215299
48,2026-09-05,3,2026-09-26,wk inc covid hosp,quantile,0.1,363.4319941491671
49,2026-09-05,3,2026-09-26,wk inc covid hosp,quantile,0.1,5.007708259612635
50,2026-09-05,3,2026-09-26,wk inc covid hosp,quantile,0.1,0.0
51,2026-09-05,3,2026-09-26,wk inc covid hosp,quantile,0.1,31.179264198250518
53,2026-09-05,3,2026-09-26,wk inc covid hosp,quantile,0.1,43.85206246815212
54,2026-09-05,3,2026-09-26,wk inc covid hosp,quantile,0.1,2.855124977022291
55,2026-09-05,3,2026-09-26,wk inc covid hosp,quantile,0.1,17.462694265263504
56,2026-09-05,3,2026-09-26,wk inc covid hosp,quantile,0.1,0.6298468446036839
72,2026-09-05,3,2026-09-26,wk inc covid hosp,quantile,0.1,80.37682754044755
US,2026-09-05,3,2026-09-26,wk inc covid hosp,quantile,0.1,2972.439467604269
01,2026-09-05,0,2026-09-05,wk inc covid hosp,quantile,0.15,65.45856764020128
02,2026-09-05,0,2026-09-05,wk inc covid hosp,quantile,0.15,1.5940893144211195
04,2026-09-05,0,2026-09-05,wk inc covid hosp,quantile,0.15,71.62857050181746
05,2026-09-05,0,2026-09-05,wk inc covid hosp,quantile,0.15,5.501456096248404
06,2026-09-05,0,2026-09-05,wk inc covid hosp,quantile,0.15,518.6455625317803
08,2026-09-05,0,2026-09-05,wk inc covid hosp,quantile,0.15,18.849153889725024
09,2026-09-05,0,2026-09-05,wk inc covid hosp,quantile,0.15,11.473097848802155
10,2026-09-05,0,2026-09-05,wk inc covid hosp,quantile,0.15,2.319299863047864
11,2026-09-05,0,2026-09-05,wk inc covid hosp,quantile,0.15,2.6557605989858506
12,2026-09-05,0,2026-09-05,wk inc covid hosp,quantile,0.15,391.38394910133945
13,2026-09-05,0,2026-09-05,wk inc covid hosp,quantile,0.15,118.47015129057937
15,2026-09-05,0,2026-09-05,wk inc covid hosp,quantile,0.15,20.756706446885232
16,2026-09-05,0,2026-09-05,wk inc covid hosp,quantile,0.15,10.050751015727348
17,2026-09-05,0,2026-09-05,wk inc covid hosp,quantile,0.15,30.49427196637351
18,2026-09-05,0,2026-09-05,wk inc covid hosp,quantile,0.15,9.637888013662907
19,2026-09-05,0,2026-09-05,wk inc covid hosp,quantile,0.15,3.9529680305835933
20,2026-09-05,0,2026-09-05,wk inc covid hosp,quantile,0.15,5.687861684182087
21,2026-09-05,0,2026-09-05,wk inc covid hosp,quantile,0.15,13.009758023491727
22,2026-09-05,0,2026-09-05,wk inc covid hosp,quantile,0.15,64.16723740731796
23,2026-09-05,0,2026-09-05,wk inc covid hosp,quantile,0.15,0.0
24,2026-09-05,0,2026-09-05,wk inc covid hosp,quantile,0.15,4.439912556340399
25,2026-09-05,0,2026-09-05,wk inc covid hosp,quantile,0.15,24.40540197026201
26,2026-09-05,0,2026-09-05,wk inc covid hosp,quantile,0.15,19.02573341088348
27,2026-09-05,0,2026-09-05,wk inc covid hosp,quantile,0.15,12.72014408588117
28,2026-09-05,0,2026-09-05,wk inc covid hosp,quantile,0.15,22.349050351358528
29,2026-09-05,0,2026-09-05,wk inc covid hosp,quantile,0.15,25.1207313677144
30,2026-09-05,0,2026-09-05,wk inc covid hosp,quantile,0.15,2.1472789797796104
31,2026-09-05,0,2026-09-05,wk inc covid hosp,quantile,0.15,4.137560871624485
32,2026-09-05,0,2026-09-05,wk inc covid hosp,quantile,0.15,8.99836849496437
33,2026-09-05,0,2026-09-05,wk inc covid hosp,quantile,0.15,2.1172456319857744
34,2026-09-05,0,2026-09-05,wk inc covid hosp,quantile,0.15,97.29524718684316
35,2026-09-05,0,2026-09-05,wk inc covid hosp,quantile,0.15,8.946754494632096
36,2026-09-05,0,2026-09-05,wk inc covid hosp,quantile,0.15,197.2571396589547
37,2026-09-05,0,2026-09-05,wk inc covid hosp,quantile,0.15,117.80019612561257
38,2026-09-05,0,2026-09-05,wk inc covid hosp,quantile,0.15,0.0
39,2026-09-05,0,2026-09-05,wk inc covid hosp,quantile,0.15,37.33881417937331
40,2026-09-05,0,2026-09-05,wk inc covid hosp,quantile,0.15,12.106835717737276
41,2026-09-05,0,2026-09-05,wk inc covid hosp,quantile,0.15,15.390875974542272
42,2026-09-05,0,2026-09-05,wk inc covid hosp,quantile,0.15,64.62220712504474
44,2026-09-05,0,2026-09-05,wk inc covid hosp,quantile,0.15,1.870535070975081
45,2026-09-05,0,2026-09-05,wk inc covid hosp,quantile,0.15,53.48484937125332
46,2026-09-05,0,2026-09-05,wk inc covid hosp,quantile,0.15,1.6135613130712483
47,2026-09-05,0,2026-09-05,wk inc covid hosp,quantile,0.15,72.96395940338154
48,2026-09-05,0,2026-09-05,wk inc covid hosp,quantile,0.15,471.4597943264883
49,2026-09-05,0,2026-09-05,wk inc covid hosp,quantile,0.15,6.633752503311839
50,2026-09-05,0,2026-09-05,wk inc covid hosp,quantile,0.15,0.0
51,2026-09-05,0,2026-09-05,wk inc covid hosp,quantile,0.15,33.31974200914955
53,2026-09-05,0,2026-09-05,wk inc covid hosp,quantile,0.15,52.58921148556317
54,2026-09-05,0,2026-09-05,wk inc covid hosp,quantile,0.15,3.297260565076282
55,2026-09-05,0,2026-09-05,wk inc covid hosp,quantile,0.15,19.354026135613385
56,2026-09-05,0,2026-09-05,wk inc covid hosp,quantile,0.15,0.6134553713727464
72,2026-09-05,0,2026-09-05,wk inc covid hosp,quantile,0.15,102.71139629342392
US,2026-09-05,0,2026-09-05,wk inc covid hosp,quantile,0.15,3431.689252776405
01,2026-09-05,1,2026-09-12,wk inc covid hosp,quantile,0.15,64.55881410048757
02,2026-09-05,1,2026-09-12,wk inc covid hosp,quantile,0.15,1.533336001805946
04,2026-09-05,1,2026-09-12,wk inc covid hosp,quantile,0.15,71.3435180979282
05,2026-09-05,1,2026-09-12,wk inc covid hosp,quantile,0.15,5.536977302978
06,2026-09-05,1,2026-09-12,wk inc covid hosp,quantile,0.15,508.1976280483768
08,2026-09-05,1,2026-09-12,wk inc covid hosp,quantile,0.15,18.024975226136238
09,2026-09-05,1,2026-09-12,wk inc covid hosp,quantile,0.15,11.288387014684234
10,2026-09-05,1,2026-09-12,wk inc covid hosp,quantile,0.15,2.34351448211941
11,2026-09-05,1,2026-09-12,wk inc covid hosp,quantile,0.15,2.8031922414748576
12,2026-09-05,1,2026-09-12,wk inc covid hosp,quantile,0.15,384.0179550279469
13,2026-09-05,1,2026-09-12,wk inc covid hosp,quantile,0.15,118.73795349868206
15,2026-09-05,1,2026-09-12,wk inc covid hosp,quantile,0.15,19.683607398601968
16,2026-09-05,1,2026-09-12,wk inc covid hosp,quantile,0.15,9.850005985123344
17,2026-09-05,1,2026-09-12,wk inc covid hosp,quantile,0.15,30.365508997670958
18,2026-09-05,1,2026-09-12,wk inc covid hosp,quantile,0.15,9.777499788672845
19,2026-09-05,1,2026-09-12,wk inc covid hosp,quantile,0.15,3.7769149367323123
20,2026-09-05,1,2026-09-12,wk inc covid hosp,quantile,0.15,5.622635724137247
21,2026-09-05,1,2026-09-12,wk inc covid hosp,quantile,0.15,12.796679849857506
22,2026-09-05,1,2026-09-12,wk inc covid hosp,quantile,0.15,63.24069552602382
23,2026-09-05,1,2026-09-12,wk inc covid hosp,quantile,0.15,0.0
24,2026-09-05,1,2026-09-12,wk inc covid hosp,quantile,0.15,4.712090802811305
25,2026-09-05,1,2026-09-12,wk inc covid hosp,quantile,0.15,24.102858697690092
26,2026-09-05,1,2026-09-12,wk inc covid hosp,quantile,0.15,18.092596202778484
27,2026-09-05,1,2026-09-12,wk inc covid hosp,quantile,0.15,12.769398085927541
28,2026-09-05,1,2026-09-12,wk inc covid hosp,quantile,0.15,21.24408800514736
29,2026-09-05,1,2026-09-12,wk inc covid hosp,quantile,0.15,24.97348788844749
30,2026-09-05,1,2026-09-12,wk inc covid hosp,quantile,0.15,2.1087062731811104
31,2026-09-05,1,2026-09-12,wk inc covid hosp,quantile,0.15,4.114160686482951
32,2026-09-05,1,2026-09-12,wk inc covid hosp,quantile,0.15,8.698836982164583
33,2026-09-05,1,2026-09-12,wk inc covid hosp,quantile,0.15,2.2689783682228652
34,2026-09-05,1,2026-09-12,wk inc covid hosp,quantile,0.15,95.92579561647486
35,2026-09-05,1,2026-09-12,wk inc covid hosp,quantile,0.15,8.883176155744268
36,2026-09-05,1,2026-09-12,wk inc covid hosp,quantile,0.15,197.98080714010868
37,2026-09-05,1,2026-09-12,wk inc covid hosp,quantile,0.15,116.54193672926624
38,2026-09-05,1,2026-09-12,wk inc covid hosp,quantile,0.15,0.0
39,2026-09-05,1,2026-09-12,wk inc covid hosp,quantile,0.15,36.266928242310094
40,2026-09-05,1,2026-09-12,wk inc covid hosp,quantile,0.15,12.147040694665051
41,2026-09-05,1,2026-09-12,wk inc covid hosp,quantile,0.15,14.766785914205736
42,2026-09-05,1,2026-09-12,wk inc covid hosp,quantile,0.15,65.19174571970869
44,2026-09-05,1,2026-09-12,wk inc covid hosp,quantile,0.15,1.872874658725131
45,2026-09-05,1,2026-09-12,wk inc covid hosp,quantile,0.15,52.277848347257816
46,2026-09-05,1,2026-09-12,wk inc covid hosp,quantile,0.15,1.6478556894522256
47,2026-09-05,1,2026-09-12,wk inc covid hosp,quantile,0.15,71.52600468717645
48,2026-09-05,1,2026-09-12,wk inc covid hosp,quantile,0.15,468.7962378034246
49,2026-09-05,1,2026-09-12,wk inc covid hosp,quantile,0.15,6.3624857266890515
50,2026-09-05,1,2026-09-12,wk inc covid hosp,quantile,0.15,0.0
51,2026-09-05,1,2026-09-12,wk inc covid hosp,quantile,0.15,34.849753151344544
53,2026-09-05,1,2026-09-12,wk inc covid hosp,quantile,0.15,51.988602330903724
54,2026-09-05,1,2026-09-12,wk inc covid hosp,quantile,0.15,3.3477376055485064
55,2026-09-05,1,2026-09-12,wk inc covid hosp,quantile,0.15,20.074968485823717
56,2026-09-05,1,2026-09-12,wk inc covid hosp,quantile,0.15,0.6702653793633387
72,2026-09-05,1,2026-09-12,wk inc covid hosp,quantile,0.15,93.0556110520603
US,2026-09-05,1,2026-09-12,wk inc covid hosp,quantile,0.15,3403.8062002377073
01,2026-09-05,2,2026-09-19,wk inc covid hosp,quantile,0.15,60.72690299949697
02,2026-09-05,2,2026-09-19,wk inc covid hosp,quantile,0.15,1.523182121492758
04,2026-09-05,2,2026-09-19,wk inc covid hosp,quantile,0.15,68.98364986543274
05,2026-09-05,2,2026-09-19,wk inc covid hosp,quantile,0.15,5.495705554631549
06,2026-09-05,2,2026-09-19,wk inc covid hosp,quantile,0.15,489.01870261522396
08,2026-09-05,2,2026-09-19,wk inc covid hosp,quantile,0.15,17.766182502723346
09,2026-09-05,2,2026-09-19,wk inc covid hosp,quantile,0.15,11.120723218912186
10,2026-09-05,2,2026-09-19,wk inc covid hosp,quantile,0.15,2.4332636162282286
11,2026-09-05,2,2026-09-19,wk inc covid hosp,quantile,0.15,2.786224302568679
12,2026-09-05,2,2026-09-19,wk inc covid hosp,quantile,0.15,363.08082679763385
13,2026-09-05,2,2026-09-19,wk inc covid hosp,quantile,0.15,117.16634768562987
15,2026-09-05,2,2026-09-19,wk inc covid hosp,quantile,0.15,20.069666618018715
16,2026-09-05,2,2026-09-19,wk inc covid hosp,quantile,0.15,9.531792078274353
17,2026-09-05,2,2026-09-19,wk inc covid hosp,quantile,0.15,29.823442708965285
18,2026-09-05,2,2026-09-19,wk inc covid hosp,quantile,0.15,10.588170607261787
19,2026-09-05,2,2026-09-19,wk inc covid hosp,quantile,0.15,3.6713539098182237
20,2026-09-05,2,2026-09-19,wk inc covid hosp,quantile,0.15,5.509885173348271
21,2026-09-05,2,2026-09-19,wk inc covid hosp,quantile,0.15,13.086491262029863
22,2026-09-05,2,2026-09-19,wk inc covid hosp,quantile,0.15,61.52403077641033
23,2026-09-05,2,2026-09-19,wk inc covid hosp,quantile,0.15,0.0
24,2026-09-05,2,2026-09-19,wk inc covid hosp,quantile,0.15,4.165317684730533
25,2026-09-05,2,2026-09-19,wk inc covid hosp,quantile,0.15,23.795679847487676
26,2026-09-05,2,2026-09-19,wk inc covid hosp,quantile,0.15,19.724135108131655
27,2026-09-05,2,2026-09-19,wk inc covid hosp,quantile,0.15,12.384422425773494
28,2026-09-05,2,2026-09-19,wk inc covid hosp,quantile,0.15,20.393274089470278
29,2026-09-05,2,2026-09-19,wk inc covid hosp,quantile,0.15,25.50345724652711
30,2026-09-05,2,2026-09-19,wk inc covid hosp,quantile,0.15,2.0661308044748985
31,2026-09-05,2,2026-09-19,wk inc covid hosp,quantile,0.15,4.119723401537151
32,2026-09-05,2,2026-09-19,wk inc covid hosp,quantile,0.15,8.322859913337657
33,2026-09-05,2,2026-09-19,wk inc covid hosp,quantile,0.15,2.3839268495918455
34,2026-09-05,2,2026-09-19,wk inc covid hosp,quantile,0.15,95.77358234156921
35,2026-09-05,2,2026-09-19,wk inc covid hosp,quantile,0.15,9.198693217901063
36,2026-09-05,2,2026-09-19,wk inc covid hosp,quantile,0.15,197.70198909197578
37,2026-09-05,2,2026-09-19,wk inc covid hosp,quantile,0.15,112.61051311106768
38,2026-09-05,2,2026-09-19,wk inc covid hosp,quantile,0.15,0.0
39,2026-09-05,2,2026-09-19,wk inc covid hosp,quantile,0.15,34.29947890507654
40,2026-09-05,2,2026-09-19,wk inc covid hosp,quantile,0.15,12.238391507794471
41,2026-09-05,2,2026-09-19,wk inc covid hosp,quantile,0.15,14.708307798326029
42,2026-09-05,2,2026-09-19,wk inc covid hosp,quantile,0.15,63.40792039322476
44,2026-09-05,2,2026-09-19,wk inc covid hosp,quantile,0.15,1.8712338048547632
45,2026-09-05,2,2026-09-19,wk inc covid hosp,quantile,0.15,52.033207283132356
46,2026-09-05,2,2026-09-19,wk inc covid hosp,quantile,0.15,1.6857819465517543
47,2026-09-05,2,2026-09-19,wk inc covid hosp,quantile,0.15,72.66929652729067
48,2026-09-05,2,2026-09-19,wk inc covid hosp,quantile,0.15,469.09836088952034
49,2026-09-05,2,2026-09-19,wk inc covid hosp,quantile,0.15,6.230400214973449
50,2026-09-05,2,2026-09-19,wk inc covid hosp,quantile,0.15,0.0
51,2026-09-05,2,2026-09-19,wk inc covid hosp,quantile,0.15,34.46271724384036
53,2026-09-05,2,2026-09-19,wk inc covid hosp,quantile,0.15,51.38647568731187
54,2026-09-05,2,2026-09-19,wk inc covid hosp,quantile,0.15,3.521165346684348
55,2026-09-05,2,2026-09-19,wk inc covid hosp,quantile,0.15,19.032990057081218
56,2026-09-05,2,2026-09-19,wk inc covid hosp,quantile,0.15,0.6873550112764412
72,2026-09-05,2,2026-09-19,wk inc covid hosp,quantile,0.15,84.28519663098416
US,2026-09-05,2,2026-09-19,wk inc covid hosp,quantile,0.15,3307.436757126691
01,2026-09-05,3,2026-09-26,wk inc covid hosp,quantile,0.15,58.24764710712947
02,2026-09-05,3,2026-09-26,wk inc covid hosp,quantile,0.15,1.49850874443034
04,2026-09-05,3,2026-09-26,wk inc covid hosp,quantile,0.15,66.97653418545052
05,2026-09-05,3,2026-09-26,wk inc covid hosp,quantile,0.15,5.081177940927609
06,2026-09-05,3,2026-09-26,wk inc covid hosp,quantile,0.15,470.97392455515325
08,2026-09-05,3,2026-09-26,wk inc covid hosp,quantile,0.15,16.633949176035745
09,2026-09-05,3,2026-09-26,wk inc covid hosp,quantile,0.15,10.356521427275434
10,2026-09-05,3,2026-09-26,wk inc covid hosp,quantile,0.15,2.336685249343827
11,2026-09-05,3,2026-09-26,wk inc covid hosp,quantile,0.15,2.6825567860518955
12,2026-09-05,3,2026-09-26,wk inc covid hosp,quantile,0.15,324.1400371598652
13,2026-09-05,3,2026-09-26,wk inc covid hosp,quantile,0.15,110.51587744839317
15,2026-09-05,3,2026-09-26,wk inc covid hosp,quantile,0.15,20.92228751764253
16,2026-09-05,3,2026-09-26,wk inc covid hosp,quantile,0.15,9.125951836521716
17,2026-09-05,3,2026-09-26,wk inc covid hosp,quantile,0.15,27.804830131383397
18,2026-09-05,3,2026-09-26,wk inc covid hosp,quantile,0.15,10.1901626485725
19,2026-09-05,3,2026-09-26,wk inc covid hosp,quantile,0.15,3.25809303623362
20,2026-09-05,3,2026-09-26,wk inc covid hosp,quantile,0.15,5.267437851118793
21,2026-09-05,3,2026-09-26,wk inc covid hosp,quantile,0.15,12.438751191999211
22,2026-09-05,3,2026-09-26,wk inc covid hosp,quantile,0.15,58.77268654696913
23,2026-09-05,3,2026-09-26,wk inc covid hosp,quantile,0.15,0.0
24,2026-09-05,3,2026-09-26,wk inc covid hosp,quantile,0.15,3.588290897158798
25,2026-09-05,3,2026-09-26,wk inc covid hosp,quantile,0.15,22.47948783706067
26,2026-09-05,3,2026-09-26,wk inc covid hosp,quantile,0.15,20.292305618093796
27,2026-09-05,3,2026-09-26,wk inc covid hosp,quantile,0.15,11.624731301397498
28,2026-09-05,3,2026-09-26,wk inc covid hosp,quantile,0.15,19.63289806715268
29,2026-09-05,3,2026-09-26,wk inc covid hosp,quantile,0.15,23.99165851178308
30,2026-09-05,3,2026-09-26,wk inc covid hosp,quantile,0.15,1.9356777044423616
31,2026-09-05,3,2026-09-26,wk inc covid hosp,quantile,0.15,4.209924405023116
32,2026-09-05,3,2026-09-26,wk inc covid hosp,quantile,0.15,7.779375597326483
33,2026-09-05,3,2026-09-26,wk inc covid hosp,quantile,0.15,2.14965595063288
34,2026-09-05,3,2026-09-26,wk inc covid hosp,quantile,0.15,94.48536689454991
35,2026-09-05,3,2026-09-26,wk inc covid hosp,quantile,0.15,8.806118627300586
36,2026-09-05,3,2026-09-26,wk inc covid hosp,quantile,0.15,186.87338435340374
37,2026-09-05,3,2026-09-26,wk inc covid hosp,quantile,0.15,108.107145295247
38,2026-09-05,3,2026-09-26,wk inc covid hosp,quantile,0.15,0.0
39,2026-09-05,3,2026-09-26,wk inc covid hosp,quantile,0.15,32.685204474652714
40,2026-09-05,3,2026-09-26,wk inc covid hosp,quantile,0.15,11.6755585830273
41,2026-09-05,3,2026-09-26,wk inc covid hosp,quantile,0.15,14.094746613762894
42,2026-09-05,3,2026-09-26,wk inc covid hosp,quantile,0.15,63.40792039322476
44,2026-09-05,3,2026-09-26,wk inc covid hosp,quantile,0.15,1.861630607430783
45,2026-09-05,3,2026-09-26,wk inc covid hosp,quantile,0.15,50.73113217954542
46,2026-09-05,3,2026-09-26,wk inc covid hosp,quantile,0.15,1.7453450041989071
47,2026-09-05,3,2026-09-26,wk inc covid hosp,quantile,0.15,69.40308106510531
48,2026-09-05,3,2026-09-26,wk inc covid hosp,quantile,0.15,419.1496070823421
49,2026-09-05,3,2026-09-26,wk inc covid hosp,quantile,0.15,5.82825511336045
50,2026-09-05,3,2026-09-26,wk inc covid hosp,quantile,0.15,0.0
51,2026-09-05,3,2026-09-26,wk inc covid hosp,quantile,0.15,33.332452918136
53,2026-09-05,3,2026-09-26,wk inc covid hosp,quantile,0.15,50.31210075757993
54,2026-09-05,3,2026-09-26,wk inc covid hosp,quantile,0.15,3.358766892542765
55,2026-09-05,3,2026-09-26,wk inc covid hosp,quantile,0.15,18.309670634244565
56,2026-09-05,3,2026-09-26,wk inc covid hosp,quantile,0.15,0.7616201964942265
72,2026-09-05,3,2026-09-26,wk inc covid hosp,quantile,0.15,83.81782420402568
US,2026-09-05,3,2026-09-26,wk inc covid hosp,quantile,0.15,3264.409961542949
01,2026-09-05,0,2026-09-05,wk inc covid hosp,quantile,0.2,71.34048610317056
02,2026-09-05,0,2026-09-05,wk inc covid hosp,quantile,0.2,1.9413309749937013
04,2026-09-05,0,2026-09-05,wk inc covid hosp,quantile,0.2,73.11361945276683
05,2026-09-05,0,2026-09-05,wk inc covid hosp,quantile,0.2,5.938937506590276
06,2026-09-05,0,2026-09-05,wk inc covid hosp,quantile,0.2,534.8676497495169
08,2026-09-05,0,2026-09-05,wk inc covid hosp,quantile,0.2,20.33315375903985
09,2026-09-05,0,2026-09-05,wk inc covid hosp,quantile,0.2,11.843631072816224
10,2026-09-05,0,2026-09-05,wk inc covid hosp,quantile,0.2,3.0475076630427496
11,2026-09-05,0,2026-09-05,wk inc covid hosp,quantile,0.2,3.0728843058380035
12,2026-09-05,0,2026-09-05,wk inc covid hosp,quantile,0.2,415.7103286074088
13,2026-09-05,0,2026-09-05,wk inc covid hosp,quantile,0.2,125.66609517659732
15,2026-09-05,0,2026-09-05,wk inc covid hosp,quantile,0.2,22.228927142631655
16,2026-09-05,0,2026-09-05,wk inc covid hosp,quantile,0.2,10.39101689858121
17,2026-09-05,0,2026-09-05,wk inc covid hosp,quantile,0.2,31.533022445905093
18,2026-09-05,0,2026-09-05,wk inc covid hosp,quantile,0.2,10.44684740801946
19,2026-09-05,0,2026-09-05,wk inc covid hosp,quantile,0.2,4.245048165456554
20,2026-09-05,0,2026-09-05,wk inc covid hosp,quantile,0.2,6.302871453380767
21,2026-09-05,0,2026-09-05,wk inc covid hosp,quantile,0.2,13.587833704619776
22,2026-09-05,0,2026-09-05,wk inc covid hosp,quantile,0.2,67.18841707073757
23,2026-09-05,0,2026-09-05,wk inc covid hosp,quantile,0.2,0.0
24,2026-09-05,0,2026-09-05,wk inc covid hosp,quantile,0.2,5.471447934240775
25,2026-09-05,0,2026-09-05,wk inc covid hosp,quantile,0.2,26.63497317654833
26,2026-09-05,0,2026-09-05,wk inc covid hosp,quantile,0.2,23.490771316596625
27,2026-09-05,0,2026-09-05,wk inc covid hosp,quantile,0.2,13.576429589923203
28,2026-09-05,0,2026-09-05,wk inc covid hosp,quantile,0.2,22.938903994069147
29,2026-09-05,0,2026-09-05,wk inc covid hosp,quantile,0.2,27.27535055486631
30,2026-09-05,0,2026-09-05,wk inc covid hosp,quantile,0.2,2.337039941424459
31,2026-09-05,0,2026-09-05,wk inc covid hosp,quantile,0.2,4.163943234685613
32,2026-09-05,0,2026-09-05,wk inc covid hosp,quantile,0.2,10.165468967971222
33,2026-09-05,0,2026-09-05,wk inc covid hosp,quantile,0.2,2.651486719859669
34,2026-09-05,0,2026-09-05,wk inc covid hosp,quantile,0.2,103.77833931015607
35,2026-09-05,0,2026-09-05,wk inc covid hosp,quantile,0.2,10.03494117242601
36,2026-09-05,0,2026-09-05,wk inc covid hosp,quantile,0.2,207.64338582595286
37,2026-09-05,0,2026-09-05,wk inc covid hosp,quantile,0.2,123.64375013268268
38,2026-09-05,0,2026-09-05,wk inc covid hosp,quantile,0.2,0.0
39,2026-09-05,0,2026-09-05,wk inc covid hosp,quantile,0.2,38.954403249757675
40,2026-09-05,0,2026-09-05,wk inc covid hosp,quantile,0.2,13.491850067460879
41,2026-09-05,0,2026-09-05,wk inc covid hosp,quantile,0.2,17.23555530170039
42,2026-09-05,0,2026-09-05,wk inc covid hosp,quantile,0.2,69.97919672952445
44,2026-09-05,0,2026-09-05,wk inc covid hosp,quantile,0.2,2.178575237000653
45,2026-09-05,0,2026-09-05,wk inc covid hosp,quantile,0.2,56.832156172336454
46,2026-09-05,0,2026-09-05,wk inc covid hosp,quantile,0.2,1.9562829342550943
47,2026-09-05,0,2026-09-05,wk inc covid hosp,quantile,0.2,77.95280818628257
48,2026-09-05,0,2026-09-05,wk inc covid hosp,quantile,0.2,481.6534750060906
49,2026-09-05,0,2026-09-05,wk inc covid hosp,quantile,0.2,7.821046454697226
50,2026-09-05,0,2026-09-05,wk inc covid hosp,quantile,0.2,0.0
51,2026-09-05,0,2026-09-05,wk inc covid hosp,quantile,0.2,38.14172138166972
53,2026-09-05,0,2026-09-05,wk inc covid hosp,quantile,0.2,55.58137899051891
54,2026-09-05,0,2026-09-05,wk inc covid hosp,quantile,0.2,3.8411834351448575
55,2026-09-05,0,2026-09-05,wk inc covid hosp,quantile,0.2,20.323612117449688
56,2026-09-05,0,2026-09-05,wk inc covid hosp,quantile,0.2,0.6339479526240394
72,2026-09-05,0,2026-09-05,wk inc covid hosp,quantile,0.2,107.97045306066485
US,2026-09-05,0,2026-09-05,wk inc covid hosp,quantile,0.2,3531.581477362252
01,2026-09-05,1,2026-09-12,wk inc covid hosp,quantile,0.2,69.76788415837697
02,2026-09-05,1,2026-09-12,wk inc covid hosp,quantile,0.2,1.9920527182386227
04,2026-09-05,1,2026-09-12,wk inc covid hosp,quantile,0.2,75.5344858622532
05,2026-09-05,1,2026-09-12,wk inc covid hosp,quantile,0.2,6.388928073074301
06,2026-09-05,1,2026-09-12,wk inc covid hosp,quantile,0.2,532.8080760135689
08,2026-09-05,1,2026-09-12,wk inc covid hosp,quantile,0.2,20.696312655214456
09,2026-09-05,1,2026-09-12,wk inc covid hosp,quantile,0.2,11.833294956284364
10,2026-09-05,1,2026-09-12,wk inc covid hosp,quantile,0.2,3.0419314789454117
11,2026-09-05,1,2026-09-12,wk inc covid hosp,quantile,0.2,3.252137076270652
12,2026-09-05,1,2026-09-12,wk inc covid hosp,quantile,0.2,410.2105556005667
13,2026-09-05,1,2026-09-12,wk inc covid hosp,quantile,0.2,124.19564554364614
15,2026-09-05,1,2026-09-12,wk inc covid hosp,quantile,0.2,21.486799283238803
16,2026-09-05,1,2026-09-12,wk inc covid hosp,quantile,0.2,10.576283631696617
17,2026-09-05,1,2026-09-12,wk inc covid hosp,quantile,0.2,32.20557729725592
18,2026-09-05,1,2026-09-12,wk inc covid hosp,quantile,0.2,10.71449710685239
19,2026-09-05,1,2026-09-12,wk inc covid hosp,quantile,0.2,4.322713541534298
20,2026-09-05,1,2026-09-12,wk inc covid hosp,quantile,0.2,6.488513588371072
21,2026-09-05,1,2026-09-12,wk inc covid hosp,quantile,0.2,13.538643566532699
22,2026-09-05,1,2026-09-12,wk inc covid hosp,quantile,0.2,67.40556873467558
23,2026-09-05,1,2026-09-12,wk inc covid hosp,quantile,0.2,0.0
24,2026-09-05,1,2026-09-12,wk inc covid hosp,quantile,0.2,6.204949423713732
25,2026-09-05,1,2026-09-12,wk inc covid hosp,quantile,0.2,26.394890883951426
26,2026-09-05,1,2026-09-12,wk inc covid hosp,quantile,0.2,23.324791672716195
27,2026-09-05,1,2026-09-12,wk inc covid hosp,quantile,0.2,13.65029895600052
28,2026-09-05,1,2026-09-12,wk inc covid hosp,quantile,0.2,22.708072502930268
29,2026-09-05,1,2026-09-12,wk inc covid hosp,quantile,0.2,27.421817661581677
30,2026-09-05,1,2026-09-12,wk inc covid hosp,quantile,0.2,2.272774726544862
31,2026-09-05,1,2026-09-12,wk inc covid hosp,quantile,0.2,4.204134618633819
32,2026-09-05,1,2026-09-12,wk inc covid hosp,quantile,0.2,10.51662722171356
33,2026-09-05,1,2026-09-12,wk inc covid hosp,quantile,0.2,2.792729898790644
34,2026-09-05,1,2026-09-12,wk inc covid hosp,quantile,0.2,106.89755556027032
35,2026-09-05,1,2026-09-12,wk inc covid hosp,quantile,0.2,10.058998082440752
36,2026-09-05,1,2026-09-12,wk inc covid hosp,quantile,0.2,211.93757401278552
37,2026-09-05,1,2026-09-12,wk inc covid hosp,quantile,0.2,121.33697337781882
38,2026-09-05,1,2026-09-12,wk inc covid hosp,quantile,0.2,0.0
39,2026-09-05,1,2026-09-12,wk inc covid hosp,quantile,0.2,38.99886248786863
40,2026-09-05,1,2026-09-12,wk inc covid hosp,quantile,0.2,13.61642550629306
41,2026-09-05,1,2026-09-12,wk inc covid hosp,quantile,0.2,17.241694818065927
42,2026-09-05,1,2026-09-12,wk inc covid hosp,quantile,0.2,70.0377410129916
44,2026-09-05,1,2026-09-12,wk inc covid hosp,quantile,0.2,2.2187065855501844
45,2026-09-05,1,2026-09-12,wk inc covid hosp,quantile,0.2,57.92839906703675
46,2026-09-05,1,2026-09-12,wk inc covid hosp,quantile,0.2,2.1341531880195586
47,2026-09-05,1,2026-09-12,wk inc covid hosp,quantile,0.2,78.95080692634873
48,2026-09-05,1,2026-09-12,wk inc covid hosp,quantile,0.2,484.1869441803511
49,2026-09-05,1,2026-09-12,wk inc covid hosp,quantile,0.2,8.093395665502793
50,2026-09-05,1,2026-09-12,wk inc covid hosp,quantile,0.2,0.0
51,2026-09-05,1,2026-09-12,wk inc covid hosp,quantile,0.2,38.71800189759204
53,2026-09-05,1,2026-09-12,wk inc covid hosp,quantile,0.2,56.363642731226676
54,2026-09-05,1,2026-09-12,wk inc covid hosp,quantile,0.2,3.847033005307668
55,2026-09-05,1,2026-09-12,wk inc covid hosp,quantile,0.2,20.35981145817794
56,2026-09-05,1,2026-09-12,wk inc covid hosp,quantile,0.2,0.6949119756690995
72,2026-09-05,1,2026-09-12,wk inc covid hosp,quantile,0.2,103.79056904590102
US,2026-09-05,1,2026-09-12,wk inc covid hosp,quantile,0.2,3650.9510762452614
01,2026-09-05,2,2026-09-19,wk inc covid hosp,quantile,0.2,66.43248678482422
02,2026-09-05,2,2026-09-19,wk inc covid hosp,quantile,0.2,1.942400339948683
04,2026-09-05,2,2026-09-19,wk inc covid hosp,quantile,0.2,76.10121748580904
05,2026-09-05,2,2026-09-19,wk inc covid hosp,quantile,0.2,6.302377881343105
06,2026-09-05,2,2026-09-19,wk inc covid hosp,quantile,0.2,513.043808445929
08,2026-09-05,2,2026-09-19,wk inc covid hosp,quantile,0.2,20.61238148188865
09,2026-09-05,2,2026-09-19,wk inc covid hosp,quantile,0.2,11.833294956284364
10,2026-09-05,2,2026-09-19,wk inc covid hosp,quantile,0.2,2.9825989097401684
11,2026-09-05,2,2026-09-19,wk inc covid hosp,quantile,0.2,3.252137076270652
12,2026-09-05,2,2026-09-19,wk inc covid hosp,quantile,0.2,397.2228573667455
13,2026-09-05,2,2026-09-19,wk inc covid hosp,quantile,0.2,123.63918263994321
15,2026-09-05,2,2026-09-19,wk inc covid hosp,quantile,0.2,20.975429736500786
16,2026-09-05,2,2026-09-19,wk inc covid hosp,quantile,0.2,10.95138288149592
17,2026-09-05,2,2026-09-19,wk inc covid hosp,quantile,0.2,31.0327015214568
18,2026-09-05,2,2026-09-19,wk inc covid hosp,quantile,0.2,10.957782999119672
19,2026-09-05,2,2026-09-19,wk inc covid hosp,quantile,0.2,4.049791392460896
20,2026-09-05,2,2026-09-19,wk inc covid hosp,quantile,0.2,6.144012298704722
21,2026-09-05,2,2026-09-19,wk inc covid hosp,quantile,0.2,13.182207032495299
22,2026-09-05,2,2026-09-19,wk inc covid hosp,quantile,0.2,66.14636929437017
23,2026-09-05,2,2026-09-19,wk inc covid hosp,quantile,0.2,0.0
24,2026-09-05,2,2026-09-19,wk inc covid hosp,quantile,0.2,6.062903423652536
25,2026-09-05,2,2026-09-19,wk inc covid hosp,quantile,0.2,25.766158098696444
26,2026-09-05,2,2026-09-19,wk inc covid hosp,quantile,0.2,23.87351790253686
27,2026-09-05,2,2026-09-19,wk inc covid hosp,quantile,0.2,13.32196183775305
28,2026-09-05,2,2026-09-19,wk inc covid hosp,quantile,0.2,21.150194005834884
29,2026-09-05,2,2026-09-19,wk inc covid hosp,quantile,0.2,27.50736818546388
30,2026-09-05,2,2026-09-19,wk inc covid hosp,quantile,0.2,2.262767948400502
31,2026-09-05,2,2026-09-19,wk inc covid hosp,quantile,0.2,4.2446733934612535
32,2026-09-05,2,2026-09-19,wk inc covid hosp,quantile,0.2,10.06795371080717
33,2026-09-05,2,2026-09-19,wk inc covid hosp,quantile,0.2,2.842154629098005
34,2026-09-05,2,2026-09-19,wk inc covid hosp,quantile,0.2,105.88602122769693
35,2026-09-05,2,2026-09-19,wk inc covid hosp,quantile,0.2,10.084485117773802
36,2026-09-05,2,2026-09-19,wk inc covid hosp,quantile,0.2,207.72811491623713
37,2026-09-05,2,2026-09-19,wk inc covid hosp,quantile,0.2,119.43235263039638
38,2026-09-05,2,2026-09-19,wk inc covid hosp,quantile,0.2,0.0
39,2026-09-05,2,2026-09-19,wk inc covid hosp,quantile,0.2,37.67442534328509
40,2026-09-05,2,2026-09-19,wk inc covid hosp,quantile,0.2,13.559770386365821
41,2026-09-05,2,2026-09-19,wk inc covid hosp,quantile,0.2,17.103702516276932
42,2026-09-05,2,2026-09-19,wk inc covid hosp,quantile,0.2,68.84942802200841
44,2026-09-05,2,2026-09-19,wk inc covid hosp,quantile,0.2,2.1723972407085803
45,2026-09-05,2,2026-09-19,wk inc covid hosp,quantile,0.2,56.76304084342558
46,2026-09-05,2,2026-09-19,wk inc covid hosp,quantile,0.2,2.1121609103377215
47,2026-09-05,2,2026-09-19,wk inc covid hosp,quantile,0.2,77.88664358148091
48,2026-09-05,2,2026-09-19,wk inc covid hosp,quantile,0.2,470.4725331946578
49,2026-09-05,2,2026-09-19,wk inc covid hosp,quantile,0.2,8.427048735773386
50,2026-09-05,2,2026-09-19,wk inc covid hosp,quantile,0.2,0.10236985119898345
51,2026-09-05,2,2026-09-19,wk inc covid hosp,quantile,0.2,37.762129793125716
53,2026-09-05,2,2026-09-19,wk inc covid hosp,quantile,0.2,56.11847667873458
54,2026-09-05,2,2026-09-19,wk inc covid hosp,quantile,0.2,3.8786191023086576
55,2026-09-05,2,2026-09-19,wk inc covid hosp,quantile,0.2,20.155935034313732
56,2026-09-05,2,2026-09-19,wk inc covid hosp,quantile,0.2,0.7513657050052372
72,2026-09-05,2,2026-09-19,wk inc covid hosp,quantile,0.2,97.9149087548872
US,2026-09-05,2,2026-09-19,wk inc covid hosp,quantile,0.2,3618.7550479972156
01,2026-09-05,3,2026-09-26,wk inc covid hosp,quantile,0.2,65.1691237813222
02,2026-09-05,3,2026-09-26,wk inc covid hosp,quantile,0.2,2.0084797050990555
04,2026-09-05,3,2026-09-26,wk inc covid hosp,quantile,0.2,72.77222106624193
05,2026-09-05,3,2026-09-26,wk inc covid hosp,quantile,0.2,6.1646871441342155
06,2026-09-05,3,2026-09-26,wk inc covid hosp,quantile,0.2,495.026075987803
08,2026-09-05,3,2026-09-26,wk inc covid hosp,quantile,0.2,19.78382310854434
09,2026-09-05,3,2026-09-26,wk inc covid hosp,quantile,0.2,11.858355728229212
10,2026-09-05,3,2026-09-26,wk inc covid hosp,quantile,0.2,2.885773933758856
11,2026-09-05,3,2026-09-26,wk inc covid hosp,quantile,0.2,3.2229721795013924
12,2026-09-05,3,2026-09-26,wk inc covid hosp,quantile,0.2,376.04931003816114
13,2026-09-05,3,2026-09-26,wk inc covid hosp,quantile,0.2,120.45026719896889
15,2026-09-05,3,2026-09-26,wk inc covid hosp,quantile,0.2,21.028535259420774
16,2026-09-05,3,2026-09-26,wk inc covid hosp,quantile,0.2,11.769451214733584
17,2026-09-05,3,2026-09-26,wk inc covid hosp,quantile,0.2,30.892508827897796
18,2026-09-05,3,2026-09-26,wk inc covid hosp,quantile,0.2,10.733813742863902
19,2026-09-05,3,2026-09-26,wk inc covid hosp,quantile,0.2,3.980906578561423
20,2026-09-05,3,2026-09-26,wk inc covid hosp,quantile,0.2,6.026866975973639
21,2026-09-05,3,2026-09-26,wk inc covid hosp,quantile,0.2,12.780157986086818
22,2026-09-05,3,2026-09-26,wk inc covid hosp,quantile,0.2,64.766242724824
23,2026-09-05,3,2026-09-26,wk inc covid hosp,quantile,0.2,0.0
24,2026-09-05,3,2026-09-26,wk inc covid hosp,quantile,0.2,5.79416161710313
25,2026-09-05,3,2026-09-26,wk inc covid hosp,quantile,0.2,25.732569206409476
26,2026-09-05,3,2026-09-26,wk inc covid hosp,quantile,0.2,23.875604877693778
27,2026-09-05,3,2026-09-26,wk inc covid hosp,quantile,0.2,13.36378251062162
28,2026-09-05,3,2026-09-26,wk inc covid hosp,quantile,0.2,20.318092993413817
29,2026-09-05,3,2026-09-26,wk inc covid hosp,quantile,0.2,27.48969345113228
30,2026-09-05,3,2026-09-26,wk inc covid hosp,quantile,0.2,2.2254929791317095
31,2026-09-05,3,2026-09-26,wk inc covid hosp,quantile,0.2,4.4133607818334255
32,2026-09-05,3,2026-09-26,wk inc covid hosp,quantile,0.2,9.778429500776765
33,2026-09-05,3,2026-09-26,wk inc covid hosp,quantile,0.2,2.6407920495990935
34,2026-09-05,3,2026-09-26,wk inc covid hosp,quantile,0.2,103.19105730261681
35,2026-09-05,3,2026-09-26,wk inc covid hosp,quantile,0.2,10.009887177202637
36,2026-09-05,3,2026-09-26,wk inc covid hosp,quantile,0.2,203.39869247362876
37,2026-09-05,3,2026-09-26,wk inc covid hosp,quantile,0.2,117.75522791271031
38,2026-09-05,3,2026-09-26,wk inc covid hosp,quantile,0.2,0.0
39,2026-09-05,3,2026-09-26,wk inc covid hosp,quantile,0.2,36.091086519308355
40,2026-09-05,3,2026-09-26,wk inc covid hosp,quantile,0.2,13.209920172874671
41,2026-09-05,3,2026-09-26,wk inc covid hosp,quantile,0.2,16.289593717965005
42,2026-09-05,3,2026-09-26,wk inc covid hosp,quantile,0.2,68.15783372421463
44,2026-09-05,3,2026-09-26,wk inc covid hosp,quantile,0.2,2.201034177114303
45,2026-09-05,3,2026-09-26,wk inc covid hosp,quantile,0.2,55.86685239311981
46,2026-09-05,3,2026-09-26,wk inc covid hosp,quantile,0.2,1.9848599620622487
47,2026-09-05,3,2026-09-26,wk inc covid hosp,quantile,0.2,76.7999217669414
48,2026-09-05,3,2026-09-26,wk inc covid hosp,quantile,0.2,436.70630173252636
49,2026-09-05,3,2026-09-26,wk inc covid hosp,quantile,0.2,7.68029365283879
50,2026-09-05,3,2026-09-26,wk inc covid hosp,quantile,0.2,0.09446051323653654
51,2026-09-05,3,2026-09-26,wk inc covid hosp,quantile,0.2,36.35824786097446
53,2026-09-05,3,2026-09-26,wk inc covid hosp,quantile,0.2,56.481974205394
54,2026-09-05,3,2026-09-26,wk inc covid hosp,quantile,0.2,3.8543218143009024
55,2026-09-05,3,2026-09-26,wk inc covid hosp,quantile,0.2,20.173188730516713
56,2026-09-05,3,2026-09-26,wk inc covid hosp,quantile,0.2,0.8206867189013175
72,2026-09-05,3,2026-09-26,wk inc covid hosp,quantile,0.2,93.00422948163396
US,2026-09-05,3,2026-09-26,wk inc covid hosp,quantile,0.2,3529.1020071659086
01,2026-09-05,0,2026-09-05,wk inc covid hosp,quantile,0.25,75.16094757876691
02,2026-09-05,0,2026-09-05,wk inc covid hosp,quantile,0.25,2.4717461508665193
04,2026-09-05,0,2026-09-05,wk inc covid hosp,quantile,0.25,78.72118307946677
05,2026-09-05,0,2026-09-05,wk inc covid hosp,quantile,0.25,6.994267359549872
06,2026-09-05,0,2026-09-05,wk inc covid hosp,quantile,0.25,547.532220768938
08,2026-09-05,0,2026-09-05,wk inc covid hosp,quantile,0.25,21.260384952348744
09,2026-09-05,0,2026-09-05,wk inc covid hosp,quantile,0.25,12.539301084965615
10,2026-09-05,0,2026-09-05,wk inc covid hosp,quantile,0.25,3.4527652024031146
11,2026-09-05,0,2026-09-05,wk inc covid hosp,quantile,0.25,3.6842332578770427
12,2026-09-05,0,2026-09-05,wk inc covid hosp,quantile,0.25,416.97541991232276
13,2026-09-05,0,2026-09-05,wk inc covid hosp,quantile,0.25,132.6049080966834
15,2026-09-05,0,2026-09-05,wk inc covid hosp,quantile,0.25,23.615786439436818
16,2026-09-05,0,2026-09-05,wk inc covid hosp,quantile,0.25,11.757471158497529
17,2026-09-05,0,2026-09-05,wk inc covid hosp,quantile,0.25,34.00741968279544
18,2026-09-05,0,2026-09-05,wk inc covid hosp,quantile,0.25,11.84320235569415
19,2026-09-05,0,2026-09-05,wk inc covid hosp,quantile,0.25,4.996684529871747
20,2026-09-05,0,2026-09-05,wk inc covid hosp,quantile,0.25,7.000370500076276
21,2026-09-05,0,2026-09-05,wk inc covid hosp,quantile,0.25,14.299260779382319
22,2026-09-05,0,2026-09-05,wk inc covid hosp,quantile,0.25,68.788726490452
23,2026-09-05,0,2026-09-05,wk inc covid hosp,quantile,0.25,0.12750891021027824
24,2026-09-05,0,2026-09-05,wk inc covid hosp,quantile,0.25,7.145259386888301
25,2026-09-05,0,2026-09-05,wk inc covid hosp,quantile,0.25,28.026994920066418
26,2026-09-05,0,2026-09-05,wk inc covid hosp,quantile,0.25,24.177157962480923
27,2026-09-05,0,2026-09-05,wk inc covid hosp,quantile,0.25,13.909634339275376
28,2026-09-05,0,2026-09-05,wk inc covid hosp,quantile,0.25,25.060322291954645
29,2026-09-05,0,2026-09-05,wk inc covid hosp,quantile,0.25,27.277077970573217
30,2026-09-05,0,2026-09-05,wk inc covid hosp,quantile,0.25,2.7450619480749943
31,2026-09-05,0,2026-09-05,wk inc covid hosp,quantile,0.25,4.432384423897008
32,2026-09-05,0,2026-09-05,wk inc covid hosp,quantile,0.25,10.78505997931966
33,2026-09-05,0,2026-09-05,wk inc covid hosp,quantile,0.25,2.7607780140637175
34,2026-09-05,0,2026-09-05,wk inc covid hosp,quantile,0.25,111.02400578801392
35,2026-09-05,0,2026-09-05,wk inc covid hosp,quantile,0.25,10.746271400541609
36,2026-09-05,0,2026-09-05,wk inc covid hosp,quantile,0.25,215.28676349601693
37,2026-09-05,0,2026-09-05,wk inc covid hosp,quantile,0.25,126.48883609741053
38,2026-09-05,0,2026-09-05,wk inc covid hosp,quantile,0.25,0.0
39,2026-09-05,0,2026-09-05,wk inc covid hosp,quantile,0.25,41.01167140217398
40,2026-09-05,0,2026-09-05,wk inc covid hosp,quantile,0.25,14.000599009271488
41,2026-09-05,0,2026-09-05,wk inc covid hosp,quantile,0.25,18.341339313459486
42,2026-09-05,0,2026-09-05,wk inc covid hosp,quantile,0.25,70.96416630338945
44,2026-09-05,0,2026-09-05,wk inc covid hosp,quantile,0.25,2.448650930446928
45,2026-09-05,0,2026-09-05,wk inc covid hosp,quantile,0.25,59.82719680765092
46,2026-09-05,0,2026-09-05,wk inc covid hosp,quantile,0.25,2.469948824417535
47,2026-09-05,0,2026-09-05,wk inc covid hosp,quantile,0.25,81.99043268451535
48,2026-09-05,0,2026-09-05,wk inc covid hosp,quantile,0.25,492.76213246725416
49,2026-09-05,0,2026-09-05,wk inc covid hosp,quantile,0.25,8.645542780843256
50,2026-09-05,0,2026-09-05,wk inc covid hosp,quantile,0.25,0.023181718827024942
51,2026-09-05,0,2026-09-05,wk inc covid hosp,quantile,0.25,40.3249317895867
53,2026-09-05,0,2026-09-05,wk inc covid hosp,quantile,0.25,59.24749423228259
54,2026-09-05,0,2026-09-05,wk inc covid hosp,quantile,0.25,3.9778600239932116
55,2026-09-05,0,2026-09-05,wk inc covid hosp,quantile,0.25,21.24227646824531
56,2026-09-05,0,2026-09-05,wk inc covid hosp,quantile,0.25,0.9612515508631689
72,2026-09-05,0,2026-09-05,wk inc covid hosp,quantile,0.25,111.31185806199068
US,2026-09-05,0,2026-09-05,wk inc covid hosp,quantile,0.25,3551.8477384574853
01,2026-09-05,1,2026-09-12,wk inc covid hosp,quantile,0.25,76.1578821630464
02,2026-09-05,1,2026-09-12,wk inc covid hosp,quantile,0.25,2.5291446261223207
04,2026-09-05,1,2026-09-12,wk inc covid hosp,quantile,0.25,79.78202792417687
05,2026-09-05,1,2026-09-12,wk inc covid hosp,quantile,0.25,6.926916617358974
06,2026-09-05,1,2026-09-12,wk inc covid hosp,quantile,0.25,542.7884618504175
08,2026-09-05,1,2026-09-12,wk inc covid hosp,quantile,0.25,22.0531903111193
09,2026-09-05,1,2026-09-12,wk inc covid hosp,quantile,0.25,12.691337968995764
10,2026-09-05,1,2026-09-12,wk inc covid hosp,quantile,0.25,3.5475154209584017
11,2026-09-05,1,2026-09-12,wk inc covid hosp,quantile,0.25,3.5704938822128955
12,2026-09-05,1,2026-09-12,wk inc covid hosp,quantile,0.25,415.1733084780821
13,2026-09-05,1,2026-09-12,wk inc covid hosp,quantile,0.25,134.73531586584005
15,2026-09-05,1,2026-09-12,wk inc covid hosp,quantile,0.25,23.4051004177114
16,2026-09-05,1,2026-09-12,wk inc covid hosp,quantile,0.25,12.286603976460588
17,2026-09-05,1,2026-09-12,wk inc covid hosp,quantile,0.25,34.3136423630615
18,2026-09-05,1,2026-09-12,wk inc covid hosp,quantile,0.25,11.690363785373588
19,2026-09-05,1,2026-09-12,wk inc covid hosp,quantile,0.25,5.138409662184089
20,2026-09-05,1,2026-09-12,wk inc covid hosp,quantile,0.25,7.290686988696377
21,2026-09-05,1,2026-09-12,wk inc covid hosp,quantile,0.25,14.28953010918704
22,2026-09-05,1,2026-09-12,wk inc covid hosp,quantile,0.25,70.56811995521383
23,2026-09-05,1,2026-09-12,wk inc covid hosp,quantile,0.25,0.12120426577238878
24,2026-09-05,1,2026-09-12,wk inc covid hosp,quantile,0.25,6.752813713944212
25,2026-09-05,1,2026-09-12,wk inc covid hosp,quantile,0.25,28.248086662338974
26,2026-09-05,1,2026-09-12,wk inc covid hosp,quantile,0.25,25.19556799797415
27,2026-09-05,1,2026-09-12,wk inc covid hosp,quantile,0.25,13.927584855176638
28,2026-09-05,1,2026-09-12,wk inc covid hosp,quantile,0.25,24.703394075813517
29,2026-09-05,1,2026-09-12,wk inc covid hosp,quantile,0.25,28.511943204510807
30,2026-09-05,1,2026-09-12,wk inc covid hosp,quantile,0.25,2.741273952763893
31,2026-09-05,1,2026-09-12,wk inc covid hosp,quantile,0.25,4.5349999251802595
32,2026-09-05,1,2026-09-12,wk inc covid hosp,quantile,0.25,11.01244618579034
33,2026-09-05,1,2026-09-12,wk inc covid hosp,quantile,0.25,2.823216773062385
34,2026-09-05,1,2026-09-12,wk inc covid hosp,quantile,0.25,115.24767350061171
35,2026-09-05,1,2026-09-12,wk inc covid hosp,quantile,0.25,11.20731386715192
36,2026-09-05,1,2026-09-12,wk inc covid hosp,quantile,0.25,221.88075728164722
37,2026-09-05,1,2026-09-12,wk inc covid hosp,quantile,0.25,126.07009563117896
38,2026-09-05,1,2026-09-12,wk inc covid hosp,quantile,0.25,0.0
39,2026-09-05,1,2026-09-12,wk inc covid hosp,quantile,0.25,40.81555391203088
40,2026-09-05,1,2026-09-12,wk inc covid hosp,quantile,0.25,14.156288011855494
41,2026-09-05,1,2026-09-12,wk inc covid hosp,quantile,0.25,18.198382188005596
42,2026-09-05,1,2026-09-12,wk inc covid hosp,quantile,0.25,70.8997672297688
44,2026-09-05,1,2026-09-12,wk inc covid hosp,quantile,0.25,2.4659999696054626
45,2026-09-05,1,2026-09-12,wk inc covid hosp,quantile,0.25,61.20002907697692
46,2026-09-05,1,2026-09-12,wk inc covid hosp,quantile,0.25,2.6599220317056425
47,2026-09-05,1,2026-09-12,wk inc covid hosp,quantile,0.25,83.44168360618409
48,2026-09-05,1,2026-09-12,wk inc covid hosp,quantile,0.25,500.0565834498995
49,2026-09-05,1,2026-09-12,wk inc covid hosp,quantile,0.25,9.110606307899864
50,2026-09-05,1,2026-09-12,wk inc covid hosp,quantile,0.25,0.10014582228850771
51,2026-09-05,1,2026-09-12,wk inc covid hosp,quantile,0.25,42.30232324542732
53,2026-09-05,1,2026-09-12,wk inc covid hosp,quantile,0.25,61.41442148308509
54,2026-09-05,1,2026-09-12,wk inc covid hosp,quantile,0.25,4.087521730592377
55,2026-09-05,1,2026-09-12,wk inc covid hosp,quantile,0.25,22.117595836957197
56,2026-09-05,1,2026-09-12,wk inc covid hosp,quantile,0.25,1.0349339168158318
72,2026-09-05,1,2026-09-12,wk inc covid hosp,quantile,0.25,107.88225411327019
US,2026-09-05,1,2026-09-12,wk inc covid hosp,quantile,0.25,3652.259152328039
01,2026-09-05,2,2026-09-19,wk inc covid hosp,quantile,0.25,73.78538986314032
02,2026-09-05,2,2026-09-19,wk inc covid hosp,quantile,0.25,2.5789883335811856
04,2026-09-05,2,2026-09-19,wk inc covid hosp,quantile,0.25,81.52192631087773
05,2026-09-05,2,2026-09-19,wk inc covid hosp,quantile,0.25,7.0216257189818
06,2026-09-05,2,2026-09-19,wk inc covid hosp,quantile,0.25,537.5366205347996
08,2026-09-05,2,2026-09-19,wk inc covid hosp,quantile,0.25,22.983198092506893
09,2026-09-05,2,2026-09-19,wk inc covid hosp,quantile,0.25,12.593667989021956
10,2026-09-05,2,2026-09-19,wk inc covid hosp,quantile,0.25,3.4954962546187116
11,2026-09-05,2,2026-09-19,wk inc covid hosp,quantile,0.25,3.6682448019256944
12,2026-09-05,2,2026-09-19,wk inc covid hosp,quantile,0.25,397.95189365604887
13,2026-09-05,2,2026-09-19,wk inc covid hosp,quantile,0.25,133.8288883077497
15,2026-09-05,2,2026-09-19,wk inc covid hosp,quantile,0.25,22.90707873760156
16,2026-09-05,2,2026-09-19,wk inc covid hosp,quantile,0.25,12.531438836496148
17,2026-09-05,2,2026-09-19,wk inc covid hosp,quantile,0.25,34.774385799206996
18,2026-09-05,2,2026-09-19,wk inc covid hosp,quantile,0.25,11.690363785373588
19,2026-09-05,2,2026-09-19,wk inc covid hosp,quantile,0.25,4.9828851400733
20,2026-09-05,2,2026-09-19,wk inc covid hosp,quantile,0.25,7.07004025162118
21,2026-09-05,2,2026-09-19,wk inc covid hosp,quantile,0.25,14.979601293250495
22,2026-09-05,2,2026-09-19,wk inc covid hosp,quantile,0.25,68.9343828283255
23,2026-09-05,2,2026-09-19,wk inc covid hosp,quantile,0.25,0.16685897504866723
24,2026-09-05,2,2026-09-19,wk inc covid hosp,quantile,0.25,6.752813713944212
25,2026-09-05,2,2026-09-19,wk inc covid hosp,quantile,0.25,27.84095652818017
26,2026-09-05,2,2026-09-19,wk inc covid hosp,quantile,0.25,26.37911208440494
27,2026-09-05,2,2026-09-19,wk inc covid hosp,quantile,0.25,13.829793550949953
28,2026-09-05,2,2026-09-19,wk inc covid hosp,quantile,0.25,24.090826363880225
29,2026-09-05,2,2026-09-19,wk inc covid hosp,quantile,0.25,29.10723203869246
30,2026-09-05,2,2026-09-19,wk inc covid hosp,quantile,0.25,2.868719211386023
31,2026-09-05,2,2026-09-19,wk inc covid hosp,quantile,0.25,5.173219987059546
32,2026-09-05,2,2026-09-19,wk inc covid hosp,quantile,0.25,11.061767625258772
33,2026-09-05,2,2026-09-19,wk inc covid hosp,quantile,0.25,2.908092945071031
34,2026-09-05,2,2026-09-19,wk inc covid hosp,quantile,0.25,120.96883825158449
35,2026-09-05,2,2026-09-19,wk inc covid hosp,quantile,0.25,11.232882019198172
36,2026-09-05,2,2026-09-19,wk inc covid hosp,quantile,0.25,233.1637317503788
37,2026-09-05,2,2026-09-19,wk inc covid hosp,quantile,0.25,122.77372191945732
38,2026-09-05,2,2026-09-19,wk inc covid hosp,quantile,0.25,0.0
39,2026-09-05,2,2026-09-19,wk inc covid hosp,quantile,0.25,40.433065351825704
40,2026-09-05,2,2026-09-19,wk inc covid hosp,quantile,0.25,14.002553890009652
41,2026-09-05,2,2026-09-19,wk inc covid hosp,quantile,0.25,18.89849763381371
42,2026-09-05,2,2026-09-19,wk inc covid hosp,quantile,0.25,71.24537142263604
44,2026-09-05,2,2026-09-19,wk inc covid hosp,quantile,0.25,2.503573573046016
45,2026-09-05,2,2026-09-19,wk inc covid hosp,quantile,0.25,60.95070565716662
46,2026-09-05,2,2026-09-19,wk inc covid hosp,quantile,0.25,2.6793003598816885
47,2026-09-05,2,2026-09-19,wk inc covid hosp,quantile,0.25,84.68317950599025
48,2026-09-05,2,2026-09-19,wk inc covid hosp,quantile,0.25,490.16883362271807
49,2026-09-05,2,2026-09-19,wk inc covid hosp,quantile,0.25,9.342227051061256
50,2026-09-05,2,2026-09-19,wk inc covid hosp,quantile,0.25,0.1525479847859761
51,2026-09-05,2,2026-09-19,wk inc covid hosp,quantile,0.25,43.14771763368515
53,2026-09-05,2,2026-09-19,wk inc covid hosp,quantile,0.25,61.30889457308814
54,2026-09-05,2,2026-09-19,wk inc covid hosp,quantile,0.25,4.183139903288725
55,2026-09-05,2,2026-09-19,wk inc covid hosp,quantile,0.25,22.25239276888237
56,2026-09-05,2,2026-09-19,wk inc covid hosp,quantile,0.25,1.0927785253178621
72,2026-09-05,2,2026-09-19,wk inc covid hosp,quantile,0.25,97.98789634137887
US,2026-09-05,2,2026-09-19,wk inc covid hosp,quantile,0.25,3760.7632568629406
01,2026-09-05,3,2026-09-26,wk inc covid hosp,quantile,0.25,72.84089856431885
02,2026-09-05,3,2026-09-26,wk inc covid hosp,quantile,0.25,2.6297066896706034
04,2026-09-05,3,2026-09-26,wk inc covid hosp,quantile,0.25,81.63243273949035
05,2026-09-05,3,2026-09-26,wk inc covid hosp,quantile,0.25,7.043706841212945
06,2026-09-05,3,2026-09-26,wk inc covid hosp,quantile,0.25,525.8739819955765
08,2026-09-05,3,2026-09-26,wk inc covid hosp,quantile,0.25,22.983198092506893
09,2026-09-05,3,2026-09-26,wk inc covid hosp,quantile,0.25,12.99495282389646
10,2026-09-05,3,2026-09-26,wk inc covid hosp,quantile,0.25,3.51406015843268
11,2026-09-05,3,2026-09-26,wk inc covid hosp,quantile,0.25,3.658690079148257
12,2026-09-05,3,2026-09-26,wk inc covid hosp,quantile,0.25,383.5464531242802
13,2026-09-05,3,2026-09-26,wk inc covid hosp,quantile,0.25,134.5830484346262
15,2026-09-05,3,2026-09-26,wk inc covid hosp,quantile,0.25,22.218800856650653
16,2026-09-05,3,2026-09-26,wk inc covid hosp,quantile,0.25,12.82392299031917
17,2026-09-05,3,2026-09-26,wk inc covid hosp,quantile,0.25,34.836865073239046
18,2026-09-05,3,2026-09-26,wk inc covid hosp,quantile,0.25,11.605294513824658
19,2026-09-05,3,2026-09-26,wk inc covid hosp,quantile,0.25,5.027367501733577
20,2026-09-05,3,2026-09-26,wk inc covid hosp,quantile,0.25,7.005164448511052
21,2026-09-05,3,2026-09-26,wk inc covid hosp,quantile,0.25,14.922074604879851
22,2026-09-05,3,2026-09-26,wk inc covid hosp,quantile,0.25,68.53325636571942
23,2026-09-05,3,2026-09-26,wk inc covid hosp,quantile,0.25,0.17898497799448781
24,2026-09-05,3,2026-09-26,wk inc covid hosp,quantile,0.25,6.6885107886301585
25,2026-09-05,3,2026-09-26,wk inc covid hosp,quantile,0.25,27.804601209082072
26,2026-09-05,3,2026-09-26,wk inc covid hosp,quantile,0.25,26.24567616908908
27,2026-09-05,3,2026-09-26,wk inc covid hosp,quantile,0.25,14.001830650884614
28,2026-09-05,3,2026-09-26,wk inc covid hosp,quantile,0.25,23.56603852891652
29,2026-09-05,3,2026-09-26,wk inc covid hosp,quantile,0.25,29.104490201127014
30,2026-09-05,3,2026-09-26,wk inc covid hosp,quantile,0.25,2.9134917731564243
31,2026-09-05,3,2026-09-26,wk inc covid hosp,quantile,0.25,5.20816220909427
32,2026-09-05,3,2026-09-26,wk inc covid hosp,quantile,0.25,11.007001189382805
33,2026-09-05,3,2026-09-26,wk inc covid hosp,quantile,0.25,2.8854244175634878
34,2026-09-05,3,2026-09-26,wk inc covid hosp,quantile,0.25,123.25050902634376
35,2026-09-05,3,2026-09-26,wk inc covid hosp,quantile,0.25,11.18274905068553
36,2026-09-05,3,2026-09-26,wk inc covid hosp,quantile,0.25,229.43501828158256
37,2026-09-05,3,2026-09-26,wk inc covid hosp,quantile,0.25,123.35430773849195
38,2026-09-05,3,2026-09-26,wk inc covid hosp,quantile,0.25,0.0
39,2026-09-05,3,2026-09-26,wk inc covid hosp,quantile,0.25,40.394211374802474
40,2026-09-05,3,2026-09-26,wk inc covid hosp,quantile,0.25,13.998723237380515
41,2026-09-05,3,2026-09-26,wk inc covid hosp,quantile,0.25,18.24500462331477
42,2026-09-05,3,2026-09-26,wk inc covid hosp,quantile,0.25,72.12199977049256
44,2026-09-05,3,2026-09-26,wk inc covid hosp,quantile,0.25,2.5149986755715528
45,2026-09-05,3,2026-09-26,wk inc covid hosp,quantile,0.25,61.59830898420446
46,2026-09-05,3,2026-09-26,wk inc covid hosp,quantile,0.25,2.713880013478686
47,2026-09-05,3,2026-09-26,wk inc covid hosp,quantile,0.25,85.60625433980921
48,2026-09-05,3,2026-09-26,wk inc covid hosp,quantile,0.25,482.61972667731607
49,2026-09-05,3,2026-09-26,wk inc covid hosp,quantile,0.25,9.124437475905106
50,2026-09-05,3,2026-09-26,wk inc covid hosp,quantile,0.25,0.1818719607438337
51,2026-09-05,3,2026-09-26,wk inc covid hosp,quantile,0.25,42.492334349164686
53,2026-09-05,3,2026-09-26,wk inc covid hosp,quantile,0.25,60.272128531488285
54,2026-09-05,3,2026-09-26,wk inc covid hosp,quantile,0.25,4.236397230365563
55,2026-09-05,3,2026-09-26,wk inc covid hosp,quantile,0.25,22.372744946062568
56,2026-09-05,3,2026-09-26,wk inc covid hosp,quantile,0.25,1.1790910732238917
72,2026-09-05,3,2026-09-26,wk inc covid hosp,quantile,0.25,93.58580750471043
US,2026-09-05,3,2026-09-26,wk inc covid hosp,quantile,0.25,3730.0788634533524
01,2026-09-05,0,2026-09-05,wk inc covid hosp,quantile,0.3,78.04136973302
02,2026-09-05,0,2026-09-05,wk inc covid hosp,quantile,0.3,2.535678554716193
04,2026-09-05,0,2026-09-05,wk inc covid hosp,quantile,0.3,79.59794897351298
05,2026-09-05,0,2026-09-05,wk inc covid hosp,quantile,0.3,7.6090674338331565
06,2026-09-05,0,2026-09-05,wk inc covid hosp,quantile,0.3,570.174037346264
08,2026-09-05,0,2026-09-05,wk inc covid hosp,quantile,0.3,23.319420045056805
09,2026-09-05,0,2026-09-05,wk inc covid hosp,quantile,0.3,12.694937722275602
10,2026-09-05,0,2026-09-05,wk inc covid hosp,quantile,0.3,3.6204355097711565
11,2026-09-05,0,2026-09-05,wk inc covid hosp,quantile,0.3,3.90641497668741
12,2026-09-05,0,2026-09-05,wk inc covid hosp,quantile,0.3,427.6215661473239
13,2026-09-05,0,2026-09-05,wk inc covid hosp,quantile,0.3,135.94511151068605
15,2026-09-05,0,2026-09-05,wk inc covid hosp,quantile,0.3,26.005289905306828
16,2026-09-05,0,2026-09-05,wk inc covid hosp,quantile,0.3,11.967811829506083
17,2026-09-05,0,2026-09-05,wk inc covid hosp,quantile,0.3,34.93213924449186
18,2026-09-05,0,2026-09-05,wk inc covid hosp,quantile,0.3,11.897762779690611
19,2026-09-05,0,2026-09-05,wk inc covid hosp,quantile,0.3,5.337004280131323
20,2026-09-05,0,2026-09-05,wk inc covid hosp,quantile,0.3,7.410520775698882
21,2026-09-05,0,2026-09-05,wk inc covid hosp,quantile,0.3,14.421514837828774
22,2026-09-05,0,2026-09-05,wk inc covid hosp,quantile,0.3,71.22061350216093
23,2026-09-05,0,2026-09-05,wk inc covid hosp,quantile,0.3,0.23348335430825715
24,2026-09-05,0,2026-09-05,wk inc covid hosp,quantile,0.3,7.224402824680163
25,2026-09-05,0,2026-09-05,wk inc covid hosp,quantile,0.3,28.173821580893634
26,2026-09-05,0,2026-09-05,wk inc covid hosp,quantile,0.3,26.337489965284984
27,2026-09-05,0,2026-09-05,wk inc covid hosp,quantile,0.3,15.869139631612287
28,2026-09-05,0,2026-09-05,wk inc covid hosp,quantile,0.3,27.166725021672434
29,2026-09-05,0,2026-09-05,wk inc covid hosp,quantile,0.3,30.88291981554163
30,2026-09-05,0,2026-09-05,wk inc covid hosp,quantile,0.3,3.053130730370653
31,2026-09-05,0,2026-09-05,wk inc covid hosp,quantile,0.3,5.36329272150034
32,2026-09-05,0,2026-09-05,wk inc covid hosp,quantile,0.3,11.912296602849889
33,2026-09-05,0,2026-09-05,wk inc covid hosp,quantile,0.3,3.1300302255204775
34,2026-09-05,0,2026-09-05,wk inc covid hosp,quantile,0.3,113.55312696626297
35,2026-09-05,0,2026-09-05,wk inc covid hosp,quantile,0.3,11.492398066417836
36,2026-09-05,0,2026-09-05,wk inc covid hosp,quantile,0.3,225.35094339262423
37,2026-09-05,0,2026-09-05,wk inc covid hosp,quantile,0.3,133.01867838144702
38,2026-09-05,0,2026-09-05,wk inc covid hosp,quantile,0.3,0.0
39,2026-09-05,0,2026-09-05,wk inc covid hosp,quantile,0.3,41.46944082635218
40,2026-09-05,0,2026-09-05,wk inc covid hosp,quantile,0.3,15.057484655263494
41,2026-09-05,0,2026-09-05,wk inc covid hosp,quantile,0.3,19.333605974600843
42,2026-09-05,0,2026-09-05,wk inc covid hosp,quantile,0.3,73.64878458494212
44,2026-09-05,0,2026-09-05,wk inc covid hosp,quantile,0.3,2.8367689713862636
45,2026-09-05,0,2026-09-05,wk inc covid hosp,quantile,0.3,60.3132687944729
46,2026-09-05,0,2026-09-05,wk inc covid hosp,quantile,0.3,3.0608082089741235
47,2026-09-05,0,2026-09-05,wk inc covid hosp,quantile,0.3,85.03143749270346
48,2026-09-05,0,2026-09-05,wk inc covid hosp,quantile,0.3,504.70293918601095
49,2026-09-05,0,2026-09-05,wk inc covid hosp,quantile,0.3,8.762459558367732
50,2026-09-05,0,2026-09-05,wk inc covid hosp,quantile,0.3,0.1674560385104848
51,2026-09-05,0,2026-09-05,wk inc covid hosp,quantile,0.3,42.324369764284164
53,2026-09-05,0,2026-09-05,wk inc covid hosp,quantile,0.3,59.58349772200269
54,2026-09-05,0,2026-09-05,wk inc covid hosp,quantile,0.3,3.979354654153611
55,2026-09-05,0,2026-09-05,wk inc covid hosp,quantile,0.3,23.02887310275529
56,2026-09-05,0,2026-09-05,wk inc covid hosp,quantile,0.3,0.9797354855783503
72,2026-09-05,0,2026-09-05,wk inc covid hosp,quantile,0.3,116.39481617596053
US,2026-09-05,0,2026-09-05,wk inc covid hosp,quantile,0.3,3635.240461495075
01,2026-09-05,1,2026-09-12,wk inc covid hosp,quantile,0.3,78.2616245852009
02,2026-09-05,1,2026-09-12,wk inc covid hosp,quantile,0.3,2.6146708324975165
04,2026-09-05,1,2026-09-12,wk inc covid hosp,quantile,0.3,84.50622746043251
05,2026-09-05,1,2026-09-12,wk inc covid hosp,quantile,0.3,7.565875575535495
06,2026-09-05,1,2026-09-12,wk inc covid hosp,quantile,0.3,566.9719603049841
08,2026-09-05,1,2026-09-12,wk inc covid hosp,quantile,0.3,25.054078540653613
09,2026-09-05,1,2026-09-12,wk inc covid hosp,quantile,0.3,12.81983865697002
10,2026-09-05,1,2026-09-12,wk inc covid hosp,quantile,0.3,3.6141611123532993
11,2026-09-05,1,2026-09-12,wk inc covid hosp,quantile,0.3,4.1369774286698435
12,2026-09-05,1,2026-09-12,wk inc covid hosp,quantile,0.3,427.0236846479181
13,2026-09-05,1,2026-09-12,wk inc covid hosp,quantile,0.3,141.0512054367744
15,2026-09-05,1,2026-09-12,wk inc covid hosp,quantile,0.3,26.00112624270073
16,2026-09-05,1,2026-09-12,wk inc covid hosp,quantile,0.3,13.235849305273536
17,2026-09-05,1,2026-09-12,wk inc covid hosp,quantile,0.3,35.66293881284036
18,2026-09-05,1,2026-09-12,wk inc covid hosp,quantile,0.3,11.788335221125214
19,2026-09-05,1,2026-09-12,wk inc covid hosp,quantile,0.3,5.415647714979972
20,2026-09-05,1,2026-09-12,wk inc covid hosp,quantile,0.3,7.437899646754143
21,2026-09-05,1,2026-09-12,wk inc covid hosp,quantile,0.3,14.646643362397167
22,2026-09-05,1,2026-09-12,wk inc covid hosp,quantile,0.3,70.61227776015232
23,2026-09-05,1,2026-09-12,wk inc covid hosp,quantile,0.3,0.2850721526789064
24,2026-09-05,1,2026-09-12,wk inc covid hosp,quantile,0.3,7.658395403620446
25,2026-09-05,1,2026-09-12,wk inc covid hosp,quantile,0.3,28.427769894785428
26,2026-09-05,1,2026-09-12,wk inc covid hosp,quantile,0.3,26.71042610379258
27,2026-09-05,1,2026-09-12,wk inc covid hosp,quantile,0.3,16.41302840544327
28,2026-09-05,1,2026-09-12,wk inc covid hosp,quantile,0.3,26.292488501615956
29,2026-09-05,1,2026-09-12,wk inc covid hosp,quantile,0.3,31.651078313338623
30,2026-09-05,1,2026-09-12,wk inc covid hosp,quantile,0.3,3.038653164375912
31,2026-09-05,1,2026-09-12,wk inc covid hosp,quantile,0.3,5.438744160757149
32,2026-09-05,1,2026-09-12,wk inc covid hosp,quantile,0.3,12.233833496203868
33,2026-09-05,1,2026-09-12,wk inc covid hosp,quantile,0.3,3.2610963255089085
34,2026-09-05,1,2026-09-12,wk inc covid hosp,quantile,0.3,120.5268617767784
35,2026-09-05,1,2026-09-12,wk inc covid hosp,quantile,0.3,12.11423657309869
36,2026-09-05,1,2026-09-12,wk inc covid hosp,quantile,0.3,241.2039937954354
37,2026-09-05,1,2026-09-12,wk inc covid hosp,quantile,0.3,135.9985947629285
38,2026-09-05,1,2026-09-12,wk inc covid hosp,quantile,0.3,0.0
39,2026-09-05,1,2026-09-12,wk inc covid hosp,quantile,0.3,41.91885209769068
40,2026-09-05,1,2026-09-12,wk inc covid hosp,quantile,0.3,15.637513179913414
41,2026-09-05,1,2026-09-12,wk inc covid hosp,quantile,0.3,19.54675570692265
42,2026-09-05,1,2026-09-12,wk inc covid hosp,quantile,0.3,73.75302526645484
44,2026-09-05,1,2026-09-12,wk inc covid hosp,quantile,0.3,2.8709501549564114
45,2026-09-05,1,2026-09-12,wk inc covid hosp,quantile,0.3,64.12429232670141
46,2026-09-05,1,2026-09-12,wk inc covid hosp,quantile,0.3,3.2015235747802713
47,2026-09-05,1,2026-09-12,wk inc covid hosp,quantile,0.3,89.43222507189509
48,2026-09-05,1,2026-09-12,wk inc covid hosp,quantile,0.3,526.6601741795747
49,2026-09-05,1,2026-09-12,wk inc covid hosp,quantile,0.3,9.412984803641482
50,2026-09-05,1,2026-09-12,wk inc covid hosp,quantile,0.3,0.20339356529369043
51,2026-09-05,1,2026-09-12,wk inc covid hosp,quantile,0.3,43.273659464042495
53,2026-09-05,1,2026-09-12,wk inc covid hosp,quantile,0.3,63.03012420182258
54,2026-09-05,1,2026-09-12,wk inc covid hosp,quantile,0.3,4.111401423755015
55,2026-09-05,1,2026-09-12,wk inc covid hosp,quantile,0.3,23.458641497030914
56,2026-09-05,1,2026-09-12,wk inc covid hosp,quantile,0.3,1.0416920017375881
72,2026-09-05,1,2026-09-12,wk inc covid hosp,quantile,0.3,110.8816552727289
US,2026-09-05,1,2026-09-12,wk inc covid hosp,quantile,0.3,3952.363824061106
01,2026-09-05,2,2026-09-19,wk inc covid hosp,quantile,0.3,78.48870236348131
02,2026-09-05,2,2026-09-19,wk inc covid hosp,quantile,0.3,2.6427321621669617
04,2026-09-05,2,2026-09-19,wk inc covid hosp,quantile,0.3,85.75525834594438
05,2026-09-05,2,2026-09-19,wk inc covid hosp,quantile,0.3,7.4264915986331435
06,2026-09-05,2,2026-09-19,wk inc covid hosp,quantile,0.3,566.9719603049841
08,2026-09-05,2,2026-09-19,wk inc covid hosp,quantile,0.3,25.054078540653613
09,2026-09-05,2,2026-09-19,wk inc covid hosp,quantile,0.3,12.937078233332414
10,2026-09-05,2,2026-09-19,wk inc covid hosp,quantile,0.3,3.645825867717349
11,2026-09-05,2,2026-09-19,wk inc covid hosp,quantile,0.3,4.260843965321947
12,2026-09-05,2,2026-09-19,wk inc covid hosp,quantile,0.3,413.4748063937069
13,2026-09-05,2,2026-09-19,wk inc covid hosp,quantile,0.3,141.0512054367744
15,2026-09-05,2,2026-09-19,wk inc covid hosp,quantile,0.3,25.142310922867246
16,2026-09-05,2,2026-09-19,wk inc covid hosp,quantile,0.3,13.664289924067347
17,2026-09-05,2,2026-09-19,wk inc covid hosp,quantile,0.3,36.239036449559556
18,2026-09-05,2,2026-09-19,wk inc covid hosp,quantile,0.3,12.265563745699454
19,2026-09-05,2,2026-09-19,wk inc covid hosp,quantile,0.3,5.608752368443429
20,2026-09-05,2,2026-09-19,wk inc covid hosp,quantile,0.3,7.607226437329608
21,2026-09-05,2,2026-09-19,wk inc covid hosp,quantile,0.3,15.040326750391213
22,2026-09-05,2,2026-09-19,wk inc covid hosp,quantile,0.3,71.44337886878334
23,2026-09-05,2,2026-09-19,wk inc covid hosp,quantile,0.3,0.2942985809308081
24,2026-09-05,2,2026-09-19,wk inc covid hosp,quantile,0.3,7.039577447460902
25,2026-09-05,2,2026-09-19,wk inc covid hosp,quantile,0.3,27.861006037603783
26,2026-09-05,2,2026-09-19,wk inc covid hosp,quantile,0.3,28.351777658059113
27,2026-09-05,2,2026-09-19,wk inc covid hosp,quantile,0.3,16.41302840544327
28,2026-09-05,2,2026-09-19,wk inc covid hosp,quantile,0.3,26.13661245108915
29,2026-09-05,2,2026-09-19,wk inc covid hosp,quantile,0.3,31.9172256986884
30,2026-09-05,2,2026-09-19,wk inc covid hosp,quantile,0.3,3.0866310376404744
31,2026-09-05,2,2026-09-19,wk inc covid hosp,quantile,0.3,5.653739623650155
32,2026-09-05,2,2026-09-19,wk inc covid hosp,quantile,0.3,12.1356133243374
33,2026-09-05,2,2026-09-19,wk inc covid hosp,quantile,0.3,3.494757126078962
34,2026-09-05,2,2026-09-19,wk inc covid hosp,quantile,0.3,124.91296052217696
35,2026-09-05,2,2026-09-19,wk inc covid hosp,quantile,0.3,12.11423657309869
36,2026-09-05,2,2026-09-19,wk inc covid hosp,quantile,0.3,244.32300853624992
37,2026-09-05,2,2026-09-19,wk inc covid hosp,quantile,0.3,137.46646216226048
38,2026-09-05,2,2026-09-19,wk inc covid hosp,quantile,0.3,0.0
39,2026-09-05,2,2026-09-19,wk inc covid hosp,quantile,0.3,42.123141322498654
40,2026-09-05,2,2026-09-19,wk inc covid hosp,quantile,0.3,15.903644505112863
41,2026-09-05,2,2026-09-19,wk inc covid hosp,quantile,0.3,19.679974303599288
42,2026-09-05,2,2026-09-19,wk inc covid hosp,quantile,0.3,75.11240550881126
44,2026-09-05,2,2026-09-19,wk inc covid hosp,quantile,0.3,2.9912872191997484
45,2026-09-05,2,2026-09-19,wk inc covid hosp,quantile,0.3,66.54420598109223
46,2026-09-05,2,2026-09-19,wk inc covid hosp,quantile,0.3,3.390874976849465
47,2026-09-05,2,2026-09-19,wk inc covid hosp,quantile,0.3,89.74115762919091
48,2026-09-05,2,2026-09-19,wk inc covid hosp,quantile,0.3,522.8272126797389
49,2026-09-05,2,2026-09-19,wk inc covid hosp,quantile,0.3,9.486653307085593
50,2026-09-05,2,2026-09-19,wk inc covid hosp,quantile,0.3,0.20339356529369043
51,2026-09-05,2,2026-09-19,wk inc covid hosp,quantile,0.3,44.18677574702776
53,2026-09-05,2,2026-09-19,wk inc covid hosp,quantile,0.3,65.02072435308433
54,2026-09-05,2,2026-09-19,wk inc covid hosp,quantile,0.3,4.190947412543234
55,2026-09-05,2,2026-09-19,wk inc covid hosp,quantile,0.3,23.846200623564954
56,2026-09-05,2,2026-09-19,wk inc covid hosp,quantile,0.3,1.1146341603029466
72,2026-09-05,2,2026-09-19,wk inc covid hosp,quantile,0.3,103.0651500731201
US,2026-09-05,2,2026-09-19,wk inc covid hosp,quantile,0.3,3999.431402562858
01,2026-09-05,3,2026-09-26,wk inc covid hosp,quantile,0.3,76.96238914574899
02,2026-09-05,3,2026-09-26,wk inc covid hosp,quantile,0.3,2.6427321621669617
04,2026-09-05,3,2026-09-26,wk inc covid hosp,quantile,0.3,86.42065167333529
05,2026-09-05,3,2026-09-26,wk inc covid hosp,quantile,0.3,7.351442840552631
06,2026-09-05,3,2026-09-26,wk inc covid hosp,quantile,0.3,562.9098967023407
08,2026-09-05,3,2026-09-26,wk inc covid hosp,quantile,0.3,25.055010967270476
09,2026-09-05,3,2026-09-26,wk inc covid hosp,quantile,0.3,13.458303343825959
10,2026-09-05,3,2026-09-26,wk inc covid hosp,quantile,0.3,3.8305850688360827
11,2026-09-05,3,2026-09-26,wk inc covid hosp,quantile,0.3,4.260843965321947
12,2026-09-05,3,2026-09-26,wk inc covid hosp,quantile,0.3,413.45866342555604
13,2026-09-05,3,2026-09-26,wk inc covid hosp,quantile,0.3,141.0512054367744
15,2026-09-05,3,2026-09-26,wk inc covid hosp,quantile,0.3,24.666106866090797
16,2026-09-05,3,2026-09-26,wk inc covid hosp,quantile,0.3,13.70385483698921
17,2026-09-05,3,2026-09-26,wk inc covid hosp,quantile,0.3,36.79374728159827
18,2026-09-05,3,2026-09-26,wk inc covid hosp,quantile,0.3,12.184136848578673
19,2026-09-05,3,2026-09-26,wk inc covid hosp,quantile,0.3,5.608752368443429
20,2026-09-05,3,2026-09-26,wk inc covid hosp,quantile,0.3,7.527426169616636
21,2026-09-05,3,2026-09-26,wk inc covid hosp,quantile,0.3,15.153768963780161
22,2026-09-05,3,2026-09-26,wk inc covid hosp,quantile,0.3,71.31674703492979
23,2026-09-05,3,2026-09-26,wk inc covid hosp,quantile,0.3,0.30215926731031684
24,2026-09-05,3,2026-09-26,wk inc covid hosp,quantile,0.3,6.905781561715386
25,2026-09-05,3,2026-09-26,wk inc covid hosp,quantile,0.3,28.14268200917244
26,2026-09-05,3,2026-09-26,wk inc covid hosp,quantile,0.3,28.75378493953907
27,2026-09-05,3,2026-09-26,wk inc covid hosp,quantile,0.3,16.41302840544327
28,2026-09-05,3,2026-09-26,wk inc covid hosp,quantile,0.3,26.17112615589194
29,2026-09-05,3,2026-09-26,wk inc covid hosp,quantile,0.3,31.73712079851858
30,2026-09-05,3,2026-09-26,wk inc covid hosp,quantile,0.3,3.0866310376404744
31,2026-09-05,3,2026-09-26,wk inc covid hosp,quantile,0.3,5.645547102899788
32,2026-09-05,3,2026-09-26,wk inc covid hosp,quantile,0.3,12.116638958917296
33,2026-09-05,3,2026-09-26,wk inc covid hosp,quantile,0.3,3.5023869975896877
34,2026-09-05,3,2026-09-26,wk inc covid hosp,quantile,0.3,125.21423798818756
35,2026-09-05,3,2026-09-26,wk inc covid hosp,quantile,0.3,12.11423657309869
36,2026-09-05,3,2026-09-26,wk inc covid hosp,quantile,0.3,244.32300853624992
37,2026-09-05,3,2026-09-26,wk inc covid hosp,quantile,0.3,136.47900709174803
38,2026-09-05,3,2026-09-26,wk inc covid hosp,quantile,0.3,0.0
39,2026-09-05,3,2026-09-26,wk inc covid hosp,quantile,0.3,41.43666295190434
40,2026-09-05,3,2026-09-26,wk inc covid hosp,quantile,0.3,16.13327809616663
41,2026-09-05,3,2026-09-26,wk inc covid hosp,quantile,0.3,19.838115408890495
42,2026-09-05,3,2026-09-26,wk inc covid hosp,quantile,0.3,75.74397058555921
44,2026-09-05,3,2026-09-26,wk inc covid hosp,quantile,0.3,2.9912872191997484
45,2026-09-05,3,2026-09-26,wk inc covid hosp,quantile,0.3,66.50214387995332
46,2026-09-05,3,2026-09-26,wk inc covid hosp,quantile,0.3,3.390874976849465
47,2026-09-05,3,2026-09-26,wk inc covid hosp,quantile,0.3,89.5267853256956
48,2026-09-05,3,2026-09-26,wk inc covid hosp,quantile,0.3,518.6061349788918
49,2026-09-05,3,2026-09-26,wk inc covid hosp,quantile,0.3,9.486653307085593
50,2026-09-05,3,2026-09-26,wk inc covid hosp,quantile,0.3,0.20339356529369043
51,2026-09-05,3,2026-09-26,wk inc covid hosp,quantile,0.3,45.64539905358646
53,2026-09-05,3,2026-09-26,wk inc covid hosp,quantile,0.3,65.02072435308433
54,2026-09-05,3,2026-09-26,wk inc covid hosp,quantile,0.3,4.385338167215702
55,2026-09-05,3,2026-09-26,wk inc covid hosp,quantile,0.3,24.0017698854798
56,2026-09-05,3,2026-09-26,wk inc covid hosp,quantile,0.3,1.2204878288370677
72,2026-09-05,3,2026-09-26,wk inc covid hosp,quantile,0.3,99.8589373176713
US,2026-09-05,3,2026-09-26,wk inc covid hosp,quantile,0.3,3990.9332844283854
01,2026-09-05,0,2026-09-05,wk inc covid hosp,quantile,0.35,78.59518013410556
02,2026-09-05,0,2026-09-05,wk inc covid hosp,quantile,0.35,2.9754148155689006
04,2026-09-05,0,2026-09-05,wk inc covid hosp,quantile,0.35,82.36688966238864
05,2026-09-05,0,2026-09-05,wk inc covid hosp,quantile,0.35,8.177209479189083
06,2026-09-05,0,2026-09-05,wk inc covid hosp,quantile,0.35,587.4915593781773
08,2026-09-05,0,2026-09-05,wk inc covid hosp,quantile,0.35,23.75886225322302
09,2026-09-05,0,2026-09-05,wk inc covid hosp,quantile,0.35,13.54620860820995
10,2026-09-05,0,2026-09-05,wk inc covid hosp,quantile,0.35,3.8112050661162544
11,2026-09-05,0,2026-09-05,wk inc covid hosp,quantile,0.35,4.661289706711193
12,2026-09-05,0,2026-09-05,wk inc covid hosp,quantile,0.35,427.6918220130327
13,2026-09-05,0,2026-09-05,wk inc covid hosp,quantile,0.35,141.1066324990301
15,2026-09-05,0,2026-09-05,wk inc covid hosp,quantile,0.35,26.569444633534662
16,2026-09-05,0,2026-09-05,wk inc covid hosp,quantile,0.35,14.31766269933731
17,2026-09-05,0,2026-09-05,wk inc covid hosp,quantile,0.35,35.95283764862852
18,2026-09-05,0,2026-09-05,wk inc covid hosp,quantile,0.35,12.111651828299868
19,2026-09-05,0,2026-09-05,wk inc covid hosp,quantile,0.35,6.227347705404763
20,2026-09-05,0,2026-09-05,wk inc covid hosp,quantile,0.35,7.646172244528256
21,2026-09-05,0,2026-09-05,wk inc covid hosp,quantile,0.35,14.590689323482122
22,2026-09-05,0,2026-09-05,wk inc covid hosp,quantile,0.35,75.87188576621868
23,2026-09-05,0,2026-09-05,wk inc covid hosp,quantile,0.35,0.25356527521221295
24,2026-09-05,0,2026-09-05,wk inc covid hosp,quantile,0.35,9.290523205593185
25,2026-09-05,0,2026-09-05,wk inc covid hosp,quantile,0.35,28.28056949725747
26,2026-09-05,0,2026-09-05,wk inc covid hosp,quantile,0.35,26.74461513942206
27,2026-09-05,0,2026-09-05,wk inc covid hosp,quantile,0.35,16.675780815875466
28,2026-09-05,0,2026-09-05,wk inc covid hosp,quantile,0.35,28.290119696511315
29,2026-09-05,0,2026-09-05,wk inc covid hosp,quantile,0.35,31.621702057286015
30,2026-09-05,0,2026-09-05,wk inc covid hosp,quantile,0.35,3.2865386568676835
31,2026-09-05,0,2026-09-05,wk inc covid hosp,quantile,0.35,5.420318171955296
32,2026-09-05,0,2026-09-05,wk inc covid hosp,quantile,0.35,13.334338279110113
33,2026-09-05,0,2026-09-05,wk inc covid hosp,quantile,0.35,3.298997895390924
34,2026-09-05,0,2026-09-05,wk inc covid hosp,quantile,0.35,115.81807111025553
35,2026-09-05,0,2026-09-05,wk inc covid hosp,quantile,0.35,12.718448876144306
36,2026-09-05,0,2026-09-05,wk inc covid hosp,quantile,0.35,234.6192065005353
37,2026-09-05,0,2026-09-05,wk inc covid hosp,quantile,0.35,139.71813004309254
38,2026-09-05,0,2026-09-05,wk inc covid hosp,quantile,0.35,0.028481673099313997
39,2026-09-05,0,2026-09-05,wk inc covid hosp,quantile,0.35,42.13057550531432
40,2026-09-05,0,2026-09-05,wk inc covid hosp,quantile,0.35,16.34278459176149
41,2026-09-05,0,2026-09-05,wk inc covid hosp,quantile,0.35,20.381204398100426
42,2026-09-05,0,2026-09-05,wk inc covid hosp,quantile,0.35,74.64712934210651
44,2026-09-05,0,2026-09-05,wk inc covid hosp,quantile,0.35,3.162656950097555
45,2026-09-05,0,2026-09-05,wk inc covid hosp,quantile,0.35,63.71850318516644
46,2026-09-05,0,2026-09-05,wk inc covid hosp,quantile,0.35,3.1260979734427288
47,2026-09-05,0,2026-09-05,wk inc covid hosp,quantile,0.35,87.33493034203997
48,2026-09-05,0,2026-09-05,wk inc covid hosp,quantile,0.35,513.6958517035156
49,2026-09-05,0,2026-09-05,wk inc covid hosp,quantile,0.35,10.201075731237195
50,2026-09-05,0,2026-09-05,wk inc covid hosp,quantile,0.35,0.38090160136940326
51,2026-09-05,0,2026-09-05,wk inc covid hosp,quantile,0.35,44.05638257004743
53,2026-09-05,0,2026-09-05,wk inc covid hosp,quantile,0.35,63.73111563042846
54,2026-09-05,0,2026-09-05,wk inc covid hosp,quantile,0.35,4.087694521926739
55,2026-09-05,0,2026-09-05,wk inc covid hosp,quantile,0.35,23.854176665169234
56,2026-09-05,0,2026-09-05,wk inc covid hosp,quantile,0.35,1.147276898790863
72,2026-09-05,0,2026-09-05,wk inc covid hosp,quantile,0.35,118.36896405032996
US,2026-09-05,0,2026-09-05,wk inc covid hosp,quantile,0.35,3712.3586612996364
01,2026-09-05,1,2026-09-12,wk inc covid hosp,quantile,0.35,78.59518013410556
02,2026-09-05,1,2026-09-12,wk inc covid hosp,quantile,0.35,3.024744664420006
04,2026-09-05,1,2026-09-12,wk inc covid hosp,quantile,0.35,88.64029773620258
05,2026-09-05,1,2026-09-12,wk inc covid hosp,quantile,0.35,8.337750184818589
06,2026-09-05,1,2026-09-12,wk inc covid hosp,quantile,0.35,595.2351752294518
08,2026-09-05,1,2026-09-12,wk inc covid hosp,quantile,0.35,26.118633135741906
09,2026-09-05,1,2026-09-12,wk inc covid hosp,quantile,0.35,14.039575139903958
10,2026-09-05,1,2026-09-12,wk inc covid hosp,quantile,0.35,3.8179858179498782
11,2026-09-05,1,2026-09-12,wk inc covid hosp,quantile,0.35,4.765033356543265
12,2026-09-05,1,2026-09-12,wk inc covid hosp,quantile,0.35,428.13923093185036
13,2026-09-05,1,2026-09-12,wk inc covid hosp,quantile,0.35,148.4102674064455
15,2026-09-05,1,2026-09-12,wk inc covid hosp,quantile,0.35,26.735550118769535
16,2026-09-05,1,2026-09-12,wk inc covid hosp,quantile,0.35,15.180351715194499
17,2026-09-05,1,2026-09-12,wk inc covid hosp,quantile,0.35,36.732653115497605
18,2026-09-05,1,2026-09-12,wk inc covid hosp,quantile,0.35,11.947447561847214
19,2026-09-05,1,2026-09-12,wk inc covid hosp,quantile,0.35,6.338172083413864
20,2026-09-05,1,2026-09-12,wk inc covid hosp,quantile,0.35,7.882183441971078
21,2026-09-05,1,2026-09-12,wk inc covid hosp,quantile,0.35,14.750633232096636
22,2026-09-05,1,2026-09-12,wk inc covid hosp,quantile,0.35,77.942840499044
23,2026-09-05,1,2026-09-12,wk inc covid hosp,quantile,0.35,0.34674697515297076
24,2026-09-05,1,2026-09-12,wk inc covid hosp,quantile,0.35,9.53794681583247
25,2026-09-05,1,2026-09-12,wk inc covid hosp,quantile,0.35,28.512564455836493
26,2026-09-05,1,2026-09-12,wk inc covid hosp,quantile,0.35,27.707666345908287
27,2026-09-05,1,2026-09-12,wk inc covid hosp,quantile,0.35,16.699739742550282
28,2026-09-05,1,2026-09-12,wk inc covid hosp,quantile,0.35,27.87156944596631
29,2026-09-05,1,2026-09-12,wk inc covid hosp,quantile,0.35,31.902349002666284
30,2026-09-05,1,2026-09-12,wk inc covid hosp,quantile,0.35,3.3457753959894148
31,2026-09-05,1,2026-09-12,wk inc covid hosp,quantile,0.35,5.833542972692653
32,2026-09-05,1,2026-09-12,wk inc covid hosp,quantile,0.35,13.403427490405365
33,2026-09-05,1,2026-09-12,wk inc covid hosp,quantile,0.35,3.5676587160267617
34,2026-09-05,1,2026-09-12,wk inc covid hosp,quantile,0.35,125.74658993464887
35,2026-09-05,1,2026-09-12,wk inc covid hosp,quantile,0.35,13.46336552699286
36,2026-09-05,1,2026-09-12,wk inc covid hosp,quantile,0.35,251.64518441491373
37,2026-09-05,1,2026-09-12,wk inc covid hosp,quantile,0.35,142.78086332982832
38,2026-09-05,1,2026-09-12,wk inc covid hosp,quantile,0.35,0.06452638394521579
39,2026-09-05,1,2026-09-12,wk inc covid hosp,quantile,0.35,44.81581355456461
40,2026-09-05,1,2026-09-12,wk inc covid hosp,quantile,0.35,16.387579328186956
41,2026-09-05,1,2026-09-12,wk inc covid hosp,quantile,0.35,21.314480552760678
42,2026-09-05,1,2026-09-12,wk inc covid hosp,quantile,0.35,76.35800460846963
44,2026-09-05,1,2026-09-12,wk inc covid hosp,quantile,0.35,3.1456192502661176
45,2026-09-05,1,2026-09-12,wk inc covid hosp,quantile,0.35,66.26247217841345
46,2026-09-05,1,2026-09-12,wk inc covid hosp,quantile,0.35,3.2881757956832547
47,2026-09-05,1,2026-09-12,wk inc covid hosp,quantile,0.35,91.87612968319178
48,2026-09-05,1,2026-09-12,wk inc covid hosp,quantile,0.35,537.0937342012301
49,2026-09-05,1,2026-09-12,wk inc covid hosp,quantile,0.35,10.612336280957274
50,2026-09-05,1,2026-09-12,wk inc covid hosp,quantile,0.35,0.4000466415103768
51,2026-09-05,1,2026-09-12,wk inc covid hosp,quantile,0.35,46.024752495345965
53,2026-09-05,1,2026-09-12,wk inc covid hosp,quantile,0.35,68.14139947284275
54,2026-09-05,1,2026-09-12,wk inc covid hosp,quantile,0.35,4.328456235024779
55,2026-09-05,1,2026-09-12,wk inc covid hosp,quantile,0.35,24.175090942341193
56,2026-09-05,1,2026-09-12,wk inc covid hosp,quantile,0.35,1.1847340290002042
72,2026-09-05,1,2026-09-12,wk inc covid hosp,quantile,0.35,110.90698604072472
US,2026-09-05,1,2026-09-12,wk inc covid hosp,quantile,0.35,3975.8493967404056
01,2026-09-05,2,2026-09-19,wk inc covid hosp,quantile,0.35,79.0795965505356
02,2026-09-05,2,2026-09-19,wk inc covid hosp,quantile,0.35,3.066398114363217
04,2026-09-05,2,2026-09-19,wk inc covid hosp,quantile,0.35,92.11389504439015
05,2026-09-05,2,2026-09-19,wk inc covid hosp,quantile,0.35,8.317378785694755
06,2026-09-05,2,2026-09-19,wk inc covid hosp,quantile,0.35,605.096984309783
08,2026-09-05,2,2026-09-19,wk inc covid hosp,quantile,0.35,28.302369355593935
09,2026-09-05,2,2026-09-19,wk inc covid hosp,quantile,0.35,14.72066143572367
10,2026-09-05,2,2026-09-19,wk inc covid hosp,quantile,0.35,3.8177234934449116
11,2026-09-05,2,2026-09-19,wk inc covid hosp,quantile,0.35,4.8737170468085225
12,2026-09-05,2,2026-09-19,wk inc covid hosp,quantile,0.35,427.08807957917065
13,2026-09-05,2,2026-09-19,wk inc covid hosp,quantile,0.35,154.5593984164546
15,2026-09-05,2,2026-09-19,wk inc covid hosp,quantile,0.35,25.565065668140754
16,2026-09-05,2,2026-09-19,wk inc covid hosp,quantile,0.35,15.992354657539474
17,2026-09-05,2,2026-09-19,wk inc covid hosp,quantile,0.35,37.52752881345674
18,2026-09-05,2,2026-09-19,wk inc covid hosp,quantile,0.35,12.865995092415476
19,2026-09-05,2,2026-09-19,wk inc covid hosp,quantile,0.35,6.63178515250816
20,2026-09-05,2,2026-09-19,wk inc covid hosp,quantile,0.35,8.59333637465926
21,2026-09-05,2,2026-09-19,wk inc covid hosp,quantile,0.35,15.240617784983238
22,2026-09-05,2,2026-09-19,wk inc covid hosp,quantile,0.35,77.85988820331728
23,2026-09-05,2,2026-09-19,wk inc covid hosp,quantile,0.35,0.3934173982349566
24,2026-09-05,2,2026-09-19,wk inc covid hosp,quantile,0.35,9.742911299665316
25,2026-09-05,2,2026-09-19,wk inc covid hosp,quantile,0.35,29.99893738995875
26,2026-09-05,2,2026-09-19,wk inc covid hosp,quantile,0.35,28.51797428460778
27,2026-09-05,2,2026-09-19,wk inc covid hosp,quantile,0.35,17.390247109030028
28,2026-09-05,2,2026-09-19,wk inc covid hosp,quantile,0.35,27.567430866776135
29,2026-09-05,2,2026-09-19,wk inc covid hosp,quantile,0.35,33.311878794895215
30,2026-09-05,2,2026-09-19,wk inc covid hosp,quantile,0.35,3.5591103909409663
31,2026-09-05,2,2026-09-19,wk inc covid hosp,quantile,0.35,6.133386040094722
32,2026-09-05,2,2026-09-19,wk inc covid hosp,quantile,0.35,13.53493457716886
33,2026-09-05,2,2026-09-19,wk inc covid hosp,quantile,0.35,3.941374299092586
34,2026-09-05,2,2026-09-19,wk inc covid hosp,quantile,0.35,130.44714092663023
35,2026-09-05,2,2026-09-19,wk inc covid hosp,quantile,0.35,13.971430225338002
36,2026-09-05,2,2026-09-19,wk inc covid hosp,quantile,0.35,262.2590212562097
37,2026-09-05,2,2026-09-19,wk inc covid hosp,quantile,0.35,146.1997964735159
38,2026-09-05,2,2026-09-19,wk inc covid hosp,quantile,0.35,0.11508800391710997
39,2026-09-05,2,2026-09-19,wk inc covid hosp,quantile,0.35,46.5403562950715
40,2026-09-05,2,2026-09-19,wk inc covid hosp,quantile,0.35,17.186399512886233
41,2026-09-05,2,2026-09-19,wk inc covid hosp,quantile,0.35,21.561577687121346
42,2026-09-05,2,2026-09-19,wk inc covid hosp,quantile,0.35,77.42832710100257
44,2026-09-05,2,2026-09-19,wk inc covid hosp,quantile,0.35,3.1456192502661176
45,2026-09-05,2,2026-09-19,wk inc covid hosp,quantile,0.35,68.48961152054967
46,2026-09-05,2,2026-09-19,wk inc covid hosp,quantile,0.35,3.5392259002138564
47,2026-09-05,2,2026-09-19,wk inc covid hosp,quantile,0.35,94.92228172460902
48,2026-09-05,2,2026-09-19,wk inc covid hosp,quantile,0.35,547.7288261803104
49,2026-09-05,2,2026-09-19,wk inc covid hosp,quantile,0.35,10.859994965844091
50,2026-09-05,2,2026-09-19,wk inc covid hosp,quantile,0.35,0.4010480904333212
51,2026-09-05,2,2026-09-19,wk inc covid hosp,quantile,0.35,47.93893591355551
53,2026-09-05,2,2026-09-19,wk inc covid hosp,quantile,0.35,70.0663472191074
54,2026-09-05,2,2026-09-19,wk inc covid hosp,quantile,0.35,4.6111614698094305
55,2026-09-05,2,2026-09-19,wk inc covid hosp,quantile,0.35,25.527318151313533
56,2026-09-05,2,2026-09-19,wk inc covid hosp,quantile,0.35,1.2491093387454677
72,2026-09-05,2,2026-09-19,wk inc covid hosp,quantile,0.35,103.43318987081685
US,2026-09-05,2,2026-09-19,wk inc covid hosp,quantile,0.35,4120.671538470064
01,2026-09-05,3,2026-09-26,wk inc covid hosp,quantile,0.35,79.11769335783644
02,2026-09-05,3,2026-09-26,wk inc covid hosp,quantile,0.35,3.064174468341642
04,2026-09-05,3,2026-09-26,wk inc covid hosp,quantile,0.35,92.11389504439015
05,2026-09-05,3,2026-09-26,wk inc covid hosp,quantile,0.35,8.317378785694755
06,2026-09-05,3,2026-09-26,wk inc covid hosp,quantile,0.35,600.7042304432282
08,2026-09-05,3,2026-09-26,wk inc covid hosp,quantile,0.35,28.302369355593935
09,2026-09-05,3,2026-09-26,wk inc covid hosp,quantile,0.35,14.993490116327184
10,2026-09-05,3,2026-09-26,wk inc covid hosp,quantile,0.35,3.859395649056927
11,2026-09-05,3,2026-09-26,wk inc covid hosp,quantile,0.35,4.912183646118057
12,2026-09-05,3,2026-09-26,wk inc covid hosp,quantile,0.35,424.0130049286487
13,2026-09-05,3,2026-09-26,wk inc covid hosp,quantile,0.35,154.46857443499601
15,2026-09-05,3,2026-09-26,wk inc covid hosp,quantile,0.35,24.96229407995373
16,2026-09-05,3,2026-09-26,wk inc covid hosp,quantile,0.35,15.992354657539474
17,2026-09-05,3,2026-09-26,wk inc covid hosp,quantile,0.35,37.52752881345674
18,2026-09-05,3,2026-09-26,wk inc covid hosp,quantile,0.35,13.487409868423079
19,2026-09-05,3,2026-09-26,wk inc covid hosp,quantile,0.35,6.780632992033538
20,2026-09-05,3,2026-09-26,wk inc covid hosp,quantile,0.35,8.59333637465926
21,2026-09-05,3,2026-09-26,wk inc covid hosp,quantile,0.35,15.476381920327116
22,2026-09-05,3,2026-09-26,wk inc covid hosp,quantile,0.35,76.61647490526217
23,2026-09-05,3,2026-09-26,wk inc covid hosp,quantile,0.35,0.3934173982349566
24,2026-09-05,3,2026-09-26,wk inc covid hosp,quantile,0.35,9.742911299665316
25,2026-09-05,3,2026-09-26,wk inc covid hosp,quantile,0.35,30.48107391606344
26,2026-09-05,3,2026-09-26,wk inc covid hosp,quantile,0.35,29.307958092041613
27,2026-09-05,3,2026-09-26,wk inc covid hosp,quantile,0.35,17.693097338205682
28,2026-09-05,3,2026-09-26,wk inc covid hosp,quantile,0.35,27.188468478081436
29,2026-09-05,3,2026-09-26,wk inc covid hosp,quantile,0.35,33.463508542310876
30,2026-09-05,3,2026-09-26,wk inc covid hosp,quantile,0.35,3.617356530381885
31,2026-09-05,3,2026-09-26,wk inc covid hosp,quantile,0.35,6.361425049838585
32,2026-09-05,3,2026-09-26,wk inc covid hosp,quantile,0.35,13.498003522678301
33,2026-09-05,3,2026-09-26,wk inc covid hosp,quantile,0.35,4.004442244947099
34,2026-09-05,3,2026-09-26,wk inc covid hosp,quantile,0.35,132.44968265165411
35,2026-09-05,3,2026-09-26,wk inc covid hosp,quantile,0.35,14.065948360045052
36,2026-09-05,3,2026-09-26,wk inc covid hosp,quantile,0.35,264.0147286166758
37,2026-09-05,3,2026-09-26,wk inc covid hosp,quantile,0.35,146.11892041409524
38,2026-09-05,3,2026-09-26,wk inc covid hosp,quantile,0.35,0.15287124692886717
39,2026-09-05,3,2026-09-26,wk inc covid hosp,quantile,0.35,47.76720812656496
40,2026-09-05,3,2026-09-26,wk inc covid hosp,quantile,0.35,17.186399512886233
41,2026-09-05,3,2026-09-26,wk inc covid hosp,quantile,0.35,21.561577687121346
42,2026-09-05,3,2026-09-26,wk inc covid hosp,quantile,0.35,77.42832710100257
44,2026-09-05,3,2026-09-26,wk inc covid hosp,quantile,0.35,3.1306426884149654
45,2026-09-05,3,2026-09-26,wk inc covid hosp,quantile,0.35,70.2365608361435
46,2026-09-05,3,2026-09-26,wk inc covid hosp,quantile,0.35,3.617327057012678
47,2026-09-05,3,2026-09-26,wk inc covid hosp,quantile,0.35,95.21206782415021
48,2026-09-05,3,2026-09-26,wk inc covid hosp,quantile,0.35,544.9419430314795
49,2026-09-05,3,2026-09-26,wk inc covid hosp,quantile,0.35,11.038903440374519
50,2026-09-05,3,2026-09-26,wk inc covid hosp,quantile,0.35,0.40023372808419544
51,2026-09-05,3,2026-09-26,wk inc covid hosp,quantile,0.35,48.968214289906136
53,2026-09-05,3,2026-09-26,wk inc covid hosp,quantile,0.35,70.44162972842491
54,2026-09-05,3,2026-09-26,wk inc covid hosp,quantile,0.35,4.594368579526793
55,2026-09-05,3,2026-09-26,wk inc covid hosp,quantile,0.35,26.088231222595876
56,2026-09-05,3,2026-09-26,wk inc covid hosp,quantile,0.35,1.2831342258187102
72,2026-09-05,3,2026-09-26,wk inc covid hosp,quantile,0.35,99.9283513425906
US,2026-09-05,3,2026-09-26,wk inc covid hosp,quantile,0.35,4120.671538470064
01,2026-09-05,0,2026-09-05,wk inc covid hosp,quantile,0.4,83.47127828784046
02,2026-09-05,0,2026-09-05,wk inc covid hosp,quantile,0.4,3.336710061884876
04,2026-09-05,0,2026-09-05,wk inc covid hosp,quantile,0.4,85.12451532505874
05,2026-09-05,0,2026-09-05,wk inc covid hosp,quantile,0.4,9.479231555600059
06,2026-09-05,0,2026-09-05,wk inc covid hosp,quantile,0.4,590.30815532784
08,2026-09-05,0,2026-09-05,wk inc covid hosp,quantile,0.4,25.6791497181744
09,2026-09-05,0,2026-09-05,wk inc covid hosp,quantile,0.4,13.65450313781948
10,2026-09-05,0,2026-09-05,wk inc covid hosp,quantile,0.4,4.26830701759466
11,2026-09-05,0,2026-09-05,wk inc covid hosp,quantile,0.4,4.831598257423926
12,2026-09-05,0,2026-09-05,wk inc covid hosp,quantile,0.4,439.9109109527108
13,2026-09-05,0,2026-09-05,wk inc covid hosp,quantile,0.4,146.37870761156137
15,2026-09-05,0,2026-09-05,wk inc covid hosp,quantile,0.4,26.63154195974958
16,2026-09-05,0,2026-09-05,wk inc covid hosp,quantile,0.4,14.720696265562117
17,2026-09-05,0,2026-09-05,wk inc covid hosp,quantile,0.4,36.83071477166849
18,2026-09-05,0,2026-09-05,wk inc covid hosp,quantile,0.4,12.557627724902373
19,2026-09-05,0,2026-09-05,wk inc covid hosp,quantile,0.4,7.229347729612551
20,2026-09-05,0,2026-09-05,wk inc covid hosp,quantile,0.4,8.485665383294085
21,2026-09-05,0,2026-09-05,wk inc covid hosp,quantile,0.4,16.09295724247935
22,2026-09-05,0,2026-09-05,wk inc covid hosp,quantile,0.4,77.02101386556083
23,2026-09-05,0,2026-09-05,wk inc covid hosp,quantile,0.4,0.49683058597629015
24,2026-09-05,0,2026-09-05,wk inc covid hosp,quantile,0.4,9.602241526090468
25,2026-09-05,0,2026-09-05,wk inc covid hosp,quantile,0.4,31.963048491875455
26,2026-09-05,0,2026-09-05,wk inc covid hosp,quantile,0.4,28.032293405212886
27,2026-09-05,0,2026-09-05,wk inc covid hosp,quantile,0.4,16.766710642643417
28,2026-09-05,0,2026-09-05,wk inc covid hosp,quantile,0.4,28.942754652253427
29,2026-09-05,0,2026-09-05,wk inc covid hosp,quantile,0.4,31.631243133099087
30,2026-09-05,0,2026-09-05,wk inc covid hosp,quantile,0.4,3.958453014391206
31,2026-09-05,0,2026-09-05,wk inc covid hosp,quantile,0.4,6.04407843601924
32,2026-09-05,0,2026-09-05,wk inc covid hosp,quantile,0.4,13.507256120823776
33,2026-09-05,0,2026-09-05,wk inc covid hosp,quantile,0.4,3.5863417990480877
34,2026-09-05,0,2026-09-05,wk inc covid hosp,quantile,0.4,116.48589515748324
35,2026-09-05,0,2026-09-05,wk inc covid hosp,quantile,0.4,13.764288634124988
36,2026-09-05,0,2026-09-05,wk inc covid hosp,quantile,0.4,235.21057365407322
37,2026-09-05,0,2026-09-05,wk inc covid hosp,quantile,0.4,142.06583318129685
38,2026-09-05,0,2026-09-05,wk inc covid hosp,quantile,0.4,0.0385819585267393
39,2026-09-05,0,2026-09-05,wk inc covid hosp,quantile,0.4,44.66737593134611
40,2026-09-05,0,2026-09-05,wk inc covid hosp,quantile,0.4,16.543980572637242
41,2026-09-05,0,2026-09-05,wk inc covid hosp,quantile,0.4,21.62558779364492
42,2026-09-05,0,2026-09-05,wk inc covid hosp,quantile,0.4,75.12810789235822
44,2026-09-05,0,2026-09-05,wk inc covid hosp,quantile,0.4,3.45921065204656
45,2026-09-05,0,2026-09-05,wk inc covid hosp,quantile,0.4,63.73341074275621
46,2026-09-05,0,2026-09-05,wk inc covid hosp,quantile,0.4,3.4746596042560194
47,2026-09-05,0,2026-09-05,wk inc covid hosp,quantile,0.4,89.80651552314774
48,2026-09-05,0,2026-09-05,wk inc covid hosp,quantile,0.4,537.0937603217463
49,2026-09-05,0,2026-09-05,wk inc covid hosp,quantile,0.4,10.74079964601301
50,2026-09-05,0,2026-09-05,wk inc covid hosp,quantile,0.4,0.5344718207531185
51,2026-09-05,0,2026-09-05,wk inc covid hosp,quantile,0.4,45.48447067126278
53,2026-09-05,0,2026-09-05,wk inc covid hosp,quantile,0.4,64.04352902918977
54,2026-09-05,0,2026-09-05,wk inc covid hosp,quantile,0.4,4.518355847437803
55,2026-09-05,0,2026-09-05,wk inc covid hosp,quantile,0.4,24.472310762723357
56,2026-09-05,0,2026-09-05,wk inc covid hosp,quantile,0.4,1.4801878634058676
72,2026-09-05,0,2026-09-05,wk inc covid hosp,quantile,0.4,121.06496423713718
US,2026-09-05,0,2026-09-05,wk inc covid hosp,quantile,0.4,3725.2873369732024
01,2026-09-05,1,2026-09-12,wk inc covid hosp,quantile,0.4,84.11453806201408
02,2026-09-05,1,2026-09-12,wk inc covid hosp,quantile,0.4,3.380424550073991
04,2026-09-05,1,2026-09-12,wk inc covid hosp,quantile,0.4,91.02372085339493
05,2026-09-05,1,2026-09-12,wk inc covid hosp,quantile,0.4,9.267368252922155
06,2026-09-05,1,2026-09-12,wk inc covid hosp,quantile,0.4,595.9685343800456
08,2026-09-05,1,2026-09-12,wk inc covid hosp,quantile,0.4,26.47871667234812
09,2026-09-05,1,2026-09-12,wk inc covid hosp,quantile,0.4,14.323546563278768
10,2026-09-05,1,2026-09-12,wk inc covid hosp,quantile,0.4,4.26830701759466
11,2026-09-05,1,2026-09-12,wk inc covid hosp,quantile,0.4,4.814040180588177
12,2026-09-05,1,2026-09-12,wk inc covid hosp,quantile,0.4,440.37165590368375
13,2026-09-05,1,2026-09-12,wk inc covid hosp,quantile,0.4,151.92627433999957
15,2026-09-05,1,2026-09-12,wk inc covid hosp,quantile,0.4,27.001586937051382
16,2026-09-05,1,2026-09-12,wk inc covid hosp,quantile,0.4,15.37391978217184
17,2026-09-05,1,2026-09-12,wk inc covid hosp,quantile,0.4,38.89965407425852
18,2026-09-05,1,2026-09-12,wk inc covid hosp,quantile,0.4,13.075117881407651
19,2026-09-05,1,2026-09-12,wk inc covid hosp,quantile,0.4,7.366793250326074
20,2026-09-05,1,2026-09-12,wk inc covid hosp,quantile,0.4,8.616242225791199
21,2026-09-05,1,2026-09-12,wk inc covid hosp,quantile,0.4,16.393403314228255
22,2026-09-05,1,2026-09-12,wk inc covid hosp,quantile,0.4,78.5133558078165
23,2026-09-05,1,2026-09-12,wk inc covid hosp,quantile,0.4,0.5381567255019831
24,2026-09-05,1,2026-09-12,wk inc covid hosp,quantile,0.4,10.135480917898658
25,2026-09-05,1,2026-09-12,wk inc covid hosp,quantile,0.4,32.74780602969031
26,2026-09-05,1,2026-09-12,wk inc covid hosp,quantile,0.4,28.750603317562003
27,2026-09-05,1,2026-09-12,wk inc covid hosp,quantile,0.4,17.62909064838254
28,2026-09-05,1,2026-09-12,wk inc covid hosp,quantile,0.4,28.92699782138096
29,2026-09-05,1,2026-09-12,wk inc covid hosp,quantile,0.4,32.78815702686643
30,2026-09-05,1,2026-09-12,wk inc covid hosp,quantile,0.4,4.014437247666064
31,2026-09-05,1,2026-09-12,wk inc covid hosp,quantile,0.4,6.176644766544937
32,2026-09-05,1,2026-09-12,wk inc covid hosp,quantile,0.4,14.231276729606229
33,2026-09-05,1,2026-09-12,wk inc covid hosp,quantile,0.4,3.7929098572911135
34,2026-09-05,1,2026-09-12,wk inc covid hosp,quantile,0.4,128.05367232347174
35,2026-09-05,1,2026-09-12,wk inc covid hosp,quantile,0.4,14.832537434727536
36,2026-09-05,1,2026-09-12,wk inc covid hosp,quantile,0.4,265.3966628751759
37,2026-09-05,1,2026-09-12,wk inc covid hosp,quantile,0.4,147.54668123755954
38,2026-09-05,1,2026-09-12,wk inc covid hosp,quantile,0.4,0.08405392972943959
39,2026-09-05,1,2026-09-12,wk inc covid hosp,quantile,0.4,46.045626656388585
40,2026-09-05,1,2026-09-12,wk inc covid hosp,quantile,0.4,17.033193750310772
41,2026-09-05,1,2026-09-12,wk inc covid hosp,quantile,0.4,23.252143142170688
42,2026-09-05,1,2026-09-12,wk inc covid hosp,quantile,0.4,76.6791379854496
44,2026-09-05,1,2026-09-12,wk inc covid hosp,quantile,0.4,3.6356556082593654
45,2026-09-05,1,2026-09-12,wk inc covid hosp,quantile,0.4,69.20724878182158
46,2026-09-05,1,2026-09-12,wk inc covid hosp,quantile,0.4,3.546761668730973
47,2026-09-05,1,2026-09-12,wk inc covid hosp,quantile,0.4,97.48133745872909
48,2026-09-05,1,2026-09-12,wk inc covid hosp,quantile,0.4,553.3877409933385
49,2026-09-05,1,2026-09-12,wk inc covid hosp,quantile,0.4,11.495940346760799
50,2026-09-05,1,2026-09-12,wk inc covid hosp,quantile,0.4,0.5800816814519637
51,2026-09-05,1,2026-09-12,wk inc covid hosp,quantile,0.4,50.2878890504306
53,2026-09-05,1,2026-09-12,wk inc covid hosp,quantile,0.4,68.51216137190329
54,2026-09-05,1,2026-09-12,wk inc covid hosp,quantile,0.4,4.621784851466229
55,2026-09-05,1,2026-09-12,wk inc covid hosp,quantile,0.4,25.333388020709137
56,2026-09-05,1,2026-09-12,wk inc covid hosp,quantile,0.4,1.4192333499589271
72,2026-09-05,1,2026-09-12,wk inc covid hosp,quantile,0.4,111.3338779519088
US,2026-09-05,1,2026-09-12,wk inc covid hosp,quantile,0.4,4129.766488731459
01,2026-09-05,2,2026-09-19,wk inc covid hosp,quantile,0.4,84.11453806201408
02,2026-09-05,2,2026-09-19,wk inc covid hosp,quantile,0.4,3.3821345055287013
04,2026-09-05,2,2026-09-19,wk inc covid hosp,quantile,0.4,97.83237299006868
05,2026-09-05,2,2026-09-19,wk inc covid hosp,quantile,0.4,9.487362098755368
06,2026-09-05,2,2026-09-19,wk inc covid hosp,quantile,0.4,611.2407076828672
08,2026-09-05,2,2026-09-19,wk inc covid hosp,quantile,0.4,29.1412076126175
09,2026-09-05,2,2026-09-19,wk inc covid hosp,quantile,0.4,14.927939277146729
10,2026-09-05,2,2026-09-19,wk inc covid hosp,quantile,0.4,4.276729708986161
11,2026-09-05,2,2026-09-19,wk inc covid hosp,quantile,0.4,5.212942722449908
12,2026-09-05,2,2026-09-19,wk inc covid hosp,quantile,0.4,444.0289773477786
13,2026-09-05,2,2026-09-19,wk inc covid hosp,quantile,0.4,157.89688273009162
15,2026-09-05,2,2026-09-19,wk inc covid hosp,quantile,0.4,27.63645454839739
16,2026-09-05,2,2026-09-19,wk inc covid hosp,quantile,0.4,16.042895594934674
17,2026-09-05,2,2026-09-19,wk inc covid hosp,quantile,0.4,40.75696000333238
18,2026-09-05,2,2026-09-19,wk inc covid hosp,quantile,0.4,13.782702186470788
19,2026-09-05,2,2026-09-19,wk inc covid hosp,quantile,0.4,7.726450036517476
20,2026-09-05,2,2026-09-19,wk inc covid hosp,quantile,0.4,9.25574362437948
21,2026-09-05,2,2026-09-19,wk inc covid hosp,quantile,0.4,16.393403314228255
22,2026-09-05,2,2026-09-19,wk inc covid hosp,quantile,0.4,81.30863461924922
23,2026-09-05,2,2026-09-19,wk inc covid hosp,quantile,0.4,0.5796416682089471
24,2026-09-05,2,2026-09-19,wk inc covid hosp,quantile,0.4,11.065013199081463
25,2026-09-05,2,2026-09-19,wk inc covid hosp,quantile,0.4,32.74780602969031
26,2026-09-05,2,2026-09-19,wk inc covid hosp,quantile,0.4,30.24707056730562
27,2026-09-05,2,2026-09-19,wk inc covid hosp,quantile,0.4,17.92903286131206
28,2026-09-05,2,2026-09-19,wk inc covid hosp,quantile,0.4,29.75061262468745
29,2026-09-05,2,2026-09-19,wk inc covid hosp,quantile,0.4,33.463508542310876
30,2026-09-05,2,2026-09-19,wk inc covid hosp,quantile,0.4,4.182299670117847
31,2026-09-05,2,2026-09-19,wk inc covid hosp,quantile,0.4,6.4210390404449535
32,2026-09-05,2,2026-09-19,wk inc covid hosp,quantile,0.4,14.713285711559159
33,2026-09-05,2,2026-09-19,wk inc covid hosp,quantile,0.4,4.033879274623317
34,2026-09-05,2,2026-09-19,wk inc covid hosp,quantile,0.4,133.6206805930133
35,2026-09-05,2,2026-09-19,wk inc covid hosp,quantile,0.4,15.44415255794984
36,2026-09-05,2,2026-09-19,wk inc covid hosp,quantile,0.4,273.8592490593242
37,2026-09-05,2,2026-09-19,wk inc covid hosp,quantile,0.4,149.46346647648525
38,2026-09-05,2,2026-09-19,wk inc covid hosp,quantile,0.4,0.15953996327426714
39,2026-09-05,2,2026-09-19,wk inc covid hosp,quantile,0.4,47.47252194277498
40,2026-09-05,2,2026-09-19,wk inc covid hosp,quantile,0.4,18.247640094442115
41,2026-09-05,2,2026-09-19,wk inc covid hosp,quantile,0.4,23.913449281844244
42,2026-09-05,2,2026-09-19,wk inc covid hosp,quantile,0.4,81.24188094196154
44,2026-09-05,2,2026-09-19,wk inc covid hosp,quantile,0.4,3.6620405416211796
45,2026-09-05,2,2026-09-19,wk inc covid hosp,quantile,0.4,71.3769116358711
46,2026-09-05,2,2026-09-19,wk inc covid hosp,quantile,0.4,3.9163121340516027
47,2026-09-05,2,2026-09-19,wk inc covid hosp,quantile,0.4,100.6986923783606
48,2026-09-05,2,2026-09-19,wk inc covid hosp,quantile,0.4,556.4582792780518
49,2026-09-05,2,2026-09-19,wk inc covid hosp,quantile,0.4,11.741079398312815
50,2026-09-05,2,2026-09-19,wk inc covid hosp,quantile,0.4,0.7140186581368686
51,2026-09-05,2,2026-09-19,wk inc covid hosp,quantile,0.4,54.541890836993865
53,2026-09-05,2,2026-09-19,wk inc covid hosp,quantile,0.4,70.68478727659597
54,2026-09-05,2,2026-09-19,wk inc covid hosp,quantile,0.4,4.8978538779072185
55,2026-09-05,2,2026-09-19,wk inc covid hosp,quantile,0.4,26.394468179943882
56,2026-09-05,2,2026-09-19,wk inc covid hosp,quantile,0.4,1.4602239833527646
72,2026-09-05,2,2026-09-19,wk inc covid hosp,quantile,0.4,103.89674084713053
US,2026-09-05,2,2026-09-19,wk inc covid hosp,quantile,0.4,4371.260378000432
01,2026-09-05,3,2026-09-26,wk inc covid hosp,quantile,0.4,84.53168461557748
02,2026-09-05,3,2026-09-26,wk inc covid hosp,quantile,0.4,3.3633772724888664
04,2026-09-05,3,2026-09-26,wk inc covid hosp,quantile,0.4,99.56918245844884
05,2026-09-05,3,2026-09-26,wk inc covid hosp,quantile,0.4,9.502340369387232
06,2026-09-05,3,2026-09-26,wk inc covid hosp,quantile,0.4,606.5658896601667
08,2026-09-05,3,2026-09-26,wk inc covid hosp,quantile,0.4,30.459800375177945
09,2026-09-05,3,2026-09-26,wk inc covid hosp,quantile,0.4,15.17469182853366
10,2026-09-05,3,2026-09-26,wk inc covid hosp,quantile,0.4,4.3668677856332705
11,2026-09-05,3,2026-09-26,wk inc covid hosp,quantile,0.4,5.259845492920271
12,2026-09-05,3,2026-09-26,wk inc covid hosp,quantile,0.4,443.68688584237134
13,2026-09-05,3,2026-09-26,wk inc covid hosp,quantile,0.4,160.33202831238683
15,2026-09-05,3,2026-09-26,wk inc covid hosp,quantile,0.4,27.654133024523066
16,2026-09-05,3,2026-09-26,wk inc covid hosp,quantile,0.4,16.042895594934674
17,2026-09-05,3,2026-09-26,wk inc covid hosp,quantile,0.4,42.150907545759225
18,2026-09-05,3,2026-09-26,wk inc covid hosp,quantile,0.4,13.782702186470788
19,2026-09-05,3,2026-09-26,wk inc covid hosp,quantile,0.4,8.03486593119656
20,2026-09-05,3,2026-09-26,wk inc covid hosp,quantile,0.4,9.228314652737073
21,2026-09-05,3,2026-09-26,wk inc covid hosp,quantile,0.4,16.740708384745574
22,2026-09-05,3,2026-09-26,wk inc covid hosp,quantile,0.4,80.66167889868228
23,2026-09-05,3,2026-09-26,wk inc covid hosp,quantile,0.4,0.5925705420781111
24,2026-09-05,3,2026-09-26,wk inc covid hosp,quantile,0.4,11.29391800114316
25,2026-09-05,3,2026-09-26,wk inc covid hosp,quantile,0.4,33.06208991885266
26,2026-09-05,3,2026-09-26,wk inc covid hosp,quantile,0.4,30.465423066491446
27,2026-09-05,3,2026-09-26,wk inc covid hosp,quantile,0.4,18.574891038406786
28,2026-09-05,3,2026-09-26,wk inc covid hosp,quantile,0.4,29.75061262468745
29,2026-09-05,3,2026-09-26,wk inc covid hosp,quantile,0.4,34.41132125690163
30,2026-09-05,3,2026-09-26,wk inc covid hosp,quantile,0.4,4.216588985754231
31,2026-09-05,3,2026-09-26,wk inc covid hosp,quantile,0.4,6.608423907342448
32,2026-09-05,3,2026-09-26,wk inc covid hosp,quantile,0.4,15.087947157189278
33,2026-09-05,3,2026-09-26,wk inc covid hosp,quantile,0.4,4.033879274623317
34,2026-09-05,3,2026-09-26,wk inc covid hosp,quantile,0.4,137.435482371376
35,2026-09-05,3,2026-09-26,wk inc covid hosp,quantile,0.4,15.589889859691201
36,2026-09-05,3,2026-09-26,wk inc covid hosp,quantile,0.4,276.37555547899035
37,2026-09-05,3,2026-09-26,wk inc covid hosp,quantile,0.4,150.06925505567222
38,2026-09-05,3,2026-09-26,wk inc covid hosp,quantile,0.4,0.18001371889308318
39,2026-09-05,3,2026-09-26,wk inc covid hosp,quantile,0.4,47.86926055725097
40,2026-09-05,3,2026-09-26,wk inc covid hosp,quantile,0.4,18.459587840765792
41,2026-09-05,3,2026-09-26,wk inc covid hosp,quantile,0.4,23.913449281844244
42,2026-09-05,3,2026-09-26,wk inc covid hosp,quantile,0.4,81.24188094196154
44,2026-09-05,3,2026-09-26,wk inc covid hosp,quantile,0.4,3.6620405416211796
45,2026-09-05,3,2026-09-26,wk inc covid hosp,quantile,0.4,71.99264888053864
46,2026-09-05,3,2026-09-26,wk inc covid hosp,quantile,0.4,3.977196104876934
47,2026-09-05,3,2026-09-26,wk inc covid hosp,quantile,0.4,101.09632510697662
48,2026-09-05,3,2026-09-26,wk inc covid hosp,quantile,0.4,557.1190127081958
49,2026-09-05,3,2026-09-26,wk inc covid hosp,quantile,0.4,11.741079398312815
50,2026-09-05,3,2026-09-26,wk inc covid hosp,quantile,0.4,0.7699098008776956
51,2026-09-05,3,2026-09-26,wk inc covid hosp,quantile,0.4,55.292302642003506
53,2026-09-05,3,2026-09-26,wk inc covid hosp,quantile,0.4,71.27542243117553
54,2026-09-05,3,2026-09-26,wk inc covid hosp,quantile,0.4,4.8192745121283105
55,2026-09-05,3,2026-09-26,wk inc covid hosp,quantile,0.4,26.841171484633485
56,2026-09-05,3,2026-09-26,wk inc covid hosp,quantile,0.4,1.4787780732866838
72,2026-09-05,3,2026-09-26,wk inc covid hosp,quantile,0.4,103.64151885861203
US,2026-09-05,3,2026-09-26,wk inc covid hosp,quantile,0.4,4393.39890344215
01,2026-09-05,0,2026-09-05,wk inc covid hosp,quantile,0.45,83.7256111538563
02,2026-09-05,0,2026-09-05,wk inc covid hosp,quantile,0.45,3.486723412218615
04,2026-09-05,0,2026-09-05,wk inc covid hosp,quantile,0.45,85.40484612928041
05,2026-09-05,0,2026-09-05,wk inc covid hosp,quantile,0.45,9.504822450959269
06,2026-09-05,0,2026-09-05,wk inc covid hosp,quantile,0.45,592.5480006609472
08,2026-09-05,0,2026-09-05,wk inc covid hosp,quantile,0.45,26.683534332359656
09,2026-09-05,0,2026-09-05,wk inc covid hosp,quantile,0.45,14.095963796376518
10,2026-09-05,0,2026-09-05,wk inc covid hosp,quantile,0.45,4.628595968634374
11,2026-09-05,0,2026-09-05,wk inc covid hosp,quantile,0.45,5.155544576322533
12,2026-09-05,0,2026-09-05,wk inc covid hosp,quantile,0.45,445.4418785262291
13,2026-09-05,0,2026-09-05,wk inc covid hosp,quantile,0.45,147.21040313218032
15,2026-09-05,0,2026-09-05,wk inc covid hosp,quantile,0.45,28.565831327794637
16,2026-09-05,0,2026-09-05,wk inc covid hosp,quantile,0.45,14.927891696464165
17,2026-09-05,0,2026-09-05,wk inc covid hosp,quantile,0.45,38.559378242124666
18,2026-09-05,0,2026-09-05,wk inc covid hosp,quantile,0.45,14.001852921954182
19,2026-09-05,0,2026-09-05,wk inc covid hosp,quantile,0.45,7.277757160954087
20,2026-09-05,0,2026-09-05,wk inc covid hosp,quantile,0.45,8.881928012072732
21,2026-09-05,0,2026-09-05,wk inc covid hosp,quantile,0.45,16.65636839795137
22,2026-09-05,0,2026-09-05,wk inc covid hosp,quantile,0.45,82.02505479141026
23,2026-09-05,0,2026-09-05,wk inc covid hosp,quantile,0.45,0.5942838157366028
24,2026-09-05,0,2026-09-05,wk inc covid hosp,quantile,0.45,10.309119855147555
25,2026-09-05,0,2026-09-05,wk inc covid hosp,quantile,0.45,32.18010729476713
26,2026-09-05,0,2026-09-05,wk inc covid hosp,quantile,0.45,28.326419852573597
27,2026-09-05,0,2026-09-05,wk inc covid hosp,quantile,0.45,18.278233793784
28,2026-09-05,0,2026-09-05,wk inc covid hosp,quantile,0.45,32.32741759601083
29,2026-09-05,0,2026-09-05,wk inc covid hosp,quantile,0.45,33.436312772910114
30,2026-09-05,0,2026-09-05,wk inc covid hosp,quantile,0.45,3.9618414568239877
31,2026-09-05,0,2026-09-05,wk inc covid hosp,quantile,0.45,6.301667191438868
32,2026-09-05,0,2026-09-05,wk inc covid hosp,quantile,0.45,14.892661278751227
33,2026-09-05,0,2026-09-05,wk inc covid hosp,quantile,0.45,3.824524777448467
34,2026-09-05,0,2026-09-05,wk inc covid hosp,quantile,0.45,122.6894102903247
35,2026-09-05,0,2026-09-05,wk inc covid hosp,quantile,0.45,14.508735508238107
36,2026-09-05,0,2026-09-05,wk inc covid hosp,quantile,0.45,236.12089262343136
37,2026-09-05,0,2026-09-05,wk inc covid hosp,quantile,0.45,143.55496864798957
38,2026-09-05,0,2026-09-05,wk inc covid hosp,quantile,0.45,0.06452638394521579
39,2026-09-05,0,2026-09-05,wk inc covid hosp,quantile,0.45,45.73291085171879
40,2026-09-05,0,2026-09-05,wk inc covid hosp,quantile,0.45,16.654202830870222
41,2026-09-05,0,2026-09-05,wk inc covid hosp,quantile,0.45,22.378747601612215
42,2026-09-05,0,2026-09-05,wk inc covid hosp,quantile,0.45,77.82876214979852
44,2026-09-05,0,2026-09-05,wk inc covid hosp,quantile,0.45,3.714682939223769
45,2026-09-05,0,2026-09-05,wk inc covid hosp,quantile,0.45,64.91273140566581
46,2026-09-05,0,2026-09-05,wk inc covid hosp,quantile,0.45,3.823648458755673
47,2026-09-05,0,2026-09-05,wk inc covid hosp,quantile,0.45,90.62122137437956
48,2026-09-05,0,2026-09-05,wk inc covid hosp,quantile,0.45,541.4188302834777
49,2026-09-05,0,2026-09-05,wk inc covid hosp,quantile,0.45,10.936004277670623
50,2026-09-05,0,2026-09-05,wk inc covid hosp,quantile,0.45,0.7073220172421876
51,2026-09-05,0,2026-09-05,wk inc covid hosp,quantile,0.45,45.74849990626408
53,2026-09-05,0,2026-09-05,wk inc covid hosp,quantile,0.45,67.78506265754835
54,2026-09-05,0,2026-09-05,wk inc covid hosp,quantile,0.45,4.680165365663016
55,2026-09-05,0,2026-09-05,wk inc covid hosp,quantile,0.45,25.5990606197881
56,2026-09-05,0,2026-09-05,wk inc covid hosp,quantile,0.45,1.5088658656751093
72,2026-09-05,0,2026-09-05,wk inc covid hosp,quantile,0.45,122.16333269041169
US,2026-09-05,0,2026-09-05,wk inc covid hosp,quantile,0.45,3768.9991368903566
01,2026-09-05,1,2026-09-12,wk inc covid hosp,quantile,0.45,89.36862969287105
02,2026-09-05,1,2026-09-12,wk inc covid hosp,quantile,0.45,3.798680020990568
04,2026-09-05,1,2026-09-12,wk inc covid hosp,quantile,0.45,94.51573915385428
05,2026-09-05,1,2026-09-12,wk inc covid hosp,quantile,0.45,9.565651643273013
06,2026-09-05,1,2026-09-12,wk inc covid hosp,quantile,0.45,622.7387540271473
08,2026-09-05,1,2026-09-12,wk inc covid hosp,quantile,0.45,30.388657146721762
09,2026-09-05,1,2026-09-12,wk inc covid hosp,quantile,0.45,14.719849462422161
10,2026-09-05,1,2026-09-12,wk inc covid hosp,quantile,0.45,4.695038638658016
11,2026-09-05,1,2026-09-12,wk inc covid hosp,quantile,0.45,5.212121644012184
12,2026-09-05,1,2026-09-12,wk inc covid hosp,quantile,0.45,452.6566542881665
13,2026-09-05,1,2026-09-12,wk inc covid hosp,quantile,0.45,155.45393666432616
15,2026-09-05,1,2026-09-12,wk inc covid hosp,quantile,0.45,29.9870540587478
16,2026-09-05,1,2026-09-12,wk inc covid hosp,quantile,0.45,15.835010195390838
17,2026-09-05,1,2026-09-12,wk inc covid hosp,quantile,0.45,41.426019570517276
18,2026-09-05,1,2026-09-12,wk inc covid hosp,quantile,0.45,14.001852921954182
19,2026-09-05,1,2026-09-12,wk inc covid hosp,quantile,0.45,7.7578216987769855
20,2026-09-05,1,2026-09-12,wk inc covid hosp,quantile,0.45,9.67354553174354
21,2026-09-05,1,2026-09-12,wk inc covid hosp,quantile,0.45,17.224023223496225
22,2026-09-05,1,2026-09-12,wk inc covid hosp,quantile,0.45,83.69578104242356
23,2026-09-05,1,2026-09-12,wk inc covid hosp,quantile,0.45,0.6036054071589629
24,2026-09-05,1,2026-09-12,wk inc covid hosp,quantile,0.45,10.79820056502112
25,2026-09-05,1,2026-09-12,wk inc covid hosp,quantile,0.45,33.33436215643681
26,2026-09-05,1,2026-09-12,wk inc covid hosp,quantile,0.45,30.754231717831907
27,2026-09-05,1,2026-09-12,wk inc covid hosp,quantile,0.45,19.27496590450881
28,2026-09-05,1,2026-09-12,wk inc covid hosp,quantile,0.45,32.13783962990026
29,2026-09-05,1,2026-09-12,wk inc covid hosp,quantile,0.45,36.42439031093714
30,2026-09-05,1,2026-09-12,wk inc covid hosp,quantile,0.45,4.063522087739949
31,2026-09-05,1,2026-09-12,wk inc covid hosp,quantile,0.45,6.6168247682685255
32,2026-09-05,1,2026-09-12,wk inc covid hosp,quantile,0.45,15.358727140278882
33,2026-09-05,1,2026-09-12,wk inc covid hosp,quantile,0.45,4.21141789867206
34,2026-09-05,1,2026-09-12,wk inc covid hosp,quantile,0.45,138.65434537982117
35,2026-09-05,1,2026-09-12,wk inc covid hosp,quantile,0.45,15.694525464246741
36,2026-09-05,1,2026-09-12,wk inc covid hosp,quantile,0.45,266.81529815958913
37,2026-09-05,1,2026-09-12,wk inc covid hosp,quantile,0.45,147.7147763115938
38,2026-09-05,1,2026-09-12,wk inc covid hosp,quantile,0.45,0.13175064446384005
39,2026-09-05,1,2026-09-12,wk inc covid hosp,quantile,0.45,49.188452662775106
40,2026-09-05,1,2026-09-12,wk inc covid hosp,quantile,0.45,17.293496769567852
41,2026-09-05,1,2026-09-12,wk inc covid hosp,quantile,0.45,24.47318159658069
42,2026-09-05,1,2026-09-12,wk inc covid hosp,quantile,0.45,83.67201905660355
44,2026-09-05,1,2026-09-12,wk inc covid hosp,quantile,0.45,3.6846863809353474
45,2026-09-05,1,2026-09-12,wk inc covid hosp,quantile,0.45,71.61818171085032
46,2026-09-05,1,2026-09-12,wk inc covid hosp,quantile,0.45,4.00532119131736
47,2026-09-05,1,2026-09-12,wk inc covid hosp,quantile,0.45,97.96837747968743
48,2026-09-05,1,2026-09-12,wk inc covid hosp,quantile,0.45,558.5567730801145
49,2026-09-05,1,2026-09-12,wk inc covid hosp,quantile,0.45,12.200006868481582
50,2026-09-05,1,2026-09-12,wk inc covid hosp,quantile,0.45,0.7065445544887803
51,2026-09-05,1,2026-09-12,wk inc covid hosp,quantile,0.45,53.47557176625424
53,2026-09-05,1,2026-09-12,wk inc covid hosp,quantile,0.45,71.58686401957931
54,2026-09-05,1,2026-09-12,wk inc covid hosp,quantile,0.45,4.822561359478106
55,2026-09-05,1,2026-09-12,wk inc covid hosp,quantile,0.45,26.951397470231882
56,2026-09-05,1,2026-09-12,wk inc covid hosp,quantile,0.45,1.5103883498881754
72,2026-09-05,1,2026-09-12,wk inc covid hosp,quantile,0.45,119.0604097364923
US,2026-09-05,1,2026-09-12,wk inc covid hosp,quantile,0.45,4273.529318716687
01,2026-09-05,2,2026-09-19,wk inc covid hosp,quantile,0.45,90.88636493998243
02,2026-09-05,2,2026-09-19,wk inc covid hosp,quantile,0.45,3.78883358313129
04,2026-09-05,2,2026-09-19,wk inc covid hosp,quantile,0.45,101.41495716505501
05,2026-09-05,2,2026-09-19,wk inc covid hosp,quantile,0.45,10.063897023756217
06,2026-09-05,2,2026-09-19,wk inc covid hosp,quantile,0.45,632.4763545967779
08,2026-09-05,2,2026-09-19,wk inc covid hosp,quantile,0.45,33.84185526925729
09,2026-09-05,2,2026-09-19,wk inc covid hosp,quantile,0.45,15.293121050579
10,2026-09-05,2,2026-09-19,wk inc covid hosp,quantile,0.45,4.7339542950556375
11,2026-09-05,2,2026-09-19,wk inc covid hosp,quantile,0.45,5.471468118227305
12,2026-09-05,2,2026-09-19,wk inc covid hosp,quantile,0.45,457.63410830594415
13,2026-09-05,2,2026-09-19,wk inc covid hosp,quantile,0.45,168.97760326717025
15,2026-09-05,2,2026-09-19,wk inc covid hosp,quantile,0.45,31.46921935081267
16,2026-09-05,2,2026-09-19,wk inc covid hosp,quantile,0.45,16.61139237695028
17,2026-09-05,2,2026-09-19,wk inc covid hosp,quantile,0.45,43.6844553720321
18,2026-09-05,2,2026-09-19,wk inc covid hosp,quantile,0.45,14.025727236549631
19,2026-09-05,2,2026-09-19,wk inc covid hosp,quantile,0.45,8.282540015676886
20,2026-09-05,2,2026-09-19,wk inc covid hosp,quantile,0.45,10.527680354595864
21,2026-09-05,2,2026-09-19,wk inc covid hosp,quantile,0.45,18.002762510479993
22,2026-09-05,2,2026-09-19,wk inc covid hosp,quantile,0.45,87.99736924935128
23,2026-09-05,2,2026-09-19,wk inc covid hosp,quantile,0.45,0.8313888266778345
24,2026-09-05,2,2026-09-19,wk inc covid hosp,quantile,0.45,11.51184087940019
25,2026-09-05,2,2026-09-19,wk inc covid hosp,quantile,0.45,34.099635910428454
26,2026-09-05,2,2026-09-19,wk inc covid hosp,quantile,0.45,35.813725502409326
27,2026-09-05,2,2026-09-19,wk inc covid hosp,quantile,0.45,20.53270086481288
28,2026-09-05,2,2026-09-19,wk inc covid hosp,quantile,0.45,32.415613547264726
29,2026-09-05,2,2026-09-19,wk inc covid hosp,quantile,0.45,38.9821598177651
30,2026-09-05,2,2026-09-19,wk inc covid hosp,quantile,0.45,4.259328859623224
31,2026-09-05,2,2026-09-19,wk inc covid hosp,quantile,0.45,7.193352695211924
32,2026-09-05,2,2026-09-19,wk inc covid hosp,quantile,0.45,16.154924020910634
33,2026-09-05,2,2026-09-19,wk inc covid hosp,quantile,0.45,4.329989997377884
34,2026-09-05,2,2026-09-19,wk inc covid hosp,quantile,0.45,146.13568207712743
35,2026-09-05,2,2026-09-19,wk inc covid hosp,quantile,0.45,16.645620149285996
36,2026-09-05,2,2026-09-19,wk inc covid hosp,quantile,0.45,289.98295080654924
37,2026-09-05,2,2026-09-19,wk inc covid hosp,quantile,0.45,156.51618607022732
38,2026-09-05,2,2026-09-19,wk inc covid hosp,quantile,0.45,0.19645432074862848
39,2026-09-05,2,2026-09-19,wk inc covid hosp,quantile,0.45,51.22462555300137
40,2026-09-05,2,2026-09-19,wk inc covid hosp,quantile,0.45,18.976831502412196
41,2026-09-05,2,2026-09-19,wk inc covid hosp,quantile,0.45,25.950946218876574
42,2026-09-05,2,2026-09-19,wk inc covid hosp,quantile,0.45,84.10066711217524
44,2026-09-05,2,2026-09-19,wk inc covid hosp,quantile,0.45,3.7968789533253573
45,2026-09-05,2,2026-09-19,wk inc covid hosp,quantile,0.45,75.43175320080773
46,2026-09-05,2,2026-09-19,wk inc covid hosp,quantile,0.45,4.365389357312058
47,2026-09-05,2,2026-09-19,wk inc covid hosp,quantile,0.45,102.53450571355255
48,2026-09-05,2,2026-09-19,wk inc covid hosp,quantile,0.45,580.7737130406942
49,2026-09-05,2,2026-09-19,wk inc covid hosp,quantile,0.45,12.952932232890584
50,2026-09-05,2,2026-09-19,wk inc covid hosp,quantile,0.45,0.8205853201393392
51,2026-09-05,2,2026-09-19,wk inc covid hosp,quantile,0.45,58.71927017987885
53,2026-09-05,2,2026-09-19,wk inc covid hosp,quantile,0.45,76.13682519198821
54,2026-09-05,2,2026-09-19,wk inc covid hosp,quantile,0.45,5.355901931934049
55,2026-09-05,2,2026-09-19,wk inc covid hosp,quantile,0.45,29.024366046417807
56,2026-09-05,2,2026-09-19,wk inc covid hosp,quantile,0.45,1.511696542388493
72,2026-09-05,2,2026-09-19,wk inc covid hosp,quantile,0.45,114.11563461216505
US,2026-09-05,2,2026-09-19,wk inc covid hosp,quantile,0.45,4513.453427784561
01,2026-09-05,3,2026-09-26,wk inc covid hosp,quantile,0.45,90.30095203697836
02,2026-09-05,3,2026-09-26,wk inc covid hosp,quantile,0.45,3.7693171409304904
04,2026-09-05,3,2026-09-26,wk inc covid hosp,quantile,0.45,104.62420391995362
05,2026-09-05,3,2026-09-26,wk inc covid hosp,quantile,0.45,10.29226774859582
06,2026-09-05,3,2026-09-26,wk inc covid hosp,quantile,0.45,632.4763545967779
08,2026-09-05,3,2026-09-26,wk inc covid hosp,quantile,0.45,34.786758848338415
09,2026-09-05,3,2026-09-26,wk inc covid hosp,quantile,0.45,15.86436030935757
10,2026-09-05,3,2026-09-26,wk inc covid hosp,quantile,0.45,4.810468195773458
11,2026-09-05,3,2026-09-26,wk inc covid hosp,quantile,0.45,5.522057428637156
12,2026-09-05,3,2026-09-26,wk inc covid hosp,quantile,0.45,455.0085306368776
13,2026-09-05,3,2026-09-26,wk inc covid hosp,quantile,0.45,167.80277244506303
15,2026-09-05,3,2026-09-26,wk inc covid hosp,quantile,0.45,31.52423039309553
16,2026-09-05,3,2026-09-26,wk inc covid hosp,quantile,0.45,17.2770675254072
17,2026-09-05,3,2026-09-26,wk inc covid hosp,quantile,0.45,44.99603118360247
18,2026-09-05,3,2026-09-26,wk inc covid hosp,quantile,0.45,14.032593003124571
19,2026-09-05,3,2026-09-26,wk inc covid hosp,quantile,0.45,8.442318405647976
20,2026-09-05,3,2026-09-26,wk inc covid hosp,quantile,0.45,10.664076149390588
21,2026-09-05,3,2026-09-26,wk inc covid hosp,quantile,0.45,18.144179285930296
22,2026-09-05,3,2026-09-26,wk inc covid hosp,quantile,0.45,91.31860780251299
23,2026-09-05,3,2026-09-26,wk inc covid hosp,quantile,0.45,1.0187168292091375
24,2026-09-05,3,2026-09-26,wk inc covid hosp,quantile,0.45,11.692014525153423
25,2026-09-05,3,2026-09-26,wk inc covid hosp,quantile,0.45,35.034585269770226
26,2026-09-05,3,2026-09-26,wk inc covid hosp,quantile,0.45,37.131032707621614
27,2026-09-05,3,2026-09-26,wk inc covid hosp,quantile,0.45,21.06871100311574
28,2026-09-05,3,2026-09-26,wk inc covid hosp,quantile,0.45,32.415613547264726
29,2026-09-05,3,2026-09-26,wk inc covid hosp,quantile,0.45,39.45340920656533
30,2026-09-05,3,2026-09-26,wk inc covid hosp,quantile,0.45,4.275715435249838
31,2026-09-05,3,2026-09-26,wk inc covid hosp,quantile,0.45,7.464606028868582
32,2026-09-05,3,2026-09-26,wk inc covid hosp,quantile,0.45,16.305699076265697
33,2026-09-05,3,2026-09-26,wk inc covid hosp,quantile,0.45,4.518162199007771
34,2026-09-05,3,2026-09-26,wk inc covid hosp,quantile,0.45,148.38945436774674
35,2026-09-05,3,2026-09-26,wk inc covid hosp,quantile,0.45,17.030604215932467
36,2026-09-05,3,2026-09-26,wk inc covid hosp,quantile,0.45,297.7644816386912
37,2026-09-05,3,2026-09-26,wk inc covid hosp,quantile,0.45,157.0666960200541
38,2026-09-05,3,2026-09-26,wk inc covid hosp,quantile,0.45,0.19645432074862848
39,2026-09-05,3,2026-09-26,wk inc covid hosp,quantile,0.45,54.59002521225674
40,2026-09-05,3,2026-09-26,wk inc covid hosp,quantile,0.45,19.021953122816793
41,2026-09-05,3,2026-09-26,wk inc covid hosp,quantile,0.45,26.604814519727306
42,2026-09-05,3,2026-09-26,wk inc covid hosp,quantile,0.45,88.00648486721296
44,2026-09-05,3,2026-09-26,wk inc covid hosp,quantile,0.45,3.985701947837649
45,2026-09-05,3,2026-09-26,wk inc covid hosp,quantile,0.45,76.46439506586448
46,2026-09-05,3,2026-09-26,wk inc covid hosp,quantile,0.45,4.528634284929973
47,2026-09-05,3,2026-09-26,wk inc covid hosp,quantile,0.45,103.22429943418766
48,2026-09-05,3,2026-09-26,wk inc covid hosp,quantile,0.45,587.4095496829138
49,2026-09-05,3,2026-09-26,wk inc covid hosp,quantile,0.45,13.031430084289328
50,2026-09-05,3,2026-09-26,wk inc covid hosp,quantile,0.45,0.9014207511968149
51,2026-09-05,3,2026-09-26,wk inc covid hosp,quantile,0.45,59.21398548189762
53,2026-09-05,3,2026-09-26,wk inc covid hosp,quantile,0.45,76.66563572977044
54,2026-09-05,3,2026-09-26,wk inc covid hosp,quantile,0.45,5.844119105658754
55,2026-09-05,3,2026-09-26,wk inc covid hosp,quantile,0.45,29.307289074433662
56,2026-09-05,3,2026-09-26,wk inc covid hosp,quantile,0.45,1.5518602980397636
72,2026-09-05,3,2026-09-26,wk inc covid hosp,quantile,0.45,113.05038313915827
US,2026-09-05,3,2026-09-26,wk inc covid hosp,quantile,0.45,4576.501624251482
01,2026-09-05,0,2026-09-05,wk inc covid hosp,quantile,0.5,84.67455240085644
02,2026-09-05,0,2026-09-05,wk inc covid hosp,quantile,0.5,3.699194163832363
04,2026-09-05,0,2026-09-05,wk inc covid hosp,quantile,0.5,89.37257072970517
05,2026-09-05,0,2026-09-05,wk inc covid hosp,quantile,0.5,10.206188072798755
06,2026-09-05,0,2026-09-05,wk inc covid hosp,quantile,0.5,602.1383777108616
08,2026-09-05,0,2026-09-05,wk inc covid hosp,quantile,0.5,27.54552117455641
09,2026-09-05,0,2026-09-05,wk inc covid hosp,quantile,0.5,14.735020805078658
10,2026-09-05,0,2026-09-05,wk inc covid hosp,quantile,0.5,4.782608460932782
11,2026-09-05,0,2026-09-05,wk inc covid hosp,quantile,0.5,5.400744566450993
12,2026-09-05,0,2026-09-05,wk inc covid hosp,quantile,0.5,450.3149966670449
13,2026-09-05,0,2026-09-05,wk inc covid hosp,quantile,0.5,149.19309210330496
15,2026-09-05,0,2026-09-05,wk inc covid hosp,quantile,0.5,31.313280757326986
16,2026-09-05,0,2026-09-05,wk inc covid hosp,quantile,0.5,15.902166236572588
17,2026-09-05,0,2026-09-05,wk inc covid hosp,quantile,0.5,39.91413614492204
18,2026-09-05,0,2026-09-05,wk inc covid hosp,quantile,0.5,14.416794268753522
19,2026-09-05,0,2026-09-05,wk inc covid hosp,quantile,0.5,7.478757618175213
20,2026-09-05,0,2026-09-05,wk inc covid hosp,quantile,0.5,9.18179272036675
21,2026-09-05,0,2026-09-05,wk inc covid hosp,quantile,0.5,18.220916142555378
22,2026-09-05,0,2026-09-05,wk inc covid hosp,quantile,0.5,82.09265568917857
23,2026-09-05,0,2026-09-05,wk inc covid hosp,quantile,0.5,0.7760577461989828
24,2026-09-05,0,2026-09-05,wk inc covid hosp,quantile,0.5,10.526558188103026
25,2026-09-05,0,2026-09-05,wk inc covid hosp,quantile,0.5,34.45401730132736
26,2026-09-05,0,2026-09-05,wk inc covid hosp,quantile,0.5,28.73792515215797
27,2026-09-05,0,2026-09-05,wk inc covid hosp,quantile,0.5,18.6009075545997
28,2026-09-05,0,2026-09-05,wk inc covid hosp,quantile,0.5,32.51297971801038
29,2026-09-05,0,2026-09-05,wk inc covid hosp,quantile,0.5,34.61343013623158
30,2026-09-05,0,2026-09-05,wk inc covid hosp,quantile,0.5,4.0507085941074505
31,2026-09-05,0,2026-09-05,wk inc covid hosp,quantile,0.5,7.236069995750764
32,2026-09-05,0,2026-09-05,wk inc covid hosp,quantile,0.5,15.832814018537789
33,2026-09-05,0,2026-09-05,wk inc covid hosp,quantile,0.5,4.343507885867358
34,2026-09-05,0,2026-09-05,wk inc covid hosp,quantile,0.5,125.36376077505436
35,2026-09-05,0,2026-09-05,wk inc covid hosp,quantile,0.5,15.308982852596714
36,2026-09-05,0,2026-09-05,wk inc covid hosp,quantile,0.5,239.54321885598014
37,2026-09-05,0,2026-09-05,wk inc covid hosp,quantile,0.5,145.43681594083031
38,2026-09-05,0,2026-09-05,wk inc covid hosp,quantile,0.5,0.149361514121251
39,2026-09-05,0,2026-09-05,wk inc covid hosp,quantile,0.5,46.927070821136795
40,2026-09-05,0,2026-09-05,wk inc covid hosp,quantile,0.5,17.801450578789773
41,2026-09-05,0,2026-09-05,wk inc covid hosp,quantile,0.5,22.650224010289957
42,2026-09-05,0,2026-09-05,wk inc covid hosp,quantile,0.5,79.57948185635591
44,2026-09-05,0,2026-09-05,wk inc covid hosp,quantile,0.5,3.850625384877283
45,2026-09-05,0,2026-09-05,wk inc covid hosp,quantile,0.5,67.36672502533199
46,2026-09-05,0,2026-09-05,wk inc covid hosp,quantile,0.5,4.0359149482971715
47,2026-09-05,0,2026-09-05,wk inc covid hosp,quantile,0.5,91.80934488856643
48,2026-09-05,0,2026-09-05,wk inc covid hosp,quantile,0.5,543.50232982955
49,2026-09-05,0,2026-09-05,wk inc covid hosp,quantile,0.5,11.93938450924742
50,2026-09-05,0,2026-09-05,wk inc covid hosp,quantile,0.5,1.0538053708111819
51,2026-09-05,0,2026-09-05,wk inc covid hosp,quantile,0.5,47.81984842532006
53,2026-09-05,0,2026-09-05,wk inc covid hosp,quantile,0.5,68.52607038352906
54,2026-09-05,0,2026-09-05,wk inc covid hosp,quantile,0.5,4.967101067705134
55,2026-09-05,0,2026-09-05,wk inc covid hosp,quantile,0.5,26.494237259731662
56,2026-09-05,0,2026-09-05,wk inc covid hosp,quantile,0.5,1.7300352620882224
72,2026-09-05,0,2026-09-05,wk inc covid hosp,quantile,0.5,128.98125976242954
US,2026-09-05,0,2026-09-05,wk inc covid hosp,quantile,0.5,3807.1968301931693
01,2026-09-05,1,2026-09-12,wk inc covid hosp,quantile,0.5,90.88636493998243
02,2026-09-05,1,2026-09-12,wk inc covid hosp,quantile,0.5,3.8417356521816193
04,2026-09-05,1,2026-09-12,wk inc covid hosp,quantile,0.5,95.98069818025475
05,2026-09-05,1,2026-09-12,wk inc covid hosp,quantile,0.5,10.583019020090592
06,2026-09-05,1,2026-09-12,wk inc covid hosp,quantile,0.5,636.926359961127
08,2026-09-05,1,2026-09-12,wk inc covid hosp,quantile,0.5,32.19830444890136
09,2026-09-05,1,2026-09-12,wk inc covid hosp,quantile,0.5,15.912253132837682
10,2026-09-05,1,2026-09-12,wk inc covid hosp,quantile,0.5,4.928343352202574
11,2026-09-05,1,2026-09-12,wk inc covid hosp,quantile,0.5,5.609389850425788
12,2026-09-05,1,2026-09-12,wk inc covid hosp,quantile,0.5,456.36763922307307
13,2026-09-05,1,2026-09-12,wk inc covid hosp,quantile,0.5,158.5796897895184
15,2026-09-05,1,2026-09-12,wk inc covid hosp,quantile,0.5,32.32800959211929
16,2026-09-05,1,2026-09-12,wk inc covid hosp,quantile,0.5,17.107210356940115
17,2026-09-05,1,2026-09-12,wk inc covid hosp,quantile,0.5,42.15402450209984
18,2026-09-05,1,2026-09-12,wk inc covid hosp,quantile,0.5,14.833269172355784
19,2026-09-05,1,2026-09-12,wk inc covid hosp,quantile,0.5,8.05791152657064
20,2026-09-05,1,2026-09-12,wk inc covid hosp,quantile,0.5,9.730551849286549
21,2026-09-05,1,2026-09-12,wk inc covid hosp,quantile,0.5,18.88845126966994
22,2026-09-05,1,2026-09-12,wk inc covid hosp,quantile,0.5,85.62779846934541
23,2026-09-05,1,2026-09-12,wk inc covid hosp,quantile,0.5,0.8782253581160676
24,2026-09-05,1,2026-09-12,wk inc covid hosp,quantile,0.5,11.82128545006165
25,2026-09-05,1,2026-09-12,wk inc covid hosp,quantile,0.5,36.57345171751401
26,2026-09-05,1,2026-09-12,wk inc covid hosp,quantile,0.5,31.74556525552231
27,2026-09-05,1,2026-09-12,wk inc covid hosp,quantile,0.5,19.903168613709493
28,2026-09-05,1,2026-09-12,wk inc covid hosp,quantile,0.5,32.99344047157899
29,2026-09-05,1,2026-09-12,wk inc covid hosp,quantile,0.5,36.571834174794894
30,2026-09-05,1,2026-09-12,wk inc covid hosp,quantile,0.5,4.285394632840115
31,2026-09-05,1,2026-09-12,wk inc covid hosp,quantile,0.5,7.590610836257823
32,2026-09-05,1,2026-09-12,wk inc covid hosp,quantile,0.5,16.851268753812093
33,2026-09-05,1,2026-09-12,wk inc covid hosp,quantile,0.5,4.607338853752557
34,2026-09-05,1,2026-09-12,wk inc covid hosp,quantile,0.5,139.5059747683959
35,2026-09-05,1,2026-09-12,wk inc covid hosp,quantile,0.5,15.825841650070805
36,2026-09-05,1,2026-09-12,wk inc covid hosp,quantile,0.5,272.9029158300653
37,2026-09-05,1,2026-09-12,wk inc covid hosp,quantile,0.5,156.09690964529506
38,2026-09-05,1,2026-09-12,wk inc covid hosp,quantile,0.5,0.18677396314844447
39,2026-09-05,1,2026-09-12,wk inc covid hosp,quantile,0.5,49.85643646884406
40,2026-09-05,1,2026-09-12,wk inc covid hosp,quantile,0.5,19.217055850887334
41,2026-09-05,1,2026-09-12,wk inc covid hosp,quantile,0.5,25.307439327041674
42,2026-09-05,1,2026-09-12,wk inc covid hosp,quantile,0.5,84.24101469844615
44,2026-09-05,1,2026-09-12,wk inc covid hosp,quantile,0.5,3.9533420396407384
45,2026-09-05,1,2026-09-12,wk inc covid hosp,quantile,0.5,72.50363287824484
46,2026-09-05,1,2026-09-12,wk inc covid hosp,quantile,0.5,4.267110319572207
47,2026-09-05,1,2026-09-12,wk inc covid hosp,quantile,0.5,100.23440119770281
48,2026-09-05,1,2026-09-12,wk inc covid hosp,quantile,0.5,562.7886082954159
49,2026-09-05,1,2026-09-12,wk inc covid hosp,quantile,0.5,13.09974704197004
50,2026-09-05,1,2026-09-12,wk inc covid hosp,quantile,0.5,1.1216103554631005
51,2026-09-05,1,2026-09-12,wk inc covid hosp,quantile,0.5,55.257411770563124
53,2026-09-05,1,2026-09-12,wk inc covid hosp,quantile,0.5,74.04742839930353
54,2026-09-05,1,2026-09-12,wk inc covid hosp,quantile,0.5,5.321682778370594
55,2026-09-05,1,2026-09-12,wk inc covid hosp,quantile,0.5,27.4137363569216
56,2026-09-05,1,2026-09-12,wk inc covid hosp,quantile,0.5,1.7731774082529341
72,2026-09-05,1,2026-09-12,wk inc covid hosp,quantile,0.5,125.03915110946089
US,2026-09-05,1,2026-09-12,wk inc covid hosp,quantile,0.5,4305.679229188352
01,2026-09-05,2,2026-09-19,wk inc covid hosp,quantile,0.5,94.29522339588607
02,2026-09-05,2,2026-09-19,wk inc covid hosp,quantile,0.5,4.0362480789900035
04,2026-09-05,2,2026-09-19,wk inc covid hosp,quantile,0.5,104.23884063577596
05,2026-09-05,2,2026-09-19,wk inc covid hosp,quantile,0.5,11.518017854511445
06,2026-09-05,2,2026-09-19,wk inc covid hosp,quantile,0.5,676.4453824739031
08,2026-09-05,2,2026-09-19,wk inc covid hosp,quantile,0.5,36.68534825823535
09,2026-09-05,2,2026-09-19,wk inc covid hosp,quantile,0.5,17.312473078358764
10,2026-09-05,2,2026-09-19,wk inc covid hosp,quantile,0.5,5.332116816413401
11,2026-09-05,2,2026-09-19,wk inc covid hosp,quantile,0.5,5.795371120774299
12,2026-09-05,2,2026-09-19,wk inc covid hosp,quantile,0.5,468.1048211278521
13,2026-09-05,2,2026-09-19,wk inc covid hosp,quantile,0.5,171.5879314930514
15,2026-09-05,2,2026-09-19,wk inc covid hosp,quantile,0.5,33.309072676121865
16,2026-09-05,2,2026-09-19,wk inc covid hosp,quantile,0.5,17.97560544929542
17,2026-09-05,2,2026-09-19,wk inc covid hosp,quantile,0.5,45.10158090835854
18,2026-09-05,2,2026-09-19,wk inc covid hosp,quantile,0.5,16.327291360245734
19,2026-09-05,2,2026-09-19,wk inc covid hosp,quantile,0.5,9.320784946136008
20,2026-09-05,2,2026-09-19,wk inc covid hosp,quantile,0.5,10.812032000470705
21,2026-09-05,2,2026-09-19,wk inc covid hosp,quantile,0.5,20.48766303588383
22,2026-09-05,2,2026-09-19,wk inc covid hosp,quantile,0.5,91.13411641538303
23,2026-09-05,2,2026-09-19,wk inc covid hosp,quantile,0.5,1.1791709941656037
24,2026-09-05,2,2026-09-19,wk inc covid hosp,quantile,0.5,13.959504486931673
25,2026-09-05,2,2026-09-19,wk inc covid hosp,quantile,0.5,40.61978963956376
26,2026-09-05,2,2026-09-19,wk inc covid hosp,quantile,0.5,36.042494508648424
27,2026-09-05,2,2026-09-19,wk inc covid hosp,quantile,0.5,20.79830613115575
28,2026-09-05,2,2026-09-19,wk inc covid hosp,quantile,0.5,33.33864959746537
29,2026-09-05,2,2026-09-19,wk inc covid hosp,quantile,0.5,40.908891025382644
30,2026-09-05,2,2026-09-19,wk inc covid hosp,quantile,0.5,4.657599271092395
31,2026-09-05,2,2026-09-19,wk inc covid hosp,quantile,0.5,8.29547067332598
32,2026-09-05,2,2026-09-19,wk inc covid hosp,quantile,0.5,18.310164859668355
33,2026-09-05,2,2026-09-19,wk inc covid hosp,quantile,0.5,5.0953099610470325
34,2026-09-05,2,2026-09-19,wk inc covid hosp,quantile,0.5,148.42784953176212
35,2026-09-05,2,2026-09-19,wk inc covid hosp,quantile,0.5,17.39172825341802
36,2026-09-05,2,2026-09-19,wk inc covid hosp,quantile,0.5,293.94227128351986
37,2026-09-05,2,2026-09-19,wk inc covid hosp,quantile,0.5,163.05049714287176
38,2026-09-05,2,2026-09-19,wk inc covid hosp,quantile,0.5,0.23383707183178448
39,2026-09-05,2,2026-09-19,wk inc covid hosp,quantile,0.5,53.7434826028665
40,2026-09-05,2,2026-09-19,wk inc covid hosp,quantile,0.5,20.597873106265116
41,2026-09-05,2,2026-09-19,wk inc covid hosp,quantile,0.5,26.556076974015905
42,2026-09-05,2,2026-09-19,wk inc covid hosp,quantile,0.5,88.00648486721296
44,2026-09-05,2,2026-09-19,wk inc covid hosp,quantile,0.5,4.153359536139454
45,2026-09-05,2,2026-09-19,wk inc covid hosp,quantile,0.5,78.68492576814332
46,2026-09-05,2,2026-09-19,wk inc covid hosp,quantile,0.5,4.494906364206911
47,2026-09-05,2,2026-09-19,wk inc covid hosp,quantile,0.5,108.73977166823063
48,2026-09-05,2,2026-09-19,wk inc covid hosp,quantile,0.5,598.4450137547972
49,2026-09-05,2,2026-09-19,wk inc covid hosp,quantile,0.5,14.262990736353897
50,2026-09-05,2,2026-09-19,wk inc covid hosp,quantile,0.5,1.2783620455076974
51,2026-09-05,2,2026-09-19,wk inc covid hosp,quantile,0.5,63.07693390126377
53,2026-09-05,2,2026-09-19,wk inc covid hosp,quantile,0.5,79.68276321778183
54,2026-09-05,2,2026-09-19,wk inc covid hosp,quantile,0.5,5.8128256554274875
55,2026-09-05,2,2026-09-19,wk inc covid hosp,quantile,0.5,29.266712040600623
56,2026-09-05,2,2026-09-19,wk inc covid hosp,quantile,0.5,1.8941749952494287
72,2026-09-05,2,2026-09-19,wk inc covid hosp,quantile,0.5,122.32007034759235
US,2026-09-05,2,2026-09-19,wk inc covid hosp,quantile,0.5,4725.054428327427
01,2026-09-05,3,2026-09-26,wk inc covid hosp,quantile,0.5,96.50985592939035
02,2026-09-05,3,2026-09-26,wk inc covid hosp,quantile,0.5,4.158461807352196
04,2026-09-05,3,2026-09-26,wk inc covid hosp,quantile,0.5,110.29764714504222
05,2026-09-05,3,2026-09-26,wk inc covid hosp,quantile,0.5,11.63494651726463
06,2026-09-05,3,2026-09-26,wk inc covid hosp,quantile,0.5,693.2985245457681
08,2026-09-05,3,2026-09-26,wk inc covid hosp,quantile,0.5,37.708183863225166
09,2026-09-05,3,2026-09-26,wk inc covid hosp,quantile,0.5,18.041169729147327
10,2026-09-05,3,2026-09-26,wk inc covid hosp,quantile,0.5,5.373097722404148
11,2026-09-05,3,2026-09-26,wk inc covid hosp,quantile,0.5,6.002358336665269
12,2026-09-05,3,2026-09-26,wk inc covid hosp,quantile,0.5,468.1828931306734
13,2026-09-05,3,2026-09-26,wk inc covid hosp,quantile,0.5,178.6137290841408
15,2026-09-05,3,2026-09-26,wk inc covid hosp,quantile,0.5,33.610046102101755
16,2026-09-05,3,2026-09-26,wk inc covid hosp,quantile,0.5,18.5082832842255
17,2026-09-05,3,2026-09-26,wk inc covid hosp,quantile,0.5,45.28316586120116
18,2026-09-05,3,2026-09-26,wk inc covid hosp,quantile,0.5,16.731376700151642
19,2026-09-05,3,2026-09-26,wk inc covid hosp,quantile,0.5,9.530160470192921
20,2026-09-05,3,2026-09-26,wk inc covid hosp,quantile,0.5,10.933664839735897
21,2026-09-05,3,2026-09-26,wk inc covid hosp,quantile,0.5,20.828926456099396
22,2026-09-05,3,2026-09-26,wk inc covid hosp,quantile,0.5,92.79239205861492
23,2026-09-05,3,2026-09-26,wk inc covid hosp,quantile,0.5,1.2112927866915166
24,2026-09-05,3,2026-09-26,wk inc covid hosp,quantile,0.5,14.705744258178251
25,2026-09-05,3,2026-09-26,wk inc covid hosp,quantile,0.5,41.79706420218733
26,2026-09-05,3,2026-09-26,wk inc covid hosp,quantile,0.5,40.5006029150346
27,2026-09-05,3,2026-09-26,wk inc covid hosp,quantile,0.5,21.93291020162623
28,2026-09-05,3,2026-09-26,wk inc covid hosp,quantile,0.5,34.21713331022396
29,2026-09-05,3,2026-09-26,wk inc covid hosp,quantile,0.5,43.757395494191115
30,2026-09-05,3,2026-09-26,wk inc covid hosp,quantile,0.5,4.817027907814748
31,2026-09-05,3,2026-09-26,wk inc covid hosp,quantile,0.5,8.642970851753578
32,2026-09-05,3,2026-09-26,wk inc covid hosp,quantile,0.5,18.977368173909593
33,2026-09-05,3,2026-09-26,wk inc covid hosp,quantile,0.5,5.34289168928594
34,2026-09-05,3,2026-09-26,wk inc covid hosp,quantile,0.5,156.36767716401036
35,2026-09-05,3,2026-09-26,wk inc covid hosp,quantile,0.5,18.200020255034392
36,2026-09-05,3,2026-09-26,wk inc covid hosp,quantile,0.5,304.8232046021597
37,2026-09-05,3,2026-09-26,wk inc covid hosp,quantile,0.5,169.94087291030723
38,2026-09-05,3,2026-09-26,wk inc covid hosp,quantile,0.5,0.28028106343299203
39,2026-09-05,3,2026-09-26,wk inc covid hosp,quantile,0.5,54.95993906288118
40,2026-09-05,3,2026-09-26,wk inc covid hosp,quantile,0.5,21.61817794021958
41,2026-09-05,3,2026-09-26,wk inc covid hosp,quantile,0.5,26.707072159410856
42,2026-09-05,3,2026-09-26,wk inc covid hosp,quantile,0.5,91.17732930455212
44,2026-09-05,3,2026-09-26,wk inc covid hosp,quantile,0.5,4.1975239375565065
45,2026-09-05,3,2026-09-26,wk inc covid hosp,quantile,0.5,80.99843753451455
46,2026-09-05,3,2026-09-26,wk inc covid hosp,quantile,0.5,4.857473920712341
47,2026-09-05,3,2026-09-26,wk inc covid hosp,quantile,0.5,112.78283478945073
48,2026-09-05,3,2026-09-26,wk inc covid hosp,quantile,0.5,608.829561323835
49,2026-09-05,3,2026-09-26,wk inc covid hosp,quantile,0.5,14.857978466088788
50,2026-09-05,3,2026-09-26,wk inc covid hosp,quantile,0.5,1.4166483350823287
51,2026-09-05,3,2026-09-26,wk inc covid hosp,quantile,0.5,66.84515087832662
53,2026-09-05,3,2026-09-26,wk inc covid hosp,quantile,0.5,80.36262296495762
54,2026-09-05,3,2026-09-26,wk inc covid hosp,quantile,0.5,6.209524393251903
55,2026-09-05,3,2026-09-26,wk inc covid hosp,quantile,0.5,31.047635642763836
56,2026-09-05,3,2026-09-26,wk inc covid hosp,quantile,0.5,1.9699294721737308
72,2026-09-05,3,2026-09-26,wk inc covid hosp,quantile,0.5,120.38675965612214
US,2026-09-05,3,2026-09-26,wk inc covid hosp,quantile,0.5,4926.171857701081
01,2026-09-05,0,2026-09-05,wk inc covid hosp,quantile,0.55,87.06615630880682
02,2026-09-05,0,2026-09-05,wk inc covid hosp,quantile,0.55,4.307736457556132
04,2026-09-05,0,2026-09-05,wk inc covid hosp,quantile,0.55,89.43373137849652
05,2026-09-05,0,2026-09-05,wk inc covid hosp,quantile,0.55,10.7957261912788
06,2026-09-05,0,2026-09-05,wk inc covid hosp,quantile,0.55,607.8308065270949
08,2026-09-05,0,2026-09-05,wk inc covid hosp,quantile,0.55,28.60088300064277
09,2026-09-05,0,2026-09-05,wk inc covid hosp,quantile,0.55,15.988100312450817
10,2026-09-05,0,2026-09-05,wk inc covid hosp,quantile,0.55,4.895363754097103
11,2026-09-05,0,2026-09-05,wk inc covid hosp,quantile,0.55,5.554254636724956
12,2026-09-05,0,2026-09-05,wk inc covid hosp,quantile,0.55,455.76746660613753
13,2026-09-05,0,2026-09-05,wk inc covid hosp,quantile,0.55,151.32284863557803
15,2026-09-05,0,2026-09-05,wk inc covid hosp,quantile,0.55,32.25153359026147
16,2026-09-05,0,2026-09-05,wk inc covid hosp,quantile,0.55,17.026402237192347
17,2026-09-05,0,2026-09-05,wk inc covid hosp,quantile,0.55,41.825732041980245
18,2026-09-05,0,2026-09-05,wk inc covid hosp,quantile,0.55,15.416545482962476
19,2026-09-05,0,2026-09-05,wk inc covid hosp,quantile,0.55,7.966061581236245
20,2026-09-05,0,2026-09-05,wk inc covid hosp,quantile,0.55,9.78414008938719
21,2026-09-05,0,2026-09-05,wk inc covid hosp,quantile,0.55,19.58812857329474
22,2026-09-05,0,2026-09-05,wk inc covid hosp,quantile,0.55,86.47777616604161
23,2026-09-05,0,2026-09-05,wk inc covid hosp,quantile,0.55,0.9252987047676896
24,2026-09-05,0,2026-09-05,wk inc covid hosp,quantile,0.55,11.189242951268952
25,2026-09-05,0,2026-09-05,wk inc covid hosp,quantile,0.55,35.575805102769124
26,2026-09-05,0,2026-09-05,wk inc covid hosp,quantile,0.55,31.50447718195325
27,2026-09-05,0,2026-09-05,wk inc covid hosp,quantile,0.55,19.002508572487436
28,2026-09-05,0,2026-09-05,wk inc covid hosp,quantile,0.55,33.48109687391161
29,2026-09-05,0,2026-09-05,wk inc covid hosp,quantile,0.55,37.35137775913345
30,2026-09-05,0,2026-09-05,wk inc covid hosp,quantile,0.55,4.2654930151631305
31,2026-09-05,0,2026-09-05,wk inc covid hosp,quantile,0.55,7.865978125012822
32,2026-09-05,0,2026-09-05,wk inc covid hosp,quantile,0.55,16.95542273334529
33,2026-09-05,0,2026-09-05,wk inc covid hosp,quantile,0.55,4.654276906437448
34,2026-09-05,0,2026-09-05,wk inc covid hosp,quantile,0.55,127.63796704862587
35,2026-09-05,0,2026-09-05,wk inc covid hosp,quantile,0.55,15.428422698255188
36,2026-09-05,0,2026-09-05,wk inc covid hosp,quantile,0.55,244.603165466096
37,2026-09-05,0,2026-09-05,wk inc covid hosp,quantile,0.55,149.44046980034219
38,2026-09-05,0,2026-09-05,wk inc covid hosp,quantile,0.55,0.3445606123551545
39,2026-09-05,0,2026-09-05,wk inc covid hosp,quantile,0.55,48.34860984475778
40,2026-09-05,0,2026-09-05,wk inc covid hosp,quantile,0.55,17.918994639774805
41,2026-09-05,0,2026-09-05,wk inc covid hosp,quantile,0.55,23.06325139509034
42,2026-09-05,0,2026-09-05,wk inc covid hosp,quantile,0.55,81.047447981385
44,2026-09-05,0,2026-09-05,wk inc covid hosp,quantile,0.55,3.9986559152171925
45,2026-09-05,0,2026-09-05,wk inc covid hosp,quantile,0.55,69.89116441472913
46,2026-09-05,0,2026-09-05,wk inc covid hosp,quantile,0.55,4.412257349484279
47,2026-09-05,0,2026-09-05,wk inc covid hosp,quantile,0.55,95.76044653314109
48,2026-09-05,0,2026-09-05,wk inc covid hosp,quantile,0.55,553.0107208499364
49,2026-09-05,0,2026-09-05,wk inc covid hosp,quantile,0.55,12.654735620963766
50,2026-09-05,0,2026-09-05,wk inc covid hosp,quantile,0.55,1.088047538050437
51,2026-09-05,0,2026-09-05,wk inc covid hosp,quantile,0.55,50.190290913478506
53,2026-09-05,0,2026-09-05,wk inc covid hosp,quantile,0.55,70.73830961809166
54,2026-09-05,0,2026-09-05,wk inc covid hosp,quantile,0.55,5.269026599587191
55,2026-09-05,0,2026-09-05,wk inc covid hosp,quantile,0.55,27.998233783346308
56,2026-09-05,0,2026-09-05,wk inc covid hosp,quantile,0.55,1.8434234173360755
72,2026-09-05,0,2026-09-05,wk inc covid hosp,quantile,0.55,138.44617476064067
US,2026-09-05,0,2026-09-05,wk inc covid hosp,quantile,0.55,3815.950239667601
01,2026-09-05,1,2026-09-12,wk inc covid hosp,quantile,0.55,94.81410416863783
02,2026-09-05,1,2026-09-12,wk inc covid hosp,quantile,0.55,4.397836694807623
04,2026-09-05,1,2026-09-12,wk inc covid hosp,quantile,0.55,97.1301493412854
05,2026-09-05,1,2026-09-12,wk inc covid hosp,quantile,0.55,11.65220453427999
06,2026-09-05,1,2026-09-12,wk inc covid hosp,quantile,0.55,652.0371737513186
08,2026-09-05,1,2026-09-12,wk inc covid hosp,quantile,0.55,33.59286328325513
09,2026-09-05,1,2026-09-12,wk inc covid hosp,quantile,0.55,17.143300310693842
10,2026-09-05,1,2026-09-12,wk inc covid hosp,quantile,0.55,5.1149611150288115
11,2026-09-05,1,2026-09-12,wk inc covid hosp,quantile,0.55,5.790822596075824
12,2026-09-05,1,2026-09-12,wk inc covid hosp,quantile,0.55,477.6552314458035
13,2026-09-05,1,2026-09-12,wk inc covid hosp,quantile,0.55,166.17874544806335
15,2026-09-05,1,2026-09-12,wk inc covid hosp,quantile,0.55,33.12116114009939
16,2026-09-05,1,2026-09-12,wk inc covid hosp,quantile,0.55,19.052260741304647
17,2026-09-05,1,2026-09-12,wk inc covid hosp,quantile,0.55,45.65498921623956
18,2026-09-05,1,2026-09-12,wk inc covid hosp,quantile,0.55,15.661852334943822
19,2026-09-05,1,2026-09-12,wk inc covid hosp,quantile,0.55,8.966672716598826
20,2026-09-05,1,2026-09-12,wk inc covid hosp,quantile,0.55,10.800506416531539
21,2026-09-05,1,2026-09-12,wk inc covid hosp,quantile,0.55,20.41341124029285
22,2026-09-05,1,2026-09-12,wk inc covid hosp,quantile,0.55,88.494943592251
23,2026-09-05,1,2026-09-12,wk inc covid hosp,quantile,0.55,1.1523043794264363
24,2026-09-05,1,2026-09-12,wk inc covid hosp,quantile,0.55,12.914221222786699
25,2026-09-05,1,2026-09-12,wk inc covid hosp,quantile,0.55,36.99876486725899
26,2026-09-05,1,2026-09-12,wk inc covid hosp,quantile,0.55,37.09676347616527
27,2026-09-05,1,2026-09-12,wk inc covid hosp,quantile,0.55,20.031662642746195
28,2026-09-05,1,2026-09-12,wk inc covid hosp,quantile,0.55,35.707512472702746
29,2026-09-05,1,2026-09-12,wk inc covid hosp,quantile,0.55,39.67620976936815
30,2026-09-05,1,2026-09-12,wk inc covid hosp,quantile,0.55,4.618463194252733
31,2026-09-05,1,2026-09-12,wk inc covid hosp,quantile,0.55,8.922838442561382
32,2026-09-05,1,2026-09-12,wk inc covid hosp,quantile,0.55,18.312682168332195
33,2026-09-05,1,2026-09-12,wk inc covid hosp,quantile,0.55,5.147810426061307
34,2026-09-05,1,2026-09-12,wk inc covid hosp,quantile,0.55,142.37479123011886
35,2026-09-05,1,2026-09-12,wk inc covid hosp,quantile,0.55,17.38427246371328
36,2026-09-05,1,2026-09-12,wk inc covid hosp,quantile,0.55,275.91918452415047
37,2026-09-05,1,2026-09-12,wk inc covid hosp,quantile,0.55,161.8674711258685
38,2026-09-05,1,2026-09-12,wk inc covid hosp,quantile,0.55,0.3952847380057655
39,2026-09-05,1,2026-09-12,wk inc covid hosp,quantile,0.55,51.546262753685106
40,2026-09-05,1,2026-09-12,wk inc covid hosp,quantile,0.55,20.022750180113874
41,2026-09-05,1,2026-09-12,wk inc covid hosp,quantile,0.55,26.124209342296073
42,2026-09-05,1,2026-09-12,wk inc covid hosp,quantile,0.55,85.61223023670466
44,2026-09-05,1,2026-09-12,wk inc covid hosp,quantile,0.55,4.075664556641378
45,2026-09-05,1,2026-09-12,wk inc covid hosp,quantile,0.55,74.93666108059996
46,2026-09-05,1,2026-09-12,wk inc covid hosp,quantile,0.55,4.758306149498472
47,2026-09-05,1,2026-09-12,wk inc covid hosp,quantile,0.55,104.12608456134532
48,2026-09-05,1,2026-09-12,wk inc covid hosp,quantile,0.55,589.6577887230341
49,2026-09-05,1,2026-09-12,wk inc covid hosp,quantile,0.55,14.358047907362588
50,2026-09-05,1,2026-09-12,wk inc covid hosp,quantile,0.55,1.1714072547250298
51,2026-09-05,1,2026-09-12,wk inc covid hosp,quantile,0.55,57.79430307176774
53,2026-09-05,1,2026-09-12,wk inc covid hosp,quantile,0.55,77.68941220615474
54,2026-09-05,1,2026-09-12,wk inc covid hosp,quantile,0.55,5.834825136274379
55,2026-09-05,1,2026-09-12,wk inc covid hosp,quantile,0.55,30.153102705333573
56,2026-09-05,1,2026-09-12,wk inc covid hosp,quantile,0.55,1.9332443172653528
72,2026-09-05,1,2026-09-12,wk inc covid hosp,quantile,0.55,132.53328650519367
US,2026-09-05,1,2026-09-12,wk inc covid hosp,quantile,0.55,4321.111458571801
01,2026-09-05,2,2026-09-19,wk inc covid hosp,quantile,0.55,100.36963536015378
02,2026-09-05,2,2026-09-19,wk inc covid hosp,quantile,0.55,4.438523693908684
04,2026-09-05,2,2026-09-19,wk inc covid hosp,quantile,0.55,108.6589826267385
05,2026-09-05,2,2026-09-19,wk inc covid hosp,quantile,0.55,12.814193447479019
06,2026-09-05,2,2026-09-19,wk inc covid hosp,quantile,0.55,688.8244791220128
08,2026-09-05,2,2026-09-19,wk inc covid hosp,quantile,0.55,38.43352767049367
09,2026-09-05,2,2026-09-19,wk inc covid hosp,quantile,0.55,19.299225361404485
10,2026-09-05,2,2026-09-19,wk inc covid hosp,quantile,0.55,5.719277237675791
11,2026-09-05,2,2026-09-19,wk inc covid hosp,quantile,0.55,6.535792134351533
12,2026-09-05,2,2026-09-19,wk inc covid hosp,quantile,0.55,489.38690455030246
13,2026-09-05,2,2026-09-19,wk inc covid hosp,quantile,0.55,185.07721076185663
15,2026-09-05,2,2026-09-19,wk inc covid hosp,quantile,0.55,34.411579223710454
16,2026-09-05,2,2026-09-19,wk inc covid hosp,quantile,0.55,20.784721118703132
17,2026-09-05,2,2026-09-19,wk inc covid hosp,quantile,0.55,51.436814298813715
18,2026-09-05,2,2026-09-19,wk inc covid hosp,quantile,0.55,16.713222600593188
19,2026-09-05,2,2026-09-19,wk inc covid hosp,quantile,0.55,10.348889252470455
20,2026-09-05,2,2026-09-19,wk inc covid hosp,quantile,0.55,12.137444752613387
21,2026-09-05,2,2026-09-19,wk inc covid hosp,quantile,0.55,22.41922007467784
22,2026-09-05,2,2026-09-19,wk inc covid hosp,quantile,0.55,100.44352754428999
23,2026-09-05,2,2026-09-19,wk inc covid hosp,quantile,0.55,1.3985102198957107
24,2026-09-05,2,2026-09-19,wk inc covid hosp,quantile,0.55,14.113565371424317
25,2026-09-05,2,2026-09-19,wk inc covid hosp,quantile,0.55,41.21858023460566
26,2026-09-05,2,2026-09-19,wk inc covid hosp,quantile,0.55,42.02892282877053
27,2026-09-05,2,2026-09-19,wk inc covid hosp,quantile,0.55,22.433881000789157
28,2026-09-05,2,2026-09-19,wk inc covid hosp,quantile,0.55,36.324914755703816
29,2026-09-05,2,2026-09-19,wk inc covid hosp,quantile,0.55,44.17781173042846
30,2026-09-05,2,2026-09-19,wk inc covid hosp,quantile,0.55,5.153454077238206
31,2026-09-05,2,2026-09-19,wk inc covid hosp,quantile,0.55,10.042817587009106
32,2026-09-05,2,2026-09-19,wk inc covid hosp,quantile,0.55,20.387995784454727
33,2026-09-05,2,2026-09-19,wk inc covid hosp,quantile,0.55,5.902604925815533
34,2026-09-05,2,2026-09-19,wk inc covid hosp,quantile,0.55,153.16632853955974
35,2026-09-05,2,2026-09-19,wk inc covid hosp,quantile,0.55,19.389297712860234
36,2026-09-05,2,2026-09-19,wk inc covid hosp,quantile,0.55,308.2816936633127
37,2026-09-05,2,2026-09-19,wk inc covid hosp,quantile,0.55,172.27532037728258
38,2026-09-05,2,2026-09-19,wk inc covid hosp,quantile,0.55,0.40265890297142615
39,2026-09-05,2,2026-09-19,wk inc covid hosp,quantile,0.55,56.62921024816519
40,2026-09-05,2,2026-09-19,wk inc covid hosp,quantile,0.55,22.029004997995585
41,2026-09-05,2,2026-09-19,wk inc covid hosp,quantile,0.55,28.202658963354327
42,2026-09-05,2,2026-09-19,wk inc covid hosp,quantile,0.55,93.21512785926281
44,2026-09-05,2,2026-09-19,wk inc covid hosp,quantile,0.55,4.368131428492015
45,2026-09-05,2,2026-09-19,wk inc covid hosp,quantile,0.55,81.58007360810232
46,2026-09-05,2,2026-09-19,wk inc covid hosp,quantile,0.55,5.249201662432372
47,2026-09-05,2,2026-09-19,wk inc covid hosp,quantile,0.55,112.18138417798998
48,2026-09-05,2,2026-09-19,wk inc covid hosp,quantile,0.55,633.8447156889865
49,2026-09-05,2,2026-09-19,wk inc covid hosp,quantile,0.55,16.77033957087083
50,2026-09-05,2,2026-09-19,wk inc covid hosp,quantile,0.55,1.4451332899680116
51,2026-09-05,2,2026-09-19,wk inc covid hosp,quantile,0.55,64.32552486569325
53,2026-09-05,2,2026-09-19,wk inc covid hosp,quantile,0.55,84.13912479184229
54,2026-09-05,2,2026-09-19,wk inc covid hosp,quantile,0.55,6.383247718459288
55,2026-09-05,2,2026-09-19,wk inc covid hosp,quantile,0.55,31.96356772539506
56,2026-09-05,2,2026-09-19,wk inc covid hosp,quantile,0.55,2.332917282959571
72,2026-09-05,2,2026-09-19,wk inc covid hosp,quantile,0.55,134.16960350025508
US,2026-09-05,2,2026-09-19,wk inc covid hosp,quantile,0.55,4849.723172280662
01,2026-09-05,3,2026-09-26,wk inc covid hosp,quantile,0.55,102.78197019132462
02,2026-09-05,3,2026-09-26,wk inc covid hosp,quantile,0.55,4.800016276398329
04,2026-09-05,3,2026-09-26,wk inc covid hosp,quantile,0.55,113.14969652020743
05,2026-09-05,3,2026-09-26,wk inc covid hosp,quantile,0.55,13.130950976814239
06,2026-09-05,3,2026-09-26,wk inc covid hosp,quantile,0.55,699.9316524046274
08,2026-09-05,3,2026-09-26,wk inc covid hosp,quantile,0.55,39.89205144310259
09,2026-09-05,3,2026-09-26,wk inc covid hosp,quantile,0.55,20.3036112173151
10,2026-09-05,3,2026-09-26,wk inc covid hosp,quantile,0.55,5.934105239373678
11,2026-09-05,3,2026-09-26,wk inc covid hosp,quantile,0.55,6.729953195698151
12,2026-09-05,3,2026-09-26,wk inc covid hosp,quantile,0.55,487.2061996946868
13,2026-09-05,3,2026-09-26,wk inc covid hosp,quantile,0.55,188.50865161095817
15,2026-09-05,3,2026-09-26,wk inc covid hosp,quantile,0.55,35.14505282404729
16,2026-09-05,3,2026-09-26,wk inc covid hosp,quantile,0.55,21.3871289871807
17,2026-09-05,3,2026-09-26,wk inc covid hosp,quantile,0.55,53.18795022551288
18,2026-09-05,3,2026-09-26,wk inc covid hosp,quantile,0.55,17.607911100788616
19,2026-09-05,3,2026-09-26,wk inc covid hosp,quantile,0.55,10.603144819568627
20,2026-09-05,3,2026-09-26,wk inc covid hosp,quantile,0.55,12.379524883498695
21,2026-09-05,3,2026-09-26,wk inc covid hosp,quantile,0.55,22.985001575672673
22,2026-09-05,3,2026-09-26,wk inc covid hosp,quantile,0.55,101.95271469058181
23,2026-09-05,3,2026-09-26,wk inc covid hosp,quantile,0.55,1.5637650704885089
24,2026-09-05,3,2026-09-26,wk inc covid hosp,quantile,0.55,14.801979806192831
25,2026-09-05,3,2026-09-26,wk inc covid hosp,quantile,0.55,42.98116870922975
26,2026-09-05,3,2026-09-26,wk inc covid hosp,quantile,0.55,45.28319338196484
27,2026-09-05,3,2026-09-26,wk inc covid hosp,quantile,0.55,23.331095787382456
28,2026-09-05,3,2026-09-26,wk inc covid hosp,quantile,0.55,36.72762785626648
29,2026-09-05,3,2026-09-26,wk inc covid hosp,quantile,0.55,45.75109110228504
30,2026-09-05,3,2026-09-26,wk inc covid hosp,quantile,0.55,5.309984142734696
31,2026-09-05,3,2026-09-26,wk inc covid hosp,quantile,0.55,10.512661439785184
32,2026-09-05,3,2026-09-26,wk inc covid hosp,quantile,0.55,20.945317374863333
33,2026-09-05,3,2026-09-26,wk inc covid hosp,quantile,0.55,6.16239877508185
34,2026-09-05,3,2026-09-26,wk inc covid hosp,quantile,0.55,159.25466752641833
35,2026-09-05,3,2026-09-26,wk inc covid hosp,quantile,0.55,19.80193745173161
36,2026-09-05,3,2026-09-26,wk inc covid hosp,quantile,0.55,314.72197673519537
37,2026-09-05,3,2026-09-26,wk inc covid hosp,quantile,0.55,175.33918820100322
38,2026-09-05,3,2026-09-26,wk inc covid hosp,quantile,0.55,0.4488830732743741
39,2026-09-05,3,2026-09-26,wk inc covid hosp,quantile,0.55,57.17168919322427
40,2026-09-05,3,2026-09-26,wk inc covid hosp,quantile,0.55,22.777744049676606
41,2026-09-05,3,2026-09-26,wk inc covid hosp,quantile,0.55,29.37157787412726
42,2026-09-05,3,2026-09-26,wk inc covid hosp,quantile,0.55,98.31685196149213
44,2026-09-05,3,2026-09-26,wk inc covid hosp,quantile,0.55,4.45731998485396
45,2026-09-05,3,2026-09-26,wk inc covid hosp,quantile,0.55,82.93239702972738
46,2026-09-05,3,2026-09-26,wk inc covid hosp,quantile,0.55,5.504168674856866
47,2026-09-05,3,2026-09-26,wk inc covid hosp,quantile,0.55,115.28903700972906
48,2026-09-05,3,2026-09-26,wk inc covid hosp,quantile,0.55,652.9999757713426
49,2026-09-05,3,2026-09-26,wk inc covid hosp,quantile,0.55,17.471690237194004
50,2026-09-05,3,2026-09-26,wk inc covid hosp,quantile,0.55,1.545110639397052
51,2026-09-05,3,2026-09-26,wk inc covid hosp,quantile,0.55,69.33781611303671
53,2026-09-05,3,2026-09-26,wk inc covid hosp,quantile,0.55,85.63543696584108
54,2026-09-05,3,2026-09-26,wk inc covid hosp,quantile,0.55,6.606940603284274
55,2026-09-05,3,2026-09-26,wk inc covid hosp,quantile,0.55,33.28845186355536
56,2026-09-05,3,2026-09-26,wk inc covid hosp,quantile,0.55,2.4211027493512
72,2026-09-05,3,2026-09-26,wk inc covid hosp,quantile,0.55,131.97651164710308
US,2026-09-05,3,2026-09-26,wk inc covid hosp,quantile,0.55,4949.60810443719
01,2026-09-05,0,2026-09-05,wk inc covid hosp,quantile,0.6,88.33314294121786
02,2026-09-05,0,2026-09-05,wk inc covid hosp,quantile,0.6,4.4528000697164
04,2026-09-05,0,2026-09-05,wk inc covid hosp,quantile,0.6,94.84014797521507
05,2026-09-05,0,2026-09-05,wk inc covid hosp,quantile,0.6,10.830180424779675
06,2026-09-05,0,2026-09-05,wk inc covid hosp,quantile,0.6,615.4033482299369
08,2026-09-05,0,2026-09-05,wk inc covid hosp,quantile,0.6,28.88749712744752
09,2026-09-05,0,2026-09-05,wk inc covid hosp,quantile,0.6,16.485209357624907
10,2026-09-05,0,2026-09-05,wk inc covid hosp,quantile,0.6,5.2676816356914795
11,2026-09-05,0,2026-09-05,wk inc covid hosp,quantile,0.6,5.956724495895072
12,2026-09-05,0,2026-09-05,wk inc covid hosp,quantile,0.6,465.66134245451696
13,2026-09-05,0,2026-09-05,wk inc covid hosp,quantile,0.6,153.5674332127281
15,2026-09-05,0,2026-09-05,wk inc covid hosp,quantile,0.6,33.29116538306587
16,2026-09-05,0,2026-09-05,wk inc covid hosp,quantile,0.6,17.156592734786067
17,2026-09-05,0,2026-09-05,wk inc covid hosp,quantile,0.6,42.82674859085594
18,2026-09-05,0,2026-09-05,wk inc covid hosp,quantile,0.6,15.522945655490961
19,2026-09-05,0,2026-09-05,wk inc covid hosp,quantile,0.6,8.361230760009196
20,2026-09-05,0,2026-09-05,wk inc covid hosp,quantile,0.6,10.139937440650758
21,2026-09-05,0,2026-09-05,wk inc covid hosp,quantile,0.6,19.627595554943724
22,2026-09-05,0,2026-09-05,wk inc covid hosp,quantile,0.6,87.0161986456116
23,2026-09-05,0,2026-09-05,wk inc covid hosp,quantile,0.6,1.0825354204662285
24,2026-09-05,0,2026-09-05,wk inc covid hosp,quantile,0.6,12.128528126459969
25,2026-09-05,0,2026-09-05,wk inc covid hosp,quantile,0.6,35.60836322600343
26,2026-09-05,0,2026-09-05,wk inc covid hosp,quantile,0.6,36.19302752978919
27,2026-09-05,0,2026-09-05,wk inc covid hosp,quantile,0.6,19.090051613631882
28,2026-09-05,0,2026-09-05,wk inc covid hosp,quantile,0.6,34.76826551311763
29,2026-09-05,0,2026-09-05,wk inc covid hosp,quantile,0.6,37.47131585152128
30,2026-09-05,0,2026-09-05,wk inc covid hosp,quantile,0.6,4.713108618581502
31,2026-09-05,0,2026-09-05,wk inc covid hosp,quantile,0.6,8.931646254124365
32,2026-09-05,0,2026-09-05,wk inc covid hosp,quantile,0.6,17.30795909286599
33,2026-09-05,0,2026-09-05,wk inc covid hosp,quantile,0.6,5.003060079119527
34,2026-09-05,0,2026-09-05,wk inc covid hosp,quantile,0.6,127.74141944420343
35,2026-09-05,0,2026-09-05,wk inc covid hosp,quantile,0.6,16.72289752805963
36,2026-09-05,0,2026-09-05,wk inc covid hosp,quantile,0.6,246.4273069690374
37,2026-09-05,0,2026-09-05,wk inc covid hosp,quantile,0.6,152.83403259356626
38,2026-09-05,0,2026-09-05,wk inc covid hosp,quantile,0.6,0.4737743921788168
39,2026-09-05,0,2026-09-05,wk inc covid hosp,quantile,0.6,50.47143922484526
40,2026-09-05,0,2026-09-05,wk inc covid hosp,quantile,0.6,19.66579659249217
41,2026-09-05,0,2026-09-05,wk inc covid hosp,quantile,0.6,23.207982404691144
42,2026-09-05,0,2026-09-05,wk inc covid hosp,quantile,0.6,81.39914317966985
44,2026-09-05,0,2026-09-05,wk inc covid hosp,quantile,0.6,4.848670889869078
45,2026-09-05,0,2026-09-05,wk inc covid hosp,quantile,0.6,71.40767144878001
46,2026-09-05,0,2026-09-05,wk inc covid hosp,quantile,0.6,4.458616776536646
47,2026-09-05,0,2026-09-05,wk inc covid hosp,quantile,0.6,96.3441848121755
48,2026-09-05,0,2026-09-05,wk inc covid hosp,quantile,0.6,555.9205553590472
49,2026-09-05,0,2026-09-05,wk inc covid hosp,quantile,0.6,12.94429275697519
50,2026-09-05,0,2026-09-05,wk inc covid hosp,quantile,0.6,1.161991509168414
51,2026-09-05,0,2026-09-05,wk inc covid hosp,quantile,0.6,50.86538059210144
53,2026-09-05,0,2026-09-05,wk inc covid hosp,quantile,0.6,70.99813776105702
54,2026-09-05,0,2026-09-05,wk inc covid hosp,quantile,0.6,5.711192123099813
55,2026-09-05,0,2026-09-05,wk inc covid hosp,quantile,0.6,29.643989051551035
56,2026-09-05,0,2026-09-05,wk inc covid hosp,quantile,0.6,2.2109481765794983
72,2026-09-05,0,2026-09-05,wk inc covid hosp,quantile,0.6,138.55693601910258
US,2026-09-05,0,2026-09-05,wk inc covid hosp,quantile,0.6,3857.0478708586247
01,2026-09-05,1,2026-09-12,wk inc covid hosp,quantile,0.6,97.37073037678978
02,2026-09-05,1,2026-09-12,wk inc covid hosp,quantile,0.6,4.655484399620907
04,2026-09-05,1,2026-09-12,wk inc covid hosp,quantile,0.6,105.45135999160051
05,2026-09-05,1,2026-09-12,wk inc covid hosp,quantile,0.6,11.768602836138536
06,2026-09-05,1,2026-09-12,wk inc covid hosp,quantile,0.6,667.6433345999851
08,2026-09-05,1,2026-09-12,wk inc covid hosp,quantile,0.6,33.630350455888646
09,2026-09-05,1,2026-09-12,wk inc covid hosp,quantile,0.6,17.873511882007772
10,2026-09-05,1,2026-09-12,wk inc covid hosp,quantile,0.6,5.636385342699814
11,2026-09-05,1,2026-09-12,wk inc covid hosp,quantile,0.6,6.497623035501994
12,2026-09-05,1,2026-09-12,wk inc covid hosp,quantile,0.6,487.9601176841838
13,2026-09-05,1,2026-09-12,wk inc covid hosp,quantile,0.6,170.83028748508016
15,2026-09-05,1,2026-09-12,wk inc covid hosp,quantile,0.6,34.648178590002296
16,2026-09-05,1,2026-09-12,wk inc covid hosp,quantile,0.6,19.091296317134876
17,2026-09-05,1,2026-09-12,wk inc covid hosp,quantile,0.6,47.50087530773721
18,2026-09-05,1,2026-09-12,wk inc covid hosp,quantile,0.6,17.12875963767015
19,2026-09-05,1,2026-09-12,wk inc covid hosp,quantile,0.6,9.519544688730544
20,2026-09-05,1,2026-09-12,wk inc covid hosp,quantile,0.6,10.849507244312749
21,2026-09-05,1,2026-09-12,wk inc covid hosp,quantile,0.6,21.223033009000854
22,2026-09-05,1,2026-09-12,wk inc covid hosp,quantile,0.6,90.39006684611806
23,2026-09-05,1,2026-09-12,wk inc covid hosp,quantile,0.6,1.2713479324711392
24,2026-09-05,1,2026-09-12,wk inc covid hosp,quantile,0.6,13.344429465889304
25,2026-09-05,1,2026-09-12,wk inc covid hosp,quantile,0.6,38.74931355722428
26,2026-09-05,1,2026-09-12,wk inc covid hosp,quantile,0.6,39.386622749699086
27,2026-09-05,1,2026-09-12,wk inc covid hosp,quantile,0.6,21.030056032995013
28,2026-09-05,1,2026-09-12,wk inc covid hosp,quantile,0.6,36.29896643677988
29,2026-09-05,1,2026-09-12,wk inc covid hosp,quantile,0.6,40.15304888528101
30,2026-09-05,1,2026-09-12,wk inc covid hosp,quantile,0.6,5.086462500338051
31,2026-09-05,1,2026-09-12,wk inc covid hosp,quantile,0.6,9.069232305938739
32,2026-09-05,1,2026-09-12,wk inc covid hosp,quantile,0.6,19.03358349490323
33,2026-09-05,1,2026-09-12,wk inc covid hosp,quantile,0.6,5.532033141250974
34,2026-09-05,1,2026-09-12,wk inc covid hosp,quantile,0.6,152.2520435715152
35,2026-09-05,1,2026-09-12,wk inc covid hosp,quantile,0.6,18.191709542876453
36,2026-09-05,1,2026-09-12,wk inc covid hosp,quantile,0.6,277.12447680489396
37,2026-09-05,1,2026-09-12,wk inc covid hosp,quantile,0.6,166.4648792952305
38,2026-09-05,1,2026-09-12,wk inc covid hosp,quantile,0.6,0.5000958181653462
39,2026-09-05,1,2026-09-12,wk inc covid hosp,quantile,0.6,54.86911065098681
40,2026-09-05,1,2026-09-12,wk inc covid hosp,quantile,0.6,21.059889357100655
41,2026-09-05,1,2026-09-12,wk inc covid hosp,quantile,0.6,26.45565897745228
42,2026-09-05,1,2026-09-12,wk inc covid hosp,quantile,0.6,86.78432470043182
44,2026-09-05,1,2026-09-12,wk inc covid hosp,quantile,0.6,5.179176208548464
45,2026-09-05,1,2026-09-12,wk inc covid hosp,quantile,0.6,77.23139129270417
46,2026-09-05,1,2026-09-12,wk inc covid hosp,quantile,0.6,4.862686553599882
47,2026-09-05,1,2026-09-12,wk inc covid hosp,quantile,0.6,108.19101475141692
48,2026-09-05,1,2026-09-12,wk inc covid hosp,quantile,0.6,597.5592010005086
49,2026-09-05,1,2026-09-12,wk inc covid hosp,quantile,0.6,15.20132511439895
50,2026-09-05,1,2026-09-12,wk inc covid hosp,quantile,0.6,1.1774135822158198
51,2026-09-05,1,2026-09-12,wk inc covid hosp,quantile,0.6,58.32704416641962
53,2026-09-05,1,2026-09-12,wk inc covid hosp,quantile,0.6,79.91449974132146
54,2026-09-05,1,2026-09-12,wk inc covid hosp,quantile,0.6,6.0787111101303
55,2026-09-05,1,2026-09-12,wk inc covid hosp,quantile,0.6,32.45335148131423
56,2026-09-05,1,2026-09-12,wk inc covid hosp,quantile,0.6,2.2752743456716655
72,2026-09-05,1,2026-09-12,wk inc covid hosp,quantile,0.6,132.74022549701738
US,2026-09-05,1,2026-09-12,wk inc covid hosp,quantile,0.6,4459.209172314475
01,2026-09-05,2,2026-09-19,wk inc covid hosp,quantile,0.6,105.90709055607844
02,2026-09-05,2,2026-09-19,wk inc covid hosp,quantile,0.6,4.762615756717344
04,2026-09-05,2,2026-09-19,wk inc covid hosp,quantile,0.6,117.63321619754359
05,2026-09-05,2,2026-09-19,wk inc covid hosp,quantile,0.6,13.105311964919276
06,2026-09-05,2,2026-09-19,wk inc covid hosp,quantile,0.6,725.942042806993
08,2026-09-05,2,2026-09-19,wk inc covid hosp,quantile,0.6,40.680858829459225
09,2026-09-05,2,2026-09-19,wk inc covid hosp,quantile,0.6,20.235424014131702
10,2026-09-05,2,2026-09-19,wk inc covid hosp,quantile,0.6,6.287292590996534
11,2026-09-05,2,2026-09-19,wk inc covid hosp,quantile,0.6,6.983308903117901
12,2026-09-05,2,2026-09-19,wk inc covid hosp,quantile,0.6,497.6189542759386
13,2026-09-05,2,2026-09-19,wk inc covid hosp,quantile,0.6,190.00313818228167
15,2026-09-05,2,2026-09-19,wk inc covid hosp,quantile,0.6,35.26557674827727
16,2026-09-05,2,2026-09-19,wk inc covid hosp,quantile,0.6,21.227059111609165
17,2026-09-05,2,2026-09-19,wk inc covid hosp,quantile,0.6,51.73721494553862
18,2026-09-05,2,2026-09-19,wk inc covid hosp,quantile,0.6,20.243673700839608
19,2026-09-05,2,2026-09-19,wk inc covid hosp,quantile,0.6,11.240110850667353
20,2026-09-05,2,2026-09-19,wk inc covid hosp,quantile,0.6,12.276988177732145
21,2026-09-05,2,2026-09-19,wk inc covid hosp,quantile,0.6,23.055096760126684
22,2026-09-05,2,2026-09-19,wk inc covid hosp,quantile,0.6,102.14765384022746
23,2026-09-05,2,2026-09-19,wk inc covid hosp,quantile,0.6,1.4017209863071456
24,2026-09-05,2,2026-09-19,wk inc covid hosp,quantile,0.6,15.591979388561647
25,2026-09-05,2,2026-09-19,wk inc covid hosp,quantile,0.6,42.34390763167688
26,2026-09-05,2,2026-09-19,wk inc covid hosp,quantile,0.6,42.268584738932084
27,2026-09-05,2,2026-09-19,wk inc covid hosp,quantile,0.6,23.80333816194818
28,2026-09-05,2,2026-09-19,wk inc covid hosp,quantile,0.6,37.52897446753965
29,2026-09-05,2,2026-09-19,wk inc covid hosp,quantile,0.6,46.261159093319804
30,2026-09-05,2,2026-09-19,wk inc covid hosp,quantile,0.6,5.501505239495406
31,2026-09-05,2,2026-09-19,wk inc covid hosp,quantile,0.6,10.115388473982325
32,2026-09-05,2,2026-09-19,wk inc covid hosp,quantile,0.6,21.451065382572548
33,2026-09-05,2,2026-09-19,wk inc covid hosp,quantile,0.6,6.087848487219023
34,2026-09-05,2,2026-09-19,wk inc covid hosp,quantile,0.6,166.1691249726001
35,2026-09-05,2,2026-09-19,wk inc covid hosp,quantile,0.6,20.76875615965418
36,2026-09-05,2,2026-09-19,wk inc covid hosp,quantile,0.6,311.04020423330985
37,2026-09-05,2,2026-09-19,wk inc covid hosp,quantile,0.6,178.07928334467115
38,2026-09-05,2,2026-09-19,wk inc covid hosp,quantile,0.6,0.6184594545424323
39,2026-09-05,2,2026-09-19,wk inc covid hosp,quantile,0.6,60.06978508196459
40,2026-09-05,2,2026-09-19,wk inc covid hosp,quantile,0.6,23.266176184535063
41,2026-09-05,2,2026-09-19,wk inc covid hosp,quantile,0.6,29.535813060050508
42,2026-09-05,2,2026-09-19,wk inc covid hosp,quantile,0.6,94.70494090070147
44,2026-09-05,2,2026-09-19,wk inc covid hosp,quantile,0.6,5.582659847002065
45,2026-09-05,2,2026-09-19,wk inc covid hosp,quantile,0.6,83.00375777288164
46,2026-09-05,2,2026-09-19,wk inc covid hosp,quantile,0.6,5.546357700315106
47,2026-09-05,2,2026-09-19,wk inc covid hosp,quantile,0.6,116.71084891781429
48,2026-09-05,2,2026-09-19,wk inc covid hosp,quantile,0.6,646.4977313902741
49,2026-09-05,2,2026-09-19,wk inc covid hosp,quantile,0.6,17.55637951931147
50,2026-09-05,2,2026-09-19,wk inc covid hosp,quantile,0.6,1.4901043303621073
51,2026-09-05,2,2026-09-19,wk inc covid hosp,quantile,0.6,68.92790285736368
53,2026-09-05,2,2026-09-19,wk inc covid hosp,quantile,0.6,87.88147333299766
54,2026-09-05,2,2026-09-19,wk inc covid hosp,quantile,0.6,6.701157763651307
55,2026-09-05,2,2026-09-19,wk inc covid hosp,quantile,0.6,34.849341280746366
56,2026-09-05,2,2026-09-19,wk inc covid hosp,quantile,0.6,2.4648539475512887
72,2026-09-05,2,2026-09-19,wk inc covid hosp,quantile,0.6,134.31146378705407
US,2026-09-05,2,2026-09-19,wk inc covid hosp,quantile,0.6,4883.495453229779
01,2026-09-05,3,2026-09-26,wk inc covid hosp,quantile,0.6,107.60781173152645
02,2026-09-05,3,2026-09-26,wk inc covid hosp,quantile,0.6,4.912858062694299
04,2026-09-05,3,2026-09-26,wk inc covid hosp,quantile,0.6,123.3845305547887
05,2026-09-05,3,2026-09-26,wk inc covid hosp,quantile,0.6,13.809196496598362
06,2026-09-05,3,2026-09-26,wk inc covid hosp,quantile,0.6,733.8376960652765
08,2026-09-05,3,2026-09-26,wk inc covid hosp,quantile,0.6,42.53652004891273
09,2026-09-05,3,2026-09-26,wk inc covid hosp,quantile,0.6,21.528483195637165
10,2026-09-05,3,2026-09-26,wk inc covid hosp,quantile,0.6,6.6450665425154485
11,2026-09-05,3,2026-09-26,wk inc covid hosp,quantile,0.6,7.231214221289626
12,2026-09-05,3,2026-09-26,wk inc covid hosp,quantile,0.6,504.8793966791354
13,2026-09-05,3,2026-09-26,wk inc covid hosp,quantile,0.6,193.48325428385624
15,2026-09-05,3,2026-09-26,wk inc covid hosp,quantile,0.6,35.488576132384004
16,2026-09-05,3,2026-09-26,wk inc covid hosp,quantile,0.6,21.890889467128726
17,2026-09-05,3,2026-09-26,wk inc covid hosp,quantile,0.6,53.5992599424112
18,2026-09-05,3,2026-09-26,wk inc covid hosp,quantile,0.6,21.014925745557647
19,2026-09-05,3,2026-09-26,wk inc covid hosp,quantile,0.6,11.674676680711359
20,2026-09-05,3,2026-09-26,wk inc covid hosp,quantile,0.6,12.902601732865168
21,2026-09-05,3,2026-09-26,wk inc covid hosp,quantile,0.6,24.485072997729667
22,2026-09-05,3,2026-09-26,wk inc covid hosp,quantile,0.6,102.87521198548285
23,2026-09-05,3,2026-09-26,wk inc covid hosp,quantile,0.6,1.584499359034802
24,2026-09-05,3,2026-09-26,wk inc covid hosp,quantile,0.6,16.206247914326838
25,2026-09-05,3,2026-09-26,wk inc covid hosp,quantile,0.6,46.179034183238876
26,2026-09-05,3,2026-09-26,wk inc covid hosp,quantile,0.6,45.60395305257001
27,2026-09-05,3,2026-09-26,wk inc covid hosp,quantile,0.6,25.15464473525262
28,2026-09-05,3,2026-09-26,wk inc covid hosp,quantile,0.6,38.02028344667169
29,2026-09-05,3,2026-09-26,wk inc covid hosp,quantile,0.6,49.74280713637491
30,2026-09-05,3,2026-09-26,wk inc covid hosp,quantile,0.6,5.928823659478961
31,2026-09-05,3,2026-09-26,wk inc covid hosp,quantile,0.6,10.931368851335758
32,2026-09-05,3,2026-09-26,wk inc covid hosp,quantile,0.6,22.905515741078965
33,2026-09-05,3,2026-09-26,wk inc covid hosp,quantile,0.6,6.477202908237436
34,2026-09-05,3,2026-09-26,wk inc covid hosp,quantile,0.6,174.16230206425394
35,2026-09-05,3,2026-09-26,wk inc covid hosp,quantile,0.6,21.84419973060061
36,2026-09-05,3,2026-09-26,wk inc covid hosp,quantile,0.6,330.2321999107512
37,2026-09-05,3,2026-09-26,wk inc covid hosp,quantile,0.6,184.05351324262
38,2026-09-05,3,2026-09-26,wk inc covid hosp,quantile,0.6,0.6302998486697579
39,2026-09-05,3,2026-09-26,wk inc covid hosp,quantile,0.6,63.39711654165511
40,2026-09-05,3,2026-09-26,wk inc covid hosp,quantile,0.6,24.39624602369109
41,2026-09-05,3,2026-09-26,wk inc covid hosp,quantile,0.6,30.715884013206892
42,2026-09-05,3,2026-09-26,wk inc covid hosp,quantile,0.6,99.17407871136881
44,2026-09-05,3,2026-09-26,wk inc covid hosp,quantile,0.6,5.7402433408519835
45,2026-09-05,3,2026-09-26,wk inc covid hosp,quantile,0.6,85.94953420416854
46,2026-09-05,3,2026-09-26,wk inc covid hosp,quantile,0.6,5.709198002647527
47,2026-09-05,3,2026-09-26,wk inc covid hosp,quantile,0.6,122.20011197201347
48,2026-09-05,3,2026-09-26,wk inc covid hosp,quantile,0.6,658.6227357728067
49,2026-09-05,3,2026-09-26,wk inc covid hosp,quantile,0.6,18.18476123229927
50,2026-09-05,3,2026-09-26,wk inc covid hosp,quantile,0.6,1.6221440652165493
51,2026-09-05,3,2026-09-26,wk inc covid hosp,quantile,0.6,73.34474334815765
53,2026-09-05,3,2026-09-26,wk inc covid hosp,quantile,0.6,89.14379035243974
54,2026-09-05,3,2026-09-26,wk inc covid hosp,quantile,0.6,7.31630868598058
55,2026-09-05,3,2026-09-26,wk inc covid hosp,quantile,0.6,37.36772329355078
56,2026-09-05,3,2026-09-26,wk inc covid hosp,quantile,0.6,2.6131995966886006
72,2026-09-05,3,2026-09-26,wk inc covid hosp,quantile,0.6,133.71867020715146
US,2026-09-05,3,2026-09-26,wk inc covid hosp,quantile,0.6,5049.386647204299
01,2026-09-05,0,2026-09-05,wk inc covid hosp,quantile,0.65,92.30942984434586
02,2026-09-05,0,2026-09-05,wk inc covid hosp,quantile,0.65,4.8272324536151086
04,2026-09-05,0,2026-09-05,wk inc covid hosp,quantile,0.65,94.98342357406122
05,2026-09-05,0,2026-09-05,wk inc covid hosp,quantile,0.65,12.334012341720255
06,2026-09-05,0,2026-09-05,wk inc covid hosp,quantile,0.65,617.3293518711362
08,2026-09-05,0,2026-09-05,wk inc covid hosp,quantile,0.65,30.340015871990317
09,2026-09-05,0,2026-09-05,wk inc covid hosp,quantile,0.65,17.6911617429917
10,2026-09-05,0,2026-09-05,wk inc covid hosp,quantile,0.65,5.894899119404885
11,2026-09-05,0,2026-09-05,wk inc covid hosp,quantile,0.65,6.384888326390374
12,2026-09-05,0,2026-09-05,wk inc covid hosp,quantile,0.65,471.8573456914105
13,2026-09-05,0,2026-09-05,wk inc covid hosp,quantile,0.65,155.11947876252714
15,2026-09-05,0,2026-09-05,wk inc covid hosp,quantile,0.65,33.32544930175573
16,2026-09-05,0,2026-09-05,wk inc covid hosp,quantile,0.65,17.75030833478296
17,2026-09-05,0,2026-09-05,wk inc covid hosp,quantile,0.65,44.09216321308851
18,2026-09-05,0,2026-09-05,wk inc covid hosp,quantile,0.65,17.23384385993491
19,2026-09-05,0,2026-09-05,wk inc covid hosp,quantile,0.65,8.754090432746157
20,2026-09-05,0,2026-09-05,wk inc covid hosp,quantile,0.65,11.174838814725762
21,2026-09-05,0,2026-09-05,wk inc covid hosp,quantile,0.65,20.96682081642843
22,2026-09-05,0,2026-09-05,wk inc covid hosp,quantile,0.65,91.0284352243358
23,2026-09-05,0,2026-09-05,wk inc covid hosp,quantile,0.65,1.2784005032336534
24,2026-09-05,0,2026-09-05,wk inc covid hosp,quantile,0.65,13.319658821551545
25,2026-09-05,0,2026-09-05,wk inc covid hosp,quantile,0.65,37.944437604595095
26,2026-09-05,0,2026-09-05,wk inc covid hosp,quantile,0.65,36.62752458322424
27,2026-09-05,0,2026-09-05,wk inc covid hosp,quantile,0.65,20.627792666740696
28,2026-09-05,0,2026-09-05,wk inc covid hosp,quantile,0.65,37.18189690320758
29,2026-09-05,0,2026-09-05,wk inc covid hosp,quantile,0.65,38.161726594828565
30,2026-09-05,0,2026-09-05,wk inc covid hosp,quantile,0.65,4.788865500731561
31,2026-09-05,0,2026-09-05,wk inc covid hosp,quantile,0.65,9.992478648884028
32,2026-09-05,0,2026-09-05,wk inc covid hosp,quantile,0.65,18.405644474281853
33,2026-09-05,0,2026-09-05,wk inc covid hosp,quantile,0.65,5.121036611903082
34,2026-09-05,0,2026-09-05,wk inc covid hosp,quantile,0.65,132.06372763464034
35,2026-09-05,0,2026-09-05,wk inc covid hosp,quantile,0.65,17.32055357435701
36,2026-09-05,0,2026-09-05,wk inc covid hosp,quantile,0.65,249.89389341501519
37,2026-09-05,0,2026-09-05,wk inc covid hosp,quantile,0.65,154.39358366567382
38,2026-09-05,0,2026-09-05,wk inc covid hosp,quantile,0.65,0.5256521383097998
39,2026-09-05,0,2026-09-05,wk inc covid hosp,quantile,0.65,52.67793210630862
40,2026-09-05,0,2026-09-05,wk inc covid hosp,quantile,0.65,20.07663190078127
41,2026-09-05,0,2026-09-05,wk inc covid hosp,quantile,0.65,24.527143424419172
42,2026-09-05,0,2026-09-05,wk inc covid hosp,quantile,0.65,83.67756120813955
44,2026-09-05,0,2026-09-05,wk inc covid hosp,quantile,0.65,4.955161888605596
45,2026-09-05,0,2026-09-05,wk inc covid hosp,quantile,0.65,71.88347264276382
46,2026-09-05,0,2026-09-05,wk inc covid hosp,quantile,0.65,4.94203397353236
47,2026-09-05,0,2026-09-05,wk inc covid hosp,quantile,0.65,97.98943461944437
48,2026-09-05,0,2026-09-05,wk inc covid hosp,quantile,0.65,569.684133058959
49,2026-09-05,0,2026-09-05,wk inc covid hosp,quantile,0.65,13.728097273516482
50,2026-09-05,0,2026-09-05,wk inc covid hosp,quantile,0.65,1.4917082575160772
51,2026-09-05,0,2026-09-05,wk inc covid hosp,quantile,0.65,52.08717096082197
53,2026-09-05,0,2026-09-05,wk inc covid hosp,quantile,0.65,71.29506161123719
54,2026-09-05,0,2026-09-05,wk inc covid hosp,quantile,0.65,5.96147440789769
55,2026-09-05,0,2026-09-05,wk inc covid hosp,quantile,0.65,31.3961200788511
56,2026-09-05,0,2026-09-05,wk inc covid hosp,quantile,0.65,2.440282593360034
72,2026-09-05,0,2026-09-05,wk inc covid hosp,quantile,0.65,145.9625086808898
US,2026-09-05,0,2026-09-05,wk inc covid hosp,quantile,0.65,3885.7543974266027
01,2026-09-05,1,2026-09-12,wk inc covid hosp,quantile,0.65,100.691877770313
02,2026-09-05,1,2026-09-12,wk inc covid hosp,quantile,0.65,4.925622981541529
04,2026-09-05,1,2026-09-12,wk inc covid hosp,quantile,0.65,106.35083673418457
05,2026-09-05,1,2026-09-12,wk inc covid hosp,quantile,0.65,13.267508169323854
06,2026-09-05,1,2026-09-12,wk inc covid hosp,quantile,0.65,681.0887921751829
08,2026-09-05,1,2026-09-12,wk inc covid hosp,quantile,0.65,36.29739062702252
09,2026-09-05,1,2026-09-12,wk inc covid hosp,quantile,0.65,18.986937050159572
10,2026-09-05,1,2026-09-12,wk inc covid hosp,quantile,0.65,6.554794108513281
11,2026-09-05,1,2026-09-12,wk inc covid hosp,quantile,0.65,7.114940279305094
12,2026-09-05,1,2026-09-12,wk inc covid hosp,quantile,0.65,507.2699316296202
13,2026-09-05,1,2026-09-12,wk inc covid hosp,quantile,0.65,177.52739454068478
15,2026-09-05,1,2026-09-12,wk inc covid hosp,quantile,0.65,34.779119089634676
16,2026-09-05,1,2026-09-12,wk inc covid hosp,quantile,0.65,21.125544253139097
17,2026-09-05,1,2026-09-12,wk inc covid hosp,quantile,0.65,47.8645517864548
18,2026-09-05,1,2026-09-12,wk inc covid hosp,quantile,0.65,18.60545812747346
19,2026-09-05,1,2026-09-12,wk inc covid hosp,quantile,0.65,9.892892563595458
20,2026-09-05,1,2026-09-12,wk inc covid hosp,quantile,0.65,12.257340787040409
21,2026-09-05,1,2026-09-12,wk inc covid hosp,quantile,0.65,22.748413356519425
22,2026-09-05,1,2026-09-12,wk inc covid hosp,quantile,0.65,97.91607776271184
23,2026-09-05,1,2026-09-12,wk inc covid hosp,quantile,0.65,1.5427635535463362
24,2026-09-05,1,2026-09-12,wk inc covid hosp,quantile,0.65,14.90989436742851
25,2026-09-05,1,2026-09-12,wk inc covid hosp,quantile,0.65,42.50111056069013
26,2026-09-05,1,2026-09-12,wk inc covid hosp,quantile,0.65,41.11896084950585
27,2026-09-05,1,2026-09-12,wk inc covid hosp,quantile,0.65,22.81674252612459
28,2026-09-05,1,2026-09-12,wk inc covid hosp,quantile,0.65,39.82100091925029
29,2026-09-05,1,2026-09-12,wk inc covid hosp,quantile,0.65,43.10028950214967
30,2026-09-05,1,2026-09-12,wk inc covid hosp,quantile,0.65,5.199112638857872
31,2026-09-05,1,2026-09-12,wk inc covid hosp,quantile,0.65,10.277523232472937
32,2026-09-05,1,2026-09-12,wk inc covid hosp,quantile,0.65,20.982513924311544
33,2026-09-05,1,2026-09-12,wk inc covid hosp,quantile,0.65,5.815312600756809
34,2026-09-05,1,2026-09-12,wk inc covid hosp,quantile,0.65,152.31837179255197
35,2026-09-05,1,2026-09-12,wk inc covid hosp,quantile,0.65,19.59196081484209
36,2026-09-05,1,2026-09-12,wk inc covid hosp,quantile,0.65,288.8561867570502
37,2026-09-05,1,2026-09-12,wk inc covid hosp,quantile,0.65,167.17879251379543
38,2026-09-05,1,2026-09-12,wk inc covid hosp,quantile,0.65,0.5414707620485386
39,2026-09-05,1,2026-09-12,wk inc covid hosp,quantile,0.65,56.91743543539952
40,2026-09-05,1,2026-09-12,wk inc covid hosp,quantile,0.65,22.18813266591008
41,2026-09-05,1,2026-09-12,wk inc covid hosp,quantile,0.65,27.92284752245659
42,2026-09-05,1,2026-09-12,wk inc covid hosp,quantile,0.65,87.45770829447278
44,2026-09-05,1,2026-09-12,wk inc covid hosp,quantile,0.65,5.245116021994454
45,2026-09-05,1,2026-09-12,wk inc covid hosp,quantile,0.65,77.5966521966724
46,2026-09-05,1,2026-09-12,wk inc covid hosp,quantile,0.65,5.086701297613972
47,2026-09-05,1,2026-09-12,wk inc covid hosp,quantile,0.65,110.62422722125442
48,2026-09-05,1,2026-09-12,wk inc covid hosp,quantile,0.65,616.425158603877
49,2026-09-05,1,2026-09-12,wk inc covid hosp,quantile,0.65,16.48851501155203
50,2026-09-05,1,2026-09-12,wk inc covid hosp,quantile,0.65,1.5430746431786069
51,2026-09-05,1,2026-09-12,wk inc covid hosp,quantile,0.65,59.72900199735284
53,2026-09-05,1,2026-09-12,wk inc covid hosp,quantile,0.65,82.30133734320319
54,2026-09-05,1,2026-09-12,wk inc covid hosp,quantile,0.65,6.755000767830282
55,2026-09-05,1,2026-09-12,wk inc covid hosp,quantile,0.65,33.53910135455058
56,2026-09-05,1,2026-09-12,wk inc covid hosp,quantile,0.65,2.608057718948756
72,2026-09-05,1,2026-09-12,wk inc covid hosp,quantile,0.65,144.10940920889712
US,2026-09-05,1,2026-09-12,wk inc covid hosp,quantile,0.65,4461.768286498404
01,2026-09-05,2,2026-09-19,wk inc covid hosp,quantile,0.65,110.6321199529348
02,2026-09-05,2,2026-09-19,wk inc covid hosp,quantile,0.65,5.196476326805035
04,2026-09-05,2,2026-09-19,wk inc covid hosp,quantile,0.65,119.3742179049577
05,2026-09-05,2,2026-09-19,wk inc covid hosp,quantile,0.65,15.342487255435314
06,2026-09-05,2,2026-09-19,wk inc covid hosp,quantile,0.65,738.4588620354357
08,2026-09-05,2,2026-09-19,wk inc covid hosp,quantile,0.65,42.77770879540769
09,2026-09-05,2,2026-09-19,wk inc covid hosp,quantile,0.65,21.368810355737104
10,2026-09-05,2,2026-09-19,wk inc covid hosp,quantile,0.65,7.080941110659526
11,2026-09-05,2,2026-09-19,wk inc covid hosp,quantile,0.65,7.654453184680169
12,2026-09-05,2,2026-09-19,wk inc covid hosp,quantile,0.65,517.3251508101741
13,2026-09-05,2,2026-09-19,wk inc covid hosp,quantile,0.65,199.59616401153562
15,2026-09-05,2,2026-09-19,wk inc covid hosp,quantile,0.65,36.4181448050115
16,2026-09-05,2,2026-09-19,wk inc covid hosp,quantile,0.65,23.958174872673222
17,2026-09-05,2,2026-09-19,wk inc covid hosp,quantile,0.65,54.12239938960938
18,2026-09-05,2,2026-09-19,wk inc covid hosp,quantile,0.65,21.487560711859505
19,2026-09-05,2,2026-09-19,wk inc covid hosp,quantile,0.65,12.128984543614967
20,2026-09-05,2,2026-09-19,wk inc covid hosp,quantile,0.65,14.307930920673462
21,2026-09-05,2,2026-09-19,wk inc covid hosp,quantile,0.65,24.472598984008073
22,2026-09-05,2,2026-09-19,wk inc covid hosp,quantile,0.65,108.41027103355367
23,2026-09-05,2,2026-09-19,wk inc covid hosp,quantile,0.65,1.946663414064435
24,2026-09-05,2,2026-09-19,wk inc covid hosp,quantile,0.65,18.403989072789184
25,2026-09-05,2,2026-09-19,wk inc covid hosp,quantile,0.65,47.08891143275193
26,2026-09-05,2,2026-09-19,wk inc covid hosp,quantile,0.65,48.37832682693657
27,2026-09-05,2,2026-09-19,wk inc covid hosp,quantile,0.65,24.685658394403365
28,2026-09-05,2,2026-09-19,wk inc covid hosp,quantile,0.65,40.43646605709
29,2026-09-05,2,2026-09-19,wk inc covid hosp,quantile,0.65,46.99716720658634
30,2026-09-05,2,2026-09-19,wk inc covid hosp,quantile,0.65,5.8158794906543125
31,2026-09-05,2,2026-09-19,wk inc covid hosp,quantile,0.65,11.773595888346662
32,2026-09-05,2,2026-09-19,wk inc covid hosp,quantile,0.65,23.43720880611541
33,2026-09-05,2,2026-09-19,wk inc covid hosp,quantile,0.65,6.742816541383847
34,2026-09-05,2,2026-09-19,wk inc covid hosp,quantile,0.65,169.59304114370786
35,2026-09-05,2,2026-09-19,wk inc covid hosp,quantile,0.65,22.257518342058233
36,2026-09-05,2,2026-09-19,wk inc covid hosp,quantile,0.65,325.755938312525
37,2026-09-05,2,2026-09-19,wk inc covid hosp,quantile,0.65,183.08625409793973
38,2026-09-05,2,2026-09-19,wk inc covid hosp,quantile,0.65,0.6735492578226709
39,2026-09-05,2,2026-09-19,wk inc covid hosp,quantile,0.65,62.29183018875275
40,2026-09-05,2,2026-09-19,wk inc covid hosp,quantile,0.65,24.666631207035294
41,2026-09-05,2,2026-09-19,wk inc covid hosp,quantile,0.65,31.933105383927924
42,2026-09-05,2,2026-09-19,wk inc covid hosp,quantile,0.65,94.7600019127628
44,2026-09-05,2,2026-09-19,wk inc covid hosp,quantile,0.65,6.613611767479736
45,2026-09-05,2,2026-09-19,wk inc covid hosp,quantile,0.65,87.72813634469166
46,2026-09-05,2,2026-09-19,wk inc covid hosp,quantile,0.65,5.693515818034116
47,2026-09-05,2,2026-09-19,wk inc covid hosp,quantile,0.65,122.34912209728833
48,2026-09-05,2,2026-09-19,wk inc covid hosp,quantile,0.65,669.9771966377759
49,2026-09-05,2,2026-09-19,wk inc covid hosp,quantile,0.65,18.98491819996033
50,2026-09-05,2,2026-09-19,wk inc covid hosp,quantile,0.65,1.8832186268742526
51,2026-09-05,2,2026-09-19,wk inc covid hosp,quantile,0.65,69.81486461674189
53,2026-09-05,2,2026-09-19,wk inc covid hosp,quantile,0.65,90.00957777024682
54,2026-09-05,2,2026-09-19,wk inc covid hosp,quantile,0.65,7.496945428686375
55,2026-09-05,2,2026-09-19,wk inc covid hosp,quantile,0.65,36.95220755302371
56,2026-09-05,2,2026-09-19,wk inc covid hosp,quantile,0.65,2.787802612845485
72,2026-09-05,2,2026-09-19,wk inc covid hosp,quantile,0.65,141.70982165351492
US,2026-09-05,2,2026-09-19,wk inc covid hosp,quantile,0.65,4996.8976966820255
01,2026-09-05,3,2026-09-26,wk inc covid hosp,quantile,0.65,111.88940638670032
02,2026-09-05,3,2026-09-26,wk inc covid hosp,quantile,0.65,5.30069503322165
04,2026-09-05,3,2026-09-26,wk inc covid hosp,quantile,0.65,125.84118258398438
05,2026-09-05,3,2026-09-26,wk inc covid hosp,quantile,0.65,16.056888411787224
06,2026-09-05,3,2026-09-26,wk inc covid hosp,quantile,0.65,771.737435767839
08,2026-09-05,3,2026-09-26,wk inc covid hosp,quantile,0.65,44.541494277494515
09,2026-09-05,3,2026-09-26,wk inc covid hosp,quantile,0.65,22.83304070624241
10,2026-09-05,3,2026-09-26,wk inc covid hosp,quantile,0.65,7.445555185081046
11,2026-09-05,3,2026-09-26,wk inc covid hosp,quantile,0.65,8.022765281412934
12,2026-09-05,3,2026-09-26,wk inc covid hosp,quantile,0.65,523.0867534273654
13,2026-09-05,3,2026-09-26,wk inc covid hosp,quantile,0.65,206.10292199135256
15,2026-09-05,3,2026-09-26,wk inc covid hosp,quantile,0.65,36.71656635225729
16,2026-09-05,3,2026-09-26,wk inc covid hosp,quantile,0.65,25.18262836591664
17,2026-09-05,3,2026-09-26,wk inc covid hosp,quantile,0.65,55.6888240242186
18,2026-09-05,3,2026-09-26,wk inc covid hosp,quantile,0.65,22.493074109750808
19,2026-09-05,3,2026-09-26,wk inc covid hosp,quantile,0.65,13.349216448680615
20,2026-09-05,3,2026-09-26,wk inc covid hosp,quantile,0.65,15.24599607661392
21,2026-09-05,3,2026-09-26,wk inc covid hosp,quantile,0.65,25.183694428797708
22,2026-09-05,3,2026-09-26,wk inc covid hosp,quantile,0.65,114.65684013301477
23,2026-09-05,3,2026-09-26,wk inc covid hosp,quantile,0.65,2.113202740700413
24,2026-09-05,3,2026-09-26,wk inc covid hosp,quantile,0.65,20.522222131576374
25,2026-09-05,3,2026-09-26,wk inc covid hosp,quantile,0.65,49.128840139061374
26,2026-09-05,3,2026-09-26,wk inc covid hosp,quantile,0.65,50.64926510447367
27,2026-09-05,3,2026-09-26,wk inc covid hosp,quantile,0.65,25.799988354370974
28,2026-09-05,3,2026-09-26,wk inc covid hosp,quantile,0.65,41.24680232409067
29,2026-09-05,3,2026-09-26,wk inc covid hosp,quantile,0.65,51.84384959659376
30,2026-09-05,3,2026-09-26,wk inc covid hosp,quantile,0.65,6.227697388445215
31,2026-09-05,3,2026-09-26,wk inc covid hosp,quantile,0.65,12.390413516070923
32,2026-09-05,3,2026-09-26,wk inc covid hosp,quantile,0.65,24.75709924770098
33,2026-09-05,3,2026-09-26,wk inc covid hosp,quantile,0.65,7.097269350168084
34,2026-09-05,3,2026-09-26,wk inc covid hosp,quantile,0.65,182.1789113818962
35,2026-09-05,3,2026-09-26,wk inc covid hosp,quantile,0.65,23.56108795574759
36,2026-09-05,3,2026-09-26,wk inc covid hosp,quantile,0.65,345.5041915684589
37,2026-09-05,3,2026-09-26,wk inc covid hosp,quantile,0.65,191.1917959811556
38,2026-09-05,3,2026-09-26,wk inc covid hosp,quantile,0.65,0.6934792081077312
39,2026-09-05,3,2026-09-26,wk inc covid hosp,quantile,0.65,66.69180107755747
40,2026-09-05,3,2026-09-26,wk inc covid hosp,quantile,0.65,26.362357603874337
41,2026-09-05,3,2026-09-26,wk inc covid hosp,quantile,0.65,33.937816430463855
42,2026-09-05,3,2026-09-26,wk inc covid hosp,quantile,0.65,100.04834585904386
44,2026-09-05,3,2026-09-26,wk inc covid hosp,quantile,0.65,6.72749186951476
45,2026-09-05,3,2026-09-26,wk inc covid hosp,quantile,0.65,93.31379841626676
46,2026-09-05,3,2026-09-26,wk inc covid hosp,quantile,0.65,5.934395192197764
47,2026-09-05,3,2026-09-26,wk inc covid hosp,quantile,0.65,127.9588707657288
48,2026-09-05,3,2026-09-26,wk inc covid hosp,quantile,0.65,703.0670064225419
49,2026-09-05,3,2026-09-26,wk inc covid hosp,quantile,0.65,20.06917535008218
50,2026-09-05,3,2026-09-26,wk inc covid hosp,quantile,0.65,2.024191966096456
51,2026-09-05,3,2026-09-26,wk inc covid hosp,quantile,0.65,76.99644989850333
53,2026-09-05,3,2026-09-26,wk inc covid hosp,quantile,0.65,94.25360386936723
54,2026-09-05,3,2026-09-26,wk inc covid hosp,quantile,0.65,7.689127078885099
55,2026-09-05,3,2026-09-26,wk inc covid hosp,quantile,0.65,40.70873437663489
56,2026-09-05,3,2026-09-26,wk inc covid hosp,quantile,0.65,2.9731378471515724
72,2026-09-05,3,2026-09-26,wk inc covid hosp,quantile,0.65,139.22443367540146
US,2026-09-05,3,2026-09-26,wk inc covid hosp,quantile,0.65,5306.02631308024
01,2026-09-05,0,2026-09-05,wk inc covid hosp,quantile,0.7,92.99781619833823
02,2026-09-05,0,2026-09-05,wk inc covid hosp,quantile,0.7,4.9856842113810815
04,2026-09-05,0,2026-09-05,wk inc covid hosp,quantile,0.7,98.20297400828127
05,2026-09-05,0,2026-09-05,wk inc covid hosp,quantile,0.7,12.729007890940498
06,2026-09-05,0,2026-09-05,wk inc covid hosp,quantile,0.7,630.5666469560535
08,2026-09-05,0,2026-09-05,wk inc covid hosp,quantile,0.7,31.082524412946082
09,2026-09-05,0,2026-09-05,wk inc covid hosp,quantile,0.7,19.562279108133694
10,2026-09-05,0,2026-09-05,wk inc covid hosp,quantile,0.7,6.432590178705463
11,2026-09-05,0,2026-09-05,wk inc covid hosp,quantile,0.7,6.570544711077632
12,2026-09-05,0,2026-09-05,wk inc covid hosp,quantile,0.7,486.1406530605916
13,2026-09-05,0,2026-09-05,wk inc covid hosp,quantile,0.7,160.3856180040527
15,2026-09-05,0,2026-09-05,wk inc covid hosp,quantile,0.7,35.82529691552859
16,2026-09-05,0,2026-09-05,wk inc covid hosp,quantile,0.7,19.700777325881205
17,2026-09-05,0,2026-09-05,wk inc covid hosp,quantile,0.7,47.54618092502466
18,2026-09-05,0,2026-09-05,wk inc covid hosp,quantile,0.7,17.29244310301317
19,2026-09-05,0,2026-09-05,wk inc covid hosp,quantile,0.7,9.604820285728275
20,2026-09-05,0,2026-09-05,wk inc covid hosp,quantile,0.7,12.246013410151672
21,2026-09-05,0,2026-09-05,wk inc covid hosp,quantile,0.7,22.219181230471865
22,2026-09-05,0,2026-09-05,wk inc covid hosp,quantile,0.7,93.87468798608639
23,2026-09-05,0,2026-09-05,wk inc covid hosp,quantile,0.7,1.4679368022420105
24,2026-09-05,0,2026-09-05,wk inc covid hosp,quantile,0.7,15.290502396177247
25,2026-09-05,0,2026-09-05,wk inc covid hosp,quantile,0.7,39.4362689079167
26,2026-09-05,0,2026-09-05,wk inc covid hosp,quantile,0.7,39.78326593009765
27,2026-09-05,0,2026-09-05,wk inc covid hosp,quantile,0.7,23.088690172118564
28,2026-09-05,0,2026-09-05,wk inc covid hosp,quantile,0.7,38.33440995219156
29,2026-09-05,0,2026-09-05,wk inc covid hosp,quantile,0.7,40.49524367553161
30,2026-09-05,0,2026-09-05,wk inc covid hosp,quantile,0.7,5.274070048526704
31,2026-09-05,0,2026-09-05,wk inc covid hosp,quantile,0.7,10.374341504854609
32,2026-09-05,0,2026-09-05,wk inc covid hosp,quantile,0.7,19.12422102283372
33,2026-09-05,0,2026-09-05,wk inc covid hosp,quantile,0.7,5.827335158289911
34,2026-09-05,0,2026-09-05,wk inc covid hosp,quantile,0.7,132.49043656359237
35,2026-09-05,0,2026-09-05,wk inc covid hosp,quantile,0.7,18.026597101579153
36,2026-09-05,0,2026-09-05,wk inc covid hosp,quantile,0.7,256.3885420094023
37,2026-09-05,0,2026-09-05,wk inc covid hosp,quantile,0.7,157.76280378072883
38,2026-09-05,0,2026-09-05,wk inc covid hosp,quantile,0.7,0.6215854754870709
39,2026-09-05,0,2026-09-05,wk inc covid hosp,quantile,0.7,54.99508076641649
40,2026-09-05,0,2026-09-05,wk inc covid hosp,quantile,0.7,22.780314285381177
41,2026-09-05,0,2026-09-05,wk inc covid hosp,quantile,0.7,25.561050873041136
42,2026-09-05,0,2026-09-05,wk inc covid hosp,quantile,0.7,88.6558744666934
44,2026-09-05,0,2026-09-05,wk inc covid hosp,quantile,0.7,5.336739008682534
45,2026-09-05,0,2026-09-05,wk inc covid hosp,quantile,0.7,73.65777759050262
46,2026-09-05,0,2026-09-05,wk inc covid hosp,quantile,0.7,5.1083783526672795
47,2026-09-05,0,2026-09-05,wk inc covid hosp,quantile,0.7,98.45875974772609
48,2026-09-05,0,2026-09-05,wk inc covid hosp,quantile,0.7,581.8582230408053
49,2026-09-05,0,2026-09-05,wk inc covid hosp,quantile,0.7,14.160747560353851
50,2026-09-05,0,2026-09-05,wk inc covid hosp,quantile,0.7,1.9633858214536866
51,2026-09-05,0,2026-09-05,wk inc covid hosp,quantile,0.7,54.00828222855037
53,2026-09-05,0,2026-09-05,wk inc covid hosp,quantile,0.7,73.92352252341615
54,2026-09-05,0,2026-09-05,wk inc covid hosp,quantile,0.7,6.12879057487873
55,2026-09-05,0,2026-09-05,wk inc covid hosp,quantile,0.7,33.848085668009155
56,2026-09-05,0,2026-09-05,wk inc covid hosp,quantile,0.7,2.5784228099663595
72,2026-09-05,0,2026-09-05,wk inc covid hosp,quantile,0.7,148.3073009568537
US,2026-09-05,0,2026-09-05,wk inc covid hosp,quantile,0.7,3912.3500334088685
01,2026-09-05,1,2026-09-12,wk inc covid hosp,quantile,0.7,101.73257155696739
02,2026-09-05,1,2026-09-12,wk inc covid hosp,quantile,0.7,5.4716088466346715
04,2026-09-05,1,2026-09-12,wk inc covid hosp,quantile,0.7,108.2788945465406
05,2026-09-05,1,2026-09-12,wk inc covid hosp,quantile,0.7,14.24999623670137
06,2026-09-05,1,2026-09-12,wk inc covid hosp,quantile,0.7,711.2806279547974
08,2026-09-05,1,2026-09-12,wk inc covid hosp,quantile,0.7,36.691225765681104
09,2026-09-05,1,2026-09-12,wk inc covid hosp,quantile,0.7,20.16095622092558
10,2026-09-05,1,2026-09-12,wk inc covid hosp,quantile,0.7,6.795296850968423
11,2026-09-05,1,2026-09-12,wk inc covid hosp,quantile,0.7,7.527897392695154
12,2026-09-05,1,2026-09-12,wk inc covid hosp,quantile,0.7,509.31979580928197
13,2026-09-05,1,2026-09-12,wk inc covid hosp,quantile,0.7,187.6871180156393
15,2026-09-05,1,2026-09-12,wk inc covid hosp,quantile,0.7,37.9191249793386
16,2026-09-05,1,2026-09-12,wk inc covid hosp,quantile,0.7,22.999985823799452
17,2026-09-05,1,2026-09-12,wk inc covid hosp,quantile,0.7,51.625279704385306
18,2026-09-05,1,2026-09-12,wk inc covid hosp,quantile,0.7,19.889919861126195
19,2026-09-05,1,2026-09-12,wk inc covid hosp,quantile,0.7,10.478754228411848
20,2026-09-05,1,2026-09-12,wk inc covid hosp,quantile,0.7,13.390946850737212
21,2026-09-05,1,2026-09-12,wk inc covid hosp,quantile,0.7,23.111166775542415
22,2026-09-05,1,2026-09-12,wk inc covid hosp,quantile,0.7,103.76676477995
23,2026-09-05,1,2026-09-12,wk inc covid hosp,quantile,0.7,1.8394529606430512
24,2026-09-05,1,2026-09-12,wk inc covid hosp,quantile,0.7,16.804924547535233
25,2026-09-05,1,2026-09-12,wk inc covid hosp,quantile,0.7,43.53962667488468
26,2026-09-05,1,2026-09-12,wk inc covid hosp,quantile,0.7,42.97764515917192
27,2026-09-05,1,2026-09-12,wk inc covid hosp,quantile,0.7,23.80505046306448
28,2026-09-05,1,2026-09-12,wk inc covid hosp,quantile,0.7,41.20487885030944
29,2026-09-05,1,2026-09-12,wk inc covid hosp,quantile,0.7,45.33450896285813
30,2026-09-05,1,2026-09-12,wk inc covid hosp,quantile,0.7,5.945817066141838
31,2026-09-05,1,2026-09-12,wk inc covid hosp,quantile,0.7,11.109284622166264
32,2026-09-05,1,2026-09-12,wk inc covid hosp,quantile,0.7,21.897894636078263
33,2026-09-05,1,2026-09-12,wk inc covid hosp,quantile,0.7,6.728793574033206
34,2026-09-05,1,2026-09-12,wk inc covid hosp,quantile,0.7,156.5535716540326
35,2026-09-05,1,2026-09-12,wk inc covid hosp,quantile,0.7,20.28798743947795
36,2026-09-05,1,2026-09-12,wk inc covid hosp,quantile,0.7,290.48369253261023
37,2026-09-05,1,2026-09-12,wk inc covid hosp,quantile,0.7,177.64397588358727
38,2026-09-05,1,2026-09-12,wk inc covid hosp,quantile,0.7,0.7005356408008832
39,2026-09-05,1,2026-09-12,wk inc covid hosp,quantile,0.7,57.83925000944391
40,2026-09-05,1,2026-09-12,wk inc covid hosp,quantile,0.7,25.216829745036964
41,2026-09-05,1,2026-09-12,wk inc covid hosp,quantile,0.7,28.57214173791911
42,2026-09-05,1,2026-09-12,wk inc covid hosp,quantile,0.7,94.23828464829654
44,2026-09-05,1,2026-09-12,wk inc covid hosp,quantile,0.7,5.797507955702177
45,2026-09-05,1,2026-09-12,wk inc covid hosp,quantile,0.7,78.52874580948514
46,2026-09-05,1,2026-09-12,wk inc covid hosp,quantile,0.7,5.501401716055346
47,2026-09-05,1,2026-09-12,wk inc covid hosp,quantile,0.7,114.49195824679241
48,2026-09-05,1,2026-09-12,wk inc covid hosp,quantile,0.7,637.0122365688068
49,2026-09-05,1,2026-09-12,wk inc covid hosp,quantile,0.7,17.611069394142987
50,2026-09-05,1,2026-09-12,wk inc covid hosp,quantile,0.7,2.088906022452635
51,2026-09-05,1,2026-09-12,wk inc covid hosp,quantile,0.7,65.49227979107009
53,2026-09-05,1,2026-09-12,wk inc covid hosp,quantile,0.7,85.30891097876437
54,2026-09-05,1,2026-09-12,wk inc covid hosp,quantile,0.7,6.812955045236894
55,2026-09-05,1,2026-09-12,wk inc covid hosp,quantile,0.7,35.221994762525156
56,2026-09-05,1,2026-09-12,wk inc covid hosp,quantile,0.7,2.7524093937962766
72,2026-09-05,1,2026-09-12,wk inc covid hosp,quantile,0.7,145.18938467911565
US,2026-09-05,1,2026-09-12,wk inc covid hosp,quantile,0.7,4482.872399755686
01,2026-09-05,2,2026-09-19,wk inc covid hosp,quantile,0.7,110.96160324074211
02,2026-09-05,2,2026-09-19,wk inc covid hosp,quantile,0.7,5.688785750677261
04,2026-09-05,2,2026-09-19,wk inc covid hosp,quantile,0.7,121.18536915919836
05,2026-09-05,2,2026-09-19,wk inc covid hosp,quantile,0.7,17.10230532795998
06,2026-09-05,2,2026-09-19,wk inc covid hosp,quantile,0.7,772.2537316808326
08,2026-09-05,2,2026-09-19,wk inc covid hosp,quantile,0.7,42.833082462524914
09,2026-09-05,2,2026-09-19,wk inc covid hosp,quantile,0.7,23.267069636396755
10,2026-09-05,2,2026-09-19,wk inc covid hosp,quantile,0.7,7.2310526465759075
11,2026-09-05,2,2026-09-19,wk inc covid hosp,quantile,0.7,8.433081745815524
12,2026-09-05,2,2026-09-19,wk inc covid hosp,quantile,0.7,543.3042946912285
13,2026-09-05,2,2026-09-19,wk inc covid hosp,quantile,0.7,206.0656547638518
15,2026-09-05,2,2026-09-19,wk inc covid hosp,quantile,0.7,40.017291979176505
16,2026-09-05,2,2026-09-19,wk inc covid hosp,quantile,0.7,25.557827435738012
17,2026-09-05,2,2026-09-19,wk inc covid hosp,quantile,0.7,56.3610061266589
18,2026-09-05,2,2026-09-19,wk inc covid hosp,quantile,0.7,22.79197667662973
19,2026-09-05,2,2026-09-19,wk inc covid hosp,quantile,0.7,12.417350829093035
20,2026-09-05,2,2026-09-19,wk inc covid hosp,quantile,0.7,15.694202280088149
21,2026-09-05,2,2026-09-19,wk inc covid hosp,quantile,0.7,25.155942868517695
22,2026-09-05,2,2026-09-19,wk inc covid hosp,quantile,0.7,111.94816388276524
23,2026-09-05,2,2026-09-19,wk inc covid hosp,quantile,0.7,2.320882137102509
24,2026-09-05,2,2026-09-19,wk inc covid hosp,quantile,0.7,21.030593586272676
25,2026-09-05,2,2026-09-19,wk inc covid hosp,quantile,0.7,47.43131842487981
26,2026-09-05,2,2026-09-19,wk inc covid hosp,quantile,0.7,49.1234538325153
27,2026-09-05,2,2026-09-19,wk inc covid hosp,quantile,0.7,26.66028702193454
28,2026-09-05,2,2026-09-19,wk inc covid hosp,quantile,0.7,42.97906155402195
29,2026-09-05,2,2026-09-19,wk inc covid hosp,quantile,0.7,50.65881935754606
30,2026-09-05,2,2026-09-19,wk inc covid hosp,quantile,0.7,6.5761242960585395
31,2026-09-05,2,2026-09-19,wk inc covid hosp,quantile,0.7,13.315177422466599
32,2026-09-05,2,2026-09-19,wk inc covid hosp,quantile,0.7,24.53551587641409
33,2026-09-05,2,2026-09-19,wk inc covid hosp,quantile,0.7,7.353602187713055
34,2026-09-05,2,2026-09-19,wk inc covid hosp,quantile,0.7,178.0006659141478
35,2026-09-05,2,2026-09-19,wk inc covid hosp,quantile,0.7,23.514635361826205
36,2026-09-05,2,2026-09-19,wk inc covid hosp,quantile,0.7,337.49569656010516
37,2026-09-05,2,2026-09-19,wk inc covid hosp,quantile,0.7,189.9649036456731
38,2026-09-05,2,2026-09-19,wk inc covid hosp,quantile,0.7,0.8380364982886489
39,2026-09-05,2,2026-09-19,wk inc covid hosp,quantile,0.7,66.41427161147946
40,2026-09-05,2,2026-09-19,wk inc covid hosp,quantile,0.7,28.758896427235026
41,2026-09-05,2,2026-09-19,wk inc covid hosp,quantile,0.7,32.79211866245447
42,2026-09-05,2,2026-09-19,wk inc covid hosp,quantile,0.7,104.07305061632489
44,2026-09-05,2,2026-09-19,wk inc covid hosp,quantile,0.7,7.020083782182626
45,2026-09-05,2,2026-09-19,wk inc covid hosp,quantile,0.7,88.42498597949414
46,2026-09-05,2,2026-09-19,wk inc covid hosp,quantile,0.7,5.997690488538092
47,2026-09-05,2,2026-09-19,wk inc covid hosp,quantile,0.7,125.67697148599116
48,2026-09-05,2,2026-09-19,wk inc covid hosp,quantile,0.7,691.5428404293707
49,2026-09-05,2,2026-09-19,wk inc covid hosp,quantile,0.7,19.78545122796678
50,2026-09-05,2,2026-09-19,wk inc covid hosp,quantile,0.7,2.3623473087794196
51,2026-09-05,2,2026-09-19,wk inc covid hosp,quantile,0.7,76.12226762828323
53,2026-09-05,2,2026-09-19,wk inc covid hosp,quantile,0.7,94.24101333254117
54,2026-09-05,2,2026-09-19,wk inc covid hosp,quantile,0.7,7.664459868835189
55,2026-09-05,2,2026-09-19,wk inc covid hosp,quantile,0.7,38.617895249436124
56,2026-09-05,2,2026-09-19,wk inc covid hosp,quantile,0.7,2.9661659807598655
72,2026-09-05,2,2026-09-19,wk inc covid hosp,quantile,0.7,144.67706522257726
US,2026-09-05,2,2026-09-19,wk inc covid hosp,quantile,0.7,5002.7913247242905
01,2026-09-05,3,2026-09-26,wk inc covid hosp,quantile,0.7,116.84077101157354
02,2026-09-05,3,2026-09-26,wk inc covid hosp,quantile,0.7,5.809073272950819
04,2026-09-05,3,2026-09-26,wk inc covid hosp,quantile,0.7,130.31205300605998
05,2026-09-05,3,2026-09-26,wk inc covid hosp,quantile,0.7,18.184032763640037
06,2026-09-05,3,2026-09-26,wk inc covid hosp,quantile,0.7,809.147029350022
08,2026-09-05,3,2026-09-26,wk inc covid hosp,quantile,0.7,45.52298115124474
09,2026-09-05,3,2026-09-26,wk inc covid hosp,quantile,0.7,24.773548440215908
10,2026-09-05,3,2026-09-26,wk inc covid hosp,quantile,0.7,7.520873706377114
11,2026-09-05,3,2026-09-26,wk inc covid hosp,quantile,0.7,8.6283186606036
12,2026-09-05,3,2026-09-26,wk inc covid hosp,quantile,0.7,550.509623458462
13,2026-09-05,3,2026-09-26,wk inc covid hosp,quantile,0.7,214.89214445780516
15,2026-09-05,3,2026-09-26,wk inc covid hosp,quantile,0.7,41.03875785677722
16,2026-09-05,3,2026-09-26,wk inc covid hosp,quantile,0.7,26.45390193657359
17,2026-09-05,3,2026-09-26,wk inc covid hosp,quantile,0.7,58.42934588898141
18,2026-09-05,3,2026-09-26,wk inc covid hosp,quantile,0.7,24.604129930095514
19,2026-09-05,3,2026-09-26,wk inc covid hosp,quantile,0.7,14.182609619630293
20,2026-09-05,3,2026-09-26,wk inc covid hosp,quantile,0.7,17.145346750846038
21,2026-09-05,3,2026-09-26,wk inc covid hosp,quantile,0.7,26.288734364624467
22,2026-09-05,3,2026-09-26,wk inc covid hosp,quantile,0.7,116.16627013631111
23,2026-09-05,3,2026-09-26,wk inc covid hosp,quantile,0.7,2.4912470546106786
24,2026-09-05,3,2026-09-26,wk inc covid hosp,quantile,0.7,23.236984861256428
25,2026-09-05,3,2026-09-26,wk inc covid hosp,quantile,0.7,50.167246332403
26,2026-09-05,3,2026-09-26,wk inc covid hosp,quantile,0.7,54.29739797807518
27,2026-09-05,3,2026-09-26,wk inc covid hosp,quantile,0.7,28.56858731199409
28,2026-09-05,3,2026-09-26,wk inc covid hosp,quantile,0.7,44.39001873110681
29,2026-09-05,3,2026-09-26,wk inc covid hosp,quantile,0.7,54.30926609547979
30,2026-09-05,3,2026-09-26,wk inc covid hosp,quantile,0.7,6.923550416559739
31,2026-09-05,3,2026-09-26,wk inc covid hosp,quantile,0.7,13.218552230148763
32,2026-09-05,3,2026-09-26,wk inc covid hosp,quantile,0.7,25.98473991315769
33,2026-09-05,3,2026-09-26,wk inc covid hosp,quantile,0.7,7.9725963695580555
34,2026-09-05,3,2026-09-26,wk inc covid hosp,quantile,0.7,186.467644336126
35,2026-09-05,3,2026-09-26,wk inc covid hosp,quantile,0.7,24.952548718268407
36,2026-09-05,3,2026-09-26,wk inc covid hosp,quantile,0.7,366.84581915183537
37,2026-09-05,3,2026-09-26,wk inc covid hosp,quantile,0.7,197.55768418661208
38,2026-09-05,3,2026-09-26,wk inc covid hosp,quantile,0.7,0.8891947322157696
39,2026-09-05,3,2026-09-26,wk inc covid hosp,quantile,0.7,73.64037449043694
40,2026-09-05,3,2026-09-26,wk inc covid hosp,quantile,0.7,31.208080621930687
41,2026-09-05,3,2026-09-26,wk inc covid hosp,quantile,0.7,35.2271292780311
42,2026-09-05,3,2026-09-26,wk inc covid hosp,quantile,0.7,111.01390628505864
44,2026-09-05,3,2026-09-26,wk inc covid hosp,quantile,0.7,7.063582751716288
45,2026-09-05,3,2026-09-26,wk inc covid hosp,quantile,0.7,94.59417427559646
46,2026-09-05,3,2026-09-26,wk inc covid hosp,quantile,0.7,6.282750310583566
47,2026-09-05,3,2026-09-26,wk inc covid hosp,quantile,0.7,132.26134930985222
48,2026-09-05,3,2026-09-26,wk inc covid hosp,quantile,0.7,723.124842798836
49,2026-09-05,3,2026-09-26,wk inc covid hosp,quantile,0.7,21.016996816037032
50,2026-09-05,3,2026-09-26,wk inc covid hosp,quantile,0.7,2.5790394389887603
51,2026-09-05,3,2026-09-26,wk inc covid hosp,quantile,0.7,83.99161213039163
53,2026-09-05,3,2026-09-26,wk inc covid hosp,quantile,0.7,99.43752741178945
54,2026-09-05,3,2026-09-26,wk inc covid hosp,quantile,0.7,8.209789314988313
55,2026-09-05,3,2026-09-26,wk inc covid hosp,quantile,0.7,40.70984850048101
56,2026-09-05,3,2026-09-26,wk inc covid hosp,quantile,0.7,3.153296677866256
72,2026-09-05,3,2026-09-26,wk inc covid hosp,quantile,0.7,144.135634037544
US,2026-09-05,3,2026-09-26,wk inc covid hosp,quantile,0.7,5475.4655403981205
01,2026-09-05,0,2026-09-05,wk inc covid hosp,quantile,0.75,96.40549531577183
02,2026-09-05,0,2026-09-05,wk inc covid hosp,quantile,0.75,5.243935688414915
04,2026-09-05,0,2026-09-05,wk inc covid hosp,quantile,0.75,98.92996029884338
05,2026-09-05,0,2026-09-05,wk inc covid hosp,quantile,0.75,13.89477074814444
06,2026-09-05,0,2026-09-05,wk inc covid hosp,quantile,0.75,630.8643301938735
08,2026-09-05,0,2026-09-05,wk inc covid hosp,quantile,0.75,33.08025550536074
09,2026-09-05,0,2026-09-05,wk inc covid hosp,quantile,0.75,20.338052719331795
10,2026-09-05,0,2026-09-05,wk inc covid hosp,quantile,0.75,6.757524922422969
11,2026-09-05,0,2026-09-05,wk inc covid hosp,quantile,0.75,7.22129291500931
12,2026-09-05,0,2026-09-05,wk inc covid hosp,quantile,0.75,502.6623891022922
13,2026-09-05,0,2026-09-05,wk inc covid hosp,quantile,0.75,162.93393116439805
15,2026-09-05,0,2026-09-05,wk inc covid hosp,quantile,0.75,35.83494742169572
16,2026-09-05,0,2026-09-05,wk inc covid hosp,quantile,0.75,22.3450138145013
17,2026-09-05,0,2026-09-05,wk inc covid hosp,quantile,0.75,50.126881498567656
18,2026-09-05,0,2026-09-05,wk inc covid hosp,quantile,0.75,21.0989339723158
19,2026-09-05,0,2026-09-05,wk inc covid hosp,quantile,0.75,10.202591699953485
20,2026-09-05,0,2026-09-05,wk inc covid hosp,quantile,0.75,13.139985703259262
21,2026-09-05,0,2026-09-05,wk inc covid hosp,quantile,0.75,24.18464382853942
22,2026-09-05,0,2026-09-05,wk inc covid hosp,quantile,0.75,95.54718559953263
23,2026-09-05,0,2026-09-05,wk inc covid hosp,quantile,0.75,1.8214173433488177
24,2026-09-05,0,2026-09-05,wk inc covid hosp,quantile,0.75,15.308982933204076
25,2026-09-05,0,2026-09-05,wk inc covid hosp,quantile,0.75,42.05258607649458
26,2026-09-05,0,2026-09-05,wk inc covid hosp,quantile,0.75,44.45698233292843
27,2026-09-05,0,2026-09-05,wk inc covid hosp,quantile,0.75,23.59468505881653
28,2026-09-05,0,2026-09-05,wk inc covid hosp,quantile,0.75,39.02346779525605
29,2026-09-05,0,2026-09-05,wk inc covid hosp,quantile,0.75,44.95274334001759
30,2026-09-05,0,2026-09-05,wk inc covid hosp,quantile,0.75,5.911704031818049
31,2026-09-05,0,2026-09-05,wk inc covid hosp,quantile,0.75,11.021376384752921
32,2026-09-05,0,2026-09-05,wk inc covid hosp,quantile,0.75,19.379555617403305
33,2026-09-05,0,2026-09-05,wk inc covid hosp,quantile,0.75,6.145829960823207
34,2026-09-05,0,2026-09-05,wk inc covid hosp,quantile,0.75,133.626492754483
35,2026-09-05,0,2026-09-05,wk inc covid hosp,quantile,0.75,18.921123287847106
36,2026-09-05,0,2026-09-05,wk inc covid hosp,quantile,0.75,258.16727049444773
37,2026-09-05,0,2026-09-05,wk inc covid hosp,quantile,0.75,159.08303091265716
38,2026-09-05,0,2026-09-05,wk inc covid hosp,quantile,0.75,0.812393295274029
39,2026-09-05,0,2026-09-05,wk inc covid hosp,quantile,0.75,55.741473781461195
40,2026-09-05,0,2026-09-05,wk inc covid hosp,quantile,0.75,23.39291843592801
41,2026-09-05,0,2026-09-05,wk inc covid hosp,quantile,0.75,26.305404732502076
42,2026-09-05,0,2026-09-05,wk inc covid hosp,quantile,0.75,90.30198936722735
44,2026-09-05,0,2026-09-05,wk inc covid hosp,quantile,0.75,5.8599822138576485
45,2026-09-05,0,2026-09-05,wk inc covid hosp,quantile,0.75,75.53276920317658
46,2026-09-05,0,2026-09-05,wk inc covid hosp,quantile,0.75,5.611193713375123
47,2026-09-05,0,2026-09-05,wk inc covid hosp,quantile,0.75,101.3817928664673
48,2026-09-05,0,2026-09-05,wk inc covid hosp,quantile,0.75,588.7110889716793
49,2026-09-05,0,2026-09-05,wk inc covid hosp,quantile,0.75,14.76207592907661
50,2026-09-05,0,2026-09-05,wk inc covid hosp,quantile,0.75,1.9914903750031625
51,2026-09-05,0,2026-09-05,wk inc covid hosp,quantile,0.75,55.80792539875466
53,2026-09-05,0,2026-09-05,wk inc covid hosp,quantile,0.75,74.75298059040956
54,2026-09-05,0,2026-09-05,wk inc covid hosp,quantile,0.75,6.764478807145256
55,2026-09-05,0,2026-09-05,wk inc covid hosp,quantile,0.75,34.498869339372206
56,2026-09-05,0,2026-09-05,wk inc covid hosp,quantile,0.75,2.775468854481383
72,2026-09-05,0,2026-09-05,wk inc covid hosp,quantile,0.75,152.02313615280127
US,2026-09-05,0,2026-09-05,wk inc covid hosp,quantile,0.75,3917.321011078087
01,2026-09-05,1,2026-09-12,wk inc covid hosp,quantile,0.75,106.62942148785949
02,2026-09-05,1,2026-09-12,wk inc covid hosp,quantile,0.75,5.636290876816027
04,2026-09-05,1,2026-09-12,wk inc covid hosp,quantile,0.75,112.07582232640682
05,2026-09-05,1,2026-09-12,wk inc covid hosp,quantile,0.75,14.602107022086326
06,2026-09-05,1,2026-09-12,wk inc covid hosp,quantile,0.75,719.432304049896
08,2026-09-05,1,2026-09-12,wk inc covid hosp,quantile,0.75,40.104575662701635
09,2026-09-05,1,2026-09-12,wk inc covid hosp,quantile,0.75,21.1411091390537
10,2026-09-05,1,2026-09-12,wk inc covid hosp,quantile,0.75,7.698588698365437
11,2026-09-05,1,2026-09-12,wk inc covid hosp,quantile,0.75,8.654421071934411
12,2026-09-05,1,2026-09-12,wk inc covid hosp,quantile,0.75,529.9514293517044
13,2026-09-05,1,2026-09-12,wk inc covid hosp,quantile,0.75,194.20087960908603
15,2026-09-05,1,2026-09-12,wk inc covid hosp,quantile,0.75,38.21790448674527
16,2026-09-05,1,2026-09-12,wk inc covid hosp,quantile,0.75,25.14085456583621
17,2026-09-05,1,2026-09-12,wk inc covid hosp,quantile,0.75,55.479257234970184
18,2026-09-05,1,2026-09-12,wk inc covid hosp,quantile,0.75,23.087219609582657
19,2026-09-05,1,2026-09-12,wk inc covid hosp,quantile,0.75,11.135831016657427
20,2026-09-05,1,2026-09-12,wk inc covid hosp,quantile,0.75,14.269837439516033
21,2026-09-05,1,2026-09-12,wk inc covid hosp,quantile,0.75,25.19314723263962
22,2026-09-05,1,2026-09-12,wk inc covid hosp,quantile,0.75,104.44120930988848
23,2026-09-05,1,2026-09-12,wk inc covid hosp,quantile,0.75,1.983267435035756
24,2026-09-05,1,2026-09-12,wk inc covid hosp,quantile,0.75,18.022341534742626
25,2026-09-05,1,2026-09-12,wk inc covid hosp,quantile,0.75,49.277953254697294
26,2026-09-05,1,2026-09-12,wk inc covid hosp,quantile,0.75,46.31243342301737
27,2026-09-05,1,2026-09-12,wk inc covid hosp,quantile,0.75,26.23452666244833
28,2026-09-05,1,2026-09-12,wk inc covid hosp,quantile,0.75,44.158630372529124
29,2026-09-05,1,2026-09-12,wk inc covid hosp,quantile,0.75,47.45460153575631
30,2026-09-05,1,2026-09-12,wk inc covid hosp,quantile,0.75,6.479563586481005
31,2026-09-05,1,2026-09-12,wk inc covid hosp,quantile,0.75,13.212054092025763
32,2026-09-05,1,2026-09-12,wk inc covid hosp,quantile,0.75,22.49349934597555
33,2026-09-05,1,2026-09-12,wk inc covid hosp,quantile,0.75,7.173715931818597
34,2026-09-05,1,2026-09-12,wk inc covid hosp,quantile,0.75,160.79409384082922
35,2026-09-05,1,2026-09-12,wk inc covid hosp,quantile,0.75,21.6390034872789
36,2026-09-05,1,2026-09-12,wk inc covid hosp,quantile,0.75,295.20528150220343
37,2026-09-05,1,2026-09-12,wk inc covid hosp,quantile,0.75,179.27119165095985
38,2026-09-05,1,2026-09-12,wk inc covid hosp,quantile,0.75,0.8199409584061957
39,2026-09-05,1,2026-09-12,wk inc covid hosp,quantile,0.75,59.2632255615686
40,2026-09-05,1,2026-09-12,wk inc covid hosp,quantile,0.75,25.662848470054733
41,2026-09-05,1,2026-09-12,wk inc covid hosp,quantile,0.75,29.91123594514455
42,2026-09-05,1,2026-09-12,wk inc covid hosp,quantile,0.75,99.1716872039594
44,2026-09-05,1,2026-09-12,wk inc covid hosp,quantile,0.75,6.073117289644244
45,2026-09-05,1,2026-09-12,wk inc covid hosp,quantile,0.75,84.57147799592012
46,2026-09-05,1,2026-09-12,wk inc covid hosp,quantile,0.75,6.645524629764242
47,2026-09-05,1,2026-09-12,wk inc covid hosp,quantile,0.75,117.05570739080864
48,2026-09-05,1,2026-09-12,wk inc covid hosp,quantile,0.75,649.1450429532161
49,2026-09-05,1,2026-09-12,wk inc covid hosp,quantile,0.75,18.793820973265554
50,2026-09-05,1,2026-09-12,wk inc covid hosp,quantile,0.75,2.2529751740011554
51,2026-09-05,1,2026-09-12,wk inc covid hosp,quantile,0.75,67.40885052076682
53,2026-09-05,1,2026-09-12,wk inc covid hosp,quantile,0.75,86.77237750129017
54,2026-09-05,1,2026-09-12,wk inc covid hosp,quantile,0.75,7.358350137196714
55,2026-09-05,1,2026-09-12,wk inc covid hosp,quantile,0.75,38.148426965215776
56,2026-09-05,1,2026-09-12,wk inc covid hosp,quantile,0.75,2.9290635336967443
72,2026-09-05,1,2026-09-12,wk inc covid hosp,quantile,0.75,154.3812280356697
US,2026-09-05,1,2026-09-12,wk inc covid hosp,quantile,0.75,4495.231767036062
01,2026-09-05,2,2026-09-19,wk inc covid hosp,quantile,0.75,116.61665173593713
02,2026-09-05,2,2026-09-19,wk inc covid hosp,quantile,0.75,6.30422746390414
04,2026-09-05,2,2026-09-19,wk inc covid hosp,quantile,0.75,129.62861677645597
05,2026-09-05,2,2026-09-19,wk inc covid hosp,quantile,0.75,17.203014513594656
06,2026-09-05,2,2026-09-19,wk inc covid hosp,quantile,0.75,785.1187818596153
08,2026-09-05,2,2026-09-19,wk inc covid hosp,quantile,0.75,46.45049939265782
09,2026-09-05,2,2026-09-19,wk inc covid hosp,quantile,0.75,23.51486484358039
10,2026-09-05,2,2026-09-19,wk inc covid hosp,quantile,0.75,8.251588348450968
11,2026-09-05,2,2026-09-19,wk inc covid hosp,quantile,0.75,9.520607835067043
12,2026-09-05,2,2026-09-19,wk inc covid hosp,quantile,0.75,568.1248855246005
13,2026-09-05,2,2026-09-19,wk inc covid hosp,quantile,0.75,211.62369955438402
15,2026-09-05,2,2026-09-19,wk inc covid hosp,quantile,0.75,41.05606848716563
16,2026-09-05,2,2026-09-19,wk inc covid hosp,quantile,0.75,27.98137490430559
17,2026-09-05,2,2026-09-19,wk inc covid hosp,quantile,0.75,62.381320019265154
18,2026-09-05,2,2026-09-19,wk inc covid hosp,quantile,0.75,27.543647866308003
19,2026-09-05,2,2026-09-19,wk inc covid hosp,quantile,0.75,12.566645054292316
20,2026-09-05,2,2026-09-19,wk inc covid hosp,quantile,0.75,16.03469138362678
21,2026-09-05,2,2026-09-19,wk inc covid hosp,quantile,0.75,27.650370508352825
22,2026-09-05,2,2026-09-19,wk inc covid hosp,quantile,0.75,114.7410798228072
23,2026-09-05,2,2026-09-19,wk inc covid hosp,quantile,0.75,2.649373143088474
24,2026-09-05,2,2026-09-19,wk inc covid hosp,quantile,0.75,21.463969611467224
25,2026-09-05,2,2026-09-19,wk inc covid hosp,quantile,0.75,53.804279355964354
26,2026-09-05,2,2026-09-19,wk inc covid hosp,quantile,0.75,50.39728316346843
27,2026-09-05,2,2026-09-19,wk inc covid hosp,quantile,0.75,30.050462845827496
28,2026-09-05,2,2026-09-19,wk inc covid hosp,quantile,0.75,46.98614966427436
29,2026-09-05,2,2026-09-19,wk inc covid hosp,quantile,0.75,52.5805623659858
30,2026-09-05,2,2026-09-19,wk inc covid hosp,quantile,0.75,7.157276802680352
31,2026-09-05,2,2026-09-19,wk inc covid hosp,quantile,0.75,14.283643135548937
32,2026-09-05,2,2026-09-19,wk inc covid hosp,quantile,0.75,25.58614407781061
33,2026-09-05,2,2026-09-19,wk inc covid hosp,quantile,0.75,8.307483873196922
34,2026-09-05,2,2026-09-19,wk inc covid hosp,quantile,0.75,180.83814405692962
35,2026-09-05,2,2026-09-19,wk inc covid hosp,quantile,0.75,23.96243838401305
36,2026-09-05,2,2026-09-19,wk inc covid hosp,quantile,0.75,340.43681997911597
37,2026-09-05,2,2026-09-19,wk inc covid hosp,quantile,0.75,197.74946683960601
38,2026-09-05,2,2026-09-19,wk inc covid hosp,quantile,0.75,0.8494648723559444
39,2026-09-05,2,2026-09-19,wk inc covid hosp,quantile,0.75,67.39826682550968
40,2026-09-05,2,2026-09-19,wk inc covid hosp,quantile,0.75,29.375447682897857
41,2026-09-05,2,2026-09-19,wk inc covid hosp,quantile,0.75,35.567846684278095
42,2026-09-05,2,2026-09-19,wk inc covid hosp,quantile,0.75,105.21269973400496
44,2026-09-05,2,2026-09-19,wk inc covid hosp,quantile,0.75,7.208319592198729
45,2026-09-05,2,2026-09-19,wk inc covid hosp,quantile,0.75,92.62451652418885
46,2026-09-05,2,2026-09-19,wk inc covid hosp,quantile,0.75,7.054956661767787
47,2026-09-05,2,2026-09-19,wk inc covid hosp,quantile,0.75,131.91710500512457
48,2026-09-05,2,2026-09-19,wk inc covid hosp,quantile,0.75,715.6090218142479
49,2026-09-05,2,2026-09-19,wk inc covid hosp,quantile,0.75,21.898158587955017
50,2026-09-05,2,2026-09-19,wk inc covid hosp,quantile,0.75,2.4736395607817725
51,2026-09-05,2,2026-09-19,wk inc covid hosp,quantile,0.75,76.7310423737007
53,2026-09-05,2,2026-09-19,wk inc covid hosp,quantile,0.75,97.31999132181024
54,2026-09-05,2,2026-09-19,wk inc covid hosp,quantile,0.75,7.997344574072187
55,2026-09-05,2,2026-09-19,wk inc covid hosp,quantile,0.75,41.62632400542463
56,2026-09-05,2,2026-09-19,wk inc covid hosp,quantile,0.75,3.11853805895251
72,2026-09-05,2,2026-09-19,wk inc covid hosp,quantile,0.75,151.97610091106432
US,2026-09-05,2,2026-09-19,wk inc covid hosp,quantile,0.75,5091.992490004353
01,2026-09-05,3,2026-09-26,wk inc covid hosp,quantile,0.75,121.01308477036284
02,2026-09-05,3,2026-09-26,wk inc covid hosp,quantile,0.75,6.412708319792972
04,2026-09-05,3,2026-09-26,wk inc covid hosp,quantile,0.75,140.47757942224823
05,2026-09-05,3,2026-09-26,wk inc covid hosp,quantile,0.75,18.87528984886944
06,2026-09-05,3,2026-09-26,wk inc covid hosp,quantile,0.75,838.4697938156833
08,2026-09-05,3,2026-09-26,wk inc covid hosp,quantile,0.75,51.30186534229401
09,2026-09-05,3,2026-09-26,wk inc covid hosp,quantile,0.75,25.15389881333716
10,2026-09-05,3,2026-09-26,wk inc covid hosp,quantile,0.75,9.507962480512152
11,2026-09-05,3,2026-09-26,wk inc covid hosp,quantile,0.75,9.896558744274335
12,2026-09-05,3,2026-09-26,wk inc covid hosp,quantile,0.75,574.4334733449044
13,2026-09-05,3,2026-09-26,wk inc covid hosp,quantile,0.75,227.3781742501277
15,2026-09-05,3,2026-09-26,wk inc covid hosp,quantile,0.75,42.88732926758551
16,2026-09-05,3,2026-09-26,wk inc covid hosp,quantile,0.75,30.0057862718135
17,2026-09-05,3,2026-09-26,wk inc covid hosp,quantile,0.75,65.93431693615008
18,2026-09-05,3,2026-09-26,wk inc covid hosp,quantile,0.75,30.94165054818454
19,2026-09-05,3,2026-09-26,wk inc covid hosp,quantile,0.75,14.319053240971519
20,2026-09-05,3,2026-09-26,wk inc covid hosp,quantile,0.75,17.2336262797683
21,2026-09-05,3,2026-09-26,wk inc covid hosp,quantile,0.75,28.580127186081672
22,2026-09-05,3,2026-09-26,wk inc covid hosp,quantile,0.75,117.3173312766371
23,2026-09-05,3,2026-09-26,wk inc covid hosp,quantile,0.75,2.7098454409736448
24,2026-09-05,3,2026-09-26,wk inc covid hosp,quantile,0.75,25.194333098179815
25,2026-09-05,3,2026-09-26,wk inc covid hosp,quantile,0.75,59.230422136995365
26,2026-09-05,3,2026-09-26,wk inc covid hosp,quantile,0.75,59.583385667192935
27,2026-09-05,3,2026-09-26,wk inc covid hosp,quantile,0.75,32.66148257728142
28,2026-09-05,3,2026-09-26,wk inc covid hosp,quantile,0.75,49.051260129326934
29,2026-09-05,3,2026-09-26,wk inc covid hosp,quantile,0.75,56.83916900834439
30,2026-09-05,3,2026-09-26,wk inc covid hosp,quantile,0.75,7.60068201587026
31,2026-09-05,3,2026-09-26,wk inc covid hosp,quantile,0.75,15.459127638850372
32,2026-09-05,3,2026-09-26,wk inc covid hosp,quantile,0.75,27.757825767822467
33,2026-09-05,3,2026-09-26,wk inc covid hosp,quantile,0.75,9.042900637088275
34,2026-09-05,3,2026-09-26,wk inc covid hosp,quantile,0.75,192.498203166027
35,2026-09-05,3,2026-09-26,wk inc covid hosp,quantile,0.75,26.075078700269795
36,2026-09-05,3,2026-09-26,wk inc covid hosp,quantile,0.75,373.9777842137002
37,2026-09-05,3,2026-09-26,wk inc covid hosp,quantile,0.75,209.7676199238226
38,2026-09-05,3,2026-09-26,wk inc covid hosp,quantile,0.75,0.9606329306044442
39,2026-09-05,3,2026-09-26,wk inc covid hosp,quantile,0.75,76.76922429180242
40,2026-09-05,3,2026-09-26,wk inc covid hosp,quantile,0.75,32.14065603012058
41,2026-09-05,3,2026-09-26,wk inc covid hosp,quantile,0.75,38.375733960016525
42,2026-09-05,3,2026-09-26,wk inc covid hosp,quantile,0.75,113.37198303665497
44,2026-09-05,3,2026-09-26,wk inc covid hosp,quantile,0.75,7.655211319260847
45,2026-09-05,3,2026-09-26,wk inc covid hosp,quantile,0.75,102.27579597213247
46,2026-09-05,3,2026-09-26,wk inc covid hosp,quantile,0.75,7.540101493788942
47,2026-09-05,3,2026-09-26,wk inc covid hosp,quantile,0.75,139.67355529339628
48,2026-09-05,3,2026-09-26,wk inc covid hosp,quantile,0.75,763.6050882157601
49,2026-09-05,3,2026-09-26,wk inc covid hosp,quantile,0.75,23.928181715858745
50,2026-09-05,3,2026-09-26,wk inc covid hosp,quantile,0.75,2.742807899959517
51,2026-09-05,3,2026-09-26,wk inc covid hosp,quantile,0.75,85.33739294648454
53,2026-09-05,3,2026-09-26,wk inc covid hosp,quantile,0.75,105.05194397675113
54,2026-09-05,3,2026-09-26,wk inc covid hosp,quantile,0.75,8.437699683338511
55,2026-09-05,3,2026-09-26,wk inc covid hosp,quantile,0.75,45.09666036370178
56,2026-09-05,3,2026-09-26,wk inc covid hosp,quantile,0.75,3.3938572416875767
72,2026-09-05,3,2026-09-26,wk inc covid hosp,quantile,0.75,148.29339936326508
US,2026-09-05,3,2026-09-26,wk inc covid hosp,quantile,0.75,5556.924834853542
01,2026-09-05,0,2026-09-05,wk inc covid hosp,quantile,0.8,103.23864589192723
02,2026-09-05,0,2026-09-05,wk inc covid hosp,quantile,0.8,5.682418006781989
04,2026-09-05,0,2026-09-05,wk inc covid hosp,quantile,0.8,102.21377516797304
05,2026-09-05,0,2026-09-05,wk inc covid hosp,quantile,0.8,15.624416480642592
06,2026-09-05,0,2026-09-05,wk inc covid hosp,quantile,0.8,653.8630453817655
08,2026-09-05,0,2026-09-05,wk inc covid hosp,quantile,0.8,33.47455511810477
09,2026-09-05,0,2026-09-05,wk inc covid hosp,quantile,0.8,22.0217732241685
10,2026-09-05,0,2026-09-05,wk inc covid hosp,quantile,0.8,7.970640179616531
11,2026-09-05,0,2026-09-05,wk inc covid hosp,quantile,0.8,7.589855313956177
12,2026-09-05,0,2026-09-05,wk inc covid hosp,quantile,0.8,503.3414444940275
13,2026-09-05,0,2026-09-05,wk inc covid hosp,quantile,0.8,167.5655137036264
15,2026-09-05,0,2026-09-05,wk inc covid hosp,quantile,0.8,37.78277439362668
16,2026-09-05,0,2026-09-05,wk inc covid hosp,quantile,0.8,22.46089048825354
17,2026-09-05,0,2026-09-05,wk inc covid hosp,quantile,0.8,52.79452245869408
18,2026-09-05,0,2026-09-05,wk inc covid hosp,quantile,0.8,21.30266103009618
19,2026-09-05,0,2026-09-05,wk inc covid hosp,quantile,0.8,11.755016020215834
20,2026-09-05,0,2026-09-05,wk inc covid hosp,quantile,0.8,15.50232224166579
21,2026-09-05,0,2026-09-05,wk inc covid hosp,quantile,0.8,25.56762420645491
22,2026-09-05,0,2026-09-05,wk inc covid hosp,quantile,0.8,98.44921399179523
23,2026-09-05,0,2026-09-05,wk inc covid hosp,quantile,0.8,2.374968637457326
24,2026-09-05,0,2026-09-05,wk inc covid hosp,quantile,0.8,16.93116408196445
25,2026-09-05,0,2026-09-05,wk inc covid hosp,quantile,0.8,44.23919024596246
26,2026-09-05,0,2026-09-05,wk inc covid hosp,quantile,0.8,45.588002724362816
27,2026-09-05,0,2026-09-05,wk inc covid hosp,quantile,0.8,25.288965172716757
28,2026-09-05,0,2026-09-05,wk inc covid hosp,quantile,0.8,41.601958251313974
29,2026-09-05,0,2026-09-05,wk inc covid hosp,quantile,0.8,45.06384927930786
30,2026-09-05,0,2026-09-05,wk inc covid hosp,quantile,0.8,6.525163791729349
31,2026-09-05,0,2026-09-05,wk inc covid hosp,quantile,0.8,11.716100159882053
32,2026-09-05,0,2026-09-05,wk inc covid hosp,quantile,0.8,21.03437214254061
33,2026-09-05,0,2026-09-05,wk inc covid hosp,quantile,0.8,6.684583312792394
34,2026-09-05,0,2026-09-05,wk inc covid hosp,quantile,0.8,137.2932701822473
35,2026-09-05,0,2026-09-05,wk inc covid hosp,quantile,0.8,21.525527090332623
36,2026-09-05,0,2026-09-05,wk inc covid hosp,quantile,0.8,265.8600784054947
37,2026-09-05,0,2026-09-05,wk inc covid hosp,quantile,0.8,167.86706950011074
38,2026-09-05,0,2026-09-05,wk inc covid hosp,quantile,0.8,0.8435802121466632
39,2026-09-05,0,2026-09-05,wk inc covid hosp,quantile,0.8,62.7059767712309
40,2026-09-05,0,2026-09-05,wk inc covid hosp,quantile,0.8,25.954189217459447
41,2026-09-05,0,2026-09-05,wk inc covid hosp,quantile,0.8,28.591692126988768
42,2026-09-05,0,2026-09-05,wk inc covid hosp,quantile,0.8,97.141087161752
44,2026-09-05,0,2026-09-05,wk inc covid hosp,quantile,0.8,6.511395693194766
45,2026-09-05,0,2026-09-05,wk inc covid hosp,quantile,0.8,80.64635823687127
46,2026-09-05,0,2026-09-05,wk inc covid hosp,quantile,0.8,6.023111192747668
47,2026-09-05,0,2026-09-05,wk inc covid hosp,quantile,0.8,105.52977853948097
48,2026-09-05,0,2026-09-05,wk inc covid hosp,quantile,0.8,599.637866401715
49,2026-09-05,0,2026-09-05,wk inc covid hosp,quantile,0.8,15.75389802674353
50,2026-09-05,0,2026-09-05,wk inc covid hosp,quantile,0.8,2.0404602333086115
51,2026-09-05,0,2026-09-05,wk inc covid hosp,quantile,0.8,59.057575036400415
53,2026-09-05,0,2026-09-05,wk inc covid hosp,quantile,0.8,75.38760242653719
54,2026-09-05,0,2026-09-05,wk inc covid hosp,quantile,0.8,7.555545134856447
55,2026-09-05,0,2026-09-05,wk inc covid hosp,quantile,0.8,38.37571713566455
56,2026-09-05,0,2026-09-05,wk inc covid hosp,quantile,0.8,3.2242542267672754
72,2026-09-05,0,2026-09-05,wk inc covid hosp,quantile,0.8,159.71142989307927
US,2026-09-05,0,2026-09-05,wk inc covid hosp,quantile,0.8,3942.0904584976165
01,2026-09-05,1,2026-09-12,wk inc covid hosp,quantile,0.8,116.4861157962348
02,2026-09-05,1,2026-09-12,wk inc covid hosp,quantile,0.8,5.911440526851445
04,2026-09-05,1,2026-09-12,wk inc covid hosp,quantile,0.8,114.69149309568004
05,2026-09-05,1,2026-09-12,wk inc covid hosp,quantile,0.8,16.806166923568767
06,2026-09-05,1,2026-09-12,wk inc covid hosp,quantile,0.8,727.3889242595908
08,2026-09-05,1,2026-09-12,wk inc covid hosp,quantile,0.8,41.93501791523025
09,2026-09-05,1,2026-09-12,wk inc covid hosp,quantile,0.8,25.19726125135925
10,2026-09-05,1,2026-09-12,wk inc covid hosp,quantile,0.8,8.396388605286958
11,2026-09-05,1,2026-09-12,wk inc covid hosp,quantile,0.8,8.837086022217498
12,2026-09-05,1,2026-09-12,wk inc covid hosp,quantile,0.8,553.7565671909766
13,2026-09-05,1,2026-09-12,wk inc covid hosp,quantile,0.8,197.4046060776598
15,2026-09-05,1,2026-09-12,wk inc covid hosp,quantile,0.8,39.51577044927082
16,2026-09-05,1,2026-09-12,wk inc covid hosp,quantile,0.8,25.888684697620054
17,2026-09-05,1,2026-09-12,wk inc covid hosp,quantile,0.8,60.63345440217387
18,2026-09-05,1,2026-09-12,wk inc covid hosp,quantile,0.8,23.791330817567612
19,2026-09-05,1,2026-09-12,wk inc covid hosp,quantile,0.8,13.29886285893209
20,2026-09-05,1,2026-09-12,wk inc covid hosp,quantile,0.8,17.151019840277936
21,2026-09-05,1,2026-09-12,wk inc covid hosp,quantile,0.8,27.99958418528825
22,2026-09-05,1,2026-09-12,wk inc covid hosp,quantile,0.8,105.86974603002626
23,2026-09-05,1,2026-09-12,wk inc covid hosp,quantile,0.8,2.604768286268984
24,2026-09-05,1,2026-09-12,wk inc covid hosp,quantile,0.8,19.37400765238969
25,2026-09-05,1,2026-09-12,wk inc covid hosp,quantile,0.8,49.55008667571332
26,2026-09-05,1,2026-09-12,wk inc covid hosp,quantile,0.8,54.488291797054515
27,2026-09-05,1,2026-09-12,wk inc covid hosp,quantile,0.8,27.925815355004534
28,2026-09-05,1,2026-09-12,wk inc covid hosp,quantile,0.8,46.44505410002805
29,2026-09-05,1,2026-09-12,wk inc covid hosp,quantile,0.8,48.95925474143884
30,2026-09-05,1,2026-09-12,wk inc covid hosp,quantile,0.8,7.05307914210305
31,2026-09-05,1,2026-09-12,wk inc covid hosp,quantile,0.8,14.044511747748263
32,2026-09-05,1,2026-09-12,wk inc covid hosp,quantile,0.8,24.23187097736221
33,2026-09-05,1,2026-09-12,wk inc covid hosp,quantile,0.8,7.590641791388876
34,2026-09-05,1,2026-09-12,wk inc covid hosp,quantile,0.8,166.54647265594053
35,2026-09-05,1,2026-09-12,wk inc covid hosp,quantile,0.8,24.757897346561208
36,2026-09-05,1,2026-09-12,wk inc covid hosp,quantile,0.8,300.0164096957698
37,2026-09-05,1,2026-09-12,wk inc covid hosp,quantile,0.8,188.95046150344902
38,2026-09-05,1,2026-09-12,wk inc covid hosp,quantile,0.8,0.9096836786055829
39,2026-09-05,1,2026-09-12,wk inc covid hosp,quantile,0.8,70.09940993746567
40,2026-09-05,1,2026-09-12,wk inc covid hosp,quantile,0.8,28.00349467911385
41,2026-09-05,1,2026-09-12,wk inc covid hosp,quantile,0.8,32.262867293782115
42,2026-09-05,1,2026-09-12,wk inc covid hosp,quantile,0.8,105.80740870002909
44,2026-09-05,1,2026-09-12,wk inc covid hosp,quantile,0.8,7.103984829491909
45,2026-09-05,1,2026-09-12,wk inc covid hosp,quantile,0.8,89.95217648767812
46,2026-09-05,1,2026-09-12,wk inc covid hosp,quantile,0.8,6.698313493485062
47,2026-09-05,1,2026-09-12,wk inc covid hosp,quantile,0.8,121.9744885970925
48,2026-09-05,1,2026-09-12,wk inc covid hosp,quantile,0.8,673.5336310437086
49,2026-09-05,1,2026-09-12,wk inc covid hosp,quantile,0.8,19.09065040260397
50,2026-09-05,1,2026-09-12,wk inc covid hosp,quantile,0.8,2.266567917135367
51,2026-09-05,1,2026-09-12,wk inc covid hosp,quantile,0.8,70.66519411952275
53,2026-09-05,1,2026-09-12,wk inc covid hosp,quantile,0.8,86.87225632887365
54,2026-09-05,1,2026-09-12,wk inc covid hosp,quantile,0.8,8.433488439102089
55,2026-09-05,1,2026-09-12,wk inc covid hosp,quantile,0.8,43.47719131858699
56,2026-09-05,1,2026-09-12,wk inc covid hosp,quantile,0.8,3.320599409506374
72,2026-09-05,1,2026-09-12,wk inc covid hosp,quantile,0.8,161.30665589476206
US,2026-09-05,1,2026-09-12,wk inc covid hosp,quantile,0.8,4514.950403542607
01,2026-09-05,2,2026-09-19,wk inc covid hosp,quantile,0.8,129.64003249888282
02,2026-09-05,2,2026-09-19,wk inc covid hosp,quantile,0.8,6.626073905198344
04,2026-09-05,2,2026-09-19,wk inc covid hosp,quantile,0.8,134.82132294304827
05,2026-09-05,2,2026-09-19,wk inc covid hosp,quantile,0.8,18.809404846115456
06,2026-09-05,2,2026-09-19,wk inc covid hosp,quantile,0.8,796.3593840377304
08,2026-09-05,2,2026-09-19,wk inc covid hosp,quantile,0.8,49.07687325907336
09,2026-09-05,2,2026-09-19,wk inc covid hosp,quantile,0.8,26.071228207136485
10,2026-09-05,2,2026-09-19,wk inc covid hosp,quantile,0.8,9.127119846036996
11,2026-09-05,2,2026-09-19,wk inc covid hosp,quantile,0.8,10.19365384896606
12,2026-09-05,2,2026-09-19,wk inc covid hosp,quantile,0.8,599.9684894995631
13,2026-09-05,2,2026-09-19,wk inc covid hosp,quantile,0.8,226.94170709079035
15,2026-09-05,2,2026-09-19,wk inc covid hosp,quantile,0.8,43.05060186575841
16,2026-09-05,2,2026-09-19,wk inc covid hosp,quantile,0.8,28.76458090324604
17,2026-09-05,2,2026-09-19,wk inc covid hosp,quantile,0.8,65.08996608146883
18,2026-09-05,2,2026-09-19,wk inc covid hosp,quantile,0.8,28.40443765703682
19,2026-09-05,2,2026-09-19,wk inc covid hosp,quantile,0.8,14.817567519351648
20,2026-09-05,2,2026-09-19,wk inc covid hosp,quantile,0.8,19.225400827606766
21,2026-09-05,2,2026-09-19,wk inc covid hosp,quantile,0.8,29.03769375538866
22,2026-09-05,2,2026-09-19,wk inc covid hosp,quantile,0.8,115.20173885084596
23,2026-09-05,2,2026-09-19,wk inc covid hosp,quantile,0.8,2.963358885472411
24,2026-09-05,2,2026-09-19,wk inc covid hosp,quantile,0.8,25.71329677448312
25,2026-09-05,2,2026-09-19,wk inc covid hosp,quantile,0.8,57.01967528859295
26,2026-09-05,2,2026-09-19,wk inc covid hosp,quantile,0.8,61.88172513430349
27,2026-09-05,2,2026-09-19,wk inc covid hosp,quantile,0.8,32.25198760251552
28,2026-09-05,2,2026-09-19,wk inc covid hosp,quantile,0.8,49.38229116603851
29,2026-09-05,2,2026-09-19,wk inc covid hosp,quantile,0.8,56.12383920786672
30,2026-09-05,2,2026-09-19,wk inc covid hosp,quantile,0.8,8.039125211075719
31,2026-09-05,2,2026-09-19,wk inc covid hosp,quantile,0.8,15.867983368270421
32,2026-09-05,2,2026-09-19,wk inc covid hosp,quantile,0.8,27.742497925729612
33,2026-09-05,2,2026-09-19,wk inc covid hosp,quantile,0.8,8.857768285586783
34,2026-09-05,2,2026-09-19,wk inc covid hosp,quantile,0.8,186.99338887490532
35,2026-09-05,2,2026-09-19,wk inc covid hosp,quantile,0.8,27.86599745898221
36,2026-09-05,2,2026-09-19,wk inc covid hosp,quantile,0.8,354.96302658803495
37,2026-09-05,2,2026-09-19,wk inc covid hosp,quantile,0.8,207.6695412557821
38,2026-09-05,2,2026-09-19,wk inc covid hosp,quantile,0.8,0.9606681625881183
39,2026-09-05,2,2026-09-19,wk inc covid hosp,quantile,0.8,78.29891788830372
40,2026-09-05,2,2026-09-19,wk inc covid hosp,quantile,0.8,32.731456821781514
41,2026-09-05,2,2026-09-19,wk inc covid hosp,quantile,0.8,38.47895653621193
42,2026-09-05,2,2026-09-19,wk inc covid hosp,quantile,0.8,115.20840785868073
44,2026-09-05,2,2026-09-19,wk inc covid hosp,quantile,0.8,8.403365733475026
45,2026-09-05,2,2026-09-19,wk inc covid hosp,quantile,0.8,97.708681652771
46,2026-09-05,2,2026-09-19,wk inc covid hosp,quantile,0.8,7.167682977283943
47,2026-09-05,2,2026-09-19,wk inc covid hosp,quantile,0.8,136.12686050405526
48,2026-09-05,2,2026-09-19,wk inc covid hosp,quantile,0.8,736.1026929665622
49,2026-09-05,2,2026-09-19,wk inc covid hosp,quantile,0.8,22.585037879264085
50,2026-09-05,2,2026-09-19,wk inc covid hosp,quantile,0.8,2.5498652537504625
51,2026-09-05,2,2026-09-19,wk inc covid hosp,quantile,0.8,83.80371024762842
53,2026-09-05,2,2026-09-19,wk inc covid hosp,quantile,0.8,99.82354669549395
54,2026-09-05,2,2026-09-19,wk inc covid hosp,quantile,0.8,9.470853127304922
55,2026-09-05,2,2026-09-19,wk inc covid hosp,quantile,0.8,45.82677064933585
56,2026-09-05,2,2026-09-19,wk inc covid hosp,quantile,0.8,3.7424561268448677
72,2026-09-05,2,2026-09-19,wk inc covid hosp,quantile,0.8,153.63501605842976
US,2026-09-05,2,2026-09-19,wk inc covid hosp,quantile,0.8,5103.733016513159
01,2026-09-05,3,2026-09-26,wk inc covid hosp,quantile,0.8,138.99843832189387
02,2026-09-05,3,2026-09-26,wk inc covid hosp,quantile,0.8,7.017847554110718
04,2026-09-05,3,2026-09-26,wk inc covid hosp,quantile,0.8,149.14018676409512
05,2026-09-05,3,2026-09-26,wk inc covid hosp,quantile,0.8,21.45682772037498
06,2026-09-05,3,2026-09-26,wk inc covid hosp,quantile,0.8,875.0583875683956
08,2026-09-05,3,2026-09-26,wk inc covid hosp,quantile,0.8,55.3549162454753
09,2026-09-05,3,2026-09-26,wk inc covid hosp,quantile,0.8,28.556027825028593
10,2026-09-05,3,2026-09-26,wk inc covid hosp,quantile,0.8,9.714849702332602
11,2026-09-05,3,2026-09-26,wk inc covid hosp,quantile,0.8,10.746659588549152
12,2026-09-05,3,2026-09-26,wk inc covid hosp,quantile,0.8,621.8302660523764
13,2026-09-05,3,2026-09-26,wk inc covid hosp,quantile,0.8,249.57528639225526
15,2026-09-05,3,2026-09-26,wk inc covid hosp,quantile,0.8,46.61320899252216
16,2026-09-05,3,2026-09-26,wk inc covid hosp,quantile,0.8,31.170699365189584
17,2026-09-05,3,2026-09-26,wk inc covid hosp,quantile,0.8,71.60054701464101
18,2026-09-05,3,2026-09-26,wk inc covid hosp,quantile,0.8,32.237190759678164
19,2026-09-05,3,2026-09-26,wk inc covid hosp,quantile,0.8,17.17579841374499
20,2026-09-05,3,2026-09-26,wk inc covid hosp,quantile,0.8,21.67182341042616
21,2026-09-05,3,2026-09-26,wk inc covid hosp,quantile,0.8,31.037601905809254
22,2026-09-05,3,2026-09-26,wk inc covid hosp,quantile,0.8,118.10932383218102
23,2026-09-05,3,2026-09-26,wk inc covid hosp,quantile,0.8,3.1391067510310067
24,2026-09-05,3,2026-09-26,wk inc covid hosp,quantile,0.8,30.24445685335813
25,2026-09-05,3,2026-09-26,wk inc covid hosp,quantile,0.8,61.71414136062938
26,2026-09-05,3,2026-09-26,wk inc covid hosp,quantile,0.8,74.96308743785926
27,2026-09-05,3,2026-09-26,wk inc covid hosp,quantile,0.8,34.68426060087243
28,2026-09-05,3,2026-09-26,wk inc covid hosp,quantile,0.8,53.16138941733445
29,2026-09-05,3,2026-09-26,wk inc covid hosp,quantile,0.8,64.54600344030065
30,2026-09-05,3,2026-09-26,wk inc covid hosp,quantile,0.8,8.399242120487834
31,2026-09-05,3,2026-09-26,wk inc covid hosp,quantile,0.8,16.757303064425013
32,2026-09-05,3,2026-09-26,wk inc covid hosp,quantile,0.8,30.27175695389388
33,2026-09-05,3,2026-09-26,wk inc covid hosp,quantile,0.8,9.97956930398843
34,2026-09-05,3,2026-09-26,wk inc covid hosp,quantile,0.8,208.85931123527553
35,2026-09-05,3,2026-09-26,wk inc covid hosp,quantile,0.8,30.013119404914686
36,2026-09-05,3,2026-09-26,wk inc covid hosp,quantile,0.8,400.78720205539776
37,2026-09-05,3,2026-09-26,wk inc covid hosp,quantile,0.8,232.52125563824703
38,2026-09-05,3,2026-09-26,wk inc covid hosp,quantile,0.8,1.0154494551840891
39,2026-09-05,3,2026-09-26,wk inc covid hosp,quantile,0.8,87.37635105415926
40,2026-09-05,3,2026-09-26,wk inc covid hosp,quantile,0.8,37.06216927548456
41,2026-09-05,3,2026-09-26,wk inc covid hosp,quantile,0.8,43.331385206402175
42,2026-09-05,3,2026-09-26,wk inc covid hosp,quantile,0.8,122.36959806264514
44,2026-09-05,3,2026-09-26,wk inc covid hosp,quantile,0.8,9.645363952037757
45,2026-09-05,3,2026-09-26,wk inc covid hosp,quantile,0.8,108.56341558508484
46,2026-09-05,3,2026-09-26,wk inc covid hosp,quantile,0.8,8.027643706460653
47,2026-09-05,3,2026-09-26,wk inc covid hosp,quantile,0.8,150.11645206822683
48,2026-09-05,3,2026-09-26,wk inc covid hosp,quantile,0.8,791.8839937111131
49,2026-09-05,3,2026-09-26,wk inc covid hosp,quantile,0.8,25.394652401223677
50,2026-09-05,3,2026-09-26,wk inc covid hosp,quantile,0.8,2.846300356610974
51,2026-09-05,3,2026-09-26,wk inc covid hosp,quantile,0.8,92.86037798173697
53,2026-09-05,3,2026-09-26,wk inc covid hosp,quantile,0.8,111.18435108563688
54,2026-09-05,3,2026-09-26,wk inc covid hosp,quantile,0.8,10.319841954291656
55,2026-09-05,3,2026-09-26,wk inc covid hosp,quantile,0.8,47.86263706401421
56,2026-09-05,3,2026-09-26,wk inc covid hosp,quantile,0.8,4.024543388109986
72,2026-09-05,3,2026-09-26,wk inc covid hosp,quantile,0.8,152.24752518245148
US,2026-09-05,3,2026-09-26,wk inc covid hosp,quantile,0.8,5682.293992031762
01,2026-09-05,0,2026-09-05,wk inc covid hosp,quantile,0.85,105.35199402024531
02,2026-09-05,0,2026-09-05,wk inc covid hosp,quantile,0.85,6.394884555063398
04,2026-09-05,0,2026-09-05,wk inc covid hosp,quantile,0.85,106.3303374202025
05,2026-09-05,0,2026-09-05,wk inc covid hosp,quantile,0.85,16.68107907916101
06,2026-09-05,0,2026-09-05,wk inc covid hosp,quantile,0.85,675.4770919724356
08,2026-09-05,0,2026-09-05,wk inc covid hosp,quantile,0.85,35.43511688812593
09,2026-09-05,0,2026-09-05,wk inc covid hosp,quantile,0.85,22.5933112570512
10,2026-09-05,0,2026-09-05,wk inc covid hosp,quantile,0.85,8.268135775485735
11,2026-09-05,0,2026-09-05,wk inc covid hosp,quantile,0.85,9.326517583824385
12,2026-09-05,0,2026-09-05,wk inc covid hosp,quantile,0.85,520.1889403970644
13,2026-09-05,0,2026-09-05,wk inc covid hosp,quantile,0.85,174.3312800117235
15,2026-09-05,0,2026-09-05,wk inc covid hosp,quantile,0.85,38.38006841724905
16,2026-09-05,0,2026-09-05,wk inc covid hosp,quantile,0.85,27.446665894397814
17,2026-09-05,0,2026-09-05,wk inc covid hosp,quantile,0.85,56.15491076707057
18,2026-09-05,0,2026-09-05,wk inc covid hosp,quantile,0.85,21.309375692647652
19,2026-09-05,0,2026-09-05,wk inc covid hosp,quantile,0.85,12.913543276634721
20,2026-09-05,0,2026-09-05,wk inc covid hosp,quantile,0.85,16.704770556213102
21,2026-09-05,0,2026-09-05,wk inc covid hosp,quantile,0.85,26.165801067319258
22,2026-09-05,0,2026-09-05,wk inc covid hosp,quantile,0.85,100.87259286637178
23,2026-09-05,0,2026-09-05,wk inc covid hosp,quantile,0.85,2.9078688222465927
24,2026-09-05,0,2026-09-05,wk inc covid hosp,quantile,0.85,17.32660270808448
25,2026-09-05,0,2026-09-05,wk inc covid hosp,quantile,0.85,46.05116109858431
26,2026-09-05,0,2026-09-05,wk inc covid hosp,quantile,0.85,48.50577965278178
27,2026-09-05,0,2026-09-05,wk inc covid hosp,quantile,0.85,27.18544122350375
28,2026-09-05,0,2026-09-05,wk inc covid hosp,quantile,0.85,44.965167826494444
29,2026-09-05,0,2026-09-05,wk inc covid hosp,quantile,0.85,46.24229521227688
30,2026-09-05,0,2026-09-05,wk inc covid hosp,quantile,0.85,7.463167576845798
31,2026-09-05,0,2026-09-05,wk inc covid hosp,quantile,0.85,12.533897147101452
32,2026-09-05,0,2026-09-05,wk inc covid hosp,quantile,0.85,23.781618809898216
33,2026-09-05,0,2026-09-05,wk inc covid hosp,quantile,0.85,7.558772312062025
34,2026-09-05,0,2026-09-05,wk inc covid hosp,quantile,0.85,142.75869766111938
35,2026-09-05,0,2026-09-05,wk inc covid hosp,quantile,0.85,22.43647065882449
36,2026-09-05,0,2026-09-05,wk inc covid hosp,quantile,0.85,275.38963400171406
37,2026-09-05,0,2026-09-05,wk inc covid hosp,quantile,0.85,174.75013541846516
38,2026-09-05,0,2026-09-05,wk inc covid hosp,quantile,0.85,1.2062431226735175
39,2026-09-05,0,2026-09-05,wk inc covid hosp,quantile,0.85,64.96083093080195
40,2026-09-05,0,2026-09-05,wk inc covid hosp,quantile,0.85,27.157295038863207
41,2026-09-05,0,2026-09-05,wk inc covid hosp,quantile,0.85,28.952880125895998
42,2026-09-05,0,2026-09-05,wk inc covid hosp,quantile,0.85,97.38331106447792
44,2026-09-05,0,2026-09-05,wk inc covid hosp,quantile,0.85,7.537831374830952
45,2026-09-05,0,2026-09-05,wk inc covid hosp,quantile,0.85,85.01811705448003
46,2026-09-05,0,2026-09-05,wk inc covid hosp,quantile,0.85,6.396995383374011
47,2026-09-05,0,2026-09-05,wk inc covid hosp,quantile,0.85,108.87111718470403
48,2026-09-05,0,2026-09-05,wk inc covid hosp,quantile,0.85,641.0536728674515
49,2026-09-05,0,2026-09-05,wk inc covid hosp,quantile,0.85,17.883037703260737
50,2026-09-05,0,2026-09-05,wk inc covid hosp,quantile,0.85,2.425670023697213
51,2026-09-05,0,2026-09-05,wk inc covid hosp,quantile,0.85,59.65602039110595
53,2026-09-05,0,2026-09-05,wk inc covid hosp,quantile,0.85,77.91202507830043
54,2026-09-05,0,2026-09-05,wk inc covid hosp,quantile,0.85,8.856523906282524
55,2026-09-05,0,2026-09-05,wk inc covid hosp,quantile,0.85,39.045700056768986
56,2026-09-05,0,2026-09-05,wk inc covid hosp,quantile,0.85,3.393218171811358
72,2026-09-05,0,2026-09-05,wk inc covid hosp,quantile,0.85,163.68698345381821
US,2026-09-05,0,2026-09-05,wk inc covid hosp,quantile,0.85,3944.1898090397585
01,2026-09-05,1,2026-09-12,wk inc covid hosp,quantile,0.85,118.97944128628137
02,2026-09-05,1,2026-09-12,wk inc covid hosp,quantile,0.85,6.633381158198392
04,2026-09-05,1,2026-09-12,wk inc covid hosp,quantile,0.85,119.91365886892038
05,2026-09-05,1,2026-09-12,wk inc covid hosp,quantile,0.85,19.053717754493842
06,2026-09-05,1,2026-09-12,wk inc covid hosp,quantile,0.85,749.8317582942976
08,2026-09-05,1,2026-09-12,wk inc covid hosp,quantile,0.85,42.67394396765572
09,2026-09-05,1,2026-09-12,wk inc covid hosp,quantile,0.85,25.31478285529967
10,2026-09-05,1,2026-09-12,wk inc covid hosp,quantile,0.85,8.44775688275831
11,2026-09-05,1,2026-09-12,wk inc covid hosp,quantile,0.85,10.743444080632525
12,2026-09-05,1,2026-09-12,wk inc covid hosp,quantile,0.85,568.6570866091316
13,2026-09-05,1,2026-09-12,wk inc covid hosp,quantile,0.85,200.35644297364357
15,2026-09-05,1,2026-09-12,wk inc covid hosp,quantile,0.85,41.62524967295832
16,2026-09-05,1,2026-09-12,wk inc covid hosp,quantile,0.85,30.379841744897902
17,2026-09-05,1,2026-09-12,wk inc covid hosp,quantile,0.85,61.4668961206215
18,2026-09-05,1,2026-09-12,wk inc covid hosp,quantile,0.85,24.556552595359786
19,2026-09-05,1,2026-09-12,wk inc covid hosp,quantile,0.85,13.870774716984464
20,2026-09-05,1,2026-09-12,wk inc covid hosp,quantile,0.85,19.157588422637062
21,2026-09-05,1,2026-09-12,wk inc covid hosp,quantile,0.85,28.37862293624495
22,2026-09-05,1,2026-09-12,wk inc covid hosp,quantile,0.85,108.19019217675624
23,2026-09-05,1,2026-09-12,wk inc covid hosp,quantile,0.85,3.318470875653994
24,2026-09-05,1,2026-09-12,wk inc covid hosp,quantile,0.85,20.79126808994887
25,2026-09-05,1,2026-09-12,wk inc covid hosp,quantile,0.85,50.6457475866398
26,2026-09-05,1,2026-09-12,wk inc covid hosp,quantile,0.85,59.1989258638878
27,2026-09-05,1,2026-09-12,wk inc covid hosp,quantile,0.85,30.546271976648658
28,2026-09-05,1,2026-09-12,wk inc covid hosp,quantile,0.85,49.69999461291621
29,2026-09-05,1,2026-09-12,wk inc covid hosp,quantile,0.85,49.60512318831818
30,2026-09-05,1,2026-09-12,wk inc covid hosp,quantile,0.85,8.32652041521971
31,2026-09-05,1,2026-09-12,wk inc covid hosp,quantile,0.85,14.203597017988809
32,2026-09-05,1,2026-09-12,wk inc covid hosp,quantile,0.85,27.03329692295141
33,2026-09-05,1,2026-09-12,wk inc covid hosp,quantile,0.85,8.867838130027833
34,2026-09-05,1,2026-09-12,wk inc covid hosp,quantile,0.85,170.48993876257273
35,2026-09-05,1,2026-09-12,wk inc covid hosp,quantile,0.85,25.647626866981465
36,2026-09-05,1,2026-09-12,wk inc covid hosp,quantile,0.85,309.4789038651976
37,2026-09-05,1,2026-09-12,wk inc covid hosp,quantile,0.85,199.98748789366084
38,2026-09-05,1,2026-09-12,wk inc covid hosp,quantile,0.85,1.3785341247906686
39,2026-09-05,1,2026-09-12,wk inc covid hosp,quantile,0.85,72.88134786795749
40,2026-09-05,1,2026-09-12,wk inc covid hosp,quantile,0.85,30.88570894685759
41,2026-09-05,1,2026-09-12,wk inc covid hosp,quantile,0.85,34.62132477522902
42,2026-09-05,1,2026-09-12,wk inc covid hosp,quantile,0.85,108.60135431477538
44,2026-09-05,1,2026-09-12,wk inc covid hosp,quantile,0.85,8.443270008414359
45,2026-09-05,1,2026-09-12,wk inc covid hosp,quantile,0.85,96.88408347197618
46,2026-09-05,1,2026-09-12,wk inc covid hosp,quantile,0.85,7.171910132450541
47,2026-09-05,1,2026-09-12,wk inc covid hosp,quantile,0.85,126.38940154867245
48,2026-09-05,1,2026-09-12,wk inc covid hosp,quantile,0.85,702.7387620879657
49,2026-09-05,1,2026-09-12,wk inc covid hosp,quantile,0.85,20.926561295763253
50,2026-09-05,1,2026-09-12,wk inc covid hosp,quantile,0.85,2.614892948669302
51,2026-09-05,1,2026-09-12,wk inc covid hosp,quantile,0.85,72.35272428479217
53,2026-09-05,1,2026-09-12,wk inc covid hosp,quantile,0.85,90.12184573640666
54,2026-09-05,1,2026-09-12,wk inc covid hosp,quantile,0.85,9.701488280336307
55,2026-09-05,1,2026-09-12,wk inc covid hosp,quantile,0.85,44.65137666198955
56,2026-09-05,1,2026-09-12,wk inc covid hosp,quantile,0.85,3.499540474381413
72,2026-09-05,1,2026-09-12,wk inc covid hosp,quantile,0.85,164.82294406378264
US,2026-09-05,1,2026-09-12,wk inc covid hosp,quantile,0.85,4528.405365621148
01,2026-09-05,2,2026-09-19,wk inc covid hosp,quantile,0.85,136.15913060037707
02,2026-09-05,2,2026-09-19,wk inc covid hosp,quantile,0.85,7.104840171346365
04,2026-09-05,2,2026-09-19,wk inc covid hosp,quantile,0.85,138.49981367945279
05,2026-09-05,2,2026-09-19,wk inc covid hosp,quantile,0.85,22.803902107764273
06,2026-09-05,2,2026-09-19,wk inc covid hosp,quantile,0.85,826.1999579719651
08,2026-09-05,2,2026-09-19,wk inc covid hosp,quantile,0.85,52.24011946882445
09,2026-09-05,2,2026-09-19,wk inc covid hosp,quantile,0.85,27.353410224745698
10,2026-09-05,2,2026-09-19,wk inc covid hosp,quantile,0.85,9.894406580619188
11,2026-09-05,2,2026-09-19,wk inc covid hosp,quantile,0.85,12.12639427233632
12,2026-09-05,2,2026-09-19,wk inc covid hosp,quantile,0.85,608.411328539263
13,2026-09-05,2,2026-09-19,wk inc covid hosp,quantile,0.85,228.56668747091047
15,2026-09-05,2,2026-09-19,wk inc covid hosp,quantile,0.85,46.61180818033059
16,2026-09-05,2,2026-09-19,wk inc covid hosp,quantile,0.85,33.88146334542539
17,2026-09-05,2,2026-09-19,wk inc covid hosp,quantile,0.85,66.96854649653119
18,2026-09-05,2,2026-09-19,wk inc covid hosp,quantile,0.85,28.4056182190088
19,2026-09-05,2,2026-09-19,wk inc covid hosp,quantile,0.85,15.238648408923211
20,2026-09-05,2,2026-09-19,wk inc covid hosp,quantile,0.85,22.014177569072007
21,2026-09-05,2,2026-09-19,wk inc covid hosp,quantile,0.85,29.415965387805784
22,2026-09-05,2,2026-09-19,wk inc covid hosp,quantile,0.85,123.12457715685467
23,2026-09-05,2,2026-09-19,wk inc covid hosp,quantile,0.85,3.6751344530122414
24,2026-09-05,2,2026-09-19,wk inc covid hosp,quantile,0.85,26.307955089735806
25,2026-09-05,2,2026-09-19,wk inc covid hosp,quantile,0.85,59.0405302725014
26,2026-09-05,2,2026-09-19,wk inc covid hosp,quantile,0.85,64.40227367956362
27,2026-09-05,2,2026-09-19,wk inc covid hosp,quantile,0.85,34.600772152610546
28,2026-09-05,2,2026-09-19,wk inc covid hosp,quantile,0.85,54.590352484911776
29,2026-09-05,2,2026-09-19,wk inc covid hosp,quantile,0.85,60.21760433818466
30,2026-09-05,2,2026-09-19,wk inc covid hosp,quantile,0.85,8.612241573836883
31,2026-09-05,2,2026-09-19,wk inc covid hosp,quantile,0.85,15.872157949054863
32,2026-09-05,2,2026-09-19,wk inc covid hosp,quantile,0.85,30.48806606069495
33,2026-09-05,2,2026-09-19,wk inc covid hosp,quantile,0.85,10.171986161768013
34,2026-09-05,2,2026-09-19,wk inc covid hosp,quantile,0.85,196.06591590318106
35,2026-09-05,2,2026-09-19,wk inc covid hosp,quantile,0.85,29.38225070275615
36,2026-09-05,2,2026-09-19,wk inc covid hosp,quantile,0.85,359.8115213082409
37,2026-09-05,2,2026-09-19,wk inc covid hosp,quantile,0.85,226.49952855487254
38,2026-09-05,2,2026-09-19,wk inc covid hosp,quantile,0.85,1.3764311919955792
39,2026-09-05,2,2026-09-19,wk inc covid hosp,quantile,0.85,81.30688681579517
40,2026-09-05,2,2026-09-19,wk inc covid hosp,quantile,0.85,33.628739747474455
41,2026-09-05,2,2026-09-19,wk inc covid hosp,quantile,0.85,40.892545778534554
42,2026-09-05,2,2026-09-19,wk inc covid hosp,quantile,0.85,116.90955237785866
44,2026-09-05,2,2026-09-19,wk inc covid hosp,quantile,0.85,8.875002815545304
45,2026-09-05,2,2026-09-19,wk inc covid hosp,quantile,0.85,110.68094880751138
46,2026-09-05,2,2026-09-19,wk inc covid hosp,quantile,0.85,7.503810266516292
47,2026-09-05,2,2026-09-19,wk inc covid hosp,quantile,0.85,142.7063382089186
48,2026-09-05,2,2026-09-19,wk inc covid hosp,quantile,0.85,758.0430575354258
49,2026-09-05,2,2026-09-19,wk inc covid hosp,quantile,0.85,25.80134300100358
50,2026-09-05,2,2026-09-19,wk inc covid hosp,quantile,0.85,2.8992484819320024
51,2026-09-05,2,2026-09-19,wk inc covid hosp,quantile,0.85,89.28125177272027
53,2026-09-05,2,2026-09-19,wk inc covid hosp,quantile,0.85,104.29837522995757
54,2026-09-05,2,2026-09-19,wk inc covid hosp,quantile,0.85,9.612016415191674
55,2026-09-05,2,2026-09-19,wk inc covid hosp,quantile,0.85,47.603015511830684
56,2026-09-05,2,2026-09-19,wk inc covid hosp,quantile,0.85,3.7804436677189135
72,2026-09-05,2,2026-09-19,wk inc covid hosp,quantile,0.85,159.87332889138327
US,2026-09-05,2,2026-09-19,wk inc covid hosp,quantile,0.85,5196.089403412326
01,2026-09-05,3,2026-09-26,wk inc covid hosp,quantile,0.85,148.93205291180433
02,2026-09-05,3,2026-09-26,wk inc covid hosp,quantile,0.85,7.481931121378228
04,2026-09-05,3,2026-09-26,wk inc covid hosp,quantile,0.85,155.9393620128478
05,2026-09-05,3,2026-09-26,wk inc covid hosp,quantile,0.85,26.78521273073013
06,2026-09-05,3,2026-09-26,wk inc covid hosp,quantile,0.85,916.2794349680789
08,2026-09-05,3,2026-09-26,wk inc covid hosp,quantile,0.85,60.80844463819484
09,2026-09-05,3,2026-09-26,wk inc covid hosp,quantile,0.85,28.763173449908873
10,2026-09-05,3,2026-09-26,wk inc covid hosp,quantile,0.85,10.615668100597228
11,2026-09-05,3,2026-09-26,wk inc covid hosp,quantile,0.85,13.48374441294251
12,2026-09-05,3,2026-09-26,wk inc covid hosp,quantile,0.85,657.0475062756606
13,2026-09-05,3,2026-09-26,wk inc covid hosp,quantile,0.85,255.490815094531
15,2026-09-05,3,2026-09-26,wk inc covid hosp,quantile,0.85,48.99944060872525
16,2026-09-05,3,2026-09-26,wk inc covid hosp,quantile,0.85,36.85995465492043
17,2026-09-05,3,2026-09-26,wk inc covid hosp,quantile,0.85,78.1602978225589
18,2026-09-05,3,2026-09-26,wk inc covid hosp,quantile,0.85,36.999771007975724
19,2026-09-05,3,2026-09-26,wk inc covid hosp,quantile,0.85,17.359314217836427
20,2026-09-05,3,2026-09-26,wk inc covid hosp,quantile,0.85,24.658423600668804
21,2026-09-05,3,2026-09-26,wk inc covid hosp,quantile,0.85,31.682282005374425
22,2026-09-05,3,2026-09-26,wk inc covid hosp,quantile,0.85,129.58994996685385
23,2026-09-05,3,2026-09-26,wk inc covid hosp,quantile,0.85,4.1173531546981925
24,2026-09-05,3,2026-09-26,wk inc covid hosp,quantile,0.85,33.06614280500423
25,2026-09-05,3,2026-09-26,wk inc covid hosp,quantile,0.85,67.05503123922679
26,2026-09-05,3,2026-09-26,wk inc covid hosp,quantile,0.85,80.42537834865301
27,2026-09-05,3,2026-09-26,wk inc covid hosp,quantile,0.85,38.93988858419118
28,2026-09-05,3,2026-09-26,wk inc covid hosp,quantile,0.85,57.2158644113088
29,2026-09-05,3,2026-09-26,wk inc covid hosp,quantile,0.85,65.9081726596593
30,2026-09-05,3,2026-09-26,wk inc covid hosp,quantile,0.85,9.119404823963604
31,2026-09-05,3,2026-09-26,wk inc covid hosp,quantile,0.85,16.942479648412498
32,2026-09-05,3,2026-09-26,wk inc covid hosp,quantile,0.85,33.16559226684795
33,2026-09-05,3,2026-09-26,wk inc covid hosp,quantile,0.85,10.973728627580408
34,2026-09-05,3,2026-09-26,wk inc covid hosp,quantile,0.85,217.13913951471827
35,2026-09-05,3,2026-09-26,wk inc covid hosp,quantile,0.85,31.73077233026083
36,2026-09-05,3,2026-09-26,wk inc covid hosp,quantile,0.85,408.84961105446945
37,2026-09-05,3,2026-09-26,wk inc covid hosp,quantile,0.85,248.70409463318
38,2026-09-05,3,2026-09-26,wk inc covid hosp,quantile,0.85,1.3856257423449703
39,2026-09-05,3,2026-09-26,wk inc covid hosp,quantile,0.85,100.05411868704587
40,2026-09-05,3,2026-09-26,wk inc covid hosp,quantile,0.85,39.69596942623162
41,2026-09-05,3,2026-09-26,wk inc covid hosp,quantile,0.85,46.81716768837842
42,2026-09-05,3,2026-09-26,wk inc covid hosp,quantile,0.85,141.12263501522182
44,2026-09-05,3,2026-09-26,wk inc covid hosp,quantile,0.85,9.935609180592737
45,2026-09-05,3,2026-09-26,wk inc covid hosp,quantile,0.85,118.12326558984577
46,2026-09-05,3,2026-09-26,wk inc covid hosp,quantile,0.85,8.168531911881619
47,2026-09-05,3,2026-09-26,wk inc covid hosp,quantile,0.85,157.40839310458907
48,2026-09-05,3,2026-09-26,wk inc covid hosp,quantile,0.85,816.2235475717704
49,2026-09-05,3,2026-09-26,wk inc covid hosp,quantile,0.85,29.371623743581324
50,2026-09-05,3,2026-09-26,wk inc covid hosp,quantile,0.85,3.054879985481273
51,2026-09-05,3,2026-09-26,wk inc covid hosp,quantile,0.85,101.45284522746437
53,2026-09-05,3,2026-09-26,wk inc covid hosp,quantile,0.85,115.00785207763512
54,2026-09-05,3,2026-09-26,wk inc covid hosp,quantile,0.85,11.542471662456713
55,2026-09-05,3,2026-09-26,wk inc covid hosp,quantile,0.85,50.96032266712645
56,2026-09-05,3,2026-09-26,wk inc covid hosp,quantile,0.85,4.0801427039706395
72,2026-09-05,3,2026-09-26,wk inc covid hosp,quantile,0.85,161.05267173794363
US,2026-09-05,3,2026-09-26,wk inc covid hosp,quantile,0.85,5816.661781502049
01,2026-09-05,0,2026-09-05,wk inc covid hosp,quantile,0.9,108.27555066885719
02,2026-09-05,0,2026-09-05,wk inc covid hosp,quantile,0.9,7.064946600676512
04,2026-09-05,0,2026-09-05,wk inc covid hosp,quantile,0.9,114.48697563471461
05,2026-09-05,0,2026-09-05,wk inc covid hosp,quantile,0.9,19.612561987666577
06,2026-09-05,0,2026-09-05,wk inc covid hosp,quantile,0.9,690.2078507136812
08,2026-09-05,0,2026-09-05,wk inc covid hosp,quantile,0.9,37.80921800291612
09,2026-09-05,0,2026-09-05,wk inc covid hosp,quantile,0.9,25.088798640287756
10,2026-09-05,0,2026-09-05,wk inc covid hosp,quantile,0.9,9.455348868436865
11,2026-09-05,0,2026-09-05,wk inc covid hosp,quantile,0.9,10.46485637194455
12,2026-09-05,0,2026-09-05,wk inc covid hosp,quantile,0.9,536.1488290116488
13,2026-09-05,0,2026-09-05,wk inc covid hosp,quantile,0.9,185.82648041387347
15,2026-09-05,0,2026-09-05,wk inc covid hosp,quantile,0.9,43.02858301287674
16,2026-09-05,0,2026-09-05,wk inc covid hosp,quantile,0.9,28.477841699766557
17,2026-09-05,0,2026-09-05,wk inc covid hosp,quantile,0.9,61.618434188920126
18,2026-09-05,0,2026-09-05,wk inc covid hosp,quantile,0.9,23.40948106329612
19,2026-09-05,0,2026-09-05,wk inc covid hosp,quantile,0.9,14.114287476347975
20,2026-09-05,0,2026-09-05,wk inc covid hosp,quantile,0.9,18.79965019191515
21,2026-09-05,0,2026-09-05,wk inc covid hosp,quantile,0.9,28.501146789950734
22,2026-09-05,0,2026-09-05,wk inc covid hosp,quantile,0.9,104.34209834880954
23,2026-09-05,0,2026-09-05,wk inc covid hosp,quantile,0.9,3.0815911938078253
24,2026-09-05,0,2026-09-05,wk inc covid hosp,quantile,0.9,19.938893907017093
25,2026-09-05,0,2026-09-05,wk inc covid hosp,quantile,0.9,53.256507200571086
26,2026-09-05,0,2026-09-05,wk inc covid hosp,quantile,0.9,49.59157393786763
27,2026-09-05,0,2026-09-05,wk inc covid hosp,quantile,0.9,30.97273027677313
28,2026-09-05,0,2026-09-05,wk inc covid hosp,quantile,0.9,46.380596362597615
29,2026-09-05,0,2026-09-05,wk inc covid hosp,quantile,0.9,54.072372319412715
30,2026-09-05,0,2026-09-05,wk inc covid hosp,quantile,0.9,8.491110581527824
31,2026-09-05,0,2026-09-05,wk inc covid hosp,quantile,0.9,14.363406363372922
32,2026-09-05,0,2026-09-05,wk inc covid hosp,quantile,0.9,25.244698931389195
33,2026-09-05,0,2026-09-05,wk inc covid hosp,quantile,0.9,8.417515763212725
34,2026-09-05,0,2026-09-05,wk inc covid hosp,quantile,0.9,153.31315499619691
35,2026-09-05,0,2026-09-05,wk inc covid hosp,quantile,0.9,23.54164877124545
36,2026-09-05,0,2026-09-05,wk inc covid hosp,quantile,0.9,292.18292278156866
37,2026-09-05,0,2026-09-05,wk inc covid hosp,quantile,0.9,177.58497561037234
38,2026-09-05,0,2026-09-05,wk inc covid hosp,quantile,0.9,1.7137823509396377
39,2026-09-05,0,2026-09-05,wk inc covid hosp,quantile,0.9,69.87892176705785
40,2026-09-05,0,2026-09-05,wk inc covid hosp,quantile,0.9,29.26587863427273
41,2026-09-05,0,2026-09-05,wk inc covid hosp,quantile,0.9,32.262249969732196
42,2026-09-05,0,2026-09-05,wk inc covid hosp,quantile,0.9,101.56279574473156
44,2026-09-05,0,2026-09-05,wk inc covid hosp,quantile,0.9,9.077712544282571
45,2026-09-05,0,2026-09-05,wk inc covid hosp,quantile,0.9,90.96789758804438
46,2026-09-05,0,2026-09-05,wk inc covid hosp,quantile,0.9,7.684255853620677
47,2026-09-05,0,2026-09-05,wk inc covid hosp,quantile,0.9,115.39109191994967
48,2026-09-05,0,2026-09-05,wk inc covid hosp,quantile,0.9,661.9242402329128
49,2026-09-05,0,2026-09-05,wk inc covid hosp,quantile,0.9,18.138779747775303
50,2026-09-05,0,2026-09-05,wk inc covid hosp,quantile,0.9,3.0584694485686628
51,2026-09-05,0,2026-09-05,wk inc covid hosp,quantile,0.9,63.38322351219544
53,2026-09-05,0,2026-09-05,wk inc covid hosp,quantile,0.9,80.13088134997668
54,2026-09-05,0,2026-09-05,wk inc covid hosp,quantile,0.9,9.769643868941232
55,2026-09-05,0,2026-09-05,wk inc covid hosp,quantile,0.9,44.56250681017421
56,2026-09-05,0,2026-09-05,wk inc covid hosp,quantile,0.9,3.786805351310726
72,2026-09-05,0,2026-09-05,wk inc covid hosp,quantile,0.9,171.64577178437764
US,2026-09-05,0,2026-09-05,wk inc covid hosp,quantile,0.9,4074.8300702948063
01,2026-09-05,1,2026-09-12,wk inc covid hosp,quantile,0.9,121.13049369146107
02,2026-09-05,1,2026-09-12,wk inc covid hosp,quantile,0.9,7.536147617903452
04,2026-09-05,1,2026-09-12,wk inc covid hosp,quantile,0.9,130.38948154306195
05,2026-09-05,1,2026-09-12,wk inc covid hosp,quantile,0.9,21.480670099849714
06,2026-09-05,1,2026-09-12,wk inc covid hosp,quantile,0.9,766.343225799229
08,2026-09-05,1,2026-09-12,wk inc covid hosp,quantile,0.9,44.7856266868637
09,2026-09-05,1,2026-09-12,wk inc covid hosp,quantile,0.9,28.32956766616863
10,2026-09-05,1,2026-09-12,wk inc covid hosp,quantile,0.9,10.11321197240469
11,2026-09-05,1,2026-09-12,wk inc covid hosp,quantile,0.9,12.921660809422544
12,2026-09-05,1,2026-09-12,wk inc covid hosp,quantile,0.9,590.5656033625228
13,2026-09-05,1,2026-09-12,wk inc covid hosp,quantile,0.9,213.65296042953287
15,2026-09-05,1,2026-09-12,wk inc covid hosp,quantile,0.9,46.36316135440818
16,2026-09-05,1,2026-09-12,wk inc covid hosp,quantile,0.9,36.286797063391724
17,2026-09-05,1,2026-09-12,wk inc covid hosp,quantile,0.9,69.13163089864284
18,2026-09-05,1,2026-09-12,wk inc covid hosp,quantile,0.9,24.95736732383919
19,2026-09-05,1,2026-09-12,wk inc covid hosp,quantile,0.9,15.33445116806225
20,2026-09-05,1,2026-09-12,wk inc covid hosp,quantile,0.9,20.130563799507385
21,2026-09-05,1,2026-09-12,wk inc covid hosp,quantile,0.9,30.651582141778604
22,2026-09-05,1,2026-09-12,wk inc covid hosp,quantile,0.9,122.1650832624635
23,2026-09-05,1,2026-09-12,wk inc covid hosp,quantile,0.9,3.4835179702889367
24,2026-09-05,1,2026-09-12,wk inc covid hosp,quantile,0.9,22.23718929988754
25,2026-09-05,1,2026-09-12,wk inc covid hosp,quantile,0.9,59.53132294397048
26,2026-09-05,1,2026-09-12,wk inc covid hosp,quantile,0.9,64.49438572542462
27,2026-09-05,1,2026-09-12,wk inc covid hosp,quantile,0.9,33.15189680185423
28,2026-09-05,1,2026-09-12,wk inc covid hosp,quantile,0.9,53.74538580845783
29,2026-09-05,1,2026-09-12,wk inc covid hosp,quantile,0.9,60.3993983373331
30,2026-09-05,1,2026-09-12,wk inc covid hosp,quantile,0.9,9.115131630008415
31,2026-09-05,1,2026-09-12,wk inc covid hosp,quantile,0.9,17.645397209863248
32,2026-09-05,1,2026-09-12,wk inc covid hosp,quantile,0.9,29.06922054541666
33,2026-09-05,1,2026-09-12,wk inc covid hosp,quantile,0.9,9.515591572601732
34,2026-09-05,1,2026-09-12,wk inc covid hosp,quantile,0.9,179.71009696317077
35,2026-09-05,1,2026-09-12,wk inc covid hosp,quantile,0.9,28.067651250340585
36,2026-09-05,1,2026-09-12,wk inc covid hosp,quantile,0.9,327.03261637142026
37,2026-09-05,1,2026-09-12,wk inc covid hosp,quantile,0.9,202.53419576564107
38,2026-09-05,1,2026-09-12,wk inc covid hosp,quantile,0.9,1.8516978653749172
39,2026-09-05,1,2026-09-12,wk inc covid hosp,quantile,0.9,74.86950309872843
40,2026-09-05,1,2026-09-12,wk inc covid hosp,quantile,0.9,32.71856260875327
41,2026-09-05,1,2026-09-12,wk inc covid hosp,quantile,0.9,36.320798827244786
42,2026-09-05,1,2026-09-12,wk inc covid hosp,quantile,0.9,116.8672315661918
44,2026-09-05,1,2026-09-12,wk inc covid hosp,quantile,0.9,10.455470251718625
45,2026-09-05,1,2026-09-12,wk inc covid hosp,quantile,0.9,101.18984599687288
46,2026-09-05,1,2026-09-12,wk inc covid hosp,quantile,0.9,9.189128790780126
47,2026-09-05,1,2026-09-12,wk inc covid hosp,quantile,0.9,130.05480169443194
48,2026-09-05,1,2026-09-12,wk inc covid hosp,quantile,0.9,727.8230415786182
49,2026-09-05,1,2026-09-12,wk inc covid hosp,quantile,0.9,21.413475071073346
50,2026-09-05,1,2026-09-12,wk inc covid hosp,quantile,0.9,3.2065124633676914
51,2026-09-05,1,2026-09-12,wk inc covid hosp,quantile,0.9,75.38647217000621
53,2026-09-05,1,2026-09-12,wk inc covid hosp,quantile,0.9,92.55057678814258
54,2026-09-05,1,2026-09-12,wk inc covid hosp,quantile,0.9,10.569552467272146
55,2026-09-05,1,2026-09-12,wk inc covid hosp,quantile,0.9,49.639415244682084
56,2026-09-05,1,2026-09-12,wk inc covid hosp,quantile,0.9,3.9756678457971755
72,2026-09-05,1,2026-09-12,wk inc covid hosp,quantile,0.9,178.30832505943994
US,2026-09-05,1,2026-09-12,wk inc covid hosp,quantile,0.9,4537.852778346322
01,2026-09-05,2,2026-09-19,wk inc covid hosp,quantile,0.9,145.2868371819163
02,2026-09-05,2,2026-09-19,wk inc covid hosp,quantile,0.9,8.341616596790907
04,2026-09-05,2,2026-09-19,wk inc covid hosp,quantile,0.9,151.95846967164522
05,2026-09-05,2,2026-09-19,wk inc covid hosp,quantile,0.9,24.421947764140842
06,2026-09-05,2,2026-09-19,wk inc covid hosp,quantile,0.9,843.8486625233753
08,2026-09-05,2,2026-09-19,wk inc covid hosp,quantile,0.9,55.70144495386459
09,2026-09-05,2,2026-09-19,wk inc covid hosp,quantile,0.9,31.845325678898615
10,2026-09-05,2,2026-09-19,wk inc covid hosp,quantile,0.9,10.56214156710962
11,2026-09-05,2,2026-09-19,wk inc covid hosp,quantile,0.9,14.790627337022478
12,2026-09-05,2,2026-09-19,wk inc covid hosp,quantile,0.9,650.080801734242
13,2026-09-05,2,2026-09-19,wk inc covid hosp,quantile,0.9,262.3662999057137
15,2026-09-05,2,2026-09-19,wk inc covid hosp,quantile,0.9,52.469478580820926
16,2026-09-05,2,2026-09-19,wk inc covid hosp,quantile,0.9,39.8411343666868
17,2026-09-05,2,2026-09-19,wk inc covid hosp,quantile,0.9,75.48425951432752
18,2026-09-05,2,2026-09-19,wk inc covid hosp,quantile,0.9,30.620563131614823
19,2026-09-05,2,2026-09-19,wk inc covid hosp,quantile,0.9,16.439451910054046
20,2026-09-05,2,2026-09-19,wk inc covid hosp,quantile,0.9,23.230248768754077
21,2026-09-05,2,2026-09-19,wk inc covid hosp,quantile,0.9,33.06918035185469
22,2026-09-05,2,2026-09-19,wk inc covid hosp,quantile,0.9,137.82209820438675
23,2026-09-05,2,2026-09-19,wk inc covid hosp,quantile,0.9,3.8371055388487396
24,2026-09-05,2,2026-09-19,wk inc covid hosp,quantile,0.9,27.888420930246113
25,2026-09-05,2,2026-09-19,wk inc covid hosp,quantile,0.9,64.30753225444693
26,2026-09-05,2,2026-09-19,wk inc covid hosp,quantile,0.9,73.19770252347463
27,2026-09-05,2,2026-09-19,wk inc covid hosp,quantile,0.9,37.43295001972872
28,2026-09-05,2,2026-09-19,wk inc covid hosp,quantile,0.9,59.397926645999654
29,2026-09-05,2,2026-09-19,wk inc covid hosp,quantile,0.9,68.2229921661068
30,2026-09-05,2,2026-09-19,wk inc covid hosp,quantile,0.9,9.65035903223934
31,2026-09-05,2,2026-09-19,wk inc covid hosp,quantile,0.9,19.671794749193754
32,2026-09-05,2,2026-09-19,wk inc covid hosp,quantile,0.9,33.38038542493476
33,2026-09-05,2,2026-09-19,wk inc covid hosp,quantile,0.9,10.633356340438878
34,2026-09-05,2,2026-09-19,wk inc covid hosp,quantile,0.9,208.08618369526727
35,2026-09-05,2,2026-09-19,wk inc covid hosp,quantile,0.9,30.923634031142196
36,2026-09-05,2,2026-09-19,wk inc covid hosp,quantile,0.9,376.9461434419779
37,2026-09-05,2,2026-09-19,wk inc covid hosp,quantile,0.9,239.76249424629233
38,2026-09-05,2,2026-09-19,wk inc covid hosp,quantile,0.9,1.8555545632539785
39,2026-09-05,2,2026-09-19,wk inc covid hosp,quantile,0.9,84.43962486411175
40,2026-09-05,2,2026-09-19,wk inc covid hosp,quantile,0.9,35.27140588445243
41,2026-09-05,2,2026-09-19,wk inc covid hosp,quantile,0.9,44.333406851571304
42,2026-09-05,2,2026-09-19,wk inc covid hosp,quantile,0.9,128.11571620155505
44,2026-09-05,2,2026-09-19,wk inc covid hosp,quantile,0.9,10.982028977473785
45,2026-09-05,2,2026-09-19,wk inc covid hosp,quantile,0.9,116.83685567351384
46,2026-09-05,2,2026-09-19,wk inc covid hosp,quantile,0.9,9.469511216284122
47,2026-09-05,2,2026-09-19,wk inc covid hosp,quantile,0.9,151.9972889606903
48,2026-09-05,2,2026-09-19,wk inc covid hosp,quantile,0.9,794.385918085331
49,2026-09-05,2,2026-09-19,wk inc covid hosp,quantile,0.9,26.808815865280827
50,2026-09-05,2,2026-09-19,wk inc covid hosp,quantile,0.9,3.3706946925198094
51,2026-09-05,2,2026-09-19,wk inc covid hosp,quantile,0.9,90.84519351450317
53,2026-09-05,2,2026-09-19,wk inc covid hosp,quantile,0.9,112.17398330501194
54,2026-09-05,2,2026-09-19,wk inc covid hosp,quantile,0.9,11.534672165030578
55,2026-09-05,2,2026-09-19,wk inc covid hosp,quantile,0.9,51.598382638511964
56,2026-09-05,2,2026-09-19,wk inc covid hosp,quantile,0.9,4.1171699751891095
72,2026-09-05,2,2026-09-19,wk inc covid hosp,quantile,0.9,175.7403655752406
US,2026-09-05,2,2026-09-19,wk inc covid hosp,quantile,0.9,5228.0552982171075
01,2026-09-05,3,2026-09-26,wk inc covid hosp,quantile,0.9,161.90987760973744
02,2026-09-05,3,2026-09-26,wk inc covid hosp,quantile,0.9,8.55347532447792
04,2026-09-05,3,2026-09-26,wk inc covid hosp,quantile,0.9,175.27097331729834
05,2026-09-05,3,2026-09-26,wk inc covid hosp,quantile,0.9,27.460741101660034
06,2026-09-05,3,2026-09-26,wk inc covid hosp,quantile,0.9,942.7770444600677
08,2026-09-05,3,2026-09-26,wk inc covid hosp,quantile,0.9,63.830846139497055
09,2026-09-05,3,2026-09-26,wk inc covid hosp,quantile,0.9,37.18372898315044
10,2026-09-05,3,2026-09-26,wk inc covid hosp,quantile,0.9,11.107241069921045
11,2026-09-05,3,2026-09-26,wk inc covid hosp,quantile,0.9,15.601780332073647
12,2026-09-05,3,2026-09-26,wk inc covid hosp,quantile,0.9,723.0566675870259
13,2026-09-05,3,2026-09-26,wk inc covid hosp,quantile,0.9,292.8916370188898
15,2026-09-05,3,2026-09-26,wk inc covid hosp,quantile,0.9,57.0188621241653
16,2026-09-05,3,2026-09-26,wk inc covid hosp,quantile,0.9,44.45618085031718
17,2026-09-05,3,2026-09-26,wk inc covid hosp,quantile,0.9,90.32434184074195
18,2026-09-05,3,2026-09-26,wk inc covid hosp,quantile,0.9,37.013818734324424
19,2026-09-05,3,2026-09-26,wk inc covid hosp,quantile,0.9,18.70954908386767
20,2026-09-05,3,2026-09-26,wk inc covid hosp,quantile,0.9,28.57606459907046
21,2026-09-05,3,2026-09-26,wk inc covid hosp,quantile,0.9,38.18531215851386
22,2026-09-05,3,2026-09-26,wk inc covid hosp,quantile,0.9,142.62215445403567
23,2026-09-05,3,2026-09-26,wk inc covid hosp,quantile,0.9,4.290937876851527
24,2026-09-05,3,2026-09-26,wk inc covid hosp,quantile,0.9,33.720122653633204
25,2026-09-05,3,2026-09-26,wk inc covid hosp,quantile,0.9,73.95024130082311
26,2026-09-05,3,2026-09-26,wk inc covid hosp,quantile,0.9,84.35826907405215
27,2026-09-05,3,2026-09-26,wk inc covid hosp,quantile,0.9,44.918162072384824
28,2026-09-05,3,2026-09-26,wk inc covid hosp,quantile,0.9,64.70800553721843
29,2026-09-05,3,2026-09-26,wk inc covid hosp,quantile,0.9,81.41559816383024
30,2026-09-05,3,2026-09-26,wk inc covid hosp,quantile,0.9,10.658021621151915
31,2026-09-05,3,2026-09-26,wk inc covid hosp,quantile,0.9,22.40476734529689
32,2026-09-05,3,2026-09-26,wk inc covid hosp,quantile,0.9,37.00153070312409
33,2026-09-05,3,2026-09-26,wk inc covid hosp,quantile,0.9,11.658960530816637
34,2026-09-05,3,2026-09-26,wk inc covid hosp,quantile,0.9,237.09051902307175
35,2026-09-05,3,2026-09-26,wk inc covid hosp,quantile,0.9,35.229508693540694
36,2026-09-05,3,2026-09-26,wk inc covid hosp,quantile,0.9,423.8679958844953
37,2026-09-05,3,2026-09-26,wk inc covid hosp,quantile,0.9,265.2952221514747
38,2026-09-05,3,2026-09-26,wk inc covid hosp,quantile,0.9,1.8511777873844797
39,2026-09-05,3,2026-09-26,wk inc covid hosp,quantile,0.9,105.42423771346255
40,2026-09-05,3,2026-09-26,wk inc covid hosp,quantile,0.9,42.13082265152103
41,2026-09-05,3,2026-09-26,wk inc covid hosp,quantile,0.9,52.428423619253245
42,2026-09-05,3,2026-09-26,wk inc covid hosp,quantile,0.9,146.8227804314597
44,2026-09-05,3,2026-09-26,wk inc covid hosp,quantile,0.9,11.386658190139991
45,2026-09-05,3,2026-09-26,wk inc covid hosp,quantile,0.9,128.60733239081853
46,2026-09-05,3,2026-09-26,wk inc covid hosp,quantile,0.9,10.33978589337389
47,2026-09-05,3,2026-09-26,wk inc covid hosp,quantile,0.9,169.84313015571922
48,2026-09-05,3,2026-09-26,wk inc covid hosp,quantile,0.9,852.5138760489194
49,2026-09-05,3,2026-09-26,wk inc covid hosp,quantile,0.9,30.339714822175697
50,2026-09-05,3,2026-09-26,wk inc covid hosp,quantile,0.9,3.8887070401765347
51,2026-09-05,3,2026-09-26,wk inc covid hosp,quantile,0.9,107.79423183621469
53,2026-09-05,3,2026-09-26,wk inc covid hosp,quantile,0.9,124.84513922232804
54,2026-09-05,3,2026-09-26,wk inc covid hosp,quantile,0.9,12.495430202196182
55,2026-09-05,3,2026-09-26,wk inc covid hosp,quantile,0.9,61.46299085759302
56,2026-09-05,3,2026-09-26,wk inc covid hosp,quantile,0.9,4.769443814530284
72,2026-09-05,3,2026-09-26,wk inc covid hosp,quantile,0.9,178.84332042353637
US,2026-09-05,3,2026-09-26,wk inc covid hosp,quantile,0.9,6067.336008074093
01,2026-09-05,0,2026-09-05,wk inc covid hosp,quantile,0.95,117.1116301131152
02,2026-09-05,0,2026-09-05,wk inc covid hosp,quantile,0.95,8.81227585266692
04,2026-09-05,0,2026-09-05,wk inc covid hosp,quantile,0.95,126.65369355155836
05,2026-09-05,0,2026-09-05,wk inc covid hosp,quantile,0.95,22.5075674346387
06,2026-09-05,0,2026-09-05,wk inc covid hosp,quantile,0.95,704.7633713817615
08,2026-09-05,0,2026-09-05,wk inc covid hosp,quantile,0.95,41.79350482948955
09,2026-09-05,0,2026-09-05,wk inc covid hosp,quantile,0.95,27.228373935466305
10,2026-09-05,0,2026-09-05,wk inc covid hosp,quantile,0.95,11.055937106886914
11,2026-09-05,0,2026-09-05,wk inc covid hosp,quantile,0.95,11.626910419243773
12,2026-09-05,0,2026-09-05,wk inc covid hosp,quantile,0.95,553.1762703893133
13,2026-09-05,0,2026-09-05,wk inc covid hosp,quantile,0.95,196.90836611563108
15,2026-09-05,0,2026-09-05,wk inc covid hosp,quantile,0.95,47.94377733039205
16,2026-09-05,0,2026-09-05,wk inc covid hosp,quantile,0.95,33.20941116278697
17,2026-09-05,0,2026-09-05,wk inc covid hosp,quantile,0.95,69.82418230436853
18,2026-09-05,0,2026-09-05,wk inc covid hosp,quantile,0.95,26.22633390794395
19,2026-09-05,0,2026-09-05,wk inc covid hosp,quantile,0.95,18.374637375884635
20,2026-09-05,0,2026-09-05,wk inc covid hosp,quantile,0.95,22.47475644083844
21,2026-09-05,0,2026-09-05,wk inc covid hosp,quantile,0.95,30.408598612395743
22,2026-09-05,0,2026-09-05,wk inc covid hosp,quantile,0.95,118.13593158099991
23,2026-09-05,0,2026-09-05,wk inc covid hosp,quantile,0.95,3.8582514117304054
24,2026-09-05,0,2026-09-05,wk inc covid hosp,quantile,0.95,21.729419152026093
25,2026-09-05,0,2026-09-05,wk inc covid hosp,quantile,0.95,54.414112062334205
26,2026-09-05,0,2026-09-05,wk inc covid hosp,quantile,0.95,57.24209933661066
27,2026-09-05,0,2026-09-05,wk inc covid hosp,quantile,0.95,33.22991233160407
28,2026-09-05,0,2026-09-05,wk inc covid hosp,quantile,0.95,51.837657976528874
29,2026-09-05,0,2026-09-05,wk inc covid hosp,quantile,0.95,56.76587267863131
30,2026-09-05,0,2026-09-05,wk inc covid hosp,quantile,0.95,9.866585322599308
31,2026-09-05,0,2026-09-05,wk inc covid hosp,quantile,0.95,18.1898595523301
32,2026-09-05,0,2026-09-05,wk inc covid hosp,quantile,0.95,27.484270907836112
33,2026-09-05,0,2026-09-05,wk inc covid hosp,quantile,0.95,9.657108396938135
34,2026-09-05,0,2026-09-05,wk inc covid hosp,quantile,0.95,167.52913748640518
35,2026-09-05,0,2026-09-05,wk inc covid hosp,quantile,0.95,27.51362975904746
36,2026-09-05,0,2026-09-05,wk inc covid hosp,quantile,0.95,316.23393870842875
37,2026-09-05,0,2026-09-05,wk inc covid hosp,quantile,0.95,187.87401277082012
38,2026-09-05,0,2026-09-05,wk inc covid hosp,quantile,0.95,2.2753459051728795
39,2026-09-05,0,2026-09-05,wk inc covid hosp,quantile,0.95,82.34961417274971
40,2026-09-05,0,2026-09-05,wk inc covid hosp,quantile,0.95,34.55313915327561
41,2026-09-05,0,2026-09-05,wk inc covid hosp,quantile,0.95,36.48248355430326
42,2026-09-05,0,2026-09-05,wk inc covid hosp,quantile,0.95,113.26479401473975
44,2026-09-05,0,2026-09-05,wk inc covid hosp,quantile,0.95,10.201374385601362
45,2026-09-05,0,2026-09-05,wk inc covid hosp,quantile,0.95,99.68299567633562
46,2026-09-05,0,2026-09-05,wk inc covid hosp,quantile,0.95,8.671545205263268
47,2026-09-05,0,2026-09-05,wk inc covid hosp,quantile,0.95,126.04484756315563
48,2026-09-05,0,2026-09-05,wk inc covid hosp,quantile,0.95,694.7564201559619
49,2026-09-05,0,2026-09-05,wk inc covid hosp,quantile,0.95,20.626945181949587
50,2026-09-05,0,2026-09-05,wk inc covid hosp,quantile,0.95,3.868711150868573
51,2026-09-05,0,2026-09-05,wk inc covid hosp,quantile,0.95,70.02516361129426
53,2026-09-05,0,2026-09-05,wk inc covid hosp,quantile,0.95,85.68232639350686
54,2026-09-05,0,2026-09-05,wk inc covid hosp,quantile,0.95,10.284043299146456
55,2026-09-05,0,2026-09-05,wk inc covid hosp,quantile,0.95,48.99252877612236
56,2026-09-05,0,2026-09-05,wk inc covid hosp,quantile,0.95,4.774908588309665
72,2026-09-05,0,2026-09-05,wk inc covid hosp,quantile,0.95,186.95093315350405
US,2026-09-05,0,2026-09-05,wk inc covid hosp,quantile,0.95,4278.2928928700785
01,2026-09-05,1,2026-09-12,wk inc covid hosp,quantile,0.95,134.73949428828539
02,2026-09-05,1,2026-09-12,wk inc covid hosp,quantile,0.95,9.148178679677011
04,2026-09-05,1,2026-09-12,wk inc covid hosp,quantile,0.95,148.66177484575707
05,2026-09-05,1,2026-09-12,wk inc covid hosp,quantile,0.95,25.406760505818706
06,2026-09-05,1,2026-09-12,wk inc covid hosp,quantile,0.95,786.3317758988782
08,2026-09-05,1,2026-09-12,wk inc covid hosp,quantile,0.95,48.86347189151364
09,2026-09-05,1,2026-09-12,wk inc covid hosp,quantile,0.95,34.09832556832627
10,2026-09-05,1,2026-09-12,wk inc covid hosp,quantile,0.95,12.174532139223606
11,2026-09-05,1,2026-09-12,wk inc covid hosp,quantile,0.95,13.35630388925623
12,2026-09-05,1,2026-09-12,wk inc covid hosp,quantile,0.95,611.263810810678
13,2026-09-05,1,2026-09-12,wk inc covid hosp,quantile,0.95,240.3802128099614
15,2026-09-05,1,2026-09-12,wk inc covid hosp,quantile,0.95,51.614055317517824
16,2026-09-05,1,2026-09-12,wk inc covid hosp,quantile,0.95,40.751564293820195
17,2026-09-05,1,2026-09-12,wk inc covid hosp,quantile,0.95,77.49749835919434
18,2026-09-05,1,2026-09-12,wk inc covid hosp,quantile,0.95,29.429219502729367
19,2026-09-05,1,2026-09-12,wk inc covid hosp,quantile,0.95,20.47588302503651
20,2026-09-05,1,2026-09-12,wk inc covid hosp,quantile,0.95,24.900115310920622
21,2026-09-05,1,2026-09-12,wk inc covid hosp,quantile,0.95,35.377598533821306
22,2026-09-05,1,2026-09-12,wk inc covid hosp,quantile,0.95,138.41023488112702
23,2026-09-05,1,2026-09-12,wk inc covid hosp,quantile,0.95,4.116765136649437
24,2026-09-05,1,2026-09-12,wk inc covid hosp,quantile,0.95,25.814193776651184
25,2026-09-05,1,2026-09-12,wk inc covid hosp,quantile,0.95,60.17232555987575
26,2026-09-05,1,2026-09-12,wk inc covid hosp,quantile,0.95,75.87942291231683
27,2026-09-05,1,2026-09-12,wk inc covid hosp,quantile,0.95,39.265344367735715
28,2026-09-05,1,2026-09-12,wk inc covid hosp,quantile,0.95,57.49507443178079
29,2026-09-05,1,2026-09-12,wk inc covid hosp,quantile,0.95,64.52474721097192
30,2026-09-05,1,2026-09-12,wk inc covid hosp,quantile,0.95,11.138704582515096
31,2026-09-05,1,2026-09-12,wk inc covid hosp,quantile,0.95,20.95566376221988
32,2026-09-05,1,2026-09-12,wk inc covid hosp,quantile,0.95,31.82082777257042
33,2026-09-05,1,2026-09-12,wk inc covid hosp,quantile,0.95,11.020277814415934
34,2026-09-05,1,2026-09-12,wk inc covid hosp,quantile,0.95,204.80034739544834
35,2026-09-05,1,2026-09-12,wk inc covid hosp,quantile,0.95,32.571386310566176
36,2026-09-05,1,2026-09-12,wk inc covid hosp,quantile,0.95,355.2783410203075
37,2026-09-05,1,2026-09-12,wk inc covid hosp,quantile,0.95,218.2333602982346
38,2026-09-05,1,2026-09-12,wk inc covid hosp,quantile,0.95,2.2781692699104994
39,2026-09-05,1,2026-09-12,wk inc covid hosp,quantile,0.95,89.28118252317697
40,2026-09-05,1,2026-09-12,wk inc covid hosp,quantile,0.95,39.60421653032825
41,2026-09-05,1,2026-09-12,wk inc covid hosp,quantile,0.95,42.00667974416323
42,2026-09-05,1,2026-09-12,wk inc covid hosp,quantile,0.95,126.2545329575085
44,2026-09-05,1,2026-09-12,wk inc covid hosp,quantile,0.95,11.063687919324842
45,2026-09-05,1,2026-09-12,wk inc covid hosp,quantile,0.95,118.25599554971039
46,2026-09-05,1,2026-09-12,wk inc covid hosp,quantile,0.95,9.751932838415911
47,2026-09-05,1,2026-09-12,wk inc covid hosp,quantile,0.95,148.53281288728746
48,2026-09-05,1,2026-09-12,wk inc covid hosp,quantile,0.95,802.9795744201384
49,2026-09-05,1,2026-09-12,wk inc covid hosp,quantile,0.95,25.341571315939547
50,2026-09-05,1,2026-09-12,wk inc covid hosp,quantile,0.95,4.214567361517052
51,2026-09-05,1,2026-09-12,wk inc covid hosp,quantile,0.95,85.23686473716441
53,2026-09-05,1,2026-09-12,wk inc covid hosp,quantile,0.95,99.45926571848346
54,2026-09-05,1,2026-09-12,wk inc covid hosp,quantile,0.95,11.57916870804263
55,2026-09-05,1,2026-09-12,wk inc covid hosp,quantile,0.95,62.32152285878902
56,2026-09-05,1,2026-09-12,wk inc covid hosp,quantile,0.95,5.200775365114855
72,2026-09-05,1,2026-09-12,wk inc covid hosp,quantile,0.95,196.72928369521196
US,2026-09-05,1,2026-09-12,wk inc covid hosp,quantile,0.95,4849.579943120646
01,2026-09-05,2,2026-09-19,wk inc covid hosp,quantile,0.95,152.3208078986632
02,2026-09-05,2,2026-09-19,wk inc covid hosp,quantile,0.95,9.883577277745859
04,2026-09-05,2,2026-09-19,wk inc covid hosp,quantile,0.95,173.82995547309554
05,2026-09-05,2,2026-09-19,wk inc covid hosp,quantile,0.95,30.311657796105035
06,2026-09-05,2,2026-09-19,wk inc covid hosp,quantile,0.95,899.7453869012448
08,2026-09-05,2,2026-09-19,wk inc covid hosp,quantile,0.95,58.36052184396298
09,2026-09-05,2,2026-09-19,wk inc covid hosp,quantile,0.95,39.274914379431515
10,2026-09-05,2,2026-09-19,wk inc covid hosp,quantile,0.95,13.531282805814973
11,2026-09-05,2,2026-09-19,wk inc covid hosp,quantile,0.95,14.872290979656592
12,2026-09-05,2,2026-09-19,wk inc covid hosp,quantile,0.95,670.3717788789639
13,2026-09-05,2,2026-09-19,wk inc covid hosp,quantile,0.95,299.66757791957417
15,2026-09-05,2,2026-09-19,wk inc covid hosp,quantile,0.95,58.64337050360171
16,2026-09-05,2,2026-09-19,wk inc covid hosp,quantile,0.95,43.9061694487487
17,2026-09-05,2,2026-09-19,wk inc covid hosp,quantile,0.95,86.54868773065468
18,2026-09-05,2,2026-09-19,wk inc covid hosp,quantile,0.95,34.79909164925428
19,2026-09-05,2,2026-09-19,wk inc covid hosp,quantile,0.95,23.970213930500368
20,2026-09-05,2,2026-09-19,wk inc covid hosp,quantile,0.95,29.890254243401234
21,2026-09-05,2,2026-09-19,wk inc covid hosp,quantile,0.95,39.36234250457773
22,2026-09-05,2,2026-09-19,wk inc covid hosp,quantile,0.95,148.45102436521958
23,2026-09-05,2,2026-09-19,wk inc covid hosp,quantile,0.95,4.605704378316664
24,2026-09-05,2,2026-09-19,wk inc covid hosp,quantile,0.95,30.841757687122012
25,2026-09-05,2,2026-09-19,wk inc covid hosp,quantile,0.95,70.39554952289978
26,2026-09-05,2,2026-09-19,wk inc covid hosp,quantile,0.95,88.82635606275923
27,2026-09-05,2,2026-09-19,wk inc covid hosp,quantile,0.95,45.02592398901494
28,2026-09-05,2,2026-09-19,wk inc covid hosp,quantile,0.95,64.52670148811256
29,2026-09-05,2,2026-09-19,wk inc covid hosp,quantile,0.95,79.25171054564719
30,2026-09-05,2,2026-09-19,wk inc covid hosp,quantile,0.95,12.438206717202075
31,2026-09-05,2,2026-09-19,wk inc covid hosp,quantile,0.95,24.962247782583912
32,2026-09-05,2,2026-09-19,wk inc covid hosp,quantile,0.95,39.17819666977848
33,2026-09-05,2,2026-09-19,wk inc covid hosp,quantile,0.95,12.629924933449958
34,2026-09-05,2,2026-09-19,wk inc covid hosp,quantile,0.95,230.63103235129353
35,2026-09-05,2,2026-09-19,wk inc covid hosp,quantile,0.95,37.660564915790616
36,2026-09-05,2,2026-09-19,wk inc covid hosp,quantile,0.95,411.4287480032024
37,2026-09-05,2,2026-09-19,wk inc covid hosp,quantile,0.95,259.3889642140978
38,2026-09-05,2,2026-09-19,wk inc covid hosp,quantile,0.95,2.385826474343454
39,2026-09-05,2,2026-09-19,wk inc covid hosp,quantile,0.95,102.06338916515702
40,2026-09-05,2,2026-09-19,wk inc covid hosp,quantile,0.95,50.36377989736935
41,2026-09-05,2,2026-09-19,wk inc covid hosp,quantile,0.95,49.603659123181046
42,2026-09-05,2,2026-09-19,wk inc covid hosp,quantile,0.95,155.55332993372932
44,2026-09-05,2,2026-09-19,wk inc covid hosp,quantile,0.95,12.488356761231048
45,2026-09-05,2,2026-09-19,wk inc covid hosp,quantile,0.95,135.24682373103508
46,2026-09-05,2,2026-09-19,wk inc covid hosp,quantile,0.95,10.9281012505956
47,2026-09-05,2,2026-09-19,wk inc covid hosp,quantile,0.95,176.81215138500113
48,2026-09-05,2,2026-09-19,wk inc covid hosp,quantile,0.95,859.3849553365286
49,2026-09-05,2,2026-09-19,wk inc covid hosp,quantile,0.95,30.237362944318317
50,2026-09-05,2,2026-09-19,wk inc covid hosp,quantile,0.95,4.726713772450118
51,2026-09-05,2,2026-09-19,wk inc covid hosp,quantile,0.95,98.85746432389398
53,2026-09-05,2,2026-09-19,wk inc covid hosp,quantile,0.95,117.23628150698534
54,2026-09-05,2,2026-09-19,wk inc covid hosp,quantile,0.95,14.062013687251811
55,2026-09-05,2,2026-09-19,wk inc covid hosp,quantile,0.95,73.33423592436922
56,2026-09-05,2,2026-09-19,wk inc covid hosp,quantile,0.95,5.682068490870163
72,2026-09-05,2,2026-09-19,wk inc covid hosp,quantile,0.95,206.19556753170252
US,2026-09-05,2,2026-09-19,wk inc covid hosp,quantile,0.95,5660.57252098758
01,2026-09-05,3,2026-09-26,wk inc covid hosp,quantile,0.95,182.51039744171086
02,2026-09-05,3,2026-09-26,wk inc covid hosp,quantile,0.95,10.56999763983213
04,2026-09-05,3,2026-09-26,wk inc covid hosp,quantile,0.95,195.52563116702635
05,2026-09-05,3,2026-09-26,wk inc covid hosp,quantile,0.95,33.59588339031313
06,2026-09-05,3,2026-09-26,wk inc covid hosp,quantile,0.95,1004.6736667085197
08,2026-09-05,3,2026-09-26,wk inc covid hosp,quantile,0.95,67.66880509027233
09,2026-09-05,3,2026-09-26,wk inc covid hosp,quantile,0.95,47.119469369834924
10,2026-09-05,3,2026-09-26,wk inc covid hosp,quantile,0.95,14.602246131930457
11,2026-09-05,3,2026-09-26,wk inc covid hosp,quantile,0.95,15.729026209192675
12,2026-09-05,3,2026-09-26,wk inc covid hosp,quantile,0.95,732.2506709332104
13,2026-09-05,3,2026-09-26,wk inc covid hosp,quantile,0.95,332.9643170567406
15,2026-09-05,3,2026-09-26,wk inc covid hosp,quantile,0.95,64.62119071602642
16,2026-09-05,3,2026-09-26,wk inc covid hosp,quantile,0.95,47.30015163109808
17,2026-09-05,3,2026-09-26,wk inc covid hosp,quantile,0.95,104.50899976350127
18,2026-09-05,3,2026-09-26,wk inc covid hosp,quantile,0.95,42.64919790658295
19,2026-09-05,3,2026-09-26,wk inc covid hosp,quantile,0.95,29.139521849379737
20,2026-09-05,3,2026-09-26,wk inc covid hosp,quantile,0.95,34.985081976331585
21,2026-09-05,3,2026-09-26,wk inc covid hosp,quantile,0.95,48.5409555331363
22,2026-09-05,3,2026-09-26,wk inc covid hosp,quantile,0.95,153.09530800717175
23,2026-09-05,3,2026-09-26,wk inc covid hosp,quantile,0.95,5.841157319373733
24,2026-09-05,3,2026-09-26,wk inc covid hosp,quantile,0.95,39.941717987398675
25,2026-09-05,3,2026-09-26,wk inc covid hosp,quantile,0.95,82.43728465318887
26,2026-09-05,3,2026-09-26,wk inc covid hosp,quantile,0.95,104.43118841977322
27,2026-09-05,3,2026-09-26,wk inc covid hosp,quantile,0.95,51.21564040135977
28,2026-09-05,3,2026-09-26,wk inc covid hosp,quantile,0.95,71.81051309803541
29,2026-09-05,3,2026-09-26,wk inc covid hosp,quantile,0.95,94.21655030407508
30,2026-09-05,3,2026-09-26,wk inc covid hosp,quantile,0.95,13.53864217462147
31,2026-09-05,3,2026-09-26,wk inc covid hosp,quantile,0.95,25.913553473183036
32,2026-09-05,3,2026-09-26,wk inc covid hosp,quantile,0.95,44.76374922376961
33,2026-09-05,3,2026-09-26,wk inc covid hosp,quantile,0.95,14.64897373285249
34,2026-09-05,3,2026-09-26,wk inc covid hosp,quantile,0.95,254.0701184274887
35,2026-09-05,3,2026-09-26,wk inc covid hosp,quantile,0.95,40.58556169969115
36,2026-09-05,3,2026-09-26,wk inc covid hosp,quantile,0.95,467.8539369883515
37,2026-09-05,3,2026-09-26,wk inc covid hosp,quantile,0.95,293.687070604109
38,2026-09-05,3,2026-09-26,wk inc covid hosp,quantile,0.95,2.7118122741984
39,2026-09-05,3,2026-09-26,wk inc covid hosp,quantile,0.95,125.83104678871368
40,2026-09-05,3,2026-09-26,wk inc covid hosp,quantile,0.95,58.19484933451977
41,2026-09-05,3,2026-09-26,wk inc covid hosp,quantile,0.95,56.85385047177127
42,2026-09-05,3,2026-09-26,wk inc covid hosp,quantile,0.95,188.81084677045732
44,2026-09-05,3,2026-09-26,wk inc covid hosp,quantile,0.95,13.654320858453563
45,2026-09-05,3,2026-09-26,wk inc covid hosp,quantile,0.95,146.89406162013535
46,2026-09-05,3,2026-09-26,wk inc covid hosp,quantile,0.95,11.657873278266063
47,2026-09-05,3,2026-09-26,wk inc covid hosp,quantile,0.95,194.57918726918558
48,2026-09-05,3,2026-09-26,wk inc covid hosp,quantile,0.95,941.6404874435444
49,2026-09-05,3,2026-09-26,wk inc covid hosp,quantile,0.95,34.112945030766426
50,2026-09-05,3,2026-09-26,wk inc covid hosp,quantile,0.95,5.049608214504738
51,2026-09-05,3,2026-09-26,wk inc covid hosp,quantile,0.95,114.99907363535377
53,2026-09-05,3,2026-09-26,wk inc covid hosp,quantile,0.95,139.91665598131726
54,2026-09-05,3,2026-09-26,wk inc covid hosp,quantile,0.95,16.92429454772304
55,2026-09-05,3,2026-09-26,wk inc covid hosp,quantile,0.95,80.74046694394197
56,2026-09-05,3,2026-09-26,wk inc covid hosp,quantile,0.95,6.160772199590364
72,2026-09-05,3,2026-09-26,wk inc covid hosp,quantile,0.95,212.0344021847527
US,2026-09-05,3,2026-09-26,wk inc covid hosp,quantile,0.95,6473.522361953649
01,2026-09-05,0,2026-09-05,wk inc covid hosp,quantile,0.975,121.62295804949417
02,2026-09-05,0,2026-09-05,wk inc covid hosp,quantile,0.975,9.55500177486482
04,2026-09-05,0,2026-09-05,wk inc covid hosp,quantile,0.975,135.5672235821269
05,2026-09-05,0,2026-09-05,wk inc covid hosp,quantile,0.975,24.431058491946104
06,2026-09-05,0,2026-09-05,wk inc covid hosp,quantile,0.975,752.3100693271427
08,2026-09-05,0,2026-09-05,wk inc covid hosp,quantile,0.975,44.97996855295289
09,2026-09-05,0,2026-09-05,wk inc covid hosp,quantile,0.975,32.930816750732085
10,2026-09-05,0,2026-09-05,wk inc covid hosp,quantile,0.975,12.364528333006467
11,2026-09-05,0,2026-09-05,wk inc covid hosp,quantile,0.975,13.248104251619797
12,2026-09-05,0,2026-09-05,wk inc covid hosp,quantile,0.975,571.1732436964113
13,2026-09-05,0,2026-09-05,wk inc covid hosp,quantile,0.975,211.76272846781578
15,2026-09-05,0,2026-09-05,wk inc covid hosp,quantile,0.975,52.49065049615843
16,2026-09-05,0,2026-09-05,wk inc covid hosp,quantile,0.975,34.985202967483325
17,2026-09-05,0,2026-09-05,wk inc covid hosp,quantile,0.975,71.99015116567149
18,2026-09-05,0,2026-09-05,wk inc covid hosp,quantile,0.975,30.149548447600186
19,2026-09-05,0,2026-09-05,wk inc covid hosp,quantile,0.975,18.55269353236024
20,2026-09-05,0,2026-09-05,wk inc covid hosp,quantile,0.975,22.691425475877082
21,2026-09-05,0,2026-09-05,wk inc covid hosp,quantile,0.975,36.7401516402586
22,2026-09-05,0,2026-09-05,wk inc covid hosp,quantile,0.975,134.39018323893285
23,2026-09-05,0,2026-09-05,wk inc covid hosp,quantile,0.975,4.656427434398161
24,2026-09-05,0,2026-09-05,wk inc covid hosp,quantile,0.975,22.938481422957995
25,2026-09-05,0,2026-09-05,wk inc covid hosp,quantile,0.975,59.49637100784496
26,2026-09-05,0,2026-09-05,wk inc covid hosp,quantile,0.975,69.32662387761961
27,2026-09-05,0,2026-09-05,wk inc covid hosp,quantile,0.975,37.561993797216964
28,2026-09-05,0,2026-09-05,wk inc covid hosp,quantile,0.975,54.196452570126866
29,2026-09-05,0,2026-09-05,wk inc covid hosp,quantile,0.975,64.95400277656601
30,2026-09-05,0,2026-09-05,wk inc covid hosp,quantile,0.975,11.995796095560635
31,2026-09-05,0,2026-09-05,wk inc covid hosp,quantile,0.975,19.560537331441278
32,2026-09-05,0,2026-09-05,wk inc covid hosp,quantile,0.975,32.16738849072698
33,2026-09-05,0,2026-09-05,wk inc covid hosp,quantile,0.975,11.98704057743428
34,2026-09-05,0,2026-09-05,wk inc covid hosp,quantile,0.975,184.43751995794509
35,2026-09-05,0,2026-09-05,wk inc covid hosp,quantile,0.975,29.71804757363799
36,2026-09-05,0,2026-09-05,wk inc covid hosp,quantile,0.975,356.22053491439425
37,2026-09-05,0,2026-09-05,wk inc covid hosp,quantile,0.975,199.51805859085675
38,2026-09-05,0,2026-09-05,wk inc covid hosp,quantile,0.975,3.438610136866023
39,2026-09-05,0,2026-09-05,wk inc covid hosp,quantile,0.975,87.6185338318853
40,2026-09-05,0,2026-09-05,wk inc covid hosp,quantile,0.975,37.63975404964525
41,2026-09-05,0,2026-09-05,wk inc covid hosp,quantile,0.975,38.83970295698027
42,2026-09-05,0,2026-09-05,wk inc covid hosp,quantile,0.975,127.3297340233397
44,2026-09-05,0,2026-09-05,wk inc covid hosp,quantile,0.975,11.17445529266182
45,2026-09-05,0,2026-09-05,wk inc covid hosp,quantile,0.975,108.42882343158422
46,2026-09-05,0,2026-09-05,wk inc covid hosp,quantile,0.975,10.243185796147598
47,2026-09-05,0,2026-09-05,wk inc covid hosp,quantile,0.975,133.93169432740922
48,2026-09-05,0,2026-09-05,wk inc covid hosp,quantile,0.975,723.1961626305002
49,2026-09-05,0,2026-09-05,wk inc covid hosp,quantile,0.975,24.239762315095454
50,2026-09-05,0,2026-09-05,wk inc covid hosp,quantile,0.975,4.2824297012216235
51,2026-09-05,0,2026-09-05,wk inc covid hosp,quantile,0.975,78.03124901358802
53,2026-09-05,0,2026-09-05,wk inc covid hosp,quantile,0.975,92.98548017639028
54,2026-09-05,0,2026-09-05,wk inc covid hosp,quantile,0.975,12.998804689448171
55,2026-09-05,0,2026-09-05,wk inc covid hosp,quantile,0.975,55.31601668480705
56,2026-09-05,0,2026-09-05,wk inc covid hosp,quantile,0.975,5.982631366627789
72,2026-09-05,0,2026-09-05,wk inc covid hosp,quantile,0.975,200.06610035821342
US,2026-09-05,0,2026-09-05,wk inc covid hosp,quantile,0.975,4786.2240545541945
01,2026-09-05,1,2026-09-12,wk inc covid hosp,quantile,0.975,144.1058753119121
02,2026-09-05,1,2026-09-12,wk inc covid hosp,quantile,0.975,10.150059010365165
04,2026-09-05,1,2026-09-12,wk inc covid hosp,quantile,0.975,160.1714939916952
05,2026-09-05,1,2026-09-12,wk inc covid hosp,quantile,0.975,29.136149883906747
06,2026-09-05,1,2026-09-12,wk inc covid hosp,quantile,0.975,883.4014721291862
08,2026-09-05,1,2026-09-12,wk inc covid hosp,quantile,0.975,52.37266562334668
09,2026-09-05,1,2026-09-12,wk inc covid hosp,quantile,0.975,39.015127157219524
10,2026-09-05,1,2026-09-12,wk inc covid hosp,quantile,0.975,12.930407235346202
11,2026-09-05,1,2026-09-12,wk inc covid hosp,quantile,0.975,14.290257914559058
12,2026-09-05,1,2026-09-12,wk inc covid hosp,quantile,0.975,644.4958420343431
13,2026-09-05,1,2026-09-12,wk inc covid hosp,quantile,0.975,265.0623323116766
15,2026-09-05,1,2026-09-12,wk inc covid hosp,quantile,0.975,56.18039773145781
16,2026-09-05,1,2026-09-12,wk inc covid hosp,quantile,0.975,40.863611889511944
17,2026-09-05,1,2026-09-12,wk inc covid hosp,quantile,0.975,89.53752196485163
18,2026-09-05,1,2026-09-12,wk inc covid hosp,quantile,0.975,37.323439226839824
19,2026-09-05,1,2026-09-12,wk inc covid hosp,quantile,0.975,20.958990121407336
20,2026-09-05,1,2026-09-12,wk inc covid hosp,quantile,0.975,25.94941574883066
21,2026-09-05,1,2026-09-12,wk inc covid hosp,quantile,0.975,42.20780962144186
22,2026-09-05,1,2026-09-12,wk inc covid hosp,quantile,0.975,146.09607214364107
23,2026-09-05,1,2026-09-12,wk inc covid hosp,quantile,0.975,5.503797145013744
24,2026-09-05,1,2026-09-12,wk inc covid hosp,quantile,0.975,28.568369501954326
25,2026-09-05,1,2026-09-12,wk inc covid hosp,quantile,0.975,71.23248453261107
26,2026-09-05,1,2026-09-12,wk inc covid hosp,quantile,0.975,91.09038803981582
27,2026-09-05,1,2026-09-12,wk inc covid hosp,quantile,0.975,48.1745972744809
28,2026-09-05,1,2026-09-12,wk inc covid hosp,quantile,0.975,62.88048389139104
29,2026-09-05,1,2026-09-12,wk inc covid hosp,quantile,0.975,74.41749174671628
30,2026-09-05,1,2026-09-12,wk inc covid hosp,quantile,0.975,13.639377302417017
31,2026-09-05,1,2026-09-12,wk inc covid hosp,quantile,0.975,25.468424033831955
32,2026-09-05,1,2026-09-12,wk inc covid hosp,quantile,0.975,38.848241811224604
33,2026-09-05,1,2026-09-12,wk inc covid hosp,quantile,0.975,14.224394624634545
34,2026-09-05,1,2026-09-12,wk inc covid hosp,quantile,0.975,223.33331434419523
35,2026-09-05,1,2026-09-12,wk inc covid hosp,quantile,0.975,35.01405538595348
36,2026-09-05,1,2026-09-12,wk inc covid hosp,quantile,0.975,406.9305263802135
37,2026-09-05,1,2026-09-12,wk inc covid hosp,quantile,0.975,232.24209076447454
38,2026-09-05,1,2026-09-12,wk inc covid hosp,quantile,0.975,3.2828134607883577
39,2026-09-05,1,2026-09-12,wk inc covid hosp,quantile,0.975,106.58336622364105
40,2026-09-05,1,2026-09-12,wk inc covid hosp,quantile,0.975,47.67386079950859
41,2026-09-05,1,2026-09-12,wk inc covid hosp,quantile,0.975,45.41463037624849
42,2026-09-05,1,2026-09-12,wk inc covid hosp,quantile,0.975,147.8613971759579
44,2026-09-05,1,2026-09-12,wk inc covid hosp,quantile,0.975,12.719208396374176
45,2026-09-05,1,2026-09-12,wk inc covid hosp,quantile,0.975,134.57195504175317
46,2026-09-05,1,2026-09-12,wk inc covid hosp,quantile,0.975,10.953152534978429
47,2026-09-05,1,2026-09-12,wk inc covid hosp,quantile,0.975,158.7414424712237
48,2026-09-05,1,2026-09-12,wk inc covid hosp,quantile,0.975,831.6362101389174
49,2026-09-05,1,2026-09-12,wk inc covid hosp,quantile,0.975,32.20102593255767
50,2026-09-05,1,2026-09-12,wk inc covid hosp,quantile,0.975,5.139712861936013
51,2026-09-05,1,2026-09-12,wk inc covid hosp,quantile,0.975,97.14967564859228
53,2026-09-05,1,2026-09-12,wk inc covid hosp,quantile,0.975,111.89163336385167
54,2026-09-05,1,2026-09-12,wk inc covid hosp,quantile,0.975,14.614025654462813
55,2026-09-05,1,2026-09-12,wk inc covid hosp,quantile,0.975,69.38525451451459
56,2026-09-05,1,2026-09-12,wk inc covid hosp,quantile,0.975,6.489171550082347
72,2026-09-05,1,2026-09-12,wk inc covid hosp,quantile,0.975,209.17451764995207
US,2026-09-05,1,2026-09-12,wk inc covid hosp,quantile,0.975,5465.834887523928
01,2026-09-05,2,2026-09-19,wk inc covid hosp,quantile,0.975,163.95757186010144
02,2026-09-05,2,2026-09-19,wk inc covid hosp,quantile,0.975,11.229408032853971
04,2026-09-05,2,2026-09-19,wk inc covid hosp,quantile,0.975,189.0322303237498
05,2026-09-05,2,2026-09-19,wk inc covid hosp,quantile,0.975,35.20628120837044
06,2026-09-05,2,2026-09-19,wk inc covid hosp,quantile,0.975,967.3395390830825
08,2026-09-05,2,2026-09-19,wk inc covid hosp,quantile,0.975,60.62202148163083
09,2026-09-05,2,2026-09-19,wk inc covid hosp,quantile,0.975,51.594008382370816
10,2026-09-05,2,2026-09-19,wk inc covid hosp,quantile,0.975,14.553018692073918
11,2026-09-05,2,2026-09-19,wk inc covid hosp,quantile,0.975,17.30929306403478
12,2026-09-05,2,2026-09-19,wk inc covid hosp,quantile,0.975,722.2229783882341
13,2026-09-05,2,2026-09-19,wk inc covid hosp,quantile,0.975,319.64455853191254
15,2026-09-05,2,2026-09-19,wk inc covid hosp,quantile,0.975,62.80135639474826
16,2026-09-05,2,2026-09-19,wk inc covid hosp,quantile,0.975,50.90762679475729
17,2026-09-05,2,2026-09-19,wk inc covid hosp,quantile,0.975,113.64379914047042
18,2026-09-05,2,2026-09-19,wk inc covid hosp,quantile,0.975,48.90084234257515
19,2026-09-05,2,2026-09-19,wk inc covid hosp,quantile,0.975,26.763640451148376
20,2026-09-05,2,2026-09-19,wk inc covid hosp,quantile,0.975,31.6936232300143
21,2026-09-05,2,2026-09-19,wk inc covid hosp,quantile,0.975,49.45246065692828
22,2026-09-05,2,2026-09-19,wk inc covid hosp,quantile,0.975,175.36794595793884
23,2026-09-05,2,2026-09-19,wk inc covid hosp,quantile,0.975,7.099169679379466
24,2026-09-05,2,2026-09-19,wk inc covid hosp,quantile,0.975,36.36638393100033
25,2026-09-05,2,2026-09-19,wk inc covid hosp,quantile,0.975,86.88688854911511
26,2026-09-05,2,2026-09-19,wk inc covid hosp,quantile,0.975,110.57795212093428
27,2026-09-05,2,2026-09-19,wk inc covid hosp,quantile,0.975,60.17433259096614
28,2026-09-05,2,2026-09-19,wk inc covid hosp,quantile,0.975,71.57645343871093
29,2026-09-05,2,2026-09-19,wk inc covid hosp,quantile,0.975,92.82646950910848
30,2026-09-05,2,2026-09-19,wk inc covid hosp,quantile,0.975,15.809642303610422
31,2026-09-05,2,2026-09-19,wk inc covid hosp,quantile,0.975,30.49515433723278
32,2026-09-05,2,2026-09-19,wk inc covid hosp,quantile,0.975,45.76489508464459
33,2026-09-05,2,2026-09-19,wk inc covid hosp,quantile,0.975,16.090087501988172
34,2026-09-05,2,2026-09-19,wk inc covid hosp,quantile,0.975,262.68034253527617
35,2026-09-05,2,2026-09-19,wk inc covid hosp,quantile,0.975,42.7881829471106
36,2026-09-05,2,2026-09-19,wk inc covid hosp,quantile,0.975,463.9859855451072
37,2026-09-05,2,2026-09-19,wk inc covid hosp,quantile,0.975,272.0847112136538
38,2026-09-05,2,2026-09-19,wk inc covid hosp,quantile,0.975,3.580201072988291
39,2026-09-05,2,2026-09-19,wk inc covid hosp,quantile,0.975,129.78243671644304
40,2026-09-05,2,2026-09-19,wk inc covid hosp,quantile,0.975,61.243575899136545
41,2026-09-05,2,2026-09-19,wk inc covid hosp,quantile,0.975,53.68014843269409
42,2026-09-05,2,2026-09-19,wk inc covid hosp,quantile,0.975,176.2482204651537
44,2026-09-05,2,2026-09-19,wk inc covid hosp,quantile,0.975,15.595690440608202
45,2026-09-05,2,2026-09-19,wk inc covid hosp,quantile,0.975,154.22209893873764
46,2026-09-05,2,2026-09-19,wk inc covid hosp,quantile,0.975,12.731761722265801
47,2026-09-05,2,2026-09-19,wk inc covid hosp,quantile,0.975,189.60172017738626
48,2026-09-05,2,2026-09-19,wk inc covid hosp,quantile,0.975,935.6664881496866
49,2026-09-05,2,2026-09-19,wk inc covid hosp,quantile,0.975,37.719092484993595
50,2026-09-05,2,2026-09-19,wk inc covid hosp,quantile,0.975,6.120840257178038
51,2026-09-05,2,2026-09-19,wk inc covid hosp,quantile,0.975,116.3279774025235
53,2026-09-05,2,2026-09-19,wk inc covid hosp,quantile,0.975,126.82914733977339
54,2026-09-05,2,2026-09-19,wk inc covid hosp,quantile,0.975,17.953963252104796
55,2026-09-05,2,2026-09-19,wk inc covid hosp,quantile,0.975,86.78101015777709
56,2026-09-05,2,2026-09-19,wk inc covid hosp,quantile,0.975,7.433626197835419
72,2026-09-05,2,2026-09-19,wk inc covid hosp,quantile,0.975,227.70343041972987
US,2026-09-05,2,2026-09-19,wk inc covid hosp,quantile,0.975,6471.896872139209
01,2026-09-05,3,2026-09-26,wk inc covid hosp,quantile,0.975,185.67701165483538
02,2026-09-05,3,2026-09-26,wk inc covid hosp,quantile,0.975,11.789911434738075
04,2026-09-05,3,2026-09-26,wk inc covid hosp,quantile,0.975,213.27093975688916
05,2026-09-05,3,2026-09-26,wk inc covid hosp,quantile,0.975,42.09675948710349
06,2026-09-05,3,2026-09-26,wk inc covid hosp,quantile,0.975,1111.764654878723
08,2026-09-05,3,2026-09-26,wk inc covid hosp,quantile,0.975,77.98369939405202
09,2026-09-05,3,2026-09-26,wk inc covid hosp,quantile,0.975,63.29971228701769
10,2026-09-05,3,2026-09-26,wk inc covid hosp,quantile,0.975,17.21341370593266
11,2026-09-05,3,2026-09-26,wk inc covid hosp,quantile,0.975,18.699264006043755
12,2026-09-05,3,2026-09-26,wk inc covid hosp,quantile,0.975,796.9654452528235
13,2026-09-05,3,2026-09-26,wk inc covid hosp,quantile,0.975,358.57837088501714
15,2026-09-05,3,2026-09-26,wk inc covid hosp,quantile,0.975,67.59423156215713
16,2026-09-05,3,2026-09-26,wk inc covid hosp,quantile,0.975,54.57490971857167
17,2026-09-05,3,2026-09-26,wk inc covid hosp,quantile,0.975,146.27021769150713
18,2026-09-05,3,2026-09-26,wk inc covid hosp,quantile,0.975,64.40399078264367
19,2026-09-05,3,2026-09-26,wk inc covid hosp,quantile,0.975,37.02852519795319
20,2026-09-05,3,2026-09-26,wk inc covid hosp,quantile,0.975,43.181907216396525
21,2026-09-05,3,2026-09-26,wk inc covid hosp,quantile,0.975,64.49444850796878
22,2026-09-05,3,2026-09-26,wk inc covid hosp,quantile,0.975,187.74042888243102
23,2026-09-05,3,2026-09-26,wk inc covid hosp,quantile,0.975,8.483214547790716
24,2026-09-05,3,2026-09-26,wk inc covid hosp,quantile,0.975,47.8095918787499
25,2026-09-05,3,2026-09-26,wk inc covid hosp,quantile,0.975,105.45850659702398
26,2026-09-05,3,2026-09-26,wk inc covid hosp,quantile,0.975,120.99541678546652
27,2026-09-05,3,2026-09-26,wk inc covid hosp,quantile,0.975,76.93774790698888
28,2026-09-05,3,2026-09-26,wk inc covid hosp,quantile,0.975,79.21503972380586
29,2026-09-05,3,2026-09-26,wk inc covid hosp,quantile,0.975,113.95216741013918
30,2026-09-05,3,2026-09-26,wk inc covid hosp,quantile,0.975,18.18007356418496
31,2026-09-05,3,2026-09-26,wk inc covid hosp,quantile,0.975,32.63075710929628
32,2026-09-05,3,2026-09-26,wk inc covid hosp,quantile,0.975,54.53457690102281
33,2026-09-05,3,2026-09-26,wk inc covid hosp,quantile,0.975,18.569242819206387
34,2026-09-05,3,2026-09-26,wk inc covid hosp,quantile,0.975,282.8325700408526
35,2026-09-05,3,2026-09-26,wk inc covid hosp,quantile,0.975,51.090741181396304
36,2026-09-05,3,2026-09-26,wk inc covid hosp,quantile,0.975,543.9857909957103
37,2026-09-05,3,2026-09-26,wk inc covid hosp,quantile,0.975,306.08100069406163
38,2026-09-05,3,2026-09-26,wk inc covid hosp,quantile,0.975,3.9080381989367736
39,2026-09-05,3,2026-09-26,wk inc covid hosp,quantile,0.975,170.58859328256932
40,2026-09-05,3,2026-09-26,wk inc covid hosp,quantile,0.975,69.70455295454046
41,2026-09-05,3,2026-09-26,wk inc covid hosp,quantile,0.975,62.63518602445336
42,2026-09-05,3,2026-09-26,wk inc covid hosp,quantile,0.975,223.9293678575894
44,2026-09-05,3,2026-09-26,wk inc covid hosp,quantile,0.975,17.528906598120745
45,2026-09-05,3,2026-09-26,wk inc covid hosp,quantile,0.975,164.93583317672687
46,2026-09-05,3,2026-09-26,wk inc covid hosp,quantile,0.975,14.70067291681412
47,2026-09-05,3,2026-09-26,wk inc covid hosp,quantile,0.975,207.44908849134455
48,2026-09-05,3,2026-09-26,wk inc covid hosp,quantile,0.975,1055.068399708369
49,2026-09-05,3,2026-09-26,wk inc covid hosp,quantile,0.975,42.59839420038818
50,2026-09-05,3,2026-09-26,wk inc covid hosp,quantile,0.975,6.548983877550315
51,2026-09-05,3,2026-09-26,wk inc covid hosp,quantile,0.975,134.38611363756905
53,2026-09-05,3,2026-09-26,wk inc covid hosp,quantile,0.975,148.1473272553424
54,2026-09-05,3,2026-09-26,wk inc covid hosp,quantile,0.975,22.020667127478003
55,2026-09-05,3,2026-09-26,wk inc covid hosp,quantile,0.975,97.96894558702334
56,2026-09-05,3,2026-09-26,wk inc covid hosp,quantile,0.975,8.180078704516172
72,2026-09-05,3,2026-09-26,wk inc covid hosp,quantile,0.975,231.96867848062314
US,2026-09-05,3,2026-09-26,wk inc covid hosp,quantile,0.975,7392.525970694317
01,2026-09-05,0,2026-09-05,wk inc covid hosp,quantile,0.99,145.36382572863403
02,2026-09-05,0,2026-09-05,wk inc covid hosp,quantile,0.99,10.551362170120592
04,2026-09-05,0,2026-09-05,wk inc covid hosp,quantile,0.99,169.49060476131447
05,2026-09-05,0,2026-09-05,wk inc covid hosp,quantile,0.99,28.81220721925824
06,2026-09-05,0,2026-09-05,wk inc covid hosp,quantile,0.99,931.3538722696176
08,2026-09-05,0,2026-09-05,wk inc covid hosp,quantile,0.99,61.34655542402069
09,2026-09-05,0,2026-09-05,wk inc covid hosp,quantile,0.99,44.02492452264358
10,2026-09-05,0,2026-09-05,wk inc covid hosp,quantile,0.99,15.360409824182428
11,2026-09-05,0,2026-09-05,wk inc covid hosp,quantile,0.99,15.719084039979
12,2026-09-05,0,2026-09-05,wk inc covid hosp,quantile,0.99,720.7395637292702
13,2026-09-05,0,2026-09-05,wk inc covid hosp,quantile,0.99,266.91388686860665
15,2026-09-05,0,2026-09-05,wk inc covid hosp,quantile,0.99,56.5340795737448
16,2026-09-05,0,2026-09-05,wk inc covid hosp,quantile,0.99,39.34098964341247
17,2026-09-05,0,2026-09-05,wk inc covid hosp,quantile,0.99,104.57110604168072
18,2026-09-05,0,2026-09-05,wk inc covid hosp,quantile,0.99,47.01321352087535
19,2026-09-05,0,2026-09-05,wk inc covid hosp,quantile,0.99,23.79639374034216
20,2026-09-05,0,2026-09-05,wk inc covid hosp,quantile,0.99,28.621074420202067
21,2026-09-05,0,2026-09-05,wk inc covid hosp,quantile,0.99,48.995430440575646
22,2026-09-05,0,2026-09-05,wk inc covid hosp,quantile,0.99,143.975106254796
23,2026-09-05,0,2026-09-05,wk inc covid hosp,quantile,0.99,6.55573032621609
24,2026-09-05,0,2026-09-05,wk inc covid hosp,quantile,0.99,37.136871968695345
25,2026-09-05,0,2026-09-05,wk inc covid hosp,quantile,0.99,83.35879964072403
26,2026-09-05,0,2026-09-05,wk inc covid hosp,quantile,0.99,86.1423613165223
27,2026-09-05,0,2026-09-05,wk inc covid hosp,quantile,0.99,55.240280231858605
28,2026-09-05,0,2026-09-05,wk inc covid hosp,quantile,0.99,63.37896631377679
29,2026-09-05,0,2026-09-05,wk inc covid hosp,quantile,0.99,88.0004857793814
30,2026-09-05,0,2026-09-05,wk inc covid hosp,quantile,0.99,14.205192860421006
31,2026-09-05,0,2026-09-05,wk inc covid hosp,quantile,0.99,24.96766062009255
32,2026-09-05,0,2026-09-05,wk inc covid hosp,quantile,0.99,36.54939948989751
33,2026-09-05,0,2026-09-05,wk inc covid hosp,quantile,0.99,14.536778161444074
34,2026-09-05,0,2026-09-05,wk inc covid hosp,quantile,0.99,228.4601584995607
35,2026-09-05,0,2026-09-05,wk inc covid hosp,quantile,0.99,36.706473431239345
36,2026-09-05,0,2026-09-05,wk inc covid hosp,quantile,0.99,451.8749978094229
37,2026-09-05,0,2026-09-05,wk inc covid hosp,quantile,0.99,250.54749012194623
38,2026-09-05,0,2026-09-05,wk inc covid hosp,quantile,0.99,4.011501704999162
39,2026-09-05,0,2026-09-05,wk inc covid hosp,quantile,0.99,134.61973632854574
40,2026-09-05,0,2026-09-05,wk inc covid hosp,quantile,0.99,47.59324021675307
41,2026-09-05,0,2026-09-05,wk inc covid hosp,quantile,0.99,48.412182690081764
42,2026-09-05,0,2026-09-05,wk inc covid hosp,quantile,0.99,184.60816529950537
44,2026-09-05,0,2026-09-05,wk inc covid hosp,quantile,0.99,13.365648102713367
45,2026-09-05,0,2026-09-05,wk inc covid hosp,quantile,0.99,130.9131576961061
46,2026-09-05,0,2026-09-05,wk inc covid hosp,quantile,0.99,11.975103005114926
47,2026-09-05,0,2026-09-05,wk inc covid hosp,quantile,0.99,166.755399989148
48,2026-09-05,0,2026-09-05,wk inc covid hosp,quantile,0.99,893.9357672535454
49,2026-09-05,0,2026-09-05,wk inc covid hosp,quantile,0.99,28.77839156558624
50,2026-09-05,0,2026-09-05,wk inc covid hosp,quantile,0.99,6.0669763696410515
51,2026-09-05,0,2026-09-05,wk inc covid hosp,quantile,0.99,103.15583993854715
53,2026-09-05,0,2026-09-05,wk inc covid hosp,quantile,0.99,114.03564746760557
54,2026-09-05,0,2026-09-05,wk inc covid hosp,quantile,0.99,16.875314701347385
55,2026-09-05,0,2026-09-05,wk inc covid hosp,quantile,0.99,72.57416333369281
56,2026-09-05,0,2026-09-05,wk inc covid hosp,quantile,0.99,6.493746280520528
72,2026-09-05,0,2026-09-05,wk inc covid hosp,quantile,0.99,210.4148520744276
US,2026-09-05,0,2026-09-05,wk inc covid hosp,quantile,0.99,6391.8863239352295
01,2026-09-05,1,2026-09-12,wk inc covid hosp,quantile,0.99,162.91015382041797
02,2026-09-05,1,2026-09-12,wk inc covid hosp,quantile,0.99,11.283105106059194
04,2026-09-05,1,2026-09-12,wk inc covid hosp,quantile,0.99,185.2903426940804
05,2026-09-05,1,2026-09-12,wk inc covid hosp,quantile,0.99,33.751447896691815
06,2026-09-05,1,2026-09-12,wk inc covid hosp,quantile,0.99,1098.2186905282108
08,2026-09-05,1,2026-09-12,wk inc covid hosp,quantile,0.99,72.37212112501767
09,2026-09-05,1,2026-09-12,wk inc covid hosp,quantile,0.99,54.40601373125652
10,2026-09-05,1,2026-09-12,wk inc covid hosp,quantile,0.99,17.878300840790498
11,2026-09-05,1,2026-09-12,wk inc covid hosp,quantile,0.99,17.820587058572713
12,2026-09-05,1,2026-09-12,wk inc covid hosp,quantile,0.99,817.1898763808666
13,2026-09-05,1,2026-09-12,wk inc covid hosp,quantile,0.99,313.98551864023545
15,2026-09-05,1,2026-09-12,wk inc covid hosp,quantile,0.99,62.659241778921334
16,2026-09-05,1,2026-09-12,wk inc covid hosp,quantile,0.99,45.40445739218711
17,2026-09-05,1,2026-09-12,wk inc covid hosp,quantile,0.99,129.8014724962213
18,2026-09-05,1,2026-09-12,wk inc covid hosp,quantile,0.99,59.11385926339905
19,2026-09-05,1,2026-09-12,wk inc covid hosp,quantile,0.99,28.879177707018545
20,2026-09-05,1,2026-09-12,wk inc covid hosp,quantile,0.99,33.41156711182365
21,2026-09-05,1,2026-09-12,wk inc covid hosp,quantile,0.99,61.504093784206134
22,2026-09-05,1,2026-09-12,wk inc covid hosp,quantile,0.99,162.22163128047532
23,2026-09-05,1,2026-09-12,wk inc covid hosp,quantile,0.99,8.205620713022771
24,2026-09-05,1,2026-09-12,wk inc covid hosp,quantile,0.99,46.56142444559619
25,2026-09-05,1,2026-09-12,wk inc covid hosp,quantile,0.99,99.49011700588827
26,2026-09-05,1,2026-09-12,wk inc covid hosp,quantile,0.99,107.54137528865694
27,2026-09-05,1,2026-09-12,wk inc covid hosp,quantile,0.99,68.25747314189552
28,2026-09-05,1,2026-09-12,wk inc covid hosp,quantile,0.99,70.10925262257884
29,2026-09-05,1,2026-09-12,wk inc covid hosp,quantile,0.99,106.72393886158912
30,2026-09-05,1,2026-09-12,wk inc covid hosp,quantile,0.99,15.20078823786504
31,2026-09-05,1,2026-09-12,wk inc covid hosp,quantile,0.99,31.201622887267924
32,2026-09-05,1,2026-09-12,wk inc covid hosp,quantile,0.99,43.47693764687357
33,2026-09-05,1,2026-09-12,wk inc covid hosp,quantile,0.99,17.300903218755504
34,2026-09-05,1,2026-09-12,wk inc covid hosp,quantile,0.99,277.55347781248315
35,2026-09-05,1,2026-09-12,wk inc covid hosp,quantile,0.99,43.607359142362725
36,2026-09-05,1,2026-09-12,wk inc covid hosp,quantile,0.99,519.1656944320325
37,2026-09-05,1,2026-09-12,wk inc covid hosp,quantile,0.99,285.20335532235094
38,2026-09-05,1,2026-09-12,wk inc covid hosp,quantile,0.99,4.279535123152518
39,2026-09-05,1,2026-09-12,wk inc covid hosp,quantile,0.99,161.36988755330916
40,2026-09-05,1,2026-09-12,wk inc covid hosp,quantile,0.99,59.5003457826747
41,2026-09-05,1,2026-09-12,wk inc covid hosp,quantile,0.99,55.37160795854201
42,2026-09-05,1,2026-09-12,wk inc covid hosp,quantile,0.99,219.45018893449281
44,2026-09-05,1,2026-09-12,wk inc covid hosp,quantile,0.99,16.07847220139946
45,2026-09-05,1,2026-09-12,wk inc covid hosp,quantile,0.99,147.80857702588628
46,2026-09-05,1,2026-09-12,wk inc covid hosp,quantile,0.99,14.360613347689835
47,2026-09-05,1,2026-09-12,wk inc covid hosp,quantile,0.99,186.1530384497422
48,2026-09-05,1,2026-09-12,wk inc covid hosp,quantile,0.99,1020.3128404297661
49,2026-09-05,1,2026-09-12,wk inc covid hosp,quantile,0.99,34.22705773334513
50,2026-09-05,1,2026-09-12,wk inc covid hosp,quantile,0.99,7.121085297524458
51,2026-09-05,1,2026-09-12,wk inc covid hosp,quantile,0.99,126.05010304529142
53,2026-09-05,1,2026-09-12,wk inc covid hosp,quantile,0.99,135.25879360368697
54,2026-09-05,1,2026-09-12,wk inc covid hosp,quantile,0.99,21.06311736211364
55,2026-09-05,1,2026-09-12,wk inc covid hosp,quantile,0.99,87.71173783396641
56,2026-09-05,1,2026-09-12,wk inc covid hosp,quantile,0.99,7.365164038631022
72,2026-09-05,1,2026-09-12,wk inc covid hosp,quantile,0.99,221.37176570365074
US,2026-09-05,1,2026-09-12,wk inc covid hosp,quantile,0.99,7389.369193408964
01,2026-09-05,2,2026-09-19,wk inc covid hosp,quantile,0.99,190.0704727123371
02,2026-09-05,2,2026-09-19,wk inc covid hosp,quantile,0.99,13.102549269875036
04,2026-09-05,2,2026-09-19,wk inc covid hosp,quantile,0.99,205.55741732252912
05,2026-09-05,2,2026-09-19,wk inc covid hosp,quantile,0.99,43.08648834202268
06,2026-09-05,2,2026-09-19,wk inc covid hosp,quantile,0.99,1282.3892815291397
08,2026-09-05,2,2026-09-19,wk inc covid hosp,quantile,0.99,87.02887205591813
09,2026-09-05,2,2026-09-19,wk inc covid hosp,quantile,0.99,63.58569907807416
10,2026-09-05,2,2026-09-19,wk inc covid hosp,quantile,0.99,21.125689915603086
11,2026-09-05,2,2026-09-19,wk inc covid hosp,quantile,0.99,21.71921917070021
12,2026-09-05,2,2026-09-19,wk inc covid hosp,quantile,0.99,900.8474238824385
13,2026-09-05,2,2026-09-19,wk inc covid hosp,quantile,0.99,358.57809801081925
15,2026-09-05,2,2026-09-19,wk inc covid hosp,quantile,0.99,67.8172815255847
16,2026-09-05,2,2026-09-19,wk inc covid hosp,quantile,0.99,52.96698229168437
17,2026-09-05,2,2026-09-19,wk inc covid hosp,quantile,0.99,161.49834066171127
18,2026-09-05,2,2026-09-19,wk inc covid hosp,quantile,0.99,74.94322252447732
19,2026-09-05,2,2026-09-19,wk inc covid hosp,quantile,0.99,35.06240270166868
20,2026-09-05,2,2026-09-19,wk inc covid hosp,quantile,0.99,40.127237022801985
21,2026-09-05,2,2026-09-19,wk inc covid hosp,quantile,0.99,73.09476538150724
22,2026-09-05,2,2026-09-19,wk inc covid hosp,quantile,0.99,175.49469276004035
23,2026-09-05,2,2026-09-19,wk inc covid hosp,quantile,0.99,10.24936586314616
24,2026-09-05,2,2026-09-19,wk inc covid hosp,quantile,0.99,59.52419286775054
25,2026-09-05,2,2026-09-19,wk inc covid hosp,quantile,0.99,122.56326118658856
26,2026-09-05,2,2026-09-19,wk inc covid hosp,quantile,0.99,132.79122736179576
27,2026-09-05,2,2026-09-19,wk inc covid hosp,quantile,0.99,80.91586993693366
28,2026-09-05,2,2026-09-19,wk inc covid hosp,quantile,0.99,76.59241150527855
29,2026-09-05,2,2026-09-19,wk inc covid hosp,quantile,0.99,133.09392560426383
30,2026-09-05,2,2026-09-19,wk inc covid hosp,quantile,0.99,18.16171091795589
31,2026-09-05,2,2026-09-19,wk inc covid hosp,quantile,0.99,37.70743488683163
32,2026-09-05,2,2026-09-19,wk inc covid hosp,quantile,0.99,49.981919287842956
33,2026-09-05,2,2026-09-19,wk inc covid hosp,quantile,0.99,21.11463524583097
34,2026-09-05,2,2026-09-19,wk inc covid hosp,quantile,0.99,312.14787154775667
35,2026-09-05,2,2026-09-19,wk inc covid hosp,quantile,0.99,50.23777163144779
36,2026-09-05,2,2026-09-19,wk inc covid hosp,quantile,0.99,591.146295219353
37,2026-09-05,2,2026-09-19,wk inc covid hosp,quantile,0.99,311.92030633768934
38,2026-09-05,2,2026-09-19,wk inc covid hosp,quantile,0.99,5.385307715363888
39,2026-09-05,2,2026-09-19,wk inc covid hosp,quantile,0.99,190.73502908616368
40,2026-09-05,2,2026-09-19,wk inc covid hosp,quantile,0.99,68.36780406294658
41,2026-09-05,2,2026-09-19,wk inc covid hosp,quantile,0.99,61.60581097890501
42,2026-09-05,2,2026-09-19,wk inc covid hosp,quantile,0.99,255.14778519801126
44,2026-09-05,2,2026-09-19,wk inc covid hosp,quantile,0.99,18.79967570163863
45,2026-09-05,2,2026-09-19,wk inc covid hosp,quantile,0.99,165.8152978912636
46,2026-09-05,2,2026-09-19,wk inc covid hosp,quantile,0.99,16.100716805350267
47,2026-09-05,2,2026-09-19,wk inc covid hosp,quantile,0.99,214.601809896648
48,2026-09-05,2,2026-09-19,wk inc covid hosp,quantile,0.99,1119.782929166733
49,2026-09-05,2,2026-09-19,wk inc covid hosp,quantile,0.99,40.6692141858531
50,2026-09-05,2,2026-09-19,wk inc covid hosp,quantile,0.99,8.809119106391297
51,2026-09-05,2,2026-09-19,wk inc covid hosp,quantile,0.99,148.2537205756188
53,2026-09-05,2,2026-09-19,wk inc covid hosp,quantile,0.99,150.91514937336126
54,2026-09-05,2,2026-09-19,wk inc covid hosp,quantile,0.99,25.308691821649816
55,2026-09-05,2,2026-09-19,wk inc covid hosp,quantile,0.99,101.21624778670795
56,2026-09-05,2,2026-09-19,wk inc covid hosp,quantile,0.99,8.72393378340422
72,2026-09-05,2,2026-09-19,wk inc covid hosp,quantile,0.99,233.90330980129715
US,2026-09-05,2,2026-09-19,wk inc covid hosp,quantile,0.99,8315.494343941797
01,2026-09-05,3,2026-09-26,wk inc covid hosp,quantile,0.99,207.12899895034934
02,2026-09-05,3,2026-09-26,wk inc covid hosp,quantile,0.99,14.36471499022444
04,2026-09-05,3,2026-09-26,wk inc covid hosp,quantile,0.99,234.55291340185434
05,2026-09-05,3,2026-09-26,wk inc covid hosp,quantile,0.99,48.51119674251937
06,2026-09-05,3,2026-09-26,wk inc covid hosp,quantile,0.99,1420.49797537418
08,2026-09-05,3,2026-09-26,wk inc covid hosp,quantile,0.99,91.96274754925629
09,2026-09-05,3,2026-09-26,wk inc covid hosp,quantile,0.99,74.41713230144997
10,2026-09-05,3,2026-09-26,wk inc covid hosp,quantile,0.99,24.180942813887064
11,2026-09-05,3,2026-09-26,wk inc covid hosp,quantile,0.99,24.847927635763604
12,2026-09-05,3,2026-09-26,wk inc covid hosp,quantile,0.99,997.8800284639586
13,2026-09-05,3,2026-09-26,wk inc covid hosp,quantile,0.99,396.1157671629761
15,2026-09-05,3,2026-09-26,wk inc covid hosp,quantile,0.99,76.0785750659802
16,2026-09-05,3,2026-09-26,wk inc covid hosp,quantile,0.99,55.83115549894859
17,2026-09-05,3,2026-09-26,wk inc covid hosp,quantile,0.99,184.37204745026384
18,2026-09-05,3,2026-09-26,wk inc covid hosp,quantile,0.99,91.02438527830823
19,2026-09-05,3,2026-09-26,wk inc covid hosp,quantile,0.99,40.96648510757399
20,2026-09-05,3,2026-09-26,wk inc covid hosp,quantile,0.99,48.75141216566235
21,2026-09-05,3,2026-09-26,wk inc covid hosp,quantile,0.99,84.74318066016401
22,2026-09-05,3,2026-09-26,wk inc covid hosp,quantile,0.99,202.31277952241433
23,2026-09-05,3,2026-09-26,wk inc covid hosp,quantile,0.99,12.59189261097057
24,2026-09-05,3,2026-09-26,wk inc covid hosp,quantile,0.99,67.96827499945691
25,2026-09-05,3,2026-09-26,wk inc covid hosp,quantile,0.99,138.02198508659816
26,2026-09-05,3,2026-09-26,wk inc covid hosp,quantile,0.99,156.38003735916826
27,2026-09-05,3,2026-09-26,wk inc covid hosp,quantile,0.99,94.72912787525011
28,2026-09-05,3,2026-09-26,wk inc covid hosp,quantile,0.99,89.0950076683859
29,2026-09-05,3,2026-09-26,wk inc covid hosp,quantile,0.99,148.9412636639105
30,2026-09-05,3,2026-09-26,wk inc covid hosp,quantile,0.99,22.863479395453062
31,2026-09-05,3,2026-09-26,wk inc covid hosp,quantile,0.99,41.94624749319002
32,2026-09-05,3,2026-09-26,wk inc covid hosp,quantile,0.99,56.94554658156734
33,2026-09-05,3,2026-09-26,wk inc covid hosp,quantile,0.99,23.652377390943272
34,2026-09-05,3,2026-09-26,wk inc covid hosp,quantile,0.99,335.14665246526425
35,2026-09-05,3,2026-09-26,wk inc covid hosp,quantile,0.99,56.725865297838375
36,2026-09-05,3,2026-09-26,wk inc covid hosp,quantile,0.99,667.347757862294
37,2026-09-05,3,2026-09-26,wk inc covid hosp,quantile,0.99,351.98810972284093
38,2026-09-05,3,2026-09-26,wk inc covid hosp,quantile,0.99,6.7489730876160765
39,2026-09-05,3,2026-09-26,wk inc covid hosp,quantile,0.99,221.8441579277735
40,2026-09-05,3,2026-09-26,wk inc covid hosp,quantile,0.99,81.87873351112808
41,2026-09-05,3,2026-09-26,wk inc covid hosp,quantile,0.99,70.97760839408177
42,2026-09-05,3,2026-09-26,wk inc covid hosp,quantile,0.99,295.0138735025373
44,2026-09-05,3,2026-09-26,wk inc covid hosp,quantile,0.99,21.801373925453113
45,2026-09-05,3,2026-09-26,wk inc covid hosp,quantile,0.99,179.34282446190554
46,2026-09-05,3,2026-09-26,wk inc covid hosp,quantile,0.99,17.97721449995934
47,2026-09-05,3,2026-09-26,wk inc covid hosp,quantile,0.99,232.29677379021277
48,2026-09-05,3,2026-09-26,wk inc covid hosp,quantile,0.99,1250.1117096844064
49,2026-09-05,3,2026-09-26,wk inc covid hosp,quantile,0.99,48.46521581690021
50,2026-09-05,3,2026-09-26,wk inc covid hosp,quantile,0.99,9.223968574316423
51,2026-09-05,3,2026-09-26,wk inc covid hosp,quantile,0.99,160.06252047767916
53,2026-09-05,3,2026-09-26,wk inc covid hosp,quantile,0.99,163.7138039961252
54,2026-09-05,3,2026-09-26,wk inc covid hosp,quantile,0.99,29.02188921293383
55,2026-09-05,3,2026-09-26,wk inc covid hosp,quantile,0.99,118.09096549845592
56,2026-09-05,3,2026-09-26,wk inc covid hosp,quantile,0.99,9.68136252148567
72,2026-09-05,3,2026-09-26,wk inc covid hosp,quantile,0.99,235.25551236753893
US,2026-09-05,3,2026-09-26,wk inc covid hosp,quantile,0.99,9418.747079423852
